rank=3 physical_gpu=7 config=/data/pengyh/workspace/FreeAskAgent_R2R/outputs/para50_20260925/freeask_config.yaml
Gym has been unmaintained since 2022 and does not support NumPy 2.0 amongst other critical functionality.
Please upgrade to Gymnasium, the maintained drop-in replacement of Gym, or contact the authors of your software and request that they upgrade.
See the migration guide at https://gymnasium.farama.org/introduction/migration_guide/ for additional information.
PluginManager::Manager: duplicate static plugin StbImageImporter, ignoring
PluginManager::Manager: duplicate static plugin GltfImporter, ignoring
PluginManager::Manager: duplicate static plugin BasisImporter, ignoring
PluginManager::Manager: duplicate static plugin AssimpImporter, ignoring
PluginManager::Manager: duplicate static plugin AnySceneImporter, ignoring
PluginManager::Manager: duplicate static plugin AnyImageImporter, ignoring
config: /data/pengyh/workspace/FreeAskAgent_R2R/outputs/para50_20260925/freeask_config.yaml (defaults: actor, base_url, camera_height_m, camera_pitch_deg, depth_hfov, depth_max_m, depth_min_m, depth_normalize, forward_step_m, image_height, image_width, max_steps, model_path, preview_scale, preview_yaws, record_video, turn_angle_deg, waypoint_radius; env: CAPTIONER_COMPLETION_SCREEN, CAPTIONER_DECISION_BASE_URL, CAPTIONER_DECISION_MODEL, CAPTIONER_INFERENCE_ONLY_COMPLETION, CAPTIONER_OPENING_LOOK_AROUND, CAPTIONER_PREVIEW_BACKOFF_MAX_STEPS, CAPTIONER_PREVIEW_CANDIDATES, CAPTIONER_PREVIEW_GATE_BACKOFF_MAX_M, CAPTIONER_PREVIEW_GATE_BACKOFF_START_M, CAPTIONER_PREVIEW_GATE_FREE_RINGS, CAPTIONER_PREVIEW_GATE_MAX_SKIPS, CAPTIONER_PREVIEW_GATE_MIN_MOVE_M, CAPTIONER_PREVIEW_IDLE_LIMIT, CAPTIONER_PREVIEW_IDLE_RESET_M, CAPTIONER_PREVIEW_MIN_MOVE_M, CAPTIONER_PREVIEW_MIN_TURN_DEG, CAPTIONER_PREVIEW_MOVE_BACKOFF_MAX_M, CAPTIONER_STEP_DEADLINE_S, JOYAI_API_BASE, JOYAI_MODEL_NAME, VLLM_BASE_URL, VLN_ABLATE_SPATIAL, VLN_ABLATE_TEMPORAL, VLN_COMPACT_SUBGOALS, VLN_IMAGE_MAX_PIXELS, VLN_NAV_PARAMS, VLN_ROBOT_PARAMS, VLN_SOM, VLN_SPATIAL_MEMORY_PARAMS, VLN_STRUCTURED_VLM_MAX_TOKENS)
camera: 640x480 hfov=90 K=from-hfov distortion=none mount xyz=(0.0, 1.25, 0.0) rpy_deg=(0.0, -15.0, 0.0)
2026-09-25 23:31:35,692 Initializing dataset R2RVLN-v1
2026-09-25 23:31:35,698 initializing sim Sim-v0
PluginManager::Manager: duplicate static plugin StbImageImporter, ignoring
PluginManager::Manager: duplicate static plugin GltfImporter, ignoring
PluginManager::Manager: duplicate static plugin BasisImporter, ignoring
PluginManager::Manager: duplicate static plugin AssimpImporter, ignoring
PluginManager::Manager: duplicate static plugin AnySceneImporter, ignoring
PluginManager::Manager: duplicate static plugin AnyImageImporter, ignoring
2026-09-25 23:31:46,942 Initializing task VLN-v0
nDTW/SDTW on: 50 reference paths, fastdtw
PluginManager::Manager: duplicate static plugin StbImageImporter, ignoring
PluginManager::Manager: duplicate static plugin GltfImporter, ignoring
PluginManager::Manager: duplicate static plugin BasisImporter, ignoring
PluginManager::Manager: duplicate static plugin AssimpImporter, ignoring
PluginManager::Manager: duplicate static plugin AnySceneImporter, ignoring
PluginManager::Manager: duplicate static plugin AnyImageImporter, ignoring
episode=115 instruction='turn around and exit the closet. walk into the bedroom through the door on the right. turn left and go into the bathroom. ' start_position=[29.01490020751953, 0.12711000442504883, -2.6037700176239014] goal_position=[28.729299545288086, 0.12711000442504883, 0.9177060127258301] reference_geodesic=5.625521659851074
episode=115 prepared_subgoals=3
  [1] Turn around until the closet is centered ahead, then exit the closet
      proof: The camera has passed the closet threshold and the hallway beyond is central in the view.
  [2] Walk into the bedroom through the door on the right
      proof: The camera has crossed the threshold into the bedroom through the door on the right and its interior is central in the view; the camera has not yet turned left.
  [3] Turn left until the bathroom is centered ahead, then go into the bathroom
      proof: The camera has crossed the bathroom threshold and the bathroom interior is central in the view
ep=115 s=0 3214ms [sel=0 cap=2691 rest=483] sg=1->1 mode=NONE win=1 obs=1 | cap=wip act=TURN request=-45deg execute=-15deg x1 a=2 | preview=view-/6 yaw=+0 render=40ms dtg=5.63 region=0_15
ep=115 s=1 2518ms [sel=0 cap=2396 rest=122] sg=1->1 mode=NONE win=2 obs=2 | cap=wip act=TURN request=-45deg execute=-15deg x1 a=2 dtg=5.63 region=0_15
ep=115 s=2 2308ms [sel=0 cap=2206 rest=102] sg=1->1 mode=NONE win=3 obs=3 | cap=wip act=TURN request=-45deg execute=-15deg x1 a=2 dtg=5.63 region=0_15
ep=115 s=3 2955ms [sel=0 cap=2848 rest=107] sg=1->1 mode=NONE win=4 obs=4 | cap=wip act=TURN request=-45deg execute=-15deg x1 a=2 dtg=5.63 region=0_15
ep=115 s=4 2866ms [sel=0 cap=2759 rest=107] sg=1->1 mode=NONE win=5 obs=5 | cap=wip act=TURN request=-45deg execute=-15deg x1 a=2 dtg=5.63 region=0_15
ep=115 s=5 3432ms [sel=1087 cap=2234 rest=111] sg=1->2 mode=NONE win=6 obs=6 | cap=DONE act=(320,360) d=1.71 a=2 | sp=frontier:active d=1.7 age=0 som=4/5 dtg=5.63 region=0_15
ep=115 s=6 2269ms [sel=5 cap=2154 rest=111] sg=2->2 mode=NONE win=7 obs=7 | cap=wip act=(320,360) d=1.71 a=2 | sp=frontier:active d=1.7 age=1 dtg=5.63 region=0_15
ep=115 s=7 3175ms [sel=3 cap=3054 rest=117] sg=2->2 mode=NONE win=8 obs=8 | cap=wip act=(320,360) d=1.71 a=2 | sp=frontier:active d=1.7 age=2 dtg=5.63 region=0_15
ep=115 s=8 2724ms [sel=4 cap=2608 rest=112] sg=2->2 mode=NONE win=8 obs=9 | cap=wip act=(320,360) d=1.71 a=1 | sp=frontier:active d=1.7 age=3 dtg=5.40 region=0_15
ep=115 s=9 3312ms [sel=7 cap=3184 rest=121] sg=2->2 mode=NONE win=8 obs=10 | cap=wip act=(320,360) d=1.52 a=1 | sp=frontier:active d=1.5 age=4 dtg=5.20 region=0_15
ep=115 s=10 2790ms [sel=8 cap=2636 rest=145] sg=2->2 mode=NONE win=8 obs=11 | cap=wip act=(320,360) d=1.35 a=1 | sp=frontier:active d=1.4 age=5 dtg=5.04 region=0_15
ep=115 s=11 4183ms [sel=8 cap=4046 rest=129] sg=2->2 mode=NONE win=8 obs=12 | cap=wip act=(320,360) d=1.21 a=3 | sp=frontier:active d=1.2 age=6 dtg=5.04 region=0_15
ep=115 s=12 4295ms [sel=6 cap=4162 rest=127] sg=2->2 mode=NONE win=8 obs=13 | cap=wip act=(320,360) d=1.21 a=3 | sp=frontier:active d=1.2 age=7 dtg=5.04 region=0_15
ep=115 s=13 4453ms [sel=8 cap=4322 rest=123] sg=2->2 mode=NONE win=8 obs=14 | cap=wip act=(320,360) d=1.21 a=1 | sp=frontier:active d=1.2 age=8 dtg=4.81 region=0_15
ep=115 s=14 2912ms [sel=8 cap=2772 rest=131] sg=2->2 mode=NONE win=8 obs=15 | cap=wip act=(320,360) d=1.00 a=3 | sp=frontier:active d=1.0 age=9 dtg=4.81 region=0_15
ep=115 s=15 6755ms [sel=8 cap=6616 rest=131] sg=2->2 mode=NONE win=8 obs=16 | cap=wip act=(320,360) d=1.00 a=1 | sp=frontier:active d=1.0 age=10 dtg=4.57 region=0_15
ep=115 s=16 3499ms [sel=8 cap=3352 rest=139] sg=2->2 mode=NONE win=8 obs=17 | cap=wip act=(320,360) d=0.78 a=3 | sp=frontier:active d=0.8 age=11 dtg=4.57 region=0_15
ep=115 s=17 4287ms [sel=8 cap=4121 rest=158] sg=2->2 mode=NONE win=8 obs=18 | cap=wip act=(320,360) d=0.78 a=1 | sp=frontier:active d=0.8 age=12 dtg=4.32 region=0_15
ep=115 s=18 4304ms [sel=8 cap=4122 rest=173] sg=2->2 mode=NONE win=8 obs=19 | cap=wip act=(320,360) d=0.54 a=1 | sp=frontier:active d=0.5 age=13 dtg=4.07 region=0_15
ep=115 s=19 6104ms [sel=1886 cap=4083 rest=134] sg=2->2 mode=NONE win=8 obs=20 | cap=wip act=(320,360) d=2.99 a=1 | sp=som:active d=3.0 age=0 som=3/7 dtg=3.82 region=0_15
ep=115 s=20 3973ms [sel=10 cap=3832 rest=130] sg=2->2 mode=NONE win=8 obs=21 | cap=wip act=(320,360) d=2.75 a=3 | sp=som:active d=2.8 age=1 dtg=3.82 region=0_15
ep=115 s=21 6010ms [sel=10 cap=5873 rest=128] sg=2->2 mode=NONE win=8 obs=22 | cap=wip act=(320,360) d=2.75 a=1 | sp=som:active d=2.8 age=2 dtg=3.59 region=0_13
ep=115 s=22 3913ms [sel=7 cap=3774 rest=131] sg=2->2 mode=NONE win=8 obs=23 | cap=wip act=(320,360) d=2.50 a=1 | sp=som:active d=2.5 age=3 dtg=3.37 region=0_13
ep=115 s=23 6283ms [sel=4 cap=6143 rest=136] sg=2->2 mode=NONE win=8 obs=24 | cap=wip act=(320,360) d=2.25 a=1 | sp=som:active d=2.3 age=4 dtg=3.18 region=0_13
ep=115 s=24 3345ms [sel=4 cap=3210 rest=132] sg=2->2 mode=NONE win=8 obs=25 | cap=wip act=(320,360) d=2.00 a=1 | sp=som:active d=2.0 age=5 dtg=3.04 region=0_13
ep=115 s=25 3639ms [sel=3 cap=3507 rest=129] sg=2->2 mode=NONE win=8 obs=26 | cap=wip act=(320,360) d=1.75 a=3 | sp=som:active d=1.8 age=6 dtg=3.04 region=0_13
ep=115 s=26 5216ms [sel=0 cap=5086 rest=130] sg=2->3 mode=NONE win=8 obs=27 | cap=DONE act=TURN request=-45deg execute=-15deg x1 a=2 | sp=som:active d=1.8 age=7 dtg=3.04 region=0_13
ep=115 s=27 5598ms [sel=0 cap=5471 rest=127] sg=3->3 mode=NONE win=8 obs=28 | cap=wip act=TURN request=-45deg execute=-15deg x1 a=2 dtg=3.04 region=0_13
ep=115 s=28 3629ms [sel=0 cap=3503 rest=126] sg=3->3 mode=NONE win=8 obs=29 | cap=wip act=TURN request=-45deg execute=-15deg x1 a=2 dtg=3.04 region=0_13
ep=115 s=29 4639ms [sel=0 cap=4512 rest=127] sg=3->3 mode=NONE win=8 obs=30 | cap=wip act=TURN request=-45deg execute=-15deg x1 a=2 dtg=3.04 region=0_13
ep=115 s=30 3388ms [sel=0 cap=3267 rest=121] sg=3->3 mode=NONE win=8 obs=31 | cap=wip act=TURN request=-45deg execute=-15deg x1 a=2 dtg=3.04 region=0_13
ep=115 s=31 7014ms [sel=1838 cap=5066 rest=110] sg=3->3 mode=NONE win=8 obs=32 | cap=wip act=(320,360) d=2.33 a=3 | sp=som:active d=2.3 age=0 som=2/7 dtg=3.04 region=0_13
ep=115 s=32 5273ms [sel=3 cap=5144 rest=125] sg=3->3 mode=NONE win=8 obs=33 | cap=wip act=(320,360) d=2.33 a=1 | sp=som:active d=2.3 age=1 dtg=2.82 region=0_13
ep=115 s=33 6946ms [sel=26 cap=6357 rest=494] sg=3->3 mode=NONE win=8 obs=34 | cap=wip act=(160,180) d=1.73 a=1 | preview=view2/6 yaw=-45 render=69ms | sp=preview:active d=1.7 age=0 dtg=2.62 region=0_13
ep=115 s=34 3533ms [sel=12 cap=3401 rest=120] sg=3->3 mode=NONE win=8 obs=35 | cap=wip act=(320,360) d=1.68 a=2 | sp=preview:active d=1.7 age=1 dtg=2.62 region=0_13
ep=115 s=35 5659ms [sel=11 cap=5540 rest=109] sg=3->3 mode=NONE win=8 obs=36 | cap=wip act=(320,360) d=1.68 a=1 | sp=preview:active d=1.7 age=2 dtg=2.40 region=0_13
ep=115 s=36 5341ms [sel=11 cap=5212 rest=118] sg=3->3 mode=NONE win=8 obs=37 | cap=wip act=(320,360) d=1.60 a=1 | sp=preview:active d=1.6 age=3 dtg=2.24 region=0_13
ep=115 s=37 7124ms [sel=13 cap=6593 rest=473] sg=3->3 mode=NONE win=8 obs=38 | cap=wip act=(320,360) d=1.55 a=2 | preview=view-/6 yaw=+0 render=45ms | sp=preview:active d=1.6 age=4 dtg=2.24 region=0_13
ep=115 s=38 4522ms [sel=10 cap=4401 rest=112] sg=3->3 mode=NONE win=8 obs=39 | cap=wip act=(320,360) d=1.55 a=2 | sp=preview:active d=1.6 age=5 dtg=2.24 region=0_13
ep=115 s=39 7942ms [sel=6 cap=7822 rest=113] sg=3->3 mode=NONE win=8 obs=40 | cap=wip act=(320,360) d=1.55 a=1 | sp=preview:active d=1.6 age=6 dtg=2.06 region=0_13
ep=115 s=40 11783ms [sel=17 cap=11271 rest=456] sg=3->3 mode=NONE win=8 obs=41 | cap=wip act=(320,360) d=1.42 a=2 | preview=view-/6 yaw=+0 render=39ms | sp=preview:active d=1.4 age=7 dtg=2.06 region=0_13
ep=115 s=41 5160ms [sel=12 cap=5042 rest=106] sg=3->3 mode=NONE win=8 obs=42 | cap=wip act=(320,360) d=1.42 a=2 | sp=preview:active d=1.4 age=8 dtg=2.06 region=0_13
ep=115 s=42 6687ms [sel=9 cap=6574 rest=103] sg=3->3 mode=NONE win=8 obs=43 | cap=wip act=(320,360) d=1.42 a=2 | sp=preview:active d=1.4 age=9 dtg=2.06 region=0_13
ep=115 s=43 6982ms [sel=10 cap=6870 rest=102] sg=3->3 mode=NONE win=8 obs=44 | cap=wip act=(320,360) d=1.42 a=1 | sp=preview:active d=1.4 age=10 dtg=1.81 region=0_13
ep=115 s=44 4488ms [sel=10 cap=3993 rest=447] sg=3->3 mode=NONE win=8 obs=45 | cap=wip act=(320,360) d=1.18 a=1 | preview=view-/6 yaw=+0 render=38ms | sp=preview:active d=1.2 age=11 dtg=1.56 region=0_13
ep=115 s=45 5296ms [sel=10 cap=5187 rest=99] sg=3->3 mode=NONE win=8 obs=46 | cap=wip act=(320,360) d=0.95 a=1 | sp=preview:active d=1.0 age=12 dtg=1.31 region=0_13
ep=115 s=46 4282ms [sel=10 cap=4155 rest=117] sg=3->3 mode=NONE win=8 obs=47 | cap=wip act=(320,360) d=0.73 a=1 | sp=preview:active d=0.7 age=13 dtg=1.08 region=0_13
ep=115 s=47 8592ms [sel=1381 cap=6709 rest=465] sg=3->None mode=NONE win=8 obs=48 | cap=DONE act=STOP | preview=view-/6 yaw=+0 render=37ms | sp=preview:active d=0.5 age=14 dtg=1.08 region=0_13
rank=3 [1/12] id=115 steps=48 success=1.000 spl=1.000 dtg=1.08 osr=1 path_length=5.25 ndtw=0.942 sdtw=0.942
PluginManager::Manager: duplicate static plugin StbImageImporter, ignoring
PluginManager::Manager: duplicate static plugin GltfImporter, ignoring
PluginManager::Manager: duplicate static plugin BasisImporter, ignoring
PluginManager::Manager: duplicate static plugin AssimpImporter, ignoring
PluginManager::Manager: duplicate static plugin AnySceneImporter, ignoring
PluginManager::Manager: duplicate static plugin AnyImageImporter, ignoring
episode=196 instruction='Walk down the stairs and go to the room on the right and wait in the doorway of the bathroom. ' start_position=[0.12950299680233002, -0.6060321927070618, 9.819129943847656] goal_position=[1.2472000122070312, -2.381938934326172, 4.632919788360596] reference_geodesic=8.350931167602539
episode=196 prepared_subgoals=5
  [1] Walk down the stairs
      proof: The stairs are behind the camera and the lower floor hallway fills the view.
  [2] Walk down the hallway to the room on the right
      proof: The room on the right is directly ahead and within a step.
  [3] Enter the room
      proof: The camera has crossed the threshold and the room interior is central in the view.
  [4] Turn right at the doorway, then enter the bathroom
      proof: The camera has crossed the threshold and the bathroom interior is central in the view.
  [5] Wait in the doorway of the bathroom
      proof: The camera is stopped beside the bathroom doorway, with the doorway centred in the view
ep=196 s=0 16039ms [sel=5 cap=15552 rest=444] sg=1->1 mode=NONE win=1 obs=1 | cap=wip act=PREVIEW a=2 | preview=view2/6 yaw=+0 render=37ms dtg=8.35 region=0_14
ep=196 s=1 10642ms [sel=4534 cap=5977 rest=131] sg=1->1 mode=NONE win=2 obs=2 | cap=wip act=(320,360) d=2.25 a=3 | sp=frontier:active d=2.3 age=0 som=1/3 dtg=8.35 region=0_14
ep=196 s=2 5289ms [sel=5 cap=5154 rest=130] sg=1->1 mode=NONE win=3 obs=3 | cap=wip act=TURN request=+45deg execute=+15deg x1 a=3 | sp=frontier:active d=2.3 age=1 dtg=8.35 region=0_14
ep=196 s=3 8617ms [sel=5 cap=8488 rest=124] sg=1->1 mode=NONE win=4 obs=4 | cap=wip act=TURN request=+45deg execute=+15deg x1 a=3 | sp=frontier:active d=2.3 age=2 dtg=8.35 region=0_14
ep=196 s=4 10979ms [sel=5 cap=10849 rest=125] sg=1->1 mode=NONE win=5 obs=5 | cap=wip act=TURN request=+45deg execute=+15deg x1 a=3 | sp=frontier:active d=2.3 age=3 dtg=8.35 region=0_14
ep=196 s=5 10155ms [sel=5 cap=10027 rest=123] sg=1->1 mode=NONE win=6 obs=6 | cap=wip act=TURN request=+45deg execute=+15deg x1 a=3 | sp=frontier:active d=2.3 age=4 dtg=8.35 region=0_14
ep=196 s=6 13648ms [sel=5 cap=13524 rest=119] sg=1->1 mode=NONE win=7 obs=7 | cap=wip act=TURN request=+45deg execute=+15deg x1 a=3 | sp=frontier:active d=2.3 age=5 dtg=8.35 region=0_14
ep=196 s=7 13117ms [sel=5 cap=12988 rest=124] sg=1->1 mode=NONE win=8 obs=8 | cap=wip act=TURN request=+45deg execute=+15deg x1 a=3 | sp=frontier:active d=2.3 age=6 dtg=8.35 region=0_14
ep=196 s=8 9286ms [sel=4 cap=9144 rest=138] sg=1->1 mode=NONE win=8 obs=9 | cap=wip act=TURN request=+45deg execute=+15deg x1 a=3 | sp=frontier:active d=2.3 age=7 dtg=8.35 region=0_14
ep=196 s=9 8860ms [sel=4 cap=8735 rest=122] sg=1->1 mode=NONE win=8 obs=10 | cap=wip act=(320,360) d=2.25 a=3 | sp=frontier:active d=2.3 age=8 dtg=8.35 region=0_14
ep=196 s=10 4599ms [sel=3 cap=4470 rest=126] sg=1->1 mode=NONE win=8 obs=11 | cap=wip act=(320,360) d=2.25 a=3 | sp=frontier:active d=2.3 age=9 dtg=8.35 region=0_14
ep=196 s=11 11498ms [sel=3 cap=11374 rest=121] sg=1->1 mode=NONE win=8 obs=12 | cap=wip act=(320,360) d=2.25 a=1 | sp=frontier:active d=2.3 age=10 dtg=8.07 region=0_14
ep=196 s=12 12573ms [sel=3 cap=12448 rest=122] sg=1->1 mode=NONE win=8 obs=13 | cap=wip act=(320,360) d=2.01 a=3 | sp=frontier:active d=2.0 age=11 dtg=8.07 region=0_14
ep=196 s=13 8575ms [sel=4 cap=8447 rest=124] sg=1->1 mode=NONE win=8 obs=14 | cap=wip act=(320,360) d=2.01 a=1 | sp=frontier:active d=2.0 age=12 dtg=7.78 region=0_14
ep=196 s=14 23086ms [sel=3 cap=22954 rest=129] sg=1->1 mode=NONE win=8 obs=15 | cap=wip act=(320,360) d=1.76 a=1 | sp=frontier:active d=1.8 age=13 dtg=7.49 region=0_14
ep=196 s=15 19842ms [sel=23 cap=19699 rest=119] sg=1->2 mode=NONE win=8 obs=16 | cap=DONE act=(320,360) d=2.21 a=1 | sp=frontier:active d=2.2 age=0 dtg=7.26 region=0_14
ep=196 s=16 5811ms [sel=4 cap=5688 rest=119] sg=2->2 mode=NONE win=8 obs=17 | cap=wip act=(320,360) d=2.05 a=1 | sp=frontier:active d=2.0 age=1 dtg=7.01 region=0_14
ep=196 s=17 8467ms [sel=4 cap=8312 rest=151] sg=2->2 mode=NONE win=8 obs=18 | cap=wip act=(320,360) d=1.90 a=1 | sp=frontier:active d=1.9 age=2 dtg=6.74 region=0_14
ep=196 s=18 16039ms [sel=4 cap=15908 rest=127] sg=2->2 mode=NONE win=8 obs=19 | cap=wip act=(320,360) d=1.78 a=3 | sp=frontier:active d=1.8 age=3 dtg=6.74 region=0_14
ep=196 s=19 6347ms [sel=4 cap=6219 rest=125] sg=2->2 mode=NONE win=8 obs=20 | cap=wip act=(320,360) d=1.78 a=3 | sp=frontier:active d=1.8 age=4 dtg=6.74 region=0_14
ep=196 s=20 5395ms [sel=3 cap=5268 rest=124] sg=2->2 mode=NONE win=8 obs=21 | cap=wip act=(320,360) d=1.78 a=1 | sp=frontier:active d=1.8 age=5 dtg=6.50 region=0_14
ep=196 s=21 4235ms [sel=4 cap=4104 rest=127] sg=2->2 mode=NONE win=8 obs=22 | cap=wip act=(320,360) d=1.59 a=3 | sp=frontier:active d=1.6 age=6 dtg=6.50 region=0_14
ep=196 s=22 8893ms [sel=11 cap=8410 rest=435] sg=2->2 mode=NONE win=8 obs=23 | cap=wip act=(160,180) d=1.59 a=1 | preview=view5/6 yaw=+165 render=38ms | sp=frontier:active d=1.6 age=7 dtg=6.27 region=0_14
ep=196 s=23 9711ms [sel=3 cap=9577 rest=131] sg=2->2 mode=NONE win=8 obs=24 | cap=wip act=(320,360) d=1.36 a=1 | sp=frontier:active d=1.4 age=8 dtg=6.15 region=0_14
ep=196 s=24 4493ms [sel=5 cap=4358 rest=131] sg=2->2 mode=NONE win=8 obs=25 | cap=wip act=(320,360) d=1.15 a=3 | sp=frontier:active d=1.2 age=9 dtg=6.15 region=0_14
ep=196 s=25 7328ms [sel=3 cap=7197 rest=129] sg=2->2 mode=NONE win=8 obs=26 | cap=wip act=(320,360) d=1.15 a=3 | sp=frontier:active d=1.2 age=10 dtg=6.15 region=0_14
ep=196 s=26 5961ms [sel=3 cap=5832 rest=127] sg=2->2 mode=NONE win=8 obs=27 | cap=wip act=(320,360) d=1.15 a=1 | sp=frontier:active d=1.2 age=11 dtg=5.93 region=0_14
ep=196 s=27 6770ms [sel=3 cap=6641 rest=126] sg=2->2 mode=NONE win=8 obs=28 | cap=wip act=(320,360) d=0.90 a=1 | sp=frontier:active d=0.9 age=12 dtg=5.67 region=0_14
ep=196 s=28 10416ms [sel=4 cap=10279 rest=134] sg=2->2 mode=NONE win=8 obs=29 | cap=wip act=(320,360) d=0.66 a=3 | sp=frontier:active d=0.7 age=13 dtg=5.67 region=0_14
ep=196 s=29 13971ms [sel=6344 cap=7500 rest=127] sg=2->3 mode=NONE win=8 obs=30 | cap=DONE act=(320,360) d=0.66 a=1 | sp=frontier:active d=0.7 age=0 som=1/7 dtg=5.38 region=0_14
ep=196 s=30 7580ms [sel=3199 cap=4254 rest=127] sg=3->3 mode=NONE win=8 obs=31 | cap=wip act=(297,354) d=1.90 a=1 | sp=straight_ahead:reached d=0.4 age=0 som=1/7 dtg=5.05 region=0_14
ep=196 s=31 8438ms [sel=3624 cap=4678 rest=136] sg=3->3 mode=NONE win=8 obs=32 | cap=wip act=TURN request=+45deg execute=+15deg x1 a=3 | sp=straight_ahead:reached d=0.4 age=1 som=2/7 dtg=5.05 region=0_14
ep=196 s=32 5103ms [sel=0 cap=4959 rest=144] sg=3->3 mode=NONE win=8 obs=33 | cap=wip act=TURN request=+45deg execute=+15deg x1 a=3 dtg=5.05 region=0_14
ep=196 s=33 5333ms [sel=0 cap=5193 rest=140] sg=3->3 mode=NONE win=8 obs=34 | cap=wip act=TURN request=+45deg execute=+15deg x1 a=3 dtg=5.05 region=0_14
ep=196 s=34 5318ms [sel=0 cap=5175 rest=143] sg=3->3 mode=NONE win=8 obs=35 | cap=wip act=TURN request=+45deg execute=+15deg x1 a=3 dtg=5.05 region=0_14
ep=196 s=35 8218ms [sel=0 cap=8082 rest=136] sg=3->3 mode=NONE win=8 obs=36 | cap=wip act=TURN request=+45deg execute=+15deg x1 a=3 dtg=5.05 region=0_14
ep=196 s=36 5795ms [sel=0 cap=5654 rest=141] sg=3->3 mode=NONE win=8 obs=37 | cap=wip act=TURN request=+45deg execute=+15deg x1 a=3 dtg=5.05 region=0_14
ep=196 s=37 6737ms [sel=0 cap=6585 rest=151] sg=3->3 mode=NONE win=8 obs=38 | cap=wip act=TURN request=+45deg execute=+15deg x1 a=3 dtg=5.05 region=0_14
ep=196 s=38 5180ms [sel=0 cap=5039 rest=141] sg=3->3 mode=NONE win=8 obs=39 | cap=wip act=TURN request=+45deg execute=+15deg x1 a=3 dtg=5.05 region=0_14
ep=196 s=39 10524ms [sel=0 cap=10388 rest=136] sg=3->3 mode=NONE win=8 obs=40 | cap=wip act=TURN request=+45deg execute=+15deg x1 a=3 dtg=5.05 region=0_14
ep=196 s=40 10390ms [sel=0 cap=10253 rest=136] sg=3->3 mode=NONE win=8 obs=41 | cap=wip act=TURN request=+45deg execute=+15deg x1 a=3 dtg=5.05 region=0_14
ep=196 s=41 8242ms [sel=0 cap=8106 rest=135] sg=3->3 mode=NONE win=8 obs=42 | cap=wip act=TURN request=+45deg execute=+15deg x1 a=3 dtg=5.05 region=0_14
ep=196 s=42 11217ms [sel=3892 cap=7188 rest=137] sg=3->3 mode=NONE win=8 obs=43 | cap=wip act=(265,308) d=2.15 a=1 som=2/4 dtg=5.34 region=0_14
ep=196 s=43 8669ms [sel=0 cap=8494 rest=175] sg=3->4 mode=NONE win=8 obs=44 | cap=DONE act=TURN request=+45deg execute=+15deg x1 a=3 dtg=5.34 region=0_14
ep=196 s=44 5227ms [sel=0 cap=5098 rest=129] sg=4->4 mode=NONE win=8 obs=45 | cap=wip act=TURN request=+45deg execute=+15deg x1 a=3 dtg=5.34 region=0_14
ep=196 s=45 6870ms [sel=0 cap=6736 rest=134] sg=4->4 mode=NONE win=8 obs=46 | cap=wip act=TURN request=+45deg execute=+15deg x1 a=3 dtg=5.34 region=0_14
ep=196 s=46 9729ms [sel=0 cap=9595 rest=134] sg=4->4 mode=NONE win=8 obs=47 | cap=wip act=TURN request=+45deg execute=+15deg x1 a=3 dtg=5.34 region=0_14
ep=196 s=47 9332ms [sel=0 cap=9193 rest=139] sg=4->4 mode=NONE win=8 obs=48 | cap=wip act=TURN request=+45deg execute=+15deg x1 a=3 dtg=5.34 region=0_14
ep=196 s=48 10877ms [sel=2212 cap=8530 rest=136] sg=4->4 mode=NONE win=8 obs=49 | cap=wip act=(280,404) d=1.26 a=1 | sp=straight_ahead:reached d=0.2 age=0 som=2/5 dtg=5.58 region=0_14
ep=196 s=49 9422ms [sel=1468 cap=7815 rest=139] sg=4->4 mode=NONE win=8 obs=50 | cap=wip act=TURN request=+45deg execute=+15deg x1 a=3 | sp=straight_ahead:reached d=0.2 age=1 som=1/4 dtg=5.58 region=0_14
ep=196 s=50 9754ms [sel=0 cap=9266 rest=442] sg=4->4 mode=NONE win=8 obs=51 | cap=wip act=TURN request=+45deg execute=+15deg x1 a=3 | preview=view-/6 yaw=+0 render=46ms dtg=5.58 region=0_14
ep=196 s=51 7721ms [sel=0 cap=7569 rest=153] sg=4->4 mode=NONE win=8 obs=52 | cap=wip act=TURN request=+45deg execute=+15deg x1 a=3 dtg=5.58 region=0_14
ep=196 s=52 9552ms [sel=0 cap=9405 rest=147] sg=4->4 mode=NONE win=8 obs=53 | cap=wip act=TURN request=+45deg execute=+15deg x1 a=3 dtg=5.58 region=0_14
ep=196 s=53 8617ms [sel=0 cap=8477 rest=140] sg=4->4 mode=NONE win=8 obs=54 | cap=wip act=TURN request=+45deg execute=+15deg x1 a=3 dtg=5.58 region=0_14
ep=196 s=54 9521ms [sel=0 cap=9383 rest=138] sg=4->4 mode=NONE win=8 obs=55 | cap=wip act=TURN request=+45deg execute=+15deg x1 a=3 dtg=5.58 region=0_14
ep=196 s=55 6320ms [sel=0 cap=6181 rest=139] sg=4->4 mode=NONE win=8 obs=56 | cap=wip act=TURN request=+45deg execute=+15deg x1 a=3 dtg=5.58 region=0_14
ep=196 s=56 7534ms [sel=0 cap=7395 rest=139] sg=4->4 mode=NONE win=8 obs=57 | cap=wip act=TURN request=+45deg execute=+15deg x1 a=3 dtg=5.58 region=0_14
ep=196 s=57 6325ms [sel=0 cap=6189 rest=136] sg=4->4 mode=NONE win=8 obs=58 | cap=wip act=TURN request=+45deg execute=+15deg x1 a=3 dtg=5.58 region=0_14
ep=196 s=58 6602ms [sel=0 cap=6467 rest=135] sg=4->4 mode=NONE win=8 obs=59 | cap=wip act=TURN request=+45deg execute=+15deg x1 a=3 dtg=5.58 region=0_14
ep=196 s=59 5797ms [sel=0 cap=5313 rest=447] sg=4->4 mode=NONE win=8 obs=60 | cap=wip act=TURN request=+45deg execute=+15deg x1 a=3 | preview=view-/6 yaw=+0 render=37ms dtg=5.58 region=0_14
ep=196 s=60 9146ms [sel=1405 cap=7609 rest=133] sg=4->4 mode=NONE win=8 obs=61 | cap=wip act=(393,352) d=1.90 a=1 som=5/7 dtg=5.30 region=0_14
ep=196 s=61 7478ms [sel=1911 cap=5425 rest=142] sg=4->4 mode=NONE win=8 obs=62 | cap=wip act=(328,282) d=4.00 a=1 som=5/6 dtg=5.03 region=0_14
ep=196 s=62 13638ms [sel=15 cap=13122 rest=435] sg=4->4 mode=NONE win=8 obs=63 | cap=wip act=PREVIEW a=2 | preview=view2/6 yaw=-15 render=66ms dtg=5.03 region=0_14
ep=196 s=63 10381ms [sel=131 cap=10084 rest=166] sg=4->4 mode=NONE win=8 obs=64 | cap=wip act=TURN request=-45deg execute=-15deg x1 a=2 dtg=5.03 region=0_14
ep=196 s=64 8503ms [sel=0 cap=8370 rest=133] sg=4->4 mode=NONE win=8 obs=65 | cap=wip act=TURN request=-45deg execute=-15deg x1 a=2 dtg=5.03 region=0_14
ep=196 s=65 9232ms [sel=0 cap=8752 rest=441] sg=4->4 mode=NONE win=8 obs=66 | cap=wip act=TURN request=-45deg execute=-15deg x1 a=2 | preview=view-/6 yaw=+0 render=38ms dtg=5.03 region=0_14
ep=196 s=66 12739ms [sel=0 cap=12608 rest=131] sg=4->4 mode=NONE win=8 obs=67 | cap=wip act=TURN request=-45deg execute=-15deg x1 a=2 dtg=5.03 region=0_14
ep=196 s=67 5283ms [sel=0 cap=5141 rest=142] sg=4->4 mode=NONE win=8 obs=68 | cap=wip act=TURN request=-45deg execute=-15deg x1 a=2 dtg=5.03 region=0_14
ep=196 s=68 4291ms [sel=0 cap=4138 rest=152] sg=4->4 mode=NONE win=8 obs=69 | cap=wip act=TURN request=-45deg execute=-15deg x1 a=2 dtg=5.03 region=0_14
ep=196 s=69 6620ms [sel=0 cap=6458 rest=162] sg=4->4 mode=NONE win=8 obs=70 | cap=wip act=TURN request=-45deg execute=-15deg x1 a=2 dtg=5.03 region=0_14
ep=196 s=70 5499ms [sel=0 cap=5368 rest=131] sg=4->4 mode=NONE win=8 obs=71 | cap=wip act=TURN request=-45deg execute=-15deg x1 a=2 dtg=5.03 region=0_14
ep=196 s=71 8133ms [sel=0 cap=7999 rest=134] sg=4->4 mode=NONE win=8 obs=72 | cap=wip act=TURN request=-45deg execute=-15deg x1 a=2 dtg=5.03 region=0_14
ep=196 s=72 9440ms [sel=0 cap=9301 rest=139] sg=4->4 mode=NONE win=8 obs=73 | cap=wip act=TURN request=-45deg execute=-15deg x1 a=2 dtg=5.03 region=0_14
ep=196 s=73 5106ms [sel=0 cap=4968 rest=138] sg=4->4 mode=NONE win=8 obs=74 | cap=wip act=TURN request=-45deg execute=-15deg x1 a=2 dtg=5.03 region=0_14
ep=196 s=74 16768ms [sel=6448 cap=9859 rest=426] sg=4->4 mode=NONE win=8 obs=75 | cap=wip act=(311,425) d=1.16 a=1 | preview=view-/6 yaw=+0 render=36ms | sp=straight_ahead:reached d=0.3 age=0 som=1/4 dtg=5.30 region=0_14
ep=196 s=75 10705ms [sel=131 cap=10436 rest=138] sg=4->4 mode=NONE win=8 obs=76 | cap=wip act=TURN request=-45deg execute=-15deg x1 a=2 | sp=straight_ahead:reached d=0.3 age=1 dtg=5.30 region=0_14
ep=196 s=76 9601ms [sel=0 cap=9461 rest=140] sg=4->4 mode=NONE win=8 obs=77 | cap=wip act=TURN request=-45deg execute=-15deg x1 a=2 dtg=5.30 region=0_14
ep=196 s=77 5898ms [sel=0 cap=5758 rest=140] sg=4->4 mode=NONE win=8 obs=78 | cap=wip act=TURN request=-45deg execute=-15deg x1 a=2 dtg=5.30 region=0_14
ep=196 s=78 11303ms [sel=0 cap=11134 rest=170] sg=4->4 mode=NONE win=8 obs=79 | cap=wip act=TURN request=-45deg execute=-15deg x1 a=2 dtg=5.30 region=0_14
ep=196 s=79 12305ms [sel=0 cap=12134 rest=171] sg=4->4 mode=NONE win=8 obs=80 | cap=wip act=TURN request=-45deg execute=-15deg x1 a=2 dtg=5.30 region=0_14
ep=196 s=80 7052ms [sel=0 cap=6916 rest=136] sg=4->4 mode=NONE win=8 obs=81 | cap=wip act=TURN request=-45deg execute=-15deg x1 a=2 dtg=5.30 region=0_14
ep=196 s=81 8195ms [sel=0 cap=7707 rest=448] sg=4->4 mode=NONE win=8 obs=82 | cap=wip act=TURN request=-45deg execute=-15deg x1 a=2 | preview=view-/6 yaw=+0 render=40ms dtg=5.30 region=0_14
ep=196 s=82 5024ms [sel=0 cap=4886 rest=138] sg=4->4 mode=NONE win=8 obs=83 | cap=wip act=TURN request=-45deg execute=-15deg x1 a=2 dtg=5.30 region=0_14
ep=196 s=83 6036ms [sel=0 cap=5900 rest=136] sg=4->4 mode=NONE win=8 obs=84 | cap=wip act=TURN request=-45deg execute=-15deg x1 a=2 dtg=5.30 region=0_14
ep=196 s=84 9639ms [sel=0 cap=9500 rest=139] sg=4->4 mode=NONE win=8 obs=85 | cap=wip act=TURN request=-45deg execute=-15deg x1 a=2 dtg=5.30 region=0_14
ep=196 s=85 12369ms [sel=0 cap=11886 rest=447] sg=4->4 mode=NONE win=8 obs=86 | cap=wip act=TURN request=-45deg execute=-15deg x1 a=2 | preview=view-/6 yaw=+0 render=37ms dtg=5.30 region=0_14
ep=196 s=86 5450ms [sel=0 cap=5318 rest=132] sg=4->4 mode=NONE win=8 obs=87 | cap=wip act=TURN request=-45deg execute=-15deg x1 a=2 dtg=5.30 region=0_14
ep=196 s=87 9617ms [sel=4114 cap=5364 rest=139] sg=4->4 mode=NONE win=8 obs=88 | cap=wip act=(328,282) d=4.00 a=1 som=5/7 dtg=5.03 region=0_14
ep=196 s=88 9728ms [sel=2543 cap=7049 rest=136] sg=4->4 mode=NONE win=8 obs=89 | cap=wip act=(328,290) d=3.77 a=1 som=5/7 dtg=4.78 region=0_14
ep=196 s=89 8738ms [sel=2464 cap=6140 rest=134] sg=4->4 mode=NONE win=8 obs=90 | cap=wip act=TURN request=-45deg execute=-15deg x1 a=2 som=2/7 dtg=4.78 region=0_14
ep=196 s=90 5262ms [sel=0 cap=5125 rest=136] sg=4->4 mode=NONE win=8 obs=91 | cap=wip act=TURN request=-45deg execute=-15deg x1 a=2 dtg=4.78 region=0_14
ep=196 s=91 5641ms [sel=0 cap=5506 rest=135] sg=4->4 mode=NONE win=8 obs=92 | cap=wip act=TURN request=-45deg execute=-15deg x1 a=2 dtg=4.78 region=0_14
ep=196 s=92 4321ms [sel=0 cap=4184 rest=136] sg=4->4 mode=NONE win=8 obs=93 | cap=wip act=TURN request=-45deg execute=-15deg x1 a=2 dtg=4.78 region=0_14
ep=196 s=93 6507ms [sel=0 cap=6373 rest=133] sg=4->4 mode=NONE win=8 obs=94 | cap=wip act=TURN request=-45deg execute=-15deg x1 a=2 dtg=4.78 region=0_14
ep=196 s=94 6592ms [sel=0 cap=6109 rest=442] sg=4->4 mode=NONE win=8 obs=95 | cap=wip act=TURN request=-45deg execute=-15deg x1 a=2 | preview=view-/6 yaw=+0 render=41ms dtg=4.78 region=0_14
ep=196 s=95 7770ms [sel=0 cap=7623 rest=148] sg=4->4 mode=NONE win=8 obs=96 | cap=wip act=TURN request=-45deg execute=-15deg x1 a=2 dtg=4.78 region=0_14
ep=196 s=96 5602ms [sel=0 cap=5464 rest=138] sg=4->4 mode=NONE win=8 obs=97 | cap=wip act=TURN request=-45deg execute=-15deg x1 a=2 dtg=4.78 region=0_14
ep=196 s=97 7347ms [sel=0 cap=7207 rest=140] sg=4->4 mode=NONE win=8 obs=98 | cap=wip act=TURN request=-45deg execute=-15deg x1 a=2 dtg=4.78 region=0_14
ep=196 s=98 8686ms [sel=0 cap=8546 rest=140] sg=4->4 mode=NONE win=8 obs=99 | cap=wip act=TURN request=-45deg execute=-15deg x1 a=2 dtg=4.78 region=0_14
ep=196 s=99 8950ms [sel=0 cap=8454 rest=458] sg=4->4 mode=NONE win=8 obs=100 | cap=wip act=TURN request=-45deg execute=-15deg x1 a=2 | preview=view-/6 yaw=+0 render=39ms dtg=4.78 region=0_14
ep=196 s=100 8786ms [sel=0 cap=8645 rest=141] sg=4->4 mode=NONE win=8 obs=101 | cap=wip act=TURN request=-45deg execute=-15deg x1 a=2 dtg=4.78 region=0_14
ep=196 s=101 10579ms [sel=3762 cap=6680 rest=137] sg=4->5 mode=NONE win=8 obs=102 | cap=DONE act=(350,418) d=1.19 a=1 | sp=straight_ahead:reached d=0.4 age=0 som=1/4 dtg=5.04 region=0_14
ep=196 s=102 11800ms [sel=116 cap=11540 rest=143] sg=5->5 mode=NONE win=8 obs=103 | cap=wip act=TURN request=+45deg execute=+15deg x1 a=3 | sp=straight_ahead:reached d=0.4 age=1 dtg=5.04 region=0_14
ep=196 s=103 13187ms [sel=0 cap=12720 rest=428] sg=5->5 mode=NONE win=8 obs=104 | cap=wip act=TURN request=+45deg execute=+15deg x1 a=3 | preview=view-/6 yaw=+0 render=38ms dtg=5.04 region=0_14
ep=196 s=104 14900ms [sel=5395 cap=9367 rest=138] sg=5->5 mode=NONE win=8 obs=105 | cap=wip act=(303,420) d=1.18 a=1 | sp=straight_ahead:reached d=0.2 age=0 som=1/3 dtg=5.17 region=0_14
ep=196 s=105 8915ms [sel=111 cap=8664 rest=141] sg=5->5 mode=NONE win=8 obs=106 | cap=wip act=TURN request=+45deg execute=+15deg x1 a=3 | sp=straight_ahead:reached d=0.2 age=1 dtg=5.17 region=0_14
ep=196 s=106 17441ms [sel=0 cap=16983 rest=420] sg=5->5 mode=NONE win=8 obs=107 | cap=wip act=TURN request=+45deg execute=+15deg x1 a=3 | preview=view-/6 yaw=+0 render=39ms dtg=5.17 region=0_14
ep=196 s=107 10142ms [sel=0 cap=9994 rest=148] sg=5->5 mode=NONE win=8 obs=108 | cap=wip act=TURN request=+45deg execute=+15deg x1 a=3 dtg=5.17 region=0_14
ep=196 s=108 8161ms [sel=0 cap=8012 rest=149] sg=5->5 mode=NONE win=8 obs=109 | cap=wip act=TURN request=+45deg execute=+15deg x1 a=3 dtg=5.17 region=0_14
ep=196 s=109 20521ms [sel=0 cap=20055 rest=431] sg=5->5 mode=NONE win=8 obs=110 | cap=wip act=TURN request=+45deg execute=+15deg x1 a=3 | preview=view-/6 yaw=+0 render=36ms dtg=5.17 region=0_14
ep=196 s=110 12556ms [sel=0 cap=12389 rest=167] sg=5->5 mode=NONE win=8 obs=111 | cap=wip act=TURN request=+45deg execute=+15deg x1 a=3 dtg=5.17 region=0_14
ep=196 s=111 12149ms [sel=0 cap=12014 rest=135] sg=5->5 mode=NONE win=8 obs=112 | cap=wip act=TURN request=+45deg execute=+15deg x1 a=3 dtg=5.17 region=0_14
ep=196 s=112 11142ms [sel=0 cap=10692 rest=412] sg=5->5 mode=NONE win=8 obs=113 | cap=wip act=TURN request=+45deg execute=+15deg x1 a=3 | preview=view-/6 yaw=+0 render=38ms dtg=5.17 region=0_14
ep=196 s=113 6983ms [sel=0 cap=6852 rest=132] sg=5->5 mode=NONE win=8 obs=114 | cap=wip act=TURN request=+45deg execute=+15deg x1 a=3 dtg=5.17 region=0_14
ep=196 s=114 6914ms [sel=0 cap=6781 rest=133] sg=5->5 mode=NONE win=8 obs=115 | cap=wip act=TURN request=+45deg execute=+15deg x1 a=3 dtg=5.17 region=0_14
ep=196 s=115 18081ms [sel=52 cap=17568 rest=426] sg=5->5 mode=NONE win=8 obs=116 | cap=wip act=(340,282) d=4.00 a=1 | preview=view-/6 yaw=+0 render=36ms dtg=4.91 region=0_14
ep=196 s=116 11821ms [sel=128 cap=11560 rest=133] sg=5->5 mode=NONE win=8 obs=117 | cap=wip act=TURN request=-45deg execute=-15deg x1 a=2 dtg=4.91 region=0_14
ep=196 s=117 11368ms [sel=0 cap=11234 rest=134] sg=5->5 mode=NONE win=8 obs=118 | cap=wip act=TURN request=-45deg execute=-15deg x1 a=2 dtg=4.91 region=0_14
ep=196 s=118 16392ms [sel=0 cap=15905 rest=451] sg=5->5 mode=NONE win=8 obs=119 | cap=wip act=TURN request=-45deg execute=-15deg x1 a=2 | preview=view-/6 yaw=+0 render=37ms dtg=4.91 region=0_14
ep=196 s=119 26131ms [sel=0 cap=25998 rest=133] sg=5->5 mode=NONE win=8 obs=120 | cap=wip act=TURN request=-45deg execute=-15deg x1 a=2 dtg=4.91 region=0_14
ep=196 s=120 13530ms [sel=0 cap=13391 rest=139] sg=5->5 mode=NONE win=8 obs=121 | cap=wip act=TURN request=-45deg execute=-15deg x1 a=2 dtg=4.91 region=0_14
ep=196 s=121 14735ms [sel=0 cap=14237 rest=461] sg=5->5 mode=NONE win=8 obs=122 | cap=wip act=TURN request=-45deg execute=-15deg x1 a=2 | preview=view-/6 yaw=+0 render=37ms dtg=4.91 region=0_14
ep=196 s=122 13576ms [sel=0 cap=13439 rest=136] sg=5->5 mode=NONE win=8 obs=123 | cap=wip act=TURN request=-45deg execute=-15deg x1 a=2 dtg=4.91 region=0_14
ep=196 s=123 13196ms [sel=0 cap=13053 rest=143] sg=5->5 mode=NONE win=8 obs=124 | cap=wip act=TURN request=-45deg execute=-15deg x1 a=2 dtg=4.91 region=0_14
ep=196 s=124 10623ms [sel=0 cap=10486 rest=138] sg=5->5 mode=NONE win=8 obs=125 | cap=wip act=TURN request=-45deg execute=-15deg x1 a=2 dtg=4.91 region=0_14
ep=196 s=125 14642ms [sel=0 cap=14178 rest=429] sg=5->5 mode=NONE win=8 obs=126 | cap=wip act=TURN request=-45deg execute=-15deg x1 a=2 | preview=view-/6 yaw=+0 render=36ms dtg=4.91 region=0_14
ep=196 s=126 9464ms [sel=0 cap=9327 rest=136] sg=5->5 mode=NONE win=8 obs=127 | cap=wip act=TURN request=-45deg execute=-15deg x1 a=2 dtg=4.91 region=0_14
ep=196 s=127 10635ms [sel=0 cap=10493 rest=142] sg=5->5 mode=NONE win=8 obs=128 | cap=wip act=TURN request=-45deg execute=-15deg x1 a=2 dtg=4.91 region=0_14
ep=196 s=128 19380ms [sel=47 cap=18827 rest=469] sg=5->5 mode=NONE win=8 obs=129 | cap=wip act=(267,428) d=1.15 a=1 | preview=view-/6 yaw=+0 render=36ms | sp=straight_ahead:reached d=0.2 age=0 dtg=5.17 region=0_14
ep=196 s=129 9041ms [sel=113 cap=8793 rest=136] sg=5->5 mode=NONE win=8 obs=130 | cap=wip act=TURN request=-45deg execute=-15deg x1 a=2 | sp=straight_ahead:reached d=0.2 age=1 dtg=5.17 region=0_14
ep=196 s=130 14690ms [sel=0 cap=14553 rest=137] sg=5->5 mode=NONE win=8 obs=131 | cap=wip act=TURN request=-45deg execute=-15deg x1 a=2 dtg=5.17 region=0_14
ep=196 s=131 13064ms [sel=0 cap=12630 rest=398] sg=5->5 mode=NONE win=8 obs=132 | cap=wip act=TURN request=-45deg execute=-15deg x1 a=2 | preview=view-/6 yaw=+0 render=36ms dtg=5.17 region=0_14
ep=196 s=132 18235ms [sel=0 cap=18100 rest=134] sg=5->5 mode=NONE win=8 obs=133 | cap=wip act=TURN request=-45deg execute=-15deg x1 a=2 dtg=5.17 region=0_14
ep=196 s=133 18894ms [sel=0 cap=18754 rest=140] sg=5->5 mode=NONE win=8 obs=134 | cap=wip act=TURN request=-45deg execute=-15deg x1 a=2 dtg=5.17 region=0_14
ep=196 s=134 30473ms [sel=0 cap=0 rest=30438] sg=None->5 mode=NONE win=8 obs=135 | cap=- act=TURN request=-45deg execute=-15deg x1 a=2 | preview=view-/6 yaw=+0 render=36ms ANALYSIS_ERROR_STAGE=completion_confirmation ANALYSIS_ERROR='CaptionerOutputError: decision violates the navigation reply contract: Request timed out.' dtg=5.17 region=0_14
ep=196 s=135 19204ms [sel=0 cap=19063 rest=141] sg=5->5 mode=NONE win=8 obs=136 | cap=wip act=TURN request=-45deg execute=-15deg x1 a=2 dtg=5.17 region=0_14
ep=196 s=136 10800ms [sel=0 cap=10662 rest=138] sg=5->5 mode=NONE win=8 obs=137 | cap=wip act=TURN request=-45deg execute=-15deg x1 a=2 dtg=5.17 region=0_14
ep=196 s=137 16049ms [sel=0 cap=15555 rest=458] sg=5->5 mode=NONE win=8 obs=138 | cap=wip act=TURN request=-45deg execute=-15deg x1 a=2 | preview=view-/6 yaw=+0 render=36ms dtg=5.17 region=0_14
ep=196 s=138 11173ms [sel=0 cap=11039 rest=133] sg=5->5 mode=NONE win=8 obs=139 | cap=wip act=TURN request=-45deg execute=-15deg x1 a=2 dtg=5.17 region=0_14
ep=196 s=139 16323ms [sel=0 cap=16187 rest=136] sg=5->5 mode=NONE win=8 obs=140 | cap=wip act=TURN request=-45deg execute=-15deg x1 a=2 dtg=5.17 region=0_14
ep=196 s=140 20052ms [sel=0 cap=19557 rest=458] sg=5->5 mode=NONE win=8 obs=141 | cap=wip act=TURN request=-45deg execute=-15deg x1 a=2 | preview=view-/6 yaw=+0 render=37ms dtg=5.17 region=0_14
ep=196 s=141 11843ms [sel=51 cap=11659 rest=133] sg=5->5 mode=NONE win=8 obs=142 | cap=wip act=(340,282) d=4.00 a=1 dtg=4.91 region=0_14
ep=196 s=142 14492ms [sel=187 cap=14166 rest=139] sg=5->5 mode=NONE win=8 obs=143 | cap=wip act=TURN request=-45deg execute=-15deg x1 a=2 dtg=4.91 region=0_14
ep=196 s=143 23742ms [sel=0 cap=23226 rest=480] sg=5->5 mode=NONE win=8 obs=144 | cap=wip act=TURN request=-45deg execute=-15deg x1 a=2 | preview=view-/6 yaw=+0 render=37ms dtg=4.91 region=0_14
ep=196 s=144 13965ms [sel=0 cap=13833 rest=133] sg=5->5 mode=NONE win=8 obs=145 | cap=wip act=TURN request=-45deg execute=-15deg x1 a=2 dtg=4.91 region=0_14
ep=196 s=145 4739ms [sel=0 cap=4608 rest=131] sg=5->5 mode=NONE win=8 obs=146 | cap=wip act=TURN request=-45deg execute=-15deg x1 a=2 dtg=4.91 region=0_14
ep=196 s=146 18277ms [sel=0 cap=17778 rest=459] sg=5->5 mode=NONE win=8 obs=147 | cap=wip act=TURN request=-45deg execute=-15deg x1 a=2 | preview=view-/6 yaw=+0 render=40ms dtg=4.91 region=0_14
ep=196 s=147 8317ms [sel=0 cap=8181 rest=136] sg=5->5 mode=NONE win=8 obs=148 | cap=wip act=TURN request=-45deg execute=-15deg x1 a=2 dtg=4.91 region=0_14
ep=196 s=148 15288ms [sel=0 cap=15146 rest=142] sg=5->5 mode=NONE win=8 obs=149 | cap=wip act=TURN request=-45deg execute=-15deg x1 a=2 dtg=4.91 region=0_14
ep=196 s=149 20278ms [sel=0 cap=19788 rest=454] sg=5->5 mode=NONE win=8 obs=150 | cap=wip act=TURN request=-45deg execute=-15deg x1 a=2 | preview=view-/6 yaw=+0 render=36ms dtg=4.91 region=0_14
ep=196 s=150 15241ms [sel=0 cap=15104 rest=137] sg=5->5 mode=NONE win=8 obs=151 | cap=wip act=TURN request=-45deg execute=-15deg x1 a=2 dtg=4.91 region=0_14
ep=196 s=151 25697ms [sel=0 cap=25554 rest=143] sg=5->5 mode=NONE win=8 obs=152 | cap=wip act=TURN request=-45deg execute=-15deg x1 a=2 dtg=4.91 region=0_14
ep=196 s=152 14236ms [sel=0 cap=13762 rest=438] sg=5->5 mode=NONE win=8 obs=153 | cap=wip act=TURN request=-45deg execute=-15deg x1 a=2 | preview=view-/6 yaw=+0 render=35ms dtg=4.91 region=0_14
ep=196 s=153 8110ms [sel=0 cap=7966 rest=144] sg=5->5 mode=NONE win=8 obs=154 | cap=wip act=TURN request=-45deg execute=-15deg x1 a=2 dtg=4.91 region=0_14
ep=196 s=154 12004ms [sel=3275 cap=8583 rest=146] sg=5->5 mode=NONE win=8 obs=155 | cap=wip act=(267,428) d=1.15 a=1 | sp=straight_ahead:reached d=0.2 age=0 som=1/4 dtg=5.17 region=0_14
ep=196 s=155 14288ms [sel=131 cap=13698 rest=417] sg=5->5 mode=NONE win=8 obs=156 | cap=wip act=TURN request=-45deg execute=-15deg x1 a=2 | preview=view-/6 yaw=+0 render=42ms | sp=straight_ahead:reached d=0.2 age=1 dtg=5.17 region=0_14
ep=196 s=156 11416ms [sel=0 cap=11280 rest=136] sg=5->5 mode=NONE win=8 obs=157 | cap=wip act=TURN request=-45deg execute=-15deg x1 a=2 dtg=5.17 region=0_14
ep=196 s=157 9818ms [sel=0 cap=9681 rest=137] sg=5->5 mode=NONE win=8 obs=158 | cap=wip act=TURN request=-45deg execute=-15deg x1 a=2 dtg=5.17 region=0_14
ep=196 s=158 17120ms [sel=0 cap=16697 rest=388] sg=5->5 mode=NONE win=8 obs=159 | cap=wip act=TURN request=-45deg execute=-15deg x1 a=2 | preview=view-/6 yaw=+0 render=35ms dtg=5.17 region=0_14
ep=196 s=159 15485ms [sel=0 cap=15351 rest=134] sg=5->5 mode=NONE win=8 obs=160 | cap=wip act=TURN request=-45deg execute=-15deg x1 a=2 dtg=5.17 region=0_14
ep=196 s=160 10030ms [sel=0 cap=9890 rest=140] sg=5->5 mode=NONE win=8 obs=161 | cap=wip act=TURN request=-45deg execute=-15deg x1 a=2 dtg=5.17 region=0_14
ep=196 s=161 16312ms [sel=0 cap=15854 rest=422] sg=5->5 mode=NONE win=8 obs=162 | cap=wip act=TURN request=-45deg execute=-15deg x1 a=2 | preview=view-/6 yaw=+0 render=36ms dtg=5.17 region=0_14
ep=196 s=162 12090ms [sel=0 cap=11955 rest=135] sg=5->5 mode=NONE win=8 obs=163 | cap=wip act=TURN request=-45deg execute=-15deg x1 a=2 dtg=5.17 region=0_14
ep=196 s=163 14389ms [sel=0 cap=14252 rest=137] sg=5->5 mode=NONE win=8 obs=164 | cap=wip act=TURN request=-45deg execute=-15deg x1 a=2 dtg=5.17 region=0_14
ep=196 s=164 13997ms [sel=0 cap=13532 rest=429] sg=5->5 mode=NONE win=8 obs=165 | cap=wip act=TURN request=-45deg execute=-15deg x1 a=2 | preview=view-/6 yaw=+0 render=36ms dtg=5.17 region=0_14
ep=196 s=165 15237ms [sel=0 cap=15101 rest=136] sg=5->5 mode=NONE win=8 obs=166 | cap=wip act=TURN request=-45deg execute=-15deg x1 a=2 dtg=5.17 region=0_14
ep=196 s=166 12475ms [sel=0 cap=12336 rest=139] sg=5->5 mode=NONE win=8 obs=167 | cap=wip act=TURN request=-45deg execute=-15deg x1 a=2 dtg=5.17 region=0_14
ep=196 s=167 10399ms [sel=54 cap=10208 rest=136] sg=5->5 mode=NONE win=8 obs=168 | cap=wip act=(340,282) d=4.00 a=1 dtg=4.91 region=0_14
ep=196 s=168 21176ms [sel=115 cap=20567 rest=458] sg=5->5 mode=NONE win=8 obs=169 | cap=wip act=TURN request=-45deg execute=-15deg x1 a=2 | preview=view-/6 yaw=+0 render=37ms dtg=4.91 region=0_14
ep=196 s=169 8953ms [sel=0 cap=8813 rest=139] sg=5->5 mode=NONE win=8 obs=170 | cap=wip act=TURN request=-45deg execute=-15deg x1 a=2 dtg=4.91 region=0_14
ep=196 s=170 5272ms [sel=0 cap=5137 rest=135] sg=5->5 mode=NONE win=8 obs=171 | cap=wip act=TURN request=-45deg execute=-15deg x1 a=2 dtg=4.91 region=0_14
ep=196 s=171 19709ms [sel=0 cap=19238 rest=434] sg=5->5 mode=NONE win=8 obs=172 | cap=wip act=TURN request=-45deg execute=-15deg x1 a=2 | preview=view-/6 yaw=+0 render=37ms dtg=4.91 region=0_14
ep=196 s=172 13537ms [sel=0 cap=13404 rest=133] sg=5->5 mode=NONE win=8 obs=173 | cap=wip act=TURN request=-45deg execute=-15deg x1 a=2 dtg=4.91 region=0_14
ep=196 s=173 11903ms [sel=0 cap=11764 rest=139] sg=5->5 mode=NONE win=8 obs=174 | cap=wip act=TURN request=-45deg execute=-15deg x1 a=2 dtg=4.91 region=0_14
ep=196 s=174 22015ms [sel=0 cap=21536 rest=443] sg=5->5 mode=NONE win=8 obs=175 | cap=wip act=TURN request=-45deg execute=-15deg x1 a=2 | preview=view-/6 yaw=+0 render=36ms dtg=4.91 region=0_14
ep=196 s=175 12409ms [sel=0 cap=12271 rest=138] sg=5->5 mode=NONE win=8 obs=176 | cap=wip act=TURN request=-45deg execute=-15deg x1 a=2 dtg=4.91 region=0_14
ep=196 s=176 8269ms [sel=0 cap=8127 rest=143] sg=5->5 mode=NONE win=8 obs=177 | cap=wip act=TURN request=-45deg execute=-15deg x1 a=2 dtg=4.91 region=0_14
ep=196 s=177 17952ms [sel=0 cap=17487 rest=429] sg=5->5 mode=NONE win=8 obs=178 | cap=wip act=TURN request=-45deg execute=-15deg x1 a=2 | preview=view-/6 yaw=+0 render=36ms dtg=4.91 region=0_14
ep=196 s=178 13308ms [sel=0 cap=13169 rest=139] sg=5->5 mode=NONE win=8 obs=179 | cap=wip act=TURN request=-45deg execute=-15deg x1 a=2 dtg=4.91 region=0_14
ep=196 s=179 13123ms [sel=0 cap=12984 rest=140] sg=5->5 mode=NONE win=8 obs=180 | cap=wip act=TURN request=-45deg execute=-15deg x1 a=2 dtg=4.91 region=0_14
ep=196 s=180 12136ms [sel=50 cap=11942 rest=144] sg=5->5 mode=GET_NOWHERE win=8 obs=181 | cap=wip/GET_NOWHERE act=(267,428) d=1.15 a=1 | sp=straight_ahead:reached d=0.2 age=0 dtg=5.17 region=0_14
ep=196 s=181 7781ms [sel=110 cap=7534 rest=137] sg=5->5 mode=NONE win=8 obs=182 | cap=wip act=TURN request=-45deg execute=-15deg x1 a=2 | sp=straight_ahead:reached d=0.2 age=1 dtg=5.17 region=0_14
ep=196 s=182 20641ms [sel=0 cap=20196 rest=410] sg=5->5 mode=NONE win=8 obs=183 | cap=wip act=TURN request=-45deg execute=-15deg x1 a=2 | preview=view-/6 yaw=+0 render=35ms dtg=5.17 region=0_14
ep=196 s=183 21519ms [sel=0 cap=21385 rest=134] sg=5->5 mode=NONE win=8 obs=184 | cap=wip act=TURN request=-45deg execute=-15deg x1 a=2 dtg=5.17 region=0_14
ep=196 s=184 7693ms [sel=0 cap=7560 rest=133] sg=5->5 mode=NONE win=8 obs=185 | cap=wip act=TURN request=-45deg execute=-15deg x1 a=2 dtg=5.17 region=0_14
ep=196 s=185 13178ms [sel=0 cap=12733 rest=410] sg=5->5 mode=NONE win=8 obs=186 | cap=wip act=TURN request=-45deg execute=-15deg x1 a=2 | preview=view-/6 yaw=+0 render=35ms dtg=5.17 region=0_14
ep=196 s=186 13848ms [sel=0 cap=13677 rest=171] sg=5->5 mode=NONE win=8 obs=187 | cap=wip act=TURN request=-45deg execute=-15deg x1 a=2 dtg=5.17 region=0_14
ep=196 s=187 16270ms [sel=0 cap=16131 rest=139] sg=5->5 mode=NONE win=8 obs=188 | cap=wip act=TURN request=-45deg execute=-15deg x1 a=2 dtg=5.17 region=0_14
ep=196 s=188 18818ms [sel=0 cap=18352 rest=430] sg=5->5 mode=NONE win=8 obs=189 | cap=wip act=TURN request=-45deg execute=-15deg x1 a=2 | preview=view-/6 yaw=+0 render=36ms dtg=5.17 region=0_14
ep=196 s=189 12021ms [sel=0 cap=11886 rest=135] sg=5->5 mode=NONE win=8 obs=190 | cap=wip act=TURN request=-45deg execute=-15deg x1 a=2 dtg=5.17 region=0_14
ep=196 s=190 16479ms [sel=0 cap=16341 rest=139] sg=5->5 mode=NONE win=8 obs=191 | cap=wip act=TURN request=-45deg execute=-15deg x1 a=2 dtg=5.17 region=0_14
ep=196 s=191 16933ms [sel=0 cap=16785 rest=148] sg=5->5 mode=NONE win=8 obs=192 | cap=wip act=TURN request=-45deg execute=-15deg x1 a=2 dtg=5.17 region=0_14
ep=196 s=192 7805ms [sel=0 cap=7660 rest=145] sg=5->5 mode=NONE win=8 obs=193 | cap=wip act=TURN request=-45deg execute=-15deg x1 a=2 dtg=5.17 region=0_14
ep=196 s=193 14810ms [sel=53 cap=14267 rest=454] sg=5->5 mode=NONE win=8 obs=194 | cap=wip act=(340,282) d=4.00 a=1 | preview=view-/6 yaw=+0 render=36ms dtg=4.91 region=0_14
ep=196 s=194 14479ms [sel=124 cap=14207 rest=147] sg=5->5 mode=NONE win=8 obs=195 | cap=wip act=TURN request=-45deg execute=-15deg x1 a=2 dtg=4.91 region=0_14
ep=196 s=195 11624ms [sel=0 cap=11483 rest=141] sg=5->5 mode=NONE win=8 obs=196 | cap=wip act=TURN request=-45deg execute=-15deg x1 a=2 dtg=4.91 region=0_14
ep=196 s=196 9231ms [sel=0 cap=8721 rest=474] sg=5->5 mode=NONE win=8 obs=197 | cap=wip act=TURN request=-45deg execute=-15deg x1 a=2 | preview=view-/6 yaw=+0 render=35ms dtg=4.91 region=0_14
ep=196 s=197 25494ms [sel=0 cap=25361 rest=133] sg=5->5 mode=NONE win=8 obs=198 | cap=wip act=TURN request=-45deg execute=-15deg x1 a=2 dtg=4.91 region=0_14
ep=196 s=198 13850ms [sel=0 cap=13712 rest=138] sg=5->5 mode=NONE win=8 obs=199 | cap=wip act=TURN request=-45deg execute=-15deg x1 a=2 dtg=4.91 region=0_14
ep=196 s=199 14057ms [sel=0 cap=13918 rest=139] sg=5->5 mode=NONE win=8 obs=200 | cap=wip act=TURN request=-45deg execute=-15deg x1 a=2 dtg=4.91 region=0_14
ep=196 s=200 7400ms [sel=0 cap=7259 rest=142] sg=5->5 mode=NONE win=8 obs=201 | cap=wip act=TURN request=-45deg execute=-15deg x1 a=2 dtg=4.91 region=0_14
ep=196 s=201 19464ms [sel=0 cap=18969 rest=457] sg=5->5 mode=NONE win=8 obs=202 | cap=wip act=TURN request=-45deg execute=-15deg x1 a=2 | preview=view-/6 yaw=+0 render=37ms dtg=4.91 region=0_14
ep=196 s=202 11260ms [sel=0 cap=11121 rest=140] sg=5->5 mode=NONE win=8 obs=203 | cap=wip act=TURN request=-45deg execute=-15deg x1 a=2 dtg=4.91 region=0_14
ep=196 s=203 17799ms [sel=0 cap=17660 rest=140] sg=5->5 mode=NONE win=8 obs=204 | cap=wip act=TURN request=-45deg execute=-15deg x1 a=2 dtg=4.91 region=0_14
ep=196 s=204 20534ms [sel=0 cap=20058 rest=440] sg=5->5 mode=NONE win=8 obs=205 | cap=wip act=TURN request=-45deg execute=-15deg x1 a=2 | preview=view-/6 yaw=+0 render=36ms dtg=4.91 region=0_14
ep=196 s=205 25858ms [sel=0 cap=25718 rest=140] sg=5->5 mode=NONE win=8 obs=206 | cap=wip act=TURN request=-45deg execute=-15deg x1 a=2 dtg=4.91 region=0_14
ep=196 s=206 13878ms [sel=44 cap=13693 rest=141] sg=5->5 mode=NONE win=8 obs=207 | cap=wip act=(267,428) d=1.15 a=1 | sp=straight_ahead:reached d=0.2 age=0 dtg=5.17 region=0_14
ep=196 s=207 12725ms [sel=114 cap=12470 rest=141] sg=5->5 mode=NONE win=8 obs=208 | cap=wip act=TURN request=-45deg execute=-15deg x1 a=2 | sp=straight_ahead:reached d=0.2 age=1 dtg=5.17 region=0_14
ep=196 s=208 9166ms [sel=0 cap=9025 rest=141] sg=5->5 mode=NONE win=8 obs=209 | cap=wip act=TURN request=-45deg execute=-15deg x1 a=2 dtg=5.17 region=0_14
ep=196 s=209 12394ms [sel=0 cap=11968 rest=391] sg=5->5 mode=NONE win=8 obs=210 | cap=wip act=TURN request=-45deg execute=-15deg x1 a=2 | preview=view-/6 yaw=+0 render=35ms dtg=5.17 region=0_14
ep=196 s=210 6270ms [sel=0 cap=6137 rest=132] sg=5->5 mode=NONE win=8 obs=211 | cap=wip act=TURN request=-45deg execute=-15deg x1 a=2 dtg=5.17 region=0_14
ep=196 s=211 10355ms [sel=0 cap=10216 rest=139] sg=5->5 mode=NONE win=8 obs=212 | cap=wip act=TURN request=-45deg execute=-15deg x1 a=2 dtg=5.17 region=0_14
ep=196 s=212 20223ms [sel=0 cap=19774 rest=413] sg=5->5 mode=NONE win=8 obs=213 | cap=wip act=TURN request=-45deg execute=-15deg x1 a=2 | preview=view-/6 yaw=+0 render=35ms dtg=5.17 region=0_14
ep=196 s=213 13094ms [sel=0 cap=12952 rest=142] sg=5->5 mode=NONE win=8 obs=214 | cap=wip act=TURN request=-45deg execute=-15deg x1 a=2 dtg=5.17 region=0_14
ep=196 s=214 8210ms [sel=0 cap=8069 rest=141] sg=5->5 mode=NONE win=8 obs=215 | cap=wip act=TURN request=-45deg execute=-15deg x1 a=2 dtg=5.17 region=0_14
ep=196 s=215 10200ms [sel=0 cap=10050 rest=150] sg=5->5 mode=NONE win=8 obs=216 | cap=wip act=TURN request=-45deg execute=-15deg x1 a=2 dtg=5.17 region=0_14
ep=196 s=216 5355ms [sel=0 cap=4891 rest=427] sg=5->5 mode=NONE win=8 obs=217 | cap=wip act=TURN request=-45deg execute=-15deg x1 a=2 | preview=view-/6 yaw=+0 render=37ms dtg=5.17 region=0_14
ep=196 s=217 6347ms [sel=0 cap=6210 rest=137] sg=5->5 mode=NONE win=8 obs=218 | cap=wip act=TURN request=-45deg execute=-15deg x1 a=2 dtg=5.17 region=0_14
ep=196 s=218 5791ms [sel=0 cap=5645 rest=146] sg=5->5 mode=NONE win=8 obs=219 | cap=wip act=TURN request=-45deg execute=-15deg x1 a=2 dtg=5.17 region=0_14
ep=196 s=219 12962ms [sel=67 cap=12411 rest=448] sg=5->5 mode=NONE win=8 obs=220 | cap=wip act=(340,282) d=4.00 a=1 | preview=view-/6 yaw=+0 render=36ms dtg=4.91 region=0_14
ep=196 s=220 10507ms [sel=131 cap=10227 rest=149] sg=5->5 mode=NONE win=8 obs=221 | cap=wip act=TURN request=-45deg execute=-15deg x1 a=2 dtg=4.91 region=0_14
ep=196 s=221 8245ms [sel=0 cap=8098 rest=147] sg=5->5 mode=NONE win=8 obs=222 | cap=wip act=TURN request=-45deg execute=-15deg x1 a=2 dtg=4.91 region=0_14
ep=196 s=222 30257ms [sel=0 cap=29757 rest=465] sg=5->5 mode=NONE win=8 obs=223 | cap=wip act=TURN request=-45deg execute=-15deg x1 a=2 | preview=view-/6 yaw=+0 render=35ms dtg=4.91 region=0_14
ep=196 s=223 9217ms [sel=0 cap=9086 rest=132] sg=5->5 mode=NONE win=8 obs=224 | cap=wip act=TURN request=-45deg execute=-15deg x1 a=2 dtg=4.91 region=0_14
ep=196 s=224 8499ms [sel=0 cap=8365 rest=135] sg=5->5 mode=NONE win=8 obs=225 | cap=wip act=TURN request=-45deg execute=-15deg x1 a=2 dtg=4.91 region=0_14
ep=196 s=225 22300ms [sel=0 cap=21800 rest=465] sg=5->5 mode=NONE win=8 obs=226 | cap=wip act=TURN request=-45deg execute=-15deg x1 a=2 | preview=view-/6 yaw=+0 render=35ms dtg=4.91 region=0_14
ep=196 s=226 9049ms [sel=0 cap=8910 rest=139] sg=5->5 mode=NONE win=8 obs=227 | cap=wip act=TURN request=-45deg execute=-15deg x1 a=2 dtg=4.91 region=0_14
ep=196 s=227 11246ms [sel=0 cap=11098 rest=148] sg=5->5 mode=NONE win=8 obs=228 | cap=wip act=TURN request=-45deg execute=-15deg x1 a=2 dtg=4.91 region=0_14
ep=196 s=228 20230ms [sel=0 cap=19716 rest=443] sg=5->5 mode=NONE win=8 obs=229 | cap=wip act=TURN request=-45deg execute=-15deg x1 a=2 | preview=view-/6 yaw=+0 render=71ms dtg=4.91 region=0_14
ep=196 s=229 10193ms [sel=0 cap=10056 rest=137] sg=5->5 mode=NONE win=8 obs=230 | cap=wip act=TURN request=-45deg execute=-15deg x1 a=2 dtg=4.91 region=0_14
ep=196 s=230 11293ms [sel=0 cap=11151 rest=142] sg=5->5 mode=NONE win=8 obs=231 | cap=wip act=TURN request=-45deg execute=-15deg x1 a=2 dtg=4.91 region=0_14
ep=196 s=231 12103ms [sel=0 cap=11629 rest=438] sg=5->5 mode=NONE win=8 obs=232 | cap=wip act=TURN request=-45deg execute=-15deg x1 a=2 | preview=view-/6 yaw=+0 render=35ms dtg=4.91 region=0_14
ep=196 s=232 9267ms [sel=2719 cap=6408 rest=140] sg=5->5 mode=NONE win=8 obs=233 | cap=wip act=(267,428) d=1.15 a=1 | sp=straight_ahead:reached d=0.2 age=0 som=1/4 dtg=5.17 region=0_14
ep=196 s=233 4624ms [sel=115 cap=4362 rest=148] sg=5->5 mode=NONE win=8 obs=234 | cap=wip act=TURN request=-45deg execute=-15deg x1 a=2 | sp=straight_ahead:reached d=0.2 age=1 dtg=5.17 region=0_14
ep=196 s=234 13849ms [sel=0 cap=13405 rest=409] sg=5->5 mode=NONE win=8 obs=235 | cap=wip act=TURN request=-45deg execute=-15deg x1 a=2 | preview=view-/6 yaw=+0 render=35ms dtg=5.17 region=0_14
ep=196 s=235 12693ms [sel=0 cap=12555 rest=139] sg=5->5 mode=NONE win=8 obs=236 | cap=wip act=TURN request=-45deg execute=-15deg x1 a=2 dtg=5.17 region=0_14
ep=196 s=236 10546ms [sel=0 cap=10414 rest=133] sg=5->5 mode=NONE win=8 obs=237 | cap=wip act=TURN request=-45deg execute=-15deg x1 a=2 dtg=5.17 region=0_14
ep=196 s=237 18114ms [sel=0 cap=17665 rest=411] sg=5->5 mode=NONE win=8 obs=238 | cap=wip act=TURN request=-45deg execute=-15deg x1 a=2 | preview=view-/6 yaw=+0 render=38ms dtg=5.17 region=0_14
ep=196 s=238 10769ms [sel=0 cap=10631 rest=138] sg=5->5 mode=NONE win=8 obs=239 | cap=wip act=TURN request=-45deg execute=-15deg x1 a=2 dtg=5.17 region=0_14
ep=196 s=239 17550ms [sel=0 cap=17409 rest=141] sg=5->5 mode=NONE win=8 obs=240 | cap=wip act=TURN request=-45deg execute=-15deg x1 a=2 dtg=5.17 region=0_14
ep=196 s=240 21155ms [sel=0 cap=20694 rest=425] sg=5->5 mode=NONE win=8 obs=241 | cap=wip act=TURN request=-45deg execute=-15deg x1 a=2 | preview=view-/6 yaw=+0 render=35ms dtg=5.17 region=0_14
ep=196 s=241 22595ms [sel=0 cap=22454 rest=141] sg=5->5 mode=NONE win=8 obs=242 | cap=wip act=TURN request=-45deg execute=-15deg x1 a=2 dtg=5.17 region=0_14
ep=196 s=242 16239ms [sel=0 cap=16099 rest=140] sg=5->5 mode=NONE win=8 obs=243 | cap=wip act=TURN request=-45deg execute=-15deg x1 a=2 dtg=5.17 region=0_14
ep=196 s=243 23844ms [sel=0 cap=23384 rest=425] sg=5->5 mode=NONE win=8 obs=244 | cap=wip act=TURN request=-45deg execute=-15deg x1 a=2 | preview=view-/6 yaw=+0 render=35ms dtg=5.17 region=0_14
ep=196 s=244 11284ms [sel=0 cap=11134 rest=150] sg=5->5 mode=NONE win=8 obs=245 | cap=wip act=TURN request=-45deg execute=-15deg x1 a=2 dtg=5.17 region=0_14
ep=196 s=245 13663ms [sel=51 cap=13448 rest=165] sg=5->5 mode=NONE win=8 obs=246 | cap=wip act=(340,282) d=4.00 a=1 dtg=4.91 region=0_14
ep=196 s=246 20146ms [sel=133 cap=19528 rest=449] sg=5->5 mode=NONE win=8 obs=247 | cap=wip act=TURN request=-45deg execute=-15deg x1 a=2 | preview=view-/6 yaw=+0 render=36ms dtg=4.91 region=0_14
ep=196 s=247 16168ms [sel=0 cap=16026 rest=143] sg=5->5 mode=NONE win=8 obs=248 | cap=wip act=TURN request=-45deg execute=-15deg x1 a=2 dtg=4.91 region=0_14
ep=196 s=248 17450ms [sel=0 cap=17285 rest=165] sg=5->5 mode=NONE win=8 obs=249 | cap=wip act=TURN request=-45deg execute=-15deg x1 a=2 dtg=4.91 region=0_14
ep=196 s=249 27119ms [sel=0 cap=26642 rest=441] sg=5->5 mode=NONE win=8 obs=250 | cap=wip act=TURN request=-45deg execute=-15deg x1 a=2 | preview=view-/6 yaw=+0 render=36ms dtg=4.91 region=0_14
ep=196 s=250 12143ms [sel=0 cap=12008 rest=135] sg=5->5 mode=NONE win=8 obs=251 | cap=wip act=TURN request=-45deg execute=-15deg x1 a=2 dtg=4.91 region=0_14
ep=196 s=251 14382ms [sel=0 cap=14239 rest=143] sg=5->5 mode=NONE win=8 obs=252 | cap=wip act=TURN request=-45deg execute=-15deg x1 a=2 dtg=4.91 region=0_14
ep=196 s=252 22383ms [sel=0 cap=21901 rest=446] sg=5->5 mode=NONE win=8 obs=253 | cap=wip act=TURN request=-45deg execute=-15deg x1 a=2 | preview=view-/6 yaw=+0 render=36ms dtg=4.91 region=0_14
ep=196 s=253 17632ms [sel=0 cap=17491 rest=141] sg=5->5 mode=NONE win=8 obs=254 | cap=wip act=TURN request=-45deg execute=-15deg x1 a=2 dtg=4.91 region=0_14
ep=196 s=254 15709ms [sel=0 cap=15562 rest=147] sg=5->5 mode=NONE win=8 obs=255 | cap=wip act=TURN request=-45deg execute=-15deg x1 a=2 dtg=4.91 region=0_14
ep=196 s=255 28169ms [sel=0 cap=27716 rest=418] sg=5->5 mode=NONE win=8 obs=256 | cap=wip act=TURN request=-45deg execute=-15deg x1 a=2 | preview=view-/6 yaw=+0 render=36ms dtg=4.91 region=0_14
ep=196 s=256 10387ms [sel=0 cap=10244 rest=143] sg=5->5 mode=NONE win=8 obs=257 | cap=wip act=TURN request=-45deg execute=-15deg x1 a=2 dtg=4.91 region=0_14
ep=196 s=257 10102ms [sel=0 cap=9959 rest=143] sg=5->5 mode=NONE win=8 obs=258 | cap=wip act=TURN request=-45deg execute=-15deg x1 a=2 dtg=4.91 region=0_14
ep=196 s=258 19398ms [sel=49 cap=18880 rest=433] sg=5->5 mode=NONE win=8 obs=259 | cap=wip act=(267,428) d=1.15 a=1 | preview=view-/6 yaw=+0 render=36ms | sp=straight_ahead:reached d=0.2 age=0 dtg=5.17 region=0_14
ep=196 s=259 24699ms [sel=110 cap=24448 rest=141] sg=5->5 mode=NONE win=8 obs=260 | cap=wip act=TURN request=-45deg execute=-15deg x1 a=2 | sp=straight_ahead:reached d=0.2 age=1 dtg=5.17 region=0_14
ep=196 s=260 14838ms [sel=0 cap=14666 rest=172] sg=5->5 mode=NONE win=8 obs=261 | cap=wip act=TURN request=-45deg execute=-15deg x1 a=2 dtg=5.17 region=0_14
ep=196 s=261 16811ms [sel=0 cap=16647 rest=164] sg=5->5 mode=NONE win=8 obs=262 | cap=wip act=TURN request=-45deg execute=-15deg x1 a=2 dtg=5.17 region=0_14
ep=196 s=262 17974ms [sel=0 cap=17839 rest=135] sg=5->5 mode=NONE win=8 obs=263 | cap=wip act=TURN request=-45deg execute=-15deg x1 a=2 dtg=5.17 region=0_14
ep=196 s=263 13327ms [sel=0 cap=13192 rest=134] sg=5->5 mode=NONE win=8 obs=264 | cap=wip act=TURN request=-45deg execute=-15deg x1 a=2 dtg=5.17 region=0_14
ep=196 s=264 19890ms [sel=0 cap=19441 rest=414] sg=5->5 mode=NONE win=8 obs=265 | cap=wip act=TURN request=-45deg execute=-15deg x1 a=2 | preview=view-/6 yaw=+0 render=35ms dtg=5.17 region=0_14
ep=196 s=265 12570ms [sel=0 cap=12422 rest=148] sg=5->5 mode=NONE win=8 obs=266 | cap=wip act=TURN request=-45deg execute=-15deg x1 a=2 dtg=5.17 region=0_14
ep=196 s=266 11026ms [sel=0 cap=10885 rest=141] sg=5->5 mode=NONE win=8 obs=267 | cap=wip act=TURN request=-45deg execute=-15deg x1 a=2 dtg=5.17 region=0_14
ep=196 s=267 29502ms [sel=0 cap=29034 rest=432] sg=5->5 mode=NONE win=8 obs=268 | cap=wip act=TURN request=-45deg execute=-15deg x1 a=2 | preview=view-/6 yaw=+0 render=36ms dtg=5.17 region=0_14
ep=196 s=268 13200ms [sel=0 cap=13063 rest=136] sg=5->5 mode=NONE win=8 obs=269 | cap=wip act=TURN request=-45deg execute=-15deg x1 a=2 dtg=5.17 region=0_14
ep=196 s=269 9997ms [sel=0 cap=9851 rest=146] sg=5->5 mode=NONE win=8 obs=270 | cap=wip act=TURN request=-45deg execute=-15deg x1 a=2 dtg=5.17 region=0_14
ep=196 s=270 21300ms [sel=0 cap=20797 rest=457] sg=5->5 mode=NONE win=8 obs=271 | cap=wip act=TURN request=-45deg execute=-15deg x1 a=2 | preview=view-/6 yaw=+0 render=46ms dtg=5.17 region=0_14
ep=196 s=271 13192ms [sel=52 cap=13003 rest=138] sg=5->5 mode=NONE win=8 obs=272 | cap=wip act=(340,282) d=4.00 a=1 dtg=4.91 region=0_14
ep=196 s=272 13718ms [sel=128 cap=13449 rest=141] sg=5->5 mode=NONE win=8 obs=273 | cap=wip act=TURN request=-45deg execute=-15deg x1 a=2 dtg=4.91 region=0_14
ep=196 s=273 13244ms [sel=0 cap=13097 rest=146] sg=5->5 mode=NONE win=8 obs=274 | cap=wip act=TURN request=-45deg execute=-15deg x1 a=2 dtg=4.91 region=0_14
ep=196 s=274 14358ms [sel=0 cap=13806 rest=485] sg=5->5 mode=NONE win=8 obs=275 | cap=wip act=TURN request=-45deg execute=-15deg x1 a=2 | preview=view-/6 yaw=+0 render=67ms dtg=4.91 region=0_14
ep=196 s=275 14823ms [sel=0 cap=14689 rest=135] sg=5->5 mode=NONE win=8 obs=276 | cap=wip act=TURN request=-45deg execute=-15deg x1 a=2 dtg=4.91 region=0_14
ep=196 s=276 9752ms [sel=0 cap=9610 rest=141] sg=5->5 mode=NONE win=8 obs=277 | cap=wip act=TURN request=-45deg execute=-15deg x1 a=2 dtg=4.91 region=0_14
ep=196 s=277 19446ms [sel=0 cap=18923 rest=487] sg=5->5 mode=NONE win=8 obs=278 | cap=wip act=TURN request=-45deg execute=-15deg x1 a=2 | preview=view-/6 yaw=+0 render=36ms dtg=4.91 region=0_14
ep=196 s=278 10439ms [sel=0 cap=10295 rest=145] sg=5->5 mode=NONE win=8 obs=279 | cap=wip act=TURN request=-45deg execute=-15deg x1 a=2 dtg=4.91 region=0_14
ep=196 s=279 23733ms [sel=0 cap=23589 rest=144] sg=5->5 mode=NONE win=8 obs=280 | cap=wip act=TURN request=-45deg execute=-15deg x1 a=2 dtg=4.91 region=0_14
ep=196 s=280 25650ms [sel=0 cap=25160 rest=449] sg=5->5 mode=NONE win=8 obs=281 | cap=wip act=TURN request=-45deg execute=-15deg x1 a=2 | preview=view-/6 yaw=+0 render=41ms dtg=4.91 region=0_14
ep=196 s=281 9039ms [sel=0 cap=8900 rest=139] sg=5->5 mode=NONE win=8 obs=282 | cap=wip act=TURN request=-45deg execute=-15deg x1 a=2 dtg=4.91 region=0_14
ep=196 s=282 15153ms [sel=0 cap=15010 rest=143] sg=5->5 mode=NONE win=8 obs=283 | cap=wip act=TURN request=-45deg execute=-15deg x1 a=2 dtg=4.91 region=0_14
ep=196 s=283 19286ms [sel=0 cap=18800 rest=450] sg=5->5 mode=NONE win=8 obs=284 | cap=wip act=TURN request=-45deg execute=-15deg x1 a=2 | preview=view-/6 yaw=+0 render=36ms dtg=4.91 region=0_14
ep=196 s=284 14140ms [sel=48 cap=13951 rest=141] sg=5->5 mode=NONE win=8 obs=285 | cap=wip act=(267,428) d=1.15 a=1 | sp=straight_ahead:reached d=0.2 age=0 dtg=5.17 region=0_14
ep=196 s=285 17874ms [sel=116 cap=17618 rest=140] sg=5->5 mode=NONE win=8 obs=286 | cap=wip act=TURN request=-45deg execute=-15deg x1 a=2 | sp=straight_ahead:reached d=0.2 age=1 dtg=5.17 region=0_14
ep=196 s=286 30489ms [sel=0 cap=0 rest=30454] sg=None->5 mode=NONE win=8 obs=287 | cap=- act=TURN request=-45deg execute=-15deg x1 a=2 | preview=view-/6 yaw=+0 render=36ms ANALYSIS_ERROR_STAGE=decision ANALYSIS_ERROR='CaptionerInferenceError: Captioner model inference failed' dtg=5.17 region=0_14
ep=196 s=287 14020ms [sel=0 cap=13880 rest=140] sg=5->5 mode=NONE win=8 obs=288 | cap=wip act=TURN request=-45deg execute=-15deg x1 a=2 dtg=5.17 region=0_14
ep=196 s=288 21542ms [sel=0 cap=21404 rest=137] sg=5->5 mode=NONE win=8 obs=289 | cap=wip act=TURN request=-45deg execute=-15deg x1 a=2 dtg=5.17 region=0_14
ep=196 s=289 12881ms [sel=0 cap=12431 rest=415] sg=5->5 mode=NONE win=8 obs=290 | cap=wip act=TURN request=-45deg execute=-15deg x1 a=2 | preview=view-/6 yaw=+0 render=35ms dtg=5.17 region=0_14
ep=196 s=290 10828ms [sel=0 cap=10685 rest=143] sg=5->5 mode=NONE win=8 obs=291 | cap=wip act=TURN request=-45deg execute=-15deg x1 a=2 dtg=5.17 region=0_14
ep=196 s=291 8805ms [sel=0 cap=8660 rest=145] sg=5->5 mode=NONE win=8 obs=292 | cap=wip act=TURN request=-45deg execute=-15deg x1 a=2 dtg=5.17 region=0_14
ep=196 s=292 21769ms [sel=0 cap=21256 rest=477] sg=5->5 mode=NONE win=8 obs=293 | cap=wip act=TURN request=-45deg execute=-15deg x1 a=2 | preview=view-/6 yaw=+0 render=36ms dtg=5.17 region=0_14
ep=196 s=293 14779ms [sel=0 cap=14641 rest=138] sg=5->5 mode=NONE win=8 obs=294 | cap=wip act=TURN request=-45deg execute=-15deg x1 a=2 dtg=5.17 region=0_14
ep=196 s=294 11584ms [sel=0 cap=11442 rest=142] sg=5->5 mode=NONE win=8 obs=295 | cap=wip act=TURN request=-45deg execute=-15deg x1 a=2 dtg=5.17 region=0_14
ep=196 s=295 24030ms [sel=0 cap=23556 rest=438] sg=5->5 mode=NONE win=8 obs=296 | cap=wip act=TURN request=-45deg execute=-15deg x1 a=2 | preview=view-/6 yaw=+0 render=36ms dtg=5.17 region=0_14
ep=196 s=296 8639ms [sel=0 cap=8493 rest=146] sg=5->5 mode=NONE win=8 obs=297 | cap=wip act=TURN request=-45deg execute=-15deg x1 a=2 dtg=5.17 region=0_14
ep=196 s=297 17297ms [sel=9818 cap=7339 rest=141] sg=5->5 mode=NONE win=8 obs=298 | cap=wip act=(340,282) d=4.00 a=1 som=4/7 dtg=4.91 region=0_14
ep=196 s=298 20476ms [sel=120 cap=19860 rest=460] sg=5->5 mode=NONE win=8 obs=299 | cap=wip act=TURN request=-45deg execute=-15deg x1 a=2 | preview=view-/6 yaw=+0 render=36ms dtg=4.91 region=0_14
ep=196 s=299 9206ms [sel=0 cap=9066 rest=140] sg=5->5 mode=NONE win=8 obs=300 | cap=wip act=TURN request=-45deg execute=-15deg x1 a=2 dtg=4.91 region=0_14
ep=196 s=300 19388ms [sel=0 cap=19247 rest=142] sg=5->5 mode=NONE win=8 obs=301 | cap=wip act=TURN request=-45deg execute=-15deg x1 a=2 dtg=4.91 region=0_14
ep=196 s=301 21277ms [sel=0 cap=20787 rest=453] sg=5->5 mode=NONE win=8 obs=302 | cap=wip act=TURN request=-45deg execute=-15deg x1 a=2 | preview=view-/6 yaw=+0 render=37ms dtg=4.91 region=0_14
ep=196 s=302 19134ms [sel=0 cap=18999 rest=135] sg=5->5 mode=NONE win=8 obs=303 | cap=wip act=TURN request=-45deg execute=-15deg x1 a=2 dtg=4.91 region=0_14
ep=196 s=303 30157ms [sel=0 cap=0 rest=30157] sg=None->5 mode=NONE win=8 obs=304 | cap=- act=TURN request=-45deg execute=-15deg x1 a=2 ANALYSIS_ERROR_STAGE=decision ANALYSIS_ERROR='CaptionerInferenceError: Captioner model inference failed' dtg=4.91 region=0_14
ep=196 s=304 20124ms [sel=0 cap=19652 rest=436] sg=5->5 mode=NONE win=8 obs=305 | cap=wip act=TURN request=-45deg execute=-15deg x1 a=2 | preview=view-/6 yaw=+0 render=35ms dtg=4.91 region=0_14
ep=196 s=305 10884ms [sel=0 cap=10739 rest=145] sg=5->5 mode=NONE win=8 obs=306 | cap=wip act=TURN request=-45deg execute=-15deg x1 a=2 dtg=4.91 region=0_14
ep=196 s=306 10344ms [sel=0 cap=10199 rest=145] sg=5->5 mode=NONE win=8 obs=307 | cap=wip act=TURN request=-45deg execute=-15deg x1 a=2 dtg=4.91 region=0_14
ep=196 s=307 24688ms [sel=0 cap=24226 rest=425] sg=5->5 mode=NONE win=8 obs=308 | cap=wip act=TURN request=-45deg execute=-15deg x1 a=2 | preview=view-/6 yaw=+0 render=37ms dtg=4.91 region=0_14
ep=196 s=308 24518ms [sel=0 cap=24370 rest=148] sg=5->5 mode=NONE win=8 obs=309 | cap=wip act=TURN request=-45deg execute=-15deg x1 a=2 dtg=4.91 region=0_14
ep=196 s=309 26463ms [sel=0 cap=26313 rest=150] sg=5->5 mode=NONE win=8 obs=310 | cap=wip act=TURN request=-45deg execute=-15deg x1 a=2 dtg=4.91 region=0_14
ep=196 s=310 18535ms [sel=48 cap=18020 rest=432] sg=5->5 mode=NONE win=8 obs=311 | cap=wip act=(267,428) d=1.15 a=1 | preview=view-/6 yaw=+0 render=36ms | sp=straight_ahead:reached d=0.2 age=0 dtg=5.17 region=0_14
ep=196 s=311 15161ms [sel=119 cap=14889 rest=153] sg=5->5 mode=NONE win=8 obs=312 | cap=wip act=TURN request=-45deg execute=-15deg x1 a=2 | sp=straight_ahead:reached d=0.2 age=1 dtg=5.17 region=0_14
ep=196 s=312 14840ms [sel=0 cap=14697 rest=143] sg=5->5 mode=NONE win=8 obs=313 | cap=wip act=TURN request=-45deg execute=-15deg x1 a=2 dtg=5.17 region=0_14
ep=196 s=313 18212ms [sel=0 cap=17761 rest=413] sg=5->5 mode=NONE win=8 obs=314 | cap=wip act=TURN request=-45deg execute=-15deg x1 a=2 | preview=view-/6 yaw=+0 render=38ms dtg=5.17 region=0_14
ep=196 s=314 12435ms [sel=0 cap=12291 rest=144] sg=5->5 mode=NONE win=8 obs=315 | cap=wip act=TURN request=-45deg execute=-15deg x1 a=2 dtg=5.17 region=0_14
ep=196 s=315 26786ms [sel=0 cap=26644 rest=142] sg=5->5 mode=NONE win=8 obs=316 | cap=wip act=TURN request=-45deg execute=-15deg x1 a=2 dtg=5.17 region=0_14
ep=196 s=316 25851ms [sel=0 cap=25406 rest=410] sg=5->5 mode=NONE win=8 obs=317 | cap=wip act=TURN request=-45deg execute=-15deg x1 a=2 | preview=view-/6 yaw=+0 render=35ms dtg=5.17 region=0_14
ep=196 s=317 17955ms [sel=0 cap=17814 rest=141] sg=5->5 mode=NONE win=8 obs=318 | cap=wip act=TURN request=-45deg execute=-15deg x1 a=2 dtg=5.17 region=0_14
ep=196 s=318 22581ms [sel=0 cap=22438 rest=143] sg=5->5 mode=NONE win=8 obs=319 | cap=wip act=TURN request=-45deg execute=-15deg x1 a=2 dtg=5.17 region=0_14
ep=196 s=319 25049ms [sel=0 cap=24578 rest=434] sg=5->5 mode=NONE win=8 obs=320 | cap=wip act=TURN request=-45deg execute=-15deg x1 a=2 | preview=view-/6 yaw=+0 render=36ms dtg=5.17 region=0_14
ep=196 s=320 7596ms [sel=0 cap=7456 rest=140] sg=5->5 mode=NONE win=8 obs=321 | cap=wip act=TURN request=-45deg execute=-15deg x1 a=2 dtg=5.17 region=0_14
ep=196 s=321 8371ms [sel=0 cap=8229 rest=142] sg=5->5 mode=NONE win=8 obs=322 | cap=wip act=TURN request=-45deg execute=-15deg x1 a=2 dtg=5.17 region=0_14
ep=196 s=322 14815ms [sel=0 cap=14325 rest=454] sg=5->5 mode=NONE win=8 obs=323 | cap=wip act=TURN request=-45deg execute=-15deg x1 a=2 | preview=view-/6 yaw=+0 render=36ms dtg=5.17 region=0_14
ep=196 s=323 15836ms [sel=52 cap=15643 rest=142] sg=5->5 mode=NONE win=8 obs=324 | cap=wip act=(340,282) d=4.00 a=1 dtg=4.91 region=0_14
ep=196 s=324 23942ms [sel=13842 cap=9958 rest=142] sg=5->5 mode=NONE win=8 obs=325 | cap=wip act=TURN request=-45deg execute=-15deg x1 a=2 som=4/7 dtg=4.91 region=0_14
ep=196 s=325 25638ms [sel=0 cap=25131 rest=471] sg=5->5 mode=NONE win=8 obs=326 | cap=wip act=TURN request=-45deg execute=-15deg x1 a=2 | preview=view-/6 yaw=+0 render=36ms dtg=4.91 region=0_14
ep=196 s=326 14018ms [sel=0 cap=13878 rest=140] sg=5->5 mode=NONE win=8 obs=327 | cap=wip act=TURN request=-45deg execute=-15deg x1 a=2 dtg=4.91 region=0_14
ep=196 s=327 15186ms [sel=0 cap=15046 rest=140] sg=5->5 mode=NONE win=8 obs=328 | cap=wip act=TURN request=-45deg execute=-15deg x1 a=2 dtg=4.91 region=0_14
ep=196 s=328 13030ms [sel=0 cap=12539 rest=454] sg=5->5 mode=NONE win=8 obs=329 | cap=wip act=TURN request=-45deg execute=-15deg x1 a=2 | preview=view-/6 yaw=+0 render=37ms dtg=4.91 region=0_14
ep=196 s=329 10552ms [sel=0 cap=10398 rest=154] sg=5->5 mode=NONE win=8 obs=330 | cap=wip act=TURN request=-45deg execute=-15deg x1 a=2 dtg=4.91 region=0_14
ep=196 s=330 10971ms [sel=0 cap=10808 rest=164] sg=5->5 mode=NONE win=8 obs=331 | cap=wip act=TURN request=-45deg execute=-15deg x1 a=2 dtg=4.91 region=0_14
ep=196 s=331 26934ms [sel=0 cap=26419 rest=478] sg=5->5 mode=NONE win=8 obs=332 | cap=wip act=TURN request=-45deg execute=-15deg x1 a=2 | preview=view-/6 yaw=+0 render=36ms dtg=4.91 region=0_14
ep=196 s=332 14483ms [sel=0 cap=14340 rest=143] sg=5->5 mode=NONE win=8 obs=333 | cap=wip act=TURN request=-45deg execute=-15deg x1 a=2 dtg=4.91 region=0_14
ep=196 s=333 12614ms [sel=0 cap=12468 rest=146] sg=5->5 mode=NONE win=8 obs=334 | cap=wip act=TURN request=-45deg execute=-15deg x1 a=2 dtg=4.91 region=0_14
ep=196 s=334 21643ms [sel=0 cap=21155 rest=453] sg=5->5 mode=NONE win=8 obs=335 | cap=wip act=TURN request=-45deg execute=-15deg x1 a=2 | preview=view-/6 yaw=+0 render=35ms dtg=4.91 region=0_14
ep=196 s=335 11530ms [sel=0 cap=11377 rest=152] sg=5->5 mode=NONE win=8 obs=336 | cap=wip act=TURN request=-45deg execute=-15deg x1 a=2 dtg=4.91 region=0_14
ep=196 s=336 13320ms [sel=50 cap=13117 rest=154] sg=5->5 mode=NONE win=8 obs=337 | cap=wip act=(267,428) d=1.15 a=1 | sp=straight_ahead:reached d=0.2 age=0 dtg=5.17 region=0_14
ep=196 s=337 10830ms [sel=118 cap=10562 rest=150] sg=5->5 mode=NONE win=8 obs=338 | cap=wip act=TURN request=-45deg execute=-15deg x1 a=2 | sp=straight_ahead:reached d=0.2 age=1 dtg=5.17 region=0_14
ep=196 s=338 15358ms [sel=0 cap=15214 rest=144] sg=5->5 mode=NONE win=8 obs=339 | cap=wip act=TURN request=-45deg execute=-15deg x1 a=2 dtg=5.17 region=0_14
ep=196 s=339 30451ms [sel=0 cap=0 rest=30413] sg=None->5 mode=NONE win=8 obs=340 | cap=- act=TURN request=-45deg execute=-15deg x1 a=2 | preview=view-/6 yaw=+0 render=38ms ANALYSIS_ERROR_STAGE=completion_confirmation ANALYSIS_ERROR='CaptionerOutputError: decision violates the navigation reply contract: Request timed out.' dtg=5.17 region=0_14
ep=196 s=340 17787ms [sel=0 cap=17643 rest=143] sg=5->5 mode=NONE win=8 obs=341 | cap=wip act=TURN request=-45deg execute=-15deg x1 a=2 dtg=5.17 region=0_14
ep=196 s=341 11110ms [sel=0 cap=10971 rest=139] sg=5->5 mode=NONE win=8 obs=342 | cap=wip act=TURN request=-45deg execute=-15deg x1 a=2 dtg=5.17 region=0_14
ep=196 s=342 30450ms [sel=0 cap=0 rest=30414] sg=None->5 mode=NONE win=8 obs=343 | cap=- act=TURN request=-45deg execute=-15deg x1 a=2 | preview=view-/6 yaw=+0 render=36ms ANALYSIS_ERROR_STAGE=completion_confirmation ANALYSIS_ERROR='CaptionerOutputError: decision violates the navigation reply contract: Request timed out.' dtg=5.17 region=0_14
ep=196 s=343 16998ms [sel=0 cap=16851 rest=147] sg=5->5 mode=NONE win=8 obs=344 | cap=wip act=TURN request=-45deg execute=-15deg x1 a=2 dtg=5.17 region=0_14
ep=196 s=344 13252ms [sel=0 cap=13110 rest=142] sg=5->5 mode=NONE win=8 obs=345 | cap=wip act=TURN request=-45deg execute=-15deg x1 a=2 dtg=5.17 region=0_14
ep=196 s=345 24627ms [sel=0 cap=24199 rest=392] sg=5->5 mode=NONE win=8 obs=346 | cap=wip act=TURN request=-45deg execute=-15deg x1 a=2 | preview=view-/6 yaw=+0 render=36ms dtg=5.17 region=0_14
ep=196 s=346 20281ms [sel=0 cap=20140 rest=142] sg=5->5 mode=NONE win=8 obs=347 | cap=wip act=TURN request=-45deg execute=-15deg x1 a=2 dtg=5.17 region=0_14
ep=196 s=347 26526ms [sel=0 cap=26384 rest=142] sg=5->5 mode=NONE win=8 obs=348 | cap=wip act=TURN request=-45deg execute=-15deg x1 a=2 dtg=5.17 region=0_14
ep=196 s=348 23584ms [sel=0 cap=23088 rest=455] sg=5->5 mode=NONE win=8 obs=349 | cap=wip act=TURN request=-45deg execute=-15deg x1 a=2 | preview=view-/6 yaw=+0 render=41ms dtg=5.17 region=0_14
ep=196 s=349 17956ms [sel=53 cap=17753 rest=149] sg=5->5 mode=NONE win=8 obs=350 | cap=wip act=(340,282) d=4.00 a=1 dtg=4.91 region=0_14
ep=196 s=350 17729ms [sel=117 cap=17465 rest=146] sg=5->5 mode=NONE win=8 obs=351 | cap=wip act=TURN request=-45deg execute=-15deg x1 a=2 dtg=4.91 region=0_14
ep=196 s=351 28490ms [sel=0 cap=27965 rest=477] sg=5->5 mode=NONE win=8 obs=352 | cap=wip act=TURN request=-45deg execute=-15deg x1 a=2 | preview=view-/6 yaw=+0 render=48ms dtg=4.91 region=0_14
ep=196 s=352 8154ms [sel=0 cap=8013 rest=141] sg=5->5 mode=NONE win=8 obs=353 | cap=wip act=TURN request=-45deg execute=-15deg x1 a=2 dtg=4.91 region=0_14
ep=196 s=353 9070ms [sel=0 cap=8925 rest=145] sg=5->5 mode=NONE win=8 obs=354 | cap=wip act=TURN request=-45deg execute=-15deg x1 a=2 dtg=4.91 region=0_14
ep=196 s=354 25563ms [sel=0 cap=25069 rest=453] sg=5->5 mode=NONE win=8 obs=355 | cap=wip act=TURN request=-45deg execute=-15deg x1 a=2 | preview=view-/6 yaw=+0 render=41ms dtg=4.91 region=0_14
ep=196 s=355 13510ms [sel=0 cap=13365 rest=145] sg=5->5 mode=NONE win=8 obs=356 | cap=wip act=TURN request=-45deg execute=-15deg x1 a=2 dtg=4.91 region=0_14
ep=196 s=356 18379ms [sel=0 cap=18227 rest=152] sg=5->5 mode=NONE win=8 obs=357 | cap=wip act=TURN request=-45deg execute=-15deg x1 a=2 dtg=4.91 region=0_14
ep=196 s=357 30617ms [sel=0 cap=0 rest=30547] sg=None->5 mode=NONE win=8 obs=358 | cap=- act=TURN request=-45deg execute=-15deg x1 a=2 | preview=view-/6 yaw=+0 render=70ms ANALYSIS_ERROR_STAGE=decision ANALYSIS_ERROR='CaptionerInferenceError: Captioner model inference failed' dtg=4.91 region=0_14
ep=196 s=358 17321ms [sel=0 cap=17172 rest=149] sg=5->5 mode=NONE win=8 obs=359 | cap=wip act=TURN request=-45deg execute=-15deg x1 a=2 dtg=4.91 region=0_14
ep=196 s=359 18285ms [sel=0 cap=18140 rest=145] sg=5->5 mode=NONE win=8 obs=360 | cap=wip act=TURN request=-45deg execute=-15deg x1 a=2 dtg=4.91 region=0_14
ep=196 s=360 23223ms [sel=0 cap=22716 rest=471] sg=5->5 mode=NONE win=8 obs=361 | cap=wip act=TURN request=-45deg execute=-15deg x1 a=2 | preview=view-/6 yaw=+0 render=36ms dtg=4.91 region=0_14
ep=196 s=361 16171ms [sel=0 cap=15998 rest=173] sg=5->5 mode=NONE win=8 obs=362 | cap=wip act=TURN request=-45deg execute=-15deg x1 a=2 dtg=4.91 region=0_14
ep=196 s=362 15833ms [sel=45 cap=15641 rest=147] sg=5->5 mode=NONE win=8 obs=363 | cap=wip act=(267,428) d=1.15 a=1 | sp=straight_ahead:reached d=0.2 age=0 dtg=5.17 region=0_14
ep=196 s=363 29752ms [sel=116 cap=29186 rest=416] sg=5->5 mode=NONE win=8 obs=364 | cap=wip act=TURN request=-45deg execute=-15deg x1 a=2 | preview=view-/6 yaw=+0 render=35ms | sp=straight_ahead:reached d=0.2 age=1 dtg=5.17 region=0_14
ep=196 s=364 16401ms [sel=0 cap=16256 rest=145] sg=5->5 mode=NONE win=8 obs=365 | cap=wip act=TURN request=-45deg execute=-15deg x1 a=2 dtg=5.17 region=0_14
ep=196 s=365 14421ms [sel=0 cap=14278 rest=143] sg=5->5 mode=NONE win=8 obs=366 | cap=wip act=TURN request=-45deg execute=-15deg x1 a=2 dtg=5.17 region=0_14
ep=196 s=366 26555ms [sel=0 cap=26117 rest=401] sg=5->5 mode=NONE win=8 obs=367 | cap=wip act=TURN request=-45deg execute=-15deg x1 a=2 | preview=view-/6 yaw=+0 render=36ms dtg=5.17 region=0_14
ep=196 s=367 21385ms [sel=0 cap=21242 rest=143] sg=5->5 mode=NONE win=8 obs=368 | cap=wip act=TURN request=-45deg execute=-15deg x1 a=2 dtg=5.17 region=0_14
ep=196 s=368 17717ms [sel=0 cap=17568 rest=148] sg=5->5 mode=NONE win=8 obs=369 | cap=wip act=TURN request=-45deg execute=-15deg x1 a=2 dtg=5.17 region=0_14
ep=196 s=369 17721ms [sel=0 cap=17577 rest=144] sg=5->5 mode=NONE win=8 obs=370 | cap=wip act=TURN request=-45deg execute=-15deg x1 a=2 dtg=5.17 region=0_14
ep=196 s=370 26862ms [sel=0 cap=26377 rest=449] sg=5->5 mode=NONE win=8 obs=371 | cap=wip act=TURN request=-45deg execute=-15deg x1 a=2 | preview=view-/6 yaw=+0 render=37ms dtg=5.17 region=0_14
ep=196 s=371 24131ms [sel=0 cap=23991 rest=141] sg=5->5 mode=NONE win=8 obs=372 | cap=wip act=TURN request=-45deg execute=-15deg x1 a=2 dtg=5.17 region=0_14
ep=196 s=372 24533ms [sel=0 cap=24389 rest=144] sg=5->5 mode=NONE win=8 obs=373 | cap=wip act=TURN request=-45deg execute=-15deg x1 a=2 dtg=5.17 region=0_14
ep=196 s=373 30505ms [sel=0 cap=0 rest=30469] sg=None->5 mode=NONE win=8 obs=374 | cap=- act=TURN request=-45deg execute=-15deg x1 a=2 | preview=view-/6 yaw=+0 render=35ms ANALYSIS_ERROR_STAGE=decision ANALYSIS_ERROR='CaptionerInferenceError: Captioner model inference failed' dtg=5.17 region=0_14
ep=196 s=374 18665ms [sel=0 cap=18521 rest=143] sg=5->5 mode=NONE win=8 obs=375 | cap=wip act=TURN request=-45deg execute=-15deg x1 a=2 dtg=5.17 region=0_14
ep=196 s=375 18187ms [sel=49 cap=17996 rest=142] sg=5->5 mode=NONE win=8 obs=376 | cap=wip act=(340,282) d=4.00 a=1 dtg=4.91 region=0_14
ep=196 s=376 28068ms [sel=114 cap=27452 rest=464] sg=5->5 mode=NONE win=8 obs=377 | cap=wip act=TURN request=-45deg execute=-15deg x1 a=2 | preview=view-/6 yaw=+0 render=37ms dtg=4.91 region=0_14
ep=196 s=377 13174ms [sel=0 cap=13033 rest=142] sg=5->5 mode=NONE win=8 obs=378 | cap=wip act=TURN request=-45deg execute=-15deg x1 a=2 dtg=4.91 region=0_14
ep=196 s=378 30177ms [sel=0 cap=0 rest=30177] sg=None->5 mode=NONE win=8 obs=379 | cap=- act=TURN request=-45deg execute=-15deg x1 a=2 ANALYSIS_ERROR_STAGE=decision ANALYSIS_ERROR='CaptionerInferenceError: Captioner model inference failed' dtg=4.91 region=0_14
ep=196 s=379 26636ms [sel=0 cap=26164 rest=435] sg=5->5 mode=NONE win=8 obs=380 | cap=wip act=TURN request=-45deg execute=-15deg x1 a=2 | preview=view-/6 yaw=+0 render=36ms dtg=4.91 region=0_14
ep=196 s=380 11988ms [sel=0 cap=11849 rest=139] sg=5->5 mode=NONE win=8 obs=381 | cap=wip act=TURN request=-45deg execute=-15deg x1 a=2 dtg=4.91 region=0_14
ep=196 s=381 15904ms [sel=0 cap=15764 rest=140] sg=5->5 mode=NONE win=8 obs=382 | cap=wip act=TURN request=-45deg execute=-15deg x1 a=2 dtg=4.91 region=0_14
ep=196 s=382 30506ms [sel=0 cap=0 rest=30470] sg=None->5 mode=NONE win=8 obs=383 | cap=- act=TURN request=-45deg execute=-15deg x1 a=2 | preview=view-/6 yaw=+0 render=36ms ANALYSIS_ERROR_STAGE=completion_confirmation ANALYSIS_ERROR='CaptionerOutputError: decision violates the navigation reply contract: Request timed out.' dtg=4.91 region=0_14
ep=196 s=383 19978ms [sel=0 cap=19831 rest=147] sg=5->5 mode=NONE win=8 obs=384 | cap=wip act=TURN request=-45deg execute=-15deg x1 a=2 dtg=4.91 region=0_14
ep=196 s=384 26794ms [sel=0 cap=26649 rest=145] sg=5->5 mode=NONE win=8 obs=385 | cap=wip act=TURN request=-45deg execute=-15deg x1 a=2 dtg=4.91 region=0_14
ep=196 s=385 25325ms [sel=0 cap=24828 rest=459] sg=5->5 mode=NONE win=8 obs=386 | cap=wip act=TURN request=-45deg execute=-15deg x1 a=2 | preview=view-/6 yaw=+0 render=37ms dtg=4.91 region=0_14
ep=196 s=386 23968ms [sel=0 cap=23821 rest=147] sg=5->5 mode=NONE win=8 obs=387 | cap=wip act=TURN request=-45deg execute=-15deg x1 a=2 dtg=4.91 region=0_14
ep=196 s=387 18818ms [sel=0 cap=18669 rest=148] sg=5->5 mode=NONE win=8 obs=388 | cap=wip act=TURN request=-45deg execute=-15deg x1 a=2 dtg=4.91 region=0_14
ep=196 s=388 30550ms [sel=48 cap=0 rest=30466] sg=None->5 mode=NONE win=8 obs=389 | cap=- act=(267,428) d=1.15 a=1 | preview=view-/6 yaw=+0 render=36ms | sp=straight_ahead:reached d=0.2 age=0 ANALYSIS_ERROR_STAGE=decision ANALYSIS_ERROR='CaptionerInferenceError: Captioner model inference failed' dtg=5.17 region=0_14
ep=196 s=389 20272ms [sel=184 cap=19931 rest=156] sg=5->5 mode=NONE win=8 obs=390 | cap=wip act=TURN request=-45deg execute=-15deg x1 a=2 | sp=straight_ahead:reached d=0.2 age=1 dtg=5.17 region=0_14
ep=196 s=390 19187ms [sel=0 cap=19038 rest=150] sg=5->5 mode=NONE win=8 obs=391 | cap=wip act=TURN request=-45deg execute=-15deg x1 a=2 dtg=5.17 region=0_14
ep=196 s=391 29090ms [sel=0 cap=28646 rest=408] sg=5->5 mode=NONE win=8 obs=392 | cap=wip act=TURN request=-45deg execute=-15deg x1 a=2 | preview=view-/6 yaw=+0 render=37ms dtg=5.17 region=0_14
ep=196 s=392 12336ms [sel=0 cap=12199 rest=137] sg=5->5 mode=NONE win=8 obs=393 | cap=wip act=TURN request=-45deg execute=-15deg x1 a=2 dtg=5.17 region=0_14
ep=196 s=393 11077ms [sel=0 cap=10935 rest=142] sg=5->5 mode=NONE win=8 obs=394 | cap=wip act=TURN request=-45deg execute=-15deg x1 a=2 dtg=5.17 region=0_14
ep=196 s=394 30484ms [sel=0 cap=0 rest=30443] sg=None->5 mode=NONE win=8 obs=395 | cap=- act=TURN request=-45deg execute=-15deg x1 a=2 | preview=view-/6 yaw=+0 render=41ms ANALYSIS_ERROR_STAGE=completion_confirmation ANALYSIS_ERROR='CaptionerOutputError: decision violates the navigation reply contract: Request timed out.' dtg=5.17 region=0_14
ep=196 s=395 23300ms [sel=0 cap=23154 rest=146] sg=5->5 mode=NONE win=8 obs=396 | cap=wip act=TURN request=-45deg execute=-15deg x1 a=2 dtg=5.17 region=0_14
ep=196 s=396 19624ms [sel=0 cap=19481 rest=143] sg=5->5 mode=NONE win=8 obs=397 | cap=wip act=TURN request=-45deg execute=-15deg x1 a=2 dtg=5.17 region=0_14
ep=196 s=397 28535ms [sel=0 cap=28085 rest=411] sg=5->5 mode=NONE win=8 obs=398 | cap=wip act=TURN request=-45deg execute=-15deg x1 a=2 | preview=view-/6 yaw=+0 render=39ms dtg=5.17 region=0_14
ep=196 s=398 11202ms [sel=0 cap=11056 rest=146] sg=5->5 mode=NONE win=8 obs=399 | cap=wip act=TURN request=-45deg execute=-15deg x1 a=2 dtg=5.17 region=0_14
ep=196 s=399 20881ms [sel=0 cap=20735 rest=145] sg=5->5 mode=NONE win=8 obs=400 | cap=wip act=TURN request=-45deg execute=-15deg x1 a=2 dtg=5.17 region=0_14
ep=196 s=400 24865ms [sel=0 cap=24381 rest=447] sg=5->5 mode=NONE win=8 obs=401 | cap=wip act=TURN request=-45deg execute=-15deg x1 a=2 | preview=view-/6 yaw=+0 render=36ms dtg=5.17 region=0_14
ep=196 s=401 17037ms [sel=48 cap=16841 rest=148] sg=5->5 mode=NONE win=8 obs=402 | cap=wip act=(340,282) d=4.00 a=1 dtg=4.91 region=0_14
ep=196 s=402 14684ms [sel=116 cap=14423 rest=145] sg=5->5 mode=NONE win=8 obs=403 | cap=wip act=TURN request=-45deg execute=-15deg x1 a=2 dtg=4.91 region=0_14
ep=196 s=403 23315ms [sel=0 cap=22814 rest=465] sg=5->5 mode=NONE win=8 obs=404 | cap=wip act=TURN request=-45deg execute=-15deg x1 a=2 | preview=view-/6 yaw=+0 render=37ms dtg=4.91 region=0_14
ep=196 s=404 16091ms [sel=0 cap=15949 rest=142] sg=5->5 mode=NONE win=8 obs=405 | cap=wip act=TURN request=-45deg execute=-15deg x1 a=2 dtg=4.91 region=0_14
ep=196 s=405 18460ms [sel=0 cap=18312 rest=148] sg=5->5 mode=NONE win=8 obs=406 | cap=wip act=TURN request=-45deg execute=-15deg x1 a=2 dtg=4.91 region=0_14
ep=196 s=406 23613ms [sel=0 cap=23107 rest=467] sg=5->5 mode=NONE win=8 obs=407 | cap=wip act=TURN request=-45deg execute=-15deg x1 a=2 | preview=view-/6 yaw=+0 render=39ms dtg=4.91 region=0_14
ep=196 s=407 22091ms [sel=0 cap=21942 rest=149] sg=5->5 mode=NONE win=8 obs=408 | cap=wip act=TURN request=-45deg execute=-15deg x1 a=2 dtg=4.91 region=0_14
ep=196 s=408 16796ms [sel=0 cap=16645 rest=151] sg=5->5 mode=NONE win=8 obs=409 | cap=wip act=TURN request=-45deg execute=-15deg x1 a=2 dtg=4.91 region=0_14
ep=196 s=409 30560ms [sel=0 cap=0 rest=30522] sg=None->5 mode=NONE win=8 obs=410 | cap=- act=TURN request=-45deg execute=-15deg x1 a=2 | preview=view-/6 yaw=+0 render=38ms ANALYSIS_ERROR_STAGE=completion_confirmation ANALYSIS_ERROR='CaptionerOutputError: decision violates the navigation reply contract: Request timed out.' dtg=4.91 region=0_14
ep=196 s=410 25262ms [sel=0 cap=25116 rest=146] sg=5->5 mode=NONE win=8 obs=411 | cap=wip act=TURN request=-45deg execute=-15deg x1 a=2 dtg=4.91 region=0_14
ep=196 s=411 16021ms [sel=0 cap=15874 rest=146] sg=5->5 mode=NONE win=8 obs=412 | cap=wip act=TURN request=-45deg execute=-15deg x1 a=2 dtg=4.91 region=0_14
ep=196 s=412 30529ms [sel=0 cap=0 rest=30493] sg=None->5 mode=NONE win=8 obs=413 | cap=- act=TURN request=-45deg execute=-15deg x1 a=2 | preview=view-/6 yaw=+0 render=37ms ANALYSIS_ERROR_STAGE=decision ANALYSIS_ERROR='CaptionerInferenceError: Captioner model inference failed' dtg=4.91 region=0_14
ep=196 s=413 30180ms [sel=0 cap=0 rest=30180] sg=None->5 mode=NONE win=8 obs=414 | cap=- act=TURN request=-45deg execute=-15deg x1 a=2 ANALYSIS_ERROR_STAGE=decision ANALYSIS_ERROR='CaptionerInferenceError: Captioner model inference failed' dtg=4.91 region=0_14
ep=196 s=414 24277ms [sel=49 cap=24083 rest=146] sg=5->5 mode=NONE win=8 obs=415 | cap=wip act=(267,428) d=1.15 a=1 | sp=straight_ahead:reached d=0.2 age=0 dtg=5.17 region=0_14
ep=196 s=415 30636ms [sel=114 cap=0 rest=30486] sg=None->5 mode=NONE win=8 obs=416 | cap=- act=TURN request=-45deg execute=-15deg x1 a=2 | preview=view-/6 yaw=+0 render=36ms | sp=straight_ahead:reached d=0.2 age=1 ANALYSIS_ERROR_STAGE=decision ANALYSIS_ERROR='CaptionerInferenceError: Captioner model inference failed' dtg=5.17 region=0_14
ep=196 s=416 14398ms [sel=0 cap=14252 rest=147] sg=5->5 mode=NONE win=8 obs=417 | cap=wip act=TURN request=-45deg execute=-15deg x1 a=2 dtg=5.17 region=0_14
ep=196 s=417 15474ms [sel=0 cap=15332 rest=142] sg=5->5 mode=NONE win=8 obs=418 | cap=wip act=TURN request=-45deg execute=-15deg x1 a=2 dtg=5.17 region=0_14
ep=196 s=418 22614ms [sel=0 cap=22147 rest=431] sg=5->5 mode=NONE win=8 obs=419 | cap=wip act=TURN request=-45deg execute=-15deg x1 a=2 | preview=view-/6 yaw=+0 render=36ms dtg=5.17 region=0_14
ep=196 s=419 23155ms [sel=0 cap=22990 rest=165] sg=5->5 mode=NONE win=8 obs=420 | cap=wip act=TURN request=-45deg execute=-15deg x1 a=2 dtg=5.17 region=0_14
ep=196 s=420 11791ms [sel=0 cap=11643 rest=147] sg=5->5 mode=NONE win=8 obs=421 | cap=wip act=TURN request=-45deg execute=-15deg x1 a=2 dtg=5.17 region=0_14
ep=196 s=421 26278ms [sel=0 cap=25820 rest=423] sg=5->5 mode=NONE win=8 obs=422 | cap=wip act=TURN request=-45deg execute=-15deg x1 a=2 | preview=view-/6 yaw=+0 render=35ms dtg=5.17 region=0_14
ep=196 s=422 19346ms [sel=0 cap=19185 rest=161] sg=5->5 mode=NONE win=8 obs=423 | cap=wip act=TURN request=-45deg execute=-15deg x1 a=2 dtg=5.17 region=0_14
ep=196 s=423 15531ms [sel=0 cap=15389 rest=142] sg=5->5 mode=NONE win=8 obs=424 | cap=wip act=TURN request=-45deg execute=-15deg x1 a=2 dtg=5.17 region=0_14
ep=196 s=424 26773ms [sel=0 cap=26320 rest=417] sg=5->5 mode=NONE win=8 obs=425 | cap=wip act=TURN request=-45deg execute=-15deg x1 a=2 | preview=view-/6 yaw=+0 render=36ms dtg=5.17 region=0_14
ep=196 s=425 15089ms [sel=0 cap=14949 rest=140] sg=5->5 mode=NONE win=8 obs=426 | cap=wip act=TURN request=-45deg execute=-15deg x1 a=2 dtg=5.17 region=0_14
ep=196 s=426 18119ms [sel=0 cap=17976 rest=143] sg=5->5 mode=NONE win=8 obs=427 | cap=wip act=TURN request=-45deg execute=-15deg x1 a=2 dtg=5.17 region=0_14
ep=196 s=427 20827ms [sel=48 cap=20308 rest=435] sg=5->5 mode=NONE win=8 obs=428 | cap=wip act=(340,282) d=4.00 a=1 | preview=view-/6 yaw=+0 render=36ms dtg=4.91 region=0_14
ep=196 s=428 19713ms [sel=124 cap=19446 rest=143] sg=5->5 mode=NONE win=8 obs=429 | cap=wip act=TURN request=-45deg execute=-15deg x1 a=2 dtg=4.91 region=0_14
ep=196 s=429 23089ms [sel=0 cap=22939 rest=150] sg=5->5 mode=NONE win=8 obs=430 | cap=wip act=TURN request=-45deg execute=-15deg x1 a=2 dtg=4.91 region=0_14
ep=196 s=430 15456ms [sel=0 cap=15299 rest=157] sg=5->5 mode=NONE win=8 obs=431 | cap=wip act=TURN request=-45deg execute=-15deg x1 a=2 dtg=4.91 region=0_14
ep=196 s=431 29090ms [sel=0 cap=28609 rest=446] sg=5->5 mode=NONE win=8 obs=432 | cap=wip act=TURN request=-45deg execute=-15deg x1 a=2 | preview=view-/6 yaw=+0 render=36ms dtg=4.91 region=0_14
ep=196 s=432 13119ms [sel=0 cap=12976 rest=143] sg=5->5 mode=NONE win=8 obs=433 | cap=wip act=TURN request=-45deg execute=-15deg x1 a=2 dtg=4.91 region=0_14
ep=196 s=433 9963ms [sel=0 cap=9817 rest=146] sg=5->5 mode=NONE win=8 obs=434 | cap=wip act=TURN request=-45deg execute=-15deg x1 a=2 dtg=4.91 region=0_14
ep=196 s=434 25378ms [sel=0 cap=24877 rest=464] sg=5->5 mode=NONE win=8 obs=435 | cap=wip act=TURN request=-45deg execute=-15deg x1 a=2 | preview=view-/6 yaw=+0 render=37ms dtg=4.91 region=0_14
ep=196 s=435 16937ms [sel=0 cap=16777 rest=160] sg=5->5 mode=NONE win=8 obs=436 | cap=wip act=TURN request=-45deg execute=-15deg x1 a=2 dtg=4.91 region=0_14
ep=196 s=436 17207ms [sel=0 cap=17055 rest=152] sg=5->5 mode=NONE win=8 obs=437 | cap=wip act=TURN request=-45deg execute=-15deg x1 a=2 dtg=4.91 region=0_14
ep=196 s=437 30485ms [sel=0 cap=0 rest=30449] sg=None->5 mode=NONE win=8 obs=438 | cap=- act=TURN request=-45deg execute=-15deg x1 a=2 | preview=view-/6 yaw=+0 render=36ms ANALYSIS_ERROR_STAGE=completion_confirmation ANALYSIS_ERROR='CaptionerOutputError: decision violates the navigation reply contract: Request timed out.' dtg=4.91 region=0_14
ep=196 s=438 16709ms [sel=0 cap=16557 rest=152] sg=5->5 mode=NONE win=8 obs=439 | cap=wip act=TURN request=-45deg execute=-15deg x1 a=2 dtg=4.91 region=0_14
ep=196 s=439 30188ms [sel=0 cap=0 rest=30188] sg=None->5 mode=NONE win=8 obs=440 | cap=- act=TURN request=-45deg execute=-15deg x1 a=2 ANALYSIS_ERROR_STAGE=decision ANALYSIS_ERROR='CaptionerInferenceError: Captioner model inference failed' dtg=4.91 region=0_14
ep=196 s=440 17479ms [sel=45 cap=16951 rest=446] sg=5->5 mode=NONE win=8 obs=441 | cap=wip act=(267,428) d=1.15 a=1 | preview=view-/6 yaw=+0 render=37ms | sp=straight_ahead:reached d=0.2 age=0 dtg=5.17 region=0_14
ep=196 s=441 18852ms [sel=116 cap=18584 rest=152] sg=5->5 mode=NONE win=8 obs=442 | cap=wip act=TURN request=-45deg execute=-15deg x1 a=2 | sp=straight_ahead:reached d=0.2 age=1 dtg=5.17 region=0_14
ep=196 s=442 15683ms [sel=0 cap=15436 rest=247] sg=5->5 mode=NONE win=8 obs=443 | cap=wip act=TURN request=-45deg execute=-15deg x1 a=2 dtg=5.17 region=0_14
ep=196 s=443 30471ms [sel=0 cap=0 rest=30435] sg=None->5 mode=NONE win=8 obs=444 | cap=- act=TURN request=-45deg execute=-15deg x1 a=2 | preview=view-/6 yaw=+0 render=36ms ANALYSIS_ERROR_STAGE=completion_confirmation ANALYSIS_ERROR='CaptionerOutputError: decision violates the navigation reply contract: Request timed out.' dtg=5.17 region=0_14
ep=196 s=444 13700ms [sel=0 cap=13524 rest=176] sg=5->5 mode=NONE win=8 obs=445 | cap=wip act=TURN request=-45deg execute=-15deg x1 a=2 dtg=5.17 region=0_14
ep=196 s=445 30173ms [sel=0 cap=0 rest=30173] sg=None->5 mode=NONE win=8 obs=446 | cap=- act=TURN request=-45deg execute=-15deg x1 a=2 ANALYSIS_ERROR_STAGE=decision ANALYSIS_ERROR='CaptionerInferenceError: Captioner model inference failed' dtg=5.17 region=0_14
ep=196 s=446 28022ms [sel=0 cap=27577 rest=409] sg=5->5 mode=NONE win=8 obs=447 | cap=wip act=TURN request=-45deg execute=-15deg x1 a=2 | preview=view-/6 yaw=+0 render=36ms dtg=5.17 region=0_14
ep=196 s=447 24573ms [sel=0 cap=24427 rest=146] sg=5->5 mode=NONE win=8 obs=448 | cap=wip act=TURN request=-45deg execute=-15deg x1 a=2 dtg=5.17 region=0_14
ep=196 s=448 30191ms [sel=0 cap=0 rest=30191] sg=None->5 mode=NONE win=8 obs=449 | cap=- act=TURN request=-45deg execute=-15deg x1 a=2 ANALYSIS_ERROR_STAGE=decision ANALYSIS_ERROR='CaptionerInferenceError: Captioner model inference failed' dtg=5.17 region=0_14
ep=196 s=449 19494ms [sel=0 cap=18964 rest=460] sg=5->5 mode=NONE win=8 obs=450 | cap=wip act=TURN request=-45deg execute=-15deg x1 a=2 | preview=view-/6 yaw=+0 render=69ms dtg=5.17 region=0_14
ep=196 s=450 30185ms [sel=0 cap=0 rest=30185] sg=None->5 mode=NONE win=8 obs=451 | cap=- act=TURN request=-45deg execute=-15deg x1 a=2 ANALYSIS_ERROR_STAGE=decision ANALYSIS_ERROR='CaptionerInferenceError: Captioner model inference failed' dtg=5.17 region=0_14
ep=196 s=451 30179ms [sel=0 cap=0 rest=30179] sg=None->5 mode=NONE win=8 obs=452 | cap=- act=TURN request=-45deg execute=-15deg x1 a=2 ANALYSIS_ERROR_STAGE=decision ANALYSIS_ERROR='CaptionerInferenceError: Captioner model inference failed' dtg=5.17 region=0_14
ep=196 s=452 24749ms [sel=0 cap=24603 rest=147] sg=5->5 mode=NONE win=8 obs=453 | cap=wip act=TURN request=-45deg execute=-15deg x1 a=2 dtg=5.17 region=0_14
ep=196 s=453 29461ms [sel=48 cap=28940 rest=437] sg=5->5 mode=NONE win=8 obs=454 | cap=wip act=(340,282) d=4.00 a=1 | preview=view-/6 yaw=+0 render=36ms dtg=4.91 region=0_14
ep=196 s=454 14253ms [sel=116 cap=13983 rest=155] sg=5->5 mode=NONE win=8 obs=455 | cap=wip act=TURN request=-45deg execute=-15deg x1 a=2 dtg=4.91 region=0_14
ep=196 s=455 13987ms [sel=0 cap=13805 rest=182] sg=5->5 mode=NONE win=8 obs=456 | cap=wip act=TURN request=-45deg execute=-15deg x1 a=2 dtg=4.91 region=0_14
ep=196 s=456 26720ms [sel=0 cap=26172 rest=499] sg=5->5 mode=NONE win=8 obs=457 | cap=wip act=TURN request=-45deg execute=-15deg x1 a=2 | preview=view-/6 yaw=+0 render=48ms dtg=4.91 region=0_14
ep=196 s=457 23589ms [sel=0 cap=23447 rest=142] sg=5->5 mode=NONE win=8 obs=458 | cap=wip act=TURN request=-45deg execute=-15deg x1 a=2 dtg=4.91 region=0_14
ep=196 s=458 30157ms [sel=0 cap=0 rest=30157] sg=None->5 mode=NONE win=8 obs=459 | cap=- act=TURN request=-45deg execute=-15deg x1 a=2 ANALYSIS_ERROR_STAGE=decision ANALYSIS_ERROR='CaptionerInferenceError: Captioner model inference failed' dtg=4.91 region=0_14
ep=196 s=459 30527ms [sel=0 cap=0 rest=30491] sg=None->5 mode=NONE win=8 obs=460 | cap=- act=TURN request=-45deg execute=-15deg x1 a=2 | preview=view-/6 yaw=+0 render=36ms ANALYSIS_ERROR_STAGE=completion_confirmation ANALYSIS_ERROR='CaptionerOutputError: decision violates the navigation reply contract: Request timed out.' dtg=4.91 region=0_14
ep=196 s=460 13581ms [sel=0 cap=13430 rest=151] sg=5->5 mode=NONE win=8 obs=461 | cap=wip act=TURN request=-45deg execute=-15deg x1 a=2 dtg=4.91 region=0_14
ep=196 s=461 26453ms [sel=0 cap=26304 rest=149] sg=5->5 mode=NONE win=8 obs=462 | cap=wip act=TURN request=-45deg execute=-15deg x1 a=2 dtg=4.91 region=0_14
ep=196 s=462 30563ms [sel=0 cap=0 rest=30527] sg=None->5 mode=NONE win=8 obs=463 | cap=- act=TURN request=-45deg execute=-15deg x1 a=2 | preview=view-/6 yaw=+0 render=36ms ANALYSIS_ERROR_STAGE=decision ANALYSIS_ERROR='CaptionerInferenceError: Captioner model inference failed' dtg=4.91 region=0_14
ep=196 s=463 18180ms [sel=0 cap=18030 rest=150] sg=5->5 mode=NONE win=8 obs=464 | cap=wip act=TURN request=-45deg execute=-15deg x1 a=2 dtg=4.91 region=0_14
ep=196 s=464 12603ms [sel=0 cap=12451 rest=152] sg=5->5 mode=NONE win=8 obs=465 | cap=wip act=TURN request=-45deg execute=-15deg x1 a=2 dtg=4.91 region=0_14
ep=196 s=465 24827ms [sel=0 cap=24312 rest=478] sg=5->5 mode=NONE win=8 obs=466 | cap=wip act=TURN request=-45deg execute=-15deg x1 a=2 | preview=view-/6 yaw=+0 render=37ms dtg=4.91 region=0_14
ep=196 s=466 12868ms [sel=46 cap=12675 rest=147] sg=5->5 mode=NONE win=8 obs=467 | cap=wip act=(267,428) d=1.15 a=1 | sp=straight_ahead:reached d=0.2 age=0 dtg=5.17 region=0_14
ep=196 s=467 20540ms [sel=110 cap=20282 rest=147] sg=5->5 mode=NONE win=8 obs=468 | cap=wip act=TURN request=-45deg execute=-15deg x1 a=2 | sp=straight_ahead:reached d=0.2 age=1 dtg=5.17 region=0_14
ep=196 s=468 21379ms [sel=0 cap=21234 rest=145] sg=5->5 mode=NONE win=8 obs=469 | cap=wip act=TURN request=-45deg execute=-15deg x1 a=2 dtg=5.17 region=0_14
ep=196 s=469 30190ms [sel=0 cap=0 rest=30190] sg=None->5 mode=NONE win=8 obs=470 | cap=- act=TURN request=-45deg execute=-15deg x1 a=2 ANALYSIS_ERROR_STAGE=decision ANALYSIS_ERROR='CaptionerInferenceError: Captioner model inference failed' dtg=5.17 region=0_14
ep=196 s=470 19352ms [sel=0 cap=19212 rest=140] sg=5->5 mode=NONE win=8 obs=471 | cap=wip act=TURN request=-45deg execute=-15deg x1 a=2 dtg=5.17 region=0_14
ep=196 s=471 22047ms [sel=0 cap=21905 rest=143] sg=5->5 mode=NONE win=8 obs=472 | cap=wip act=TURN request=-45deg execute=-15deg x1 a=2 dtg=5.17 region=0_14
ep=196 s=472 10934ms [sel=0 cap=10789 rest=144] sg=5->5 mode=NONE win=8 obs=473 | cap=wip act=TURN request=-45deg execute=-15deg x1 a=2 dtg=5.17 region=0_14
ep=196 s=473 24550ms [sel=0 cap=24084 rest=430] sg=5->5 mode=NONE win=8 obs=474 | cap=wip act=TURN request=-45deg execute=-15deg x1 a=2 | preview=view-/6 yaw=+0 render=36ms dtg=5.17 region=0_14
ep=196 s=474 22745ms [sel=0 cap=22598 rest=147] sg=5->5 mode=NONE win=8 obs=475 | cap=wip act=TURN request=-45deg execute=-15deg x1 a=2 dtg=5.17 region=0_14
ep=196 s=475 11412ms [sel=0 cap=11267 rest=145] sg=5->5 mode=NONE win=8 obs=476 | cap=wip act=TURN request=-45deg execute=-15deg x1 a=2 dtg=5.17 region=0_14
ep=196 s=476 29331ms [sel=0 cap=28874 rest=421] sg=5->5 mode=NONE win=8 obs=477 | cap=wip act=TURN request=-45deg execute=-15deg x1 a=2 | preview=view-/6 yaw=+0 render=36ms dtg=5.17 region=0_14
ep=196 s=477 17253ms [sel=0 cap=17106 rest=147] sg=5->5 mode=NONE win=8 obs=478 | cap=wip act=TURN request=-45deg execute=-15deg x1 a=2 dtg=5.17 region=0_14
ep=196 s=478 16420ms [sel=0 cap=16270 rest=150] sg=5->5 mode=NONE win=8 obs=479 | cap=wip act=TURN request=-45deg execute=-15deg x1 a=2 dtg=5.17 region=0_14
ep=196 s=479 30546ms [sel=48 cap=0 rest=30462] sg=None->5 mode=NONE win=8 obs=480 | cap=- act=(340,282) d=4.00 a=1 | preview=view-/6 yaw=+0 render=36ms ANALYSIS_ERROR_STAGE=completion_confirmation ANALYSIS_ERROR='CaptionerOutputError: decision violates the navigation reply contract: Request timed out.' dtg=4.91 region=0_14
ep=196 s=480 16158ms [sel=130 cap=15844 rest=184] sg=5->5 mode=NONE win=8 obs=481 | cap=wip act=TURN request=-45deg execute=-15deg x1 a=2 dtg=4.91 region=0_14
ep=196 s=481 15067ms [sel=0 cap=14921 rest=146] sg=5->5 mode=NONE win=8 obs=482 | cap=wip act=TURN request=-45deg execute=-15deg x1 a=2 dtg=4.91 region=0_14
ep=196 s=482 25963ms [sel=0 cap=25474 rest=453] sg=5->5 mode=NONE win=8 obs=483 | cap=wip act=TURN request=-45deg execute=-15deg x1 a=2 | preview=view-/6 yaw=+0 render=36ms dtg=4.91 region=0_14
ep=196 s=483 14360ms [sel=0 cap=14211 rest=149] sg=5->5 mode=NONE win=8 obs=484 | cap=wip act=TURN request=-45deg execute=-15deg x1 a=2 dtg=4.91 region=0_14
ep=196 s=484 16272ms [sel=0 cap=16094 rest=178] sg=5->5 mode=NONE win=8 obs=485 | cap=wip act=TURN request=-45deg execute=-15deg x1 a=2 dtg=4.91 region=0_14
ep=196 s=485 23311ms [sel=0 cap=22787 rest=487] sg=5->5 mode=NONE win=8 obs=486 | cap=wip act=TURN request=-45deg execute=-15deg x1 a=2 | preview=view-/6 yaw=+0 render=37ms dtg=4.91 region=0_14
ep=196 s=486 14984ms [sel=0 cap=14834 rest=150] sg=5->5 mode=NONE win=8 obs=487 | cap=wip act=TURN request=-45deg execute=-15deg x1 a=2 dtg=4.91 region=0_14
ep=196 s=487 17144ms [sel=0 cap=16990 rest=153] sg=5->5 mode=NONE win=8 obs=488 | cap=wip act=TURN request=-45deg execute=-15deg x1 a=2 dtg=4.91 region=0_14
ep=196 s=488 14031ms [sel=0 cap=13538 rest=457] sg=5->5 mode=NONE win=8 obs=489 | cap=wip act=TURN request=-45deg execute=-15deg x1 a=2 | preview=view-/6 yaw=+0 render=37ms dtg=4.91 region=0_14
ep=196 s=489 8729ms [sel=0 cap=8559 rest=170] sg=5->5 mode=NONE win=8 obs=490 | cap=wip act=TURN request=-45deg execute=-15deg x1 a=2 dtg=4.91 region=0_14
ep=196 s=490 8382ms [sel=0 cap=8195 rest=187] sg=5->5 mode=NONE win=8 obs=491 | cap=wip act=TURN request=-45deg execute=-15deg x1 a=2 dtg=4.91 region=0_14
ep=196 s=491 10061ms [sel=0 cap=9905 rest=156] sg=5->5 mode=NONE win=8 obs=492 | cap=wip act=TURN request=-45deg execute=-15deg x1 a=2 dtg=4.91 region=0_14
ep=196 s=492 55351ms [sel=49282 cap=5882 rest=187] sg=5->5 mode=NONE win=8 obs=493 | cap=wip act=(267,428) d=1.15 a=1 | sp=straight_ahead:reached d=0.2 age=0 som=1/4 dtg=5.17 region=0_14
ep=196 s=493 16712ms [sel=112 cap=16143 rest=422] sg=5->5 mode=NONE win=8 obs=494 | cap=wip act=TURN request=-45deg execute=-15deg x1 a=2 | preview=view-/6 yaw=+0 render=36ms | sp=straight_ahead:reached d=0.2 age=1 dtg=5.17 region=0_14
ep=196 s=494 13420ms [sel=0 cap=13277 rest=144] sg=5->5 mode=NONE win=8 obs=495 | cap=wip act=TURN request=-45deg execute=-15deg x1 a=2 dtg=5.17 region=0_14
ep=196 s=495 11647ms [sel=0 cap=11501 rest=146] sg=5->5 mode=NONE win=8 obs=496 | cap=wip act=TURN request=-45deg execute=-15deg x1 a=2 dtg=5.17 region=0_14
ep=196 s=496 21704ms [sel=0 cap=21263 rest=404] sg=5->5 mode=NONE win=8 obs=497 | cap=wip act=TURN request=-45deg execute=-15deg x1 a=2 | preview=view-/6 yaw=+0 render=37ms dtg=5.17 region=0_14
ep=196 s=497 9498ms [sel=0 cap=9314 rest=184] sg=5->5 mode=NONE win=8 obs=498 | cap=wip act=TURN request=-45deg execute=-15deg x1 a=2 dtg=5.17 region=0_14
ep=196 s=498 10322ms [sel=0 cap=10135 rest=187] sg=5->5 mode=NONE win=8 obs=499 | cap=wip act=TURN request=-45deg execute=-15deg x1 a=2 dtg=5.17 region=0_14
ep=196 s=499 18481ms [sel=0 cap=17984 rest=457] sg=5->5 mode=NONE win=8 obs=500 | cap=wip act=TURN request=-45deg execute=-15deg x1 a=2 | preview=view-/6 yaw=+0 render=40ms dtg=5.17 region=0_14
rank=3 [2/12] id=196 steps=500 success=0.000 spl=0.000 dtg=5.17 osr=0 path_length=14.71 ndtw=0.573 sdtw=0.000
PluginManager::Manager: duplicate static plugin StbImageImporter, ignoring
PluginManager::Manager: duplicate static plugin GltfImporter, ignoring
PluginManager::Manager: duplicate static plugin BasisImporter, ignoring
PluginManager::Manager: duplicate static plugin AssimpImporter, ignoring
PluginManager::Manager: duplicate static plugin AnySceneImporter, ignoring
PluginManager::Manager: duplicate static plugin AnyImageImporter, ignoring
episode=356 instruction='Go upstairs, turn right, walk into the bedroom, walk towards the night stand on the left side of the bed, turn left, walk towards the white rug, while facing the closet turn right into  the second door, stop in front of the toilet. ' start_position=[0.9583550095558167, 3.11130428314209, -4.9011101722717285] goal_position=[6.905529975891113, 3.6244001388549805, -5.539549827575684] reference_geodesic=8.459192276000977
episode=356 prepared_subgoals=5
  [1] Go upstairs
      proof: The upstairs is beside or directly ahead of the camera, within a step; the camera has not yet turned right.
  [2] Turn right at the top of the stairs, then enter the bedroom
      proof: The bedroom interior is central in the view.
  [3] Walk towards the night stand on the left side of the bed
      proof: The night stand on the left side of the bed is beside or directly ahead of the camera, within a step; the camera has not yet turned left.
  [4] Turn left until the white rug is centered ahead, then walk towards the white rug
      proof: The white rug is beside or directly ahead of the camera, within a step; the camera has not yet turned right.
  [5] While facing the closet, turn right into the second door, then stop in front of the toilet
      proof: The toilet is directly ahead of the camera, within a step
ep=356 s=0 16473ms [sel=6 cap=15931 rest=496] sg=1->1 mode=NONE win=1 obs=1 | cap=wip act=PREVIEW a=2 | preview=view2/6 yaw=+0 render=41ms dtg=8.46 region=1_26
ep=356 s=1 30859ms [sel=23539 cap=7210 rest=110] sg=1->1 mode=NONE win=2 obs=2 | cap=wip act=(320,360) d=2.98 a=3 | sp=som:active d=3.0 age=0 som=5/5 dtg=8.46 region=1_26
ep=356 s=2 9862ms [sel=5 cap=9753 rest=104] sg=1->1 mode=NONE win=3 obs=3 | cap=wip act=TURN request=+45deg execute=+15deg x1 a=3 | sp=som:active d=3.0 age=1 dtg=8.46 region=1_26
ep=356 s=3 8644ms [sel=10 cap=8535 rest=98] sg=1->1 mode=NONE win=4 obs=4 | cap=wip act=(320,360) d=2.98 a=3 | sp=som:active d=3.0 age=2 dtg=8.46 region=1_26
ep=356 s=4 9325ms [sel=5 cap=9226 rest=94] sg=1->1 mode=NONE win=5 obs=5 | cap=wip act=TURN request=+45deg execute=+15deg x1 a=3 | sp=som:active d=3.0 age=3 dtg=8.46 region=1_26
ep=356 s=5 11510ms [sel=3 cap=11414 rest=94] sg=1->1 mode=NONE win=6 obs=6 | cap=wip act=(320,360) d=2.98 a=3 | sp=som:active d=3.0 age=4 dtg=8.46 region=1_26
ep=356 s=6 9895ms [sel=3 cap=9801 rest=91] sg=1->1 mode=NONE win=7 obs=7 | cap=wip act=(320,360) d=2.98 a=3 | sp=som:active d=3.0 age=5 dtg=8.46 region=1_26
ep=356 s=7 9311ms [sel=4 cap=9223 rest=84] sg=1->1 mode=NONE win=8 obs=8 | cap=wip act=(320,360) d=2.98 a=1 | sp=som:active d=3.0 age=6 dtg=8.76 region=1_26
ep=356 s=8 10810ms [sel=4 cap=10714 rest=92] sg=1->1 mode=NONE win=8 obs=9 | cap=wip act=(320,360) d=2.83 a=1 | sp=som:active d=2.8 age=7 dtg=9.06 region=1_26
ep=356 s=9 10117ms [sel=4 cap=10024 rest=89] sg=1->1 mode=NONE win=8 obs=10 | cap=wip act=(320,360) d=2.70 a=1 | sp=som:active d=2.7 age=8 dtg=9.39 region=1_26
ep=356 s=10 9043ms [sel=4 cap=8956 rest=84] sg=1->1 mode=NONE win=8 obs=11 | cap=wip act=(320,360) d=2.59 a=2 | sp=som:active d=2.6 age=9 dtg=9.39 region=1_26
ep=356 s=11 17477ms [sel=5 cap=17381 rest=92] sg=1->1 mode=NONE win=8 obs=12 | cap=wip act=(320,360) d=2.59 a=2 | sp=som:active d=2.6 age=10 dtg=9.39 region=1_26
ep=356 s=12 20771ms [sel=7 cap=20670 rest=94] sg=1->1 mode=NONE win=8 obs=13 | cap=wip act=(320,360) d=2.59 a=1 | sp=som:active d=2.6 age=11 dtg=9.57 region=1_26
ep=356 s=13 16827ms [sel=0 cap=16737 rest=90] sg=1->2 mode=NONE win=8 obs=14 | cap=DONE act=TURN request=+45deg execute=+15deg x1 a=3 | sp=som:active d=2.4 age=12 dtg=9.57 region=1_26
ep=356 s=14 9527ms [sel=0 cap=9428 rest=99] sg=2->2 mode=NONE win=8 obs=15 | cap=wip act=TURN request=+45deg execute=+15deg x1 a=3 dtg=9.57 region=1_26
ep=356 s=15 12073ms [sel=0 cap=11984 rest=89] sg=2->2 mode=NONE win=8 obs=16 | cap=wip act=TURN request=+45deg execute=+15deg x1 a=3 dtg=9.57 region=1_26
ep=356 s=16 11169ms [sel=0 cap=11088 rest=80] sg=2->2 mode=TURN_OSCILLATION win=8 obs=17 | cap=wip/TURN_OSCILLATION act=TURN request=+45deg execute=+15deg x1 a=3 dtg=9.57 region=1_26
ep=356 s=17 10556ms [sel=52 cap=10427 rest=77] sg=2->2 mode=NONE win=8 obs=18 | cap=wip act=(291,415) d=1.21 a=1 | sp=straight_ahead:reached d=0.3 age=0 dtg=9.78 region=1_26
ep=356 s=18 14703ms [sel=197 cap=14029 rest=415] sg=2->2 mode=NONE win=8 obs=19 | cap=wip act=TURN request=-45deg execute=-15deg x1 a=2 | preview=view-/6 yaw=+0 render=62ms | sp=straight_ahead:reached d=0.3 age=1 dtg=9.78 region=1_26
ep=356 s=19 14548ms [sel=0 cap=14464 rest=84] sg=2->2 mode=WALL_STUCK win=8 obs=20 | cap=wip/WALL_STUCK act=TURN request=-45deg execute=-15deg x1 a=2 dtg=9.78 region=1_26
ep=356 s=20 8359ms [sel=0 cap=8267 rest=92] sg=2->2 mode=NONE win=8 obs=21 | cap=wip act=TURN request=-45deg execute=-15deg x1 a=2 dtg=9.78 region=1_26
ep=356 s=21 17023ms [sel=0 cap=16927 rest=96] sg=2->2 mode=NONE win=8 obs=22 | cap=wip act=TURN request=-45deg execute=-15deg x1 a=2 dtg=9.78 region=1_26
ep=356 s=22 10183ms [sel=0 cap=9740 rest=407] sg=2->2 mode=NONE win=8 obs=23 | cap=wip act=TURN request=-45deg execute=-15deg x1 a=2 | preview=view-/6 yaw=+0 render=36ms dtg=9.78 region=1_26
ep=356 s=23 14559ms [sel=0 cap=14469 rest=90] sg=2->2 mode=NONE win=8 obs=24 | cap=wip act=TURN request=-45deg execute=-15deg x1 a=2 dtg=9.78 region=1_26
ep=356 s=24 12685ms [sel=33 cap=12564 rest=88] sg=2->2 mode=NONE win=8 obs=25 | cap=wip act=(320,360) d=3.90 a=3 | sp=frontier:active d=3.9 age=0 dtg=9.78 region=1_26
ep=356 s=25 13275ms [sel=4 cap=12849 rest=387] sg=2->2 mode=NONE win=8 obs=26 | cap=wip act=(320,360) d=3.90 a=1 | preview=view-/6 yaw=+0 render=35ms | sp=frontier:active d=3.9 age=1 dtg=10.07 region=1_26
ep=356 s=26 9910ms [sel=4 cap=9818 rest=88] sg=2->2 mode=NONE win=8 obs=27 | cap=wip act=(320,360) d=3.73 a=1 | sp=frontier:active d=3.7 age=2 dtg=10.30 region=1_26
ep=356 s=27 14483ms [sel=7 cap=14389 rest=87] sg=2->2 mode=NONE win=8 obs=28 | cap=wip act=(320,360) d=3.57 a=1 | sp=frontier:active d=3.6 age=3 dtg=10.56 region=1_26
ep=356 s=28 9396ms [sel=4 cap=9303 rest=90] sg=2->2 mode=NONE win=8 obs=29 | cap=wip act=(320,360) d=3.42 a=2 | sp=frontier:active d=3.4 age=4 dtg=10.56 region=1_26
ep=356 s=29 14239ms [sel=9 cap=14137 rest=92] sg=2->2 mode=NONE win=8 obs=30 | cap=wip act=(320,360) d=3.42 a=1 | sp=frontier:active d=3.4 age=5 dtg=10.80 region=1_26
ep=356 s=30 17538ms [sel=10 cap=17066 rest=426] sg=2->2 mode=NONE win=8 obs=31 | cap=wip act=(320,360) d=3.24 a=2 | preview=view-/6 yaw=+0 render=36ms | sp=frontier:active d=3.2 age=6 dtg=10.80 region=1_26
ep=356 s=31 22090ms [sel=8 cap=21985 rest=97] sg=2->2 mode=NONE win=8 obs=32 | cap=wip act=(320,360) d=3.24 a=1 | sp=frontier:active d=3.2 age=7 dtg=11.03 region=1_26
ep=356 s=32 16213ms [sel=3 cap=16110 rest=101] sg=2->2 mode=NONE win=8 obs=33 | cap=wip act=(320,360) d=3.02 a=1 | sp=frontier:active d=3.0 age=8 dtg=11.31 region=1_26
ep=356 s=33 11044ms [sel=8 cap=10936 rest=100] sg=2->2 mode=NONE win=8 obs=34 | cap=wip act=(320,360) d=2.81 a=1 | sp=frontier:active d=2.8 age=9 dtg=11.62 region=1_26
ep=356 s=34 16359ms [sel=7 cap=16250 rest=102] sg=2->2 mode=NONE win=8 obs=35 | cap=wip act=(320,360) d=2.60 a=1 | sp=frontier:active d=2.6 age=10 dtg=11.94 region=1_26
ep=356 s=35 11832ms [sel=8 cap=11721 rest=103] sg=2->2 mode=NONE win=8 obs=36 | cap=wip act=(320,360) d=2.40 a=1 | sp=frontier:active d=2.4 age=11 dtg=12.25 region=1_26
ep=356 s=36 11137ms [sel=4 cap=11027 rest=106] sg=2->2 mode=NONE win=8 obs=37 | cap=wip act=(320,360) d=2.22 a=1 | sp=frontier:active d=2.2 age=12 dtg=12.57 region=1_26
ep=356 s=37 15238ms [sel=4 cap=15127 rest=107] sg=2->2 mode=NONE win=8 obs=38 | cap=wip act=(320,360) d=2.04 a=1 | sp=frontier:active d=2.0 age=13 dtg=12.89 region=1_26
ep=356 s=38 15595ms [sel=4 cap=15485 rest=106] sg=2->2 mode=NONE win=8 obs=39 | cap=wip act=(320,360) d=1.89 a=1 | sp=frontier:active d=1.9 age=14 dtg=13.23 region=1_9
ep=356 s=39 15190ms [sel=31 cap=15053 rest=106] sg=2->2 mode=NONE win=8 obs=40 | cap=wip act=(320,360) d=1.10 a=1 | sp=frontier:active d=1.1 age=0 dtg=13.46 region=1_9
ep=356 s=40 12603ms [sel=3 cap=12496 rest=103] sg=2->2 mode=NONE win=8 obs=41 | cap=wip act=(320,360) d=0.87 a=1 | sp=frontier:active d=0.9 age=1 dtg=13.66 region=1_9
ep=356 s=41 15475ms [sel=3 cap=14955 rest=480] sg=2->2 mode=NONE win=8 obs=42 | cap=wip act=(320,360) d=0.65 a=1 | preview=view-/6 yaw=+0 render=36ms | sp=frontier:active d=0.6 age=2 dtg=13.87 region=1_9
ep=356 s=42 13252ms [sel=72 cap=13073 rest=108] sg=2->2 mode=NONE win=8 obs=43 | cap=wip act=(320,359) d=1.96 a=1 | sp=straight_ahead:active d=1.1 age=0 dtg=14.09 region=1_9
ep=356 s=43 13096ms [sel=4 cap=12993 rest=100] sg=2->2 mode=NONE win=8 obs=44 | cap=wip act=(320,360) d=0.87 a=1 | sp=straight_ahead:active d=0.9 age=1 dtg=14.31 region=1_9
ep=356 s=44 19803ms [sel=68 cap=19641 rest=95] sg=2->3 mode=NONE win=8 obs=45 | cap=DONE act=(320,376) d=1.42 a=1 | sp=straight_ahead:active d=0.6 age=0 dtg=14.53 region=1_9
ep=356 s=45 51430ms [sel=41618 cap=9721 rest=91] sg=3->3 mode=NONE win=8 obs=46 | cap=wip act=(320,421) d=1.18 a=1 | sp=straight_ahead:reached d=0.4 age=0 som=2/5 dtg=14.75 region=1_9
ep=356 s=46 12753ms [sel=272 cap=12375 rest=106] sg=3->3 mode=NONE win=8 obs=47 | cap=wip act=TURN request=-45deg execute=-15deg x1 a=2 | sp=straight_ahead:reached d=0.4 age=1 dtg=14.75 region=1_9
ep=356 s=47 8388ms [sel=0 cap=8279 rest=109] sg=3->3 mode=NONE win=8 obs=48 | cap=wip act=TURN request=-45deg execute=-15deg x1 a=2 dtg=14.75 region=1_9
ep=356 s=48 15431ms [sel=0 cap=15322 rest=109] sg=3->3 mode=NONE win=8 obs=49 | cap=wip act=TURN request=-45deg execute=-15deg x1 a=2 dtg=14.75 region=1_9
ep=356 s=49 10129ms [sel=0 cap=10028 rest=101] sg=3->3 mode=NONE win=8 obs=50 | cap=wip act=TURN request=-45deg execute=-15deg x1 a=2 dtg=14.75 region=1_9
ep=356 s=50 16123ms [sel=0 cap=16018 rest=105] sg=3->3 mode=NONE win=8 obs=51 | cap=wip act=TURN request=-45deg execute=-15deg x1 a=2 dtg=14.75 region=1_9
ep=356 s=51 9598ms [sel=0 cap=9104 rest=459] sg=3->3 mode=NONE win=8 obs=52 | cap=wip act=TURN request=-45deg execute=-15deg x1 a=2 | preview=view-/6 yaw=+0 render=36ms dtg=14.75 region=1_9
ep=356 s=52 13975ms [sel=0 cap=13863 rest=112] sg=3->3 mode=NONE win=8 obs=53 | cap=wip act=TURN request=-45deg execute=-15deg x1 a=2 dtg=14.75 region=1_9
ep=356 s=53 9328ms [sel=0 cap=9219 rest=109] sg=3->3 mode=NONE win=8 obs=54 | cap=wip act=TURN request=-45deg execute=-15deg x1 a=2 dtg=14.75 region=1_9
ep=356 s=54 4982ms [sel=0 cap=4871 rest=111] sg=3->3 mode=NONE win=8 obs=55 | cap=wip act=TURN request=-45deg execute=-15deg x1 a=2 dtg=14.75 region=1_9
ep=356 s=55 12237ms [sel=58 cap=12045 rest=133] sg=3->3 mode=NONE win=8 obs=56 | cap=wip act=(320,359) d=2.05 a=1 | sp=straight_ahead:active d=1.8 age=0 dtg=14.74 region=1_9
ep=356 s=56 10510ms [sel=3 cap=10390 rest=117] sg=3->3 mode=NONE win=8 obs=57 | cap=wip act=(320,360) d=1.54 a=1 | sp=straight_ahead:active d=1.5 age=1 dtg=14.58 region=1_9
ep=356 s=57 10015ms [sel=3 cap=9891 rest=121] sg=3->3 mode=NONE win=8 obs=58 | cap=wip act=(320,360) d=1.29 a=1 | sp=straight_ahead:active d=1.3 age=2 dtg=14.43 region=1_9
ep=356 s=58 17909ms [sel=3 cap=17788 rest=118] sg=3->3 mode=NONE win=8 obs=59 | cap=wip act=(320,360) d=1.04 a=1 | sp=straight_ahead:active d=1.0 age=3 dtg=14.32 region=1_9
ep=356 s=59 9249ms [sel=3 cap=9132 rest=115] sg=3->3 mode=NONE win=8 obs=60 | cap=wip act=(320,360) d=0.79 a=1 | sp=straight_ahead:active d=0.8 age=4 dtg=14.32 region=1_9
ep=356 s=60 8795ms [sel=3 cap=8683 rest=109] sg=3->3 mode=NONE win=8 obs=61 | cap=wip act=(320,360) d=0.54 a=1 | sp=straight_ahead:active d=0.5 age=5 dtg=14.31 region=1_9
ep=356 s=61 90667ms [sel=81232 cap=9324 rest=110] sg=3->3 mode=NONE win=8 obs=62 | cap=wip act=(320,359) d=1.57 a=1 | sp=straight_ahead:active d=1.0 age=0 som=3/8 dtg=14.36 region=1_9
ep=356 s=62 13594ms [sel=5 cap=13487 rest=101] sg=3->3 mode=NONE win=8 obs=63 | cap=wip act=(320,360) d=0.82 a=2 | sp=straight_ahead:active d=0.8 age=1 dtg=14.36 region=1_9
ep=356 s=63 13651ms [sel=3 cap=13548 rest=100] sg=3->3 mode=NONE win=8 obs=64 | cap=wip act=(320,360) d=0.82 a=1 | sp=straight_ahead:active d=0.8 age=2 dtg=14.41 region=1_9
ep=356 s=64 13321ms [sel=3 cap=13221 rest=97] sg=3->3 mode=NONE win=8 obs=65 | cap=wip act=(320,360) d=0.57 a=1 | sp=straight_ahead:active d=0.6 age=3 dtg=14.51 region=1_9
ep=356 s=65 62918ms [sel=53614 cap=9211 rest=94] sg=3->3 mode=NONE win=8 obs=66 | cap=wip act=(320,359) d=2.07 a=1 | sp=straight_ahead:active d=1.1 age=0 som=2/8 dtg=14.66 region=1_26
ep=356 s=66 8267ms [sel=3 cap=8173 rest=91] sg=3->3 mode=NONE win=8 obs=67 | cap=wip act=(320,360) d=0.91 a=2 | sp=straight_ahead:active d=0.9 age=1 dtg=14.66 region=1_26
ep=356 s=67 10908ms [sel=4 cap=10801 rest=103] sg=3->3 mode=NONE win=8 obs=68 | cap=wip act=(320,360) d=0.91 a=1 | sp=straight_ahead:active d=0.9 age=2 dtg=14.78 region=1_26
ep=356 s=68 18364ms [sel=4 cap=18254 rest=106] sg=3->3 mode=NONE win=8 obs=69 | cap=wip act=(320,360) d=0.68 a=2 | sp=straight_ahead:active d=0.7 age=3 dtg=14.78 region=1_26
ep=356 s=69 7410ms [sel=3 cap=7301 rest=106] sg=3->3 mode=NONE win=8 obs=70 | cap=wip act=(320,360) d=0.68 a=1 | sp=straight_ahead:active d=0.7 age=4 dtg=14.89 region=1_26
ep=356 s=70 18347ms [sel=69 cap=18169 rest=109] sg=3->3 mode=NONE win=8 obs=71 | cap=wip act=(320,359) d=1.78 a=1 dtg=15.03 region=1_26
ep=356 s=71 16450ms [sel=64 cap=16280 rest=106] sg=3->3 mode=NONE win=8 obs=72 | cap=wip act=(322,364) d=1.50 a=1 dtg=15.20 region=1_26
ep=356 s=72 14007ms [sel=64 cap=13840 rest=103] sg=3->3 mode=NONE win=8 obs=73 | cap=wip act=(289,388) d=1.41 a=1 dtg=15.39 region=1_26
ep=356 s=73 20347ms [sel=15 cap=19840 rest=456] sg=3->3 mode=NONE win=8 obs=74 | cap=wip act=PREVIEW a=2 | preview=view0/6 yaw=-180 render=36ms dtg=15.39 region=1_26
ep=356 s=74 16324ms [sel=207 cap=16015 rest=102] sg=3->3 mode=NONE win=8 obs=75 | cap=wip act=TURN request=-45deg execute=-15deg x1 a=2 dtg=15.39 region=1_26
ep=356 s=75 13138ms [sel=0 cap=13038 rest=100] sg=3->3 mode=NONE win=8 obs=76 | cap=wip act=TURN request=-45deg execute=-15deg x1 a=2 dtg=15.39 region=1_26
ep=356 s=76 12532ms [sel=0 cap=12022 rest=475] sg=3->3 mode=NONE win=8 obs=77 | cap=wip act=TURN request=-45deg execute=-15deg x1 a=2 | preview=view-/6 yaw=+0 render=36ms dtg=15.39 region=1_26
ep=356 s=77 19299ms [sel=0 cap=19186 rest=113] sg=3->3 mode=NONE win=8 obs=78 | cap=wip act=TURN request=-45deg execute=-15deg x1 a=2 dtg=15.39 region=1_26
ep=356 s=78 18186ms [sel=0 cap=18070 rest=116] sg=3->3 mode=NONE win=8 obs=79 | cap=wip act=TURN request=-45deg execute=-15deg x1 a=2 dtg=15.39 region=1_26
ep=356 s=79 13236ms [sel=0 cap=12717 rest=479] sg=3->3 mode=NONE win=8 obs=80 | cap=wip act=TURN request=-45deg execute=-15deg x1 a=2 | preview=view-/6 yaw=+0 render=39ms dtg=15.39 region=1_26
ep=356 s=80 28872ms [sel=0 cap=28751 rest=121] sg=3->3 mode=NONE win=8 obs=81 | cap=wip act=TURN request=-45deg execute=-15deg x1 a=2 dtg=15.39 region=1_26
ep=356 s=81 10656ms [sel=0 cap=10539 rest=117] sg=3->3 mode=NONE win=8 obs=82 | cap=wip act=TURN request=-45deg execute=-15deg x1 a=2 dtg=15.39 region=1_26
ep=356 s=82 15770ms [sel=0 cap=15653 rest=117] sg=3->3 mode=NONE win=8 obs=83 | cap=wip act=TURN request=-45deg execute=-15deg x1 a=2 dtg=15.39 region=1_26
ep=356 s=83 15186ms [sel=73 cap=14997 rest=116] sg=3->3 mode=NONE win=8 obs=84 | cap=wip act=(320,359) d=2.06 a=1 | sp=straight_ahead:active d=1.7 age=0 dtg=15.14 region=1_26
ep=356 s=84 10295ms [sel=4 cap=10171 rest=120] sg=3->3 mode=NONE win=8 obs=85 | cap=wip act=(320,360) d=1.50 a=1 | sp=straight_ahead:active d=1.5 age=1 dtg=14.90 region=1_26
ep=356 s=85 11257ms [sel=3 cap=11133 rest=121] sg=3->3 mode=NONE win=8 obs=86 | cap=wip act=(320,360) d=1.25 a=1 | sp=straight_ahead:active d=1.2 age=2 dtg=14.65 region=1_26
ep=356 s=86 17727ms [sel=15 cap=17164 rest=511] sg=3->3 mode=NONE win=8 obs=87 | cap=wip act=PREVIEW a=2 | preview=view1/6 yaw=-90 render=36ms dtg=14.65 region=1_26
ep=356 s=87 11007ms [sel=75 cap=10814 rest=118] sg=3->3 mode=NONE win=8 obs=88 | cap=wip act=(320,359) d=2.06 a=1 | sp=straight_ahead:active d=1.7 age=0 dtg=14.45 region=1_26
ep=356 s=88 9752ms [sel=4 cap=9625 rest=123] sg=3->3 mode=NONE win=8 obs=89 | cap=wip act=(320,360) d=1.50 a=1 | sp=straight_ahead:active d=1.5 age=1 dtg=14.27 region=1_26
ep=356 s=89 17058ms [sel=4 cap=16924 rest=130] sg=3->3 mode=NONE win=8 obs=90 | cap=wip act=(320,360) d=1.25 a=3 | sp=straight_ahead:active d=1.2 age=2 dtg=14.27 region=1_26
ep=356 s=90 18460ms [sel=4 cap=18342 rest=114] sg=3->3 mode=NONE win=8 obs=91 | cap=wip act=(320,360) d=1.25 a=1 | sp=straight_ahead:active d=1.2 age=3 dtg=14.08 region=1_9
ep=356 s=91 17781ms [sel=3 cap=17662 rest=116] sg=3->3 mode=NONE win=8 obs=92 | cap=wip act=(320,360) d=1.01 a=2 | sp=straight_ahead:active d=1.0 age=4 dtg=14.08 region=1_9
ep=356 s=92 8242ms [sel=3 cap=8128 rest=112] sg=3->3 mode=NONE win=8 obs=93 | cap=wip act=(320,360) d=1.01 a=1 | sp=straight_ahead:active d=1.0 age=5 dtg=14.02 region=1_9
ep=356 s=93 15339ms [sel=3 cap=15226 rest=111] sg=3->3 mode=NONE win=8 obs=94 | cap=wip act=(320,360) d=0.76 a=1 | sp=straight_ahead:active d=0.8 age=6 dtg=14.05 region=1_9
ep=356 s=94 7204ms [sel=3 cap=7095 rest=105] sg=3->3 mode=NONE win=8 obs=95 | cap=wip act=(320,360) d=0.51 a=1 | sp=straight_ahead:active d=0.5 age=7 dtg=14.16 region=1_9
ep=356 s=95 19510ms [sel=10812 cap=8592 rest=106] sg=3->3 mode=GET_NOWHERE win=8 obs=96 | cap=wip/GET_NOWHERE act=(320,360) d=1.27 a=1 | sp=som:active d=1.3 age=0 som=2/8 dtg=14.32 region=1_9
ep=356 s=96 16130ms [sel=3 cap=16024 rest=103] sg=3->3 mode=GET_NOWHERE win=8 obs=97 | cap=wip/GET_NOWHERE act=(320,360) d=1.02 a=3 | sp=som:active d=1.0 age=1 dtg=14.32 region=1_9
ep=356 s=97 18721ms [sel=3 cap=18609 rest=109] sg=3->3 mode=NONE win=8 obs=98 | cap=wip act=(320,360) d=1.02 a=1 | sp=som:active d=1.0 age=2 dtg=14.41 region=1_9
ep=356 s=98 12861ms [sel=3 cap=12752 rest=105] sg=3->3 mode=NONE win=8 obs=99 | cap=wip act=(320,360) d=0.77 a=1 | sp=som:active d=0.8 age=3 dtg=14.58 region=1_9
ep=356 s=99 11709ms [sel=3 cap=11601 rest=104] sg=3->3 mode=NONE win=8 obs=100 | cap=wip act=(320,360) d=0.53 a=1 | sp=som:active d=0.5 age=4 dtg=14.77 region=1_9
ep=356 s=100 15139ms [sel=69 cap=14965 rest=105] sg=3->3 mode=NONE win=8 obs=101 | cap=wip act=(327,407) d=1.24 a=1 | sp=straight_ahead:active d=0.6 age=0 dtg=14.97 region=1_9
ep=356 s=101 12975ms [sel=268 cap=12600 rest=108] sg=3->3 mode=NONE win=8 obs=102 | cap=wip act=TURN request=+45deg execute=+15deg x1 a=3 | sp=straight_ahead:reached d=0.5 age=1 dtg=14.97 region=1_9
ep=356 s=102 11144ms [sel=0 cap=11031 rest=113] sg=3->3 mode=NONE win=8 obs=103 | cap=wip act=TURN request=+45deg execute=+15deg x1 a=3 dtg=14.97 region=1_9
ep=356 s=103 9971ms [sel=0 cap=9858 rest=112] sg=3->3 mode=NONE win=8 obs=104 | cap=wip act=TURN request=+45deg execute=+15deg x1 a=3 dtg=14.97 region=1_9
ep=356 s=104 11063ms [sel=0 cap=10568 rest=460] sg=3->3 mode=NONE win=8 obs=105 | cap=wip act=TURN request=+45deg execute=+15deg x1 a=3 | preview=view-/6 yaw=+0 render=35ms dtg=14.97 region=1_9
ep=356 s=105 10997ms [sel=0 cap=10869 rest=128] sg=3->3 mode=NONE win=8 obs=106 | cap=wip act=TURN request=+45deg execute=+15deg x1 a=3 dtg=14.97 region=1_9
ep=356 s=106 12633ms [sel=0 cap=12508 rest=125] sg=3->3 mode=NONE win=8 obs=107 | cap=wip act=TURN request=+45deg execute=+15deg x1 a=3 dtg=14.97 region=1_9
ep=356 s=107 13145ms [sel=0 cap=13024 rest=121] sg=3->3 mode=NONE win=8 obs=108 | cap=wip act=TURN request=+45deg execute=+15deg x1 a=3 dtg=14.97 region=1_9
ep=356 s=108 18725ms [sel=0 cap=18606 rest=118] sg=3->3 mode=NONE win=8 obs=109 | cap=wip act=TURN request=+45deg execute=+15deg x1 a=3 dtg=14.97 region=1_9
ep=356 s=109 6781ms [sel=0 cap=6658 rest=123] sg=3->3 mode=NONE win=8 obs=110 | cap=wip act=TURN request=+45deg execute=+15deg x1 a=3 dtg=14.97 region=1_9
ep=356 s=110 11920ms [sel=0 cap=11803 rest=117] sg=3->3 mode=NONE win=8 obs=111 | cap=wip act=TURN request=+45deg execute=+15deg x1 a=3 dtg=14.97 region=1_9
ep=356 s=111 8007ms [sel=0 cap=7893 rest=113] sg=3->3 mode=NONE win=8 obs=112 | cap=wip act=TURN request=+45deg execute=+15deg x1 a=3 dtg=14.97 region=1_9
ep=356 s=112 73648ms [sel=65234 cap=8296 rest=118] sg=3->3 mode=NONE win=8 obs=113 | cap=wip act=(320,360) d=2.98 a=1 | sp=som:active d=3.0 age=0 som=1/7 dtg=14.74 region=1_9
ep=356 s=113 14522ms [sel=3 cap=14409 rest=110] sg=3->3 mode=NONE win=8 obs=114 | cap=wip act=(320,360) d=2.73 a=3 | sp=som:active d=2.7 age=1 dtg=14.74 region=1_9
ep=356 s=114 9605ms [sel=3 cap=9487 rest=115] sg=3->3 mode=NONE win=8 obs=115 | cap=wip act=(320,360) d=2.73 a=1 | sp=som:active d=2.7 age=2 dtg=14.54 region=1_9
ep=356 s=115 6759ms [sel=3 cap=6641 rest=115] sg=3->3 mode=NONE win=8 obs=116 | cap=wip act=(320,360) d=2.48 a=1 | sp=som:active d=2.5 age=3 dtg=14.37 region=1_9
ep=356 s=116 15134ms [sel=3 cap=14575 rest=520] sg=3->3 mode=NONE win=8 obs=117 | cap=wip act=(320,360) d=2.23 a=1 | preview=view-/6 yaw=+0 render=36ms | sp=som:active d=2.2 age=4 dtg=14.27 region=1_9
ep=356 s=117 7406ms [sel=5 cap=7289 rest=113] sg=3->3 mode=NONE win=8 obs=118 | cap=wip act=(320,360) d=1.99 a=2 | sp=som:active d=2.0 age=5 dtg=14.27 region=1_9
ep=356 s=118 11289ms [sel=4 cap=11172 rest=112] sg=3->3 mode=NONE win=8 obs=119 | cap=wip act=(320,360) d=1.99 a=1 | sp=som:active d=2.0 age=6 dtg=14.10 region=1_9
ep=356 s=119 12618ms [sel=3 cap=12509 rest=105] sg=3->3 mode=NONE win=8 obs=120 | cap=wip act=(320,360) d=1.74 a=1 | sp=som:active d=1.7 age=7 dtg=13.99 region=1_9
ep=356 s=120 9341ms [sel=3 cap=9224 rest=114] sg=3->3 mode=NONE win=8 obs=121 | cap=wip act=(320,360) d=1.49 a=1 | sp=som:active d=1.5 age=8 dtg=13.96 region=1_9
ep=356 s=121 13286ms [sel=3 cap=13168 rest=114] sg=3->3 mode=NONE win=8 obs=122 | cap=wip act=(320,360) d=1.24 a=1 | sp=som:active d=1.2 age=9 dtg=14.03 region=1_9
ep=356 s=122 12387ms [sel=14 cap=11835 rest=503] sg=3->3 mode=NONE win=8 obs=123 | cap=wip act=(160,180) d=1.44 a=1 | preview=view5/6 yaw=+90 render=35ms | sp=preview:active d=1.4 age=0 dtg=14.18 region=1_26
ep=356 s=123 35242ms [sel=26432 cap=8694 rest=116] sg=3->3 mode=NONE win=8 obs=124 | cap=wip act=(320,360) d=1.20 a=3 | sp=som:active d=1.2 age=0 som=3/7 dtg=14.18 region=1_26
ep=356 s=124 9992ms [sel=3 cap=9876 rest=113] sg=3->3 mode=NONE win=8 obs=125 | cap=wip act=(320,360) d=1.20 a=1 | sp=som:active d=1.2 age=1 dtg=14.42 region=1_26
ep=356 s=125 9558ms [sel=3 cap=9032 rest=487] sg=3->3 mode=NONE win=8 obs=126 | cap=wip act=(320,360) d=0.95 a=1 | preview=view-/6 yaw=+0 render=36ms | sp=som:active d=1.0 age=2 dtg=14.65 region=1_26
ep=356 s=126 11035ms [sel=3 cap=10922 rest=110] sg=3->3 mode=NONE win=8 obs=127 | cap=wip act=(320,360) d=0.70 a=1 | sp=som:active d=0.7 age=3 dtg=14.90 region=1_26
ep=356 s=127 13947ms [sel=71 cap=13765 rest=111] sg=3->3 mode=NONE win=8 obs=128 | cap=wip act=(320,359) d=2.07 a=1 | sp=straight_ahead:reached d=0.5 age=0 dtg=15.14 region=1_26
ep=356 s=128 11608ms [sel=70 cap=11432 rest=105] sg=3->3 mode=NONE win=8 obs=129 | cap=wip act=(320,359) d=2.08 a=1 | sp=straight_ahead:reached d=0.4 age=0 dtg=15.39 region=1_26
ep=356 s=129 54465ms [sel=46123 cap=7814 rest=491] sg=3->3 mode=NONE win=8 obs=130 | cap=wip act=(320,359) d=2.08 a=1 | preview=view-/6 yaw=+0 render=36ms | sp=straight_ahead:reached d=0.4 age=0 som=3/8 dtg=15.64 region=1_26
ep=356 s=130 12669ms [sel=201 cap=12371 rest=97] sg=3->3 mode=NONE win=8 obs=131 | cap=wip act=TURN request=+45deg execute=+15deg x1 a=3 | sp=straight_ahead:reached d=0.4 age=1 ovr=1 dtg=15.64 region=1_26
ep=356 s=131 6848ms [sel=0 cap=6624 rest=223] sg=3->3 mode=NONE win=8 obs=132 | cap=wip act=TURN request=+45deg execute=+15deg x1 a=3 | sp=- ovr=1 door_evts=1 EVT=door@(0.9,-2.9)w1.00m@s128 dtg=15.64 region=1_26
ep=356 s=132 9530ms [sel=0 cap=9426 rest=104] sg=3->3 mode=NONE win=8 obs=133 | cap=wip act=TURN request=+45deg execute=+15deg x1 a=3 | sp=- ovr=1 door_evts=1 dtg=15.64 region=1_26
ep=356 s=133 10634ms [sel=0 cap=10526 rest=108] sg=3->3 mode=NONE win=8 obs=134 | cap=wip act=TURN request=+45deg execute=+15deg x1 a=3 | sp=- ovr=1 door_evts=1 dtg=15.64 region=1_26
ep=356 s=134 9988ms [sel=0 cap=9881 rest=107] sg=3->3 mode=NONE win=8 obs=135 | cap=wip act=TURN request=+45deg execute=+15deg x1 a=3 | sp=- ovr=1 door_evts=1 dtg=15.64 region=1_26
ep=356 s=135 11092ms [sel=0 cap=10982 rest=111] sg=3->3 mode=NONE win=8 obs=136 | cap=wip act=TURN request=+45deg execute=+15deg x1 a=3 | sp=- ovr=1 door_evts=1 dtg=15.64 region=1_26
ep=356 s=136 8221ms [sel=0 cap=8106 rest=115] sg=3->3 mode=NONE win=8 obs=137 | cap=wip act=TURN request=+45deg execute=+15deg x1 a=3 | sp=- ovr=1 door_evts=1 dtg=15.64 region=1_26
ep=356 s=137 8889ms [sel=0 cap=8335 rest=518] sg=3->3 mode=NONE win=8 obs=138 | cap=wip act=TURN request=+45deg execute=+15deg x1 a=3 | preview=view-/6 yaw=+0 render=36ms | sp=- ovr=1 door_evts=1 dtg=15.64 region=1_26
ep=356 s=138 11126ms [sel=0 cap=11010 rest=116] sg=3->3 mode=NONE win=8 obs=139 | cap=wip act=TURN request=+45deg execute=+15deg x1 a=3 | sp=- ovr=1 door_evts=1 dtg=15.64 region=1_26
ep=356 s=139 11478ms [sel=0 cap=11363 rest=115] sg=3->3 mode=NONE win=8 obs=140 | cap=wip act=TURN request=+45deg execute=+15deg x1 a=3 | sp=- ovr=1 door_evts=1 dtg=15.64 region=1_26
ep=356 s=140 19466ms [sel=0 cap=18926 rest=503] sg=3->3 mode=NONE win=8 obs=141 | cap=wip act=TURN request=+45deg execute=+15deg x1 a=3 | preview=view-/6 yaw=+0 render=37ms | sp=- ovr=1 door_evts=1 dtg=15.64 region=1_26
ep=356 s=141 16757ms [sel=39 cap=16604 rest=115] sg=3->3 mode=NONE win=8 obs=142 | cap=wip act=(320,360) d=1.66 a=1 | sp=frontier:active d=1.7 age=0 dtg=15.41 region=1_26
ep=356 s=142 11084ms [sel=3 cap=10969 rest=112] sg=3->3 mode=NONE win=8 obs=143 | cap=wip act=(320,360) d=1.41 a=1 | sp=frontier:active d=1.4 age=1 dtg=15.19 region=1_26
ep=356 s=143 13714ms [sel=3 cap=13590 rest=120] sg=3->3 mode=NONE win=8 obs=144 | cap=wip act=(320,360) d=1.17 a=1 | sp=frontier:active d=1.2 age=2 dtg=14.98 region=1_26
ep=356 s=144 11953ms [sel=3 cap=11838 rest=111] sg=3->3 mode=NONE win=8 obs=145 | cap=wip act=(320,360) d=0.92 a=2 | sp=frontier:active d=0.9 age=3 dtg=14.98 region=1_26
ep=356 s=145 24729ms [sel=3 cap=24622 rest=104] sg=3->3 mode=NONE win=8 obs=146 | cap=wip act=(320,360) d=0.92 a=1 | sp=frontier:active d=0.9 age=4 dtg=14.83 region=1_26
ep=356 s=146 21482ms [sel=3 cap=20981 rest=460] sg=3->3 mode=NONE win=8 obs=147 | cap=wip act=(320,360) d=0.67 a=1 | preview=view-/6 yaw=+0 render=38ms | sp=frontier:active d=0.7 age=5 dtg=14.72 region=1_26
ep=356 s=147 13678ms [sel=69 cap=13500 rest=109] sg=3->3 mode=NONE win=8 obs=148 | cap=wip act=(320,359) d=2.05 a=1 | sp=straight_ahead:active d=2.2 age=0 dtg=14.65 region=1_9
ep=356 s=148 27159ms [sel=4 cap=27039 rest=117] sg=3->3 mode=NONE win=8 obs=149 | cap=wip act=(320,360) d=1.91 a=3 | sp=straight_ahead:active d=1.9 age=1 dtg=14.65 region=1_9
ep=356 s=149 14734ms [sel=26 cap=14234 rest=439] sg=3->3 mode=NONE win=8 obs=150 | cap=wip act=(160,180) d=2.30 a=3 | preview=view3/6 yaw=+30 render=35ms | sp=preview:active d=2.3 age=0 dtg=14.65 region=1_9
ep=356 s=150 13177ms [sel=3 cap=13057 rest=117] sg=3->3 mode=NONE win=8 obs=151 | cap=wip act=(320,360) d=2.30 a=3 | sp=preview:active d=2.3 age=1 dtg=14.65 region=1_9
ep=356 s=151 10887ms [sel=3 cap=10763 rest=121] sg=3->3 mode=NONE win=8 obs=152 | cap=wip act=(320,360) d=2.30 a=1 | sp=preview:active d=2.3 age=2 dtg=14.46 region=1_9
ep=356 s=152 9971ms [sel=3 cap=9852 rest=116] sg=3->3 mode=NONE win=8 obs=153 | cap=wip act=(320,360) d=2.06 a=1 | sp=preview:active d=2.1 age=3 dtg=14.29 region=1_9
ep=356 s=153 10595ms [sel=3 cap=10475 rest=117] sg=3->3 mode=NONE win=8 obs=154 | cap=wip act=(320,360) d=1.82 a=1 | sp=preview:active d=1.8 age=4 dtg=14.17 region=1_9
ep=356 s=154 5750ms [sel=3 cap=5629 rest=118] sg=3->3 mode=NONE win=8 obs=155 | cap=wip act=(320,360) d=1.58 a=3 | sp=preview:active d=1.6 age=5 dtg=14.17 region=1_9
ep=356 s=155 12985ms [sel=3 cap=12832 rest=149] sg=3->3 mode=NONE win=8 obs=156 | cap=wip act=(320,360) d=1.58 a=1 | sp=preview:active d=1.6 age=6 dtg=14.06 region=1_9
ep=356 s=156 11477ms [sel=3 cap=11357 rest=116] sg=3->3 mode=NONE win=8 obs=157 | cap=wip act=(320,360) d=1.33 a=1 | sp=preview:active d=1.3 age=7 dtg=14.01 region=1_9
ep=356 s=157 6497ms [sel=3 cap=6375 rest=119] sg=3->3 mode=NONE win=8 obs=158 | cap=wip act=(320,360) d=1.09 a=1 | sp=preview:active d=1.1 age=8 dtg=13.99 region=1_9
ep=356 s=158 6748ms [sel=3 cap=6632 rest=113] sg=3->3 mode=NONE win=8 obs=159 | cap=wip act=(320,360) d=0.84 a=1 | sp=preview:active d=0.8 age=9 dtg=14.09 region=1_9
ep=356 s=159 16920ms [sel=4 cap=16798 rest=118] sg=3->3 mode=GET_NOWHERE win=8 obs=160 | cap=wip/GET_NOWHERE act=(320,360) d=0.60 a=3 | sp=preview:active d=0.6 age=10 dtg=14.09 region=1_9
ep=356 s=160 21140ms [sel=3 cap=21020 rest=117] sg=3->3 mode=NONE win=8 obs=161 | cap=wip act=(320,360) d=0.60 a=1 | sp=preview:active d=0.6 age=11 dtg=14.07 region=1_9
ep=356 s=161 13022ms [sel=39 cap=12865 rest=119] sg=3->3 mode=NONE win=8 obs=162 | cap=wip act=(320,360) d=0.59 a=2 | sp=frontier:active d=0.6 age=0 dtg=14.07 region=1_9
ep=356 s=162 12835ms [sel=4 cap=12716 rest=115] sg=3->3 mode=NONE win=8 obs=163 | cap=wip act=(320,360) d=0.59 a=2 | sp=frontier:active d=0.6 age=1 dtg=14.07 region=1_9
ep=356 s=163 19730ms [sel=3 cap=19613 rest=114] sg=3->3 mode=NONE win=8 obs=164 | cap=wip act=(320,360) d=0.59 a=1 | sp=frontier:active d=0.6 age=2 dtg=14.24 region=1_9
ep=356 s=164 17180ms [sel=65 cap=17004 rest=111] sg=3->3 mode=NONE win=8 obs=165 | cap=wip act=(311,359) d=2.01 a=1 | sp=straight_ahead:reached d=0.4 age=0 dtg=14.42 region=1_9
ep=356 s=165 16530ms [sel=250 cap=16159 rest=121] sg=3->3 mode=NONE win=8 obs=166 | cap=wip act=TURN request=-45deg execute=-15deg x1 a=2 | sp=straight_ahead:reached d=0.4 age=1 ovr=1 door_evts=1 dtg=14.42 region=1_9
ep=356 s=166 14502ms [sel=0 cap=14392 rest=109] sg=3->3 mode=NONE win=8 obs=167 | cap=wip act=TURN request=-45deg execute=-15deg x1 a=2 | sp=- ovr=1 door_evts=1 dtg=14.42 region=1_9
ep=356 s=167 17642ms [sel=0 cap=17529 rest=113] sg=3->3 mode=NONE win=8 obs=168 | cap=wip act=TURN request=-45deg execute=-15deg x1 a=2 | sp=- ovr=1 door_evts=1 dtg=14.42 region=1_9
ep=356 s=168 13395ms [sel=0 cap=13285 rest=111] sg=3->3 mode=NONE win=8 obs=169 | cap=wip act=TURN request=-45deg execute=-15deg x1 a=2 | sp=- ovr=1 door_evts=1 dtg=14.42 region=1_9
ep=356 s=169 11030ms [sel=0 cap=10927 rest=102] sg=3->3 mode=NONE win=8 obs=170 | cap=wip act=TURN request=-45deg execute=-15deg x1 a=2 | sp=- ovr=1 door_evts=1 dtg=14.42 region=1_9
ep=356 s=170 8282ms [sel=0 cap=8180 rest=101] sg=3->3 mode=NONE win=8 obs=171 | cap=wip act=TURN request=-45deg execute=-15deg x1 a=2 | sp=- ovr=1 door_evts=1 dtg=14.42 region=1_9
ep=356 s=171 10156ms [sel=0 cap=10030 rest=125] sg=3->3 mode=NONE win=8 obs=172 | cap=wip act=TURN request=-45deg execute=-15deg x1 a=2 | sp=- ovr=1 door_evts=1 dtg=14.42 region=1_9
ep=356 s=172 15376ms [sel=0 cap=15266 rest=110] sg=3->3 mode=NONE win=8 obs=173 | cap=wip act=TURN request=-45deg execute=-15deg x1 a=2 | sp=- ovr=1 door_evts=1 dtg=14.42 region=1_9
ep=356 s=173 17458ms [sel=0 cap=17351 rest=108] sg=3->3 mode=NONE win=8 obs=174 | cap=wip act=TURN request=-45deg execute=-15deg x1 a=2 | sp=- ovr=1 door_evts=1 dtg=14.42 region=1_9
ep=356 s=174 14492ms [sel=0 cap=14385 rest=107] sg=3->3 mode=NONE win=8 obs=175 | cap=wip act=TURN request=-45deg execute=-15deg x1 a=2 | sp=- ovr=1 door_evts=1 dtg=14.42 region=1_9
ep=356 s=175 19715ms [sel=0 cap=19605 rest=110] sg=3->3 mode=NONE win=8 obs=176 | cap=wip act=TURN request=-45deg execute=-15deg x1 a=2 | sp=- ovr=1 door_evts=1 dtg=14.42 region=1_9
ep=356 s=176 22618ms [sel=0 cap=22499 rest=119] sg=3->3 mode=NONE win=8 obs=177 | cap=wip act=TURN request=-45deg execute=-15deg x1 a=2 | sp=- ovr=1 door_evts=1 dtg=14.42 region=1_9
ep=356 s=177 74321ms [sel=66599 cap=7605 rest=117] sg=3->3 mode=NONE win=8 obs=178 | cap=wip act=(320,360) d=2.75 a=1 | sp=som:active d=2.8 age=0 som=2/8 dtg=14.24 region=1_9
ep=356 s=178 9748ms [sel=3 cap=9628 rest=117] sg=3->3 mode=NONE win=8 obs=179 | cap=wip act=(320,360) d=2.50 a=1 | sp=som:active d=2.5 age=1 dtg=14.07 region=1_9
ep=356 s=179 8966ms [sel=3 cap=8841 rest=122] sg=3->3 mode=NONE win=8 obs=180 | cap=wip act=(320,360) d=2.25 a=1 | sp=som:active d=2.3 age=2 dtg=13.91 region=1_9
ep=356 s=180 7651ms [sel=3 cap=7533 rest=115] sg=3->3 mode=NONE win=8 obs=181 | cap=wip act=(320,360) d=2.00 a=1 | sp=som:active d=2.0 age=3 dtg=13.82 region=1_9
ep=356 s=181 10721ms [sel=3 cap=10606 rest=112] sg=3->3 mode=NONE win=8 obs=182 | cap=wip act=(320,360) d=1.75 a=1 | sp=som:active d=1.8 age=4 dtg=13.75 region=1_9
ep=356 s=182 11908ms [sel=3 cap=11797 rest=108] sg=3->3 mode=NONE win=8 obs=183 | cap=wip act=(320,360) d=1.50 a=1 | sp=som:active d=1.5 age=5 dtg=13.75 region=1_9
ep=356 s=183 11845ms [sel=3 cap=11738 rest=104] sg=3->3 mode=NONE win=8 obs=184 | cap=wip act=(320,360) d=1.25 a=1 | sp=som:active d=1.3 age=6 dtg=13.88 region=1_9
ep=356 s=184 12806ms [sel=3 cap=12702 rest=101] sg=3->3 mode=NONE win=8 obs=185 | cap=wip act=(320,360) d=1.00 a=1 | sp=som:active d=1.0 age=7 dtg=14.08 region=1_9
ep=356 s=185 14836ms [sel=3 cap=14733 rest=99] sg=3->3 mode=NONE win=8 obs=186 | cap=wip act=(320,360) d=0.75 a=1 | sp=som:active d=0.8 age=8 dtg=14.30 region=1_26
ep=356 s=186 15258ms [sel=3 cap=15155 rest=100] sg=3->3 mode=NONE win=8 obs=187 | cap=wip act=(320,360) d=0.50 a=1 | sp=som:active d=0.5 age=9 dtg=14.54 region=1_26
ep=356 s=187 61565ms [sel=54121 cap=7341 rest=103] sg=3->3 mode=NONE win=8 obs=188 | cap=wip act=(320,360) d=3.00 a=2 | sp=som:active d=3.0 age=0 som=2/8 dtg=14.54 region=1_26
ep=356 s=188 8017ms [sel=3 cap=7905 rest=109] sg=3->3 mode=NONE win=8 obs=189 | cap=wip act=(320,360) d=3.00 a=1 | sp=som:active d=3.0 age=1 dtg=14.77 region=1_26
ep=356 s=189 10693ms [sel=3 cap=10583 rest=107] sg=3->3 mode=NONE win=8 obs=190 | cap=wip act=(320,360) d=2.75 a=2 | sp=som:active d=2.8 age=2 dtg=14.77 region=1_26
ep=356 s=190 8530ms [sel=3 cap=8416 rest=110] sg=3->3 mode=NONE win=8 obs=191 | cap=wip act=(320,360) d=2.75 a=1 | sp=som:active d=2.8 age=3 dtg=14.97 region=1_26
ep=356 s=191 11431ms [sel=3 cap=11316 rest=112] sg=3->3 mode=NONE win=8 obs=192 | cap=wip act=(320,360) d=2.52 a=1 | sp=som:active d=2.5 age=4 dtg=15.18 region=1_26
ep=356 s=192 7611ms [sel=3 cap=7507 rest=101] sg=3->3 mode=NONE win=8 obs=193 | cap=wip act=(320,360) d=2.28 a=1 | sp=som:active d=2.3 age=5 dtg=15.41 region=1_26
ep=356 s=193 7395ms [sel=3 cap=7291 rest=102] sg=3->3 mode=NONE win=8 obs=194 | cap=wip act=(320,360) d=2.05 a=3 | sp=som:active d=2.1 age=6 dtg=15.41 region=1_26
ep=356 s=194 8153ms [sel=3 cap=8049 rest=100] sg=3->3 mode=NONE win=8 obs=195 | cap=wip act=(320,360) d=2.05 a=1 | sp=som:active d=2.1 age=7 dtg=15.65 region=1_26
ep=356 s=195 9422ms [sel=3 cap=9319 rest=99] sg=3->3 mode=NONE win=8 obs=196 | cap=wip act=(320,360) d=1.81 a=1 | sp=som:active d=1.8 age=8 dtg=15.90 region=1_26
ep=356 s=196 7396ms [sel=3 cap=7292 rest=101] sg=3->3 mode=NONE win=8 obs=197 | cap=wip act=(320,360) d=1.56 a=3 | sp=som:active d=1.6 age=9 dtg=15.90 region=1_26
ep=356 s=197 8577ms [sel=3 cap=8474 rest=100] sg=3->3 mode=NONE win=8 obs=198 | cap=wip act=(320,360) d=1.56 a=1 | sp=som:active d=1.6 age=10 dtg=16.15 region=1_26
ep=356 s=198 8659ms [sel=3 cap=8543 rest=114] sg=3->3 mode=NONE win=8 obs=199 | cap=wip act=(320,360) d=1.31 a=1 | sp=som:active d=1.3 age=11 dtg=16.40 region=1_15
ep=356 s=199 15533ms [sel=64 cap=15357 rest=112] sg=3->3 mode=NONE win=8 obs=200 | cap=wip act=(320,360) d=2.73 a=3 | sp=frontier:active d=2.7 age=0 dtg=16.40 region=1_15
ep=356 s=200 8900ms [sel=3 cap=8361 rest=501] sg=3->3 mode=NONE win=8 obs=201 | cap=wip act=(320,360) d=2.73 a=3 | preview=view-/6 yaw=+0 render=36ms | sp=frontier:active d=2.7 age=1 dtg=16.40 region=1_15
ep=356 s=201 6910ms [sel=3 cap=6792 rest=115] sg=3->3 mode=NONE win=8 obs=202 | cap=wip act=(320,360) d=2.73 a=3 | sp=frontier:active d=2.7 age=2 dtg=16.40 region=1_15
ep=356 s=202 9163ms [sel=3 cap=9051 rest=108] sg=3->3 mode=NONE win=8 obs=203 | cap=wip act=(320,360) d=2.73 a=1 | sp=frontier:active d=2.7 age=3 dtg=16.56 region=1_15
ep=356 s=203 9672ms [sel=3 cap=9570 rest=99] sg=3->3 mode=NONE win=8 obs=204 | cap=wip act=(320,360) d=2.48 a=1 | sp=frontier:active d=2.5 age=4 dtg=16.74 region=1_15
ep=356 s=204 16423ms [sel=3 cap=16318 rest=102] sg=3->3 mode=NONE win=8 obs=205 | cap=wip act=(320,360) d=2.23 a=1 | sp=frontier:active d=2.2 age=5 dtg=16.92 region=1_15
ep=356 s=205 14249ms [sel=3 cap=14114 rest=132] sg=3->3 mode=NONE win=8 obs=206 | cap=wip act=(320,360) d=1.98 a=1 | sp=frontier:active d=2.0 age=6 dtg=17.11 region=1_15
ep=356 s=206 9270ms [sel=3 cap=9133 rest=134] sg=3->3 mode=NONE win=8 obs=207 | cap=wip act=(320,360) d=1.73 a=1 | sp=frontier:active d=1.7 age=7 dtg=17.31 region=1_15
ep=356 s=207 8876ms [sel=3 cap=8740 rest=133] sg=3->3 mode=NONE win=8 obs=208 | cap=wip act=(320,360) d=1.48 a=1 | sp=frontier:active d=1.5 age=8 dtg=17.52 region=1_15
ep=356 s=208 11959ms [sel=3 cap=11827 rest=129] sg=3->3 mode=NONE win=8 obs=209 | cap=wip act=(320,360) d=1.23 a=1 | sp=frontier:active d=1.2 age=9 dtg=17.72 region=1_15
ep=356 s=209 13547ms [sel=3 cap=13444 rest=100] sg=3->3 mode=NONE win=8 obs=210 | cap=wip act=(320,360) d=0.98 a=1 | sp=frontier:active d=1.0 age=10 dtg=17.94 region=1_15
ep=356 s=210 15451ms [sel=3 cap=14921 rest=490] sg=3->3 mode=NONE win=8 obs=211 | cap=wip act=(320,360) d=0.73 a=1 | preview=view-/6 yaw=+0 render=36ms | sp=frontier:active d=0.7 age=11 dtg=18.16 region=1_15
ep=356 s=211 40698ms [sel=31707 cap=8888 rest=103] sg=3->3 mode=NONE win=8 obs=212 | cap=wip act=(320,360) d=3.29 a=1 | sp=som:active d=3.3 age=0 som=2/8 dtg=18.38 region=1_15
ep=356 s=212 15029ms [sel=3 cap=14928 rest=98] sg=3->3 mode=NONE win=8 obs=213 | cap=wip act=(320,360) d=3.04 a=1 | sp=som:active d=3.0 age=1 dtg=18.61 region=1_15
ep=356 s=213 19691ms [sel=3 cap=19588 rest=99] sg=3->3 mode=NONE win=8 obs=214 | cap=wip act=(320,360) d=2.79 a=1 | sp=som:active d=2.8 age=2 dtg=18.84 region=1_15
ep=356 s=214 13139ms [sel=3 cap=12645 rest=454] sg=3->3 mode=NONE win=8 obs=215 | cap=wip act=(320,360) d=2.54 a=1 | preview=view-/6 yaw=+0 render=37ms | sp=som:active d=2.5 age=3 dtg=19.07 region=1_15
ep=356 s=215 11266ms [sel=3 cap=11159 rest=104] sg=3->3 mode=NONE win=8 obs=216 | cap=wip act=(320,360) d=2.29 a=1 | sp=som:active d=2.3 age=4 dtg=19.31 region=1_15
ep=356 s=216 11990ms [sel=3 cap=11855 rest=131] sg=3->3 mode=NONE win=8 obs=217 | cap=wip act=(320,360) d=2.04 a=1 | sp=som:active d=2.0 age=5 dtg=19.55 region=1_15
ep=356 s=217 9325ms [sel=4 cap=9216 rest=105] sg=3->3 mode=NONE win=8 obs=218 | cap=wip act=(320,360) d=1.80 a=1 | sp=som:active d=1.8 age=6 dtg=19.79 region=1_15
ep=356 s=218 14362ms [sel=3 cap=14231 rest=128] sg=3->3 mode=NONE win=8 obs=219 | cap=wip act=(320,360) d=1.55 a=1 | sp=som:active d=1.6 age=7 dtg=20.04 region=1_15
ep=356 s=219 9604ms [sel=4 cap=9497 rest=103] sg=3->3 mode=NONE win=8 obs=220 | cap=wip act=(320,360) d=1.31 a=1 | sp=som:active d=1.3 age=8 dtg=20.28 region=1_15
ep=356 s=220 17462ms [sel=3 cap=17360 rest=98] sg=3->3 mode=NONE win=8 obs=221 | cap=wip act=(320,360) d=1.06 a=1 | sp=som:active d=1.1 age=9 dtg=20.53 region=1_15
ep=356 s=221 8461ms [sel=3 cap=8364 rest=94] sg=3->3 mode=NONE win=8 obs=222 | cap=wip act=(320,360) d=0.82 a=1 | sp=som:active d=0.8 age=10 dtg=20.77 region=1_15
ep=356 s=222 12434ms [sel=3 cap=12340 rest=91] sg=3->3 mode=NONE win=8 obs=223 | cap=wip act=(320,360) d=0.60 a=2 | sp=som:active d=0.6 age=11 dtg=20.77 region=1_15
ep=356 s=223 13339ms [sel=3 cap=13241 rest=94] sg=3->3 mode=NONE win=8 obs=224 | cap=wip act=(320,360) d=0.60 a=1 | sp=som:active d=0.6 age=12 dtg=21.02 region=1_15
ep=356 s=224 70023ms [sel=61725 cap=8209 rest=88] sg=3->3 mode=NONE win=8 obs=225 | cap=wip act=(320,360) d=0.73 a=2 | sp=som:active d=0.7 age=0 som=3/7 dtg=21.02 region=1_15
ep=356 s=225 6837ms [sel=5 cap=6738 rest=94] sg=3->3 mode=NONE win=8 obs=226 | cap=wip act=(320,360) d=0.73 a=1 | sp=som:active d=0.7 age=1 dtg=21.26 region=1_15
ep=356 s=226 13598ms [sel=3 cap=13490 rest=106] sg=3->3 mode=NONE win=8 obs=227 | cap=wip act=(320,360) d=0.52 a=2 | sp=som:active d=0.5 age=2 dtg=21.26 region=1_15
ep=356 s=227 14673ms [sel=3 cap=14573 rest=97] sg=3->3 mode=NONE win=8 obs=228 | cap=wip act=(320,360) d=0.52 a=2 | sp=som:active d=0.5 age=3 dtg=21.26 region=1_15
ep=356 s=228 9143ms [sel=3 cap=9040 rest=100] sg=3->3 mode=NONE win=8 obs=229 | cap=wip act=(320,360) d=0.52 a=1 | sp=som:active d=0.5 age=4 dtg=21.43 region=1_15
ep=356 s=229 18652ms [sel=53 cap=18501 rest=98] sg=3->3 mode=NONE win=8 obs=230 | cap=wip act=(320,360) d=2.28 a=1 | sp=frontier:active d=2.3 age=0 dtg=21.65 region=1_14
ep=356 s=230 11821ms [sel=3 cap=11728 rest=90] sg=3->3 mode=NONE win=8 obs=231 | cap=wip act=(320,360) d=2.03 a=2 | sp=frontier:active d=2.0 age=1 dtg=21.65 region=1_14
ep=356 s=231 13432ms [sel=18 cap=12991 rest=388] sg=3->3 mode=NONE win=8 obs=232 | cap=wip act=(160,180) d=1.07 a=1 | preview=view1/6 yaw=-75 render=36ms | sp=preview:active d=1.1 age=0 dtg=21.86 region=1_14
ep=356 s=232 11377ms [sel=3 cap=11283 rest=90] sg=3->3 mode=NONE win=8 obs=233 | cap=wip act=(320,360) d=0.85 a=2 | sp=preview:active d=0.9 age=1 dtg=21.86 region=1_14
ep=356 s=233 8863ms [sel=3 cap=8764 rest=96] sg=3->3 mode=NONE win=8 obs=234 | cap=wip act=(320,360) d=0.85 a=1 | sp=preview:active d=0.9 age=2 dtg=22.06 region=1_14
ep=356 s=234 19219ms [sel=3 cap=19114 rest=102] sg=3->3 mode=NONE win=8 obs=235 | cap=wip act=(320,360) d=0.62 a=2 | sp=preview:active d=0.6 age=3 dtg=22.06 region=1_14
ep=356 s=235 24822ms [sel=3 cap=24716 rest=102] sg=3->3 mode=NONE win=8 obs=236 | cap=wip act=(320,360) d=0.62 a=1 | sp=preview:active d=0.6 age=4 dtg=22.25 region=1_14
ep=356 s=236 16217ms [sel=91 cap=16020 rest=106] sg=3->3 mode=NONE win=8 obs=237 | cap=wip act=(320,360) d=5.00 a=3 | sp=frontier:active d=5.0 age=0 dtg=22.25 region=1_14
ep=356 s=237 21736ms [sel=36 cap=21598 rest=101] sg=3->3 mode=NONE win=8 obs=238 | cap=wip act=(320,360) d=5.00 a=1 | sp=frontier:active d=5.0 age=1 dtg=22.48 region=1_14
ep=356 s=238 11239ms [sel=44 cap=10746 rest=411] sg=3->3 mode=NONE win=8 obs=239 | cap=wip act=(320,360) d=4.85 a=3 | preview=view-/6 yaw=+0 render=38ms | sp=frontier:active d=4.9 age=2 dtg=22.48 region=1_14
ep=356 s=239 22836ms [sel=11 cap=22712 rest=113] sg=3->3 mode=NONE win=8 obs=240 | cap=wip act=(320,360) d=4.85 a=3 | sp=frontier:active d=4.9 age=3 dtg=22.48 region=1_14
ep=356 s=240 22876ms [sel=8 cap=22723 rest=144] sg=3->3 mode=NONE win=8 obs=241 | cap=wip act=(320,360) d=4.85 a=1 | sp=frontier:active d=4.9 age=4 dtg=22.73 region=1_14
ep=356 s=241 18837ms [sel=10 cap=18693 rest=134] sg=3->3 mode=NONE win=8 obs=242 | cap=wip act=(320,360) d=4.84 a=3 | sp=frontier:active d=4.8 age=5 dtg=22.73 region=1_14
ep=356 s=242 19583ms [sel=30 cap=19439 rest=114] sg=3->3 mode=NONE win=8 obs=243 | cap=wip act=(320,360) d=4.84 a=1 | sp=frontier:active d=4.8 age=6 dtg=22.96 region=1_14
ep=356 s=243 24322ms [sel=8 cap=24203 rest=111] sg=3->3 mode=NONE win=8 obs=244 | cap=wip act=(320,360) d=4.90 a=3 | sp=frontier:active d=4.9 age=7 dtg=22.96 region=1_14
ep=356 s=244 22820ms [sel=38 cap=22671 rest=110] sg=3->3 mode=NONE win=8 obs=245 | cap=wip act=(320,360) d=4.90 a=3 | sp=frontier:active d=4.9 age=8 dtg=22.96 region=1_14
ep=356 s=245 11339ms [sel=65 cap=11174 rest=101] sg=3->3 mode=NONE win=8 obs=246 | cap=wip act=(320,360) d=4.90 a=3 | sp=frontier:active d=4.9 age=9 dtg=22.96 region=1_14
ep=356 s=246 14755ms [sel=63 cap=14599 rest=93] sg=3->3 mode=NONE win=8 obs=247 | cap=wip act=(320,360) d=4.90 a=3 | sp=frontier:active d=4.9 age=10 dtg=22.96 region=1_14
ep=356 s=247 15946ms [sel=63 cap=15796 rest=87] sg=3->3 mode=NONE win=8 obs=248 | cap=wip act=(320,360) d=4.90 a=3 | sp=frontier:active d=4.9 age=11 dtg=22.96 region=1_14
ep=356 s=248 9683ms [sel=69 cap=9525 rest=89] sg=3->3 mode=NONE win=8 obs=249 | cap=wip act=(320,360) d=4.90 a=3 | sp=frontier:active d=4.9 age=12 dtg=22.96 region=1_14
ep=356 s=249 12616ms [sel=60 cap=12471 rest=86] sg=3->3 mode=NONE win=8 obs=250 | cap=wip act=(320,360) d=4.90 a=3 | sp=frontier:active d=4.9 age=13 dtg=22.96 region=1_14
ep=356 s=250 15076ms [sel=48 cap=14939 rest=89] sg=3->3 mode=NONE win=8 obs=251 | cap=wip act=(320,360) d=4.90 a=3 | sp=frontier:active d=4.9 age=14 dtg=22.96 region=1_14
ep=356 s=251 11377ms [sel=41 cap=11244 rest=92] sg=3->3 mode=NONE win=8 obs=252 | cap=wip act=(320,360) d=4.90 a=3 | sp=frontier:active d=4.9 age=15 dtg=22.96 region=1_14
ep=356 s=252 14751ms [sel=37 cap=14624 rest=89] sg=3->3 mode=NONE win=8 obs=253 | cap=wip act=(320,360) d=4.90 a=3 | sp=frontier:active d=4.9 age=16 dtg=22.96 region=1_14
ep=356 s=253 13431ms [sel=69 cap=13261 rest=101] sg=3->3 mode=NONE win=8 obs=254 | cap=wip act=(320,360) d=4.90 a=1 | sp=frontier:active d=4.9 age=17 dtg=22.71 region=1_14
ep=356 s=254 14423ms [sel=70 cap=14243 rest=111] sg=3->3 mode=NONE win=8 obs=255 | cap=wip act=(320,360) d=4.97 a=1 | sp=frontier:active d=5.0 age=18 dtg=22.47 region=1_14
ep=356 s=255 11877ms [sel=39 cap=11724 rest=114] sg=3->3 mode=NONE win=8 obs=256 | cap=wip act=(320,360) d=5.05 a=1 | sp=frontier:active d=5.0 age=19 dtg=22.22 region=1_14
ep=356 s=256 8072ms [sel=40 cap=7897 rest=135] sg=3->3 mode=NONE win=8 obs=257 | cap=wip act=(320,360) d=5.14 a=1 | sp=frontier:active d=5.1 age=20 dtg=21.98 region=1_14
ep=356 s=257 143635ms [sel=134213 cap=9309 rest=113] sg=3->3 mode=NONE win=8 obs=258 | cap=wip act=(320,360) d=2.86 a=1 | sp=som:active d=2.9 age=0 som=1/8 dtg=21.75 region=1_14
ep=356 s=258 12661ms [sel=3 cap=12552 rest=106] sg=3->3 mode=NONE win=8 obs=259 | cap=wip act=(320,360) d=2.65 a=1 | sp=som:active d=2.6 age=1 dtg=21.54 region=1_14
ep=356 s=259 10723ms [sel=3 cap=10615 rest=105] sg=3->3 mode=NONE win=8 obs=260 | cap=wip act=(320,360) d=2.44 a=2 | sp=som:active d=2.4 age=2 dtg=21.54 region=1_14
ep=356 s=260 12148ms [sel=3 cap=12042 rest=102] sg=3->3 mode=NONE win=8 obs=261 | cap=wip act=(320,360) d=2.44 a=1 | sp=som:active d=2.4 age=3 dtg=21.44 region=1_15
ep=356 s=261 11349ms [sel=3 cap=11242 rest=104] sg=3->3 mode=NONE win=8 obs=262 | cap=wip act=(320,360) d=2.21 a=1 | sp=som:active d=2.2 age=4 dtg=21.39 region=1_15
ep=356 s=262 15928ms [sel=3 cap=15811 rest=114] sg=3->3 mode=NONE win=8 obs=263 | cap=wip act=(320,360) d=1.99 a=1 | sp=som:active d=2.0 age=5 dtg=21.36 region=1_15
ep=356 s=263 11728ms [sel=3 cap=11628 rest=98] sg=3->3 mode=NONE win=8 obs=264 | cap=wip act=(320,360) d=1.77 a=3 | sp=som:active d=1.8 age=6 dtg=21.36 region=1_15
ep=356 s=264 9165ms [sel=5 cap=9058 rest=102] sg=3->3 mode=NONE win=8 obs=265 | cap=wip act=(320,360) d=1.77 a=1 | sp=som:active d=1.8 age=7 dtg=21.28 region=1_15
ep=356 s=265 32588ms [sel=23427 cap=9063 rest=98] sg=3->3 mode=NONE win=8 obs=266 | cap=wip act=(320,360) d=3.01 a=3 | sp=som:active d=3.0 age=0 som=2/8 dtg=21.28 region=1_15
ep=356 s=266 8469ms [sel=3 cap=8361 rest=105] sg=3->3 mode=NONE win=8 obs=267 | cap=wip act=(320,360) d=3.01 a=1 | sp=som:active d=3.0 age=1 dtg=21.16 region=1_15
ep=356 s=267 8805ms [sel=3 cap=8691 rest=111] sg=3->3 mode=NONE win=8 obs=268 | cap=wip act=(320,360) d=2.78 a=1 | sp=som:active d=2.8 age=2 dtg=21.08 region=1_15
ep=356 s=268 11338ms [sel=3 cap=11224 rest=111] sg=3->3 mode=NONE win=8 obs=269 | cap=wip act=(320,360) d=2.55 a=1 | sp=som:active d=2.6 age=3 dtg=21.03 region=1_15
ep=356 s=269 14092ms [sel=3 cap=13979 rest=110] sg=3->3 mode=NONE win=8 obs=270 | cap=wip act=(320,360) d=2.33 a=1 | sp=som:active d=2.3 age=4 dtg=21.04 region=1_15
ep=356 s=270 6216ms [sel=3 cap=6102 rest=111] sg=3->3 mode=NONE win=8 obs=271 | cap=wip act=(320,360) d=2.11 a=2 | sp=som:active d=2.1 age=5 dtg=21.04 region=1_15
ep=356 s=271 9319ms [sel=3 cap=9206 rest=110] sg=3->3 mode=NONE win=8 obs=272 | cap=wip act=(320,360) d=2.11 a=1 | sp=som:active d=2.1 age=6 dtg=21.14 region=1_12
ep=356 s=272 8267ms [sel=4 cap=8153 rest=111] sg=3->3 mode=NONE win=8 obs=273 | cap=wip act=(320,360) d=1.88 a=2 | sp=som:active d=1.9 age=7 dtg=21.14 region=1_12
ep=356 s=273 26124ms [sel=3 cap=26011 rest=110] sg=3->3 mode=NONE win=8 obs=274 | cap=wip act=(320,360) d=1.88 a=1 | sp=som:active d=1.9 age=8 dtg=21.33 region=1_12
ep=356 s=274 12168ms [sel=3 cap=12054 rest=110] sg=3->3 mode=NONE win=8 obs=275 | cap=wip act=(320,360) d=1.63 a=1 | sp=som:active d=1.6 age=9 dtg=21.54 region=1_12
ep=356 s=275 10655ms [sel=30 cap=10098 rest=490] sg=3->3 mode=NONE win=8 obs=276 | cap=wip act=(160,180) d=1.84 a=2 | preview=view2/6 yaw=-45 render=36ms | sp=preview:active d=1.8 age=0 dtg=21.54 region=1_12
ep=356 s=276 12454ms [sel=10 cap=12327 rest=117] sg=3->3 mode=NONE win=8 obs=277 | cap=wip act=(320,360) d=1.84 a=1 | sp=preview:active d=1.8 age=1 dtg=21.77 region=1_12
ep=356 s=277 10511ms [sel=11 cap=10382 rest=118] sg=3->3 mode=NONE win=8 obs=278 | cap=wip act=(320,360) d=1.81 a=2 | sp=preview:active d=1.8 age=2 dtg=21.77 region=1_12
ep=356 s=278 11132ms [sel=9 cap=11004 rest=119] sg=3->3 mode=NONE win=8 obs=279 | cap=wip act=(320,360) d=1.81 a=1 | sp=preview:active d=1.8 age=3 dtg=22.02 region=1_12
ep=356 s=279 11692ms [sel=10 cap=11566 rest=116] sg=3->3 mode=NONE win=8 obs=280 | cap=wip act=(320,360) d=1.75 a=2 | sp=preview:active d=1.7 age=4 dtg=22.02 region=1_12
ep=356 s=280 13117ms [sel=7 cap=12993 rest=117] sg=3->3 mode=NONE win=8 obs=281 | cap=wip act=(320,360) d=1.75 a=2 | sp=preview:active d=1.7 age=5 dtg=22.02 region=1_12
ep=356 s=281 6102ms [sel=6 cap=5981 rest=115] sg=3->3 mode=NONE win=8 obs=282 | cap=wip act=(320,360) d=1.75 a=2 | sp=preview:active d=1.7 age=6 dtg=22.02 region=1_12
ep=356 s=282 15112ms [sel=6 cap=14996 rest=110] sg=3->3 mode=NONE win=8 obs=283 | cap=wip act=(320,360) d=1.75 a=1 | sp=preview:active d=1.7 age=7 dtg=22.21 region=1_12
ep=356 s=283 16981ms [sel=3 cap=16872 rest=107] sg=3->3 mode=NONE win=8 obs=284 | cap=wip act=(320,360) d=1.55 a=2 | sp=preview:active d=1.5 age=8 dtg=22.21 region=1_12
ep=356 s=284 20413ms [sel=32 cap=19867 rest=479] sg=3->3 mode=NONE win=8 obs=285 | cap=wip act=(160,180) d=1.88 a=2 | preview=view2/6 yaw=-30 render=35ms | sp=preview:active d=1.9 age=0 dtg=22.21 region=1_12
ep=356 s=285 15155ms [sel=19 cap=15030 rest=106] sg=3->3 mode=NONE win=8 obs=286 | cap=wip act=(320,360) d=1.88 a=2 | sp=preview:active d=1.9 age=1 dtg=22.21 region=1_12
ep=356 s=286 16230ms [sel=19 cap=16095 rest=116] sg=3->3 mode=NONE win=8 obs=287 | cap=wip act=(320,360) d=1.88 a=2 | sp=preview:active d=1.9 age=2 dtg=22.21 region=1_12
ep=356 s=287 15616ms [sel=30 cap=14969 rest=548] sg=3->3 mode=NONE win=8 obs=288 | cap=wip act=(160,180) d=1.88 a=2 | preview=view2/6 yaw=+0 render=69ms | sp=preview:active d=1.9 age=0 dtg=22.21 region=1_12
ep=356 s=288 11148ms [sel=14 cap=11023 rest=111] sg=3->3 mode=NONE win=8 obs=289 | cap=wip act=(320,360) d=1.88 a=2 | sp=preview:active d=1.9 age=1 dtg=22.21 region=1_12
ep=356 s=289 10829ms [sel=9 cap=10713 rest=107] sg=3->3 mode=NONE win=8 obs=290 | cap=wip act=(320,360) d=1.88 a=2 | sp=preview:active d=1.9 age=2 dtg=22.21 region=1_12
ep=356 s=290 7731ms [sel=6 cap=7621 rest=105] sg=3->3 mode=NONE win=8 obs=291 | cap=wip act=(320,360) d=1.88 a=2 | sp=preview:active d=1.9 age=3 dtg=22.21 region=1_12
ep=356 s=291 12278ms [sel=4 cap=12160 rest=114] sg=3->3 mode=NONE win=8 obs=292 | cap=wip act=(320,360) d=1.88 a=2 | sp=preview:active d=1.9 age=4 dtg=22.21 region=1_12
ep=356 s=292 10751ms [sel=3 cap=10634 rest=113] sg=3->3 mode=NONE win=8 obs=293 | cap=wip act=(320,360) d=1.88 a=1 | sp=preview:active d=1.9 age=5 dtg=21.96 region=1_12
ep=356 s=293 8051ms [sel=6 cap=7935 rest=111] sg=3->3 mode=NONE win=8 obs=294 | cap=wip act=(320,360) d=1.69 a=1 | sp=preview:active d=1.7 age=6 dtg=21.71 region=1_12
ep=356 s=294 7828ms [sel=6 cap=7715 rest=107] sg=3->3 mode=NONE win=8 obs=295 | cap=wip act=(320,360) d=1.52 a=1 | sp=preview:active d=1.5 age=7 dtg=21.46 region=1_12
ep=356 s=295 9965ms [sel=8 cap=9848 rest=109] sg=3->3 mode=NONE win=8 obs=296 | cap=wip act=(320,360) d=1.38 a=3 | sp=preview:active d=1.4 age=8 dtg=21.46 region=1_12
ep=356 s=296 6252ms [sel=5 cap=6128 rest=119] sg=3->3 mode=NONE win=8 obs=297 | cap=wip act=(320,360) d=1.38 a=1 | sp=preview:active d=1.4 age=9 dtg=21.24 region=1_12
ep=356 s=297 8466ms [sel=6 cap=8357 rest=102] sg=3->3 mode=NONE win=8 obs=298 | cap=wip act=(320,360) d=1.21 a=3 | sp=preview:active d=1.2 age=10 dtg=21.24 region=1_12
ep=356 s=298 8112ms [sel=3 cap=8007 rest=102] sg=3->3 mode=NONE win=8 obs=299 | cap=wip act=(320,360) d=1.21 a=3 | sp=preview:active d=1.2 age=11 dtg=21.24 region=1_12
ep=356 s=299 8144ms [sel=3 cap=8028 rest=113] sg=3->3 mode=NONE win=8 obs=300 | cap=wip act=(320,360) d=1.21 a=1 | sp=preview:active d=1.2 age=12 dtg=21.11 region=1_12
ep=356 s=300 10103ms [sel=3 cap=9994 rest=106] sg=3->3 mode=NONE win=8 obs=301 | cap=wip act=(320,360) d=0.99 a=1 | sp=preview:active d=1.0 age=13 dtg=21.02 region=1_15
ep=356 s=301 6712ms [sel=3 cap=6607 rest=102] sg=3->3 mode=NONE win=8 obs=302 | cap=wip act=(320,360) d=0.78 a=3 | sp=preview:active d=0.8 age=14 dtg=21.02 region=1_15
ep=356 s=302 8084ms [sel=3 cap=7973 rest=108] sg=3->3 mode=NONE win=8 obs=303 | cap=wip act=(320,360) d=0.78 a=1 | sp=preview:active d=0.8 age=15 dtg=21.04 region=1_15
ep=356 s=303 11180ms [sel=3 cap=11069 rest=108] sg=3->3 mode=NONE win=8 obs=304 | cap=wip act=(320,360) d=0.55 a=3 | sp=preview:active d=0.6 age=16 dtg=21.04 region=1_15
ep=356 s=304 9471ms [sel=4 cap=9358 rest=110] sg=3->3 mode=NONE win=8 obs=305 | cap=wip act=(320,360) d=0.55 a=3 | sp=preview:active d=0.6 age=17 dtg=21.04 region=1_15
ep=356 s=305 13086ms [sel=35 cap=12504 rest=511] sg=3->3 mode=NONE win=8 obs=306 | cap=wip act=(160,180) d=3.27 a=2 | preview=view0/6 yaw=-105 render=35ms | sp=preview:active d=3.3 age=0 dtg=21.04 region=1_15
ep=356 s=306 10379ms [sel=6 cap=10264 rest=109] sg=3->3 mode=NONE win=8 obs=307 | cap=wip act=(320,360) d=3.27 a=2 | sp=preview:active d=3.3 age=1 dtg=21.04 region=1_15
ep=356 s=307 7717ms [sel=3 cap=7610 rest=104] sg=3->3 mode=NONE win=8 obs=308 | cap=wip act=(320,360) d=3.27 a=1 | sp=preview:active d=3.3 age=2 dtg=21.11 region=1_15
ep=356 s=308 6908ms [sel=3 cap=6802 rest=102] sg=3->3 mode=NONE win=8 obs=309 | cap=wip act=(320,360) d=3.05 a=1 | sp=preview:active d=3.0 age=3 dtg=21.21 region=1_15
ep=356 s=309 7191ms [sel=3 cap=7090 rest=98] sg=3->3 mode=NONE win=8 obs=310 | cap=wip act=(320,360) d=2.83 a=2 | sp=preview:active d=2.8 age=4 dtg=21.21 region=1_15
ep=356 s=310 8257ms [sel=3 cap=8154 rest=100] sg=3->3 mode=NONE win=8 obs=311 | cap=wip act=(320,360) d=2.83 a=1 | sp=preview:active d=2.8 age=5 dtg=21.28 region=1_15
ep=356 s=311 10710ms [sel=3 cap=10605 rest=102] sg=3->3 mode=NONE win=8 obs=312 | cap=wip act=(320,360) d=2.59 a=1 | sp=preview:active d=2.6 age=6 dtg=21.37 region=1_15
ep=356 s=312 9134ms [sel=4 cap=9024 rest=106] sg=3->3 mode=NONE win=8 obs=313 | cap=wip act=(320,360) d=2.35 a=1 | sp=preview:active d=2.3 age=7 dtg=21.47 region=1_15
ep=356 s=313 8321ms [sel=3 cap=8194 rest=125] sg=3->3 mode=NONE win=8 obs=314 | cap=wip act=(320,360) d=2.11 a=2 | sp=preview:active d=2.1 age=8 dtg=21.47 region=1_15
ep=356 s=314 7824ms [sel=3 cap=7721 rest=100] sg=3->3 mode=NONE win=8 obs=315 | cap=wip act=(320,360) d=2.11 a=1 | sp=preview:active d=2.1 age=9 dtg=21.53 region=1_15
ep=356 s=315 6123ms [sel=4 cap=6001 rest=118] sg=3->3 mode=NONE win=8 obs=316 | cap=wip act=(320,360) d=1.86 a=1 | sp=preview:active d=1.9 age=10 dtg=21.67 region=1_14
ep=356 s=316 10942ms [sel=3 cap=10842 rest=97] sg=3->3 mode=GET_NOWHERE win=8 obs=317 | cap=wip/GET_NOWHERE act=(320,360) d=1.61 a=1 | sp=preview:active d=1.6 age=11 dtg=21.86 region=1_14
ep=356 s=317 7161ms [sel=4 cap=7059 rest=98] sg=3->3 mode=GET_NOWHERE win=8 obs=318 | cap=wip/GET_NOWHERE act=(320,360) d=1.36 a=1 | sp=preview:active d=1.4 age=12 dtg=22.08 region=1_14
ep=356 s=318 8001ms [sel=3 cap=7896 rest=102] sg=3->3 mode=NONE win=8 obs=319 | cap=wip act=(320,360) d=1.11 a=1 | sp=preview:active d=1.1 age=13 dtg=22.31 region=1_14
ep=356 s=319 12109ms [sel=95 cap=11910 rest=103] sg=3->3 mode=NONE win=8 obs=320 | cap=wip act=(320,360) d=3.71 a=3 | sp=frontier:active d=3.7 age=0 dtg=22.31 region=1_14
ep=356 s=320 13317ms [sel=41 cap=12860 rest=380] sg=3->3 mode=NONE win=8 obs=321 | cap=wip act=(320,360) d=3.71 a=3 | preview=view-/6 yaw=+0 render=35ms | sp=frontier:active d=3.7 age=1 dtg=22.31 region=1_14
ep=356 s=321 14115ms [sel=41 cap=13964 rest=110] sg=3->3 mode=NONE win=8 obs=322 | cap=wip act=(320,360) d=3.71 a=3 | sp=frontier:active d=3.7 age=2 dtg=22.31 region=1_14
ep=356 s=322 12373ms [sel=41 cap=12229 rest=103] sg=3->3 mode=NONE win=8 obs=323 | cap=wip act=(320,360) d=3.71 a=3 | sp=frontier:active d=3.7 age=3 dtg=22.31 region=1_14
ep=356 s=323 8048ms [sel=41 cap=7915 rest=92] sg=3->3 mode=NONE win=8 obs=324 | cap=wip act=(320,360) d=3.71 a=3 | sp=frontier:active d=3.7 age=4 dtg=22.31 region=1_14
ep=356 s=324 14792ms [sel=41 cap=14666 rest=86] sg=3->3 mode=NONE win=8 obs=325 | cap=wip act=(320,360) d=3.71 a=3 | sp=frontier:active d=3.7 age=5 dtg=22.31 region=1_14
ep=356 s=325 10496ms [sel=40 cap=10376 rest=79] sg=3->3 mode=NONE win=8 obs=326 | cap=wip act=(320,360) d=3.71 a=3 | sp=frontier:active d=3.7 age=6 dtg=22.31 region=1_14
ep=356 s=326 13136ms [sel=41 cap=13016 rest=78] sg=3->3 mode=NONE win=8 obs=327 | cap=wip act=(320,360) d=3.71 a=3 | sp=frontier:active d=3.7 age=7 dtg=22.31 region=1_14
ep=356 s=327 6984ms [sel=39 cap=6866 rest=79] sg=3->3 mode=NONE win=8 obs=328 | cap=wip act=(320,360) d=3.71 a=3 | sp=frontier:active d=3.7 age=8 dtg=22.31 region=1_14
ep=356 s=328 5553ms [sel=28 cap=5425 rest=100] sg=3->3 mode=NONE win=8 obs=329 | cap=wip act=(320,360) d=3.71 a=3 | sp=frontier:active d=3.7 age=9 dtg=22.31 region=1_14
ep=356 s=329 4497ms [sel=21 cap=4391 rest=86] sg=3->3 mode=NONE win=8 obs=330 | cap=wip act=(320,360) d=3.71 a=3 | sp=frontier:active d=3.7 age=10 dtg=22.31 region=1_14
ep=356 s=330 5649ms [sel=20 cap=5535 rest=95] sg=3->3 mode=NONE win=8 obs=331 | cap=wip act=(320,360) d=3.71 a=1 | sp=frontier:active d=3.7 age=11 dtg=22.11 region=1_14
ep=356 s=331 5704ms [sel=20 cap=5587 rest=97] sg=3->3 mode=NONE win=8 obs=332 | cap=wip act=(320,360) d=3.94 a=3 | sp=frontier:active d=3.9 age=12 dtg=22.11 region=1_14
ep=356 s=332 6893ms [sel=22 cap=6763 rest=108] sg=3->3 mode=NONE win=8 obs=333 | cap=wip act=(320,360) d=3.94 a=1 | sp=frontier:active d=3.9 age=13 dtg=21.90 region=1_14
ep=356 s=333 10014ms [sel=23 cap=9887 rest=104] sg=3->3 mode=NONE win=8 obs=334 | cap=wip act=(320,360) d=4.19 a=1 | sp=frontier:active d=4.2 age=14 dtg=21.72 region=1_14
ep=356 s=334 13744ms [sel=16 cap=13287 rest=405] sg=3->3 mode=NONE win=8 obs=335 | cap=wip act=(160,180) d=3.07 a=1 | preview=view3/6 yaw=+0 render=36ms | sp=preview:active d=3.1 age=0 dtg=21.60 region=1_15
ep=356 s=335 8051ms [sel=6 cap=7947 rest=98] sg=3->3 mode=NONE win=8 obs=336 | cap=wip act=(320,360) d=2.82 a=3 | sp=preview:active d=2.8 age=1 dtg=21.60 region=1_15
ep=356 s=336 17423ms [sel=6 cap=17315 rest=102] sg=3->3 mode=NONE win=8 obs=337 | cap=wip act=(320,360) d=2.82 a=1 | sp=preview:active d=2.8 age=2 dtg=21.48 region=1_15
ep=356 s=337 12509ms [sel=40 cap=11975 rest=459] sg=3->3 mode=NONE win=8 obs=338 | cap=wip act=(160,180) d=3.38 a=3 | preview=view4/6 yaw=+45 render=36ms | sp=preview:active d=3.4 age=0 dtg=21.48 region=1_15
ep=356 s=338 9154ms [sel=24 cap=9026 rest=104] sg=3->3 mode=NONE win=8 obs=339 | cap=wip act=(320,360) d=3.38 a=3 | sp=preview:active d=3.4 age=1 dtg=21.48 region=1_15
ep=356 s=339 12507ms [sel=3 cap=12383 rest=120] sg=3->3 mode=NONE win=8 obs=340 | cap=wip act=(320,360) d=3.38 a=3 | sp=preview:active d=3.4 age=2 dtg=21.48 region=1_15
ep=356 s=340 12367ms [sel=23 cap=11834 rest=475] sg=3->3 mode=NONE win=8 obs=341 | cap=wip act=(160,180) d=2.21 a=2 | preview=view1/6 yaw=-60 render=36ms | sp=preview:active d=2.2 age=0 dtg=21.48 region=1_15
ep=356 s=341 7687ms [sel=5 cap=7568 rest=114] sg=3->3 mode=NONE win=8 obs=342 | cap=wip act=(320,360) d=2.21 a=2 | sp=preview:active d=2.2 age=1 dtg=21.48 region=1_15
ep=356 s=342 8945ms [sel=4 cap=8835 rest=107] sg=3->3 mode=NONE win=8 obs=343 | cap=wip act=(320,360) d=2.21 a=1 | sp=preview:active d=2.2 age=2 dtg=21.32 region=1_15
ep=356 s=343 9325ms [sel=5 cap=9217 rest=103] sg=3->3 mode=NONE win=8 obs=344 | cap=wip act=(320,360) d=1.97 a=1 | sp=preview:active d=2.0 age=3 dtg=21.17 region=1_15
ep=356 s=344 8778ms [sel=3 cap=8668 rest=107] sg=3->3 mode=NONE win=8 obs=345 | cap=wip act=(320,360) d=1.73 a=2 | sp=preview:active d=1.7 age=4 dtg=21.17 region=1_15
ep=356 s=345 10898ms [sel=3 cap=10793 rest=102] sg=3->3 mode=NONE win=8 obs=346 | cap=wip act=(320,360) d=1.73 a=1 | sp=preview:active d=1.7 age=5 dtg=21.09 region=1_15
ep=356 s=346 7808ms [sel=3 cap=7700 rest=105] sg=3->3 mode=NONE win=8 obs=347 | cap=wip act=(320,360) d=1.48 a=1 | sp=preview:active d=1.5 age=6 dtg=21.04 region=1_15
ep=356 s=347 10546ms [sel=3 cap=10428 rest=115] sg=3->3 mode=NONE win=8 obs=348 | cap=wip act=(320,360) d=1.23 a=1 | sp=preview:active d=1.2 age=7 dtg=21.04 region=1_15
ep=356 s=348 12768ms [sel=3 cap=12651 rest=114] sg=3->3 mode=NONE win=8 obs=349 | cap=wip act=(320,360) d=0.98 a=1 | sp=preview:active d=1.0 age=8 dtg=21.08 region=1_15
ep=356 s=349 6071ms [sel=3 cap=5953 rest=115] sg=3->3 mode=NONE win=8 obs=350 | cap=wip act=(320,360) d=0.73 a=1 | sp=preview:active d=0.7 age=9 dtg=21.16 region=1_12
ep=356 s=350 40786ms [sel=33054 cap=7620 rest=112] sg=3->3 mode=NONE win=8 obs=351 | cap=wip act=(320,360) d=3.13 a=2 | sp=frontier:active d=3.1 age=0 som=5/8 dtg=21.16 region=1_12
ep=356 s=351 21153ms [sel=7 cap=21032 rest=114] sg=3->3 mode=NONE win=8 obs=352 | cap=wip act=(320,360) d=3.13 a=1 | sp=frontier:active d=3.1 age=1 dtg=21.33 region=1_12
ep=356 s=352 21997ms [sel=57 cap=21827 rest=113] sg=3->3 mode=NONE win=8 obs=353 | cap=wip act=(320,360) d=2.90 a=3 | sp=frontier:active d=2.9 age=0 dtg=21.33 region=1_12
ep=356 s=353 14466ms [sel=3 cap=14350 rest=113] sg=3->3 mode=NONE win=8 obs=354 | cap=wip act=(320,360) d=2.90 a=1 | sp=frontier:active d=2.9 age=1 dtg=21.47 region=1_12
ep=356 s=354 13046ms [sel=4 cap=12927 rest=115] sg=3->3 mode=NONE win=8 obs=355 | cap=wip act=(320,360) d=2.65 a=1 | sp=frontier:active d=2.6 age=2 dtg=21.64 region=1_12
ep=356 s=355 9266ms [sel=3 cap=8733 rest=495] sg=3->3 mode=NONE win=8 obs=356 | cap=wip act=(320,360) d=2.40 a=1 | preview=view-/6 yaw=+0 render=35ms | sp=frontier:active d=2.4 age=3 dtg=21.82 region=1_12
ep=356 s=356 13395ms [sel=3 cap=13281 rest=112] sg=3->3 mode=NONE win=8 obs=357 | cap=wip act=(320,360) d=2.15 a=1 | sp=frontier:active d=2.1 age=4 dtg=22.02 region=1_12
ep=356 s=357 13016ms [sel=4 cap=12902 rest=110] sg=3->3 mode=NONE win=8 obs=358 | cap=wip act=(320,360) d=1.90 a=1 | sp=frontier:active d=1.9 age=5 dtg=22.22 region=1_12
ep=356 s=358 15862ms [sel=3 cap=15749 rest=109] sg=3->3 mode=NONE win=8 obs=359 | cap=wip act=(320,360) d=1.65 a=1 | sp=frontier:active d=1.7 age=6 dtg=22.43 region=1_12
ep=356 s=359 18769ms [sel=3 cap=18662 rest=104] sg=3->3 mode=NONE win=8 obs=360 | cap=wip act=(320,360) d=1.41 a=1 | sp=frontier:active d=1.4 age=7 dtg=22.65 region=1_12
ep=356 s=360 14137ms [sel=3 cap=14029 rest=105] sg=3->3 mode=NONE win=8 obs=361 | cap=wip act=(320,360) d=1.16 a=1 | sp=frontier:active d=1.2 age=8 dtg=22.87 region=1_12
ep=356 s=361 8885ms [sel=3 cap=8757 rest=125] sg=3->3 mode=NONE win=8 obs=362 | cap=wip act=(320,360) d=0.92 a=1 | sp=frontier:active d=0.9 age=9 dtg=23.10 region=1_12
ep=356 s=362 8687ms [sel=4 cap=8590 rest=93] sg=3->3 mode=NONE win=8 obs=363 | cap=wip act=(320,360) d=0.68 a=1 | sp=frontier:active d=0.7 age=10 dtg=23.33 region=1_12
ep=356 s=363 50914ms [sel=42736 cap=8084 rest=95] sg=3->3 mode=NONE win=8 obs=364 | cap=wip act=(320,360) d=0.53 a=1 | sp=som:active d=0.5 age=0 som=1/4 dtg=23.57 region=1_12
ep=356 s=364 28569ms [sel=20668 cap=7797 rest=104] sg=3->3 mode=NONE win=8 obs=365 | cap=wip act=(320,360) d=0.52 a=2 | sp=som:active d=0.5 age=0 som=1/4 dtg=23.57 region=1_12
ep=356 s=365 10960ms [sel=3 cap=10847 rest=110] sg=3->3 mode=NONE win=8 obs=366 | cap=wip act=(320,360) d=0.52 a=2 | sp=som:active d=0.5 age=1 dtg=23.57 region=1_12
ep=356 s=366 11307ms [sel=3 cap=11190 rest=113] sg=3->3 mode=NONE win=8 obs=367 | cap=wip act=(320,360) d=0.52 a=1 | sp=som:active d=0.5 age=2 dtg=23.81 region=1_12
ep=356 s=367 11395ms [sel=80 cap=11200 rest=115] sg=3->3 mode=NONE win=8 obs=368 | cap=wip act=(320,360) d=2.58 a=2 | sp=frontier:active d=2.6 age=0 dtg=23.81 region=1_12
ep=356 s=368 8345ms [sel=31 cap=8203 rest=112] sg=3->3 mode=NONE win=8 obs=369 | cap=wip act=(320,360) d=2.58 a=2 | sp=frontier:active d=2.6 age=1 dtg=23.81 region=1_12
ep=356 s=369 10846ms [sel=30 cap=10710 rest=106] sg=3->3 mode=NONE win=8 obs=370 | cap=wip act=(320,360) d=2.58 a=2 | sp=frontier:active d=2.6 age=2 dtg=23.81 region=1_12
ep=356 s=370 9889ms [sel=25 cap=9755 rest=109] sg=3->3 mode=NONE win=8 obs=371 | cap=wip act=(320,360) d=2.58 a=2 | sp=frontier:active d=2.6 age=3 dtg=23.81 region=1_12
ep=356 s=371 14279ms [sel=21 cap=14150 rest=109] sg=3->3 mode=NONE win=8 obs=372 | cap=wip act=(320,360) d=2.58 a=2 | sp=frontier:active d=2.6 age=4 dtg=23.81 region=1_12
ep=356 s=372 11659ms [sel=11 cap=11531 rest=117] sg=3->3 mode=NONE win=8 obs=373 | cap=wip act=(320,360) d=2.58 a=2 | sp=frontier:active d=2.6 age=5 dtg=23.81 region=1_12
ep=356 s=373 10281ms [sel=4 cap=10160 rest=117] sg=3->3 mode=NONE win=8 obs=374 | cap=wip act=(320,360) d=2.58 a=2 | sp=frontier:active d=2.6 age=6 dtg=23.81 region=1_12
ep=356 s=374 8435ms [sel=4 cap=8310 rest=121] sg=3->3 mode=NONE win=8 obs=375 | cap=wip act=(320,360) d=2.58 a=2 | sp=frontier:active d=2.6 age=7 dtg=23.81 region=1_12
ep=356 s=375 11559ms [sel=8 cap=11422 rest=129] sg=3->3 mode=NONE win=8 obs=376 | cap=wip act=(320,360) d=2.58 a=1 | sp=frontier:active d=2.6 age=8 dtg=23.66 region=1_12
ep=356 s=376 11898ms [sel=9 cap=11768 rest=121] sg=3->3 mode=NONE win=8 obs=377 | cap=wip act=(320,360) d=2.44 a=1 | sp=frontier:active d=2.4 age=9 dtg=23.52 region=1_12
ep=356 s=377 10684ms [sel=10 cap=10546 rest=128] sg=3->3 mode=NONE win=8 obs=378 | cap=wip act=(320,360) d=2.31 a=1 | sp=frontier:active d=2.3 age=10 dtg=23.39 region=1_12
ep=356 s=378 7240ms [sel=12 cap=7104 rest=124] sg=3->3 mode=NONE win=8 obs=379 | cap=wip act=(320,360) d=2.21 a=3 | sp=frontier:active d=2.2 age=11 dtg=23.39 region=1_12
ep=356 s=379 10576ms [sel=9 cap=10448 rest=119] sg=3->3 mode=NONE win=8 obs=380 | cap=wip act=(320,360) d=2.21 a=1 | sp=frontier:active d=2.2 age=12 dtg=23.34 region=1_12
ep=356 s=380 8966ms [sel=8 cap=8839 rest=118] sg=3->3 mode=NONE win=8 obs=381 | cap=wip act=(320,360) d=2.06 a=1 | sp=frontier:active d=2.1 age=13 dtg=23.30 region=1_12
ep=356 s=381 11332ms [sel=10 cap=11203 rest=119] sg=3->3 mode=NONE win=8 obs=382 | cap=wip act=(320,360) d=1.95 a=1 | sp=frontier:active d=1.9 age=14 dtg=23.28 region=1_12
ep=356 s=382 12938ms [sel=11 cap=12816 rest=112] sg=3->3 mode=NONE win=8 obs=383 | cap=wip act=(320,360) d=1.85 a=1 | sp=frontier:active d=1.9 age=15 dtg=23.28 region=1_12
ep=356 s=383 17409ms [sel=12 cap=17285 rest=112] sg=3->3 mode=NONE win=8 obs=384 | cap=wip act=(320,360) d=1.79 a=3 | sp=frontier:active d=1.8 age=16 dtg=23.28 region=1_12
ep=356 s=384 15922ms [sel=11 cap=15802 rest=109] sg=3->3 mode=NONE win=8 obs=385 | cap=wip act=(320,360) d=1.79 a=1 | sp=frontier:active d=1.8 age=17 dtg=23.36 region=1_12
ep=356 s=385 9200ms [sel=11 cap=9081 rest=109] sg=3->3 mode=NONE win=8 obs=386 | cap=wip act=(320,360) d=1.70 a=3 | sp=frontier:active d=1.7 age=18 dtg=23.36 region=1_12
ep=356 s=386 19969ms [sel=10 cap=19860 rest=99] sg=3->3 mode=NONE win=8 obs=387 | cap=wip act=(320,360) d=1.70 a=1 | sp=frontier:active d=1.7 age=19 dtg=23.51 region=1_12
ep=356 s=387 13071ms [sel=0 cap=12968 rest=103] sg=3->4 mode=NONE win=8 obs=388 | cap=DONE act=TURN request=-45deg execute=-15deg x1 a=2 | sp=frontier:active d=1.6 age=20 ovr=4 door_evts=4 dtg=23.51 region=1_12
ep=356 s=388 7301ms [sel=0 cap=7190 rest=110] sg=4->4 mode=NONE win=8 obs=389 | cap=wip act=TURN request=-45deg execute=-15deg x1 a=2 | sp=- ovr=4 door_evts=4 dtg=23.51 region=1_12
ep=356 s=389 5698ms [sel=0 cap=5588 rest=110] sg=4->4 mode=NONE win=8 obs=390 | cap=wip act=TURN request=-45deg execute=-15deg x1 a=2 | sp=- ovr=4 door_evts=4 dtg=23.51 region=1_12
ep=356 s=390 7748ms [sel=0 cap=7636 rest=111] sg=4->4 mode=NONE win=8 obs=391 | cap=wip act=TURN request=-45deg execute=-15deg x1 a=2 | sp=- ovr=4 door_evts=4 dtg=23.51 region=1_12
ep=356 s=391 8038ms [sel=0 cap=7929 rest=109] sg=4->4 mode=NONE win=8 obs=392 | cap=wip act=TURN request=-45deg execute=-15deg x1 a=2 | sp=- ovr=4 door_evts=4 dtg=23.51 region=1_12
ep=356 s=392 34473ms [sel=31012 cap=3351 rest=110] sg=4->4 mode=NONE win=8 obs=393 | cap=wip act=(320,360) d=2.70 a=2 | sp=som:active d=2.7 age=0 som=5/7 dtg=23.51 region=1_12
ep=356 s=393 7339ms [sel=15 cap=7216 rest=108] sg=4->4 mode=NONE win=8 obs=394 | cap=wip act=(320,360) d=2.70 a=2 | sp=som:active d=2.7 age=1 dtg=23.51 region=1_12
ep=356 s=394 7862ms [sel=3 cap=7748 rest=111] sg=4->4 mode=NONE win=8 obs=395 | cap=wip act=(320,360) d=2.70 a=2 | sp=som:active d=2.7 age=2 dtg=23.51 region=1_12
ep=356 s=395 8203ms [sel=3 cap=8083 rest=116] sg=4->4 mode=NONE win=8 obs=396 | cap=wip act=(320,360) d=2.70 a=2 | sp=som:active d=2.7 age=3 dtg=23.51 region=1_12
ep=356 s=396 9803ms [sel=3 cap=9685 rest=115] sg=4->4 mode=NONE win=8 obs=397 | cap=wip act=(320,360) d=2.70 a=1 | sp=som:active d=2.7 age=4 dtg=23.26 region=1_12
ep=356 s=397 4219ms [sel=4 cap=4105 rest=110] sg=4->4 mode=NONE win=8 obs=398 | cap=wip act=(320,360) d=2.51 a=1 | sp=som:active d=2.5 age=5 dtg=23.01 region=1_12
ep=356 s=398 11696ms [sel=5 cap=11582 rest=109] sg=4->4 mode=NONE win=8 obs=399 | cap=wip act=(320,360) d=2.33 a=1 | sp=som:active d=2.3 age=6 dtg=22.76 region=1_12
ep=356 s=399 12081ms [sel=6 cap=11959 rest=116] sg=4->4 mode=NONE win=8 obs=400 | cap=wip act=(320,360) d=2.16 a=1 | sp=som:active d=2.2 age=7 dtg=22.52 region=1_12
ep=356 s=400 9499ms [sel=7 cap=9343 rest=148] sg=4->4 mode=NONE win=8 obs=401 | cap=wip act=(320,360) d=2.01 a=1 | sp=som:active d=2.0 age=8 dtg=22.27 region=1_12
ep=356 s=401 9074ms [sel=9 cap=8919 rest=146] sg=4->4 mode=NONE win=8 obs=402 | cap=wip act=(320,360) d=1.88 a=1 | sp=som:active d=1.9 age=9 dtg=22.02 region=1_12
ep=356 s=402 8458ms [sel=10 cap=7913 rest=499] sg=4->4 mode=NONE win=8 obs=403 | cap=wip act=(320,360) d=1.78 a=3 | preview=view-/6 yaw=+0 render=36ms | sp=som:active d=1.8 age=10 dtg=22.02 region=1_12
ep=356 s=403 6680ms [sel=7 cap=6563 rest=110] sg=4->4 mode=NONE win=8 obs=404 | cap=wip act=(320,360) d=1.78 a=1 | sp=som:active d=1.8 age=11 dtg=21.78 region=1_12
ep=356 s=404 7761ms [sel=8 cap=7640 rest=112] sg=4->4 mode=NONE win=8 obs=405 | cap=wip act=(320,360) d=1.65 a=3 | sp=som:active d=1.6 age=12 dtg=21.78 region=1_12
ep=356 s=405 8716ms [sel=6 cap=8160 rest=514] sg=4->4 mode=NONE win=8 obs=406 | cap=wip act=(320,360) d=1.65 a=1 | preview=view-/6 yaw=+0 render=37ms | sp=som:active d=1.6 age=13 dtg=21.54 region=1_12
ep=356 s=406 8888ms [sel=6 cap=8778 rest=104] sg=4->4 mode=NONE win=8 obs=407 | cap=wip act=(320,360) d=1.49 a=1 | sp=som:active d=1.5 age=14 dtg=21.31 region=1_12
ep=356 s=407 7744ms [sel=8 cap=7632 rest=104] sg=4->4 mode=NONE win=8 obs=408 | cap=wip act=(320,360) d=1.35 a=3 | sp=som:active d=1.4 age=15 dtg=21.31 region=1_12
ep=356 s=408 11119ms [sel=6 cap=11009 rest=105] sg=4->4 mode=NONE win=8 obs=409 | cap=wip act=(320,360) d=1.35 a=1 | sp=som:active d=1.4 age=16 dtg=21.13 region=1_12
ep=356 s=409 7592ms [sel=6 cap=7483 rest=103] sg=4->4 mode=NONE win=8 obs=410 | cap=wip act=(320,360) d=1.20 a=3 | sp=som:active d=1.2 age=17 dtg=21.13 region=1_12
ep=356 s=410 8446ms [sel=5 cap=8326 rest=115] sg=4->4 mode=NONE win=8 obs=411 | cap=wip act=(320,360) d=1.20 a=1 | sp=som:active d=1.2 age=18 dtg=21.04 region=1_15
ep=356 s=411 7640ms [sel=5 cap=7507 rest=129] sg=4->4 mode=NONE win=8 obs=412 | cap=wip act=(320,360) d=1.02 a=3 | sp=som:active d=1.0 age=19 dtg=21.04 region=1_15
ep=356 s=412 4951ms [sel=3 cap=4844 rest=104] sg=4->4 mode=NONE win=8 obs=413 | cap=wip act=(320,360) d=1.02 a=1 | sp=som:active d=1.0 age=20 dtg=21.05 region=1_15
ep=356 s=413 6121ms [sel=4 cap=6015 rest=103] sg=4->4 mode=NONE win=8 obs=414 | cap=wip act=(320,360) d=0.83 a=3 | sp=som:active d=0.8 age=21 dtg=21.05 region=1_15
ep=356 s=414 6671ms [sel=3 cap=6551 rest=117] sg=4->4 mode=GET_NOWHERE win=8 obs=415 | cap=wip/GET_NOWHERE act=(320,360) d=0.83 a=3 | sp=som:active d=0.8 age=22 dtg=21.05 region=1_15
ep=356 s=415 7163ms [sel=3 cap=7049 rest=111] sg=4->4 mode=GET_NOWHERE win=8 obs=416 | cap=wip/GET_NOWHERE act=(320,360) d=0.83 a=1 | sp=som:active d=0.8 age=23 dtg=21.21 region=1_15
ep=356 s=416 12427ms [sel=3 cap=12319 rest=106] sg=4->4 mode=GET_NOWHERE win=8 obs=417 | cap=wip/GET_NOWHERE act=(320,360) d=0.59 a=3 | sp=som:active d=0.6 age=24 dtg=21.21 region=1_15
ep=356 s=417 6560ms [sel=3 cap=6449 rest=108] sg=4->4 mode=GET_NOWHERE win=8 obs=418 | cap=wip/GET_NOWHERE act=(320,360) d=0.59 a=1 | sp=som:active d=0.6 age=25 dtg=21.44 region=1_15
ep=356 s=418 10908ms [sel=72 cap=10730 rest=106] sg=4->4 mode=GET_NOWHERE win=8 obs=419 | cap=wip/GET_NOWHERE act=(320,359) d=2.06 a=1 | sp=straight_ahead:reached d=0.5 age=0 dtg=21.66 region=1_15
ep=356 s=419 10631ms [sel=74 cap=10442 rest=114] sg=4->4 mode=NONE win=8 obs=420 | cap=wip act=(320,359) d=1.61 a=1 | sp=straight_ahead:reached d=0.4 age=0 dtg=21.90 region=1_15
ep=356 s=420 24668ms [sel=15606 cap=8565 rest=462] sg=4->4 mode=NONE win=8 obs=421 | cap=wip act=(317,386) d=1.36 a=1 | preview=view-/6 yaw=+0 render=35ms | sp=straight_ahead:reached d=0.4 age=0 som=2/6 dtg=22.13 region=1_13
ep=356 s=421 11685ms [sel=78 cap=11494 rest=114] sg=4->4 mode=NONE win=8 obs=422 | cap=wip act=(320,360) d=3.26 a=3 | sp=frontier:active d=3.3 age=0 dtg=22.13 region=1_13
ep=356 s=422 12317ms [sel=33 cap=12172 rest=112] sg=4->4 mode=NONE win=8 obs=423 | cap=wip act=(320,360) d=3.26 a=3 | sp=frontier:active d=3.3 age=1 dtg=22.13 region=1_13
ep=356 s=423 10680ms [sel=100 cap=10469 rest=111] sg=4->5 mode=NONE win=8 obs=424 | cap=DONE act=(320,360) d=4.39 a=3 | sp=frontier:active d=4.4 age=0 dtg=22.13 region=1_13
ep=356 s=424 19540ms [sel=50 cap=19383 rest=106] sg=5->5 mode=NONE win=8 obs=425 | cap=wip act=(320,360) d=4.39 a=3 | sp=frontier:active d=4.4 age=1 dtg=22.13 region=1_13
ep=356 s=425 23625ms [sel=41 cap=23478 rest=106] sg=5->5 mode=NONE win=8 obs=426 | cap=wip act=(320,360) d=4.39 a=3 | sp=frontier:active d=4.4 age=2 dtg=22.13 region=1_13
ep=356 s=426 26376ms [sel=35 cap=26227 rest=114] sg=5->5 mode=NONE win=8 obs=427 | cap=wip act=(320,360) d=4.39 a=3 | sp=frontier:active d=4.4 age=3 dtg=22.13 region=1_13
ep=356 s=427 16515ms [sel=35 cap=16378 rest=101] sg=5->5 mode=NONE win=8 obs=428 | cap=wip act=(320,360) d=4.39 a=3 | sp=frontier:active d=4.4 age=4 dtg=22.13 region=1_13
ep=356 s=428 20743ms [sel=28 cap=20248 rest=431] sg=5->5 mode=NONE win=8 obs=429 | cap=wip act=(320,360) d=4.39 a=3 | preview=view-/6 yaw=+0 render=36ms | sp=frontier:active d=4.4 age=5 dtg=22.13 region=1_13
ep=356 s=429 12246ms [sel=21 cap=12129 rest=96] sg=5->5 mode=NONE win=8 obs=430 | cap=wip act=(320,360) d=4.39 a=3 | sp=frontier:active d=4.4 age=6 dtg=22.13 region=1_13
ep=356 s=430 17103ms [sel=14 cap=16996 rest=93] sg=5->5 mode=NONE win=8 obs=431 | cap=wip act=(320,360) d=4.39 a=3 | sp=frontier:active d=4.4 age=7 dtg=22.13 region=1_13
ep=356 s=431 21313ms [sel=24 cap=20805 rest=450] sg=5->5 mode=NONE win=8 obs=432 | cap=wip act=(320,360) d=4.39 a=3 | preview=view-/6 yaw=+0 render=34ms | sp=frontier:active d=4.4 age=8 dtg=22.13 region=1_13
ep=356 s=432 15247ms [sel=28 cap=15113 rest=106] sg=5->5 mode=NONE win=8 obs=433 | cap=wip act=(320,360) d=4.39 a=1 | sp=frontier:active d=4.4 age=9 dtg=21.93 region=1_15
ep=356 s=433 12087ms [sel=28 cap=11960 rest=98] sg=5->5 mode=NONE win=8 obs=434 | cap=wip act=(320,360) d=4.29 a=3 | sp=frontier:active d=4.3 age=10 dtg=21.93 region=1_15
ep=356 s=434 13352ms [sel=31 cap=13222 rest=99] sg=5->5 mode=NONE win=8 obs=435 | cap=wip act=(320,360) d=4.29 a=1 | sp=frontier:active d=4.3 age=11 dtg=21.70 region=1_15
ep=356 s=435 21189ms [sel=30 cap=20685 rest=439] sg=5->5 mode=NONE win=8 obs=436 | cap=wip act=(320,360) d=4.27 a=3 | preview=view-/6 yaw=+0 render=35ms | sp=frontier:active d=4.3 age=12 dtg=21.70 region=1_15
ep=356 s=436 16095ms [sel=33 cap=15958 rest=105] sg=5->5 mode=NONE win=8 obs=437 | cap=wip act=(320,360) d=4.27 a=1 | sp=frontier:active d=4.3 age=13 dtg=21.45 region=1_15
ep=356 s=437 20294ms [sel=32 cap=20159 rest=103] sg=5->5 mode=NONE win=8 obs=438 | cap=wip act=(320,360) d=4.33 a=1 | sp=frontier:active d=4.3 age=14 dtg=21.21 region=1_15
ep=356 s=438 16704ms [sel=42 cap=16159 rest=465] sg=5->5 mode=NONE win=8 obs=439 | cap=wip act=(320,360) d=4.40 a=2 | preview=view-/6 yaw=+0 render=37ms | sp=frontier:active d=4.4 age=15 dtg=21.21 region=1_15
ep=356 s=439 15722ms [sel=31 cap=15585 rest=107] sg=5->5 mode=NONE win=8 obs=440 | cap=wip act=(320,360) d=4.40 a=2 | sp=frontier:active d=4.4 age=16 dtg=21.21 region=1_15
ep=356 s=440 10792ms [sel=30 cap=10653 rest=110] sg=5->5 mode=NONE win=8 obs=441 | cap=wip act=(320,360) d=4.40 a=2 | sp=frontier:active d=4.4 age=17 dtg=21.21 region=1_15
ep=356 s=441 15810ms [sel=24 cap=15675 rest=111] sg=5->5 mode=NONE win=8 obs=442 | cap=wip act=(320,360) d=4.40 a=1 | sp=frontier:active d=4.4 age=18 dtg=21.09 region=1_15
ep=356 s=442 13182ms [sel=50 cap=12531 rest=542] sg=5->5 mode=NONE win=8 obs=443 | cap=wip act=(160,180) d=4.30 a=1 | preview=view1/6 yaw=-90 render=59ms | sp=preview:active d=4.3 age=0 dtg=21.00 region=1_15
ep=356 s=443 11504ms [sel=31 cap=11355 rest=119] sg=5->5 mode=NONE win=8 obs=444 | cap=wip act=(320,360) d=4.20 a=2 | sp=preview:active d=4.2 age=1 dtg=21.00 region=1_15
ep=356 s=444 14378ms [sel=22 cap=14243 rest=113] sg=5->5 mode=GET_NOWHERE win=8 obs=445 | cap=wip/GET_NOWHERE act=(320,360) d=4.20 a=2 | sp=preview:active d=4.2 age=2 dtg=21.00 region=1_15
ep=356 s=445 18964ms [sel=18 cap=18834 rest=112] sg=5->5 mode=NONE win=8 obs=446 | cap=wip act=(320,360) d=4.20 a=2 | sp=preview:active d=4.2 age=3 dtg=21.00 region=1_15
ep=356 s=446 11984ms [sel=3 cap=11864 rest=116] sg=5->5 mode=NONE win=8 obs=447 | cap=wip act=(320,360) d=4.20 a=1 | sp=preview:active d=4.2 age=4 dtg=21.15 region=1_12
ep=356 s=447 14181ms [sel=3 cap=14060 rest=117] sg=5->5 mode=NONE win=8 obs=448 | cap=wip act=(320,360) d=3.98 a=1 | sp=preview:active d=4.0 age=5 dtg=21.32 region=1_12
ep=356 s=448 19307ms [sel=3 cap=18768 rest=500] sg=5->5 mode=NONE win=8 obs=449 | cap=wip act=(320,360) d=3.75 a=1 | preview=view-/6 yaw=+0 render=35ms | sp=preview:active d=3.8 age=6 dtg=21.51 region=1_12
ep=356 s=449 11709ms [sel=7 cap=11580 rest=122] sg=5->5 mode=NONE win=8 obs=450 | cap=wip act=(320,360) d=3.53 a=2 | sp=preview:active d=3.5 age=7 dtg=21.51 region=1_12
ep=356 s=450 11487ms [sel=3 cap=11365 rest=119] sg=5->5 mode=NONE win=8 obs=451 | cap=wip act=(320,360) d=3.53 a=1 | sp=preview:active d=3.5 age=8 dtg=21.74 region=1_12
ep=356 s=451 15678ms [sel=3 cap=15140 rest=499] sg=5->5 mode=NONE win=8 obs=452 | cap=wip act=(320,360) d=3.29 a=1 | preview=view-/6 yaw=+0 render=36ms | sp=preview:active d=3.3 age=9 dtg=21.98 region=1_12
ep=356 s=452 10395ms [sel=3 cap=10271 rest=121] sg=5->5 mode=NONE win=8 obs=453 | cap=wip act=(320,360) d=3.05 a=2 | sp=preview:active d=3.0 age=10 dtg=21.98 region=1_12
ep=356 s=453 10117ms [sel=3 cap=9993 rest=120] sg=5->5 mode=NONE win=8 obs=454 | cap=wip act=(320,360) d=3.05 a=2 | sp=preview:active d=3.0 age=11 dtg=21.98 region=1_12
ep=356 s=454 20785ms [sel=3 cap=20241 rest=505] sg=5->5 mode=NONE win=8 obs=455 | cap=wip act=(320,360) d=3.05 a=1 | preview=view-/6 yaw=+0 render=36ms | sp=preview:active d=3.0 age=12 dtg=22.22 region=1_12
ep=356 s=455 11725ms [sel=3 cap=11600 rest=122] sg=5->5 mode=NONE win=8 obs=456 | cap=wip act=(320,360) d=2.81 a=1 | sp=preview:active d=2.8 age=13 dtg=22.47 region=1_12
ep=356 s=456 14663ms [sel=3 cap=14540 rest=120] sg=5->5 mode=NONE win=8 obs=457 | cap=wip act=(320,360) d=2.57 a=1 | sp=preview:active d=2.6 age=14 dtg=22.71 region=1_12
ep=356 s=457 29678ms [sel=3 cap=29172 rest=468] sg=5->5 mode=NONE win=8 obs=458 | cap=wip act=(320,360) d=2.33 a=1 | preview=view-/6 yaw=+0 render=34ms | sp=preview:active d=2.3 age=15 dtg=22.96 region=1_12
ep=356 s=458 14442ms [sel=64 cap=14254 rest=123] sg=5->5 mode=NONE win=8 obs=459 | cap=wip act=(320,360) d=2.13 a=3 | sp=frontier:active d=2.1 age=0 dtg=22.96 region=1_12
ep=356 s=459 15886ms [sel=16 cap=15752 rest=117] sg=5->5 mode=NONE win=8 obs=460 | cap=wip act=(320,360) d=2.13 a=3 | sp=frontier:active d=2.1 age=1 dtg=22.96 region=1_12
ep=356 s=460 27239ms [sel=16 cap=26714 rest=473] sg=5->5 mode=NONE win=8 obs=461 | cap=wip act=(320,360) d=2.13 a=3 | preview=view-/6 yaw=+0 render=36ms | sp=frontier:active d=2.1 age=2 dtg=22.96 region=1_12
ep=356 s=461 12564ms [sel=14 cap=12441 rest=109] sg=5->5 mode=NONE win=8 obs=462 | cap=wip act=(320,360) d=2.13 a=3 | sp=frontier:active d=2.1 age=3 dtg=22.96 region=1_12
ep=356 s=462 15089ms [sel=3 cap=14976 rest=111] sg=5->5 mode=NONE win=8 obs=463 | cap=wip act=(320,360) d=2.13 a=3 | sp=frontier:active d=2.1 age=4 dtg=22.96 region=1_12
ep=356 s=463 23461ms [sel=3 cap=22945 rest=478] sg=5->5 mode=NONE win=8 obs=464 | cap=wip act=(320,360) d=2.13 a=3 | preview=view-/6 yaw=+0 render=35ms | sp=frontier:active d=2.1 age=5 dtg=22.96 region=1_12
ep=356 s=464 15651ms [sel=3 cap=15539 rest=109] sg=5->5 mode=NONE win=8 obs=465 | cap=wip act=(320,360) d=2.13 a=1 | sp=frontier:active d=2.1 age=6 dtg=23.01 region=1_12
ep=356 s=465 18462ms [sel=3 cap=18352 rest=108] sg=5->5 mode=NONE win=8 obs=466 | cap=wip act=(320,360) d=1.89 a=1 | sp=frontier:active d=1.9 age=7 dtg=23.07 region=1_12
ep=356 s=466 18292ms [sel=3 cap=17789 rest=465] sg=5->5 mode=NONE win=8 obs=467 | cap=wip act=(320,360) d=1.64 a=1 | preview=view-/6 yaw=+0 render=35ms | sp=frontier:active d=1.6 age=8 dtg=23.15 region=1_12
ep=356 s=467 19152ms [sel=3 cap=19044 rest=105] sg=5->5 mode=NONE win=8 obs=468 | cap=wip act=(320,360) d=1.39 a=1 | sp=frontier:active d=1.4 age=9 dtg=23.25 region=1_12
ep=356 s=468 11476ms [sel=3 cap=11370 rest=103] sg=5->5 mode=NONE win=8 obs=469 | cap=wip act=(320,360) d=1.15 a=1 | sp=frontier:active d=1.2 age=10 dtg=23.36 region=1_12
ep=356 s=469 19139ms [sel=3 cap=18664 rest=436] sg=5->5 mode=NONE win=8 obs=470 | cap=wip act=(320,360) d=0.91 a=1 | preview=view-/6 yaw=+0 render=35ms | sp=frontier:active d=0.9 age=11 dtg=23.48 region=1_12
ep=356 s=470 11659ms [sel=3 cap=11553 rest=102] sg=5->5 mode=NONE win=8 obs=471 | cap=wip act=(320,360) d=0.67 a=2 | sp=frontier:active d=0.7 age=12 dtg=23.48 region=1_12
ep=356 s=471 13140ms [sel=4 cap=13035 rest=101] sg=5->5 mode=NONE win=8 obs=472 | cap=wip act=(320,360) d=0.67 a=1 | sp=frontier:active d=0.7 age=13 dtg=23.67 region=1_12
ep=356 s=472 29588ms [sel=19611 cap=9869 rest=108] sg=5->5 mode=NONE win=8 obs=473 | cap=wip act=(316,372) d=1.48 a=1 | sp=straight_ahead:reached d=0.4 age=0 som=2/5 dtg=23.86 region=1_12
ep=356 s=473 16027ms [sel=296 cap=15605 rest=125] sg=5->5 mode=NONE win=8 obs=474 | cap=wip act=TURN request=+45deg execute=+15deg x1 a=3 | sp=straight_ahead:reached d=0.4 age=1 ovr=4 door_evts=4 dtg=23.86 region=1_12
ep=356 s=474 16924ms [sel=0 cap=16454 rest=434] sg=5->5 mode=NONE win=8 obs=475 | cap=wip act=TURN request=+45deg execute=+15deg x1 a=3 | preview=view-/6 yaw=+0 render=35ms | sp=- ovr=4 door_evts=4 dtg=23.86 region=1_12
ep=356 s=475 14475ms [sel=0 cap=14363 rest=112] sg=5->5 mode=NONE win=8 obs=476 | cap=wip act=TURN request=+45deg execute=+15deg x1 a=3 | sp=- ovr=4 door_evts=4 dtg=23.86 region=1_12
ep=356 s=476 20232ms [sel=0 cap=20127 rest=106] sg=5->5 mode=NONE win=8 obs=477 | cap=wip act=TURN request=+45deg execute=+15deg x1 a=3 | sp=- ovr=4 door_evts=4 dtg=23.86 region=1_12
ep=356 s=477 25508ms [sel=0 cap=25059 rest=413] sg=5->5 mode=NONE win=8 obs=478 | cap=wip act=TURN request=+45deg execute=+15deg x1 a=3 | preview=view-/6 yaw=+0 render=37ms | sp=- ovr=4 door_evts=4 dtg=23.86 region=1_12
ep=356 s=478 18489ms [sel=0 cap=18392 rest=97] sg=5->5 mode=NONE win=8 obs=479 | cap=wip act=TURN request=+45deg execute=+15deg x1 a=3 | sp=- ovr=4 door_evts=4 dtg=23.86 region=1_12
ep=356 s=479 14181ms [sel=0 cap=14085 rest=95] sg=5->5 mode=NONE win=8 obs=480 | cap=wip act=TURN request=+45deg execute=+15deg x1 a=3 | sp=- ovr=4 door_evts=4 dtg=23.86 region=1_12
ep=356 s=480 14474ms [sel=0 cap=14376 rest=98] sg=5->5 mode=NONE win=8 obs=481 | cap=wip act=TURN request=+45deg execute=+15deg x1 a=3 | sp=- ovr=4 door_evts=4 dtg=23.86 region=1_12
ep=356 s=481 12420ms [sel=0 cap=11945 rest=438] sg=5->5 mode=NONE win=8 obs=482 | cap=wip act=TURN request=+45deg execute=+15deg x1 a=3 | preview=view-/6 yaw=+0 render=36ms | sp=- ovr=4 door_evts=4 dtg=23.86 region=1_12
ep=356 s=482 14058ms [sel=0 cap=13944 rest=114] sg=5->5 mode=NONE win=8 obs=483 | cap=wip act=TURN request=+45deg execute=+15deg x1 a=3 | sp=- ovr=4 door_evts=4 dtg=23.86 region=1_12
ep=356 s=483 11010ms [sel=69 cap=10827 rest=114] sg=5->5 mode=NONE win=8 obs=484 | cap=wip act=(320,360) d=4.88 a=1 | sp=frontier:active d=4.9 age=0 dtg=23.61 region=1_12
ep=356 s=484 19792ms [sel=15 cap=19281 rest=458] sg=5->5 mode=NONE win=8 obs=485 | cap=wip act=(320,360) d=4.71 a=1 | preview=view-/6 yaw=+0 render=38ms | sp=frontier:active d=4.7 age=1 dtg=23.37 region=1_12
ep=356 s=485 14277ms [sel=12 cap=14151 rest=114] sg=5->5 mode=NONE win=8 obs=486 | cap=wip act=(320,360) d=4.54 a=1 | sp=frontier:active d=4.5 age=2 dtg=23.12 region=1_12
ep=356 s=486 6778ms [sel=16 cap=6623 rest=139] sg=5->5 mode=NONE win=8 obs=487 | cap=wip act=(320,360) d=4.39 a=1 | sp=frontier:active d=4.4 age=3 dtg=22.87 region=1_12
ep=356 s=487 10736ms [sel=14 cap=10203 rest=480] sg=5->5 mode=NONE win=8 obs=488 | cap=wip act=(320,360) d=4.24 a=1 | preview=view-/6 yaw=+0 render=38ms | sp=frontier:active d=4.2 age=4 dtg=22.63 region=1_12
ep=356 s=488 6548ms [sel=17 cap=6425 rest=106] sg=5->5 mode=NONE win=8 obs=489 | cap=wip act=(320,360) d=4.11 a=1 | sp=frontier:active d=4.1 age=5 dtg=22.39 region=1_12
ep=356 s=489 5932ms [sel=18 cap=5805 rest=110] sg=5->5 mode=NONE win=8 obs=490 | cap=wip act=(320,360) d=3.98 a=1 | sp=frontier:active d=4.0 age=6 dtg=22.14 region=1_12
ep=356 s=490 7481ms [sel=19 cap=7352 rest=109] sg=5->5 mode=NONE win=8 obs=491 | cap=wip act=(320,360) d=3.87 a=1 | sp=frontier:active d=3.9 age=7 dtg=21.90 region=1_12
ep=356 s=491 7371ms [sel=21 cap=7239 rest=111] sg=5->5 mode=NONE win=8 obs=492 | cap=wip act=(320,360) d=3.77 a=1 | sp=frontier:active d=3.8 age=8 dtg=21.67 region=1_12
ep=356 s=492 10579ms [sel=22 cap=10446 rest=110] sg=5->5 mode=NONE win=8 obs=493 | cap=wip act=(320,360) d=3.68 a=1 | sp=frontier:active d=3.7 age=9 dtg=21.43 region=1_12
ep=356 s=493 9354ms [sel=25 cap=9221 rest=108] sg=5->5 mode=NONE win=8 obs=494 | cap=wip act=(320,360) d=3.61 a=1 | sp=frontier:active d=3.6 age=10 dtg=21.20 region=1_12
ep=356 s=494 18214ms [sel=24 cap=17652 rest=501] sg=5->5 mode=NONE win=8 obs=495 | cap=wip act=(320,360) d=3.56 a=1 | preview=view-/6 yaw=+0 render=37ms | sp=frontier:active d=3.6 age=11 dtg=20.98 region=1_12
ep=356 s=495 12963ms [sel=24 cap=12834 rest=104] sg=5->5 mode=NONE win=8 obs=496 | cap=wip act=(320,360) d=3.52 a=2 | sp=frontier:active d=3.5 age=12 dtg=20.98 region=1_12
ep=356 s=496 10039ms [sel=20 cap=9916 rest=104] sg=5->5 mode=NONE win=8 obs=497 | cap=wip act=(320,360) d=3.52 a=2 | sp=frontier:active d=3.5 age=13 dtg=20.98 region=1_12
ep=356 s=497 10991ms [sel=10 cap=10873 rest=108] sg=5->5 mode=NONE win=8 obs=498 | cap=wip act=(320,360) d=3.52 a=1 | sp=frontier:active d=3.5 age=14 dtg=20.73 region=1_12
ep=356 s=498 16315ms [sel=11 cap=15797 rest=470] sg=5->5 mode=NONE win=8 obs=499 | cap=wip act=(320,360) d=3.38 a=1 | preview=view-/6 yaw=+0 render=36ms | sp=frontier:active d=3.4 age=15 dtg=20.48 region=1_15
ep=356 s=499 11795ms [sel=15 cap=11684 rest=96] sg=5->5 mode=NONE win=8 obs=500 | cap=wip act=(320,360) d=3.25 a=3 | sp=frontier:active d=3.2 age=16 dtg=20.48 region=1_15
rank=3 [3/12] id=356 steps=500 success=0.000 spl=0.000 dtg=20.48 osr=0 path_length=65.31 ndtw=0.000 sdtw=0.000
PluginManager::Manager: duplicate static plugin StbImageImporter, ignoring
PluginManager::Manager: duplicate static plugin GltfImporter, ignoring
PluginManager::Manager: duplicate static plugin BasisImporter, ignoring
PluginManager::Manager: duplicate static plugin AssimpImporter, ignoring
PluginManager::Manager: duplicate static plugin AnySceneImporter, ignoring
PluginManager::Manager: duplicate static plugin AnyImageImporter, ignoring
episode=501 instruction='Turn left and walk straight. Wait at the end of the hallway. ' start_position=[-4.353710174560547, 0.15480518341064453, -11.63290023803711] goal_position=[4.944920063018799, 0.15480518341064453, -12.134599685668945] reference_geodesic=9.363972663879395
episode=501 prepared_subgoals=2
  [1] Turn left until the hallway is centered ahead, then walk straight down the hallway
      proof: The end of the hallway is directly ahead, within a step.
  [2] Wait at the end of the hallway
      proof: The camera is stopped beside the end of the hallway and the view is centered on it
ep=501 s=0 17835ms [sel=0 cap=17282 rest=514] sg=1->1 mode=NONE win=1 obs=1 | cap=wip act=TURN request=-45deg execute=-15deg x1 a=2 | preview=view-/6 yaw=+0 render=39ms dtg=9.36 region=1_23
ep=501 s=1 10599ms [sel=0 cap=10489 rest=110] sg=1->1 mode=NONE win=2 obs=2 | cap=wip act=TURN request=-45deg execute=-15deg x1 a=2 dtg=9.36 region=1_23
ep=501 s=2 11970ms [sel=0 cap=11860 rest=111] sg=1->1 mode=NONE win=3 obs=3 | cap=wip act=TURN request=-45deg execute=-15deg x1 a=2 dtg=9.36 region=1_23
ep=501 s=3 7786ms [sel=0 cap=7677 rest=109] sg=1->1 mode=NONE win=4 obs=4 | cap=wip act=TURN request=-45deg execute=-15deg x1 a=2 dtg=9.36 region=1_23
ep=501 s=4 8768ms [sel=0 cap=8653 rest=115] sg=1->1 mode=NONE win=5 obs=5 | cap=wip act=TURN request=-45deg execute=-15deg x1 a=2 dtg=9.36 region=1_23
ep=501 s=5 25175ms [sel=16760 cap=8305 rest=110] sg=1->1 mode=NONE win=6 obs=6 | cap=wip act=(320,360) d=2.95 a=1 | sp=som:active d=3.0 age=0 som=3/8 dtg=9.13 region=1_23
ep=501 s=6 5011ms [sel=3 cap=4900 rest=107] sg=1->1 mode=NONE win=7 obs=7 | cap=wip act=(320,360) d=2.71 a=2 | sp=som:active d=2.7 age=1 dtg=9.13 region=1_23
ep=501 s=7 9072ms [sel=3 cap=8955 rest=114] sg=1->1 mode=NONE win=8 obs=8 | cap=wip act=(320,360) d=2.71 a=1 | sp=som:active d=2.7 age=2 dtg=8.89 region=1_23
ep=501 s=8 6380ms [sel=3 cap=6267 rest=110] sg=1->1 mode=NONE win=8 obs=9 | cap=wip act=(320,360) d=2.46 a=1 | sp=som:active d=2.5 age=3 dtg=8.64 region=1_23
ep=501 s=9 15606ms [sel=46 cap=15453 rest=107] sg=1->2 mode=NONE win=8 obs=10 | cap=DONE act=(320,360) d=4.01 a=1 | sp=frontier:active d=4.0 age=0 dtg=8.39 region=1_23
ep=501 s=10 8759ms [sel=3 cap=8649 rest=108] sg=2->2 mode=NONE win=8 obs=11 | cap=wip act=(320,360) d=3.76 a=1 | sp=frontier:active d=3.8 age=1 dtg=8.15 region=1_23
ep=501 s=11 21739ms [sel=5 cap=21175 rest=520] sg=2->None mode=NONE win=8 obs=12 | cap=DONE act=(320,360) d=1.00 a=1 | preview=view-/6 yaw=+0 render=40ms | sp=frontier:active d=3.5 age=2 dtg=7.90 region=1_23
ep=501 s=12 110ms [sel=4 cap=0 rest=106] sg=None->None mode=NONE win=8 obs=13 | cap=- act=(320,360) d=1.00 a=1 | sp=frontier:active d=3.3 age=3 dtg=7.66 region=1_23
ep=501 s=13 113ms [sel=5 cap=0 rest=108] sg=None->None mode=NONE win=8 obs=14 | cap=- act=(320,360) d=1.00 a=1 | sp=frontier:active d=3.0 age=4 dtg=7.41 region=1_23
ep=501 s=14 109ms [sel=0 cap=0 rest=109] sg=None->None mode=NONE win=8 obs=15 | cap=- act=STOP | sp=frontier:active d=2.8 age=5 dtg=7.41 region=1_23
rank=3 [4/12] id=501 steps=15 success=0.000 spl=0.000 dtg=7.41 osr=0 path_length=2.00 ndtw=0.396 sdtw=0.000
PluginManager::Manager: duplicate static plugin StbImageImporter, ignoring
PluginManager::Manager: duplicate static plugin GltfImporter, ignoring
PluginManager::Manager: duplicate static plugin BasisImporter, ignoring
PluginManager::Manager: duplicate static plugin AssimpImporter, ignoring
PluginManager::Manager: duplicate static plugin AnySceneImporter, ignoring
PluginManager::Manager: duplicate static plugin AnyImageImporter, ignoring
episode=619 instruction='Walk past the stairs, down the walkway and stop in the second bedroom next to the bathroom door. ' start_position=[1.7788499593734741, 3.6180613040924072, 8.126489639282227] goal_position=[0.299686998128891, 3.6484322547912598, 2.7190299034118652] reference_geodesic=5.838303565979004
episode=619 prepared_subgoals=4
  [1] Walk past the stairs
      proof: The stairs are behind the camera and the walkway ahead fills the view.
  [2] Walk down the walkway
      proof: The end of the walkway is directly ahead, within a step.
  [3] Enter the second bedroom
      proof: The bedroom interior is central in the view.
  [4] Stop beside the bathroom door
      proof: The bathroom door is directly beside or ahead of the camera, within a step
ep=619 s=0 11225ms [sel=22 cap=10675 rest=489] sg=1->1 mode=NONE win=1 obs=1 | cap=wip act=(160,180) d=2.36 a=2 | preview=view5/6 yaw=+180 render=39ms | sp=preview:active d=2.4 age=0 dtg=5.84 region=1_10
ep=619 s=1 8990ms [sel=5 cap=8861 rest=124] sg=1->1 mode=NONE win=2 obs=2 | cap=wip act=TURN request=-45deg execute=-15deg x1 a=2 | sp=preview:active d=2.4 age=1 dtg=5.84 region=1_10
ep=619 s=2 8454ms [sel=5 cap=8323 rest=126] sg=1->1 mode=NONE win=3 obs=3 | cap=wip act=TURN request=-45deg execute=-15deg x1 a=2 | sp=preview:active d=2.4 age=2 dtg=5.84 region=1_10
ep=619 s=3 8248ms [sel=5 cap=8112 rest=131] sg=1->1 mode=NONE win=4 obs=4 | cap=wip act=TURN request=-45deg execute=-15deg x1 a=2 | sp=preview:active d=2.4 age=3 dtg=5.84 region=1_10
ep=619 s=4 7145ms [sel=5 cap=7011 rest=129] sg=1->1 mode=GET_NOWHERE win=5 obs=5 | cap=wip/GET_NOWHERE act=TURN request=-45deg execute=-15deg x1 a=2 | sp=preview:active d=2.4 age=4 dtg=5.84 region=1_10
ep=619 s=5 6865ms [sel=5 cap=6730 rest=130] sg=1->1 mode=NONE win=6 obs=6 | cap=wip act=TURN request=-45deg execute=-15deg x1 a=2 | sp=preview:active d=2.4 age=5 dtg=5.84 region=1_10
ep=619 s=6 4685ms [sel=5 cap=4554 rest=126] sg=1->1 mode=NONE win=7 obs=7 | cap=wip act=TURN request=-45deg execute=-15deg x1 a=2 | sp=preview:active d=2.4 age=6 dtg=5.84 region=1_10
ep=619 s=7 9387ms [sel=5 cap=9250 rest=132] sg=1->1 mode=NONE win=8 obs=8 | cap=wip act=TURN request=-45deg execute=-15deg x1 a=2 | sp=preview:active d=2.4 age=7 dtg=5.84 region=1_10
ep=619 s=8 11682ms [sel=9 cap=11545 rest=129] sg=1->1 mode=NONE win=8 obs=9 | cap=wip act=(320,360) d=2.36 a=2 | sp=preview:active d=2.4 age=8 dtg=5.84 region=1_10
ep=619 s=9 8268ms [sel=8 cap=8127 rest=133] sg=1->1 mode=NONE win=8 obs=10 | cap=wip act=(320,360) d=2.36 a=2 | sp=preview:active d=2.4 age=9 dtg=5.84 region=1_10
ep=619 s=10 13399ms [sel=3 cap=13264 rest=131] sg=1->1 mode=NONE win=8 obs=11 | cap=wip act=(320,360) d=2.36 a=1 | sp=preview:active d=2.4 age=10 dtg=5.87 region=1_10
ep=619 s=11 9888ms [sel=4 cap=9748 rest=135] sg=1->1 mode=NONE win=8 obs=12 | cap=wip act=(320,360) d=2.14 a=2 | sp=preview:active d=2.1 age=11 dtg=5.87 region=1_10
ep=619 s=12 7785ms [sel=3 cap=7649 rest=133] sg=1->1 mode=NONE win=8 obs=13 | cap=wip act=(320,360) d=2.14 a=1 | sp=preview:active d=2.1 age=12 dtg=5.90 region=1_10
ep=619 s=13 7776ms [sel=4 cap=7630 rest=141] sg=1->1 mode=NONE win=8 obs=14 | cap=wip act=(320,360) d=1.98 a=2 | sp=preview:active d=2.0 age=13 dtg=5.90 region=1_10
ep=619 s=14 6523ms [sel=4 cap=6386 rest=133] sg=1->1 mode=NONE win=8 obs=15 | cap=wip act=(320,360) d=1.98 a=1 | sp=preview:active d=2.0 age=14 dtg=5.83 region=1_10
ep=619 s=15 6098ms [sel=0 cap=5825 rest=273] sg=1->1 mode=NONE win=8 obs=16 | cap=wip act=TURN request=-45deg execute=-15deg x1 a=2 | sp=preview:active d=2.0 age=15 dtg=5.83 region=1_10
ep=619 s=16 7107ms [sel=0 cap=6972 rest=134] sg=1->1 mode=NONE win=8 obs=17 | cap=wip act=TURN request=-45deg execute=-15deg x1 a=2 | sp=preview:active d=2.0 age=16 dtg=5.83 region=1_10
ep=619 s=17 6367ms [sel=0 cap=6235 rest=133] sg=1->1 mode=NONE win=8 obs=18 | cap=wip act=TURN request=-45deg execute=-15deg x1 a=2 | sp=preview:active d=2.0 age=17 dtg=5.83 region=1_10
ep=619 s=18 10140ms [sel=0 cap=10008 rest=133] sg=1->1 mode=NONE win=8 obs=19 | cap=wip act=TURN request=-45deg execute=-15deg x1 a=2 | sp=preview:active d=2.0 age=18 dtg=5.83 region=1_10
ep=619 s=19 9027ms [sel=0 cap=8898 rest=129] sg=1->1 mode=NONE win=8 obs=20 | cap=wip act=TURN request=-45deg execute=-15deg x1 a=2 | sp=preview:active d=2.0 age=19 dtg=5.83 region=1_10
ep=619 s=20 6554ms [sel=0 cap=6427 rest=127] sg=1->1 mode=NONE win=8 obs=21 | cap=wip act=TURN request=-45deg execute=-15deg x1 a=2 | sp=preview:active d=2.0 age=20 dtg=5.83 region=1_10
ep=619 s=21 8918ms [sel=34 cap=8761 rest=123] sg=1->1 mode=NONE win=8 obs=22 | cap=wip act=(320,360) d=1.96 a=2 | sp=preview:active d=2.0 age=21 dtg=5.83 region=1_10
ep=619 s=22 6697ms [sel=19 cap=6552 rest=125] sg=1->1 mode=NONE win=8 obs=23 | cap=wip act=(320,360) d=2.09 a=2 | sp=preview:active d=2.1 age=22 dtg=5.83 region=1_10
ep=619 s=23 41158ms [sel=32481 cap=8552 rest=125] sg=1->1 mode=NONE win=8 obs=24 | cap=wip act=(320,360) d=1.98 a=2 | sp=som:active d=2.0 age=0 som=2/8 dtg=5.83 region=1_10
ep=619 s=24 18016ms [sel=12554 cap=5337 rest=125] sg=1->1 mode=NONE win=8 obs=25 | cap=wip act=(320,359) d=2.05 a=1 | sp=straight_ahead:active d=1.8 age=0 som=2/8 dtg=5.68 region=1_10
ep=619 s=25 7637ms [sel=4 cap=7507 rest=126] sg=1->1 mode=NONE win=8 obs=26 | cap=wip act=(320,360) d=1.52 a=1 | sp=straight_ahead:active d=1.5 age=1 dtg=5.61 region=1_10
ep=619 s=26 6293ms [sel=3 cap=6166 rest=124] sg=1->1 mode=NONE win=8 obs=27 | cap=wip act=(320,360) d=1.27 a=1 | sp=straight_ahead:active d=1.3 age=2 dtg=5.66 region=1_10
ep=619 s=27 9150ms [sel=3 cap=9026 rest=121] sg=1->1 mode=NONE win=8 obs=28 | cap=wip act=(320,360) d=1.02 a=1 | sp=straight_ahead:active d=1.0 age=3 dtg=5.79 region=1_10
ep=619 s=28 9222ms [sel=3 cap=9095 rest=123] sg=1->1 mode=NONE win=8 obs=29 | cap=wip act=(320,360) d=0.78 a=1 | sp=straight_ahead:active d=0.8 age=4 dtg=5.94 region=2_1
ep=619 s=29 6729ms [sel=3 cap=6604 rest=122] sg=1->1 mode=NONE win=8 obs=30 | cap=wip act=(320,360) d=0.53 a=3 | sp=straight_ahead:active d=0.5 age=5 dtg=5.94 region=2_1
ep=619 s=30 7670ms [sel=3 cap=7550 rest=117] sg=1->1 mode=NONE win=8 obs=31 | cap=wip act=(320,360) d=0.53 a=1 | sp=straight_ahead:active d=0.5 age=6 dtg=6.04 region=2_1
ep=619 s=31 23761ms [sel=15153 cap=8494 rest=115] sg=1->1 mode=NONE win=8 obs=32 | cap=wip act=(320,359) d=1.78 a=1 | sp=straight_ahead:reached d=0.4 age=0 som=3/7 dtg=6.15 region=2_1
ep=619 s=32 23350ms [sel=15655 cap=7579 rest=115] sg=1->1 mode=NONE win=8 obs=33 | cap=wip act=(321,360) d=1.59 a=1 som=3/8 dtg=6.27 region=2_1
ep=619 s=33 16305ms [sel=11425 cap=4768 rest=112] sg=1->1 mode=NONE win=8 obs=34 | cap=wip act=(320,360) d=3.54 a=3 | sp=som:active d=3.5 age=0 som=3/7 dtg=6.27 region=2_1
ep=619 s=34 6797ms [sel=35 cap=6647 rest=115] sg=1->1 mode=NONE win=8 obs=35 | cap=wip act=(320,360) d=3.54 a=3 | sp=som:active d=3.5 age=1 dtg=6.27 region=2_1
ep=619 s=35 27119ms [sel=18282 cap=8718 rest=120] sg=1->1 mode=NONE win=8 obs=36 | cap=wip act=(320,360) d=3.10 a=3 | sp=som:active d=3.1 age=0 som=4/7 dtg=6.27 region=2_1
ep=619 s=36 7836ms [sel=32 cap=7681 rest=123] sg=1->1 mode=NONE win=8 obs=37 | cap=wip act=(320,360) d=3.10 a=3 | sp=som:active d=3.1 age=1 dtg=6.27 region=2_1
ep=619 s=37 5711ms [sel=17 cap=5573 rest=121] sg=1->1 mode=NONE win=8 obs=38 | cap=wip act=(320,360) d=3.10 a=3 | sp=som:active d=3.1 age=2 dtg=6.27 region=2_1
ep=619 s=38 13179ms [sel=11 cap=13045 rest=123] sg=1->1 mode=NONE win=8 obs=39 | cap=wip act=(320,360) d=3.10 a=3 | sp=som:active d=3.1 age=3 dtg=6.27 region=2_1
ep=619 s=39 13060ms [sel=16 cap=12511 rest=496] sg=1->1 mode=NONE win=8 obs=40 | cap=wip act=(160,180) d=3.22 a=3 | preview=view3/6 yaw=+30 render=37ms | sp=preview:active d=3.2 age=0 dtg=6.27 region=2_1
ep=619 s=40 7345ms [sel=3 cap=7211 rest=130] sg=1->1 mode=NONE win=8 obs=41 | cap=wip act=(320,360) d=3.22 a=1 | sp=preview:active d=3.2 age=1 dtg=6.03 region=2_1
ep=619 s=41 7119ms [sel=4 cap=6986 rest=129] sg=1->1 mode=NONE win=8 obs=42 | cap=wip act=(320,360) d=2.99 a=3 | sp=preview:active d=3.0 age=2 dtg=6.03 region=2_1
ep=619 s=42 6092ms [sel=4 cap=5958 rest=131] sg=1->1 mode=NONE win=8 obs=43 | cap=wip act=(320,360) d=2.99 a=1 | sp=preview:active d=3.0 age=3 dtg=5.78 region=2_1
ep=619 s=43 6377ms [sel=3 cap=6246 rest=129] sg=1->1 mode=NONE win=8 obs=44 | cap=wip act=(320,360) d=2.74 a=1 | sp=preview:active d=2.7 age=4 dtg=5.53 region=2_1
ep=619 s=44 6477ms [sel=3 cap=6348 rest=126] sg=1->1 mode=NONE win=8 obs=45 | cap=wip act=(320,360) d=2.49 a=1 | sp=preview:active d=2.5 age=5 dtg=5.28 region=2_1
ep=619 s=45 4847ms [sel=3 cap=4713 rest=132] sg=1->1 mode=NONE win=8 obs=46 | cap=wip act=(320,360) d=2.24 a=1 | sp=preview:active d=2.2 age=6 dtg=5.03 region=2_1
ep=619 s=46 8367ms [sel=3 cap=8236 rest=128] sg=1->1 mode=NONE win=8 obs=47 | cap=wip act=(320,360) d=1.99 a=1 | sp=preview:active d=2.0 age=7 dtg=4.78 region=2_1
ep=619 s=47 9537ms [sel=3 cap=9405 rest=129] sg=1->1 mode=NONE win=8 obs=48 | cap=wip act=(320,360) d=1.74 a=1 | sp=preview:active d=1.7 age=8 dtg=4.53 region=2_1
ep=619 s=48 10566ms [sel=3 cap=10436 rest=127] sg=1->1 mode=NONE win=8 obs=49 | cap=wip act=(320,360) d=1.50 a=1 | sp=preview:active d=1.5 age=9 dtg=4.28 region=2_1
ep=619 s=49 6243ms [sel=3 cap=6108 rest=131] sg=1->1 mode=NONE win=8 obs=50 | cap=wip act=(320,360) d=1.25 a=1 | sp=preview:active d=1.2 age=10 dtg=4.03 region=2_1
ep=619 s=50 11334ms [sel=3 cap=11201 rest=130] sg=1->1 mode=NONE win=8 obs=51 | cap=wip act=(320,360) d=1.01 a=3 | sp=preview:active d=1.0 age=11 dtg=4.03 region=2_1
ep=619 s=51 22432ms [sel=14599 cap=7703 rest=130] sg=1->1 mode=NONE win=8 obs=52 | cap=wip act=(320,360) d=3.69 a=1 | sp=som:active d=3.7 age=0 som=4/8 dtg=3.79 region=1_5
ep=619 s=52 6415ms [sel=29 cap=6256 rest=130] sg=1->1 mode=NONE win=8 obs=53 | cap=wip act=(320,360) d=3.48 a=1 | sp=som:active d=3.5 age=1 dtg=3.55 region=2_2
ep=619 s=53 4630ms [sel=39 cap=4462 rest=129] sg=1->1 mode=NONE win=8 obs=54 | cap=wip act=(320,360) d=3.27 a=1 | sp=som:active d=3.3 age=2 dtg=3.31 region=2_2
ep=619 s=54 8573ms [sel=4 cap=8440 rest=129] sg=1->1 mode=NONE win=8 obs=55 | cap=wip act=(320,360) d=1.91 a=1 | sp=som:active d=1.9 age=3 dtg=3.08 region=2_2
ep=619 s=55 7954ms [sel=4 cap=7821 rest=129] sg=1->1 mode=NONE win=8 obs=56 | cap=wip act=(320,360) d=1.66 a=1 | sp=som:active d=1.7 age=4 dtg=2.84 region=2_2
ep=619 s=56 12979ms [sel=6042 cap=6807 rest=130] sg=1->2 mode=NONE win=8 obs=57 | cap=DONE act=(320,360) d=3.63 a=1 | sp=frontier:active d=3.6 age=0 som=5/8 dtg=2.61 region=2_2
ep=619 s=57 6538ms [sel=3 cap=6407 rest=127] sg=2->2 mode=NONE win=8 obs=58 | cap=wip act=(320,360) d=3.42 a=2 | sp=frontier:active d=3.4 age=1 dtg=2.61 region=2_2
ep=619 s=58 5524ms [sel=3 cap=5391 rest=129] sg=2->2 mode=NONE win=8 obs=59 | cap=wip act=(320,360) d=3.42 a=2 | sp=frontier:active d=3.4 age=2 dtg=2.61 region=2_2
ep=619 s=59 7646ms [sel=3 cap=7509 rest=134] sg=2->2 mode=NONE win=8 obs=60 | cap=wip act=(320,360) d=3.42 a=1 | sp=frontier:active d=3.4 age=3 dtg=2.36 region=2_2
ep=619 s=60 7134ms [sel=3 cap=6998 rest=133] sg=2->2 mode=NONE win=8 obs=61 | cap=wip act=(320,360) d=3.17 a=1 | sp=frontier:active d=3.2 age=4 dtg=2.11 region=2_2
ep=619 s=61 3531ms [sel=4 cap=3390 rest=137] sg=2->2 mode=NONE win=8 obs=62 | cap=wip act=(320,360) d=2.92 a=1 | sp=frontier:active d=2.9 age=5 dtg=1.87 region=2_2
ep=619 s=62 10173ms [sel=46 cap=9991 rest=136] sg=2->3 mode=NONE win=8 obs=63 | cap=DONE act=(320,360) d=2.94 a=1 | sp=frontier:active d=2.9 age=0 dtg=1.62 region=2_2
ep=619 s=63 6238ms [sel=3 cap=6101 rest=133] sg=3->3 mode=NONE win=8 obs=64 | cap=wip act=(320,360) d=2.71 a=3 | sp=frontier:active d=2.7 age=1 dtg=1.62 region=2_2
ep=619 s=64 5161ms [sel=4 cap=5023 rest=134] sg=3->3 mode=NONE win=8 obs=65 | cap=wip act=(320,360) d=2.71 a=1 | sp=frontier:active d=2.7 age=2 dtg=1.37 region=2_2
ep=619 s=65 8110ms [sel=3 cap=7967 rest=139] sg=3->3 mode=NONE win=8 obs=66 | cap=wip act=(320,360) d=2.47 a=3 | sp=frontier:active d=2.5 age=3 dtg=1.37 region=2_2
ep=619 s=66 8358ms [sel=3 cap=8223 rest=132] sg=3->3 mode=NONE win=8 obs=67 | cap=wip act=(320,360) d=2.47 a=1 | sp=frontier:active d=2.5 age=4 dtg=1.14 region=2_2
ep=619 s=67 10580ms [sel=45 cap=10406 rest=130] sg=3->4 mode=NONE win=8 obs=68 | cap=DONE act=(320,360) d=3.30 a=2 | sp=frontier:active d=3.3 age=0 dtg=1.14 region=2_2
ep=619 s=68 5521ms [sel=3 cap=5389 rest=129] sg=4->4 mode=NONE win=8 obs=69 | cap=wip act=(320,360) d=3.30 a=1 | sp=frontier:active d=3.3 age=1 dtg=0.90 region=2_3
ep=619 s=69 17136ms [sel=6 cap=16603 rest=491] sg=4->None mode=NONE win=8 obs=70 | cap=DONE act=(320,360) d=1.00 a=1 | preview=view-/6 yaw=+0 render=37ms | sp=frontier:active d=3.1 age=2 door_evts=1 dtg=0.65 region=2_3
ep=619 s=70 133ms [sel=5 cap=0 rest=128] sg=None->None mode=NONE win=8 obs=71 | cap=- act=(320,360) d=1.00 a=1 | sp=frontier:active d=2.8 age=3 door_evts=1 dtg=0.42 region=2_3
ep=619 s=71 134ms [sel=5 cap=0 rest=129] sg=None->None mode=NONE win=8 obs=72 | cap=- act=(320,360) d=1.00 a=1 | sp=frontier:active d=2.6 age=4 door_evts=1 dtg=0.22 region=2_3
ep=619 s=72 129ms [sel=0 cap=0 rest=129] sg=None->None mode=NONE win=8 obs=73 | cap=- act=STOP | sp=frontier:active d=2.3 age=5 door_evts=1 dtg=0.22 region=2_3
rank=3 [5/12] id=619 steps=73 success=1.000 spl=0.668 dtg=0.22 osr=1 path_length=8.74 ndtw=0.807 sdtw=0.807
PluginManager::Manager: duplicate static plugin StbImageImporter, ignoring
PluginManager::Manager: duplicate static plugin GltfImporter, ignoring
PluginManager::Manager: duplicate static plugin BasisImporter, ignoring
PluginManager::Manager: duplicate static plugin AssimpImporter, ignoring
PluginManager::Manager: duplicate static plugin AnySceneImporter, ignoring
PluginManager::Manager: duplicate static plugin AnyImageImporter, ignoring
episode=736 instruction='Walk up the stairs to the second landing. At the top take a right and enter the room. Step on the rug with the doorway on the left. Stop here. ' start_position=[-1.5232399702072144, 1.1905267238616943, -0.21347199380397797] goal_position=[0.04037719964981079, 3.009996175765991, 4.95382022857666] reference_geodesic=11.59113597869873
episode=736 prepared_subgoals=4
  [1] Walk up the stairs
      proof: The camera has passed the stairs: it is behind or below the camera and the space beyond it fills the view; the camera has not yet turned right.
  [2] Turn right at the top of the stairs, then enter the room
      proof: The camera has crossed the room threshold and the room interior is central in the view.
  [3] Step on the rug with the doorway on the left
      proof: The rug is directly under the camera and the doorway is visible to the left.
  [4] Hold at the visually specified route endpoint: The camera is stationary beside the rug with the doorway on the left
      proof: The camera is stationary beside the rug with the doorway on the left
ep=736 s=0 14472ms [sel=14 cap=13957 rest=464] sg=1->1 mode=NONE win=1 obs=1 | cap=wip act=PREVIEW a=2 | preview=view4/6 yaw=+90 render=37ms | sp=preview:reached d=0.4 age=0 dtg=11.59 region=0_6
ep=736 s=1 46094ms [sel=39523 cap=6452 rest=118] sg=1->1 mode=NONE win=2 obs=2 | cap=wip act=(324,352) d=2.58 a=1 | sp=straight_ahead:reached d=0.4 age=0 som=2/6 dtg=11.91 region=0_6
ep=736 s=2 23767ms [sel=18147 cap=5502 rest=118] sg=1->1 mode=NONE win=3 obs=3 | cap=wip act=TURN request=-45deg execute=-15deg x1 a=2 | sp=straight_ahead:reached d=0.4 age=1 som=2/7 dtg=11.91 region=0_6
ep=736 s=3 6360ms [sel=0 cap=6243 rest=117] sg=1->1 mode=NONE win=4 obs=4 | cap=wip act=TURN request=-45deg execute=-15deg x1 a=2 dtg=11.91 region=0_6
ep=736 s=4 11528ms [sel=0 cap=11412 rest=116] sg=1->1 mode=NONE win=5 obs=5 | cap=wip act=TURN request=-45deg execute=-15deg x1 a=2 dtg=11.91 region=0_6
ep=736 s=5 9853ms [sel=0 cap=9732 rest=122] sg=1->1 mode=NONE win=6 obs=6 | cap=wip act=TURN request=-45deg execute=-15deg x1 a=2 dtg=11.91 region=0_6
ep=736 s=6 7494ms [sel=0 cap=7366 rest=128] sg=1->1 mode=NONE win=7 obs=7 | cap=wip act=TURN request=-45deg execute=-15deg x1 a=2 dtg=11.91 region=0_6
ep=736 s=7 7208ms [sel=0 cap=7085 rest=123] sg=1->1 mode=NONE win=8 obs=8 | cap=wip act=TURN request=-45deg execute=-15deg x1 a=2 dtg=11.91 region=0_6
ep=736 s=8 3872ms [sel=0 cap=3738 rest=134] sg=1->1 mode=NONE win=8 obs=9 | cap=wip act=TURN request=-45deg execute=-15deg x1 a=2 dtg=11.91 region=0_6
ep=736 s=9 6699ms [sel=0 cap=6571 rest=129] sg=1->1 mode=NONE win=8 obs=10 | cap=wip act=TURN request=-45deg execute=-15deg x1 a=2 dtg=11.91 region=0_6
ep=736 s=10 7822ms [sel=0 cap=7694 rest=129] sg=1->1 mode=NONE win=8 obs=11 | cap=wip act=TURN request=-45deg execute=-15deg x1 a=2 dtg=11.91 region=0_6
ep=736 s=11 7914ms [sel=0 cap=7784 rest=129] sg=1->1 mode=NONE win=8 obs=12 | cap=wip act=TURN request=-45deg execute=-15deg x1 a=2 dtg=11.91 region=0_6
ep=736 s=12 6912ms [sel=0 cap=6784 rest=128] sg=1->1 mode=NONE win=8 obs=13 | cap=wip act=TURN request=-45deg execute=-15deg x1 a=2 dtg=11.91 region=0_6
ep=736 s=13 9294ms [sel=0 cap=8797 rest=462] sg=1->1 mode=NONE win=8 obs=14 | cap=wip act=TURN request=-45deg execute=-15deg x1 a=2 | preview=view-/6 yaw=+0 render=35ms dtg=11.91 region=0_6
ep=736 s=14 11542ms [sel=5557 cap=5861 rest=124] sg=1->1 mode=NONE win=8 obs=15 | cap=wip act=(242,333) d=2.85 a=2 som=2/4 dtg=11.91 region=0_6
ep=736 s=15 32281ms [sel=25291 cap=6861 rest=129] sg=1->1 mode=NONE win=8 obs=16 | cap=wip act=(317,329) d=2.93 a=1 som=2/4 dtg=11.63 region=0_6
ep=736 s=16 31870ms [sel=23147 cap=8598 rest=124] sg=1->1 mode=NONE win=8 obs=17 | cap=wip act=TURN request=+45deg execute=+15deg x1 a=3 som=2/5 dtg=11.63 region=0_6
ep=736 s=17 6674ms [sel=0 cap=6551 rest=124] sg=1->1 mode=NONE win=8 obs=18 | cap=wip act=TURN request=+45deg execute=+15deg x1 a=3 dtg=11.63 region=0_6
ep=736 s=18 9957ms [sel=0 cap=9834 rest=123] sg=1->1 mode=NONE win=8 obs=19 | cap=wip act=TURN request=+45deg execute=+15deg x1 a=3 dtg=11.63 region=0_6
ep=736 s=19 6187ms [sel=0 cap=6063 rest=125] sg=1->1 mode=NONE win=8 obs=20 | cap=wip act=TURN request=+45deg execute=+15deg x1 a=3 dtg=11.63 region=0_6
ep=736 s=20 6772ms [sel=0 cap=6648 rest=123] sg=1->1 mode=NONE win=8 obs=21 | cap=wip act=TURN request=+45deg execute=+15deg x1 a=3 dtg=11.63 region=0_6
ep=736 s=21 7279ms [sel=0 cap=7153 rest=126] sg=1->1 mode=NONE win=8 obs=22 | cap=wip act=TURN request=+45deg execute=+15deg x1 a=3 dtg=11.63 region=0_6
ep=736 s=22 7394ms [sel=0 cap=7262 rest=131] sg=1->1 mode=NONE win=8 obs=23 | cap=wip act=TURN request=+45deg execute=+15deg x1 a=3 dtg=11.63 region=0_6
ep=736 s=23 10690ms [sel=0 cap=10552 rest=139] sg=1->1 mode=NONE win=8 obs=24 | cap=wip act=TURN request=+45deg execute=+15deg x1 a=3 dtg=11.63 region=0_6
ep=736 s=24 8184ms [sel=0 cap=8054 rest=130] sg=1->1 mode=NONE win=8 obs=25 | cap=wip act=TURN request=+45deg execute=+15deg x1 a=3 dtg=11.63 region=0_6
ep=736 s=25 5860ms [sel=0 cap=5722 rest=137] sg=1->1 mode=NONE win=8 obs=26 | cap=wip act=TURN request=+45deg execute=+15deg x1 a=3 dtg=11.63 region=0_6
ep=736 s=26 16978ms [sel=0 cap=16848 rest=130] sg=1->1 mode=NONE win=8 obs=27 | cap=wip act=TURN request=+45deg execute=+15deg x1 a=3 dtg=11.63 region=0_6
ep=736 s=27 41071ms [sel=32888 cap=7681 rest=466] sg=1->1 mode=NONE win=8 obs=28 | cap=wip act=(376,417) d=1.20 a=1 | preview=view-/6 yaw=+0 render=36ms | sp=straight_ahead:reached d=0.4 age=0 som=1/5 dtg=11.87 region=0_6
ep=736 s=28 11673ms [sel=106 cap=11451 rest=115] sg=1->1 mode=NONE win=8 obs=29 | cap=wip act=TURN request=-45deg execute=-15deg x1 a=2 | sp=straight_ahead:reached d=0.4 age=1 dtg=11.87 region=0_6
ep=736 s=29 12002ms [sel=0 cap=11883 rest=119] sg=1->1 mode=NONE win=8 obs=30 | cap=wip act=TURN request=-45deg execute=-15deg x1 a=2 dtg=11.87 region=0_6
ep=736 s=30 14579ms [sel=0 cap=14101 rest=441] sg=1->1 mode=NONE win=8 obs=31 | cap=wip act=TURN request=-45deg execute=-15deg x1 a=2 | preview=view-/6 yaw=+0 render=37ms dtg=11.87 region=0_6
ep=736 s=31 15173ms [sel=0 cap=15051 rest=122] sg=1->2 mode=NONE win=8 obs=32 | cap=DONE act=TURN request=-45deg execute=-15deg x1 a=2 dtg=11.87 region=0_6
ep=736 s=32 10865ms [sel=0 cap=10731 rest=134] sg=2->2 mode=NONE win=8 obs=33 | cap=wip act=TURN request=-45deg execute=-15deg x1 a=2 dtg=11.87 region=0_6
ep=736 s=33 9986ms [sel=0 cap=9859 rest=127] sg=2->2 mode=NONE win=8 obs=34 | cap=wip act=TURN request=-45deg execute=-15deg x1 a=2 dtg=11.87 region=0_6
ep=736 s=34 12468ms [sel=0 cap=12336 rest=131] sg=2->2 mode=NONE win=8 obs=35 | cap=wip act=TURN request=-45deg execute=-15deg x1 a=2 dtg=11.87 region=0_6
ep=736 s=35 8298ms [sel=0 cap=8171 rest=127] sg=2->2 mode=NONE win=8 obs=36 | cap=wip act=TURN request=-45deg execute=-15deg x1 a=2 dtg=11.87 region=0_6
ep=736 s=36 13130ms [sel=0 cap=12637 rest=457] sg=2->2 mode=NONE win=8 obs=37 | cap=wip act=TURN request=-45deg execute=-15deg x1 a=2 | preview=view-/6 yaw=+0 render=36ms dtg=11.87 region=0_6
ep=736 s=37 9668ms [sel=0 cap=9547 rest=121] sg=2->2 mode=NONE win=8 obs=38 | cap=wip act=TURN request=-45deg execute=-15deg x1 a=2 dtg=11.87 region=0_6
ep=736 s=38 8887ms [sel=0 cap=8765 rest=122] sg=2->2 mode=NONE win=8 obs=39 | cap=wip act=TURN request=+45deg execute=+15deg x1 a=3 dtg=11.87 region=0_6
ep=736 s=39 15324ms [sel=0 cap=14838 rest=450] sg=2->2 mode=NONE win=8 obs=40 | cap=wip act=TURN request=+45deg execute=+15deg x1 a=3 | preview=view-/6 yaw=+0 render=36ms dtg=11.87 region=0_6
ep=736 s=40 7603ms [sel=0 cap=7479 rest=124] sg=2->2 mode=NONE win=8 obs=41 | cap=wip act=TURN request=+45deg execute=+15deg x1 a=3 dtg=11.87 region=0_6
ep=736 s=41 7228ms [sel=0 cap=7103 rest=125] sg=2->2 mode=NONE win=8 obs=42 | cap=wip act=TURN request=+45deg execute=+15deg x1 a=3 dtg=11.87 region=0_6
ep=736 s=42 6774ms [sel=106 cap=6200 rest=432] sg=2->2 mode=NONE win=8 obs=43 | cap=wip act=TURN request=-45deg execute=-15deg x1 a=2 | preview=view-/6 yaw=+0 render=35ms dtg=11.87 region=0_6
ep=736 s=43 7820ms [sel=0 cap=7692 rest=128] sg=2->2 mode=NONE win=8 obs=44 | cap=wip act=TURN request=-45deg execute=-15deg x1 a=2 dtg=11.87 region=0_6
ep=736 s=44 10003ms [sel=0 cap=9881 rest=122] sg=2->2 mode=NONE win=8 obs=45 | cap=wip act=TURN request=-45deg execute=-15deg x1 a=2 dtg=11.87 region=0_6
ep=736 s=45 12507ms [sel=0 cap=12389 rest=118] sg=2->2 mode=NONE win=8 obs=46 | cap=wip act=TURN request=-45deg execute=-15deg x1 a=2 dtg=11.87 region=0_6
ep=736 s=46 13404ms [sel=54 cap=13228 rest=123] sg=2->2 mode=NONE win=8 obs=47 | cap=wip act=(226,335) d=2.83 a=2 dtg=11.87 region=0_6
ep=736 s=47 16144ms [sel=11271 cap=4745 rest=128] sg=2->2 mode=NONE win=8 obs=48 | cap=wip act=(303,327) d=2.95 a=1 som=3/5 dtg=11.57 region=0_6
ep=736 s=48 19175ms [sel=11704 cap=7348 rest=122] sg=2->2 mode=NONE win=8 obs=49 | cap=wip act=TURN request=-45deg execute=-15deg x1 a=2 som=3/5 dtg=11.57 region=0_6
ep=736 s=49 5081ms [sel=0 cap=4959 rest=122] sg=2->2 mode=NONE win=8 obs=50 | cap=wip act=TURN request=-45deg execute=-15deg x1 a=2 dtg=11.57 region=0_6
ep=736 s=50 7045ms [sel=0 cap=6921 rest=124] sg=2->2 mode=NONE win=8 obs=51 | cap=wip act=TURN request=-45deg execute=-15deg x1 a=2 dtg=11.57 region=0_6
ep=736 s=51 7517ms [sel=0 cap=7399 rest=118] sg=2->2 mode=NONE win=8 obs=52 | cap=wip act=TURN request=-45deg execute=-15deg x1 a=2 dtg=11.57 region=0_6
ep=736 s=52 9539ms [sel=0 cap=9421 rest=118] sg=2->2 mode=NONE win=8 obs=53 | cap=wip act=TURN request=-45deg execute=-15deg x1 a=2 dtg=11.57 region=0_6
ep=736 s=53 9574ms [sel=0 cap=9455 rest=119] sg=2->2 mode=NONE win=8 obs=54 | cap=wip act=TURN request=-45deg execute=-15deg x1 a=2 dtg=11.57 region=0_6
ep=736 s=54 6307ms [sel=0 cap=6182 rest=125] sg=2->2 mode=NONE win=8 obs=55 | cap=wip act=TURN request=-45deg execute=-15deg x1 a=2 dtg=11.57 region=0_6
ep=736 s=55 11221ms [sel=0 cap=11101 rest=120] sg=2->2 mode=NONE win=8 obs=56 | cap=wip act=TURN request=-45deg execute=-15deg x1 a=2 dtg=11.57 region=0_6
ep=736 s=56 7735ms [sel=0 cap=7622 rest=113] sg=2->2 mode=NONE win=8 obs=57 | cap=wip act=TURN request=-45deg execute=-15deg x1 a=2 dtg=11.57 region=0_6
ep=736 s=57 16832ms [sel=10341 cap=6382 rest=108] sg=2->2 mode=NONE win=8 obs=58 | cap=wip act=(263,347) d=2.65 a=1 som=4/6 dtg=11.88 region=0_6
ep=736 s=58 16461ms [sel=8264 cap=8083 rest=114] sg=2->2 mode=NONE win=8 obs=59 | cap=wip act=TURN request=+45deg execute=+15deg x1 a=3 som=4/6 dtg=11.88 region=0_6
ep=736 s=59 7190ms [sel=0 cap=7074 rest=116] sg=2->2 mode=NONE win=8 obs=60 | cap=wip act=TURN request=+45deg execute=+15deg x1 a=3 dtg=11.88 region=0_6
ep=736 s=60 8050ms [sel=0 cap=7936 rest=114] sg=2->2 mode=NONE win=8 obs=61 | cap=wip act=TURN request=+45deg execute=+15deg x1 a=3 dtg=11.88 region=0_6
ep=736 s=61 6850ms [sel=0 cap=6734 rest=116] sg=2->2 mode=NONE win=8 obs=62 | cap=wip act=TURN request=+45deg execute=+15deg x1 a=3 dtg=11.88 region=0_6
ep=736 s=62 9444ms [sel=0 cap=9328 rest=117] sg=2->2 mode=NONE win=8 obs=63 | cap=wip act=TURN request=+45deg execute=+15deg x1 a=3 dtg=11.88 region=0_6
ep=736 s=63 14452ms [sel=0 cap=13939 rest=478] sg=2->2 mode=NONE win=8 obs=64 | cap=wip act=TURN request=+45deg execute=+15deg x1 a=3 | preview=view-/6 yaw=+0 render=36ms dtg=11.88 region=0_6
ep=736 s=64 8082ms [sel=0 cap=7954 rest=128] sg=2->2 mode=NONE win=8 obs=65 | cap=wip act=TURN request=+45deg execute=+15deg x1 a=3 dtg=11.88 region=0_6
ep=736 s=65 10996ms [sel=0 cap=10863 rest=133] sg=2->2 mode=NONE win=8 obs=66 | cap=wip act=TURN request=+45deg execute=+15deg x1 a=3 dtg=11.88 region=0_6
ep=736 s=66 9340ms [sel=0 cap=9205 rest=135] sg=2->2 mode=NONE win=8 obs=67 | cap=wip act=TURN request=+45deg execute=+15deg x1 a=3 dtg=11.88 region=0_6
ep=736 s=67 8575ms [sel=0 cap=8444 rest=132] sg=2->2 mode=NONE win=8 obs=68 | cap=wip act=TURN request=+45deg execute=+15deg x1 a=3 dtg=11.88 region=0_6
ep=736 s=68 6969ms [sel=0 cap=6840 rest=129] sg=2->2 mode=NONE win=8 obs=69 | cap=wip act=TURN request=+45deg execute=+15deg x1 a=3 dtg=11.88 region=0_6
ep=736 s=69 19151ms [sel=12208 cap=6820 rest=122] sg=2->2 mode=NONE win=8 obs=70 | cap=wip act=(177,349) d=2.62 a=2 som=2/4 dtg=11.88 region=0_6
ep=736 s=70 21226ms [sel=15729 cap=5371 rest=127] sg=2->2 mode=NONE win=8 obs=71 | cap=wip act=(259,334) d=2.83 a=1 som=3/5 dtg=11.59 region=0_6
ep=736 s=71 12573ms [sel=101 cap=12347 rest=125] sg=2->2 mode=NONE win=8 obs=72 | cap=wip act=TURN request=+45deg execute=+15deg x1 a=3 dtg=11.59 region=0_6
ep=736 s=72 10912ms [sel=0 cap=10427 rest=449] sg=2->2 mode=NONE win=8 obs=73 | cap=wip act=TURN request=+45deg execute=+15deg x1 a=3 | preview=view-/6 yaw=+0 render=36ms dtg=11.59 region=0_6
ep=736 s=73 8633ms [sel=0 cap=8504 rest=129] sg=2->2 mode=NONE win=8 obs=74 | cap=wip act=TURN request=+45deg execute=+15deg x1 a=3 dtg=11.59 region=0_6
ep=736 s=74 7199ms [sel=0 cap=7072 rest=126] sg=2->2 mode=NONE win=8 obs=75 | cap=wip act=TURN request=+45deg execute=+15deg x1 a=3 dtg=11.59 region=0_6
ep=736 s=75 10024ms [sel=0 cap=9538 rest=449] sg=2->2 mode=NONE win=8 obs=76 | cap=wip act=TURN request=+45deg execute=+15deg x1 a=3 | preview=view-/6 yaw=+0 render=37ms dtg=11.59 region=0_6
ep=736 s=76 9086ms [sel=0 cap=8953 rest=133] sg=2->2 mode=NONE win=8 obs=77 | cap=wip act=TURN request=+45deg execute=+15deg x1 a=3 dtg=11.59 region=0_6
ep=736 s=77 6289ms [sel=0 cap=6153 rest=136] sg=2->2 mode=NONE win=8 obs=78 | cap=wip act=TURN request=+45deg execute=+15deg x1 a=3 dtg=11.59 region=0_6
ep=736 s=78 10248ms [sel=0 cap=10116 rest=132] sg=2->2 mode=NONE win=8 obs=79 | cap=wip act=TURN request=+45deg execute=+15deg x1 a=3 dtg=11.59 region=0_6
ep=736 s=79 14410ms [sel=0 cap=14278 rest=132] sg=2->2 mode=NONE win=8 obs=80 | cap=wip act=TURN request=+45deg execute=+15deg x1 a=3 dtg=11.59 region=0_6
ep=736 s=80 7347ms [sel=0 cap=7217 rest=130] sg=2->2 mode=NONE win=8 obs=81 | cap=wip act=TURN request=+45deg execute=+15deg x1 a=3 dtg=11.59 region=0_6
ep=736 s=81 33900ms [sel=27533 cap=6231 rest=136] sg=2->2 mode=NONE win=8 obs=82 | cap=wip act=(359,406) d=1.25 a=1 | sp=straight_ahead:reached d=0.4 age=0 som=1/5 dtg=11.80 region=0_6
ep=736 s=82 16988ms [sel=8060 cap=8808 rest=119] sg=2->2 mode=NONE win=8 obs=83 | cap=wip act=TURN request=-45deg execute=-15deg x1 a=2 | sp=straight_ahead:reached d=0.4 age=1 som=3/5 dtg=11.80 region=0_6
ep=736 s=83 11897ms [sel=0 cap=11395 rest=466] sg=2->2 mode=NONE win=8 obs=84 | cap=wip act=TURN request=-45deg execute=-15deg x1 a=2 | preview=view-/6 yaw=+0 render=36ms dtg=11.80 region=0_6
ep=736 s=84 6009ms [sel=0 cap=5876 rest=132] sg=2->2 mode=NONE win=8 obs=85 | cap=wip act=TURN request=-45deg execute=-15deg x1 a=2 dtg=11.80 region=0_6
ep=736 s=85 7653ms [sel=0 cap=7525 rest=128] sg=2->2 mode=NONE win=8 obs=86 | cap=wip act=TURN request=-45deg execute=-15deg x1 a=2 dtg=11.80 region=0_6
ep=736 s=86 10262ms [sel=0 cap=10123 rest=139] sg=2->2 mode=NONE win=8 obs=87 | cap=wip act=TURN request=-45deg execute=-15deg x1 a=2 dtg=11.80 region=0_6
ep=736 s=87 8393ms [sel=0 cap=8261 rest=133] sg=2->2 mode=NONE win=8 obs=88 | cap=wip act=TURN request=-45deg execute=-15deg x1 a=2 dtg=11.80 region=0_6
ep=736 s=88 6273ms [sel=0 cap=6145 rest=129] sg=2->2 mode=NONE win=8 obs=89 | cap=wip act=TURN request=-45deg execute=-15deg x1 a=2 dtg=11.80 region=0_6
ep=736 s=89 7182ms [sel=0 cap=7051 rest=131] sg=2->2 mode=NONE win=8 obs=90 | cap=wip act=TURN request=-45deg execute=-15deg x1 a=2 dtg=11.80 region=0_6
ep=736 s=90 8272ms [sel=0 cap=7774 rest=462] sg=2->2 mode=NONE win=8 obs=91 | cap=wip act=TURN request=-45deg execute=-15deg x1 a=2 | preview=view-/6 yaw=+0 render=35ms dtg=11.80 region=0_6
ep=736 s=91 4440ms [sel=0 cap=4318 rest=122] sg=2->2 mode=NONE win=8 obs=92 | cap=wip act=TURN request=-45deg execute=-15deg x1 a=2 dtg=11.80 region=0_6
ep=736 s=92 6073ms [sel=0 cap=5948 rest=126] sg=2->2 mode=NONE win=8 obs=93 | cap=wip act=TURN request=-45deg execute=-15deg x1 a=2 dtg=11.80 region=0_6
ep=736 s=93 13740ms [sel=4696 cap=8911 rest=133] sg=2->2 mode=NONE win=8 obs=94 | cap=wip act=(305,333) d=2.86 a=1 som=3/5 dtg=11.53 region=0_6
ep=736 s=94 33481ms [sel=24577 cap=8781 rest=123] sg=2->2 mode=NONE win=8 obs=95 | cap=wip act=TURN request=-45deg execute=-15deg x1 a=2 som=3/5 dtg=11.53 region=0_6
ep=736 s=95 10618ms [sel=0 cap=10492 rest=127] sg=2->2 mode=NONE win=8 obs=96 | cap=wip act=TURN request=-45deg execute=-15deg x1 a=2 dtg=11.53 region=0_6
ep=736 s=96 7196ms [sel=0 cap=7070 rest=126] sg=2->2 mode=NONE win=8 obs=97 | cap=wip act=TURN request=-45deg execute=-15deg x1 a=2 dtg=11.53 region=0_6
ep=736 s=97 10397ms [sel=0 cap=10273 rest=124] sg=2->2 mode=NONE win=8 obs=98 | cap=wip act=TURN request=-45deg execute=-15deg x1 a=2 dtg=11.53 region=0_6
ep=736 s=98 14630ms [sel=0 cap=14508 rest=122] sg=2->2 mode=NONE win=8 obs=99 | cap=wip act=TURN request=-45deg execute=-15deg x1 a=2 dtg=11.53 region=0_6
ep=736 s=99 10347ms [sel=0 cap=10226 rest=122] sg=2->2 mode=NONE win=8 obs=100 | cap=wip act=TURN request=-45deg execute=-15deg x1 a=2 dtg=11.53 region=0_6
ep=736 s=100 8665ms [sel=0 cap=8539 rest=126] sg=2->2 mode=NONE win=8 obs=101 | cap=wip act=TURN request=-45deg execute=-15deg x1 a=2 dtg=11.53 region=0_6
ep=736 s=101 11965ms [sel=0 cap=11842 rest=123] sg=2->2 mode=NONE win=8 obs=102 | cap=wip act=TURN request=-45deg execute=-15deg x1 a=2 dtg=11.53 region=0_6
ep=736 s=102 10241ms [sel=0 cap=10126 rest=115] sg=2->2 mode=NONE win=8 obs=103 | cap=wip act=TURN request=-45deg execute=-15deg x1 a=2 dtg=11.53 region=0_6
ep=736 s=103 9299ms [sel=0 cap=9186 rest=112] sg=2->2 mode=NONE win=8 obs=104 | cap=wip act=TURN request=-45deg execute=-15deg x1 a=2 dtg=11.53 region=0_6
ep=736 s=104 10631ms [sel=0 cap=10517 rest=114] sg=2->2 mode=NONE win=8 obs=105 | cap=wip act=TURN request=-45deg execute=-15deg x1 a=2 dtg=11.53 region=0_6
ep=736 s=105 9415ms [sel=0 cap=8926 rest=454] sg=2->2 mode=NONE win=8 obs=106 | cap=wip act=TURN request=-45deg execute=-15deg x1 a=2 | preview=view-/6 yaw=+0 render=35ms dtg=11.53 region=0_6
ep=736 s=106 21445ms [sel=15190 cap=6127 rest=128] sg=2->2 mode=NONE win=8 obs=107 | cap=wip act=(333,372) d=1.44 a=1 | sp=straight_ahead:reached d=0.5 age=0 som=3/6 dtg=11.80 region=0_6
ep=736 s=107 17424ms [sel=8508 cap=8794 rest=122] sg=2->2 mode=NONE win=8 obs=108 | cap=wip act=TURN request=-45deg execute=-15deg x1 a=2 | sp=straight_ahead:reached d=0.5 age=1 som=3/6 dtg=11.80 region=0_6
ep=736 s=108 7367ms [sel=0 cap=7246 rest=121] sg=2->2 mode=NONE win=8 obs=109 | cap=wip act=TURN request=-45deg execute=-15deg x1 a=2 dtg=11.80 region=0_6
ep=736 s=109 6825ms [sel=0 cap=6696 rest=129] sg=2->2 mode=NONE win=8 obs=110 | cap=wip act=TURN request=-45deg execute=-15deg x1 a=2 dtg=11.80 region=0_6
ep=736 s=110 12105ms [sel=0 cap=11969 rest=136] sg=2->2 mode=NONE win=8 obs=111 | cap=wip act=TURN request=-45deg execute=-15deg x1 a=2 dtg=11.80 region=0_6
ep=736 s=111 10214ms [sel=0 cap=10086 rest=127] sg=2->2 mode=NONE win=8 obs=112 | cap=wip act=TURN request=-45deg execute=-15deg x1 a=2 dtg=11.80 region=0_6
ep=736 s=112 8383ms [sel=0 cap=8245 rest=139] sg=2->2 mode=NONE win=8 obs=113 | cap=wip act=TURN request=-45deg execute=-15deg x1 a=2 dtg=11.80 region=0_6
ep=736 s=113 11776ms [sel=0 cap=11645 rest=131] sg=2->2 mode=NONE win=8 obs=114 | cap=wip act=TURN request=-45deg execute=-15deg x1 a=2 dtg=11.80 region=0_6
ep=736 s=114 6258ms [sel=0 cap=6128 rest=129] sg=2->2 mode=NONE win=8 obs=115 | cap=wip act=TURN request=-45deg execute=-15deg x1 a=2 dtg=11.80 region=0_6
ep=736 s=115 10644ms [sel=0 cap=10516 rest=128] sg=2->2 mode=NONE win=8 obs=116 | cap=wip act=TURN request=-45deg execute=-15deg x1 a=2 dtg=11.80 region=0_6
ep=736 s=116 7483ms [sel=0 cap=7358 rest=125] sg=2->2 mode=NONE win=8 obs=117 | cap=wip act=TURN request=-45deg execute=-15deg x1 a=2 dtg=11.80 region=0_6
ep=736 s=117 6672ms [sel=0 cap=6550 rest=122] sg=2->2 mode=NONE win=8 obs=118 | cap=wip act=TURN request=-45deg execute=-15deg x1 a=2 dtg=11.80 region=0_6
ep=736 s=118 7248ms [sel=0 cap=7123 rest=125] sg=2->2 mode=NONE win=8 obs=119 | cap=wip act=TURN request=-45deg execute=-15deg x1 a=2 dtg=11.80 region=0_6
ep=736 s=119 11093ms [sel=44 cap=10918 rest=132] sg=2->2 mode=NONE win=8 obs=120 | cap=wip act=(305,333) d=2.86 a=1 dtg=11.53 region=0_6
ep=736 s=120 23053ms [sel=16749 cap=6164 rest=140] sg=2->2 mode=NONE win=8 obs=121 | cap=wip act=TURN request=-45deg execute=-15deg x1 a=2 som=3/5 dtg=11.53 region=0_6
ep=736 s=121 9672ms [sel=0 cap=9546 rest=127] sg=2->2 mode=NONE win=8 obs=122 | cap=wip act=TURN request=-45deg execute=-15deg x1 a=2 dtg=11.53 region=0_6
ep=736 s=122 8471ms [sel=0 cap=8344 rest=127] sg=2->2 mode=NONE win=8 obs=123 | cap=wip act=TURN request=-45deg execute=-15deg x1 a=2 dtg=11.53 region=0_6
ep=736 s=123 8599ms [sel=0 cap=8476 rest=123] sg=2->2 mode=NONE win=8 obs=124 | cap=wip act=TURN request=-45deg execute=-15deg x1 a=2 dtg=11.53 region=0_6
ep=736 s=124 8917ms [sel=0 cap=8796 rest=121] sg=2->2 mode=NONE win=8 obs=125 | cap=wip act=TURN request=-45deg execute=-15deg x1 a=2 dtg=11.53 region=0_6
ep=736 s=125 12277ms [sel=0 cap=12156 rest=121] sg=2->2 mode=NONE win=8 obs=126 | cap=wip act=TURN request=-45deg execute=-15deg x1 a=2 dtg=11.53 region=0_6
ep=736 s=126 9517ms [sel=0 cap=9391 rest=126] sg=2->2 mode=NONE win=8 obs=127 | cap=wip act=TURN request=-45deg execute=-15deg x1 a=2 dtg=11.53 region=0_6
ep=736 s=127 8238ms [sel=0 cap=8113 rest=125] sg=2->2 mode=NONE win=8 obs=128 | cap=wip act=TURN request=-45deg execute=-15deg x1 a=2 dtg=11.53 region=0_6
ep=736 s=128 7374ms [sel=0 cap=7245 rest=129] sg=2->2 mode=NONE win=8 obs=129 | cap=wip act=TURN request=-45deg execute=-15deg x1 a=2 dtg=11.53 region=0_6
ep=736 s=129 7083ms [sel=0 cap=6962 rest=120] sg=2->2 mode=NONE win=8 obs=130 | cap=wip act=TURN request=-45deg execute=-15deg x1 a=2 dtg=11.53 region=0_6
ep=736 s=130 39259ms [sel=33292 cap=5852 rest=115] sg=2->2 mode=NONE win=8 obs=131 | cap=wip act=(325,346) d=2.67 a=1 som=3/6 dtg=11.84 region=0_6
ep=736 s=131 10352ms [sel=103 cap=10130 rest=118] sg=2->2 mode=NONE win=8 obs=132 | cap=wip act=TURN request=-45deg execute=-15deg x1 a=2 dtg=11.84 region=0_6
ep=736 s=132 9619ms [sel=0 cap=9498 rest=121] sg=2->2 mode=NONE win=8 obs=133 | cap=wip act=TURN request=-45deg execute=-15deg x1 a=2 dtg=11.84 region=0_6
ep=736 s=133 13551ms [sel=0 cap=13430 rest=121] sg=2->2 mode=NONE win=8 obs=134 | cap=wip act=TURN request=-45deg execute=-15deg x1 a=2 dtg=11.84 region=0_6
ep=736 s=134 12053ms [sel=0 cap=11929 rest=124] sg=2->2 mode=NONE win=8 obs=135 | cap=wip act=TURN request=-45deg execute=-15deg x1 a=2 dtg=11.84 region=0_6
ep=736 s=135 14405ms [sel=0 cap=14276 rest=129] sg=2->2 mode=NONE win=8 obs=136 | cap=wip act=TURN request=-45deg execute=-15deg x1 a=2 dtg=11.84 region=0_6
ep=736 s=136 7760ms [sel=0 cap=7626 rest=135] sg=2->2 mode=NONE win=8 obs=137 | cap=wip act=TURN request=-45deg execute=-15deg x1 a=2 dtg=11.84 region=0_6
ep=736 s=137 9239ms [sel=0 cap=9105 rest=134] sg=2->2 mode=NONE win=8 obs=138 | cap=wip act=TURN request=-45deg execute=-15deg x1 a=2 dtg=11.84 region=0_6
ep=736 s=138 12060ms [sel=0 cap=11924 rest=136] sg=2->2 mode=NONE win=8 obs=139 | cap=wip act=TURN request=-45deg execute=-15deg x1 a=2 dtg=11.84 region=0_6
ep=736 s=139 8540ms [sel=0 cap=8408 rest=132] sg=2->2 mode=NONE win=8 obs=140 | cap=wip act=TURN request=-45deg execute=-15deg x1 a=2 dtg=11.84 region=0_6
ep=736 s=140 12137ms [sel=0 cap=12003 rest=134] sg=2->2 mode=NONE win=8 obs=141 | cap=wip act=TURN request=-45deg execute=-15deg x1 a=2 dtg=11.84 region=0_6
ep=736 s=141 83984ms [sel=75201 cap=8653 rest=131] sg=2->2 mode=NONE win=8 obs=142 | cap=wip act=(363,443) d=1.09 a=1 | sp=straight_ahead:reached d=0.5 age=0 som=R/4 dtg=11.57 region=0_6
ep=736 s=142 6099ms [sel=2197 cap=3777 rest=125] sg=2->2 mode=NONE win=8 obs=143 | cap=wip act=TURN request=+45deg execute=+15deg x1 a=3 | sp=straight_ahead:reached d=0.5 age=1 som=1/4 dtg=11.57 region=0_6
ep=736 s=143 7406ms [sel=0 cap=7278 rest=128] sg=2->2 mode=NONE win=8 obs=144 | cap=wip act=TURN request=+45deg execute=+15deg x1 a=3 dtg=11.57 region=0_6
ep=736 s=144 5768ms [sel=0 cap=5638 rest=130] sg=2->2 mode=NONE win=8 obs=145 | cap=wip act=TURN request=+45deg execute=+15deg x1 a=3 dtg=11.57 region=0_6
ep=736 s=145 9546ms [sel=0 cap=9409 rest=137] sg=2->2 mode=NONE win=8 obs=146 | cap=wip act=TURN request=+45deg execute=+15deg x1 a=3 dtg=11.57 region=0_6
ep=736 s=146 10722ms [sel=0 cap=10594 rest=129] sg=2->2 mode=NONE win=8 obs=147 | cap=wip act=TURN request=+45deg execute=+15deg x1 a=3 dtg=11.57 region=0_6
ep=736 s=147 12690ms [sel=0 cap=12556 rest=134] sg=2->2 mode=NONE win=8 obs=148 | cap=wip act=TURN request=+45deg execute=+15deg x1 a=3 dtg=11.57 region=0_6
ep=736 s=148 8474ms [sel=0 cap=8341 rest=133] sg=2->2 mode=NONE win=8 obs=149 | cap=wip act=TURN request=+45deg execute=+15deg x1 a=3 dtg=11.57 region=0_6
ep=736 s=149 7544ms [sel=0 cap=7038 rest=468] sg=2->2 mode=NONE win=8 obs=150 | cap=wip act=TURN request=+45deg execute=+15deg x1 a=3 | preview=view-/6 yaw=+0 render=38ms dtg=11.57 region=0_6
ep=736 s=150 7415ms [sel=0 cap=7287 rest=128] sg=2->2 mode=NONE win=8 obs=151 | cap=wip act=TURN request=+45deg execute=+15deg x1 a=3 dtg=11.57 region=0_6
ep=736 s=151 35736ms [sel=27563 cap=8052 rest=122] sg=2->2 mode=NONE win=8 obs=152 | cap=wip act=TURN request=+45deg execute=+15deg x1 a=3 som=5/7 dtg=11.57 region=0_6
ep=736 s=152 42580ms [sel=35687 cap=6780 rest=114] sg=2->2 mode=NONE win=8 obs=153 | cap=wip act=(320,346) d=2.66 a=1 som=2/6 dtg=11.89 region=0_6
ep=736 s=153 29076ms [sel=22088 cap=6870 rest=117] sg=2->2 mode=NONE win=8 obs=154 | cap=wip act=TURN request=+45deg execute=+15deg x1 a=3 som=3/7 dtg=11.89 region=0_6
ep=736 s=154 14264ms [sel=0 cap=14148 rest=117] sg=2->2 mode=NONE win=8 obs=155 | cap=wip act=TURN request=+45deg execute=+15deg x1 a=3 dtg=11.89 region=0_6
ep=736 s=155 13007ms [sel=0 cap=12894 rest=113] sg=2->2 mode=NONE win=8 obs=156 | cap=wip act=TURN request=+45deg execute=+15deg x1 a=3 dtg=11.89 region=0_6
ep=736 s=156 7989ms [sel=0 cap=7875 rest=114] sg=2->2 mode=NONE win=8 obs=157 | cap=wip act=TURN request=+45deg execute=+15deg x1 a=3 dtg=11.89 region=0_6
ep=736 s=157 10368ms [sel=0 cap=10249 rest=118] sg=2->2 mode=NONE win=8 obs=158 | cap=wip act=TURN request=+45deg execute=+15deg x1 a=3 dtg=11.89 region=0_6
ep=736 s=158 14900ms [sel=0 cap=14385 rest=479] sg=2->2 mode=NONE win=8 obs=159 | cap=wip act=TURN request=+45deg execute=+15deg x1 a=3 | preview=view-/6 yaw=+0 render=36ms dtg=11.89 region=0_6
ep=736 s=159 16912ms [sel=0 cap=16791 rest=121] sg=2->2 mode=NONE win=8 obs=160 | cap=wip act=TURN request=+45deg execute=+15deg x1 a=3 dtg=11.89 region=0_6
ep=736 s=160 9201ms [sel=0 cap=9078 rest=123] sg=2->2 mode=NONE win=8 obs=161 | cap=wip act=TURN request=+45deg execute=+15deg x1 a=3 dtg=11.89 region=0_6
ep=736 s=161 13479ms [sel=0 cap=13350 rest=129] sg=2->2 mode=NONE win=8 obs=162 | cap=wip act=TURN request=+45deg execute=+15deg x1 a=3 dtg=11.89 region=0_6
ep=736 s=162 14394ms [sel=0 cap=13823 rest=505] sg=2->2 mode=NONE win=8 obs=163 | cap=wip act=TURN request=+45deg execute=+15deg x1 a=3 | preview=view-/6 yaw=+0 render=66ms dtg=11.89 region=0_6
ep=736 s=163 12157ms [sel=43 cap=11981 rest=132] sg=2->2 mode=NONE win=8 obs=164 | cap=wip act=(320,330) d=2.91 a=1 dtg=11.61 region=0_6
ep=736 s=164 36211ms [sel=28291 cap=7792 rest=128] sg=2->2 mode=NONE win=8 obs=165 | cap=wip act=TURN request=-45deg execute=-15deg x1 a=2 som=3/5 dtg=11.61 region=0_6
ep=736 s=165 12630ms [sel=0 cap=12134 rest=458] sg=2->2 mode=NONE win=8 obs=166 | cap=wip act=TURN request=-45deg execute=-15deg x1 a=2 | preview=view-/6 yaw=+0 render=38ms dtg=11.61 region=0_6
ep=736 s=166 12116ms [sel=0 cap=11988 rest=128] sg=2->2 mode=NONE win=8 obs=167 | cap=wip act=TURN request=-45deg execute=-15deg x1 a=2 dtg=11.61 region=0_6
ep=736 s=167 10115ms [sel=0 cap=9988 rest=128] sg=2->2 mode=NONE win=8 obs=168 | cap=wip act=TURN request=-45deg execute=-15deg x1 a=2 dtg=11.61 region=0_6
ep=736 s=168 9866ms [sel=0 cap=9364 rest=465] sg=2->2 mode=NONE win=8 obs=169 | cap=wip act=TURN request=-45deg execute=-15deg x1 a=2 | preview=view-/6 yaw=+0 render=36ms dtg=11.61 region=0_6
ep=736 s=169 8367ms [sel=0 cap=8243 rest=125] sg=2->2 mode=NONE win=8 obs=170 | cap=wip act=TURN request=-45deg execute=-15deg x1 a=2 dtg=11.61 region=0_6
ep=736 s=170 10940ms [sel=0 cap=10813 rest=127] sg=2->2 mode=NONE win=8 obs=171 | cap=wip act=TURN request=-45deg execute=-15deg x1 a=2 dtg=11.61 region=0_6
ep=736 s=171 12578ms [sel=0 cap=12092 rest=447] sg=2->2 mode=NONE win=8 obs=172 | cap=wip act=TURN request=-45deg execute=-15deg x1 a=2 | preview=view-/6 yaw=+0 render=39ms dtg=11.61 region=0_6
ep=736 s=172 9550ms [sel=0 cap=9437 rest=114] sg=2->2 mode=NONE win=8 obs=173 | cap=wip act=TURN request=-45deg execute=-15deg x1 a=2 dtg=11.61 region=0_6
ep=736 s=173 9837ms [sel=0 cap=9723 rest=114] sg=2->2 mode=NONE win=8 obs=174 | cap=wip act=TURN request=-45deg execute=-15deg x1 a=2 dtg=11.61 region=0_6
ep=736 s=174 11560ms [sel=0 cap=11055 rest=464] sg=2->2 mode=NONE win=8 obs=175 | cap=wip act=TURN request=-45deg execute=-15deg x1 a=2 | preview=view-/6 yaw=+0 render=40ms dtg=11.61 region=0_6
ep=736 s=175 15073ms [sel=47 cap=14905 rest=122] sg=2->2 mode=NONE win=8 obs=176 | cap=wip act=(320,352) d=2.58 a=1 | sp=straight_ahead:reached d=0.5 age=0 dtg=11.92 region=0_6
ep=736 s=176 11478ms [sel=107 cap=11249 rest=122] sg=2->2 mode=NONE win=8 obs=177 | cap=wip act=TURN request=-45deg execute=-15deg x1 a=2 | sp=straight_ahead:reached d=0.5 age=1 dtg=11.92 region=0_6
ep=736 s=177 20895ms [sel=0 cap=20379 rest=478] sg=2->2 mode=NONE win=8 obs=178 | cap=wip act=TURN request=-45deg execute=-15deg x1 a=2 | preview=view-/6 yaw=+0 render=38ms dtg=11.92 region=0_6
ep=736 s=178 12440ms [sel=0 cap=12313 rest=127] sg=2->2 mode=NONE win=8 obs=179 | cap=wip act=TURN request=-45deg execute=-15deg x1 a=2 dtg=11.92 region=0_6
ep=736 s=179 10712ms [sel=0 cap=10553 rest=159] sg=2->2 mode=NONE win=8 obs=180 | cap=wip act=TURN request=-45deg execute=-15deg x1 a=2 dtg=11.92 region=0_6
ep=736 s=180 15396ms [sel=0 cap=15267 rest=129] sg=2->2 mode=NONE win=8 obs=181 | cap=wip act=TURN request=-45deg execute=-15deg x1 a=2 dtg=11.92 region=0_6
ep=736 s=181 14784ms [sel=0 cap=14657 rest=126] sg=2->2 mode=NONE win=8 obs=182 | cap=wip act=TURN request=-45deg execute=-15deg x1 a=2 dtg=11.92 region=0_6
ep=736 s=182 7394ms [sel=0 cap=7257 rest=137] sg=2->2 mode=NONE win=8 obs=183 | cap=wip act=TURN request=-45deg execute=-15deg x1 a=2 dtg=11.92 region=0_6
ep=736 s=183 19537ms [sel=0 cap=19024 rest=475] sg=2->2 mode=NONE win=8 obs=184 | cap=wip act=TURN request=-45deg execute=-15deg x1 a=2 | preview=view-/6 yaw=+0 render=38ms dtg=11.92 region=0_6
ep=736 s=184 6736ms [sel=0 cap=6605 rest=131] sg=2->2 mode=NONE win=8 obs=185 | cap=wip act=TURN request=-45deg execute=-15deg x1 a=2 dtg=11.92 region=0_6
ep=736 s=185 18702ms [sel=8794 cap=9773 rest=135] sg=2->2 mode=NONE win=8 obs=186 | cap=wip act=(338,438) d=1.11 a=1 | sp=straight_ahead:reached d=0.4 age=0 som=1/4 dtg=11.65 region=0_6
ep=736 s=186 13015ms [sel=103 cap=12787 rest=126] sg=2->2 mode=NONE win=8 obs=187 | cap=wip act=TURN request=+45deg execute=+15deg x1 a=3 | sp=straight_ahead:reached d=0.4 age=1 dtg=11.65 region=0_6
ep=736 s=187 7714ms [sel=0 cap=7583 rest=131] sg=2->2 mode=NONE win=8 obs=188 | cap=wip act=TURN request=+45deg execute=+15deg x1 a=3 dtg=11.65 region=0_6
ep=736 s=188 20066ms [sel=0 cap=19582 rest=445] sg=2->2 mode=NONE win=8 obs=189 | cap=wip act=TURN request=+45deg execute=+15deg x1 a=3 | preview=view-/6 yaw=+0 render=39ms dtg=11.65 region=0_6
ep=736 s=189 18318ms [sel=98 cap=18084 rest=136] sg=2->2 mode=NONE win=8 obs=190 | cap=wip act=TURN request=+45deg execute=+15deg x1 a=3 dtg=11.65 region=0_6
ep=736 s=190 18625ms [sel=0 cap=18497 rest=128] sg=2->2 mode=NONE win=8 obs=191 | cap=wip act=TURN request=+45deg execute=+15deg x1 a=3 dtg=11.65 region=0_6
ep=736 s=191 16201ms [sel=0 cap=16062 rest=139] sg=2->2 mode=NONE win=8 obs=192 | cap=wip act=TURN request=+45deg execute=+15deg x1 a=3 dtg=11.65 region=0_6
ep=736 s=192 11557ms [sel=101 cap=11306 rest=150] sg=2->2 mode=NONE win=8 obs=193 | cap=wip act=TURN request=+45deg execute=+15deg x1 a=3 dtg=11.65 region=0_6
ep=736 s=193 11963ms [sel=0 cap=11464 rest=460] sg=2->2 mode=NONE win=8 obs=194 | cap=wip act=TURN request=+45deg execute=+15deg x1 a=3 | preview=view-/6 yaw=+0 render=39ms dtg=11.65 region=0_6
ep=736 s=194 12655ms [sel=0 cap=12530 rest=125] sg=2->2 mode=NONE win=8 obs=195 | cap=wip act=TURN request=+45deg execute=+15deg x1 a=3 dtg=11.65 region=0_6
ep=736 s=195 11717ms [sel=102 cap=11492 rest=123] sg=2->2 mode=NONE win=8 obs=196 | cap=wip act=TURN request=+45deg execute=+15deg x1 a=3 dtg=11.65 region=0_6
ep=736 s=196 13920ms [sel=0 cap=13422 rest=461] sg=2->2 mode=NONE win=8 obs=197 | cap=wip act=TURN request=+45deg execute=+15deg x1 a=3 | preview=view-/6 yaw=+0 render=37ms dtg=11.65 region=0_6
ep=736 s=197 14672ms [sel=0 cap=14560 rest=112] sg=2->2 mode=NONE win=8 obs=198 | cap=wip act=TURN request=+45deg execute=+15deg x1 a=3 dtg=11.65 region=0_6
ep=736 s=198 31491ms [sel=22599 cap=8776 rest=116] sg=2->2 mode=NONE win=8 obs=199 | cap=wip act=TURN request=+45deg execute=+15deg x1 a=3 som=5/7 dtg=11.65 region=0_6
ep=736 s=199 9881ms [sel=0 cap=9751 rest=130] sg=2->2 mode=NONE win=8 obs=200 | cap=wip act=TURN request=+45deg execute=+15deg x1 a=3 dtg=11.65 region=0_6
ep=736 s=200 11882ms [sel=0 cap=11754 rest=128] sg=2->2 mode=NONE win=8 obs=201 | cap=wip act=TURN request=+45deg execute=+15deg x1 a=3 dtg=11.65 region=0_6
ep=736 s=201 14449ms [sel=104 cap=14217 rest=128] sg=2->2 mode=NONE win=8 obs=202 | cap=wip act=TURN request=+45deg execute=+15deg x1 a=3 dtg=11.65 region=0_6
ep=736 s=202 7223ms [sel=0 cap=6724 rest=462] sg=2->2 mode=NONE win=8 obs=203 | cap=wip act=TURN request=+45deg execute=+15deg x1 a=3 | preview=view-/6 yaw=+0 render=36ms dtg=11.65 region=0_6
ep=736 s=203 13486ms [sel=0 cap=13363 rest=123] sg=2->2 mode=NONE win=8 obs=204 | cap=wip act=TURN request=+45deg execute=+15deg x1 a=3 dtg=11.65 region=0_6
ep=736 s=204 81640ms [sel=71763 cap=9748 rest=129] sg=2->2 mode=NONE win=8 obs=205 | cap=wip act=TURN request=+45deg execute=+15deg x1 a=3 som=3/6 dtg=11.65 region=0_6
ep=736 s=205 10166ms [sel=0 cap=9658 rest=470] sg=2->2 mode=NONE win=8 obs=206 | cap=wip act=TURN request=+45deg execute=+15deg x1 a=3 | preview=view-/6 yaw=+0 render=37ms dtg=11.65 region=0_6
ep=736 s=206 9460ms [sel=0 cap=9333 rest=127] sg=2->2 mode=NONE win=8 obs=207 | cap=wip act=TURN request=+45deg execute=+15deg x1 a=3 dtg=11.65 region=0_6
ep=736 s=207 12165ms [sel=105 cap=11937 rest=123] sg=2->2 mode=NONE win=8 obs=208 | cap=wip act=TURN request=+45deg execute=+15deg x1 a=3 dtg=11.65 region=0_6
ep=736 s=208 10633ms [sel=0 cap=10504 rest=129] sg=2->2 mode=NONE win=8 obs=209 | cap=wip act=TURN request=+45deg execute=+15deg x1 a=3 dtg=11.65 region=0_6
ep=736 s=209 11590ms [sel=0 cap=11467 rest=123] sg=2->2 mode=NONE win=8 obs=210 | cap=wip act=TURN request=+45deg execute=+15deg x1 a=3 dtg=11.65 region=0_6
ep=736 s=210 13536ms [sel=132 cap=13256 rest=148] sg=2->2 mode=NONE win=8 obs=211 | cap=wip act=TURN request=+45deg execute=+15deg x1 a=3 dtg=11.65 region=0_6
ep=736 s=211 10085ms [sel=0 cap=9944 rest=141] sg=2->2 mode=NONE win=8 obs=212 | cap=wip act=TURN request=+45deg execute=+15deg x1 a=3 dtg=11.65 region=0_6
ep=736 s=212 23200ms [sel=0 cap=23067 rest=133] sg=2->2 mode=NONE win=8 obs=213 | cap=wip act=TURN request=+45deg execute=+15deg x1 a=3 dtg=11.65 region=0_6
ep=736 s=213 14964ms [sel=102 cap=14722 rest=141] sg=2->2 mode=NONE win=8 obs=214 | cap=wip act=TURN request=+45deg execute=+15deg x1 a=3 dtg=11.65 region=0_6
ep=736 s=214 9358ms [sel=0 cap=9227 rest=131] sg=2->2 mode=NONE win=8 obs=215 | cap=wip act=TURN request=+45deg execute=+15deg x1 a=3 dtg=11.65 region=0_6
ep=736 s=215 10856ms [sel=0 cap=10365 rest=454] sg=2->2 mode=NONE win=8 obs=216 | cap=wip act=TURN request=+45deg execute=+15deg x1 a=3 | preview=view-/6 yaw=+0 render=37ms dtg=11.65 region=0_6
ep=736 s=216 66923ms [sel=57891 cap=8899 rest=133] sg=2->2 mode=NONE win=8 obs=217 | cap=wip act=TURN request=+45deg execute=+15deg x1 a=3 som=3/5 dtg=11.65 region=0_6
ep=736 s=217 14453ms [sel=0 cap=14328 rest=125] sg=2->2 mode=NONE win=8 obs=218 | cap=wip act=TURN request=+45deg execute=+15deg x1 a=3 dtg=11.65 region=0_6
ep=736 s=218 23096ms [sel=0 cap=22973 rest=123] sg=2->2 mode=NONE win=8 obs=219 | cap=wip act=TURN request=+45deg execute=+15deg x1 a=3 dtg=11.65 region=0_6
ep=736 s=219 21764ms [sel=105 cap=21537 rest=122] sg=2->2 mode=NONE win=8 obs=220 | cap=wip act=TURN request=+45deg execute=+15deg x1 a=3 dtg=11.65 region=0_6
ep=736 s=220 21141ms [sel=0 cap=20642 rest=462] sg=2->2 mode=NONE win=8 obs=221 | cap=wip act=TURN request=+45deg execute=+15deg x1 a=3 | preview=view-/6 yaw=+0 render=37ms dtg=11.65 region=0_6
ep=736 s=221 12420ms [sel=0 cap=12310 rest=111] sg=2->2 mode=NONE win=8 obs=222 | cap=wip act=TURN request=+45deg execute=+15deg x1 a=3 dtg=11.65 region=0_6
ep=736 s=222 13744ms [sel=3885 cap=9746 rest=113] sg=2->2 mode=NONE win=8 obs=223 | cap=wip act=TURN request=+45deg execute=+15deg x1 a=3 som=5/7 dtg=11.65 region=0_6
ep=736 s=223 11279ms [sel=0 cap=11159 rest=121] sg=2->2 mode=NONE win=8 obs=224 | cap=wip act=TURN request=+45deg execute=+15deg x1 a=3 dtg=11.65 region=0_6
ep=736 s=224 7922ms [sel=0 cap=7792 rest=129] sg=2->2 mode=NONE win=8 obs=225 | cap=wip act=TURN request=+45deg execute=+15deg x1 a=3 dtg=11.65 region=0_6
ep=736 s=225 15808ms [sel=12 cap=15279 rest=480] sg=2->2 mode=NONE win=8 obs=226 | cap=wip act=PREVIEW a=2 | preview=view4/6 yaw=+75 render=37ms dtg=11.65 region=0_6
ep=736 s=226 23934ms [sel=14433 cap=9341 rest=160] sg=2->2 mode=NONE win=8 obs=227 | cap=wip act=TURN request=+45deg execute=+15deg x1 a=3 som=4/6 dtg=11.65 region=0_6
ep=736 s=227 11368ms [sel=0 cap=11243 rest=124] sg=2->2 mode=NONE win=8 obs=228 | cap=wip act=TURN request=+45deg execute=+15deg x1 a=3 dtg=11.65 region=0_6
ep=736 s=228 11894ms [sel=0 cap=11386 rest=468] sg=2->2 mode=NONE win=8 obs=229 | cap=wip act=TURN request=+45deg execute=+15deg x1 a=3 | preview=view-/6 yaw=+0 render=40ms dtg=11.65 region=0_6
ep=736 s=229 136630ms [sel=126990 cap=9516 rest=124] sg=2->2 mode=NONE win=8 obs=230 | cap=wip act=TURN request=+45deg execute=+15deg x1 a=3 som=3/5 dtg=11.65 region=0_6
ep=736 s=230 25966ms [sel=0 cap=25832 rest=133] sg=2->2 mode=NONE win=8 obs=231 | cap=wip act=TURN request=+45deg execute=+15deg x1 a=3 dtg=11.65 region=0_6
ep=736 s=231 16058ms [sel=0 cap=15927 rest=131] sg=2->2 mode=NONE win=8 obs=232 | cap=wip act=TURN request=+45deg execute=+15deg x1 a=3 dtg=11.65 region=0_6
ep=736 s=232 17169ms [sel=104 cap=16937 rest=128] sg=2->2 mode=NONE win=8 obs=233 | cap=wip act=TURN request=+45deg execute=+15deg x1 a=3 dtg=11.65 region=0_6
ep=736 s=233 7450ms [sel=0 cap=7322 rest=129] sg=2->2 mode=NONE win=8 obs=234 | cap=wip act=TURN request=+45deg execute=+15deg x1 a=3 dtg=11.65 region=0_6
ep=736 s=234 9293ms [sel=0 cap=9168 rest=126] sg=2->2 mode=NONE win=8 obs=235 | cap=wip act=TURN request=+45deg execute=+15deg x1 a=3 dtg=11.65 region=0_6
ep=736 s=235 11541ms [sel=12 cap=11049 rest=444] sg=2->2 mode=NONE win=8 obs=236 | cap=wip act=PREVIEW a=2 | preview=view1/6 yaw=-60 render=36ms dtg=11.65 region=0_6
ep=736 s=236 12378ms [sel=100 cap=12139 rest=139] sg=2->2 mode=NONE win=8 obs=237 | cap=wip act=TURN request=+45deg execute=+15deg x1 a=3 dtg=11.65 region=0_6
ep=736 s=237 12169ms [sel=0 cap=12045 rest=125] sg=2->2 mode=NONE win=8 obs=238 | cap=wip act=TURN request=+45deg execute=+15deg x1 a=3 dtg=11.65 region=0_6
ep=736 s=238 17344ms [sel=0 cap=16864 rest=445] sg=2->2 mode=NONE win=8 obs=239 | cap=wip act=TURN request=+45deg execute=+15deg x1 a=3 | preview=view-/6 yaw=+0 render=35ms dtg=11.65 region=0_6
ep=736 s=239 18330ms [sel=99 cap=18098 rest=133] sg=2->2 mode=NONE win=8 obs=240 | cap=wip act=TURN request=+45deg execute=+15deg x1 a=3 dtg=11.65 region=0_6
ep=736 s=240 14588ms [sel=0 cap=14455 rest=133] sg=2->2 mode=NONE win=8 obs=241 | cap=wip act=TURN request=+45deg execute=+15deg x1 a=3 dtg=11.65 region=0_6
ep=736 s=241 21409ms [sel=0 cap=21270 rest=139] sg=2->2 mode=NONE win=8 obs=242 | cap=wip act=TURN request=+45deg execute=+15deg x1 a=3 dtg=11.65 region=0_6
ep=736 s=242 16427ms [sel=97 cap=16202 rest=128] sg=2->2 mode=NONE win=8 obs=243 | cap=wip act=TURN request=+45deg execute=+15deg x1 a=3 dtg=11.65 region=0_6
ep=736 s=243 16006ms [sel=0 cap=15868 rest=138] sg=2->2 mode=NONE win=8 obs=244 | cap=wip act=TURN request=+45deg execute=+15deg x1 a=3 dtg=11.65 region=0_6
ep=736 s=244 16063ms [sel=0 cap=15930 rest=133] sg=2->2 mode=NONE win=8 obs=245 | cap=wip act=TURN request=+45deg execute=+15deg x1 a=3 dtg=11.65 region=0_6
ep=736 s=245 11870ms [sel=100 cap=11273 rest=461] sg=2->2 mode=NONE win=8 obs=246 | cap=wip act=TURN request=+45deg execute=+15deg x1 a=3 | preview=view-/6 yaw=+0 render=36ms dtg=11.65 region=0_6
ep=736 s=246 14420ms [sel=0 cap=14293 rest=126] sg=2->2 mode=NONE win=8 obs=247 | cap=wip act=TURN request=+45deg execute=+15deg x1 a=3 dtg=11.65 region=0_6
ep=736 s=247 11711ms [sel=0 cap=11584 rest=127] sg=2->2 mode=NONE win=8 obs=248 | cap=wip act=TURN request=+45deg execute=+15deg x1 a=3 dtg=11.65 region=0_6
ep=736 s=248 14658ms [sel=105 cap=14045 rest=472] sg=2->2 mode=NONE win=8 obs=249 | cap=wip act=TURN request=+45deg execute=+15deg x1 a=3 | preview=view-/6 yaw=+0 render=36ms dtg=11.65 region=0_6
ep=736 s=249 17127ms [sel=0 cap=17014 rest=113] sg=2->2 mode=NONE win=8 obs=250 | cap=wip act=TURN request=+45deg execute=+15deg x1 a=3 dtg=11.65 region=0_6
ep=736 s=250 11955ms [sel=0 cap=11841 rest=114] sg=2->2 mode=NONE win=8 obs=251 | cap=wip act=TURN request=+45deg execute=+15deg x1 a=3 dtg=11.65 region=0_6
ep=736 s=251 10613ms [sel=116 cap=10375 rest=122] sg=2->2 mode=NONE win=8 obs=252 | cap=wip act=TURN request=+45deg execute=+15deg x1 a=3 dtg=11.65 region=0_6
ep=736 s=252 10315ms [sel=0 cap=10184 rest=131] sg=2->2 mode=NONE win=8 obs=253 | cap=wip act=TURN request=+45deg execute=+15deg x1 a=3 dtg=11.65 region=0_6
ep=736 s=253 13746ms [sel=0 cap=13612 rest=134] sg=2->2 mode=NONE win=8 obs=254 | cap=wip act=TURN request=+45deg execute=+15deg x1 a=3 dtg=11.65 region=0_6
ep=736 s=254 15051ms [sel=103 cap=14828 rest=120] sg=2->2 mode=NONE win=8 obs=255 | cap=wip act=TURN request=+45deg execute=+15deg x1 a=3 dtg=11.65 region=0_6
ep=736 s=255 20244ms [sel=0 cap=20116 rest=128] sg=2->2 mode=NONE win=8 obs=256 | cap=wip act=TURN request=+45deg execute=+15deg x1 a=3 dtg=11.65 region=0_6
ep=736 s=256 22076ms [sel=0 cap=21571 rest=468] sg=2->2 mode=NONE win=8 obs=257 | cap=wip act=TURN request=+45deg execute=+15deg x1 a=3 | preview=view-/6 yaw=+0 render=37ms dtg=11.65 region=0_6
ep=736 s=257 15101ms [sel=102 cap=14870 rest=129] sg=2->2 mode=NONE win=8 obs=258 | cap=wip act=TURN request=+45deg execute=+15deg x1 a=3 dtg=11.65 region=0_6
ep=736 s=258 8662ms [sel=0 cap=8534 rest=128] sg=2->2 mode=NONE win=8 obs=259 | cap=wip act=TURN request=+45deg execute=+15deg x1 a=3 dtg=11.65 region=0_6
ep=736 s=259 14647ms [sel=0 cap=14523 rest=124] sg=2->2 mode=NONE win=8 obs=260 | cap=wip act=TURN request=+45deg execute=+15deg x1 a=3 dtg=11.65 region=0_6
ep=736 s=260 15293ms [sel=106 cap=15041 rest=145] sg=2->2 mode=NONE win=8 obs=261 | cap=wip act=TURN request=+45deg execute=+15deg x1 a=3 dtg=11.65 region=0_6
ep=736 s=261 11081ms [sel=0 cap=10957 rest=124] sg=2->2 mode=NONE win=8 obs=262 | cap=wip act=TURN request=+45deg execute=+15deg x1 a=3 dtg=11.65 region=0_6
ep=736 s=262 7401ms [sel=0 cap=7272 rest=129] sg=2->2 mode=NONE win=8 obs=263 | cap=wip act=TURN request=+45deg execute=+15deg x1 a=3 dtg=11.65 region=0_6
ep=736 s=263 10927ms [sel=101 cap=10696 rest=130] sg=2->2 mode=NONE win=8 obs=264 | cap=wip act=TURN request=+45deg execute=+15deg x1 a=3 dtg=11.65 region=0_6
ep=736 s=264 8466ms [sel=0 cap=8332 rest=134] sg=2->2 mode=NONE win=8 obs=265 | cap=wip act=TURN request=+45deg execute=+15deg x1 a=3 dtg=11.65 region=0_6
ep=736 s=265 16148ms [sel=0 cap=16009 rest=139] sg=2->2 mode=NONE win=8 obs=266 | cap=wip act=TURN request=+45deg execute=+15deg x1 a=3 dtg=11.65 region=0_6
ep=736 s=266 11103ms [sel=98 cap=10877 rest=128] sg=2->2 mode=NONE win=8 obs=267 | cap=wip act=TURN request=+45deg execute=+15deg x1 a=3 dtg=11.65 region=0_6
ep=736 s=267 12171ms [sel=0 cap=12030 rest=140] sg=2->2 mode=NONE win=8 obs=268 | cap=wip act=TURN request=+45deg execute=+15deg x1 a=3 dtg=11.65 region=0_6
ep=736 s=268 10960ms [sel=0 cap=10826 rest=134] sg=2->2 mode=NONE win=8 obs=269 | cap=wip act=TURN request=+45deg execute=+15deg x1 a=3 dtg=11.65 region=0_6
ep=736 s=269 13459ms [sel=101 cap=13231 rest=126] sg=2->2 mode=NONE win=8 obs=270 | cap=wip act=TURN request=+45deg execute=+15deg x1 a=3 dtg=11.65 region=0_6
ep=736 s=270 24631ms [sel=0 cap=24502 rest=129] sg=2->2 mode=NONE win=8 obs=271 | cap=wip act=TURN request=+45deg execute=+15deg x1 a=3 dtg=11.65 region=0_6
ep=736 s=271 12868ms [sel=0 cap=12744 rest=125] sg=2->2 mode=NONE win=8 obs=272 | cap=wip act=TURN request=+45deg execute=+15deg x1 a=3 dtg=11.65 region=0_6
ep=736 s=272 13421ms [sel=100 cap=13205 rest=116] sg=2->2 mode=NONE win=8 obs=273 | cap=wip act=TURN request=+45deg execute=+15deg x1 a=3 dtg=11.65 region=0_6
ep=736 s=273 16357ms [sel=0 cap=16246 rest=110] sg=2->2 mode=NONE win=8 obs=274 | cap=wip act=TURN request=+45deg execute=+15deg x1 a=3 dtg=11.65 region=0_6
ep=736 s=274 10984ms [sel=0 cap=10870 rest=114] sg=2->2 mode=NONE win=8 obs=275 | cap=wip act=TURN request=+45deg execute=+15deg x1 a=3 dtg=11.65 region=0_6
ep=736 s=275 14356ms [sel=105 cap=14130 rest=121] sg=2->2 mode=NONE win=8 obs=276 | cap=wip act=TURN request=+45deg execute=+15deg x1 a=3 dtg=11.65 region=0_6
ep=736 s=276 12880ms [sel=0 cap=12753 rest=127] sg=2->2 mode=NONE win=8 obs=277 | cap=wip act=TURN request=+45deg execute=+15deg x1 a=3 dtg=11.65 region=0_6
ep=736 s=277 11756ms [sel=0 cap=11632 rest=123] sg=2->2 mode=NONE win=8 obs=278 | cap=wip act=TURN request=+45deg execute=+15deg x1 a=3 dtg=11.65 region=0_6
ep=736 s=278 19166ms [sel=103 cap=18942 rest=121] sg=2->2 mode=NONE win=8 obs=279 | cap=wip act=TURN request=+45deg execute=+15deg x1 a=3 dtg=11.65 region=0_6
ep=736 s=279 15416ms [sel=0 cap=15289 rest=128] sg=2->2 mode=NONE win=8 obs=280 | cap=wip act=TURN request=+45deg execute=+15deg x1 a=3 dtg=11.65 region=0_6
ep=736 s=280 17883ms [sel=0 cap=17337 rest=509] sg=2->2 mode=NONE win=8 obs=281 | cap=wip act=TURN request=+45deg execute=+15deg x1 a=3 | preview=view-/6 yaw=+0 render=37ms dtg=11.65 region=0_6
ep=736 s=281 12845ms [sel=104 cap=12612 rest=128] sg=2->2 mode=NONE win=8 obs=282 | cap=wip act=TURN request=+45deg execute=+15deg x1 a=3 dtg=11.65 region=0_6
ep=736 s=282 13654ms [sel=0 cap=13525 rest=129] sg=2->2 mode=NONE win=8 obs=283 | cap=wip act=TURN request=+45deg execute=+15deg x1 a=3 dtg=11.65 region=0_6
ep=736 s=283 10880ms [sel=0 cap=10754 rest=125] sg=2->2 mode=NONE win=8 obs=284 | cap=wip act=TURN request=+45deg execute=+15deg x1 a=3 dtg=11.65 region=0_6
ep=736 s=284 58173ms [sel=51747 cap=6271 rest=155] sg=2->2 mode=NONE win=8 obs=285 | cap=wip act=TURN request=+45deg execute=+15deg x1 a=3 som=2/4 dtg=11.65 region=0_6
ep=736 s=285 8926ms [sel=0 cap=8803 rest=123] sg=2->2 mode=NONE win=8 obs=286 | cap=wip act=TURN request=+45deg execute=+15deg x1 a=3 dtg=11.65 region=0_6
ep=736 s=286 12733ms [sel=0 cap=12604 rest=129] sg=2->2 mode=NONE win=8 obs=287 | cap=wip act=TURN request=+45deg execute=+15deg x1 a=3 dtg=11.65 region=0_6
ep=736 s=287 11828ms [sel=108 cap=11220 rest=465] sg=2->2 mode=NONE win=8 obs=288 | cap=wip act=TURN request=+45deg execute=+15deg x1 a=3 | preview=view-/6 yaw=+0 render=35ms dtg=11.65 region=0_6
ep=736 s=288 13048ms [sel=0 cap=12915 rest=133] sg=2->2 mode=NONE win=8 obs=289 | cap=wip act=TURN request=+45deg execute=+15deg x1 a=3 dtg=11.65 region=0_6
ep=736 s=289 17641ms [sel=0 cap=17503 rest=138] sg=2->2 mode=NONE win=8 obs=290 | cap=wip act=TURN request=+45deg execute=+15deg x1 a=3 dtg=11.65 region=0_6
ep=736 s=290 7670ms [sel=106 cap=7432 rest=132] sg=2->2 mode=NONE win=8 obs=291 | cap=wip act=TURN request=+45deg execute=+15deg x1 a=3 dtg=11.65 region=0_6
ep=736 s=291 6724ms [sel=0 cap=6582 rest=143] sg=2->2 mode=NONE win=8 obs=292 | cap=wip act=TURN request=+45deg execute=+15deg x1 a=3 dtg=11.65 region=0_6
ep=736 s=292 5821ms [sel=0 cap=5671 rest=151] sg=2->2 mode=NONE win=8 obs=293 | cap=wip act=TURN request=+45deg execute=+15deg x1 a=3 dtg=11.65 region=0_6
ep=736 s=293 33441ms [sel=25200 cap=8089 rest=151] sg=2->2 mode=NONE win=8 obs=294 | cap=wip act=TURN request=+45deg execute=+15deg x1 a=3 som=2/4 dtg=11.65 region=0_6
ep=736 s=294 11014ms [sel=0 cap=10887 rest=126] sg=2->2 mode=NONE win=8 obs=295 | cap=wip act=TURN request=+45deg execute=+15deg x1 a=3 dtg=11.65 region=0_6
ep=736 s=295 10730ms [sel=0 cap=10605 rest=125] sg=2->2 mode=NONE win=8 obs=296 | cap=wip act=TURN request=+45deg execute=+15deg x1 a=3 dtg=11.65 region=0_6
ep=736 s=296 11804ms [sel=4922 cap=6766 rest=116] sg=2->2 mode=NONE win=8 obs=297 | cap=wip act=TURN request=+45deg execute=+15deg x1 a=3 som=4/6 dtg=11.65 region=0_6
ep=736 s=297 9098ms [sel=0 cap=8984 rest=113] sg=2->2 mode=NONE win=8 obs=298 | cap=wip act=TURN request=+45deg execute=+15deg x1 a=3 dtg=11.65 region=0_6
ep=736 s=298 9587ms [sel=0 cap=9471 rest=116] sg=2->2 mode=NONE win=8 obs=299 | cap=wip act=TURN request=+45deg execute=+15deg x1 a=3 dtg=11.65 region=0_6
ep=736 s=299 17097ms [sel=115 cap=16860 rest=122] sg=2->2 mode=NONE win=8 obs=300 | cap=wip act=TURN request=+45deg execute=+15deg x1 a=3 dtg=11.65 region=0_6
ep=736 s=300 9797ms [sel=0 cap=9669 rest=128] sg=2->2 mode=NONE win=8 obs=301 | cap=wip act=TURN request=+45deg execute=+15deg x1 a=3 dtg=11.65 region=0_6
ep=736 s=301 6987ms [sel=0 cap=6863 rest=124] sg=2->2 mode=NONE win=8 obs=302 | cap=wip act=TURN request=+45deg execute=+15deg x1 a=3 dtg=11.65 region=0_6
ep=736 s=302 13953ms [sel=105 cap=13727 rest=121] sg=2->2 mode=NONE win=8 obs=303 | cap=wip act=TURN request=+45deg execute=+15deg x1 a=3 dtg=11.65 region=0_6
ep=736 s=303 14650ms [sel=0 cap=14527 rest=123] sg=2->2 mode=NONE win=8 obs=304 | cap=wip act=TURN request=+45deg execute=+15deg x1 a=3 dtg=11.65 region=0_6
ep=736 s=304 9334ms [sel=0 cap=9205 rest=130] sg=2->2 mode=NONE win=8 obs=305 | cap=wip act=TURN request=+45deg execute=+15deg x1 a=3 dtg=11.65 region=0_6
ep=736 s=305 11866ms [sel=106 cap=11628 rest=132] sg=2->2 mode=NONE win=8 obs=306 | cap=wip act=TURN request=+45deg execute=+15deg x1 a=3 dtg=11.65 region=0_6
ep=736 s=306 6412ms [sel=0 cap=6281 rest=131] sg=2->2 mode=NONE win=8 obs=307 | cap=wip act=TURN request=+45deg execute=+15deg x1 a=3 dtg=11.65 region=0_6
ep=736 s=307 9198ms [sel=0 cap=9072 rest=126] sg=2->2 mode=NONE win=8 obs=308 | cap=wip act=TURN request=+45deg execute=+15deg x1 a=3 dtg=11.65 region=0_6
ep=736 s=308 10706ms [sel=3152 cap=7429 rest=125] sg=2->2 mode=NONE win=8 obs=309 | cap=wip act=TURN request=+45deg execute=+15deg x1 a=3 som=2/4 dtg=11.65 region=0_6
ep=736 s=309 10316ms [sel=0 cap=10191 rest=125] sg=2->2 mode=NONE win=8 obs=310 | cap=wip act=TURN request=+45deg execute=+15deg x1 a=3 dtg=11.65 region=0_6
ep=736 s=310 8680ms [sel=0 cap=8551 rest=129] sg=2->2 mode=NONE win=8 obs=311 | cap=wip act=TURN request=+45deg execute=+15deg x1 a=3 dtg=11.65 region=0_6
ep=736 s=311 11258ms [sel=104 cap=10664 rest=453] sg=2->2 mode=NONE win=8 obs=312 | cap=wip act=TURN request=+45deg execute=+15deg x1 a=3 | preview=view-/6 yaw=+0 render=36ms dtg=11.65 region=0_6
ep=736 s=312 7344ms [sel=0 cap=7209 rest=134] sg=2->2 mode=GET_NOWHERE win=8 obs=313 | cap=wip/GET_NOWHERE act=TURN request=+45deg execute=+15deg x1 a=3 dtg=11.65 region=0_6
ep=736 s=313 12894ms [sel=0 cap=12753 rest=141] sg=2->2 mode=NONE win=8 obs=314 | cap=wip act=TURN request=+45deg execute=+15deg x1 a=3 dtg=11.65 region=0_6
ep=736 s=314 7354ms [sel=102 cap=7124 rest=128] sg=2->2 mode=NONE win=8 obs=315 | cap=wip act=TURN request=+45deg execute=+15deg x1 a=3 dtg=11.65 region=0_6
ep=736 s=315 12720ms [sel=0 cap=12583 rest=136] sg=2->2 mode=NONE win=8 obs=316 | cap=wip act=TURN request=+45deg execute=+15deg x1 a=3 dtg=11.65 region=0_6
ep=736 s=316 9166ms [sel=0 cap=9030 rest=135] sg=2->2 mode=NONE win=8 obs=317 | cap=wip act=TURN request=+45deg execute=+15deg x1 a=3 dtg=11.65 region=0_6
ep=736 s=317 11430ms [sel=3501 cap=7799 rest=130] sg=2->2 mode=NONE win=8 obs=318 | cap=wip act=TURN request=+45deg execute=+15deg x1 a=3 som=2/4 dtg=11.65 region=0_6
ep=736 s=318 5516ms [sel=0 cap=5386 rest=130] sg=2->2 mode=NONE win=8 obs=319 | cap=wip act=TURN request=+45deg execute=+15deg x1 a=3 dtg=11.65 region=0_6
ep=736 s=319 11472ms [sel=0 cap=11324 rest=149] sg=2->2 mode=NONE win=8 obs=320 | cap=wip act=TURN request=+45deg execute=+15deg x1 a=3 dtg=11.65 region=0_6
ep=736 s=320 15898ms [sel=103 cap=15679 rest=116] sg=2->2 mode=NONE win=8 obs=321 | cap=wip act=TURN request=+45deg execute=+15deg x1 a=3 dtg=11.65 region=0_6
ep=736 s=321 7810ms [sel=0 cap=7698 rest=112] sg=2->2 mode=NONE win=8 obs=322 | cap=wip act=TURN request=+45deg execute=+15deg x1 a=3 dtg=11.65 region=0_6
ep=736 s=322 10542ms [sel=0 cap=10044 rest=462] sg=2->2 mode=NONE win=8 obs=323 | cap=wip act=TURN request=+45deg execute=+15deg x1 a=3 | preview=view-/6 yaw=+0 render=36ms dtg=11.65 region=0_6
ep=736 s=323 18786ms [sel=8902 cap=9762 rest=123] sg=2->2 mode=NONE win=8 obs=324 | cap=wip act=TURN request=+45deg execute=+15deg x1 a=3 som=4/6 dtg=11.65 region=0_6
ep=736 s=324 9338ms [sel=0 cap=9210 rest=128] sg=2->2 mode=NONE win=8 obs=325 | cap=wip act=TURN request=+45deg execute=+15deg x1 a=3 dtg=11.65 region=0_6
ep=736 s=325 9202ms [sel=0 cap=9077 rest=125] sg=2->2 mode=NONE win=8 obs=326 | cap=wip act=TURN request=+45deg execute=+15deg x1 a=3 dtg=11.65 region=0_6
ep=736 s=326 12118ms [sel=114 cap=11880 rest=124] sg=2->2 mode=NONE win=8 obs=327 | cap=wip act=TURN request=+45deg execute=+15deg x1 a=3 dtg=11.65 region=0_6
ep=736 s=327 8134ms [sel=0 cap=8009 rest=125] sg=2->2 mode=NONE win=8 obs=328 | cap=wip act=TURN request=+45deg execute=+15deg x1 a=3 dtg=11.65 region=0_6
ep=736 s=328 13415ms [sel=0 cap=12911 rest=467] sg=2->2 mode=NONE win=8 obs=329 | cap=wip act=TURN request=+45deg execute=+15deg x1 a=3 | preview=view-/6 yaw=+0 render=36ms dtg=11.65 region=0_6
ep=736 s=329 16610ms [sel=108 cap=16372 rest=129] sg=2->2 mode=NONE win=8 obs=330 | cap=wip act=TURN request=+45deg execute=+15deg x1 a=3 dtg=11.65 region=0_6
ep=736 s=330 8266ms [sel=0 cap=8135 rest=131] sg=2->2 mode=NONE win=8 obs=331 | cap=wip act=TURN request=+45deg execute=+15deg x1 a=3 dtg=11.65 region=0_6
ep=736 s=331 9200ms [sel=0 cap=9068 rest=132] sg=2->2 mode=NONE win=8 obs=332 | cap=wip act=TURN request=+45deg execute=+15deg x1 a=3 dtg=11.65 region=0_6
ep=736 s=332 11349ms [sel=4618 cap=6604 rest=127] sg=2->2 mode=NONE win=8 obs=333 | cap=wip act=TURN request=+45deg execute=+15deg x1 a=3 som=2/4 dtg=11.65 region=0_6
ep=736 s=333 8607ms [sel=0 cap=8479 rest=128] sg=2->2 mode=NONE win=8 obs=334 | cap=wip act=TURN request=+45deg execute=+15deg x1 a=3 dtg=11.65 region=0_6
ep=736 s=334 14055ms [sel=0 cap=13920 rest=134] sg=2->2 mode=NONE win=8 obs=335 | cap=wip act=TURN request=+45deg execute=+15deg x1 a=3 dtg=11.65 region=0_6
ep=736 s=335 16688ms [sel=7106 cap=9444 rest=139] sg=2->2 mode=NONE win=8 obs=336 | cap=wip act=TURN request=+45deg execute=+15deg x1 a=3 som=1/4 dtg=11.65 region=0_6
ep=736 s=336 10825ms [sel=0 cap=10339 rest=451] sg=2->2 mode=NONE win=8 obs=337 | cap=wip act=TURN request=+45deg execute=+15deg x1 a=3 | preview=view-/6 yaw=+0 render=36ms dtg=11.65 region=0_6
ep=736 s=337 9138ms [sel=0 cap=8996 rest=142] sg=2->2 mode=NONE win=8 obs=338 | cap=wip act=TURN request=+45deg execute=+15deg x1 a=3 dtg=11.65 region=0_6
ep=736 s=338 13068ms [sel=103 cap=12836 rest=130] sg=2->2 mode=NONE win=8 obs=339 | cap=wip act=TURN request=+45deg execute=+15deg x1 a=3 dtg=11.65 region=0_6
ep=736 s=339 9292ms [sel=0 cap=9153 rest=139] sg=2->2 mode=NONE win=8 obs=340 | cap=wip act=TURN request=+45deg execute=+15deg x1 a=3 dtg=11.65 region=0_6
ep=736 s=340 7267ms [sel=0 cap=7131 rest=135] sg=2->2 mode=NONE win=8 obs=341 | cap=wip act=TURN request=+45deg execute=+15deg x1 a=3 dtg=11.65 region=0_6
ep=736 s=341 17244ms [sel=8835 cap=8282 rest=127] sg=2->2 mode=NONE win=8 obs=342 | cap=wip act=TURN request=+45deg execute=+15deg x1 a=3 som=2/4 dtg=11.65 region=0_6
ep=736 s=342 8159ms [sel=0 cap=8034 rest=126] sg=2->2 mode=NONE win=8 obs=343 | cap=wip act=TURN request=+45deg execute=+15deg x1 a=3 dtg=11.65 region=0_6
ep=736 s=343 9120ms [sel=0 cap=8996 rest=124] sg=2->2 mode=NONE win=8 obs=344 | cap=wip act=TURN request=+45deg execute=+15deg x1 a=3 dtg=11.65 region=0_6
ep=736 s=344 17160ms [sel=9710 cap=7333 rest=117] sg=2->2 mode=NONE win=8 obs=345 | cap=wip act=TURN request=+45deg execute=+15deg x1 a=3 som=4/6 dtg=11.65 region=0_6
ep=736 s=345 8511ms [sel=0 cap=8400 rest=112] sg=2->2 mode=NONE win=8 obs=346 | cap=wip act=TURN request=+45deg execute=+15deg x1 a=3 dtg=11.65 region=0_6
ep=736 s=346 10042ms [sel=0 cap=9544 rest=461] sg=2->2 mode=NONE win=8 obs=347 | cap=wip act=TURN request=+45deg execute=+15deg x1 a=3 | preview=view-/6 yaw=+0 render=36ms dtg=11.65 region=0_6
ep=736 s=347 11690ms [sel=4629 cap=6939 rest=122] sg=2->2 mode=NONE win=8 obs=348 | cap=wip act=TURN request=+45deg execute=+15deg x1 a=3 som=4/6 dtg=11.65 region=0_6
ep=736 s=348 9324ms [sel=0 cap=9194 rest=130] sg=2->2 mode=NONE win=8 obs=349 | cap=wip act=TURN request=+45deg execute=+15deg x1 a=3 dtg=11.65 region=0_6
ep=736 s=349 11607ms [sel=0 cap=11484 rest=124] sg=2->2 mode=NONE win=8 obs=350 | cap=wip act=TURN request=+45deg execute=+15deg x1 a=3 dtg=11.65 region=0_6
ep=736 s=350 10846ms [sel=103 cap=10621 rest=123] sg=2->2 mode=NONE win=8 obs=351 | cap=wip act=TURN request=+45deg execute=+15deg x1 a=3 dtg=11.65 region=0_6
ep=736 s=351 13520ms [sel=0 cap=13396 rest=124] sg=2->2 mode=NONE win=8 obs=352 | cap=wip act=TURN request=+45deg execute=+15deg x1 a=3 dtg=11.65 region=0_6
ep=736 s=352 8147ms [sel=0 cap=8017 rest=130] sg=2->2 mode=NONE win=8 obs=353 | cap=wip act=TURN request=+45deg execute=+15deg x1 a=3 dtg=11.65 region=0_6
ep=736 s=353 11435ms [sel=103 cap=11203 rest=130] sg=2->2 mode=NONE win=8 obs=354 | cap=wip act=TURN request=+45deg execute=+15deg x1 a=3 dtg=11.65 region=0_6
ep=736 s=354 10345ms [sel=0 cap=10216 rest=129] sg=2->2 mode=NONE win=8 obs=355 | cap=wip act=TURN request=+45deg execute=+15deg x1 a=3 dtg=11.65 region=0_6
ep=736 s=355 8296ms [sel=0 cap=8171 rest=125] sg=2->2 mode=NONE win=8 obs=356 | cap=wip act=TURN request=+45deg execute=+15deg x1 a=3 dtg=11.65 region=0_6
ep=736 s=356 11383ms [sel=103 cap=11153 rest=126] sg=2->2 mode=NONE win=8 obs=357 | cap=wip act=TURN request=+45deg execute=+15deg x1 a=3 dtg=11.65 region=0_6
ep=736 s=357 7970ms [sel=0 cap=7845 rest=125] sg=2->2 mode=NONE win=8 obs=358 | cap=wip act=TURN request=+45deg execute=+15deg x1 a=3 dtg=11.65 region=0_6
ep=736 s=358 7776ms [sel=0 cap=7646 rest=130] sg=2->2 mode=NONE win=8 obs=359 | cap=wip act=TURN request=+45deg execute=+15deg x1 a=3 dtg=11.65 region=0_6
ep=736 s=359 14265ms [sel=4675 cap=9459 rest=131] sg=2->2 mode=NONE win=8 obs=360 | cap=wip act=TURN request=+45deg execute=+15deg x1 a=3 som=1/4 dtg=11.65 region=0_6
ep=736 s=360 13135ms [sel=0 cap=12999 rest=136] sg=2->2 mode=NONE win=8 obs=361 | cap=wip act=TURN request=+45deg execute=+15deg x1 a=3 dtg=11.65 region=0_6
ep=736 s=361 11160ms [sel=0 cap=11018 rest=142] sg=2->2 mode=NONE win=8 obs=362 | cap=wip act=TURN request=+45deg execute=+15deg x1 a=3 dtg=11.65 region=0_6
ep=736 s=362 15187ms [sel=105 cap=14953 rest=129] sg=2->2 mode=NONE win=8 obs=363 | cap=wip act=TURN request=+45deg execute=+15deg x1 a=3 dtg=11.65 region=0_6
ep=736 s=363 14365ms [sel=0 cap=14226 rest=140] sg=2->2 mode=GET_NOWHERE win=8 obs=364 | cap=wip/GET_NOWHERE act=TURN request=+45deg execute=+15deg x1 a=3 dtg=11.65 region=0_6
ep=736 s=364 10460ms [sel=0 cap=10326 rest=134] sg=2->2 mode=NONE win=8 obs=365 | cap=wip act=TURN request=+45deg execute=+15deg x1 a=3 dtg=11.65 region=0_6
ep=736 s=365 11566ms [sel=101 cap=11340 rest=125] sg=2->2 mode=NONE win=8 obs=366 | cap=wip act=TURN request=+45deg execute=+15deg x1 a=3 dtg=11.65 region=0_6
ep=736 s=366 8754ms [sel=0 cap=8626 rest=128] sg=2->2 mode=NONE win=8 obs=367 | cap=wip act=TURN request=+45deg execute=+15deg x1 a=3 dtg=11.65 region=0_6
ep=736 s=367 10270ms [sel=0 cap=10142 rest=128] sg=2->2 mode=NONE win=8 obs=368 | cap=wip act=TURN request=+45deg execute=+15deg x1 a=3 dtg=11.65 region=0_6
ep=736 s=368 10273ms [sel=3857 cap=6293 rest=123] sg=2->2 mode=NONE win=8 obs=369 | cap=wip act=TURN request=+45deg execute=+15deg x1 a=3 som=4/6 dtg=11.65 region=0_6
ep=736 s=369 9296ms [sel=0 cap=9184 rest=112] sg=2->2 mode=NONE win=8 obs=370 | cap=wip act=TURN request=+45deg execute=+15deg x1 a=3 dtg=11.65 region=0_6
ep=736 s=370 9426ms [sel=0 cap=9311 rest=114] sg=2->2 mode=NONE win=8 obs=371 | cap=wip act=TURN request=+45deg execute=+15deg x1 a=3 dtg=11.65 region=0_6
ep=736 s=371 36060ms [sel=25682 cap=9865 rest=476] sg=2->2 mode=NONE win=8 obs=372 | cap=wip act=TURN request=+45deg execute=+15deg x1 a=3 | preview=view-/6 yaw=+0 render=37ms som=4/6 dtg=11.65 region=0_6
ep=736 s=372 13449ms [sel=0 cap=13324 rest=126] sg=2->2 mode=NONE win=8 obs=373 | cap=wip act=TURN request=+45deg execute=+15deg x1 a=3 dtg=11.65 region=0_6
ep=736 s=373 14443ms [sel=0 cap=14320 rest=122] sg=2->2 mode=NONE win=8 obs=374 | cap=wip act=TURN request=+45deg execute=+15deg x1 a=3 dtg=11.65 region=0_6
ep=736 s=374 28067ms [sel=18503 cap=9444 rest=120] sg=2->2 mode=NONE win=8 obs=375 | cap=wip act=TURN request=+45deg execute=+15deg x1 a=3 som=5/7 dtg=11.65 region=0_6
ep=736 s=375 8793ms [sel=0 cap=8670 rest=124] sg=2->2 mode=NONE win=8 obs=376 | cap=wip act=TURN request=+45deg execute=+15deg x1 a=3 dtg=11.65 region=0_6
ep=736 s=376 15007ms [sel=0 cap=14500 rest=472] sg=2->2 mode=NONE win=8 obs=377 | cap=wip act=TURN request=+45deg execute=+15deg x1 a=3 | preview=view-/6 yaw=+0 render=36ms dtg=11.65 region=0_6
ep=736 s=377 11352ms [sel=103 cap=11121 rest=128] sg=2->2 mode=NONE win=8 obs=378 | cap=wip act=TURN request=+45deg execute=+15deg x1 a=3 dtg=11.65 region=0_6
ep=736 s=378 9141ms [sel=0 cap=9002 rest=138] sg=2->2 mode=NONE win=8 obs=379 | cap=wip act=TURN request=+45deg execute=+15deg x1 a=3 dtg=11.65 region=0_6
ep=736 s=379 7355ms [sel=0 cap=7230 rest=125] sg=2->2 mode=NONE win=8 obs=380 | cap=wip act=TURN request=+45deg execute=+15deg x1 a=3 dtg=11.65 region=0_6
ep=736 s=380 13900ms [sel=7532 cap=6242 rest=126] sg=2->2 mode=NONE win=8 obs=381 | cap=wip act=TURN request=+45deg execute=+15deg x1 a=3 som=2/4 dtg=11.65 region=0_6
ep=736 s=381 7349ms [sel=0 cap=7224 rest=124] sg=2->2 mode=NONE win=8 obs=382 | cap=wip act=TURN request=+45deg execute=+15deg x1 a=3 dtg=11.65 region=0_6
ep=736 s=382 9009ms [sel=0 cap=8879 rest=130] sg=2->2 mode=NONE win=8 obs=383 | cap=wip act=TURN request=+45deg execute=+15deg x1 a=3 dtg=11.65 region=0_6
ep=736 s=383 9959ms [sel=12 cap=9438 rest=474] sg=2->2 mode=NONE win=8 obs=384 | cap=wip act=PREVIEW a=2 | preview=view0/6 yaw=-105 render=36ms dtg=11.65 region=0_6
ep=736 s=384 11113ms [sel=103 cap=10880 rest=130] sg=2->2 mode=NONE win=8 obs=385 | cap=wip act=TURN request=+45deg execute=+15deg x1 a=3 dtg=11.65 region=0_6
ep=736 s=385 8082ms [sel=0 cap=7950 rest=132] sg=2->2 mode=NONE win=8 obs=386 | cap=wip act=TURN request=+45deg execute=+15deg x1 a=3 dtg=11.65 region=0_6
ep=736 s=386 7110ms [sel=0 cap=6976 rest=134] sg=2->2 mode=NONE win=8 obs=387 | cap=wip act=TURN request=+45deg execute=+15deg x1 a=3 dtg=11.65 region=0_6
ep=736 s=387 8915ms [sel=100 cap=8670 rest=144] sg=2->2 mode=NONE win=8 obs=388 | cap=wip act=TURN request=+45deg execute=+15deg x1 a=3 dtg=11.65 region=0_6
ep=736 s=388 11115ms [sel=0 cap=10984 rest=131] sg=2->2 mode=WALL_STUCK win=8 obs=389 | cap=wip/WALL_STUCK act=TURN request=+45deg execute=+15deg x1 a=3 dtg=11.65 region=0_6
ep=736 s=389 22352ms [sel=0 cap=22203 rest=149] sg=2->2 mode=NONE win=8 obs=390 | cap=wip act=TURN request=+45deg execute=+15deg x1 a=3 dtg=11.65 region=0_6
ep=736 s=390 11365ms [sel=104 cap=11127 rest=134] sg=2->2 mode=NONE win=8 obs=391 | cap=wip act=TURN request=+45deg execute=+15deg x1 a=3 dtg=11.65 region=0_6
ep=736 s=391 18511ms [sel=0 cap=18378 rest=133] sg=2->2 mode=NONE win=8 obs=392 | cap=wip act=TURN request=+45deg execute=+15deg x1 a=3 dtg=11.65 region=0_6
ep=736 s=392 6558ms [sel=0 cap=6417 rest=140] sg=2->2 mode=NONE win=8 obs=393 | cap=wip act=TURN request=+45deg execute=+15deg x1 a=3 dtg=11.65 region=0_6
ep=736 s=393 20959ms [sel=11453 cap=9380 rest=126] sg=2->2 mode=NONE win=8 obs=394 | cap=wip act=TURN request=+45deg execute=+15deg x1 a=3 som=3/6 dtg=11.65 region=0_6
ep=736 s=394 6013ms [sel=0 cap=5896 rest=117] sg=2->2 mode=NONE win=8 obs=395 | cap=wip act=TURN request=+45deg execute=+15deg x1 a=3 dtg=11.65 region=0_6
ep=736 s=395 6797ms [sel=0 cap=6683 rest=114] sg=2->2 mode=NONE win=8 obs=396 | cap=wip act=TURN request=+45deg execute=+15deg x1 a=3 dtg=11.65 region=0_6
ep=736 s=396 12606ms [sel=3013 cap=9478 rest=115] sg=2->2 mode=NONE win=8 obs=397 | cap=wip act=TURN request=+45deg execute=+15deg x1 a=3 som=5/7 dtg=11.65 region=0_6
ep=736 s=397 8675ms [sel=0 cap=8549 rest=126] sg=2->2 mode=NONE win=8 obs=398 | cap=wip act=TURN request=+45deg execute=+15deg x1 a=3 dtg=11.65 region=0_6
ep=736 s=398 13822ms [sel=0 cap=13676 rest=145] sg=2->2 mode=NONE win=8 obs=399 | cap=wip act=TURN request=+45deg execute=+15deg x1 a=3 dtg=11.65 region=0_6
ep=736 s=399 19256ms [sel=108 cap=19023 rest=124] sg=2->2 mode=NONE win=8 obs=400 | cap=wip act=TURN request=+45deg execute=+15deg x1 a=3 dtg=11.65 region=0_6
ep=736 s=400 10695ms [sel=0 cap=10569 rest=126] sg=2->2 mode=NONE win=8 obs=401 | cap=wip act=TURN request=+45deg execute=+15deg x1 a=3 dtg=11.65 region=0_6
ep=736 s=401 9278ms [sel=0 cap=9153 rest=125] sg=2->2 mode=NONE win=8 obs=402 | cap=wip act=TURN request=+45deg execute=+15deg x1 a=3 dtg=11.65 region=0_6
ep=736 s=402 40325ms [sel=30830 cap=9364 rest=131] sg=2->2 mode=NONE win=8 obs=403 | cap=wip act=TURN request=+45deg execute=+15deg x1 a=3 som=3/6 dtg=11.65 region=0_6
ep=736 s=403 10848ms [sel=0 cap=10714 rest=134] sg=2->2 mode=NONE win=8 obs=404 | cap=wip act=TURN request=+45deg execute=+15deg x1 a=3 dtg=11.65 region=0_6
ep=736 s=404 6455ms [sel=0 cap=6324 rest=130] sg=2->2 mode=NONE win=8 obs=405 | cap=wip act=TURN request=+45deg execute=+15deg x1 a=3 dtg=11.65 region=0_6
ep=736 s=405 13599ms [sel=5796 cap=7676 rest=127] sg=2->2 mode=NONE win=8 obs=406 | cap=wip act=TURN request=+45deg execute=+15deg x1 a=3 som=4/6 dtg=11.65 region=0_6
ep=736 s=406 6157ms [sel=0 cap=6031 rest=127] sg=2->2 mode=NONE win=8 obs=407 | cap=wip act=TURN request=+45deg execute=+15deg x1 a=3 dtg=11.65 region=0_6
ep=736 s=407 7933ms [sel=0 cap=7808 rest=125] sg=2->2 mode=NONE win=8 obs=408 | cap=wip act=TURN request=+45deg execute=+15deg x1 a=3 dtg=11.65 region=0_6
ep=736 s=408 12369ms [sel=12 cap=11873 rest=449] sg=2->2 mode=NONE win=8 obs=409 | cap=wip act=PREVIEW a=2 | preview=view1/6 yaw=-60 render=35ms dtg=11.65 region=0_6
ep=736 s=409 7523ms [sel=2234 cap=5163 rest=126] sg=2->2 mode=NONE win=8 obs=410 | cap=wip act=TURN request=+45deg execute=+15deg x1 a=3 som=1/3 dtg=11.65 region=0_6
ep=736 s=410 8483ms [sel=0 cap=8352 rest=131] sg=2->2 mode=NONE win=8 obs=411 | cap=wip act=TURN request=+45deg execute=+15deg x1 a=3 dtg=11.65 region=0_6
ep=736 s=411 11125ms [sel=0 cap=10922 rest=203] sg=2->2 mode=NONE win=8 obs=412 | cap=wip act=TURN request=+45deg execute=+15deg x1 a=3 dtg=11.65 region=0_6
ep=736 s=412 15810ms [sel=98 cap=15577 rest=134] sg=2->2 mode=NONE win=8 obs=413 | cap=wip act=TURN request=+45deg execute=+15deg x1 a=3 dtg=11.65 region=0_6
ep=736 s=413 10874ms [sel=0 cap=10733 rest=140] sg=2->2 mode=NONE win=8 obs=414 | cap=wip act=TURN request=+45deg execute=+15deg x1 a=3 dtg=11.65 region=0_6
ep=736 s=414 15445ms [sel=0 cap=15315 rest=129] sg=2->2 mode=NONE win=8 obs=415 | cap=wip act=TURN request=+45deg execute=+15deg x1 a=3 dtg=11.65 region=0_6
ep=736 s=415 16899ms [sel=98 cap=16662 rest=139] sg=2->2 mode=NONE win=8 obs=416 | cap=wip act=TURN request=+45deg execute=+15deg x1 a=3 dtg=11.65 region=0_6
ep=736 s=416 7072ms [sel=0 cap=6937 rest=135] sg=2->2 mode=NONE win=8 obs=417 | cap=wip act=TURN request=+45deg execute=+15deg x1 a=3 dtg=11.65 region=0_6
ep=736 s=417 8411ms [sel=0 cap=8281 rest=130] sg=2->2 mode=NONE win=8 obs=418 | cap=wip act=TURN request=+45deg execute=+15deg x1 a=3 dtg=11.65 region=0_6
ep=736 s=418 13038ms [sel=6599 cap=6304 rest=136] sg=2->2 mode=NONE win=8 obs=419 | cap=wip act=TURN request=+45deg execute=+15deg x1 a=3 som=3/6 dtg=11.65 region=0_6
ep=736 s=419 5976ms [sel=0 cap=5849 rest=127] sg=2->2 mode=NONE win=8 obs=420 | cap=wip act=TURN request=+45deg execute=+15deg x1 a=3 dtg=11.65 region=0_6
ep=736 s=420 11919ms [sel=0 cap=11416 rest=467] sg=2->2 mode=NONE win=8 obs=421 | cap=wip act=TURN request=+45deg execute=+15deg x1 a=3 | preview=view-/6 yaw=+0 render=36ms dtg=11.65 region=0_6
ep=736 s=421 13499ms [sel=4316 cap=9070 rest=113] sg=2->2 mode=NONE win=8 obs=422 | cap=wip act=TURN request=+45deg execute=+15deg x1 a=3 som=4/6 dtg=11.65 region=0_6
ep=736 s=422 11929ms [sel=0 cap=11813 rest=116] sg=2->2 mode=NONE win=8 obs=423 | cap=wip act=TURN request=+45deg execute=+15deg x1 a=3 dtg=11.65 region=0_6
ep=736 s=423 9993ms [sel=0 cap=9869 rest=123] sg=2->2 mode=NONE win=8 obs=424 | cap=wip act=TURN request=+45deg execute=+15deg x1 a=3 dtg=11.65 region=0_6
ep=736 s=424 13082ms [sel=105 cap=12849 rest=128] sg=2->2 mode=NONE win=8 obs=425 | cap=wip act=TURN request=+45deg execute=+15deg x1 a=3 dtg=11.65 region=0_6
ep=736 s=425 10407ms [sel=0 cap=10280 rest=127] sg=2->2 mode=NONE win=8 obs=426 | cap=wip act=TURN request=+45deg execute=+15deg x1 a=3 dtg=11.65 region=0_6
ep=736 s=426 11714ms [sel=0 cap=11589 rest=125] sg=2->2 mode=NONE win=8 obs=427 | cap=wip act=TURN request=+45deg execute=+15deg x1 a=3 dtg=11.65 region=0_6
ep=736 s=427 12077ms [sel=102 cap=11849 rest=126] sg=2->2 mode=NONE win=8 obs=428 | cap=wip act=TURN request=+45deg execute=+15deg x1 a=3 dtg=11.65 region=0_6
ep=736 s=428 12925ms [sel=0 cap=12417 rest=472] sg=2->2 mode=NONE win=8 obs=429 | cap=wip act=TURN request=+45deg execute=+15deg x1 a=3 | preview=view-/6 yaw=+0 render=37ms dtg=11.65 region=0_6
ep=736 s=429 8447ms [sel=0 cap=8314 rest=133] sg=2->2 mode=NONE win=8 obs=430 | cap=wip act=TURN request=+45deg execute=+15deg x1 a=3 dtg=11.65 region=0_6
ep=736 s=430 13181ms [sel=104 cap=12946 rest=131] sg=2->2 mode=NONE win=8 obs=431 | cap=wip act=TURN request=+45deg execute=+15deg x1 a=3 dtg=11.65 region=0_6
ep=736 s=431 11256ms [sel=0 cap=11129 rest=127] sg=2->2 mode=NONE win=8 obs=432 | cap=wip act=TURN request=+45deg execute=+15deg x1 a=3 dtg=11.65 region=0_6
ep=736 s=432 8534ms [sel=0 cap=8407 rest=127] sg=2->2 mode=NONE win=8 obs=433 | cap=wip act=TURN request=+45deg execute=+15deg x1 a=3 dtg=11.65 region=0_6
ep=736 s=433 13528ms [sel=3461 cap=9942 rest=125] sg=2->2 mode=NONE win=8 obs=434 | cap=wip act=TURN request=+45deg execute=+15deg x1 a=3 som=1/3 dtg=11.65 region=0_6
ep=736 s=434 13297ms [sel=0 cap=13165 rest=132] sg=2->2 mode=NONE win=8 obs=435 | cap=wip act=TURN request=+45deg execute=+15deg x1 a=3 dtg=11.65 region=0_6
ep=736 s=435 10706ms [sel=0 cap=10569 rest=137] sg=2->2 mode=NONE win=8 obs=436 | cap=wip act=TURN request=+45deg execute=+15deg x1 a=3 dtg=11.65 region=0_6
ep=736 s=436 8757ms [sel=99 cap=8524 rest=135] sg=2->2 mode=NONE win=8 obs=437 | cap=wip act=TURN request=+45deg execute=+15deg x1 a=3 dtg=11.65 region=0_6
ep=736 s=437 11484ms [sel=0 cap=11342 rest=142] sg=2->2 mode=NONE win=8 obs=438 | cap=wip act=TURN request=+45deg execute=+15deg x1 a=3 dtg=11.65 region=0_6
ep=736 s=438 9925ms [sel=0 cap=9792 rest=133] sg=2->2 mode=NONE win=8 obs=439 | cap=wip act=TURN request=+45deg execute=+15deg x1 a=3 dtg=11.65 region=0_6
ep=736 s=439 8487ms [sel=98 cap=8247 rest=143] sg=2->2 mode=NONE win=8 obs=440 | cap=wip act=TURN request=+45deg execute=+15deg x1 a=3 dtg=11.65 region=0_6
ep=736 s=440 9281ms [sel=0 cap=9145 rest=136] sg=2->2 mode=NONE win=8 obs=441 | cap=wip act=TURN request=+45deg execute=+15deg x1 a=3 dtg=11.65 region=0_6
ep=736 s=441 6727ms [sel=0 cap=6597 rest=131] sg=2->2 mode=NONE win=8 obs=442 | cap=wip act=TURN request=+45deg execute=+15deg x1 a=3 dtg=11.65 region=0_6
ep=736 s=442 15985ms [sel=9707 cap=6150 rest=129] sg=2->2 mode=NONE win=8 obs=443 | cap=wip act=TURN request=+45deg execute=+15deg x1 a=3 som=3/6 dtg=11.65 region=0_6
ep=736 s=443 12848ms [sel=0 cap=12720 rest=127] sg=2->2 mode=NONE win=8 obs=444 | cap=wip act=TURN request=+45deg execute=+15deg x1 a=3 dtg=11.65 region=0_6
ep=736 s=444 11891ms [sel=0 cap=11772 rest=119] sg=2->2 mode=NONE win=8 obs=445 | cap=wip act=TURN request=+45deg execute=+15deg x1 a=3 dtg=11.65 region=0_6
ep=736 s=445 35003ms [sel=27184 cap=7704 rest=114] sg=2->2 mode=NONE win=8 obs=446 | cap=wip act=TURN request=+45deg execute=+15deg x1 a=3 som=4/6 dtg=11.65 region=0_6
ep=736 s=446 7824ms [sel=0 cap=7708 rest=117] sg=2->2 mode=NONE win=8 obs=447 | cap=wip act=TURN request=+45deg execute=+15deg x1 a=3 dtg=11.65 region=0_6
ep=736 s=447 16057ms [sel=0 cap=15933 rest=124] sg=2->2 mode=NONE win=8 obs=448 | cap=wip act=TURN request=+45deg execute=+15deg x1 a=3 dtg=11.65 region=0_6
ep=736 s=448 28336ms [sel=19225 cap=8979 rest=133] sg=2->2 mode=NONE win=8 obs=449 | cap=wip act=TURN request=+45deg execute=+15deg x1 a=3 som=4/6 dtg=11.65 region=0_6
ep=736 s=449 5864ms [sel=0 cap=5740 rest=125] sg=2->2 mode=NONE win=8 obs=450 | cap=wip act=TURN request=+45deg execute=+15deg x1 a=3 dtg=11.65 region=0_6
ep=736 s=450 10119ms [sel=0 cap=9994 rest=124] sg=2->2 mode=NONE win=8 obs=451 | cap=wip act=TURN request=+45deg execute=+15deg x1 a=3 dtg=11.65 region=0_6
ep=736 s=451 13955ms [sel=5438 cap=8391 rest=126] sg=2->2 mode=NONE win=8 obs=452 | cap=wip act=TURN request=+45deg execute=+15deg x1 a=3 som=3/5 dtg=11.65 region=0_6
ep=736 s=452 10246ms [sel=0 cap=10115 rest=132] sg=2->2 mode=NONE win=8 obs=453 | cap=wip act=TURN request=+45deg execute=+15deg x1 a=3 dtg=11.65 region=0_6
ep=736 s=453 8651ms [sel=0 cap=8516 rest=134] sg=2->2 mode=NONE win=8 obs=454 | cap=wip act=TURN request=+45deg execute=+15deg x1 a=3 dtg=11.65 region=0_6
ep=736 s=454 11604ms [sel=4854 cap=6619 rest=131] sg=2->2 mode=NONE win=8 obs=455 | cap=wip act=TURN request=+45deg execute=+15deg x1 a=3 som=4/6 dtg=11.65 region=0_6
ep=736 s=455 13168ms [sel=0 cap=13040 rest=127] sg=2->2 mode=NONE win=8 obs=456 | cap=wip act=TURN request=+45deg execute=+15deg x1 a=3 dtg=11.65 region=0_6
ep=736 s=456 6034ms [sel=0 cap=5901 rest=133] sg=2->2 mode=NONE win=8 obs=457 | cap=wip act=TURN request=+45deg execute=+15deg x1 a=3 dtg=11.65 region=0_6
ep=736 s=457 11796ms [sel=4997 cap=6670 rest=129] sg=2->2 mode=NONE win=8 obs=458 | cap=wip act=TURN request=+45deg execute=+15deg x1 a=3 som=1/3 dtg=11.65 region=0_6
ep=736 s=458 12097ms [sel=0 cap=11967 rest=130] sg=2->2 mode=NONE win=8 obs=459 | cap=wip act=TURN request=+45deg execute=+15deg x1 a=3 dtg=11.65 region=0_6
ep=736 s=459 7406ms [sel=0 cap=7274 rest=132] sg=2->2 mode=NONE win=8 obs=460 | cap=wip act=TURN request=+45deg execute=+15deg x1 a=3 dtg=11.65 region=0_6
ep=736 s=460 8872ms [sel=105 cap=8633 rest=134] sg=2->2 mode=NONE win=8 obs=461 | cap=wip act=TURN request=+45deg execute=+15deg x1 a=3 dtg=11.65 region=0_6
ep=736 s=461 13223ms [sel=0 cap=13082 rest=141] sg=2->2 mode=NONE win=8 obs=462 | cap=wip act=TURN request=+45deg execute=+15deg x1 a=3 dtg=11.65 region=0_6
ep=736 s=462 12907ms [sel=0 cap=12778 rest=129] sg=2->2 mode=NONE win=8 obs=463 | cap=wip act=TURN request=+45deg execute=+15deg x1 a=3 dtg=11.65 region=0_6
ep=736 s=463 11094ms [sel=105 cap=10848 rest=141] sg=2->2 mode=NONE win=8 obs=464 | cap=wip act=TURN request=+45deg execute=+15deg x1 a=3 dtg=11.65 region=0_6
ep=736 s=464 8864ms [sel=0 cap=8730 rest=134] sg=2->2 mode=NONE win=8 obs=465 | cap=wip act=TURN request=+45deg execute=+15deg x1 a=3 dtg=11.65 region=0_6
ep=736 s=465 7657ms [sel=0 cap=7528 rest=129] sg=2->2 mode=NONE win=8 obs=466 | cap=wip act=TURN request=+45deg execute=+15deg x1 a=3 dtg=11.65 region=0_6
ep=736 s=466 13518ms [sel=114 cap=13278 rest=127] sg=2->2 mode=NONE win=8 obs=467 | cap=wip act=TURN request=+45deg execute=+15deg x1 a=3 dtg=11.65 region=0_6
ep=736 s=467 10785ms [sel=0 cap=10660 rest=125] sg=2->2 mode=NONE win=8 obs=468 | cap=wip act=TURN request=+45deg execute=+15deg x1 a=3 dtg=11.65 region=0_6
ep=736 s=468 11133ms [sel=0 cap=10624 rest=472] sg=2->2 mode=NONE win=8 obs=469 | cap=wip act=TURN request=+45deg execute=+15deg x1 a=3 | preview=view-/6 yaw=+0 render=37ms dtg=11.65 region=0_6
ep=736 s=469 14668ms [sel=5278 cap=9277 rest=113] sg=2->2 mode=NONE win=8 obs=470 | cap=wip act=TURN request=+45deg execute=+15deg x1 a=3 som=4/6 dtg=11.65 region=0_6
ep=736 s=470 11927ms [sel=0 cap=11803 rest=125] sg=2->2 mode=NONE win=8 obs=471 | cap=wip act=TURN request=+45deg execute=+15deg x1 a=3 dtg=11.65 region=0_6
ep=736 s=471 9377ms [sel=0 cap=9255 rest=122] sg=2->2 mode=NONE win=8 obs=472 | cap=wip act=TURN request=+45deg execute=+15deg x1 a=3 dtg=11.65 region=0_6
ep=736 s=472 9406ms [sel=2873 cap=6403 rest=130] sg=2->2 mode=NONE win=8 obs=473 | cap=wip act=TURN request=+45deg execute=+15deg x1 a=3 som=4/6 dtg=11.65 region=0_6
ep=736 s=473 6521ms [sel=0 cap=6397 rest=124] sg=2->2 mode=NONE win=8 obs=474 | cap=wip act=TURN request=+45deg execute=+15deg x1 a=3 dtg=11.65 region=0_6
ep=736 s=474 9229ms [sel=0 cap=9108 rest=120] sg=2->2 mode=NONE win=8 obs=475 | cap=wip act=TURN request=+45deg execute=+15deg x1 a=3 dtg=11.65 region=0_6
ep=736 s=475 10338ms [sel=105 cap=10108 rest=124] sg=2->2 mode=NONE win=8 obs=476 | cap=wip act=TURN request=+45deg execute=+15deg x1 a=3 dtg=11.65 region=0_6
ep=736 s=476 11406ms [sel=0 cap=11277 rest=129] sg=2->2 mode=NONE win=8 obs=477 | cap=wip act=TURN request=+45deg execute=+15deg x1 a=3 dtg=11.65 region=0_6
ep=736 s=477 10123ms [sel=0 cap=9989 rest=134] sg=2->2 mode=NONE win=8 obs=478 | cap=wip act=TURN request=+45deg execute=+15deg x1 a=3 dtg=11.65 region=0_6
ep=736 s=478 20556ms [sel=11307 cap=9119 rest=130] sg=2->2 mode=NONE win=8 obs=479 | cap=wip act=TURN request=+45deg execute=+15deg x1 a=3 som=4/6 dtg=11.65 region=0_6
ep=736 s=479 18922ms [sel=0 cap=18796 rest=125] sg=2->2 mode=NONE win=8 obs=480 | cap=wip act=TURN request=+45deg execute=+15deg x1 a=3 dtg=11.65 region=0_6
ep=736 s=480 10828ms [sel=0 cap=10702 rest=125] sg=2->2 mode=NONE win=8 obs=481 | cap=wip act=TURN request=+45deg execute=+15deg x1 a=3 dtg=11.65 region=0_6
ep=736 s=481 18364ms [sel=12863 cap=5375 rest=127] sg=2->2 mode=NONE win=8 obs=482 | cap=wip act=TURN request=+45deg execute=+15deg x1 a=3 som=1/3 dtg=11.65 region=0_6
ep=736 s=482 6262ms [sel=0 cap=6131 rest=132] sg=2->2 mode=NONE win=8 obs=483 | cap=wip act=TURN request=+45deg execute=+15deg x1 a=3 dtg=11.65 region=0_6
ep=736 s=483 11920ms [sel=0 cap=11423 rest=461] sg=2->2 mode=NONE win=8 obs=484 | cap=wip act=TURN request=+45deg execute=+15deg x1 a=3 | preview=view-/6 yaw=+0 render=37ms dtg=11.65 region=0_6
ep=736 s=484 8639ms [sel=101 cap=8404 rest=134] sg=2->2 mode=NONE win=8 obs=485 | cap=wip act=TURN request=+45deg execute=+15deg x1 a=3 dtg=11.65 region=0_6
ep=736 s=485 11766ms [sel=0 cap=11624 rest=142] sg=2->2 mode=NONE win=8 obs=486 | cap=wip act=TURN request=+45deg execute=+15deg x1 a=3 dtg=11.65 region=0_6
ep=736 s=486 8764ms [sel=0 cap=8635 rest=129] sg=2->2 mode=NONE win=8 obs=487 | cap=wip act=TURN request=+45deg execute=+15deg x1 a=3 dtg=11.65 region=0_6
ep=736 s=487 12485ms [sel=101 cap=12243 rest=141] sg=2->2 mode=NONE win=8 obs=488 | cap=wip act=TURN request=+45deg execute=+15deg x1 a=3 dtg=11.65 region=0_6
ep=736 s=488 10892ms [sel=0 cap=10756 rest=136] sg=2->2 mode=NONE win=8 obs=489 | cap=wip act=TURN request=+45deg execute=+15deg x1 a=3 dtg=11.65 region=0_6
ep=736 s=489 8447ms [sel=0 cap=8318 rest=128] sg=2->2 mode=NONE win=8 obs=490 | cap=wip act=TURN request=+45deg execute=+15deg x1 a=3 dtg=11.65 region=0_6
ep=736 s=490 15304ms [sel=6062 cap=9114 rest=127] sg=2->2 mode=NONE win=8 obs=491 | cap=wip act=TURN request=+45deg execute=+15deg x1 a=3 som=3/6 dtg=11.65 region=0_6
ep=736 s=491 8734ms [sel=0 cap=8607 rest=127] sg=2->2 mode=NONE win=8 obs=492 | cap=wip act=TURN request=+45deg execute=+15deg x1 a=3 dtg=11.65 region=0_6
ep=736 s=492 7061ms [sel=0 cap=6943 rest=118] sg=2->2 mode=NONE win=8 obs=493 | cap=wip act=TURN request=+45deg execute=+15deg x1 a=3 dtg=11.65 region=0_6
ep=736 s=493 11936ms [sel=4355 cap=7461 rest=119] sg=2->2 mode=NONE win=8 obs=494 | cap=wip act=TURN request=+45deg execute=+15deg x1 a=3 som=4/6 dtg=11.65 region=0_6
ep=736 s=494 7836ms [sel=0 cap=7720 rest=116] sg=2->2 mode=NONE win=8 obs=495 | cap=wip act=TURN request=+45deg execute=+15deg x1 a=3 dtg=11.65 region=0_6
ep=736 s=495 7177ms [sel=0 cap=7053 rest=124] sg=2->2 mode=NONE win=8 obs=496 | cap=wip act=TURN request=+45deg execute=+15deg x1 a=3 dtg=11.65 region=0_6
ep=736 s=496 19216ms [sel=11108 cap=7979 rest=129] sg=2->2 mode=NONE win=8 obs=497 | cap=wip act=TURN request=+45deg execute=+15deg x1 a=3 som=4/6 dtg=11.65 region=0_6
ep=736 s=497 6633ms [sel=0 cap=6508 rest=125] sg=2->2 mode=NONE win=8 obs=498 | cap=wip act=TURN request=+45deg execute=+15deg x1 a=3 dtg=11.65 region=0_6
ep=736 s=498 9010ms [sel=0 cap=8887 rest=123] sg=2->2 mode=NONE win=8 obs=499 | cap=wip act=TURN request=+45deg execute=+15deg x1 a=3 dtg=11.65 region=0_6
ep=736 s=499 13307ms [sel=3854 cap=9328 rest=125] sg=2->2 mode=NONE win=8 obs=500 | cap=wip act=TURN request=+45deg execute=+15deg x1 a=3 som=3/5 dtg=11.65 region=0_6
rank=3 [6/12] id=736 steps=500 success=0.000 spl=0.000 dtg=11.65 osr=0 path_length=4.81 ndtw=0.323 sdtw=0.000
PluginManager::Manager: duplicate static plugin StbImageImporter, ignoring
PluginManager::Manager: duplicate static plugin GltfImporter, ignoring
PluginManager::Manager: duplicate static plugin BasisImporter, ignoring
PluginManager::Manager: duplicate static plugin AssimpImporter, ignoring
PluginManager::Manager: duplicate static plugin AnySceneImporter, ignoring
PluginManager::Manager: duplicate static plugin AnyImageImporter, ignoring
episode=936 instruction='Walk towards the mirror, and take a right. Walk straight through the open door in front of you. Make a hard left, then another. Wait by the long table. ' start_position=[18.76930046081543, 0.17162801325321198, -7.202770233154297] goal_position=[14.051600456237793, 0.17162801325321198, -1.9895999431610107] reference_geodesic=9.752046585083008
episode=936 prepared_subgoals=3
  [1] Walk towards the mirror
      proof: The mirror is directly ahead of the camera, within a step.
  [2] Take a right, then walk straight through the open door
      proof: The camera has passed the door and the room beyond is central in the view.
  [3] Make a hard left, then make another hard left, then wait by the long table
      proof: The camera is stopped beside the long table, which fills the view
ep=936 s=0 13597ms [sel=6 cap=13100 rest=456] sg=1->1 mode=NONE win=1 obs=1 | cap=wip act=PREVIEW a=2 | preview=view1/6 yaw=-45 render=35ms dtg=9.75 region=0_8
ep=936 s=1 10963ms [sel=2313 cap=8546 rest=103] sg=1->1 mode=NONE win=2 obs=2 | cap=wip act=TURN request=-45deg execute=-15deg x1 a=2 | sp=som:active d=3.0 age=0 som=5/6 dtg=9.75 region=0_8
ep=936 s=2 4964ms [sel=4 cap=4855 rest=105] sg=1->1 mode=NONE win=3 obs=3 | cap=wip act=(320,360) d=2.98 a=2 | sp=som:active d=3.0 age=1 dtg=9.75 region=0_8
ep=936 s=3 6029ms [sel=3 cap=5919 rest=107] sg=1->1 mode=NONE win=4 obs=4 | cap=wip act=(320,360) d=2.98 a=2 | sp=som:active d=3.0 age=2 dtg=9.75 region=0_8
ep=936 s=4 6293ms [sel=4 cap=6184 rest=105] sg=1->1 mode=NONE win=5 obs=5 | cap=wip act=(320,360) d=2.98 a=1 | sp=som:active d=3.0 age=3 dtg=9.52 region=0_8
ep=936 s=5 3675ms [sel=5 cap=3564 rest=106] sg=1->1 mode=NONE win=6 obs=6 | cap=wip act=(320,360) d=2.83 a=2 | sp=som:active d=2.8 age=4 dtg=9.52 region=0_8
ep=936 s=6 7030ms [sel=4 cap=6914 rest=112] sg=1->1 mode=NONE win=7 obs=7 | cap=wip act=(320,360) d=2.83 a=1 | sp=som:active d=2.8 age=5 dtg=9.27 region=0_8
ep=936 s=7 6182ms [sel=8 cap=6067 rest=107] sg=1->1 mode=NONE win=8 obs=8 | cap=wip act=(320,360) d=2.76 a=2 | sp=som:active d=2.8 age=6 dtg=9.27 region=0_8
ep=936 s=8 6814ms [sel=13 cap=6681 rest=120] sg=1->1 mode=NONE win=8 obs=9 | cap=wip act=(320,360) d=2.76 a=1 | sp=som:active d=2.8 age=7 dtg=9.02 region=0_8
ep=936 s=9 6142ms [sel=15 cap=6013 rest=114] sg=1->1 mode=NONE win=8 obs=10 | cap=wip act=(320,360) d=2.77 a=1 | sp=som:active d=2.8 age=8 dtg=8.78 region=0_8
ep=936 s=10 8349ms [sel=16 cap=8222 rest=112] sg=1->1 mode=NONE win=8 obs=11 | cap=wip act=(320,360) d=2.81 a=1 | sp=som:active d=2.8 age=9 dtg=8.54 region=0_8
ep=936 s=11 10988ms [sel=17 cap=10860 rest=111] sg=1->1 mode=NONE win=8 obs=12 | cap=wip act=(320,360) d=2.86 a=3 | sp=som:active d=2.9 age=10 dtg=8.54 region=0_8
ep=936 s=12 4721ms [sel=14 cap=4599 rest=109] sg=1->1 mode=NONE win=8 obs=13 | cap=wip act=(320,360) d=2.86 a=1 | sp=som:active d=2.9 age=11 dtg=8.30 region=0_8
ep=936 s=13 6435ms [sel=16 cap=6311 rest=108] sg=1->1 mode=NONE win=8 obs=14 | cap=wip act=(320,360) d=2.87 a=3 | sp=som:active d=2.9 age=12 dtg=8.30 region=0_8
ep=936 s=14 10233ms [sel=9 cap=10121 rest=103] sg=1->1 mode=NONE win=8 obs=15 | cap=wip act=(320,360) d=2.87 a=1 | sp=som:active d=2.9 age=13 dtg=8.10 region=0_8
ep=936 s=15 7734ms [sel=14 cap=7614 rest=107] sg=1->1 mode=NONE win=8 obs=16 | cap=wip act=(320,360) d=2.84 a=3 | sp=som:active d=2.8 age=14 dtg=8.10 region=0_8
ep=936 s=16 12157ms [sel=7 cap=11644 rest=471] sg=1->1 mode=NONE win=8 obs=17 | cap=wip act=(320,360) d=2.84 a=1 | preview=view-/6 yaw=+0 render=35ms | sp=som:active d=2.8 age=15 dtg=7.87 region=0_8
ep=936 s=17 7678ms [sel=8 cap=7568 rest=102] sg=1->1 mode=NONE win=8 obs=18 | cap=wip act=(320,360) d=2.77 a=1 | sp=som:active d=2.8 age=16 dtg=7.65 region=0_8
ep=936 s=18 12551ms [sel=12 cap=12439 rest=100] sg=1->1 mode=NONE win=8 obs=19 | cap=wip act=(320,360) d=2.72 a=3 | sp=som:active d=2.7 age=17 dtg=7.65 region=0_8
ep=936 s=19 6324ms [sel=7 cap=6211 rest=106] sg=1->1 mode=NONE win=8 obs=20 | cap=wip act=(320,360) d=2.72 a=3 | sp=som:active d=2.7 age=18 dtg=7.65 region=0_8
ep=936 s=20 7941ms [sel=4 cap=7836 rest=101] sg=1->1 mode=NONE win=8 obs=21 | cap=wip act=(320,360) d=2.72 a=1 | sp=som:active d=2.7 age=19 dtg=7.40 region=0_8
ep=936 s=21 6647ms [sel=7 cap=6538 rest=101] sg=1->1 mode=NONE win=8 obs=22 | cap=wip act=(320,360) d=2.56 a=1 | sp=som:active d=2.6 age=20 dtg=7.15 region=0_8
ep=936 s=22 5630ms [sel=9 cap=5520 rest=101] sg=1->1 mode=NONE win=8 obs=23 | cap=wip act=(320,360) d=2.43 a=1 | sp=som:active d=2.4 age=21 dtg=6.90 region=0_8
ep=936 s=23 8413ms [sel=0 cap=8308 rest=105] sg=1->2 mode=NONE win=8 obs=24 | cap=DONE act=TURN request=+45deg execute=+15deg x1 a=3 | sp=som:active d=2.3 age=22 dtg=6.90 region=0_8
ep=936 s=24 7868ms [sel=0 cap=7770 rest=98] sg=2->2 mode=NONE win=8 obs=25 | cap=wip act=TURN request=+45deg execute=+15deg x1 a=3 dtg=6.90 region=0_8
ep=936 s=25 7946ms [sel=0 cap=7847 rest=100] sg=2->2 mode=NONE win=8 obs=26 | cap=wip act=TURN request=+45deg execute=+15deg x1 a=3 dtg=6.90 region=0_8
ep=936 s=26 6310ms [sel=0 cap=6213 rest=97] sg=2->2 mode=NONE win=8 obs=27 | cap=wip act=TURN request=+45deg execute=+15deg x1 a=3 dtg=6.90 region=0_8
ep=936 s=27 8294ms [sel=0 cap=8196 rest=98] sg=2->2 mode=NONE win=8 obs=28 | cap=wip act=TURN request=+45deg execute=+15deg x1 a=3 dtg=6.90 region=0_8
ep=936 s=28 9623ms [sel=3176 cap=6349 rest=98] sg=2->2 mode=NONE win=8 obs=29 | cap=wip act=(320,360) d=1.99 a=2 | sp=som:active d=2.0 age=0 som=5/7 dtg=6.90 region=0_8
ep=936 s=29 7640ms [sel=3 cap=7539 rest=97] sg=2->2 mode=NONE win=8 obs=30 | cap=wip act=(320,360) d=1.99 a=1 | sp=som:active d=2.0 age=1 dtg=6.79 region=0_8
ep=936 s=30 7291ms [sel=4 cap=7189 rest=98] sg=2->2 mode=NONE win=8 obs=31 | cap=wip act=(320,360) d=1.75 a=2 | sp=som:active d=1.7 age=2 dtg=6.79 region=0_8
ep=936 s=31 9456ms [sel=3 cap=9362 rest=91] sg=2->2 mode=NONE win=8 obs=32 | cap=wip act=(320,360) d=1.75 a=1 | sp=som:active d=1.7 age=3 dtg=6.66 region=0_8
ep=936 s=32 5826ms [sel=3 cap=5731 rest=92] sg=2->2 mode=NONE win=8 obs=33 | cap=wip act=(320,360) d=1.53 a=1 | sp=som:active d=1.5 age=4 dtg=6.56 region=0_8
ep=936 s=33 9323ms [sel=3 cap=9220 rest=100] sg=2->2 mode=NONE win=8 obs=34 | cap=wip act=(320,360) d=1.33 a=1 | sp=som:active d=1.3 age=5 dtg=6.51 region=0_8
ep=936 s=34 8173ms [sel=5 cap=8061 rest=107] sg=2->2 mode=NONE win=8 obs=35 | cap=wip act=(320,360) d=1.14 a=3 | sp=som:active d=1.1 age=6 dtg=6.51 region=0_8
ep=936 s=35 7812ms [sel=3 cap=7707 rest=102] sg=2->2 mode=NONE win=8 obs=36 | cap=wip act=(320,360) d=1.14 a=1 | sp=som:active d=1.1 age=7 dtg=6.58 region=0_8
ep=936 s=36 6959ms [sel=3 cap=6861 rest=95] sg=2->2 mode=NONE win=8 obs=37 | cap=wip act=(320,360) d=0.94 a=3 | sp=som:active d=0.9 age=8 dtg=6.58 region=0_8
ep=936 s=37 7648ms [sel=3 cap=7553 rest=92] sg=2->2 mode=NONE win=8 obs=38 | cap=wip act=(320,360) d=0.94 a=3 | sp=som:active d=0.9 age=9 dtg=6.58 region=0_8
ep=936 s=38 8038ms [sel=3 cap=7940 rest=95] sg=2->2 mode=NONE win=8 obs=39 | cap=wip act=(320,360) d=0.94 a=1 | sp=som:active d=0.9 age=10 dtg=6.79 region=0_8
ep=936 s=39 10377ms [sel=3 cap=10273 rest=101] sg=2->2 mode=NONE win=8 obs=40 | cap=wip act=(320,360) d=0.69 a=1 | sp=som:active d=0.7 age=11 dtg=7.00 region=0_8
ep=936 s=40 10869ms [sel=3889 cap=6874 rest=106] sg=2->2 mode=NONE win=8 obs=41 | cap=wip act=(320,360) d=0.66 a=1 | sp=som:active d=0.7 age=0 som=2/6 dtg=7.22 region=0_8
ep=936 s=41 10760ms [sel=3340 cap=7318 rest=102] sg=2->2 mode=NONE win=8 obs=42 | cap=wip act=(320,360) d=3.04 a=2 | sp=frontier:active d=3.0 age=0 som=2/5 dtg=7.22 region=0_8
ep=936 s=42 9028ms [sel=41 cap=8885 rest=102] sg=2->2 mode=NONE win=8 obs=43 | cap=wip act=(320,360) d=3.04 a=2 | sp=frontier:active d=3.0 age=1 dtg=7.22 region=0_8
ep=936 s=43 5613ms [sel=25 cap=5484 rest=103] sg=2->2 mode=NONE win=8 obs=44 | cap=wip act=(320,360) d=3.04 a=2 | sp=frontier:active d=3.0 age=2 dtg=7.22 region=0_8
ep=936 s=44 6104ms [sel=26 cap=5972 rest=106] sg=2->2 mode=NONE win=8 obs=45 | cap=wip act=(320,360) d=3.04 a=1 | sp=frontier:active d=3.0 age=3 dtg=7.32 region=0_8
ep=936 s=45 9154ms [sel=6 cap=9039 rest=109] sg=2->2 mode=NONE win=8 obs=46 | cap=wip act=(320,360) d=2.81 a=1 | sp=frontier:active d=2.8 age=4 dtg=7.49 region=0_8
ep=936 s=46 7260ms [sel=7 cap=7148 rest=105] sg=2->2 mode=NONE win=8 obs=47 | cap=wip act=(320,360) d=2.58 a=2 | sp=frontier:active d=2.6 age=5 dtg=7.49 region=0_8
ep=936 s=47 12853ms [sel=32 cap=12312 rest=474] sg=2->2 mode=NONE win=8 obs=48 | cap=wip act=(160,180) d=2.18 a=2 | preview=view1/6 yaw=-75 render=35ms | sp=preview:active d=2.2 age=0 dtg=7.49 region=0_8
ep=936 s=48 7669ms [sel=20 cap=7549 rest=100] sg=2->2 mode=GET_NOWHERE win=8 obs=49 | cap=wip/GET_NOWHERE act=(320,360) d=2.18 a=2 | sp=preview:active d=2.2 age=1 dtg=7.49 region=0_8
ep=936 s=49 8566ms [sel=20 cap=8442 rest=104] sg=2->2 mode=NONE win=8 obs=50 | cap=wip act=(320,360) d=2.18 a=2 | sp=preview:active d=2.2 age=2 dtg=7.49 region=0_8
ep=936 s=50 7461ms [sel=21 cap=7328 rest=112] sg=2->2 mode=NONE win=8 obs=51 | cap=wip act=(320,360) d=2.18 a=2 | sp=preview:active d=2.2 age=3 dtg=7.49 region=0_8
ep=936 s=51 8421ms [sel=21 cap=8280 rest=121] sg=2->2 mode=NONE win=8 obs=52 | cap=wip act=(320,360) d=2.18 a=2 | sp=preview:active d=2.2 age=4 dtg=7.49 region=0_8
ep=936 s=52 8202ms [sel=21 cap=8062 rest=119] sg=2->2 mode=NONE win=8 obs=53 | cap=wip act=(320,360) d=2.18 a=2 | sp=preview:active d=2.2 age=5 dtg=7.49 region=0_8
ep=936 s=53 6989ms [sel=11 cap=6858 rest=119] sg=2->2 mode=NONE win=8 obs=54 | cap=wip act=(320,360) d=2.18 a=2 | sp=preview:active d=2.2 age=6 dtg=7.49 region=0_8
ep=936 s=54 8282ms [sel=8 cap=8156 rest=118] sg=2->2 mode=NONE win=8 obs=55 | cap=wip act=(320,360) d=2.18 a=2 | sp=preview:active d=2.2 age=7 dtg=7.49 region=0_8
ep=936 s=55 10101ms [sel=6 cap=9973 rest=122] sg=2->2 mode=NONE win=8 obs=56 | cap=wip act=(320,360) d=2.18 a=2 | sp=preview:active d=2.2 age=8 dtg=7.49 region=0_8
ep=936 s=56 7065ms [sel=6 cap=6936 rest=123] sg=2->2 mode=NONE win=8 obs=57 | cap=wip act=(320,360) d=2.18 a=2 | sp=preview:active d=2.2 age=9 dtg=7.49 region=0_8
ep=936 s=57 9886ms [sel=6 cap=9766 rest=115] sg=2->2 mode=GET_NOWHERE win=8 obs=58 | cap=wip/GET_NOWHERE act=(320,360) d=2.18 a=1 | sp=preview:active d=2.2 age=10 dtg=7.27 region=0_8
ep=936 s=58 7283ms [sel=5 cap=7166 rest=112] sg=2->2 mode=GET_NOWHERE win=8 obs=59 | cap=wip/GET_NOWHERE act=(320,360) d=1.98 a=1 | sp=preview:active d=2.0 age=11 dtg=7.11 region=0_8
ep=936 s=59 14193ms [sel=6159 cap=7922 rest=112] sg=2->3 mode=NONE win=8 obs=60 | cap=DONE act=(320,360) d=2.11 a=3 | sp=som:active d=2.1 age=0 som=5/6 dtg=7.11 region=0_8
ep=936 s=60 8446ms [sel=5 cap=8333 rest=107] sg=3->3 mode=NONE win=8 obs=61 | cap=wip act=(320,360) d=2.11 a=3 | sp=som:active d=2.1 age=1 dtg=7.11 region=0_8
ep=936 s=61 8528ms [sel=6 cap=8416 rest=107] sg=3->3 mode=NONE win=8 obs=62 | cap=wip act=(320,360) d=2.11 a=1 | sp=som:active d=2.1 age=2 dtg=6.88 region=0_8
ep=936 s=62 6807ms [sel=3 cap=6698 rest=106] sg=3->3 mode=NONE win=8 obs=63 | cap=wip act=(320,360) d=1.86 a=1 | sp=som:active d=1.9 age=3 dtg=6.66 region=0_8
ep=936 s=63 15065ms [sel=3 cap=14958 rest=105] sg=3->3 mode=NONE win=8 obs=64 | cap=wip act=(320,360) d=1.61 a=1 | sp=som:active d=1.6 age=4 dtg=6.45 region=0_8
ep=936 s=64 10286ms [sel=3 cap=9766 rest=480] sg=3->3 mode=NONE win=8 obs=65 | cap=wip act=(320,360) d=1.36 a=3 | preview=view-/6 yaw=+0 render=37ms | sp=som:active d=1.4 age=5 dtg=6.45 region=0_8
ep=936 s=65 6158ms [sel=3 cap=6056 rest=99] sg=3->3 mode=NONE win=8 obs=66 | cap=wip act=(320,360) d=1.36 a=1 | sp=som:active d=1.4 age=6 dtg=6.22 region=0_8
ep=936 s=66 8173ms [sel=3 cap=8056 rest=115] sg=3->3 mode=NONE win=8 obs=67 | cap=wip act=(320,360) d=1.11 a=1 | sp=som:active d=1.1 age=7 dtg=6.02 region=0_8
ep=936 s=67 15572ms [sel=3 cap=15075 rest=459] sg=3->3 mode=NONE win=8 obs=68 | cap=wip act=(320,360) d=0.87 a=1 | preview=view-/6 yaw=+0 render=36ms | sp=som:active d=0.9 age=8 dtg=5.85 region=0_8
ep=936 s=68 10124ms [sel=3 cap=10014 rest=107] sg=3->3 mode=NONE win=8 obs=69 | cap=wip act=(320,360) d=0.62 a=1 | sp=som:active d=0.6 age=9 dtg=5.76 region=0_8
ep=936 s=69 14075ms [sel=4641 cap=9316 rest=119] sg=3->3 mode=NONE win=8 obs=70 | cap=wip act=(320,360) d=0.78 a=2 | sp=som:active d=0.8 age=0 som=1/5 dtg=5.76 region=0_8
ep=936 s=70 12492ms [sel=11 cap=11943 rest=502] sg=3->3 mode=NONE win=8 obs=71 | cap=wip act=(160,180) d=0.78 a=2 | preview=view5/6 yaw=+105 render=35ms | sp=som:active d=0.8 age=1 dtg=5.76 region=0_8
ep=936 s=71 8473ms [sel=3 cap=8348 rest=121] sg=3->3 mode=NONE win=8 obs=72 | cap=wip act=(320,360) d=0.78 a=2 | sp=som:active d=0.8 age=2 dtg=5.76 region=0_8
ep=936 s=72 8603ms [sel=3 cap=8480 rest=120] sg=3->3 mode=NONE win=8 obs=73 | cap=wip act=(320,360) d=0.78 a=2 | sp=som:active d=0.8 age=3 dtg=5.76 region=0_8
ep=936 s=73 14939ms [sel=3 cap=14389 rest=513] sg=3->3 mode=NONE win=8 obs=74 | cap=wip act=(320,360) d=0.78 a=1 | preview=view-/6 yaw=+0 render=34ms | sp=som:active d=0.8 age=4 dtg=5.95 region=0_8
ep=936 s=74 10990ms [sel=3 cap=10869 rest=118] sg=3->3 mode=NONE win=8 obs=75 | cap=wip act=(320,360) d=0.53 a=1 | sp=som:active d=0.5 age=5 dtg=6.15 region=0_8
ep=936 s=75 10921ms [sel=3901 cap=6906 rest=114] sg=3->3 mode=NONE win=8 obs=76 | cap=wip act=(320,360) d=0.86 a=2 | sp=som:active d=0.9 age=0 som=2/5 dtg=6.15 region=0_8
ep=936 s=76 6874ms [sel=3 cap=6757 rest=114] sg=3->3 mode=NONE win=8 obs=77 | cap=wip act=(320,360) d=0.86 a=1 | sp=som:active d=0.9 age=1 dtg=6.38 region=0_8
ep=936 s=77 7682ms [sel=3 cap=7550 rest=129] sg=3->3 mode=NONE win=8 obs=78 | cap=wip act=(320,360) d=0.62 a=2 | sp=som:active d=0.6 age=2 dtg=6.38 region=0_8
ep=936 s=78 17649ms [sel=3 cap=17544 rest=103] sg=3->3 mode=NONE win=8 obs=79 | cap=wip act=(320,360) d=0.62 a=1 | sp=som:active d=0.6 age=3 dtg=6.63 region=0_8
ep=936 s=79 12595ms [sel=2578 cap=9918 rest=98] sg=3->3 mode=NONE win=8 obs=80 | cap=wip act=(320,360) d=0.59 a=1 | sp=som:active d=0.6 age=0 som=3/5 dtg=6.88 region=0_8
ep=936 s=80 13014ms [sel=51 cap=12480 rest=449] sg=3->3 mode=NONE win=8 obs=81 | cap=wip act=(320,360) d=2.92 a=2 | preview=view-/6 yaw=+0 render=34ms | sp=frontier:active d=2.9 age=0 dtg=6.88 region=0_8
ep=936 s=81 8051ms [sel=21 cap=7926 rest=104] sg=3->3 mode=NONE win=8 obs=82 | cap=wip act=(320,360) d=2.92 a=2 | sp=frontier:active d=2.9 age=1 dtg=6.88 region=0_8
ep=936 s=82 11710ms [sel=21 cap=11579 rest=110] sg=3->3 mode=NONE win=8 obs=83 | cap=wip act=(320,360) d=2.92 a=2 | sp=frontier:active d=2.9 age=2 dtg=6.88 region=0_8
ep=936 s=83 23368ms [sel=21 cap=22831 rest=483] sg=3->3 mode=NONE win=8 obs=84 | cap=wip act=(320,360) d=2.92 a=2 | preview=view-/6 yaw=+0 render=34ms | sp=frontier:active d=2.9 age=3 dtg=6.88 region=0_8
ep=936 s=84 11635ms [sel=21 cap=11499 rest=115] sg=3->3 mode=NONE win=8 obs=85 | cap=wip act=(320,360) d=2.92 a=2 | sp=frontier:active d=2.9 age=4 dtg=6.88 region=0_8
ep=936 s=85 9368ms [sel=21 cap=9232 rest=116] sg=3->3 mode=NONE win=8 obs=86 | cap=wip act=(320,360) d=2.92 a=2 | sp=frontier:active d=2.9 age=5 dtg=6.88 region=0_8
ep=936 s=86 20345ms [sel=12 cap=19797 rest=501] sg=3->3 mode=NONE win=8 obs=87 | cap=wip act=(320,360) d=2.92 a=2 | preview=view-/6 yaw=+0 render=34ms | sp=frontier:active d=2.9 age=6 dtg=6.88 region=0_8
ep=936 s=87 21577ms [sel=3 cap=21469 rest=105] sg=3->3 mode=NONE win=8 obs=88 | cap=wip act=(320,360) d=2.92 a=2 | sp=frontier:active d=2.9 age=7 dtg=6.88 region=0_8
ep=936 s=88 13680ms [sel=3 cap=13573 rest=104] sg=3->3 mode=NONE win=8 obs=89 | cap=wip act=(320,360) d=2.92 a=2 | sp=frontier:active d=2.9 age=8 dtg=6.88 region=0_8
ep=936 s=89 30550ms [sel=3 cap=0 rest=30513] sg=None->3 mode=NONE win=8 obs=90 | cap=- act=(320,360) d=2.92 a=1 | preview=view-/6 yaw=+0 render=34ms | sp=frontier:active d=2.9 age=9 ANALYSIS_ERROR_STAGE=completion_confirmation ANALYSIS_ERROR='CaptionerOutputError: decision violates the navigation reply contract: Request timed out.' dtg=6.72 region=0_8
ep=936 s=90 30144ms [sel=3 cap=0 rest=30141] sg=None->3 mode=NONE win=8 obs=91 | cap=- act=(320,360) d=2.68 a=1 | sp=frontier:active d=2.7 age=10 ANALYSIS_ERROR_STAGE=decision ANALYSIS_ERROR='CaptionerInferenceError: Captioner model inference failed' dtg=6.58 region=0_8
ep=936 s=91 21229ms [sel=3 cap=21127 rest=99] sg=3->3 mode=NONE win=8 obs=92 | cap=wip act=(320,360) d=2.43 a=1 | sp=frontier:active d=2.4 age=11 dtg=6.44 region=0_8
ep=936 s=92 26359ms [sel=3 cap=25826 rest=495] sg=3->3 mode=NONE win=8 obs=93 | cap=wip act=(320,360) d=2.19 a=1 | preview=view-/6 yaw=+0 render=35ms | sp=frontier:active d=2.2 age=12 dtg=6.33 region=0_8
ep=936 s=93 17762ms [sel=3 cap=17661 rest=98] sg=3->3 mode=NONE win=8 obs=94 | cap=wip act=(320,360) d=1.95 a=1 | sp=frontier:active d=2.0 age=13 dtg=6.27 region=0_8
ep=936 s=94 17617ms [sel=3 cap=17505 rest=110] sg=3->3 mode=NONE win=8 obs=95 | cap=wip act=(320,360) d=1.72 a=3 | sp=frontier:active d=1.7 age=14 dtg=6.27 region=0_8
ep=936 s=95 10236ms [sel=3 cap=10128 rest=105] sg=3->3 mode=NONE win=8 obs=96 | cap=wip act=(320,360) d=1.72 a=1 | sp=frontier:active d=1.7 age=15 dtg=6.34 region=0_8
ep=936 s=96 6142ms [sel=4 cap=6037 rest=101] sg=3->3 mode=NONE win=8 obs=97 | cap=wip act=(320,360) d=1.47 a=1 | sp=frontier:active d=1.5 age=16 dtg=6.47 region=0_8
ep=936 s=97 13241ms [sel=3 cap=12757 rest=446] sg=3->3 mode=NONE win=8 obs=98 | cap=wip act=(320,360) d=1.22 a=1 | preview=view-/6 yaw=+0 render=35ms | sp=frontier:active d=1.2 age=17 dtg=6.63 region=0_8
ep=936 s=98 11467ms [sel=3407 cap=7965 rest=94] sg=3->3 mode=NONE win=8 obs=99 | cap=wip act=(320,360) d=0.98 a=3 | sp=som:active d=1.0 age=0 som=1/4 dtg=6.63 region=0_8
ep=936 s=99 15344ms [sel=4 cap=15244 rest=95] sg=3->3 mode=NONE win=8 obs=100 | cap=wip act=(320,360) d=0.98 a=1 | sp=som:active d=1.0 age=1 dtg=6.85 region=0_8
ep=936 s=100 23485ms [sel=3 cap=23001 rest=440] sg=3->3 mode=NONE win=8 obs=101 | cap=wip act=(320,360) d=0.73 a=1 | preview=view-/6 yaw=+0 render=42ms | sp=som:active d=0.7 age=2 dtg=7.08 region=0_8
ep=936 s=101 20925ms [sel=53 cap=20768 rest=104] sg=3->3 mode=NONE win=8 obs=102 | cap=wip act=(320,360) d=3.53 a=2 | sp=frontier:active d=3.5 age=0 dtg=7.08 region=0_8
ep=936 s=102 17467ms [sel=26 cap=17335 rest=106] sg=3->3 mode=NONE win=8 obs=103 | cap=wip act=(320,360) d=3.53 a=2 | sp=frontier:active d=3.5 age=1 dtg=7.08 region=0_8
ep=936 s=103 17563ms [sel=16 cap=17052 rest=461] sg=3->3 mode=NONE win=8 obs=104 | cap=wip act=(320,360) d=3.53 a=1 | preview=view-/6 yaw=+0 render=35ms | sp=frontier:active d=3.5 age=2 dtg=7.25 region=0_8
ep=936 s=104 8212ms [sel=21 cap=8081 rest=110] sg=3->3 mode=NONE win=8 obs=105 | cap=wip act=(320,360) d=3.38 a=2 | sp=frontier:active d=3.4 age=3 dtg=7.25 region=0_8
ep=936 s=105 11002ms [sel=13 cap=10878 rest=111] sg=3->3 mode=NONE win=8 obs=106 | cap=wip act=(320,360) d=3.38 a=1 | sp=frontier:active d=3.4 age=4 dtg=7.47 region=0_8
ep=936 s=106 23544ms [sel=14 cap=23022 rest=475] sg=3->3 mode=NONE win=8 obs=107 | cap=wip act=(320,360) d=3.20 a=2 | preview=view-/6 yaw=+0 render=34ms | sp=frontier:active d=3.2 age=5 dtg=7.47 region=0_8
ep=936 s=107 13351ms [sel=12 cap=13235 rest=103] sg=3->3 mode=NONE win=8 obs=108 | cap=wip act=(320,360) d=3.20 a=1 | sp=frontier:active d=3.2 age=6 dtg=7.70 region=0_6
ep=936 s=108 11703ms [sel=13 cap=11586 rest=104] sg=3->3 mode=NONE win=8 obs=109 | cap=wip act=(320,360) d=2.98 a=2 | sp=frontier:active d=3.0 age=7 dtg=7.70 region=0_6
ep=936 s=109 16753ms [sel=12 cap=16275 rest=431] sg=3->3 mode=NONE win=8 obs=110 | cap=wip act=(320,360) d=2.98 a=1 | preview=view-/6 yaw=+0 render=35ms | sp=frontier:active d=3.0 age=8 dtg=7.92 region=0_6
ep=936 s=110 11957ms [sel=10 cap=11841 rest=106] sg=3->3 mode=NONE win=8 obs=111 | cap=wip act=(320,360) d=2.74 a=1 | sp=frontier:active d=2.7 age=9 dtg=8.16 region=0_6
ep=936 s=111 12461ms [sel=9 cap=12353 rest=99] sg=3->3 mode=NONE win=8 obs=112 | cap=wip act=(320,360) d=2.50 a=1 | sp=frontier:active d=2.5 age=10 dtg=8.41 region=0_6
ep=936 s=112 15625ms [sel=5 cap=15185 rest=401] sg=3->None mode=NONE win=8 obs=113 | cap=DONE act=(320,360) d=1.00 a=1 | preview=view-/6 yaw=+0 render=34ms | sp=frontier:active d=2.3 age=11 door_evts=1 dtg=8.65 region=0_6
ep=936 s=113 102ms [sel=4 cap=0 rest=98] sg=None->None mode=NONE win=8 obs=114 | cap=- act=(320,360) d=1.00 a=1 | sp=frontier:active d=2.0 age=12 door_evts=1 dtg=8.90 region=0_6
ep=936 s=114 95ms [sel=4 cap=0 rest=91] sg=None->None mode=NONE win=8 obs=115 | cap=- act=(320,360) d=1.00 a=1 | sp=frontier:active d=1.8 age=13 door_evts=1 dtg=9.15 region=0_6
ep=936 s=115 99ms [sel=0 cap=0 rest=99] sg=None->None mode=NONE win=8 obs=116 | cap=- act=STOP | sp=frontier:active d=1.6 age=14 door_evts=1 dtg=9.15 region=0_6
rank=3 [7/12] id=936 steps=116 success=0.000 spl=0.000 dtg=9.15 osr=0 path_length=13.84 ndtw=0.440 sdtw=0.000
PluginManager::Manager: duplicate static plugin StbImageImporter, ignoring
PluginManager::Manager: duplicate static plugin GltfImporter, ignoring
PluginManager::Manager: duplicate static plugin BasisImporter, ignoring
PluginManager::Manager: duplicate static plugin AssimpImporter, ignoring
PluginManager::Manager: duplicate static plugin AnySceneImporter, ignoring
PluginManager::Manager: duplicate static plugin AnyImageImporter, ignoring
episode=1187 instruction='walk straight past Tv, past fridge, up 5 stairs and stop at the top. ' start_position=[-3.031630039215088, -0.535740852355957, 15.473799705505371] goal_position=[-2.248199939727783, 0.5473843812942505, 6.074480056762695] reference_geodesic=9.49389934539795
episode=1187 prepared_subgoals=4
  [1] Walk straight past the TV
      proof: The TV is directly behind the camera and the camera has passed it.
  [2] Walk straight past the fridge
      proof: The fridge is directly behind the camera and the camera has passed it.
  [3] Go up 5 stairs
      proof: The camera has passed the 5th stair and the top landing fills the view.
  [4] Stop at the top of the stairs
      proof: The camera is stationary at the top of the stairs, facing forward
ep=1187 s=0 7832ms [sel=6 cap=7283 rest=510] sg=1->1 mode=NONE win=1 obs=1 | cap=wip act=PREVIEW a=2 | preview=view2/6 yaw=+0 render=34ms dtg=9.49 region=0_16
ep=1187 s=1 7727ms [sel=2482 cap=5145 rest=100] sg=1->1 mode=NONE win=2 obs=2 | cap=wip act=(320,360) d=2.83 a=3 | sp=som:active d=2.8 age=0 som=3/8 dtg=9.49 region=0_16
ep=1187 s=2 4610ms [sel=3 cap=4511 rest=95] sg=1->1 mode=NONE win=3 obs=3 | cap=wip act=(320,360) d=2.83 a=1 | sp=som:active d=2.8 age=1 dtg=9.25 region=0_16
ep=1187 s=3 5929ms [sel=3 cap=5830 rest=96] sg=1->1 mode=GET_NOWHERE win=4 obs=4 | cap=wip/GET_NOWHERE act=(320,360) d=2.58 a=1 | sp=som:active d=2.6 age=2 dtg=9.00 region=0_16
ep=1187 s=4 7742ms [sel=3 cap=7642 rest=97] sg=1->1 mode=TURN_OSCILLATION win=5 obs=5 | cap=wip/TURN_OSCILLATION act=(320,360) d=2.34 a=2 | sp=som:active d=2.3 age=3 dtg=9.00 region=0_16
ep=1187 s=5 6068ms [sel=3 cap=5965 rest=100] sg=1->1 mode=NONE win=6 obs=6 | cap=wip act=(320,360) d=2.34 a=1 | sp=som:active d=2.3 age=4 dtg=8.77 region=0_16
ep=1187 s=6 7195ms [sel=3 cap=7093 rest=99] sg=1->1 mode=NONE win=7 obs=7 | cap=wip act=(320,360) d=2.09 a=1 | sp=som:active d=2.1 age=5 dtg=8.58 region=0_16
ep=1187 s=7 10888ms [sel=4 cap=10784 rest=100] sg=1->1 mode=NONE win=8 obs=8 | cap=wip act=(320,360) d=1.84 a=1 | sp=som:active d=1.8 age=6 dtg=8.35 region=0_16
ep=1187 s=8 10093ms [sel=3 cap=9992 rest=97] sg=1->1 mode=NONE win=8 obs=9 | cap=wip act=(320,360) d=1.59 a=1 | sp=som:active d=1.6 age=7 dtg=8.12 region=0_16
ep=1187 s=9 6124ms [sel=3 cap=6025 rest=95] sg=1->1 mode=NONE win=8 obs=10 | cap=wip act=(320,360) d=1.34 a=3 | sp=som:active d=1.3 age=8 dtg=8.12 region=0_16
ep=1187 s=10 13587ms [sel=3 cap=13492 rest=93] sg=1->1 mode=NONE win=8 obs=11 | cap=wip act=(320,360) d=1.34 a=1 | sp=som:active d=1.3 age=9 dtg=7.87 region=0_16
ep=1187 s=11 6904ms [sel=3 cap=6809 rest=92] sg=1->1 mode=NONE win=8 obs=12 | cap=wip act=(320,360) d=1.11 a=2 | sp=som:active d=1.1 age=10 dtg=7.87 region=0_16
ep=1187 s=12 8034ms [sel=3 cap=7934 rest=96] sg=1->1 mode=NONE win=8 obs=13 | cap=wip act=(320,360) d=1.11 a=1 | sp=som:active d=1.1 age=11 dtg=7.65 region=0_16
ep=1187 s=13 8922ms [sel=4 cap=8825 rest=93] sg=1->1 mode=NONE win=8 obs=14 | cap=wip act=(320,360) d=0.86 a=1 | sp=som:active d=0.9 age=12 dtg=7.44 region=0_16
ep=1187 s=14 6153ms [sel=3 cap=6059 rest=91] sg=1->1 mode=NONE win=8 obs=15 | cap=wip act=(320,360) d=0.61 a=1 | sp=som:active d=0.6 age=13 dtg=7.24 region=0_16
ep=1187 s=15 9702ms [sel=894 cap=8719 rest=89] sg=1->1 mode=NONE win=8 obs=16 | cap=wip act=(320,360) d=3.99 a=3 | sp=frontier:active d=4.0 age=0 som=2/8 dtg=7.24 region=0_16
ep=1187 s=16 8088ms [sel=3 cap=7998 rest=86] sg=1->1 mode=NONE win=8 obs=17 | cap=wip act=(320,360) d=3.99 a=3 | sp=frontier:active d=4.0 age=1 dtg=7.24 region=0_16
ep=1187 s=17 6058ms [sel=3 cap=5960 rest=94] sg=1->1 mode=NONE win=8 obs=18 | cap=wip act=(320,360) d=3.99 a=3 | sp=frontier:active d=4.0 age=2 dtg=7.24 region=0_16
ep=1187 s=18 6950ms [sel=3 cap=6844 rest=103] sg=1->1 mode=NONE win=8 obs=19 | cap=wip act=(320,360) d=3.99 a=1 | sp=frontier:active d=4.0 age=3 dtg=6.99 region=0_16
ep=1187 s=19 7766ms [sel=3 cap=7662 rest=102] sg=1->1 mode=NONE win=8 obs=20 | cap=wip act=(320,360) d=3.75 a=1 | sp=frontier:active d=3.8 age=4 dtg=6.74 region=0_16
ep=1187 s=20 7485ms [sel=3 cap=7383 rest=99] sg=1->1 mode=NONE win=8 obs=21 | cap=wip act=(320,360) d=3.52 a=1 | sp=frontier:active d=3.5 age=5 dtg=6.50 region=0_16
ep=1187 s=21 6245ms [sel=3 cap=6146 rest=96] sg=1->1 mode=NONE win=8 obs=22 | cap=wip act=(320,360) d=3.29 a=1 | sp=frontier:active d=3.3 age=6 dtg=6.25 region=0_16
ep=1187 s=22 7840ms [sel=3 cap=7739 rest=98] sg=1->1 mode=NONE win=8 obs=23 | cap=wip act=(320,360) d=3.06 a=1 | sp=frontier:active d=3.1 age=7 dtg=6.02 region=0_16
ep=1187 s=23 11423ms [sel=2360 cap=8962 rest=100] sg=1->2 mode=NONE win=8 obs=24 | cap=DONE act=(320,360) d=3.03 a=1 | sp=som:active d=3.0 age=0 som=2/7 dtg=5.78 region=0_16
ep=1187 s=24 5857ms [sel=3 cap=5751 rest=102] sg=2->2 mode=NONE win=8 obs=25 | cap=wip act=(320,360) d=2.79 a=1 | sp=som:active d=2.8 age=1 dtg=5.56 region=0_16
ep=1187 s=25 4904ms [sel=3 cap=4803 rest=99] sg=2->2 mode=NONE win=8 obs=26 | cap=wip act=(320,360) d=2.55 a=2 | sp=som:active d=2.5 age=2 dtg=5.56 region=0_16
ep=1187 s=26 5450ms [sel=3 cap=5358 rest=89] sg=2->2 mode=NONE win=8 obs=27 | cap=wip act=(320,360) d=2.55 a=1 | sp=som:active d=2.5 age=3 dtg=5.32 region=0_22
ep=1187 s=27 7232ms [sel=3 cap=7139 rest=90] sg=2->2 mode=NONE win=8 obs=28 | cap=wip act=(320,360) d=2.30 a=1 | sp=som:active d=2.3 age=4 dtg=5.08 region=0_22
ep=1187 s=28 5459ms [sel=3 cap=5367 rest=89] sg=2->2 mode=NONE win=8 obs=29 | cap=wip act=(320,360) d=2.05 a=2 | sp=som:active d=2.1 age=5 dtg=5.08 region=0_22
ep=1187 s=29 5320ms [sel=3 cap=5233 rest=84] sg=2->2 mode=NONE win=8 obs=30 | cap=wip act=(320,360) d=2.05 a=1 | sp=som:active d=2.1 age=6 dtg=4.83 region=0_22
ep=1187 s=30 4328ms [sel=3 cap=4241 rest=85] sg=2->2 mode=NONE win=8 obs=31 | cap=wip act=(320,360) d=1.81 a=1 | sp=som:active d=1.8 age=7 dtg=4.58 region=0_22
ep=1187 s=31 5161ms [sel=3 cap=5074 rest=84] sg=2->2 mode=NONE win=8 obs=32 | cap=wip act=(320,360) d=1.56 a=1 | sp=som:active d=1.6 age=8 dtg=4.34 region=0_22
ep=1187 s=32 4740ms [sel=3 cap=4652 rest=85] sg=2->2 mode=NONE win=8 obs=33 | cap=wip act=(320,360) d=1.32 a=1 | sp=som:active d=1.3 age=9 dtg=4.09 region=0_22
ep=1187 s=33 4798ms [sel=3 cap=4713 rest=82] sg=2->2 mode=NONE win=8 obs=34 | cap=wip act=(320,360) d=1.09 a=3 | sp=som:active d=1.1 age=10 dtg=4.09 region=0_22
ep=1187 s=34 5071ms [sel=3 cap=4977 rest=91] sg=2->2 mode=NONE win=8 obs=35 | cap=wip act=(320,360) d=1.09 a=1 | sp=som:active d=1.1 age=11 dtg=3.85 region=0_22
ep=1187 s=35 5778ms [sel=3 cap=5686 rest=89] sg=2->2 mode=NONE win=8 obs=36 | cap=wip act=(320,360) d=0.84 a=1 | sp=som:active d=0.8 age=12 dtg=3.61 region=0_22
ep=1187 s=36 4508ms [sel=3 cap=4420 rest=85] sg=2->2 mode=NONE win=8 obs=37 | cap=wip act=(320,360) d=0.59 a=1 | sp=som:active d=0.6 age=13 dtg=3.37 region=0_22
ep=1187 s=37 7897ms [sel=1537 cap=6277 rest=82] sg=2->2 mode=NONE win=8 obs=38 | cap=wip act=(320,360) d=1.29 a=1 | sp=som:active d=1.3 age=0 som=2/5 dtg=3.14 region=0_22
ep=1187 s=38 6586ms [sel=3 cap=6498 rest=85] sg=2->2 mode=NONE win=8 obs=39 | cap=wip act=(320,360) d=1.05 a=2 | sp=som:active d=1.0 age=1 dtg=3.14 region=0_22
ep=1187 s=39 12609ms [sel=3 cap=12527 rest=79] sg=2->2 mode=NONE win=8 obs=40 | cap=wip act=(320,360) d=1.05 a=1 | sp=som:active d=1.0 age=2 dtg=2.90 region=0_22
ep=1187 s=40 5653ms [sel=3 cap=5567 rest=83] sg=2->2 mode=NONE win=8 obs=41 | cap=wip act=(320,360) d=0.80 a=1 | sp=som:active d=0.8 age=3 dtg=2.68 region=0_22
ep=1187 s=41 11416ms [sel=2380 cap=8953 rest=84] sg=2->3 mode=NONE win=8 obs=42 | cap=DONE act=(320,360) d=0.55 a=1 | sp=som:active d=0.5 age=0 som=2/4 dtg=2.46 region=0_22
ep=1187 s=42 7292ms [sel=2288 cap=4916 rest=88] sg=3->3 mode=NONE win=8 obs=43 | cap=wip act=(320,360) d=3.03 a=3 | sp=frontier:active d=3.0 age=0 som=1/3 dtg=2.46 region=0_22
ep=1187 s=43 7555ms [sel=26 cap=7437 rest=93] sg=3->3 mode=NONE win=8 obs=44 | cap=wip act=(320,360) d=3.03 a=3 | sp=frontier:active d=3.0 age=1 dtg=2.46 region=0_22
ep=1187 s=44 9098ms [sel=26 cap=8979 rest=93] sg=3->3 mode=NONE win=8 obs=45 | cap=wip act=(320,360) d=3.03 a=3 | sp=frontier:active d=3.0 age=2 dtg=2.46 region=0_22
ep=1187 s=45 6595ms [sel=26 cap=6479 rest=90] sg=3->3 mode=NONE win=8 obs=46 | cap=wip act=(320,360) d=3.03 a=3 | sp=frontier:active d=3.0 age=3 dtg=2.46 region=0_22
ep=1187 s=46 6436ms [sel=26 cap=6327 rest=84] sg=3->3 mode=NONE win=8 obs=47 | cap=wip act=(320,360) d=3.03 a=3 | sp=frontier:active d=3.0 age=4 dtg=2.46 region=0_22
ep=1187 s=47 9330ms [sel=27 cap=9229 rest=74] sg=3->3 mode=NONE win=8 obs=48 | cap=wip act=(320,360) d=3.03 a=3 | sp=frontier:active d=3.0 age=5 dtg=2.46 region=0_22
ep=1187 s=48 4520ms [sel=15 cap=4430 rest=75] sg=3->3 mode=NONE win=8 obs=49 | cap=wip act=(320,360) d=3.03 a=3 | sp=frontier:active d=3.0 age=6 dtg=2.46 region=0_22
ep=1187 s=49 7628ms [sel=13 cap=7224 rest=357] sg=3->3 mode=NONE win=8 obs=50 | cap=wip act=PREVIEW a=2 | preview=view2/6 yaw=-15 render=34ms | sp=preview:active d=2.8 age=0 dtg=2.46 region=0_22
ep=1187 s=50 10557ms [sel=3371 cap=7112 rest=75] sg=3->3 mode=NONE win=8 obs=51 | cap=wip act=(320,360) d=0.53 a=3 | sp=som:active d=0.5 age=0 som=1/5 dtg=2.46 region=0_22
ep=1187 s=51 6173ms [sel=3 cap=6086 rest=84] sg=3->3 mode=NONE win=8 obs=52 | cap=wip act=(320,360) d=0.53 a=3 | sp=som:active d=0.5 age=1 dtg=2.46 region=0_22
ep=1187 s=52 4937ms [sel=3 cap=4841 rest=93] sg=3->3 mode=NONE win=8 obs=53 | cap=wip act=(320,360) d=0.53 a=3 | sp=som:active d=0.5 age=2 dtg=2.46 region=0_22
ep=1187 s=53 7522ms [sel=3 cap=7422 rest=97] sg=3->3 mode=NONE win=8 obs=54 | cap=wip act=(320,360) d=0.53 a=1 | sp=som:active d=0.5 age=3 dtg=2.64 region=0_22
ep=1187 s=54 7238ms [sel=3168 cap=3978 rest=92] sg=3->3 mode=NONE win=8 obs=55 | cap=wip act=(320,360) d=3.68 a=1 | sp=som:active d=3.7 age=0 som=1/6 dtg=2.82 region=0_22
ep=1187 s=55 5776ms [sel=5 cap=5676 rest=95] sg=3->3 mode=NONE win=8 obs=56 | cap=wip act=(320,360) d=3.44 a=3 | sp=som:active d=3.4 age=1 dtg=2.82 region=0_22
ep=1187 s=56 6251ms [sel=4 cap=5823 rest=390] sg=3->3 mode=NONE win=8 obs=57 | cap=wip act=(320,360) d=3.44 a=3 | preview=view-/6 yaw=+0 render=34ms | sp=som:active d=3.4 age=2 dtg=2.82 region=0_22
ep=1187 s=57 9684ms [sel=3121 cap=6459 rest=104] sg=3->4 mode=NONE win=8 obs=58 | cap=DONE act=(320,360) d=3.03 a=3 | sp=som:active d=3.0 age=0 som=1/7 dtg=2.82 region=0_22
ep=1187 s=58 7764ms [sel=3 cap=7668 rest=93] sg=4->4 mode=NONE win=8 obs=59 | cap=wip act=(320,360) d=3.03 a=1 | sp=som:active d=3.0 age=1 dtg=3.04 region=0_22
ep=1187 s=59 9073ms [sel=3 cap=8629 rest=407] sg=4->4 mode=NONE win=8 obs=60 | cap=wip act=(320,360) d=2.79 a=2 | preview=view-/6 yaw=+0 render=34ms | sp=som:active d=2.8 age=2 dtg=3.04 region=0_22
ep=1187 s=60 7894ms [sel=4 cap=7784 rest=106] sg=4->4 mode=NONE win=8 obs=61 | cap=wip act=(320,360) d=2.79 a=1 | sp=som:active d=2.8 age=3 dtg=3.28 region=0_22
ep=1187 s=61 11286ms [sel=4 cap=11177 rest=105] sg=4->4 mode=NONE win=8 obs=62 | cap=wip act=(320,360) d=2.54 a=1 | sp=som:active d=2.5 age=4 dtg=3.51 region=0_22
ep=1187 s=62 11238ms [sel=3 cap=10717 rest=484] sg=4->4 mode=NONE win=8 obs=63 | cap=wip act=(320,360) d=2.29 a=1 | preview=view-/6 yaw=+0 render=33ms | sp=som:active d=2.3 age=5 dtg=3.75 region=0_22
ep=1187 s=63 9818ms [sel=3 cap=9710 rest=106] sg=4->4 mode=NONE win=8 obs=64 | cap=wip act=(320,360) d=2.04 a=1 | sp=som:active d=2.0 age=6 dtg=4.00 region=0_22
ep=1187 s=64 8407ms [sel=3 cap=8297 rest=107] sg=4->4 mode=NONE win=8 obs=65 | cap=wip act=(320,360) d=1.79 a=1 | sp=som:active d=1.8 age=7 dtg=4.24 region=0_22
ep=1187 s=65 12769ms [sel=3 cap=12234 rest=499] sg=4->4 mode=NONE win=8 obs=66 | cap=wip act=(320,360) d=1.54 a=3 | preview=view-/6 yaw=+0 render=33ms | sp=som:active d=1.5 age=8 dtg=4.24 region=0_22
ep=1187 s=66 8124ms [sel=3 cap=8019 rest=102] sg=4->4 mode=NONE win=8 obs=67 | cap=wip act=(320,360) d=1.54 a=1 | sp=som:active d=1.5 age=9 dtg=4.48 region=0_22
ep=1187 s=67 10560ms [sel=3 cap=10454 rest=103] sg=4->4 mode=NONE win=8 obs=68 | cap=wip act=(320,360) d=1.30 a=1 | sp=som:active d=1.3 age=10 dtg=4.72 region=0_22
ep=1187 s=68 17554ms [sel=3 cap=17024 rest=493] sg=4->4 mode=NONE win=8 obs=69 | cap=wip act=(320,360) d=1.06 a=2 | preview=view-/6 yaw=+0 render=34ms | sp=som:active d=1.1 age=11 dtg=4.72 region=0_22
ep=1187 s=69 9634ms [sel=3 cap=9527 rest=104] sg=4->4 mode=NONE win=8 obs=70 | cap=wip act=(320,360) d=1.06 a=1 | sp=som:active d=1.1 age=12 dtg=4.97 region=0_22
ep=1187 s=70 8991ms [sel=3 cap=8881 rest=107] sg=4->4 mode=NONE win=8 obs=71 | cap=wip act=(320,360) d=0.81 a=1 | sp=som:active d=0.8 age=13 dtg=5.22 region=0_22
ep=1187 s=71 13606ms [sel=3 cap=13044 rest=521] sg=4->4 mode=NONE win=8 obs=72 | cap=wip act=(320,360) d=0.56 a=1 | preview=view-/6 yaw=+0 render=37ms | sp=som:active d=0.6 age=14 dtg=5.46 region=0_17
ep=1187 s=72 5996ms [sel=1738 cap=4152 rest=106] sg=4->4 mode=NONE win=8 obs=73 | cap=wip act=(320,360) d=2.97 a=1 | sp=som:active d=3.0 age=0 som=1/7 dtg=5.71 region=0_17
ep=1187 s=73 5725ms [sel=3 cap=5616 rest=106] sg=4->4 mode=NONE win=8 obs=74 | cap=wip act=(320,360) d=2.72 a=1 | sp=som:active d=2.7 age=1 dtg=5.95 region=0_15
ep=1187 s=74 3907ms [sel=3 cap=3803 rest=101] sg=4->4 mode=NONE win=8 obs=75 | cap=wip act=(320,360) d=2.47 a=1 | sp=som:active d=2.5 age=2 dtg=6.34 region=0_15
ep=1187 s=75 2376ms [sel=3 cap=2269 rest=103] sg=4->4 mode=NONE win=8 obs=76 | cap=wip act=(320,360) d=2.22 a=1 | sp=som:active d=2.2 age=3 dtg=6.65 region=0_15
ep=1187 s=76 7443ms [sel=16 cap=7323 rest=104] sg=4->4 mode=NONE win=8 obs=77 | cap=wip act=(320,360) d=1.97 a=1 | sp=som:active d=2.0 age=4 dtg=6.88 region=0_15
ep=1187 s=77 7444ms [sel=15 cap=7325 rest=103] sg=4->4 mode=NONE win=8 obs=78 | cap=wip act=(320,360) d=1.72 a=1 | sp=som:active d=1.7 age=5 dtg=7.12 region=0_15
ep=1187 s=78 8848ms [sel=15 cap=8725 rest=108] sg=4->4 mode=NONE win=8 obs=79 | cap=wip act=(320,360) d=1.47 a=1 | sp=som:active d=1.5 age=6 dtg=7.37 region=0_15
ep=1187 s=79 10552ms [sel=14 cap=10046 rest=458] sg=4->4 mode=NONE win=8 obs=80 | cap=wip act=(320,360) d=1.22 a=1 | preview=view-/6 yaw=+0 render=33ms | sp=som:active d=1.2 age=7 dtg=7.61 region=0_15
ep=1187 s=80 7801ms [sel=14 cap=7684 rest=104] sg=4->4 mode=NONE win=8 obs=81 | cap=wip act=(320,360) d=0.97 a=1 | sp=som:active d=1.0 age=8 dtg=7.86 region=0_15
ep=1187 s=81 5508ms [sel=6 cap=5399 rest=104] sg=4->4 mode=NONE win=8 obs=82 | cap=wip act=(320,360) d=0.72 a=3 | sp=som:active d=0.7 age=9 dtg=7.86 region=0_15
ep=1187 s=82 8875ms [sel=797 cap=7633 rest=411] sg=4->None mode=NONE win=8 obs=83 | cap=DONE act=(320,360) d=1.00 a=1 | preview=view-/6 yaw=+0 render=34ms | sp=som:active d=0.7 age=10 dtg=8.11 region=0_15
ep=1187 s=83 96ms [sel=5 cap=0 rest=92] sg=None->None mode=NONE win=8 obs=84 | cap=- act=(320,360) d=1.00 a=1 | sp=som:reached d=0.5 age=11 dtg=8.36 region=0_15
ep=1187 s=84 108ms [sel=5 cap=0 rest=103] sg=None->None mode=NONE win=8 obs=85 | cap=- act=(320,360) d=1.00 a=1 | sp=som:reached d=0.5 age=12 dtg=8.60 region=0_15
ep=1187 s=85 104ms [sel=0 cap=0 rest=104] sg=None->None mode=NONE win=8 obs=86 | cap=- act=STOP | sp=som:reached d=0.5 age=13 dtg=8.60 region=0_15
rank=3 [8/12] id=1187 steps=86 success=0.000 spl=0.000 dtg=8.60 osr=1 path_length=13.76 ndtw=0.458 sdtw=0.000
episode=1223 instruction='Walk straight until you get to a porch. Go up the steps of the porch and into the house using the glass double doors. Wait near the tv. ' start_position=[4.621359825134277, -1.309366226196289, 25.505300521850586] goal_position=[-3.031630039215088, -0.535740852355957, 15.473799705505371] reference_geodesic=13.924222946166992
episode=1223 prepared_subgoals=4
  [1] Walk straight until reaching the porch
      proof: The porch is directly ahead and within a step.
  [2] Go up the steps of the porch
      proof: The steps are behind the camera and the porch landing or house entrance fills the view.
  [3] Enter the house through the glass double doors
      proof: The camera has crossed the threshold and the interior of the house is central in the view.
  [4] Wait near the tv
      proof: The tv is directly beside or ahead of the camera, within a step
ep=1223 s=0 11365ms [sel=38 cap=10838 rest=455] sg=1->1 mode=NONE win=1 obs=1 | cap=wip act=(160,180) d=5.59 a=1 | preview=view2/6 yaw=+0 render=34ms | sp=preview:active d=5.6 age=0 dtg=13.93 region=0_11
ep=1223 s=1 5016ms [sel=4 cap=4914 rest=98] sg=1->1 mode=NONE win=2 obs=2 | cap=wip act=(320,360) d=5.34 a=1 | sp=preview:active d=5.3 age=1 dtg=13.95 region=0_11
ep=1223 s=2 8973ms [sel=13 cap=8861 rest=99] sg=1->1 mode=NONE win=3 obs=3 | cap=wip act=(320,360) d=5.09 a=1 | sp=preview:active d=5.1 age=2 dtg=13.97 region=0_11
ep=1223 s=3 4746ms [sel=8 cap=4640 rest=98] sg=1->1 mode=NONE win=4 obs=4 | cap=wip act=(320,360) d=4.85 a=1 | sp=preview:active d=4.8 age=3 dtg=14.01 region=0_11
ep=1223 s=4 7265ms [sel=7 cap=7162 rest=96] sg=1->1 mode=NONE win=5 obs=5 | cap=wip act=(320,360) d=4.60 a=1 | sp=preview:active d=4.6 age=4 dtg=14.05 region=0_11
ep=1223 s=5 8329ms [sel=3 cap=8227 rest=99] sg=1->1 mode=NONE win=6 obs=6 | cap=wip act=(320,360) d=4.35 a=3 | sp=preview:active d=4.3 age=5 dtg=14.05 region=0_11
ep=1223 s=6 5238ms [sel=3 cap=5139 rest=96] sg=1->1 mode=NONE win=7 obs=7 | cap=wip act=(320,360) d=4.35 a=1 | sp=preview:active d=4.3 age=6 dtg=14.04 region=0_11
ep=1223 s=7 7067ms [sel=3 cap=6969 rest=96] sg=1->1 mode=NONE win=8 obs=8 | cap=wip act=(320,360) d=4.10 a=1 | sp=preview:active d=4.1 age=7 dtg=13.97 region=0_11
ep=1223 s=8 4958ms [sel=3 cap=4861 rest=94] sg=1->1 mode=NONE win=8 obs=9 | cap=wip act=(320,360) d=3.85 a=1 | sp=preview:active d=3.9 age=8 dtg=13.98 region=0_11
ep=1223 s=9 4576ms [sel=3 cap=4477 rest=96] sg=1->1 mode=NONE win=8 obs=10 | cap=wip act=(320,360) d=3.61 a=1 | sp=preview:active d=3.6 age=9 dtg=14.00 region=0_11
ep=1223 s=10 4058ms [sel=3 cap=3958 rest=97] sg=1->1 mode=NONE win=8 obs=11 | cap=wip act=(320,360) d=3.36 a=1 | sp=preview:active d=3.4 age=10 dtg=14.03 region=0_11
ep=1223 s=11 8153ms [sel=7 cap=8051 rest=94] sg=1->1 mode=NONE win=8 obs=12 | cap=wip act=(320,360) d=3.12 a=1 | sp=preview:active d=3.1 age=11 dtg=14.07 region=0_11
ep=1223 s=12 7191ms [sel=2548 cap=4549 rest=94] sg=1->1 mode=NONE win=8 obs=13 | cap=wip act=(320,360) d=3.00 a=1 | sp=som:active d=3.0 age=0 som=3/8 dtg=14.12 region=0_11
ep=1223 s=13 9549ms [sel=3 cap=9451 rest=96] sg=1->1 mode=NONE win=8 obs=14 | cap=wip act=(320,360) d=2.75 a=1 | sp=som:active d=2.8 age=1 dtg=14.18 region=0_11
ep=1223 s=14 5197ms [sel=3 cap=5098 rest=96] sg=1->1 mode=NONE win=8 obs=15 | cap=wip act=(320,360) d=2.51 a=1 | sp=som:active d=2.5 age=2 dtg=14.25 region=0_11
ep=1223 s=15 9634ms [sel=4009 cap=5530 rest=94] sg=1->2 mode=NONE win=8 obs=16 | cap=DONE act=(320,360) d=2.59 a=1 | sp=som:active d=2.6 age=0 som=2/8 dtg=14.32 region=0_11
ep=1223 s=16 5968ms [sel=3 cap=5872 rest=93] sg=2->2 mode=NONE win=8 obs=17 | cap=wip act=(320,360) d=2.35 a=1 | sp=som:active d=2.3 age=1 dtg=14.41 region=0_11
ep=1223 s=17 2735ms [sel=3 cap=2640 rest=92] sg=2->2 mode=NONE win=8 obs=18 | cap=wip act=(320,360) d=2.10 a=1 | sp=som:active d=2.1 age=2 dtg=14.50 region=0_11
ep=1223 s=18 5521ms [sel=3 cap=5424 rest=94] sg=2->2 mode=NONE win=8 obs=19 | cap=wip act=(320,360) d=1.86 a=1 | sp=som:active d=1.9 age=3 dtg=14.60 region=0_11
ep=1223 s=19 4076ms [sel=3 cap=3980 rest=93] sg=2->2 mode=NONE win=8 obs=20 | cap=wip act=(320,360) d=1.62 a=1 | sp=som:active d=1.6 age=4 dtg=14.70 region=0_11
ep=1223 s=20 6593ms [sel=2147 cap=4352 rest=94] sg=2->3 mode=NONE win=8 obs=21 | cap=DONE act=(320,360) d=1.92 a=3 | sp=som:active d=1.9 age=0 som=3/8 dtg=14.70 region=0_11
ep=1223 s=21 7699ms [sel=3 cap=7601 rest=94] sg=3->3 mode=NONE win=8 obs=22 | cap=wip act=(320,360) d=1.92 a=1 | sp=som:active d=1.9 age=1 dtg=14.76 region=0_11
ep=1223 s=22 6230ms [sel=3 cap=6132 rest=95] sg=3->3 mode=NONE win=8 obs=23 | cap=wip act=(320,360) d=1.67 a=1 | sp=som:active d=1.7 age=2 dtg=14.82 region=0_11
ep=1223 s=23 4440ms [sel=3 cap=4343 rest=94] sg=3->3 mode=NONE win=8 obs=24 | cap=wip act=(320,360) d=1.42 a=1 | sp=som:active d=1.4 age=3 dtg=14.89 region=0_11
ep=1223 s=24 5190ms [sel=4 cap=5082 rest=104] sg=3->3 mode=NONE win=8 obs=25 | cap=wip act=(320,360) d=1.18 a=1 | sp=som:active d=1.2 age=4 dtg=14.96 region=0_11
ep=1223 s=25 4195ms [sel=4 cap=4071 rest=120] sg=3->3 mode=NONE win=8 obs=26 | cap=wip act=(320,360) d=0.93 a=3 | sp=som:active d=0.9 age=5 dtg=14.96 region=0_11
ep=1223 s=26 3133ms [sel=4 cap=3009 rest=120] sg=3->3 mode=NONE win=8 obs=27 | cap=wip act=(320,360) d=0.93 a=1 | sp=som:active d=0.9 age=6 dtg=14.98 region=0_11
ep=1223 s=27 3532ms [sel=3 cap=3435 rest=94] sg=3->3 mode=NONE win=8 obs=28 | cap=wip act=(320,360) d=0.68 a=1 | sp=som:active d=0.7 age=7 dtg=15.01 region=0_11
ep=1223 s=28 5823ms [sel=1480 cap=4248 rest=95] sg=3->3 mode=NONE win=8 obs=29 | cap=wip act=(320,360) d=2.80 a=3 | sp=som:active d=2.8 age=0 som=3/7 dtg=15.01 region=0_11
ep=1223 s=29 4600ms [sel=11 cap=4489 rest=101] sg=3->3 mode=NONE win=8 obs=30 | cap=wip act=(320,360) d=2.80 a=3 | sp=som:active d=2.8 age=1 dtg=15.01 region=0_11
ep=1223 s=30 6001ms [sel=4 cap=5897 rest=100] sg=3->3 mode=NONE win=8 obs=31 | cap=wip act=(320,360) d=2.80 a=3 | sp=som:active d=2.8 age=2 dtg=15.01 region=0_11
ep=1223 s=31 4407ms [sel=4 cap=4294 rest=109] sg=3->3 mode=NONE win=8 obs=32 | cap=wip act=(320,360) d=2.80 a=3 | sp=som:active d=2.8 age=3 dtg=15.01 region=0_11
ep=1223 s=32 7477ms [sel=5 cap=7362 rest=110] sg=3->3 mode=NONE win=8 obs=33 | cap=wip act=(320,360) d=2.80 a=1 | sp=som:active d=2.8 age=4 dtg=14.81 region=0_11
ep=1223 s=33 5707ms [sel=10 cap=5587 rest=110] sg=3->3 mode=NONE win=8 obs=34 | cap=wip act=(320,360) d=2.63 a=1 | sp=som:active d=2.6 age=5 dtg=14.63 region=0_11
ep=1223 s=34 2482ms [sel=11 cap=2363 rest=109] sg=3->3 mode=NONE win=8 obs=35 | cap=wip act=(320,360) d=2.52 a=1 | sp=som:active d=2.5 age=6 dtg=14.21 region=0_11
ep=1223 s=35 9067ms [sel=13 cap=8946 rest=108] sg=3->3 mode=NONE win=8 obs=36 | cap=wip act=(320,360) d=2.38 a=1 | sp=som:active d=2.4 age=7 dtg=14.01 region=0_11
ep=1223 s=36 6126ms [sel=13 cap=6005 rest=108] sg=3->3 mode=NONE win=8 obs=37 | cap=wip act=(320,360) d=2.25 a=2 | sp=som:active d=2.2 age=8 dtg=14.01 region=0_11
ep=1223 s=37 7854ms [sel=11 cap=7735 rest=108] sg=3->3 mode=NONE win=8 obs=38 | cap=wip act=(320,360) d=2.25 a=2 | sp=som:active d=2.2 age=9 dtg=14.01 region=0_11
ep=1223 s=38 7077ms [sel=3 cap=6964 rest=110] sg=3->3 mode=NONE win=8 obs=39 | cap=wip act=(320,360) d=2.25 a=1 | sp=som:active d=2.2 age=10 dtg=13.90 region=0_11
ep=1223 s=39 5001ms [sel=3 cap=4893 rest=105] sg=3->3 mode=NONE win=8 obs=40 | cap=wip act=(320,360) d=2.04 a=2 | sp=som:active d=2.0 age=11 dtg=13.90 region=0_11
ep=1223 s=40 7483ms [sel=3 cap=7380 rest=101] sg=3->3 mode=NONE win=8 obs=41 | cap=wip act=(320,360) d=2.04 a=1 | sp=som:active d=2.0 age=12 dtg=13.85 region=0_11
ep=1223 s=41 5983ms [sel=3 cap=5879 rest=101] sg=3->3 mode=NONE win=8 obs=42 | cap=wip act=(320,360) d=1.81 a=1 | sp=som:active d=1.8 age=13 dtg=13.81 region=0_11
ep=1223 s=42 8461ms [sel=3 cap=8355 rest=103] sg=3->3 mode=NONE win=8 obs=43 | cap=wip act=(320,360) d=1.59 a=2 | sp=som:active d=1.6 age=14 dtg=13.81 region=0_11
ep=1223 s=43 7160ms [sel=3 cap=7059 rest=99] sg=3->3 mode=GET_NOWHERE win=8 obs=44 | cap=wip/GET_NOWHERE act=(320,360) d=1.59 a=2 | sp=som:active d=1.6 age=15 dtg=13.81 region=0_11
ep=1223 s=44 7806ms [sel=3 cap=7707 rest=96] sg=3->3 mode=NONE win=8 obs=45 | cap=wip act=(320,360) d=1.59 a=1 | sp=som:active d=1.6 age=16 dtg=13.90 region=0_11
ep=1223 s=45 8280ms [sel=3 cap=8183 rest=95] sg=3->3 mode=NONE win=8 obs=46 | cap=wip act=(320,360) d=1.34 a=1 | sp=som:active d=1.3 age=17 dtg=14.00 region=0_11
ep=1223 s=46 4623ms [sel=3 cap=4521 rest=98] sg=3->3 mode=NONE win=8 obs=47 | cap=wip act=(320,360) d=1.09 a=1 | sp=som:active d=1.1 age=18 dtg=14.11 region=0_11
ep=1223 s=47 5440ms [sel=3 cap=5342 rest=95] sg=3->3 mode=NONE win=8 obs=48 | cap=wip act=(320,360) d=0.84 a=1 | sp=som:active d=0.8 age=19 dtg=14.22 region=0_11
ep=1223 s=48 4313ms [sel=3 cap=4217 rest=93] sg=3->3 mode=NONE win=8 obs=49 | cap=wip act=(320,360) d=0.59 a=1 | sp=som:active d=0.6 age=20 dtg=14.34 region=0_11
ep=1223 s=49 6069ms [sel=3323 cap=2654 rest=92] sg=3->3 mode=NONE win=8 obs=50 | cap=wip act=(320,360) d=2.94 a=2 | sp=som:active d=2.9 age=0 som=3/8 dtg=14.34 region=0_11
ep=1223 s=50 4270ms [sel=12 cap=4168 rest=90] sg=3->3 mode=NONE win=8 obs=51 | cap=wip act=(320,360) d=2.94 a=2 | sp=som:active d=2.9 age=1 dtg=14.34 region=0_11
ep=1223 s=51 2899ms [sel=12 cap=2802 rest=84] sg=3->3 mode=NONE win=8 obs=52 | cap=wip act=(320,360) d=2.94 a=2 | sp=som:active d=2.9 age=2 dtg=14.34 region=0_11
ep=1223 s=52 3230ms [sel=12 cap=3137 rest=82] sg=3->3 mode=NONE win=8 obs=53 | cap=wip act=(320,360) d=2.94 a=2 | sp=som:active d=2.9 age=3 dtg=14.34 region=0_11
ep=1223 s=53 3545ms [sel=12 cap=3449 rest=83] sg=3->3 mode=NONE win=8 obs=54 | cap=wip act=(320,360) d=2.94 a=2 | sp=som:active d=2.9 age=4 dtg=14.34 region=0_11
ep=1223 s=54 6404ms [sel=12 cap=6304 rest=88] sg=3->3 mode=NONE win=8 obs=55 | cap=wip act=(320,360) d=2.94 a=2 | sp=som:active d=2.9 age=5 dtg=14.34 region=0_11
ep=1223 s=55 6840ms [sel=12 cap=6736 rest=93] sg=3->3 mode=WALL_STUCK win=8 obs=56 | cap=wip/WALL_STUCK act=(320,360) d=2.94 a=2 | sp=som:active d=2.9 age=6 dtg=14.34 region=0_11
ep=1223 s=56 6452ms [sel=4 cap=5951 rest=462] sg=3->3 mode=WALL_STUCK win=8 obs=57 | cap=wip/WALL_STUCK act=(320,360) d=2.94 a=2 | preview=view-/6 yaw=+0 render=34ms | sp=som:active d=2.9 age=7 dtg=14.34 region=0_11
ep=1223 s=57 8552ms [sel=4 cap=8446 rest=102] sg=3->3 mode=NONE win=8 obs=58 | cap=wip act=(320,360) d=2.94 a=2 | sp=som:active d=2.9 age=8 dtg=14.34 region=0_11
ep=1223 s=58 10033ms [sel=4 cap=9930 rest=99] sg=3->3 mode=NONE win=8 obs=59 | cap=wip act=(320,360) d=2.94 a=1 | sp=som:active d=2.9 age=9 dtg=14.40 region=0_11
ep=1223 s=59 5484ms [sel=5 cap=5380 rest=99] sg=3->3 mode=NONE win=8 obs=60 | cap=wip act=(320,360) d=3.12 a=2 | sp=som:active d=3.1 age=10 dtg=14.40 region=0_11
ep=1223 s=60 8191ms [sel=4 cap=8087 rest=101] sg=3->3 mode=NONE win=8 obs=61 | cap=wip act=(320,360) d=3.12 a=1 | sp=som:active d=3.1 age=11 dtg=14.41 region=0_11
ep=1223 s=61 6130ms [sel=4 cap=6027 rest=99] sg=3->3 mode=NONE win=8 obs=62 | cap=wip act=(320,360) d=3.34 a=3 | sp=som:active d=3.3 age=12 dtg=14.41 region=0_11
ep=1223 s=62 6885ms [sel=5 cap=6782 rest=98] sg=3->3 mode=NONE win=8 obs=63 | cap=wip act=(320,360) d=3.34 a=1 | sp=som:active d=3.3 age=13 dtg=14.50 region=0_28
ep=1223 s=63 5395ms [sel=4 cap=5293 rest=99] sg=3->3 mode=NONE win=8 obs=64 | cap=wip act=(320,360) d=3.53 a=3 | sp=som:active d=3.5 age=14 dtg=14.50 region=0_28
ep=1223 s=64 5338ms [sel=5 cap=5236 rest=97] sg=3->3 mode=NONE win=8 obs=65 | cap=wip act=(320,360) d=3.53 a=3 | sp=som:active d=3.5 age=15 dtg=14.50 region=0_28
ep=1223 s=65 4488ms [sel=5 cap=4389 rest=94] sg=3->3 mode=NONE win=8 obs=66 | cap=wip act=(320,360) d=3.53 a=1 | sp=som:active d=3.5 age=16 dtg=14.67 region=0_28
ep=1223 s=66 3897ms [sel=4 cap=3800 rest=93] sg=3->3 mode=NONE win=8 obs=67 | cap=wip act=(320,360) d=3.47 a=1 | sp=som:active d=3.5 age=17 dtg=14.72 region=0_28
ep=1223 s=67 5770ms [sel=0 cap=5432 rest=338] sg=3->3 mode=NONE win=8 obs=68 | cap=wip act=TURN request=-45deg execute=-15deg x1 a=2 | sp=som:active d=3.4 age=18 dtg=14.72 region=0_28
ep=1223 s=68 6730ms [sel=0 cap=6635 rest=95] sg=3->3 mode=NONE win=8 obs=69 | cap=wip act=TURN request=-45deg execute=-15deg x1 a=2 | sp=som:active d=3.4 age=19 dtg=14.72 region=0_28
ep=1223 s=69 4195ms [sel=0 cap=4092 rest=103] sg=3->3 mode=NONE win=8 obs=70 | cap=wip act=TURN request=-45deg execute=-15deg x1 a=2 | sp=som:stagnant d=3.4 age=20 dtg=14.72 region=0_28
ep=1223 s=70 7128ms [sel=0 cap=7029 rest=99] sg=3->3 mode=NONE win=8 obs=71 | cap=wip act=TURN request=-45deg execute=-15deg x1 a=2 | sp=som:stagnant d=3.4 age=21 dtg=14.72 region=0_28
ep=1223 s=71 5336ms [sel=0 cap=5236 rest=100] sg=3->3 mode=NONE win=8 obs=72 | cap=wip act=TURN request=-45deg execute=-15deg x1 a=2 | sp=som:stagnant d=3.4 age=22 dtg=14.72 region=0_28
ep=1223 s=72 5871ms [sel=0 cap=5764 rest=106] sg=3->3 mode=NONE win=8 obs=73 | cap=wip act=TURN request=-45deg execute=-15deg x1 a=2 | sp=som:stagnant d=3.4 age=23 dtg=14.72 region=0_28
ep=1223 s=73 6200ms [sel=0 cap=6088 rest=112] sg=3->3 mode=NONE win=8 obs=74 | cap=wip act=TURN request=-45deg execute=-15deg x1 a=2 | sp=som:stagnant d=3.4 age=24 dtg=14.72 region=0_28
ep=1223 s=74 4965ms [sel=0 cap=4853 rest=112] sg=3->3 mode=NONE win=8 obs=75 | cap=wip act=TURN request=-45deg execute=-15deg x1 a=2 | sp=som:stagnant d=3.4 age=25 dtg=14.72 region=0_28
ep=1223 s=75 7844ms [sel=1788 cap=5943 rest=113] sg=3->3 mode=NONE win=8 obs=76 | cap=wip act=(320,360) d=1.36 a=1 | sp=frontier:active d=1.4 age=0 som=R/7 dtg=14.48 region=0_28
ep=1223 s=76 8002ms [sel=14 cap=7875 rest=114] sg=3->3 mode=NONE win=8 obs=77 | cap=wip act=(320,360) d=1.35 a=3 | sp=frontier:active d=1.4 age=1 dtg=14.48 region=0_28
ep=1223 s=77 6567ms [sel=10 cap=6444 rest=113] sg=3->3 mode=NONE win=8 obs=78 | cap=wip act=(320,360) d=1.35 a=1 | sp=frontier:active d=1.4 age=2 dtg=14.27 region=0_11
ep=1223 s=78 8676ms [sel=11 cap=8552 rest=113] sg=3->3 mode=NONE win=8 obs=79 | cap=wip act=(320,360) d=1.38 a=3 | sp=frontier:active d=1.4 age=3 dtg=14.27 region=0_11
ep=1223 s=79 8821ms [sel=8 cap=8703 rest=110] sg=3->3 mode=NONE win=8 obs=80 | cap=wip act=(320,360) d=1.38 a=3 | sp=frontier:active d=1.4 age=4 dtg=14.27 region=0_11
ep=1223 s=80 4531ms [sel=4 cap=4418 rest=109] sg=3->3 mode=NONE win=8 obs=81 | cap=wip act=(320,360) d=1.38 a=1 | sp=frontier:active d=1.4 age=5 dtg=14.12 region=0_11
ep=1223 s=81 6880ms [sel=6 cap=6763 rest=110] sg=3->3 mode=NONE win=8 obs=82 | cap=wip act=(320,360) d=1.26 a=3 | sp=frontier:active d=1.3 age=6 dtg=14.12 region=0_11
ep=1223 s=82 8502ms [sel=21 cap=7982 rest=463] sg=3->3 mode=NONE win=8 obs=83 | cap=wip act=(160,180) d=1.36 a=3 | preview=view3/6 yaw=+30 render=36ms | sp=preview:active d=1.4 age=0 dtg=14.12 region=0_11
ep=1223 s=83 5339ms [sel=3 cap=5233 rest=103] sg=3->3 mode=NONE win=8 obs=84 | cap=wip act=(320,360) d=1.36 a=1 | sp=preview:active d=1.4 age=1 dtg=14.16 region=0_11
ep=1223 s=84 6880ms [sel=3 cap=6771 rest=106] sg=3->3 mode=NONE win=8 obs=85 | cap=wip act=(320,360) d=1.13 a=1 | sp=preview:active d=1.1 age=2 dtg=14.20 region=0_11
ep=1223 s=85 5734ms [sel=4 cap=5624 rest=107] sg=3->3 mode=NONE win=8 obs=86 | cap=wip act=(320,360) d=0.91 a=1 | sp=preview:active d=0.9 age=3 dtg=14.24 region=0_11
ep=1223 s=86 6677ms [sel=3 cap=6567 rest=107] sg=3->3 mode=NONE win=8 obs=87 | cap=wip act=(320,360) d=0.71 a=3 | sp=preview:active d=0.7 age=4 dtg=14.24 region=0_11
ep=1223 s=87 5374ms [sel=3 cap=5267 rest=104] sg=3->3 mode=NONE win=8 obs=88 | cap=wip act=(320,360) d=0.71 a=3 | sp=preview:active d=0.7 age=5 dtg=14.24 region=0_11
ep=1223 s=88 3189ms [sel=3 cap=3084 rest=102] sg=3->3 mode=NONE win=8 obs=89 | cap=wip act=(320,360) d=0.71 a=1 | sp=preview:active d=0.7 age=6 dtg=14.42 region=0_11
ep=1223 s=89 7156ms [sel=1678 cap=5376 rest=102] sg=3->3 mode=NONE win=8 obs=90 | cap=wip act=TURN request=+45deg execute=+15deg x1 a=3 | sp=som:active d=3.0 age=0 som=5/8 dtg=14.42 region=0_11
ep=1223 s=90 5448ms [sel=6 cap=5341 rest=101] sg=3->3 mode=NONE win=8 obs=91 | cap=wip act=TURN request=+45deg execute=+15deg x1 a=3 | sp=som:active d=3.0 age=1 dtg=14.42 region=0_11
ep=1223 s=91 4497ms [sel=15 cap=4383 rest=99] sg=3->3 mode=NONE win=8 obs=92 | cap=wip act=(320,360) d=2.97 a=3 | sp=som:active d=3.0 age=2 dtg=14.42 region=0_11
ep=1223 s=92 4433ms [sel=3 cap=4334 rest=96] sg=3->3 mode=NONE win=8 obs=93 | cap=wip act=(320,360) d=2.97 a=3 | sp=som:active d=3.0 age=3 dtg=14.42 region=0_11
ep=1223 s=93 4309ms [sel=3 cap=4214 rest=91] sg=3->3 mode=NONE win=8 obs=94 | cap=wip act=(320,360) d=2.97 a=1 | sp=som:active d=3.0 age=4 dtg=14.67 region=0_28
ep=1223 s=94 6920ms [sel=3 cap=6825 rest=92] sg=3->3 mode=NONE win=8 obs=95 | cap=wip act=(320,360) d=2.75 a=1 | sp=som:active d=2.7 age=5 dtg=14.74 region=0_28
ep=1223 s=95 5526ms [sel=3 cap=5095 rest=394] sg=3->3 mode=NONE win=8 obs=96 | cap=wip act=(320,360) d=2.69 a=1 | preview=view-/6 yaw=+0 render=33ms | sp=som:active d=2.7 age=6 dtg=14.74 region=0_28
ep=1223 s=96 4876ms [sel=0 cap=4480 rest=395] sg=3->3 mode=NONE win=8 obs=97 | cap=wip act=TURN request=-45deg execute=-15deg x1 a=2 | sp=som:active d=2.7 age=7 dtg=14.74 region=0_28
ep=1223 s=97 7822ms [sel=0 cap=7724 rest=98] sg=3->3 mode=NONE win=8 obs=98 | cap=wip act=TURN request=-45deg execute=-15deg x1 a=2 | sp=som:active d=2.7 age=8 dtg=14.74 region=0_28
ep=1223 s=98 3597ms [sel=0 cap=3496 rest=101] sg=3->3 mode=NONE win=8 obs=99 | cap=wip act=TURN request=-45deg execute=-15deg x1 a=2 | sp=som:active d=2.7 age=9 dtg=14.74 region=0_28
ep=1223 s=99 6746ms [sel=0 cap=6641 rest=104] sg=3->3 mode=NONE win=8 obs=100 | cap=wip act=TURN request=-45deg execute=-15deg x1 a=2 | sp=som:active d=2.7 age=10 dtg=14.74 region=0_28
ep=1223 s=100 6097ms [sel=0 cap=5989 rest=108] sg=3->3 mode=NONE win=8 obs=101 | cap=wip act=TURN request=-45deg execute=-15deg x1 a=2 | sp=som:active d=2.7 age=11 dtg=14.74 region=0_28
ep=1223 s=101 3833ms [sel=0 cap=3725 rest=108] sg=3->3 mode=NONE win=8 obs=102 | cap=wip act=TURN request=-45deg execute=-15deg x1 a=2 | sp=som:active d=2.7 age=12 dtg=14.74 region=0_28
ep=1223 s=102 5881ms [sel=1806 cap=3964 rest=111] sg=3->3 mode=NONE win=8 obs=103 | cap=wip act=(320,360) d=3.00 a=2 | sp=som:active d=3.0 age=0 som=3/7 dtg=14.74 region=0_28
ep=1223 s=103 7685ms [sel=6 cap=7569 rest=110] sg=3->3 mode=NONE win=8 obs=104 | cap=wip act=(320,360) d=3.00 a=1 | sp=som:active d=3.0 age=1 dtg=14.71 region=0_11
ep=1223 s=104 4575ms [sel=6 cap=4461 rest=108] sg=3->3 mode=NONE win=8 obs=105 | cap=wip act=(320,360) d=2.96 a=1 | sp=som:active d=3.0 age=2 dtg=14.67 region=0_11
ep=1223 s=105 6466ms [sel=0 cap=6181 rest=285] sg=3->3 mode=NONE win=8 obs=106 | cap=wip act=TURN request=-45deg execute=-15deg x1 a=2 | sp=som:active d=3.0 age=3 dtg=14.67 region=0_11
ep=1223 s=106 6616ms [sel=0 cap=6505 rest=111] sg=3->3 mode=NONE win=8 obs=107 | cap=wip act=TURN request=-45deg execute=-15deg x1 a=2 | sp=som:active d=3.0 age=4 dtg=14.67 region=0_11
ep=1223 s=107 5975ms [sel=0 cap=5852 rest=122] sg=3->3 mode=NONE win=8 obs=108 | cap=wip act=TURN request=-45deg execute=-15deg x1 a=2 | sp=som:active d=3.0 age=5 dtg=14.67 region=0_11
ep=1223 s=108 3253ms [sel=0 cap=3138 rest=115] sg=3->3 mode=NONE win=8 obs=109 | cap=wip act=TURN request=-45deg execute=-15deg x1 a=2 | sp=som:active d=3.0 age=6 dtg=14.67 region=0_11
ep=1223 s=109 4791ms [sel=0 cap=4676 rest=116] sg=3->3 mode=NONE win=8 obs=110 | cap=wip act=TURN request=-45deg execute=-15deg x1 a=2 | sp=som:active d=3.0 age=7 dtg=14.67 region=0_11
ep=1223 s=110 2887ms [sel=24 cap=2748 rest=115] sg=3->3 mode=NONE win=8 obs=111 | cap=wip act=(320,360) d=2.96 a=2 | sp=som:active d=3.0 age=8 dtg=14.67 region=0_11
ep=1223 s=111 5103ms [sel=25 cap=4961 rest=117] sg=3->3 mode=NONE win=8 obs=112 | cap=wip act=(320,360) d=2.96 a=1 | sp=som:active d=3.0 age=9 dtg=14.41 region=0_11
ep=1223 s=112 5539ms [sel=26 cap=5397 rest=116] sg=3->3 mode=NONE win=8 obs=113 | cap=wip act=(320,360) d=3.03 a=3 | sp=som:active d=3.0 age=10 dtg=14.41 region=0_11
ep=1223 s=113 2960ms [sel=25 cap=2821 rest=114] sg=3->3 mode=NONE win=8 obs=114 | cap=wip act=(320,360) d=3.03 a=1 | sp=som:active d=3.0 age=11 dtg=14.16 region=0_11
ep=1223 s=114 3007ms [sel=29 cap=2863 rest=115] sg=3->3 mode=NONE win=8 obs=115 | cap=wip act=(320,360) d=3.05 a=3 | sp=som:active d=3.1 age=12 dtg=14.16 region=0_11
ep=1223 s=115 2670ms [sel=26 cap=2531 rest=113] sg=3->3 mode=NONE win=8 obs=116 | cap=wip act=(320,360) d=3.05 a=3 | sp=som:active d=3.1 age=13 dtg=14.16 region=0_11
ep=1223 s=116 6801ms [sel=22 cap=6666 rest=113] sg=3->3 mode=NONE win=8 obs=117 | cap=wip act=(320,360) d=3.05 a=3 | sp=som:active d=3.1 age=14 dtg=14.16 region=0_11
ep=1223 s=117 3248ms [sel=16 cap=3122 rest=111] sg=3->3 mode=NONE win=8 obs=118 | cap=wip act=(320,360) d=3.05 a=1 | sp=som:active d=3.1 age=15 dtg=14.23 region=0_11
ep=1223 s=118 6507ms [sel=27 cap=6369 rest=111] sg=3->3 mode=NONE win=8 obs=119 | cap=wip act=(320,360) d=2.91 a=3 | sp=som:active d=2.9 age=16 dtg=14.23 region=0_11
ep=1223 s=119 8635ms [sel=11 cap=8514 rest=110] sg=3->3 mode=NONE win=8 obs=120 | cap=wip act=(320,360) d=2.91 a=3 | sp=som:active d=2.9 age=17 dtg=14.23 region=0_11
ep=1223 s=120 3228ms [sel=7 cap=3115 rest=106] sg=3->3 mode=NONE win=8 obs=121 | cap=wip act=(320,360) d=2.91 a=3 | sp=som:active d=2.9 age=18 dtg=14.23 region=0_11
ep=1223 s=121 5155ms [sel=32 cap=4625 rest=464] sg=3->3 mode=NONE win=8 obs=122 | cap=wip act=(160,180) d=3.36 a=2 | preview=view1/6 yaw=-60 render=34ms | sp=preview:active d=3.4 age=0 dtg=14.23 region=0_11
ep=1223 s=122 7672ms [sel=6 cap=7560 rest=106] sg=3->3 mode=NONE win=8 obs=123 | cap=wip act=(320,360) d=3.36 a=2 | sp=preview:active d=3.4 age=1 dtg=14.23 region=0_11
ep=1223 s=123 4882ms [sel=6 cap=4770 rest=106] sg=3->3 mode=NONE win=8 obs=124 | cap=wip act=(320,360) d=3.36 a=1 | sp=preview:active d=3.4 age=2 dtg=14.13 region=0_11
ep=1223 s=124 3562ms [sel=3 cap=3449 rest=110] sg=3->3 mode=NONE win=8 obs=125 | cap=wip act=(320,360) d=3.11 a=2 | sp=preview:active d=3.1 age=3 dtg=14.13 region=0_11
ep=1223 s=125 8055ms [sel=22 cap=7527 rest=472] sg=3->3 mode=NONE win=8 obs=126 | cap=wip act=(160,180) d=3.22 a=2 | preview=view2/6 yaw=-30 render=34ms | sp=preview:active d=3.2 age=0 dtg=14.13 region=0_11
ep=1223 s=126 5327ms [sel=3 cap=5211 rest=113] sg=3->3 mode=NONE win=8 obs=127 | cap=wip act=(320,360) d=3.22 a=1 | sp=preview:active d=3.2 age=1 dtg=13.93 region=0_11
ep=1223 s=127 7210ms [sel=4 cap=7094 rest=113] sg=3->3 mode=NONE win=8 obs=128 | cap=wip act=(320,360) d=2.97 a=1 | sp=preview:active d=3.0 age=2 dtg=13.73 region=0_11
ep=1223 s=128 2579ms [sel=3 cap=2462 rest=114] sg=3->3 mode=NONE win=8 obs=129 | cap=wip act=(320,360) d=2.72 a=2 | sp=preview:active d=2.7 age=3 dtg=13.73 region=0_11
ep=1223 s=129 3485ms [sel=3 cap=3365 rest=117] sg=3->3 mode=NONE win=8 obs=130 | cap=wip act=(320,360) d=2.72 a=1 | sp=preview:active d=2.7 age=4 dtg=13.50 region=0_11
ep=1223 s=130 6928ms [sel=3 cap=6810 rest=115] sg=3->3 mode=NONE win=8 obs=131 | cap=wip act=(320,360) d=2.47 a=1 | sp=preview:active d=2.5 age=5 dtg=13.28 region=0_11
ep=1223 s=131 3841ms [sel=4 cap=3722 rest=115] sg=3->3 mode=NONE win=8 obs=132 | cap=wip act=(320,360) d=2.23 a=1 | sp=preview:active d=2.2 age=6 dtg=13.06 region=0_11
ep=1223 s=132 4835ms [sel=3 cap=4718 rest=115] sg=3->3 mode=NONE win=8 obs=133 | cap=wip act=(320,360) d=1.98 a=1 | sp=preview:active d=2.0 age=7 dtg=12.84 region=0_11
ep=1223 s=133 6687ms [sel=831 cap=5741 rest=115] sg=3->3 mode=NONE win=8 obs=134 | cap=wip act=(320,360) d=3.03 a=3 | sp=som:active d=3.0 age=0 som=5/8 dtg=12.84 region=0_11
ep=1223 s=134 2246ms [sel=3 cap=2126 rest=117] sg=3->3 mode=NONE win=8 obs=135 | cap=wip act=(320,360) d=3.03 a=3 | sp=som:active d=3.0 age=1 dtg=12.84 region=0_11
ep=1223 s=135 4355ms [sel=3 cap=4239 rest=113] sg=3->3 mode=NONE win=8 obs=136 | cap=wip act=(320,360) d=3.03 a=1 | sp=som:active d=3.0 age=2 dtg=12.71 region=0_11
ep=1223 s=136 8593ms [sel=3 cap=8478 rest=112] sg=3->3 mode=NONE win=8 obs=137 | cap=wip act=(320,360) d=2.78 a=1 | sp=som:active d=2.8 age=3 dtg=12.59 region=0_11
ep=1223 s=137 6660ms [sel=62 cap=6115 rest=449] sg=3->3 mode=NONE win=8 obs=138 | cap=wip act=(160,180) d=5.44 a=2 | preview=view2/6 yaw=-45 render=33ms | sp=preview:active d=5.4 age=0 dtg=12.59 region=0_11
ep=1223 s=138 5259ms [sel=37 cap=5107 rest=115] sg=3->3 mode=NONE win=8 obs=139 | cap=wip act=(320,360) d=5.44 a=2 | sp=preview:active d=5.4 age=1 dtg=12.59 region=0_11
ep=1223 s=139 3191ms [sel=36 cap=3039 rest=115] sg=3->3 mode=NONE win=8 obs=140 | cap=wip act=(320,360) d=5.44 a=2 | sp=preview:active d=5.4 age=2 dtg=12.59 region=0_11
ep=1223 s=140 4211ms [sel=26 cap=4071 rest=115] sg=3->3 mode=NONE win=8 obs=141 | cap=wip act=(320,360) d=5.44 a=2 | sp=preview:active d=5.4 age=3 dtg=12.59 region=0_11
ep=1223 s=141 1598ms [sel=8 cap=1471 rest=119] sg=3->3 mode=NONE win=8 obs=142 | cap=wip act=(320,360) d=5.44 a=2 | sp=preview:active d=5.4 age=4 dtg=12.59 region=0_11
ep=1223 s=142 5636ms [sel=8 cap=5514 rest=115] sg=3->3 mode=NONE win=8 obs=143 | cap=wip act=(320,360) d=5.44 a=2 | sp=preview:active d=5.4 age=5 dtg=12.59 region=0_11
ep=1223 s=143 6229ms [sel=8 cap=6107 rest=113] sg=3->3 mode=NONE win=8 obs=144 | cap=wip act=(320,360) d=5.44 a=1 | sp=preview:active d=5.4 age=6 dtg=12.37 region=0_11
ep=1223 s=144 2653ms [sel=6 cap=2514 rest=133] sg=3->3 mode=NONE win=8 obs=145 | cap=wip act=(320,360) d=5.20 a=1 | sp=preview:active d=5.2 age=7 dtg=12.15 region=0_11
ep=1223 s=145 4460ms [sel=3 cap=4344 rest=112] sg=3->3 mode=NONE win=8 obs=146 | cap=wip act=(320,360) d=4.96 a=1 | sp=preview:active d=5.0 age=8 dtg=11.94 region=0_11
ep=1223 s=146 2666ms [sel=3 cap=2548 rest=115] sg=3->3 mode=NONE win=8 obs=147 | cap=wip act=(320,360) d=4.71 a=1 | sp=preview:active d=4.7 age=9 dtg=11.72 region=0_11
ep=1223 s=147 1323ms [sel=3 cap=1206 rest=114] sg=3->3 mode=NONE win=8 obs=148 | cap=wip act=(320,360) d=4.47 a=1 | sp=preview:active d=4.5 age=10 dtg=11.52 region=0_11
ep=1223 s=148 2064ms [sel=3 cap=1948 rest=113] sg=3->3 mode=NONE win=8 obs=149 | cap=wip act=(320,360) d=4.23 a=1 | sp=preview:active d=4.2 age=11 dtg=11.31 region=0_11
ep=1223 s=149 5673ms [sel=3 cap=5557 rest=113] sg=3->3 mode=NONE win=8 obs=150 | cap=wip act=(320,360) d=3.98 a=1 | sp=preview:active d=4.0 age=12 dtg=11.12 region=0_11
ep=1223 s=150 4296ms [sel=3 cap=4181 rest=112] sg=3->3 mode=NONE win=8 obs=151 | cap=wip act=(320,360) d=3.74 a=1 | sp=preview:active d=3.7 age=13 dtg=10.94 region=0_11
ep=1223 s=151 3422ms [sel=3 cap=3305 rest=114] sg=3->3 mode=NONE win=8 obs=152 | cap=wip act=(320,360) d=3.50 a=1 | sp=preview:active d=3.5 age=14 dtg=10.75 region=0_11
ep=1223 s=152 5201ms [sel=1600 cap=3487 rest=113] sg=3->3 mode=NONE win=8 obs=153 | cap=wip act=(320,360) d=3.05 a=1 | sp=som:active d=3.1 age=0 som=3/8 dtg=10.58 region=0_11
ep=1223 s=153 3804ms [sel=3 cap=3689 rest=113] sg=3->3 mode=NONE win=8 obs=154 | cap=wip act=(320,360) d=2.80 a=1 | sp=som:active d=2.8 age=1 dtg=10.11 region=0_11
ep=1223 s=154 4529ms [sel=3 cap=4411 rest=115] sg=3->3 mode=NONE win=8 obs=155 | cap=wip act=(320,360) d=2.56 a=1 | sp=som:active d=2.6 age=2 dtg=9.90 region=0_11
ep=1223 s=155 2832ms [sel=3 cap=2716 rest=113] sg=3->3 mode=NONE win=8 obs=156 | cap=wip act=(320,360) d=2.31 a=1 | sp=som:active d=2.3 age=3 dtg=9.68 region=0_11
ep=1223 s=156 6904ms [sel=3 cap=6788 rest=113] sg=3->3 mode=NONE win=8 obs=157 | cap=wip act=(320,360) d=2.07 a=1 | sp=som:active d=2.1 age=4 dtg=9.47 region=0_11
ep=1223 s=157 3286ms [sel=3 cap=3167 rest=116] sg=3->3 mode=NONE win=8 obs=158 | cap=wip act=(320,360) d=1.82 a=1 | sp=som:active d=1.8 age=5 dtg=9.30 region=0_11
ep=1223 s=158 4501ms [sel=3 cap=4384 rest=115] sg=3->3 mode=NONE win=8 obs=159 | cap=wip act=(320,360) d=1.58 a=1 | sp=som:active d=1.6 age=6 dtg=9.11 region=0_11
ep=1223 s=159 4204ms [sel=3 cap=4085 rest=116] sg=3->3 mode=NONE win=8 obs=160 | cap=wip act=(320,360) d=1.34 a=1 | sp=som:active d=1.3 age=7 dtg=8.92 region=0_11
ep=1223 s=160 3885ms [sel=3 cap=3766 rest=116] sg=3->3 mode=NONE win=8 obs=161 | cap=wip act=(320,360) d=1.11 a=2 | sp=som:active d=1.1 age=8 dtg=8.92 region=0_11
ep=1223 s=161 2716ms [sel=3 cap=2597 rest=116] sg=3->3 mode=NONE win=8 obs=162 | cap=wip act=(320,360) d=1.11 a=1 | sp=som:active d=1.1 age=9 dtg=8.80 region=0_11
ep=1223 s=162 4675ms [sel=3 cap=4555 rest=117] sg=3->3 mode=NONE win=8 obs=163 | cap=wip act=(320,360) d=0.86 a=1 | sp=som:active d=0.9 age=10 dtg=8.70 region=0_11
ep=1223 s=163 6745ms [sel=3 cap=6624 rest=118] sg=3->3 mode=NONE win=8 obs=164 | cap=wip act=(320,360) d=0.62 a=2 | sp=som:active d=0.6 age=11 dtg=8.70 region=0_11
ep=1223 s=164 4686ms [sel=3 cap=4570 rest=114] sg=3->3 mode=NONE win=8 obs=165 | cap=wip act=(320,360) d=0.62 a=1 | sp=som:active d=0.6 age=12 dtg=8.68 region=0_11
ep=1223 s=165 6424ms [sel=2445 cap=3864 rest=114] sg=3->3 mode=NONE win=8 obs=166 | cap=wip act=(320,360) d=2.99 a=1 | sp=som:active d=3.0 age=0 som=3/7 dtg=8.81 region=0_11
ep=1223 s=166 6126ms [sel=4 cap=6006 rest=116] sg=3->3 mode=NONE win=8 obs=167 | cap=wip act=(320,360) d=2.74 a=1 | sp=som:active d=2.7 age=1 dtg=8.88 region=0_11
ep=1223 s=167 7172ms [sel=4 cap=7053 rest=115] sg=3->3 mode=NONE win=8 obs=168 | cap=wip act=(320,360) d=2.49 a=1 | sp=som:active d=2.5 age=2 dtg=8.98 region=0_11
ep=1223 s=168 6347ms [sel=3 cap=5830 rest=481] sg=3->3 mode=NONE win=8 obs=169 | cap=wip act=(320,360) d=2.24 a=1 | preview=view-/6 yaw=+0 render=34ms | sp=som:active d=2.2 age=3 dtg=9.12 region=0_11
ep=1223 s=169 4715ms [sel=4 cap=4601 rest=110] sg=3->3 mode=NONE win=8 obs=170 | cap=wip act=(320,360) d=1.99 a=1 | sp=som:active d=2.0 age=4 dtg=9.28 region=0_11
ep=1223 s=170 2851ms [sel=4 cap=2736 rest=111] sg=3->3 mode=NONE win=8 obs=171 | cap=wip act=(320,360) d=1.74 a=1 | sp=som:active d=1.7 age=5 dtg=9.46 region=0_11
ep=1223 s=171 6270ms [sel=4 cap=6161 rest=105] sg=3->3 mode=NONE win=8 obs=172 | cap=wip act=(320,360) d=1.50 a=1 | sp=som:active d=1.5 age=6 dtg=9.65 region=0_11
ep=1223 s=172 3162ms [sel=4 cap=3056 rest=102] sg=3->3 mode=NONE win=8 obs=173 | cap=wip act=(320,360) d=1.25 a=1 | sp=som:active d=1.2 age=7 dtg=9.86 region=0_11
ep=1223 s=173 5384ms [sel=3 cap=5281 rest=100] sg=3->3 mode=NONE win=8 obs=174 | cap=wip act=(320,360) d=1.00 a=1 | sp=som:active d=1.0 age=8 dtg=10.07 region=0_11
ep=1223 s=174 4278ms [sel=3 cap=4177 rest=98] sg=3->3 mode=GET_NOWHERE win=8 obs=175 | cap=wip/GET_NOWHERE act=(320,360) d=0.75 a=1 | sp=som:active d=0.8 age=9 dtg=10.29 region=0_11
ep=1223 s=175 6558ms [sel=3 cap=6461 rest=94] sg=3->3 mode=NONE win=8 obs=176 | cap=wip act=(320,360) d=0.51 a=3 | sp=som:active d=0.5 age=10 dtg=10.29 region=0_11
ep=1223 s=176 3497ms [sel=3 cap=3390 rest=104] sg=3->3 mode=NONE win=8 obs=177 | cap=wip act=(320,360) d=0.51 a=1 | sp=som:active d=0.5 age=11 dtg=10.48 region=0_11
ep=1223 s=177 4085ms [sel=705 cap=3275 rest=105] sg=3->3 mode=NONE win=8 obs=178 | cap=wip act=(320,360) d=6.78 a=2 | sp=frontier:active d=6.8 age=0 som=1/4 dtg=10.48 region=0_11
ep=1223 s=178 2048ms [sel=59 cap=1890 rest=99] sg=3->3 mode=NONE win=8 obs=179 | cap=wip act=(320,360) d=6.78 a=2 | sp=frontier:active d=6.8 age=1 dtg=10.48 region=0_11
ep=1223 s=179 4362ms [sel=1214 cap=3056 rest=92] sg=3->4 mode=NONE win=8 obs=180 | cap=DONE act=(320,360) d=7.63 a=2 | sp=frontier:active d=7.6 age=0 som=2/4 dtg=10.48 region=0_11
ep=1223 s=180 4979ms [sel=50 cap=4840 rest=90] sg=4->4 mode=NONE win=8 obs=181 | cap=wip act=(320,360) d=7.63 a=2 | sp=frontier:active d=7.6 age=1 dtg=10.48 region=0_11
ep=1223 s=181 10580ms [sel=50 cap=10071 rest=425] sg=4->4 mode=NONE win=8 obs=182 | cap=wip act=(320,360) d=7.63 a=2 | preview=view-/6 yaw=+0 render=34ms | sp=frontier:active d=7.6 age=2 dtg=10.48 region=0_11
ep=1223 s=182 6580ms [sel=50 cap=6429 rest=100] sg=4->4 mode=NONE win=8 obs=183 | cap=wip act=(320,360) d=7.63 a=2 | sp=frontier:active d=7.6 age=3 dtg=10.48 region=0_11
ep=1223 s=183 7664ms [sel=50 cap=7516 rest=99] sg=4->4 mode=NONE win=8 obs=184 | cap=wip act=(320,360) d=7.63 a=2 | sp=frontier:active d=7.6 age=4 dtg=10.48 region=0_11
ep=1223 s=184 9499ms [sel=35 cap=8980 rest=451] sg=4->4 mode=NONE win=8 obs=185 | cap=wip act=(320,360) d=7.63 a=2 | preview=view-/6 yaw=+0 render=34ms | sp=frontier:active d=7.6 age=5 dtg=10.48 region=0_11
ep=1223 s=185 6989ms [sel=25 cap=6863 rest=101] sg=4->4 mode=NONE win=8 obs=186 | cap=wip act=(320,360) d=7.63 a=2 | sp=frontier:active d=7.6 age=6 dtg=10.48 region=0_11
ep=1223 s=186 16856ms [sel=19 cap=16731 rest=105] sg=4->4 mode=NONE win=8 obs=187 | cap=wip act=(320,360) d=7.63 a=2 | sp=frontier:active d=7.6 age=7 dtg=10.48 region=0_11
ep=1223 s=187 11066ms [sel=20 cap=10561 rest=451] sg=4->4 mode=NONE win=8 obs=188 | cap=wip act=(320,360) d=7.63 a=2 | preview=view-/6 yaw=+0 render=34ms | sp=frontier:active d=7.6 age=8 dtg=10.48 region=0_11
ep=1223 s=188 9417ms [sel=20 cap=9298 rest=99] sg=4->4 mode=NONE win=8 obs=189 | cap=wip act=(320,360) d=7.63 a=1 | sp=frontier:active d=7.6 age=9 dtg=10.34 region=0_11
ep=1223 s=189 7015ms [sel=17 cap=6900 rest=98] sg=4->4 mode=NONE win=8 obs=190 | cap=wip act=(320,360) d=7.39 a=1 | sp=frontier:active d=7.4 age=10 dtg=10.22 region=0_11
ep=1223 s=190 12768ms [sel=6 cap=12272 rest=456] sg=4->None mode=NONE win=8 obs=191 | cap=DONE act=(320,360) d=1.00 a=1 | preview=view-/6 yaw=+0 render=34ms | sp=frontier:active d=7.1 age=11 ovr=1 dtg=10.11 region=0_11
ep=1223 s=191 103ms [sel=5 cap=0 rest=98] sg=None->None mode=NONE win=8 obs=192 | cap=- act=(320,360) d=1.00 a=1 | sp=frontier:active d=6.9 age=12 ovr=1 dtg=10.03 region=0_11
ep=1223 s=192 102ms [sel=5 cap=0 rest=98] sg=None->None mode=NONE win=8 obs=193 | cap=- act=(320,360) d=1.00 a=1 | sp=frontier:active d=6.7 age=13 ovr=1 dtg=9.97 region=0_11
ep=1223 s=193 98ms [sel=0 cap=0 rest=98] sg=None->None mode=NONE win=8 obs=194 | cap=- act=STOP | sp=frontier:active d=6.4 age=14 ovr=1 dtg=9.97 region=0_11
rank=3 [9/12] id=1223 steps=194 success=0.000 spl=0.000 dtg=9.97 osr=0 path_length=24.63 ndtw=0.072 sdtw=0.000
PluginManager::Manager: duplicate static plugin StbImageImporter, ignoring
PluginManager::Manager: duplicate static plugin GltfImporter, ignoring
PluginManager::Manager: duplicate static plugin BasisImporter, ignoring
PluginManager::Manager: duplicate static plugin AssimpImporter, ignoring
PluginManager::Manager: duplicate static plugin AnySceneImporter, ignoring
PluginManager::Manager: duplicate static plugin AnyImageImporter, ignoring
episode=1404 instruction='Exit the kitchen and turn left. Wait at the bottom of the stairs. ' start_position=[4.735290050506592, -2.1900038719177246, 2.9291999340057373] goal_position=[0.001144950045272708, -2.1900038719177246, -7.394699787255377e-05] reference_geodesic=5.89813232421875
episode=1404 prepared_subgoals=4
  [1] Exit the kitchen
      proof: The camera has crossed the kitchen threshold and the hallway is central in the view.
  [2] Turn left at the kitchen exit
      proof: After turning left, the stairs are directly ahead and centered in the view.
  [3] Walk down the stairs
      proof: The camera has passed the stairs: they are below and behind it and the bottom landing fills the view.
  [4] Wait at the bottom of the stairs
      proof: The camera is stationary beside the stairs, with the bottom landing clearly visible and centered in the view
ep=1404 s=0 6467ms [sel=6 cap=5987 rest=437] sg=1->1 mode=NONE win=1 obs=1 | cap=wip act=PREVIEW a=2 | preview=view4/6 yaw=+90 render=37ms dtg=5.90 region=0_0
ep=1404 s=1 6344ms [sel=1014 cap=5211 rest=119] sg=1->1 mode=NONE win=2 obs=2 | cap=wip act=TURN request=-45deg execute=-15deg x1 a=2 | sp=frontier:active d=1.2 age=0 som=L/7 dtg=5.90 region=0_0
ep=1404 s=2 3556ms [sel=4 cap=3430 rest=121] sg=1->1 mode=NONE win=3 obs=3 | cap=wip act=(320,360) d=1.18 a=2 | sp=frontier:active d=1.2 age=1 dtg=5.90 region=0_0
ep=1404 s=3 3879ms [sel=3 cap=3753 rest=123] sg=1->1 mode=NONE win=4 obs=4 | cap=wip act=(320,360) d=1.18 a=2 | sp=frontier:active d=1.2 age=2 dtg=5.90 region=0_0
ep=1404 s=4 3541ms [sel=3 cap=3415 rest=123] sg=1->1 mode=NONE win=5 obs=5 | cap=wip act=(320,360) d=1.18 a=1 | sp=frontier:active d=1.2 age=3 dtg=5.83 region=0_0
ep=1404 s=5 3364ms [sel=3 cap=3238 rest=123] sg=1->1 mode=NONE win=6 obs=6 | cap=wip act=(320,360) d=0.94 a=2 | sp=frontier:active d=0.9 age=4 dtg=5.83 region=0_0
ep=1404 s=6 4469ms [sel=3 cap=4343 rest=123] sg=1->1 mode=NONE win=7 obs=7 | cap=wip act=(320,360) d=0.94 a=1 | sp=frontier:active d=0.9 age=5 dtg=5.85 region=0_0
ep=1404 s=7 6307ms [sel=0 cap=6183 rest=124] sg=1->2 mode=NONE win=8 obs=8 | cap=DONE act=TURN request=-45deg execute=-15deg x1 a=2 | sp=frontier:active d=0.7 age=6 dtg=5.85 region=0_0
ep=1404 s=8 5527ms [sel=0 cap=5404 rest=123] sg=2->2 mode=NONE win=8 obs=9 | cap=wip act=TURN request=-45deg execute=-15deg x1 a=2 dtg=5.85 region=0_0
ep=1404 s=9 7145ms [sel=0 cap=7020 rest=125] sg=2->2 mode=NONE win=8 obs=10 | cap=wip act=TURN request=-45deg execute=-15deg x1 a=2 dtg=5.85 region=0_0
ep=1404 s=10 5948ms [sel=0 cap=5821 rest=127] sg=2->2 mode=NONE win=8 obs=11 | cap=wip act=TURN request=-45deg execute=-15deg x1 a=2 dtg=5.85 region=0_0
ep=1404 s=11 3172ms [sel=0 cap=3047 rest=125] sg=2->2 mode=NONE win=8 obs=12 | cap=wip act=TURN request=-45deg execute=-15deg x1 a=2 dtg=5.85 region=0_0
ep=1404 s=12 6242ms [sel=2292 cap=3826 rest=124] sg=2->2 mode=NONE win=8 obs=13 | cap=wip act=TURN request=+45deg execute=+15deg x1 a=3 | sp=som:active d=0.6 age=0 som=1/4 dtg=5.85 region=0_0
ep=1404 s=13 3995ms [sel=4 cap=3867 rest=124] sg=2->2 mode=NONE win=8 obs=14 | cap=wip act=(320,360) d=0.60 a=3 | sp=som:active d=0.6 age=1 dtg=5.85 region=0_0
ep=1404 s=14 4533ms [sel=3 cap=4405 rest=125] sg=2->2 mode=NONE win=8 obs=15 | cap=wip act=(320,360) d=0.60 a=3 | sp=som:active d=0.6 age=2 dtg=5.85 region=0_0
ep=1404 s=15 6327ms [sel=3 cap=6199 rest=126] sg=2->2 mode=NONE win=8 obs=16 | cap=wip act=(320,360) d=0.60 a=1 | sp=som:active d=0.6 age=3 dtg=6.02 region=0_0
ep=1404 s=16 5951ms [sel=1329 cap=4495 rest=126] sg=2->3 mode=NONE win=8 obs=17 | cap=DONE act=(320,360) d=1.34 a=3 | sp=frontier:active d=1.3 age=0 som=1/4 dtg=6.02 region=0_0
ep=1404 s=17 2878ms [sel=3 cap=2751 rest=124] sg=3->3 mode=NONE win=8 obs=18 | cap=wip act=(320,360) d=1.34 a=3 | sp=frontier:active d=1.3 age=1 dtg=6.02 region=0_0
ep=1404 s=18 4751ms [sel=3 cap=4622 rest=125] sg=3->3 mode=NONE win=8 obs=19 | cap=wip act=(320,360) d=1.34 a=1 | sp=frontier:active d=1.3 age=2 dtg=6.15 region=0_0
ep=1404 s=19 5037ms [sel=3 cap=4907 rest=128] sg=3->3 mode=NONE win=8 obs=20 | cap=wip act=(320,360) d=1.11 a=3 | sp=frontier:active d=1.1 age=3 dtg=6.15 region=0_0
ep=1404 s=20 4428ms [sel=3 cap=4302 rest=124] sg=3->3 mode=NONE win=8 obs=21 | cap=wip act=(320,360) d=1.11 a=1 | sp=frontier:active d=1.1 age=4 dtg=6.29 region=0_0
ep=1404 s=21 4277ms [sel=3 cap=4147 rest=127] sg=3->3 mode=NONE win=8 obs=22 | cap=wip act=(320,360) d=0.87 a=1 | sp=frontier:active d=0.9 age=5 dtg=6.49 region=0_0
ep=1404 s=22 5210ms [sel=1452 cap=3629 rest=129] sg=3->4 mode=NONE win=8 obs=23 | cap=DONE act=(320,360) d=2.44 a=3 | sp=frontier:active d=2.4 age=0 som=1/5 dtg=6.49 region=0_0
ep=1404 s=23 4960ms [sel=13 cap=4820 rest=128] sg=4->4 mode=NONE win=8 obs=24 | cap=wip act=(320,360) d=2.44 a=3 | sp=frontier:active d=2.4 age=1 dtg=6.49 region=0_0
ep=1404 s=24 9909ms [sel=13 cap=9415 rest=446] sg=4->4 mode=NONE win=8 obs=25 | cap=wip act=(320,360) d=2.44 a=3 | preview=view-/6 yaw=+0 render=36ms | sp=frontier:active d=2.4 age=2 dtg=6.49 region=0_0
ep=1404 s=25 4009ms [sel=19 cap=3864 rest=126] sg=4->4 mode=NONE win=8 obs=26 | cap=wip act=(320,360) d=2.44 a=3 | sp=frontier:active d=2.4 age=3 dtg=6.49 region=0_0
ep=1404 s=26 5136ms [sel=13 cap=4991 rest=132] sg=4->4 mode=NONE win=8 obs=27 | cap=wip act=(320,360) d=2.44 a=3 | sp=frontier:active d=2.4 age=4 dtg=6.49 region=0_0
ep=1404 s=27 12619ms [sel=21 cap=12105 rest=458] sg=4->4 mode=NONE win=8 obs=28 | cap=wip act=(320,360) d=2.44 a=3 | preview=view-/6 yaw=+0 render=36ms | sp=frontier:active d=2.4 age=5 dtg=6.49 region=0_0
ep=1404 s=28 3449ms [sel=18 cap=3310 rest=121] sg=4->4 mode=NONE win=8 obs=29 | cap=wip act=(320,360) d=2.44 a=3 | sp=frontier:active d=2.4 age=6 dtg=6.49 region=0_0
ep=1404 s=29 5531ms [sel=14 cap=5395 rest=122] sg=4->4 mode=NONE win=8 obs=30 | cap=wip act=(320,360) d=2.44 a=3 | sp=frontier:active d=2.4 age=7 dtg=6.49 region=0_0
ep=1404 s=30 11136ms [sel=9 cap=10636 rest=456] sg=4->4 mode=NONE win=8 obs=31 | cap=wip act=(320,360) d=2.44 a=3 | preview=view-/6 yaw=+0 render=36ms | sp=frontier:active d=2.4 age=8 dtg=6.49 region=0_0
ep=1404 s=31 7909ms [sel=9 cap=7776 rest=124] sg=4->4 mode=NONE win=8 obs=32 | cap=wip act=(320,360) d=2.44 a=3 | sp=frontier:active d=2.4 age=9 dtg=6.49 region=0_0
ep=1404 s=32 6540ms [sel=14 cap=6406 rest=120] sg=4->4 mode=NONE win=8 obs=33 | cap=wip act=(320,360) d=2.44 a=3 | sp=frontier:active d=2.4 age=10 dtg=6.49 region=0_0
ep=1404 s=33 11747ms [sel=5 cap=11267 rest=438] sg=4->None mode=NONE win=8 obs=34 | cap=DONE act=(320,360) d=1.00 a=1 | preview=view-/6 yaw=+0 render=36ms | sp=frontier:active d=2.4 age=11 dtg=6.26 region=0_0
ep=1404 s=34 125ms [sel=5 cap=0 rest=120] sg=None->None mode=NONE win=8 obs=35 | cap=- act=(320,360) d=1.00 a=1 | sp=frontier:active d=2.6 age=12 dtg=6.05 region=0_0
ep=1404 s=35 125ms [sel=4 cap=0 rest=121] sg=None->None mode=NONE win=8 obs=36 | cap=- act=(320,360) d=1.00 a=1 | sp=frontier:active d=2.7 age=13 dtg=5.90 region=0_0
ep=1404 s=36 119ms [sel=0 cap=0 rest=119] sg=None->None mode=NONE win=8 obs=37 | cap=- act=STOP | sp=frontier:active d=2.8 age=14 dtg=5.90 region=0_0
rank=3 [10/12] id=1404 steps=37 success=0.000 spl=0.000 dtg=5.90 osr=0 path_length=2.25 ndtw=0.409 sdtw=0.000
PluginManager::Manager: duplicate static plugin StbImageImporter, ignoring
PluginManager::Manager: duplicate static plugin GltfImporter, ignoring
PluginManager::Manager: duplicate static plugin BasisImporter, ignoring
PluginManager::Manager: duplicate static plugin AssimpImporter, ignoring
PluginManager::Manager: duplicate static plugin AnySceneImporter, ignoring
PluginManager::Manager: duplicate static plugin AnyImageImporter, ignoring
episode=1494 instruction='Stand with the bed behind you and walk straight down the red carpet.  Go into the room with the tile floor and stop after a few steps closer to the middle of the room. ' start_position=[1.9752399921417236, 0.27396267652511597, -11.19379997253418] goal_position=[1.9395999908447266, 0.00952601432800293, -3.063570022583008] reference_geodesic=8.134607315063477
episode=1494 prepared_subgoals=4
  [1] Stand with the bed behind you
      proof: The bed is directly behind the camera and centered in the view.
  [2] Walk straight down the red carpet
      proof: The red carpet has been fully traversed and the end of it is behind the camera.
  [3] Enter the room with the tile floor
      proof: The camera has crossed the threshold into the room and the tile floor is central in the view.
  [4] Walk a few steps closer to the middle of the room
      proof: The camera has moved a few steps forward and is now positioned near the center of the room
ep=1494 s=0 5616ms [sel=1848 cap=3212 rest=520] sg=1->1 mode=NONE win=1 obs=1 | cap=wip act=(320,360) d=2.95 a=1 | preview=view-/6 yaw=+0 render=37ms | sp=som:active d=3.0 age=0 som=2/8 dtg=8.39 region=0_0
ep=1494 s=1 4484ms [sel=2022 cap=2343 rest=119] sg=1->2 mode=NONE win=2 obs=2 | cap=DONE act=(320,360) d=2.70 a=1 | sp=som:active d=2.7 age=0 som=2/8 dtg=8.64 region=0_0
ep=1494 s=2 3666ms [sel=3 cap=3545 rest=119] sg=2->2 mode=NONE win=3 obs=3 | cap=wip act=(320,360) d=2.45 a=1 | sp=som:active d=2.5 age=1 dtg=8.88 region=0_0
ep=1494 s=3 3338ms [sel=3 cap=3217 rest=119] sg=2->2 mode=NONE win=4 obs=4 | cap=wip act=(320,360) d=2.21 a=3 | sp=som:active d=2.2 age=2 dtg=8.88 region=0_0
ep=1494 s=4 2557ms [sel=3 cap=2434 rest=120] sg=2->2 mode=NONE win=5 obs=5 | cap=wip act=(320,360) d=2.21 a=1 | sp=som:active d=2.2 age=3 dtg=9.13 region=0_0
ep=1494 s=5 5592ms [sel=6 cap=5467 rest=120] sg=2->2 mode=NONE win=6 obs=6 | cap=wip act=(320,360) d=1.96 a=1 | sp=som:active d=2.0 age=4 dtg=9.37 region=0_0
ep=1494 s=6 3716ms [sel=3 cap=3591 rest=122] sg=2->2 mode=NONE win=7 obs=7 | cap=wip act=(320,360) d=1.72 a=1 | sp=som:active d=1.7 age=5 dtg=9.61 region=0_0
ep=1494 s=7 4528ms [sel=6 cap=4398 rest=124] sg=2->2 mode=NONE win=8 obs=8 | cap=wip act=(320,360) d=1.48 a=3 | sp=som:active d=1.5 age=6 dtg=9.61 region=0_0
ep=1494 s=8 4369ms [sel=3 cap=4245 rest=121] sg=2->2 mode=NONE win=8 obs=9 | cap=wip act=(320,360) d=1.48 a=1 | sp=som:active d=1.5 age=7 dtg=9.83 region=0_0
ep=1494 s=9 4597ms [sel=3 cap=4476 rest=118] sg=2->2 mode=NONE win=8 obs=10 | cap=wip act=(320,360) d=1.27 a=1 | sp=som:active d=1.3 age=8 dtg=10.05 region=0_0
ep=1494 s=10 5088ms [sel=4 cap=4964 rest=120] sg=2->2 mode=NONE win=8 obs=11 | cap=wip act=(320,360) d=1.08 a=2 | sp=som:active d=1.1 age=9 dtg=10.05 region=0_0
ep=1494 s=11 3884ms [sel=3 cap=3761 rest=120] sg=2->2 mode=NONE win=8 obs=12 | cap=wip act=(320,360) d=1.08 a=1 | sp=som:active d=1.1 age=10 dtg=10.30 region=0_0
ep=1494 s=12 4545ms [sel=3 cap=4421 rest=122] sg=2->2 mode=NONE win=8 obs=13 | cap=wip act=(320,360) d=0.88 a=2 | sp=som:active d=0.9 age=11 dtg=10.30 region=0_0
ep=1494 s=13 6405ms [sel=3 cap=6275 rest=126] sg=2->2 mode=NONE win=8 obs=14 | cap=wip act=(320,360) d=0.88 a=1 | sp=som:active d=0.9 age=12 dtg=10.55 region=0_0
ep=1494 s=14 5221ms [sel=3 cap=5094 rest=123] sg=2->2 mode=NONE win=8 obs=15 | cap=wip act=(320,360) d=0.66 a=1 | sp=som:active d=0.7 age=13 dtg=10.80 region=0_0
ep=1494 s=15 6066ms [sel=1471 cap=4473 rest=121] sg=2->2 mode=NONE win=8 obs=16 | cap=wip act=(320,360) d=2.84 a=1 | sp=som:active d=2.8 age=0 som=3/8 dtg=11.04 region=0_0
ep=1494 s=16 4835ms [sel=3 cap=4708 rest=124] sg=2->2 mode=NONE win=8 obs=17 | cap=wip act=(320,360) d=2.59 a=1 | sp=som:active d=2.6 age=1 dtg=11.29 region=0_0
ep=1494 s=17 4972ms [sel=3 cap=4841 rest=128] sg=2->2 mode=NONE win=8 obs=18 | cap=wip act=(320,360) d=2.35 a=1 | sp=som:active d=2.3 age=2 dtg=11.54 region=0_0
ep=1494 s=18 5847ms [sel=3 cap=5723 rest=121] sg=2->2 mode=NONE win=8 obs=19 | cap=wip act=(320,360) d=2.10 a=1 | sp=som:active d=2.1 age=3 dtg=11.79 region=0_0
ep=1494 s=19 5755ms [sel=42 cap=5171 rest=507] sg=2->2 mode=NONE win=8 obs=20 | cap=wip act=(160,180) d=3.22 a=3 | preview=view0/6 yaw=-180 render=35ms | sp=preview:active d=3.2 age=0 dtg=11.79 region=0_0
ep=1494 s=20 2781ms [sel=26 cap=2613 rest=143] sg=2->2 mode=NONE win=8 obs=21 | cap=wip act=(320,360) d=3.22 a=3 | sp=preview:active d=3.2 age=1 dtg=11.79 region=0_0
ep=1494 s=21 5233ms [sel=26 cap=5069 rest=137] sg=2->2 mode=NONE win=8 obs=22 | cap=wip act=(320,360) d=3.22 a=3 | sp=preview:active d=3.2 age=2 dtg=11.79 region=0_0
ep=1494 s=22 6660ms [sel=2617 cap=3911 rest=132] sg=2->3 mode=NONE win=8 obs=23 | cap=DONE act=(320,360) d=2.89 a=3 | sp=som:active d=2.9 age=0 som=1/8 dtg=11.79 region=0_0
ep=1494 s=23 7031ms [sel=1116 cap=5792 rest=123] sg=3->3 mode=NONE win=8 obs=24 | cap=wip act=(320,359) d=1.99 a=1 | sp=straight_ahead:active d=2.9 age=0 som=2/7 dtg=11.94 region=0_0
ep=1494 s=24 3158ms [sel=10 cap=3025 rest=123] sg=3->3 mode=NONE win=8 obs=25 | cap=wip act=(320,360) d=2.65 a=3 | sp=straight_ahead:active d=2.6 age=1 dtg=11.94 region=0_0
ep=1494 s=25 3415ms [sel=10 cap=3286 rest=119] sg=3->3 mode=NONE win=8 obs=26 | cap=wip act=(320,360) d=2.65 a=1 | sp=straight_ahead:active d=2.6 age=2 dtg=12.03 region=0_0
ep=1494 s=26 3899ms [sel=3 cap=3775 rest=120] sg=3->3 mode=NONE win=8 obs=27 | cap=wip act=(320,360) d=2.41 a=1 | sp=straight_ahead:active d=2.4 age=3 dtg=12.12 region=0_0
ep=1494 s=27 3985ms [sel=3 cap=3864 rest=118] sg=3->3 mode=NONE win=8 obs=28 | cap=wip act=(320,360) d=2.19 a=3 | sp=straight_ahead:active d=2.2 age=4 dtg=12.12 region=0_0
ep=1494 s=28 4385ms [sel=3 cap=4256 rest=125] sg=3->3 mode=NONE win=8 obs=29 | cap=wip act=(320,360) d=2.19 a=1 | sp=straight_ahead:active d=2.2 age=5 dtg=12.17 region=0_0
ep=1494 s=29 7547ms [sel=1797 cap=5626 rest=123] sg=3->4 mode=NONE win=8 obs=30 | cap=DONE act=(320,360) d=2.98 a=3 | sp=som:active d=3.0 age=0 som=4/8 dtg=12.17 region=0_0
ep=1494 s=30 3847ms [sel=7 cap=3723 rest=117] sg=4->4 mode=NONE win=8 obs=31 | cap=wip act=(320,360) d=2.98 a=1 | sp=som:active d=3.0 age=1 dtg=12.17 region=0_0
ep=1494 s=31 6429ms [sel=4 cap=6309 rest=116] sg=4->4 mode=NONE win=8 obs=32 | cap=wip act=(320,360) d=2.74 a=1 | sp=som:active d=2.7 age=2 dtg=12.18 region=0_0
ep=1494 s=32 3546ms [sel=3 cap=3423 rest=120] sg=4->4 mode=NONE win=8 obs=33 | cap=wip act=(320,360) d=2.49 a=3 | sp=som:active d=2.5 age=3 dtg=12.18 region=0_0
ep=1494 s=33 3996ms [sel=3 cap=3874 rest=119] sg=4->4 mode=NONE win=8 obs=34 | cap=wip act=(320,360) d=2.49 a=3 | sp=som:active d=2.5 age=4 dtg=12.18 region=0_0
ep=1494 s=34 5756ms [sel=3 cap=5630 rest=122] sg=4->4 mode=NONE win=8 obs=35 | cap=wip act=(320,360) d=2.49 a=1 | sp=som:active d=2.5 age=5 dtg=12.08 region=0_0
ep=1494 s=35 4658ms [sel=3 cap=4533 rest=122] sg=4->4 mode=NONE win=8 obs=36 | cap=wip act=(320,360) d=2.26 a=1 | sp=som:active d=2.3 age=6 dtg=11.98 region=0_0
ep=1494 s=36 2787ms [sel=3 cap=2659 rest=125] sg=4->4 mode=NONE win=8 obs=37 | cap=wip act=(320,360) d=2.08 a=2 | sp=som:active d=2.1 age=7 dtg=11.98 region=0_0
ep=1494 s=37 10441ms [sel=5 cap=9874 rest=526] sg=4->None mode=NONE win=8 obs=38 | cap=DONE act=(320,360) d=1.00 a=1 | preview=view-/6 yaw=+0 render=36ms | sp=som:active d=2.1 age=8 dtg=11.91 region=0_0
ep=1494 s=38 329ms [sel=1 cap=0 rest=328] sg=None->None mode=NONE win=8 obs=39 | cap=- act=STOP | sp=som:active d=2.1 age=9 dtg=11.91 region=0_0
rank=3 [11/12] id=1494 steps=39 success=0.000 spl=0.000 dtg=11.91 osr=0 path_length=5.88 ndtw=0.139 sdtw=0.000
PluginManager::Manager: duplicate static plugin StbImageImporter, ignoring
PluginManager::Manager: duplicate static plugin GltfImporter, ignoring
PluginManager::Manager: duplicate static plugin BasisImporter, ignoring
PluginManager::Manager: duplicate static plugin AssimpImporter, ignoring
PluginManager::Manager: duplicate static plugin AnySceneImporter, ignoring
PluginManager::Manager: duplicate static plugin AnyImageImporter, ignoring
episode=1584 instruction='Go left around the wooden barrier and stop once you reach the wooden barrier on the opposite corner. ' start_position=[5.600629806518555, 0.07521799951791763, -2.1788699626922607] goal_position=[3.6215600967407227, 0.07521799951791763, 2.1024200916290283] reference_geodesic=7.765632152557373
episode=1584 prepared_subgoals=2
  [1] Go left around the wooden barrier
      proof: The camera is beside the wooden barrier on the opposite corner, facing it directly.
  [2] Stop beside the wooden barrier on the opposite corner
      proof: The camera is stationary and centered beside the wooden barrier on the opposite corner
ep=1584 s=0 7516ms [sel=30 cap=6966 rest=483] sg=1->1 mode=NONE win=1 obs=1 | cap=wip act=(160,180) d=4.24 a=3 | preview=view0/6 yaw=-90 render=38ms | sp=preview:active d=4.2 age=0 dtg=7.77 region=0_1
ep=1584 s=1 3286ms [sel=6 cap=3143 rest=137] sg=1->1 mode=NONE win=2 obs=2 | cap=wip act=(320,360) d=4.24 a=3 | sp=preview:active d=4.2 age=1 dtg=7.77 region=0_1
ep=1584 s=2 4014ms [sel=8 cap=3865 rest=141] sg=1->1 mode=NONE win=3 obs=3 | cap=wip act=(320,360) d=4.24 a=3 | sp=preview:active d=4.2 age=2 dtg=7.77 region=0_1
ep=1584 s=3 3197ms [sel=6 cap=3057 rest=135] sg=1->1 mode=GET_NOWHERE win=4 obs=4 | cap=wip/GET_NOWHERE act=(320,360) d=4.24 a=3 | sp=preview:active d=4.2 age=3 dtg=7.77 region=0_1
ep=1584 s=4 3385ms [sel=12 cap=3240 rest=133] sg=1->1 mode=NONE win=5 obs=5 | cap=wip act=(320,360) d=4.24 a=2 | sp=preview:active d=4.2 age=4 dtg=7.77 region=0_1
ep=1584 s=5 4289ms [sel=12 cap=4142 rest=135] sg=1->1 mode=NONE win=6 obs=6 | cap=wip act=(320,360) d=4.24 a=2 | sp=preview:active d=4.2 age=5 dtg=7.77 region=0_1
ep=1584 s=6 5421ms [sel=12 cap=5271 rest=138] sg=1->1 mode=NONE win=7 obs=7 | cap=wip act=(320,360) d=4.24 a=2 | sp=preview:active d=4.2 age=6 dtg=7.77 region=0_1
ep=1584 s=7 6201ms [sel=12 cap=6049 rest=140] sg=1->1 mode=NONE win=8 obs=8 | cap=wip act=(320,360) d=4.24 a=2 | sp=preview:active d=4.2 age=7 dtg=7.77 region=0_1
ep=1584 s=8 5494ms [sel=12 cap=5347 rest=135] sg=1->1 mode=TURN_OSCILLATION win=8 obs=9 | cap=wip/TURN_OSCILLATION act=(320,360) d=4.24 a=2 | sp=preview:active d=4.2 age=8 dtg=7.77 region=0_1
ep=1584 s=9 4796ms [sel=12 cap=4649 rest=135] sg=1->1 mode=NONE win=8 obs=10 | cap=wip act=(320,360) d=4.24 a=2 | sp=preview:active d=4.2 age=9 dtg=7.77 region=0_1
ep=1584 s=10 3754ms [sel=12 cap=3609 rest=133] sg=1->1 mode=NONE win=8 obs=11 | cap=wip act=(320,360) d=4.24 a=2 | sp=preview:active d=4.2 age=10 dtg=7.77 region=0_1
ep=1584 s=11 4992ms [sel=12 cap=4847 rest=133] sg=1->1 mode=NONE win=8 obs=12 | cap=wip act=(320,360) d=4.24 a=2 | sp=preview:active d=4.2 age=11 dtg=7.77 region=0_1
ep=1584 s=12 4686ms [sel=11 cap=4542 rest=133] sg=1->1 mode=NONE win=8 obs=13 | cap=wip act=(320,360) d=4.24 a=2 | sp=preview:active d=4.2 age=12 dtg=7.77 region=0_1
ep=1584 s=13 3403ms [sel=15 cap=3258 rest=129] sg=1->1 mode=NONE win=8 obs=14 | cap=wip act=(320,360) d=4.24 a=3 | sp=preview:active d=4.2 age=13 dtg=7.77 region=0_1
ep=1584 s=14 2891ms [sel=16 cap=2742 rest=133] sg=1->1 mode=NONE win=8 obs=15 | cap=wip act=(320,360) d=4.24 a=3 | sp=preview:active d=4.2 age=14 dtg=7.77 region=0_1
ep=1584 s=15 4613ms [sel=16 cap=4462 rest=134] sg=1->1 mode=NONE win=8 obs=16 | cap=wip act=(320,360) d=4.24 a=3 | sp=preview:active d=4.2 age=15 dtg=7.77 region=0_1
ep=1584 s=16 3708ms [sel=16 cap=3557 rest=136] sg=1->1 mode=NONE win=8 obs=17 | cap=wip act=(320,360) d=4.24 a=3 | sp=preview:active d=4.2 age=16 dtg=7.77 region=0_1
ep=1584 s=17 5685ms [sel=17 cap=5533 rest=135] sg=1->1 mode=NONE win=8 obs=18 | cap=wip act=(320,360) d=4.24 a=3 | sp=preview:active d=4.2 age=17 dtg=7.77 region=0_1
ep=1584 s=18 4428ms [sel=16 cap=4277 rest=135] sg=1->1 mode=NONE win=8 obs=19 | cap=wip act=(320,360) d=4.24 a=3 | sp=preview:active d=4.2 age=18 dtg=7.77 region=0_1
ep=1584 s=19 4845ms [sel=16 cap=4691 rest=138] sg=1->1 mode=NONE win=8 obs=20 | cap=wip act=(320,360) d=4.24 a=3 | sp=preview:active d=4.2 age=19 dtg=7.77 region=0_1
ep=1584 s=20 6723ms [sel=1300 cap=5285 rest=138] sg=1->1 mode=NONE win=8 obs=21 | cap=wip act=(320,360) d=3.63 a=3 | sp=frontier:active d=3.6 age=0 som=L/4 dtg=7.77 region=0_1
ep=1584 s=21 3502ms [sel=12 cap=3355 rest=135] sg=1->1 mode=NONE win=8 obs=22 | cap=wip act=(320,360) d=3.63 a=3 | sp=frontier:active d=3.6 age=1 dtg=7.77 region=0_1
ep=1584 s=22 3393ms [sel=14 cap=3244 rest=136] sg=1->1 mode=NONE win=8 obs=23 | cap=wip act=(320,360) d=3.63 a=3 | sp=frontier:active d=3.6 age=2 dtg=7.77 region=0_1
ep=1584 s=23 4489ms [sel=10 cap=4346 rest=133] sg=1->1 mode=NONE win=8 obs=24 | cap=wip act=(320,360) d=3.63 a=3 | sp=frontier:active d=3.6 age=3 dtg=7.77 region=0_1
ep=1584 s=24 3018ms [sel=10 cap=2881 rest=127] sg=1->1 mode=NONE win=8 obs=25 | cap=wip act=(320,360) d=3.63 a=1 | sp=frontier:active d=3.6 age=4 dtg=7.60 region=0_1
ep=1584 s=25 3659ms [sel=10 cap=3520 rest=129] sg=1->1 mode=NONE win=8 obs=26 | cap=wip act=(320,360) d=3.44 a=1 | sp=frontier:active d=3.4 age=5 dtg=7.36 region=0_1
ep=1584 s=26 3852ms [sel=10 cap=3712 rest=130] sg=1->1 mode=NONE win=8 obs=27 | cap=wip act=(320,360) d=3.25 a=3 | sp=frontier:active d=3.3 age=6 dtg=7.36 region=0_1
ep=1584 s=27 5144ms [sel=9 cap=5002 rest=132] sg=1->1 mode=NONE win=8 obs=28 | cap=wip act=(320,360) d=3.25 a=1 | sp=frontier:active d=3.3 age=7 dtg=7.11 region=0_1
ep=1584 s=28 5555ms [sel=50 cap=4973 rest=498] sg=1->1 mode=NONE win=8 obs=29 | cap=wip act=(160,180) d=4.60 a=1 | preview=view4/6 yaw=+45 render=34ms | sp=preview:active d=4.6 age=0 dtg=6.87 region=0_1
ep=1584 s=29 6814ms [sel=10 cap=6674 rest=129] sg=1->1 mode=NONE win=8 obs=30 | cap=wip act=(320,360) d=4.49 a=1 | sp=preview:active d=4.5 age=1 dtg=6.63 region=0_1
ep=1584 s=30 6772ms [sel=1773 cap=4871 rest=128] sg=1->2 mode=NONE win=8 obs=31 | cap=DONE act=(320,360) d=3.06 a=3 | sp=frontier:active d=3.1 age=0 som=1/4 dtg=6.63 region=0_1
ep=1584 s=31 4723ms [sel=23 cap=4568 rest=133] sg=2->2 mode=NONE win=8 obs=32 | cap=wip act=(320,360) d=3.06 a=3 | sp=frontier:active d=3.1 age=1 dtg=6.63 region=0_1
ep=1584 s=32 13214ms [sel=9 cap=12690 rest=480] sg=2->2 mode=NONE win=8 obs=33 | cap=wip act=(320,360) d=3.06 a=1 | preview=view-/6 yaw=+0 render=35ms | sp=frontier:active d=3.1 age=2 dtg=6.41 region=0_1
ep=1584 s=33 5403ms [sel=17 cap=5251 rest=134] sg=2->2 mode=NONE win=8 obs=34 | cap=wip act=(320,360) d=2.88 a=3 | sp=frontier:active d=2.9 age=3 dtg=6.41 region=0_1
ep=1584 s=34 4606ms [sel=8 cap=4466 rest=132] sg=2->2 mode=NONE win=8 obs=35 | cap=wip act=(320,360) d=2.88 a=1 | sp=frontier:active d=2.9 age=4 dtg=6.22 region=0_1
ep=1584 s=35 12377ms [sel=6 cap=11820 rest=516] sg=2->2 mode=NONE win=8 obs=36 | cap=wip act=(320,360) d=2.66 a=3 | preview=view-/6 yaw=+0 render=35ms | sp=frontier:active d=2.7 age=5 dtg=6.22 region=0_1
ep=1584 s=36 8272ms [sel=6 cap=8136 rest=130] sg=2->2 mode=NONE win=8 obs=37 | cap=wip act=(320,360) d=2.66 a=1 | sp=frontier:active d=2.7 age=6 dtg=6.01 region=0_1
ep=1584 s=37 8202ms [sel=3 cap=8068 rest=131] sg=2->2 mode=NONE win=8 obs=38 | cap=wip act=(320,360) d=2.43 a=3 | sp=frontier:active d=2.4 age=7 dtg=6.01 region=0_1
ep=1584 s=38 6431ms [sel=3 cap=6306 rest=122] sg=2->2 mode=NONE win=8 obs=39 | cap=wip act=(320,360) d=2.43 a=1 | sp=frontier:active d=2.4 age=8 dtg=5.77 region=0_1
ep=1584 s=39 7504ms [sel=4 cap=6937 rest=528] sg=2->2 mode=NONE win=8 obs=40 | cap=wip act=(320,360) d=2.18 a=1 | preview=view-/6 yaw=+0 render=34ms | sp=frontier:active d=2.2 age=9 dtg=5.52 region=0_1
ep=1584 s=40 3859ms [sel=3 cap=3728 rest=128] sg=2->2 mode=NONE win=8 obs=41 | cap=wip act=(320,360) d=1.93 a=1 | sp=frontier:active d=1.9 age=10 dtg=5.29 region=0_1
ep=1584 s=41 4508ms [sel=3 cap=4376 rest=129] sg=2->2 mode=NONE win=8 obs=42 | cap=wip act=(320,360) d=1.68 a=1 | sp=frontier:active d=1.7 age=11 dtg=5.05 region=0_1
ep=1584 s=42 9416ms [sel=739 cap=8112 rest=531] sg=2->None mode=NONE win=8 obs=43 | cap=DONE act=(320,360) d=1.51 a=3 | preview=view-/6 yaw=+0 render=34ms | sp=frontier:active d=1.4 age=12 dtg=5.05 region=0_1
ep=1584 s=43 131ms [sel=2 cap=0 rest=129] sg=None->None mode=NONE win=8 obs=44 | cap=- act=(320,360) d=1.51 a=3 | sp=endpoint:active d=1.5 age=1 dtg=5.05 region=0_1
ep=1584 s=44 137ms [sel=2 cap=0 rest=134] sg=None->None mode=NONE win=8 obs=45 | cap=- act=(320,360) d=1.51 a=1 | sp=endpoint:active d=1.5 age=2 dtg=4.81 region=0_1
ep=1584 s=45 128ms [sel=0 cap=0 rest=128] sg=None->None mode=NONE win=8 obs=46 | cap=- act=STOP | sp=endpoint:active d=1.3 age=3 dtg=4.81 region=0_1
rank=3 [12/12] id=1584 steps=46 success=0.000 spl=0.000 dtg=4.81 osr=0 path_length=3.29 ndtw=0.348 sdtw=0.000
rank_summary={"count": 12, "rank": 3, "totals": {"distance_to_goal": 96.34353040158749, "ndtw": 4.90706703751281, "oracle_success": 3.0, "path_length": 164.48404695174727, "sdtw": 1.749572603016045, "spl": 1.667663277884008, "steps": 2154.0, "success": 2.0}}
