rank=3 physical_gpu=7 config=/data/pengyh/workspace/FreeAskAgent_R2R/outputs/flip_start_20260924/freeask_config.yaml
Gym has been unmaintained since 2022 and does not support NumPy 2.0 amongst other critical functionality.
Please upgrade to Gymnasium, the maintained drop-in replacement of Gym, or contact the authors of your software and request that they upgrade.
See the migration guide at https://gymnasium.farama.org/introduction/migration_guide/ for additional information.
PluginManager::Manager: duplicate static plugin StbImageImporter, ignoring
PluginManager::Manager: duplicate static plugin GltfImporter, ignoring
PluginManager::Manager: duplicate static plugin BasisImporter, ignoring
PluginManager::Manager: duplicate static plugin AssimpImporter, ignoring
PluginManager::Manager: duplicate static plugin AnySceneImporter, ignoring
PluginManager::Manager: duplicate static plugin AnyImageImporter, ignoring
config: /data/pengyh/workspace/FreeAskAgent_R2R/outputs/flip_start_20260924/freeask_config.yaml (defaults: actor, base_url, camera_height_m, camera_pitch_deg, depth_hfov, depth_max_m, depth_min_m, depth_normalize, forward_step_m, image_height, image_width, max_steps, model_path, preview_scale, preview_yaws, record_video, turn_angle_deg, waypoint_radius; env: CAPTIONER_COMPLETION_SCREEN, CAPTIONER_DECISION_BASE_URL, CAPTIONER_DECISION_MODEL, CAPTIONER_INFERENCE_ONLY_COMPLETION, CAPTIONER_OPENING_LOOK_AROUND, CAPTIONER_PREVIEW_BACKOFF_MAX_STEPS, CAPTIONER_PREVIEW_CANDIDATES, CAPTIONER_PREVIEW_GATE_BACKOFF_MAX_M, CAPTIONER_PREVIEW_GATE_BACKOFF_START_M, CAPTIONER_PREVIEW_GATE_FREE_RINGS, CAPTIONER_PREVIEW_GATE_MAX_SKIPS, CAPTIONER_PREVIEW_GATE_MIN_MOVE_M, CAPTIONER_PREVIEW_IDLE_LIMIT, CAPTIONER_PREVIEW_IDLE_RESET_M, CAPTIONER_PREVIEW_MIN_MOVE_M, CAPTIONER_PREVIEW_MIN_TURN_DEG, CAPTIONER_PREVIEW_MOVE_BACKOFF_MAX_M, CAPTIONER_STEP_DEADLINE_S, JOYAI_API_BASE, JOYAI_MODEL_NAME, VLLM_BASE_URL, VLN_ABLATE_SPATIAL, VLN_ABLATE_TEMPORAL, VLN_COMPACT_SUBGOALS, VLN_IMAGE_MAX_PIXELS, VLN_NAV_PARAMS, VLN_ROBOT_PARAMS, VLN_SOM, VLN_SPATIAL_MEMORY_PARAMS, VLN_STRUCTURED_VLM_MAX_TOKENS)
camera: 640x480 hfov=90 K=from-hfov distortion=none mount xyz=(0.0, 1.25, 0.0) rpy_deg=(0.0, -15.0, 0.0)
2026-09-25 10:41:24,429 Initializing dataset R2RVLN-v1
2026-09-25 10:41:24,436 initializing sim Sim-v0
PluginManager::Manager: duplicate static plugin StbImageImporter, ignoring
PluginManager::Manager: duplicate static plugin GltfImporter, ignoring
PluginManager::Manager: duplicate static plugin BasisImporter, ignoring
PluginManager::Manager: duplicate static plugin AssimpImporter, ignoring
PluginManager::Manager: duplicate static plugin AnySceneImporter, ignoring
PluginManager::Manager: duplicate static plugin AnyImageImporter, ignoring
2026-09-25 10:41:35,477 Initializing task VLN-v0
nDTW/SDTW on: 82 reference paths, fastdtw
PluginManager::Manager: duplicate static plugin StbImageImporter, ignoring
PluginManager::Manager: duplicate static plugin GltfImporter, ignoring
PluginManager::Manager: duplicate static plugin BasisImporter, ignoring
PluginManager::Manager: duplicate static plugin AssimpImporter, ignoring
PluginManager::Manager: duplicate static plugin AnySceneImporter, ignoring
PluginManager::Manager: duplicate static plugin AnyImageImporter, ignoring
episode=123 instruction='Walk straight into the kitchen, take a right, and stop after the archway. ' start_position=[4.5617899894714355, 0.12711000442504883, -1.0535999536514282] goal_position=[8.163310050964355, 0.12711000442504883, 0.9483100175857544] reference_geodesic=4.820854187011719
episode=123 prepared_subgoals=2
  [1] Walk straight into the kitchen
      proof: The camera has crossed the threshold into the kitchen and its interior is central in the view; the camera has not yet turned right.
  [2] Turn right until the Stop after the archway is centered ahead, then stop after the archway
      proof: The camera is stationary beside the archway, which is central in the view
ep=123 s=0 8570ms [sel=25 cap=8056 rest=449] sg=1->1 mode=NONE win=1 obs=1 | cap=wip act=(160,180) d=3.83 a=1 | preview=view3/6 yaw=+45 render=40ms | sp=preview:active d=3.8 age=0 dtg=4.58 region=0_9
ep=123 s=1 3710ms [sel=3 cap=3602 rest=105] sg=1->1 mode=NONE win=2 obs=2 | cap=wip act=(320,360) d=3.59 a=1 | sp=preview:active d=3.6 age=1 dtg=4.34 region=0_9
ep=123 s=2 4619ms [sel=5 cap=4492 rest=123] sg=1->1 mode=NONE win=3 obs=3 | cap=wip act=(320,360) d=3.35 a=1 | sp=preview:active d=3.4 age=2 dtg=4.10 region=0_9
ep=123 s=3 8658ms [sel=0 cap=8546 rest=111] sg=1->2 mode=NONE win=4 obs=4 | cap=DONE act=TURN request=+45deg execute=+15deg x1 a=3 | sp=preview:active d=3.1 age=3 dtg=4.10 region=0_9
ep=123 s=4 4089ms [sel=0 cap=3977 rest=112] sg=2->2 mode=NONE win=5 obs=5 | cap=wip act=TURN request=+45deg execute=+15deg x1 a=3 dtg=4.10 region=0_9
ep=123 s=5 5450ms [sel=0 cap=5347 rest=103] sg=2->2 mode=NONE win=6 obs=6 | cap=wip act=TURN request=+45deg execute=+15deg x1 a=3 dtg=4.10 region=0_9
ep=123 s=6 14058ms [sel=0 cap=13596 rest=424] sg=2->2 mode=NONE win=7 obs=7 | cap=wip act=TURN request=+45deg execute=+15deg x1 a=3 | preview=view-/6 yaw=+0 render=39ms dtg=4.10 region=0_9
ep=123 s=7 7864ms [sel=0 cap=7764 rest=100] sg=2->2 mode=NONE win=8 obs=8 | cap=wip act=TURN request=+45deg execute=+15deg x1 a=3 dtg=4.10 region=0_9
ep=123 s=8 11469ms [sel=4467 cap=6909 rest=93] sg=2->2 mode=NONE win=8 obs=9 | cap=wip act=(320,360) d=2.80 a=3 | sp=som:active d=2.8 age=0 som=5/7 dtg=4.10 region=0_9
ep=123 s=9 19184ms [sel=19 cap=18737 rest=391] sg=2->2 mode=NONE win=8 obs=10 | cap=wip act=(320,360) d=2.80 a=3 | preview=view-/6 yaw=+0 render=37ms | sp=som:active d=2.8 age=1 dtg=4.10 region=0_9
ep=123 s=10 8143ms [sel=16 cap=8035 rest=92] sg=2->2 mode=NONE win=8 obs=11 | cap=wip act=(320,360) d=2.80 a=3 | sp=som:active d=2.8 age=2 dtg=4.10 region=0_9
ep=123 s=11 8241ms [sel=10 cap=8124 rest=107] sg=2->2 mode=NONE win=8 obs=12 | cap=wip act=(320,360) d=2.80 a=3 | sp=som:active d=2.8 age=3 dtg=4.10 region=0_9
ep=123 s=12 20333ms [sel=21 cap=19849 rest=425] sg=2->2 mode=NONE win=8 obs=13 | cap=wip act=(320,360) d=2.80 a=3 | preview=view-/6 yaw=+0 render=38ms | sp=som:active d=2.8 age=4 dtg=4.10 region=0_9
ep=123 s=13 7606ms [sel=3 cap=7505 rest=97] sg=2->2 mode=NONE win=8 obs=14 | cap=wip act=(320,360) d=2.80 a=3 | sp=som:active d=2.8 age=5 dtg=4.10 region=0_9
ep=123 s=14 7933ms [sel=3 cap=7831 rest=99] sg=2->2 mode=NONE win=8 obs=15 | cap=wip act=(320,360) d=2.80 a=3 | sp=som:active d=2.8 age=6 dtg=4.10 region=0_9
ep=123 s=15 16825ms [sel=4 cap=16382 rest=402] sg=2->2 mode=NONE win=8 obs=16 | cap=wip act=(320,360) d=2.80 a=1 | preview=view-/6 yaw=+0 render=37ms | sp=som:active d=2.8 age=7 dtg=4.34 region=0_9
ep=123 s=16 5935ms [sel=3 cap=5833 rest=99] sg=2->2 mode=NONE win=8 obs=17 | cap=wip act=(320,360) d=2.65 a=1 | sp=som:active d=2.7 age=8 dtg=4.58 region=0_9
ep=123 s=17 6298ms [sel=4 cap=6197 rest=96] sg=2->2 mode=NONE win=8 obs=18 | cap=wip act=(320,360) d=2.51 a=1 | sp=som:active d=2.5 age=9 dtg=4.82 region=0_9
ep=123 s=18 12350ms [sel=4 cap=11878 rest=431] sg=2->2 mode=NONE win=8 obs=19 | cap=wip act=(320,360) d=2.39 a=1 | preview=view-/6 yaw=+0 render=38ms | sp=som:active d=2.4 age=10 dtg=5.07 region=0_9
ep=123 s=19 5960ms [sel=5 cap=5834 rest=121] sg=2->2 mode=NONE win=8 obs=20 | cap=wip act=(320,360) d=2.29 a=1 | sp=som:active d=2.3 age=11 dtg=5.31 region=0_9
ep=123 s=20 6134ms [sel=9 cap=6014 rest=111] sg=2->2 mode=NONE win=8 obs=21 | cap=wip act=(320,360) d=2.22 a=1 | sp=som:active d=2.2 age=12 dtg=5.56 region=0_9
ep=123 s=21 9422ms [sel=3 cap=8989 rest=391] sg=2->2 mode=NONE win=8 obs=22 | cap=wip act=(320,360) d=2.17 a=1 | preview=view-/6 yaw=+0 render=39ms | sp=som:active d=2.2 age=13 dtg=5.81 region=0_9
ep=123 s=22 7263ms [sel=4 cap=7169 rest=90] sg=2->2 mode=NONE win=8 obs=23 | cap=wip act=(320,360) d=2.15 a=1 | sp=som:active d=2.2 age=14 dtg=6.06 region=0_9
ep=123 s=23 6785ms [sel=6 cap=6685 rest=94] sg=2->2 mode=NONE win=8 obs=24 | cap=wip act=(320,360) d=2.16 a=2 | sp=som:active d=2.2 age=15 dtg=6.06 region=0_9
ep=123 s=24 12613ms [sel=55 cap=12102 rest=417] sg=2->2 mode=NONE win=8 obs=25 | cap=wip act=(320,360) d=2.16 a=2 | preview=view-/6 yaw=+0 render=38ms | sp=som:active d=2.2 age=16 dtg=6.06 region=0_9
ep=123 s=25 5682ms [sel=28 cap=5544 rest=111] sg=2->2 mode=NONE win=8 obs=26 | cap=wip act=(320,360) d=2.16 a=2 | sp=som:active d=2.2 age=17 dtg=6.06 region=0_9
ep=123 s=26 6009ms [sel=28 cap=5873 rest=108] sg=2->2 mode=NONE win=8 obs=27 | cap=wip act=(320,360) d=2.16 a=2 | sp=som:active d=2.2 age=18 dtg=6.06 region=0_9
ep=123 s=27 14677ms [sel=27 cap=14210 rest=402] sg=2->2 mode=NONE win=8 obs=28 | cap=wip act=(320,360) d=2.16 a=2 | preview=view-/6 yaw=+0 render=37ms | sp=som:active d=2.2 age=19 dtg=6.06 region=0_9
ep=123 s=28 15390ms [sel=29 cap=15270 rest=92] sg=2->2 mode=NONE win=8 obs=29 | cap=wip act=(320,360) d=2.16 a=2 | sp=som:active d=2.2 age=20 dtg=6.06 region=0_9
ep=123 s=29 9288ms [sel=28 cap=9168 rest=93] sg=2->2 mode=NONE win=8 obs=30 | cap=wip act=(320,360) d=2.16 a=2 | sp=som:active d=2.2 age=21 dtg=6.06 region=0_9
ep=123 s=30 14422ms [sel=27 cap=13885 rest=441] sg=2->2 mode=NONE win=8 obs=31 | cap=wip act=(320,360) d=2.16 a=2 | preview=view-/6 yaw=+0 render=69ms | sp=som:active d=2.2 age=22 dtg=6.06 region=0_9
ep=123 s=31 11600ms [sel=26 cap=11483 rest=91] sg=2->2 mode=NONE win=8 obs=32 | cap=wip act=(320,360) d=2.16 a=2 | sp=som:active d=2.2 age=23 dtg=6.06 region=0_9
ep=123 s=32 8775ms [sel=17 cap=8669 rest=89] sg=2->2 mode=NONE win=8 obs=33 | cap=wip act=(320,360) d=2.16 a=2 | sp=som:active d=2.2 age=24 dtg=6.06 region=0_9
ep=123 s=33 6763ms [sel=1115 cap=5200 rest=410] sg=2->None mode=NONE win=8 obs=34 | cap=DONE act=STOP | preview=view-/6 yaw=+0 render=38ms | sp=som:active d=2.2 age=25 door_evts=1 dtg=6.06 region=0_9
rank=3 [1/20] id=123 steps=34 success=0.000 spl=0.000 dtg=6.06 osr=0 path_length=2.75 ndtw=0.556 sdtw=0.000
PluginManager::Manager: duplicate static plugin StbImageImporter, ignoring
PluginManager::Manager: duplicate static plugin GltfImporter, ignoring
PluginManager::Manager: duplicate static plugin BasisImporter, ignoring
PluginManager::Manager: duplicate static plugin AssimpImporter, ignoring
PluginManager::Manager: duplicate static plugin AnySceneImporter, ignoring
PluginManager::Manager: duplicate static plugin AnyImageImporter, ignoring
episode=251 instruction='Walk forward, take a right and enter the second room on the left. ' start_position=[3.9934399127960205, 0.17162801325321198, -0.24373500049114227] goal_position=[0.3952139914035797, 0.17162801325321198, -5.582699775695801] reference_geodesic=6.900740146636963
episode=251 prepared_subgoals=3
  [1] Walk forward toward the second room on the left until the next instructed route stage begins
      proof: The second room on the left is visible nearby and the camera is positioned to begin the next instructed route stage.
  [2] Turn right until the second room on the left is centered ahead, then walk forward to the second room on the left
      proof: The second room's left-side doorway is directly ahead, within a step.
  [3] Enter the second room on the left
      proof: The camera has crossed the threshold and the interior of the second room is central in the view
ep=251 s=0 10484ms [sel=5 cap=9979 rest=464] sg=1->1 mode=NONE win=1 obs=1 | cap=wip act=PREVIEW a=2 | preview=view2/6 yaw=+0 render=36ms dtg=6.90 region=0_17
ep=251 s=1 7293ms [sel=2924 cap=4284 rest=84] sg=1->1 mode=NONE win=2 obs=2 | cap=wip act=(320,360) d=2.95 a=1 | sp=som:active d=3.0 age=0 som=4/7 dtg=6.67 region=0_17
ep=251 s=2 6808ms [sel=3 cap=6716 rest=89] sg=1->1 mode=NONE win=3 obs=3 | cap=wip act=(320,360) d=2.71 a=2 | sp=som:active d=2.7 age=1 dtg=6.67 region=0_17
ep=251 s=3 4258ms [sel=3 cap=4168 rest=88] sg=1->1 mode=NONE win=4 obs=4 | cap=wip act=(320,360) d=2.71 a=1 | sp=som:active d=2.7 age=2 dtg=6.43 region=0_17
ep=251 s=4 3194ms [sel=3 cap=3102 rest=89] sg=1->1 mode=NONE win=5 obs=5 | cap=wip act=(320,360) d=2.46 a=1 | sp=som:active d=2.5 age=3 dtg=6.18 region=0_18
ep=251 s=5 3613ms [sel=3 cap=3519 rest=92] sg=1->1 mode=NONE win=6 obs=6 | cap=wip act=(320,360) d=2.21 a=1 | sp=som:active d=2.2 age=4 dtg=5.94 region=0_18
ep=251 s=6 7014ms [sel=3 cap=6917 rest=94] sg=1->1 mode=NONE win=7 obs=7 | cap=wip act=(320,360) d=1.96 a=1 | sp=som:active d=2.0 age=5 dtg=5.70 region=0_18
ep=251 s=7 5610ms [sel=0 cap=5510 rest=99] sg=1->2 mode=NONE win=8 obs=8 | cap=DONE act=TURN request=+45deg execute=+15deg x1 a=3 | sp=som:active d=1.7 age=6 dtg=5.70 region=0_18
ep=251 s=8 6976ms [sel=0 cap=6879 rest=97] sg=2->2 mode=TURN_OSCILLATION win=8 obs=9 | cap=wip/TURN_OSCILLATION act=TURN request=+45deg execute=+15deg x1 a=3 dtg=5.70 region=0_18
ep=251 s=9 4392ms [sel=0 cap=4291 rest=101] sg=2->2 mode=NONE win=8 obs=10 | cap=wip act=TURN request=+45deg execute=+15deg x1 a=3 dtg=5.70 region=0_18
ep=251 s=10 6574ms [sel=0 cap=6470 rest=104] sg=2->2 mode=NONE win=8 obs=11 | cap=wip act=TURN request=+45deg execute=+15deg x1 a=3 dtg=5.70 region=0_18
ep=251 s=11 9492ms [sel=5369 cap=4018 rest=105] sg=2->2 mode=NONE win=8 obs=12 | cap=wip act=(320,360) d=0.73 a=2 | sp=som:active d=0.7 age=0 som=3/6 dtg=5.70 region=0_18
ep=251 s=12 7192ms [sel=5 cap=7082 rest=105] sg=2->2 mode=NONE win=8 obs=13 | cap=wip act=(320,360) d=0.73 a=2 | sp=som:active d=0.7 age=1 dtg=5.70 region=0_18
ep=251 s=13 7768ms [sel=23 cap=7301 rest=409] sg=2->2 mode=NONE win=8 obs=14 | cap=wip act=(160,180) d=5.11 a=2 | preview=view2/6 yaw=-30 render=35ms | sp=preview:active d=5.1 age=0 dtg=5.70 region=0_18
ep=251 s=14 8010ms [sel=6 cap=7902 rest=102] sg=2->2 mode=NONE win=8 obs=15 | cap=wip act=(320,360) d=5.11 a=2 | sp=preview:active d=5.1 age=1 dtg=5.70 region=0_18
ep=251 s=15 6548ms [sel=4 cap=6434 rest=110] sg=2->2 mode=NONE win=8 obs=16 | cap=wip act=(320,360) d=5.11 a=1 | sp=preview:active d=5.1 age=2 dtg=5.47 region=0_18
ep=251 s=16 4156ms [sel=3 cap=4057 rest=97] sg=2->2 mode=NONE win=8 obs=17 | cap=wip act=(320,360) d=4.86 a=1 | sp=preview:active d=4.9 age=3 dtg=5.24 region=0_18
ep=251 s=17 5913ms [sel=3 cap=5817 rest=93] sg=2->2 mode=NONE win=8 obs=18 | cap=wip act=(320,360) d=4.61 a=1 | sp=preview:active d=4.6 age=4 dtg=5.01 region=0_18
ep=251 s=18 8297ms [sel=2743 cap=5466 rest=88] sg=2->3 mode=NONE win=8 obs=19 | cap=DONE act=(320,360) d=3.00 a=1 | sp=som:active d=3.0 age=0 som=3/8 dtg=4.81 region=0_18
ep=251 s=19 5071ms [sel=3 cap=4985 rest=84] sg=3->3 mode=NONE win=8 obs=20 | cap=wip act=(320,360) d=2.76 a=2 | sp=som:active d=2.8 age=1 dtg=4.81 region=0_18
ep=251 s=20 5505ms [sel=3 cap=5401 rest=101] sg=3->3 mode=NONE win=8 obs=21 | cap=wip act=(320,360) d=2.76 a=1 | sp=som:active d=2.8 age=2 dtg=4.60 region=0_18
ep=251 s=21 5539ms [sel=3 cap=5439 rest=96] sg=3->3 mode=NONE win=8 obs=22 | cap=wip act=(320,360) d=2.51 a=1 | sp=som:active d=2.5 age=3 dtg=4.40 region=0_18
ep=251 s=22 7883ms [sel=4 cap=7772 rest=107] sg=3->3 mode=NONE win=8 obs=23 | cap=wip act=(320,360) d=2.26 a=1 | sp=som:active d=2.3 age=4 dtg=4.20 region=0_18
ep=251 s=23 11635ms [sel=3739 cap=7373 rest=487] sg=3->None mode=NONE win=8 obs=24 | cap=DONE act=(320,360) d=4.59 a=2 | preview=view-/6 yaw=+0 render=36ms | sp=som:active d=2.0 age=5 dtg=4.20 region=0_18
ep=251 s=24 135ms [sel=21 cap=0 rest=114] sg=None->None mode=NONE win=8 obs=25 | cap=- act=(320,360) d=4.59 a=2 | sp=endpoint:active d=4.6 age=1 door_evts=1 EVT=door@(4.0,-2.7)w1.20m@s21 dtg=4.20 region=0_18
ep=251 s=25 124ms [sel=24 cap=0 rest=100] sg=None->None mode=NONE win=8 obs=26 | cap=- act=(320,360) d=4.59 a=1 | sp=endpoint:active d=4.6 age=2 door_evts=1 dtg=3.96 region=0_18
ep=251 s=26 119ms [sel=14 cap=0 rest=105] sg=None->None mode=NONE win=8 obs=27 | cap=- act=(320,360) d=4.34 a=1 | sp=endpoint:active d=4.3 age=3 door_evts=1 dtg=3.71 region=0_18
ep=251 s=27 123ms [sel=14 cap=0 rest=109] sg=None->None mode=NONE win=8 obs=28 | cap=- act=(320,360) d=4.09 a=1 | sp=endpoint:active d=4.1 age=4 door_evts=1 dtg=3.47 region=0_18
ep=251 s=28 130ms [sel=13 cap=0 rest=117] sg=None->None mode=NONE win=8 obs=29 | cap=- act=(320,360) d=3.85 a=1 | sp=endpoint:active d=3.8 age=5 door_evts=1 dtg=3.23 region=0_18
ep=251 s=29 124ms [sel=13 cap=0 rest=112] sg=None->None mode=NONE win=8 obs=30 | cap=- act=(320,360) d=3.60 a=1 | sp=endpoint:active d=3.6 age=6 door_evts=1 dtg=2.98 region=0_18
ep=251 s=30 123ms [sel=12 cap=0 rest=112] sg=None->None mode=NONE win=8 obs=31 | cap=- act=(320,360) d=3.36 a=1 | sp=endpoint:active d=3.4 age=7 door_evts=1 dtg=2.74 region=0_18
ep=251 s=31 124ms [sel=13 cap=0 rest=112] sg=None->None mode=NONE win=8 obs=32 | cap=- act=(320,360) d=3.12 a=1 | sp=endpoint:active d=3.1 age=8 door_evts=1 dtg=2.50 region=0_18
ep=251 s=32 124ms [sel=11 cap=0 rest=112] sg=None->None mode=NONE win=8 obs=33 | cap=- act=(320,360) d=2.87 a=1 | sp=endpoint:active d=2.9 age=9 door_evts=1 dtg=2.27 region=0_18
ep=251 s=33 117ms [sel=11 cap=0 rest=106] sg=None->None mode=NONE win=8 obs=34 | cap=- act=(320,360) d=2.63 a=1 | sp=endpoint:active d=2.6 age=10 door_evts=1 dtg=2.04 region=0_16
ep=251 s=34 117ms [sel=11 cap=0 rest=107] sg=None->None mode=NONE win=8 obs=35 | cap=- act=(320,360) d=2.39 a=2 | sp=endpoint:active d=2.4 age=11 door_evts=1 dtg=2.04 region=0_16
ep=251 s=35 108ms [sel=11 cap=0 rest=97] sg=None->None mode=NONE win=8 obs=36 | cap=- act=(320,360) d=2.39 a=2 | sp=endpoint:active d=2.4 age=12 door_evts=1 dtg=2.04 region=0_16
ep=251 s=36 111ms [sel=11 cap=0 rest=99] sg=None->None mode=NONE win=8 obs=37 | cap=- act=(320,360) d=2.39 a=1 | sp=endpoint:active d=2.4 age=13 door_evts=1 dtg=1.79 region=0_16
ep=251 s=37 109ms [sel=11 cap=0 rest=98] sg=None->None mode=NONE win=8 obs=38 | cap=- act=(320,360) d=2.15 a=1 | sp=endpoint:active d=2.2 age=14 door_evts=1 dtg=1.54 region=0_16
ep=251 s=38 104ms [sel=11 cap=0 rest=94] sg=None->None mode=NONE win=8 obs=39 | cap=- act=(320,360) d=1.91 a=2 | sp=endpoint:active d=1.9 age=15 door_evts=1 dtg=1.54 region=0_16
ep=251 s=39 103ms [sel=0 cap=0 rest=103] sg=None->None mode=NONE win=8 obs=40 | cap=- act=STOP | sp=endpoint:active d=1.9 age=16 door_evts=1 dtg=1.54 region=0_16
rank=3 [2/20] id=251 steps=40 success=1.000 spl=1.000 dtg=1.54 osr=1 path_length=5.75 ndtw=0.912 sdtw=0.912
PluginManager::Manager: duplicate static plugin StbImageImporter, ignoring
PluginManager::Manager: duplicate static plugin GltfImporter, ignoring
PluginManager::Manager: duplicate static plugin BasisImporter, ignoring
PluginManager::Manager: duplicate static plugin AssimpImporter, ignoring
PluginManager::Manager: duplicate static plugin AnySceneImporter, ignoring
PluginManager::Manager: duplicate static plugin AnyImageImporter, ignoring
episode=341 instruction='Take a left after the pool table and take your first left and walk into the room and wait in between the two rooms. ' start_position=[13.709699630737305, 0.12711000442504883, 11.764800071716309] goal_position=[16.465200424194336, 0.12711000442504883, 1.8578599691390991] reference_geodesic=10.64101505279541
episode=341 prepared_subgoals=4
  [1] Take a left after the pool table
      proof: The left turn is complete and the new corridor or room is centered in the view.
  [2] Take your first left
      proof: The first left turn is complete and the new corridor or room is centered in the view.
  [3] Walk into the room
      proof: The camera has crossed the room’s threshold and the room’s interior is central in the view.
  [4] Wait in between the two rooms
      proof: The camera is stopped beside the dividing wall or doorway between the two rooms, with both rooms visible on either side
ep=341 s=0 13290ms [sel=0 cap=12795 rest=455] sg=1->1 mode=NONE win=1 obs=1 | cap=wip act=TURN request=-45deg execute=-15deg x1 a=2 | preview=view-/6 yaw=+0 render=39ms dtg=10.64 region=0_0
ep=341 s=1 4640ms [sel=0 cap=4533 rest=107] sg=1->1 mode=NONE win=2 obs=2 | cap=wip act=TURN request=-45deg execute=-15deg x1 a=2 dtg=10.64 region=0_0
ep=341 s=2 6608ms [sel=0 cap=6497 rest=111] sg=1->1 mode=NONE win=3 obs=3 | cap=wip act=TURN request=-45deg execute=-15deg x1 a=2 dtg=10.64 region=0_0
ep=341 s=3 5592ms [sel=0 cap=5477 rest=115] sg=1->1 mode=NONE win=4 obs=4 | cap=wip act=TURN request=-45deg execute=-15deg x1 a=2 dtg=10.64 region=0_0
ep=341 s=4 7792ms [sel=2209 cap=5476 rest=107] sg=1->1 mode=NONE win=5 obs=5 | cap=wip act=(320,359) d=1.58 a=1 | sp=straight_ahead:active d=1.5 age=0 som=1/6 dtg=10.80 region=0_0
ep=341 s=5 5640ms [sel=8 cap=5526 rest=106] sg=1->1 mode=NONE win=6 obs=6 | cap=wip act=(320,360) d=1.33 a=3 | sp=straight_ahead:active d=1.3 age=1 dtg=10.80 region=0_0
ep=341 s=6 6464ms [sel=5 cap=6343 rest=116] sg=1->1 mode=NONE win=7 obs=7 | cap=wip act=TURN request=+45deg execute=+15deg x1 a=3 | sp=straight_ahead:active d=1.3 age=2 dtg=10.80 region=0_0
ep=341 s=7 5324ms [sel=5 cap=5205 rest=113] sg=1->1 mode=NONE win=8 obs=8 | cap=wip act=TURN request=+45deg execute=+15deg x1 a=3 | sp=straight_ahead:active d=1.3 age=3 dtg=10.80 region=0_0
ep=341 s=8 5896ms [sel=5 cap=5782 rest=109] sg=1->1 mode=NONE win=8 obs=9 | cap=wip act=TURN request=+45deg execute=+15deg x1 a=3 | sp=straight_ahead:active d=1.3 age=4 dtg=10.80 region=0_0
ep=341 s=9 5052ms [sel=3 cap=4942 rest=107] sg=1->1 mode=NONE win=8 obs=10 | cap=wip act=(320,360) d=1.33 a=1 | sp=straight_ahead:active d=1.3 age=5 dtg=10.65 region=0_0
ep=341 s=10 4053ms [sel=3 cap=3939 rest=111] sg=1->1 mode=NONE win=8 obs=11 | cap=wip act=(320,360) d=1.21 a=1 | sp=straight_ahead:active d=1.2 age=6 dtg=10.49 region=0_0
ep=341 s=11 8043ms [sel=4 cap=7928 rest=111] sg=1->1 mode=NONE win=8 obs=12 | cap=wip act=(320,360) d=1.13 a=1 | sp=straight_ahead:active d=1.1 age=7 dtg=10.40 region=0_0
ep=341 s=12 7009ms [sel=7 cap=6895 rest=107] sg=1->1 mode=NONE win=8 obs=13 | cap=wip act=(320,360) d=0.99 a=2 | sp=straight_ahead:active d=1.0 age=8 dtg=10.40 region=0_0
ep=341 s=13 8069ms [sel=5 cap=7955 rest=109] sg=1->1 mode=NONE win=8 obs=14 | cap=wip act=(320,360) d=0.99 a=1 | sp=straight_ahead:active d=1.0 age=9 dtg=10.44 region=0_0
ep=341 s=14 7755ms [sel=4 cap=7631 rest=120] sg=1->1 mode=NONE win=8 obs=15 | cap=wip act=(320,360) d=0.82 a=2 | sp=straight_ahead:active d=0.8 age=10 dtg=10.44 region=0_0
ep=341 s=15 7994ms [sel=3 cap=7877 rest=114] sg=1->1 mode=NONE win=8 obs=16 | cap=wip act=(320,360) d=0.82 a=2 | sp=straight_ahead:active d=0.8 age=11 dtg=10.44 region=0_0
ep=341 s=16 8612ms [sel=3 cap=8503 rest=105] sg=1->1 mode=NONE win=8 obs=17 | cap=wip act=(320,360) d=0.82 a=1 | sp=straight_ahead:active d=0.8 age=12 dtg=10.60 region=0_0
ep=341 s=17 10915ms [sel=33 cap=10771 rest=110] sg=1->2 mode=NONE win=8 obs=18 | cap=DONE act=(320,360) d=0.69 a=2 | sp=frontier:active d=0.7 age=0 dtg=10.60 region=0_0
ep=341 s=18 4911ms [sel=3 cap=4802 rest=105] sg=2->2 mode=NONE win=8 obs=19 | cap=wip act=(320,360) d=0.69 a=1 | sp=frontier:active d=0.7 age=1 dtg=10.82 region=0_0
ep=341 s=19 12605ms [sel=3115 cap=9391 rest=98] sg=2->2 mode=NONE win=8 obs=20 | cap=wip act=TURN request=-45deg execute=-15deg x1 a=2 | sp=frontier:active d=1.3 age=0 som=L/5 dtg=10.82 region=0_0
ep=341 s=20 10486ms [sel=13 cap=10367 rest=107] sg=2->2 mode=NONE win=8 obs=21 | cap=wip act=(320,360) d=1.34 a=2 | sp=frontier:active d=1.3 age=1 dtg=10.82 region=0_0
ep=341 s=21 9745ms [sel=12 cap=9264 rest=431] sg=2->2 mode=NONE win=8 obs=22 | cap=wip act=(320,360) d=1.34 a=2 | preview=view-/6 yaw=+0 render=39ms | sp=frontier:active d=1.3 age=2 dtg=10.82 region=0_0
ep=341 s=22 6101ms [sel=12 cap=5981 rest=108] sg=2->2 mode=NONE win=8 obs=23 | cap=wip act=(320,360) d=1.34 a=1 | sp=frontier:active d=1.3 age=3 dtg=11.06 region=0_0
ep=341 s=23 3250ms [sel=12 cap=3138 rest=101] sg=2->2 mode=NONE win=8 obs=24 | cap=wip act=(320,360) d=1.09 a=1 | sp=frontier:active d=1.1 age=4 dtg=11.26 region=0_0
ep=341 s=24 9771ms [sel=3542 cap=6136 rest=93] sg=2->3 mode=NONE win=8 obs=25 | cap=DONE act=(320,360) d=2.08 a=2 | sp=frontier:active d=2.1 age=0 som=1/3 dtg=11.26 region=0_0
ep=341 s=25 6712ms [sel=19 cap=6592 rest=101] sg=3->3 mode=TURN_OSCILLATION win=8 obs=26 | cap=wip/TURN_OSCILLATION act=(320,360) d=2.08 a=2 | sp=frontier:active d=2.1 age=1 dtg=11.26 region=0_0
ep=341 s=26 8551ms [sel=20 cap=8423 rest=108] sg=3->3 mode=NONE win=8 obs=27 | cap=wip act=(320,360) d=2.08 a=2 | sp=frontier:active d=2.1 age=2 dtg=11.26 region=0_0
ep=341 s=27 11546ms [sel=18 cap=11387 rest=141] sg=3->3 mode=NONE win=8 obs=28 | cap=wip act=(320,360) d=2.08 a=2 | sp=frontier:active d=2.1 age=3 dtg=11.26 region=0_0
ep=341 s=28 5088ms [sel=18 cap=4957 rest=113] sg=3->3 mode=NONE win=8 obs=29 | cap=wip act=(320,360) d=2.08 a=2 | sp=frontier:active d=2.1 age=4 dtg=11.26 region=0_0
ep=341 s=29 6895ms [sel=13 cap=6761 rest=122] sg=3->3 mode=NONE win=8 obs=30 | cap=wip act=(320,360) d=2.08 a=2 | sp=frontier:active d=2.1 age=5 dtg=11.26 region=0_0
ep=341 s=30 5364ms [sel=10 cap=5232 rest=122] sg=3->3 mode=NONE win=8 obs=31 | cap=wip act=(320,360) d=2.08 a=2 | sp=frontier:active d=2.1 age=6 dtg=11.26 region=0_0
ep=341 s=31 8929ms [sel=7 cap=8801 rest=121] sg=3->3 mode=NONE win=8 obs=32 | cap=wip act=(320,360) d=2.08 a=2 | sp=frontier:active d=2.1 age=7 dtg=11.26 region=0_0
ep=341 s=32 5025ms [sel=4 cap=4906 rest=116] sg=3->3 mode=NONE win=8 obs=33 | cap=wip act=(320,360) d=2.08 a=2 | sp=frontier:active d=2.1 age=8 dtg=11.26 region=0_0
ep=341 s=33 6287ms [sel=3 cap=6166 rest=118] sg=3->3 mode=NONE win=8 obs=34 | cap=wip act=(320,360) d=2.08 a=2 | sp=frontier:active d=2.1 age=9 dtg=11.26 region=0_0
ep=341 s=34 5253ms [sel=8 cap=5124 rest=121] sg=3->3 mode=NONE win=8 obs=35 | cap=wip act=(320,360) d=2.08 a=1 | sp=frontier:active d=2.1 age=10 dtg=11.02 region=0_0
ep=341 s=35 6065ms [sel=10 cap=5934 rest=121] sg=3->3 mode=NONE win=8 obs=36 | cap=wip act=(320,360) d=1.94 a=1 | sp=frontier:active d=1.9 age=11 dtg=10.79 region=0_0
ep=341 s=36 7208ms [sel=11 cap=7072 rest=125] sg=3->3 mode=NONE win=8 obs=37 | cap=wip act=(320,360) d=1.82 a=3 | sp=frontier:active d=1.8 age=12 dtg=10.79 region=0_0
ep=341 s=37 8317ms [sel=9 cap=8186 rest=121] sg=3->3 mode=NONE win=8 obs=38 | cap=wip act=(320,360) d=1.82 a=1 | sp=frontier:active d=1.8 age=13 dtg=10.58 region=0_0
ep=341 s=38 5387ms [sel=11 cap=5262 rest=114] sg=3->3 mode=NONE win=8 obs=39 | cap=wip act=(320,360) d=1.68 a=3 | sp=frontier:active d=1.7 age=14 dtg=10.58 region=0_0
ep=341 s=39 13797ms [sel=4 cap=13677 rest=116] sg=3->3 mode=NONE win=8 obs=40 | cap=wip act=(320,360) d=1.68 a=3 | sp=frontier:active d=1.7 age=15 dtg=10.58 region=0_0
ep=341 s=40 12003ms [sel=2744 cap=9142 rest=117] sg=3->4 mode=NONE win=8 obs=41 | cap=DONE act=(320,360) d=3.18 a=2 | sp=som:active d=3.2 age=0 som=2/7 dtg=10.58 region=0_0
ep=341 s=41 6055ms [sel=3 cap=5936 rest=116] sg=4->4 mode=NONE win=8 obs=42 | cap=wip act=(320,360) d=3.18 a=1 | sp=som:active d=3.2 age=1 dtg=10.42 region=0_0
ep=341 s=42 15132ms [sel=3 cap=14611 rest=482] sg=4->4 mode=NONE win=8 obs=43 | cap=wip act=(320,360) d=2.96 a=2 | preview=view-/6 yaw=+0 render=37ms | sp=som:active d=3.0 age=2 dtg=10.42 region=0_0
ep=341 s=43 5871ms [sel=3 cap=5754 rest=114] sg=4->4 mode=NONE win=8 obs=44 | cap=wip act=(320,360) d=2.96 a=2 | sp=som:active d=3.0 age=3 dtg=10.42 region=0_0
ep=341 s=44 8710ms [sel=3 cap=8584 rest=124] sg=4->4 mode=NONE win=8 obs=45 | cap=wip act=(320,360) d=2.96 a=1 | sp=som:active d=3.0 age=4 dtg=10.20 region=0_0
ep=341 s=45 9758ms [sel=3 cap=9634 rest=121] sg=4->4 mode=NONE win=8 obs=46 | cap=wip act=(320,360) d=2.71 a=1 | sp=som:active d=2.7 age=5 dtg=9.98 region=0_0
ep=341 s=46 11095ms [sel=5 cap=10545 rest=505] sg=4->None mode=NONE win=8 obs=47 | cap=DONE act=(320,360) d=1.00 a=1 | preview=view-/6 yaw=+0 render=40ms | sp=som:active d=2.5 age=6 dtg=9.76 region=0_0
ep=341 s=47 117ms [sel=4 cap=0 rest=113] sg=None->None mode=NONE win=8 obs=48 | cap=- act=(320,360) d=1.00 a=1 | sp=som:active d=2.2 age=7 dtg=9.55 region=0_0
ep=341 s=48 119ms [sel=5 cap=0 rest=115] sg=None->None mode=NONE win=8 obs=49 | cap=- act=(320,360) d=1.00 a=1 | sp=som:active d=2.0 age=8 dtg=9.35 region=0_0
ep=341 s=49 113ms [sel=0 cap=0 rest=113] sg=None->None mode=NONE win=8 obs=50 | cap=- act=STOP | sp=som:active d=1.7 age=9 dtg=9.35 region=0_0
rank=3 [3/20] id=341 steps=50 success=0.000 spl=0.000 dtg=9.35 osr=0 path_length=4.39 ndtw=0.244 sdtw=0.000
PluginManager::Manager: duplicate static plugin StbImageImporter, ignoring
PluginManager::Manager: duplicate static plugin GltfImporter, ignoring
PluginManager::Manager: duplicate static plugin BasisImporter, ignoring
PluginManager::Manager: duplicate static plugin AssimpImporter, ignoring
PluginManager::Manager: duplicate static plugin AnySceneImporter, ignoring
PluginManager::Manager: duplicate static plugin AnyImageImporter, ignoring
episode=454 instruction='Take a right and take a right at the doll hutch. Walk into the bedroom and take a left. Walk into the bathroom and wait in front of the sink. ' start_position=[-2.424329996109009, 0.15480518341064453, 8.240280151367188] goal_position=[-2.8049299716949463, 0.35480499267578125, 15.870100021362305] reference_geodesic=9.380803108215332
episode=454 prepared_subgoals=5
  [1] Take a right
      proof: The right corridor is directly ahead and fills the view.
  [2] Take a right at the doll hutch
      proof: The doll hutch is directly ahead, within a step, and the new corridor is centred in the view.
  [3] Walk into the bedroom
      proof: The camera has crossed the bedroom threshold and the bedroom interior is central in the view.
  [4] Take a left, then walk into the bathroom
      proof: The camera has crossed the bathroom threshold and the bathroom interior is central in the view.
  [5] Wait in front of the sink
      proof: The sink is directly ahead, within a step, and the camera is stationary beside it
ep=454 s=0 9131ms [sel=0 cap=8649 rest=446] sg=1->1 mode=NONE win=1 obs=1 | cap=wip act=TURN request=+45deg execute=+15deg x1 a=3 | preview=view-/6 yaw=+0 render=36ms dtg=9.38 region=1_27
ep=454 s=1 6310ms [sel=0 cap=6229 rest=81] sg=1->1 mode=NONE win=2 obs=2 | cap=wip act=TURN request=+45deg execute=+15deg x1 a=3 dtg=9.38 region=1_27
ep=454 s=2 5841ms [sel=0 cap=5754 rest=88] sg=1->1 mode=NONE win=3 obs=3 | cap=wip act=TURN request=+45deg execute=+15deg x1 a=3 dtg=9.38 region=1_27
ep=454 s=3 4889ms [sel=0 cap=4802 rest=87] sg=1->1 mode=NONE win=4 obs=4 | cap=wip act=TURN request=+45deg execute=+15deg x1 a=3 dtg=9.38 region=1_27
ep=454 s=4 6391ms [sel=0 cap=6310 rest=81] sg=1->1 mode=NONE win=5 obs=5 | cap=wip act=TURN request=+45deg execute=+15deg x1 a=3 dtg=9.38 region=1_27
ep=454 s=5 15221ms [sel=8248 cap=6891 rest=82] sg=1->1 mode=IN_PLACE_SPIN win=6 obs=6 | cap=wip/IN_PLACE_SPIN act=(320,360) d=2.08 a=3 | sp=som:active d=2.1 age=0 som=1/6 dtg=9.38 region=1_27
ep=454 s=6 6780ms [sel=3 cap=6697 rest=80] sg=1->1 mode=WALL_STUCK win=7 obs=7 | cap=wip/WALL_STUCK act=(320,360) d=2.08 a=1 | sp=som:active d=2.1 age=1 dtg=9.63 region=1_27
ep=454 s=7 9891ms [sel=3 cap=9805 rest=84] sg=1->1 mode=WALL_STUCK win=8 obs=8 | cap=wip/WALL_STUCK act=(320,360) d=1.86 a=1 | sp=som:active d=1.9 age=2 dtg=9.88 region=1_27
ep=454 s=8 8322ms [sel=48 cap=7820 rest=418] sg=1->1 mode=WALL_STUCK win=8 obs=9 | cap=wip/WALL_STUCK act=(160,180) d=2.69 a=1 | preview=view3/6 yaw=+0 render=36ms | sp=preview:active d=2.7 age=0 dtg=10.13 region=1_27
ep=454 s=9 7901ms [sel=9 cap=7793 rest=99] sg=1->1 mode=NONE win=8 obs=10 | cap=wip act=(320,360) d=2.52 a=2 | sp=preview:active d=2.5 age=1 dtg=10.13 region=1_27
ep=454 s=10 10387ms [sel=0 cap=10300 rest=87] sg=1->2 mode=NONE win=8 obs=11 | cap=DONE act=TURN request=+45deg execute=+15deg x1 a=3 | sp=preview:active d=2.5 age=2 dtg=10.13 region=1_27
ep=454 s=11 8282ms [sel=0 cap=8194 rest=88] sg=2->2 mode=NONE win=8 obs=12 | cap=wip act=TURN request=+45deg execute=+15deg x1 a=3 dtg=10.13 region=1_27
ep=454 s=12 3728ms [sel=0 cap=3641 rest=87] sg=2->2 mode=NONE win=8 obs=13 | cap=wip act=TURN request=+45deg execute=+15deg x1 a=3 dtg=10.13 region=1_27
ep=454 s=13 4814ms [sel=0 cap=4720 rest=94] sg=2->2 mode=NONE win=8 obs=14 | cap=wip act=TURN request=+45deg execute=+15deg x1 a=3 dtg=10.13 region=1_27
ep=454 s=14 11940ms [sel=4157 cap=7697 rest=86] sg=2->2 mode=NONE win=8 obs=15 | cap=wip act=(320,360) d=3.01 a=2 | sp=som:active d=3.0 age=0 som=4/8 dtg=10.13 region=1_27
ep=454 s=15 4088ms [sel=3 cap=3998 rest=87] sg=2->2 mode=NONE win=8 obs=16 | cap=wip act=(320,360) d=3.01 a=1 | sp=som:active d=3.0 age=1 dtg=10.35 region=1_27
ep=454 s=16 8396ms [sel=3 cap=8303 rest=90] sg=2->2 mode=NONE win=8 obs=17 | cap=wip act=(320,360) d=2.79 a=1 | sp=som:active d=2.8 age=2 dtg=10.58 region=1_27
ep=454 s=17 4739ms [sel=3 cap=4649 rest=87] sg=2->2 mode=NONE win=8 obs=18 | cap=wip act=(320,360) d=2.58 a=1 | sp=som:active d=2.6 age=3 dtg=10.82 region=1_27
ep=454 s=18 5851ms [sel=3 cap=5764 rest=84] sg=2->2 mode=NONE win=8 obs=19 | cap=wip act=(320,360) d=2.37 a=3 | sp=som:active d=2.4 age=4 dtg=10.82 region=1_27
ep=454 s=19 6442ms [sel=3 cap=6350 rest=89] sg=2->2 mode=NONE win=8 obs=20 | cap=wip act=(320,360) d=2.37 a=3 | sp=som:active d=2.4 age=5 dtg=10.82 region=1_27
ep=454 s=20 7548ms [sel=3 cap=7450 rest=96] sg=2->2 mode=NONE win=8 obs=21 | cap=wip act=(320,360) d=2.37 a=1 | sp=som:active d=2.4 age=6 dtg=10.98 region=1_27
ep=454 s=21 6832ms [sel=3 cap=6733 rest=96] sg=2->2 mode=NONE win=8 obs=22 | cap=wip act=(320,360) d=2.13 a=1 | sp=som:active d=2.1 age=7 dtg=11.20 region=1_27
ep=454 s=22 2569ms [sel=3 cap=2468 rest=98] sg=2->2 mode=NONE win=8 obs=23 | cap=wip act=(320,360) d=1.88 a=1 | sp=som:active d=1.9 age=8 dtg=11.43 region=1_27
ep=454 s=23 5693ms [sel=3 cap=5564 rest=126] sg=2->2 mode=NONE win=8 obs=24 | cap=wip act=(320,360) d=1.63 a=3 | sp=som:active d=1.6 age=9 dtg=11.43 region=1_27
ep=454 s=24 14304ms [sel=22 cap=13732 rest=485] sg=2->2 mode=NONE win=8 obs=25 | cap=wip act=(160,180) d=3.94 a=3 | preview=view2/6 yaw=-15 render=65ms | sp=preview:active d=3.9 age=0 dtg=11.43 region=1_27
ep=454 s=25 7360ms [sel=3 cap=7252 rest=106] sg=2->2 mode=NONE win=8 obs=26 | cap=wip act=(320,360) d=3.94 a=1 | sp=preview:active d=3.9 age=1 dtg=11.62 region=None
ep=454 s=26 6874ms [sel=4 cap=6764 rest=106] sg=2->2 mode=NONE win=8 obs=27 | cap=wip act=(320,360) d=3.69 a=1 | sp=preview:active d=3.7 age=2 dtg=11.84 region=1_29
ep=454 s=27 5493ms [sel=3 cap=5385 rest=105] sg=2->2 mode=NONE win=8 obs=28 | cap=wip act=(320,360) d=3.44 a=1 | sp=preview:active d=3.4 age=3 dtg=12.07 region=1_29
ep=454 s=28 6300ms [sel=3 cap=6198 rest=100] sg=2->2 mode=NONE win=8 obs=29 | cap=wip act=(320,360) d=3.19 a=1 | sp=preview:active d=3.2 age=4 dtg=12.30 region=1_29
ep=454 s=29 8850ms [sel=3 cap=8747 rest=100] sg=2->2 mode=NONE win=8 obs=30 | cap=wip act=(320,360) d=2.94 a=1 | sp=preview:active d=2.9 age=5 dtg=12.54 region=1_29
ep=454 s=30 3532ms [sel=3 cap=3430 rest=100] sg=2->2 mode=NONE win=8 obs=31 | cap=wip act=(320,360) d=2.69 a=1 | sp=preview:active d=2.7 age=6 dtg=12.78 region=1_29
ep=454 s=31 5643ms [sel=3 cap=5540 rest=100] sg=2->2 mode=NONE win=8 obs=32 | cap=wip act=(320,360) d=2.44 a=1 | sp=preview:active d=2.4 age=7 dtg=13.02 region=1_29
ep=454 s=32 4847ms [sel=3 cap=4739 rest=104] sg=2->2 mode=NONE win=8 obs=33 | cap=wip act=(320,360) d=2.19 a=1 | sp=preview:active d=2.2 age=8 dtg=13.27 region=1_29
ep=454 s=33 7559ms [sel=3 cap=7440 rest=116] sg=2->2 mode=NONE win=8 obs=34 | cap=wip act=(320,360) d=1.95 a=1 | sp=preview:active d=1.9 age=9 dtg=13.51 region=1_29
ep=454 s=34 6046ms [sel=3 cap=5934 rest=109] sg=2->2 mode=NONE win=8 obs=35 | cap=wip act=(320,360) d=1.70 a=1 | sp=preview:active d=1.7 age=10 dtg=13.76 region=1_29
ep=454 s=35 5919ms [sel=3 cap=5807 rest=109] sg=2->2 mode=NONE win=8 obs=36 | cap=wip act=(320,360) d=1.45 a=1 | sp=preview:active d=1.5 age=11 dtg=14.01 region=1_29
ep=454 s=36 7674ms [sel=2408 cap=5145 rest=120] sg=2->2 mode=NONE win=8 obs=37 | cap=wip act=(320,360) d=2.91 a=1 | sp=som:active d=2.9 age=0 som=5/8 dtg=14.25 region=1_29
ep=454 s=37 8328ms [sel=3 cap=8209 rest=116] sg=2->2 mode=NONE win=8 obs=38 | cap=wip act=(320,360) d=2.66 a=3 | sp=som:active d=2.7 age=1 dtg=14.25 region=1_29
ep=454 s=38 8125ms [sel=4 cap=8001 rest=120] sg=2->2 mode=NONE win=8 obs=39 | cap=wip act=(320,360) d=2.66 a=1 | sp=som:active d=2.7 age=2 dtg=14.49 region=1_29
ep=454 s=39 10868ms [sel=3 cap=10734 rest=131] sg=2->2 mode=NONE win=8 obs=40 | cap=wip act=(320,360) d=2.41 a=1 | sp=som:active d=2.4 age=3 dtg=14.72 region=1_29
ep=454 s=40 5971ms [sel=3 cap=5820 rest=148] sg=2->2 mode=NONE win=8 obs=41 | cap=wip act=(320,360) d=2.16 a=1 | sp=som:active d=2.2 age=4 dtg=14.96 region=1_29
ep=454 s=41 6357ms [sel=3 cap=6236 rest=119] sg=2->2 mode=NONE win=8 obs=42 | cap=wip act=(320,360) d=1.91 a=1 | sp=som:active d=1.9 age=5 dtg=15.20 region=1_29
ep=454 s=42 6529ms [sel=4 cap=6411 rest=114] sg=2->2 mode=NONE win=8 obs=43 | cap=wip act=(320,360) d=1.67 a=1 | sp=som:active d=1.7 age=6 dtg=15.44 region=1_29
ep=454 s=43 6955ms [sel=4 cap=6834 rest=117] sg=2->2 mode=NONE win=8 obs=44 | cap=wip act=(320,360) d=1.42 a=1 | sp=som:active d=1.4 age=7 dtg=15.69 region=1_29
ep=454 s=44 7785ms [sel=4 cap=7658 rest=123] sg=2->2 mode=NONE win=8 obs=45 | cap=wip act=(320,360) d=1.18 a=2 | sp=som:active d=1.2 age=8 dtg=15.69 region=1_29
ep=454 s=45 9114ms [sel=3 cap=8981 rest=129] sg=2->2 mode=NONE win=8 obs=46 | cap=wip act=(320,360) d=1.18 a=1 | sp=som:active d=1.2 age=9 dtg=15.93 region=1_29
ep=454 s=46 8246ms [sel=3 cap=8114 rest=129] sg=2->2 mode=NONE win=8 obs=47 | cap=wip act=(320,360) d=0.93 a=1 | sp=som:active d=0.9 age=10 dtg=16.18 region=1_29
ep=454 s=47 6414ms [sel=3 cap=6292 rest=119] sg=2->2 mode=NONE win=8 obs=48 | cap=wip act=(320,360) d=0.68 a=1 | sp=som:active d=0.7 age=11 dtg=16.43 region=1_26
ep=454 s=48 11970ms [sel=3599 cap=8249 rest=122] sg=2->3 mode=NONE win=8 obs=49 | cap=DONE act=(320,360) d=2.50 a=1 | sp=som:active d=2.5 age=0 som=4/8 dtg=16.68 region=1_26
ep=454 s=49 8642ms [sel=4 cap=8518 rest=121] sg=3->3 mode=NONE win=8 obs=50 | cap=wip act=(320,360) d=2.28 a=3 | sp=som:active d=2.3 age=1 dtg=16.68 region=1_26
ep=454 s=50 3778ms [sel=3 cap=3651 rest=124] sg=3->3 mode=NONE win=8 obs=51 | cap=wip act=(320,360) d=2.28 a=1 | sp=som:active d=2.3 age=2 dtg=16.93 region=1_26
ep=454 s=51 4499ms [sel=4 cap=4373 rest=123] sg=3->3 mode=NONE win=8 obs=52 | cap=wip act=(320,360) d=2.04 a=1 | sp=som:active d=2.0 age=3 dtg=17.17 region=1_26
ep=454 s=52 4640ms [sel=0 cap=4519 rest=121] sg=3->4 mode=NONE win=8 obs=53 | cap=DONE act=TURN request=-45deg execute=-15deg x1 a=2 | sp=som:active d=1.8 age=4 dtg=17.17 region=1_26
ep=454 s=53 11182ms [sel=0 cap=11067 rest=116] sg=4->4 mode=NONE win=8 obs=54 | cap=wip act=TURN request=-45deg execute=-15deg x1 a=2 dtg=17.17 region=1_26
ep=454 s=54 7728ms [sel=0 cap=7613 rest=115] sg=4->4 mode=NONE win=8 obs=55 | cap=wip act=TURN request=-45deg execute=-15deg x1 a=2 dtg=17.17 region=1_26
ep=454 s=55 7727ms [sel=0 cap=7609 rest=118] sg=4->4 mode=NONE win=8 obs=56 | cap=wip act=TURN request=-45deg execute=-15deg x1 a=2 dtg=17.17 region=1_26
ep=454 s=56 14790ms [sel=8006 cap=6665 rest=118] sg=4->4 mode=NONE win=8 obs=57 | cap=wip act=(320,360) d=3.27 a=1 | sp=som:active d=3.3 age=0 som=4/8 dtg=17.34 region=1_26
ep=454 s=57 5752ms [sel=3 cap=5632 rest=117] sg=4->4 mode=NONE win=8 obs=58 | cap=wip act=(320,360) d=3.02 a=1 | sp=som:active d=3.0 age=1 dtg=17.52 region=1_26
ep=454 s=58 6608ms [sel=3 cap=6489 rest=116] sg=4->4 mode=NONE win=8 obs=59 | cap=wip act=(320,360) d=2.78 a=1 | sp=som:active d=2.8 age=2 dtg=17.71 region=1_26
ep=454 s=59 10915ms [sel=4 cap=10795 rest=116] sg=4->4 mode=NONE win=8 obs=60 | cap=wip act=(320,360) d=2.54 a=1 | sp=som:active d=2.5 age=3 dtg=17.89 region=1_26
ep=454 s=60 15660ms [sel=3 cap=15541 rest=116] sg=4->4 mode=NONE win=8 obs=61 | cap=wip act=(320,360) d=2.31 a=1 | sp=som:active d=2.3 age=4 dtg=18.09 region=1_26
ep=454 s=61 6116ms [sel=3 cap=5999 rest=114] sg=4->4 mode=NONE win=8 obs=62 | cap=wip act=(320,360) d=2.07 a=1 | sp=som:active d=2.1 age=5 dtg=18.28 region=1_26
ep=454 s=62 7514ms [sel=3 cap=7397 rest=114] sg=4->4 mode=NONE win=8 obs=63 | cap=wip act=(320,360) d=1.84 a=1 | sp=som:active d=1.8 age=6 dtg=18.48 region=1_26
ep=454 s=63 4679ms [sel=3 cap=4556 rest=119] sg=4->4 mode=NONE win=8 obs=64 | cap=wip act=(320,360) d=1.62 a=1 | sp=som:active d=1.6 age=7 dtg=18.69 region=1_26
ep=454 s=64 11152ms [sel=3968 cap=7072 rest=113] sg=4->5 mode=NONE win=8 obs=65 | cap=DONE act=(320,360) d=2.58 a=3 | sp=frontier:active d=2.6 age=0 som=B/6 dtg=18.69 region=1_26
ep=454 s=65 7940ms [sel=18 cap=7810 rest=112] sg=5->5 mode=NONE win=8 obs=66 | cap=wip act=(320,360) d=2.58 a=3 | sp=frontier:active d=2.6 age=1 dtg=18.69 region=1_26
ep=454 s=66 12944ms [sel=19 cap=12429 rest=461] sg=5->5 mode=NONE win=8 obs=67 | cap=wip act=(320,360) d=2.58 a=3 | preview=view-/6 yaw=+0 render=36ms | sp=frontier:active d=2.6 age=2 dtg=18.69 region=1_26
ep=454 s=67 9767ms [sel=19 cap=9634 rest=114] sg=5->5 mode=NONE win=8 obs=68 | cap=wip act=(320,360) d=2.58 a=3 | sp=frontier:active d=2.6 age=3 dtg=18.69 region=1_26
ep=454 s=68 8747ms [sel=19 cap=8611 rest=118] sg=5->5 mode=NONE win=8 obs=69 | cap=wip act=(320,360) d=2.58 a=3 | sp=frontier:active d=2.6 age=4 dtg=18.69 region=1_26
ep=454 s=69 17584ms [sel=5 cap=17065 rest=480] sg=5->None mode=NONE win=8 obs=70 | cap=DONE act=STOP | preview=view-/6 yaw=+0 render=35ms | sp=frontier:active d=2.6 age=5 dtg=18.69 region=1_26
rank=3 [4/20] id=454 steps=70 success=0.000 spl=0.000 dtg=18.69 osr=0 path_length=10.25 ndtw=0.072 sdtw=0.000
PluginManager::Manager: duplicate static plugin StbImageImporter, ignoring
PluginManager::Manager: duplicate static plugin GltfImporter, ignoring
PluginManager::Manager: duplicate static plugin BasisImporter, ignoring
PluginManager::Manager: duplicate static plugin AssimpImporter, ignoring
PluginManager::Manager: duplicate static plugin AnySceneImporter, ignoring
PluginManager::Manager: duplicate static plugin AnyImageImporter, ignoring
episode=547 instruction='Walk straight then turn left and walk down the hallway until you get near the large painting of a man. ' start_position=[31.204299926757812, 0.00952601432800293, -0.282941997051239] goal_position=[23.715499877929688, 0.00952601432800293, 5.087309837341309] reference_geodesic=10.919939994812012
episode=547 prepared_subgoals=2
  [1] Walk straight toward the hallway until near the large painting of a man until the next instructed route stage begins
      proof: The hallway until near the large painting of a man is visible nearby and the camera is positioned to begin the next instructed route stage.
  [2] Turn left until the hallway until near the large painting of a man is centered ahead, then walk down the hallway until near the large painting of a man
      proof: The large painting of a man is directly ahead, within a step of the camera
ep=547 s=0 13092ms [sel=33 cap=12518 rest=502] sg=1->1 mode=NONE win=1 obs=1 | cap=wip act=(160,180) d=4.89 a=3 | preview=view5/6 yaw=+180 render=38ms | sp=preview:active d=4.9 age=0 dtg=10.92 region=0_4
ep=547 s=1 8993ms [sel=5 cap=8871 rest=117] sg=1->1 mode=NONE win=2 obs=2 | cap=wip act=TURN request=+45deg execute=+15deg x1 a=3 | sp=preview:active d=4.9 age=1 dtg=10.92 region=0_4
ep=547 s=2 6252ms [sel=5 cap=6128 rest=120] sg=1->1 mode=NONE win=3 obs=3 | cap=wip act=TURN request=+45deg execute=+15deg x1 a=3 | sp=preview:active d=4.9 age=2 dtg=10.92 region=0_4
ep=547 s=3 7537ms [sel=5 cap=7415 rest=117] sg=1->1 mode=NONE win=4 obs=4 | cap=wip act=TURN request=+45deg execute=+15deg x1 a=3 | sp=preview:active d=4.9 age=3 dtg=10.92 region=0_4
ep=547 s=4 4534ms [sel=5 cap=4417 rest=113] sg=1->1 mode=NONE win=5 obs=5 | cap=wip act=TURN request=+45deg execute=+15deg x1 a=3 | sp=preview:active d=4.9 age=4 dtg=10.92 region=0_4
ep=547 s=5 7281ms [sel=5 cap=7171 rest=105] sg=1->1 mode=NONE win=6 obs=6 | cap=wip act=TURN request=+45deg execute=+15deg x1 a=3 | sp=preview:active d=4.9 age=5 dtg=10.92 region=0_4
ep=547 s=6 5626ms [sel=5 cap=5527 rest=94] sg=1->1 mode=NONE win=7 obs=7 | cap=wip act=TURN request=+45deg execute=+15deg x1 a=3 | sp=preview:active d=4.9 age=6 dtg=10.92 region=0_4
ep=547 s=7 6311ms [sel=5 cap=6212 rest=95] sg=1->1 mode=NONE win=8 obs=8 | cap=wip act=TURN request=+45deg execute=+15deg x1 a=3 | sp=preview:active d=4.9 age=7 dtg=10.92 region=0_4
ep=547 s=8 6748ms [sel=4 cap=6640 rest=104] sg=1->1 mode=NONE win=8 obs=9 | cap=wip act=TURN request=+45deg execute=+15deg x1 a=3 | sp=preview:active d=4.9 age=8 dtg=10.92 region=0_4
ep=547 s=9 7741ms [sel=18 cap=7624 rest=99] sg=1->1 mode=NONE win=8 obs=10 | cap=wip act=(320,360) d=4.89 a=3 | sp=preview:active d=4.9 age=9 dtg=10.92 region=0_4
ep=547 s=10 10254ms [sel=15 cap=10138 rest=101] sg=1->1 mode=NONE win=8 obs=11 | cap=wip act=(320,360) d=4.89 a=3 | sp=preview:active d=4.9 age=10 dtg=10.92 region=0_4
ep=547 s=11 11329ms [sel=3 cap=11225 rest=102] sg=1->1 mode=NONE win=8 obs=12 | cap=wip act=(320,360) d=4.89 a=1 | sp=preview:active d=4.9 age=11 dtg=10.83 region=0_4
ep=547 s=12 8184ms [sel=3 cap=8077 rest=105] sg=1->1 mode=NONE win=8 obs=13 | cap=wip act=(320,360) d=4.67 a=3 | sp=preview:active d=4.7 age=12 dtg=10.83 region=0_4
ep=547 s=13 8724ms [sel=3 cap=8616 rest=105] sg=1->1 mode=NONE win=8 obs=14 | cap=wip act=(320,360) d=4.67 a=1 | sp=preview:active d=4.7 age=13 dtg=10.82 region=0_4
ep=547 s=14 9305ms [sel=3 cap=9195 rest=107] sg=1->1 mode=NONE win=8 obs=15 | cap=wip act=(320,360) d=4.43 a=1 | sp=preview:active d=4.4 age=14 dtg=10.84 region=0_4
ep=547 s=15 11226ms [sel=0 cap=11121 rest=105] sg=1->2 mode=NONE win=8 obs=16 | cap=DONE act=TURN request=-45deg execute=-15deg x1 a=2 | sp=preview:active d=4.2 age=15 dtg=10.84 region=0_4
ep=547 s=16 7453ms [sel=0 cap=7344 rest=109] sg=2->2 mode=NONE win=8 obs=17 | cap=wip act=TURN request=-45deg execute=-15deg x1 a=2 dtg=10.84 region=0_4
ep=547 s=17 5540ms [sel=0 cap=5434 rest=106] sg=2->2 mode=NONE win=8 obs=18 | cap=wip act=TURN request=-45deg execute=-15deg x1 a=2 dtg=10.84 region=0_4
ep=547 s=18 7394ms [sel=0 cap=7293 rest=101] sg=2->2 mode=NONE win=8 obs=19 | cap=wip act=TURN request=-45deg execute=-15deg x1 a=2 dtg=10.84 region=0_4
ep=547 s=19 5899ms [sel=0 cap=5801 rest=98] sg=2->2 mode=NONE win=8 obs=20 | cap=wip act=TURN request=-45deg execute=-15deg x1 a=2 dtg=10.84 region=0_4
ep=547 s=20 8384ms [sel=1631 cap=6660 rest=93] sg=2->2 mode=NONE win=8 obs=21 | cap=wip act=(320,360) d=3.04 a=1 | sp=som:active d=3.0 age=0 som=3/8 dtg=10.61 region=0_4
ep=547 s=21 5488ms [sel=3 cap=5393 rest=92] sg=2->2 mode=NONE win=8 obs=22 | cap=wip act=(320,360) d=2.82 a=2 | sp=som:active d=2.8 age=1 dtg=10.61 region=0_4
ep=547 s=22 4731ms [sel=4 cap=4632 rest=94] sg=2->2 mode=NONE win=8 obs=23 | cap=wip act=(320,360) d=2.82 a=1 | sp=som:active d=2.8 age=2 dtg=10.37 region=0_4
ep=547 s=23 5985ms [sel=3 cap=5894 rest=87] sg=2->2 mode=NONE win=8 obs=24 | cap=wip act=(320,360) d=2.58 a=1 | sp=som:active d=2.6 age=3 dtg=10.13 region=0_4
ep=547 s=24 6037ms [sel=3 cap=5952 rest=81] sg=2->2 mode=NONE win=8 obs=25 | cap=wip act=(320,360) d=2.34 a=2 | sp=som:active d=2.3 age=4 dtg=10.13 region=0_4
ep=547 s=25 15099ms [sel=5 cap=14546 rest=512] sg=2->None mode=NONE win=8 obs=26 | cap=DONE act=(320,360) d=1.00 a=1 | preview=view-/6 yaw=+0 render=36ms | sp=som:active d=2.3 age=5 dtg=9.88 region=0_4
ep=547 s=26 103ms [sel=4 cap=0 rest=98] sg=None->None mode=NONE win=8 obs=27 | cap=- act=(320,360) d=1.00 a=1 | sp=som:active d=2.1 age=6 dtg=9.64 region=0_4
ep=547 s=27 99ms [sel=4 cap=0 rest=95] sg=None->None mode=NONE win=8 obs=28 | cap=- act=(320,360) d=1.00 a=1 | sp=som:active d=1.8 age=7 dtg=9.40 region=0_4
ep=547 s=28 91ms [sel=0 cap=0 rest=91] sg=None->None mode=NONE win=8 obs=29 | cap=- act=STOP | sp=som:active d=1.6 age=8 dtg=9.40 region=0_4
rank=3 [5/20] id=547 steps=29 success=0.000 spl=0.000 dtg=9.40 osr=0 path_length=2.25 ndtw=0.307 sdtw=0.000
PluginManager::Manager: duplicate static plugin StbImageImporter, ignoring
PluginManager::Manager: duplicate static plugin GltfImporter, ignoring
PluginManager::Manager: duplicate static plugin BasisImporter, ignoring
PluginManager::Manager: duplicate static plugin AssimpImporter, ignoring
PluginManager::Manager: duplicate static plugin AnySceneImporter, ignoring
PluginManager::Manager: duplicate static plugin AnyImageImporter, ignoring
episode=599 instruction='Leave the room and take a left. Walk pas the stairs and enter the bedroom on the right. Stop once you pass the door to the bedroom. ' start_position=[-1.5451600551605225, 3.2642593383789062, 8.81132984161377] goal_position=[-0.3361319899559021, 3.2642593383789062, 2.5736498832702637] reference_geodesic=6.698858261108398
episode=599 prepared_subgoals=4
  [1] Leave the room
      proof: The camera has crossed the room's threshold and the hallway is central in the view.
  [2] Turn left until the stairs is centered ahead, then walk past the stairs
      proof: The stairs are behind the camera and the hallway beyond them fills the view.
  [3] Enter the bedroom on the right
      proof: The camera has crossed the bedroom threshold and the bedroom interior is central in the view.
  [4] Stop once you pass the door to the bedroom
      proof: The camera is beside the bedroom door, which is behind and to the right, and the bedroom interior is no longer visible
ep=599 s=0 9954ms [sel=5 cap=9541 rest=372] sg=1->1 mode=NONE win=1 obs=1 | cap=wip act=PREVIEW a=2 | preview=view2/6 yaw=+0 render=36ms dtg=6.70 region=0_22
ep=599 s=1 7342ms [sel=1448 cap=5819 rest=75] sg=1->1 mode=NONE win=2 obs=2 | cap=wip act=(320,360) d=1.11 a=3 | sp=som:active d=1.1 age=0 som=1/7 dtg=6.70 region=0_22
ep=599 s=2 5273ms [sel=3 cap=5194 rest=77] sg=1->1 mode=NONE win=3 obs=3 | cap=wip act=(320,360) d=1.11 a=3 | sp=som:active d=1.1 age=1 dtg=6.70 region=0_22
ep=599 s=3 5798ms [sel=3 cap=5714 rest=81] sg=1->1 mode=NONE win=4 obs=4 | cap=wip act=(320,360) d=1.11 a=1 | sp=som:active d=1.1 age=2 dtg=6.54 region=0_22
ep=599 s=4 5376ms [sel=3 cap=5291 rest=83] sg=1->1 mode=NONE win=5 obs=5 | cap=wip act=(320,360) d=0.86 a=3 | sp=som:active d=0.9 age=3 dtg=6.54 region=0_22
ep=599 s=5 6547ms [sel=3 cap=6455 rest=90] sg=1->1 mode=NONE win=6 obs=6 | cap=wip act=(320,360) d=0.86 a=1 | sp=som:active d=0.9 age=4 dtg=6.41 region=0_22
ep=599 s=6 6009ms [sel=3 cap=5913 rest=93] sg=1->1 mode=NONE win=7 obs=7 | cap=wip act=(320,360) d=0.61 a=1 | sp=som:active d=0.6 age=5 dtg=6.31 region=0_22
ep=599 s=7 9904ms [sel=0 cap=9812 rest=92] sg=1->2 mode=NONE win=8 obs=8 | cap=DONE act=TURN request=-45deg execute=-15deg x1 a=2 | sp=som:reached d=0.4 age=6 dtg=6.31 region=0_22
ep=599 s=8 6725ms [sel=0 cap=6634 rest=91] sg=2->2 mode=NONE win=8 obs=9 | cap=wip act=TURN request=-45deg execute=-15deg x1 a=2 dtg=6.31 region=0_22
ep=599 s=9 11038ms [sel=0 cap=10579 rest=424] sg=2->2 mode=NONE win=8 obs=10 | cap=wip act=TURN request=-45deg execute=-15deg x1 a=2 | preview=view-/6 yaw=+0 render=36ms dtg=6.31 region=0_22
ep=599 s=10 7557ms [sel=0 cap=7473 rest=85] sg=2->2 mode=NONE win=8 obs=11 | cap=wip act=TURN request=-45deg execute=-15deg x1 a=2 dtg=6.31 region=0_22
ep=599 s=11 5531ms [sel=0 cap=5424 rest=107] sg=2->2 mode=NONE win=8 obs=12 | cap=wip act=TURN request=-45deg execute=-15deg x1 a=2 dtg=6.31 region=0_22
ep=599 s=12 7585ms [sel=1231 cap=5925 rest=393] sg=2->2 mode=NONE win=8 obs=13 | cap=wip act=(320,360) d=1.45 a=3 | preview=view-/6 yaw=+0 render=36ms | sp=som:active d=1.5 age=0 som=2/6 dtg=6.31 region=0_22
ep=599 s=13 7177ms [sel=3 cap=7093 rest=80] sg=2->2 mode=NONE win=8 obs=14 | cap=wip act=(320,360) d=1.45 a=3 | sp=som:active d=1.5 age=1 dtg=6.31 region=0_22
ep=599 s=14 4403ms [sel=3 cap=4317 rest=83] sg=2->2 mode=NONE win=8 obs=15 | cap=wip act=(320,360) d=1.45 a=3 | sp=som:active d=1.5 age=2 dtg=6.31 region=0_22
ep=599 s=15 7568ms [sel=3 cap=7476 rest=89] sg=2->2 mode=NONE win=8 obs=16 | cap=wip act=(320,360) d=1.45 a=1 | sp=som:active d=1.5 age=3 dtg=6.35 region=0_22
ep=599 s=16 5622ms [sel=3 cap=5526 rest=94] sg=2->2 mode=NONE win=8 obs=17 | cap=wip act=(320,360) d=1.22 a=1 | sp=som:active d=1.2 age=4 dtg=6.41 region=0_22
ep=599 s=17 5904ms [sel=3 cap=5808 rest=93] sg=2->2 mode=NONE win=8 obs=18 | cap=wip act=(320,360) d=0.99 a=1 | sp=som:active d=1.0 age=5 dtg=6.50 region=None
ep=599 s=18 9541ms [sel=3 cap=9443 rest=94] sg=2->2 mode=NONE win=8 obs=19 | cap=wip act=(320,360) d=0.78 a=1 | sp=som:active d=0.8 age=6 dtg=6.64 region=1_4
ep=599 s=19 4764ms [sel=4 cap=4666 rest=94] sg=2->2 mode=NONE win=8 obs=20 | cap=wip act=(320,360) d=0.60 a=2 | sp=som:active d=0.6 age=7 dtg=6.64 region=1_4
ep=599 s=20 9265ms [sel=3 cap=9165 rest=98] sg=2->2 mode=NONE win=8 obs=21 | cap=wip act=(320,360) d=0.60 a=2 | sp=som:active d=0.6 age=8 dtg=6.64 region=1_4
ep=599 s=21 4656ms [sel=4 cap=4545 rest=107] sg=2->2 mode=NONE win=8 obs=22 | cap=wip act=(320,360) d=0.60 a=2 | sp=som:active d=0.6 age=9 dtg=6.64 region=1_4
ep=599 s=22 5115ms [sel=5 cap=5005 rest=105] sg=2->2 mode=NONE win=8 obs=23 | cap=wip act=(320,360) d=0.60 a=1 | sp=som:active d=0.6 age=10 dtg=6.89 region=1_4
ep=599 s=23 14968ms [sel=7956 cap=6901 rest=111] sg=2->2 mode=NONE win=8 obs=24 | cap=wip act=(320,360) d=3.43 a=1 | sp=som:active d=3.4 age=0 som=3/7 dtg=7.14 region=1_4
ep=599 s=24 4829ms [sel=10 cap=4718 rest=101] sg=2->2 mode=NONE win=8 obs=25 | cap=wip act=(320,360) d=3.18 a=2 | sp=som:active d=3.2 age=1 dtg=7.14 region=1_4
ep=599 s=25 7195ms [sel=17 cap=7080 rest=98] sg=2->2 mode=NONE win=8 obs=26 | cap=wip act=(320,360) d=3.18 a=2 | sp=som:active d=3.2 age=2 dtg=7.14 region=1_4
ep=599 s=26 6171ms [sel=12 cap=6058 rest=101] sg=2->2 mode=NONE win=8 obs=27 | cap=wip act=(320,360) d=3.18 a=1 | sp=som:active d=3.2 age=3 dtg=7.36 region=1_4
ep=599 s=27 4594ms [sel=4 cap=4496 rest=94] sg=2->2 mode=NONE win=8 obs=28 | cap=wip act=(320,360) d=2.95 a=2 | sp=som:active d=3.0 age=4 dtg=7.36 region=1_4
ep=599 s=28 5555ms [sel=4 cap=5455 rest=96] sg=2->2 mode=NONE win=8 obs=29 | cap=wip act=(320,360) d=2.95 a=1 | sp=som:active d=3.0 age=5 dtg=7.56 region=1_4
ep=599 s=29 6107ms [sel=4 cap=6011 rest=93] sg=2->2 mode=NONE win=8 obs=30 | cap=wip act=(320,360) d=2.75 a=2 | sp=som:active d=2.8 age=6 dtg=7.56 region=1_4
ep=599 s=30 7138ms [sel=4 cap=7042 rest=92] sg=2->2 mode=NONE win=8 obs=31 | cap=wip act=(320,360) d=2.75 a=2 | sp=som:active d=2.8 age=7 dtg=7.56 region=1_4
ep=599 s=31 7060ms [sel=4 cap=6961 rest=95] sg=2->2 mode=NONE win=8 obs=32 | cap=wip act=(320,360) d=2.75 a=1 | sp=som:active d=2.8 age=8 dtg=7.70 region=1_4
ep=599 s=32 6872ms [sel=3 cap=6781 rest=88] sg=2->2 mode=NONE win=8 obs=33 | cap=wip act=(320,360) d=2.68 a=1 | sp=som:active d=2.7 age=9 dtg=7.89 region=1_4
ep=599 s=33 8544ms [sel=4 cap=8038 rest=465] sg=2->2 mode=NONE win=8 obs=34 | cap=wip act=(320,360) d=2.62 a=2 | preview=view-/6 yaw=+0 render=38ms | sp=som:active d=2.6 age=10 dtg=7.89 region=1_4
ep=599 s=34 4399ms [sel=4 cap=4304 rest=92] sg=2->2 mode=NONE win=8 obs=35 | cap=wip act=(320,360) d=2.62 a=2 | sp=som:active d=2.6 age=11 dtg=7.89 region=1_4
ep=599 s=35 7009ms [sel=3 cap=6915 rest=91] sg=2->2 mode=NONE win=8 obs=36 | cap=wip act=(320,360) d=2.62 a=1 | sp=som:active d=2.6 age=12 dtg=8.00 region=1_4
ep=599 s=36 8100ms [sel=3 cap=7616 rest=445] sg=2->2 mode=NONE win=8 obs=37 | cap=wip act=(320,360) d=2.72 a=2 | preview=view-/6 yaw=+0 render=36ms | sp=som:active d=2.7 age=13 dtg=8.00 region=1_4
ep=599 s=37 8451ms [sel=6 cap=8352 rest=93] sg=2->2 mode=NONE win=8 obs=38 | cap=wip act=(320,360) d=2.72 a=1 | sp=som:active d=2.7 age=14 dtg=8.13 region=None
ep=599 s=38 7787ms [sel=6 cap=7688 rest=93] sg=2->2 mode=NONE win=8 obs=39 | cap=wip act=(320,360) d=2.88 a=1 | sp=som:active d=2.9 age=15 dtg=8.34 region=1_26
ep=599 s=39 15088ms [sel=8 cap=14982 rest=97] sg=2->2 mode=NONE win=8 obs=40 | cap=wip act=(320,360) d=3.06 a=3 | sp=som:active d=3.1 age=16 dtg=8.34 region=1_26
ep=599 s=40 6356ms [sel=18 cap=6244 rest=93] sg=2->2 mode=NONE win=8 obs=41 | cap=wip act=(320,360) d=3.06 a=3 | sp=som:active d=3.1 age=17 dtg=8.34 region=1_26
ep=599 s=41 7024ms [sel=17 cap=6918 rest=88] sg=2->2 mode=NONE win=8 obs=42 | cap=wip act=(320,360) d=3.06 a=3 | sp=som:active d=3.1 age=18 dtg=8.34 region=1_26
ep=599 s=42 6134ms [sel=58 cap=5980 rest=96] sg=2->2 mode=NONE win=8 obs=43 | cap=wip act=(320,360) d=3.06 a=3 | sp=som:active d=3.1 age=19 dtg=8.34 region=1_26
ep=599 s=43 9278ms [sel=58 cap=9136 rest=84] sg=2->2 mode=NONE win=8 obs=44 | cap=wip act=(320,360) d=3.06 a=3 | sp=som:active d=3.1 age=20 dtg=8.34 region=1_26
ep=599 s=44 5784ms [sel=58 cap=5644 rest=83] sg=2->2 mode=NONE win=8 obs=45 | cap=wip act=(320,360) d=3.06 a=3 | sp=som:active d=3.1 age=21 dtg=8.34 region=1_26
ep=599 s=45 5617ms [sel=57 cap=5476 rest=83] sg=2->2 mode=NONE win=8 obs=46 | cap=wip act=(320,360) d=3.06 a=3 | sp=som:active d=3.1 age=22 dtg=8.34 region=1_26
ep=599 s=46 5407ms [sel=69 cap=5253 rest=85] sg=2->2 mode=NONE win=8 obs=47 | cap=wip act=(320,360) d=3.06 a=3 | sp=som:active d=3.1 age=23 dtg=8.34 region=1_26
ep=599 s=47 14872ms [sel=57 cap=14347 rest=432] sg=2->2 mode=NONE win=8 obs=48 | cap=wip act=(320,360) d=3.06 a=3 | preview=view-/6 yaw=+0 render=36ms | sp=som:active d=3.1 age=24 dtg=8.34 region=1_26
ep=599 s=48 8267ms [sel=56 cap=8111 rest=100] sg=2->2 mode=NONE win=8 obs=49 | cap=wip act=(320,360) d=3.06 a=3 | sp=som:active d=3.1 age=25 dtg=8.34 region=1_26
ep=599 s=49 9236ms [sel=1710 cap=7417 rest=109] sg=2->2 mode=NONE win=8 obs=50 | cap=wip act=(320,359) d=2.04 a=1 | sp=straight_ahead:active d=1.1 age=0 som=1/8 dtg=8.24 region=None
ep=599 s=50 6808ms [sel=3 cap=6710 rest=95] sg=2->2 mode=NONE win=8 obs=51 | cap=wip act=(320,360) d=0.85 a=1 | sp=straight_ahead:active d=0.8 age=1 dtg=8.26 region=1_4
ep=599 s=51 6654ms [sel=5 cap=6549 rest=101] sg=2->2 mode=NONE win=8 obs=52 | cap=wip act=(320,360) d=0.61 a=2 | sp=straight_ahead:active d=0.6 age=2 dtg=8.26 region=1_4
ep=599 s=52 7391ms [sel=3 cap=7297 rest=91] sg=2->2 mode=NONE win=8 obs=53 | cap=wip act=(320,360) d=0.61 a=1 | sp=straight_ahead:active d=0.6 age=3 dtg=8.39 region=1_4
ep=599 s=53 10703ms [sel=6577 cap=4032 rest=94] sg=2->2 mode=NONE win=8 obs=54 | cap=wip act=(320,360) d=1.66 a=3 | sp=frontier:active d=1.7 age=0 som=2/6 dtg=8.39 region=1_4
ep=599 s=54 10822ms [sel=14 cap=10710 rest=97] sg=2->2 mode=NONE win=8 obs=55 | cap=wip act=(320,360) d=1.66 a=3 | sp=frontier:active d=1.7 age=1 dtg=8.39 region=1_4
ep=599 s=55 5773ms [sel=14 cap=5666 rest=93] sg=2->2 mode=NONE win=8 obs=56 | cap=wip act=(320,360) d=1.66 a=3 | sp=frontier:active d=1.7 age=2 dtg=8.39 region=1_4
ep=599 s=56 5633ms [sel=14 cap=5524 rest=95] sg=2->2 mode=NONE win=8 obs=57 | cap=wip act=(320,360) d=1.66 a=3 | sp=frontier:active d=1.7 age=3 dtg=8.39 region=1_4
ep=599 s=57 9489ms [sel=2334 cap=7060 rest=95] sg=2->3 mode=NONE win=8 obs=58 | cap=DONE act=(320,360) d=0.52 a=3 | sp=som:active d=0.5 age=0 som=2/6 dtg=8.39 region=1_4
ep=599 s=58 6315ms [sel=3 cap=6215 rest=98] sg=3->3 mode=NONE win=8 obs=59 | cap=wip act=(320,360) d=0.52 a=1 | sp=som:active d=0.5 age=1 dtg=8.25 region=1_4
ep=599 s=59 7950ms [sel=2704 cap=5145 rest=102] sg=3->3 mode=NONE win=8 obs=60 | cap=wip act=(320,360) d=1.66 a=3 | sp=som:active d=1.7 age=0 som=3/5 dtg=8.25 region=1_4
ep=599 s=60 5434ms [sel=3 cap=5333 rest=98] sg=3->3 mode=NONE win=8 obs=61 | cap=wip act=(320,360) d=1.66 a=3 | sp=som:active d=1.7 age=1 dtg=8.25 region=1_4
ep=599 s=61 4986ms [sel=3 cap=4887 rest=95] sg=3->3 mode=NONE win=8 obs=62 | cap=wip act=(320,360) d=1.66 a=1 | sp=som:active d=1.7 age=2 dtg=8.03 region=1_4
ep=599 s=62 4412ms [sel=3 cap=4313 rest=97] sg=3->3 mode=NONE win=8 obs=63 | cap=wip act=(320,360) d=1.41 a=3 | sp=som:active d=1.4 age=3 dtg=8.03 region=1_4
ep=599 s=63 5666ms [sel=3 cap=5578 rest=86] sg=3->3 mode=NONE win=8 obs=64 | cap=wip act=(320,360) d=1.41 a=1 | sp=som:active d=1.4 age=4 dtg=7.80 region=1_4
ep=599 s=64 7998ms [sel=3 cap=7907 rest=89] sg=3->3 mode=NONE win=8 obs=65 | cap=wip act=(320,360) d=1.17 a=1 | sp=som:active d=1.2 age=5 dtg=7.58 region=1_4
ep=599 s=65 5144ms [sel=3 cap=5055 rest=87] sg=3->3 mode=NONE win=8 obs=66 | cap=wip act=(320,360) d=0.92 a=1 | sp=som:active d=0.9 age=6 dtg=7.37 region=1_4
ep=599 s=66 7688ms [sel=3 cap=7605 rest=80] sg=3->3 mode=NONE win=8 obs=67 | cap=wip act=(320,360) d=0.67 a=1 | sp=som:active d=0.7 age=7 dtg=7.19 region=1_4
ep=599 s=67 8674ms [sel=1819 cap=6778 rest=77] sg=3->3 mode=NONE win=8 obs=68 | cap=wip act=(320,360) d=0.62 a=2 | sp=som:active d=0.6 age=0 som=1/7 dtg=7.19 region=1_4
ep=599 s=68 5916ms [sel=3 cap=5837 rest=76] sg=3->3 mode=NONE win=8 obs=69 | cap=wip act=(320,360) d=0.62 a=2 | sp=som:active d=0.6 age=1 dtg=7.19 region=1_4
ep=599 s=69 6895ms [sel=1150 cap=5662 rest=82] sg=3->4 mode=NONE win=8 obs=70 | cap=DONE act=(320,360) d=0.62 a=1 | sp=som:active d=0.6 age=0 som=2/5 dtg=7.16 region=1_4
ep=599 s=70 9705ms [sel=2874 cap=6751 rest=80] sg=4->4 mode=NONE win=8 obs=71 | cap=wip act=(320,360) d=2.85 a=3 | sp=som:active d=2.9 age=0 som=4/6 dtg=7.16 region=1_4
ep=599 s=71 5091ms [sel=25 cap=4994 rest=72] sg=4->4 mode=NONE win=8 obs=72 | cap=wip act=(320,360) d=2.85 a=3 | sp=som:active d=2.9 age=1 dtg=7.16 region=1_4
ep=599 s=72 3347ms [sel=18 cap=3258 rest=71] sg=4->4 mode=NONE win=8 obs=73 | cap=wip act=(320,360) d=2.85 a=3 | sp=som:active d=2.9 age=2 dtg=7.16 region=1_4
ep=599 s=73 11152ms [sel=11 cap=11060 rest=81] sg=4->4 mode=NONE win=8 obs=74 | cap=wip act=(320,360) d=2.85 a=3 | sp=som:active d=2.9 age=3 dtg=7.16 region=1_4
ep=599 s=74 7654ms [sel=4 cap=7563 rest=87] sg=4->4 mode=NONE win=8 obs=75 | cap=wip act=(320,360) d=2.85 a=3 | sp=som:active d=2.9 age=4 dtg=7.16 region=1_4
ep=599 s=75 5133ms [sel=3 cap=5035 rest=95] sg=4->4 mode=NONE win=8 obs=76 | cap=wip act=(320,360) d=2.85 a=1 | sp=som:active d=2.9 age=5 dtg=6.92 region=1_4
ep=599 s=76 5189ms [sel=3 cap=5096 rest=90] sg=4->4 mode=NONE win=8 obs=77 | cap=wip act=(320,360) d=2.63 a=3 | sp=som:active d=2.6 age=6 dtg=6.92 region=1_4
ep=599 s=77 5016ms [sel=4 cap=4911 rest=100] sg=4->4 mode=NONE win=8 obs=78 | cap=wip act=(320,360) d=2.63 a=3 | sp=som:active d=2.6 age=7 dtg=6.92 region=1_4
ep=599 s=78 6252ms [sel=12 cap=6134 rest=106] sg=4->4 mode=NONE win=8 obs=79 | cap=wip act=(320,360) d=2.63 a=1 | sp=som:active d=2.6 age=8 dtg=6.67 region=1_4
ep=599 s=79 9669ms [sel=13 cap=9545 rest=112] sg=4->4 mode=NONE win=8 obs=80 | cap=wip act=(320,360) d=2.51 a=1 | sp=som:active d=2.5 age=9 dtg=6.44 region=1_4
ep=599 s=80 13383ms [sel=5 cap=12893 rest=449] sg=4->None mode=NONE win=8 obs=81 | cap=DONE act=(320,360) d=1.00 a=1 | preview=view-/6 yaw=+0 render=36ms | sp=som:active d=2.4 age=10 door_evts=1 dtg=6.25 region=None
ep=599 s=81 110ms [sel=4 cap=0 rest=105] sg=None->None mode=NONE win=8 obs=82 | cap=- act=(320,360) d=1.00 a=1 | sp=som:active d=2.3 age=11 door_evts=1 dtg=6.11 region=0_23
ep=599 s=82 105ms [sel=4 cap=0 rest=101] sg=None->None mode=NONE win=8 obs=83 | cap=- act=(320,360) d=1.00 a=1 | sp=som:active d=2.3 age=12 door_evts=1 dtg=5.99 region=0_23
ep=599 s=83 95ms [sel=0 cap=0 rest=95] sg=None->None mode=NONE win=8 obs=84 | cap=- act=STOP | sp=som:active d=2.2 age=13 door_evts=1 dtg=5.99 region=0_23
rank=3 [6/20] id=599 steps=84 success=0.000 spl=0.000 dtg=5.99 osr=0 path_length=8.00 ndtw=0.269 sdtw=0.000
PluginManager::Manager: duplicate static plugin StbImageImporter, ignoring
PluginManager::Manager: duplicate static plugin GltfImporter, ignoring
PluginManager::Manager: duplicate static plugin BasisImporter, ignoring
PluginManager::Manager: duplicate static plugin AssimpImporter, ignoring
PluginManager::Manager: duplicate static plugin AnySceneImporter, ignoring
PluginManager::Manager: duplicate static plugin AnyImageImporter, ignoring
episode=640 instruction='Head past the bar along the side of the pool.  Turn left and stop inside of the sauna. ' start_position=[0.8089100122451782, 0.04610800743103027, -2.4403700828552246] goal_position=[-2.51242995262146, 0.04610800743103027, 3.6103999614715576] reference_geodesic=7.779496192932129
episode=640 prepared_subgoals=3
  [1] Walk past the bar along the side of the pool
      proof: The bar along the side of the pool is beside or directly ahead of the camera, within a step; the camera has not yet turned left.
  [2] Turn left until the sauna is centered ahead, then enter the sauna
      proof: The sauna interior is central in the view and the camera has crossed the threshold.
  [3] Stop inside the sauna
      proof: The camera is stationary beside the sauna walls, with no movement detected
ep=640 s=0 8939ms [sel=27 cap=8370 rest=508] sg=1->1 mode=NONE win=1 obs=1 | cap=wip act=(160,180) d=3.67 a=3 | preview=view3/6 yaw=+45 render=34ms | sp=preview:active d=3.7 age=0 dtg=7.78 region=0_9
ep=640 s=1 7795ms [sel=9 cap=7674 rest=112] sg=1->1 mode=NONE win=2 obs=2 | cap=wip act=(320,360) d=3.67 a=3 | sp=preview:active d=3.7 age=1 dtg=7.78 region=0_9
ep=640 s=2 6395ms [sel=19 cap=6265 rest=111] sg=1->1 mode=NONE win=3 obs=3 | cap=wip act=(320,360) d=3.67 a=3 | sp=preview:active d=3.7 age=2 dtg=7.78 region=0_9
ep=640 s=3 7712ms [sel=9 cap=7587 rest=115] sg=1->1 mode=NONE win=4 obs=4 | cap=wip act=(320,360) d=3.67 a=3 | sp=preview:active d=3.7 age=3 dtg=7.78 region=0_9
ep=640 s=4 3845ms [sel=8 cap=3722 rest=114] sg=1->1 mode=NONE win=5 obs=5 | cap=wip act=(320,360) d=3.67 a=1 | sp=preview:active d=3.7 age=4 dtg=7.54 region=0_9
ep=640 s=5 6249ms [sel=8 cap=6127 rest=113] sg=1->1 mode=NONE win=6 obs=6 | cap=wip act=(320,360) d=3.43 a=3 | sp=preview:active d=3.4 age=5 dtg=7.54 region=0_9
ep=640 s=6 5375ms [sel=8 cap=5251 rest=116] sg=1->1 mode=NONE win=7 obs=7 | cap=wip act=(320,360) d=3.43 a=1 | sp=preview:active d=3.4 age=6 dtg=7.29 region=0_9
ep=640 s=7 7332ms [sel=8 cap=7209 rest=115] sg=1->1 mode=NONE win=8 obs=8 | cap=wip act=(320,360) d=3.18 a=1 | sp=preview:active d=3.2 age=7 dtg=7.04 region=0_9
ep=640 s=8 5746ms [sel=8 cap=5622 rest=116] sg=1->1 mode=NONE win=8 obs=9 | cap=wip act=(320,360) d=2.93 a=1 | sp=preview:active d=2.9 age=8 dtg=6.79 region=0_9
ep=640 s=9 7098ms [sel=9 cap=6973 rest=116] sg=1->1 mode=NONE win=8 obs=10 | cap=wip act=(320,360) d=2.68 a=2 | sp=preview:active d=2.7 age=9 dtg=6.79 region=0_9
ep=640 s=10 7513ms [sel=8 cap=7392 rest=114] sg=1->1 mode=GET_NOWHERE win=8 obs=11 | cap=wip/GET_NOWHERE act=(320,360) d=2.68 a=1 | sp=preview:active d=2.7 age=10 dtg=6.55 region=0_9
ep=640 s=11 5636ms [sel=6 cap=5518 rest=112] sg=1->1 mode=NONE win=8 obs=12 | cap=wip act=(320,360) d=2.45 a=1 | sp=preview:active d=2.4 age=11 dtg=6.31 region=0_12
ep=640 s=12 4947ms [sel=3 cap=4830 rest=114] sg=1->1 mode=NONE win=8 obs=13 | cap=wip act=(320,360) d=2.21 a=1 | sp=preview:active d=2.2 age=12 dtg=6.07 region=0_12
ep=640 s=13 5432ms [sel=3 cap=5312 rest=116] sg=1->1 mode=NONE win=8 obs=14 | cap=wip act=(320,360) d=1.98 a=3 | sp=preview:active d=2.0 age=13 dtg=6.07 region=0_12
ep=640 s=14 8096ms [sel=19 cap=7514 rest=530] sg=1->1 mode=NONE win=8 obs=15 | cap=wip act=(160,180) d=3.46 a=2 | preview=view2/6 yaw=-15 render=33ms | sp=preview:active d=3.5 age=0 dtg=6.07 region=0_12
ep=640 s=15 5741ms [sel=3 cap=5618 rest=120] sg=1->1 mode=NONE win=8 obs=16 | cap=wip act=(320,360) d=3.46 a=1 | sp=preview:active d=3.5 age=1 dtg=5.83 region=0_12
ep=640 s=16 8347ms [sel=3 cap=8228 rest=117] sg=1->1 mode=NONE win=8 obs=17 | cap=wip act=(320,360) d=3.22 a=1 | sp=preview:active d=3.2 age=2 dtg=5.59 region=0_12
ep=640 s=17 5758ms [sel=3 cap=5640 rest=115] sg=1->1 mode=NONE win=8 obs=18 | cap=wip act=(320,360) d=2.98 a=3 | sp=preview:active d=3.0 age=3 dtg=5.59 region=0_12
ep=640 s=18 5245ms [sel=3 cap=5124 rest=118] sg=1->1 mode=NONE win=8 obs=19 | cap=wip act=(320,360) d=2.98 a=1 | sp=preview:active d=3.0 age=4 dtg=5.34 region=0_12
ep=640 s=19 7798ms [sel=3 cap=7679 rest=116] sg=1->1 mode=NONE win=8 obs=20 | cap=wip act=(320,360) d=2.73 a=1 | sp=preview:active d=2.7 age=5 dtg=5.10 region=0_12
ep=640 s=20 6759ms [sel=3 cap=6640 rest=116] sg=1->1 mode=NONE win=8 obs=21 | cap=wip act=(320,360) d=2.48 a=1 | sp=preview:active d=2.5 age=6 dtg=4.85 region=0_12
ep=640 s=21 6464ms [sel=3 cap=6343 rest=117] sg=1->1 mode=NONE win=8 obs=22 | cap=wip act=(320,360) d=2.23 a=1 | sp=preview:active d=2.2 age=7 dtg=4.60 region=0_12
ep=640 s=22 10646ms [sel=3 cap=10529 rest=113] sg=1->1 mode=NONE win=8 obs=23 | cap=wip act=(320,360) d=1.99 a=1 | sp=preview:active d=2.0 age=8 dtg=4.35 region=0_12
ep=640 s=23 8504ms [sel=3 cap=8387 rest=114] sg=1->1 mode=NONE win=8 obs=24 | cap=wip act=(320,360) d=1.74 a=1 | sp=preview:active d=1.7 age=9 dtg=4.10 region=0_12
ep=640 s=24 5914ms [sel=3 cap=5798 rest=114] sg=1->1 mode=NONE win=8 obs=25 | cap=wip act=(320,360) d=1.49 a=1 | sp=preview:active d=1.5 age=10 dtg=3.86 region=0_12
ep=640 s=25 5615ms [sel=3 cap=5499 rest=113] sg=1->1 mode=NONE win=8 obs=26 | cap=wip act=(320,360) d=1.24 a=1 | sp=preview:active d=1.2 age=11 dtg=3.61 region=0_12
ep=640 s=26 9960ms [sel=2439 cap=7408 rest=114] sg=1->1 mode=NONE win=8 obs=27 | cap=wip act=(320,360) d=3.35 a=1 | sp=som:active d=3.4 age=0 som=2/8 dtg=3.37 region=0_12
ep=640 s=27 5292ms [sel=3 cap=5173 rest=117] sg=1->1 mode=NONE win=8 obs=28 | cap=wip act=(320,360) d=3.11 a=1 | sp=som:active d=3.1 age=1 dtg=3.12 region=0_12
ep=640 s=28 8136ms [sel=3 cap=8014 rest=119] sg=1->1 mode=NONE win=8 obs=29 | cap=wip act=(320,360) d=2.86 a=1 | sp=som:active d=2.9 age=2 dtg=2.89 region=0_12
ep=640 s=29 7695ms [sel=6 cap=7577 rest=112] sg=1->1 mode=NONE win=8 obs=30 | cap=wip act=(320,360) d=2.61 a=1 | sp=som:active d=2.6 age=3 dtg=2.66 region=0_12
ep=640 s=30 8721ms [sel=3 cap=8606 rest=112] sg=1->1 mode=NONE win=8 obs=31 | cap=wip act=(320,360) d=2.36 a=1 | sp=som:active d=2.4 age=4 dtg=2.45 region=0_12
ep=640 s=31 9906ms [sel=3 cap=9791 rest=111] sg=1->1 mode=NONE win=8 obs=32 | cap=wip act=(320,360) d=2.11 a=1 | sp=som:active d=2.1 age=5 dtg=2.28 region=0_12
ep=640 s=32 12305ms [sel=5 cap=12188 rest=111] sg=1->1 mode=NONE win=8 obs=33 | cap=wip act=(320,360) d=1.86 a=1 | sp=som:active d=1.9 age=6 dtg=2.17 region=0_12
ep=640 s=33 8524ms [sel=0 cap=8411 rest=112] sg=1->2 mode=NONE win=8 obs=34 | cap=DONE act=TURN request=-45deg execute=-15deg x1 a=2 | sp=som:active d=1.6 age=7 dtg=2.17 region=0_12
ep=640 s=34 7947ms [sel=0 cap=7829 rest=117] sg=2->2 mode=NONE win=8 obs=35 | cap=wip act=TURN request=-45deg execute=-15deg x1 a=2 | sp=- door_evts=1 EVT=door@(-0.2,2.9)w1.10m@s31 dtg=2.17 region=0_12
ep=640 s=35 4289ms [sel=0 cap=4170 rest=118] sg=2->2 mode=NONE win=8 obs=36 | cap=wip act=TURN request=-45deg execute=-15deg x1 a=2 | sp=- door_evts=1 dtg=2.17 region=0_12
ep=640 s=36 7792ms [sel=0 cap=7676 rest=117] sg=2->2 mode=NONE win=8 obs=37 | cap=wip act=TURN request=-45deg execute=-15deg x1 a=2 | sp=- door_evts=1 dtg=2.17 region=0_12
ep=640 s=37 5711ms [sel=0 cap=5598 rest=113] sg=2->2 mode=NONE win=8 obs=38 | cap=wip act=TURN request=-45deg execute=-15deg x1 a=2 | sp=- door_evts=1 dtg=2.17 region=0_12
ep=640 s=38 14932ms [sel=7703 cap=7117 rest=113] sg=2->2 mode=NONE win=8 obs=39 | cap=wip act=(320,360) d=1.41 a=3 | sp=som:active d=1.4 age=0 som=2/7 dtg=2.17 region=0_12
ep=640 s=39 6503ms [sel=8 cap=6376 rest=118] sg=2->2 mode=NONE win=8 obs=40 | cap=wip act=(320,360) d=1.41 a=3 | sp=som:active d=1.4 age=1 dtg=2.17 region=0_12
ep=640 s=40 4094ms [sel=3 cap=3977 rest=113] sg=2->2 mode=NONE win=8 obs=41 | cap=wip act=(320,360) d=1.41 a=3 | sp=som:active d=1.4 age=2 dtg=2.17 region=0_12
ep=640 s=41 6644ms [sel=3 cap=6523 rest=118] sg=2->2 mode=NONE win=8 obs=42 | cap=wip act=(320,360) d=1.41 a=1 | sp=som:active d=1.4 age=3 dtg=2.22 region=0_12
ep=640 s=42 8193ms [sel=4 cap=8069 rest=120] sg=2->2 mode=NONE win=8 obs=43 | cap=wip act=(320,360) d=1.17 a=3 | sp=som:active d=1.2 age=4 dtg=2.22 region=0_12
ep=640 s=43 5062ms [sel=3 cap=4921 rest=138] sg=2->2 mode=NONE win=8 obs=44 | cap=wip act=(320,360) d=1.17 a=3 | sp=som:active d=1.2 age=5 dtg=2.22 region=0_12
ep=640 s=44 10490ms [sel=3 cap=10364 rest=123] sg=2->2 mode=NONE win=8 obs=45 | cap=wip act=(320,360) d=1.17 a=1 | sp=som:active d=1.2 age=6 dtg=2.17 region=0_12
ep=640 s=45 8512ms [sel=3 cap=8355 rest=154] sg=2->2 mode=NONE win=8 obs=46 | cap=wip act=(320,360) d=0.92 a=1 | sp=som:active d=0.9 age=7 dtg=2.16 region=0_12
ep=640 s=46 8751ms [sel=3 cap=8607 rest=142] sg=2->2 mode=NONE win=8 obs=47 | cap=wip act=(320,360) d=0.68 a=1 | sp=som:active d=0.7 age=8 dtg=2.18 region=0_12
ep=640 s=47 10407ms [sel=2569 cap=7684 rest=154] sg=2->3 mode=NONE win=8 obs=48 | cap=DONE act=(320,360) d=1.58 a=1 | sp=som:active d=1.6 age=0 som=2/7 dtg=2.26 region=0_12
ep=640 s=48 4245ms [sel=3 cap=4121 rest=122] sg=3->3 mode=NONE win=8 obs=49 | cap=wip act=(320,360) d=1.33 a=3 | sp=som:active d=1.3 age=1 dtg=2.26 region=0_12
ep=640 s=49 11742ms [sel=5 cap=11166 rest=536] sg=3->None mode=NONE win=8 obs=50 | cap=DONE act=(320,360) d=1.00 a=1 | preview=view-/6 yaw=+0 render=35ms | sp=som:active d=1.3 age=2 door_evts=1 dtg=2.35 region=0_9
ep=640 s=50 135ms [sel=4 cap=0 rest=130] sg=None->None mode=NONE win=8 obs=51 | cap=- act=(320,360) d=1.00 a=1 | sp=som:active d=1.1 age=3 door_evts=1 dtg=2.49 region=0_9
ep=640 s=51 136ms [sel=5 cap=0 rest=131] sg=None->None mode=NONE win=8 obs=52 | cap=- act=(320,360) d=1.00 a=1 | sp=som:active d=0.8 age=4 door_evts=1 dtg=2.69 region=0_9
ep=640 s=52 135ms [sel=0 cap=0 rest=135] sg=None->None mode=NONE win=8 obs=53 | cap=- act=STOP | sp=som:active d=0.6 age=5 door_evts=1 dtg=2.69 region=0_9
rank=3 [7/20] id=640 steps=53 success=1.000 spl=0.972 dtg=2.69 osr=1 path_length=8.00 ndtw=0.830 sdtw=0.830
PluginManager::Manager: duplicate static plugin StbImageImporter, ignoring
PluginManager::Manager: duplicate static plugin GltfImporter, ignoring
PluginManager::Manager: duplicate static plugin BasisImporter, ignoring
PluginManager::Manager: duplicate static plugin AssimpImporter, ignoring
PluginManager::Manager: duplicate static plugin AnySceneImporter, ignoring
PluginManager::Manager: duplicate static plugin AnyImageImporter, ignoring
episode=756 instruction='Turn left, stop at the french doors. Turn left at the sofa, head straight past the coffee table, stop between the lamp and the arm chair. Head straight and stop at the pillar, just before the stairwell. ' start_position=[8.347949981689453, 0.09759866446256638, 1.9610799551010132] goal_position=[1.7459499835968018, 0.044711098074913025, 8.031970024108887] reference_geodesic=10.951861381530762
episode=756 prepared_subgoals=3
  [1] Turn left until the Stop at the french doors is centered ahead, then stop at the french doors, then turn left at the sofa, then head straight past the coffee table
      proof: The coffee table is directly ahead and the camera has passed it.
  [2] Stop between the lamp and the arm chair
      proof: The lamp is on the left and the arm chair is on the right, both visible and centered in the view.
  [3] Head straight and stop at the pillar
      proof: The pillar is directly ahead, centered in the view, and the camera is beside it, just before the stairwell
ep=756 s=0 15257ms [sel=0 cap=14680 rest=535] sg=1->1 mode=NONE win=1 obs=1 | cap=wip act=TURN request=-45deg execute=-15deg x1 a=2 | preview=view-/6 yaw=+0 render=42ms dtg=10.91 region=None
ep=756 s=1 5106ms [sel=0 cap=4980 rest=126] sg=1->1 mode=NONE win=2 obs=2 | cap=wip act=TURN request=-45deg execute=-15deg x1 a=2 dtg=10.91 region=None
ep=756 s=2 6574ms [sel=0 cap=6446 rest=128] sg=1->1 mode=NONE win=3 obs=3 | cap=wip act=TURN request=-45deg execute=-15deg x1 a=2 dtg=10.91 region=None
ep=756 s=3 4592ms [sel=0 cap=4470 rest=122] sg=1->1 mode=NONE win=4 obs=4 | cap=wip act=TURN request=-45deg execute=-15deg x1 a=2 dtg=10.91 region=None
ep=756 s=4 7681ms [sel=0 cap=7557 rest=124] sg=1->1 mode=NONE win=5 obs=5 | cap=wip act=TURN request=-45deg execute=-15deg x1 a=2 dtg=10.91 region=None
ep=756 s=5 10293ms [sel=3581 cap=6588 rest=124] sg=1->1 mode=NONE win=6 obs=6 | cap=wip act=(320,360) d=2.97 a=1 | sp=som:active d=3.0 age=0 som=2/8 dtg=11.14 region=None
ep=756 s=6 7971ms [sel=3 cap=7847 rest=121] sg=1->1 mode=NONE win=7 obs=7 | cap=wip act=(320,360) d=2.74 a=2 | sp=som:active d=2.7 age=1 dtg=11.14 region=None
ep=756 s=7 7848ms [sel=3 cap=7710 rest=135] sg=1->1 mode=NONE win=8 obs=8 | cap=wip act=(320,360) d=2.74 a=1 | sp=som:active d=2.7 age=2 dtg=11.39 region=None
ep=756 s=8 7017ms [sel=3 cap=6896 rest=118] sg=1->1 mode=NONE win=8 obs=9 | cap=wip act=(320,360) d=2.49 a=1 | sp=som:active d=2.5 age=3 dtg=11.64 region=None
ep=756 s=9 8705ms [sel=15 cap=8170 rest=480] sg=1->1 mode=NONE win=8 obs=10 | cap=wip act=(160,180) d=2.17 a=2 | preview=view3/6 yaw=+0 render=39ms | sp=preview:active d=2.2 age=0 dtg=11.64 region=None
ep=756 s=10 7344ms [sel=3 cap=7220 rest=121] sg=1->1 mode=NONE win=8 obs=11 | cap=wip act=(320,360) d=2.17 a=1 | sp=preview:active d=2.2 age=1 dtg=11.89 region=None
ep=756 s=11 8020ms [sel=4 cap=7894 rest=122] sg=1->1 mode=NONE win=8 obs=12 | cap=wip act=(320,360) d=1.92 a=2 | sp=preview:active d=1.9 age=2 dtg=11.89 region=None
ep=756 s=12 6291ms [sel=3 cap=5769 rest=480] sg=1->1 mode=NONE win=8 obs=13 | cap=wip act=(320,360) d=1.92 a=1 | preview=view-/6 yaw=+0 render=38ms | sp=preview:active d=1.9 age=3 dtg=12.12 region=1_8
ep=756 s=13 7938ms [sel=3 cap=7816 rest=120] sg=1->1 mode=NONE win=8 obs=14 | cap=wip act=(320,360) d=1.67 a=3 | sp=preview:active d=1.7 age=4 dtg=12.12 region=1_8
ep=756 s=14 9485ms [sel=3 cap=9361 rest=121] sg=1->1 mode=NONE win=8 obs=15 | cap=wip act=(320,360) d=1.67 a=1 | sp=preview:active d=1.7 age=5 dtg=12.36 region=1_8
ep=756 s=15 7265ms [sel=3 cap=7144 rest=119] sg=1->1 mode=NONE win=8 obs=16 | cap=wip act=(320,360) d=1.42 a=1 | sp=preview:active d=1.4 age=6 dtg=12.61 region=1_8
ep=756 s=16 7120ms [sel=3 cap=6997 rest=121] sg=1->1 mode=NONE win=8 obs=17 | cap=wip act=(320,360) d=1.18 a=1 | sp=preview:active d=1.2 age=7 dtg=12.86 region=1_8
ep=756 s=17 6657ms [sel=3 cap=6536 rest=118] sg=1->1 mode=NONE win=8 obs=18 | cap=wip act=(320,360) d=0.93 a=1 | sp=preview:active d=0.9 age=8 dtg=13.11 region=1_8
ep=756 s=18 6558ms [sel=3 cap=6429 rest=126] sg=1->1 mode=NONE win=8 obs=19 | cap=wip act=(320,360) d=0.69 a=1 | sp=preview:active d=0.7 age=9 dtg=13.36 region=1_8
ep=756 s=19 11524ms [sel=35 cap=11027 rest=424] sg=1->1 mode=NONE win=8 obs=20 | cap=wip act=(160,180) d=3.19 a=3 | preview=view0/6 yaw=-180 render=37ms | sp=preview:active d=3.2 age=0 dtg=13.36 region=1_8
ep=756 s=20 5676ms [sel=24 cap=5522 rest=129] sg=1->1 mode=NONE win=8 obs=21 | cap=wip act=(320,360) d=3.19 a=3 | sp=preview:active d=3.2 age=1 dtg=13.36 region=1_8
ep=756 s=21 6307ms [sel=22 cap=6163 rest=123] sg=1->1 mode=NONE win=8 obs=22 | cap=wip act=(320,360) d=3.19 a=3 | sp=preview:active d=3.2 age=2 dtg=13.36 region=1_8
ep=756 s=22 8826ms [sel=22 cap=8679 rest=126] sg=1->1 mode=NONE win=8 obs=23 | cap=wip act=(320,360) d=3.19 a=3 | sp=preview:active d=3.2 age=3 dtg=13.36 region=1_8
ep=756 s=23 8678ms [sel=22 cap=8533 rest=123] sg=1->1 mode=NONE win=8 obs=24 | cap=wip act=(320,360) d=3.19 a=3 | sp=preview:active d=3.2 age=4 dtg=13.36 region=1_8
ep=756 s=24 8885ms [sel=22 cap=8741 rest=122] sg=1->1 mode=NONE win=8 obs=25 | cap=wip act=(320,360) d=3.19 a=3 | sp=preview:active d=3.2 age=5 dtg=13.36 region=1_8
ep=756 s=25 7374ms [sel=22 cap=7221 rest=131] sg=1->1 mode=NONE win=8 obs=26 | cap=wip act=(320,360) d=3.19 a=3 | sp=preview:active d=3.2 age=6 dtg=13.36 region=1_8
ep=756 s=26 8594ms [sel=21 cap=8434 rest=139] sg=1->1 mode=NONE win=8 obs=27 | cap=wip act=(320,360) d=3.19 a=3 | sp=preview:active d=3.2 age=7 dtg=13.36 region=1_8
ep=756 s=27 7219ms [sel=18 cap=7068 rest=134] sg=1->1 mode=NONE win=8 obs=28 | cap=wip act=(320,360) d=3.19 a=3 | sp=preview:active d=3.2 age=8 dtg=13.36 region=1_8
ep=756 s=28 8921ms [sel=3 cap=8782 rest=136] sg=1->1 mode=NONE win=8 obs=29 | cap=wip act=(320,360) d=3.19 a=3 | sp=preview:active d=3.2 age=9 dtg=13.36 region=1_8
ep=756 s=29 7798ms [sel=3 cap=7664 rest=131] sg=1->1 mode=NONE win=8 obs=30 | cap=wip act=(320,360) d=3.19 a=1 | sp=preview:active d=3.2 age=10 dtg=13.16 region=1_8
ep=756 s=30 9304ms [sel=3 cap=9172 rest=128] sg=1->1 mode=NONE win=8 obs=31 | cap=wip act=(320,360) d=2.95 a=3 | sp=preview:active d=2.9 age=11 dtg=13.16 region=1_8
ep=756 s=31 4672ms [sel=3 cap=4538 rest=131] sg=1->1 mode=NONE win=8 obs=32 | cap=wip act=(320,360) d=2.95 a=1 | sp=preview:active d=2.9 age=12 dtg=12.92 region=1_8
ep=756 s=32 6697ms [sel=4 cap=6557 rest=136] sg=1->1 mode=NONE win=8 obs=33 | cap=wip act=(320,360) d=2.70 a=1 | sp=preview:active d=2.7 age=13 dtg=12.70 region=1_8
ep=756 s=33 9999ms [sel=3 cap=9848 rest=147] sg=1->1 mode=NONE win=8 obs=34 | cap=wip act=(320,360) d=2.45 a=1 | sp=preview:active d=2.4 age=14 dtg=12.47 region=1_7
ep=756 s=34 9771ms [sel=18 cap=9188 rest=527] sg=1->1 mode=NONE win=8 obs=35 | cap=wip act=(160,180) d=3.74 a=3 | preview=view3/6 yaw=+0 render=38ms | sp=preview:active d=3.7 age=0 dtg=12.47 region=1_7
ep=756 s=35 4935ms [sel=3 cap=4792 rest=140] sg=1->1 mode=NONE win=8 obs=36 | cap=wip act=(320,360) d=3.74 a=1 | sp=preview:active d=3.7 age=1 dtg=12.23 region=1_7
ep=756 s=36 7927ms [sel=3 cap=7794 rest=130] sg=1->1 mode=NONE win=8 obs=37 | cap=wip act=(320,360) d=3.49 a=1 | sp=preview:active d=3.5 age=2 dtg=11.99 region=1_7
ep=756 s=37 6315ms [sel=3 cap=6143 rest=169] sg=1->1 mode=NONE win=8 obs=38 | cap=wip act=(320,360) d=3.25 a=1 | sp=preview:active d=3.2 age=3 dtg=11.74 region=1_7
ep=756 s=38 7660ms [sel=3 cap=7495 rest=163] sg=1->1 mode=NONE win=8 obs=39 | cap=wip act=(320,360) d=3.01 a=1 | sp=preview:active d=3.0 age=4 dtg=11.53 region=1_7
ep=756 s=39 9814ms [sel=3 cap=9683 rest=128] sg=1->1 mode=NONE win=8 obs=40 | cap=wip act=(320,360) d=2.76 a=3 | sp=preview:active d=2.8 age=5 dtg=11.53 region=1_7
ep=756 s=40 4206ms [sel=3 cap=4075 rest=128] sg=1->1 mode=NONE win=8 obs=41 | cap=wip act=(320,360) d=2.76 a=1 | sp=preview:active d=2.8 age=6 dtg=11.45 region=1_7
ep=756 s=41 10481ms [sel=3 cap=10349 rest=129] sg=1->1 mode=NONE win=8 obs=42 | cap=wip act=(320,360) d=2.51 a=1 | sp=preview:active d=2.5 age=7 dtg=11.00 region=1_7
ep=756 s=42 5510ms [sel=3 cap=5377 rest=130] sg=1->1 mode=NONE win=8 obs=43 | cap=wip act=(320,360) d=2.26 a=1 | sp=preview:active d=2.3 age=8 dtg=10.75 region=1_7
ep=756 s=43 13484ms [sel=4 cap=13348 rest=133] sg=1->1 mode=NONE win=8 obs=44 | cap=wip act=(320,360) d=2.01 a=1 | sp=preview:active d=2.0 age=9 dtg=10.50 region=1_7
ep=756 s=44 6329ms [sel=4 cap=6191 rest=135] sg=1->1 mode=NONE win=8 obs=45 | cap=wip act=(320,360) d=1.76 a=1 | sp=preview:active d=1.8 age=10 dtg=10.25 region=1_7
ep=756 s=45 5729ms [sel=3 cap=5598 rest=129] sg=1->1 mode=NONE win=8 obs=46 | cap=wip act=(320,360) d=1.51 a=1 | sp=preview:active d=1.5 age=11 dtg=10.00 region=1_7
ep=756 s=46 9440ms [sel=860 cap=8447 rest=133] sg=1->1 mode=NONE win=8 obs=47 | cap=wip act=(320,360) d=3.05 a=2 | sp=som:active d=3.0 age=0 som=5/8 dtg=10.00 region=1_7
ep=756 s=47 7919ms [sel=3 cap=7783 rest=133] sg=1->1 mode=NONE win=8 obs=48 | cap=wip act=(320,360) d=3.05 a=1 | sp=som:active d=3.0 age=1 dtg=9.76 region=1_7
ep=756 s=48 4567ms [sel=3 cap=4414 rest=150] sg=1->1 mode=NONE win=8 obs=49 | cap=wip act=(320,360) d=2.83 a=1 | sp=som:active d=2.8 age=2 dtg=9.52 region=1_7
ep=756 s=49 6851ms [sel=3 cap=6713 rest=135] sg=1->1 mode=NONE win=8 obs=50 | cap=wip act=(320,360) d=2.62 a=1 | sp=som:active d=2.6 age=3 dtg=9.29 region=1_6
ep=756 s=50 7239ms [sel=3 cap=7104 rest=132] sg=1->1 mode=NONE win=8 obs=51 | cap=wip act=(320,360) d=2.42 a=3 | sp=som:active d=2.4 age=4 dtg=9.29 region=1_6
ep=756 s=51 7906ms [sel=3 cap=7773 rest=129] sg=1->1 mode=NONE win=8 obs=52 | cap=wip act=(320,360) d=2.42 a=1 | sp=som:active d=2.4 age=5 dtg=9.05 region=1_6
ep=756 s=52 6270ms [sel=3 cap=6131 rest=136] sg=1->1 mode=NONE win=8 obs=53 | cap=wip act=(320,360) d=2.19 a=3 | sp=som:active d=2.2 age=6 dtg=9.05 region=1_6
ep=756 s=53 3382ms [sel=4 cap=3247 rest=131] sg=1->1 mode=NONE win=8 obs=54 | cap=wip act=(320,360) d=2.19 a=3 | sp=som:active d=2.2 age=7 dtg=9.05 region=1_6
ep=756 s=54 6202ms [sel=3 cap=6065 rest=134] sg=1->1 mode=NONE win=8 obs=55 | cap=wip act=(320,360) d=2.19 a=1 | sp=som:active d=2.2 age=8 dtg=8.81 region=1_6
ep=756 s=55 13730ms [sel=4024 cap=9573 rest=133] sg=1->2 mode=NONE win=8 obs=56 | cap=DONE act=(320,360) d=3.04 a=1 | sp=som:active d=3.0 age=0 som=3/8 dtg=8.59 region=1_6
ep=756 s=56 9143ms [sel=3 cap=9010 rest=130] sg=2->2 mode=NONE win=8 obs=57 | cap=wip act=(320,360) d=2.79 a=1 | sp=som:active d=2.8 age=1 dtg=8.38 region=1_6
ep=756 s=57 10555ms [sel=4 cap=10422 rest=129] sg=2->2 mode=NONE win=8 obs=58 | cap=wip act=(320,360) d=2.55 a=2 | sp=som:active d=2.5 age=2 dtg=8.38 region=1_6
ep=756 s=58 6914ms [sel=3 cap=6782 rest=130] sg=2->2 mode=NONE win=8 obs=59 | cap=wip act=(320,360) d=2.55 a=1 | sp=som:active d=2.5 age=3 dtg=8.15 region=1_6
ep=756 s=59 4826ms [sel=3 cap=4691 rest=132] sg=2->2 mode=NONE win=8 obs=60 | cap=wip act=(320,360) d=2.30 a=1 | sp=som:active d=2.3 age=4 dtg=7.92 region=1_6
ep=756 s=60 5794ms [sel=4 cap=5652 rest=138] sg=2->2 mode=NONE win=8 obs=61 | cap=wip act=(320,360) d=2.05 a=1 | sp=som:active d=2.0 age=5 dtg=7.70 region=1_11
ep=756 s=61 7092ms [sel=3 cap=6945 rest=144] sg=2->2 mode=NONE win=8 obs=62 | cap=wip act=(320,360) d=1.80 a=1 | sp=som:active d=1.8 age=6 dtg=7.49 region=1_11
ep=756 s=62 7266ms [sel=4 cap=7131 rest=131] sg=2->2 mode=NONE win=8 obs=63 | cap=wip act=(320,360) d=1.55 a=2 | sp=som:active d=1.5 age=7 dtg=7.49 region=1_11
ep=756 s=63 6397ms [sel=4 cap=6266 rest=128] sg=2->2 mode=NONE win=8 obs=64 | cap=wip act=(320,360) d=1.55 a=1 | sp=som:active d=1.5 age=8 dtg=7.27 region=1_11
ep=756 s=64 7144ms [sel=3 cap=7017 rest=124] sg=2->2 mode=NONE win=8 obs=65 | cap=wip act=(320,360) d=1.31 a=3 | sp=som:active d=1.3 age=9 dtg=7.27 region=1_11
ep=756 s=65 7269ms [sel=3 cap=7136 rest=130] sg=2->2 mode=NONE win=8 obs=66 | cap=wip act=(320,360) d=1.31 a=1 | sp=som:active d=1.3 age=10 dtg=7.10 region=1_11
ep=756 s=66 6094ms [sel=3 cap=5958 rest=134] sg=2->2 mode=NONE win=8 obs=67 | cap=wip act=(320,360) d=1.06 a=1 | sp=som:active d=1.1 age=11 dtg=6.98 region=1_11
ep=756 s=67 6138ms [sel=3 cap=6006 rest=129] sg=2->2 mode=NONE win=8 obs=68 | cap=wip act=(320,360) d=0.82 a=1 | sp=som:active d=0.8 age=12 dtg=6.95 region=1_11
ep=756 s=68 5196ms [sel=3 cap=5059 rest=134] sg=2->2 mode=NONE win=8 obs=69 | cap=wip act=(320,360) d=0.57 a=1 | sp=som:active d=0.6 age=13 dtg=6.99 region=1_11
ep=756 s=69 8451ms [sel=2950 cap=5373 rest=128] sg=2->2 mode=NONE win=8 obs=70 | cap=wip act=(320,360) d=3.04 a=1 | sp=som:active d=3.0 age=0 som=5/8 dtg=7.03 region=1_11
ep=756 s=70 8815ms [sel=3 cap=8678 rest=133] sg=2->2 mode=NONE win=8 obs=71 | cap=wip act=(320,360) d=2.79 a=1 | sp=som:active d=2.8 age=1 dtg=7.09 region=1_11
ep=756 s=71 7255ms [sel=4 cap=7118 rest=134] sg=2->2 mode=NONE win=8 obs=72 | cap=wip act=(320,360) d=2.54 a=1 | sp=som:active d=2.5 age=2 dtg=7.16 region=1_11
ep=756 s=72 5645ms [sel=3 cap=5511 rest=132] sg=2->2 mode=NONE win=8 obs=73 | cap=wip act=(320,360) d=2.29 a=1 | sp=som:active d=2.3 age=3 dtg=7.26 region=1_11
ep=756 s=73 7384ms [sel=3 cap=7253 rest=128] sg=2->2 mode=NONE win=8 obs=74 | cap=wip act=(320,360) d=2.04 a=2 | sp=som:active d=2.0 age=4 dtg=7.26 region=1_11
ep=756 s=74 7049ms [sel=3 cap=6917 rest=129] sg=2->2 mode=NONE win=8 obs=75 | cap=wip act=(320,360) d=2.04 a=1 | sp=som:active d=2.0 age=5 dtg=7.27 region=1_11
ep=756 s=75 6561ms [sel=3 cap=6432 rest=126] sg=2->2 mode=NONE win=8 obs=76 | cap=wip act=(320,360) d=1.80 a=1 | sp=som:active d=1.8 age=6 dtg=7.12 region=1_5
ep=756 s=76 8217ms [sel=3 cap=8084 rest=131] sg=2->2 mode=NONE win=8 obs=77 | cap=wip act=(320,360) d=1.56 a=1 | sp=som:active d=1.6 age=7 dtg=6.98 region=1_5
ep=756 s=77 6339ms [sel=3 cap=6212 rest=124] sg=2->2 mode=NONE win=8 obs=78 | cap=wip act=(320,360) d=1.32 a=3 | sp=som:active d=1.3 age=8 dtg=6.98 region=1_5
ep=756 s=78 7160ms [sel=3 cap=7032 rest=126] sg=2->2 mode=NONE win=8 obs=79 | cap=wip act=(320,360) d=1.32 a=1 | sp=som:active d=1.3 age=9 dtg=6.93 region=1_5
ep=756 s=79 9355ms [sel=3 cap=9229 rest=123] sg=2->2 mode=NONE win=8 obs=80 | cap=wip act=(320,360) d=1.07 a=1 | sp=som:active d=1.1 age=10 dtg=6.92 region=1_5
ep=756 s=80 8840ms [sel=3 cap=8713 rest=124] sg=2->2 mode=NONE win=8 obs=81 | cap=wip act=(320,360) d=0.83 a=1 | sp=som:active d=0.8 age=11 dtg=6.94 region=1_5
ep=756 s=81 12050ms [sel=3 cap=11922 rest=125] sg=2->2 mode=NONE win=8 obs=82 | cap=wip act=(320,360) d=0.58 a=1 | sp=som:active d=0.6 age=12 dtg=7.00 region=1_5
ep=756 s=82 9945ms [sel=1252 cap=8568 rest=125] sg=2->2 mode=NONE win=8 obs=83 | cap=wip act=(320,360) d=2.81 a=2 | sp=som:active d=2.8 age=0 som=3/8 dtg=7.00 region=1_5
ep=756 s=83 6804ms [sel=3 cap=6671 rest=130] sg=2->2 mode=NONE win=8 obs=84 | cap=wip act=(320,360) d=2.81 a=1 | sp=som:active d=2.8 age=1 dtg=7.02 region=1_5
ep=756 s=84 7163ms [sel=3 cap=7030 rest=130] sg=2->2 mode=NONE win=8 obs=85 | cap=wip act=(320,360) d=2.56 a=3 | sp=som:active d=2.6 age=2 dtg=7.02 region=1_5
ep=756 s=85 7383ms [sel=3 cap=7252 rest=128] sg=2->2 mode=NONE win=8 obs=86 | cap=wip act=(320,360) d=2.56 a=1 | sp=som:active d=2.6 age=3 dtg=7.11 region=1_5
ep=756 s=86 9448ms [sel=4 cap=9316 rest=128] sg=2->2 mode=NONE win=8 obs=87 | cap=wip act=(320,360) d=2.31 a=1 | sp=som:active d=2.3 age=4 dtg=7.22 region=1_5
ep=756 s=87 8151ms [sel=3 cap=8020 rest=128] sg=2->2 mode=NONE win=8 obs=88 | cap=wip act=(320,360) d=2.06 a=1 | sp=som:active d=2.1 age=5 dtg=7.34 region=1_5
ep=756 s=88 10023ms [sel=3 cap=9898 rest=122] sg=2->2 mode=NONE win=8 obs=89 | cap=wip act=(320,360) d=1.81 a=1 | sp=som:active d=1.8 age=6 dtg=7.51 region=1_5
ep=756 s=89 8817ms [sel=3 cap=8692 rest=122] sg=2->2 mode=NONE win=8 obs=90 | cap=wip act=(320,360) d=1.57 a=1 | sp=som:active d=1.6 age=7 dtg=7.71 region=1_5
ep=756 s=90 6075ms [sel=3 cap=5953 rest=119] sg=2->2 mode=NONE win=8 obs=91 | cap=wip act=(320,360) d=1.32 a=2 | sp=som:active d=1.3 age=8 dtg=7.71 region=1_5
ep=756 s=91 7911ms [sel=3 cap=7793 rest=115] sg=2->2 mode=NONE win=8 obs=92 | cap=wip act=(320,360) d=1.32 a=1 | sp=som:active d=1.3 age=9 dtg=7.90 region=1_5
ep=756 s=92 8572ms [sel=3 cap=8451 rest=119] sg=2->2 mode=NONE win=8 obs=93 | cap=wip act=(320,360) d=1.07 a=1 | sp=som:active d=1.1 age=10 dtg=8.11 region=1_5
ep=756 s=93 9225ms [sel=3 cap=9104 rest=118] sg=2->2 mode=NONE win=8 obs=94 | cap=wip act=(320,360) d=0.82 a=1 | sp=som:active d=0.8 age=11 dtg=8.94 region=1_5
ep=756 s=94 5197ms [sel=3 cap=5070 rest=124] sg=2->2 mode=NONE win=8 obs=95 | cap=wip act=(320,360) d=0.57 a=1 | sp=som:active d=0.6 age=12 dtg=8.95 region=1_5
ep=756 s=95 11023ms [sel=3617 cap=7285 rest=121] sg=2->2 mode=NONE win=8 obs=96 | cap=wip act=(320,360) d=0.79 a=2 | sp=som:active d=0.8 age=0 som=1/5 dtg=8.95 region=1_5
ep=756 s=96 7771ms [sel=2784 cap=4865 rest=122] sg=2->3 mode=NONE win=8 obs=97 | cap=DONE act=(320,360) d=3.43 a=2 | sp=frontier:active d=3.4 age=0 som=2/5 dtg=8.95 region=1_5
ep=756 s=97 4006ms [sel=20 cap=3862 rest=125] sg=3->3 mode=NONE win=8 obs=98 | cap=wip act=(320,360) d=3.43 a=2 | sp=frontier:active d=3.4 age=1 dtg=8.95 region=1_5
ep=756 s=98 4563ms [sel=21 cap=4418 rest=124] sg=3->3 mode=NONE win=8 obs=99 | cap=wip act=(320,360) d=3.43 a=2 | sp=frontier:active d=3.4 age=2 dtg=8.95 region=1_5
ep=756 s=99 3374ms [sel=3 cap=3239 rest=132] sg=3->3 mode=NONE win=8 obs=100 | cap=wip act=(320,360) d=3.43 a=2 | sp=frontier:active d=3.4 age=3 dtg=8.95 region=1_5
ep=756 s=100 4930ms [sel=3 cap=4795 rest=132] sg=3->3 mode=NONE win=8 obs=101 | cap=wip act=(320,360) d=3.43 a=1 | sp=frontier:active d=3.4 age=4 dtg=8.71 region=1_5
ep=756 s=101 5041ms [sel=3 cap=4900 rest=138] sg=3->3 mode=NONE win=8 obs=102 | cap=wip act=(320,360) d=3.19 a=2 | sp=frontier:active d=3.2 age=5 dtg=8.71 region=1_5
ep=756 s=102 3771ms [sel=3 cap=3604 rest=164] sg=3->3 mode=NONE win=8 obs=103 | cap=wip act=(320,360) d=3.19 a=1 | sp=frontier:active d=3.2 age=6 dtg=8.46 region=1_5
ep=756 s=103 3797ms [sel=3 cap=3664 rest=130] sg=3->3 mode=NONE win=8 obs=104 | cap=wip act=(320,360) d=2.94 a=1 | sp=frontier:active d=2.9 age=7 dtg=8.21 region=1_5
ep=756 s=104 5966ms [sel=3 cap=5817 rest=147] sg=3->3 mode=NONE win=8 obs=105 | cap=wip act=(320,360) d=2.69 a=1 | sp=frontier:active d=2.7 age=8 dtg=7.96 region=1_5
ep=756 s=105 4092ms [sel=3 cap=3963 rest=126] sg=3->3 mode=NONE win=8 obs=106 | cap=wip act=(320,360) d=2.44 a=1 | sp=frontier:active d=2.4 age=9 dtg=7.71 region=1_5
ep=756 s=106 8474ms [sel=3 cap=8315 rest=156] sg=3->3 mode=NONE win=8 obs=107 | cap=wip act=(320,360) d=2.19 a=1 | sp=frontier:active d=2.2 age=10 dtg=7.46 region=1_5
ep=756 s=107 5610ms [sel=3 cap=5479 rest=129] sg=3->3 mode=NONE win=8 obs=108 | cap=wip act=(320,360) d=1.94 a=1 | sp=frontier:active d=1.9 age=11 dtg=7.21 region=1_5
ep=756 s=108 13504ms [sel=3 cap=12978 rest=485] sg=3->3 mode=NONE win=8 obs=109 | cap=wip act=(320,360) d=1.69 a=1 | preview=view-/6 yaw=+0 render=38ms | sp=frontier:active d=1.7 age=12 dtg=6.96 region=1_5
ep=756 s=109 5389ms [sel=3 cap=5262 rest=124] sg=3->3 mode=NONE win=8 obs=110 | cap=wip act=(320,360) d=1.44 a=1 | sp=frontier:active d=1.4 age=13 dtg=6.72 region=1_5
ep=756 s=110 8435ms [sel=3 cap=8300 rest=132] sg=3->3 mode=NONE win=8 obs=111 | cap=wip act=(320,360) d=1.19 a=1 | sp=frontier:active d=1.2 age=14 dtg=6.47 region=0_12
ep=756 s=111 9336ms [sel=3035 cap=6170 rest=131] sg=3->3 mode=NONE win=8 obs=112 | cap=wip act=(320,360) d=2.94 a=1 | sp=som:active d=2.9 age=0 som=4/7 dtg=6.22 region=0_12
ep=756 s=112 5126ms [sel=3 cap=4989 rest=134] sg=3->3 mode=NONE win=8 obs=113 | cap=wip act=(320,360) d=2.69 a=1 | sp=som:active d=2.7 age=1 dtg=5.97 region=0_12
ep=756 s=113 5005ms [sel=3 cap=4867 rest=135] sg=3->3 mode=NONE win=8 obs=114 | cap=wip act=(320,360) d=2.44 a=1 | sp=som:active d=2.4 age=2 dtg=5.73 region=0_12
ep=756 s=114 3663ms [sel=3 cap=3527 rest=134] sg=3->3 mode=NONE win=8 obs=115 | cap=wip act=(320,360) d=2.19 a=1 | sp=som:active d=2.2 age=3 dtg=5.48 region=0_12
ep=756 s=115 4806ms [sel=4 cap=4668 rest=134] sg=3->3 mode=NONE win=8 obs=116 | cap=wip act=(320,360) d=1.94 a=1 | sp=som:active d=1.9 age=4 dtg=5.24 region=0_12
ep=756 s=116 5351ms [sel=3 cap=5212 rest=137] sg=3->3 mode=NONE win=8 obs=117 | cap=wip act=(320,360) d=1.69 a=1 | sp=som:active d=1.7 age=5 dtg=5.00 region=0_12
ep=756 s=117 10962ms [sel=3 cap=10436 rest=485] sg=3->3 mode=NONE win=8 obs=118 | cap=wip act=(320,360) d=1.44 a=1 | preview=view-/6 yaw=+0 render=39ms | sp=som:active d=1.4 age=6 dtg=4.77 region=0_12
ep=756 s=118 7855ms [sel=3 cap=7726 rest=127] sg=3->3 mode=NONE win=8 obs=119 | cap=wip act=(320,360) d=1.20 a=1 | sp=som:active d=1.2 age=7 dtg=4.55 region=0_12
ep=756 s=119 12697ms [sel=3 cap=12568 rest=127] sg=3->3 mode=NONE win=8 obs=120 | cap=wip act=(320,360) d=0.95 a=1 | sp=som:active d=0.9 age=8 dtg=4.35 region=0_12
ep=756 s=120 14578ms [sel=3 cap=14057 rest=481] sg=3->3 mode=NONE win=8 obs=121 | cap=wip act=(320,360) d=0.70 a=1 | preview=view-/6 yaw=+0 render=37ms | sp=som:active d=0.7 age=9 dtg=4.20 region=0_12
ep=756 s=121 8787ms [sel=1281 cap=7380 rest=126] sg=3->3 mode=NONE win=8 obs=122 | cap=wip act=(320,360) d=3.50 a=2 | sp=som:active d=3.5 age=0 som=4/7 dtg=4.20 region=0_12
ep=756 s=122 6700ms [sel=14 cap=6555 rest=131] sg=3->3 mode=NONE win=8 obs=123 | cap=wip act=(320,360) d=3.50 a=2 | sp=som:active d=3.5 age=1 dtg=4.20 region=0_12
ep=756 s=123 16345ms [sel=7 cap=15813 rest=487] sg=3->3 mode=NONE win=8 obs=124 | cap=wip act=(320,360) d=3.50 a=2 | preview=view-/6 yaw=+0 render=37ms | sp=som:active d=3.5 age=2 dtg=4.20 region=0_12
ep=756 s=124 7679ms [sel=3 cap=7542 rest=135] sg=3->3 mode=NONE win=8 obs=125 | cap=wip act=(320,360) d=3.50 a=1 | sp=som:active d=3.5 age=3 dtg=3.97 region=0_12
ep=756 s=125 7153ms [sel=3 cap=7011 rest=139] sg=3->3 mode=NONE win=8 obs=126 | cap=wip act=(320,360) d=3.29 a=1 | sp=som:active d=3.3 age=4 dtg=3.75 region=0_12
ep=756 s=126 15103ms [sel=9 cap=14556 rest=500] sg=3->3 mode=NONE win=8 obs=127 | cap=wip act=(320,360) d=3.10 a=1 | preview=view-/6 yaw=+0 render=38ms | sp=som:active d=3.1 age=5 dtg=3.52 region=0_12
ep=756 s=127 6274ms [sel=17 cap=6126 rest=131] sg=3->3 mode=NONE win=8 obs=128 | cap=wip act=(320,360) d=2.91 a=2 | sp=som:active d=2.9 age=6 dtg=3.52 region=0_12
ep=756 s=128 4566ms [sel=4 cap=4432 rest=130] sg=3->3 mode=NONE win=8 obs=129 | cap=wip act=(320,360) d=2.91 a=2 | sp=som:active d=2.9 age=7 dtg=3.52 region=0_12
ep=756 s=129 13686ms [sel=6 cap=13156 rest=481] sg=3->3 mode=NONE win=8 obs=130 | cap=wip act=(320,360) d=2.91 a=1 | preview=view-/6 yaw=+0 render=43ms | sp=som:active d=2.9 age=8 dtg=3.27 region=0_12
ep=756 s=130 7273ms [sel=4 cap=7141 rest=128] sg=3->3 mode=NONE win=8 obs=131 | cap=wip act=(320,360) d=2.84 a=1 | sp=som:active d=2.8 age=9 dtg=3.02 region=0_12
ep=756 s=131 3033ms [sel=4 cap=2891 rest=138] sg=3->3 mode=NONE win=8 obs=132 | cap=wip act=(320,360) d=2.80 a=2 | sp=som:active d=2.8 age=10 dtg=3.02 region=0_12
ep=756 s=132 12639ms [sel=3 cap=12106 rest=488] sg=3->3 mode=NONE win=8 obs=133 | cap=wip act=(320,360) d=2.80 a=1 | preview=view-/6 yaw=+0 render=42ms | sp=som:active d=2.8 age=11 dtg=2.79 region=0_12
ep=756 s=133 5193ms [sel=5 cap=5059 rest=129] sg=3->3 mode=NONE win=8 obs=134 | cap=wip act=(320,360) d=2.84 a=1 | sp=som:active d=2.8 age=12 dtg=2.55 region=0_12
ep=756 s=134 7473ms [sel=7 cap=7331 rest=134] sg=3->3 mode=NONE win=8 obs=135 | cap=wip act=(320,360) d=2.91 a=2 | sp=som:active d=2.9 age=13 dtg=2.55 region=0_12
ep=756 s=135 11837ms [sel=11 cap=11289 rest=498] sg=3->3 mode=NONE win=8 obs=136 | cap=wip act=(320,360) d=2.91 a=1 | preview=view-/6 yaw=+0 render=39ms | sp=som:active d=2.9 age=14 dtg=2.36 region=0_12
ep=756 s=136 4717ms [sel=12 cap=4574 rest=131] sg=3->3 mode=NONE win=8 obs=137 | cap=wip act=(320,360) d=3.05 a=1 | sp=som:active d=3.1 age=15 dtg=2.21 region=0_12
ep=756 s=137 3390ms [sel=13 cap=3242 rest=135] sg=3->3 mode=NONE win=8 obs=138 | cap=wip act=(320,360) d=3.20 a=3 | sp=som:active d=3.2 age=16 dtg=2.21 region=0_12
ep=756 s=138 14517ms [sel=5 cap=13951 rest=520] sg=3->None mode=NONE win=8 obs=139 | cap=DONE act=(320,360) d=1.00 a=1 | preview=view-/6 yaw=+0 render=41ms | sp=som:active d=3.2 age=17 door_evts=3 dtg=2.03 region=0_12
ep=756 s=139 136ms [sel=4 cap=0 rest=132] sg=None->None mode=NONE win=8 obs=140 | cap=- act=(320,360) d=1.00 a=1 | sp=som:active d=3.3 age=18 door_evts=3 dtg=1.90 region=0_12
ep=756 s=140 135ms [sel=5 cap=0 rest=130] sg=None->None mode=NONE win=8 obs=141 | cap=- act=(320,360) d=1.00 a=1 | sp=som:active d=3.4 age=19 door_evts=3 dtg=1.81 region=0_12
ep=756 s=141 131ms [sel=0 cap=0 rest=131] sg=None->None mode=NONE win=8 obs=142 | cap=- act=STOP | sp=som:active d=3.6 age=20 door_evts=3 dtg=1.81 region=0_12
rank=3 [8/20] id=756 steps=142 success=1.000 spl=0.468 dtg=1.81 osr=1 path_length=23.32 ndtw=0.178 sdtw=0.178
PluginManager::Manager: duplicate static plugin StbImageImporter, ignoring
PluginManager::Manager: duplicate static plugin GltfImporter, ignoring
PluginManager::Manager: duplicate static plugin BasisImporter, ignoring
PluginManager::Manager: duplicate static plugin AssimpImporter, ignoring
PluginManager::Manager: duplicate static plugin AnySceneImporter, ignoring
PluginManager::Manager: duplicate static plugin AnyImageImporter, ignoring
episode=864 instruction='Turn right and head down the hallway. Turn right at the first entry way on your right. Enter the next small hallway and head straight into the room straight ahead. Stop inside of the room once you reach the chair and the desk and are facing the 3 windows. ' start_position=[10.112000465393066, 0.17162801325321198, -0.19209399819374084] goal_position=[3.3425300121307373, 0.1755983531475067, -6.042230129241943] reference_geodesic=11.144094467163086
episode=864 prepared_subgoals=4
  [1] Turn right until the hallway is centered ahead, then walk down the hallway
      proof: The camera has passed the hallway: it is behind or below the camera and the space beyond it fills the view; the camera has not yet turned right.
  [2] Turn right at the first entry way on your right, then enter the next small hallway
      proof: The camera has crossed the threshold and the small hallway fills the view.
  [3] Walk straight into the room straight ahead
      proof: The room is central in the view and the chair and desk are visible ahead.
  [4] Stop inside of the room once you reach the chair and the desk and are facing the 3 windows
      proof: The chair and desk are beside or directly ahead, and the 3 windows are centred in the view
ep=864 s=0 9789ms [sel=0 cap=9254 rest=499] sg=1->1 mode=NONE win=1 obs=1 | cap=wip act=TURN request=+45deg execute=+15deg x1 a=3 | preview=view-/6 yaw=+0 render=35ms dtg=11.14 region=0_17
ep=864 s=1 4539ms [sel=0 cap=4439 rest=99] sg=1->1 mode=NONE win=2 obs=2 | cap=wip act=TURN request=+45deg execute=+15deg x1 a=3 dtg=11.14 region=0_17
ep=864 s=2 7532ms [sel=0 cap=7434 rest=97] sg=1->1 mode=NONE win=3 obs=3 | cap=wip act=TURN request=+45deg execute=+15deg x1 a=3 dtg=11.14 region=0_17
ep=864 s=3 3319ms [sel=0 cap=3218 rest=101] sg=1->1 mode=NONE win=4 obs=4 | cap=wip act=TURN request=+45deg execute=+15deg x1 a=3 dtg=11.14 region=0_17
ep=864 s=4 13306ms [sel=5788 cap=7412 rest=106] sg=1->1 mode=NONE win=5 obs=5 | cap=wip act=(320,360) d=2.82 a=3 | sp=som:active d=2.8 age=0 som=2/8 dtg=11.14 region=0_17
ep=864 s=5 9734ms [sel=8 cap=9617 rest=108] sg=1->1 mode=NONE win=6 obs=6 | cap=wip act=(320,360) d=2.82 a=3 | sp=som:active d=2.8 age=1 dtg=11.14 region=0_17
ep=864 s=6 10346ms [sel=21 cap=9728 rest=559] sg=1->1 mode=NONE win=7 obs=7 | cap=wip act=(160,180) d=3.61 a=3 | preview=view3/6 yaw=+30 render=38ms | sp=preview:active d=3.6 age=0 dtg=11.14 region=0_17
ep=864 s=7 8650ms [sel=2303 cap=6244 rest=102] sg=1->1 mode=NONE win=8 obs=8 | cap=wip act=(320,360) d=3.02 a=3 | sp=som:active d=3.0 age=0 som=5/7 dtg=11.14 region=0_17
ep=864 s=8 4977ms [sel=3 cap=4869 rest=105] sg=1->1 mode=NONE win=8 obs=9 | cap=wip act=(320,360) d=3.02 a=1 | sp=som:active d=3.0 age=1 dtg=11.39 region=0_17
ep=864 s=9 4397ms [sel=4 cap=4284 rest=109] sg=1->1 mode=NONE win=8 obs=10 | cap=wip act=(320,360) d=2.78 a=1 | sp=som:active d=2.8 age=2 dtg=11.64 region=0_17
ep=864 s=10 4245ms [sel=4 cap=4132 rest=110] sg=1->1 mode=NONE win=8 obs=11 | cap=wip act=(320,360) d=2.53 a=1 | sp=som:active d=2.5 age=3 dtg=11.89 region=0_19
ep=864 s=11 3845ms [sel=3 cap=3739 rest=102] sg=1->1 mode=NONE win=8 obs=12 | cap=wip act=(320,360) d=2.29 a=1 | sp=som:active d=2.3 age=4 dtg=12.14 region=0_19
ep=864 s=12 5564ms [sel=4 cap=5458 rest=102] sg=1->1 mode=NONE win=8 obs=13 | cap=wip act=(320,360) d=2.06 a=1 | sp=som:active d=2.1 age=5 dtg=12.39 region=0_19
ep=864 s=13 5868ms [sel=3 cap=5762 rest=103] sg=1->1 mode=NONE win=8 obs=14 | cap=wip act=(320,360) d=1.82 a=3 | sp=som:active d=1.8 age=6 dtg=12.39 region=0_19
ep=864 s=14 6614ms [sel=3 cap=6498 rest=113] sg=1->1 mode=NONE win=8 obs=15 | cap=wip act=(320,360) d=1.82 a=1 | sp=som:active d=1.8 age=7 dtg=12.64 region=0_19
ep=864 s=15 4783ms [sel=3 cap=4657 rest=124] sg=1->1 mode=NONE win=8 obs=16 | cap=wip act=(320,360) d=1.57 a=1 | sp=som:active d=1.6 age=8 dtg=12.88 region=0_19
ep=864 s=16 5770ms [sel=3 cap=5664 rest=103] sg=1->1 mode=NONE win=8 obs=17 | cap=wip act=(320,360) d=1.32 a=1 | sp=som:active d=1.3 age=9 dtg=13.13 region=0_19
ep=864 s=17 3975ms [sel=4 cap=3868 rest=103] sg=1->1 mode=NONE win=8 obs=18 | cap=wip act=(320,360) d=1.08 a=1 | sp=som:active d=1.1 age=10 dtg=13.37 region=0_19
ep=864 s=18 6486ms [sel=3 cap=6378 rest=106] sg=1->1 mode=NONE win=8 obs=19 | cap=wip act=(320,360) d=0.83 a=3 | sp=som:active d=0.8 age=11 dtg=13.37 region=0_19
ep=864 s=19 4208ms [sel=3 cap=4102 rest=104] sg=1->1 mode=NONE win=8 obs=20 | cap=wip act=(320,360) d=0.83 a=1 | sp=som:active d=0.8 age=12 dtg=13.60 region=0_19
ep=864 s=20 3853ms [sel=3 cap=3745 rest=105] sg=1->1 mode=NONE win=8 obs=21 | cap=wip act=(320,360) d=0.58 a=1 | sp=som:active d=0.6 age=13 dtg=13.39 region=0_19
ep=864 s=21 7258ms [sel=2677 cap=4470 rest=111] sg=1->1 mode=NONE win=8 obs=22 | cap=wip act=(320,360) d=2.93 a=3 | sp=som:active d=2.9 age=0 som=5/8 dtg=13.39 region=0_19
ep=864 s=22 4906ms [sel=3 cap=4786 rest=117] sg=1->1 mode=NONE win=8 obs=23 | cap=wip act=(320,360) d=2.93 a=3 | sp=som:active d=2.9 age=1 dtg=13.39 region=0_19
ep=864 s=23 3941ms [sel=3 cap=3830 rest=108] sg=1->1 mode=NONE win=8 obs=24 | cap=wip act=(320,360) d=2.93 a=3 | sp=som:active d=2.9 age=2 dtg=13.39 region=0_19
ep=864 s=24 5095ms [sel=3 cap=4984 rest=108] sg=1->1 mode=NONE win=8 obs=25 | cap=wip act=(320,360) d=2.93 a=1 | sp=som:active d=2.9 age=3 dtg=13.64 region=None
ep=864 s=25 5431ms [sel=5 cap=5291 rest=136] sg=1->1 mode=NONE win=8 obs=26 | cap=wip act=(320,360) d=2.68 a=1 | sp=som:active d=2.7 age=4 dtg=13.89 region=0_11
ep=864 s=26 4023ms [sel=0 cap=3872 rest=151] sg=1->2 mode=NONE win=8 obs=27 | cap=DONE act=TURN request=+45deg execute=+15deg x1 a=3 | sp=som:active d=2.4 age=5 dtg=13.89 region=0_11
ep=864 s=27 3788ms [sel=0 cap=3661 rest=127] sg=2->2 mode=NONE win=8 obs=28 | cap=wip act=TURN request=+45deg execute=+15deg x1 a=3 dtg=13.89 region=0_11
ep=864 s=28 6656ms [sel=0 cap=6536 rest=120] sg=2->2 mode=NONE win=8 obs=29 | cap=wip act=TURN request=+45deg execute=+15deg x1 a=3 dtg=13.89 region=0_11
ep=864 s=29 6827ms [sel=0 cap=6246 rest=516] sg=2->2 mode=NONE win=8 obs=30 | cap=wip act=TURN request=+45deg execute=+15deg x1 a=3 | preview=view-/6 yaw=+0 render=65ms dtg=13.89 region=0_11
ep=864 s=30 5230ms [sel=0 cap=5127 rest=104] sg=2->2 mode=NONE win=8 obs=31 | cap=wip act=TURN request=+45deg execute=+15deg x1 a=3 dtg=13.89 region=0_11
ep=864 s=31 8287ms [sel=2247 cap=5934 rest=106] sg=2->2 mode=NONE win=8 obs=32 | cap=wip act=(320,360) d=3.12 a=3 | sp=som:active d=3.1 age=0 som=4/8 dtg=13.89 region=0_11
ep=864 s=32 5250ms [sel=7 cap=5139 rest=104] sg=2->2 mode=NONE win=8 obs=33 | cap=wip act=(320,360) d=3.12 a=3 | sp=som:active d=3.1 age=1 dtg=13.89 region=0_11
ep=864 s=33 6295ms [sel=3 cap=6190 rest=101] sg=2->2 mode=NONE win=8 obs=34 | cap=wip act=(320,360) d=3.12 a=3 | sp=som:active d=3.1 age=2 dtg=13.89 region=0_11
ep=864 s=34 8695ms [sel=3 cap=8592 rest=99] sg=2->2 mode=NONE win=8 obs=35 | cap=wip act=(320,360) d=3.12 a=1 | sp=som:active d=3.1 age=3 dtg=13.79 region=0_11
ep=864 s=35 4877ms [sel=3 cap=4774 rest=101] sg=2->2 mode=NONE win=8 obs=36 | cap=wip act=(320,360) d=2.87 a=3 | sp=som:active d=2.9 age=4 dtg=13.79 region=0_11
ep=864 s=36 7693ms [sel=3 cap=7590 rest=100] sg=2->2 mode=NONE win=8 obs=37 | cap=wip act=(320,360) d=2.87 a=1 | sp=som:active d=2.9 age=5 dtg=13.55 region=0_11
ep=864 s=37 9021ms [sel=20 cap=8426 rest=540] sg=2->2 mode=NONE win=8 obs=38 | cap=wip act=(160,180) d=3.81 a=1 | preview=view3/6 yaw=+0 render=35ms | sp=preview:active d=3.8 age=0 dtg=13.31 region=0_19
ep=864 s=38 5753ms [sel=3 cap=5648 rest=102] sg=2->2 mode=NONE win=8 obs=39 | cap=wip act=(320,360) d=3.58 a=1 | sp=preview:active d=3.6 age=1 dtg=13.08 region=0_19
ep=864 s=39 9568ms [sel=3 cap=9462 rest=103] sg=2->2 mode=NONE win=8 obs=40 | cap=wip act=(320,360) d=3.35 a=1 | sp=preview:active d=3.4 age=2 dtg=12.85 region=0_19
ep=864 s=40 5883ms [sel=3 cap=5777 rest=103] sg=2->2 mode=NONE win=8 obs=41 | cap=wip act=(320,360) d=3.13 a=2 | sp=preview:active d=3.1 age=3 dtg=12.85 region=0_19
ep=864 s=41 6066ms [sel=3 cap=5934 rest=128] sg=2->2 mode=NONE win=8 obs=42 | cap=wip act=(320,360) d=3.13 a=1 | sp=preview:active d=3.1 age=4 dtg=12.60 region=0_19
ep=864 s=42 6542ms [sel=3 cap=6442 rest=98] sg=2->2 mode=NONE win=8 obs=43 | cap=wip act=(320,360) d=2.88 a=1 | sp=preview:active d=2.9 age=5 dtg=12.36 region=0_19
ep=864 s=43 6446ms [sel=3 cap=6347 rest=97] sg=2->2 mode=NONE win=8 obs=44 | cap=wip act=(320,360) d=2.64 a=2 | sp=preview:active d=2.6 age=6 dtg=12.36 region=0_19
ep=864 s=44 6763ms [sel=3 cap=6665 rest=96] sg=2->2 mode=NONE win=8 obs=45 | cap=wip act=(320,360) d=2.64 a=1 | sp=preview:active d=2.6 age=7 dtg=12.11 region=0_19
ep=864 s=45 6143ms [sel=3 cap=6046 rest=94] sg=2->2 mode=NONE win=8 obs=46 | cap=wip act=(320,360) d=2.39 a=1 | sp=preview:active d=2.4 age=8 dtg=11.86 region=0_19
ep=864 s=46 5548ms [sel=3 cap=5453 rest=92] sg=2->2 mode=NONE win=8 obs=47 | cap=wip act=(320,360) d=2.14 a=1 | sp=preview:active d=2.1 age=9 dtg=11.61 region=0_17
ep=864 s=47 6415ms [sel=3 cap=6325 rest=87] sg=2->2 mode=NONE win=8 obs=48 | cap=wip act=(320,360) d=1.89 a=1 | sp=preview:active d=1.9 age=10 dtg=11.36 region=0_17
ep=864 s=48 8764ms [sel=41 cap=8188 rest=496] sg=2->2 mode=NONE win=8 obs=49 | cap=wip act=(160,180) d=3.47 a=3 | preview=view0/6 yaw=-180 render=38ms | sp=preview:active d=3.5 age=0 dtg=11.36 region=0_17
ep=864 s=49 4336ms [sel=27 cap=4219 rest=90] sg=2->2 mode=NONE win=8 obs=50 | cap=wip act=(320,360) d=3.47 a=3 | sp=preview:active d=3.5 age=1 dtg=11.36 region=0_17
ep=864 s=50 7220ms [sel=26 cap=7099 rest=96] sg=2->2 mode=NONE win=8 obs=51 | cap=wip act=(320,360) d=3.47 a=3 | sp=preview:active d=3.5 age=2 dtg=11.36 region=0_17
ep=864 s=51 5929ms [sel=26 cap=5809 rest=93] sg=2->2 mode=NONE win=8 obs=52 | cap=wip act=(320,360) d=3.47 a=3 | sp=preview:active d=3.5 age=3 dtg=11.36 region=0_17
ep=864 s=52 8929ms [sel=3846 cap=4985 rest=98] sg=2->3 mode=NONE win=8 obs=53 | cap=DONE act=(303,391) d=1.33 a=1 | sp=straight_ahead:active d=0.8 age=0 som=4/8 dtg=11.21 region=0_17
ep=864 s=53 3958ms [sel=3 cap=3860 rest=95] sg=3->3 mode=NONE win=8 obs=54 | cap=wip act=(320,360) d=0.56 a=2 | sp=straight_ahead:active d=0.6 age=1 dtg=11.21 region=0_17
ep=864 s=54 6898ms [sel=3 cap=6799 rest=96] sg=3->3 mode=NONE win=8 obs=55 | cap=wip act=(320,360) d=0.56 a=2 | sp=straight_ahead:active d=0.6 age=2 dtg=11.21 region=0_17
ep=864 s=55 6565ms [sel=3 cap=6463 rest=100] sg=3->3 mode=NONE win=8 obs=56 | cap=wip act=(320,360) d=0.56 a=1 | sp=straight_ahead:active d=0.6 age=3 dtg=10.99 region=0_17
ep=864 s=56 7049ms [sel=1206 cap=5750 rest=92] sg=3->3 mode=NONE win=8 obs=57 | cap=wip act=(320,360) d=2.24 a=3 | sp=som:active d=2.2 age=0 som=5/8 dtg=10.99 region=0_17
ep=864 s=57 5301ms [sel=44 cap=5164 rest=93] sg=3->3 mode=NONE win=8 obs=58 | cap=wip act=(320,360) d=2.24 a=3 | sp=som:active d=2.2 age=1 dtg=10.99 region=0_17
ep=864 s=58 6457ms [sel=41 cap=6318 rest=98] sg=3->3 mode=GET_NOWHERE win=8 obs=59 | cap=wip/GET_NOWHERE act=(320,360) d=2.24 a=3 | sp=som:active d=2.2 age=2 dtg=10.99 region=0_17
ep=864 s=59 7212ms [sel=39 cap=7075 rest=98] sg=3->3 mode=NONE win=8 obs=60 | cap=wip act=(320,360) d=2.24 a=3 | sp=som:active d=2.2 age=3 dtg=10.99 region=0_17
ep=864 s=60 6012ms [sel=32 cap=5879 rest=101] sg=3->3 mode=NONE win=8 obs=61 | cap=wip act=(320,360) d=2.24 a=3 | sp=som:active d=2.2 age=4 dtg=10.99 region=0_17
ep=864 s=61 6325ms [sel=27 cap=6197 rest=102] sg=3->3 mode=NONE win=8 obs=62 | cap=wip act=(320,360) d=2.24 a=3 | sp=som:active d=2.2 age=5 dtg=10.99 region=0_17
ep=864 s=62 5138ms [sel=22 cap=5007 rest=109] sg=3->3 mode=NONE win=8 obs=63 | cap=wip act=(320,360) d=2.24 a=3 | sp=som:active d=2.2 age=6 dtg=10.99 region=0_17
ep=864 s=63 6982ms [sel=13 cap=6872 rest=97] sg=3->3 mode=NONE win=8 obs=64 | cap=wip act=(320,360) d=2.24 a=3 | sp=som:active d=2.2 age=7 dtg=10.99 region=0_17
ep=864 s=64 3731ms [sel=11 cap=3619 rest=101] sg=3->3 mode=NONE win=8 obs=65 | cap=wip act=(320,360) d=2.24 a=3 | sp=som:active d=2.2 age=8 dtg=10.99 region=0_17
ep=864 s=65 6710ms [sel=15 cap=6594 rest=101] sg=3->3 mode=NONE win=8 obs=66 | cap=wip act=(320,360) d=2.24 a=1 | sp=som:active d=2.2 age=9 dtg=11.22 region=0_17
ep=864 s=66 5851ms [sel=18 cap=5731 rest=102] sg=3->3 mode=NONE win=8 obs=67 | cap=wip act=(320,360) d=2.23 a=1 | sp=som:active d=2.2 age=10 dtg=11.46 region=0_17
ep=864 s=67 7402ms [sel=3222 cap=4075 rest=105] sg=3->4 mode=NONE win=8 obs=68 | cap=DONE act=(320,360) d=3.02 a=3 | sp=som:active d=3.0 age=0 som=3/8 dtg=11.46 region=0_17
ep=864 s=68 4131ms [sel=3 cap=4023 rest=106] sg=4->4 mode=NONE win=8 obs=69 | cap=wip act=(320,360) d=3.02 a=1 | sp=som:active d=3.0 age=1 dtg=11.71 region=0_17
ep=864 s=69 4139ms [sel=3 cap=4027 rest=108] sg=4->4 mode=NONE win=8 obs=70 | cap=wip act=(320,360) d=2.77 a=1 | sp=som:active d=2.8 age=2 dtg=11.96 region=0_19
ep=864 s=70 8190ms [sel=3 cap=8083 rest=104] sg=4->4 mode=NONE win=8 obs=71 | cap=wip act=(320,360) d=2.52 a=1 | sp=som:active d=2.5 age=3 dtg=12.21 region=0_19
ep=864 s=71 5846ms [sel=4 cap=5740 rest=102] sg=4->4 mode=NONE win=8 obs=72 | cap=wip act=(320,360) d=2.27 a=1 | sp=som:active d=2.3 age=4 dtg=12.46 region=0_19
ep=864 s=72 10286ms [sel=3 cap=9728 rest=520] sg=4->4 mode=NONE win=8 obs=73 | cap=wip act=(320,360) d=2.02 a=1 | preview=view-/6 yaw=+0 render=36ms | sp=som:active d=2.0 age=5 dtg=12.71 region=0_19
ep=864 s=73 4850ms [sel=3 cap=4712 rest=135] sg=4->4 mode=NONE win=8 obs=74 | cap=wip act=(320,360) d=1.77 a=1 | sp=som:active d=1.8 age=6 dtg=12.96 region=0_19
ep=864 s=74 7174ms [sel=3 cap=7069 rest=103] sg=4->4 mode=NONE win=8 obs=75 | cap=wip act=(320,360) d=1.52 a=1 | sp=som:active d=1.5 age=7 dtg=13.21 region=0_19
ep=864 s=75 13815ms [sel=5 cap=13242 rest=532] sg=4->None mode=NONE win=8 obs=76 | cap=DONE act=(320,360) d=1.00 a=1 | preview=view-/6 yaw=+0 render=35ms | sp=som:active d=1.3 age=8 dtg=12.64 region=0_19
ep=864 s=76 109ms [sel=4 cap=0 rest=105] sg=None->None mode=NONE win=8 obs=77 | cap=- act=(320,360) d=1.00 a=1 | sp=som:active d=1.0 age=9 dtg=12.73 region=0_19
ep=864 s=77 108ms [sel=4 cap=0 rest=104] sg=None->None mode=NONE win=8 obs=78 | cap=- act=(320,360) d=1.00 a=1 | sp=som:active d=0.8 age=10 dtg=12.85 region=0_19
ep=864 s=78 105ms [sel=0 cap=0 rest=105] sg=None->None mode=NONE win=8 obs=79 | cap=- act=STOP | sp=som:active d=0.5 age=11 dtg=12.85 region=0_19
rank=3 [9/20] id=864 steps=79 success=0.000 spl=0.000 dtg=12.85 osr=0 path_length=9.50 ndtw=0.138 sdtw=0.000
PluginManager::Manager: duplicate static plugin StbImageImporter, ignoring
PluginManager::Manager: duplicate static plugin GltfImporter, ignoring
PluginManager::Manager: duplicate static plugin BasisImporter, ignoring
PluginManager::Manager: duplicate static plugin AssimpImporter, ignoring
PluginManager::Manager: duplicate static plugin AnySceneImporter, ignoring
PluginManager::Manager: duplicate static plugin AnyImageImporter, ignoring
episode=1060 instruction='Turn left and continue passed the piano. Turn left and stop in the archway. ' start_position=[-2.3521199226379395, 0.15480518341064453, 6.618619918823242] goal_position=[-10.575395584106445, 0.15480518341064453, 8.094099998474121] reference_geodesic=8.661920547485352
episode=1060 prepared_subgoals=2
  [1] Turn left until the passed the piano is centered ahead, then continue passed the piano
      proof: The passed the piano is beside or directly ahead of the camera, within a step; the camera has not yet turned left.
  [2] Turn left until the Stop in the archway is centered ahead, then stop in the archway
      proof: The camera is beside the archway and it fills the central view
ep=1060 s=0 8152ms [sel=0 cap=7637 rest=472] sg=1->1 mode=NONE win=1 obs=1 | cap=wip act=TURN request=-45deg execute=-15deg x1 a=2 | preview=view-/6 yaw=+0 render=43ms dtg=8.66 region=1_27
ep=1060 s=1 5464ms [sel=0 cap=5373 rest=91] sg=1->1 mode=NONE win=2 obs=2 | cap=wip act=TURN request=-45deg execute=-15deg x1 a=2 dtg=8.66 region=1_27
ep=1060 s=2 3621ms [sel=0 cap=3531 rest=90] sg=1->1 mode=NONE win=3 obs=3 | cap=wip act=TURN request=-45deg execute=-15deg x1 a=2 dtg=8.66 region=1_27
ep=1060 s=3 4412ms [sel=0 cap=4318 rest=93] sg=1->1 mode=NONE win=4 obs=4 | cap=wip act=TURN request=-45deg execute=-15deg x1 a=2 dtg=8.66 region=1_27
ep=1060 s=4 4470ms [sel=0 cap=4380 rest=90] sg=1->1 mode=NONE win=5 obs=5 | cap=wip act=TURN request=-45deg execute=-15deg x1 a=2 dtg=8.66 region=1_27
ep=1060 s=5 7351ms [sel=1420 cap=5838 rest=93] sg=1->1 mode=NONE win=6 obs=6 | cap=wip act=(320,360) d=2.96 a=1 | sp=som:active d=3.0 age=0 som=3/7 dtg=8.90 region=1_27
ep=1060 s=6 4233ms [sel=3 cap=4142 rest=88] sg=1->1 mode=NONE win=7 obs=7 | cap=wip act=(320,360) d=2.73 a=2 | sp=som:active d=2.7 age=1 dtg=8.90 region=1_27
ep=1060 s=7 6628ms [sel=3 cap=6532 rest=93] sg=1->1 mode=NONE win=8 obs=8 | cap=wip act=(320,360) d=2.73 a=1 | sp=som:active d=2.7 age=2 dtg=9.15 region=1_27
ep=1060 s=8 4845ms [sel=3 cap=4743 rest=98] sg=1->1 mode=NONE win=8 obs=9 | cap=wip act=(320,360) d=2.48 a=1 | sp=som:active d=2.5 age=3 dtg=9.40 region=1_27
ep=1060 s=9 3906ms [sel=3 cap=3801 rest=102] sg=1->1 mode=NONE win=8 obs=10 | cap=wip act=(320,360) d=2.23 a=1 | sp=som:active d=2.2 age=4 dtg=9.65 region=1_27
ep=1060 s=10 4719ms [sel=3 cap=4609 rest=107] sg=1->1 mode=NONE win=8 obs=11 | cap=wip act=(320,360) d=1.98 a=2 | sp=som:active d=2.0 age=5 dtg=9.65 region=1_27
ep=1060 s=11 3903ms [sel=3 cap=3787 rest=113] sg=1->1 mode=NONE win=8 obs=12 | cap=wip act=(320,360) d=1.98 a=1 | sp=som:active d=2.0 age=6 dtg=9.89 region=None
ep=1060 s=12 5041ms [sel=3 cap=4927 rest=111] sg=1->1 mode=NONE win=8 obs=13 | cap=wip act=(320,360) d=1.74 a=1 | sp=som:active d=1.7 age=7 dtg=10.14 region=1_29
ep=1060 s=13 3837ms [sel=3 cap=3718 rest=116] sg=1->1 mode=NONE win=8 obs=14 | cap=wip act=(320,360) d=1.49 a=1 | sp=som:active d=1.5 age=8 dtg=10.38 region=1_29
ep=1060 s=14 3851ms [sel=3 cap=3741 rest=107] sg=1->1 mode=NONE win=8 obs=15 | cap=wip act=(320,360) d=1.24 a=1 | sp=som:active d=1.2 age=9 dtg=10.63 region=1_29
ep=1060 s=15 3712ms [sel=3 cap=3607 rest=103] sg=1->1 mode=NONE win=8 obs=16 | cap=wip act=(320,360) d=0.99 a=3 | sp=som:active d=1.0 age=10 dtg=10.63 region=1_29
ep=1060 s=16 4083ms [sel=3 cap=3980 rest=101] sg=1->1 mode=NONE win=8 obs=17 | cap=wip act=(320,360) d=0.99 a=1 | sp=som:active d=1.0 age=11 dtg=10.88 region=1_29
ep=1060 s=17 4313ms [sel=3 cap=4211 rest=100] sg=1->1 mode=NONE win=8 obs=18 | cap=wip act=(320,360) d=0.74 a=1 | sp=som:active d=0.7 age=12 dtg=11.13 region=1_29
ep=1060 s=18 7719ms [sel=2669 cap=4952 rest=98] sg=1->1 mode=NONE win=8 obs=19 | cap=wip act=(320,360) d=2.96 a=1 | sp=som:active d=3.0 age=0 som=5/8 dtg=11.38 region=1_29
ep=1060 s=19 4775ms [sel=3 cap=4671 rest=101] sg=1->1 mode=NONE win=8 obs=20 | cap=wip act=(320,360) d=2.72 a=1 | sp=som:active d=2.7 age=1 dtg=11.63 region=1_29
ep=1060 s=20 4431ms [sel=3 cap=4324 rest=104] sg=1->1 mode=NONE win=8 obs=21 | cap=wip act=(320,360) d=2.48 a=1 | sp=som:active d=2.5 age=2 dtg=11.87 region=1_29
ep=1060 s=21 4694ms [sel=3 cap=4584 rest=107] sg=1->1 mode=NONE win=8 obs=22 | cap=wip act=(320,360) d=2.24 a=1 | sp=som:active d=2.2 age=3 dtg=12.12 region=1_29
ep=1060 s=22 7916ms [sel=3 cap=7804 rest=109] sg=1->1 mode=NONE win=8 obs=23 | cap=wip act=(320,360) d=2.00 a=1 | sp=som:active d=2.0 age=4 dtg=12.37 region=1_29
ep=1060 s=23 13960ms [sel=3 cap=13846 rest=111] sg=1->1 mode=NONE win=8 obs=24 | cap=wip act=(320,360) d=1.76 a=1 | sp=som:active d=1.8 age=5 dtg=12.62 region=1_29
ep=1060 s=24 7317ms [sel=3 cap=7202 rest=112] sg=1->1 mode=NONE win=8 obs=25 | cap=wip act=(320,360) d=1.53 a=3 | sp=som:active d=1.5 age=6 dtg=12.62 region=1_29
ep=1060 s=25 4822ms [sel=0 cap=4707 rest=115] sg=1->2 mode=NONE win=8 obs=26 | cap=DONE act=TURN request=-45deg execute=-15deg x1 a=2 | sp=som:active d=1.5 age=7 dtg=12.62 region=1_29
ep=1060 s=26 5940ms [sel=0 cap=5826 rest=114] sg=2->2 mode=NONE win=8 obs=27 | cap=wip act=TURN request=-45deg execute=-15deg x1 a=2 dtg=12.62 region=1_29
ep=1060 s=27 15575ms [sel=0 cap=14985 rest=552] sg=2->2 mode=NONE win=8 obs=28 | cap=wip act=TURN request=-45deg execute=-15deg x1 a=2 | preview=view-/6 yaw=+0 render=38ms dtg=12.62 region=1_29
ep=1060 s=28 7539ms [sel=0 cap=7418 rest=121] sg=2->2 mode=NONE win=8 obs=29 | cap=wip act=TURN request=-45deg execute=-15deg x1 a=2 dtg=12.62 region=1_29
ep=1060 s=29 11062ms [sel=0 cap=10945 rest=117] sg=2->2 mode=NONE win=8 obs=30 | cap=wip act=TURN request=-45deg execute=-15deg x1 a=2 dtg=12.62 region=1_29
ep=1060 s=30 10901ms [sel=3241 cap=7548 rest=112] sg=2->2 mode=NONE win=8 obs=31 | cap=wip act=(320,360) d=3.40 a=3 | sp=som:active d=3.4 age=0 som=5/8 dtg=12.62 region=1_29
ep=1060 s=31 9430ms [sel=6 cap=9307 rest=116] sg=2->2 mode=NONE win=8 obs=32 | cap=wip act=(320,360) d=3.40 a=3 | sp=som:active d=3.4 age=1 dtg=12.62 region=1_29
ep=1060 s=32 14373ms [sel=4 cap=13757 rest=569] sg=2->2 mode=NONE win=8 obs=33 | cap=wip act=(320,360) d=3.40 a=1 | preview=view-/6 yaw=+0 render=44ms | sp=som:active d=3.4 age=2 dtg=12.85 region=1_29
ep=1060 s=33 6127ms [sel=5 cap=6003 rest=119] sg=2->2 mode=NONE win=8 obs=34 | cap=wip act=(320,360) d=3.15 a=1 | sp=som:active d=3.1 age=3 dtg=13.07 region=1_29
ep=1060 s=34 6048ms [sel=3 cap=5929 rest=116] sg=2->2 mode=NONE win=8 obs=35 | cap=wip act=(320,360) d=2.90 a=3 | sp=som:active d=2.9 age=4 dtg=13.07 region=1_29
ep=1060 s=35 15884ms [sel=3 cap=15291 rest=552] sg=2->2 mode=NONE win=8 obs=36 | cap=wip act=(320,360) d=2.90 a=1 | preview=view-/6 yaw=+0 render=39ms | sp=som:active d=2.9 age=5 dtg=13.32 region=1_29
ep=1060 s=36 8884ms [sel=3 cap=8762 rest=120] sg=2->2 mode=NONE win=8 obs=37 | cap=wip act=(320,360) d=2.65 a=3 | sp=som:active d=2.7 age=6 dtg=13.32 region=1_29
ep=1060 s=37 8037ms [sel=4 cap=7912 rest=121] sg=2->2 mode=NONE win=8 obs=38 | cap=wip act=(320,360) d=2.65 a=1 | sp=som:active d=2.7 age=7 dtg=13.57 region=1_29
ep=1060 s=38 19093ms [sel=3 cap=18456 rest=592] sg=2->2 mode=NONE win=8 obs=39 | cap=wip act=(320,360) d=2.42 a=1 | preview=view-/6 yaw=+0 render=41ms | sp=som:active d=2.4 age=8 dtg=13.81 region=1_29
ep=1060 s=39 13362ms [sel=3 cap=13226 rest=132] sg=2->2 mode=NONE win=8 obs=40 | cap=wip act=(320,360) d=2.19 a=1 | sp=som:active d=2.2 age=9 dtg=14.06 region=1_29
ep=1060 s=40 6064ms [sel=3 cap=5933 rest=128] sg=2->2 mode=NONE win=8 obs=41 | cap=wip act=(320,360) d=1.96 a=1 | sp=som:active d=2.0 age=10 dtg=14.31 region=1_29
ep=1060 s=41 4103ms [sel=3 cap=3973 rest=127] sg=2->2 mode=NONE win=8 obs=42 | cap=wip act=(320,360) d=1.74 a=1 | sp=som:active d=1.7 age=11 dtg=14.56 region=1_29
ep=1060 s=42 7695ms [sel=3 cap=7564 rest=129] sg=2->2 mode=NONE win=8 obs=43 | cap=wip act=(320,360) d=1.52 a=1 | sp=som:active d=1.5 age=12 dtg=14.81 region=1_26
ep=1060 s=43 18263ms [sel=5 cap=17696 rest=521] sg=2->None mode=NONE win=8 obs=44 | cap=DONE act=(320,360) d=1.00 a=1 | preview=view-/6 yaw=+0 render=41ms | sp=som:active d=1.3 age=13 dtg=15.06 region=1_26
ep=1060 s=44 125ms [sel=4 cap=0 rest=120] sg=None->None mode=NONE win=8 obs=45 | cap=- act=(320,360) d=1.00 a=1 | sp=som:active d=1.1 age=14 dtg=15.31 region=1_26
ep=1060 s=45 128ms [sel=5 cap=0 rest=123] sg=None->None mode=NONE win=8 obs=46 | cap=- act=(320,360) d=1.00 a=1 | sp=som:active d=1.0 age=15 dtg=15.56 region=1_26
ep=1060 s=46 115ms [sel=0 cap=0 rest=115] sg=None->None mode=NONE win=8 obs=47 | cap=- act=STOP | sp=som:active d=0.9 age=16 dtg=15.56 region=1_26
rank=3 [10/20] id=1060 steps=47 success=0.000 spl=0.000 dtg=15.56 osr=0 path_length=7.00 ndtw=0.095 sdtw=0.000
PluginManager::Manager: duplicate static plugin StbImageImporter, ignoring
PluginManager::Manager: duplicate static plugin GltfImporter, ignoring
PluginManager::Manager: duplicate static plugin BasisImporter, ignoring
PluginManager::Manager: duplicate static plugin AssimpImporter, ignoring
PluginManager::Manager: duplicate static plugin AnySceneImporter, ignoring
PluginManager::Manager: duplicate static plugin AnyImageImporter, ignoring
episode=1077 instruction='Turn left and exit the kitchen and enter the hallway with the stairs.  Walk around the stair well and enter the laundry room. ' start_position=[1.4253100156784058, 0.024399995803833008, -9.363699913024902] goal_position=[7.335969924926758, 0.024399995803833008, -4.526760101318359] reference_geodesic=9.794803619384766
episode=1077 prepared_subgoals=3
  [1] Turn left at the kitchen doorway, then walk down the hallway to the stairwell
      proof: The stairwell is directly ahead and centered in the view.
  [2] Walk around the stairwell to the laundry room door
      proof: The laundry room door is directly ahead and centered in the view.
  [3] Enter the laundry room
      proof: The laundry room interior is centered in the view and the camera has crossed the threshold
ep=1077 s=0 10526ms [sel=0 cap=9983 rest=504] sg=1->1 mode=NONE win=1 obs=1 | cap=wip act=TURN request=-45deg execute=-15deg x1 a=2 | preview=view-/6 yaw=+0 render=39ms dtg=9.79 region=1_7
ep=1077 s=1 8377ms [sel=0 cap=8263 rest=114] sg=1->1 mode=GET_NOWHERE win=2 obs=2 | cap=wip/GET_NOWHERE act=TURN request=-45deg execute=-15deg x1 a=2 dtg=9.79 region=1_7
ep=1077 s=2 5889ms [sel=0 cap=5772 rest=116] sg=1->1 mode=NONE win=3 obs=3 | cap=wip act=TURN request=-45deg execute=-15deg x1 a=2 dtg=9.79 region=1_7
ep=1077 s=3 9489ms [sel=0 cap=9375 rest=115] sg=1->1 mode=NONE win=4 obs=4 | cap=wip act=TURN request=-45deg execute=-15deg x1 a=2 dtg=9.79 region=1_7
ep=1077 s=4 8004ms [sel=0 cap=7893 rest=111] sg=1->1 mode=NONE win=5 obs=5 | cap=wip act=TURN request=-45deg execute=-15deg x1 a=2 dtg=9.79 region=1_7
ep=1077 s=5 9484ms [sel=1890 cap=7040 rest=518] sg=1->1 mode=NONE win=6 obs=6 | cap=wip act=(320,360) d=2.93 a=3 | preview=view-/6 yaw=+0 render=36ms | sp=som:active d=2.9 age=0 som=2/7 dtg=9.79 region=1_7
ep=1077 s=6 5797ms [sel=3 cap=5680 rest=114] sg=1->1 mode=NONE win=7 obs=7 | cap=wip act=(320,360) d=2.93 a=3 | sp=som:active d=2.9 age=1 dtg=9.79 region=1_7
ep=1077 s=7 6704ms [sel=3 cap=6589 rest=112] sg=1->1 mode=NONE win=8 obs=8 | cap=wip act=(320,360) d=2.93 a=1 | sp=som:active d=2.9 age=2 dtg=9.91 region=1_7
ep=1077 s=8 4263ms [sel=3 cap=4146 rest=114] sg=1->1 mode=NONE win=8 obs=9 | cap=wip act=(320,360) d=2.70 a=1 | sp=som:active d=2.7 age=3 dtg=10.04 region=1_7
ep=1077 s=9 5161ms [sel=3 cap=5047 rest=111] sg=1->1 mode=NONE win=8 obs=10 | cap=wip act=(320,360) d=2.47 a=1 | sp=som:active d=2.5 age=4 dtg=10.17 region=1_7
ep=1077 s=10 6733ms [sel=3 cap=6617 rest=113] sg=1->1 mode=NONE win=8 obs=11 | cap=wip act=(320,360) d=2.24 a=2 | sp=som:active d=2.2 age=5 dtg=10.17 region=1_7
ep=1077 s=11 8027ms [sel=4 cap=7907 rest=117] sg=1->1 mode=GET_NOWHERE win=8 obs=12 | cap=wip/GET_NOWHERE act=(320,360) d=2.24 a=1 | sp=som:active d=2.2 age=6 dtg=10.36 region=1_7
ep=1077 s=12 6307ms [sel=3 cap=6184 rest=121] sg=1->1 mode=NONE win=8 obs=13 | cap=wip act=(320,360) d=1.99 a=2 | sp=som:active d=2.0 age=7 dtg=10.36 region=1_7
ep=1077 s=13 9236ms [sel=3 cap=9112 rest=121] sg=1->1 mode=NONE win=8 obs=14 | cap=wip act=(320,360) d=1.99 a=1 | sp=som:active d=2.0 age=8 dtg=10.59 region=1_7
ep=1077 s=14 12084ms [sel=3 cap=11970 rest=111] sg=1->1 mode=NONE win=8 obs=15 | cap=wip act=(320,360) d=1.74 a=1 | sp=som:active d=1.7 age=9 dtg=10.82 region=1_7
ep=1077 s=15 9465ms [sel=3 cap=9352 rest=110] sg=1->1 mode=NONE win=8 obs=16 | cap=wip act=(320,360) d=1.49 a=1 | sp=som:active d=1.5 age=10 dtg=11.05 region=1_7
ep=1077 s=16 7747ms [sel=4 cap=7638 rest=106] sg=1->1 mode=NONE win=8 obs=17 | cap=wip act=(320,360) d=1.24 a=1 | sp=som:active d=1.2 age=11 dtg=11.28 region=1_7
ep=1077 s=17 8838ms [sel=3 cap=8734 rest=102] sg=1->1 mode=NONE win=8 obs=18 | cap=wip act=(320,360) d=1.00 a=1 | sp=som:active d=1.0 age=12 dtg=11.52 region=1_7
ep=1077 s=18 6804ms [sel=5 cap=6703 rest=96] sg=1->1 mode=NONE win=8 obs=19 | cap=wip act=(320,360) d=0.75 a=3 | sp=som:active d=0.7 age=13 dtg=11.52 region=1_7
ep=1077 s=19 5811ms [sel=3 cap=5703 rest=104] sg=1->1 mode=NONE win=8 obs=20 | cap=wip act=(320,360) d=0.75 a=1 | sp=som:active d=0.7 age=14 dtg=11.72 region=1_7
ep=1077 s=20 7784ms [sel=3 cap=7679 rest=102] sg=1->1 mode=NONE win=8 obs=21 | cap=wip act=(320,360) d=0.50 a=1 | sp=som:active d=0.5 age=15 dtg=11.94 region=1_7
ep=1077 s=21 13007ms [sel=3493 cap=9420 rest=94] sg=1->1 mode=NONE win=8 obs=22 | cap=wip act=TURN request=+45deg execute=+15deg x1 a=3 | sp=som:reached d=0.3 age=16 som=1/4 dtg=11.94 region=1_7
ep=1077 s=22 9115ms [sel=0 cap=8612 rest=465] sg=1->1 mode=NONE win=8 obs=23 | cap=wip act=TURN request=+45deg execute=+15deg x1 a=3 | preview=view-/6 yaw=+0 render=38ms dtg=11.94 region=1_7
ep=1077 s=23 7972ms [sel=0 cap=7864 rest=108] sg=1->1 mode=NONE win=8 obs=24 | cap=wip act=TURN request=+45deg execute=+15deg x1 a=3 dtg=11.94 region=1_7
ep=1077 s=24 9310ms [sel=0 cap=9198 rest=112] sg=1->1 mode=NONE win=8 obs=25 | cap=wip act=TURN request=+45deg execute=+15deg x1 a=3 dtg=11.94 region=1_7
ep=1077 s=25 10810ms [sel=0 cap=10699 rest=111] sg=1->1 mode=NONE win=8 obs=26 | cap=wip act=TURN request=+45deg execute=+15deg x1 a=3 dtg=11.94 region=1_7
ep=1077 s=26 8688ms [sel=0 cap=8566 rest=122] sg=1->1 mode=GET_NOWHERE win=8 obs=27 | cap=wip/GET_NOWHERE act=TURN request=+45deg execute=+15deg x1 a=3 dtg=11.94 region=1_7
ep=1077 s=27 6508ms [sel=0 cap=6386 rest=122] sg=1->1 mode=NONE win=8 obs=28 | cap=wip act=TURN request=+45deg execute=+15deg x1 a=3 dtg=11.94 region=1_7
ep=1077 s=28 8596ms [sel=0 cap=8471 rest=125] sg=1->1 mode=NONE win=8 obs=29 | cap=wip act=TURN request=+45deg execute=+15deg x1 a=3 dtg=11.94 region=1_7
ep=1077 s=29 8539ms [sel=0 cap=8418 rest=120] sg=1->1 mode=NONE win=8 obs=30 | cap=wip act=TURN request=+45deg execute=+15deg x1 a=3 dtg=11.94 region=1_7
ep=1077 s=30 3551ms [sel=0 cap=3437 rest=114] sg=1->1 mode=NONE win=8 obs=31 | cap=wip act=TURN request=+45deg execute=+15deg x1 a=3 dtg=11.94 region=1_7
ep=1077 s=31 10182ms [sel=4117 cap=5955 rest=111] sg=1->1 mode=NONE win=8 obs=32 | cap=wip act=(320,360) d=3.86 a=1 | sp=frontier:active d=3.9 age=0 som=L/8 dtg=11.69 region=1_7
ep=1077 s=32 8608ms [sel=19 cap=8026 rest=526] sg=1->1 mode=NONE win=8 obs=33 | cap=wip act=(160,180) d=3.29 a=1 | preview=view3/6 yaw=+0 render=37ms | sp=preview:active d=3.3 age=0 dtg=11.44 region=1_7
ep=1077 s=33 7755ms [sel=3 cap=7640 rest=111] sg=1->1 mode=NONE win=8 obs=34 | cap=wip act=(320,360) d=3.04 a=1 | sp=preview:active d=3.0 age=1 dtg=11.19 region=1_7
ep=1077 s=34 5535ms [sel=3 cap=5425 rest=108] sg=1->1 mode=NONE win=8 obs=35 | cap=wip act=(320,360) d=2.79 a=1 | sp=preview:active d=2.8 age=2 dtg=10.94 region=1_7
ep=1077 s=35 5755ms [sel=3 cap=5641 rest=112] sg=1->1 mode=NONE win=8 obs=36 | cap=wip act=(320,360) d=2.54 a=1 | sp=preview:active d=2.5 age=3 dtg=10.69 region=1_7
ep=1077 s=36 8211ms [sel=3 cap=8097 rest=111] sg=1->1 mode=NONE win=8 obs=37 | cap=wip act=(320,360) d=2.29 a=1 | sp=preview:active d=2.3 age=4 dtg=10.44 region=1_7
ep=1077 s=37 5576ms [sel=3 cap=5463 rest=110] sg=1->1 mode=NONE win=8 obs=38 | cap=wip act=(320,360) d=2.05 a=1 | sp=preview:active d=2.0 age=5 dtg=10.19 region=1_7
ep=1077 s=38 7035ms [sel=3 cap=6928 rest=104] sg=1->1 mode=NONE win=8 obs=39 | cap=wip act=(320,360) d=1.80 a=1 | sp=preview:active d=1.8 age=6 dtg=9.94 region=1_7
ep=1077 s=39 7750ms [sel=3 cap=7644 rest=103] sg=1->1 mode=NONE win=8 obs=40 | cap=wip act=(320,360) d=1.55 a=1 | sp=preview:active d=1.5 age=7 dtg=9.69 region=1_7
ep=1077 s=40 4702ms [sel=3 cap=4596 rest=103] sg=1->1 mode=NONE win=8 obs=41 | cap=wip act=(320,360) d=1.30 a=1 | sp=preview:active d=1.3 age=8 dtg=9.44 region=1_7
ep=1077 s=41 8399ms [sel=3 cap=8290 rest=106] sg=1->1 mode=NONE win=8 obs=42 | cap=wip act=(320,360) d=1.05 a=1 | sp=preview:active d=1.1 age=9 dtg=9.19 region=1_7
ep=1077 s=42 5145ms [sel=3 cap=5031 rest=111] sg=1->1 mode=NONE win=8 obs=43 | cap=wip act=(320,360) d=0.81 a=1 | sp=preview:active d=0.8 age=10 dtg=8.94 region=1_7
ep=1077 s=43 6635ms [sel=3 cap=6528 rest=105] sg=1->1 mode=NONE win=8 obs=44 | cap=wip act=(320,360) d=0.57 a=3 | sp=preview:active d=0.6 age=11 dtg=8.94 region=1_7
ep=1077 s=44 8173ms [sel=2085 cap=5984 rest=104] sg=1->1 mode=NONE win=8 obs=45 | cap=wip act=(320,360) d=3.04 a=2 | sp=som:active d=3.0 age=0 som=3/8 dtg=8.94 region=1_7
ep=1077 s=45 6575ms [sel=3 cap=6466 rest=106] sg=1->1 mode=NONE win=8 obs=46 | cap=wip act=(320,360) d=3.04 a=1 | sp=som:active d=3.0 age=1 dtg=8.69 region=1_7
ep=1077 s=46 5947ms [sel=3 cap=5839 rest=105] sg=1->1 mode=NONE win=8 obs=47 | cap=wip act=(320,360) d=2.79 a=1 | sp=som:active d=2.8 age=2 dtg=8.44 region=1_7
ep=1077 s=47 6457ms [sel=3 cap=6354 rest=100] sg=1->1 mode=NONE win=8 obs=48 | cap=wip act=(320,360) d=2.54 a=3 | sp=som:active d=2.5 age=3 dtg=8.44 region=1_7
ep=1077 s=48 6661ms [sel=3 cap=6555 rest=103] sg=1->1 mode=NONE win=8 obs=49 | cap=wip act=(320,360) d=2.54 a=1 | sp=som:active d=2.5 age=4 dtg=8.21 region=1_7
ep=1077 s=49 8033ms [sel=4 cap=7919 rest=111] sg=1->1 mode=NONE win=8 obs=50 | cap=wip act=(320,360) d=2.30 a=1 | sp=som:active d=2.3 age=5 dtg=7.98 region=1_7
ep=1077 s=50 5036ms [sel=3 cap=4925 rest=108] sg=1->1 mode=NONE win=8 obs=51 | cap=wip act=(320,360) d=2.06 a=1 | sp=som:active d=2.1 age=6 dtg=7.75 region=1_7
ep=1077 s=51 5694ms [sel=3 cap=5586 rest=105] sg=1->1 mode=NONE win=8 obs=52 | cap=wip act=(320,360) d=1.83 a=2 | sp=som:active d=1.8 age=7 dtg=7.75 region=1_7
ep=1077 s=52 5953ms [sel=3 cap=5851 rest=99] sg=1->1 mode=NONE win=8 obs=53 | cap=wip act=(320,360) d=1.83 a=1 | sp=som:active d=1.8 age=8 dtg=7.51 region=1_7
ep=1077 s=53 7442ms [sel=3 cap=7339 rest=100] sg=1->1 mode=NONE win=8 obs=54 | cap=wip act=(320,360) d=1.58 a=1 | sp=som:active d=1.6 age=9 dtg=7.26 region=1_7
ep=1077 s=54 6124ms [sel=3 cap=6020 rest=101] sg=1->1 mode=NONE win=8 obs=55 | cap=wip act=(320,360) d=1.33 a=1 | sp=som:active d=1.3 age=10 dtg=7.02 region=1_15
ep=1077 s=55 6322ms [sel=3 cap=6217 rest=102] sg=1->1 mode=NONE win=8 obs=56 | cap=wip act=(320,360) d=1.08 a=1 | sp=som:active d=1.1 age=11 dtg=6.78 region=1_15
ep=1077 s=56 8484ms [sel=3 cap=8379 rest=103] sg=1->1 mode=NONE win=8 obs=57 | cap=wip act=(320,360) d=0.84 a=1 | sp=som:active d=0.8 age=12 dtg=6.54 region=1_15
ep=1077 s=57 5191ms [sel=3 cap=5078 rest=110] sg=1->1 mode=NONE win=8 obs=58 | cap=wip act=(320,360) d=0.60 a=1 | sp=som:active d=0.6 age=13 dtg=6.30 region=1_15
ep=1077 s=58 12230ms [sel=3328 cap=8798 rest=103] sg=1->1 mode=NONE win=8 obs=59 | cap=wip act=(320,360) d=3.02 a=1 | sp=som:active d=3.0 age=0 som=2/7 dtg=6.07 region=1_15
ep=1077 s=59 5134ms [sel=3 cap=5026 rest=105] sg=1->1 mode=NONE win=8 obs=60 | cap=wip act=(320,360) d=2.77 a=1 | sp=som:active d=2.8 age=1 dtg=5.84 region=1_15
ep=1077 s=60 7900ms [sel=3 cap=7789 rest=107] sg=1->1 mode=NONE win=8 obs=61 | cap=wip act=(320,360) d=2.52 a=1 | sp=som:active d=2.5 age=2 dtg=5.63 region=1_15
ep=1077 s=61 5186ms [sel=3 cap=5075 rest=108] sg=1->1 mode=NONE win=8 obs=62 | cap=wip act=(320,360) d=2.27 a=1 | sp=som:active d=2.3 age=3 dtg=5.43 region=1_15
ep=1077 s=62 6430ms [sel=3 cap=6318 rest=109] sg=1->1 mode=NONE win=8 obs=63 | cap=wip act=(320,360) d=2.02 a=1 | sp=som:active d=2.0 age=4 dtg=5.25 region=1_15
ep=1077 s=63 11537ms [sel=8 cap=10979 rest=514] sg=1->1 mode=NONE win=8 obs=64 | cap=wip act=(160,180) d=1.77 a=1 | preview=view3/6 yaw=+0 render=36ms | sp=som:active d=1.8 age=5 dtg=5.12 region=1_15
ep=1077 s=64 9439ms [sel=2128 cap=7205 rest=106] sg=1->1 mode=NONE win=8 obs=65 | cap=wip act=(320,360) d=3.01 a=1 | sp=som:active d=3.0 age=0 som=3/8 dtg=5.05 region=1_15
ep=1077 s=65 4711ms [sel=3 cap=4603 rest=105] sg=1->1 mode=NONE win=8 obs=66 | cap=wip act=(320,360) d=2.76 a=1 | sp=som:active d=2.8 age=1 dtg=5.04 region=1_15
ep=1077 s=66 5995ms [sel=3 cap=5888 rest=104] sg=1->1 mode=NONE win=8 obs=67 | cap=wip act=(320,360) d=2.51 a=1 | sp=som:active d=2.5 age=2 dtg=5.05 region=1_15
ep=1077 s=67 6467ms [sel=3 cap=6359 rest=105] sg=1->1 mode=NONE win=8 obs=68 | cap=wip act=(320,360) d=2.26 a=1 | sp=som:active d=2.3 age=3 dtg=5.07 region=1_15
ep=1077 s=68 7752ms [sel=3 cap=7641 rest=108] sg=1->1 mode=NONE win=8 obs=69 | cap=wip act=(320,360) d=2.01 a=1 | sp=som:active d=2.0 age=4 dtg=5.11 region=1_15
ep=1077 s=69 8884ms [sel=3 cap=8765 rest=116] sg=1->1 mode=NONE win=8 obs=70 | cap=wip act=(320,360) d=1.76 a=1 | sp=som:active d=1.8 age=5 dtg=5.17 region=1_11
ep=1077 s=70 7365ms [sel=3 cap=7245 rest=117] sg=1->1 mode=NONE win=8 obs=71 | cap=wip act=(320,360) d=1.52 a=1 | sp=som:active d=1.5 age=6 dtg=5.28 region=1_11
ep=1077 s=71 15790ms [sel=4 cap=15669 rest=118] sg=1->1 mode=NONE win=8 obs=72 | cap=wip act=(320,360) d=1.27 a=1 | sp=som:active d=1.3 age=7 dtg=5.44 region=1_11
ep=1077 s=72 6240ms [sel=3 cap=6119 rest=118] sg=1->1 mode=NONE win=8 obs=73 | cap=wip act=(320,360) d=1.02 a=1 | sp=som:active d=1.0 age=8 dtg=5.64 region=1_11
ep=1077 s=73 8804ms [sel=3 cap=8682 rest=119] sg=1->1 mode=NONE win=8 obs=74 | cap=wip act=(320,360) d=0.77 a=1 | sp=som:active d=0.8 age=9 dtg=5.85 region=1_11
ep=1077 s=74 7125ms [sel=3 cap=7005 rest=116] sg=1->1 mode=NONE win=8 obs=75 | cap=wip act=(320,360) d=0.52 a=1 | sp=som:active d=0.5 age=10 dtg=6.08 region=1_11
ep=1077 s=75 10453ms [sel=74 cap=10264 rest=115] sg=1->1 mode=NONE win=8 obs=76 | cap=wip act=(320,360) d=2.50 a=1 | sp=frontier:active d=2.5 age=0 dtg=6.31 region=1_11
ep=1077 s=76 11811ms [sel=25 cap=11670 rest=115] sg=1->1 mode=NONE win=8 obs=77 | cap=wip act=(320,360) d=2.26 a=1 | sp=frontier:active d=2.3 age=1 dtg=6.54 region=1_11
ep=1077 s=77 8619ms [sel=27 cap=8480 rest=112] sg=1->1 mode=NONE win=8 obs=78 | cap=wip act=(320,360) d=2.03 a=2 | sp=frontier:active d=2.0 age=2 dtg=6.54 region=1_11
ep=1077 s=78 11921ms [sel=45 cap=11346 rest=494] sg=1->1 mode=NONE win=8 obs=79 | cap=wip act=(160,180) d=3.25 a=2 | preview=view0/6 yaw=-165 render=36ms | sp=preview:active d=3.2 age=0 dtg=6.54 region=1_11
ep=1077 s=79 13333ms [sel=26 cap=13188 rest=119] sg=1->1 mode=NONE win=8 obs=80 | cap=wip act=(320,360) d=3.25 a=2 | sp=preview:active d=3.2 age=1 dtg=6.54 region=1_11
ep=1077 s=80 9017ms [sel=26 cap=8876 rest=115] sg=1->1 mode=NONE win=8 obs=81 | cap=wip act=(320,360) d=3.25 a=2 | sp=preview:active d=3.2 age=2 dtg=6.54 region=1_11
ep=1077 s=81 6980ms [sel=26 cap=6835 rest=119] sg=1->1 mode=NONE win=8 obs=82 | cap=wip act=(320,360) d=3.25 a=2 | sp=preview:active d=3.2 age=3 dtg=6.54 region=1_11
ep=1077 s=82 6823ms [sel=26 cap=6678 rest=119] sg=1->1 mode=NONE win=8 obs=83 | cap=wip act=(320,360) d=3.25 a=2 | sp=preview:active d=3.2 age=4 dtg=6.54 region=1_11
ep=1077 s=83 6194ms [sel=27 cap=6051 rest=116] sg=1->1 mode=NONE win=8 obs=84 | cap=wip act=(320,360) d=3.25 a=2 | sp=preview:active d=3.2 age=5 dtg=6.54 region=1_11
ep=1077 s=84 5732ms [sel=29 cap=5581 rest=122] sg=1->1 mode=NONE win=8 obs=85 | cap=wip act=(320,360) d=3.25 a=2 | sp=preview:active d=3.2 age=6 dtg=6.54 region=1_11
ep=1077 s=85 11401ms [sel=26 cap=11257 rest=118] sg=1->1 mode=NONE win=8 obs=86 | cap=wip act=(320,360) d=3.25 a=2 | sp=preview:active d=3.2 age=7 dtg=6.54 region=1_11
ep=1077 s=86 6827ms [sel=19 cap=6692 rest=115] sg=1->1 mode=NONE win=8 obs=87 | cap=wip act=(320,360) d=3.25 a=2 | sp=preview:active d=3.2 age=8 dtg=6.54 region=1_11
ep=1077 s=87 6586ms [sel=3 cap=6465 rest=118] sg=1->1 mode=NONE win=8 obs=88 | cap=wip act=(320,360) d=3.25 a=2 | sp=preview:active d=3.2 age=9 dtg=6.54 region=1_11
ep=1077 s=88 6308ms [sel=3 cap=6195 rest=111] sg=1->1 mode=NONE win=8 obs=89 | cap=wip act=(320,360) d=3.25 a=1 | sp=preview:active d=3.2 age=10 dtg=6.29 region=1_11
ep=1077 s=89 5764ms [sel=3 cap=5653 rest=108] sg=1->1 mode=NONE win=8 obs=90 | cap=wip act=(320,360) d=3.02 a=2 | sp=preview:active d=3.0 age=11 dtg=6.29 region=1_11
ep=1077 s=90 6078ms [sel=3 cap=5966 rest=109] sg=1->1 mode=NONE win=8 obs=91 | cap=wip act=(320,360) d=3.02 a=1 | sp=preview:active d=3.0 age=12 dtg=6.06 region=1_11
ep=1077 s=91 4994ms [sel=3 cap=4889 rest=102] sg=1->1 mode=NONE win=8 obs=92 | cap=wip act=(320,360) d=2.77 a=1 | sp=preview:active d=2.8 age=13 dtg=5.83 region=1_11
ep=1077 s=92 7327ms [sel=3 cap=7227 rest=97] sg=1->1 mode=NONE win=8 obs=93 | cap=wip act=(320,360) d=2.52 a=1 | sp=preview:active d=2.5 age=14 dtg=5.61 region=1_11
ep=1077 s=93 6581ms [sel=3 cap=6482 rest=96] sg=1->1 mode=NONE win=8 obs=94 | cap=wip act=(320,360) d=2.27 a=1 | sp=preview:active d=2.3 age=15 dtg=5.41 region=1_11
ep=1077 s=94 8329ms [sel=1835 cap=6395 rest=100] sg=1->2 mode=NONE win=8 obs=95 | cap=DONE act=(320,360) d=2.93 a=1 | sp=som:active d=2.9 age=0 som=2/8 dtg=5.23 region=1_11
ep=1077 s=95 9297ms [sel=3 cap=9192 rest=101] sg=2->2 mode=NONE win=8 obs=96 | cap=wip act=(320,360) d=2.68 a=2 | sp=som:active d=2.7 age=1 dtg=5.23 region=1_11
ep=1077 s=96 5020ms [sel=3 cap=4915 rest=103] sg=2->2 mode=GET_NOWHERE win=8 obs=97 | cap=wip/GET_NOWHERE act=(320,360) d=2.68 a=1 | sp=som:active d=2.7 age=2 dtg=5.17 region=1_11
ep=1077 s=97 5382ms [sel=3 cap=5278 rest=101] sg=2->2 mode=GET_NOWHERE win=8 obs=98 | cap=wip/GET_NOWHERE act=(320,360) d=2.43 a=1 | sp=som:active d=2.4 age=3 dtg=5.18 region=1_15
ep=1077 s=98 7784ms [sel=4 cap=7678 rest=102] sg=2->2 mode=NONE win=8 obs=99 | cap=wip act=(320,360) d=2.19 a=1 | sp=som:active d=2.2 age=4 dtg=5.21 region=1_15
ep=1077 s=99 7775ms [sel=3 cap=7675 rest=97] sg=2->2 mode=NONE win=8 obs=100 | cap=wip act=(320,360) d=1.94 a=1 | sp=som:active d=1.9 age=5 dtg=5.24 region=1_15
ep=1077 s=100 8095ms [sel=3 cap=7993 rest=99] sg=2->2 mode=NONE win=8 obs=101 | cap=wip act=(320,360) d=1.69 a=1 | sp=som:active d=1.7 age=6 dtg=5.29 region=1_15
ep=1077 s=101 5227ms [sel=3 cap=5128 rest=96] sg=2->2 mode=NONE win=8 obs=102 | cap=wip act=(320,360) d=1.44 a=1 | sp=som:active d=1.4 age=7 dtg=5.36 region=1_15
ep=1077 s=102 6172ms [sel=3 cap=6072 rest=97] sg=2->2 mode=NONE win=8 obs=103 | cap=wip act=(320,360) d=1.20 a=3 | sp=som:active d=1.2 age=8 dtg=5.36 region=1_15
ep=1077 s=103 4903ms [sel=3 cap=4800 rest=100] sg=2->2 mode=NONE win=8 obs=104 | cap=wip act=(320,360) d=1.20 a=1 | sp=som:active d=1.2 age=9 dtg=5.40 region=1_15
ep=1077 s=104 6974ms [sel=3 cap=6873 rest=98] sg=2->2 mode=NONE win=8 obs=105 | cap=wip act=(320,360) d=0.95 a=1 | sp=som:active d=0.9 age=10 dtg=5.49 region=1_15
ep=1077 s=105 7551ms [sel=3 cap=7450 rest=98] sg=2->2 mode=NONE win=8 obs=106 | cap=wip act=(320,360) d=0.70 a=1 | sp=som:active d=0.7 age=11 dtg=5.62 region=1_15
ep=1077 s=106 10416ms [sel=3578 cap=6734 rest=103] sg=2->2 mode=NONE win=8 obs=107 | cap=wip act=(320,360) d=3.02 a=1 | sp=som:active d=3.0 age=0 som=2/8 dtg=5.79 region=1_15
ep=1077 s=107 5838ms [sel=3 cap=5740 rest=95] sg=2->2 mode=NONE win=8 obs=108 | cap=wip act=(320,360) d=2.78 a=1 | sp=som:active d=2.8 age=1 dtg=5.97 region=1_15
ep=1077 s=108 5964ms [sel=3 cap=5463 rest=460] sg=2->2 mode=NONE win=8 obs=109 | cap=wip act=(320,360) d=2.53 a=1 | preview=view-/6 yaw=+0 render=37ms | sp=som:active d=2.5 age=2 dtg=6.17 region=1_15
ep=1077 s=109 6834ms [sel=3 cap=6732 rest=99] sg=2->2 mode=NONE win=8 obs=110 | cap=wip act=(320,360) d=2.29 a=1 | sp=som:active d=2.3 age=3 dtg=6.39 region=1_15
ep=1077 s=110 5756ms [sel=3 cap=5646 rest=108] sg=2->2 mode=NONE win=8 obs=111 | cap=wip act=(320,360) d=2.06 a=1 | sp=som:active d=2.1 age=4 dtg=6.61 region=1_15
ep=1077 s=111 7691ms [sel=3 cap=7581 rest=107] sg=2->2 mode=NONE win=8 obs=112 | cap=wip act=(320,360) d=1.82 a=1 | sp=som:active d=1.8 age=5 dtg=6.83 region=1_15
ep=1077 s=112 12647ms [sel=5 cap=12526 rest=116] sg=2->2 mode=NONE win=8 obs=113 | cap=wip act=(320,360) d=1.59 a=1 | sp=som:active d=1.6 age=6 dtg=7.06 region=1_15
ep=1077 s=113 10681ms [sel=3250 cap=7317 rest=114] sg=2->3 mode=NONE win=8 obs=114 | cap=DONE act=(320,360) d=2.97 a=1 | sp=som:active d=3.0 age=0 som=2/8 dtg=7.30 region=0_0
ep=1077 s=114 9214ms [sel=3 cap=9101 rest=109] sg=3->3 mode=NONE win=8 obs=115 | cap=wip act=(320,360) d=2.73 a=2 | sp=som:active d=2.7 age=1 dtg=7.30 region=0_0
ep=1077 s=115 11284ms [sel=3 cap=11165 rest=116] sg=3->3 mode=NONE win=8 obs=116 | cap=wip act=(320,360) d=2.73 a=1 | sp=som:active d=2.7 age=2 dtg=7.55 region=1_7
ep=1077 s=116 9446ms [sel=4 cap=8874 rest=532] sg=3->3 mode=NONE win=8 obs=117 | cap=wip act=(320,360) d=2.48 a=1 | preview=view-/6 yaw=+0 render=36ms | sp=som:active d=2.5 age=3 dtg=7.80 region=1_7
ep=1077 s=117 7986ms [sel=4 cap=7870 rest=112] sg=3->3 mode=NONE win=8 obs=118 | cap=wip act=(320,360) d=2.23 a=1 | sp=som:active d=2.2 age=4 dtg=8.04 region=1_7
ep=1077 s=118 7730ms [sel=3 cap=7603 rest=124] sg=3->3 mode=NONE win=8 obs=119 | cap=wip act=(320,360) d=1.98 a=3 | sp=som:active d=2.0 age=5 dtg=8.04 region=1_7
ep=1077 s=119 13937ms [sel=3 cap=13361 rest=537] sg=3->3 mode=NONE win=8 obs=120 | cap=wip act=(320,360) d=1.98 a=1 | preview=view-/6 yaw=+0 render=37ms | sp=som:active d=2.0 age=6 dtg=8.28 region=1_7
ep=1077 s=120 6943ms [sel=3 cap=6831 rest=109] sg=3->3 mode=NONE win=8 obs=121 | cap=wip act=(320,360) d=1.74 a=1 | sp=som:active d=1.7 age=7 dtg=8.52 region=1_7
ep=1077 s=121 8095ms [sel=3 cap=7976 rest=116] sg=3->3 mode=NONE win=8 obs=122 | cap=wip act=(320,360) d=1.50 a=1 | sp=som:active d=1.5 age=8 dtg=8.76 region=1_7
ep=1077 s=122 10785ms [sel=40 cap=10163 rest=546] sg=3->3 mode=NONE win=8 obs=123 | cap=wip act=(160,180) d=3.26 a=3 | preview=view0/6 yaw=-180 render=36ms | sp=preview:active d=3.3 age=0 dtg=8.76 region=1_7
ep=1077 s=123 8251ms [sel=26 cap=8114 rest=111] sg=3->3 mode=NONE win=8 obs=124 | cap=wip act=(320,360) d=3.26 a=3 | sp=preview:active d=3.3 age=1 dtg=8.76 region=1_7
ep=1077 s=124 5997ms [sel=26 cap=5848 rest=123] sg=3->3 mode=NONE win=8 obs=125 | cap=wip act=(320,360) d=3.26 a=3 | sp=preview:active d=3.3 age=2 dtg=8.76 region=1_7
ep=1077 s=125 12021ms [sel=26 cap=11871 rest=125] sg=3->3 mode=GET_NOWHERE win=8 obs=126 | cap=wip/GET_NOWHERE act=(320,360) d=3.26 a=3 | sp=preview:active d=3.3 age=3 dtg=8.76 region=1_7
ep=1077 s=126 6861ms [sel=26 cap=6713 rest=123] sg=3->3 mode=NONE win=8 obs=127 | cap=wip act=(320,360) d=3.26 a=3 | sp=preview:active d=3.3 age=4 dtg=8.76 region=1_7
ep=1077 s=127 10232ms [sel=26 cap=10086 rest=120] sg=3->3 mode=NONE win=8 obs=128 | cap=wip act=(320,360) d=3.26 a=3 | sp=preview:active d=3.3 age=5 dtg=8.76 region=1_7
ep=1077 s=128 22209ms [sel=25 cap=21596 rest=552] sg=3->3 mode=NONE win=8 obs=129 | cap=wip act=(320,360) d=3.26 a=3 | preview=view-/6 yaw=+0 render=36ms | sp=preview:active d=3.3 age=6 dtg=8.76 region=1_7
ep=1077 s=129 9095ms [sel=26 cap=8952 rest=118] sg=3->3 mode=NONE win=8 obs=130 | cap=wip act=(320,360) d=3.26 a=3 | sp=preview:active d=3.3 age=7 dtg=8.76 region=1_7
ep=1077 s=130 10128ms [sel=25 cap=9984 rest=119] sg=3->3 mode=NONE win=8 obs=131 | cap=wip act=(320,360) d=3.26 a=3 | sp=preview:active d=3.3 age=8 dtg=8.76 region=1_7
ep=1077 s=131 9298ms [sel=3 cap=8700 rest=557] sg=3->3 mode=NONE win=8 obs=132 | cap=wip act=(320,360) d=3.26 a=3 | preview=view-/6 yaw=+0 render=38ms | sp=preview:active d=3.3 age=9 dtg=8.76 region=1_7
ep=1077 s=132 10788ms [sel=3 cap=10670 rest=116] sg=3->3 mode=NONE win=8 obs=133 | cap=wip act=(320,360) d=3.26 a=3 | sp=preview:active d=3.3 age=10 dtg=8.76 region=1_7
ep=1077 s=133 6632ms [sel=3 cap=6517 rest=112] sg=3->3 mode=NONE win=8 obs=134 | cap=wip act=(320,360) d=3.26 a=1 | sp=preview:active d=3.3 age=11 dtg=8.51 region=1_7
ep=1077 s=134 11333ms [sel=3 cap=11222 rest=109] sg=3->3 mode=NONE win=8 obs=135 | cap=wip act=(320,360) d=3.01 a=1 | sp=preview:active d=3.0 age=12 dtg=8.26 region=1_7
ep=1077 s=135 11064ms [sel=4 cap=10500 rest=523] sg=3->3 mode=NONE win=8 obs=136 | cap=wip act=(320,360) d=2.76 a=1 | preview=view-/6 yaw=+0 render=38ms | sp=preview:active d=2.8 age=13 dtg=8.01 region=1_7
ep=1077 s=136 11098ms [sel=3 cap=10985 rest=110] sg=3->3 mode=NONE win=8 obs=137 | cap=wip act=(320,360) d=2.51 a=1 | sp=preview:active d=2.5 age=14 dtg=7.76 region=1_7
ep=1077 s=137 8605ms [sel=3 cap=8491 rest=111] sg=3->3 mode=NONE win=8 obs=138 | cap=wip act=(320,360) d=2.27 a=3 | sp=preview:active d=2.3 age=15 dtg=7.76 region=1_7
ep=1077 s=138 18569ms [sel=3 cap=18026 rest=503] sg=3->3 mode=NONE win=8 obs=139 | cap=wip act=(320,360) d=2.27 a=1 | preview=view-/6 yaw=+0 render=37ms | sp=preview:active d=2.3 age=16 dtg=7.52 region=1_7
ep=1077 s=139 6718ms [sel=3 cap=6611 rest=104] sg=3->3 mode=NONE win=8 obs=140 | cap=wip act=(320,360) d=2.02 a=1 | sp=preview:active d=2.0 age=17 dtg=7.28 region=0_0
ep=1077 s=140 7801ms [sel=3 cap=7693 rest=106] sg=3->3 mode=NONE win=8 obs=141 | cap=wip act=(320,360) d=1.77 a=1 | sp=preview:active d=1.8 age=18 dtg=7.05 region=1_15
ep=1077 s=141 12476ms [sel=3 cap=11930 rest=497] sg=3->3 mode=NONE win=8 obs=142 | cap=wip act=(320,360) d=1.52 a=1 | preview=view-/6 yaw=+0 render=46ms | sp=preview:active d=1.5 age=19 dtg=6.81 region=1_15
ep=1077 s=142 11094ms [sel=5 cap=10980 rest=108] sg=3->3 mode=NONE win=8 obs=143 | cap=wip act=(320,360) d=1.27 a=1 | sp=preview:active d=1.3 age=20 dtg=6.59 region=1_15
ep=1077 s=143 10122ms [sel=3 cap=9983 rest=136] sg=3->3 mode=NONE win=8 obs=144 | cap=wip act=(320,360) d=1.03 a=1 | sp=preview:active d=1.0 age=21 dtg=6.36 region=1_15
ep=1077 s=144 17489ms [sel=90 cap=16880 rest=481] sg=3->3 mode=NONE win=8 obs=145 | cap=wip act=(320,360) d=4.85 a=2 | preview=view-/6 yaw=+0 render=37ms | sp=frontier:active d=4.8 age=0 dtg=6.36 region=1_15
ep=1077 s=145 6628ms [sel=8 cap=6507 rest=112] sg=3->3 mode=NONE win=8 obs=146 | cap=wip act=(320,360) d=4.85 a=2 | sp=frontier:active d=4.8 age=1 dtg=6.36 region=1_15
ep=1077 s=146 7310ms [sel=3 cap=7190 rest=117] sg=3->3 mode=NONE win=8 obs=147 | cap=wip act=(320,360) d=4.85 a=2 | sp=frontier:active d=4.8 age=2 dtg=6.36 region=1_15
ep=1077 s=147 11285ms [sel=3 cap=11173 rest=109] sg=3->3 mode=NONE win=8 obs=148 | cap=wip act=(320,360) d=4.85 a=1 | sp=frontier:active d=4.8 age=3 dtg=6.12 region=1_15
ep=1077 s=148 13080ms [sel=3 cap=12968 rest=109] sg=3->3 mode=NONE win=8 obs=149 | cap=wip act=(320,360) d=4.60 a=1 | sp=frontier:active d=4.6 age=4 dtg=5.89 region=1_15
ep=1077 s=149 5637ms [sel=3 cap=5521 rest=113] sg=3->3 mode=NONE win=8 obs=150 | cap=wip act=(320,360) d=4.35 a=1 | sp=frontier:active d=4.3 age=5 dtg=5.66 region=1_15
ep=1077 s=150 9390ms [sel=3 cap=9273 rest=113] sg=3->3 mode=NONE win=8 obs=151 | cap=wip act=(320,360) d=4.10 a=3 | sp=frontier:active d=4.1 age=6 dtg=5.66 region=1_15
ep=1077 s=151 9749ms [sel=17 cap=9171 rest=522] sg=3->3 mode=NONE win=8 obs=152 | cap=wip act=(160,180) d=4.03 a=3 | preview=view2/6 yaw=-15 render=38ms | sp=preview:active d=4.0 age=0 dtg=5.66 region=1_15
ep=1077 s=152 8818ms [sel=3 cap=8702 rest=112] sg=3->3 mode=NONE win=8 obs=153 | cap=wip act=(320,360) d=4.03 a=1 | sp=preview:active d=4.0 age=1 dtg=5.41 region=1_15
ep=1077 s=153 9010ms [sel=3 cap=8892 rest=116] sg=3->3 mode=NONE win=8 obs=154 | cap=wip act=(320,360) d=3.79 a=3 | sp=preview:active d=3.8 age=2 dtg=5.41 region=1_15
ep=1077 s=154 7455ms [sel=3 cap=7342 rest=110] sg=3->3 mode=NONE win=8 obs=155 | cap=wip act=(320,360) d=3.79 a=1 | sp=preview:active d=3.8 age=3 dtg=5.18 region=1_15
ep=1077 s=155 11884ms [sel=3 cap=11764 rest=117] sg=3->3 mode=NONE win=8 obs=156 | cap=wip act=(320,360) d=3.54 a=1 | sp=preview:active d=3.5 age=4 dtg=4.97 region=1_15
ep=1077 s=156 4695ms [sel=3 cap=4571 rest=121] sg=3->3 mode=NONE win=8 obs=157 | cap=wip act=(320,360) d=3.29 a=1 | sp=preview:active d=3.3 age=5 dtg=4.79 region=1_15
ep=1077 s=157 13070ms [sel=3 cap=12490 rest=540] sg=3->3 mode=NONE win=8 obs=158 | cap=wip act=(320,360) d=3.04 a=1 | preview=view-/6 yaw=+0 render=37ms | sp=preview:active d=3.0 age=6 dtg=4.71 region=1_15
ep=1077 s=158 7996ms [sel=3 cap=7877 rest=117] sg=3->3 mode=NONE win=8 obs=159 | cap=wip act=(320,360) d=2.79 a=1 | sp=preview:active d=2.8 age=7 dtg=4.70 region=1_15
ep=1077 s=159 25357ms [sel=3 cap=25241 rest=113] sg=3->3 mode=NONE win=8 obs=160 | cap=wip act=(320,360) d=2.54 a=1 | sp=preview:active d=2.5 age=8 dtg=4.72 region=1_15
ep=1077 s=160 11884ms [sel=3 cap=11335 rest=507] sg=3->3 mode=NONE win=8 obs=161 | cap=wip act=(320,360) d=2.29 a=1 | preview=view-/6 yaw=+0 render=40ms | sp=preview:active d=2.3 age=9 dtg=4.75 region=1_15
ep=1077 s=161 7014ms [sel=3 cap=6901 rest=110] sg=3->3 mode=NONE win=8 obs=162 | cap=wip act=(320,360) d=2.04 a=1 | sp=preview:active d=2.0 age=10 dtg=4.80 region=1_15
ep=1077 s=162 10512ms [sel=3 cap=10400 rest=109] sg=3->3 mode=NONE win=8 obs=163 | cap=wip act=(320,360) d=1.79 a=1 | sp=preview:active d=1.8 age=11 dtg=4.91 region=1_11
ep=1077 s=163 23144ms [sel=88 cap=22560 rest=459] sg=3->3 mode=NONE win=8 obs=164 | cap=wip act=(320,360) d=3.76 a=3 | preview=view-/6 yaw=+0 render=37ms | sp=frontier:active d=3.8 age=0 dtg=4.91 region=1_11
ep=1077 s=164 26175ms [sel=24 cap=26029 rest=122] sg=3->3 mode=NONE win=8 obs=165 | cap=wip act=(320,360) d=3.76 a=3 | sp=frontier:active d=3.8 age=1 dtg=4.91 region=1_11
ep=1077 s=165 10668ms [sel=15 cap=10527 rest=127] sg=3->3 mode=NONE win=8 obs=166 | cap=wip act=(320,360) d=3.76 a=3 | sp=frontier:active d=3.8 age=2 dtg=4.91 region=1_11
ep=1077 s=166 17078ms [sel=3 cap=16547 rest=490] sg=3->3 mode=NONE win=8 obs=167 | cap=wip act=(320,360) d=3.76 a=3 | preview=view-/6 yaw=+0 render=38ms | sp=frontier:active d=3.8 age=3 dtg=4.91 region=1_11
ep=1077 s=167 12579ms [sel=3 cap=12453 rest=123] sg=3->3 mode=NONE win=8 obs=168 | cap=wip act=(320,360) d=3.76 a=1 | sp=frontier:active d=3.8 age=4 dtg=5.15 region=1_11
ep=1077 s=168 7119ms [sel=3 cap=6989 rest=127] sg=3->3 mode=NONE win=8 obs=169 | cap=wip act=(320,360) d=3.54 a=3 | sp=frontier:active d=3.5 age=5 dtg=5.15 region=1_11
ep=1077 s=169 17199ms [sel=4 cap=16648 rest=510] sg=3->3 mode=NONE win=8 obs=170 | cap=wip act=(320,360) d=3.54 a=1 | preview=view-/6 yaw=+0 render=37ms | sp=frontier:active d=3.5 age=6 dtg=5.39 region=1_11
ep=1077 s=170 9683ms [sel=7 cap=9555 rest=120] sg=3->3 mode=NONE win=8 obs=171 | cap=wip act=(320,360) d=3.35 a=3 | sp=frontier:active d=3.4 age=7 dtg=5.39 region=1_11
ep=1077 s=171 8994ms [sel=17 cap=8851 rest=126] sg=3->3 mode=NONE win=8 obs=172 | cap=wip act=(320,360) d=3.35 a=1 | sp=frontier:active d=3.4 age=8 dtg=5.61 region=1_11
ep=1077 s=172 17908ms [sel=18 cap=17323 rest=528] sg=3->3 mode=NONE win=8 obs=173 | cap=wip act=(320,360) d=3.23 a=1 | preview=view-/6 yaw=+0 render=39ms | sp=frontier:active d=3.2 age=9 dtg=5.84 region=1_11
ep=1077 s=173 16908ms [sel=28 cap=16760 rest=120] sg=3->3 mode=NONE win=8 obs=174 | cap=wip act=(320,360) d=3.12 a=1 | sp=frontier:active d=3.1 age=10 dtg=6.08 region=1_11
ep=1077 s=174 15862ms [sel=20 cap=15721 rest=121] sg=3->3 mode=NONE win=8 obs=175 | cap=wip act=(320,360) d=3.02 a=1 | sp=frontier:active d=3.0 age=11 dtg=6.32 region=1_26
ep=1077 s=175 15725ms [sel=25 cap=15143 rest=521] sg=3->3 mode=NONE win=8 obs=176 | cap=wip act=(320,360) d=2.95 a=2 | preview=view-/6 yaw=+0 render=36ms | sp=frontier:active d=3.0 age=12 dtg=6.32 region=1_26
ep=1077 s=176 3071ms [sel=21 cap=2936 rest=115] sg=3->3 mode=NONE win=8 obs=177 | cap=wip act=(320,360) d=2.95 a=2 | sp=frontier:active d=3.0 age=13 dtg=6.32 region=1_26
ep=1077 s=177 5736ms [sel=11 cap=5607 rest=117] sg=3->3 mode=NONE win=8 obs=178 | cap=wip act=(320,360) d=2.95 a=1 | sp=frontier:active d=3.0 age=14 dtg=6.56 region=1_26
ep=1077 s=178 15683ms [sel=20 cap=15124 rest=503] sg=3->3 mode=NONE win=8 obs=179 | cap=wip act=(320,360) d=2.78 a=2 | preview=view-/6 yaw=+0 render=35ms | sp=frontier:active d=2.8 age=15 dtg=6.56 region=1_26
ep=1077 s=179 8718ms [sel=3 cap=8591 rest=124] sg=3->3 mode=NONE win=8 obs=180 | cap=wip act=(320,360) d=2.78 a=2 | sp=frontier:active d=2.8 age=16 dtg=6.56 region=1_26
ep=1077 s=180 8203ms [sel=3 cap=8074 rest=126] sg=3->3 mode=NONE win=8 obs=181 | cap=wip act=(320,360) d=2.78 a=1 | sp=frontier:active d=2.8 age=17 dtg=6.75 region=1_26
ep=1077 s=181 12329ms [sel=4 cap=11778 rest=510] sg=3->3 mode=NONE win=8 obs=182 | cap=wip act=(320,360) d=2.54 a=2 | preview=view-/6 yaw=+0 render=38ms | sp=frontier:active d=2.5 age=18 dtg=6.75 region=1_26
ep=1077 s=182 13555ms [sel=3 cap=13427 rest=126] sg=3->3 mode=NONE win=8 obs=183 | cap=wip act=(320,360) d=2.54 a=1 | sp=frontier:active d=2.5 age=19 dtg=6.93 region=1_26
ep=1077 s=183 14129ms [sel=74 cap=13931 rest=123] sg=3->3 mode=NONE win=8 obs=184 | cap=wip act=(320,360) d=3.89 a=3 | sp=frontier:active d=3.9 age=0 dtg=6.93 region=1_26
ep=1077 s=184 11470ms [sel=3 cap=10959 rest=471] sg=3->3 mode=NONE win=8 obs=185 | cap=wip act=(320,360) d=3.89 a=1 | preview=view-/6 yaw=+0 render=37ms | sp=frontier:active d=3.9 age=1 dtg=7.17 region=1_26
ep=1077 s=185 13045ms [sel=4473 cap=8451 rest=121] sg=3->3 mode=NONE win=8 obs=186 | cap=wip act=(320,360) d=2.15 a=2 | sp=som:active d=2.2 age=0 som=1/8 dtg=7.17 region=1_26
ep=1077 s=186 8672ms [sel=3 cap=8549 rest=120] sg=3->3 mode=NONE win=8 obs=187 | cap=wip act=(320,360) d=2.15 a=1 | sp=som:active d=2.2 age=1 dtg=7.40 region=1_9
ep=1077 s=187 18014ms [sel=3 cap=17493 rest=480] sg=3->3 mode=NONE win=8 obs=188 | cap=wip act=(320,360) d=1.91 a=1 | preview=view-/6 yaw=+0 render=37ms | sp=som:active d=1.9 age=2 dtg=7.64 region=1_9
ep=1077 s=188 9815ms [sel=4 cap=9700 rest=112] sg=3->3 mode=NONE win=8 obs=189 | cap=wip act=(320,360) d=1.67 a=1 | sp=som:active d=1.7 age=3 dtg=7.88 region=1_9
ep=1077 s=189 17033ms [sel=3 cap=16918 rest=112] sg=3->3 mode=NONE win=8 obs=190 | cap=wip act=(320,360) d=1.43 a=1 | sp=som:active d=1.4 age=4 dtg=8.12 region=1_9
ep=1077 s=190 28627ms [sel=4 cap=28051 rest=533] sg=3->3 mode=NONE win=8 obs=191 | cap=wip act=(320,360) d=1.19 a=1 | preview=view-/6 yaw=+0 render=39ms | sp=som:active d=1.2 age=5 dtg=8.37 region=1_9
ep=1077 s=191 10493ms [sel=4 cap=10375 rest=114] sg=3->3 mode=NONE win=8 obs=192 | cap=wip act=(320,360) d=0.96 a=1 | sp=som:active d=1.0 age=6 dtg=8.62 region=1_9
ep=1077 s=192 6553ms [sel=3 cap=6440 rest=109] sg=3->3 mode=NONE win=8 obs=193 | cap=wip act=(320,360) d=0.75 a=2 | sp=som:active d=0.7 age=7 dtg=8.62 region=1_9
ep=1077 s=193 20265ms [sel=3 cap=19753 rest=474] sg=3->3 mode=NONE win=8 obs=194 | cap=wip act=(320,360) d=0.75 a=2 | preview=view-/6 yaw=+0 render=35ms | sp=som:active d=0.7 age=8 dtg=8.62 region=1_9
ep=1077 s=194 9082ms [sel=3 cap=8984 rest=95] sg=3->3 mode=NONE win=8 obs=195 | cap=wip act=(320,360) d=0.75 a=1 | sp=som:active d=0.7 age=9 dtg=8.82 region=1_9
ep=1077 s=195 12258ms [sel=123 cap=12036 rest=98] sg=3->3 mode=NONE win=8 obs=196 | cap=wip act=(320,360) d=4.16 a=2 | sp=frontier:active d=4.2 age=0 dtg=8.82 region=1_9
ep=1077 s=196 20544ms [sel=74 cap=19987 rest=447] sg=3->3 mode=NONE win=8 obs=197 | cap=wip act=(320,360) d=4.16 a=2 | preview=view-/6 yaw=+0 render=36ms | sp=frontier:active d=4.2 age=1 dtg=8.82 region=1_9
ep=1077 s=197 19403ms [sel=57 cap=19238 rest=107] sg=3->3 mode=NONE win=8 obs=198 | cap=wip act=(320,360) d=4.16 a=2 | sp=frontier:active d=4.2 age=2 dtg=8.82 region=1_9
ep=1077 s=198 16393ms [sel=59 cap=16223 rest=111] sg=3->3 mode=NONE win=8 obs=199 | cap=wip act=(320,360) d=4.16 a=2 | sp=frontier:active d=4.2 age=3 dtg=8.82 region=1_9
ep=1077 s=199 13728ms [sel=49 cap=13183 rest=460] sg=3->3 mode=NONE win=8 obs=200 | cap=wip act=(320,360) d=4.16 a=2 | preview=view-/6 yaw=+0 render=36ms | sp=frontier:active d=4.2 age=4 dtg=8.82 region=1_9
ep=1077 s=200 5567ms [sel=43 cap=5412 rest=112] sg=3->3 mode=NONE win=8 obs=201 | cap=wip act=(320,360) d=4.16 a=2 | sp=frontier:active d=4.2 age=5 dtg=8.82 region=1_9
ep=1077 s=201 5301ms [sel=40 cap=5145 rest=116] sg=3->3 mode=NONE win=8 obs=202 | cap=wip act=(320,360) d=4.16 a=2 | sp=frontier:active d=4.2 age=6 dtg=8.82 region=1_9
ep=1077 s=202 14401ms [sel=41 cap=13859 rest=463] sg=3->3 mode=NONE win=8 obs=203 | cap=wip act=(320,360) d=4.16 a=2 | preview=view-/6 yaw=+0 render=38ms | sp=frontier:active d=4.2 age=7 dtg=8.82 region=1_9
ep=1077 s=203 5224ms [sel=39 cap=5062 rest=123] sg=3->3 mode=NONE win=8 obs=204 | cap=wip act=(320,360) d=4.16 a=2 | sp=frontier:active d=4.2 age=8 dtg=8.82 region=1_9
ep=1077 s=204 8610ms [sel=40 cap=8444 rest=127] sg=3->3 mode=NONE win=8 obs=205 | cap=wip act=(320,360) d=4.16 a=1 | sp=frontier:active d=4.2 age=9 dtg=8.57 region=1_9
ep=1077 s=205 11973ms [sel=42 cap=11429 rest=465] sg=3->3 mode=NONE win=8 obs=206 | cap=wip act=(320,360) d=4.09 a=1 | preview=view-/6 yaw=+0 render=37ms | sp=frontier:active d=4.1 age=10 dtg=8.33 region=1_9
ep=1077 s=206 12741ms [sel=99 cap=12523 rest=119] sg=3->3 mode=NONE win=8 obs=207 | cap=wip act=(320,360) d=4.02 a=1 | sp=frontier:active d=4.0 age=11 dtg=8.09 region=1_9
ep=1077 s=207 18837ms [sel=62 cap=18649 rest=126] sg=3->3 mode=NONE win=8 obs=208 | cap=wip act=(320,360) d=3.98 a=2 | sp=frontier:active d=4.0 age=12 dtg=8.09 region=1_9
ep=1077 s=208 10058ms [sel=19 cap=9559 rest=443] sg=3->3 mode=NONE win=8 obs=209 | cap=wip act=(160,180) d=4.01 a=2 | preview=view2/6 yaw=-30 render=37ms | sp=preview:active d=4.0 age=0 dtg=8.09 region=1_9
ep=1077 s=209 4816ms [sel=8 cap=4690 rest=119] sg=3->3 mode=NONE win=8 obs=210 | cap=wip act=(320,360) d=4.01 a=1 | sp=preview:active d=4.0 age=1 dtg=7.85 region=1_9
ep=1077 s=210 3063ms [sel=4 cap=2936 rest=124] sg=3->3 mode=NONE win=8 obs=211 | cap=wip act=(320,360) d=3.78 a=1 | sp=preview:active d=3.8 age=2 dtg=7.61 region=1_9
ep=1077 s=211 3633ms [sel=3 cap=3525 rest=105] sg=3->3 mode=NONE win=8 obs=212 | cap=wip act=(320,360) d=3.54 a=1 | sp=preview:active d=3.5 age=3 dtg=7.38 region=1_9
ep=1077 s=212 4579ms [sel=3 cap=4465 rest=111] sg=3->3 mode=NONE win=8 obs=213 | cap=wip act=(320,360) d=3.31 a=1 | sp=preview:active d=3.3 age=4 dtg=7.17 region=1_26
ep=1077 s=213 10118ms [sel=4 cap=9630 rest=447] sg=3->3 mode=NONE win=8 obs=214 | cap=wip act=(320,360) d=3.09 a=1 | preview=view-/6 yaw=+0 render=38ms | sp=preview:active d=3.1 age=5 dtg=6.99 region=1_26
ep=1077 s=214 10747ms [sel=3 cap=10636 rest=108] sg=3->3 mode=NONE win=8 obs=215 | cap=wip act=(320,360) d=2.86 a=3 | sp=preview:active d=2.9 age=6 dtg=6.99 region=1_26
ep=1077 s=215 6488ms [sel=3 cap=6372 rest=113] sg=3->3 mode=NONE win=8 obs=216 | cap=wip act=(320,360) d=2.86 a=1 | sp=preview:active d=2.9 age=7 dtg=6.82 region=1_26
ep=1077 s=216 16114ms [sel=3 cap=15614 rest=461] sg=3->3 mode=NONE win=8 obs=217 | cap=wip act=(320,360) d=2.62 a=3 | preview=view-/6 yaw=+0 render=37ms | sp=preview:active d=2.6 age=8 dtg=6.82 region=1_26
ep=1077 s=217 5680ms [sel=3 cap=5569 rest=109] sg=3->3 mode=NONE win=8 obs=218 | cap=wip act=(320,360) d=2.62 a=1 | sp=preview:active d=2.6 age=9 dtg=6.64 region=1_26
ep=1077 s=218 10514ms [sel=3 cap=10401 rest=110] sg=3->3 mode=NONE win=8 obs=219 | cap=wip act=(320,360) d=2.37 a=1 | sp=preview:active d=2.4 age=10 dtg=6.46 region=1_26
ep=1077 s=219 11618ms [sel=3 cap=11059 rest=519] sg=3->3 mode=NONE win=8 obs=220 | cap=wip act=(320,360) d=2.12 a=1 | preview=view-/6 yaw=+0 render=37ms | sp=preview:active d=2.1 age=11 dtg=6.29 region=1_26
ep=1077 s=220 8804ms [sel=1861 cap=6831 rest=112] sg=3->3 mode=NONE win=8 obs=221 | cap=wip act=(320,360) d=3.05 a=1 | sp=som:active d=3.0 age=0 som=1/8 dtg=6.13 region=1_26
ep=1077 s=221 8256ms [sel=4 cap=8126 rest=126] sg=3->3 mode=NONE win=8 obs=222 | cap=wip act=(320,360) d=2.81 a=1 | sp=som:active d=2.8 age=1 dtg=5.98 region=1_15
ep=1077 s=222 15250ms [sel=3 cap=14727 rest=484] sg=3->3 mode=NONE win=8 obs=223 | cap=wip act=(320,360) d=2.57 a=1 | preview=view-/6 yaw=+0 render=35ms | sp=som:active d=2.6 age=2 dtg=5.84 region=1_15
ep=1077 s=223 11223ms [sel=3 cap=11110 rest=110] sg=3->3 mode=NONE win=8 obs=224 | cap=wip act=(320,360) d=2.33 a=1 | sp=som:active d=2.3 age=3 dtg=5.70 region=1_15
ep=1077 s=224 8985ms [sel=3 cap=8878 rest=105] sg=3->3 mode=NONE win=8 obs=225 | cap=wip act=(320,360) d=2.10 a=1 | sp=som:active d=2.1 age=4 dtg=5.57 region=1_15
ep=1077 s=225 19333ms [sel=3 cap=18778 rest=514] sg=3->3 mode=NONE win=8 obs=226 | cap=wip act=(320,360) d=1.87 a=2 | preview=view-/6 yaw=+0 render=38ms | sp=som:active d=1.9 age=5 dtg=5.57 region=1_15
ep=1077 s=226 12552ms [sel=3 cap=12444 rest=105] sg=3->3 mode=NONE win=8 obs=227 | cap=wip act=(320,360) d=1.87 a=1 | sp=som:active d=1.9 age=6 dtg=5.53 region=1_15
ep=1077 s=227 17090ms [sel=3 cap=16987 rest=101] sg=3->3 mode=NONE win=8 obs=228 | cap=wip act=(320,360) d=1.63 a=2 | sp=som:active d=1.6 age=7 dtg=5.53 region=1_15
ep=1077 s=228 7534ms [sel=3 cap=7427 rest=105] sg=3->3 mode=NONE win=8 obs=229 | cap=wip act=(320,360) d=1.63 a=1 | sp=som:active d=1.6 age=8 dtg=5.60 region=1_15
ep=1077 s=229 20114ms [sel=3 cap=19601 rest=474] sg=3->3 mode=NONE win=8 obs=230 | cap=wip act=(320,360) d=1.38 a=1 | preview=view-/6 yaw=+0 render=36ms | sp=som:active d=1.4 age=9 dtg=5.70 region=1_15
ep=1077 s=230 18772ms [sel=3 cap=18669 rest=101] sg=3->3 mode=NONE win=8 obs=231 | cap=wip act=(320,360) d=1.13 a=1 | sp=som:active d=1.1 age=10 dtg=5.85 region=1_15
ep=1077 s=231 12144ms [sel=3 cap=12038 rest=103] sg=3->3 mode=NONE win=8 obs=232 | cap=wip act=(320,360) d=0.88 a=1 | sp=som:active d=0.9 age=11 dtg=6.01 region=1_15
ep=1077 s=232 14380ms [sel=3 cap=13855 rest=485] sg=3->3 mode=NONE win=8 obs=233 | cap=wip act=(320,360) d=0.63 a=1 | preview=view-/6 yaw=+0 render=37ms | sp=som:active d=0.6 age=12 dtg=6.20 region=1_15
ep=1077 s=233 8822ms [sel=2525 cap=6188 rest=109] sg=3->3 mode=NONE win=8 obs=234 | cap=wip act=(320,360) d=2.68 a=1 | sp=frontier:active d=2.7 age=0 som=L/8 dtg=6.40 region=1_15
ep=1077 s=234 13075ms [sel=7 cap=12962 rest=106] sg=3->3 mode=NONE win=8 obs=235 | cap=wip act=(320,360) d=2.50 a=1 | sp=frontier:active d=2.5 age=1 dtg=6.61 region=1_15
ep=1077 s=235 18733ms [sel=8 cap=18226 rest=462] sg=3->3 mode=NONE win=8 obs=236 | cap=wip act=(320,360) d=2.34 a=1 | preview=view-/6 yaw=+0 render=37ms | sp=frontier:active d=2.3 age=2 dtg=6.83 region=1_15
ep=1077 s=236 7883ms [sel=9 cap=7765 rest=109] sg=3->3 mode=NONE win=8 obs=237 | cap=wip act=(320,360) d=2.19 a=1 | sp=frontier:active d=2.2 age=3 dtg=7.05 region=1_15
ep=1077 s=237 15863ms [sel=12 cap=15736 rest=116] sg=3->3 mode=NONE win=8 obs=238 | cap=wip act=(320,360) d=2.06 a=1 | sp=frontier:active d=2.1 age=4 dtg=7.28 region=1_15
ep=1077 s=238 17255ms [sel=11 cap=16746 rest=461] sg=3->3 mode=NONE win=8 obs=239 | cap=wip act=(320,360) d=1.95 a=1 | preview=view-/6 yaw=+0 render=36ms | sp=frontier:active d=2.0 age=5 dtg=7.51 region=1_7
ep=1077 s=239 10499ms [sel=14 cap=10373 rest=112] sg=3->3 mode=NONE win=8 obs=240 | cap=wip act=(320,360) d=1.87 a=2 | sp=frontier:active d=1.9 age=6 dtg=7.51 region=1_7
ep=1077 s=240 16704ms [sel=12 cap=16573 rest=119] sg=3->3 mode=NONE win=8 obs=241 | cap=wip act=(320,360) d=1.87 a=1 | sp=frontier:active d=1.9 age=7 dtg=7.76 region=1_7
ep=1077 s=241 9460ms [sel=14 cap=9320 rest=126] sg=3->3 mode=NONE win=8 obs=242 | cap=wip act=(320,360) d=1.76 a=2 | sp=frontier:active d=1.8 age=8 dtg=7.76 region=1_7
ep=1077 s=242 8982ms [sel=14 cap=8850 rest=119] sg=3->3 mode=NONE win=8 obs=243 | cap=wip act=(320,360) d=1.76 a=2 | sp=frontier:active d=1.8 age=9 dtg=7.76 region=1_7
ep=1077 s=243 15529ms [sel=4 cap=14947 rest=541] sg=3->3 mode=NONE win=8 obs=244 | cap=wip act=(320,360) d=1.76 a=2 | preview=view-/6 yaw=+0 render=37ms | sp=frontier:active d=1.8 age=10 dtg=7.76 region=1_7
ep=1077 s=244 9852ms [sel=3 cap=9730 rest=119] sg=3->3 mode=NONE win=8 obs=245 | cap=wip act=(320,360) d=1.76 a=2 | sp=frontier:active d=1.8 age=11 dtg=7.76 region=1_7
ep=1077 s=245 9373ms [sel=3 cap=9245 rest=124] sg=3->3 mode=NONE win=8 obs=246 | cap=wip act=(320,360) d=1.76 a=1 | sp=frontier:active d=1.8 age=12 dtg=7.91 region=1_7
ep=1077 s=246 14856ms [sel=3 cap=14305 rest=511] sg=3->3 mode=NONE win=8 obs=247 | cap=wip act=(320,360) d=1.52 a=1 | preview=view-/6 yaw=+0 render=37ms | sp=frontier:active d=1.5 age=13 dtg=8.12 region=1_7
ep=1077 s=247 11484ms [sel=3 cap=11374 rest=108] sg=3->3 mode=NONE win=8 obs=248 | cap=wip act=(320,360) d=1.27 a=1 | sp=frontier:active d=1.3 age=14 dtg=8.35 region=1_7
ep=1077 s=248 9406ms [sel=3 cap=9295 rest=108] sg=3->3 mode=NONE win=8 obs=249 | cap=wip act=(320,360) d=1.02 a=2 | sp=frontier:active d=1.0 age=15 dtg=8.35 region=1_7
ep=1077 s=249 14024ms [sel=5 cap=13504 rest=478] sg=3->None mode=NONE win=8 obs=250 | cap=DONE act=(320,360) d=1.00 a=1 | preview=view-/6 yaw=+0 render=36ms | sp=frontier:active d=1.0 age=16 ovr=2 door_evts=3 dtg=8.58 region=1_7
ep=1077 s=250 137ms [sel=4 cap=0 rest=133] sg=None->None mode=NONE win=8 obs=251 | cap=- act=(320,360) d=1.00 a=1 | sp=frontier:active d=0.8 age=17 ovr=2 door_evts=3 dtg=8.81 region=1_7
ep=1077 s=251 139ms [sel=4 cap=0 rest=134] sg=None->None mode=NONE win=8 obs=252 | cap=- act=(320,360) d=1.00 a=1 | sp=frontier:active d=0.5 age=18 ovr=2 door_evts=3 dtg=9.05 region=1_7
ep=1077 s=252 102ms [sel=0 cap=0 rest=102] sg=None->None mode=NONE win=8 obs=253 | cap=- act=STOP | sp=frontier:reached d=0.3 age=19 ovr=2 door_evts=3 dtg=9.05 region=1_7
rank=3 [11/20] id=1077 steps=253 success=0.000 spl=0.000 dtg=9.05 osr=0 path_length=39.50 ndtw=0.060 sdtw=0.000
PluginManager::Manager: duplicate static plugin StbImageImporter, ignoring
PluginManager::Manager: duplicate static plugin GltfImporter, ignoring
PluginManager::Manager: duplicate static plugin BasisImporter, ignoring
PluginManager::Manager: duplicate static plugin AssimpImporter, ignoring
PluginManager::Manager: duplicate static plugin AnySceneImporter, ignoring
PluginManager::Manager: duplicate static plugin AnyImageImporter, ignoring
episode=1184 instruction='walk through doorway to exit room, turn left in hallway and walk towards display cabinet, turn left at end of hallway, enter room, walk past bed, walk through doorway on the left after dresser, stop in front of sink. ' start_position=[-3.8880300521850586, 0.15480518341064453, 9.710450172424316] goal_position=[2.7033801078796387, 0.15480518341064453, 10.894700050354004] reference_geodesic=8.447949409484863
episode=1184 prepared_subgoals=6
  [1] Walk through doorway to exit room
      proof: The camera has passed the doorway to exit room: it is behind or below the camera and the space beyond it fills the view; the camera has not yet turned left.
  [2] Turn left in hallway, then walk towards display cabinet
      proof: The display cabinet is beside or directly ahead of the camera, within a step; the camera has not yet turned left.
  [3] Turn left at end of hallway, then enter room
      proof: The camera has crossed the threshold and the room interior is central in the view.
  [4] Walk past bed
      proof: The bed is directly behind the camera and the camera has passed it.
  [5] Walk through doorway on the left after dresser
      proof: The camera has crossed the threshold and the bathroom is central in the view.
  [6] Stop in front of sink
      proof: The sink is directly ahead, within a step
ep=1184 s=0 9150ms [sel=42 cap=8597 rest=474] sg=1->1 mode=NONE win=1 obs=1 | cap=wip act=(160,180) d=4.19 a=3 | preview=view2/6 yaw=+0 render=37ms | sp=preview:active d=4.2 age=0 dtg=8.45 region=1_28
ep=1184 s=1 5842ms [sel=22 cap=5720 rest=101] sg=1->1 mode=NONE win=2 obs=2 | cap=wip act=(320,360) d=4.19 a=3 | sp=preview:active d=4.2 age=1 dtg=8.45 region=1_28
ep=1184 s=2 5124ms [sel=20 cap=5003 rest=100] sg=1->1 mode=NONE win=3 obs=3 | cap=wip act=(320,360) d=4.19 a=3 | sp=preview:active d=4.2 age=2 dtg=8.45 region=1_28
ep=1184 s=3 7736ms [sel=21 cap=7612 rest=104] sg=1->1 mode=NONE win=4 obs=4 | cap=wip act=(320,360) d=4.19 a=1 | sp=preview:active d=4.2 age=3 dtg=8.27 region=1_28
ep=1184 s=4 12621ms [sel=17 cap=12497 rest=107] sg=1->1 mode=NONE win=5 obs=5 | cap=wip act=(320,360) d=4.23 a=3 | sp=preview:active d=4.2 age=4 dtg=8.27 region=1_28
ep=1184 s=5 7800ms [sel=20 cap=7254 rest=489] sg=1->1 mode=NONE win=6 obs=6 | cap=wip act=(320,360) d=4.23 a=1 | preview=view-/6 yaw=+0 render=37ms | sp=preview:active d=4.2 age=5 dtg=8.10 region=1_27
ep=1184 s=6 9437ms [sel=10 cap=9332 rest=95] sg=1->1 mode=NONE win=7 obs=7 | cap=wip act=(320,360) d=4.35 a=1 | sp=preview:active d=4.3 age=6 dtg=7.95 region=1_27
ep=1184 s=7 7940ms [sel=11 cap=7834 rest=95] sg=1->1 mode=NONE win=8 obs=8 | cap=wip act=(320,360) d=4.48 a=2 | sp=preview:active d=4.5 age=7 dtg=7.95 region=1_27
ep=1184 s=8 10190ms [sel=11 cap=10084 rest=95] sg=1->1 mode=NONE win=8 obs=9 | cap=wip act=(320,360) d=4.48 a=2 | sp=preview:active d=4.5 age=8 dtg=7.95 region=1_27
ep=1184 s=9 7669ms [sel=7 cap=7560 rest=102] sg=1->1 mode=NONE win=8 obs=10 | cap=wip act=(320,360) d=4.48 a=1 | sp=preview:active d=4.5 age=9 dtg=7.95 region=1_27
ep=1184 s=10 8979ms [sel=14 cap=8866 rest=99] sg=1->1 mode=NONE win=8 obs=11 | cap=wip act=(320,360) d=4.49 a=2 | sp=preview:active d=4.5 age=10 dtg=7.95 region=1_27
ep=1184 s=11 7189ms [sel=19 cap=7071 rest=98] sg=1->1 mode=NONE win=8 obs=12 | cap=wip act=(320,360) d=4.49 a=2 | sp=preview:active d=4.5 age=11 dtg=7.95 region=1_27
ep=1184 s=12 6922ms [sel=3 cap=6827 rest=91] sg=1->1 mode=NONE win=8 obs=13 | cap=wip act=(320,360) d=4.49 a=1 | sp=preview:active d=4.5 age=12 dtg=8.09 region=1_27
ep=1184 s=13 5772ms [sel=3 cap=5667 rest=101] sg=1->1 mode=NONE win=8 obs=14 | cap=wip act=(320,360) d=4.40 a=1 | sp=preview:active d=4.4 age=13 dtg=8.24 region=1_27
ep=1184 s=14 6176ms [sel=4 cap=6084 rest=88] sg=1->1 mode=NONE win=8 obs=15 | cap=wip act=(320,360) d=4.31 a=2 | sp=preview:active d=4.3 age=14 dtg=8.24 region=1_27
ep=1184 s=15 6515ms [sel=3 cap=6427 rest=84] sg=1->1 mode=NONE win=8 obs=16 | cap=wip act=(320,360) d=4.31 a=1 | sp=preview:active d=4.3 age=15 dtg=8.45 region=1_27
ep=1184 s=16 4316ms [sel=4 cap=4228 rest=84] sg=1->1 mode=NONE win=8 obs=17 | cap=wip act=(320,360) d=4.18 a=2 | sp=preview:active d=4.2 age=16 dtg=8.45 region=1_27
ep=1184 s=17 5355ms [sel=4 cap=5271 rest=81] sg=1->1 mode=NONE win=8 obs=18 | cap=wip act=(320,360) d=4.18 a=1 | sp=preview:active d=4.2 age=17 dtg=8.69 region=1_27
ep=1184 s=18 7442ms [sel=4 cap=7356 rest=83] sg=1->1 mode=NONE win=8 obs=19 | cap=wip act=(320,360) d=4.00 a=1 | sp=preview:active d=4.0 age=18 dtg=8.93 region=1_27
ep=1184 s=19 6401ms [sel=3 cap=6317 rest=81] sg=1->1 mode=NONE win=8 obs=20 | cap=wip act=(320,360) d=3.84 a=1 | sp=preview:active d=3.8 age=19 dtg=9.17 region=1_27
ep=1184 s=20 6061ms [sel=4 cap=5976 rest=81] sg=1->1 mode=NONE win=8 obs=21 | cap=wip act=(320,360) d=3.68 a=1 | sp=preview:active d=3.7 age=20 dtg=9.42 region=1_27
ep=1184 s=21 8425ms [sel=3 cap=8333 rest=89] sg=1->1 mode=NONE win=8 obs=22 | cap=wip act=(320,360) d=3.53 a=1 | sp=preview:active d=3.5 age=21 dtg=9.66 region=1_27
ep=1184 s=22 6131ms [sel=5 cap=6039 rest=87] sg=1->1 mode=NONE win=8 obs=23 | cap=wip act=(320,360) d=3.40 a=1 | sp=preview:active d=3.4 age=22 dtg=9.91 region=1_27
ep=1184 s=23 5172ms [sel=7 cap=5082 rest=83] sg=1->1 mode=NONE win=8 obs=24 | cap=wip act=(320,360) d=3.28 a=2 | sp=preview:active d=3.3 age=23 dtg=9.91 region=1_27
ep=1184 s=24 4584ms [sel=12 cap=4481 rest=90] sg=1->1 mode=NONE win=8 obs=25 | cap=wip act=(320,360) d=3.28 a=1 | sp=preview:active d=3.3 age=24 dtg=10.16 region=1_27
ep=1184 s=25 9692ms [sel=28 cap=9175 rest=452] sg=1->1 mode=NONE win=8 obs=26 | cap=wip act=(160,180) d=2.63 a=2 | preview=view3/6 yaw=+0 render=37ms | sp=preview:active d=2.6 age=0 dtg=10.16 region=1_27
ep=1184 s=26 6400ms [sel=3 cap=6304 rest=93] sg=1->1 mode=NONE win=8 obs=27 | cap=wip act=(320,360) d=2.63 a=1 | sp=preview:active d=2.6 age=1 dtg=10.39 region=1_27
ep=1184 s=27 7277ms [sel=3 cap=7182 rest=92] sg=1->1 mode=NONE win=8 obs=28 | cap=wip act=(320,360) d=2.41 a=2 | sp=preview:active d=2.4 age=2 dtg=10.39 region=1_27
ep=1184 s=28 8625ms [sel=3 cap=8529 rest=94] sg=1->1 mode=NONE win=8 obs=29 | cap=wip act=(320,360) d=2.41 a=1 | sp=preview:active d=2.4 age=3 dtg=10.61 region=1_27
ep=1184 s=29 6595ms [sel=2 cap=6497 rest=95] sg=1->1 mode=NONE win=8 obs=30 | cap=wip act=(320,360) d=2.18 a=2 | sp=preview:active d=2.2 age=4 dtg=10.61 region=1_27
ep=1184 s=30 5125ms [sel=3 cap=5023 rest=100] sg=1->1 mode=NONE win=8 obs=31 | cap=wip act=(320,360) d=2.18 a=1 | sp=preview:active d=2.2 age=5 dtg=10.81 region=1_27
ep=1184 s=31 8904ms [sel=3 cap=8802 rest=99] sg=1->1 mode=NONE win=8 obs=32 | cap=wip act=(320,360) d=1.93 a=1 | sp=preview:active d=1.9 age=6 dtg=11.05 region=1_17
ep=1184 s=32 5950ms [sel=3 cap=5847 rest=101] sg=1->1 mode=NONE win=8 obs=33 | cap=wip act=(320,360) d=1.68 a=1 | sp=preview:active d=1.7 age=7 dtg=11.29 region=1_17
ep=1184 s=33 6340ms [sel=3 cap=6219 rest=118] sg=1->1 mode=NONE win=8 obs=34 | cap=wip act=(320,360) d=1.43 a=1 | sp=preview:active d=1.4 age=8 dtg=11.53 region=1_17
ep=1184 s=34 4831ms [sel=4 cap=4736 rest=92] sg=1->1 mode=NONE win=8 obs=35 | cap=wip act=(320,360) d=1.18 a=1 | sp=preview:active d=1.2 age=9 dtg=11.78 region=1_17
ep=1184 s=35 4906ms [sel=4 cap=4809 rest=94] sg=1->1 mode=NONE win=8 obs=36 | cap=wip act=(320,360) d=0.93 a=2 | sp=preview:active d=0.9 age=10 dtg=11.78 region=1_17
ep=1184 s=36 8267ms [sel=4 cap=8176 rest=87] sg=1->1 mode=NONE win=8 obs=37 | cap=wip act=(320,360) d=0.93 a=1 | sp=preview:active d=0.9 age=11 dtg=12.01 region=1_17
ep=1184 s=37 6284ms [sel=3 cap=6193 rest=88] sg=1->1 mode=NONE win=8 obs=38 | cap=wip act=(320,360) d=0.68 a=1 | sp=preview:active d=0.7 age=12 dtg=12.25 region=1_17
ep=1184 s=38 9150ms [sel=2363 cap=6699 rest=88] sg=1->1 mode=NONE win=8 obs=39 | cap=wip act=(320,360) d=3.05 a=2 | sp=som:active d=3.1 age=0 som=1/8 dtg=12.25 region=1_17
ep=1184 s=39 10343ms [sel=0 cap=10245 rest=98] sg=1->2 mode=NONE win=8 obs=40 | cap=DONE act=TURN request=-45deg execute=-15deg x1 a=2 | sp=som:active d=3.1 age=1 door_evts=1 dtg=12.25 region=1_17
ep=1184 s=40 5678ms [sel=0 cap=5571 rest=107] sg=2->2 mode=NONE win=8 obs=41 | cap=wip act=TURN request=-45deg execute=-15deg x1 a=2 | sp=- door_evts=1 dtg=12.25 region=1_17
ep=1184 s=41 5250ms [sel=0 cap=5141 rest=109] sg=2->2 mode=NONE win=8 obs=42 | cap=wip act=TURN request=-45deg execute=-15deg x1 a=2 | sp=- door_evts=1 dtg=12.25 region=1_17
ep=1184 s=42 5416ms [sel=0 cap=5309 rest=107] sg=2->2 mode=NONE win=8 obs=43 | cap=wip act=TURN request=-45deg execute=-15deg x1 a=2 | sp=- door_evts=1 dtg=12.25 region=1_17
ep=1184 s=43 7849ms [sel=0 cap=7743 rest=106] sg=2->2 mode=NONE win=8 obs=44 | cap=wip act=TURN request=-45deg execute=-15deg x1 a=2 | sp=- door_evts=1 dtg=12.25 region=1_17
ep=1184 s=44 9069ms [sel=1481 cap=7487 rest=100] sg=2->2 mode=GET_NOWHERE win=8 obs=45 | cap=wip/GET_NOWHERE act=(320,360) d=3.90 a=2 | sp=som:active d=3.9 age=0 som=4/7 dtg=12.25 region=1_17
ep=1184 s=45 6239ms [sel=24 cap=6118 rest=96] sg=2->2 mode=NONE win=8 obs=46 | cap=wip act=(320,360) d=3.90 a=2 | sp=som:active d=3.9 age=1 dtg=12.25 region=1_17
ep=1184 s=46 6038ms [sel=12 cap=5929 rest=96] sg=2->2 mode=NONE win=8 obs=47 | cap=wip act=(320,360) d=3.90 a=2 | sp=som:active d=3.9 age=2 dtg=12.25 region=1_17
ep=1184 s=47 9045ms [sel=3 cap=8945 rest=97] sg=2->2 mode=NONE win=8 obs=48 | cap=wip act=(320,360) d=3.90 a=2 | sp=som:active d=3.9 age=3 dtg=12.25 region=1_17
ep=1184 s=48 6110ms [sel=3 cap=6007 rest=101] sg=2->2 mode=NONE win=8 obs=49 | cap=wip act=(320,360) d=3.90 a=1 | sp=som:active d=3.9 age=4 dtg=12.00 region=1_17
ep=1184 s=49 4646ms [sel=4 cap=4511 rest=131] sg=2->2 mode=NONE win=8 obs=50 | cap=wip act=(320,360) d=3.67 a=1 | sp=som:active d=3.7 age=5 dtg=11.76 region=1_17
ep=1184 s=50 6216ms [sel=3 cap=6118 rest=96] sg=2->2 mode=NONE win=8 obs=51 | cap=wip act=(320,360) d=3.46 a=1 | sp=som:active d=3.5 age=6 dtg=11.52 region=1_17
ep=1184 s=51 7944ms [sel=3 cap=7844 rest=96] sg=2->2 mode=NONE win=8 obs=52 | cap=wip act=(320,360) d=3.24 a=2 | sp=som:active d=3.2 age=7 dtg=11.52 region=1_17
ep=1184 s=52 6379ms [sel=6 cap=6270 rest=103] sg=2->2 mode=NONE win=8 obs=53 | cap=wip act=(320,360) d=3.24 a=1 | sp=som:active d=3.2 age=8 dtg=11.27 region=1_17
ep=1184 s=53 6484ms [sel=9 cap=6374 rest=101] sg=2->2 mode=NONE win=8 obs=54 | cap=wip act=(320,360) d=3.08 a=2 | sp=som:active d=3.1 age=9 dtg=11.27 region=1_17
ep=1184 s=54 6817ms [sel=15 cap=6703 rest=98] sg=2->2 mode=NONE win=8 obs=55 | cap=wip act=(320,360) d=3.08 a=1 | sp=som:active d=3.1 age=10 dtg=11.03 region=1_17
ep=1184 s=55 7246ms [sel=16 cap=7134 rest=95] sg=2->2 mode=NONE win=8 obs=56 | cap=wip act=(320,360) d=2.99 a=2 | sp=som:active d=3.0 age=11 dtg=11.03 region=1_17
ep=1184 s=56 8740ms [sel=25 cap=8621 rest=94] sg=2->2 mode=NONE win=8 obs=57 | cap=wip act=(320,360) d=2.99 a=1 | sp=som:active d=3.0 age=12 dtg=10.82 region=1_27
ep=1184 s=57 4579ms [sel=21 cap=4468 rest=91] sg=2->2 mode=NONE win=8 obs=58 | cap=wip act=(320,360) d=2.98 a=1 | sp=som:active d=3.0 age=13 dtg=10.67 region=1_27
ep=1184 s=58 4753ms [sel=22 cap=4646 rest=84] sg=2->2 mode=NONE win=8 obs=59 | cap=wip act=(320,360) d=3.00 a=3 | sp=som:active d=3.0 age=14 dtg=10.67 region=1_27
ep=1184 s=59 3672ms [sel=20 cap=3558 rest=94] sg=2->2 mode=NONE win=8 obs=60 | cap=wip act=(320,360) d=3.00 a=3 | sp=som:active d=3.0 age=15 dtg=10.67 region=1_27
ep=1184 s=60 4719ms [sel=17 cap=4601 rest=101] sg=2->2 mode=NONE win=8 obs=61 | cap=wip act=(320,360) d=3.00 a=1 | sp=som:active d=3.0 age=16 dtg=10.49 region=1_27
ep=1184 s=61 5914ms [sel=18 cap=5794 rest=101] sg=2->2 mode=NONE win=8 obs=62 | cap=wip act=(320,360) d=2.90 a=3 | sp=som:active d=2.9 age=17 dtg=10.49 region=1_27
ep=1184 s=62 4683ms [sel=17 cap=4569 rest=97] sg=2->2 mode=NONE win=8 obs=63 | cap=wip act=(320,360) d=2.90 a=3 | sp=som:active d=2.9 age=18 dtg=10.49 region=1_27
ep=1184 s=63 9615ms [sel=3 cap=9520 rest=92] sg=2->2 mode=NONE win=8 obs=64 | cap=wip act=(320,360) d=2.90 a=1 | sp=som:active d=2.9 age=19 dtg=10.25 region=1_27
ep=1184 s=64 5182ms [sel=4 cap=5081 rest=97] sg=2->2 mode=NONE win=8 obs=65 | cap=wip act=(320,360) d=2.71 a=3 | sp=som:active d=2.7 age=20 dtg=10.25 region=1_27
ep=1184 s=65 8117ms [sel=4 cap=8021 rest=92] sg=2->2 mode=NONE win=8 obs=66 | cap=wip act=(320,360) d=2.71 a=1 | sp=som:active d=2.7 age=21 dtg=10.00 region=1_27
ep=1184 s=66 3561ms [sel=3 cap=3460 rest=98] sg=2->2 mode=NONE win=8 obs=67 | cap=wip act=(320,360) d=2.50 a=1 | sp=som:active d=2.5 age=22 dtg=9.75 region=1_27
ep=1184 s=67 5675ms [sel=3 cap=5573 rest=99] sg=2->2 mode=NONE win=8 obs=68 | cap=wip act=(320,360) d=2.29 a=3 | sp=som:active d=2.3 age=23 dtg=9.75 region=1_27
ep=1184 s=68 4547ms [sel=3 cap=4446 rest=99] sg=2->2 mode=NONE win=8 obs=69 | cap=wip act=(320,360) d=2.29 a=1 | sp=som:active d=2.3 age=24 dtg=9.50 region=1_27
ep=1184 s=69 3140ms [sel=3 cap=3038 rest=99] sg=2->2 mode=NONE win=8 obs=70 | cap=wip act=(320,360) d=2.05 a=3 | sp=som:active d=2.1 age=25 dtg=9.50 region=1_27
ep=1184 s=70 8813ms [sel=3 cap=8705 rest=106] sg=2->2 mode=NONE win=8 obs=71 | cap=wip act=(320,360) d=2.05 a=1 | sp=som:active d=2.1 age=26 dtg=9.28 region=1_27
ep=1184 s=71 3038ms [sel=3 cap=2931 rest=104] sg=2->2 mode=NONE win=8 obs=72 | cap=wip act=(320,360) d=1.80 a=1 | sp=som:active d=1.8 age=27 dtg=9.07 region=1_27
ep=1184 s=72 4671ms [sel=3 cap=4562 rest=106] sg=2->2 mode=NONE win=8 obs=73 | cap=wip act=(320,360) d=1.56 a=1 | sp=som:active d=1.6 age=28 dtg=8.85 region=1_27
ep=1184 s=73 3276ms [sel=3 cap=3169 rest=105] sg=2->2 mode=NONE win=8 obs=74 | cap=wip act=(320,360) d=1.31 a=1 | sp=som:active d=1.3 age=29 dtg=8.65 region=1_27
ep=1184 s=74 3573ms [sel=5 cap=3456 rest=112] sg=2->2 mode=NONE win=8 obs=75 | cap=wip act=(320,360) d=1.06 a=1 | sp=som:active d=1.1 age=30 dtg=8.44 region=1_27
ep=1184 s=75 3189ms [sel=3 cap=3070 rest=116] sg=2->2 mode=NONE win=8 obs=76 | cap=wip act=(320,360) d=0.82 a=1 | sp=som:active d=0.8 age=31 dtg=8.25 region=1_27
ep=1184 s=76 5253ms [sel=3 cap=5140 rest=110] sg=2->2 mode=NONE win=8 obs=77 | cap=wip act=(320,360) d=0.59 a=1 | sp=som:active d=0.6 age=32 dtg=8.07 region=1_27
ep=1184 s=77 6779ms [sel=2270 cap=4394 rest=114] sg=2->2 mode=NONE win=8 obs=78 | cap=wip act=(320,360) d=3.00 a=2 | sp=som:active d=3.0 age=0 som=3/8 dtg=8.07 region=1_27
ep=1184 s=78 4660ms [sel=3 cap=4550 rest=108] sg=2->2 mode=NONE win=8 obs=79 | cap=wip act=(320,360) d=3.00 a=2 | sp=som:active d=3.0 age=1 dtg=8.07 region=1_27
ep=1184 s=79 10484ms [sel=3 cap=10376 rest=106] sg=2->2 mode=NONE win=8 obs=80 | cap=wip act=(320,360) d=3.00 a=1 | sp=som:active d=3.0 age=2 dtg=7.83 region=1_27
ep=1184 s=80 6561ms [sel=7 cap=6453 rest=101] sg=2->2 mode=NONE win=8 obs=81 | cap=wip act=(320,360) d=2.78 a=1 | sp=som:active d=2.8 age=3 dtg=7.59 region=1_27
ep=1184 s=81 4082ms [sel=4 cap=3978 rest=101] sg=2->2 mode=NONE win=8 obs=82 | cap=wip act=(320,360) d=2.57 a=2 | sp=som:active d=2.6 age=4 dtg=7.59 region=1_27
ep=1184 s=82 4659ms [sel=5 cap=4553 rest=101] sg=2->2 mode=NONE win=8 obs=83 | cap=wip act=(320,360) d=2.57 a=1 | sp=som:active d=2.6 age=5 dtg=7.34 region=1_27
ep=1184 s=83 6902ms [sel=0 cap=6800 rest=102] sg=2->3 mode=NONE win=8 obs=84 | cap=DONE act=TURN request=-45deg execute=-15deg x1 a=2 | sp=som:active d=2.4 age=6 door_evts=1 dtg=7.34 region=1_27
ep=1184 s=84 4509ms [sel=0 cap=4404 rest=105] sg=3->3 mode=NONE win=8 obs=85 | cap=wip act=TURN request=-45deg execute=-15deg x1 a=2 | sp=- door_evts=1 dtg=7.34 region=1_27
ep=1184 s=85 6421ms [sel=0 cap=6318 rest=103] sg=3->3 mode=NONE win=8 obs=86 | cap=wip act=TURN request=-45deg execute=-15deg x1 a=2 | sp=- door_evts=1 dtg=7.34 region=1_27
ep=1184 s=86 6910ms [sel=0 cap=6802 rest=107] sg=3->3 mode=NONE win=8 obs=87 | cap=wip act=TURN request=-45deg execute=-15deg x1 a=2 | sp=- door_evts=1 dtg=7.34 region=1_27
ep=1184 s=87 10543ms [sel=63 cap=10381 rest=98] sg=3->3 mode=NONE win=8 obs=88 | cap=wip act=(320,360) d=2.68 a=3 | sp=frontier:active d=2.7 age=0 dtg=7.34 region=1_27
ep=1184 s=88 6289ms [sel=12 cap=6172 rest=104] sg=3->3 mode=NONE win=8 obs=89 | cap=wip act=(320,360) d=2.68 a=3 | sp=frontier:active d=2.7 age=1 dtg=7.34 region=1_27
ep=1184 s=89 4027ms [sel=9 cap=3914 rest=103] sg=3->3 mode=NONE win=8 obs=90 | cap=wip act=(320,360) d=2.68 a=1 | sp=frontier:active d=2.7 age=2 dtg=7.12 region=1_27
ep=1184 s=90 4378ms [sel=10 cap=4269 rest=99] sg=3->3 mode=NONE win=8 obs=91 | cap=wip act=(320,360) d=2.55 a=3 | sp=frontier:active d=2.6 age=3 dtg=7.12 region=1_27
ep=1184 s=91 6221ms [sel=15 cap=6100 rest=106] sg=3->3 mode=NONE win=8 obs=92 | cap=wip act=(320,360) d=2.55 a=1 | sp=frontier:active d=2.6 age=4 dtg=6.88 region=1_27
ep=1184 s=92 3514ms [sel=15 cap=3394 rest=105] sg=3->3 mode=NONE win=8 obs=93 | cap=wip act=(320,360) d=2.52 a=1 | sp=frontier:active d=2.5 age=5 dtg=6.64 region=1_27
ep=1184 s=93 9473ms [sel=4 cap=9361 rest=109] sg=3->3 mode=NONE win=8 obs=94 | cap=wip act=(320,360) d=2.50 a=1 | sp=frontier:active d=2.5 age=6 dtg=6.42 region=1_27
ep=1184 s=94 6791ms [sel=4 cap=6683 rest=105] sg=3->3 mode=NONE win=8 obs=95 | cap=wip act=(320,360) d=2.51 a=3 | sp=frontier:active d=2.5 age=7 dtg=6.42 region=1_27
ep=1184 s=95 8908ms [sel=57 cap=8370 rest=445] sg=3->3 mode=NONE win=8 obs=96 | cap=wip act=(160,180) d=4.72 a=3 | preview=view4/6 yaw=+75 render=35ms | sp=preview:active d=4.7 age=0 dtg=6.42 region=1_27
ep=1184 s=96 4963ms [sel=39 cap=4817 rest=108] sg=3->3 mode=NONE win=8 obs=97 | cap=wip act=(320,360) d=4.72 a=3 | sp=preview:active d=4.7 age=1 dtg=6.42 region=1_27
ep=1184 s=97 6626ms [sel=21 cap=6503 rest=102] sg=3->3 mode=NONE win=8 obs=98 | cap=wip act=(320,360) d=4.72 a=3 | sp=preview:active d=4.7 age=2 dtg=6.42 region=1_27
ep=1184 s=98 10372ms [sel=3 cap=10265 rest=104] sg=3->3 mode=NONE win=8 obs=99 | cap=wip act=(320,360) d=4.72 a=3 | sp=preview:active d=4.7 age=3 dtg=6.42 region=1_27
ep=1184 s=99 8459ms [sel=14 cap=8339 rest=106] sg=3->3 mode=NONE win=8 obs=100 | cap=wip act=(320,360) d=4.72 a=3 | sp=preview:active d=4.7 age=4 dtg=6.42 region=1_27
ep=1184 s=100 12629ms [sel=15 cap=12505 rest=109] sg=3->3 mode=NONE win=8 obs=101 | cap=wip act=(320,360) d=4.72 a=1 | sp=preview:active d=4.7 age=5 dtg=6.33 region=1_27
ep=1184 s=101 8451ms [sel=14 cap=8330 rest=107] sg=3->3 mode=NONE win=8 obs=102 | cap=wip act=(320,360) d=4.47 a=1 | sp=preview:active d=4.5 age=6 dtg=6.30 region=1_27
ep=1184 s=102 8811ms [sel=1961 cap=6742 rest=107] sg=3->4 mode=NONE win=8 obs=103 | cap=DONE act=(320,360) d=1.67 a=2 | sp=som:active d=1.7 age=0 som=4/8 dtg=6.30 region=1_27
ep=1184 s=103 5864ms [sel=5 cap=5749 rest=109] sg=4->4 mode=NONE win=8 obs=104 | cap=wip act=(320,360) d=1.67 a=1 | sp=som:active d=1.7 age=1 dtg=6.26 region=1_27
ep=1184 s=104 4015ms [sel=3 cap=3903 rest=110] sg=4->4 mode=NONE win=8 obs=105 | cap=wip act=(320,360) d=1.42 a=1 | sp=som:active d=1.4 age=2 dtg=6.27 region=1_27
ep=1184 s=105 8184ms [sel=4 cap=8065 rest=115] sg=4->4 mode=NONE win=8 obs=106 | cap=wip act=(320,360) d=1.19 a=1 | sp=som:active d=1.2 age=3 dtg=6.33 region=1_27
ep=1184 s=106 4933ms [sel=3 cap=4813 rest=117] sg=4->4 mode=NONE win=8 obs=107 | cap=wip act=(320,360) d=0.95 a=3 | sp=som:active d=1.0 age=4 dtg=6.33 region=1_27
ep=1184 s=107 7586ms [sel=3 cap=7463 rest=121] sg=4->4 mode=NONE win=8 obs=108 | cap=wip act=(320,360) d=0.95 a=1 | sp=som:active d=1.0 age=5 dtg=6.48 region=1_27
ep=1184 s=108 4421ms [sel=3 cap=4312 rest=107] sg=4->4 mode=NONE win=8 obs=109 | cap=wip act=(320,360) d=0.71 a=1 | sp=som:active d=0.7 age=6 dtg=6.64 region=1_27
ep=1184 s=109 7044ms [sel=2683 cap=4262 rest=99] sg=4->4 mode=NONE win=8 obs=110 | cap=wip act=(320,360) d=2.94 a=3 | sp=som:active d=2.9 age=0 som=2/8 dtg=6.64 region=1_27
ep=1184 s=110 6143ms [sel=16 cap=6019 rest=108] sg=4->4 mode=NONE win=8 obs=111 | cap=wip act=(320,360) d=2.94 a=1 | sp=som:active d=2.9 age=1 dtg=6.85 region=1_27
ep=1184 s=111 5042ms [sel=15 cap=4911 rest=116] sg=4->4 mode=NONE win=8 obs=112 | cap=wip act=(320,360) d=2.69 a=3 | sp=som:active d=2.7 age=2 dtg=6.85 region=1_27
ep=1184 s=112 4854ms [sel=10 cap=4716 rest=128] sg=4->4 mode=NONE win=8 obs=113 | cap=wip act=(320,360) d=2.69 a=1 | sp=som:active d=2.7 age=3 dtg=7.10 region=1_27
ep=1184 s=113 4209ms [sel=6 cap=4095 rest=108] sg=4->4 mode=NONE win=8 obs=114 | cap=wip act=(320,360) d=2.46 a=1 | sp=som:active d=2.5 age=4 dtg=7.34 region=1_0
ep=1184 s=114 6109ms [sel=3 cap=5999 rest=107] sg=4->4 mode=NONE win=8 obs=115 | cap=wip act=(320,360) d=2.24 a=1 | sp=som:active d=2.2 age=5 dtg=7.59 region=1_0
ep=1184 s=115 6049ms [sel=3 cap=5937 rest=109] sg=4->4 mode=NONE win=8 obs=116 | cap=wip act=(320,360) d=2.03 a=2 | sp=som:active d=2.0 age=6 dtg=7.59 region=1_0
ep=1184 s=116 6994ms [sel=3 cap=6878 rest=113] sg=4->4 mode=NONE win=8 obs=117 | cap=wip act=(320,360) d=2.03 a=1 | sp=som:active d=2.0 age=7 dtg=7.82 region=1_0
ep=1184 s=117 5579ms [sel=3 cap=5465 rest=111] sg=4->4 mode=NONE win=8 obs=118 | cap=wip act=(320,360) d=1.79 a=2 | sp=som:active d=1.8 age=8 dtg=7.82 region=1_0
ep=1184 s=118 6999ms [sel=3 cap=6878 rest=118] sg=4->4 mode=NONE win=8 obs=119 | cap=wip act=(320,360) d=1.79 a=1 | sp=som:active d=1.8 age=9 dtg=8.04 region=1_0
ep=1184 s=119 10155ms [sel=4 cap=10032 rest=119] sg=4->4 mode=NONE win=8 obs=120 | cap=wip act=(320,360) d=1.54 a=1 | sp=som:active d=1.5 age=10 dtg=8.27 region=1_0
ep=1184 s=120 5451ms [sel=3 cap=5320 rest=128] sg=4->4 mode=NONE win=8 obs=121 | cap=wip act=(320,360) d=1.29 a=1 | sp=som:active d=1.3 age=11 dtg=8.50 region=1_0
ep=1184 s=121 4937ms [sel=3 cap=4820 rest=114] sg=4->4 mode=NONE win=8 obs=122 | cap=wip act=(320,360) d=1.04 a=1 | sp=som:active d=1.0 age=12 dtg=8.75 region=1_0
ep=1184 s=122 8709ms [sel=4741 cap=3851 rest=117] sg=4->5 mode=NONE win=8 obs=123 | cap=DONE act=(320,360) d=2.52 a=2 | sp=som:active d=2.5 age=0 som=1/8 dtg=8.75 region=1_0
ep=1184 s=123 5297ms [sel=6 cap=5176 rest=115] sg=5->5 mode=NONE win=8 obs=124 | cap=wip act=(320,360) d=2.52 a=2 | sp=som:active d=2.5 age=1 dtg=8.75 region=1_0
ep=1184 s=124 4465ms [sel=4 cap=4334 rest=128] sg=5->5 mode=NONE win=8 obs=125 | cap=wip act=(320,360) d=2.52 a=2 | sp=som:active d=2.5 age=2 dtg=8.75 region=1_0
ep=1184 s=125 3958ms [sel=3 cap=3839 rest=116] sg=5->5 mode=NONE win=8 obs=126 | cap=wip act=(320,360) d=2.52 a=1 | sp=som:active d=2.5 age=3 dtg=8.90 region=1_0
ep=1184 s=126 7406ms [sel=3 cap=7288 rest=114] sg=5->5 mode=NONE win=8 obs=127 | cap=wip act=(320,360) d=2.27 a=3 | sp=som:active d=2.3 age=4 dtg=8.90 region=1_0
ep=1184 s=127 6126ms [sel=3 cap=6009 rest=114] sg=5->5 mode=NONE win=8 obs=128 | cap=wip act=(320,360) d=2.27 a=1 | sp=som:active d=2.3 age=5 dtg=9.11 region=1_0
ep=1184 s=128 7114ms [sel=4 cap=6998 rest=112] sg=5->5 mode=NONE win=8 obs=129 | cap=wip act=(320,360) d=2.02 a=1 | sp=som:active d=2.0 age=6 dtg=9.34 region=1_0
ep=1184 s=129 8570ms [sel=3 cap=8459 rest=108] sg=5->5 mode=NONE win=8 obs=130 | cap=wip act=(320,360) d=1.77 a=1 | sp=som:active d=1.8 age=7 dtg=9.58 region=1_0
ep=1184 s=130 5924ms [sel=3 cap=5814 rest=107] sg=5->5 mode=NONE win=8 obs=131 | cap=wip act=(320,360) d=1.52 a=1 | sp=som:active d=1.5 age=8 dtg=9.81 region=1_0
ep=1184 s=131 5444ms [sel=3 cap=5333 rest=107] sg=5->5 mode=NONE win=8 obs=132 | cap=wip act=(320,360) d=1.27 a=2 | sp=som:active d=1.3 age=9 dtg=9.81 region=1_0
ep=1184 s=132 4775ms [sel=3 cap=4665 rest=107] sg=5->5 mode=NONE win=8 obs=133 | cap=wip act=(320,360) d=1.27 a=1 | sp=som:active d=1.3 age=10 dtg=10.03 region=1_0
ep=1184 s=133 5567ms [sel=3 cap=5463 rest=101] sg=5->5 mode=NONE win=8 obs=134 | cap=wip act=(320,360) d=1.03 a=1 | sp=som:active d=1.0 age=11 dtg=10.26 region=1_0
ep=1184 s=134 6793ms [sel=3 cap=6691 rest=99] sg=5->5 mode=NONE win=8 obs=135 | cap=wip act=(320,360) d=0.80 a=3 | sp=som:active d=0.8 age=12 dtg=10.26 region=1_0
ep=1184 s=135 7152ms [sel=3 cap=7049 rest=101] sg=5->5 mode=NONE win=8 obs=136 | cap=wip act=(320,360) d=0.80 a=1 | sp=som:active d=0.8 age=13 dtg=10.51 region=1_0
ep=1184 s=136 5086ms [sel=3 cap=4980 rest=102] sg=5->5 mode=NONE win=8 obs=137 | cap=wip act=(320,360) d=0.55 a=1 | sp=som:active d=0.5 age=14 dtg=10.76 region=1_0
ep=1184 s=137 9791ms [sel=4062 cap=5628 rest=101] sg=5->5 mode=NONE win=8 obs=138 | cap=wip act=(320,360) d=2.95 a=2 | sp=frontier:active d=2.9 age=0 som=1/5 dtg=10.76 region=1_0
ep=1184 s=138 4642ms [sel=20 cap=4520 rest=102] sg=5->5 mode=NONE win=8 obs=139 | cap=wip act=(320,360) d=2.95 a=2 | sp=frontier:active d=2.9 age=1 dtg=10.76 region=1_0
ep=1184 s=139 6085ms [sel=20 cap=5956 rest=109] sg=5->5 mode=NONE win=8 obs=140 | cap=wip act=(320,360) d=2.95 a=2 | sp=frontier:active d=2.9 age=2 dtg=10.76 region=1_0
ep=1184 s=140 5991ms [sel=26 cap=5853 rest=112] sg=5->5 mode=NONE win=8 obs=141 | cap=wip act=(320,360) d=2.95 a=2 | sp=frontier:active d=2.9 age=3 dtg=10.76 region=1_0
ep=1184 s=141 5528ms [sel=19 cap=5400 rest=110] sg=5->5 mode=NONE win=8 obs=142 | cap=wip act=(320,360) d=2.95 a=2 | sp=frontier:active d=2.9 age=4 dtg=10.76 region=1_0
ep=1184 s=142 4821ms [sel=16 cap=4697 rest=108] sg=5->5 mode=NONE win=8 obs=143 | cap=wip act=(320,360) d=2.95 a=2 | sp=frontier:active d=2.9 age=5 dtg=10.76 region=1_0
ep=1184 s=143 6948ms [sel=11 cap=6833 rest=104] sg=5->5 mode=NONE win=8 obs=144 | cap=wip act=(320,360) d=2.95 a=2 | sp=frontier:active d=2.9 age=6 dtg=10.76 region=1_0
ep=1184 s=144 4079ms [sel=11 cap=3959 rest=110] sg=5->5 mode=NONE win=8 obs=145 | cap=wip act=(320,360) d=2.95 a=2 | sp=frontier:active d=2.9 age=7 dtg=10.76 region=1_0
ep=1184 s=145 7945ms [sel=16 cap=7815 rest=114] sg=5->5 mode=NONE win=8 obs=146 | cap=wip act=(320,360) d=2.95 a=1 | sp=frontier:active d=2.9 age=8 dtg=10.61 region=1_0
ep=1184 s=146 6590ms [sel=18 cap=6458 rest=115] sg=5->5 mode=NONE win=8 obs=147 | cap=wip act=(320,360) d=2.79 a=1 | sp=frontier:active d=2.8 age=9 dtg=10.49 region=1_0
ep=1184 s=147 8595ms [sel=21 cap=8463 rest=110] sg=5->5 mode=NONE win=8 obs=148 | cap=wip act=(320,360) d=2.65 a=1 | sp=frontier:active d=2.6 age=10 dtg=10.39 region=1_0
ep=1184 s=148 7524ms [sel=26 cap=7392 rest=105] sg=5->5 mode=NONE win=8 obs=149 | cap=wip act=(320,360) d=2.52 a=3 | sp=frontier:active d=2.5 age=11 dtg=10.39 region=1_0
ep=1184 s=149 6833ms [sel=25 cap=6696 rest=112] sg=5->5 mode=NONE win=8 obs=150 | cap=wip act=(320,360) d=2.52 a=3 | sp=frontier:active d=2.5 age=12 dtg=10.39 region=1_0
ep=1184 s=150 4329ms [sel=11 cap=4205 rest=114] sg=5->5 mode=NONE win=8 obs=151 | cap=wip act=(320,360) d=2.52 a=3 | sp=frontier:active d=2.5 age=13 dtg=10.39 region=1_0
ep=1184 s=151 9276ms [sel=1804 cap=7367 rest=104] sg=5->6 mode=NONE win=8 obs=152 | cap=DONE act=(320,360) d=0.93 a=1 | sp=som:active d=0.9 age=0 som=1/7 dtg=10.50 region=1_0
ep=1184 s=152 5280ms [sel=5 cap=5167 rest=108] sg=6->6 mode=NONE win=8 obs=153 | cap=wip act=(320,360) d=0.68 a=1 | sp=som:active d=0.7 age=1 dtg=10.67 region=1_14
ep=1184 s=153 12744ms [sel=5 cap=12205 rest=498] sg=6->None mode=NONE win=8 obs=154 | cap=DONE act=(320,360) d=1.00 a=1 | preview=view-/6 yaw=+0 render=36ms | sp=som:reached d=0.4 age=2 door_evts=2 dtg=10.88 region=1_14
ep=1184 s=154 124ms [sel=4 cap=0 rest=119] sg=None->None mode=NONE win=8 obs=155 | cap=- act=(320,360) d=1.00 a=1 | sp=som:reached d=0.4 age=3 door_evts=2 dtg=11.10 region=1_14
ep=1184 s=155 124ms [sel=5 cap=0 rest=120] sg=None->None mode=NONE win=8 obs=156 | cap=- act=(320,360) d=1.00 a=1 | sp=som:reached d=0.4 age=4 door_evts=2 dtg=11.34 region=1_14
ep=1184 s=156 117ms [sel=0 cap=0 rest=117] sg=None->None mode=NONE win=8 obs=157 | cap=- act=STOP | sp=som:reached d=0.4 age=5 door_evts=3 EVT=door@(-4.2,15.6)w1.10m@s153 dtg=11.34 region=1_14
rank=3 [12/20] id=1184 steps=157 success=0.000 spl=0.000 dtg=11.34 osr=0 path_length=20.53 ndtw=0.127 sdtw=0.000
PluginManager::Manager: duplicate static plugin StbImageImporter, ignoring
PluginManager::Manager: duplicate static plugin GltfImporter, ignoring
PluginManager::Manager: duplicate static plugin BasisImporter, ignoring
PluginManager::Manager: duplicate static plugin AssimpImporter, ignoring
PluginManager::Manager: duplicate static plugin AnySceneImporter, ignoring
PluginManager::Manager: duplicate static plugin AnyImageImporter, ignoring
episode=1224 instruction='Walk forward and turn left towards the three stairs to enter the house. Walk forward towards the glass door on the very left corner, and stop there. ' start_position=[4.621359825134277, -1.309366226196289, 25.505300521850586] goal_position=[-3.031630039215088, -0.535740852355957, 15.473799705505371] reference_geodesic=13.924222946166992
episode=1224 prepared_subgoals=3
  [1] Walk forward toward the glass door on the very left corner until the next instructed route stage begins
      proof: The glass door on the very left corner is visible nearby and the camera is positioned to begin the next instructed route stage.
  [2] Turn left until the glass door on the very left corner is centered ahead, then walk forward towards the glass door on the very left corner
      proof: The glass door is directly ahead of the camera, within a step.
  [3] Stop beside the glass door
      proof: The camera is stationary beside the glass door, which fills the central view
ep=1224 s=0 11473ms [sel=37 cap=10945 rest=456] sg=1->1 mode=NONE win=1 obs=1 | cap=wip act=(160,180) d=5.59 a=1 | preview=view2/6 yaw=+0 render=35ms | sp=preview:active d=5.6 age=0 dtg=13.93 region=0_11
ep=1224 s=1 6718ms [sel=4 cap=6616 rest=98] sg=1->1 mode=NONE win=2 obs=2 | cap=wip act=(320,360) d=5.34 a=1 | sp=preview:active d=5.3 age=1 dtg=13.95 region=0_11
ep=1224 s=2 7161ms [sel=13 cap=7054 rest=95] sg=1->1 mode=NONE win=3 obs=3 | cap=wip act=(320,360) d=5.09 a=1 | sp=preview:active d=5.1 age=2 dtg=13.97 region=0_11
ep=1224 s=3 8027ms [sel=8 cap=7449 rest=535] sg=1->1 mode=NONE win=4 obs=4 | cap=wip act=(320,360) d=4.85 a=1 | preview=view-/6 yaw=+0 render=34ms | sp=preview:active d=4.8 age=3 dtg=14.01 region=0_11
ep=1224 s=4 5486ms [sel=3 cap=5389 rest=94] sg=1->1 mode=NONE win=5 obs=5 | cap=wip act=(320,360) d=4.60 a=3 | sp=preview:active d=4.6 age=4 dtg=14.01 region=0_11
ep=1224 s=5 6364ms [sel=3 cap=6269 rest=92] sg=1->1 mode=NONE win=6 obs=6 | cap=wip act=(320,360) d=4.60 a=1 | sp=preview:active d=4.6 age=5 dtg=13.99 region=0_11
ep=1224 s=6 6577ms [sel=3 cap=6483 rest=92] sg=1->1 mode=NONE win=7 obs=7 | cap=wip act=(320,360) d=4.35 a=1 | sp=preview:active d=4.3 age=6 dtg=13.98 region=0_11
ep=1224 s=7 6297ms [sel=3 cap=6200 rest=94] sg=1->1 mode=NONE win=8 obs=8 | cap=wip act=(320,360) d=4.10 a=1 | sp=preview:active d=4.1 age=7 dtg=13.90 region=0_11
ep=1224 s=8 6368ms [sel=7 cap=6269 rest=92] sg=1->1 mode=NONE win=8 obs=9 | cap=wip act=(320,360) d=3.86 a=1 | sp=preview:active d=3.9 age=8 dtg=13.92 region=0_11
ep=1224 s=9 7391ms [sel=7 cap=6850 rest=494] sg=1->1 mode=NONE win=8 obs=10 | cap=wip act=(320,360) d=3.61 a=1 | preview=view-/6 yaw=+0 render=41ms | sp=preview:active d=3.6 age=9 dtg=13.94 region=0_11
ep=1224 s=10 7814ms [sel=3 cap=7719 rest=92] sg=1->1 mode=NONE win=8 obs=11 | cap=wip act=(320,360) d=3.36 a=1 | sp=preview:active d=3.4 age=10 dtg=13.97 region=0_11
ep=1224 s=11 6855ms [sel=3 cap=6744 rest=108] sg=1->1 mode=NONE win=8 obs=12 | cap=wip act=(320,360) d=3.12 a=1 | sp=preview:active d=3.1 age=11 dtg=14.01 region=0_11
ep=1224 s=12 8607ms [sel=2466 cap=6045 rest=96] sg=1->1 mode=NONE win=8 obs=13 | cap=wip act=(320,360) d=2.95 a=1 | sp=som:active d=2.9 age=0 som=3/7 dtg=14.06 region=0_11
ep=1224 s=13 7749ms [sel=3 cap=7654 rest=92] sg=1->1 mode=NONE win=8 obs=14 | cap=wip act=(320,360) d=2.70 a=1 | sp=som:active d=2.7 age=1 dtg=14.12 region=0_11
ep=1224 s=14 6903ms [sel=3 cap=6809 rest=91] sg=1->1 mode=NONE win=8 obs=15 | cap=wip act=(320,360) d=2.45 a=1 | sp=som:active d=2.4 age=2 dtg=14.19 region=0_11
ep=1224 s=15 5618ms [sel=3 cap=5524 rest=91] sg=1->1 mode=NONE win=8 obs=16 | cap=wip act=(320,360) d=2.20 a=1 | sp=som:active d=2.2 age=3 dtg=14.26 region=0_11
ep=1224 s=16 9529ms [sel=24 cap=9019 rest=449] sg=1->1 mode=NONE win=8 obs=17 | cap=wip act=(160,180) d=2.86 a=1 | preview=view4/6 yaw=+45 render=37ms | sp=preview:active d=2.9 age=0 dtg=14.35 region=0_11
ep=1224 s=17 6585ms [sel=4 cap=6462 rest=119] sg=1->1 mode=NONE win=8 obs=18 | cap=wip act=(320,360) d=2.61 a=1 | sp=preview:active d=2.6 age=1 dtg=14.44 region=0_11
ep=1224 s=18 4388ms [sel=3 cap=4292 rest=93] sg=1->1 mode=NONE win=8 obs=19 | cap=wip act=(320,360) d=2.37 a=1 | sp=preview:active d=2.4 age=2 dtg=14.54 region=0_11
ep=1224 s=19 3258ms [sel=3 cap=3161 rest=94] sg=1->1 mode=NONE win=8 obs=20 | cap=wip act=(320,360) d=2.13 a=1 | sp=preview:active d=2.1 age=3 dtg=14.65 region=0_11
ep=1224 s=20 7078ms [sel=3 cap=6982 rest=93] sg=1->1 mode=NONE win=8 obs=21 | cap=wip act=(320,360) d=1.89 a=1 | sp=preview:active d=1.9 age=4 dtg=14.76 region=0_11
ep=1224 s=21 6593ms [sel=3 cap=6501 rest=89] sg=1->1 mode=NONE win=8 obs=22 | cap=wip act=(320,360) d=1.66 a=3 | sp=preview:active d=1.7 age=5 dtg=14.76 region=0_11
ep=1224 s=22 3744ms [sel=3 cap=3649 rest=92] sg=1->1 mode=NONE win=8 obs=23 | cap=wip act=(320,360) d=1.66 a=1 | sp=preview:active d=1.7 age=6 dtg=14.83 region=0_11
ep=1224 s=23 9839ms [sel=3 cap=9744 rest=92] sg=1->1 mode=NONE win=8 obs=24 | cap=wip act=(320,360) d=1.41 a=3 | sp=preview:active d=1.4 age=7 dtg=14.83 region=0_11
ep=1224 s=24 7979ms [sel=3 cap=7483 rest=459] sg=1->1 mode=NONE win=8 obs=25 | cap=wip act=(320,360) d=1.41 a=1 | preview=view-/6 yaw=+0 render=35ms | sp=preview:active d=1.4 age=8 dtg=14.83 region=0_11
ep=1224 s=25 6247ms [sel=3 cap=6152 rest=92] sg=1->1 mode=NONE win=8 obs=26 | cap=wip act=(320,360) d=1.16 a=1 | sp=preview:active d=1.2 age=9 dtg=14.84 region=0_11
ep=1224 s=26 10279ms [sel=3 cap=10184 rest=93] sg=1->1 mode=NONE win=8 obs=27 | cap=wip act=(320,360) d=0.91 a=1 | sp=preview:active d=0.9 age=10 dtg=14.87 region=0_11
ep=1224 s=27 9823ms [sel=45 cap=9312 rest=431] sg=1->1 mode=NONE win=8 obs=28 | cap=wip act=(160,180) d=3.71 a=3 | preview=view5/6 yaw=+90 render=35ms | sp=preview:active d=3.7 age=0 dtg=14.87 region=0_11
ep=1224 s=28 6415ms [sel=17 cap=6301 rest=96] sg=1->1 mode=NONE win=8 obs=29 | cap=wip act=(320,360) d=3.71 a=3 | sp=preview:active d=3.7 age=1 dtg=14.87 region=0_11
ep=1224 s=29 5544ms [sel=3 cap=5442 rest=99] sg=1->1 mode=NONE win=8 obs=30 | cap=wip act=(320,360) d=3.71 a=3 | sp=preview:active d=3.7 age=2 dtg=14.87 region=0_11
ep=1224 s=30 6344ms [sel=3 cap=6237 rest=104] sg=1->1 mode=NONE win=8 obs=31 | cap=wip act=(320,360) d=3.71 a=1 | sp=preview:active d=3.7 age=3 dtg=14.71 region=0_11
ep=1224 s=31 8323ms [sel=3 cap=8213 rest=107] sg=1->1 mode=NONE win=8 obs=32 | cap=wip act=(320,360) d=3.47 a=3 | sp=preview:active d=3.5 age=4 dtg=14.71 region=0_11
ep=1224 s=32 5154ms [sel=3 cap=5042 rest=109] sg=1->1 mode=NONE win=8 obs=33 | cap=wip act=(320,360) d=3.47 a=1 | sp=preview:active d=3.5 age=5 dtg=14.51 region=0_11
ep=1224 s=33 3891ms [sel=3 cap=3782 rest=106] sg=1->1 mode=NONE win=8 obs=34 | cap=wip act=(320,360) d=3.22 a=1 | sp=preview:active d=3.2 age=6 dtg=14.32 region=0_11
ep=1224 s=34 4751ms [sel=3 cap=4639 rest=109] sg=1->1 mode=NONE win=8 obs=35 | cap=wip act=(320,360) d=2.97 a=1 | sp=preview:active d=3.0 age=7 dtg=13.91 region=0_11
ep=1224 s=35 6529ms [sel=3 cap=6422 rest=105] sg=1->1 mode=NONE win=8 obs=36 | cap=wip act=(320,360) d=2.72 a=1 | sp=preview:active d=2.7 age=8 dtg=13.70 region=0_11
ep=1224 s=36 9032ms [sel=3 cap=8925 rest=105] sg=1->1 mode=NONE win=8 obs=37 | cap=wip act=(320,360) d=2.47 a=1 | sp=preview:active d=2.5 age=9 dtg=13.49 region=0_11
ep=1224 s=37 5636ms [sel=3 cap=5527 rest=106] sg=1->1 mode=NONE win=8 obs=38 | cap=wip act=(320,360) d=2.22 a=1 | sp=preview:active d=2.2 age=10 dtg=13.29 region=0_11
ep=1224 s=38 4303ms [sel=3 cap=4195 rest=105] sg=1->1 mode=NONE win=8 obs=39 | cap=wip act=(320,360) d=1.97 a=1 | sp=preview:active d=2.0 age=11 dtg=13.08 region=0_11
ep=1224 s=39 6576ms [sel=3 cap=6464 rest=109] sg=1->1 mode=NONE win=8 obs=40 | cap=wip act=(320,360) d=1.72 a=1 | sp=preview:active d=1.7 age=12 dtg=12.87 region=0_11
ep=1224 s=40 5027ms [sel=3 cap=4920 rest=105] sg=1->1 mode=NONE win=8 obs=41 | cap=wip act=(320,360) d=1.47 a=1 | sp=preview:active d=1.5 age=13 dtg=12.67 region=0_11
ep=1224 s=41 9862ms [sel=2499 cap=7258 rest=105] sg=1->1 mode=NONE win=8 obs=42 | cap=wip act=(320,360) d=3.00 a=1 | sp=som:active d=3.0 age=0 som=3/8 dtg=12.48 region=0_11
ep=1224 s=42 11495ms [sel=43 cap=10947 rest=469] sg=1->1 mode=NONE win=8 obs=43 | cap=wip act=(160,180) d=3.11 a=3 | preview=view5/6 yaw=+90 render=36ms | sp=preview:active d=3.1 age=0 dtg=12.48 region=0_11
ep=1224 s=43 6775ms [sel=20 cap=6643 rest=112] sg=1->1 mode=NONE win=8 obs=44 | cap=wip act=(320,360) d=3.11 a=3 | sp=preview:active d=3.1 age=1 dtg=12.48 region=0_11
ep=1224 s=44 8266ms [sel=0 cap=8145 rest=121] sg=1->2 mode=NONE win=8 obs=45 | cap=DONE act=TURN request=-45deg execute=-15deg x1 a=2 | sp=preview:active d=3.1 age=2 dtg=12.48 region=0_11
ep=1224 s=45 4828ms [sel=0 cap=4718 rest=110] sg=2->2 mode=TURN_OSCILLATION win=8 obs=46 | cap=wip/TURN_OSCILLATION act=TURN request=-45deg execute=-15deg x1 a=2 dtg=12.48 region=0_11
ep=1224 s=46 6192ms [sel=0 cap=6080 rest=112] sg=2->2 mode=NONE win=8 obs=47 | cap=wip act=TURN request=-45deg execute=-15deg x1 a=2 dtg=12.48 region=0_11
ep=1224 s=47 7377ms [sel=0 cap=7272 rest=105] sg=2->2 mode=NONE win=8 obs=48 | cap=wip act=TURN request=-45deg execute=-15deg x1 a=2 dtg=12.48 region=0_11
ep=1224 s=48 9331ms [sel=4987 cap=4243 rest=101] sg=2->2 mode=NONE win=8 obs=49 | cap=wip act=(320,360) d=2.98 a=2 | sp=som:active d=3.0 age=0 som=2/8 dtg=12.48 region=0_11
ep=1224 s=49 5445ms [sel=3 cap=5346 rest=97] sg=2->2 mode=NONE win=8 obs=50 | cap=wip act=(320,360) d=2.98 a=2 | sp=som:active d=3.0 age=1 dtg=12.48 region=0_11
ep=1224 s=50 5777ms [sel=3 cap=5680 rest=94] sg=2->2 mode=NONE win=8 obs=51 | cap=wip act=(320,360) d=2.98 a=1 | sp=som:active d=3.0 age=2 dtg=12.52 region=0_11
ep=1224 s=51 5126ms [sel=5 cap=5023 rest=97] sg=2->2 mode=NONE win=8 obs=52 | cap=wip act=(320,360) d=2.73 a=2 | sp=som:active d=2.7 age=3 dtg=12.52 region=0_11
ep=1224 s=52 5636ms [sel=3 cap=5528 rest=105] sg=2->2 mode=NONE win=8 obs=53 | cap=wip act=(320,360) d=2.73 a=1 | sp=som:active d=2.7 age=4 dtg=12.63 region=0_11
ep=1224 s=53 4361ms [sel=3 cap=4264 rest=93] sg=2->2 mode=NONE win=8 obs=54 | cap=wip act=(320,360) d=2.48 a=3 | sp=som:active d=2.5 age=5 dtg=12.63 region=0_11
ep=1224 s=54 6850ms [sel=3 cap=6750 rest=97] sg=2->2 mode=NONE win=8 obs=55 | cap=wip act=(320,360) d=2.48 a=1 | sp=som:active d=2.5 age=6 dtg=12.69 region=0_11
ep=1224 s=55 10031ms [sel=57 cap=9481 rest=457] sg=2->2 mode=NONE win=8 obs=56 | cap=wip act=(160,180) d=5.23 a=3 | preview=view5/6 yaw=+90 render=36ms | sp=preview:active d=5.2 age=0 dtg=12.69 region=0_11
ep=1224 s=56 2854ms [sel=41 cap=2718 rest=95] sg=2->2 mode=NONE win=8 obs=57 | cap=wip act=(320,360) d=5.23 a=3 | sp=preview:active d=5.2 age=1 dtg=12.69 region=0_11
ep=1224 s=57 4673ms [sel=40 cap=4528 rest=104] sg=2->2 mode=NONE win=8 obs=58 | cap=wip act=(320,360) d=5.23 a=3 | sp=preview:active d=5.2 age=2 dtg=12.69 region=0_11
ep=1224 s=58 3298ms [sel=41 cap=3153 rest=103] sg=2->2 mode=NONE win=8 obs=59 | cap=wip act=(320,360) d=5.23 a=3 | sp=preview:active d=5.2 age=3 dtg=12.69 region=0_11
ep=1224 s=59 5022ms [sel=41 cap=4872 rest=109] sg=2->2 mode=NONE win=8 obs=60 | cap=wip act=(320,360) d=5.23 a=3 | sp=preview:active d=5.2 age=4 dtg=12.69 region=0_11
ep=1224 s=60 5761ms [sel=5 cap=5645 rest=111] sg=2->2 mode=NONE win=8 obs=61 | cap=wip act=(320,360) d=5.23 a=3 | sp=preview:active d=5.2 age=5 dtg=12.69 region=0_11
ep=1224 s=61 4321ms [sel=6 cap=4204 rest=110] sg=2->2 mode=NONE win=8 obs=62 | cap=wip act=(320,360) d=5.23 a=3 | sp=preview:active d=5.2 age=6 dtg=12.69 region=0_11
ep=1224 s=62 5293ms [sel=5 cap=5168 rest=119] sg=2->2 mode=NONE win=8 obs=63 | cap=wip act=(320,360) d=5.23 a=1 | sp=preview:active d=5.2 age=7 dtg=12.44 region=0_11
ep=1224 s=63 9405ms [sel=2345 cap=6912 rest=148] sg=2->3 mode=NONE win=8 obs=64 | cap=DONE act=(320,360) d=3.00 a=2 | sp=som:active d=3.0 age=0 som=1/8 dtg=12.44 region=0_11
ep=1224 s=64 4968ms [sel=3 cap=4855 rest=110] sg=3->3 mode=NONE win=8 obs=65 | cap=wip act=(320,360) d=3.00 a=2 | sp=som:active d=3.0 age=1 dtg=12.44 region=0_11
ep=1224 s=65 16794ms [sel=3 cap=16294 rest=463] sg=3->3 mode=NONE win=8 obs=66 | cap=wip act=(320,360) d=3.00 a=2 | preview=view-/6 yaw=+0 render=35ms | sp=som:active d=3.0 age=2 dtg=12.44 region=0_11
ep=1224 s=66 9109ms [sel=3 cap=9002 rest=104] sg=3->3 mode=NONE win=8 obs=67 | cap=wip act=(320,360) d=3.00 a=1 | sp=som:active d=3.0 age=3 dtg=12.26 region=0_11
ep=1224 s=67 6133ms [sel=3 cap=6025 rest=105] sg=3->3 mode=NONE win=8 obs=68 | cap=wip act=(320,360) d=2.76 a=1 | sp=som:active d=2.8 age=4 dtg=12.09 region=0_11
ep=1224 s=68 20648ms [sel=3 cap=20139 rest=469] sg=3->3 mode=NONE win=8 obs=69 | cap=wip act=(320,360) d=2.51 a=1 | preview=view-/6 yaw=+0 render=36ms | sp=som:active d=2.5 age=5 dtg=11.93 region=0_11
ep=1224 s=69 11462ms [sel=3 cap=11353 rest=106] sg=3->3 mode=NONE win=8 obs=70 | cap=wip act=(320,360) d=2.27 a=1 | sp=som:active d=2.3 age=6 dtg=11.78 region=0_11
ep=1224 s=70 12566ms [sel=3 cap=12458 rest=106] sg=3->3 mode=NONE win=8 obs=71 | cap=wip act=(320,360) d=2.03 a=1 | sp=som:active d=2.0 age=7 dtg=11.63 region=0_11
ep=1224 s=71 19636ms [sel=3 cap=19124 rest=474] sg=3->3 mode=NONE win=8 obs=72 | cap=wip act=(320,360) d=1.79 a=1 | preview=view-/6 yaw=+0 render=35ms | sp=som:active d=1.8 age=8 dtg=11.49 region=0_11
ep=1224 s=72 9682ms [sel=3 cap=9571 rest=108] sg=3->3 mode=NONE win=8 obs=73 | cap=wip act=(320,360) d=1.55 a=3 | sp=som:active d=1.6 age=9 dtg=11.49 region=0_11
ep=1224 s=73 5083ms [sel=3 cap=4969 rest=111] sg=3->3 mode=NONE win=8 obs=74 | cap=wip act=(320,360) d=1.55 a=1 | sp=som:active d=1.6 age=10 dtg=11.31 region=0_11
ep=1224 s=74 5902ms [sel=3 cap=5787 rest=112] sg=3->3 mode=NONE win=8 obs=75 | cap=wip act=(320,360) d=1.30 a=1 | sp=som:active d=1.3 age=11 dtg=11.13 region=0_11
ep=1224 s=75 4587ms [sel=3 cap=4355 rest=230] sg=3->3 mode=NONE win=8 obs=76 | cap=wip act=(320,360) d=1.05 a=1 | sp=som:active d=1.1 age=12 dtg=11.13 region=0_11
ep=1224 s=76 14311ms [sel=3 cap=13794 rest=480] sg=3->3 mode=NONE win=8 obs=77 | cap=wip act=(320,360) d=0.81 a=1 | preview=view-/6 yaw=+0 render=35ms | sp=som:active d=0.8 age=13 dtg=10.97 region=0_11
ep=1224 s=77 7168ms [sel=3 cap=7048 rest=116] sg=3->3 mode=NONE win=8 obs=78 | cap=wip act=(320,360) d=0.57 a=3 | sp=som:active d=0.6 age=14 dtg=10.97 region=0_11
ep=1224 s=78 7786ms [sel=3 cap=7672 rest=111] sg=3->3 mode=NONE win=8 obs=79 | cap=wip act=(320,360) d=0.57 a=1 | sp=som:active d=0.6 age=15 dtg=10.77 region=0_11
ep=1224 s=79 12655ms [sel=89 cap=12054 rest=476] sg=3->3 mode=NONE win=8 obs=80 | cap=wip act=(320,360) d=6.29 a=3 | preview=view-/6 yaw=+0 render=35ms | sp=frontier:active d=6.3 age=0 dtg=10.77 region=0_11
ep=1224 s=80 6867ms [sel=42 cap=6711 rest=113] sg=3->3 mode=NONE win=8 obs=81 | cap=wip act=(320,360) d=6.29 a=3 | sp=frontier:active d=6.3 age=1 dtg=10.77 region=0_11
ep=1224 s=81 4491ms [sel=41 cap=4337 rest=113] sg=3->3 mode=NONE win=8 obs=82 | cap=wip act=(320,360) d=6.29 a=3 | sp=frontier:active d=6.3 age=2 dtg=10.77 region=0_11
ep=1224 s=82 13443ms [sel=5 cap=12929 rest=474] sg=3->None mode=NONE win=8 obs=83 | cap=DONE act=(320,360) d=1.00 a=1 | preview=view-/6 yaw=+0 render=35ms | sp=frontier:active d=6.3 age=3 dtg=10.52 region=0_11
ep=1224 s=83 117ms [sel=4 cap=0 rest=113] sg=None->None mode=NONE win=8 obs=84 | cap=- act=(320,360) d=1.00 a=1 | sp=frontier:active d=6.1 age=4 dtg=10.28 region=0_11
ep=1224 s=84 116ms [sel=4 cap=0 rest=111] sg=None->None mode=NONE win=8 obs=85 | cap=- act=(320,360) d=1.00 a=1 | sp=frontier:active d=5.9 age=5 dtg=10.03 region=0_11
ep=1224 s=85 112ms [sel=0 cap=0 rest=112] sg=None->None mode=NONE win=8 obs=86 | cap=- act=STOP | sp=frontier:active d=5.7 age=6 dtg=10.03 region=0_11
rank=3 [13/20] id=1224 steps=86 success=0.000 spl=0.000 dtg=10.03 osr=0 path_length=13.30 ndtw=0.157 sdtw=0.000
PluginManager::Manager: duplicate static plugin StbImageImporter, ignoring
PluginManager::Manager: duplicate static plugin GltfImporter, ignoring
PluginManager::Manager: duplicate static plugin BasisImporter, ignoring
PluginManager::Manager: duplicate static plugin AssimpImporter, ignoring
PluginManager::Manager: duplicate static plugin AnySceneImporter, ignoring
PluginManager::Manager: duplicate static plugin AnyImageImporter, ignoring
episode=1265 instruction='Turn left on the second arch. Turn left. Pass the kitchen. Wait near the fireplace. ' start_position=[12.147899627685547, 0.12711000442504883, 4.2323198318481445] goal_position=[0.04092890024185181, 0.12711000442504883, 1.0015300512313843] reference_geodesic=12.795890808105469
episode=1265 prepared_subgoals=2
  [1] Turn left at the second arch, then turn left until the kitchen is centered ahead, then pass the kitchen
      proof: The kitchen is directly ahead and the camera has passed its threshold, with the kitchen interior visible behind.
  [2] Wait near the fireplace
      proof: The fireplace is directly beside or ahead of the camera, within a step, and the camera is stationary
ep=1265 s=0 14288ms [sel=0 cap=13725 rest=524] sg=1->1 mode=NONE win=1 obs=1 | cap=wip act=TURN request=-45deg execute=-15deg x1 a=2 | preview=view-/6 yaw=+0 render=39ms dtg=12.80 region=0_1
ep=1265 s=1 13105ms [sel=0 cap=12969 rest=136] sg=1->1 mode=NONE win=2 obs=2 | cap=wip act=TURN request=-45deg execute=-15deg x1 a=2 dtg=12.80 region=0_1
ep=1265 s=2 7348ms [sel=0 cap=7224 rest=124] sg=1->1 mode=NONE win=3 obs=3 | cap=wip act=TURN request=-45deg execute=-15deg x1 a=2 dtg=12.80 region=0_1
ep=1265 s=3 11195ms [sel=0 cap=11075 rest=121] sg=1->1 mode=NONE win=4 obs=4 | cap=wip act=TURN request=-45deg execute=-15deg x1 a=2 dtg=12.80 region=0_1
ep=1265 s=4 7461ms [sel=0 cap=7343 rest=117] sg=1->1 mode=NONE win=5 obs=5 | cap=wip act=TURN request=-45deg execute=-15deg x1 a=2 dtg=12.80 region=0_1
ep=1265 s=5 10135ms [sel=4668 cap=5344 rest=123] sg=1->1 mode=NONE win=6 obs=6 | cap=wip act=(320,360) d=3.23 a=3 | sp=som:active d=3.2 age=0 som=4/8 dtg=12.80 region=0_1
ep=1265 s=6 7294ms [sel=3 cap=7170 rest=121] sg=1->1 mode=NONE win=7 obs=7 | cap=wip act=(320,360) d=3.23 a=3 | sp=som:active d=3.2 age=1 dtg=12.80 region=0_1
ep=1265 s=7 9200ms [sel=3 cap=9076 rest=121] sg=1->1 mode=NONE win=8 obs=8 | cap=wip act=(320,360) d=3.23 a=1 | sp=som:active d=3.2 age=2 dtg=12.84 region=0_1
ep=1265 s=8 5602ms [sel=3 cap=5478 rest=122] sg=1->1 mode=NONE win=8 obs=9 | cap=wip act=(320,360) d=3.02 a=3 | sp=som:active d=3.0 age=3 dtg=12.84 region=0_1
ep=1265 s=9 6032ms [sel=6 cap=5903 rest=123] sg=1->1 mode=NONE win=8 obs=10 | cap=wip act=(320,360) d=3.02 a=1 | sp=som:active d=3.0 age=4 dtg=12.83 region=0_1
ep=1265 s=10 4763ms [sel=10 cap=4631 rest=122] sg=1->1 mode=NONE win=8 obs=11 | cap=wip act=(320,360) d=2.87 a=3 | sp=som:active d=2.9 age=5 dtg=12.83 region=0_1
ep=1265 s=11 8318ms [sel=14 cap=8181 rest=123] sg=1->1 mode=NONE win=8 obs=12 | cap=wip act=(320,360) d=2.87 a=1 | sp=som:active d=2.9 age=6 dtg=12.77 region=0_1
ep=1265 s=12 7740ms [sel=17 cap=7599 rest=124] sg=1->1 mode=NONE win=8 obs=13 | cap=wip act=(320,360) d=2.80 a=1 | sp=som:active d=2.8 age=7 dtg=12.73 region=0_1
ep=1265 s=13 5124ms [sel=27 cap=4971 rest=126] sg=1->1 mode=NONE win=8 obs=14 | cap=wip act=(320,360) d=2.75 a=2 | sp=som:active d=2.7 age=8 dtg=12.73 region=0_1
ep=1265 s=14 8914ms [sel=14 cap=8782 rest=118] sg=1->1 mode=NONE win=8 obs=15 | cap=wip act=(320,360) d=2.75 a=2 | sp=som:active d=2.7 age=9 dtg=12.73 region=0_1
ep=1265 s=15 8726ms [sel=10 cap=8597 rest=118] sg=1->1 mode=NONE win=8 obs=16 | cap=wip act=(320,360) d=2.75 a=1 | sp=som:active d=2.7 age=10 dtg=12.85 region=0_2
ep=1265 s=16 6037ms [sel=11 cap=5910 rest=116] sg=1->1 mode=NONE win=8 obs=17 | cap=wip act=(320,360) d=2.60 a=2 | sp=som:active d=2.6 age=11 dtg=12.85 region=0_2
ep=1265 s=17 7507ms [sel=3 cap=6973 rest=493] sg=1->1 mode=NONE win=8 obs=18 | cap=wip act=(320,360) d=2.60 a=1 | preview=view-/6 yaw=+0 render=38ms | sp=som:active d=2.6 age=12 dtg=13.04 region=0_2
ep=1265 s=18 6618ms [sel=4 cap=6498 rest=116] sg=1->1 mode=NONE win=8 obs=19 | cap=wip act=(320,360) d=2.41 a=2 | sp=som:active d=2.4 age=13 dtg=13.04 region=0_2
ep=1265 s=19 6416ms [sel=3 cap=6294 rest=119] sg=1->1 mode=NONE win=8 obs=20 | cap=wip act=(320,360) d=2.41 a=1 | sp=som:active d=2.4 age=14 dtg=13.27 region=0_1
ep=1265 s=20 8846ms [sel=3 cap=8303 rest=502] sg=1->1 mode=NONE win=8 obs=21 | cap=wip act=(320,360) d=2.19 a=1 | preview=view-/6 yaw=+0 render=39ms | sp=som:active d=2.2 age=15 dtg=13.50 region=0_1
ep=1265 s=21 9041ms [sel=3 cap=8923 rest=116] sg=1->1 mode=NONE win=8 obs=22 | cap=wip act=(320,360) d=1.98 a=2 | sp=som:active d=2.0 age=16 dtg=13.50 region=0_1
ep=1265 s=22 7161ms [sel=3 cap=7039 rest=120] sg=1->1 mode=NONE win=8 obs=23 | cap=wip act=(320,360) d=1.98 a=1 | sp=som:active d=2.0 age=17 dtg=13.75 region=0_1
ep=1265 s=23 6267ms [sel=3 cap=5708 rest=518] sg=1->1 mode=NONE win=8 obs=24 | cap=wip act=(320,360) d=1.75 a=1 | preview=view-/6 yaw=+0 render=37ms | sp=som:active d=1.8 age=18 dtg=14.00 region=0_1
ep=1265 s=24 8236ms [sel=3 cap=8112 rest=122] sg=1->1 mode=NONE win=8 obs=25 | cap=wip act=(320,360) d=1.52 a=2 | sp=som:active d=1.5 age=19 dtg=14.00 region=0_1
ep=1265 s=25 7534ms [sel=3 cap=7410 rest=121] sg=1->1 mode=NONE win=8 obs=26 | cap=wip act=(320,360) d=1.52 a=1 | sp=som:active d=1.5 age=20 dtg=14.25 region=0_1
ep=1265 s=26 15461ms [sel=21 cap=14900 rest=502] sg=1->1 mode=NONE win=8 obs=27 | cap=wip act=(160,180) d=3.43 a=1 | preview=view2/6 yaw=-30 render=37ms | sp=preview:active d=3.4 age=0 dtg=14.49 region=0_1
ep=1265 s=27 5150ms [sel=3 cap=5024 rest=123] sg=1->1 mode=NONE win=8 obs=28 | cap=wip act=(320,360) d=3.19 a=1 | sp=preview:active d=3.2 age=1 dtg=14.74 region=0_1
ep=1265 s=28 7595ms [sel=3 cap=7471 rest=121] sg=1->1 mode=NONE win=8 obs=29 | cap=wip act=(320,360) d=2.95 a=1 | sp=preview:active d=3.0 age=2 dtg=14.99 region=0_1
ep=1265 s=29 6243ms [sel=3 cap=6117 rest=123] sg=1->1 mode=NONE win=8 obs=30 | cap=wip act=(320,360) d=2.71 a=2 | sp=preview:active d=2.7 age=3 dtg=14.99 region=0_1
ep=1265 s=30 9566ms [sel=3 cap=9444 rest=120] sg=1->1 mode=NONE win=8 obs=31 | cap=wip act=(320,360) d=2.71 a=1 | sp=preview:active d=2.7 age=4 dtg=15.22 region=0_1
ep=1265 s=31 5852ms [sel=3 cap=5730 rest=119] sg=1->1 mode=NONE win=8 obs=32 | cap=wip act=(320,360) d=2.47 a=1 | sp=preview:active d=2.5 age=5 dtg=15.45 region=0_1
ep=1265 s=32 4686ms [sel=3 cap=4564 rest=120] sg=1->1 mode=NONE win=8 obs=33 | cap=wip act=(320,360) d=2.22 a=1 | sp=preview:active d=2.2 age=6 dtg=15.68 region=0_1
ep=1265 s=33 8868ms [sel=22 cap=8312 rest=494] sg=1->1 mode=NONE win=8 obs=34 | cap=wip act=(160,180) d=3.44 a=1 | preview=view3/6 yaw=+0 render=40ms | sp=preview:active d=3.4 age=0 dtg=15.92 region=0_1
ep=1265 s=34 6221ms [sel=3 cap=6092 rest=126] sg=1->1 mode=NONE win=8 obs=35 | cap=wip act=(320,360) d=3.19 a=3 | sp=preview:active d=3.2 age=1 dtg=15.92 region=0_1
ep=1265 s=35 4867ms [sel=3 cap=4746 rest=118] sg=1->1 mode=NONE win=8 obs=36 | cap=wip act=(320,360) d=3.19 a=1 | sp=preview:active d=3.2 age=2 dtg=16.17 region=0_1
ep=1265 s=36 6840ms [sel=3 cap=6711 rest=125] sg=1->1 mode=NONE win=8 obs=37 | cap=wip act=(320,360) d=2.95 a=1 | sp=preview:active d=3.0 age=3 dtg=16.42 region=0_1
ep=1265 s=37 8970ms [sel=3 cap=8842 rest=124] sg=1->1 mode=TURN_OSCILLATION win=8 obs=38 | cap=wip/TURN_OSCILLATION act=(320,360) d=2.72 a=1 | sp=preview:active d=2.7 age=4 dtg=16.67 region=0_1
ep=1265 s=38 8313ms [sel=4 cap=8186 rest=124] sg=1->1 mode=NONE win=8 obs=39 | cap=wip act=(320,360) d=2.48 a=2 | sp=preview:active d=2.5 age=5 dtg=16.67 region=0_1
ep=1265 s=39 12587ms [sel=3 cap=12461 rest=123] sg=1->1 mode=NONE win=8 obs=40 | cap=wip act=(320,360) d=2.48 a=1 | sp=preview:active d=2.5 age=6 dtg=16.91 region=0_1
ep=1265 s=40 5697ms [sel=3 cap=5565 rest=128] sg=1->1 mode=NONE win=8 obs=41 | cap=wip act=(320,360) d=2.23 a=1 | sp=preview:active d=2.2 age=7 dtg=17.15 region=0_1
ep=1265 s=41 5703ms [sel=4 cap=5568 rest=132] sg=1->1 mode=NONE win=8 obs=42 | cap=wip act=(320,360) d=1.99 a=2 | sp=preview:active d=2.0 age=8 dtg=17.15 region=0_1
ep=1265 s=42 6978ms [sel=3 cap=6846 rest=128] sg=1->1 mode=NONE win=8 obs=43 | cap=wip act=(320,360) d=1.99 a=1 | sp=preview:active d=2.0 age=9 dtg=17.38 region=0_1
ep=1265 s=43 8051ms [sel=3 cap=7922 rest=127] sg=1->1 mode=NONE win=8 obs=44 | cap=wip act=(320,360) d=1.74 a=2 | sp=preview:active d=1.7 age=10 dtg=17.38 region=0_1
ep=1265 s=44 9651ms [sel=26 cap=9024 rest=563] sg=1->1 mode=NONE win=8 obs=45 | cap=wip act=(160,180) d=2.35 a=1 | preview=view3/6 yaw=+15 render=38ms | sp=preview:active d=2.3 age=0 dtg=17.57 region=0_1
ep=1265 s=45 7933ms [sel=3 cap=7804 rest=126] sg=1->1 mode=NONE win=8 obs=46 | cap=wip act=(320,360) d=2.15 a=1 | sp=preview:active d=2.2 age=1 dtg=17.78 region=0_1
ep=1265 s=46 8131ms [sel=5 cap=7995 rest=131] sg=1->1 mode=NONE win=8 obs=47 | cap=wip act=(320,360) d=1.97 a=1 | sp=preview:active d=2.0 age=2 dtg=17.99 region=0_1
ep=1265 s=47 5343ms [sel=8 cap=5219 rest=117] sg=1->1 mode=NONE win=8 obs=48 | cap=wip act=(320,360) d=1.80 a=1 | sp=preview:active d=1.8 age=3 dtg=18.21 region=0_1
ep=1265 s=48 7384ms [sel=10 cap=7245 rest=129] sg=1->1 mode=NONE win=8 obs=49 | cap=wip act=(320,360) d=1.65 a=3 | sp=preview:active d=1.6 age=4 dtg=18.21 region=0_1
ep=1265 s=49 5110ms [sel=5 cap=4975 rest=130] sg=1->1 mode=NONE win=8 obs=50 | cap=wip act=(320,360) d=1.65 a=3 | sp=preview:active d=1.6 age=5 dtg=18.21 region=0_1
ep=1265 s=50 6358ms [sel=3 cap=6230 rest=125] sg=1->1 mode=NONE win=8 obs=51 | cap=wip act=(320,360) d=1.65 a=1 | sp=preview:active d=1.6 age=6 dtg=18.46 region=0_1
ep=1265 s=51 6458ms [sel=4 cap=6334 rest=120] sg=1->1 mode=NONE win=8 obs=52 | cap=wip act=(320,360) d=1.43 a=3 | sp=preview:active d=1.4 age=7 dtg=18.46 region=0_1
ep=1265 s=52 9232ms [sel=9 cap=8683 rest=504] sg=1->1 mode=NONE win=8 obs=53 | cap=wip act=(160,180) d=1.43 a=1 | preview=view2/6 yaw=-15 render=37ms | sp=preview:active d=1.4 age=8 dtg=18.70 region=0_1
ep=1265 s=53 4859ms [sel=3 cap=4736 rest=120] sg=1->1 mode=NONE win=8 obs=54 | cap=wip act=(320,360) d=1.19 a=3 | sp=preview:active d=1.2 age=9 dtg=18.70 region=0_1
ep=1265 s=54 6398ms [sel=3 cap=6277 rest=119] sg=1->1 mode=NONE win=8 obs=55 | cap=wip act=(320,360) d=1.19 a=1 | sp=preview:active d=1.2 age=10 dtg=18.92 region=None
ep=1265 s=55 4090ms [sel=3 cap=3969 rest=118] sg=1->1 mode=NONE win=8 obs=56 | cap=wip act=(320,360) d=0.94 a=1 | sp=preview:active d=0.9 age=11 dtg=19.15 region=None
ep=1265 s=56 9173ms [sel=3 cap=9050 rest=120] sg=1->1 mode=NONE win=8 obs=57 | cap=wip act=(320,360) d=0.69 a=1 | sp=preview:active d=0.7 age=12 dtg=19.39 region=None
ep=1265 s=57 6854ms [sel=1554 cap=5184 rest=117] sg=1->1 mode=NONE win=8 obs=58 | cap=wip act=(320,360) d=3.02 a=2 | sp=som:active d=3.0 age=0 som=4/8 dtg=19.39 region=None
ep=1265 s=58 6814ms [sel=3 cap=6692 rest=119] sg=1->1 mode=NONE win=8 obs=59 | cap=wip act=(320,360) d=3.02 a=1 | sp=som:active d=3.0 age=1 dtg=19.64 region=0_0
ep=1265 s=59 6776ms [sel=3 cap=6643 rest=130] sg=1->1 mode=NONE win=8 obs=60 | cap=wip act=(320,360) d=2.77 a=1 | sp=som:active d=2.8 age=2 dtg=19.89 region=0_0
ep=1265 s=60 4192ms [sel=3 cap=4062 rest=126] sg=1->1 mode=NONE win=8 obs=61 | cap=wip act=(320,360) d=2.52 a=1 | sp=som:active d=2.5 age=3 dtg=20.14 region=0_0
ep=1265 s=61 7443ms [sel=3 cap=7320 rest=120] sg=1->1 mode=NONE win=8 obs=62 | cap=wip act=(320,360) d=2.27 a=1 | sp=som:active d=2.3 age=4 dtg=20.39 region=0_0
ep=1265 s=62 7922ms [sel=3 cap=7798 rest=121] sg=1->1 mode=NONE win=8 obs=63 | cap=wip act=(320,360) d=2.02 a=2 | sp=som:active d=2.0 age=5 dtg=20.39 region=0_0
ep=1265 s=63 5117ms [sel=3 cap=4997 rest=118] sg=1->1 mode=GET_NOWHERE win=8 obs=64 | cap=wip/GET_NOWHERE act=(320,360) d=2.02 a=2 | sp=som:active d=2.0 age=6 dtg=20.39 region=0_0
ep=1265 s=64 8747ms [sel=3 cap=8628 rest=115] sg=1->1 mode=NONE win=8 obs=65 | cap=wip act=(320,360) d=2.02 a=1 | sp=som:active d=2.0 age=7 dtg=20.61 region=0_0
ep=1265 s=65 8388ms [sel=3 cap=8271 rest=115] sg=1->1 mode=NONE win=8 obs=66 | cap=wip act=(320,360) d=1.81 a=1 | sp=som:active d=1.8 age=8 dtg=20.83 region=0_0
ep=1265 s=66 6352ms [sel=7 cap=6231 rest=114] sg=1->1 mode=NONE win=8 obs=67 | cap=wip act=(320,360) d=1.63 a=3 | sp=som:active d=1.6 age=9 dtg=20.83 region=0_0
ep=1265 s=67 7572ms [sel=3 cap=7450 rest=118] sg=1->1 mode=NONE win=8 obs=68 | cap=wip act=(320,360) d=1.63 a=1 | sp=som:active d=1.6 age=10 dtg=21.08 region=0_0
ep=1265 s=68 10605ms [sel=72 cap=10411 rest=122] sg=1->1 mode=GET_NOWHERE win=8 obs=69 | cap=wip/GET_NOWHERE act=(320,360) d=3.72 a=1 | sp=frontier:active d=3.7 age=0 dtg=21.33 region=0_0
ep=1265 s=69 8057ms [sel=3 cap=7936 rest=118] sg=1->1 mode=NONE win=8 obs=70 | cap=wip act=(320,360) d=3.47 a=3 | sp=frontier:active d=3.5 age=1 dtg=21.33 region=0_0
ep=1265 s=70 10987ms [sel=3 cap=10864 rest=121] sg=1->1 mode=NONE win=8 obs=71 | cap=wip act=(320,360) d=3.47 a=1 | sp=frontier:active d=3.5 age=2 dtg=21.58 region=0_0
ep=1265 s=71 8213ms [sel=3 cap=8095 rest=115] sg=1->1 mode=NONE win=8 obs=72 | cap=wip act=(320,360) d=3.23 a=1 | sp=frontier:active d=3.2 age=3 dtg=21.82 region=0_0
ep=1265 s=72 5685ms [sel=3 cap=5550 rest=132] sg=1->1 mode=NONE win=8 obs=73 | cap=wip act=(320,360) d=3.00 a=1 | sp=frontier:active d=3.0 age=4 dtg=22.07 region=0_0
ep=1265 s=73 8018ms [sel=3 cap=7904 rest=111] sg=1->1 mode=NONE win=8 obs=74 | cap=wip act=(320,360) d=2.77 a=3 | sp=frontier:active d=2.8 age=5 dtg=22.07 region=0_0
ep=1265 s=74 6298ms [sel=4 cap=6177 rest=116] sg=1->1 mode=NONE win=8 obs=75 | cap=wip act=(320,360) d=2.77 a=1 | sp=frontier:active d=2.8 age=6 dtg=22.31 region=0_0
ep=1265 s=75 7838ms [sel=4 cap=7713 rest=121] sg=1->1 mode=NONE win=8 obs=76 | cap=wip act=(320,360) d=2.58 a=1 | sp=frontier:active d=2.6 age=7 dtg=22.54 region=0_0
ep=1265 s=76 7570ms [sel=7 cap=7451 rest=112] sg=1->1 mode=NONE win=8 obs=77 | cap=wip act=(320,360) d=2.40 a=1 | sp=frontier:active d=2.4 age=8 dtg=22.78 region=0_0
ep=1265 s=77 11030ms [sel=5 cap=10911 rest=114] sg=1->1 mode=NONE win=8 obs=78 | cap=wip act=(320,360) d=2.23 a=1 | sp=frontier:active d=2.2 age=9 dtg=23.02 region=0_0
ep=1265 s=78 10007ms [sel=38 cap=9471 rest=461] sg=1->1 mode=NONE win=8 obs=79 | cap=wip act=(160,180) d=2.59 a=3 | preview=view0/6 yaw=-180 render=37ms | sp=preview:active d=2.6 age=0 dtg=23.02 region=0_0
ep=1265 s=79 7141ms [sel=20 cap=7007 rest=113] sg=1->1 mode=NONE win=8 obs=80 | cap=wip act=(320,360) d=2.59 a=3 | sp=preview:active d=2.6 age=1 dtg=23.02 region=0_0
ep=1265 s=80 8673ms [sel=21 cap=8548 rest=104] sg=1->1 mode=NONE win=8 obs=81 | cap=wip act=(320,360) d=2.59 a=3 | sp=preview:active d=2.6 age=2 dtg=23.02 region=0_0
ep=1265 s=81 5009ms [sel=21 cap=4889 rest=100] sg=1->1 mode=NONE win=8 obs=82 | cap=wip act=(320,360) d=2.59 a=3 | sp=preview:active d=2.6 age=3 dtg=23.02 region=0_0
ep=1265 s=82 6847ms [sel=21 cap=6726 rest=100] sg=1->1 mode=NONE win=8 obs=83 | cap=wip act=(320,360) d=2.59 a=3 | sp=preview:active d=2.6 age=4 dtg=23.02 region=0_0
ep=1265 s=83 9874ms [sel=84 cap=9282 rest=471] sg=1->1 mode=NONE win=8 obs=84 | cap=wip act=(160,180) d=6.13 a=3 | preview=view3/6 yaw=+30 render=36ms | sp=preview:active d=6.1 age=0 dtg=23.02 region=0_0
ep=1265 s=84 6429ms [sel=52 cap=6227 rest=150] sg=1->1 mode=GET_NOWHERE win=8 obs=85 | cap=wip/GET_NOWHERE act=(320,360) d=6.13 a=3 | sp=preview:active d=6.1 age=1 dtg=23.02 region=0_0
ep=1265 s=85 8619ms [sel=42 cap=8463 rest=113] sg=1->1 mode=NONE win=8 obs=86 | cap=wip act=(320,360) d=6.13 a=3 | sp=preview:active d=6.1 age=2 dtg=23.02 region=0_0
ep=1265 s=86 8512ms [sel=29 cap=8366 rest=116] sg=1->1 mode=NONE win=8 obs=87 | cap=wip act=(320,360) d=6.13 a=3 | sp=preview:active d=6.1 age=3 dtg=23.02 region=0_0
ep=1265 s=87 11048ms [sel=19 cap=10517 rest=474] sg=1->1 mode=NONE win=8 obs=88 | cap=wip act=(160,180) d=3.31 a=3 | preview=view3/6 yaw=+30 render=38ms | sp=preview:active d=3.3 age=0 dtg=23.02 region=0_0
ep=1265 s=88 8427ms [sel=3 cap=8302 rest=122] sg=1->1 mode=NONE win=8 obs=89 | cap=wip act=(320,360) d=3.31 a=1 | sp=preview:active d=3.3 age=1 dtg=22.78 region=0_0
ep=1265 s=89 7325ms [sel=3 cap=7203 rest=119] sg=1->1 mode=NONE win=8 obs=90 | cap=wip act=(320,360) d=3.07 a=3 | sp=preview:active d=3.1 age=2 dtg=22.78 region=0_0
ep=1265 s=90 5691ms [sel=3 cap=5561 rest=127] sg=1->1 mode=NONE win=8 obs=91 | cap=wip act=(320,360) d=3.07 a=1 | sp=preview:active d=3.1 age=3 dtg=22.53 region=0_0
ep=1265 s=91 10591ms [sel=21 cap=10038 rest=494] sg=1->1 mode=NONE win=8 obs=92 | cap=wip act=(160,180) d=4.27 a=3 | preview=view3/6 yaw=+0 render=38ms | sp=preview:active d=4.3 age=0 dtg=22.53 region=0_0
ep=1265 s=92 7641ms [sel=3 cap=7495 rest=144] sg=1->1 mode=NONE win=8 obs=93 | cap=wip act=(320,360) d=4.27 a=1 | sp=preview:active d=4.3 age=1 dtg=22.29 region=0_0
ep=1265 s=93 7026ms [sel=3 cap=6899 rest=124] sg=1->1 mode=NONE win=8 obs=94 | cap=wip act=(320,360) d=4.05 a=1 | sp=preview:active d=4.0 age=2 dtg=22.05 region=0_0
ep=1265 s=94 6603ms [sel=3 cap=6472 rest=128] sg=1->1 mode=TURN_OSCILLATION win=8 obs=95 | cap=wip/TURN_OSCILLATION act=(320,360) d=3.82 a=3 | sp=preview:active d=3.8 age=3 dtg=22.05 region=0_0
ep=1265 s=95 7441ms [sel=3 cap=7312 rest=126] sg=1->1 mode=NONE win=8 obs=96 | cap=wip act=(320,360) d=3.82 a=1 | sp=preview:active d=3.8 age=4 dtg=21.84 region=0_0
ep=1265 s=96 6238ms [sel=3 cap=6103 rest=131] sg=1->1 mode=NONE win=8 obs=97 | cap=wip act=(320,360) d=3.58 a=1 | sp=preview:active d=3.6 age=5 dtg=21.64 region=0_0
ep=1265 s=97 6224ms [sel=4 cap=6087 rest=133] sg=1->1 mode=NONE win=8 obs=98 | cap=wip act=(320,360) d=3.34 a=1 | sp=preview:active d=3.3 age=6 dtg=21.44 region=0_0
ep=1265 s=98 7146ms [sel=3 cap=7017 rest=126] sg=1->1 mode=NONE win=8 obs=99 | cap=wip act=(320,360) d=3.10 a=2 | sp=preview:active d=3.1 age=7 dtg=21.44 region=0_0
ep=1265 s=99 9352ms [sel=3 cap=9215 rest=134] sg=1->1 mode=NONE win=8 obs=100 | cap=wip act=(320,360) d=3.10 a=1 | sp=preview:active d=3.1 age=8 dtg=21.22 region=0_0
ep=1265 s=100 6284ms [sel=3 cap=6146 rest=136] sg=1->1 mode=NONE win=8 obs=101 | cap=wip act=(320,360) d=2.88 a=2 | sp=preview:active d=2.9 age=9 dtg=21.22 region=0_0
ep=1265 s=101 8197ms [sel=7 cap=8057 rest=134] sg=1->1 mode=NONE win=8 obs=102 | cap=wip act=(320,360) d=2.88 a=1 | sp=preview:active d=2.9 age=10 dtg=20.98 region=0_0
ep=1265 s=102 4966ms [sel=9 cap=4831 rest=126] sg=1->1 mode=NONE win=8 obs=103 | cap=wip act=(320,360) d=2.72 a=1 | sp=preview:active d=2.7 age=11 dtg=20.73 region=0_0
ep=1265 s=103 6300ms [sel=8 cap=6159 rest=133] sg=1->1 mode=NONE win=8 obs=104 | cap=wip act=(320,360) d=2.57 a=1 | sp=preview:active d=2.6 age=12 dtg=20.49 region=0_0
ep=1265 s=104 6947ms [sel=10 cap=6810 rest=128] sg=1->1 mode=NONE win=8 obs=105 | cap=wip act=(320,360) d=2.44 a=1 | sp=preview:active d=2.4 age=13 dtg=20.25 region=0_0
ep=1265 s=105 6511ms [sel=10 cap=6373 rest=128] sg=1->1 mode=NONE win=8 obs=106 | cap=wip act=(320,360) d=2.33 a=1 | sp=preview:active d=2.3 age=14 dtg=20.01 region=None
ep=1265 s=106 5464ms [sel=11 cap=5325 rest=128] sg=1->1 mode=NONE win=8 obs=107 | cap=wip act=(320,360) d=2.24 a=1 | sp=preview:active d=2.2 age=15 dtg=19.77 region=None
ep=1265 s=107 12053ms [sel=90 cap=11836 rest=127] sg=1->1 mode=NONE win=8 obs=108 | cap=wip act=(320,359) d=2.23 a=1 | sp=straight_ahead:active d=1.9 age=0 dtg=19.53 region=None
ep=1265 s=108 7950ms [sel=3 cap=7814 rest=133] sg=1->1 mode=NONE win=8 obs=109 | cap=wip act=(320,360) d=1.60 a=1 | sp=straight_ahead:active d=1.6 age=1 dtg=19.30 region=0_1
ep=1265 s=109 7496ms [sel=4 cap=7361 rest=132] sg=1->1 mode=NONE win=8 obs=110 | cap=wip act=(320,360) d=1.35 a=1 | sp=straight_ahead:active d=1.4 age=2 dtg=19.07 region=0_1
ep=1265 s=110 7735ms [sel=3 cap=7605 rest=128] sg=1->1 mode=NONE win=8 obs=111 | cap=wip act=(320,360) d=1.10 a=1 | sp=straight_ahead:active d=1.1 age=3 dtg=18.84 region=0_1
ep=1265 s=111 9019ms [sel=3 cap=8887 rest=129] sg=1->1 mode=NONE win=8 obs=112 | cap=wip act=(320,360) d=0.85 a=1 | sp=straight_ahead:active d=0.9 age=4 dtg=18.62 region=0_1
ep=1265 s=112 6795ms [sel=3 cap=6664 rest=128] sg=1->1 mode=NONE win=8 obs=113 | cap=wip act=(320,360) d=0.60 a=1 | sp=straight_ahead:active d=0.6 age=5 dtg=18.42 region=0_1
ep=1265 s=113 11363ms [sel=2541 cap=8696 rest=126] sg=1->1 mode=NONE win=8 obs=114 | cap=wip act=(320,360) d=3.09 a=2 | sp=som:active d=3.1 age=0 som=1/8 dtg=18.42 region=0_1
ep=1265 s=114 11882ms [sel=4 cap=11749 rest=129] sg=1->1 mode=NONE win=8 obs=115 | cap=wip act=(320,360) d=3.09 a=2 | sp=som:active d=3.1 age=1 dtg=18.42 region=0_1
ep=1265 s=115 10269ms [sel=3 cap=10140 rest=127] sg=1->1 mode=NONE win=8 obs=116 | cap=wip act=(320,360) d=3.09 a=2 | sp=som:active d=3.1 age=2 dtg=18.42 region=0_1
ep=1265 s=116 12454ms [sel=3 cap=12329 rest=122] sg=1->1 mode=NONE win=8 obs=117 | cap=wip act=(320,360) d=3.09 a=1 | sp=som:active d=3.1 age=3 dtg=18.17 region=0_1
ep=1265 s=117 9073ms [sel=3 cap=8946 rest=124] sg=1->1 mode=NONE win=8 obs=118 | cap=wip act=(320,360) d=2.84 a=2 | sp=som:active d=2.8 age=4 dtg=18.17 region=0_1
ep=1265 s=118 9234ms [sel=3 cap=9103 rest=128] sg=1->1 mode=NONE win=8 obs=119 | cap=wip act=(320,360) d=2.84 a=1 | sp=som:active d=2.8 age=5 dtg=17.95 region=0_1
ep=1265 s=119 13323ms [sel=3 cap=13190 rest=130] sg=1->1 mode=NONE win=8 obs=120 | cap=wip act=(320,360) d=2.62 a=1 | sp=som:active d=2.6 age=6 dtg=17.75 region=0_1
ep=1265 s=120 5414ms [sel=3 cap=5262 rest=149] sg=1->1 mode=NONE win=8 obs=121 | cap=wip act=(320,360) d=2.40 a=1 | sp=som:active d=2.4 age=7 dtg=17.57 region=0_1
ep=1265 s=121 11330ms [sel=4 cap=11201 rest=125] sg=1->1 mode=NONE win=8 obs=122 | cap=wip act=(320,360) d=2.20 a=3 | sp=som:active d=2.2 age=8 dtg=17.57 region=0_1
ep=1265 s=122 7449ms [sel=3 cap=7311 rest=135] sg=1->1 mode=NONE win=8 obs=123 | cap=wip act=(320,360) d=2.20 a=1 | sp=som:active d=2.2 age=9 dtg=17.36 region=0_1
ep=1265 s=123 11316ms [sel=3 cap=11182 rest=131] sg=1->1 mode=NONE win=8 obs=124 | cap=wip act=(320,360) d=1.96 a=3 | sp=som:active d=2.0 age=10 dtg=17.36 region=0_1
ep=1265 s=124 6880ms [sel=3 cap=6751 rest=126] sg=1->1 mode=NONE win=8 obs=125 | cap=wip act=(320,360) d=1.96 a=1 | sp=som:active d=2.0 age=11 dtg=17.13 region=0_1
ep=1265 s=125 9469ms [sel=3 cap=9326 rest=139] sg=1->1 mode=NONE win=8 obs=126 | cap=wip act=(320,360) d=1.72 a=1 | sp=som:active d=1.7 age=12 dtg=16.90 region=0_1
ep=1265 s=126 9195ms [sel=3 cap=9056 rest=136] sg=1->1 mode=NONE win=8 obs=127 | cap=wip act=(320,360) d=1.47 a=1 | sp=som:active d=1.5 age=13 dtg=16.68 region=0_1
ep=1265 s=127 7058ms [sel=3 cap=6901 rest=154] sg=1->1 mode=NONE win=8 obs=128 | cap=wip act=(320,360) d=1.22 a=3 | sp=som:active d=1.2 age=14 dtg=16.68 region=0_1
ep=1265 s=128 6725ms [sel=3 cap=6566 rest=156] sg=1->1 mode=NONE win=8 obs=129 | cap=wip act=(320,360) d=1.22 a=1 | sp=som:active d=1.2 age=15 dtg=16.44 region=0_1
ep=1265 s=129 5426ms [sel=3 cap=5295 rest=127] sg=1->1 mode=NONE win=8 obs=130 | cap=wip act=(320,360) d=0.97 a=1 | sp=som:active d=1.0 age=16 dtg=16.20 region=0_1
ep=1265 s=130 5363ms [sel=3 cap=5233 rest=127] sg=1->1 mode=NONE win=8 obs=131 | cap=wip act=(320,360) d=0.72 a=1 | sp=som:active d=0.7 age=17 dtg=15.97 region=0_1
ep=1265 s=131 14258ms [sel=6646 cap=7480 rest=132] sg=1->1 mode=NONE win=8 obs=132 | cap=wip act=(320,360) d=3.05 a=1 | sp=som:active d=3.1 age=0 som=1/8 dtg=15.73 region=0_1
ep=1265 s=132 9764ms [sel=2731 cap=6905 rest=128] sg=1->1 mode=NONE win=8 obs=133 | cap=wip act=(320,360) d=3.03 a=1 | sp=som:active d=3.0 age=0 som=1/8 dtg=15.50 region=0_1
ep=1265 s=133 6906ms [sel=5 cap=6774 rest=127] sg=1->1 mode=NONE win=8 obs=134 | cap=wip act=(320,360) d=2.81 a=1 | sp=som:active d=2.8 age=1 dtg=15.27 region=0_1
ep=1265 s=134 12057ms [sel=3 cap=11926 rest=128] sg=1->1 mode=NONE win=8 obs=135 | cap=wip act=(320,360) d=2.59 a=2 | sp=som:active d=2.6 age=2 dtg=15.27 region=0_1
ep=1265 s=135 9021ms [sel=3 cap=8895 rest=124] sg=1->1 mode=NONE win=8 obs=136 | cap=wip act=(320,360) d=2.59 a=1 | sp=som:active d=2.6 age=3 dtg=15.08 region=0_1
ep=1265 s=136 8103ms [sel=3 cap=7964 rest=136] sg=1->1 mode=NONE win=8 obs=137 | cap=wip act=(320,360) d=2.35 a=1 | sp=som:active d=2.4 age=4 dtg=14.89 region=0_1
ep=1265 s=137 7173ms [sel=4 cap=7034 rest=135] sg=1->1 mode=NONE win=8 obs=138 | cap=wip act=(320,360) d=2.12 a=1 | sp=som:active d=2.1 age=5 dtg=14.72 region=0_1
ep=1265 s=138 6212ms [sel=3 cap=6078 rest=131] sg=1->1 mode=NONE win=8 obs=139 | cap=wip act=(320,360) d=1.89 a=1 | sp=som:active d=1.9 age=6 dtg=14.55 region=0_1
ep=1265 s=139 10115ms [sel=3 cap=9983 rest=130] sg=1->1 mode=NONE win=8 obs=140 | cap=wip act=(320,360) d=1.66 a=1 | sp=som:active d=1.7 age=7 dtg=14.39 region=0_2
ep=1265 s=140 8593ms [sel=3 cap=8461 rest=129] sg=1->1 mode=NONE win=8 obs=141 | cap=wip act=(320,360) d=1.44 a=1 | sp=som:active d=1.4 age=8 dtg=14.25 region=0_2
ep=1265 s=141 7685ms [sel=3 cap=7554 rest=128] sg=1->1 mode=NONE win=8 obs=142 | cap=wip act=(320,360) d=1.24 a=2 | sp=som:active d=1.2 age=9 dtg=14.25 region=0_2
ep=1265 s=142 9443ms [sel=3 cap=9316 rest=125] sg=1->1 mode=NONE win=8 obs=143 | cap=wip act=(320,360) d=1.24 a=1 | sp=som:active d=1.2 age=10 dtg=14.18 region=0_2
ep=1265 s=143 8465ms [sel=3 cap=8340 rest=123] sg=1->1 mode=NONE win=8 obs=144 | cap=wip act=(320,360) d=1.01 a=2 | sp=som:active d=1.0 age=11 dtg=14.18 region=0_2
ep=1265 s=144 4306ms [sel=3 cap=4176 rest=127] sg=1->1 mode=NONE win=8 obs=145 | cap=wip act=(320,360) d=1.01 a=1 | sp=som:active d=1.0 age=12 dtg=14.20 region=0_2
ep=1265 s=145 9094ms [sel=3 cap=8966 rest=125] sg=1->1 mode=NONE win=8 obs=146 | cap=wip act=(320,360) d=0.77 a=1 | sp=som:active d=0.8 age=13 dtg=14.74 region=0_2
ep=1265 s=146 6490ms [sel=3 cap=6355 rest=132] sg=1->1 mode=NONE win=8 obs=147 | cap=wip act=(320,360) d=0.54 a=2 | sp=som:active d=0.5 age=14 dtg=14.74 region=0_2
ep=1265 s=147 7194ms [sel=3 cap=7063 rest=128] sg=1->1 mode=NONE win=8 obs=148 | cap=wip act=(320,360) d=0.54 a=1 | sp=som:active d=0.5 age=15 dtg=14.54 region=0_2
ep=1265 s=148 10284ms [sel=2974 cap=7172 rest=139] sg=1->1 mode=NONE win=8 obs=149 | cap=wip act=(320,360) d=1.31 a=3 | sp=som:active d=1.3 age=0 som=1/8 dtg=14.54 region=0_2
ep=1265 s=149 8329ms [sel=3 cap=8199 rest=127] sg=1->1 mode=NONE win=8 obs=150 | cap=wip act=(320,360) d=1.31 a=1 | sp=som:active d=1.3 age=1 dtg=14.31 region=0_2
ep=1265 s=150 9642ms [sel=3 cap=9518 rest=121] sg=1->1 mode=NONE win=8 obs=151 | cap=wip act=(320,360) d=1.06 a=1 | sp=som:active d=1.1 age=2 dtg=14.08 region=0_2
ep=1265 s=151 5266ms [sel=4 cap=5142 rest=120] sg=1->1 mode=NONE win=8 obs=152 | cap=wip act=(320,360) d=0.81 a=1 | sp=som:active d=0.8 age=3 dtg=13.85 region=0_2
ep=1265 s=152 7446ms [sel=3 cap=7331 rest=112] sg=1->1 mode=NONE win=8 obs=153 | cap=wip act=(320,360) d=0.57 a=1 | sp=som:active d=0.6 age=4 dtg=13.63 region=0_2
ep=1265 s=153 11516ms [sel=4772 cap=6632 rest=112] sg=1->1 mode=NONE win=8 obs=154 | cap=wip act=(320,360) d=1.13 a=3 | sp=som:active d=1.1 age=0 som=1/8 dtg=13.63 region=0_2
ep=1265 s=154 8185ms [sel=3 cap=8070 rest=112] sg=1->1 mode=NONE win=8 obs=155 | cap=wip act=(320,360) d=1.13 a=1 | sp=som:active d=1.1 age=1 dtg=13.38 region=0_2
ep=1265 s=155 6509ms [sel=3 cap=6394 rest=112] sg=1->1 mode=NONE win=8 obs=156 | cap=wip act=(320,360) d=0.88 a=1 | sp=som:active d=0.9 age=2 dtg=13.13 region=0_2
ep=1265 s=156 9658ms [sel=3 cap=9554 rest=102] sg=1->1 mode=NONE win=8 obs=157 | cap=wip act=(320,360) d=0.63 a=1 | sp=som:active d=0.6 age=3 dtg=12.89 region=0_2
ep=1265 s=157 7249ms [sel=2541 cap=4597 rest=111] sg=1->1 mode=NONE win=8 obs=158 | cap=wip act=(320,360) d=2.98 a=3 | sp=som:active d=3.0 age=0 som=1/8 dtg=12.89 region=0_2
ep=1265 s=158 8282ms [sel=3 cap=8163 rest=116] sg=1->1 mode=NONE win=8 obs=159 | cap=wip act=(320,360) d=2.98 a=1 | sp=som:active d=3.0 age=1 dtg=12.64 region=0_2
ep=1265 s=159 11332ms [sel=4 cap=11210 rest=119] sg=1->1 mode=NONE win=8 obs=160 | cap=wip act=(320,360) d=2.73 a=3 | sp=som:active d=2.7 age=2 dtg=12.64 region=0_2
ep=1265 s=160 8174ms [sel=3 cap=8055 rest=117] sg=1->1 mode=NONE win=8 obs=161 | cap=wip act=(320,360) d=2.73 a=1 | sp=som:active d=2.7 age=3 dtg=12.40 region=0_2
ep=1265 s=161 7649ms [sel=3 cap=7530 rest=116] sg=1->1 mode=NONE win=8 obs=162 | cap=wip act=(320,360) d=2.52 a=1 | sp=som:active d=2.5 age=4 dtg=12.17 region=0_2
ep=1265 s=162 11359ms [sel=3 cap=11246 rest=110] sg=1->1 mode=NONE win=8 obs=163 | cap=wip act=(320,360) d=2.31 a=2 | sp=som:active d=2.3 age=5 dtg=12.17 region=0_2
ep=1265 s=163 4646ms [sel=3 cap=4532 rest=112] sg=1->1 mode=NONE win=8 obs=164 | cap=wip act=(320,360) d=2.31 a=1 | sp=som:active d=2.3 age=6 dtg=11.92 region=0_2
ep=1265 s=164 4708ms [sel=4 cap=4598 rest=107] sg=1->1 mode=NONE win=8 obs=165 | cap=wip act=(320,360) d=2.07 a=2 | sp=som:active d=2.1 age=7 dtg=11.92 region=0_2
ep=1265 s=165 4639ms [sel=3 cap=4526 rest=110] sg=1->1 mode=NONE win=8 obs=166 | cap=wip act=(320,360) d=2.07 a=1 | sp=som:active d=2.1 age=8 dtg=11.67 region=0_2
ep=1265 s=166 5504ms [sel=3 cap=5396 rest=105] sg=1->1 mode=NONE win=8 obs=167 | cap=wip act=(320,360) d=1.83 a=1 | sp=som:active d=1.8 age=9 dtg=11.43 region=None
ep=1265 s=167 6252ms [sel=3 cap=6140 rest=109] sg=1->1 mode=NONE win=8 obs=168 | cap=wip act=(320,360) d=1.58 a=1 | sp=som:active d=1.6 age=10 dtg=11.18 region=0_5
ep=1265 s=168 5206ms [sel=3 cap=5094 rest=108] sg=1->1 mode=NONE win=8 obs=169 | cap=wip act=(320,360) d=1.33 a=1 | sp=som:active d=1.3 age=11 dtg=10.94 region=0_5
ep=1265 s=169 6141ms [sel=3 cap=6027 rest=111] sg=1->1 mode=NONE win=8 obs=170 | cap=wip act=(320,360) d=1.09 a=1 | sp=som:active d=1.1 age=12 dtg=10.69 region=0_5
ep=1265 s=170 12231ms [sel=4 cap=12111 rest=117] sg=1->1 mode=NONE win=8 obs=171 | cap=wip act=(320,360) d=0.85 a=2 | sp=som:active d=0.8 age=13 dtg=10.69 region=0_5
ep=1265 s=171 5196ms [sel=3 cap=5064 rest=128] sg=1->1 mode=NONE win=8 obs=172 | cap=wip act=(320,360) d=0.85 a=1 | sp=som:active d=0.8 age=14 dtg=10.47 region=0_5
ep=1265 s=172 7564ms [sel=3 cap=7444 rest=117] sg=1->1 mode=NONE win=8 obs=173 | cap=wip act=(320,360) d=0.60 a=1 | sp=som:active d=0.6 age=15 dtg=10.25 region=0_5
ep=1265 s=173 12219ms [sel=2261 cap=9839 rest=119] sg=1->1 mode=NONE win=8 obs=174 | cap=wip act=(320,360) d=3.04 a=1 | sp=som:active d=3.0 age=0 som=3/8 dtg=10.04 region=0_5
ep=1265 s=174 6659ms [sel=3 cap=6542 rest=114] sg=1->1 mode=NONE win=8 obs=175 | cap=wip act=(320,360) d=2.80 a=3 | sp=som:active d=2.8 age=1 dtg=10.04 region=0_5
ep=1265 s=175 9423ms [sel=3 cap=9307 rest=112] sg=1->1 mode=NONE win=8 obs=176 | cap=wip act=(320,360) d=2.80 a=1 | sp=som:active d=2.8 age=2 dtg=9.80 region=0_5
ep=1265 s=176 5990ms [sel=3 cap=5872 rest=115] sg=1->1 mode=NONE win=8 obs=177 | cap=wip act=(320,360) d=2.55 a=1 | sp=som:active d=2.5 age=3 dtg=9.56 region=0_5
ep=1265 s=177 6090ms [sel=3 cap=5969 rest=118] sg=1->1 mode=NONE win=8 obs=178 | cap=wip act=(320,360) d=2.30 a=1 | sp=som:active d=2.3 age=4 dtg=9.32 region=0_5
ep=1265 s=178 6522ms [sel=3 cap=6411 rest=108] sg=1->1 mode=NONE win=8 obs=179 | cap=wip act=(320,360) d=2.05 a=1 | sp=som:active d=2.1 age=5 dtg=9.09 region=0_5
ep=1265 s=179 5695ms [sel=4 cap=5568 rest=123] sg=1->1 mode=NONE win=8 obs=180 | cap=wip act=(320,360) d=1.80 a=1 | sp=som:active d=1.8 age=6 dtg=8.85 region=0_5
ep=1265 s=180 7784ms [sel=3 cap=7657 rest=124] sg=1->1 mode=NONE win=8 obs=181 | cap=wip act=(320,360) d=1.56 a=3 | sp=som:active d=1.6 age=7 dtg=8.85 region=0_5
ep=1265 s=181 9319ms [sel=3 cap=9197 rest=119] sg=1->1 mode=NONE win=8 obs=182 | cap=wip act=(320,360) d=1.56 a=1 | sp=som:active d=1.6 age=8 dtg=8.60 region=0_5
ep=1265 s=182 7116ms [sel=3 cap=6995 rest=118] sg=1->1 mode=NONE win=8 obs=183 | cap=wip act=(320,360) d=1.33 a=1 | sp=som:active d=1.3 age=9 dtg=8.36 region=0_5
ep=1265 s=183 4557ms [sel=3 cap=4437 rest=116] sg=1->1 mode=NONE win=8 obs=184 | cap=wip act=(320,360) d=1.12 a=2 | sp=som:active d=1.1 age=10 dtg=8.36 region=0_5
ep=1265 s=184 15235ms [sel=3 cap=15118 rest=115] sg=1->1 mode=NONE win=8 obs=185 | cap=wip act=(320,360) d=1.12 a=1 | sp=som:active d=1.1 age=11 dtg=8.13 region=0_4
ep=1265 s=185 5037ms [sel=3 cap=4922 rest=113] sg=1->1 mode=NONE win=8 obs=186 | cap=wip act=(320,360) d=0.89 a=2 | sp=som:active d=0.9 age=12 dtg=8.13 region=0_4
ep=1265 s=186 9617ms [sel=3 cap=9490 rest=124] sg=1->1 mode=NONE win=8 obs=187 | cap=wip act=(320,360) d=0.89 a=1 | sp=som:active d=0.9 age=13 dtg=7.94 region=0_4
ep=1265 s=187 12561ms [sel=3185 cap=9252 rest=124] sg=1->1 mode=NONE win=8 obs=188 | cap=wip act=(320,360) d=2.50 a=1 | sp=som:active d=2.5 age=0 som=3/8 dtg=7.76 region=0_4
ep=1265 s=188 10473ms [sel=3 cap=10351 rest=118] sg=1->1 mode=NONE win=8 obs=189 | cap=wip act=(320,360) d=2.25 a=3 | sp=som:active d=2.2 age=1 dtg=7.76 region=0_4
ep=1265 s=189 9489ms [sel=3 cap=9334 rest=151] sg=1->1 mode=NONE win=8 obs=190 | cap=wip act=(320,360) d=2.25 a=3 | sp=som:active d=2.2 age=2 dtg=7.76 region=0_4
ep=1265 s=190 3790ms [sel=3 cap=3641 rest=146] sg=1->1 mode=NONE win=8 obs=191 | cap=wip act=(320,360) d=2.25 a=1 | sp=som:active d=2.2 age=3 dtg=7.52 region=0_4
ep=1265 s=191 7578ms [sel=3 cap=7460 rest=115] sg=1->1 mode=NONE win=8 obs=192 | cap=wip act=(320,360) d=2.02 a=1 | sp=som:active d=2.0 age=4 dtg=7.28 region=0_4
ep=1265 s=192 6109ms [sel=4 cap=5995 rest=111] sg=1->1 mode=NONE win=8 obs=193 | cap=wip act=(320,360) d=1.80 a=1 | sp=som:active d=1.8 age=5 dtg=7.05 region=0_4
ep=1265 s=193 10925ms [sel=3 cap=10815 rest=108] sg=1->1 mode=NONE win=8 obs=194 | cap=wip act=(320,360) d=1.59 a=1 | sp=som:active d=1.6 age=6 dtg=6.82 region=0_4
ep=1265 s=194 6685ms [sel=4 cap=6575 rest=107] sg=1->1 mode=NONE win=8 obs=195 | cap=wip act=(320,360) d=1.39 a=2 | sp=som:active d=1.4 age=7 dtg=6.82 region=0_4
ep=1265 s=195 7796ms [sel=3 cap=7691 rest=102] sg=1->1 mode=NONE win=8 obs=196 | cap=wip act=(320,360) d=1.39 a=1 | sp=som:active d=1.4 age=8 dtg=6.63 region=0_4
ep=1265 s=196 9161ms [sel=3 cap=9058 rest=100] sg=1->1 mode=NONE win=8 obs=197 | cap=wip act=(320,360) d=1.17 a=1 | sp=som:active d=1.2 age=9 dtg=6.47 region=0_4
ep=1265 s=197 7580ms [sel=3 cap=7479 rest=98] sg=1->1 mode=NONE win=8 obs=198 | cap=wip act=(320,360) d=0.97 a=2 | sp=som:active d=1.0 age=10 dtg=6.47 region=0_4
ep=1265 s=198 13296ms [sel=3 cap=13184 rest=109] sg=1->1 mode=NONE win=8 obs=199 | cap=wip act=(320,360) d=0.97 a=1 | sp=som:active d=1.0 age=11 dtg=6.40 region=0_4
ep=1265 s=199 13000ms [sel=3 cap=12888 rest=109] sg=1->1 mode=NONE win=8 obs=200 | cap=wip act=(320,360) d=0.75 a=2 | sp=som:active d=0.7 age=12 dtg=6.40 region=0_4
ep=1265 s=200 7623ms [sel=4 cap=7494 rest=125] sg=1->1 mode=NONE win=8 obs=201 | cap=wip act=(320,360) d=0.75 a=1 | sp=som:active d=0.7 age=13 dtg=6.43 region=0_4
ep=1265 s=201 8637ms [sel=3 cap=8501 rest=133] sg=1->1 mode=NONE win=8 obs=202 | cap=wip act=(320,360) d=0.51 a=2 | sp=som:active d=0.5 age=14 dtg=6.43 region=0_4
ep=1265 s=202 5938ms [sel=3 cap=5823 rest=112] sg=1->1 mode=NONE win=8 obs=203 | cap=wip act=(320,360) d=0.51 a=1 | sp=som:active d=0.5 age=15 dtg=6.56 region=0_4
ep=1265 s=203 9265ms [sel=2618 cap=6539 rest=108] sg=1->1 mode=NONE win=8 obs=204 | cap=wip act=(320,360) d=2.99 a=3 | sp=frontier:active d=3.0 age=0 som=2/5 dtg=6.56 region=0_4
ep=1265 s=204 7355ms [sel=21 cap=7190 rest=144] sg=1->1 mode=NONE win=8 obs=205 | cap=wip act=(320,360) d=2.99 a=3 | sp=frontier:active d=3.0 age=1 dtg=6.56 region=0_4
ep=1265 s=205 8729ms [sel=21 cap=8598 rest=110] sg=1->1 mode=NONE win=8 obs=206 | cap=wip act=(320,360) d=2.99 a=3 | sp=frontier:active d=3.0 age=2 dtg=6.56 region=0_4
ep=1265 s=206 8162ms [sel=32 cap=8013 rest=117] sg=1->1 mode=NONE win=8 obs=207 | cap=wip act=(320,360) d=2.99 a=3 | sp=frontier:active d=3.0 age=3 dtg=6.56 region=0_4
ep=1265 s=207 12713ms [sel=23 cap=12579 rest=111] sg=1->1 mode=NONE win=8 obs=208 | cap=wip act=(320,360) d=2.99 a=3 | sp=frontier:active d=3.0 age=4 dtg=6.56 region=0_4
ep=1265 s=208 9223ms [sel=27 cap=9077 rest=119] sg=1->1 mode=NONE win=8 obs=209 | cap=wip act=(320,360) d=2.99 a=3 | sp=frontier:active d=3.0 age=5 dtg=6.56 region=0_4
ep=1265 s=209 5804ms [sel=5 cap=5673 rest=126] sg=1->1 mode=NONE win=8 obs=210 | cap=wip act=(320,360) d=2.99 a=3 | sp=frontier:active d=3.0 age=6 dtg=6.56 region=0_4
ep=1265 s=210 7837ms [sel=17 cap=7291 rest=494] sg=1->1 mode=NONE win=8 obs=211 | cap=wip act=PREVIEW a=2 | preview=view3/6 yaw=+30 render=36ms | sp=preview:active d=3.0 age=0 dtg=6.56 region=0_4
ep=1265 s=211 6283ms [sel=2624 cap=3536 rest=123] sg=1->1 mode=NONE win=8 obs=212 | cap=wip act=(323,363) d=1.62 a=1 | sp=straight_ahead:active d=1.5 age=0 som=1/8 dtg=6.36 region=0_4
ep=1265 s=212 5100ms [sel=4 cap=4968 rest=128] sg=1->1 mode=NONE win=8 obs=213 | cap=wip act=(320,360) d=1.32 a=3 | sp=straight_ahead:active d=1.3 age=1 dtg=6.36 region=0_4
ep=1265 s=213 5635ms [sel=3 cap=5514 rest=118] sg=1->1 mode=NONE win=8 obs=214 | cap=wip act=(320,360) d=1.32 a=3 | sp=straight_ahead:active d=1.3 age=2 dtg=6.36 region=0_4
ep=1265 s=214 7350ms [sel=4 cap=7225 rest=121] sg=1->1 mode=NONE win=8 obs=215 | cap=wip act=(320,360) d=1.32 a=1 | sp=straight_ahead:active d=1.3 age=3 dtg=6.11 region=0_4
ep=1265 s=215 4367ms [sel=3 cap=4251 rest=114] sg=1->1 mode=NONE win=8 obs=216 | cap=wip act=(320,360) d=1.07 a=3 | sp=straight_ahead:active d=1.1 age=4 dtg=6.11 region=0_4
ep=1265 s=216 5571ms [sel=3 cap=5461 rest=107] sg=1->1 mode=NONE win=8 obs=217 | cap=wip act=(320,360) d=1.07 a=1 | sp=straight_ahead:active d=1.1 age=5 dtg=5.86 region=0_4
ep=1265 s=217 4619ms [sel=3 cap=4507 rest=110] sg=1->1 mode=NONE win=8 obs=218 | cap=wip act=(320,360) d=0.83 a=1 | sp=straight_ahead:active d=0.8 age=6 dtg=5.62 region=0_4
ep=1265 s=218 10853ms [sel=103 cap=10642 rest=108] sg=1->2 mode=NONE win=8 obs=219 | cap=DONE act=(320,360) d=3.23 a=3 | sp=frontier:active d=3.2 age=0 dtg=5.62 region=0_4
ep=1265 s=219 5332ms [sel=19 cap=5199 rest=115] sg=2->2 mode=NONE win=8 obs=220 | cap=wip act=(320,360) d=3.23 a=3 | sp=frontier:active d=3.2 age=1 dtg=5.62 region=0_4
ep=1265 s=220 19426ms [sel=10 cap=18885 rest=495] sg=2->2 mode=NONE win=8 obs=221 | cap=wip act=(320,360) d=3.23 a=3 | preview=view-/6 yaw=+0 render=36ms | sp=frontier:active d=3.2 age=2 dtg=5.62 region=0_4
ep=1265 s=221 6888ms [sel=3 cap=6763 rest=122] sg=2->2 mode=NONE win=8 obs=222 | cap=wip act=(320,360) d=3.23 a=3 | sp=frontier:active d=3.2 age=3 dtg=5.62 region=0_4
ep=1265 s=222 6420ms [sel=4 cap=6292 rest=124] sg=2->2 mode=NONE win=8 obs=223 | cap=wip act=(320,360) d=3.23 a=1 | sp=frontier:active d=3.2 age=4 dtg=5.55 region=0_4
ep=1265 s=223 12824ms [sel=3 cap=12300 rest=482] sg=2->2 mode=NONE win=8 obs=224 | cap=wip act=(320,360) d=2.98 a=3 | preview=view-/6 yaw=+0 render=39ms | sp=frontier:active d=3.0 age=5 dtg=5.55 region=0_4
ep=1265 s=224 5036ms [sel=3 cap=4916 rest=118] sg=2->2 mode=NONE win=8 obs=225 | cap=wip act=(320,360) d=2.98 a=1 | sp=frontier:active d=3.0 age=6 dtg=5.64 region=0_4
ep=1265 s=225 7272ms [sel=3 cap=7151 rest=119] sg=2->2 mode=NONE win=8 obs=226 | cap=wip act=(320,360) d=2.77 a=1 | sp=frontier:active d=2.8 age=7 dtg=5.80 region=0_4
ep=1265 s=226 13488ms [sel=3 cap=12955 rest=494] sg=2->2 mode=NONE win=8 obs=227 | cap=wip act=(320,360) d=2.56 a=3 | preview=view-/6 yaw=+0 render=36ms | sp=frontier:active d=2.6 age=8 dtg=5.80 region=0_4
ep=1265 s=227 11799ms [sel=8 cap=11673 rest=118] sg=2->2 mode=NONE win=8 obs=228 | cap=wip act=(320,360) d=2.56 a=1 | sp=frontier:active d=2.6 age=9 dtg=6.04 region=0_4
ep=1265 s=228 13714ms [sel=10 cap=13588 rest=116] sg=2->2 mode=NONE win=8 obs=229 | cap=wip act=(320,360) d=2.41 a=1 | sp=frontier:active d=2.4 age=10 dtg=6.27 region=0_4
ep=1265 s=229 16324ms [sel=18 cap=15791 rest=478] sg=2->2 mode=NONE win=8 obs=230 | cap=wip act=(320,360) d=2.28 a=2 | preview=view-/6 yaw=+0 render=37ms | sp=frontier:active d=2.3 age=11 dtg=6.27 region=0_4
ep=1265 s=230 11888ms [sel=16 cap=11753 rest=119] sg=2->2 mode=NONE win=8 obs=231 | cap=wip act=(320,360) d=2.28 a=2 | sp=frontier:active d=2.3 age=12 dtg=6.27 region=0_4
ep=1265 s=231 17890ms [sel=3 cap=17768 rest=119] sg=2->2 mode=NONE win=8 obs=232 | cap=wip act=(320,360) d=2.28 a=1 | sp=frontier:active d=2.3 age=13 dtg=6.46 region=0_4
ep=1265 s=232 13583ms [sel=8 cap=13030 rest=505] sg=2->2 mode=NONE win=8 obs=233 | cap=wip act=(320,360) d=2.07 a=2 | preview=view-/6 yaw=+0 render=40ms | sp=frontier:active d=2.1 age=14 dtg=6.46 region=0_4
ep=1265 s=233 8749ms [sel=3 cap=8625 rest=120] sg=2->2 mode=NONE win=8 obs=234 | cap=wip act=(320,360) d=2.07 a=1 | sp=frontier:active d=2.1 age=15 dtg=6.63 region=0_4
ep=1265 s=234 8066ms [sel=3 cap=7937 rest=126] sg=2->2 mode=NONE win=8 obs=235 | cap=wip act=(320,360) d=1.83 a=2 | sp=frontier:active d=1.8 age=16 dtg=6.63 region=0_4
ep=1265 s=235 14804ms [sel=6561 cap=8131 rest=112] sg=2->2 mode=NONE win=8 obs=236 | cap=wip act=(320,360) d=1.87 a=2 | sp=frontier:active d=1.9 age=0 som=L/8 dtg=6.63 region=0_4
ep=1265 s=236 9143ms [sel=35 cap=8998 rest=111] sg=2->2 mode=NONE win=8 obs=237 | cap=wip act=(320,360) d=1.87 a=2 | sp=frontier:active d=1.9 age=1 dtg=6.63 region=0_4
ep=1265 s=237 11712ms [sel=42 cap=11561 rest=109] sg=2->2 mode=NONE win=8 obs=238 | cap=wip act=(320,360) d=1.87 a=2 | sp=frontier:active d=1.9 age=2 dtg=6.63 region=0_4
ep=1265 s=238 19974ms [sel=28 cap=19441 rest=467] sg=2->2 mode=NONE win=8 obs=239 | cap=wip act=(320,360) d=1.87 a=2 | preview=view-/6 yaw=+0 render=37ms | sp=frontier:active d=1.9 age=3 dtg=6.63 region=0_4
ep=1265 s=239 21532ms [sel=30 cap=21393 rest=109] sg=2->2 mode=NONE win=8 obs=240 | cap=wip act=(320,360) d=1.87 a=2 | sp=frontier:active d=1.9 age=4 dtg=6.63 region=0_4
ep=1265 s=240 11803ms [sel=28 cap=11675 rest=100] sg=2->2 mode=NONE win=8 obs=241 | cap=wip act=(320,360) d=1.87 a=2 | sp=frontier:active d=1.9 age=5 dtg=6.63 region=0_4
ep=1265 s=241 13414ms [sel=21 cap=13300 rest=92] sg=2->2 mode=NONE win=8 obs=242 | cap=wip act=(320,360) d=1.87 a=2 | sp=frontier:active d=1.9 age=6 dtg=6.63 region=0_4
ep=1265 s=242 12262ms [sel=16 cap=12154 rest=92] sg=2->2 mode=NONE win=8 obs=243 | cap=wip act=(320,360) d=1.87 a=2 | sp=frontier:active d=1.9 age=7 dtg=6.63 region=0_4
ep=1265 s=243 17314ms [sel=14 cap=17209 rest=91] sg=2->2 mode=NONE win=8 obs=244 | cap=wip act=(320,360) d=1.87 a=2 | sp=frontier:active d=1.9 age=8 dtg=6.63 region=0_4
ep=1265 s=244 8539ms [sel=13 cap=8418 rest=108] sg=2->2 mode=NONE win=8 obs=245 | cap=wip act=(320,360) d=1.87 a=1 | sp=frontier:active d=1.9 age=9 dtg=6.39 region=0_4
ep=1265 s=245 9553ms [sel=13 cap=9427 rest=114] sg=2->2 mode=GET_NOWHERE win=8 obs=246 | cap=wip/GET_NOWHERE act=(320,360) d=1.63 a=1 | sp=frontier:active d=1.6 age=10 dtg=6.15 region=0_4
ep=1265 s=246 6407ms [sel=12 cap=6285 rest=110] sg=2->2 mode=NONE win=8 obs=247 | cap=wip act=(320,360) d=1.40 a=3 | sp=frontier:active d=1.4 age=11 dtg=6.15 region=0_4
ep=1265 s=247 9386ms [sel=12 cap=8871 rest=467] sg=2->2 mode=NONE win=8 obs=248 | cap=wip act=(320,360) d=1.40 a=1 | preview=view-/6 yaw=+0 render=37ms | sp=frontier:active d=1.4 age=12 dtg=5.90 region=0_4
ep=1265 s=248 4632ms [sel=12 cap=4503 rest=116] sg=2->2 mode=NONE win=8 obs=249 | cap=wip act=(320,360) d=1.16 a=1 | sp=frontier:active d=1.2 age=13 dtg=5.66 region=0_4
ep=1265 s=249 7851ms [sel=11 cap=7739 rest=100] sg=2->2 mode=NONE win=8 obs=250 | cap=wip act=(320,360) d=0.91 a=1 | sp=frontier:active d=0.9 age=14 dtg=5.42 region=0_4
ep=1265 s=250 13031ms [sel=6 cap=12558 rest=429] sg=2->None mode=NONE win=8 obs=251 | cap=DONE act=(320,360) d=1.00 a=1 | preview=view-/6 yaw=+0 render=38ms | sp=frontier:active d=0.7 age=15 ovr=3 door_evts=1 dtg=5.23 region=0_4
ep=1265 s=251 105ms [sel=5 cap=0 rest=100] sg=None->None mode=NONE win=8 obs=252 | cap=- act=(320,360) d=1.00 a=1 | sp=frontier:reached d=0.4 age=16 ovr=3 door_evts=1 dtg=5.18 region=0_4
ep=1265 s=252 85ms [sel=5 cap=0 rest=81] sg=None->None mode=NONE win=8 obs=253 | cap=- act=STOP | sp=frontier:reached d=0.4 age=17 ovr=3 door_evts=1 dtg=5.18 region=0_4
rank=3 [14/20] id=1265 steps=253 success=0.000 spl=0.000 dtg=5.18 osr=0 path_length=37.00 ndtw=0.007 sdtw=0.000
PluginManager::Manager: duplicate static plugin StbImageImporter, ignoring
PluginManager::Manager: duplicate static plugin GltfImporter, ignoring
PluginManager::Manager: duplicate static plugin BasisImporter, ignoring
PluginManager::Manager: duplicate static plugin AssimpImporter, ignoring
PluginManager::Manager: duplicate static plugin AnySceneImporter, ignoring
PluginManager::Manager: duplicate static plugin AnyImageImporter, ignoring
episode=1306 instruction='Turn to your right and enter the sitting room. Once in, turn right and walk past the dining room table. Stop in the doorway on the other side, looking into the kitchen. ' start_position=[-0.8202160000801086, 0.024399995803833008, -1.2967499494552612] goal_position=[-2.515010118484497, 0.024399995803833008, -6.925270080566406] reference_geodesic=6.865955352783203
episode=1306 prepared_subgoals=3
  [1] Turn right until the sitting room is centered ahead, then enter the sitting room
      proof: The sitting room interior is central in the view.
  [2] Turn right until the dining room table is centered ahead, then walk past the dining room table
      proof: The dining room table is behind and to the left of the camera, and the space beyond it fills the view.
  [3] Stop in the doorway on the other side, looking into the kitchen
      proof: The kitchen is central in the view and the doorway is directly behind the camera
ep=1306 s=0 13535ms [sel=0 cap=13009 rest=486] sg=1->1 mode=NONE win=1 obs=1 | cap=wip act=TURN request=+45deg execute=+15deg x1 a=3 | preview=view-/6 yaw=+0 render=40ms dtg=6.87 region=1_9
ep=1306 s=1 15094ms [sel=0 cap=14980 rest=115] sg=1->1 mode=NONE win=2 obs=2 | cap=wip act=TURN request=+45deg execute=+15deg x1 a=3 dtg=6.87 region=1_9
ep=1306 s=2 7935ms [sel=0 cap=7818 rest=117] sg=1->1 mode=NONE win=3 obs=3 | cap=wip act=TURN request=+45deg execute=+15deg x1 a=3 dtg=6.87 region=1_9
ep=1306 s=3 7095ms [sel=0 cap=6559 rest=497] sg=1->1 mode=NONE win=4 obs=4 | cap=wip act=TURN request=+45deg execute=+15deg x1 a=3 | preview=view-/6 yaw=+0 render=39ms dtg=6.87 region=1_9
ep=1306 s=4 10436ms [sel=3844 cap=6484 rest=108] sg=1->1 mode=NONE win=5 obs=5 | cap=wip act=(320,360) d=2.99 a=3 | sp=som:active d=3.0 age=0 som=3/8 dtg=6.87 region=1_9
ep=1306 s=5 4310ms [sel=3 cap=4200 rest=108] sg=1->1 mode=NONE win=6 obs=6 | cap=wip act=(320,360) d=2.99 a=3 | sp=som:active d=3.0 age=1 dtg=6.87 region=1_9
ep=1306 s=6 3444ms [sel=3 cap=3330 rest=111] sg=1->1 mode=NONE win=7 obs=7 | cap=wip act=(320,360) d=2.99 a=1 | sp=som:active d=3.0 age=2 dtg=7.11 region=1_9
ep=1306 s=7 8023ms [sel=7 cap=7917 rest=98] sg=1->1 mode=NONE win=8 obs=8 | cap=wip act=(320,360) d=2.80 a=1 | sp=som:active d=2.8 age=3 dtg=7.35 region=1_9
ep=1306 s=8 6093ms [sel=11 cap=5973 rest=110] sg=1->1 mode=NONE win=8 obs=9 | cap=wip act=(320,360) d=2.62 a=1 | sp=som:active d=2.6 age=4 dtg=7.59 region=1_9
ep=1306 s=9 6457ms [sel=0 cap=5947 rest=474] sg=1->2 mode=NONE win=8 obs=10 | cap=DONE act=TURN request=+45deg execute=+15deg x1 a=3 | preview=view-/6 yaw=+0 render=36ms | sp=som:active d=2.4 age=5 dtg=7.59 region=1_9
ep=1306 s=10 4675ms [sel=0 cap=4580 rest=95] sg=2->2 mode=GET_NOWHERE win=8 obs=11 | cap=wip/GET_NOWHERE act=TURN request=+45deg execute=+15deg x1 a=3 dtg=7.59 region=1_9
ep=1306 s=11 5616ms [sel=0 cap=5513 rest=104] sg=2->2 mode=GET_NOWHERE win=8 obs=12 | cap=wip/GET_NOWHERE act=TURN request=+45deg execute=+15deg x1 a=3 dtg=7.59 region=1_9
ep=1306 s=12 8530ms [sel=0 cap=8012 rest=483] sg=2->2 mode=GET_NOWHERE win=8 obs=13 | cap=wip/GET_NOWHERE act=TURN request=+45deg execute=+15deg x1 a=3 | preview=view-/6 yaw=+0 render=36ms dtg=7.59 region=1_9
ep=1306 s=13 6882ms [sel=0 cap=6773 rest=109] sg=2->2 mode=GET_NOWHERE win=8 obs=14 | cap=wip/GET_NOWHERE act=TURN request=+45deg execute=+15deg x1 a=3 dtg=7.59 region=1_9
ep=1306 s=14 12172ms [sel=3705 cap=8362 rest=105] sg=2->2 mode=NONE win=8 obs=15 | cap=wip act=(320,360) d=1.66 a=1 | sp=som:active d=1.7 age=0 som=3/6 dtg=7.72 region=1_9
ep=1306 s=15 6455ms [sel=4 cap=5951 rest=464] sg=2->2 mode=NONE win=8 obs=16 | cap=wip act=(320,360) d=1.47 a=1 | preview=view-/6 yaw=+0 render=36ms | sp=som:active d=1.5 age=1 dtg=7.86 region=1_9
ep=1306 s=16 11150ms [sel=5 cap=11049 rest=97] sg=2->2 mode=NONE win=8 obs=17 | cap=wip act=(320,360) d=1.29 a=3 | sp=som:active d=1.3 age=2 dtg=7.86 region=1_9
ep=1306 s=17 9250ms [sel=3 cap=9154 rest=92] sg=2->2 mode=NONE win=8 obs=18 | cap=wip act=(320,360) d=1.29 a=3 | sp=som:active d=1.3 age=3 dtg=7.86 region=1_9
ep=1306 s=18 5631ms [sel=4 cap=5519 rest=109] sg=2->2 mode=NONE win=8 obs=19 | cap=wip act=(320,360) d=1.29 a=1 | sp=som:active d=1.3 age=4 dtg=7.90 region=1_9
ep=1306 s=19 6327ms [sel=3 cap=6229 rest=95] sg=2->2 mode=NONE win=8 obs=20 | cap=wip act=(320,360) d=1.06 a=3 | sp=som:active d=1.1 age=5 dtg=7.90 region=1_9
ep=1306 s=20 7938ms [sel=3 cap=7833 rest=101] sg=2->2 mode=NONE win=8 obs=21 | cap=wip act=(320,360) d=1.06 a=1 | sp=som:active d=1.1 age=6 dtg=7.91 region=1_9
ep=1306 s=21 7371ms [sel=3 cap=7267 rest=101] sg=2->2 mode=NONE win=8 obs=22 | cap=wip act=(320,360) d=0.81 a=1 | sp=som:active d=0.8 age=7 dtg=7.94 region=1_9
ep=1306 s=22 5830ms [sel=3 cap=5727 rest=100] sg=2->2 mode=NONE win=8 obs=23 | cap=wip act=(320,360) d=0.57 a=3 | sp=som:active d=0.6 age=8 dtg=7.94 region=1_9
ep=1306 s=23 8886ms [sel=3 cap=8779 rest=104] sg=2->2 mode=NONE win=8 obs=24 | cap=wip act=(320,360) d=0.57 a=1 | sp=som:active d=0.6 age=9 dtg=7.93 region=1_9
ep=1306 s=24 17365ms [sel=8173 cap=9086 rest=106] sg=2->2 mode=NONE win=8 obs=25 | cap=wip act=(320,360) d=0.58 a=3 | sp=som:active d=0.6 age=0 som=1/5 dtg=7.93 region=1_9
ep=1306 s=25 10481ms [sel=3 cap=9983 rest=459] sg=2->2 mode=NONE win=8 obs=26 | cap=wip act=(320,360) d=0.58 a=1 | preview=view-/6 yaw=+0 render=36ms | sp=som:active d=0.6 age=1 dtg=7.88 region=1_9
ep=1306 s=26 12699ms [sel=5084 cap=7511 rest=104] sg=2->2 mode=NONE win=8 obs=27 | cap=wip act=(320,360) d=1.96 a=3 | sp=som:active d=2.0 age=0 som=2/5 dtg=7.88 region=1_9
ep=1306 s=27 5983ms [sel=15 cap=5865 rest=104] sg=2->2 mode=NONE win=8 obs=28 | cap=wip act=(320,360) d=1.96 a=3 | sp=som:active d=2.0 age=1 dtg=7.88 region=1_9
ep=1306 s=28 6039ms [sel=7 cap=5519 rest=477] sg=2->2 mode=NONE win=8 obs=29 | cap=wip act=(320,360) d=1.96 a=3 | preview=view-/6 yaw=+0 render=36ms | sp=som:active d=2.0 age=2 dtg=7.88 region=1_9
ep=1306 s=29 7031ms [sel=3 cap=6912 rest=116] sg=2->2 mode=NONE win=8 obs=30 | cap=wip act=(320,360) d=1.96 a=3 | sp=som:active d=2.0 age=3 dtg=7.88 region=1_9
ep=1306 s=30 5838ms [sel=3 cap=5716 rest=118] sg=2->2 mode=NONE win=8 obs=31 | cap=wip act=(320,360) d=1.96 a=1 | sp=som:active d=2.0 age=4 dtg=7.64 region=1_9
ep=1306 s=31 4961ms [sel=3 cap=4837 rest=121] sg=2->2 mode=NONE win=8 obs=32 | cap=wip act=(320,360) d=1.73 a=3 | sp=som:active d=1.7 age=5 dtg=7.64 region=1_9
ep=1306 s=32 4172ms [sel=3 cap=4049 rest=120] sg=2->2 mode=NONE win=8 obs=33 | cap=wip act=(320,360) d=1.73 a=1 | sp=som:active d=1.7 age=6 dtg=7.39 region=1_9
ep=1306 s=33 5161ms [sel=4 cap=5042 rest=116] sg=2->2 mode=NONE win=8 obs=34 | cap=wip act=(320,360) d=1.53 a=1 | sp=som:active d=1.5 age=7 dtg=7.14 region=1_9
ep=1306 s=34 4468ms [sel=5 cap=4344 rest=120] sg=2->2 mode=NONE win=8 obs=35 | cap=wip act=(320,360) d=1.35 a=1 | sp=som:active d=1.4 age=8 dtg=6.90 region=1_9
ep=1306 s=35 3896ms [sel=5 cap=3777 rest=115] sg=2->2 mode=NONE win=8 obs=36 | cap=wip act=(320,360) d=1.20 a=1 | sp=som:active d=1.2 age=9 dtg=6.65 region=0_4
ep=1306 s=36 3827ms [sel=7 cap=3702 rest=118] sg=2->2 mode=NONE win=8 obs=37 | cap=wip act=(320,360) d=1.08 a=2 | sp=som:active d=1.1 age=10 dtg=6.65 region=0_4
ep=1306 s=37 4284ms [sel=5 cap=4166 rest=113] sg=2->2 mode=NONE win=8 obs=38 | cap=wip act=(320,360) d=1.08 a=2 | sp=som:active d=1.1 age=11 dtg=6.65 region=0_4
ep=1306 s=38 5326ms [sel=3 cap=5207 rest=117] sg=2->2 mode=NONE win=8 obs=39 | cap=wip act=(320,360) d=1.08 a=2 | sp=som:active d=1.1 age=12 dtg=6.65 region=0_4
ep=1306 s=39 10834ms [sel=3 cap=10720 rest=111] sg=2->2 mode=NONE win=8 obs=40 | cap=wip act=(320,360) d=1.08 a=1 | sp=som:active d=1.1 age=13 dtg=6.51 region=0_4
ep=1306 s=40 8276ms [sel=3 cap=8158 rest=116] sg=2->2 mode=NONE win=8 obs=41 | cap=wip act=(320,360) d=0.86 a=2 | sp=som:active d=0.9 age=14 dtg=6.51 region=0_4
ep=1306 s=41 7309ms [sel=83 cap=6696 rest=491] sg=2->2 mode=NONE win=8 obs=42 | cap=wip act=(160,180) d=4.01 a=3 | preview=view4/6 yaw=+60 render=39ms | sp=preview:active d=4.0 age=0 dtg=6.51 region=0_4
ep=1306 s=42 7217ms [sel=37 cap=7039 rest=140] sg=2->2 mode=NONE win=8 obs=43 | cap=wip act=(320,360) d=4.01 a=3 | sp=preview:active d=4.0 age=1 dtg=6.51 region=0_4
ep=1306 s=43 6799ms [sel=20 cap=6665 rest=115] sg=2->2 mode=NONE win=8 obs=44 | cap=wip act=(320,360) d=4.01 a=3 | sp=preview:active d=4.0 age=2 dtg=6.51 region=0_4
ep=1306 s=44 10259ms [sel=32 cap=9687 rest=504] sg=2->2 mode=NONE win=8 obs=45 | cap=wip act=(160,180) d=4.01 a=1 | preview=view3/6 yaw=+0 render=36ms | sp=preview:active d=4.0 age=0 dtg=6.30 region=0_4
ep=1306 s=45 10794ms [sel=18 cap=10660 rest=115] sg=2->2 mode=NONE win=8 obs=46 | cap=wip act=(320,360) d=3.78 a=1 | sp=preview:active d=3.8 age=1 dtg=6.11 region=0_4
ep=1306 s=46 5059ms [sel=17 cap=4925 rest=117] sg=2->2 mode=NONE win=8 obs=47 | cap=wip act=(320,360) d=3.55 a=3 | sp=preview:active d=3.6 age=2 dtg=6.11 region=0_4
ep=1306 s=47 6911ms [sel=17 cap=6782 rest=112] sg=2->2 mode=NONE win=8 obs=48 | cap=wip act=(320,360) d=3.55 a=1 | sp=preview:active d=3.6 age=3 dtg=5.88 region=0_4
ep=1306 s=48 5512ms [sel=17 cap=5380 rest=116] sg=2->2 mode=NONE win=8 obs=49 | cap=wip act=(320,360) d=3.31 a=1 | sp=preview:active d=3.3 age=4 dtg=5.70 region=0_4
ep=1306 s=49 4535ms [sel=3 cap=4419 rest=113] sg=2->2 mode=NONE win=8 obs=50 | cap=wip act=(320,360) d=3.06 a=1 | sp=preview:active d=3.1 age=5 dtg=5.48 region=0_4
ep=1306 s=50 7991ms [sel=30 cap=7416 rest=510] sg=2->2 mode=NONE win=8 obs=51 | cap=wip act=(160,180) d=3.31 a=3 | preview=view4/6 yaw=+45 render=36ms | sp=preview:active d=3.3 age=0 dtg=5.48 region=0_4
ep=1306 s=51 4010ms [sel=6 cap=3894 rest=110] sg=2->2 mode=NONE win=8 obs=52 | cap=wip act=(320,360) d=3.31 a=1 | sp=preview:active d=3.3 age=1 dtg=5.27 region=0_4
ep=1306 s=52 5112ms [sel=9 cap=4992 rest=111] sg=2->2 mode=NONE win=8 obs=53 | cap=wip act=(320,360) d=3.11 a=1 | sp=preview:active d=3.1 age=2 dtg=5.08 region=0_4
ep=1306 s=53 5392ms [sel=13 cap=5267 rest=111] sg=2->2 mode=NONE win=8 obs=54 | cap=wip act=(320,360) d=2.92 a=3 | sp=preview:active d=2.9 age=3 dtg=5.08 region=0_4
ep=1306 s=54 9017ms [sel=2841 cap=6068 rest=108] sg=2->3 mode=NONE win=8 obs=55 | cap=DONE act=(320,360) d=3.02 a=1 | sp=som:active d=3.0 age=0 som=3/7 dtg=4.85 region=0_4
ep=1306 s=55 5530ms [sel=3 cap=5417 rest=110] sg=3->3 mode=NONE win=8 obs=56 | cap=wip act=(320,360) d=2.79 a=3 | sp=som:active d=2.8 age=1 dtg=4.85 region=0_4
ep=1306 s=56 12703ms [sel=3 cap=12139 rest=525] sg=3->3 mode=NONE win=8 obs=57 | cap=wip act=(320,360) d=2.79 a=1 | preview=view-/6 yaw=+0 render=36ms | sp=som:active d=2.8 age=2 dtg=4.61 region=0_4
ep=1306 s=57 5065ms [sel=3 cap=4956 rest=106] sg=3->3 mode=NONE win=8 obs=58 | cap=wip act=(320,360) d=2.55 a=1 | sp=som:active d=2.6 age=3 dtg=4.36 region=0_4
ep=1306 s=58 6744ms [sel=3 cap=6632 rest=109] sg=3->3 mode=NONE win=8 obs=59 | cap=wip act=(320,360) d=2.31 a=1 | sp=som:active d=2.3 age=4 dtg=4.12 region=0_4
ep=1306 s=59 16634ms [sel=3 cap=16115 rest=478] sg=3->3 mode=NONE win=8 obs=60 | cap=wip act=(320,360) d=2.07 a=1 | preview=view-/6 yaw=+0 render=38ms | sp=som:active d=2.1 age=5 dtg=3.89 region=1_8
ep=1306 s=60 4419ms [sel=3 cap=4306 rest=110] sg=3->3 mode=NONE win=8 obs=61 | cap=wip act=(320,360) d=1.83 a=3 | sp=som:active d=1.8 age=6 dtg=3.89 region=1_8
ep=1306 s=61 8342ms [sel=3 cap=8232 rest=108] sg=3->3 mode=NONE win=8 obs=62 | cap=wip act=(320,360) d=1.83 a=1 | sp=som:active d=1.8 age=7 dtg=3.64 region=1_8
ep=1306 s=62 14711ms [sel=3 cap=14170 rest=501] sg=3->3 mode=NONE win=8 obs=63 | cap=wip act=(320,360) d=1.59 a=3 | preview=view-/6 yaw=+0 render=37ms | sp=som:active d=1.6 age=8 dtg=3.64 region=1_8
ep=1306 s=63 10990ms [sel=3 cap=10882 rest=105] sg=3->3 mode=NONE win=8 obs=64 | cap=wip act=(320,360) d=1.59 a=1 | sp=som:active d=1.6 age=9 dtg=3.39 region=1_8
ep=1306 s=64 5058ms [sel=3 cap=4952 rest=103] sg=3->3 mode=NONE win=8 obs=65 | cap=wip act=(320,360) d=1.34 a=3 | sp=som:active d=1.3 age=10 dtg=3.39 region=1_8
ep=1306 s=65 17555ms [sel=5 cap=17018 rest=494] sg=3->None mode=NONE win=8 obs=66 | cap=DONE act=(320,360) d=1.00 a=1 | preview=view-/6 yaw=+0 render=38ms | sp=som:active d=1.3 age=11 dtg=3.17 region=1_8
ep=1306 s=66 107ms [sel=4 cap=0 rest=103] sg=None->None mode=NONE win=8 obs=67 | cap=- act=(320,360) d=1.00 a=1 | sp=som:active d=1.1 age=12 dtg=2.99 region=1_8
ep=1306 s=67 113ms [sel=4 cap=0 rest=109] sg=None->None mode=NONE win=8 obs=68 | cap=- act=(320,360) d=1.00 a=1 | sp=som:active d=0.9 age=13 dtg=2.82 region=1_8
ep=1306 s=68 104ms [sel=0 cap=0 rest=104] sg=None->None mode=NONE win=8 obs=69 | cap=- act=STOP | sp=som:active d=0.7 age=14 dtg=2.82 region=1_8
rank=3 [15/20] id=1306 steps=69 success=1.000 spl=0.810 dtg=2.82 osr=1 path_length=8.48 ndtw=0.711 sdtw=0.711
episode=1332 instruction='Walk up the steps and turn right. Walk toward the front door and turn right at the steps. Walk up the stairs and stop at the top of the steps. ' start_position=[3.9755098819732666, -0.409275621175766, -4.967030048370361] goal_position=[2.1451499462127686, 3.560312509536743, -5.003729820251465] reference_geodesic=11.801658630371094
episode=1332 prepared_subgoals=4
  [1] Walk up the steps
      proof: The camera has passed the steps: it is behind or below the camera and the space beyond it fills the view; the camera has not yet turned right.
  [2] Turn right until the front door is centered ahead, then walk toward the front door
      proof: The front door is beside or directly ahead of the camera, within a step; the camera has not yet turned right.
  [3] Turn right at the steps, then walk up the stairs
      proof: The stairs are behind the camera and the top landing fills the view.
  [4] Stop at the top of the steps
      proof: The camera is stationary beside the top of the steps, with the top landing central in the view
ep=1332 s=0 8467ms [sel=19 cap=8075 rest=336] sg=1->1 mode=NONE win=1 obs=1 | cap=wip act=(320,360) d=2.25 a=3 | preview=view-/6 yaw=+0 render=36ms | sp=frontier:active d=2.3 age=0 dtg=11.80 region=0_3
ep=1332 s=1 4824ms [sel=6 cap=4742 rest=76] sg=1->1 mode=GET_NOWHERE win=2 obs=2 | cap=wip/GET_NOWHERE act=(320,360) d=2.25 a=3 | sp=frontier:active d=2.3 age=1 dtg=11.80 region=0_3
ep=1332 s=2 6446ms [sel=6 cap=6368 rest=73] sg=1->1 mode=GET_NOWHERE win=3 obs=3 | cap=wip/GET_NOWHERE act=(320,360) d=2.25 a=3 | sp=frontier:active d=2.3 age=2 dtg=11.80 region=0_3
ep=1332 s=3 8185ms [sel=6 cap=7788 rest=353] sg=1->1 mode=NONE win=4 obs=4 | cap=wip act=(320,360) d=2.25 a=3 | preview=view-/6 yaw=+0 render=39ms | sp=frontier:active d=2.3 age=3 dtg=11.80 region=0_3
ep=1332 s=4 4956ms [sel=4 cap=4876 rest=76] sg=1->1 mode=NONE win=5 obs=5 | cap=wip act=(320,360) d=2.25 a=3 | sp=frontier:active d=2.3 age=4 dtg=11.80 region=0_3
ep=1332 s=5 6304ms [sel=3 cap=6224 rest=78] sg=1->1 mode=NONE win=6 obs=6 | cap=wip act=(320,360) d=2.25 a=3 | sp=frontier:active d=2.3 age=5 dtg=11.80 region=0_3
ep=1332 s=6 8767ms [sel=3 cap=8681 rest=83] sg=1->1 mode=NONE win=7 obs=7 | cap=wip act=(320,360) d=2.25 a=1 | sp=frontier:active d=2.3 age=6 dtg=12.08 region=0_3
ep=1332 s=7 12679ms [sel=3 cap=12593 rest=83] sg=1->1 mode=NONE win=8 obs=8 | cap=wip act=(320,360) d=2.01 a=1 | sp=frontier:active d=2.0 age=7 dtg=12.37 region=0_3
ep=1332 s=8 6505ms [sel=3 cap=6400 rest=102] sg=1->1 mode=NONE win=8 obs=9 | cap=wip act=(320,360) d=1.76 a=1 | sp=frontier:active d=1.8 age=8 dtg=12.67 region=0_3
ep=1332 s=9 6294ms [sel=4 cap=6214 rest=77] sg=1->1 mode=NONE win=8 obs=10 | cap=wip act=(320,360) d=1.51 a=1 | sp=frontier:active d=1.5 age=9 dtg=12.97 region=0_3
ep=1332 s=10 6892ms [sel=0 cap=6804 rest=88] sg=1->2 mode=NONE win=8 obs=11 | cap=DONE act=TURN request=+45deg execute=+15deg x1 a=3 | sp=frontier:active d=1.3 age=10 dtg=12.97 region=0_3
ep=1332 s=11 7044ms [sel=0 cap=6967 rest=77] sg=2->2 mode=NONE win=8 obs=12 | cap=wip act=TURN request=+45deg execute=+15deg x1 a=3 dtg=12.97 region=0_3
ep=1332 s=12 4265ms [sel=0 cap=4184 rest=81] sg=2->2 mode=NONE win=8 obs=13 | cap=wip act=TURN request=+45deg execute=+15deg x1 a=3 dtg=12.97 region=0_3
ep=1332 s=13 8399ms [sel=0 cap=8315 rest=84] sg=2->2 mode=NONE win=8 obs=14 | cap=wip act=TURN request=+45deg execute=+15deg x1 a=3 dtg=12.97 region=0_3
ep=1332 s=14 4840ms [sel=0 cap=4756 rest=85] sg=2->2 mode=NONE win=8 obs=15 | cap=wip act=TURN request=+45deg execute=+15deg x1 a=3 dtg=12.97 region=0_3
ep=1332 s=15 8433ms [sel=3107 cap=5240 rest=86] sg=2->2 mode=NONE win=8 obs=16 | cap=wip act=TURN request=-45deg execute=-15deg x1 a=2 | sp=som:active d=1.3 age=0 som=2/3 dtg=12.97 region=0_3
ep=1332 s=16 7924ms [sel=4 cap=7836 rest=83] sg=2->2 mode=NONE win=8 obs=17 | cap=wip act=TURN request=-45deg execute=-15deg x1 a=2 | sp=som:active d=1.3 age=1 dtg=12.97 region=0_3
ep=1332 s=17 6406ms [sel=3 cap=6319 rest=84] sg=2->2 mode=NONE win=8 obs=18 | cap=wip act=(320,360) d=1.26 a=2 | sp=som:active d=1.3 age=2 dtg=12.97 region=0_3
ep=1332 s=18 5386ms [sel=3 cap=5301 rest=82] sg=2->2 mode=NONE win=8 obs=19 | cap=wip act=(320,360) d=1.26 a=2 | sp=som:active d=1.3 age=3 dtg=12.97 region=0_3
ep=1332 s=19 8518ms [sel=3 cap=8438 rest=77] sg=2->2 mode=NONE win=8 obs=20 | cap=wip act=(320,360) d=1.26 a=1 | sp=som:active d=1.3 age=4 dtg=13.25 region=0_3
ep=1332 s=20 7236ms [sel=3 cap=7153 rest=79] sg=2->2 mode=NONE win=8 obs=21 | cap=wip act=(320,360) d=1.01 a=2 | sp=som:active d=1.0 age=5 dtg=13.25 region=0_3
ep=1332 s=21 6549ms [sel=3 cap=6463 rest=83] sg=2->2 mode=NONE win=8 obs=22 | cap=wip act=(320,360) d=1.01 a=1 | sp=som:active d=1.0 age=6 dtg=13.56 region=0_3
ep=1332 s=22 7745ms [sel=3 cap=7665 rest=78] sg=2->2 mode=NONE win=8 obs=23 | cap=wip act=(320,360) d=0.76 a=1 | sp=som:active d=0.8 age=7 dtg=13.87 region=0_3
ep=1332 s=23 4898ms [sel=3 cap=4811 rest=84] sg=2->2 mode=NONE win=8 obs=24 | cap=wip act=(320,360) d=0.52 a=1 | sp=som:active d=0.5 age=8 dtg=14.18 region=0_3
ep=1332 s=24 9352ms [sel=3106 cap=6164 rest=82] sg=2->2 mode=NONE win=8 obs=25 | cap=wip act=(320,296) d=3.60 a=1 som=4/6 dtg=14.49 region=0_3
ep=1332 s=25 6796ms [sel=971 cap=5739 rest=86] sg=2->2 mode=NONE win=8 obs=26 | cap=wip act=TURN request=-45deg execute=-15deg x1 a=2 som=4/6 dtg=14.49 region=0_3
ep=1332 s=26 2188ms [sel=0 cap=2100 rest=88] sg=2->2 mode=NONE win=8 obs=27 | cap=wip act=TURN request=-45deg execute=-15deg x1 a=2 dtg=14.49 region=0_3
ep=1332 s=27 7798ms [sel=0 cap=7713 rest=85] sg=2->2 mode=NONE win=8 obs=28 | cap=wip act=TURN request=-45deg execute=-15deg x1 a=2 dtg=14.49 region=0_3
ep=1332 s=28 6201ms [sel=0 cap=6118 rest=83] sg=2->2 mode=NONE win=8 obs=29 | cap=wip act=TURN request=-45deg execute=-15deg x1 a=2 dtg=14.49 region=0_3
ep=1332 s=29 5364ms [sel=0 cap=5272 rest=92] sg=2->2 mode=NONE win=8 obs=30 | cap=wip act=TURN request=-45deg execute=-15deg x1 a=2 dtg=14.49 region=0_3
ep=1332 s=30 5603ms [sel=0 cap=5513 rest=89] sg=2->2 mode=NONE win=8 obs=31 | cap=wip act=TURN request=-45deg execute=-15deg x1 a=2 dtg=14.49 region=0_3
ep=1332 s=31 6082ms [sel=0 cap=5991 rest=91] sg=2->2 mode=NONE win=8 obs=32 | cap=wip act=TURN request=-45deg execute=-15deg x1 a=2 dtg=14.49 region=0_3
ep=1332 s=32 5283ms [sel=0 cap=5198 rest=85] sg=2->2 mode=GET_NOWHERE win=8 obs=33 | cap=wip/GET_NOWHERE act=TURN request=-45deg execute=-15deg x1 a=2 dtg=14.49 region=0_3
ep=1332 s=33 6795ms [sel=0 cap=6706 rest=89] sg=2->2 mode=NONE win=8 obs=34 | cap=wip act=TURN request=-45deg execute=-15deg x1 a=2 dtg=14.49 region=0_3
ep=1332 s=34 7055ms [sel=0 cap=6960 rest=95] sg=2->2 mode=NONE win=8 obs=35 | cap=wip act=TURN request=-45deg execute=-15deg x1 a=2 dtg=14.49 region=0_3
ep=1332 s=35 6928ms [sel=0 cap=6828 rest=100] sg=2->2 mode=NONE win=8 obs=36 | cap=wip act=TURN request=-45deg execute=-15deg x1 a=2 dtg=14.49 region=0_3
ep=1332 s=36 4329ms [sel=0 cap=4232 rest=97] sg=2->2 mode=NONE win=8 obs=37 | cap=wip act=TURN request=-45deg execute=-15deg x1 a=2 dtg=14.49 region=0_3
ep=1332 s=37 13851ms [sel=51 cap=13702 rest=98] sg=2->2 mode=NONE win=8 obs=38 | cap=wip act=(71,366) d=2.40 a=2 dtg=14.49 region=0_3
ep=1332 s=38 10864ms [sel=2229 cap=8537 rest=97] sg=2->2 mode=NONE win=8 obs=39 | cap=wip act=TURN request=+45deg execute=+15deg x1 a=3 som=1/3 dtg=14.49 region=0_3
ep=1332 s=39 10451ms [sel=2249 cap=8109 rest=93] sg=2->2 mode=NONE win=8 obs=40 | cap=wip act=(71,366) d=2.40 a=2 som=1/3 dtg=14.49 region=0_3
ep=1332 s=40 8610ms [sel=2286 cap=6228 rest=96] sg=2->2 mode=NONE win=8 obs=41 | cap=wip act=TURN request=+45deg execute=+15deg x1 a=3 som=1/3 dtg=14.49 region=0_3
ep=1332 s=41 8086ms [sel=2508 cap=5485 rest=93] sg=2->2 mode=NONE win=8 obs=42 | cap=wip act=(71,366) d=2.40 a=2 som=1/3 dtg=14.49 region=0_3
ep=1332 s=42 6683ms [sel=2008 cap=4580 rest=95] sg=2->2 mode=NONE win=8 obs=43 | cap=wip act=TURN request=+45deg execute=+15deg x1 a=3 som=1/3 dtg=14.49 region=0_3
ep=1332 s=43 15500ms [sel=48 cap=15358 rest=94] sg=2->2 mode=NONE win=8 obs=44 | cap=wip act=(71,366) d=2.40 a=2 dtg=14.49 region=0_3
ep=1332 s=44 9472ms [sel=2006 cap=7035 rest=390] sg=2->2 mode=NONE win=8 obs=45 | cap=wip act=TURN request=+45deg execute=+15deg x1 a=3 | preview=view-/6 yaw=+0 render=40ms som=1/2 dtg=14.49 region=0_3
ep=1332 s=45 7111ms [sel=1943 cap=5065 rest=102] sg=2->2 mode=NONE win=8 obs=46 | cap=wip act=(71,366) d=2.40 a=2 som=1/2 dtg=14.49 region=0_3
ep=1332 s=46 5162ms [sel=1587 cap=3479 rest=96] sg=2->2 mode=NONE win=8 obs=47 | cap=wip act=TURN request=+45deg execute=+15deg x1 a=3 som=1/2 dtg=14.49 region=0_3
ep=1332 s=47 8554ms [sel=2702 cap=5759 rest=93] sg=2->2 mode=NONE win=8 obs=48 | cap=wip act=(71,366) d=2.40 a=2 som=1/2 dtg=14.49 region=0_3
ep=1332 s=48 9117ms [sel=2328 cap=6692 rest=96] sg=2->2 mode=NONE win=8 obs=49 | cap=wip act=TURN request=+45deg execute=+15deg x1 a=3 som=1/2 dtg=14.49 region=0_3
ep=1332 s=49 11699ms [sel=2503 cap=9103 rest=93] sg=2->2 mode=NONE win=8 obs=50 | cap=wip act=(71,366) d=2.40 a=2 som=1/2 dtg=14.49 region=0_3
ep=1332 s=50 11908ms [sel=2839 cap=8973 rest=97] sg=2->2 mode=NONE win=8 obs=51 | cap=wip act=TURN request=+45deg execute=+15deg x1 a=3 som=1/2 dtg=14.49 region=0_3
ep=1332 s=51 10207ms [sel=1930 cap=8181 rest=97] sg=2->2 mode=NONE win=8 obs=52 | cap=wip act=(71,366) d=2.40 a=2 som=1/2 dtg=14.49 region=0_3
ep=1332 s=52 12487ms [sel=3872 cap=8519 rest=96] sg=2->2 mode=NONE win=8 obs=53 | cap=wip act=TURN request=+45deg execute=+15deg x1 a=3 som=1/2 dtg=14.49 region=0_3
ep=1332 s=53 12617ms [sel=2602 cap=9919 rest=96] sg=2->2 mode=NONE win=8 obs=54 | cap=wip act=(71,366) d=2.40 a=2 som=1/2 dtg=14.49 region=0_3
ep=1332 s=54 9858ms [sel=1577 cap=8183 rest=98] sg=2->2 mode=NONE win=8 obs=55 | cap=wip act=TURN request=+45deg execute=+15deg x1 a=3 som=1/2 dtg=14.49 region=0_3
ep=1332 s=55 10001ms [sel=3222 cap=6685 rest=93] sg=2->2 mode=NONE win=8 obs=56 | cap=wip act=(71,366) d=2.40 a=2 som=1/2 dtg=14.49 region=0_3
ep=1332 s=56 9134ms [sel=2457 cap=6582 rest=95] sg=2->2 mode=NONE win=8 obs=57 | cap=wip act=TURN request=+45deg execute=+15deg x1 a=3 som=1/2 dtg=14.49 region=0_3
ep=1332 s=57 7902ms [sel=1677 cap=6132 rest=92] sg=2->2 mode=NONE win=8 obs=58 | cap=wip act=(71,366) d=2.40 a=2 som=1/2 dtg=14.49 region=0_3
ep=1332 s=58 12120ms [sel=4271 cap=7753 rest=96] sg=2->2 mode=NONE win=8 obs=59 | cap=wip act=TURN request=+45deg execute=+15deg x1 a=3 som=1/2 dtg=14.49 region=0_3
ep=1332 s=59 8611ms [sel=920 cap=7598 rest=92] sg=2->2 mode=NONE win=8 obs=60 | cap=wip act=(71,366) d=2.40 a=2 som=1/2 dtg=14.49 region=0_3
ep=1332 s=60 8972ms [sel=1738 cap=7137 rest=97] sg=2->2 mode=NONE win=8 obs=61 | cap=wip act=TURN request=+45deg execute=+15deg x1 a=3 som=1/2 dtg=14.49 region=0_3
ep=1332 s=61 11715ms [sel=4883 cap=6735 rest=97] sg=2->2 mode=NONE win=8 obs=62 | cap=wip act=(71,366) d=2.40 a=2 som=1/2 dtg=14.49 region=0_3
ep=1332 s=62 9054ms [sel=1529 cap=7428 rest=96] sg=2->2 mode=NONE win=8 obs=63 | cap=wip act=TURN request=+45deg execute=+15deg x1 a=3 som=1/2 dtg=14.49 region=0_3
ep=1332 s=63 7252ms [sel=1825 cap=5332 rest=94] sg=2->2 mode=NONE win=8 obs=64 | cap=wip act=(71,366) d=2.40 a=2 som=1/2 dtg=14.49 region=0_3
ep=1332 s=64 10441ms [sel=3209 cap=7134 rest=98] sg=2->2 mode=NONE win=8 obs=65 | cap=wip act=TURN request=+45deg execute=+15deg x1 a=3 som=1/2 dtg=14.49 region=0_3
ep=1332 s=65 10435ms [sel=2292 cap=8045 rest=97] sg=2->2 mode=NONE win=8 obs=66 | cap=wip act=(71,366) d=2.40 a=2 som=1/2 dtg=14.49 region=0_3
ep=1332 s=66 10805ms [sel=2641 cap=8065 rest=98] sg=2->2 mode=NONE win=8 obs=67 | cap=wip act=TURN request=+45deg execute=+15deg x1 a=3 som=1/2 dtg=14.49 region=0_3
ep=1332 s=67 9225ms [sel=1032 cap=8098 rest=95] sg=2->2 mode=NONE win=8 obs=68 | cap=wip act=(71,366) d=2.40 a=2 som=1/2 dtg=14.49 region=0_3
ep=1332 s=68 8304ms [sel=2047 cap=6159 rest=98] sg=2->2 mode=NONE win=8 obs=69 | cap=wip act=TURN request=+45deg execute=+15deg x1 a=3 som=1/2 dtg=14.49 region=0_3
ep=1332 s=69 10489ms [sel=3449 cap=6945 rest=95] sg=2->2 mode=NONE win=8 obs=70 | cap=wip act=(71,366) d=2.40 a=2 som=1/2 dtg=14.49 region=0_3
ep=1332 s=70 8118ms [sel=1566 cap=6453 rest=98] sg=2->2 mode=NONE win=8 obs=71 | cap=wip act=TURN request=+45deg execute=+15deg x1 a=3 som=1/2 dtg=14.49 region=0_3
ep=1332 s=71 8703ms [sel=1126 cap=7483 rest=94] sg=2->2 mode=NONE win=8 obs=72 | cap=wip act=(71,366) d=2.40 a=2 som=1/2 dtg=14.49 region=0_3
ep=1332 s=72 8899ms [sel=1697 cap=7106 rest=96] sg=2->2 mode=NONE win=8 obs=73 | cap=wip act=TURN request=+45deg execute=+15deg x1 a=3 som=1/2 dtg=14.49 region=0_3
ep=1332 s=73 10038ms [sel=1797 cap=8148 rest=93] sg=2->2 mode=NONE win=8 obs=74 | cap=wip act=(71,366) d=2.40 a=2 som=1/2 dtg=14.49 region=0_3
ep=1332 s=74 9233ms [sel=3013 cap=5796 rest=389] sg=2->2 mode=NONE win=8 obs=75 | cap=wip act=TURN request=+45deg execute=+15deg x1 a=3 | preview=view-/6 yaw=+0 render=35ms som=1/2 dtg=14.49 region=0_3
ep=1332 s=75 7492ms [sel=2120 cap=5279 rest=94] sg=2->2 mode=NONE win=8 obs=76 | cap=wip act=(71,366) d=2.40 a=2 som=1/2 dtg=14.49 region=0_3
ep=1332 s=76 8170ms [sel=1392 cap=6682 rest=97] sg=2->2 mode=NONE win=8 obs=77 | cap=wip act=TURN request=+45deg execute=+15deg x1 a=3 som=1/2 dtg=14.49 region=0_3
ep=1332 s=77 10459ms [sel=3215 cap=7150 rest=94] sg=2->2 mode=NONE win=8 obs=78 | cap=wip act=(71,366) d=2.40 a=2 som=1/2 dtg=14.49 region=0_3
ep=1332 s=78 9040ms [sel=2952 cap=5991 rest=97] sg=2->2 mode=NONE win=8 obs=79 | cap=wip act=TURN request=+45deg execute=+15deg x1 a=3 som=1/2 dtg=14.49 region=0_3
ep=1332 s=79 8096ms [sel=783 cap=7217 rest=96] sg=2->2 mode=NONE win=8 obs=80 | cap=wip act=(71,366) d=2.40 a=2 som=1/2 dtg=14.49 region=0_3
ep=1332 s=80 8017ms [sel=1958 cap=5960 rest=98] sg=2->2 mode=NONE win=8 obs=81 | cap=wip act=TURN request=+45deg execute=+15deg x1 a=3 som=1/2 dtg=14.49 region=0_3
ep=1332 s=81 8777ms [sel=1315 cap=7366 rest=96] sg=2->2 mode=NONE win=8 obs=82 | cap=wip act=(71,366) d=2.40 a=2 som=1/2 dtg=14.49 region=0_3
ep=1332 s=82 8240ms [sel=1090 cap=7052 rest=98] sg=2->2 mode=NONE win=8 obs=83 | cap=wip act=TURN request=+45deg execute=+15deg x1 a=3 som=1/2 dtg=14.49 region=0_3
ep=1332 s=83 9824ms [sel=1912 cap=7815 rest=97] sg=2->2 mode=NONE win=8 obs=84 | cap=wip act=(71,366) d=2.40 a=2 som=1/2 dtg=14.49 region=0_3
ep=1332 s=84 10287ms [sel=1807 cap=8371 rest=109] sg=2->2 mode=NONE win=8 obs=85 | cap=wip act=TURN request=+45deg execute=+15deg x1 a=3 som=1/2 dtg=14.49 region=0_3
ep=1332 s=85 10614ms [sel=2832 cap=7686 rest=96] sg=2->2 mode=NONE win=8 obs=86 | cap=wip act=(71,366) d=2.40 a=2 som=1/2 dtg=14.49 region=0_3
ep=1332 s=86 6710ms [sel=1817 cap=4796 rest=97] sg=2->2 mode=NONE win=8 obs=87 | cap=wip act=TURN request=+45deg execute=+15deg x1 a=3 som=1/2 dtg=14.49 region=0_3
ep=1332 s=87 8722ms [sel=1975 cap=6654 rest=94] sg=2->2 mode=NONE win=8 obs=88 | cap=wip act=(71,366) d=2.40 a=2 som=1/2 dtg=14.49 region=0_3
ep=1332 s=88 7768ms [sel=1719 cap=5951 rest=97] sg=2->2 mode=NONE win=8 obs=89 | cap=wip act=TURN request=+45deg execute=+15deg x1 a=3 som=1/2 dtg=14.49 region=0_3
ep=1332 s=89 9755ms [sel=1077 cap=8583 rest=95] sg=2->2 mode=NONE win=8 obs=90 | cap=wip act=(71,366) d=2.40 a=2 som=1/2 dtg=14.49 region=0_3
ep=1332 s=90 7614ms [sel=1603 cap=5914 rest=97] sg=2->2 mode=NONE win=8 obs=91 | cap=wip act=TURN request=+45deg execute=+15deg x1 a=3 som=1/2 dtg=14.49 region=0_3
ep=1332 s=91 8204ms [sel=980 cap=7129 rest=95] sg=2->2 mode=NONE win=8 obs=92 | cap=wip act=(71,366) d=2.40 a=2 som=1/2 dtg=14.49 region=0_3
ep=1332 s=92 8911ms [sel=2874 cap=5937 rest=101] sg=2->2 mode=NONE win=8 obs=93 | cap=wip act=TURN request=+45deg execute=+15deg x1 a=3 som=1/2 dtg=14.49 region=0_3
ep=1332 s=93 9207ms [sel=1903 cap=7210 rest=94] sg=2->2 mode=NONE win=8 obs=94 | cap=wip act=(71,366) d=2.40 a=2 som=1/2 dtg=14.49 region=0_3
ep=1332 s=94 8680ms [sel=2392 cap=6192 rest=96] sg=2->2 mode=NONE win=8 obs=95 | cap=wip act=TURN request=+45deg execute=+15deg x1 a=3 som=1/2 dtg=14.49 region=0_3
ep=1332 s=95 14879ms [sel=5664 cap=9120 rest=94] sg=2->2 mode=NONE win=8 obs=96 | cap=wip act=(71,366) d=2.40 a=2 som=1/2 dtg=14.49 region=0_3
ep=1332 s=96 10095ms [sel=3395 cap=6602 rest=99] sg=2->2 mode=NONE win=8 obs=97 | cap=wip act=TURN request=+45deg execute=+15deg x1 a=3 som=1/2 dtg=14.49 region=0_3
ep=1332 s=97 8354ms [sel=1605 cap=6647 rest=102] sg=2->2 mode=NONE win=8 obs=98 | cap=wip act=(71,366) d=2.40 a=2 som=1/2 dtg=14.49 region=0_3
ep=1332 s=98 9105ms [sel=1585 cap=7418 rest=102] sg=2->2 mode=NONE win=8 obs=99 | cap=wip act=TURN request=+45deg execute=+15deg x1 a=3 som=1/2 dtg=14.49 region=0_3
ep=1332 s=99 9480ms [sel=1325 cap=8058 rest=97] sg=2->2 mode=NONE win=8 obs=100 | cap=wip act=(71,366) d=2.40 a=2 som=1/2 dtg=14.49 region=0_3
ep=1332 s=100 8673ms [sel=1490 cap=7087 rest=97] sg=2->2 mode=NONE win=8 obs=101 | cap=wip act=TURN request=+45deg execute=+15deg x1 a=3 som=1/2 dtg=14.49 region=0_3
ep=1332 s=101 11166ms [sel=2866 cap=8206 rest=94] sg=2->2 mode=TURN_OSCILLATION win=8 obs=102 | cap=wip/TURN_OSCILLATION act=(71,366) d=2.40 a=2 som=1/2 dtg=14.49 region=0_3
ep=1332 s=102 7526ms [sel=2122 cap=5304 rest=99] sg=2->2 mode=NONE win=8 obs=103 | cap=wip act=TURN request=+45deg execute=+15deg x1 a=3 som=1/2 dtg=14.49 region=0_3
ep=1332 s=103 8374ms [sel=1439 cap=6842 rest=93] sg=2->2 mode=NONE win=8 obs=104 | cap=wip act=(71,366) d=2.40 a=2 som=1/2 dtg=14.49 region=0_3
ep=1332 s=104 10588ms [sel=2766 cap=7724 rest=98] sg=2->2 mode=NONE win=8 obs=105 | cap=wip act=TURN request=+45deg execute=+15deg x1 a=3 som=1/2 dtg=14.49 region=0_3
ep=1332 s=105 9552ms [sel=1586 cap=7870 rest=95] sg=2->2 mode=NONE win=8 obs=106 | cap=wip act=(71,366) d=2.40 a=2 som=1/2 dtg=14.49 region=0_3
ep=1332 s=106 9990ms [sel=2209 cap=7684 rest=97] sg=2->2 mode=NONE win=8 obs=107 | cap=wip act=TURN request=+45deg execute=+15deg x1 a=3 som=1/2 dtg=14.49 region=0_3
ep=1332 s=107 9494ms [sel=1214 cap=8185 rest=95] sg=2->2 mode=NONE win=8 obs=108 | cap=wip act=(71,366) d=2.40 a=2 som=1/2 dtg=14.49 region=0_3
ep=1332 s=108 11025ms [sel=1367 cap=9562 rest=96] sg=2->2 mode=NONE win=8 obs=109 | cap=wip act=TURN request=+45deg execute=+15deg x1 a=3 som=1/2 dtg=14.49 region=0_3
ep=1332 s=109 9826ms [sel=2077 cap=7656 rest=93] sg=2->2 mode=NONE win=8 obs=110 | cap=wip act=(71,366) d=2.40 a=2 som=1/2 dtg=14.49 region=0_3
ep=1332 s=110 7749ms [sel=2217 cap=5435 rest=96] sg=2->2 mode=NONE win=8 obs=111 | cap=wip act=TURN request=+45deg execute=+15deg x1 a=3 som=1/2 dtg=14.49 region=0_3
ep=1332 s=111 11554ms [sel=47 cap=11413 rest=94] sg=2->2 mode=NONE win=8 obs=112 | cap=wip act=(71,366) d=2.40 a=2 dtg=14.49 region=0_3
ep=1332 s=112 7940ms [sel=2618 cap=5225 rest=97] sg=2->2 mode=NONE win=8 obs=113 | cap=wip act=TURN request=+45deg execute=+15deg x1 a=3 som=1/2 dtg=14.49 region=0_3
ep=1332 s=113 10156ms [sel=2804 cap=7259 rest=93] sg=2->2 mode=NONE win=8 obs=114 | cap=wip act=(71,366) d=2.40 a=2 som=1/2 dtg=14.49 region=0_3
ep=1332 s=114 11201ms [sel=1800 cap=9303 rest=98] sg=2->2 mode=NONE win=8 obs=115 | cap=wip act=TURN request=+45deg execute=+15deg x1 a=3 som=1/2 dtg=14.49 region=0_3
ep=1332 s=115 9144ms [sel=2305 cap=6742 rest=98] sg=2->2 mode=NONE win=8 obs=116 | cap=wip act=(71,366) d=2.40 a=2 som=1/2 dtg=14.49 region=0_3
ep=1332 s=116 9461ms [sel=2683 cap=6682 rest=96] sg=2->2 mode=NONE win=8 obs=117 | cap=wip act=TURN request=+45deg execute=+15deg x1 a=3 som=1/2 dtg=14.49 region=0_3
ep=1332 s=117 8403ms [sel=1637 cap=6673 rest=93] sg=2->2 mode=NONE win=8 obs=118 | cap=wip act=(71,366) d=2.40 a=2 som=1/2 dtg=14.49 region=0_3
ep=1332 s=118 6875ms [sel=1533 cap=5242 rest=100] sg=2->2 mode=NONE win=8 obs=119 | cap=wip act=TURN request=+45deg execute=+15deg x1 a=3 som=1/2 dtg=14.49 region=0_3
ep=1332 s=119 9419ms [sel=2397 cap=6928 rest=93] sg=2->2 mode=NONE win=8 obs=120 | cap=wip act=(71,366) d=2.40 a=2 som=1/2 dtg=14.49 region=0_3
ep=1332 s=120 11212ms [sel=2334 cap=8782 rest=97] sg=2->2 mode=NONE win=8 obs=121 | cap=wip act=TURN request=+45deg execute=+15deg x1 a=3 som=1/2 dtg=14.49 region=0_3
ep=1332 s=121 11143ms [sel=2745 cap=7958 rest=405] sg=2->2 mode=NONE win=8 obs=122 | cap=wip act=(71,366) d=2.40 a=2 | preview=view-/6 yaw=+0 render=35ms som=1/2 dtg=14.49 region=0_3
ep=1332 s=122 6667ms [sel=3039 cap=3525 rest=103] sg=2->2 mode=NONE win=8 obs=123 | cap=wip act=TURN request=+45deg execute=+15deg x1 a=3 som=1/2 dtg=14.49 region=0_3
ep=1332 s=123 9086ms [sel=1063 cap=7927 rest=96] sg=2->2 mode=NONE win=8 obs=124 | cap=wip act=(71,366) d=2.40 a=2 som=1/2 dtg=14.49 region=0_3
ep=1332 s=124 9320ms [sel=2290 cap=6592 rest=398] sg=2->2 mode=NONE win=8 obs=125 | cap=wip act=TURN request=+45deg execute=+15deg x1 a=3 | preview=view-/6 yaw=+0 render=40ms som=1/2 dtg=14.49 region=0_3
ep=1332 s=125 5820ms [sel=1718 cap=4009 rest=93] sg=2->2 mode=NONE win=8 obs=126 | cap=wip act=(71,366) d=2.40 a=2 som=1/2 dtg=14.49 region=0_3
ep=1332 s=126 9261ms [sel=1763 cap=7400 rest=97] sg=2->2 mode=NONE win=8 obs=127 | cap=wip act=TURN request=+45deg execute=+15deg x1 a=3 som=1/2 dtg=14.49 region=0_3
ep=1332 s=127 8891ms [sel=3337 cap=5110 rest=410] sg=2->2 mode=NONE win=8 obs=128 | cap=wip act=(71,366) d=2.40 a=2 | preview=view-/6 yaw=+0 render=34ms som=1/2 dtg=14.49 region=0_3
ep=1332 s=128 8750ms [sel=3790 cap=4850 rest=110] sg=2->2 mode=NONE win=8 obs=129 | cap=wip act=TURN request=+45deg execute=+15deg x1 a=3 som=1/2 dtg=14.49 region=0_3
ep=1332 s=129 5066ms [sel=1621 cap=3348 rest=98] sg=2->2 mode=NONE win=8 obs=130 | cap=wip act=(71,366) d=2.40 a=2 som=1/2 dtg=14.49 region=0_3
ep=1332 s=130 11013ms [sel=2471 cap=8444 rest=98] sg=2->2 mode=NONE win=8 obs=131 | cap=wip act=TURN request=+45deg execute=+15deg x1 a=3 som=1/2 dtg=14.49 region=0_3
ep=1332 s=131 8015ms [sel=871 cap=7047 rest=97] sg=2->2 mode=NONE win=8 obs=132 | cap=wip act=(71,366) d=2.40 a=2 som=1/2 dtg=14.49 region=0_3
ep=1332 s=132 10816ms [sel=115 cap=10601 rest=101] sg=2->2 mode=NONE win=8 obs=133 | cap=wip act=TURN request=+45deg execute=+15deg x1 a=3 dtg=14.49 region=0_3
ep=1332 s=133 8080ms [sel=1724 cap=5920 rest=399] sg=2->2 mode=NONE win=8 obs=134 | cap=wip act=(71,366) d=2.40 a=2 | preview=view-/6 yaw=+0 render=37ms som=1/2 dtg=14.49 region=0_3
ep=1332 s=134 8159ms [sel=2909 cap=5153 rest=97] sg=2->2 mode=NONE win=8 obs=135 | cap=wip act=TURN request=+45deg execute=+15deg x1 a=3 som=1/2 dtg=14.49 region=0_3
ep=1332 s=135 10643ms [sel=45 cap=10504 rest=95] sg=2->2 mode=NONE win=8 obs=136 | cap=wip act=(71,366) d=2.40 a=2 dtg=14.49 region=0_3
ep=1332 s=136 8771ms [sel=1031 cap=7295 rest=406] sg=2->2 mode=NONE win=8 obs=137 | cap=wip act=TURN request=+45deg execute=+15deg x1 a=3 | preview=view-/6 yaw=+0 render=40ms som=1/2 dtg=14.49 region=0_3
ep=1332 s=137 7908ms [sel=2260 cap=5537 rest=111] sg=2->2 mode=NONE win=8 obs=138 | cap=wip act=(71,366) d=2.40 a=2 som=1/2 dtg=14.49 region=0_3
ep=1332 s=138 7952ms [sel=2172 cap=5682 rest=98] sg=2->2 mode=NONE win=8 obs=139 | cap=wip act=TURN request=+45deg execute=+15deg x1 a=3 som=1/2 dtg=14.49 region=0_3
ep=1332 s=139 10350ms [sel=4061 cap=6194 rest=95] sg=2->2 mode=NONE win=8 obs=140 | cap=wip act=(71,366) d=2.40 a=2 som=1/2 dtg=14.49 region=0_3
ep=1332 s=140 11012ms [sel=128 cap=10788 rest=97] sg=2->2 mode=NONE win=8 obs=141 | cap=wip act=TURN request=+45deg execute=+15deg x1 a=3 dtg=14.49 region=0_3
ep=1332 s=141 8952ms [sel=1158 cap=7355 rest=400] sg=2->2 mode=NONE win=8 obs=142 | cap=wip act=(71,366) d=2.40 a=2 | preview=view-/6 yaw=+0 render=38ms som=1/2 dtg=14.49 region=0_3
ep=1332 s=142 6979ms [sel=1490 cap=5393 rest=96] sg=2->2 mode=NONE win=8 obs=143 | cap=wip act=TURN request=+45deg execute=+15deg x1 a=3 som=1/2 dtg=14.49 region=0_3
ep=1332 s=143 10099ms [sel=1416 cap=8589 rest=94] sg=2->2 mode=NONE win=8 obs=144 | cap=wip act=(71,366) d=2.40 a=2 som=1/2 dtg=14.49 region=0_3
ep=1332 s=144 8738ms [sel=1678 cap=6962 rest=98] sg=2->2 mode=NONE win=8 obs=145 | cap=wip act=TURN request=+45deg execute=+15deg x1 a=3 som=1/2 dtg=14.49 region=0_3
ep=1332 s=145 11444ms [sel=3898 cap=7450 rest=96] sg=2->2 mode=NONE win=8 obs=146 | cap=wip act=(71,366) d=2.40 a=2 som=1/2 dtg=14.49 region=0_3
ep=1332 s=146 11460ms [sel=4000 cap=7363 rest=97] sg=2->2 mode=NONE win=8 obs=147 | cap=wip act=TURN request=+45deg execute=+15deg x1 a=3 som=1/2 dtg=14.49 region=0_3
ep=1332 s=147 8956ms [sel=1865 cap=6996 rest=95] sg=2->2 mode=NONE win=8 obs=148 | cap=wip act=(71,366) d=2.40 a=2 som=1/2 dtg=14.49 region=0_3
ep=1332 s=148 9242ms [sel=1900 cap=7245 rest=97] sg=2->2 mode=NONE win=8 obs=149 | cap=wip act=TURN request=+45deg execute=+15deg x1 a=3 som=1/2 dtg=14.49 region=0_3
ep=1332 s=149 6844ms [sel=791 cap=5959 rest=94] sg=2->2 mode=TURN_OSCILLATION win=8 obs=150 | cap=wip/TURN_OSCILLATION act=(71,366) d=2.40 a=2 som=1/2 dtg=14.49 region=0_3
ep=1332 s=150 9303ms [sel=2342 cap=6863 rest=99] sg=2->2 mode=NONE win=8 obs=151 | cap=wip act=TURN request=+45deg execute=+15deg x1 a=3 som=1/2 dtg=14.49 region=0_3
ep=1332 s=151 10340ms [sel=2051 cap=8195 rest=95] sg=2->2 mode=NONE win=8 obs=152 | cap=wip act=(71,366) d=2.40 a=2 som=1/2 dtg=14.49 region=0_3
ep=1332 s=152 10270ms [sel=1407 cap=8761 rest=102] sg=2->2 mode=NONE win=8 obs=153 | cap=wip act=TURN request=+45deg execute=+15deg x1 a=3 som=1/2 dtg=14.49 region=0_3
ep=1332 s=153 10434ms [sel=1522 cap=8817 rest=95] sg=2->2 mode=NONE win=8 obs=154 | cap=wip act=(71,366) d=2.40 a=2 som=1/2 dtg=14.49 region=0_3
ep=1332 s=154 10938ms [sel=3069 cap=7767 rest=102] sg=2->2 mode=NONE win=8 obs=155 | cap=wip act=TURN request=+45deg execute=+15deg x1 a=3 som=1/2 dtg=14.49 region=0_3
ep=1332 s=155 7196ms [sel=2316 cap=4785 rest=96] sg=2->2 mode=NONE win=8 obs=156 | cap=wip act=(71,366) d=2.40 a=2 som=1/2 dtg=14.49 region=0_3
ep=1332 s=156 7134ms [sel=1591 cap=5445 rest=98] sg=2->2 mode=NONE win=8 obs=157 | cap=wip act=TURN request=+45deg execute=+15deg x1 a=3 som=1/2 dtg=14.49 region=0_3
ep=1332 s=157 10642ms [sel=2441 cap=8107 rest=94] sg=2->2 mode=NONE win=8 obs=158 | cap=wip act=(71,366) d=2.40 a=2 som=1/2 dtg=14.49 region=0_3
ep=1332 s=158 4989ms [sel=2486 cap=2403 rest=101] sg=2->2 mode=NONE win=8 obs=159 | cap=wip act=TURN request=+45deg execute=+15deg x1 a=3 som=1/2 dtg=14.49 region=0_3
ep=1332 s=159 10365ms [sel=1308 cap=8964 rest=93] sg=2->2 mode=NONE win=8 obs=160 | cap=wip act=(71,366) d=2.40 a=2 som=1/2 dtg=14.49 region=0_3
ep=1332 s=160 10726ms [sel=2197 cap=8431 rest=98] sg=2->2 mode=NONE win=8 obs=161 | cap=wip act=TURN request=+45deg execute=+15deg x1 a=3 som=1/2 dtg=14.49 region=0_3
ep=1332 s=161 8965ms [sel=1330 cap=7537 rest=98] sg=2->2 mode=NONE win=8 obs=162 | cap=wip act=(71,366) d=2.40 a=2 som=1/2 dtg=14.49 region=0_3
ep=1332 s=162 8599ms [sel=2974 cap=5197 rest=392] sg=2->2 mode=NONE win=8 obs=163 | cap=wip act=TURN request=+45deg execute=+15deg x1 a=3 | preview=view-/6 yaw=+0 render=36ms som=1/2 dtg=14.49 region=0_3
ep=1332 s=163 5875ms [sel=1374 cap=4406 rest=95] sg=2->2 mode=NONE win=8 obs=164 | cap=wip act=(71,366) d=2.40 a=2 som=1/2 dtg=14.49 region=0_3
ep=1332 s=164 8914ms [sel=1519 cap=7296 rest=99] sg=2->2 mode=NONE win=8 obs=165 | cap=wip act=TURN request=+45deg execute=+15deg x1 a=3 som=1/2 dtg=14.49 region=0_3
ep=1332 s=165 7910ms [sel=1146 cap=6668 rest=97] sg=2->2 mode=NONE win=8 obs=166 | cap=wip act=(71,366) d=2.40 a=2 som=1/2 dtg=14.49 region=0_3
ep=1332 s=166 7964ms [sel=1801 cap=6063 rest=101] sg=2->2 mode=NONE win=8 obs=167 | cap=wip act=TURN request=+45deg execute=+15deg x1 a=3 som=1/2 dtg=14.49 region=0_3
ep=1332 s=167 12852ms [sel=5399 cap=7355 rest=98] sg=2->2 mode=NONE win=8 obs=168 | cap=wip act=(71,366) d=2.40 a=2 som=1/2 dtg=14.49 region=0_3
ep=1332 s=168 12453ms [sel=119 cap=11906 rest=392] sg=2->2 mode=NONE win=8 obs=169 | cap=wip act=TURN request=+45deg execute=+15deg x1 a=3 | preview=view-/6 yaw=+0 render=36ms dtg=14.49 region=0_3
ep=1332 s=169 6746ms [sel=1909 cap=4740 rest=97] sg=2->2 mode=NONE win=8 obs=170 | cap=wip act=(71,366) d=2.40 a=2 som=1/2 dtg=14.49 region=0_3
ep=1332 s=170 8671ms [sel=1944 cap=6628 rest=99] sg=2->2 mode=NONE win=8 obs=171 | cap=wip act=TURN request=+45deg execute=+15deg x1 a=3 som=1/2 dtg=14.49 region=0_3
ep=1332 s=171 9111ms [sel=1760 cap=6912 rest=402] sg=2->2 mode=NONE win=8 obs=172 | cap=wip act=(71,366) d=2.40 a=2 | preview=view-/6 yaw=+0 render=36ms som=1/2 dtg=14.49 region=0_3
ep=1332 s=172 9468ms [sel=1746 cap=7625 rest=97] sg=2->2 mode=NONE win=8 obs=173 | cap=wip act=TURN request=+45deg execute=+15deg x1 a=3 som=1/2 dtg=14.49 region=0_3
ep=1332 s=173 6430ms [sel=2940 cap=3394 rest=95] sg=2->2 mode=NONE win=8 obs=174 | cap=wip act=(71,366) d=2.40 a=2 som=1/2 dtg=14.49 region=0_3
ep=1332 s=174 12620ms [sel=2625 cap=9566 rest=393] sg=2->2 mode=NONE win=8 obs=175 | cap=wip act=TURN request=+45deg execute=+15deg x1 a=3 | preview=view-/6 yaw=+0 render=36ms som=1/2 dtg=14.49 region=0_3
ep=1332 s=175 9940ms [sel=2794 cap=7050 rest=96] sg=2->2 mode=NONE win=8 obs=176 | cap=wip act=(71,366) d=2.40 a=2 som=1/2 dtg=14.49 region=0_3
ep=1332 s=176 12130ms [sel=2983 cap=9049 rest=99] sg=2->2 mode=NONE win=8 obs=177 | cap=wip act=TURN request=+45deg execute=+15deg x1 a=3 som=1/2 dtg=14.49 region=0_3
ep=1332 s=177 11446ms [sel=3585 cap=7766 rest=95] sg=2->2 mode=NONE win=8 obs=178 | cap=wip act=(71,366) d=2.40 a=2 som=1/2 dtg=14.49 region=0_3
ep=1332 s=178 9281ms [sel=1799 cap=7383 rest=98] sg=2->2 mode=NONE win=8 obs=179 | cap=wip act=TURN request=+45deg execute=+15deg x1 a=3 som=1/2 dtg=14.49 region=0_3
ep=1332 s=179 9260ms [sel=1683 cap=7483 rest=94] sg=2->2 mode=NONE win=8 obs=180 | cap=wip act=(71,366) d=2.40 a=2 som=1/2 dtg=14.49 region=0_3
ep=1332 s=180 8941ms [sel=2407 cap=6433 rest=101] sg=2->2 mode=NONE win=8 obs=181 | cap=wip act=TURN request=+45deg execute=+15deg x1 a=3 som=1/2 dtg=14.49 region=0_3
ep=1332 s=181 8622ms [sel=1808 cap=6709 rest=106] sg=2->2 mode=NONE win=8 obs=182 | cap=wip act=(71,366) d=2.40 a=2 som=1/2 dtg=14.49 region=0_3
ep=1332 s=182 13205ms [sel=3606 cap=9501 rest=98] sg=2->2 mode=NONE win=8 obs=183 | cap=wip act=TURN request=+45deg execute=+15deg x1 a=3 som=1/2 dtg=14.49 region=0_3
ep=1332 s=183 11581ms [sel=45 cap=11099 rest=402] sg=2->2 mode=NONE win=8 obs=184 | cap=wip act=(71,366) d=2.40 a=2 | preview=view-/6 yaw=+0 render=35ms dtg=14.49 region=0_3
ep=1332 s=184 8874ms [sel=1987 cap=6761 rest=126] sg=2->2 mode=NONE win=8 obs=185 | cap=wip act=TURN request=+45deg execute=+15deg x1 a=3 som=1/2 dtg=14.49 region=0_3
ep=1332 s=185 10563ms [sel=1956 cap=8493 rest=114] sg=2->2 mode=NONE win=8 obs=186 | cap=wip act=(71,366) d=2.40 a=2 som=1/2 dtg=14.49 region=0_3
ep=1332 s=186 11719ms [sel=2746 cap=8876 rest=97] sg=2->2 mode=NONE win=8 obs=187 | cap=wip act=TURN request=+45deg execute=+15deg x1 a=3 som=1/2 dtg=14.49 region=0_3
ep=1332 s=187 8693ms [sel=2009 cap=6588 rest=95] sg=2->2 mode=NONE win=8 obs=188 | cap=wip act=(71,366) d=2.40 a=2 som=1/2 dtg=14.49 region=0_3
ep=1332 s=188 10337ms [sel=3203 cap=7035 rest=98] sg=2->2 mode=NONE win=8 obs=189 | cap=wip act=TURN request=+45deg execute=+15deg x1 a=3 som=1/2 dtg=14.49 region=0_3
ep=1332 s=189 10856ms [sel=1618 cap=9143 rest=96] sg=2->2 mode=NONE win=8 obs=190 | cap=wip act=(71,366) d=2.40 a=2 som=1/2 dtg=14.49 region=0_3
ep=1332 s=190 8647ms [sel=2752 cap=5469 rest=390] sg=2->2 mode=NONE win=8 obs=191 | cap=wip act=TURN request=+45deg execute=+15deg x1 a=3 | preview=view-/6 yaw=+0 render=36ms som=1/2 dtg=14.49 region=0_3
ep=1332 s=191 10140ms [sel=1147 cap=8895 rest=97] sg=2->2 mode=NONE win=8 obs=192 | cap=wip act=(71,366) d=2.40 a=2 som=1/2 dtg=14.49 region=0_3
ep=1332 s=192 9171ms [sel=2016 cap=7055 rest=100] sg=2->2 mode=NONE win=8 obs=193 | cap=wip act=TURN request=+45deg execute=+15deg x1 a=3 som=1/2 dtg=14.49 region=0_3
ep=1332 s=193 10916ms [sel=1670 cap=9149 rest=96] sg=2->2 mode=NONE win=8 obs=194 | cap=wip act=(71,366) d=2.40 a=2 som=1/2 dtg=14.49 region=0_3
ep=1332 s=194 8721ms [sel=1850 cap=6446 rest=391] sg=2->2 mode=NONE win=8 obs=195 | cap=wip act=TURN request=+45deg execute=+15deg x1 a=3 | preview=view-/6 yaw=+0 render=35ms som=1/2 dtg=14.49 region=0_3
ep=1332 s=195 7569ms [sel=1920 cap=5553 rest=96] sg=2->2 mode=NONE win=8 obs=196 | cap=wip act=(71,366) d=2.40 a=2 som=1/2 dtg=14.49 region=0_3
ep=1332 s=196 11418ms [sel=1372 cap=9947 rest=98] sg=2->2 mode=NONE win=8 obs=197 | cap=wip act=TURN request=+45deg execute=+15deg x1 a=3 som=1/2 dtg=14.49 region=0_3
ep=1332 s=197 10554ms [sel=1604 cap=8510 rest=406] sg=2->2 mode=NONE win=8 obs=198 | cap=wip act=(71,366) d=2.40 a=2 | preview=view-/6 yaw=+0 render=34ms som=1/2 dtg=14.49 region=0_3
ep=1332 s=198 9257ms [sel=2122 cap=7035 rest=99] sg=2->2 mode=NONE win=8 obs=199 | cap=wip act=TURN request=+45deg execute=+15deg x1 a=3 som=1/2 dtg=14.49 region=0_3
ep=1332 s=199 11030ms [sel=1031 cap=9903 rest=97] sg=2->2 mode=NONE win=8 obs=200 | cap=wip act=(71,366) d=2.40 a=2 som=1/2 dtg=14.49 region=0_3
ep=1332 s=200 13772ms [sel=3944 cap=9727 rest=100] sg=2->2 mode=NONE win=8 obs=201 | cap=wip act=TURN request=+45deg execute=+15deg x1 a=3 som=1/2 dtg=14.49 region=0_3
ep=1332 s=201 14771ms [sel=6134 cap=8540 rest=97] sg=2->2 mode=NONE win=8 obs=202 | cap=wip act=(71,366) d=2.40 a=2 som=1/2 dtg=14.49 region=0_3
ep=1332 s=202 11301ms [sel=2551 cap=8318 rest=395] sg=2->2 mode=NONE win=8 obs=203 | cap=wip act=TURN request=+45deg execute=+15deg x1 a=3 | preview=view-/6 yaw=+0 render=37ms som=1/2 dtg=14.49 region=0_3
ep=1332 s=203 7926ms [sel=1563 cap=6265 rest=98] sg=2->2 mode=NONE win=8 obs=204 | cap=wip act=(71,366) d=2.40 a=2 som=1/2 dtg=14.49 region=0_3
ep=1332 s=204 6194ms [sel=1960 cap=4135 rest=100] sg=2->2 mode=NONE win=8 obs=205 | cap=wip act=TURN request=+45deg execute=+15deg x1 a=3 som=1/2 dtg=14.49 region=0_3
ep=1332 s=205 8627ms [sel=1908 cap=6620 rest=99] sg=2->2 mode=NONE win=8 obs=206 | cap=wip act=(71,366) d=2.40 a=2 som=1/2 dtg=14.49 region=0_3
ep=1332 s=206 11083ms [sel=1136 cap=9511 rest=401] sg=2->2 mode=NONE win=8 obs=207 | cap=wip act=TURN request=+45deg execute=+15deg x1 a=3 | preview=view-/6 yaw=+0 render=35ms som=1/2 dtg=14.49 region=0_3
ep=1332 s=207 9010ms [sel=664 cap=8246 rest=100] sg=2->2 mode=NONE win=8 obs=208 | cap=wip act=(71,366) d=2.40 a=2 som=1/2 dtg=14.49 region=0_3
ep=1332 s=208 10972ms [sel=1798 cap=9072 rest=102] sg=2->2 mode=NONE win=8 obs=209 | cap=wip act=TURN request=+45deg execute=+15deg x1 a=3 som=1/2 dtg=14.49 region=0_3
ep=1332 s=209 12406ms [sel=2418 cap=9892 rest=97] sg=2->2 mode=NONE win=8 obs=210 | cap=wip act=(71,366) d=2.40 a=2 som=1/2 dtg=14.49 region=0_3
ep=1332 s=210 9911ms [sel=2252 cap=7544 rest=114] sg=2->2 mode=NONE win=8 obs=211 | cap=wip act=TURN request=+45deg execute=+15deg x1 a=3 som=1/2 dtg=14.49 region=0_3
ep=1332 s=211 10850ms [sel=1196 cap=9558 rest=96] sg=2->2 mode=NONE win=8 obs=212 | cap=wip act=(71,366) d=2.40 a=2 som=1/2 dtg=14.49 region=0_3
ep=1332 s=212 10319ms [sel=2774 cap=7445 rest=100] sg=2->2 mode=NONE win=8 obs=213 | cap=wip act=TURN request=+45deg execute=+15deg x1 a=3 som=1/2 dtg=14.49 region=0_3
ep=1332 s=213 10138ms [sel=1333 cap=8708 rest=97] sg=2->2 mode=NONE win=8 obs=214 | cap=wip act=(71,366) d=2.40 a=2 som=1/2 dtg=14.49 region=0_3
ep=1332 s=214 10666ms [sel=117 cap=10113 rest=400] sg=2->2 mode=NONE win=8 obs=215 | cap=wip act=TURN request=+45deg execute=+15deg x1 a=3 | preview=view-/6 yaw=+0 render=37ms dtg=14.49 region=0_3
ep=1332 s=215 11054ms [sel=2295 cap=8660 rest=99] sg=2->2 mode=NONE win=8 obs=216 | cap=wip act=(71,366) d=2.40 a=2 som=1/2 dtg=14.49 region=0_3
ep=1332 s=216 9846ms [sel=1706 cap=8040 rest=100] sg=2->2 mode=NONE win=8 obs=217 | cap=wip act=TURN request=+45deg execute=+15deg x1 a=3 som=1/2 dtg=14.49 region=0_3
ep=1332 s=217 9257ms [sel=830 cap=8332 rest=95] sg=2->2 mode=NONE win=8 obs=218 | cap=wip act=(71,366) d=2.40 a=2 som=1/2 dtg=14.49 region=0_3
ep=1332 s=218 10316ms [sel=1809 cap=8410 rest=98] sg=2->2 mode=NONE win=8 obs=219 | cap=wip act=TURN request=+45deg execute=+15deg x1 a=3 som=1/2 dtg=14.49 region=0_3
ep=1332 s=219 9390ms [sel=1398 cap=7896 rest=95] sg=2->2 mode=NONE win=8 obs=220 | cap=wip act=(71,366) d=2.40 a=2 som=1/2 dtg=14.49 region=0_3
ep=1332 s=220 9563ms [sel=1571 cap=7884 rest=108] sg=2->2 mode=NONE win=8 obs=221 | cap=wip act=TURN request=+45deg execute=+15deg x1 a=3 som=1/2 dtg=14.49 region=0_3
ep=1332 s=221 11945ms [sel=49 cap=11799 rest=96] sg=2->2 mode=NONE win=8 obs=222 | cap=wip act=(71,366) d=2.40 a=2 dtg=14.49 region=0_3
ep=1332 s=222 8031ms [sel=1289 cap=6304 rest=399] sg=2->2 mode=NONE win=8 obs=223 | cap=wip act=TURN request=+45deg execute=+15deg x1 a=3 | preview=view-/6 yaw=+0 render=39ms som=1/2 dtg=14.49 region=0_3
ep=1332 s=223 10272ms [sel=1794 cap=8350 rest=128] sg=2->2 mode=NONE win=8 obs=224 | cap=wip act=(71,366) d=2.40 a=2 som=1/2 dtg=14.49 region=0_3
ep=1332 s=224 10647ms [sel=1620 cap=8926 rest=101] sg=2->2 mode=NONE win=8 obs=225 | cap=wip act=TURN request=+45deg execute=+15deg x1 a=3 som=1/2 dtg=14.49 region=0_3
ep=1332 s=225 8411ms [sel=2577 cap=5388 rest=408] sg=2->2 mode=NONE win=8 obs=226 | cap=wip act=(71,366) d=2.40 a=2 | preview=view-/6 yaw=+0 render=39ms som=1/2 dtg=14.49 region=0_3
ep=1332 s=226 8392ms [sel=2250 cap=6042 rest=99] sg=2->2 mode=NONE win=8 obs=227 | cap=wip act=TURN request=+45deg execute=+15deg x1 a=3 som=1/2 dtg=14.49 region=0_3
ep=1332 s=227 10291ms [sel=48 cap=10143 rest=100] sg=2->2 mode=NONE win=8 obs=228 | cap=wip act=(71,366) d=2.40 a=2 dtg=14.49 region=0_3
ep=1332 s=228 11344ms [sel=2139 cap=9076 rest=129] sg=2->2 mode=NONE win=8 obs=229 | cap=wip act=TURN request=+45deg execute=+15deg x1 a=3 som=1/2 dtg=14.49 region=0_3
ep=1332 s=229 11383ms [sel=2833 cap=8453 rest=97] sg=2->2 mode=NONE win=8 obs=230 | cap=wip act=(71,366) d=2.40 a=2 som=1/2 dtg=14.49 region=0_3
ep=1332 s=230 10983ms [sel=1807 cap=8740 rest=399] sg=2->2 mode=NONE win=8 obs=231 | cap=wip act=TURN request=+45deg execute=+15deg x1 a=3 | preview=view-/6 yaw=+0 render=36ms som=1/2 dtg=14.49 region=0_3
ep=1332 s=231 9421ms [sel=1764 cap=7562 rest=96] sg=2->2 mode=NONE win=8 obs=232 | cap=wip act=(71,366) d=2.40 a=2 som=1/2 dtg=14.49 region=0_3
ep=1332 s=232 7737ms [sel=1821 cap=5817 rest=100] sg=2->2 mode=NONE win=8 obs=233 | cap=wip act=TURN request=+45deg execute=+15deg x1 a=3 som=1/2 dtg=14.49 region=0_3
ep=1332 s=233 8501ms [sel=1895 cap=6503 rest=103] sg=2->2 mode=NONE win=8 obs=234 | cap=wip act=(71,366) d=2.40 a=2 som=1/2 dtg=14.49 region=0_3
ep=1332 s=234 11542ms [sel=3984 cap=7456 rest=102] sg=2->2 mode=NONE win=8 obs=235 | cap=wip act=TURN request=+45deg execute=+15deg x1 a=3 som=1/2 dtg=14.49 region=0_3
ep=1332 s=235 7082ms [sel=1758 cap=5215 rest=109] sg=2->2 mode=NONE win=8 obs=236 | cap=wip act=(71,366) d=2.40 a=2 som=1/2 dtg=14.49 region=0_3
ep=1332 s=236 7478ms [sel=2191 cap=5187 rest=100] sg=2->2 mode=NONE win=8 obs=237 | cap=wip act=TURN request=+45deg execute=+15deg x1 a=3 som=1/2 dtg=14.49 region=0_3
ep=1332 s=237 8192ms [sel=2241 cap=5848 rest=103] sg=2->2 mode=NONE win=8 obs=238 | cap=wip act=(71,366) d=2.40 a=2 som=1/2 dtg=14.49 region=0_3
ep=1332 s=238 8391ms [sel=1722 cap=6567 rest=102] sg=2->2 mode=NONE win=8 obs=239 | cap=wip act=TURN request=+45deg execute=+15deg x1 a=3 som=1/2 dtg=14.49 region=0_3
ep=1332 s=239 8748ms [sel=1919 cap=6725 rest=104] sg=2->2 mode=NONE win=8 obs=240 | cap=wip act=(71,366) d=2.40 a=2 som=1/2 dtg=14.49 region=0_3
ep=1332 s=240 9313ms [sel=2680 cap=6530 rest=103] sg=2->2 mode=NONE win=8 obs=241 | cap=wip act=TURN request=+45deg execute=+15deg x1 a=3 som=1/2 dtg=14.49 region=0_3
ep=1332 s=241 9819ms [sel=2548 cap=7166 rest=105] sg=2->2 mode=NONE win=8 obs=242 | cap=wip act=(71,366) d=2.40 a=2 som=1/2 dtg=14.49 region=0_3
ep=1332 s=242 8126ms [sel=774 cap=7247 rest=105] sg=2->2 mode=NONE win=8 obs=243 | cap=wip act=TURN request=+45deg execute=+15deg x1 a=3 som=1/2 dtg=14.49 region=0_3
ep=1332 s=243 11163ms [sel=2945 cap=8121 rest=97] sg=2->2 mode=NONE win=8 obs=244 | cap=wip act=(71,366) d=2.40 a=2 som=1/2 dtg=14.49 region=0_3
ep=1332 s=244 10983ms [sel=2722 cap=8162 rest=99] sg=2->2 mode=NONE win=8 obs=245 | cap=wip act=TURN request=+45deg execute=+15deg x1 a=3 som=1/2 dtg=14.49 region=0_3
ep=1332 s=245 9295ms [sel=2548 cap=6647 rest=99] sg=2->2 mode=NONE win=8 obs=246 | cap=wip act=(71,366) d=2.40 a=2 som=1/2 dtg=14.49 region=0_3
ep=1332 s=246 9315ms [sel=3110 cap=6106 rest=100] sg=2->2 mode=NONE win=8 obs=247 | cap=wip act=TURN request=+45deg execute=+15deg x1 a=3 som=1/2 dtg=14.49 region=0_3
ep=1332 s=247 8655ms [sel=1795 cap=6756 rest=104] sg=2->2 mode=NONE win=8 obs=248 | cap=wip act=(71,366) d=2.40 a=2 som=1/2 dtg=14.49 region=0_3
ep=1332 s=248 9008ms [sel=2305 cap=6603 rest=101] sg=2->2 mode=NONE win=8 obs=249 | cap=wip act=TURN request=+45deg execute=+15deg x1 a=3 som=1/2 dtg=14.49 region=0_3
ep=1332 s=249 8364ms [sel=969 cap=7290 rest=105] sg=2->2 mode=NONE win=8 obs=250 | cap=wip act=(71,366) d=2.40 a=2 som=1/2 dtg=14.49 region=0_3
ep=1332 s=250 10435ms [sel=180 cap=10150 rest=106] sg=2->2 mode=NONE win=8 obs=251 | cap=wip act=TURN request=+45deg execute=+15deg x1 a=3 dtg=14.49 region=0_3
ep=1332 s=251 11683ms [sel=50 cap=11522 rest=111] sg=2->2 mode=NONE win=8 obs=252 | cap=wip act=(71,366) d=2.40 a=2 dtg=14.49 region=0_3
ep=1332 s=252 11465ms [sel=1917 cap=9110 rest=401] sg=2->2 mode=NONE win=8 obs=253 | cap=wip act=TURN request=+45deg execute=+15deg x1 a=3 | preview=view-/6 yaw=+0 render=37ms som=1/2 dtg=14.49 region=0_3
ep=1332 s=253 8752ms [sel=2060 cap=6595 rest=97] sg=2->2 mode=TURN_OSCILLATION win=8 obs=254 | cap=wip/TURN_OSCILLATION act=(71,366) d=2.40 a=2 som=1/2 dtg=14.49 region=0_3
ep=1332 s=254 4704ms [sel=824 cap=3783 rest=98] sg=2->2 mode=NONE win=8 obs=255 | cap=wip act=TURN request=+45deg execute=+15deg x1 a=3 som=1/2 dtg=14.49 region=0_3
ep=1332 s=255 9569ms [sel=1092 cap=8364 rest=113] sg=2->2 mode=NONE win=8 obs=256 | cap=wip act=(71,366) d=2.40 a=2 som=1/2 dtg=14.49 region=0_3
ep=1332 s=256 10602ms [sel=2128 cap=8372 rest=102] sg=2->2 mode=NONE win=8 obs=257 | cap=wip act=TURN request=+45deg execute=+15deg x1 a=3 som=1/2 dtg=14.49 region=0_3
ep=1332 s=257 10634ms [sel=2303 cap=8225 rest=105] sg=2->2 mode=NONE win=8 obs=258 | cap=wip act=(71,366) d=2.40 a=2 som=1/2 dtg=14.49 region=0_3
ep=1332 s=258 10503ms [sel=110 cap=10291 rest=102] sg=2->2 mode=NONE win=8 obs=259 | cap=wip act=TURN request=+45deg execute=+15deg x1 a=3 dtg=14.49 region=0_3
ep=1332 s=259 11503ms [sel=53 cap=11351 rest=99] sg=2->2 mode=NONE win=8 obs=260 | cap=wip act=(71,366) d=2.40 a=2 dtg=14.49 region=0_3
ep=1332 s=260 10701ms [sel=1472 cap=9127 rest=101] sg=2->2 mode=NONE win=8 obs=261 | cap=wip act=TURN request=+45deg execute=+15deg x1 a=3 som=1/2 dtg=14.49 region=0_3
ep=1332 s=261 10153ms [sel=50 cap=9999 rest=105] sg=2->2 mode=NONE win=8 obs=262 | cap=wip act=(71,366) d=2.40 a=2 dtg=14.49 region=0_3
ep=1332 s=262 7123ms [sel=1885 cap=4798 rest=404] sg=2->2 mode=NONE win=8 obs=263 | cap=wip act=TURN request=+45deg execute=+15deg x1 a=3 | preview=view-/6 yaw=+0 render=36ms som=1/2 dtg=14.49 region=0_3
ep=1332 s=263 13938ms [sel=54 cap=13786 rest=99] sg=2->2 mode=NONE win=8 obs=264 | cap=wip act=(71,366) d=2.40 a=2 dtg=14.49 region=0_3
ep=1332 s=264 11751ms [sel=3264 cap=8381 rest=105] sg=2->2 mode=NONE win=8 obs=265 | cap=wip act=TURN request=+45deg execute=+15deg x1 a=3 som=1/2 dtg=14.49 region=0_3
ep=1332 s=265 9225ms [sel=1309 cap=7480 rest=400] sg=2->2 mode=NONE win=8 obs=266 | cap=wip act=(71,366) d=2.40 a=2 | preview=view-/6 yaw=+0 render=36ms som=1/2 dtg=14.49 region=0_3
ep=1332 s=266 9997ms [sel=3114 cap=6779 rest=104] sg=2->2 mode=NONE win=8 obs=267 | cap=wip act=TURN request=+45deg execute=+15deg x1 a=3 som=1/2 dtg=14.49 region=0_3
ep=1332 s=267 7322ms [sel=1445 cap=5778 rest=99] sg=2->2 mode=NONE win=8 obs=268 | cap=wip act=(71,366) d=2.40 a=2 som=1/2 dtg=14.49 region=0_3
ep=1332 s=268 9842ms [sel=2290 cap=7109 rest=405] sg=2->2 mode=NONE win=8 obs=269 | cap=wip act=TURN request=+45deg execute=+15deg x1 a=3 | preview=view-/6 yaw=+0 render=38ms som=1/2 dtg=14.49 region=0_3
ep=1332 s=269 7686ms [sel=2286 cap=5304 rest=96] sg=2->2 mode=NONE win=8 obs=270 | cap=wip act=(71,366) d=2.40 a=2 som=1/2 dtg=14.49 region=0_3
ep=1332 s=270 4585ms [sel=638 cap=3850 rest=97] sg=2->2 mode=NONE win=8 obs=271 | cap=wip act=TURN request=+45deg execute=+15deg x1 a=3 som=1/2 dtg=14.49 region=0_3
ep=1332 s=271 10138ms [sel=1201 cap=8485 rest=413] sg=2->2 mode=NONE win=8 obs=272 | cap=wip act=(71,366) d=2.40 a=2 | preview=view-/6 yaw=+0 render=39ms som=1/2 dtg=14.49 region=0_3
ep=1332 s=272 9076ms [sel=2098 cap=6876 rest=102] sg=2->2 mode=NONE win=8 obs=273 | cap=wip act=TURN request=+45deg execute=+15deg x1 a=3 som=1/2 dtg=14.49 region=0_3
ep=1332 s=273 9964ms [sel=1759 cap=8109 rest=96] sg=2->2 mode=NONE win=8 obs=274 | cap=wip act=(71,366) d=2.40 a=2 som=1/2 dtg=14.49 region=0_3
ep=1332 s=274 10428ms [sel=683 cap=9313 rest=395] sg=2->2 mode=NONE win=8 obs=275 | cap=wip act=TURN request=+45deg execute=+15deg x1 a=3 | preview=view-/6 yaw=+0 render=37ms som=1/2 dtg=14.49 region=0_3
ep=1332 s=275 11511ms [sel=3078 cap=8338 rest=96] sg=2->2 mode=NONE win=8 obs=276 | cap=wip act=(71,366) d=2.40 a=2 som=1/2 dtg=14.49 region=0_3
ep=1332 s=276 10868ms [sel=122 cap=10643 rest=103] sg=2->2 mode=NONE win=8 obs=277 | cap=wip act=TURN request=+45deg execute=+15deg x1 a=3 dtg=14.49 region=0_3
ep=1332 s=277 10810ms [sel=1500 cap=8867 rest=407] sg=2->2 mode=NONE win=8 obs=278 | cap=wip act=(71,366) d=2.40 a=2 | preview=view-/6 yaw=+0 render=36ms som=1/2 dtg=14.49 region=0_3
ep=1332 s=278 7361ms [sel=1581 cap=5681 rest=99] sg=2->2 mode=NONE win=8 obs=279 | cap=wip act=TURN request=+45deg execute=+15deg x1 a=3 som=1/2 dtg=14.49 region=0_3
ep=1332 s=279 8967ms [sel=1125 cap=7746 rest=96] sg=2->2 mode=NONE win=8 obs=280 | cap=wip act=(71,366) d=2.40 a=2 som=1/2 dtg=14.49 region=0_3
ep=1332 s=280 8235ms [sel=1244 cap=6886 rest=106] sg=2->2 mode=NONE win=8 obs=281 | cap=wip act=TURN request=+45deg execute=+15deg x1 a=3 som=1/2 dtg=14.49 region=0_3
ep=1332 s=281 7674ms [sel=1597 cap=5971 rest=105] sg=2->2 mode=NONE win=8 obs=282 | cap=wip act=(71,366) d=2.40 a=2 som=1/2 dtg=14.49 region=0_3
ep=1332 s=282 6788ms [sel=1479 cap=5206 rest=103] sg=2->2 mode=NONE win=8 obs=283 | cap=wip act=TURN request=+45deg execute=+15deg x1 a=3 som=1/2 dtg=14.49 region=0_3
ep=1332 s=283 8246ms [sel=1367 cap=6780 rest=99] sg=2->2 mode=NONE win=8 obs=284 | cap=wip act=(71,366) d=2.40 a=2 som=1/2 dtg=14.49 region=0_3
ep=1332 s=284 8375ms [sel=875 cap=7399 rest=102] sg=2->2 mode=NONE win=8 obs=285 | cap=wip act=TURN request=+45deg execute=+15deg x1 a=3 som=1/2 dtg=14.49 region=0_3
ep=1332 s=285 7998ms [sel=1208 cap=6691 rest=99] sg=2->2 mode=NONE win=8 obs=286 | cap=wip act=(71,366) d=2.40 a=2 som=1/2 dtg=14.49 region=0_3
ep=1332 s=286 4992ms [sel=1700 cap=3184 rest=108] sg=2->2 mode=NONE win=8 obs=287 | cap=wip act=TURN request=+45deg execute=+15deg x1 a=3 som=1/2 dtg=14.49 region=0_3
ep=1332 s=287 10647ms [sel=1939 cap=8608 rest=101] sg=2->2 mode=NONE win=8 obs=288 | cap=wip act=(71,366) d=2.40 a=2 som=1/2 dtg=14.49 region=0_3
ep=1332 s=288 8505ms [sel=1749 cap=6650 rest=107] sg=2->2 mode=NONE win=8 obs=289 | cap=wip act=TURN request=+45deg execute=+15deg x1 a=3 som=1/2 dtg=14.49 region=0_3
ep=1332 s=289 8450ms [sel=2023 cap=6323 rest=103] sg=2->2 mode=NONE win=8 obs=290 | cap=wip act=(71,366) d=2.40 a=2 som=1/2 dtg=14.49 region=0_3
ep=1332 s=290 9541ms [sel=3201 cap=6209 rest=131] sg=2->2 mode=NONE win=8 obs=291 | cap=wip act=TURN request=+45deg execute=+15deg x1 a=3 som=1/2 dtg=14.49 region=0_3
ep=1332 s=291 8545ms [sel=1766 cap=6682 rest=97] sg=2->2 mode=NONE win=8 obs=292 | cap=wip act=(71,366) d=2.40 a=2 som=1/2 dtg=14.49 region=0_3
ep=1332 s=292 7917ms [sel=959 cap=6850 rest=107] sg=2->2 mode=NONE win=8 obs=293 | cap=wip act=TURN request=+45deg execute=+15deg x1 a=3 som=1/2 dtg=14.49 region=0_3
ep=1332 s=293 11920ms [sel=2115 cap=9702 rest=103] sg=2->2 mode=NONE win=8 obs=294 | cap=wip act=(71,366) d=2.40 a=2 som=1/2 dtg=14.49 region=0_3
ep=1332 s=294 7011ms [sel=2247 cap=4332 rest=396] sg=2->2 mode=NONE win=8 obs=295 | cap=wip act=TURN request=+45deg execute=+15deg x1 a=3 | preview=view-/6 yaw=+0 render=37ms som=1/2 dtg=14.49 region=0_3
ep=1332 s=295 9106ms [sel=2968 cap=6042 rest=97] sg=2->2 mode=NONE win=8 obs=296 | cap=wip act=(71,366) d=2.40 a=2 som=1/2 dtg=14.49 region=0_3
ep=1332 s=296 10843ms [sel=2594 cap=8145 rest=103] sg=2->2 mode=NONE win=8 obs=297 | cap=wip act=TURN request=+45deg execute=+15deg x1 a=3 som=1/2 dtg=14.49 region=0_3
ep=1332 s=297 7072ms [sel=1023 cap=5942 rest=107] sg=2->2 mode=NONE win=8 obs=298 | cap=wip act=(71,366) d=2.40 a=2 som=1/2 dtg=14.49 region=0_3
ep=1332 s=298 8220ms [sel=1629 cap=6486 rest=105] sg=2->2 mode=NONE win=8 obs=299 | cap=wip act=TURN request=+45deg execute=+15deg x1 a=3 som=1/2 dtg=14.49 region=0_3
ep=1332 s=299 8242ms [sel=657 cap=7483 rest=101] sg=2->2 mode=NONE win=8 obs=300 | cap=wip act=(71,366) d=2.40 a=2 som=1/2 dtg=14.49 region=0_3
ep=1332 s=300 11211ms [sel=2593 cap=8515 rest=103] sg=2->2 mode=NONE win=8 obs=301 | cap=wip act=TURN request=+45deg execute=+15deg x1 a=3 som=1/2 dtg=14.49 region=0_3
ep=1332 s=301 7025ms [sel=2295 cap=4286 rest=409] sg=2->2 mode=NONE win=8 obs=302 | cap=wip act=(71,366) d=2.40 a=2 | preview=view-/6 yaw=+0 render=35ms som=1/2 dtg=14.49 region=0_3
ep=1332 s=302 5606ms [sel=1344 cap=4165 rest=98] sg=2->2 mode=NONE win=8 obs=303 | cap=wip act=TURN request=+45deg execute=+15deg x1 a=3 som=1/2 dtg=14.49 region=0_3
ep=1332 s=303 7852ms [sel=1132 cap=6620 rest=101] sg=2->2 mode=NONE win=8 obs=304 | cap=wip act=(71,366) d=2.40 a=2 som=1/2 dtg=14.49 region=0_3
ep=1332 s=304 8625ms [sel=1430 cap=7096 rest=99] sg=2->2 mode=NONE win=8 obs=305 | cap=wip act=TURN request=+45deg execute=+15deg x1 a=3 som=1/2 dtg=14.49 region=0_3
ep=1332 s=305 9075ms [sel=2277 cap=6701 rest=97] sg=2->2 mode=NONE win=8 obs=306 | cap=wip act=(71,366) d=2.40 a=2 som=1/2 dtg=14.49 region=0_3
ep=1332 s=306 8688ms [sel=2634 cap=5616 rest=403] sg=2->2 mode=NONE win=8 obs=307 | cap=wip act=TURN request=+45deg execute=+15deg x1 a=3 | preview=view-/6 yaw=+0 render=35ms som=1/2 dtg=14.49 region=0_3
ep=1332 s=307 7770ms [sel=882 cap=6784 rest=104] sg=2->2 mode=NONE win=8 obs=308 | cap=wip act=(71,366) d=2.40 a=2 som=1/2 dtg=14.49 region=0_3
ep=1332 s=308 10697ms [sel=1906 cap=8689 rest=102] sg=2->2 mode=NONE win=8 obs=309 | cap=wip act=TURN request=+45deg execute=+15deg x1 a=3 som=1/2 dtg=14.49 region=0_3
ep=1332 s=309 10075ms [sel=1471 cap=8506 rest=98] sg=2->2 mode=NONE win=8 obs=310 | cap=wip act=(71,366) d=2.40 a=2 som=1/2 dtg=14.49 region=0_3
ep=1332 s=310 7808ms [sel=1731 cap=5977 rest=100] sg=2->2 mode=NONE win=8 obs=311 | cap=wip act=TURN request=+45deg execute=+15deg x1 a=3 som=1/2 dtg=14.49 region=0_3
ep=1332 s=311 8364ms [sel=2066 cap=6192 rest=106] sg=2->2 mode=NONE win=8 obs=312 | cap=wip act=(71,366) d=2.40 a=2 som=1/2 dtg=14.49 region=0_3
ep=1332 s=312 9391ms [sel=1991 cap=7300 rest=100] sg=2->2 mode=NONE win=8 obs=313 | cap=wip act=TURN request=+45deg execute=+15deg x1 a=3 som=1/2 dtg=14.49 region=0_3
ep=1332 s=313 9205ms [sel=1755 cap=7348 rest=102] sg=2->2 mode=NONE win=8 obs=314 | cap=wip act=(71,366) d=2.40 a=2 som=1/2 dtg=14.49 region=0_3
ep=1332 s=314 9252ms [sel=865 cap=8283 rest=104] sg=2->2 mode=NONE win=8 obs=315 | cap=wip act=TURN request=+45deg execute=+15deg x1 a=3 som=1/2 dtg=14.49 region=0_3
ep=1332 s=315 9976ms [sel=1131 cap=8717 rest=128] sg=2->2 mode=NONE win=8 obs=316 | cap=wip act=(71,366) d=2.40 a=2 som=1/2 dtg=14.49 region=0_3
ep=1332 s=316 8509ms [sel=1082 cap=7328 rest=99] sg=2->2 mode=NONE win=8 obs=317 | cap=wip act=TURN request=+45deg execute=+15deg x1 a=3 som=1/2 dtg=14.49 region=0_3
ep=1332 s=317 9928ms [sel=2290 cap=7539 rest=99] sg=2->2 mode=NONE win=8 obs=318 | cap=wip act=(71,366) d=2.40 a=2 som=1/2 dtg=14.49 region=0_3
ep=1332 s=318 5950ms [sel=1935 cap=3915 rest=100] sg=2->2 mode=NONE win=8 obs=319 | cap=wip act=TURN request=+45deg execute=+15deg x1 a=3 som=1/2 dtg=14.49 region=0_3
ep=1332 s=319 7800ms [sel=1573 cap=6119 rest=109] sg=2->2 mode=TURN_OSCILLATION win=8 obs=320 | cap=wip/TURN_OSCILLATION act=(71,366) d=2.40 a=2 som=1/2 dtg=14.49 region=0_3
ep=1332 s=320 10168ms [sel=2295 cap=7768 rest=105] sg=2->2 mode=NONE win=8 obs=321 | cap=wip act=TURN request=+45deg execute=+15deg x1 a=3 som=1/2 dtg=14.49 region=0_3
ep=1332 s=321 7892ms [sel=782 cap=7005 rest=104] sg=2->2 mode=NONE win=8 obs=322 | cap=wip act=(71,366) d=2.40 a=2 som=1/2 dtg=14.49 region=0_3
ep=1332 s=322 8009ms [sel=855 cap=7051 rest=103] sg=2->2 mode=NONE win=8 obs=323 | cap=wip act=TURN request=+45deg execute=+15deg x1 a=3 som=1/2 dtg=14.49 region=0_3
ep=1332 s=323 8373ms [sel=1782 cap=6491 rest=101] sg=2->2 mode=NONE win=8 obs=324 | cap=wip act=(71,366) d=2.40 a=2 som=1/2 dtg=14.49 region=0_3
ep=1332 s=324 8938ms [sel=3157 cap=5684 rest=98] sg=2->2 mode=NONE win=8 obs=325 | cap=wip act=TURN request=+45deg execute=+15deg x1 a=3 som=1/2 dtg=14.49 region=0_3
ep=1332 s=325 8619ms [sel=2663 cap=5857 rest=99] sg=2->2 mode=NONE win=8 obs=326 | cap=wip act=(71,366) d=2.40 a=2 som=1/2 dtg=14.49 region=0_3
ep=1332 s=326 7825ms [sel=2771 cap=4955 rest=100] sg=2->2 mode=NONE win=8 obs=327 | cap=wip act=TURN request=+45deg execute=+15deg x1 a=3 som=1/2 dtg=14.49 region=0_3
ep=1332 s=327 8064ms [sel=1871 cap=6093 rest=99] sg=2->2 mode=NONE win=8 obs=328 | cap=wip act=(71,366) d=2.40 a=2 som=1/2 dtg=14.49 region=0_3
ep=1332 s=328 8661ms [sel=1928 cap=6634 rest=99] sg=2->2 mode=NONE win=8 obs=329 | cap=wip act=TURN request=+45deg execute=+15deg x1 a=3 som=1/2 dtg=14.49 region=0_3
ep=1332 s=329 8392ms [sel=2052 cap=6239 rest=101] sg=2->2 mode=NONE win=8 obs=330 | cap=wip act=(71,366) d=2.40 a=2 som=1/2 dtg=14.49 region=0_3
ep=1332 s=330 11180ms [sel=3191 cap=7883 rest=106] sg=2->2 mode=NONE win=8 obs=331 | cap=wip act=TURN request=+45deg execute=+15deg x1 a=3 som=1/2 dtg=14.49 region=0_3
ep=1332 s=331 8705ms [sel=1689 cap=6498 rest=450] sg=2->2 mode=NONE win=8 obs=332 | cap=wip act=(71,366) d=2.40 a=2 | preview=view-/6 yaw=+0 render=68ms som=1/2 dtg=14.49 region=0_3
ep=1332 s=332 7858ms [sel=2640 cap=5117 rest=101] sg=2->2 mode=NONE win=8 obs=333 | cap=wip act=TURN request=+45deg execute=+15deg x1 a=3 som=1/2 dtg=14.49 region=0_3
ep=1332 s=333 7153ms [sel=1387 cap=5664 rest=102] sg=2->2 mode=NONE win=8 obs=334 | cap=wip act=(71,366) d=2.40 a=2 som=1/2 dtg=14.49 region=0_3
ep=1332 s=334 9381ms [sel=2368 cap=6565 rest=410] sg=2->2 mode=NONE win=8 obs=335 | cap=wip act=TURN request=+45deg execute=+15deg x1 a=3 | preview=view-/6 yaw=+0 render=38ms som=1/2 dtg=14.49 region=0_3
ep=1332 s=335 7349ms [sel=2281 cap=4972 rest=96] sg=2->2 mode=NONE win=8 obs=336 | cap=wip act=(71,366) d=2.40 a=2 som=1/2 dtg=14.49 region=0_3
ep=1332 s=336 10488ms [sel=2069 cap=8313 rest=106] sg=2->2 mode=NONE win=8 obs=337 | cap=wip act=TURN request=+45deg execute=+15deg x1 a=3 som=1/2 dtg=14.49 region=0_3
ep=1332 s=337 8838ms [sel=1957 cap=6750 rest=131] sg=2->2 mode=NONE win=8 obs=338 | cap=wip act=(71,366) d=2.40 a=2 som=1/2 dtg=14.49 region=0_3
ep=1332 s=338 8623ms [sel=1284 cap=7234 rest=105] sg=2->2 mode=NONE win=8 obs=339 | cap=wip act=TURN request=+45deg execute=+15deg x1 a=3 som=1/2 dtg=14.49 region=0_3
ep=1332 s=339 9742ms [sel=1982 cap=7655 rest=105] sg=2->2 mode=NONE win=8 obs=340 | cap=wip act=(71,366) d=2.40 a=2 som=1/2 dtg=14.49 region=0_3
ep=1332 s=340 12585ms [sel=3125 cap=9359 rest=100] sg=2->2 mode=NONE win=8 obs=341 | cap=wip act=TURN request=+45deg execute=+15deg x1 a=3 som=1/2 dtg=14.49 region=0_3
ep=1332 s=341 7296ms [sel=569 cap=6274 rest=419] sg=2->2 mode=NONE win=8 obs=342 | cap=wip act=(71,366) d=2.40 a=2 | preview=view-/6 yaw=+0 render=34ms som=1/2 dtg=14.49 region=0_3
ep=1332 s=342 6425ms [sel=1490 cap=4834 rest=101] sg=2->2 mode=NONE win=8 obs=343 | cap=wip act=TURN request=+45deg execute=+15deg x1 a=3 som=1/2 dtg=14.49 region=0_3
ep=1332 s=343 8661ms [sel=2229 cap=6329 rest=103] sg=2->2 mode=NONE win=8 obs=344 | cap=wip act=(71,366) d=2.40 a=2 som=1/2 dtg=14.49 region=0_3
ep=1332 s=344 7228ms [sel=2172 cap=4924 rest=132] sg=2->2 mode=NONE win=8 obs=345 | cap=wip act=TURN request=+45deg execute=+15deg x1 a=3 som=1/2 dtg=14.49 region=0_3
ep=1332 s=345 7476ms [sel=1810 cap=5566 rest=100] sg=2->2 mode=NONE win=8 obs=346 | cap=wip act=(71,366) d=2.40 a=2 som=1/2 dtg=14.49 region=0_3
ep=1332 s=346 7548ms [sel=2195 cap=5245 rest=107] sg=2->2 mode=NONE win=8 obs=347 | cap=wip act=TURN request=+45deg execute=+15deg x1 a=3 som=1/2 dtg=14.49 region=0_3
ep=1332 s=347 7806ms [sel=1863 cap=5841 rest=102] sg=2->2 mode=NONE win=8 obs=348 | cap=wip act=(71,366) d=2.40 a=2 som=1/2 dtg=14.49 region=0_3
ep=1332 s=348 10473ms [sel=1179 cap=9186 rest=108] sg=2->2 mode=NONE win=8 obs=349 | cap=wip act=TURN request=+45deg execute=+15deg x1 a=3 som=1/2 dtg=14.49 region=0_3
ep=1332 s=349 7918ms [sel=1818 cap=5635 rest=429] sg=2->2 mode=NONE win=8 obs=350 | cap=wip act=(71,366) d=2.40 a=2 | preview=view-/6 yaw=+0 render=36ms som=1/2 dtg=14.49 region=0_3
ep=1332 s=350 4998ms [sel=941 cap=3954 rest=102] sg=2->2 mode=NONE win=8 obs=351 | cap=wip act=TURN request=+45deg execute=+15deg x1 a=3 som=1/2 dtg=14.49 region=0_3
ep=1332 s=351 8138ms [sel=1711 cap=6326 rest=101] sg=2->2 mode=NONE win=8 obs=352 | cap=wip act=(71,366) d=2.40 a=2 som=1/2 dtg=14.49 region=0_3
ep=1332 s=352 6265ms [sel=1505 cap=4656 rest=104] sg=2->2 mode=NONE win=8 obs=353 | cap=wip act=TURN request=+45deg execute=+15deg x1 a=3 som=1/2 dtg=14.49 region=0_3
ep=1332 s=353 7695ms [sel=1626 cap=5971 rest=97] sg=2->2 mode=NONE win=8 obs=354 | cap=wip act=(71,366) d=2.40 a=2 som=1/2 dtg=14.49 region=0_3
ep=1332 s=354 8992ms [sel=2345 cap=6542 rest=105] sg=2->2 mode=NONE win=8 obs=355 | cap=wip act=TURN request=+45deg execute=+15deg x1 a=3 som=1/2 dtg=14.49 region=0_3
ep=1332 s=355 7908ms [sel=1633 cap=6174 rest=101] sg=2->2 mode=NONE win=8 obs=356 | cap=wip act=(71,366) d=2.40 a=2 som=1/2 dtg=14.49 region=0_3
ep=1332 s=356 9118ms [sel=2087 cap=6928 rest=103] sg=2->2 mode=NONE win=8 obs=357 | cap=wip act=TURN request=+45deg execute=+15deg x1 a=3 som=1/2 dtg=14.49 region=0_3
ep=1332 s=357 6964ms [sel=1313 cap=5550 rest=100] sg=2->2 mode=NONE win=8 obs=358 | cap=wip act=(71,366) d=2.40 a=2 som=1/2 dtg=14.49 region=0_3
ep=1332 s=358 7504ms [sel=729 cap=6672 rest=103] sg=2->2 mode=NONE win=8 obs=359 | cap=wip act=TURN request=+45deg execute=+15deg x1 a=3 som=1/2 dtg=14.49 region=0_3
ep=1332 s=359 8840ms [sel=1526 cap=7214 rest=100] sg=2->2 mode=NONE win=8 obs=360 | cap=wip act=(71,366) d=2.40 a=2 som=1/2 dtg=14.49 region=0_3
ep=1332 s=360 8519ms [sel=1677 cap=6737 rest=105] sg=2->2 mode=NONE win=8 obs=361 | cap=wip act=TURN request=+45deg execute=+15deg x1 a=3 som=1/2 dtg=14.49 region=0_3
ep=1332 s=361 9108ms [sel=3741 cap=4920 rest=411] sg=2->2 mode=NONE win=8 obs=362 | cap=wip act=(71,366) d=2.40 a=2 | preview=view-/6 yaw=+0 render=36ms som=1/2 dtg=14.49 region=0_3
ep=1332 s=362 5887ms [sel=1774 cap=4008 rest=105] sg=2->2 mode=NONE win=8 obs=363 | cap=wip act=TURN request=+45deg execute=+15deg x1 a=3 som=1/2 dtg=14.49 region=0_3
ep=1332 s=363 9680ms [sel=1810 cap=7767 rest=103] sg=2->2 mode=NONE win=8 obs=364 | cap=wip act=(71,366) d=2.40 a=2 som=1/2 dtg=14.49 region=0_3
ep=1332 s=364 10102ms [sel=1574 cap=8098 rest=395] sg=2->2 mode=NONE win=8 obs=365 | cap=wip act=TURN request=+45deg execute=+15deg x1 a=3 | preview=view-/6 yaw=+0 render=35ms som=1/2 dtg=14.49 region=0_3
ep=1332 s=365 7284ms [sel=1961 cap=5225 rest=99] sg=2->2 mode=NONE win=8 obs=366 | cap=wip act=(71,366) d=2.40 a=2 som=1/2 dtg=14.49 region=0_3
ep=1332 s=366 6156ms [sel=1551 cap=4503 rest=103] sg=2->2 mode=NONE win=8 obs=367 | cap=wip act=TURN request=+45deg execute=+15deg x1 a=3 som=1/2 dtg=14.49 region=0_3
ep=1332 s=367 6501ms [sel=1606 cap=4795 rest=100] sg=2->2 mode=NONE win=8 obs=368 | cap=wip act=(71,366) d=2.40 a=2 som=1/2 dtg=14.49 region=0_3
ep=1332 s=368 7490ms [sel=1324 cap=6052 rest=113] sg=2->2 mode=NONE win=8 obs=369 | cap=wip act=TURN request=+45deg execute=+15deg x1 a=3 som=1/2 dtg=14.49 region=0_3
ep=1332 s=369 16324ms [sel=59 cap=16160 rest=105] sg=2->2 mode=NONE win=8 obs=370 | cap=wip act=(71,366) d=2.40 a=2 dtg=14.49 region=0_3
ep=1332 s=370 5925ms [sel=2000 cap=3820 rest=106] sg=2->2 mode=NONE win=8 obs=371 | cap=wip act=TURN request=+45deg execute=+15deg x1 a=3 som=1/2 dtg=14.49 region=0_3
ep=1332 s=371 5739ms [sel=1264 cap=4369 rest=106] sg=2->2 mode=NONE win=8 obs=372 | cap=wip act=(71,366) d=2.40 a=2 som=1/2 dtg=14.49 region=0_3
ep=1332 s=372 4306ms [sel=1198 cap=3007 rest=101] sg=2->2 mode=NONE win=8 obs=373 | cap=wip act=TURN request=+45deg execute=+15deg x1 a=3 som=1/2 dtg=14.49 region=0_3
ep=1332 s=373 5588ms [sel=1238 cap=4250 rest=100] sg=2->2 mode=NONE win=8 obs=374 | cap=wip act=(71,366) d=2.40 a=2 som=1/2 dtg=14.49 region=0_3
ep=1332 s=374 5872ms [sel=1154 cap=4615 rest=104] sg=2->2 mode=NONE win=8 obs=375 | cap=wip act=TURN request=+45deg execute=+15deg x1 a=3 som=1/2 dtg=14.49 region=0_3
ep=1332 s=375 7642ms [sel=815 cap=6725 rest=102] sg=2->2 mode=TURN_OSCILLATION win=8 obs=376 | cap=wip/TURN_OSCILLATION act=(71,366) d=2.40 a=2 som=1/2 dtg=14.49 region=0_3
ep=1332 s=376 6737ms [sel=622 cap=6015 rest=100] sg=2->2 mode=NONE win=8 obs=377 | cap=wip act=TURN request=+45deg execute=+15deg x1 a=3 som=1/2 dtg=14.49 region=0_3
ep=1332 s=377 10872ms [sel=2298 cap=8468 rest=106] sg=2->2 mode=NONE win=8 obs=378 | cap=wip act=(71,366) d=2.40 a=2 som=1/2 dtg=14.49 region=0_3
ep=1332 s=378 6913ms [sel=1911 cap=4565 rest=402] sg=2->2 mode=NONE win=8 obs=379 | cap=wip act=TURN request=+45deg execute=+15deg x1 a=3 | preview=view-/6 yaw=+0 render=35ms som=1/2 dtg=14.49 region=0_3
ep=1332 s=379 7126ms [sel=1014 cap=5998 rest=114] sg=2->2 mode=NONE win=8 obs=380 | cap=wip act=(71,366) d=2.40 a=2 som=1/2 dtg=14.49 region=0_3
ep=1332 s=380 9919ms [sel=2193 cap=7625 rest=102] sg=2->2 mode=NONE win=8 obs=381 | cap=wip act=TURN request=+45deg execute=+15deg x1 a=3 som=1/2 dtg=14.49 region=0_3
ep=1332 s=381 6995ms [sel=1748 cap=4782 rest=429] sg=2->2 mode=NONE win=8 obs=382 | cap=wip act=(71,366) d=2.40 a=2 | preview=view-/6 yaw=+0 render=36ms som=1/2 dtg=14.49 region=0_3
ep=1332 s=382 5772ms [sel=1359 cap=4310 rest=103] sg=2->2 mode=NONE win=8 obs=383 | cap=wip act=TURN request=+45deg execute=+15deg x1 a=3 som=1/2 dtg=14.49 region=0_3
ep=1332 s=383 8035ms [sel=1610 cap=6326 rest=99] sg=2->2 mode=NONE win=8 obs=384 | cap=wip act=(71,366) d=2.40 a=2 som=1/2 dtg=14.49 region=0_3
ep=1332 s=384 7738ms [sel=3010 cap=4621 rest=106] sg=2->2 mode=NONE win=8 obs=385 | cap=wip act=TURN request=+45deg execute=+15deg x1 a=3 som=1/2 dtg=14.49 region=0_3
ep=1332 s=385 8940ms [sel=1883 cap=6959 rest=98] sg=2->2 mode=NONE win=8 obs=386 | cap=wip act=(71,366) d=2.40 a=2 som=1/2 dtg=14.49 region=0_3
ep=1332 s=386 8144ms [sel=1587 cap=6453 rest=103] sg=2->2 mode=NONE win=8 obs=387 | cap=wip act=TURN request=+45deg execute=+15deg x1 a=3 som=1/2 dtg=14.49 region=0_3
ep=1332 s=387 13218ms [sel=3311 cap=9809 rest=99] sg=2->2 mode=NONE win=8 obs=388 | cap=wip act=(71,366) d=2.40 a=2 som=1/2 dtg=14.49 region=0_3
ep=1332 s=388 10950ms [sel=2598 cap=7901 rest=411] sg=2->2 mode=NONE win=8 obs=389 | cap=wip act=TURN request=+45deg execute=+15deg x1 a=3 | preview=view-/6 yaw=+0 render=40ms som=1/2 dtg=14.49 region=0_3
ep=1332 s=389 10508ms [sel=48 cap=10360 rest=99] sg=2->2 mode=NONE win=8 obs=390 | cap=wip act=(71,366) d=2.40 a=2 dtg=14.49 region=0_3
ep=1332 s=390 7633ms [sel=1469 cap=6062 rest=102] sg=2->2 mode=NONE win=8 obs=391 | cap=wip act=TURN request=+45deg execute=+15deg x1 a=3 som=1/2 dtg=14.49 region=0_3
ep=1332 s=391 7385ms [sel=1018 cap=6262 rest=105] sg=2->2 mode=NONE win=8 obs=392 | cap=wip act=(71,366) d=2.40 a=2 som=1/2 dtg=14.49 region=0_3
ep=1332 s=392 6768ms [sel=865 cap=5801 rest=102] sg=2->2 mode=NONE win=8 obs=393 | cap=wip act=TURN request=+45deg execute=+15deg x1 a=3 som=1/2 dtg=14.49 region=0_3
ep=1332 s=393 10590ms [sel=1879 cap=8610 rest=101] sg=2->2 mode=NONE win=8 obs=394 | cap=wip act=(71,366) d=2.40 a=2 som=1/2 dtg=14.49 region=0_3
ep=1332 s=394 8506ms [sel=1797 cap=6606 rest=102] sg=2->2 mode=NONE win=8 obs=395 | cap=wip act=TURN request=+45deg execute=+15deg x1 a=3 som=1/2 dtg=14.49 region=0_3
ep=1332 s=395 11556ms [sel=2678 cap=8772 rest=106] sg=2->2 mode=NONE win=8 obs=396 | cap=wip act=(71,366) d=2.40 a=2 som=1/2 dtg=14.49 region=0_3
ep=1332 s=396 8265ms [sel=963 cap=7201 rest=101] sg=2->2 mode=NONE win=8 obs=397 | cap=wip act=TURN request=+45deg execute=+15deg x1 a=3 som=1/2 dtg=14.49 region=0_3
ep=1332 s=397 10643ms [sel=60 cap=10464 rest=119] sg=2->2 mode=NONE win=8 obs=398 | cap=wip act=(71,366) d=2.40 a=2 dtg=14.49 region=0_3
ep=1332 s=398 8068ms [sel=1097 cap=6867 rest=104] sg=2->2 mode=NONE win=8 obs=399 | cap=wip act=TURN request=+45deg execute=+15deg x1 a=3 som=1/2 dtg=14.49 region=0_3
ep=1332 s=399 7192ms [sel=1993 cap=5093 rest=107] sg=2->2 mode=NONE win=8 obs=400 | cap=wip act=(71,366) d=2.40 a=2 som=1/2 dtg=14.49 region=0_3
ep=1332 s=400 5723ms [sel=1177 cap=4442 rest=104] sg=2->2 mode=NONE win=8 obs=401 | cap=wip act=TURN request=+45deg execute=+15deg x1 a=3 som=1/2 dtg=14.49 region=0_3
ep=1332 s=401 6300ms [sel=955 cap=5242 rest=104] sg=2->2 mode=NONE win=8 obs=402 | cap=wip act=(71,366) d=2.40 a=2 som=1/2 dtg=14.49 region=0_3
ep=1332 s=402 7727ms [sel=1298 cap=6312 rest=117] sg=2->2 mode=NONE win=8 obs=403 | cap=wip act=TURN request=+45deg execute=+15deg x1 a=3 som=1/2 dtg=14.49 region=0_3
ep=1332 s=403 8221ms [sel=1253 cap=6861 rest=106] sg=2->2 mode=NONE win=8 obs=404 | cap=wip act=(71,366) d=2.40 a=2 som=1/2 dtg=14.49 region=0_3
ep=1332 s=404 8219ms [sel=881 cap=7233 rest=105] sg=2->2 mode=NONE win=8 obs=405 | cap=wip act=TURN request=+45deg execute=+15deg x1 a=3 som=1/2 dtg=14.49 region=0_3
ep=1332 s=405 7749ms [sel=1414 cap=6236 rest=99] sg=2->2 mode=NONE win=8 obs=406 | cap=wip act=(71,366) d=2.40 a=2 som=1/2 dtg=14.49 region=0_3
ep=1332 s=406 4815ms [sel=1124 cap=3583 rest=108] sg=2->2 mode=NONE win=8 obs=407 | cap=wip act=TURN request=+45deg execute=+15deg x1 a=3 som=1/2 dtg=14.49 region=0_3
ep=1332 s=407 8197ms [sel=1307 cap=6778 rest=111] sg=2->2 mode=NONE win=8 obs=408 | cap=wip act=(71,366) d=2.40 a=2 som=1/2 dtg=14.49 region=0_3
ep=1332 s=408 8922ms [sel=2079 cap=6736 rest=107] sg=2->2 mode=NONE win=8 obs=409 | cap=wip act=TURN request=+45deg execute=+15deg x1 a=3 som=1/2 dtg=14.49 region=0_3
ep=1332 s=409 11424ms [sel=1605 cap=9712 rest=106] sg=2->2 mode=NONE win=8 obs=410 | cap=wip act=(71,366) d=2.40 a=2 som=1/2 dtg=14.49 region=0_3
ep=1332 s=410 11336ms [sel=2246 cap=8987 rest=103] sg=2->2 mode=NONE win=8 obs=411 | cap=wip act=TURN request=+45deg execute=+15deg x1 a=3 som=1/2 dtg=14.49 region=0_3
ep=1332 s=411 7478ms [sel=2583 cap=4441 rest=419] sg=2->2 mode=NONE win=8 obs=412 | cap=wip act=(71,366) d=2.40 a=2 | preview=view-/6 yaw=+0 render=35ms som=1/2 dtg=14.49 region=0_3
ep=1332 s=412 10753ms [sel=3738 cap=6912 rest=103] sg=2->2 mode=NONE win=8 obs=413 | cap=wip act=TURN request=+45deg execute=+15deg x1 a=3 som=1/2 dtg=14.49 region=0_3
ep=1332 s=413 10879ms [sel=1474 cap=9305 rest=100] sg=2->2 mode=NONE win=8 obs=414 | cap=wip act=(71,366) d=2.40 a=2 som=1/2 dtg=14.49 region=0_3
ep=1332 s=414 5645ms [sel=2302 cap=2901 rest=407] sg=2->2 mode=NONE win=8 obs=415 | cap=wip act=TURN request=+45deg execute=+15deg x1 a=3 | preview=view-/6 yaw=+0 render=35ms som=1/2 dtg=14.49 region=0_3
ep=1332 s=415 5611ms [sel=1102 cap=4409 rest=100] sg=2->2 mode=NONE win=8 obs=416 | cap=wip act=(71,366) d=2.40 a=2 som=1/2 dtg=14.49 region=0_3
ep=1332 s=416 7770ms [sel=1817 cap=5850 rest=103] sg=2->2 mode=NONE win=8 obs=417 | cap=wip act=TURN request=+45deg execute=+15deg x1 a=3 som=1/2 dtg=14.49 region=0_3
ep=1332 s=417 7058ms [sel=1604 cap=5353 rest=101] sg=2->2 mode=NONE win=8 obs=418 | cap=wip act=(71,366) d=2.40 a=2 som=1/2 dtg=14.49 region=0_3
ep=1332 s=418 8644ms [sel=1863 cap=6682 rest=100] sg=2->2 mode=NONE win=8 obs=419 | cap=wip act=TURN request=+45deg execute=+15deg x1 a=3 som=1/2 dtg=14.49 region=0_3
ep=1332 s=419 10792ms [sel=2997 cap=7694 rest=101] sg=2->2 mode=NONE win=8 obs=420 | cap=wip act=(71,366) d=2.40 a=2 som=1/2 dtg=14.49 region=0_3
ep=1332 s=420 6975ms [sel=1582 cap=5289 rest=104] sg=2->2 mode=NONE win=8 obs=421 | cap=wip act=TURN request=+45deg execute=+15deg x1 a=3 som=1/2 dtg=14.49 region=0_3
ep=1332 s=421 7473ms [sel=584 cap=6782 rest=108] sg=2->2 mode=NONE win=8 obs=422 | cap=wip act=(71,366) d=2.40 a=2 som=1/2 dtg=14.49 region=0_3
ep=1332 s=422 7397ms [sel=1173 cap=6122 rest=101] sg=2->2 mode=NONE win=8 obs=423 | cap=wip act=TURN request=+45deg execute=+15deg x1 a=3 som=1/2 dtg=14.49 region=0_3
ep=1332 s=423 7645ms [sel=1921 cap=5622 rest=102] sg=2->2 mode=NONE win=8 obs=424 | cap=wip act=(71,366) d=2.40 a=2 som=1/2 dtg=14.49 region=0_3
ep=1332 s=424 11371ms [sel=2239 cap=9029 rest=103] sg=2->2 mode=NONE win=8 obs=425 | cap=wip act=TURN request=+45deg execute=+15deg x1 a=3 som=1/2 dtg=14.49 region=0_3
ep=1332 s=425 10111ms [sel=1910 cap=8096 rest=105] sg=2->2 mode=NONE win=8 obs=426 | cap=wip act=(71,366) d=2.40 a=2 som=1/2 dtg=14.49 region=0_3
ep=1332 s=426 11525ms [sel=2263 cap=9161 rest=102] sg=2->2 mode=NONE win=8 obs=427 | cap=wip act=TURN request=+45deg execute=+15deg x1 a=3 som=1/2 dtg=14.49 region=0_3
ep=1332 s=427 10191ms [sel=1915 cap=8174 rest=102] sg=2->2 mode=NONE win=8 obs=428 | cap=wip act=(71,366) d=2.40 a=2 som=1/2 dtg=14.49 region=0_3
ep=1332 s=428 10896ms [sel=1960 cap=8831 rest=106] sg=2->2 mode=NONE win=8 obs=429 | cap=wip act=TURN request=+45deg execute=+15deg x1 a=3 som=1/2 dtg=14.49 region=0_3
ep=1332 s=429 9925ms [sel=3061 cap=6765 rest=99] sg=2->2 mode=NONE win=8 obs=430 | cap=wip act=(71,366) d=2.40 a=2 som=1/2 dtg=14.49 region=0_3
ep=1332 s=430 8724ms [sel=780 cap=7843 rest=101] sg=2->2 mode=NONE win=8 obs=431 | cap=wip act=TURN request=+45deg execute=+15deg x1 a=3 som=1/2 dtg=14.49 region=0_3
ep=1332 s=431 10527ms [sel=2895 cap=7528 rest=105] sg=2->2 mode=NONE win=8 obs=432 | cap=wip act=(71,366) d=2.40 a=2 som=1/2 dtg=14.49 region=0_3
ep=1332 s=432 9849ms [sel=2280 cap=7468 rest=101] sg=2->2 mode=NONE win=8 obs=433 | cap=wip act=TURN request=+45deg execute=+15deg x1 a=3 som=1/2 dtg=14.49 region=0_3
ep=1332 s=433 6687ms [sel=2031 cap=4552 rest=104] sg=2->2 mode=NONE win=8 obs=434 | cap=wip act=(71,366) d=2.40 a=2 som=1/2 dtg=14.49 region=0_3
ep=1332 s=434 9251ms [sel=1624 cap=7523 rest=104] sg=2->2 mode=NONE win=8 obs=435 | cap=wip act=TURN request=+45deg execute=+15deg x1 a=3 som=1/2 dtg=14.49 region=0_3
ep=1332 s=435 10125ms [sel=1516 cap=8500 rest=109] sg=2->2 mode=NONE win=8 obs=436 | cap=wip act=(71,366) d=2.40 a=2 som=1/2 dtg=14.49 region=0_3
ep=1332 s=436 10222ms [sel=1386 cap=8733 rest=103] sg=2->2 mode=NONE win=8 obs=437 | cap=wip act=TURN request=+45deg execute=+15deg x1 a=3 som=1/2 dtg=14.49 region=0_3
ep=1332 s=437 8265ms [sel=1348 cap=6817 rest=100] sg=2->2 mode=NONE win=8 obs=438 | cap=wip act=(71,366) d=2.40 a=2 som=1/2 dtg=14.49 region=0_3
ep=1332 s=438 8675ms [sel=1767 cap=6806 rest=102] sg=2->2 mode=NONE win=8 obs=439 | cap=wip act=TURN request=+45deg execute=+15deg x1 a=3 som=1/2 dtg=14.49 region=0_3
ep=1332 s=439 8257ms [sel=1972 cap=6185 rest=100] sg=2->2 mode=NONE win=8 obs=440 | cap=wip act=(71,366) d=2.40 a=2 som=1/2 dtg=14.49 region=0_3
ep=1332 s=440 5607ms [sel=1187 cap=4318 rest=101] sg=2->2 mode=NONE win=8 obs=441 | cap=wip act=TURN request=+45deg execute=+15deg x1 a=3 som=1/2 dtg=14.49 region=0_3
ep=1332 s=441 7625ms [sel=1268 cap=6250 rest=106] sg=2->2 mode=NONE win=8 obs=442 | cap=wip act=(71,366) d=2.40 a=2 som=1/2 dtg=14.49 region=0_3
ep=1332 s=442 7567ms [sel=2684 cap=4782 rest=102] sg=2->2 mode=NONE win=8 obs=443 | cap=wip act=TURN request=+45deg execute=+15deg x1 a=3 som=1/2 dtg=14.49 region=0_3
ep=1332 s=443 7534ms [sel=1674 cap=5757 rest=103] sg=2->2 mode=NONE win=8 obs=444 | cap=wip act=(71,366) d=2.40 a=2 som=1/2 dtg=14.49 region=0_3
ep=1332 s=444 7575ms [sel=1298 cap=6176 rest=101] sg=2->2 mode=NONE win=8 obs=445 | cap=wip act=TURN request=+45deg execute=+15deg x1 a=3 som=1/2 dtg=14.49 region=0_3
ep=1332 s=445 7810ms [sel=1332 cap=6379 rest=99] sg=2->2 mode=NONE win=8 obs=446 | cap=wip act=(71,366) d=2.40 a=2 som=1/2 dtg=14.49 region=0_3
ep=1332 s=446 7172ms [sel=1670 cap=5402 rest=100] sg=2->2 mode=NONE win=8 obs=447 | cap=wip act=TURN request=+45deg execute=+15deg x1 a=3 som=1/2 dtg=14.49 region=0_3
ep=1332 s=447 7789ms [sel=1835 cap=5850 rest=104] sg=2->2 mode=NONE win=8 obs=448 | cap=wip act=(71,366) d=2.40 a=2 som=1/2 dtg=14.49 region=0_3
ep=1332 s=448 13183ms [sel=5604 cap=7475 rest=104] sg=2->2 mode=NONE win=8 obs=449 | cap=wip act=TURN request=+45deg execute=+15deg x1 a=3 som=1/2 dtg=14.49 region=0_3
ep=1332 s=449 8626ms [sel=2904 cap=5617 rest=104] sg=2->2 mode=NONE win=8 obs=450 | cap=wip act=(71,366) d=2.40 a=2 som=1/2 dtg=14.49 region=0_3
ep=1332 s=450 9536ms [sel=1035 cap=8397 rest=103] sg=2->2 mode=NONE win=8 obs=451 | cap=wip act=TURN request=+45deg execute=+15deg x1 a=3 som=1/2 dtg=14.49 region=0_3
ep=1332 s=451 7416ms [sel=1172 cap=6141 rest=102] sg=2->2 mode=NONE win=8 obs=452 | cap=wip act=(71,366) d=2.40 a=2 som=1/2 dtg=14.49 region=0_3
ep=1332 s=452 9737ms [sel=2186 cap=7450 rest=101] sg=2->2 mode=NONE win=8 obs=453 | cap=wip act=TURN request=+45deg execute=+15deg x1 a=3 som=1/2 dtg=14.49 region=0_3
ep=1332 s=453 10602ms [sel=2478 cap=8022 rest=101] sg=2->2 mode=NONE win=8 obs=454 | cap=wip act=(71,366) d=2.40 a=2 som=1/2 dtg=14.49 region=0_3
ep=1332 s=454 7480ms [sel=1380 cap=6001 rest=100] sg=2->2 mode=NONE win=8 obs=455 | cap=wip act=TURN request=+45deg execute=+15deg x1 a=3 som=1/2 dtg=14.49 region=0_3
ep=1332 s=455 10340ms [sel=1418 cap=8817 rest=105] sg=2->2 mode=NONE win=8 obs=456 | cap=wip act=(71,366) d=2.40 a=2 som=1/2 dtg=14.49 region=0_3
ep=1332 s=456 10979ms [sel=1409 cap=9466 rest=105] sg=2->2 mode=NONE win=8 obs=457 | cap=wip act=TURN request=+45deg execute=+15deg x1 a=3 som=1/2 dtg=14.49 region=0_3
ep=1332 s=457 8894ms [sel=1256 cap=7534 rest=104] sg=2->2 mode=NONE win=8 obs=458 | cap=wip act=(71,366) d=2.40 a=2 som=1/2 dtg=14.49 region=0_3
ep=1332 s=458 7691ms [sel=1219 cap=6369 rest=103] sg=2->2 mode=NONE win=8 obs=459 | cap=wip act=TURN request=+45deg execute=+15deg x1 a=3 som=1/2 dtg=14.49 region=0_3
ep=1332 s=459 7742ms [sel=669 cap=6966 rest=107] sg=2->2 mode=NONE win=8 obs=460 | cap=wip act=(71,366) d=2.40 a=2 som=1/2 dtg=14.49 region=0_3
ep=1332 s=460 10570ms [sel=1459 cap=9006 rest=105] sg=2->2 mode=NONE win=8 obs=461 | cap=wip act=TURN request=+45deg execute=+15deg x1 a=3 som=1/2 dtg=14.49 region=0_3
ep=1332 s=461 10345ms [sel=1429 cap=8817 rest=99] sg=2->2 mode=NONE win=8 obs=462 | cap=wip act=(71,366) d=2.40 a=2 som=1/2 dtg=14.49 region=0_3
ep=1332 s=462 5882ms [sel=828 cap=4622 rest=396] sg=2->2 mode=NONE win=8 obs=463 | cap=wip act=TURN request=+45deg execute=+15deg x1 a=3 | preview=view-/6 yaw=+0 render=35ms som=1/2 dtg=14.49 region=0_3
ep=1332 s=463 8598ms [sel=1737 cap=6759 rest=102] sg=2->2 mode=NONE win=8 obs=464 | cap=wip act=(71,366) d=2.40 a=2 som=1/2 dtg=14.49 region=0_3
ep=1332 s=464 8339ms [sel=1707 cap=6504 rest=128] sg=2->2 mode=NONE win=8 obs=465 | cap=wip act=TURN request=+45deg execute=+15deg x1 a=3 som=1/2 dtg=14.49 region=0_3
ep=1332 s=465 9181ms [sel=1880 cap=7199 rest=102] sg=2->2 mode=NONE win=8 obs=466 | cap=wip act=(71,366) d=2.40 a=2 som=1/2 dtg=14.49 region=0_3
ep=1332 s=466 11837ms [sel=2681 cap=9052 rest=103] sg=2->2 mode=NONE win=8 obs=467 | cap=wip act=TURN request=+45deg execute=+15deg x1 a=3 som=1/2 dtg=14.49 region=0_3
ep=1332 s=467 9232ms [sel=2502 cap=6624 rest=107] sg=2->2 mode=NONE win=8 obs=468 | cap=wip act=(71,366) d=2.40 a=2 som=1/2 dtg=14.49 region=0_3
ep=1332 s=468 8446ms [sel=750 cap=7594 rest=102] sg=2->2 mode=NONE win=8 obs=469 | cap=wip act=TURN request=+45deg execute=+15deg x1 a=3 som=1/2 dtg=14.49 region=0_3
ep=1332 s=469 10182ms [sel=1957 cap=8119 rest=106] sg=2->2 mode=NONE win=8 obs=470 | cap=wip act=(71,366) d=2.40 a=2 som=1/2 dtg=14.49 region=0_3
ep=1332 s=470 8288ms [sel=2424 cap=5758 rest=105] sg=2->2 mode=NONE win=8 obs=471 | cap=wip act=TURN request=+45deg execute=+15deg x1 a=3 som=1/2 dtg=14.49 region=0_3
ep=1332 s=471 10744ms [sel=1934 cap=8704 rest=106] sg=2->2 mode=NONE win=8 obs=472 | cap=wip act=(71,366) d=2.40 a=2 som=1/2 dtg=14.49 region=0_3
ep=1332 s=472 11773ms [sel=3338 cap=8327 rest=107] sg=2->2 mode=NONE win=8 obs=473 | cap=wip act=TURN request=+45deg execute=+15deg x1 a=3 som=1/2 dtg=14.49 region=0_3
ep=1332 s=473 8997ms [sel=2518 cap=6368 rest=111] sg=2->2 mode=NONE win=8 obs=474 | cap=wip act=(71,366) d=2.40 a=2 som=1/2 dtg=14.49 region=0_3
ep=1332 s=474 8995ms [sel=1734 cap=7158 rest=104] sg=2->2 mode=NONE win=8 obs=475 | cap=wip act=TURN request=+45deg execute=+15deg x1 a=3 som=1/2 dtg=14.49 region=0_3
ep=1332 s=475 10892ms [sel=2389 cap=8395 rest=107] sg=2->2 mode=NONE win=8 obs=476 | cap=wip act=(71,366) d=2.40 a=2 som=1/2 dtg=14.49 region=0_3
ep=1332 s=476 10922ms [sel=1726 cap=9093 rest=103] sg=2->2 mode=NONE win=8 obs=477 | cap=wip act=TURN request=+45deg execute=+15deg x1 a=3 som=1/2 dtg=14.49 region=0_3
ep=1332 s=477 10272ms [sel=664 cap=9502 rest=106] sg=2->2 mode=NONE win=8 obs=478 | cap=wip act=(71,366) d=2.40 a=2 som=1/2 dtg=14.49 region=0_3
ep=1332 s=478 10096ms [sel=747 cap=9245 rest=104] sg=2->2 mode=NONE win=8 obs=479 | cap=wip act=TURN request=+45deg execute=+15deg x1 a=3 som=1/2 dtg=14.49 region=0_3
ep=1332 s=479 16008ms [sel=56 cap=15844 rest=108] sg=2->2 mode=NONE win=8 obs=480 | cap=wip act=(71,366) d=2.40 a=2 dtg=14.49 region=0_3
ep=1332 s=480 10285ms [sel=125 cap=10055 rest=104] sg=2->2 mode=NONE win=8 obs=481 | cap=wip act=TURN request=+45deg execute=+15deg x1 a=3 dtg=14.49 region=0_3
ep=1332 s=481 10874ms [sel=1986 cap=8781 rest=107] sg=2->2 mode=NONE win=8 obs=482 | cap=wip act=(71,366) d=2.40 a=2 som=1/2 dtg=14.49 region=0_3
ep=1332 s=482 10284ms [sel=1711 cap=8467 rest=106] sg=2->2 mode=NONE win=8 obs=483 | cap=wip act=TURN request=+45deg execute=+15deg x1 a=3 som=1/2 dtg=14.49 region=0_3
ep=1332 s=483 9067ms [sel=1017 cap=7941 rest=109] sg=2->2 mode=NONE win=8 obs=484 | cap=wip act=(71,366) d=2.40 a=2 som=1/2 dtg=14.49 region=0_3
ep=1332 s=484 10780ms [sel=2403 cap=8276 rest=101] sg=2->2 mode=NONE win=8 obs=485 | cap=wip act=TURN request=+45deg execute=+15deg x1 a=3 som=1/2 dtg=14.49 region=0_3
ep=1332 s=485 9908ms [sel=1761 cap=8048 rest=99] sg=2->2 mode=NONE win=8 obs=486 | cap=wip act=(71,366) d=2.40 a=2 som=1/2 dtg=14.49 region=0_3
ep=1332 s=486 9567ms [sel=1482 cap=7983 rest=101] sg=2->2 mode=NONE win=8 obs=487 | cap=wip act=TURN request=+45deg execute=+15deg x1 a=3 som=1/2 dtg=14.49 region=0_3
ep=1332 s=487 9186ms [sel=1529 cap=7557 rest=100] sg=2->2 mode=NONE win=8 obs=488 | cap=wip act=(71,366) d=2.40 a=2 som=1/2 dtg=14.49 region=0_3
ep=1332 s=488 8867ms [sel=1546 cap=7218 rest=104] sg=2->2 mode=NONE win=8 obs=489 | cap=wip act=TURN request=+45deg execute=+15deg x1 a=3 som=1/2 dtg=14.49 region=0_3
ep=1332 s=489 11349ms [sel=2103 cap=9145 rest=102] sg=2->2 mode=NONE win=8 obs=490 | cap=wip act=(71,366) d=2.40 a=2 som=1/2 dtg=14.49 region=0_3
ep=1332 s=490 7344ms [sel=982 cap=6258 rest=104] sg=2->2 mode=NONE win=8 obs=491 | cap=wip act=TURN request=+45deg execute=+15deg x1 a=3 som=1/2 dtg=14.49 region=0_3
ep=1332 s=491 10072ms [sel=1781 cap=8189 rest=102] sg=2->2 mode=NONE win=8 obs=492 | cap=wip act=(71,366) d=2.40 a=2 som=1/2 dtg=14.49 region=0_3
ep=1332 s=492 12868ms [sel=116 cap=12627 rest=125] sg=2->2 mode=NONE win=8 obs=493 | cap=wip act=TURN request=+45deg execute=+15deg x1 a=3 dtg=14.49 region=0_3
ep=1332 s=493 8364ms [sel=3026 cap=4895 rest=409] sg=2->2 mode=NONE win=8 obs=494 | cap=wip act=(71,366) d=2.40 a=2 | preview=view-/6 yaw=+0 render=35ms som=1/2 dtg=14.49 region=0_3
ep=1332 s=494 8145ms [sel=2161 cap=5883 rest=101] sg=2->2 mode=NONE win=8 obs=495 | cap=wip act=TURN request=+45deg execute=+15deg x1 a=3 som=1/2 dtg=14.49 region=0_3
ep=1332 s=495 8381ms [sel=1970 cap=6308 rest=104] sg=2->2 mode=NONE win=8 obs=496 | cap=wip act=(71,366) d=2.40 a=2 som=1/2 dtg=14.49 region=0_3
ep=1332 s=496 10866ms [sel=1667 cap=9069 rest=130] sg=2->2 mode=NONE win=8 obs=497 | cap=wip act=TURN request=+45deg execute=+15deg x1 a=3 som=1/2 dtg=14.49 region=0_3
ep=1332 s=497 9884ms [sel=1412 cap=8373 rest=100] sg=2->2 mode=NONE win=8 obs=498 | cap=wip act=(71,366) d=2.40 a=2 som=1/2 dtg=14.49 region=0_3
ep=1332 s=498 9899ms [sel=1540 cap=8250 rest=109] sg=2->2 mode=NONE win=8 obs=499 | cap=wip act=TURN request=+45deg execute=+15deg x1 a=3 som=1/2 dtg=14.49 region=0_3
ep=1332 s=499 9051ms [sel=1741 cap=7200 rest=110] sg=2->2 mode=NONE win=8 obs=500 | cap=wip act=(71,366) d=2.40 a=2 som=1/2 dtg=14.49 region=0_3
rank=3 [16/20] id=1332 steps=500 success=0.000 spl=0.000 dtg=14.49 osr=0 path_length=2.78 ndtw=0.246 sdtw=0.000
PluginManager::Manager: duplicate static plugin StbImageImporter, ignoring
PluginManager::Manager: duplicate static plugin GltfImporter, ignoring
PluginManager::Manager: duplicate static plugin BasisImporter, ignoring
PluginManager::Manager: duplicate static plugin AssimpImporter, ignoring
PluginManager::Manager: duplicate static plugin AnySceneImporter, ignoring
PluginManager::Manager: duplicate static plugin AnyImageImporter, ignoring
episode=1564 instruction='Go to your left passed the couch and the coffee table. Go to the pool table and then stop next to the window. ' start_position=[7.775400161743164, 0.06606321036815643, 8.427889823913574] goal_position=[6.3001298904418945, 0.018061161041259766, 1.3675600290298462] reference_geodesic=7.9351301193237305
episode=1564 prepared_subgoals=3
  [1] Go left past the couch and coffee table
      proof: The couch and coffee table are behind the camera and the next landmark (pool table) is directly ahead.
  [2] Walk to the pool table
      proof: The pool table is beside or directly ahead of the camera, within a step; the camera has not yet turned right.
  [3] Turn right toward the window, then stop next to the window
      proof: The camera is beside the window, within a step, and the window fills the view
ep=1564 s=0 13736ms [sel=24 cap=13143 rest=530] sg=1->1 mode=NONE win=1 obs=1 | cap=wip act=(160,180) d=3.36 a=1 | preview=view2/6 yaw=+0 render=39ms | sp=preview:active d=3.4 age=0 dtg=8.00 region=1_9
ep=1564 s=1 3266ms [sel=3 cap=3140 rest=123] sg=1->1 mode=NONE win=2 obs=2 | cap=wip act=(320,360) d=3.11 a=1 | sp=preview:active d=3.1 age=1 dtg=8.08 region=1_9
ep=1564 s=2 4931ms [sel=3 cap=4806 rest=123] sg=1->1 mode=NONE win=3 obs=3 | cap=wip act=(320,360) d=2.86 a=1 | sp=preview:active d=2.9 age=2 dtg=8.19 region=1_9
ep=1564 s=3 4488ms [sel=3 cap=4362 rest=123] sg=1->1 mode=NONE win=4 obs=4 | cap=wip act=(320,360) d=2.61 a=1 | sp=preview:active d=2.6 age=3 dtg=8.34 region=1_9
ep=1564 s=4 5157ms [sel=4 cap=5029 rest=125] sg=1->1 mode=NONE win=5 obs=5 | cap=wip act=(320,360) d=2.36 a=1 | sp=preview:active d=2.4 age=4 dtg=8.50 region=1_9
ep=1564 s=5 3762ms [sel=3 cap=3634 rest=125] sg=1->1 mode=NONE win=6 obs=6 | cap=wip act=(320,360) d=2.11 a=1 | sp=preview:active d=2.1 age=5 dtg=8.70 region=1_9
ep=1564 s=6 6829ms [sel=3 cap=6703 rest=123] sg=1->1 mode=NONE win=7 obs=7 | cap=wip act=(320,360) d=1.87 a=1 | sp=preview:active d=1.9 age=6 dtg=8.91 region=1_9
ep=1564 s=7 7772ms [sel=3 cap=7644 rest=125] sg=1->1 mode=NONE win=8 obs=8 | cap=wip act=(320,360) d=1.62 a=1 | sp=preview:active d=1.6 age=7 dtg=9.13 region=1_9
ep=1564 s=8 7186ms [sel=3 cap=7049 rest=135] sg=1->1 mode=NONE win=8 obs=9 | cap=wip act=(320,360) d=1.37 a=1 | sp=preview:active d=1.4 age=8 dtg=9.82 region=1_9
ep=1564 s=9 4255ms [sel=3 cap=4098 rest=155] sg=1->1 mode=GET_NOWHERE win=8 obs=10 | cap=wip/GET_NOWHERE act=(320,360) d=1.13 a=1 | sp=preview:active d=1.1 age=9 dtg=9.63 region=1_9
ep=1564 s=10 4755ms [sel=3 cap=4604 rest=148] sg=1->1 mode=NONE win=8 obs=11 | cap=wip act=(320,360) d=0.89 a=3 | sp=preview:active d=0.9 age=10 dtg=9.63 region=1_9
ep=1564 s=11 5593ms [sel=3 cap=5459 rest=132] sg=1->1 mode=NONE win=8 obs=12 | cap=wip act=(320,360) d=0.89 a=1 | sp=preview:active d=0.9 age=11 dtg=9.41 region=1_9
ep=1564 s=12 7785ms [sel=1735 cap=5919 rest=131] sg=1->1 mode=NONE win=8 obs=13 | cap=wip act=(320,360) d=2.97 a=2 | sp=som:active d=3.0 age=0 som=1/8 dtg=9.41 region=1_9
ep=1564 s=13 5193ms [sel=3 cap=5068 rest=123] sg=1->1 mode=NONE win=8 obs=14 | cap=wip act=(320,360) d=2.97 a=2 | sp=som:active d=3.0 age=1 dtg=9.41 region=1_9
ep=1564 s=14 3133ms [sel=3 cap=3006 rest=124] sg=1->1 mode=NONE win=8 obs=15 | cap=wip act=(320,360) d=2.97 a=1 | sp=som:active d=3.0 age=2 dtg=9.29 region=1_9
ep=1564 s=15 6686ms [sel=3 cap=6559 rest=125] sg=1->1 mode=NONE win=8 obs=16 | cap=wip act=(320,360) d=2.72 a=1 | sp=som:active d=2.7 age=3 dtg=9.21 region=1_9
ep=1564 s=16 7237ms [sel=3 cap=7108 rest=126] sg=1->1 mode=NONE win=8 obs=17 | cap=wip act=(320,360) d=2.48 a=2 | sp=som:active d=2.5 age=4 dtg=9.21 region=1_9
ep=1564 s=17 6186ms [sel=3 cap=6059 rest=124] sg=1->1 mode=NONE win=8 obs=18 | cap=wip act=(320,360) d=2.48 a=1 | sp=som:active d=2.5 age=5 dtg=9.21 region=1_9
ep=1564 s=18 4948ms [sel=3 cap=4819 rest=126] sg=1->1 mode=NONE win=8 obs=19 | cap=wip act=(320,360) d=2.23 a=1 | sp=som:active d=2.2 age=6 dtg=9.25 region=1_9
ep=1564 s=19 3275ms [sel=3 cap=3147 rest=125] sg=1->1 mode=NONE win=8 obs=20 | cap=wip act=(320,360) d=1.98 a=1 | sp=som:active d=2.0 age=7 dtg=9.32 region=1_9
ep=1564 s=20 5254ms [sel=3 cap=5125 rest=126] sg=1->1 mode=NONE win=8 obs=21 | cap=wip act=(320,360) d=1.73 a=1 | sp=som:active d=1.7 age=8 dtg=9.41 region=1_9
ep=1564 s=21 5850ms [sel=3 cap=5720 rest=127] sg=1->1 mode=NONE win=8 obs=22 | cap=wip act=(320,360) d=1.48 a=1 | sp=som:active d=1.5 age=9 dtg=9.53 region=1_9
ep=1564 s=22 6134ms [sel=4 cap=6003 rest=128] sg=1->1 mode=NONE win=8 obs=23 | cap=wip act=(320,360) d=1.23 a=1 | sp=som:active d=1.2 age=10 dtg=9.66 region=1_9
ep=1564 s=23 8173ms [sel=4 cap=8043 rest=126] sg=1->1 mode=NONE win=8 obs=24 | cap=wip act=(320,360) d=0.99 a=1 | sp=som:active d=1.0 age=11 dtg=9.79 region=1_9
ep=1564 s=24 4162ms [sel=4 cap=4025 rest=134] sg=1->1 mode=GET_NOWHERE win=8 obs=25 | cap=wip/GET_NOWHERE act=(320,360) d=0.74 a=1 | sp=som:active d=0.7 age=12 dtg=9.94 region=1_9
ep=1564 s=25 5901ms [sel=4 cap=5772 rest=125] sg=1->1 mode=NONE win=8 obs=26 | cap=wip act=(320,360) d=0.50 a=3 | sp=som:active d=0.5 age=13 dtg=9.94 region=1_9
ep=1564 s=26 7316ms [sel=4 cap=7183 rest=130] sg=1->1 mode=NONE win=8 obs=27 | cap=wip act=(320,360) d=0.50 a=1 | sp=som:active d=0.5 age=14 dtg=10.04 region=1_9
ep=1564 s=27 7298ms [sel=1927 cap=5244 rest=127] sg=1->1 mode=NONE win=8 obs=28 | cap=wip act=(320,360) d=2.21 a=1 | sp=som:active d=2.2 age=0 som=1/7 dtg=10.15 region=1_10
ep=1564 s=28 6753ms [sel=3 cap=6624 rest=126] sg=1->1 mode=NONE win=8 obs=29 | cap=wip act=(320,360) d=1.96 a=2 | sp=som:active d=2.0 age=1 dtg=10.15 region=1_10
ep=1564 s=29 8165ms [sel=3 cap=7604 rest=522] sg=1->1 mode=NONE win=8 obs=30 | cap=wip act=(320,360) d=1.96 a=1 | preview=view-/6 yaw=+0 render=37ms | sp=som:active d=2.0 age=2 dtg=10.33 region=1_10
ep=1564 s=30 6689ms [sel=3 cap=6561 rest=125] sg=1->1 mode=NONE win=8 obs=31 | cap=wip act=(320,360) d=1.71 a=3 | sp=som:active d=1.7 age=3 dtg=10.33 region=1_10
ep=1564 s=31 7399ms [sel=4 cap=7266 rest=130] sg=1->1 mode=NONE win=8 obs=32 | cap=wip act=(320,360) d=1.71 a=1 | sp=som:active d=1.7 age=4 dtg=10.47 region=1_10
ep=1564 s=32 6968ms [sel=3 cap=6833 rest=132] sg=1->1 mode=NONE win=8 obs=33 | cap=wip act=(320,360) d=1.47 a=1 | sp=som:active d=1.5 age=5 dtg=10.62 region=1_10
ep=1564 s=33 4971ms [sel=3 cap=4845 rest=123] sg=1->1 mode=NONE win=8 obs=34 | cap=wip act=(320,360) d=1.22 a=1 | sp=som:active d=1.2 age=6 dtg=10.79 region=1_10
ep=1564 s=34 3839ms [sel=3 cap=3712 rest=124] sg=1->1 mode=NONE win=8 obs=35 | cap=wip act=(320,360) d=0.97 a=1 | sp=som:active d=1.0 age=7 dtg=10.97 region=0_14
ep=1564 s=35 5592ms [sel=3 cap=5464 rest=125] sg=1->1 mode=NONE win=8 obs=36 | cap=wip act=(320,360) d=0.73 a=2 | sp=som:active d=0.7 age=8 dtg=10.97 region=0_14
ep=1564 s=36 5972ms [sel=3 cap=5823 rest=147] sg=1->1 mode=NONE win=8 obs=37 | cap=wip act=(320,360) d=0.73 a=1 | sp=som:active d=0.7 age=9 dtg=11.20 region=0_14
ep=1564 s=37 8268ms [sel=1884 cap=6245 rest=139] sg=1->1 mode=NONE win=8 obs=38 | cap=wip act=(320,360) d=1.63 a=1 | sp=som:active d=1.6 age=0 som=2/6 dtg=11.61 region=0_14
ep=1564 s=38 5919ms [sel=3 cap=5781 rest=136] sg=1->1 mode=NONE win=8 obs=39 | cap=wip act=(320,360) d=1.40 a=3 | sp=som:active d=1.4 age=1 dtg=11.61 region=0_14
ep=1564 s=39 7338ms [sel=3 cap=7208 rest=128] sg=1->1 mode=NONE win=8 obs=40 | cap=wip act=(320,360) d=1.40 a=1 | sp=som:active d=1.4 age=2 dtg=11.71 region=0_14
ep=1564 s=40 6425ms [sel=3 cap=6292 rest=130] sg=1->1 mode=NONE win=8 obs=41 | cap=wip act=(320,360) d=1.16 a=1 | sp=som:active d=1.2 age=3 dtg=11.98 region=0_14
ep=1564 s=41 3781ms [sel=3 cap=3648 rest=130] sg=1->1 mode=NONE win=8 obs=42 | cap=wip act=(320,360) d=0.91 a=1 | sp=som:active d=0.9 age=4 dtg=12.14 region=0_14
ep=1564 s=42 6866ms [sel=3 cap=6738 rest=126] sg=1->1 mode=NONE win=8 obs=43 | cap=wip act=(320,360) d=0.76 a=3 | sp=som:active d=0.8 age=5 dtg=12.14 region=0_14
ep=1564 s=43 5348ms [sel=3 cap=5220 rest=125] sg=1->1 mode=NONE win=8 obs=44 | cap=wip act=(320,360) d=0.76 a=1 | sp=som:active d=0.8 age=6 dtg=12.20 region=None
ep=1564 s=44 6095ms [sel=0 cap=5833 rest=261] sg=1->1 mode=NONE win=8 obs=45 | cap=wip act=TURN request=+45deg execute=+15deg x1 a=3 | sp=som:active d=0.7 age=7 dtg=12.20 region=None
ep=1564 s=45 6301ms [sel=0 cap=6176 rest=125] sg=1->2 mode=NONE win=8 obs=46 | cap=DONE act=TURN request=+45deg execute=+15deg x1 a=3 | sp=som:active d=0.7 age=8 dtg=12.20 region=None
ep=1564 s=46 5464ms [sel=0 cap=5338 rest=126] sg=2->2 mode=NONE win=8 obs=47 | cap=wip act=TURN request=+45deg execute=+15deg x1 a=3 | sp=som:active d=0.7 age=9 dtg=12.20 region=None
ep=1564 s=47 5316ms [sel=0 cap=5188 rest=128] sg=2->2 mode=NONE win=8 obs=48 | cap=wip act=TURN request=+45deg execute=+15deg x1 a=3 | sp=som:active d=0.7 age=10 dtg=12.20 region=None
ep=1564 s=48 3636ms [sel=0 cap=3506 rest=129] sg=2->2 mode=NONE win=8 obs=49 | cap=wip act=TURN request=+45deg execute=+15deg x1 a=3 | sp=som:active d=0.7 age=11 dtg=12.20 region=None
ep=1564 s=49 4157ms [sel=0 cap=4025 rest=132] sg=2->2 mode=NONE win=8 obs=50 | cap=wip act=TURN request=+45deg execute=+15deg x1 a=3 | sp=som:active d=0.7 age=12 dtg=12.20 region=None
ep=1564 s=50 2382ms [sel=0 cap=2243 rest=139] sg=2->2 mode=NONE win=8 obs=51 | cap=wip act=TURN request=+45deg execute=+15deg x1 a=3 | sp=som:active d=0.7 age=13 dtg=12.20 region=None
ep=1564 s=51 4070ms [sel=0 cap=3908 rest=162] sg=2->2 mode=NONE win=8 obs=52 | cap=wip act=TURN request=+45deg execute=+15deg x1 a=3 | sp=som:active d=0.7 age=14 dtg=12.20 region=None
ep=1564 s=52 2793ms [sel=0 cap=2656 rest=137] sg=2->2 mode=NONE win=8 obs=53 | cap=wip act=TURN request=+45deg execute=+15deg x1 a=3 | sp=som:passed d=0.7 age=15 dtg=12.20 region=None
ep=1564 s=53 5968ms [sel=0 cap=5835 rest=134] sg=2->2 mode=NONE win=8 obs=54 | cap=wip act=TURN request=+45deg execute=+15deg x1 a=3 | sp=som:passed d=0.7 age=16 dtg=12.20 region=None
ep=1564 s=54 9260ms [sel=1497 cap=7631 rest=131] sg=2->2 mode=NONE win=8 obs=55 | cap=wip act=(320,360) d=1.64 a=2 | sp=frontier:active d=1.6 age=0 som=L/6 dtg=12.20 region=None
ep=1564 s=55 7623ms [sel=8 cap=7111 rest=467] sg=2->2 mode=NONE win=8 obs=56 | cap=wip act=(320,360) d=1.64 a=2 | preview=view-/6 yaw=+0 render=37ms | sp=frontier:active d=1.6 age=1 dtg=12.20 region=None
ep=1564 s=56 5517ms [sel=7 cap=5376 rest=134] sg=2->2 mode=NONE win=8 obs=57 | cap=wip act=(320,360) d=1.64 a=1 | sp=frontier:active d=1.6 age=2 dtg=12.03 region=0_14
ep=1564 s=57 6917ms [sel=4 cap=6781 rest=133] sg=2->2 mode=NONE win=8 obs=58 | cap=wip act=(320,360) d=1.57 a=2 | sp=frontier:active d=1.6 age=3 dtg=12.03 region=0_14
ep=1564 s=58 4035ms [sel=4 cap=3899 rest=132] sg=2->2 mode=NONE win=8 obs=59 | cap=wip act=(320,360) d=1.57 a=2 | sp=frontier:active d=1.6 age=4 dtg=12.03 region=0_14
ep=1564 s=59 2887ms [sel=4 cap=2752 rest=132] sg=2->2 mode=NONE win=8 obs=60 | cap=wip act=(320,360) d=1.57 a=2 | sp=frontier:active d=1.6 age=5 dtg=12.03 region=0_14
ep=1564 s=60 6347ms [sel=4 cap=6205 rest=138] sg=2->2 mode=NONE win=8 obs=61 | cap=wip act=(320,360) d=1.57 a=1 | sp=frontier:active d=1.6 age=6 dtg=12.09 region=0_14
ep=1564 s=61 4686ms [sel=3 cap=4553 rest=131] sg=2->2 mode=NONE win=8 obs=62 | cap=wip act=(320,360) d=1.36 a=2 | sp=frontier:active d=1.4 age=7 dtg=12.09 region=0_14
ep=1564 s=62 2507ms [sel=6 cap=2370 rest=131] sg=2->2 mode=NONE win=8 obs=63 | cap=wip act=(320,360) d=1.36 a=2 | sp=frontier:active d=1.4 age=8 dtg=12.09 region=0_14
ep=1564 s=63 5564ms [sel=3 cap=5432 rest=130] sg=2->2 mode=NONE win=8 obs=64 | cap=wip act=(320,360) d=1.36 a=1 | sp=frontier:active d=1.4 age=9 dtg=12.25 region=0_14
ep=1564 s=64 5261ms [sel=6 cap=5124 rest=131] sg=2->2 mode=NONE win=8 obs=65 | cap=wip act=(320,360) d=1.12 a=2 | sp=frontier:active d=1.1 age=10 dtg=12.25 region=0_14
ep=1564 s=65 3051ms [sel=6 cap=2918 rest=127] sg=2->2 mode=NONE win=8 obs=66 | cap=wip act=(320,360) d=1.12 a=1 | sp=frontier:active d=1.1 age=11 dtg=12.49 region=0_14
ep=1564 s=66 4120ms [sel=8 cap=3987 rest=126] sg=2->2 mode=NONE win=8 obs=67 | cap=wip act=(320,360) d=0.87 a=2 | sp=frontier:active d=0.9 age=12 dtg=12.49 region=0_14
ep=1564 s=67 7238ms [sel=6 cap=7105 rest=128] sg=2->2 mode=NONE win=8 obs=68 | cap=wip act=(320,360) d=0.87 a=1 | sp=frontier:active d=0.9 age=13 dtg=12.75 region=0_14
ep=1564 s=68 5988ms [sel=9 cap=5855 rest=125] sg=2->2 mode=NONE win=8 obs=69 | cap=wip act=(320,360) d=0.64 a=2 | sp=frontier:active d=0.6 age=14 dtg=12.75 region=0_14
ep=1564 s=69 4631ms [sel=4 cap=4506 rest=121] sg=2->2 mode=NONE win=8 obs=70 | cap=wip act=(320,360) d=0.64 a=1 | sp=frontier:active d=0.6 age=15 dtg=13.03 region=0_14
ep=1564 s=70 5730ms [sel=4 cap=5604 rest=122] sg=2->2 mode=NONE win=8 obs=71 | cap=wip act=(320,360) d=0.51 a=1 | sp=frontier:active d=0.5 age=16 dtg=13.28 region=0_14
ep=1564 s=71 10947ms [sel=1922 cap=8905 rest=120] sg=2->2 mode=NONE win=8 obs=72 | cap=wip act=(320,360) d=1.86 a=1 | sp=frontier:active d=1.9 age=0 som=1/5 dtg=13.56 region=0_14
ep=1564 s=72 5946ms [sel=4 cap=5793 rest=149] sg=2->2 mode=NONE win=8 obs=73 | cap=wip act=(320,360) d=1.72 a=3 | sp=frontier:active d=1.7 age=1 dtg=13.56 region=0_14
ep=1564 s=73 3201ms [sel=7 cap=3070 rest=124] sg=2->2 mode=NONE win=8 obs=74 | cap=wip act=(320,360) d=1.72 a=1 | sp=frontier:active d=1.7 age=2 dtg=13.88 region=0_14
ep=1564 s=74 7889ms [sel=5 cap=7417 rest=429] sg=2->2 mode=NONE win=8 obs=75 | cap=wip act=(320,360) d=1.55 a=1 | preview=view-/6 yaw=+0 render=37ms | sp=frontier:active d=1.5 age=3 dtg=14.10 region=0_14
ep=1564 s=75 5273ms [sel=4 cap=5138 rest=131] sg=2->2 mode=NONE win=8 obs=76 | cap=wip act=(320,360) d=1.40 a=3 | sp=frontier:active d=1.4 age=4 dtg=14.10 region=0_14
ep=1564 s=76 4216ms [sel=4 cap=4080 rest=132] sg=2->2 mode=NONE win=8 obs=77 | cap=wip act=(320,360) d=1.40 a=3 | sp=frontier:active d=1.4 age=5 dtg=14.10 region=0_14
ep=1564 s=77 4916ms [sel=3 cap=4780 rest=133] sg=2->2 mode=NONE win=8 obs=78 | cap=wip act=(320,360) d=1.40 a=3 | sp=frontier:active d=1.4 age=6 dtg=14.10 region=0_14
ep=1564 s=78 8337ms [sel=15 cap=7838 rest=446] sg=2->2 mode=NONE win=8 obs=79 | cap=wip act=PREVIEW a=2 | preview=view3/6 yaw=+30 render=37ms dtg=14.10 region=0_14
ep=1564 s=79 9340ms [sel=2052 cap=7157 rest=131] sg=2->2 mode=NONE win=8 obs=80 | cap=wip act=(320,360) d=1.40 a=3 | sp=frontier:active d=1.4 age=0 som=1/7 dtg=14.10 region=0_14
ep=1564 s=80 4521ms [sel=3 cap=4385 rest=133] sg=2->2 mode=NONE win=8 obs=81 | cap=wip act=(320,360) d=1.40 a=1 | sp=frontier:active d=1.4 age=1 dtg=14.33 region=0_14
ep=1564 s=81 7313ms [sel=15 cap=6744 rest=517] sg=2->2 mode=NONE win=8 obs=82 | cap=wip act=PREVIEW a=2 | preview=view3/6 yaw=+45 render=36ms dtg=14.33 region=0_14
ep=1564 s=82 7806ms [sel=4884 cap=2790 rest=132] sg=2->2 mode=NONE win=8 obs=83 | cap=wip act=(320,360) d=1.16 a=3 | sp=frontier:active d=1.2 age=0 som=1/7 dtg=14.33 region=0_14
ep=1564 s=83 3691ms [sel=4 cap=3557 rest=130] sg=2->2 mode=NONE win=8 obs=84 | cap=wip act=(320,360) d=1.16 a=3 | sp=frontier:active d=1.2 age=1 dtg=14.33 region=0_14
ep=1564 s=84 7793ms [sel=16 cap=7280 rest=461] sg=2->2 mode=NONE win=8 obs=85 | cap=wip act=PREVIEW a=2 | preview=view3/6 yaw=+30 render=36ms dtg=14.33 region=0_14
ep=1564 s=85 9779ms [sel=1799 cap=7849 rest=131] sg=2->2 mode=NONE win=8 obs=86 | cap=wip act=(320,359) d=1.65 a=1 | sp=straight_ahead:reached d=0.3 age=0 som=3/7 dtg=14.56 region=0_14
ep=1564 s=86 6292ms [sel=693 cap=5469 rest=131] sg=2->2 mode=NONE win=8 obs=87 | cap=wip act=(320,360) d=0.92 a=3 | sp=som:active d=0.9 age=0 som=1/8 dtg=14.56 region=0_14
ep=1564 s=87 7392ms [sel=16 cap=6879 rest=459] sg=2->2 mode=NONE win=8 obs=88 | cap=wip act=PREVIEW a=2 | preview=view3/6 yaw=+30 render=37ms dtg=14.56 region=0_14
ep=1564 s=88 5208ms [sel=979 cap=4098 rest=131] sg=2->2 mode=NONE win=8 obs=89 | cap=wip act=(320,360) d=0.92 a=3 | sp=som:active d=0.9 age=0 som=1/8 dtg=14.56 region=0_14
ep=1564 s=89 5456ms [sel=3 cap=5319 rest=135] sg=2->2 mode=NONE win=8 obs=90 | cap=wip act=(320,360) d=0.92 a=3 | sp=som:active d=0.9 age=1 dtg=14.56 region=0_14
ep=1564 s=90 7504ms [sel=2461 cap=4915 rest=129] sg=2->2 mode=NONE win=8 obs=91 | cap=wip act=(295,359) d=2.42 a=1 | sp=straight_ahead:active d=0.9 age=0 som=1/7 dtg=14.77 region=0_14
ep=1564 s=91 5355ms [sel=3 cap=5226 rest=126] sg=2->2 mode=NONE win=8 obs=92 | cap=wip act=(320,360) d=0.67 a=1 | sp=straight_ahead:active d=0.7 age=1 dtg=15.05 region=0_14
ep=1564 s=92 7597ms [sel=3939 cap=3532 rest=126] sg=2->2 mode=NONE win=8 obs=93 | cap=wip act=(294,368) d=2.21 a=1 | sp=straight_ahead:reached d=0.4 age=0 som=1/7 dtg=15.34 region=0_14
ep=1564 s=93 6355ms [sel=2134 cap=4091 rest=130] sg=2->2 mode=NONE win=8 obs=94 | cap=wip act=TURN request=+45deg execute=+15deg x1 a=3 | sp=straight_ahead:reached d=0.4 age=1 som=4/7 dtg=15.34 region=0_14
ep=1564 s=94 4656ms [sel=0 cap=4525 rest=131] sg=2->2 mode=NONE win=8 obs=95 | cap=wip act=TURN request=+45deg execute=+15deg x1 a=3 dtg=15.34 region=0_14
ep=1564 s=95 10080ms [sel=0 cap=9610 rest=434] sg=2->2 mode=NONE win=8 obs=96 | cap=wip act=TURN request=+45deg execute=+15deg x1 a=3 | preview=view-/6 yaw=+0 render=37ms dtg=15.34 region=0_14
ep=1564 s=96 7290ms [sel=0 cap=7159 rest=131] sg=2->2 mode=NONE win=8 obs=97 | cap=wip act=TURN request=+45deg execute=+15deg x1 a=3 dtg=15.34 region=0_14
ep=1564 s=97 7500ms [sel=0 cap=7368 rest=132] sg=2->2 mode=NONE win=8 obs=98 | cap=wip act=TURN request=+45deg execute=+15deg x1 a=3 dtg=15.34 region=0_14
ep=1564 s=98 4852ms [sel=0 cap=4718 rest=134] sg=2->2 mode=NONE win=8 obs=99 | cap=wip act=TURN request=+45deg execute=+15deg x1 a=3 dtg=15.34 region=0_14
ep=1564 s=99 9169ms [sel=0 cap=9033 rest=136] sg=2->2 mode=NONE win=8 obs=100 | cap=wip act=TURN request=+45deg execute=+15deg x1 a=3 dtg=15.34 region=0_14
ep=1564 s=100 8847ms [sel=0 cap=8387 rest=423] sg=2->2 mode=NONE win=8 obs=101 | cap=wip act=TURN request=+45deg execute=+15deg x1 a=3 | preview=view-/6 yaw=+0 render=36ms dtg=15.34 region=0_14
ep=1564 s=101 6275ms [sel=0 cap=6111 rest=164] sg=2->2 mode=NONE win=8 obs=102 | cap=wip act=TURN request=+45deg execute=+15deg x1 a=3 dtg=15.34 region=0_14
ep=1564 s=102 6203ms [sel=0 cap=6056 rest=146] sg=2->2 mode=NONE win=8 obs=103 | cap=wip act=TURN request=+45deg execute=+15deg x1 a=3 dtg=15.34 region=0_14
ep=1564 s=103 4197ms [sel=0 cap=4053 rest=143] sg=2->2 mode=NONE win=8 obs=104 | cap=wip act=TURN request=+45deg execute=+15deg x1 a=3 dtg=15.34 region=0_14
ep=1564 s=104 5147ms [sel=11 cap=4628 rest=473] sg=2->2 mode=NONE win=8 obs=105 | cap=wip act=PREVIEW a=2 | preview=view1/6 yaw=-60 render=36ms dtg=15.34 region=0_14
ep=1564 s=105 3798ms [sel=884 cap=2783 rest=132] sg=2->2 mode=NONE win=8 obs=106 | cap=wip act=(320,359) d=2.24 a=1 som=3/5 dtg=15.06 region=0_14
ep=1564 s=106 8395ms [sel=1452 cap=6806 rest=137] sg=2->2 mode=NONE win=8 obs=107 | cap=wip act=TURN request=+45deg execute=+15deg x1 a=3 som=4/7 dtg=15.06 region=0_14
ep=1564 s=107 7871ms [sel=0 cap=7736 rest=135] sg=2->2 mode=NONE win=8 obs=108 | cap=wip act=TURN request=+45deg execute=+15deg x1 a=3 dtg=15.06 region=0_14
ep=1564 s=108 1812ms [sel=0 cap=1678 rest=134] sg=2->2 mode=NONE win=8 obs=109 | cap=wip act=TURN request=+45deg execute=+15deg x1 a=3 dtg=15.06 region=0_14
ep=1564 s=109 5928ms [sel=0 cap=5790 rest=138] sg=2->2 mode=NONE win=8 obs=110 | cap=wip act=TURN request=+45deg execute=+15deg x1 a=3 dtg=15.06 region=0_14
ep=1564 s=110 5878ms [sel=0 cap=5745 rest=133] sg=2->2 mode=NONE win=8 obs=111 | cap=wip act=TURN request=+45deg execute=+15deg x1 a=3 dtg=15.06 region=0_14
ep=1564 s=111 7366ms [sel=0 cap=7231 rest=135] sg=2->2 mode=NONE win=8 obs=112 | cap=wip act=TURN request=+45deg execute=+15deg x1 a=3 dtg=15.06 region=0_14
ep=1564 s=112 6358ms [sel=0 cap=6222 rest=136] sg=2->2 mode=NONE win=8 obs=113 | cap=wip act=TURN request=+45deg execute=+15deg x1 a=3 dtg=15.06 region=0_14
ep=1564 s=113 7252ms [sel=0 cap=7114 rest=138] sg=2->2 mode=NONE win=8 obs=114 | cap=wip act=TURN request=+45deg execute=+15deg x1 a=3 dtg=15.06 region=0_14
ep=1564 s=114 5902ms [sel=828 cap=4942 rest=131] sg=2->2 mode=NONE win=8 obs=115 | cap=wip act=(320,429) d=1.14 a=1 | sp=straight_ahead:reached d=0.3 age=0 som=1/4 dtg=15.13 region=0_14
ep=1564 s=115 7133ms [sel=164 cap=6830 rest=139] sg=2->2 mode=NONE win=8 obs=116 | cap=wip act=TURN request=+45deg execute=+15deg x1 a=3 | sp=straight_ahead:reached d=0.3 age=1 dtg=15.13 region=0_14
ep=1564 s=116 4069ms [sel=0 cap=3928 rest=141] sg=2->2 mode=NONE win=8 obs=117 | cap=wip act=TURN request=+45deg execute=+15deg x1 a=3 dtg=15.13 region=0_14
ep=1564 s=117 3558ms [sel=0 cap=3414 rest=144] sg=2->2 mode=NONE win=8 obs=118 | cap=wip act=TURN request=+45deg execute=+15deg x1 a=3 dtg=15.13 region=0_14
ep=1564 s=118 4303ms [sel=0 cap=4165 rest=138] sg=2->2 mode=NONE win=8 obs=119 | cap=wip act=TURN request=+45deg execute=+15deg x1 a=3 dtg=15.13 region=0_14
ep=1564 s=119 5935ms [sel=0 cap=5800 rest=135] sg=2->2 mode=NONE win=8 obs=120 | cap=wip act=TURN request=+45deg execute=+15deg x1 a=3 dtg=15.13 region=0_14
ep=1564 s=120 4253ms [sel=0 cap=4120 rest=133] sg=2->2 mode=NONE win=8 obs=121 | cap=wip act=TURN request=+45deg execute=+15deg x1 a=3 dtg=15.13 region=0_14
ep=1564 s=121 5256ms [sel=0 cap=5127 rest=128] sg=2->2 mode=NONE win=8 obs=122 | cap=wip act=TURN request=+45deg execute=+15deg x1 a=3 dtg=15.13 region=0_14
ep=1564 s=122 6684ms [sel=0 cap=6555 rest=130] sg=2->2 mode=NONE win=8 obs=123 | cap=wip act=TURN request=+45deg execute=+15deg x1 a=3 dtg=15.13 region=0_14
ep=1564 s=123 7090ms [sel=0 cap=6957 rest=133] sg=2->2 mode=NONE win=8 obs=124 | cap=wip act=TURN request=+45deg execute=+15deg x1 a=3 dtg=15.13 region=0_14
ep=1564 s=124 8784ms [sel=2663 cap=5974 rest=147] sg=2->2 mode=NONE win=8 obs=125 | cap=wip act=(331,279) d=4.09 a=1 som=R/6 dtg=15.28 region=0_14
ep=1564 s=125 10086ms [sel=2668 cap=7285 rest=133] sg=2->2 mode=NONE win=8 obs=126 | cap=wip act=(333,287) d=3.85 a=1 som=R/6 dtg=15.48 region=0_14
ep=1564 s=126 8938ms [sel=3452 cap=5342 rest=144] sg=2->2 mode=NONE win=8 obs=127 | cap=wip act=TURN request=-45deg execute=-15deg x1 a=2 som=R/6 dtg=15.48 region=0_14
ep=1564 s=127 6715ms [sel=0 cap=6582 rest=134] sg=2->2 mode=NONE win=8 obs=128 | cap=wip act=TURN request=-45deg execute=-15deg x1 a=2 dtg=15.48 region=0_14
ep=1564 s=128 4356ms [sel=0 cap=4225 rest=131] sg=2->2 mode=NONE win=8 obs=129 | cap=wip act=TURN request=-45deg execute=-15deg x1 a=2 dtg=15.48 region=0_14
ep=1564 s=129 6214ms [sel=0 cap=6088 rest=126] sg=2->2 mode=NONE win=8 obs=130 | cap=wip act=TURN request=-45deg execute=-15deg x1 a=2 dtg=15.48 region=0_14
ep=1564 s=130 4802ms [sel=0 cap=4674 rest=127] sg=2->2 mode=NONE win=8 obs=131 | cap=wip act=TURN request=-45deg execute=-15deg x1 a=2 dtg=15.48 region=0_14
ep=1564 s=131 2142ms [sel=0 cap=2010 rest=132] sg=2->2 mode=NONE win=8 obs=132 | cap=wip act=TURN request=-45deg execute=-15deg x1 a=2 dtg=15.48 region=0_14
ep=1564 s=132 8285ms [sel=0 cap=8151 rest=134] sg=2->2 mode=NONE win=8 obs=133 | cap=wip act=TURN request=-45deg execute=-15deg x1 a=2 dtg=15.48 region=0_14
ep=1564 s=133 3844ms [sel=0 cap=3371 rest=434] sg=2->2 mode=NONE win=8 obs=134 | cap=wip act=TURN request=-45deg execute=-15deg x1 a=2 | preview=view-/6 yaw=+0 render=39ms dtg=15.48 region=0_14
ep=1564 s=134 4289ms [sel=0 cap=4160 rest=128] sg=2->2 mode=NONE win=8 obs=135 | cap=wip act=TURN request=-45deg execute=-15deg x1 a=2 dtg=15.48 region=0_14
ep=1564 s=135 6807ms [sel=0 cap=6674 rest=132] sg=2->2 mode=NONE win=8 obs=136 | cap=wip act=TURN request=-45deg execute=-15deg x1 a=2 dtg=15.48 region=0_14
ep=1564 s=136 6723ms [sel=0 cap=6587 rest=136] sg=2->2 mode=NONE win=8 obs=137 | cap=wip act=TURN request=-45deg execute=-15deg x1 a=2 dtg=15.48 region=0_14
ep=1564 s=137 7540ms [sel=1776 cap=5630 rest=134] sg=2->2 mode=NONE win=8 obs=138 | cap=wip act=(365,404) d=1.26 a=1 | sp=straight_ahead:reached d=0.3 age=0 som=1/4 dtg=15.35 region=0_14
ep=1564 s=138 7531ms [sel=2284 cap=5110 rest=136] sg=2->2 mode=NONE win=8 obs=139 | cap=wip act=TURN request=+45deg execute=+15deg x1 a=3 | sp=straight_ahead:reached d=0.3 age=1 som=1/4 dtg=15.35 region=0_14
ep=1564 s=139 7770ms [sel=2330 cap=5303 rest=136] sg=2->2 mode=NONE win=8 obs=140 | cap=wip act=(295,443) d=1.09 a=1 | sp=straight_ahead:reached d=0.1 age=0 som=1/4 dtg=15.35 region=0_14
ep=1564 s=140 5580ms [sel=168 cap=5270 rest=142] sg=2->2 mode=NONE win=8 obs=141 | cap=wip act=TURN request=+45deg execute=+15deg x1 a=3 | sp=straight_ahead:reached d=0.1 age=1 dtg=15.35 region=0_14
ep=1564 s=141 4757ms [sel=0 cap=4608 rest=150] sg=2->2 mode=NONE win=8 obs=142 | cap=wip act=TURN request=+45deg execute=+15deg x1 a=3 dtg=15.35 region=0_14
ep=1564 s=142 6310ms [sel=0 cap=6156 rest=154] sg=2->2 mode=NONE win=8 obs=143 | cap=wip act=TURN request=+45deg execute=+15deg x1 a=3 dtg=15.35 region=0_14
ep=1564 s=143 8472ms [sel=0 cap=8325 rest=147] sg=2->2 mode=NONE win=8 obs=144 | cap=wip act=TURN request=+45deg execute=+15deg x1 a=3 dtg=15.35 region=0_14
ep=1564 s=144 7559ms [sel=0 cap=7111 rest=413] sg=2->2 mode=NONE win=8 obs=145 | cap=wip act=TURN request=+45deg execute=+15deg x1 a=3 | preview=view-/6 yaw=+0 render=35ms dtg=15.35 region=0_14
ep=1564 s=145 6291ms [sel=0 cap=6154 rest=137] sg=2->2 mode=NONE win=8 obs=146 | cap=wip act=TURN request=+45deg execute=+15deg x1 a=3 dtg=15.35 region=0_14
ep=1564 s=146 4800ms [sel=0 cap=4667 rest=133] sg=2->2 mode=NONE win=8 obs=147 | cap=wip act=TURN request=+45deg execute=+15deg x1 a=3 dtg=15.35 region=0_14
ep=1564 s=147 5847ms [sel=0 cap=5716 rest=131] sg=2->2 mode=NONE win=8 obs=148 | cap=wip act=TURN request=+45deg execute=+15deg x1 a=3 dtg=15.35 region=0_14
ep=1564 s=148 5246ms [sel=0 cap=5114 rest=132] sg=2->2 mode=NONE win=8 obs=149 | cap=wip act=TURN request=+45deg execute=+15deg x1 a=3 dtg=15.35 region=0_14
ep=1564 s=149 4475ms [sel=0 cap=4345 rest=131] sg=2->2 mode=NONE win=8 obs=150 | cap=wip act=TURN request=+45deg execute=+15deg x1 a=3 dtg=15.35 region=0_14
ep=1564 s=150 4183ms [sel=0 cap=4049 rest=134] sg=2->2 mode=NONE win=8 obs=151 | cap=wip act=TURN request=+45deg execute=+15deg x1 a=3 dtg=15.35 region=0_14
ep=1564 s=151 7870ms [sel=2240 cap=5496 rest=135] sg=2->2 mode=NONE win=8 obs=152 | cap=wip act=(300,275) d=4.23 a=1 som=L/7 dtg=15.43 region=0_14
ep=1564 s=152 8746ms [sel=15 cap=8252 rest=444] sg=2->2 mode=NONE win=8 obs=153 | cap=wip act=PREVIEW a=2 | preview=view2/6 yaw=-45 render=36ms dtg=15.43 region=0_14
ep=1564 s=153 8552ms [sel=3439 cap=4980 rest=132] sg=2->2 mode=NONE win=8 obs=154 | cap=wip act=(343,288) d=3.82 a=1 som=L/7 dtg=15.62 region=0_14
ep=1564 s=154 7106ms [sel=1786 cap=5184 rest=136] sg=2->2 mode=NONE win=8 obs=155 | cap=wip act=TURN request=+45deg execute=+15deg x1 a=3 som=L/7 dtg=15.62 region=0_14
ep=1564 s=155 8734ms [sel=0 cap=8184 rest=485] sg=2->2 mode=NONE win=8 obs=156 | cap=wip act=TURN request=+45deg execute=+15deg x1 a=3 | preview=view-/6 yaw=+0 render=65ms dtg=15.62 region=0_14
ep=1564 s=156 5548ms [sel=0 cap=5417 rest=132] sg=2->2 mode=NONE win=8 obs=157 | cap=wip act=TURN request=+45deg execute=+15deg x1 a=3 dtg=15.62 region=0_14
ep=1564 s=157 7630ms [sel=0 cap=7496 rest=134] sg=2->2 mode=NONE win=8 obs=158 | cap=wip act=TURN request=+45deg execute=+15deg x1 a=3 dtg=15.62 region=0_14
ep=1564 s=158 5477ms [sel=0 cap=5342 rest=135] sg=2->2 mode=NONE win=8 obs=159 | cap=wip act=TURN request=+45deg execute=+15deg x1 a=3 dtg=15.62 region=0_14
ep=1564 s=159 10318ms [sel=0 cap=10176 rest=142] sg=2->2 mode=NONE win=8 obs=160 | cap=wip act=TURN request=+45deg execute=+15deg x1 a=3 dtg=15.62 region=0_14
ep=1564 s=160 6868ms [sel=0 cap=6729 rest=139] sg=2->2 mode=NONE win=8 obs=161 | cap=wip act=TURN request=+45deg execute=+15deg x1 a=3 dtg=15.62 region=0_14
ep=1564 s=161 7560ms [sel=0 cap=7427 rest=134] sg=2->2 mode=NONE win=8 obs=162 | cap=wip act=TURN request=+45deg execute=+15deg x1 a=3 dtg=15.62 region=0_14
ep=1564 s=162 8363ms [sel=1246 cap=6649 rest=432] sg=2->2 mode=NONE win=8 obs=163 | cap=wip act=(303,301) d=2.23 a=1 | preview=view-/6 yaw=+0 render=36ms som=2/4 dtg=15.32 region=0_14
ep=1564 s=163 8954ms [sel=1415 cap=7386 rest=152] sg=2->2 mode=NONE win=8 obs=164 | cap=wip act=TURN request=+45deg execute=+15deg x1 a=3 som=3/5 dtg=15.32 region=0_14
ep=1564 s=164 7869ms [sel=0 cap=7738 rest=131] sg=2->2 mode=NONE win=8 obs=165 | cap=wip act=TURN request=+45deg execute=+15deg x1 a=3 dtg=15.32 region=0_14
ep=1564 s=165 8048ms [sel=0 cap=7909 rest=139] sg=2->2 mode=NONE win=8 obs=166 | cap=wip act=TURN request=+45deg execute=+15deg x1 a=3 dtg=15.32 region=0_14
ep=1564 s=166 6607ms [sel=0 cap=6475 rest=132] sg=2->2 mode=NONE win=8 obs=167 | cap=wip act=TURN request=+45deg execute=+15deg x1 a=3 dtg=15.32 region=0_14
ep=1564 s=167 5936ms [sel=0 cap=5802 rest=134] sg=2->2 mode=NONE win=8 obs=168 | cap=wip act=TURN request=+45deg execute=+15deg x1 a=3 dtg=15.32 region=0_14
ep=1564 s=168 5701ms [sel=1811 cap=3433 rest=420] sg=2->2 mode=NONE win=8 obs=169 | cap=wip act=(372,402) d=1.27 a=1 | preview=view-/6 yaw=+0 render=36ms | sp=straight_ahead:reached d=0.3 age=0 som=1/4 dtg=15.20 region=0_14
ep=1564 s=169 7186ms [sel=1957 cap=5087 rest=142] sg=2->2 mode=NONE win=8 obs=170 | cap=wip act=TURN request=+45deg execute=+15deg x1 a=3 | sp=straight_ahead:reached d=0.3 age=1 som=1/4 dtg=15.20 region=0_14
ep=1564 s=170 4928ms [sel=0 cap=4789 rest=139] sg=2->2 mode=NONE win=8 obs=171 | cap=wip act=TURN request=+45deg execute=+15deg x1 a=3 dtg=15.20 region=0_14
ep=1564 s=171 4788ms [sel=0 cap=4653 rest=135] sg=2->2 mode=NONE win=8 obs=172 | cap=wip act=TURN request=+45deg execute=+15deg x1 a=3 dtg=15.20 region=0_14
ep=1564 s=172 4304ms [sel=0 cap=4167 rest=138] sg=2->2 mode=NONE win=8 obs=173 | cap=wip act=TURN request=+45deg execute=+15deg x1 a=3 dtg=15.20 region=0_14
ep=1564 s=173 3760ms [sel=0 cap=3624 rest=136] sg=2->2 mode=NONE win=8 obs=174 | cap=wip act=TURN request=+45deg execute=+15deg x1 a=3 dtg=15.20 region=0_14
ep=1564 s=174 6113ms [sel=0 cap=5977 rest=137] sg=2->2 mode=NONE win=8 obs=175 | cap=wip act=TURN request=+45deg execute=+15deg x1 a=3 dtg=15.20 region=0_14
ep=1564 s=175 7110ms [sel=0 cap=6637 rest=426] sg=2->2 mode=NONE win=8 obs=176 | cap=wip act=TURN request=+45deg execute=+15deg x1 a=3 | preview=view-/6 yaw=+0 render=46ms dtg=15.20 region=0_14
ep=1564 s=176 4361ms [sel=0 cap=4231 rest=131] sg=2->2 mode=NONE win=8 obs=177 | cap=wip act=TURN request=+45deg execute=+15deg x1 a=3 dtg=15.20 region=0_14
ep=1564 s=177 5171ms [sel=0 cap=5041 rest=130] sg=2->2 mode=NONE win=8 obs=178 | cap=wip act=TURN request=+45deg execute=+15deg x1 a=3 dtg=15.20 region=0_14
ep=1564 s=178 8675ms [sel=0 cap=8194 rest=443] sg=2->2 mode=NONE win=8 obs=179 | cap=wip act=TURN request=+45deg execute=+15deg x1 a=3 | preview=view-/6 yaw=+0 render=38ms dtg=15.20 region=0_14
ep=1564 s=179 9671ms [sel=2362 cap=7178 rest=131] sg=2->2 mode=NONE win=8 obs=180 | cap=wip act=(399,284) d=3.93 a=1 som=R/6 dtg=15.44 region=0_14
ep=1564 s=180 7419ms [sel=2119 cap=5156 rest=144] sg=2->2 mode=NONE win=8 obs=181 | cap=wip act=TURN request=-45deg execute=-15deg x1 a=2 som=R/6 dtg=15.44 region=0_14
ep=1564 s=181 5570ms [sel=0 cap=5438 rest=133] sg=2->2 mode=NONE win=8 obs=182 | cap=wip act=TURN request=-45deg execute=-15deg x1 a=2 dtg=15.44 region=0_14
ep=1564 s=182 6539ms [sel=0 cap=6407 rest=132] sg=2->2 mode=NONE win=8 obs=183 | cap=wip act=TURN request=-45deg execute=-15deg x1 a=2 dtg=15.44 region=0_14
ep=1564 s=183 3899ms [sel=0 cap=3769 rest=129] sg=2->2 mode=NONE win=8 obs=184 | cap=wip act=TURN request=-45deg execute=-15deg x1 a=2 dtg=15.44 region=0_14
ep=1564 s=184 6368ms [sel=0 cap=6235 rest=133] sg=2->2 mode=NONE win=8 obs=185 | cap=wip act=TURN request=-45deg execute=-15deg x1 a=2 dtg=15.44 region=0_14
ep=1564 s=185 6553ms [sel=0 cap=6061 rest=454] sg=2->2 mode=NONE win=8 obs=186 | cap=wip act=TURN request=-45deg execute=-15deg x1 a=2 | preview=view-/6 yaw=+0 render=37ms dtg=15.44 region=0_14
ep=1564 s=186 3508ms [sel=0 cap=3374 rest=134] sg=2->2 mode=NONE win=8 obs=187 | cap=wip act=TURN request=-45deg execute=-15deg x1 a=2 dtg=15.44 region=0_14
ep=1564 s=187 3060ms [sel=0 cap=2927 rest=133] sg=2->2 mode=NONE win=8 obs=188 | cap=wip act=TURN request=-45deg execute=-15deg x1 a=2 dtg=15.44 region=0_14
ep=1564 s=188 5133ms [sel=0 cap=4994 rest=139] sg=2->2 mode=NONE win=8 obs=189 | cap=wip act=TURN request=-45deg execute=-15deg x1 a=2 dtg=15.44 region=0_14
ep=1564 s=189 6224ms [sel=2855 cap=3230 rest=138] sg=2->2 mode=NONE win=8 obs=190 | cap=wip act=(304,416) d=1.20 a=1 | sp=straight_ahead:reached d=0.2 age=0 som=1/3 dtg=15.41 region=0_14
ep=1564 s=190 8857ms [sel=1209 cap=7507 rest=141] sg=2->2 mode=NONE win=8 obs=191 | cap=wip act=(280,475) d=0.98 a=1 | sp=straight_ahead:reached d=0.1 age=0 som=1/3 dtg=15.43 region=0_14
ep=1564 s=191 6959ms [sel=141 cap=6669 rest=149] sg=2->2 mode=NONE win=8 obs=192 | cap=wip act=TURN request=+45deg execute=+15deg x1 a=3 | sp=straight_ahead:reached d=0.1 age=1 dtg=15.43 region=0_14
ep=1564 s=192 6067ms [sel=0 cap=5913 rest=154] sg=2->2 mode=NONE win=8 obs=193 | cap=wip act=TURN request=+45deg execute=+15deg x1 a=3 dtg=15.43 region=0_14
ep=1564 s=193 3089ms [sel=0 cap=2929 rest=160] sg=2->2 mode=NONE win=8 obs=194 | cap=wip act=TURN request=+45deg execute=+15deg x1 a=3 dtg=15.43 region=0_14
ep=1564 s=194 4723ms [sel=0 cap=4564 rest=159] sg=2->2 mode=NONE win=8 obs=195 | cap=wip act=TURN request=+45deg execute=+15deg x1 a=3 dtg=15.43 region=0_14
ep=1564 s=195 5979ms [sel=0 cap=5828 rest=151] sg=2->2 mode=NONE win=8 obs=196 | cap=wip act=TURN request=+45deg execute=+15deg x1 a=3 dtg=15.43 region=0_14
ep=1564 s=196 4051ms [sel=0 cap=3906 rest=145] sg=2->2 mode=NONE win=8 obs=197 | cap=wip act=TURN request=+45deg execute=+15deg x1 a=3 dtg=15.43 region=0_14
ep=1564 s=197 6623ms [sel=0 cap=6483 rest=140] sg=2->2 mode=NONE win=8 obs=198 | cap=wip act=TURN request=+45deg execute=+15deg x1 a=3 dtg=15.43 region=0_14
ep=1564 s=198 5909ms [sel=0 cap=5776 rest=132] sg=2->2 mode=NONE win=8 obs=199 | cap=wip act=TURN request=+45deg execute=+15deg x1 a=3 dtg=15.43 region=0_14
ep=1564 s=199 7600ms [sel=0 cap=7122 rest=442] sg=2->2 mode=NONE win=8 obs=200 | cap=wip act=TURN request=+45deg execute=+15deg x1 a=3 | preview=view-/6 yaw=+0 render=36ms dtg=15.43 region=0_14
ep=1564 s=200 6458ms [sel=0 cap=6325 rest=134] sg=2->2 mode=NONE win=8 obs=201 | cap=wip act=TURN request=+45deg execute=+15deg x1 a=3 dtg=15.43 region=0_14
ep=1564 s=201 7767ms [sel=0 cap=7633 rest=134] sg=2->2 mode=NONE win=8 obs=202 | cap=wip act=TURN request=+45deg execute=+15deg x1 a=3 dtg=15.43 region=0_14
ep=1564 s=202 10482ms [sel=1255 cap=8729 rest=461] sg=2->2 mode=NONE win=8 obs=203 | cap=wip act=(305,273) d=4.30 a=1 | preview=view-/6 yaw=+0 render=37ms som=L/7 dtg=15.48 region=0_14
ep=1564 s=203 9323ms [sel=1237 cap=7950 rest=136] sg=2->2 mode=NONE win=8 obs=204 | cap=wip act=TURN request=+45deg execute=+15deg x1 a=3 som=L/7 dtg=15.48 region=0_14
ep=1564 s=204 12202ms [sel=0 cap=12066 rest=136] sg=2->2 mode=NONE win=8 obs=205 | cap=wip act=TURN request=+45deg execute=+15deg x1 a=3 dtg=15.48 region=0_14
ep=1564 s=205 7579ms [sel=0 cap=7410 rest=169] sg=2->2 mode=NONE win=8 obs=206 | cap=wip act=TURN request=+45deg execute=+15deg x1 a=3 dtg=15.48 region=0_14
ep=1564 s=206 6003ms [sel=0 cap=5512 rest=455] sg=2->2 mode=NONE win=8 obs=207 | cap=wip act=TURN request=+45deg execute=+15deg x1 a=3 | preview=view-/6 yaw=+0 render=37ms dtg=15.48 region=0_14
ep=1564 s=207 5501ms [sel=0 cap=5364 rest=138] sg=2->2 mode=NONE win=8 obs=208 | cap=wip act=TURN request=+45deg execute=+15deg x1 a=3 dtg=15.48 region=0_14
ep=1564 s=208 6718ms [sel=1443 cap=5141 rest=134] sg=2->2 mode=NONE win=8 obs=209 | cap=wip act=(314,363) d=1.93 a=1 som=B/7 dtg=15.23 region=0_14
ep=1564 s=209 8327ms [sel=2098 cap=6093 rest=136] sg=2->2 mode=NONE win=8 obs=210 | cap=wip act=TURN request=+45deg execute=+15deg x1 a=3 som=L/7 dtg=15.23 region=0_14
ep=1564 s=210 6667ms [sel=0 cap=6200 rest=431] sg=2->2 mode=NONE win=8 obs=211 | cap=wip act=TURN request=+45deg execute=+15deg x1 a=3 | preview=view-/6 yaw=+0 render=37ms dtg=15.23 region=0_14
ep=1564 s=211 4724ms [sel=0 cap=4587 rest=137] sg=2->2 mode=NONE win=8 obs=212 | cap=wip act=TURN request=+45deg execute=+15deg x1 a=3 dtg=15.23 region=0_14
ep=1564 s=212 3010ms [sel=0 cap=2877 rest=133] sg=2->2 mode=NONE win=8 obs=213 | cap=wip act=TURN request=+45deg execute=+15deg x1 a=3 dtg=15.23 region=0_14
ep=1564 s=213 6470ms [sel=0 cap=6020 rest=413] sg=2->2 mode=NONE win=8 obs=214 | cap=wip act=TURN request=+45deg execute=+15deg x1 a=3 | preview=view-/6 yaw=+0 render=36ms dtg=15.23 region=0_14
ep=1564 s=214 8097ms [sel=0 cap=7957 rest=140] sg=2->2 mode=NONE win=8 obs=215 | cap=wip act=TURN request=+45deg execute=+15deg x1 a=3 dtg=15.23 region=0_14
ep=1564 s=215 7413ms [sel=0 cap=7277 rest=137] sg=2->2 mode=NONE win=8 obs=216 | cap=wip act=TURN request=+45deg execute=+15deg x1 a=3 dtg=15.23 region=0_14
ep=1564 s=216 7038ms [sel=0 cap=6584 rest=417] sg=2->2 mode=NONE win=8 obs=217 | cap=wip act=TURN request=+45deg execute=+15deg x1 a=3 | preview=view-/6 yaw=+0 render=38ms dtg=15.23 region=0_14
ep=1564 s=217 2246ms [sel=0 cap=2105 rest=142] sg=2->2 mode=NONE win=8 obs=218 | cap=wip act=TURN request=+45deg execute=+15deg x1 a=3 dtg=15.23 region=0_14
ep=1564 s=218 6436ms [sel=2088 cap=4212 rest=136] sg=2->2 mode=NONE win=8 obs=219 | cap=wip act=(312,451) d=1.06 a=1 | sp=straight_ahead:reached d=0.1 age=0 som=1/3 dtg=15.31 region=0_14
ep=1564 s=219 5865ms [sel=147 cap=5567 rest=151] sg=2->2 mode=NONE win=8 obs=220 | cap=wip act=TURN request=+45deg execute=+15deg x1 a=3 | sp=straight_ahead:reached d=0.1 age=1 dtg=15.31 region=0_14
ep=1564 s=220 4762ms [sel=0 cap=4609 rest=153] sg=2->2 mode=NONE win=8 obs=221 | cap=wip act=TURN request=+45deg execute=+15deg x1 a=3 dtg=15.31 region=0_14
ep=1564 s=221 2879ms [sel=0 cap=2727 rest=152] sg=2->2 mode=NONE win=8 obs=222 | cap=wip act=TURN request=+45deg execute=+15deg x1 a=3 dtg=15.31 region=0_14
ep=1564 s=222 4606ms [sel=0 cap=4457 rest=148] sg=2->2 mode=NONE win=8 obs=223 | cap=wip act=TURN request=+45deg execute=+15deg x1 a=3 dtg=15.31 region=0_14
ep=1564 s=223 4974ms [sel=0 cap=4832 rest=142] sg=2->2 mode=NONE win=8 obs=224 | cap=wip act=TURN request=+45deg execute=+15deg x1 a=3 dtg=15.31 region=0_14
ep=1564 s=224 6260ms [sel=0 cap=6122 rest=137] sg=2->2 mode=NONE win=8 obs=225 | cap=wip act=TURN request=+45deg execute=+15deg x1 a=3 dtg=15.31 region=0_14
ep=1564 s=225 6509ms [sel=0 cap=6047 rest=424] sg=2->2 mode=NONE win=8 obs=226 | cap=wip act=TURN request=+45deg execute=+15deg x1 a=3 | preview=view-/6 yaw=+0 render=38ms dtg=15.31 region=0_14
ep=1564 s=226 4076ms [sel=0 cap=3940 rest=136] sg=2->2 mode=NONE win=8 obs=227 | cap=wip act=TURN request=+45deg execute=+15deg x1 a=3 dtg=15.31 region=0_14
ep=1564 s=227 5849ms [sel=0 cap=5714 rest=136] sg=2->2 mode=NONE win=8 obs=228 | cap=wip act=TURN request=+45deg execute=+15deg x1 a=3 dtg=15.31 region=0_14
ep=1564 s=228 6366ms [sel=4364 cap=1869 rest=133] sg=2->2 mode=NONE win=8 obs=229 | cap=wip act=(339,279) d=4.09 a=1 som=L/7 dtg=15.46 region=0_14
ep=1564 s=229 7069ms [sel=2072 cap=4863 rest=134] sg=2->2 mode=NONE win=8 obs=230 | cap=wip act=TURN request=-45deg execute=-15deg x1 a=2 som=L/7 dtg=15.46 region=0_14
ep=1564 s=230 6611ms [sel=0 cap=6477 rest=134] sg=2->2 mode=NONE win=8 obs=231 | cap=wip act=TURN request=-45deg execute=-15deg x1 a=2 dtg=15.46 region=0_14
ep=1564 s=231 10477ms [sel=0 cap=9976 rest=465] sg=2->2 mode=NONE win=8 obs=232 | cap=wip act=TURN request=-45deg execute=-15deg x1 a=2 | preview=view-/6 yaw=+0 render=37ms dtg=15.46 region=0_14
ep=1564 s=232 4392ms [sel=0 cap=4256 rest=136] sg=2->2 mode=NONE win=8 obs=233 | cap=wip act=TURN request=-45deg execute=-15deg x1 a=2 dtg=15.46 region=0_14
ep=1564 s=233 4155ms [sel=0 cap=4022 rest=133] sg=2->2 mode=NONE win=8 obs=234 | cap=wip act=TURN request=-45deg execute=-15deg x1 a=2 dtg=15.46 region=0_14
ep=1564 s=234 4820ms [sel=0 cap=4685 rest=135] sg=2->2 mode=NONE win=8 obs=235 | cap=wip act=TURN request=-45deg execute=-15deg x1 a=2 dtg=15.46 region=0_14
ep=1564 s=235 4883ms [sel=0 cap=4744 rest=139] sg=2->2 mode=NONE win=8 obs=236 | cap=wip act=TURN request=-45deg execute=-15deg x1 a=2 dtg=15.46 region=0_14
ep=1564 s=236 7736ms [sel=0 cap=7595 rest=141] sg=2->2 mode=NONE win=8 obs=237 | cap=wip act=TURN request=-45deg execute=-15deg x1 a=2 dtg=15.46 region=0_14
ep=1564 s=237 2944ms [sel=0 cap=2803 rest=141] sg=2->2 mode=NONE win=8 obs=238 | cap=wip act=TURN request=-45deg execute=-15deg x1 a=2 dtg=15.46 region=0_14
ep=1564 s=238 6444ms [sel=0 cap=6305 rest=139] sg=2->2 mode=NONE win=8 obs=239 | cap=wip act=TURN request=-45deg execute=-15deg x1 a=2 dtg=15.46 region=0_14
ep=1564 s=239 8044ms [sel=2279 cap=5619 rest=146] sg=2->2 mode=NONE win=8 obs=240 | cap=wip act=(293,455) d=1.05 a=1 | sp=straight_ahead:reached d=0.1 age=0 som=1/3 dtg=15.46 region=0_14
ep=1564 s=240 4878ms [sel=157 cap=4574 rest=147] sg=2->2 mode=NONE win=8 obs=241 | cap=wip act=TURN request=+45deg execute=+15deg x1 a=3 | sp=straight_ahead:reached d=0.1 age=1 dtg=15.46 region=0_14
ep=1564 s=241 4317ms [sel=0 cap=4160 rest=157] sg=2->2 mode=NONE win=8 obs=242 | cap=wip act=TURN request=+45deg execute=+15deg x1 a=3 dtg=15.46 region=0_14
ep=1564 s=242 5108ms [sel=0 cap=4951 rest=157] sg=2->2 mode=NONE win=8 obs=243 | cap=wip act=TURN request=+45deg execute=+15deg x1 a=3 dtg=15.46 region=0_14
ep=1564 s=243 3866ms [sel=0 cap=3710 rest=156] sg=2->2 mode=NONE win=8 obs=244 | cap=wip act=TURN request=+45deg execute=+15deg x1 a=3 dtg=15.46 region=0_14
ep=1564 s=244 6248ms [sel=0 cap=6099 rest=149] sg=2->2 mode=NONE win=8 obs=245 | cap=wip act=TURN request=+45deg execute=+15deg x1 a=3 dtg=15.46 region=0_14
ep=1564 s=245 3838ms [sel=0 cap=3696 rest=142] sg=2->2 mode=NONE win=8 obs=246 | cap=wip act=TURN request=+45deg execute=+15deg x1 a=3 dtg=15.46 region=0_14
ep=1564 s=246 4273ms [sel=0 cap=3821 rest=416] sg=2->2 mode=NONE win=8 obs=247 | cap=wip act=TURN request=+45deg execute=+15deg x1 a=3 | preview=view-/6 yaw=+0 render=36ms dtg=15.46 region=0_14
ep=1564 s=247 4485ms [sel=0 cap=4351 rest=134] sg=2->2 mode=NONE win=8 obs=248 | cap=wip act=TURN request=+45deg execute=+15deg x1 a=3 dtg=15.46 region=0_14
ep=1564 s=248 2886ms [sel=0 cap=2750 rest=135] sg=2->2 mode=NONE win=8 obs=249 | cap=wip act=TURN request=+45deg execute=+15deg x1 a=3 dtg=15.46 region=0_14
ep=1564 s=249 2190ms [sel=0 cap=2057 rest=133] sg=2->2 mode=NONE win=8 obs=250 | cap=wip act=TURN request=+45deg execute=+15deg x1 a=3 dtg=15.46 region=0_14
ep=1564 s=250 7091ms [sel=0 cap=6953 rest=138] sg=2->2 mode=NONE win=8 obs=251 | cap=wip act=TURN request=+45deg execute=+15deg x1 a=3 dtg=15.46 region=0_14
ep=1564 s=251 5055ms [sel=1799 cap=3121 rest=135] sg=2->2 mode=NONE win=8 obs=252 | cap=wip act=(377,369) d=2.30 a=1 som=L/7 dtg=15.53 region=0_14
ep=1564 s=252 5033ms [sel=1667 cap=3229 rest=136] sg=2->2 mode=NONE win=8 obs=253 | cap=wip act=(320,359) d=2.46 a=1 som=L/7 dtg=15.65 region=0_14
ep=1564 s=253 5398ms [sel=1866 cap=3398 rest=135] sg=2->2 mode=NONE win=8 obs=254 | cap=wip act=TURN request=-45deg execute=-15deg x1 a=2 som=L/7 dtg=15.65 region=0_14
ep=1564 s=254 6253ms [sel=0 cap=6116 rest=137] sg=2->2 mode=NONE win=8 obs=255 | cap=wip act=TURN request=-45deg execute=-15deg x1 a=2 dtg=15.65 region=0_14
ep=1564 s=255 6824ms [sel=0 cap=6688 rest=137] sg=2->2 mode=NONE win=8 obs=256 | cap=wip act=TURN request=-45deg execute=-15deg x1 a=2 dtg=15.65 region=0_14
ep=1564 s=256 6196ms [sel=0 cap=6055 rest=141] sg=2->2 mode=NONE win=8 obs=257 | cap=wip act=TURN request=-45deg execute=-15deg x1 a=2 dtg=15.65 region=0_14
ep=1564 s=257 3739ms [sel=0 cap=3613 rest=126] sg=2->2 mode=NONE win=8 obs=258 | cap=wip act=TURN request=-45deg execute=-15deg x1 a=2 dtg=15.65 region=0_14
ep=1564 s=258 7104ms [sel=0 cap=6596 rest=466] sg=2->2 mode=NONE win=8 obs=259 | cap=wip act=TURN request=-45deg execute=-15deg x1 a=2 | preview=view-/6 yaw=+0 render=42ms dtg=15.65 region=0_14
ep=1564 s=259 4793ms [sel=0 cap=4649 rest=143] sg=2->2 mode=NONE win=8 obs=260 | cap=wip act=TURN request=-45deg execute=-15deg x1 a=2 dtg=15.65 region=0_14
ep=1564 s=260 2000ms [sel=0 cap=1862 rest=138] sg=2->2 mode=NONE win=8 obs=261 | cap=wip act=TURN request=-45deg execute=-15deg x1 a=2 dtg=15.65 region=0_14
ep=1564 s=261 5211ms [sel=0 cap=5068 rest=143] sg=2->2 mode=NONE win=8 obs=262 | cap=wip act=TURN request=-45deg execute=-15deg x1 a=2 dtg=15.65 region=0_14
ep=1564 s=262 4826ms [sel=0 cap=4693 rest=133] sg=2->2 mode=NONE win=8 obs=263 | cap=wip act=TURN request=-45deg execute=-15deg x1 a=2 dtg=15.65 region=0_14
ep=1564 s=263 6538ms [sel=0 cap=6400 rest=138] sg=2->2 mode=NONE win=8 obs=264 | cap=wip act=TURN request=-45deg execute=-15deg x1 a=2 dtg=15.65 region=0_14
ep=1564 s=264 3809ms [sel=0 cap=3669 rest=140] sg=2->2 mode=NONE win=8 obs=265 | cap=wip act=TURN request=-45deg execute=-15deg x1 a=2 dtg=15.65 region=0_14
ep=1564 s=265 6660ms [sel=2532 cap=3991 rest=137] sg=2->2 mode=NONE win=8 obs=266 | cap=wip act=(355,412) d=1.22 a=1 | sp=straight_ahead:reached d=0.3 age=0 som=1/4 dtg=15.53 region=0_14
ep=1564 s=266 5898ms [sel=2027 cap=3720 rest=151] sg=2->2 mode=NONE win=8 obs=267 | cap=wip act=TURN request=-45deg execute=-15deg x1 a=2 | sp=straight_ahead:reached d=0.3 age=1 som=1/4 dtg=15.53 region=0_14
ep=1564 s=267 4764ms [sel=0 cap=4610 rest=154] sg=2->2 mode=NONE win=8 obs=268 | cap=wip act=TURN request=-45deg execute=-15deg x1 a=2 dtg=15.53 region=0_14
ep=1564 s=268 4261ms [sel=70 cap=4057 rest=134] sg=2->2 mode=NONE win=8 obs=269 | cap=wip act=(320,359) d=1.09 a=1 dtg=15.32 region=0_14
ep=1564 s=269 4292ms [sel=158 cap=4000 rest=134] sg=2->2 mode=NONE win=8 obs=270 | cap=wip act=TURN request=-45deg execute=-15deg x1 a=2 dtg=15.32 region=0_14
ep=1564 s=270 7016ms [sel=0 cap=6879 rest=137] sg=2->2 mode=NONE win=8 obs=271 | cap=wip act=TURN request=-45deg execute=-15deg x1 a=2 dtg=15.32 region=0_14
ep=1564 s=271 8727ms [sel=0 cap=8598 rest=129] sg=2->2 mode=NONE win=8 obs=272 | cap=wip act=TURN request=-45deg execute=-15deg x1 a=2 dtg=15.32 region=0_14
ep=1564 s=272 5466ms [sel=0 cap=5334 rest=132] sg=2->2 mode=NONE win=8 obs=273 | cap=wip act=TURN request=-45deg execute=-15deg x1 a=2 dtg=15.32 region=0_14
ep=1564 s=273 2537ms [sel=0 cap=2403 rest=135] sg=2->2 mode=NONE win=8 obs=274 | cap=wip act=TURN request=-45deg execute=-15deg x1 a=2 dtg=15.32 region=0_14
ep=1564 s=274 6691ms [sel=0 cap=6550 rest=141] sg=2->2 mode=NONE win=8 obs=275 | cap=wip act=TURN request=-45deg execute=-15deg x1 a=2 dtg=15.32 region=0_14
ep=1564 s=275 7798ms [sel=0 cap=7652 rest=145] sg=2->2 mode=NONE win=8 obs=276 | cap=wip act=TURN request=-45deg execute=-15deg x1 a=2 dtg=15.32 region=0_14
ep=1564 s=276 4047ms [sel=0 cap=3915 rest=132] sg=2->2 mode=NONE win=8 obs=277 | cap=wip act=TURN request=-45deg execute=-15deg x1 a=2 dtg=15.32 region=0_14
ep=1564 s=277 3843ms [sel=0 cap=3710 rest=132] sg=2->2 mode=NONE win=8 obs=278 | cap=wip act=TURN request=-45deg execute=-15deg x1 a=2 dtg=15.32 region=0_14
ep=1564 s=278 6950ms [sel=0 cap=6818 rest=132] sg=2->2 mode=NONE win=8 obs=279 | cap=wip act=TURN request=-45deg execute=-15deg x1 a=2 dtg=15.32 region=0_14
ep=1564 s=279 8293ms [sel=0 cap=8154 rest=139] sg=2->2 mode=NONE win=8 obs=280 | cap=wip act=TURN request=-45deg execute=-15deg x1 a=2 dtg=15.32 region=0_14
ep=1564 s=280 7629ms [sel=2127 cap=5365 rest=136] sg=2->2 mode=NONE win=8 obs=281 | cap=wip act=(342,281) d=4.03 a=1 som=L/7 dtg=15.48 region=0_14
ep=1564 s=281 9062ms [sel=4369 cap=4556 rest=138] sg=2->2 mode=NONE win=8 obs=282 | cap=wip act=TURN request=-45deg execute=-15deg x1 a=2 som=L/7 dtg=15.48 region=0_14
ep=1564 s=282 8768ms [sel=0 cap=8634 rest=133] sg=2->2 mode=NONE win=8 obs=283 | cap=wip act=TURN request=-45deg execute=-15deg x1 a=2 dtg=15.48 region=0_14
ep=1564 s=283 7533ms [sel=0 cap=7398 rest=135] sg=2->2 mode=NONE win=8 obs=284 | cap=wip act=TURN request=-45deg execute=-15deg x1 a=2 dtg=15.48 region=0_14
ep=1564 s=284 8051ms [sel=0 cap=7921 rest=130] sg=2->2 mode=NONE win=8 obs=285 | cap=wip act=TURN request=-45deg execute=-15deg x1 a=2 dtg=15.48 region=0_14
ep=1564 s=285 7264ms [sel=0 cap=7132 rest=133] sg=2->2 mode=NONE win=8 obs=286 | cap=wip act=TURN request=-45deg execute=-15deg x1 a=2 dtg=15.48 region=0_14
ep=1564 s=286 6261ms [sel=0 cap=6125 rest=136] sg=2->2 mode=NONE win=8 obs=287 | cap=wip act=TURN request=-45deg execute=-15deg x1 a=2 dtg=15.48 region=0_14
ep=1564 s=287 9549ms [sel=0 cap=9082 rest=429] sg=2->2 mode=NONE win=8 obs=288 | cap=wip act=TURN request=-45deg execute=-15deg x1 a=2 | preview=view-/6 yaw=+0 render=38ms dtg=15.48 region=0_14
ep=1564 s=288 5893ms [sel=0 cap=5752 rest=141] sg=2->2 mode=NONE win=8 obs=289 | cap=wip act=TURN request=-45deg execute=-15deg x1 a=2 dtg=15.48 region=0_14
ep=1564 s=289 6469ms [sel=0 cap=6330 rest=139] sg=2->2 mode=NONE win=8 obs=290 | cap=wip act=TURN request=-45deg execute=-15deg x1 a=2 dtg=15.48 region=0_14
ep=1564 s=290 4641ms [sel=0 cap=4500 rest=140] sg=2->2 mode=NONE win=8 obs=291 | cap=wip act=TURN request=-45deg execute=-15deg x1 a=2 dtg=15.48 region=0_14
ep=1564 s=291 5893ms [sel=2661 cap=3092 rest=139] sg=2->2 mode=NONE win=8 obs=292 | cap=wip act=(295,448) d=1.07 a=1 | sp=straight_ahead:reached d=0.1 age=0 som=1/3 dtg=15.47 region=0_14
ep=1564 s=292 2960ms [sel=148 cap=2668 rest=144] sg=2->2 mode=NONE win=8 obs=293 | cap=wip act=TURN request=+45deg execute=+15deg x1 a=3 | sp=straight_ahead:reached d=0.1 age=1 dtg=15.47 region=0_14
ep=1564 s=293 6907ms [sel=0 cap=6456 rest=415] sg=2->2 mode=NONE win=8 obs=294 | cap=wip act=TURN request=+45deg execute=+15deg x1 a=3 | preview=view-/6 yaw=+0 render=37ms dtg=15.47 region=0_14
ep=1564 s=294 6344ms [sel=0 cap=6189 rest=155] sg=2->2 mode=NONE win=8 obs=295 | cap=wip act=TURN request=+45deg execute=+15deg x1 a=3 dtg=15.47 region=0_14
ep=1564 s=295 6169ms [sel=0 cap=6018 rest=151] sg=2->2 mode=NONE win=8 obs=296 | cap=wip act=TURN request=+45deg execute=+15deg x1 a=3 dtg=15.47 region=0_14
ep=1564 s=296 3686ms [sel=0 cap=3541 rest=145] sg=2->2 mode=NONE win=8 obs=297 | cap=wip act=TURN request=+45deg execute=+15deg x1 a=3 dtg=15.47 region=0_14
ep=1564 s=297 8285ms [sel=0 cap=7820 rest=429] sg=2->2 mode=NONE win=8 obs=298 | cap=wip act=TURN request=+45deg execute=+15deg x1 a=3 | preview=view-/6 yaw=+0 render=36ms dtg=15.47 region=0_14
ep=1564 s=298 5612ms [sel=0 cap=5476 rest=136] sg=2->2 mode=NONE win=8 obs=299 | cap=wip act=TURN request=+45deg execute=+15deg x1 a=3 dtg=15.47 region=0_14
ep=1564 s=299 4019ms [sel=0 cap=3876 rest=142] sg=2->2 mode=NONE win=8 obs=300 | cap=wip act=TURN request=+45deg execute=+15deg x1 a=3 dtg=15.47 region=0_14
ep=1564 s=300 4985ms [sel=0 cap=4851 rest=134] sg=2->2 mode=NONE win=8 obs=301 | cap=wip act=TURN request=+45deg execute=+15deg x1 a=3 dtg=15.47 region=0_14
ep=1564 s=301 3759ms [sel=0 cap=3625 rest=134] sg=2->2 mode=NONE win=8 obs=302 | cap=wip act=TURN request=+45deg execute=+15deg x1 a=3 dtg=15.47 region=0_14
ep=1564 s=302 4506ms [sel=0 cap=4370 rest=136] sg=2->2 mode=NONE win=8 obs=303 | cap=wip act=TURN request=+45deg execute=+15deg x1 a=3 dtg=15.47 region=0_14
ep=1564 s=303 7450ms [sel=2581 cap=4736 rest=133] sg=2->2 mode=NONE win=8 obs=304 | cap=wip act=(378,372) d=2.27 a=1 som=L/7 dtg=15.55 region=0_14
ep=1564 s=304 7268ms [sel=3245 cap=3888 rest=134] sg=2->2 mode=NONE win=8 obs=305 | cap=wip act=(320,359) d=2.44 a=1 som=L/7 dtg=15.68 region=0_14
ep=1564 s=305 7775ms [sel=2886 cap=4754 rest=135] sg=2->2 mode=NONE win=8 obs=306 | cap=wip act=TURN request=+45deg execute=+15deg x1 a=3 | sp=- ovr=1 som=L/7 dtg=15.68 region=0_14
ep=1564 s=306 8982ms [sel=0 cap=8505 rest=441] sg=2->2 mode=NONE win=8 obs=307 | cap=wip act=TURN request=+45deg execute=+15deg x1 a=3 | preview=view-/6 yaw=+0 render=36ms | sp=- ovr=1 dtg=15.68 region=0_14
ep=1564 s=307 3926ms [sel=0 cap=3790 rest=136] sg=2->2 mode=NONE win=8 obs=308 | cap=wip act=TURN request=+45deg execute=+15deg x1 a=3 | sp=- ovr=1 dtg=15.68 region=0_14
ep=1564 s=308 6485ms [sel=0 cap=6345 rest=139] sg=2->2 mode=NONE win=8 obs=309 | cap=wip act=TURN request=+45deg execute=+15deg x1 a=3 | sp=- ovr=1 dtg=15.68 region=0_14
ep=1564 s=309 5442ms [sel=0 cap=4965 rest=439] sg=2->2 mode=NONE win=8 obs=310 | cap=wip act=TURN request=+45deg execute=+15deg x1 a=3 | preview=view-/6 yaw=+0 render=38ms | sp=- ovr=1 dtg=15.68 region=0_14
ep=1564 s=310 6838ms [sel=0 cap=6700 rest=137] sg=2->2 mode=NONE win=8 obs=311 | cap=wip act=TURN request=+45deg execute=+15deg x1 a=3 | sp=- ovr=1 dtg=15.68 region=0_14
ep=1564 s=311 7655ms [sel=0 cap=7515 rest=140] sg=2->2 mode=NONE win=8 obs=312 | cap=wip act=TURN request=+45deg execute=+15deg x1 a=3 | sp=- ovr=1 dtg=15.68 region=0_14
ep=1564 s=312 5026ms [sel=0 cap=4892 rest=134] sg=2->2 mode=NONE win=8 obs=313 | cap=wip act=TURN request=+45deg execute=+15deg x1 a=3 | sp=- ovr=1 dtg=15.68 region=0_14
ep=1564 s=313 4043ms [sel=0 cap=3908 rest=135] sg=2->2 mode=NONE win=8 obs=314 | cap=wip act=TURN request=+45deg execute=+15deg x1 a=3 | sp=- ovr=1 dtg=15.68 region=0_14
ep=1564 s=314 2240ms [sel=0 cap=2106 rest=134] sg=2->2 mode=NONE win=8 obs=315 | cap=wip act=TURN request=+45deg execute=+15deg x1 a=3 | sp=- ovr=1 dtg=15.68 region=0_14
ep=1564 s=315 8063ms [sel=1559 cap=6365 rest=139] sg=2->2 mode=NONE win=8 obs=316 | cap=wip act=(360,410) d=1.31 a=1 | sp=straight_ahead:reached d=0.4 age=0 som=1/4 dtg=15.43 region=0_14
ep=1564 s=316 5665ms [sel=1817 cap=3705 rest=143] sg=2->2 mode=NONE win=8 obs=317 | cap=wip act=TURN request=+45deg execute=+15deg x1 a=3 | sp=straight_ahead:reached d=0.4 age=1 ovr=1 som=1/3 dtg=15.43 region=0_14
ep=1564 s=317 6279ms [sel=1813 cap=4328 rest=138] sg=2->2 mode=NONE win=8 obs=318 | cap=wip act=(276,427) d=1.15 a=1 | sp=straight_ahead:reached d=0.1 age=0 som=1/4 dtg=15.26 region=0_14
ep=1564 s=318 6528ms [sel=143 cap=6248 rest=137] sg=2->2 mode=NONE win=8 obs=319 | cap=wip act=TURN request=-45deg execute=-15deg x1 a=2 | sp=straight_ahead:reached d=0.1 age=1 ovr=1 dtg=15.26 region=0_14
ep=1564 s=319 7266ms [sel=0 cap=7129 rest=137] sg=2->2 mode=NONE win=8 obs=320 | cap=wip act=TURN request=-45deg execute=-15deg x1 a=2 | sp=- ovr=1 dtg=15.26 region=0_14
ep=1564 s=320 8486ms [sel=0 cap=8347 rest=139] sg=2->2 mode=NONE win=8 obs=321 | cap=wip act=TURN request=-45deg execute=-15deg x1 a=2 | sp=- ovr=1 dtg=15.26 region=0_14
ep=1564 s=321 6747ms [sel=0 cap=6599 rest=148] sg=2->2 mode=NONE win=8 obs=322 | cap=wip act=TURN request=-45deg execute=-15deg x1 a=2 | sp=- ovr=1 dtg=15.26 region=0_14
ep=1564 s=322 5359ms [sel=0 cap=5217 rest=141] sg=2->2 mode=NONE win=8 obs=323 | cap=wip act=TURN request=-45deg execute=-15deg x1 a=2 | sp=- ovr=1 dtg=15.26 region=0_14
ep=1564 s=323 5641ms [sel=0 cap=5495 rest=146] sg=2->2 mode=NONE win=8 obs=324 | cap=wip act=TURN request=-45deg execute=-15deg x1 a=2 | sp=- ovr=1 dtg=15.26 region=0_14
ep=1564 s=324 6798ms [sel=0 cap=6645 rest=153] sg=2->2 mode=NONE win=8 obs=325 | cap=wip act=TURN request=-45deg execute=-15deg x1 a=2 | sp=- ovr=1 dtg=15.26 region=0_14
ep=1564 s=325 6895ms [sel=0 cap=6757 rest=138] sg=2->2 mode=NONE win=8 obs=326 | cap=wip act=TURN request=-45deg execute=-15deg x1 a=2 | sp=- ovr=1 dtg=15.26 region=0_14
ep=1564 s=326 5933ms [sel=0 cap=5799 rest=134] sg=2->2 mode=NONE win=8 obs=327 | cap=wip act=TURN request=-45deg execute=-15deg x1 a=2 | sp=- ovr=1 dtg=15.26 region=0_14
ep=1564 s=327 4340ms [sel=0 cap=4205 rest=135] sg=2->2 mode=NONE win=8 obs=328 | cap=wip act=TURN request=-45deg execute=-15deg x1 a=2 | sp=- ovr=1 dtg=15.26 region=0_14
ep=1564 s=328 4313ms [sel=0 cap=4178 rest=135] sg=2->2 mode=NONE win=8 obs=329 | cap=wip act=TURN request=-45deg execute=-15deg x1 a=2 | sp=- ovr=1 dtg=15.26 region=0_14
ep=1564 s=329 6263ms [sel=0 cap=6126 rest=137] sg=2->2 mode=NONE win=8 obs=330 | cap=wip act=TURN request=-45deg execute=-15deg x1 a=2 | sp=- ovr=1 dtg=15.26 region=0_14
ep=1564 s=330 6892ms [sel=1198 cap=5559 rest=135] sg=2->2 mode=NONE win=8 obs=331 | cap=wip act=(338,282) d=4.00 a=1 som=L/7 dtg=15.43 region=0_14
ep=1564 s=331 6851ms [sel=1087 cap=5628 rest=136] sg=2->2 mode=NONE win=8 obs=332 | cap=wip act=TURN request=-45deg execute=-15deg x1 a=2 | sp=- ovr=1 som=L/7 dtg=15.43 region=0_14
ep=1564 s=332 5957ms [sel=0 cap=5818 rest=138] sg=2->2 mode=NONE win=8 obs=333 | cap=wip act=TURN request=-45deg execute=-15deg x1 a=2 | sp=- ovr=1 dtg=15.43 region=0_14
ep=1564 s=333 2114ms [sel=0 cap=1982 rest=132] sg=2->2 mode=NONE win=8 obs=334 | cap=wip act=TURN request=-45deg execute=-15deg x1 a=2 | sp=- ovr=1 dtg=15.43 region=0_14
ep=1564 s=334 4164ms [sel=0 cap=4033 rest=131] sg=2->2 mode=NONE win=8 obs=335 | cap=wip act=TURN request=-45deg execute=-15deg x1 a=2 | sp=- ovr=1 dtg=15.43 region=0_14
ep=1564 s=335 7531ms [sel=0 cap=7397 rest=135] sg=2->2 mode=NONE win=8 obs=336 | cap=wip act=TURN request=-45deg execute=-15deg x1 a=2 | sp=- ovr=1 dtg=15.43 region=0_14
ep=1564 s=336 4687ms [sel=0 cap=4545 rest=142] sg=2->2 mode=NONE win=8 obs=337 | cap=wip act=TURN request=-45deg execute=-15deg x1 a=2 | sp=- ovr=1 dtg=15.43 region=0_14
ep=1564 s=337 5425ms [sel=0 cap=5271 rest=154] sg=2->2 mode=NONE win=8 obs=338 | cap=wip act=TURN request=-45deg execute=-15deg x1 a=2 | sp=- ovr=1 dtg=15.43 region=0_14
ep=1564 s=338 3750ms [sel=0 cap=3613 rest=137] sg=2->2 mode=NONE win=8 obs=339 | cap=wip act=TURN request=-45deg execute=-15deg x1 a=2 | sp=- ovr=1 dtg=15.43 region=0_14
ep=1564 s=339 6387ms [sel=0 cap=6229 rest=158] sg=2->2 mode=NONE win=8 obs=340 | cap=wip act=TURN request=-45deg execute=-15deg x1 a=2 | sp=- ovr=1 dtg=15.43 region=0_14
ep=1564 s=340 5331ms [sel=0 cap=5161 rest=170] sg=2->2 mode=NONE win=8 obs=341 | cap=wip act=TURN request=-45deg execute=-15deg x1 a=2 | sp=- ovr=1 dtg=15.43 region=0_14
ep=1564 s=341 6511ms [sel=4308 cap=2064 rest=139] sg=2->2 mode=NONE win=8 obs=342 | cap=wip act=(303,432) d=1.13 a=1 | sp=straight_ahead:reached d=0.1 age=0 som=1/3 dtg=15.41 region=0_14
ep=1564 s=342 4347ms [sel=147 cap=4052 rest=148] sg=2->2 mode=NONE win=8 obs=343 | cap=wip act=TURN request=-45deg execute=-15deg x1 a=2 | sp=straight_ahead:reached d=0.1 age=1 ovr=1 dtg=15.41 region=0_14
ep=1564 s=343 5636ms [sel=0 cap=5491 rest=145] sg=2->2 mode=NONE win=8 obs=344 | cap=wip act=TURN request=-45deg execute=-15deg x1 a=2 | sp=- ovr=1 dtg=15.41 region=0_14
ep=1564 s=344 4456ms [sel=0 cap=4315 rest=141] sg=2->2 mode=NONE win=8 obs=345 | cap=wip act=TURN request=-45deg execute=-15deg x1 a=2 | sp=- ovr=1 dtg=15.41 region=0_14
ep=1564 s=345 4001ms [sel=0 cap=3863 rest=138] sg=2->2 mode=NONE win=8 obs=346 | cap=wip act=TURN request=-45deg execute=-15deg x1 a=2 | sp=- ovr=1 dtg=15.41 region=0_14
ep=1564 s=346 4965ms [sel=0 cap=4831 rest=135] sg=2->2 mode=NONE win=8 obs=347 | cap=wip act=TURN request=-45deg execute=-15deg x1 a=2 | sp=- ovr=1 dtg=15.41 region=0_14
ep=1564 s=347 4020ms [sel=0 cap=3888 rest=132] sg=2->2 mode=NONE win=8 obs=348 | cap=wip act=TURN request=-45deg execute=-15deg x1 a=2 | sp=- ovr=1 dtg=15.41 region=0_14
ep=1564 s=348 4045ms [sel=0 cap=3910 rest=135] sg=2->2 mode=NONE win=8 obs=349 | cap=wip act=TURN request=-45deg execute=-15deg x1 a=2 | sp=- ovr=1 dtg=15.41 region=0_14
ep=1564 s=349 4091ms [sel=0 cap=3955 rest=135] sg=2->2 mode=NONE win=8 obs=350 | cap=wip act=TURN request=-45deg execute=-15deg x1 a=2 | sp=- ovr=1 dtg=15.41 region=0_14
ep=1564 s=350 7077ms [sel=0 cap=6942 rest=136] sg=2->2 mode=NONE win=8 obs=351 | cap=wip act=TURN request=-45deg execute=-15deg x1 a=2 | sp=- ovr=1 dtg=15.41 region=0_14
ep=1564 s=351 8672ms [sel=1192 cap=7338 rest=141] sg=2->2 mode=NONE win=8 obs=352 | cap=wip act=(299,298) d=3.56 a=1 som=L/6 dtg=15.20 region=0_14
ep=1564 s=352 7536ms [sel=1603 cap=5777 rest=156] sg=2->2 mode=NONE win=8 obs=353 | cap=wip act=TURN request=-45deg execute=-15deg x1 a=2 | sp=- ovr=1 som=L/6 dtg=15.20 region=0_14
ep=1564 s=353 6227ms [sel=0 cap=6091 rest=136] sg=2->2 mode=NONE win=8 obs=354 | cap=wip act=TURN request=-45deg execute=-15deg x1 a=2 | sp=- ovr=1 dtg=15.20 region=0_14
ep=1564 s=354 3580ms [sel=0 cap=3443 rest=137] sg=2->2 mode=NONE win=8 obs=355 | cap=wip act=TURN request=-45deg execute=-15deg x1 a=2 | sp=- ovr=1 dtg=15.20 region=0_14
ep=1564 s=355 3099ms [sel=0 cap=2962 rest=138] sg=2->2 mode=NONE win=8 obs=356 | cap=wip act=TURN request=-45deg execute=-15deg x1 a=2 | sp=- ovr=1 dtg=15.20 region=0_14
ep=1564 s=356 6437ms [sel=0 cap=6302 rest=135] sg=2->2 mode=NONE win=8 obs=357 | cap=wip act=TURN request=-45deg execute=-15deg x1 a=2 | sp=- ovr=1 dtg=15.20 region=0_14
ep=1564 s=357 3566ms [sel=0 cap=3429 rest=137] sg=2->2 mode=NONE win=8 obs=358 | cap=wip act=TURN request=-45deg execute=-15deg x1 a=2 | sp=- ovr=1 dtg=15.20 region=0_14
ep=1564 s=358 6364ms [sel=1902 cap=4329 rest=133] sg=2->2 mode=NONE win=8 obs=359 | cap=wip act=(397,284) d=3.92 a=1 som=R/6 dtg=15.45 region=0_14
ep=1564 s=359 9630ms [sel=1550 cap=7946 rest=133] sg=2->2 mode=NONE win=8 obs=360 | cap=wip act=TURN request=-45deg execute=-15deg x1 a=2 | sp=- ovr=1 som=R/6 dtg=15.45 region=0_14
ep=1564 s=360 6344ms [sel=0 cap=6208 rest=136] sg=2->2 mode=NONE win=8 obs=361 | cap=wip act=TURN request=-45deg execute=-15deg x1 a=2 | sp=- ovr=1 dtg=15.45 region=0_14
ep=1564 s=361 5405ms [sel=0 cap=5275 rest=130] sg=2->2 mode=NONE win=8 obs=362 | cap=wip act=TURN request=-45deg execute=-15deg x1 a=2 | sp=- ovr=1 dtg=15.45 region=0_14
ep=1564 s=362 5692ms [sel=0 cap=5560 rest=132] sg=2->2 mode=NONE win=8 obs=363 | cap=wip act=TURN request=-45deg execute=-15deg x1 a=2 | sp=- ovr=1 dtg=15.45 region=0_14
ep=1564 s=363 7238ms [sel=0 cap=7102 rest=136] sg=2->2 mode=NONE win=8 obs=364 | cap=wip act=TURN request=-45deg execute=-15deg x1 a=2 | sp=- ovr=1 dtg=15.45 region=0_14
ep=1564 s=364 4768ms [sel=0 cap=4631 rest=137] sg=2->2 mode=NONE win=8 obs=365 | cap=wip act=TURN request=-45deg execute=-15deg x1 a=2 | sp=- ovr=1 dtg=15.45 region=0_14
ep=1564 s=365 7173ms [sel=0 cap=6705 rest=431] sg=2->2 mode=NONE win=8 obs=366 | cap=wip act=TURN request=-45deg execute=-15deg x1 a=2 | preview=view-/6 yaw=+0 render=36ms | sp=- ovr=1 dtg=15.45 region=0_14
ep=1564 s=366 5873ms [sel=2273 cap=3466 rest=134] sg=2->2 mode=NONE win=8 obs=367 | cap=wip act=(341,459) d=1.03 a=1 | sp=straight_ahead:reached d=0.2 age=0 som=1/4 dtg=15.56 region=0_14
ep=1564 s=367 5214ms [sel=729 cap=4337 rest=148] sg=2->2 mode=NONE win=8 obs=368 | cap=wip act=TURN request=-45deg execute=-15deg x1 a=2 | sp=straight_ahead:reached d=0.2 age=1 ovr=1 som=1/3 dtg=15.56 region=0_14
ep=1564 s=368 6259ms [sel=0 cap=6111 rest=148] sg=2->2 mode=NONE win=8 obs=369 | cap=wip act=TURN request=-45deg execute=-15deg x1 a=2 | sp=- ovr=1 dtg=15.56 region=0_14
ep=1564 s=369 5745ms [sel=0 cap=5594 rest=152] sg=2->2 mode=NONE win=8 obs=370 | cap=wip act=TURN request=-45deg execute=-15deg x1 a=2 | sp=- ovr=1 dtg=15.56 region=0_14
ep=1564 s=370 4116ms [sel=0 cap=3962 rest=154] sg=2->2 mode=NONE win=8 obs=371 | cap=wip act=TURN request=-45deg execute=-15deg x1 a=2 | sp=- ovr=1 dtg=15.56 region=0_14
ep=1564 s=371 4374ms [sel=0 cap=4232 rest=141] sg=2->2 mode=NONE win=8 obs=372 | cap=wip act=TURN request=-45deg execute=-15deg x1 a=2 | sp=- ovr=1 dtg=15.56 region=0_14
ep=1564 s=372 3753ms [sel=71 cap=3542 rest=140] sg=2->2 mode=NONE win=8 obs=373 | cap=wip act=(320,359) d=1.07 a=1 | sp=- ovr=1 dtg=15.35 region=0_14
ep=1564 s=373 4970ms [sel=149 cap=4683 rest=137] sg=2->2 mode=NONE win=8 obs=374 | cap=wip act=TURN request=-45deg execute=-15deg x1 a=2 | sp=- ovr=1 dtg=15.35 region=0_14
ep=1564 s=374 5489ms [sel=0 cap=5354 rest=135] sg=2->2 mode=NONE win=8 obs=375 | cap=wip act=TURN request=-45deg execute=-15deg x1 a=2 | sp=- ovr=1 dtg=15.35 region=0_14
ep=1564 s=375 3794ms [sel=0 cap=3660 rest=135] sg=2->2 mode=NONE win=8 obs=376 | cap=wip act=TURN request=-45deg execute=-15deg x1 a=2 | sp=- ovr=1 dtg=15.35 region=0_14
ep=1564 s=376 5220ms [sel=0 cap=5079 rest=140] sg=2->2 mode=NONE win=8 obs=377 | cap=wip act=TURN request=-45deg execute=-15deg x1 a=2 | sp=- ovr=1 dtg=15.35 region=0_14
ep=1564 s=377 5684ms [sel=0 cap=5547 rest=137] sg=2->2 mode=NONE win=8 obs=378 | cap=wip act=TURN request=-45deg execute=-15deg x1 a=2 | sp=- ovr=1 dtg=15.35 region=0_14
ep=1564 s=378 6403ms [sel=0 cap=5941 rest=427] sg=2->2 mode=NONE win=8 obs=379 | cap=wip act=TURN request=-45deg execute=-15deg x1 a=2 | preview=view-/6 yaw=+0 render=36ms | sp=- ovr=1 dtg=15.35 region=0_14
ep=1564 s=379 3325ms [sel=0 cap=3183 rest=142] sg=2->2 mode=NONE win=8 obs=380 | cap=wip act=TURN request=-45deg execute=-15deg x1 a=2 | sp=- ovr=1 dtg=15.35 region=0_14
ep=1564 s=380 3508ms [sel=0 cap=3369 rest=140] sg=2->2 mode=NONE win=8 obs=381 | cap=wip act=TURN request=-45deg execute=-15deg x1 a=2 | sp=- ovr=1 dtg=15.35 region=0_14
ep=1564 s=381 3524ms [sel=0 cap=3384 rest=140] sg=2->2 mode=NONE win=8 obs=382 | cap=wip act=TURN request=-45deg execute=-15deg x1 a=2 | sp=- ovr=1 dtg=15.35 region=0_14
ep=1564 s=382 3948ms [sel=0 cap=3806 rest=142] sg=2->2 mode=NONE win=8 obs=383 | cap=wip act=TURN request=-45deg execute=-15deg x1 a=2 | sp=- ovr=1 dtg=15.35 region=0_14
ep=1564 s=383 6408ms [sel=0 cap=6263 rest=145] sg=2->2 mode=NONE win=8 obs=384 | cap=wip act=TURN request=-45deg execute=-15deg x1 a=2 | sp=- ovr=1 dtg=15.35 region=0_14
ep=1564 s=384 5865ms [sel=765 cap=4960 rest=140] sg=2->2 mode=NONE win=8 obs=385 | cap=wip act=(341,280) d=4.06 a=1 som=L/7 dtg=15.50 region=0_14
ep=1564 s=385 6681ms [sel=860 cap=5682 rest=139] sg=2->2 mode=NONE win=8 obs=386 | cap=wip act=TURN request=-45deg execute=-15deg x1 a=2 | sp=- ovr=1 som=L/7 dtg=15.50 region=0_14
ep=1564 s=386 4346ms [sel=0 cap=4208 rest=138] sg=2->2 mode=NONE win=8 obs=387 | cap=wip act=TURN request=-45deg execute=-15deg x1 a=2 | sp=- ovr=1 dtg=15.50 region=0_14
ep=1564 s=387 2647ms [sel=0 cap=2513 rest=134] sg=2->2 mode=NONE win=8 obs=388 | cap=wip act=TURN request=-45deg execute=-15deg x1 a=2 | sp=- ovr=1 dtg=15.50 region=0_14
ep=1564 s=388 3180ms [sel=0 cap=3049 rest=130] sg=2->2 mode=NONE win=8 obs=389 | cap=wip act=TURN request=-45deg execute=-15deg x1 a=2 | sp=- ovr=1 dtg=15.50 region=0_14
ep=1564 s=389 5238ms [sel=0 cap=5098 rest=140] sg=2->2 mode=NONE win=8 obs=390 | cap=wip act=TURN request=-45deg execute=-15deg x1 a=2 | sp=- ovr=1 dtg=15.50 region=0_14
ep=1564 s=390 5318ms [sel=0 cap=5175 rest=143] sg=2->2 mode=NONE win=8 obs=391 | cap=wip act=TURN request=-45deg execute=-15deg x1 a=2 | sp=- ovr=1 dtg=15.50 region=0_14
ep=1564 s=391 6816ms [sel=0 cap=6334 rest=446] sg=2->2 mode=NONE win=8 obs=392 | cap=wip act=TURN request=-45deg execute=-15deg x1 a=2 | preview=view-/6 yaw=+0 render=35ms | sp=- ovr=1 dtg=15.50 region=0_14
ep=1564 s=392 4395ms [sel=0 cap=4218 rest=177] sg=2->2 mode=NONE win=8 obs=393 | cap=wip act=TURN request=-45deg execute=-15deg x1 a=2 | sp=- ovr=1 dtg=15.50 region=0_14
ep=1564 s=393 2316ms [sel=0 cap=2167 rest=149] sg=2->2 mode=NONE win=8 obs=394 | cap=wip act=TURN request=-45deg execute=-15deg x1 a=2 | sp=- ovr=1 dtg=15.50 region=0_14
ep=1564 s=394 4252ms [sel=0 cap=3766 rest=447] sg=2->2 mode=NONE win=8 obs=395 | cap=wip act=TURN request=-45deg execute=-15deg x1 a=2 | preview=view-/6 yaw=+0 render=39ms | sp=- ovr=1 dtg=15.50 region=0_14
ep=1564 s=395 4303ms [sel=959 cap=3200 rest=145] sg=2->2 mode=NONE win=8 obs=396 | cap=wip act=(295,455) d=1.04 a=1 | sp=straight_ahead:reached d=0.1 age=0 som=1/4 dtg=15.50 region=0_14
ep=1564 s=396 2705ms [sel=155 cap=2398 rest=153] sg=2->2 mode=NONE win=8 obs=397 | cap=wip act=TURN request=+45deg execute=+15deg x1 a=3 | sp=straight_ahead:reached d=0.1 age=1 ovr=1 dtg=15.50 region=0_14
ep=1564 s=397 4120ms [sel=0 cap=3959 rest=160] sg=2->2 mode=NONE win=8 obs=398 | cap=wip act=TURN request=+45deg execute=+15deg x1 a=3 | sp=- ovr=1 dtg=15.50 region=0_14
ep=1564 s=398 4530ms [sel=0 cap=4372 rest=158] sg=2->2 mode=NONE win=8 obs=399 | cap=wip act=TURN request=+45deg execute=+15deg x1 a=3 | sp=- ovr=1 dtg=15.50 region=0_14
ep=1564 s=399 5965ms [sel=0 cap=5804 rest=161] sg=2->2 mode=NONE win=8 obs=400 | cap=wip act=TURN request=+45deg execute=+15deg x1 a=3 | sp=- ovr=1 dtg=15.50 region=0_14
ep=1564 s=400 4900ms [sel=0 cap=4750 rest=150] sg=2->2 mode=NONE win=8 obs=401 | cap=wip act=TURN request=+45deg execute=+15deg x1 a=3 | sp=- ovr=1 dtg=15.50 region=0_14
ep=1564 s=401 5329ms [sel=0 cap=4864 rest=429] sg=2->2 mode=NONE win=8 obs=402 | cap=wip act=TURN request=+45deg execute=+15deg x1 a=3 | preview=view-/6 yaw=+0 render=36ms | sp=- ovr=1 dtg=15.50 region=0_14
ep=1564 s=402 5306ms [sel=0 cap=5162 rest=145] sg=2->2 mode=NONE win=8 obs=403 | cap=wip act=TURN request=+45deg execute=+15deg x1 a=3 | sp=- ovr=1 dtg=15.50 region=0_14
ep=1564 s=403 4996ms [sel=0 cap=4854 rest=143] sg=2->2 mode=NONE win=8 obs=404 | cap=wip act=TURN request=+45deg execute=+15deg x1 a=3 | sp=- ovr=1 dtg=15.50 region=0_14
ep=1564 s=404 5145ms [sel=0 cap=4689 rest=421] sg=2->2 mode=NONE win=8 obs=405 | cap=wip act=TURN request=+45deg execute=+15deg x1 a=3 | preview=view-/6 yaw=+0 render=36ms | sp=- ovr=1 dtg=15.50 region=0_14
ep=1564 s=405 5315ms [sel=0 cap=5177 rest=139] sg=2->2 mode=NONE win=8 obs=406 | cap=wip act=TURN request=+45deg execute=+15deg x1 a=3 | sp=- ovr=1 dtg=15.50 region=0_14
ep=1564 s=406 4181ms [sel=0 cap=4040 rest=141] sg=2->2 mode=NONE win=8 obs=407 | cap=wip act=TURN request=+45deg execute=+15deg x1 a=3 | sp=- ovr=1 dtg=15.50 region=0_14
ep=1564 s=407 4904ms [sel=959 cap=3808 rest=136] sg=2->2 mode=NONE win=8 obs=408 | cap=wip act=(382,370) d=2.28 a=1 som=L/7 dtg=15.58 region=0_14
ep=1564 s=408 4500ms [sel=856 cap=3505 rest=139] sg=2->2 mode=NONE win=8 obs=409 | cap=wip act=(320,359) d=2.42 a=1 som=L/7 dtg=15.70 region=0_14
ep=1564 s=409 4916ms [sel=748 cap=4031 rest=138] sg=2->2 mode=NONE win=8 obs=410 | cap=wip act=TURN request=+45deg execute=+15deg x1 a=3 | sp=- ovr=1 som=L/7 dtg=15.70 region=0_14
ep=1564 s=410 3972ms [sel=0 cap=3829 rest=143] sg=2->2 mode=NONE win=8 obs=411 | cap=wip act=TURN request=+45deg execute=+15deg x1 a=3 | sp=- ovr=1 dtg=15.70 region=0_14
ep=1564 s=411 4719ms [sel=0 cap=4578 rest=141] sg=2->2 mode=NONE win=8 obs=412 | cap=wip act=TURN request=+45deg execute=+15deg x1 a=3 | sp=- ovr=1 dtg=15.70 region=0_14
ep=1564 s=412 2639ms [sel=0 cap=2500 rest=139] sg=2->2 mode=NONE win=8 obs=413 | cap=wip act=TURN request=+45deg execute=+15deg x1 a=3 | sp=- ovr=1 dtg=15.70 region=0_14
ep=1564 s=413 3818ms [sel=0 cap=3678 rest=140] sg=2->2 mode=NONE win=8 obs=414 | cap=wip act=TURN request=+45deg execute=+15deg x1 a=3 | sp=- ovr=1 dtg=15.70 region=0_14
ep=1564 s=414 5178ms [sel=0 cap=5038 rest=140] sg=2->2 mode=NONE win=8 obs=415 | cap=wip act=TURN request=+45deg execute=+15deg x1 a=3 | sp=- ovr=1 dtg=15.70 region=0_14
ep=1564 s=415 3532ms [sel=0 cap=3390 rest=142] sg=2->2 mode=NONE win=8 obs=416 | cap=wip act=TURN request=+45deg execute=+15deg x1 a=3 | sp=- ovr=1 dtg=15.70 region=0_14
ep=1564 s=416 2406ms [sel=0 cap=2267 rest=139] sg=2->2 mode=NONE win=8 obs=417 | cap=wip act=TURN request=+45deg execute=+15deg x1 a=3 | sp=- ovr=1 dtg=15.70 region=0_14
ep=1564 s=417 2745ms [sel=0 cap=2608 rest=137] sg=2->2 mode=NONE win=8 obs=418 | cap=wip act=TURN request=+45deg execute=+15deg x1 a=3 | sp=- ovr=1 dtg=15.70 region=0_14
ep=1564 s=418 3202ms [sel=0 cap=3065 rest=137] sg=2->2 mode=NONE win=8 obs=419 | cap=wip act=TURN request=+45deg execute=+15deg x1 a=3 | sp=- ovr=1 dtg=15.70 region=0_14
ep=1564 s=419 3676ms [sel=1372 cap=2161 rest=143] sg=2->2 mode=NONE win=8 obs=420 | cap=wip act=(352,405) d=1.32 a=1 | sp=straight_ahead:reached d=0.4 age=0 som=2/4 dtg=15.45 region=0_14
ep=1564 s=420 3903ms [sel=2208 cap=1553 rest=141] sg=2->2 mode=NONE win=8 obs=421 | cap=wip act=TURN request=+45deg execute=+15deg x1 a=3 | sp=straight_ahead:reached d=0.4 age=1 ovr=1 som=1/3 dtg=15.45 region=0_14
ep=1564 s=421 2546ms [sel=0 cap=2401 rest=145] sg=2->2 mode=NONE win=8 obs=422 | cap=wip act=TURN request=+45deg execute=+15deg x1 a=3 | sp=- ovr=1 dtg=15.45 region=0_14
ep=1564 s=422 3610ms [sel=0 cap=3468 rest=142] sg=2->2 mode=NONE win=8 obs=423 | cap=wip act=TURN request=+45deg execute=+15deg x1 a=3 | sp=- ovr=1 dtg=15.45 region=0_14
ep=1564 s=423 6089ms [sel=739 cap=5208 rest=142] sg=2->2 mode=NONE win=8 obs=424 | cap=wip act=(295,436) d=1.12 a=1 | sp=straight_ahead:reached d=0.1 age=0 som=1/4 dtg=15.44 region=0_14
ep=1564 s=424 4619ms [sel=159 cap=4000 rest=425] sg=2->2 mode=NONE win=8 obs=425 | cap=wip act=TURN request=-45deg execute=-15deg x1 a=2 | preview=view-/6 yaw=+0 render=36ms | sp=straight_ahead:reached d=0.1 age=1 ovr=1 dtg=15.44 region=0_14
ep=1564 s=425 5036ms [sel=0 cap=4885 rest=151] sg=2->2 mode=NONE win=8 obs=426 | cap=wip act=TURN request=-45deg execute=-15deg x1 a=2 | sp=- ovr=1 dtg=15.44 region=0_14
ep=1564 s=426 3578ms [sel=0 cap=3432 rest=145] sg=2->2 mode=NONE win=8 obs=427 | cap=wip act=TURN request=-45deg execute=-15deg x1 a=2 | sp=- ovr=1 dtg=15.44 region=0_14
ep=1564 s=427 6182ms [sel=0 cap=6040 rest=141] sg=2->2 mode=NONE win=8 obs=428 | cap=wip act=TURN request=-45deg execute=-15deg x1 a=2 | sp=- ovr=1 dtg=15.44 region=0_14
ep=1564 s=428 5674ms [sel=0 cap=5537 rest=137] sg=2->2 mode=NONE win=8 obs=429 | cap=wip act=TURN request=-45deg execute=-15deg x1 a=2 | sp=- ovr=1 dtg=15.44 region=0_14
ep=1564 s=429 2186ms [sel=0 cap=2052 rest=134] sg=2->2 mode=NONE win=8 obs=430 | cap=wip act=TURN request=-45deg execute=-15deg x1 a=2 | sp=- ovr=1 dtg=15.44 region=0_14
ep=1564 s=430 4889ms [sel=0 cap=4752 rest=137] sg=2->2 mode=NONE win=8 obs=431 | cap=wip act=TURN request=-45deg execute=-15deg x1 a=2 | sp=- ovr=1 dtg=15.44 region=0_14
ep=1564 s=431 4763ms [sel=0 cap=4624 rest=139] sg=2->2 mode=NONE win=8 obs=432 | cap=wip act=TURN request=-45deg execute=-15deg x1 a=2 | sp=- ovr=1 dtg=15.44 region=0_14
ep=1564 s=432 5306ms [sel=2379 cap=2788 rest=139] sg=2->2 mode=NONE win=8 obs=433 | cap=wip act=(293,368) d=1.96 a=1 som=L/7 dtg=15.18 region=0_14
ep=1564 s=433 4750ms [sel=1287 cap=3319 rest=143] sg=2->2 mode=NONE win=8 obs=434 | cap=wip act=TURN request=-45deg execute=-15deg x1 a=2 | sp=- ovr=1 som=L/7 dtg=15.18 region=0_14
ep=1564 s=434 3872ms [sel=0 cap=3732 rest=140] sg=2->2 mode=NONE win=8 obs=435 | cap=wip act=TURN request=-45deg execute=-15deg x1 a=2 | sp=- ovr=1 dtg=15.18 region=0_14
ep=1564 s=435 4020ms [sel=0 cap=3884 rest=136] sg=2->2 mode=NONE win=8 obs=436 | cap=wip act=TURN request=-45deg execute=-15deg x1 a=2 | sp=- ovr=1 dtg=15.18 region=0_14
ep=1564 s=436 4125ms [sel=0 cap=3983 rest=142] sg=2->2 mode=NONE win=8 obs=437 | cap=wip act=TURN request=-45deg execute=-15deg x1 a=2 | sp=- ovr=1 dtg=15.18 region=0_14
ep=1564 s=437 2161ms [sel=0 cap=2023 rest=139] sg=2->2 mode=NONE win=8 obs=438 | cap=wip act=TURN request=-45deg execute=-15deg x1 a=2 | sp=- ovr=1 dtg=15.18 region=0_14
ep=1564 s=438 12002ms [sel=0 cap=11862 rest=140] sg=2->2 mode=NONE win=8 obs=439 | cap=wip act=TURN request=-45deg execute=-15deg x1 a=2 | sp=- ovr=1 dtg=15.18 region=0_14
ep=1564 s=439 5960ms [sel=0 cap=5821 rest=139] sg=2->2 mode=NONE win=8 obs=440 | cap=wip act=TURN request=-45deg execute=-15deg x1 a=2 | sp=- ovr=1 dtg=15.18 region=0_14
ep=1564 s=440 4387ms [sel=851 cap=3394 rest=142] sg=2->2 mode=NONE win=8 obs=441 | cap=wip act=(314,249) d=5.39 a=1 som=1/6 dtg=15.42 region=0_14
ep=1564 s=441 4838ms [sel=1054 cap=3644 rest=140] sg=2->2 mode=NONE win=8 obs=442 | cap=wip act=TURN request=-45deg execute=-15deg x1 a=2 | sp=- ovr=1 som=R/6 dtg=15.42 region=0_14
ep=1564 s=442 6195ms [sel=0 cap=6052 rest=143] sg=2->2 mode=NONE win=8 obs=443 | cap=wip act=TURN request=-45deg execute=-15deg x1 a=2 | sp=- ovr=1 dtg=15.42 region=0_14
ep=1564 s=443 4630ms [sel=0 cap=4494 rest=136] sg=2->2 mode=NONE win=8 obs=444 | cap=wip act=TURN request=-45deg execute=-15deg x1 a=2 | sp=- ovr=1 dtg=15.42 region=0_14
ep=1564 s=444 6320ms [sel=0 cap=6186 rest=134] sg=2->2 mode=NONE win=8 obs=445 | cap=wip act=TURN request=-45deg execute=-15deg x1 a=2 | sp=- ovr=1 dtg=15.42 region=0_14
ep=1564 s=445 3301ms [sel=0 cap=3163 rest=139] sg=2->2 mode=NONE win=8 obs=446 | cap=wip act=TURN request=-45deg execute=-15deg x1 a=2 | sp=- ovr=1 dtg=15.42 region=0_14
ep=1564 s=446 5500ms [sel=0 cap=5357 rest=142] sg=2->2 mode=NONE win=8 obs=447 | cap=wip act=TURN request=-45deg execute=-15deg x1 a=2 | sp=- ovr=1 dtg=15.42 region=0_14
ep=1564 s=447 3991ms [sel=0 cap=3851 rest=140] sg=2->2 mode=NONE win=8 obs=448 | cap=wip act=TURN request=-45deg execute=-15deg x1 a=2 | sp=- ovr=1 dtg=15.42 region=0_14
ep=1564 s=448 4732ms [sel=2591 cap=2002 rest=140] sg=2->2 mode=NONE win=8 obs=449 | cap=wip act=(352,476) d=0.98 a=1 | sp=straight_ahead:reached d=0.2 age=0 som=1/4 dtg=15.54 region=0_14
ep=1564 s=449 2262ms [sel=155 cap=1951 rest=156] sg=2->2 mode=NONE win=8 obs=450 | cap=wip act=TURN request=+45deg execute=+15deg x1 a=3 | sp=straight_ahead:reached d=0.2 age=1 ovr=1 dtg=15.54 region=0_14
ep=1564 s=450 3663ms [sel=0 cap=3513 rest=150] sg=2->2 mode=NONE win=8 obs=451 | cap=wip act=TURN request=+45deg execute=+15deg x1 a=3 | sp=- ovr=1 dtg=15.54 region=0_14
ep=1564 s=451 3601ms [sel=0 cap=3454 rest=147] sg=2->2 mode=NONE win=8 obs=452 | cap=wip act=TURN request=+45deg execute=+15deg x1 a=3 | sp=- ovr=1 dtg=15.54 region=0_14
ep=1564 s=452 1525ms [sel=0 cap=1383 rest=142] sg=2->2 mode=NONE win=8 obs=453 | cap=wip act=TURN request=+45deg execute=+15deg x1 a=3 | sp=- ovr=1 dtg=15.54 region=0_14
ep=1564 s=453 3598ms [sel=0 cap=3459 rest=139] sg=2->2 mode=NONE win=8 obs=454 | cap=wip act=TURN request=+45deg execute=+15deg x1 a=3 | sp=- ovr=1 dtg=15.54 region=0_14
ep=1564 s=454 4626ms [sel=0 cap=4492 rest=134] sg=2->2 mode=NONE win=8 obs=455 | cap=wip act=TURN request=+45deg execute=+15deg x1 a=3 | sp=- ovr=1 dtg=15.54 region=0_14
ep=1564 s=455 3540ms [sel=0 cap=3400 rest=140] sg=2->2 mode=NONE win=8 obs=456 | cap=wip act=TURN request=+45deg execute=+15deg x1 a=3 | sp=- ovr=1 dtg=15.54 region=0_14
ep=1564 s=456 4905ms [sel=0 cap=4764 rest=141] sg=2->2 mode=NONE win=8 obs=457 | cap=wip act=TURN request=+45deg execute=+15deg x1 a=3 | sp=- ovr=1 dtg=15.54 region=0_14
ep=1564 s=457 4974ms [sel=0 cap=4832 rest=142] sg=2->2 mode=NONE win=8 obs=458 | cap=wip act=TURN request=+45deg execute=+15deg x1 a=3 | sp=- ovr=1 dtg=15.54 region=0_14
ep=1564 s=458 4183ms [sel=1079 cap=2958 rest=146] sg=2->2 mode=NONE win=8 obs=459 | cap=wip act=(320,359) d=2.48 a=1 som=L/7 dtg=15.65 region=0_14
ep=1564 s=459 5046ms [sel=1086 cap=3813 rest=147] sg=2->2 mode=NONE win=8 obs=460 | cap=wip act=TURN request=+45deg execute=+15deg x1 a=3 | sp=- ovr=1 som=L/7 dtg=15.65 region=0_14
ep=1564 s=460 2716ms [sel=0 cap=2579 rest=137] sg=2->2 mode=NONE win=8 obs=461 | cap=wip act=TURN request=+45deg execute=+15deg x1 a=3 | sp=- ovr=1 dtg=15.65 region=0_14
ep=1564 s=461 4275ms [sel=0 cap=4134 rest=141] sg=2->2 mode=NONE win=8 obs=462 | cap=wip act=TURN request=+45deg execute=+15deg x1 a=3 | sp=- ovr=1 dtg=15.65 region=0_14
ep=1564 s=462 4760ms [sel=0 cap=4620 rest=140] sg=2->2 mode=NONE win=8 obs=463 | cap=wip act=TURN request=+45deg execute=+15deg x1 a=3 | sp=- ovr=1 dtg=15.65 region=0_14
ep=1564 s=463 4638ms [sel=0 cap=4496 rest=142] sg=2->2 mode=NONE win=8 obs=464 | cap=wip act=TURN request=+45deg execute=+15deg x1 a=3 | sp=- ovr=1 dtg=15.65 region=0_14
ep=1564 s=464 3814ms [sel=0 cap=3674 rest=140] sg=2->2 mode=NONE win=8 obs=465 | cap=wip act=TURN request=+45deg execute=+15deg x1 a=3 | sp=- ovr=1 dtg=15.65 region=0_14
ep=1564 s=465 2972ms [sel=0 cap=2827 rest=146] sg=2->2 mode=NONE win=8 obs=466 | cap=wip act=TURN request=+45deg execute=+15deg x1 a=3 | sp=- ovr=1 dtg=15.65 region=0_14
ep=1564 s=466 3244ms [sel=0 cap=3003 rest=241] sg=2->2 mode=NONE win=8 obs=467 | cap=wip act=TURN request=+45deg execute=+15deg x1 a=3 | sp=- ovr=1 dtg=15.65 region=0_14
ep=1564 s=467 4492ms [sel=0 cap=4355 rest=137] sg=2->2 mode=NONE win=8 obs=468 | cap=wip act=TURN request=+45deg execute=+15deg x1 a=3 | sp=- ovr=1 dtg=15.65 region=0_14
ep=1564 s=468 3760ms [sel=0 cap=3624 rest=137] sg=2->2 mode=NONE win=8 obs=469 | cap=wip act=TURN request=+45deg execute=+15deg x1 a=3 | sp=- ovr=1 dtg=15.65 region=0_14
ep=1564 s=469 4856ms [sel=1403 cap=3312 rest=140] sg=2->2 mode=NONE win=8 obs=470 | cap=wip act=(347,432) d=1.19 a=1 | sp=straight_ahead:reached d=0.3 age=0 som=1/3 dtg=15.41 region=0_14
ep=1564 s=470 6800ms [sel=1962 cap=4698 rest=141] sg=2->2 mode=NONE win=8 obs=471 | cap=wip act=TURN request=-45deg execute=-15deg x1 a=2 | sp=straight_ahead:reached d=0.3 age=1 ovr=1 som=1/3 dtg=15.41 region=0_14
ep=1564 s=471 5435ms [sel=0 cap=5298 rest=137] sg=2->2 mode=NONE win=8 obs=472 | cap=wip act=TURN request=-45deg execute=-15deg x1 a=2 | sp=- ovr=1 dtg=15.41 region=0_14
ep=1564 s=472 2557ms [sel=0 cap=2416 rest=140] sg=2->2 mode=NONE win=8 obs=473 | cap=wip act=TURN request=-45deg execute=-15deg x1 a=2 | sp=- ovr=1 dtg=15.41 region=0_14
ep=1564 s=473 2708ms [sel=0 cap=2571 rest=137] sg=2->2 mode=NONE win=8 obs=474 | cap=wip act=TURN request=-45deg execute=-15deg x1 a=2 | sp=- ovr=1 dtg=15.41 region=0_14
ep=1564 s=474 5059ms [sel=0 cap=4918 rest=141] sg=2->2 mode=NONE win=8 obs=475 | cap=wip act=TURN request=-45deg execute=-15deg x1 a=2 | sp=- ovr=1 dtg=15.41 region=0_14
ep=1564 s=475 4147ms [sel=2264 cap=1740 rest=142] sg=2->2 mode=NONE win=8 obs=476 | cap=wip act=(381,353) d=2.31 a=1 som=L/7 dtg=15.17 region=0_14
ep=1564 s=476 4488ms [sel=2093 cap=2252 rest=143] sg=2->2 mode=NONE win=8 obs=477 | cap=wip act=TURN request=+45deg execute=+15deg x1 a=3 | sp=- ovr=1 som=L/7 dtg=15.17 region=0_14
ep=1564 s=477 2227ms [sel=0 cap=2086 rest=141] sg=2->2 mode=NONE win=8 obs=478 | cap=wip act=TURN request=+45deg execute=+15deg x1 a=3 | sp=- ovr=1 dtg=15.17 region=0_14
ep=1564 s=478 5803ms [sel=0 cap=5663 rest=139] sg=2->2 mode=NONE win=8 obs=479 | cap=wip act=TURN request=+45deg execute=+15deg x1 a=3 | sp=- ovr=1 dtg=15.17 region=0_14
ep=1564 s=479 6575ms [sel=0 cap=6435 rest=140] sg=2->2 mode=NONE win=8 obs=480 | cap=wip act=TURN request=+45deg execute=+15deg x1 a=3 | sp=- ovr=1 dtg=15.17 region=0_14
ep=1564 s=480 5188ms [sel=0 cap=5041 rest=147] sg=2->2 mode=NONE win=8 obs=481 | cap=wip act=TURN request=+45deg execute=+15deg x1 a=3 | sp=- ovr=1 dtg=15.17 region=0_14
ep=1564 s=481 4396ms [sel=0 cap=4254 rest=142] sg=2->2 mode=NONE win=8 obs=482 | cap=wip act=TURN request=+45deg execute=+15deg x1 a=3 | sp=- ovr=1 dtg=15.17 region=0_14
ep=1564 s=482 6814ms [sel=0 cap=6349 rest=428] sg=2->2 mode=NONE win=8 obs=483 | cap=wip act=TURN request=+45deg execute=+15deg x1 a=3 | preview=view-/6 yaw=+0 render=36ms | sp=- ovr=1 dtg=15.17 region=0_14
ep=1564 s=483 2591ms [sel=0 cap=2449 rest=142] sg=2->2 mode=NONE win=8 obs=484 | cap=wip act=TURN request=+45deg execute=+15deg x1 a=3 | sp=- ovr=1 dtg=15.17 region=0_14
ep=1564 s=484 2990ms [sel=0 cap=2846 rest=144] sg=2->2 mode=NONE win=8 obs=485 | cap=wip act=TURN request=+45deg execute=+15deg x1 a=3 | sp=- ovr=1 dtg=15.17 region=0_14
ep=1564 s=485 5714ms [sel=0 cap=5577 rest=138] sg=2->2 mode=NONE win=8 obs=486 | cap=wip act=TURN request=+45deg execute=+15deg x1 a=3 | sp=- ovr=1 dtg=15.17 region=0_14
ep=1564 s=486 5227ms [sel=0 cap=5090 rest=137] sg=2->2 mode=NONE win=8 obs=487 | cap=wip act=TURN request=+45deg execute=+15deg x1 a=3 | sp=- ovr=1 dtg=15.17 region=0_14
ep=1564 s=487 5708ms [sel=1667 cap=3900 rest=141] sg=2->2 mode=NONE win=8 obs=488 | cap=wip act=(350,436) d=1.12 a=1 | sp=straight_ahead:reached d=0.3 age=0 som=1/5 dtg=15.36 region=0_14
ep=1564 s=488 4702ms [sel=1539 cap=3013 rest=151] sg=2->2 mode=NONE win=8 obs=489 | cap=wip act=TURN request=+45deg execute=+15deg x1 a=3 | sp=straight_ahead:reached d=0.3 age=1 ovr=1 som=1/3 dtg=15.36 region=0_14
ep=1564 s=489 3120ms [sel=0 cap=2977 rest=143] sg=2->2 mode=NONE win=8 obs=490 | cap=wip act=TURN request=+45deg execute=+15deg x1 a=3 | sp=- ovr=1 dtg=15.36 region=0_14
ep=1564 s=490 2174ms [sel=0 cap=2031 rest=143] sg=2->2 mode=NONE win=8 obs=491 | cap=wip act=TURN request=+45deg execute=+15deg x1 a=3 | sp=- ovr=1 dtg=15.36 region=0_14
ep=1564 s=491 2595ms [sel=0 cap=2460 rest=135] sg=2->2 mode=NONE win=8 obs=492 | cap=wip act=TURN request=+45deg execute=+15deg x1 a=3 | sp=- ovr=1 dtg=15.36 region=0_14
ep=1564 s=492 3349ms [sel=0 cap=3211 rest=138] sg=2->2 mode=NONE win=8 obs=493 | cap=wip act=TURN request=+45deg execute=+15deg x1 a=3 | sp=- ovr=1 dtg=15.36 region=0_14
ep=1564 s=493 3731ms [sel=0 cap=3588 rest=144] sg=2->2 mode=NONE win=8 obs=494 | cap=wip act=TURN request=+45deg execute=+15deg x1 a=3 | sp=- ovr=1 dtg=15.36 region=0_14
ep=1564 s=494 1858ms [sel=0 cap=1719 rest=139] sg=2->2 mode=NONE win=8 obs=495 | cap=wip act=TURN request=+45deg execute=+15deg x1 a=3 | sp=- ovr=1 dtg=15.36 region=0_14
ep=1564 s=495 4744ms [sel=1356 cap=3249 rest=139] sg=2->2 mode=NONE win=8 obs=496 | cap=wip act=(344,285) d=3.91 a=1 som=L/7 dtg=15.54 region=0_14
ep=1564 s=496 4114ms [sel=1584 cap=2389 rest=141] sg=2->2 mode=NONE win=8 obs=497 | cap=wip act=TURN request=-45deg execute=-15deg x1 a=2 | sp=- ovr=1 som=L/7 dtg=15.54 region=0_14
ep=1564 s=497 2715ms [sel=0 cap=2577 rest=139] sg=2->2 mode=NONE win=8 obs=498 | cap=wip act=TURN request=-45deg execute=-15deg x1 a=2 | sp=- ovr=1 dtg=15.54 region=0_14
ep=1564 s=498 4263ms [sel=0 cap=4125 rest=137] sg=2->2 mode=NONE win=8 obs=499 | cap=wip act=TURN request=-45deg execute=-15deg x1 a=2 | sp=- ovr=1 dtg=15.54 region=0_14
ep=1564 s=499 3231ms [sel=0 cap=3099 rest=133] sg=2->2 mode=NONE win=8 obs=500 | cap=wip act=TURN request=-45deg execute=-15deg x1 a=2 | sp=- ovr=1 dtg=15.54 region=0_14
rank=3 [17/20] id=1564 steps=500 success=0.000 spl=0.000 dtg=15.54 osr=0 path_length=26.05 ndtw=0.000 sdtw=0.000
PluginManager::Manager: duplicate static plugin StbImageImporter, ignoring
PluginManager::Manager: duplicate static plugin GltfImporter, ignoring
PluginManager::Manager: duplicate static plugin BasisImporter, ignoring
PluginManager::Manager: duplicate static plugin AssimpImporter, ignoring
PluginManager::Manager: duplicate static plugin AnySceneImporter, ignoring
PluginManager::Manager: duplicate static plugin AnyImageImporter, ignoring
episode=1712 instruction='Go straight and then turn right. Go passed the railing of the stairs towards the jugs. Then turn left and stop in the double french doors. ' start_position=[6.480979919433594, 0.024399995803833008, -2.025089979171753] goal_position=[2.4591000080108643, 0.024399995803833008, -1.9137599468231201] reference_geodesic=5.582345485687256
episode=1712 prepared_subgoals=3
  [1] Go straight toward the railing of the stairs towards the jugs until the next instructed route stage begins
      proof: The railing of the stairs towards the jugs is visible nearby and the camera is positioned to begin the next instructed route stage.
  [2] Turn right until the railing of the stairs towards the jugs is centered ahead, then walk past the railing of the stairs towards the jugs
      proof: The railing of the stairs towards the jugs is beside or directly ahead of the camera, within a step; the camera has not yet turned left.
  [3] Turn left until the Stop in the double french doors is centered ahead, then stop in the double french doors
      proof: The camera is beside the double french doors, stopped, and they fill the central view
ep=1712 s=0 4268ms [sel=5 cap=3717 rest=507] sg=1->1 mode=NONE win=1 obs=1 | cap=wip act=PREVIEW a=2 | preview=view2/6 yaw=+0 render=38ms dtg=5.58 region=1_12
ep=1712 s=1 5017ms [sel=1061 cap=3857 rest=99] sg=1->1 mode=NONE win=2 obs=2 | cap=wip act=(320,360) d=3.00 a=1 | sp=som:active d=3.0 age=0 som=2/8 dtg=5.42 region=1_12
ep=1712 s=2 2694ms [sel=11 cap=2583 rest=101] sg=1->1 mode=NONE win=3 obs=3 | cap=wip act=(320,360) d=2.75 a=2 | sp=som:active d=2.8 age=1 dtg=5.42 region=1_12
ep=1712 s=3 4023ms [sel=21 cap=3907 rest=95] sg=1->1 mode=NONE win=4 obs=4 | cap=wip act=(320,360) d=2.75 a=1 | sp=som:active d=2.8 age=2 dtg=5.24 region=1_15
ep=1712 s=4 3181ms [sel=8 cap=3080 rest=93] sg=1->1 mode=NONE win=5 obs=5 | cap=wip act=(320,360) d=2.51 a=2 | sp=som:active d=2.5 age=3 dtg=5.24 region=1_15
ep=1712 s=5 3828ms [sel=24 cap=3705 rest=99] sg=1->1 mode=NONE win=6 obs=6 | cap=wip act=(320,360) d=2.51 a=2 | sp=som:active d=2.5 age=4 dtg=5.24 region=1_15
ep=1712 s=6 2689ms [sel=12 cap=2580 rest=97] sg=1->1 mode=NONE win=7 obs=7 | cap=wip act=(320,360) d=2.51 a=2 | sp=som:active d=2.5 age=5 dtg=5.24 region=1_15
ep=1712 s=7 2783ms [sel=8 cap=2675 rest=100] sg=1->1 mode=NONE win=8 obs=8 | cap=wip act=(320,360) d=2.51 a=2 | sp=som:active d=2.5 age=6 dtg=5.24 region=1_15
ep=1712 s=8 5508ms [sel=8 cap=5402 rest=98] sg=1->1 mode=NONE win=8 obs=9 | cap=wip act=(320,360) d=2.51 a=2 | sp=som:active d=2.5 age=7 dtg=5.24 region=1_15
ep=1712 s=9 7892ms [sel=28 cap=7330 rest=498] sg=1->1 mode=NONE win=8 obs=10 | cap=wip act=(160,180) d=4.05 a=3 | preview=view3/6 yaw=+15 render=36ms | sp=preview:active d=4.0 age=0 dtg=5.24 region=1_15
ep=1712 s=10 3426ms [sel=3 cap=3323 rest=99] sg=1->1 mode=NONE win=8 obs=11 | cap=wip act=(320,360) d=4.05 a=3 | sp=preview:active d=4.0 age=1 dtg=5.24 region=1_15
ep=1712 s=11 5341ms [sel=3 cap=5239 rest=100] sg=1->1 mode=NONE win=8 obs=12 | cap=wip act=(320,360) d=4.05 a=1 | sp=preview:active d=4.0 age=2 dtg=4.99 region=1_15
ep=1712 s=12 3489ms [sel=8 cap=3385 rest=95] sg=1->1 mode=NONE win=8 obs=13 | cap=wip act=(320,360) d=3.80 a=1 | sp=preview:active d=3.8 age=3 dtg=4.74 region=1_15
ep=1712 s=13 2081ms [sel=8 cap=1983 rest=89] sg=1->1 mode=NONE win=8 obs=14 | cap=wip act=(320,360) d=3.55 a=1 | sp=preview:active d=3.6 age=4 dtg=4.49 region=1_15
ep=1712 s=14 3739ms [sel=9 cap=3641 rest=89] sg=1->1 mode=NONE win=8 obs=15 | cap=wip act=(320,360) d=3.31 a=3 | sp=preview:active d=3.3 age=5 dtg=4.49 region=1_15
ep=1712 s=15 4818ms [sel=4 cap=4717 rest=97] sg=1->1 mode=NONE win=8 obs=16 | cap=wip act=(320,360) d=3.31 a=1 | sp=preview:active d=3.3 age=6 dtg=4.27 region=1_15
ep=1712 s=16 3890ms [sel=0 cap=3787 rest=102] sg=1->2 mode=NONE win=8 obs=17 | cap=DONE act=TURN request=+45deg execute=+15deg x1 a=3 | sp=preview:active d=3.1 age=7 dtg=4.27 region=1_15
ep=1712 s=17 2574ms [sel=0 cap=2475 rest=99] sg=2->2 mode=NONE win=8 obs=18 | cap=wip act=TURN request=+45deg execute=+15deg x1 a=3 dtg=4.27 region=1_15
ep=1712 s=18 3257ms [sel=0 cap=3169 rest=87] sg=2->2 mode=NONE win=8 obs=19 | cap=wip act=TURN request=+45deg execute=+15deg x1 a=3 dtg=4.27 region=1_15
ep=1712 s=19 3158ms [sel=0 cap=3068 rest=90] sg=2->2 mode=NONE win=8 obs=20 | cap=wip act=TURN request=+45deg execute=+15deg x1 a=3 dtg=4.27 region=1_15
ep=1712 s=20 3904ms [sel=1524 cap=2282 rest=97] sg=2->2 mode=NONE win=8 obs=21 | cap=wip act=(320,360) d=2.09 a=3 | sp=som:active d=2.1 age=0 som=4/8 dtg=4.27 region=1_15
ep=1712 s=21 4594ms [sel=14 cap=4482 rest=98] sg=2->2 mode=NONE win=8 obs=22 | cap=wip act=(320,360) d=2.09 a=3 | sp=som:active d=2.1 age=1 dtg=4.27 region=1_15
ep=1712 s=22 4818ms [sel=64 cap=4219 rest=498] sg=2->2 mode=NONE win=8 obs=23 | cap=wip act=(160,180) d=3.58 a=2 | preview=view0/6 yaw=-105 render=37ms | sp=preview:active d=3.6 age=0 dtg=4.27 region=1_15
ep=1712 s=23 2950ms [sel=33 cap=2820 rest=98] sg=2->2 mode=NONE win=8 obs=24 | cap=wip act=(320,360) d=3.58 a=2 | sp=preview:active d=3.6 age=1 dtg=4.27 region=1_15
ep=1712 s=24 2118ms [sel=37 cap=1983 rest=98] sg=2->2 mode=NONE win=8 obs=25 | cap=wip act=(320,360) d=3.58 a=2 | sp=preview:active d=3.6 age=2 dtg=4.27 region=1_15
ep=1712 s=25 4072ms [sel=31 cap=3952 rest=89] sg=2->2 mode=NONE win=8 obs=26 | cap=wip act=(320,360) d=3.58 a=2 | sp=preview:active d=3.6 age=3 dtg=4.27 region=1_15
ep=1712 s=26 2563ms [sel=31 cap=2443 rest=89] sg=2->2 mode=NONE win=8 obs=27 | cap=wip act=(320,360) d=3.58 a=2 | sp=preview:active d=3.6 age=4 dtg=4.27 region=1_15
ep=1712 s=27 4408ms [sel=46 cap=3857 rest=469] sg=2->2 mode=NONE win=8 obs=28 | cap=wip act=(160,180) d=3.58 a=2 | preview=view2/6 yaw=-30 render=37ms | sp=preview:active d=3.6 age=0 dtg=4.27 region=1_15
ep=1712 s=28 2953ms [sel=15 cap=2840 rest=98] sg=2->2 mode=NONE win=8 obs=29 | cap=wip act=(320,360) d=3.58 a=1 | sp=preview:active d=3.6 age=1 dtg=4.13 region=1_15
ep=1712 s=29 3317ms [sel=19 cap=3200 rest=98] sg=2->2 mode=NONE win=8 obs=30 | cap=wip act=(320,360) d=3.36 a=2 | sp=preview:active d=3.4 age=2 dtg=4.13 region=1_15
ep=1712 s=30 2461ms [sel=3 cap=2360 rest=98] sg=2->2 mode=NONE win=8 obs=31 | cap=wip act=(320,360) d=3.36 a=1 | sp=preview:active d=3.4 age=3 dtg=3.98 region=1_15
ep=1712 s=31 2911ms [sel=3 cap=2813 rest=94] sg=2->2 mode=NONE win=8 obs=32 | cap=wip act=(320,360) d=3.11 a=2 | sp=preview:active d=3.1 age=4 dtg=3.98 region=1_15
ep=1712 s=32 3871ms [sel=3 cap=3770 rest=98] sg=2->2 mode=NONE win=8 obs=33 | cap=wip act=(320,360) d=3.11 a=2 | sp=preview:active d=3.1 age=5 dtg=3.98 region=1_15
ep=1712 s=33 3620ms [sel=4 cap=3513 rest=103] sg=2->2 mode=NONE win=8 obs=34 | cap=wip act=(320,360) d=3.11 a=1 | sp=preview:active d=3.1 age=6 dtg=3.75 region=1_15
ep=1712 s=34 4560ms [sel=3 cap=4452 rest=104] sg=2->2 mode=NONE win=8 obs=35 | cap=wip act=(320,360) d=2.87 a=1 | sp=preview:active d=2.9 age=7 dtg=3.54 region=1_15
ep=1712 s=35 2743ms [sel=3 cap=2635 rest=105] sg=2->2 mode=NONE win=8 obs=36 | cap=wip act=(320,360) d=2.64 a=1 | sp=preview:active d=2.6 age=8 dtg=3.32 region=1_15
ep=1712 s=36 2154ms [sel=3 cap=2044 rest=107] sg=2->2 mode=NONE win=8 obs=37 | cap=wip act=(320,360) d=2.40 a=1 | sp=preview:active d=2.4 age=9 dtg=3.12 region=1_15
ep=1712 s=37 4096ms [sel=3 cap=3981 rest=112] sg=2->2 mode=NONE win=8 obs=38 | cap=wip act=(320,360) d=2.17 a=2 | sp=preview:active d=2.2 age=10 dtg=3.12 region=1_15
ep=1712 s=38 3661ms [sel=3 cap=3550 rest=109] sg=2->2 mode=NONE win=8 obs=39 | cap=wip act=(320,360) d=2.17 a=1 | sp=preview:active d=2.2 age=11 dtg=2.90 region=1_15
ep=1712 s=39 4490ms [sel=3 cap=4381 rest=106] sg=2->2 mode=NONE win=8 obs=40 | cap=wip act=(320,360) d=1.98 a=1 | sp=preview:active d=2.0 age=12 dtg=2.69 region=1_15
ep=1712 s=40 4639ms [sel=5 cap=4530 rest=104] sg=2->2 mode=NONE win=8 obs=41 | cap=wip act=(320,360) d=1.81 a=1 | sp=preview:active d=1.8 age=13 dtg=2.49 region=1_15
ep=1712 s=41 4835ms [sel=1494 cap=3237 rest=105] sg=2->2 mode=NONE win=8 obs=42 | cap=wip act=(320,360) d=2.70 a=1 | sp=som:active d=2.7 age=0 som=3/8 dtg=2.32 region=1_15
ep=1712 s=42 4875ms [sel=3 cap=4772 rest=101] sg=2->2 mode=NONE win=8 obs=43 | cap=wip act=(320,360) d=2.45 a=2 | sp=som:active d=2.5 age=1 dtg=2.32 region=1_15
ep=1712 s=43 3461ms [sel=3 cap=3350 rest=108] sg=2->2 mode=NONE win=8 obs=44 | cap=wip act=(320,360) d=2.45 a=1 | sp=som:active d=2.5 age=2 dtg=2.15 region=1_15
ep=1712 s=44 2108ms [sel=3 cap=1996 rest=109] sg=2->2 mode=NONE win=8 obs=45 | cap=wip act=(320,360) d=2.20 a=1 | sp=som:active d=2.2 age=3 dtg=1.99 region=1_15
ep=1712 s=45 4059ms [sel=3 cap=3947 rest=110] sg=2->2 mode=NONE win=8 obs=46 | cap=wip act=(320,360) d=1.95 a=1 | sp=som:active d=2.0 age=4 dtg=1.86 region=1_15
ep=1712 s=46 3612ms [sel=3 cap=3499 rest=111] sg=2->2 mode=NONE win=8 obs=47 | cap=wip act=(320,360) d=1.70 a=1 | sp=som:active d=1.7 age=5 dtg=1.75 region=1_15
ep=1712 s=47 4121ms [sel=3 cap=4009 rest=110] sg=2->2 mode=NONE win=8 obs=48 | cap=wip act=(320,360) d=1.45 a=1 | sp=som:active d=1.5 age=6 dtg=1.68 region=1_15
ep=1712 s=48 2028ms [sel=4 cap=1909 rest=116] sg=2->2 mode=NONE win=8 obs=49 | cap=wip act=(320,360) d=1.20 a=1 | sp=som:active d=1.2 age=7 dtg=1.64 region=1_15
ep=1712 s=49 3418ms [sel=0 cap=3301 rest=117] sg=2->3 mode=NONE win=8 obs=50 | cap=DONE act=TURN request=-45deg execute=-15deg x1 a=2 | sp=som:active d=1.0 age=8 door_evts=1 dtg=1.64 region=1_15
ep=1712 s=50 3525ms [sel=0 cap=3407 rest=118] sg=3->3 mode=NONE win=8 obs=51 | cap=wip act=TURN request=-45deg execute=-15deg x1 a=2 | sp=- door_evts=1 dtg=1.64 region=1_15
ep=1712 s=51 10851ms [sel=0 cap=10274 rest=540] sg=3->3 mode=NONE win=8 obs=52 | cap=wip act=TURN request=-45deg execute=-15deg x1 a=2 | preview=view-/6 yaw=+0 render=36ms | sp=- door_evts=1 dtg=1.64 region=1_15
ep=1712 s=52 4783ms [sel=0 cap=4664 rest=119] sg=3->3 mode=NONE win=8 obs=53 | cap=wip act=TURN request=-45deg execute=-15deg x1 a=2 | sp=- door_evts=1 dtg=1.64 region=1_15
ep=1712 s=53 4653ms [sel=952 cap=3584 rest=116] sg=3->3 mode=NONE win=8 obs=54 | cap=wip act=(320,360) d=2.96 a=1 | sp=som:active d=3.0 age=0 som=3/7 dtg=1.42 region=1_15
ep=1712 s=54 10570ms [sel=6 cap=10001 rest=527] sg=3->None mode=NONE win=8 obs=55 | cap=DONE act=(320,360) d=1.00 a=1 | preview=view-/6 yaw=+0 render=36ms | sp=som:active d=2.7 age=1 door_evts=1 dtg=1.20 region=1_15
ep=1712 s=55 119ms [sel=5 cap=0 rest=114] sg=None->None mode=NONE win=8 obs=56 | cap=- act=(320,360) d=1.00 a=1 | sp=som:active d=2.5 age=2 door_evts=1 dtg=1.01 region=1_11
ep=1712 s=56 123ms [sel=6 cap=0 rest=117] sg=None->None mode=NONE win=8 obs=57 | cap=- act=(320,360) d=1.00 a=1 | sp=som:active d=2.3 age=3 door_evts=1 dtg=0.85 region=1_11
ep=1712 s=57 120ms [sel=0 cap=0 rest=120] sg=None->None mode=NONE win=8 obs=58 | cap=- act=STOP | sp=som:active d=2.0 age=4 door_evts=1 dtg=0.85 region=1_11
rank=3 [18/20] id=1712 steps=58 success=1.000 spl=0.859 dtg=0.85 osr=1 path_length=6.50 ndtw=0.934 sdtw=0.934
PluginManager::Manager: duplicate static plugin StbImageImporter, ignoring
PluginManager::Manager: duplicate static plugin GltfImporter, ignoring
PluginManager::Manager: duplicate static plugin BasisImporter, ignoring
PluginManager::Manager: duplicate static plugin AssimpImporter, ignoring
PluginManager::Manager: duplicate static plugin AnySceneImporter, ignoring
PluginManager::Manager: duplicate static plugin AnyImageImporter, ignoring
episode=1738 instruction='Go to the left and go straight. Follow the hall and go in the first door on the left. ' start_position=[-1.5451600551605225, 3.2642593383789062, 8.81132984161377] goal_position=[-3.168950080871582, 3.2642593383789062, 3.411139965057373] reference_geodesic=5.883550643920898
episode=1738 prepared_subgoals=4
  [1] Go left
      proof: The left wall is directly ahead and the camera is aligned with it.
  [2] Go straight toward the hall until the next instructed route stage begins
      proof: The hall is visible nearby and the camera is positioned to begin the next instructed route stage.
  [3] Follow the hall
      proof: The hall extends straight ahead and the camera has passed any turning points.
  [4] Go into the first door on the left
      proof: The door is directly ahead and the camera has crossed the threshold into the room
ep=1738 s=0 5330ms [sel=5 cap=4904 rest=382] sg=1->1 mode=NONE win=1 obs=1 | cap=wip act=PREVIEW a=2 | preview=view2/6 yaw=+0 render=38ms dtg=5.88 region=0_22
ep=1738 s=1 4762ms [sel=640 cap=4045 rest=77] sg=1->1 mode=NONE win=2 obs=2 | cap=wip act=(320,360) d=1.11 a=3 | sp=som:active d=1.1 age=0 som=1/7 dtg=5.88 region=0_22
ep=1738 s=2 4121ms [sel=3 cap=4037 rest=82] sg=1->1 mode=NONE win=3 obs=3 | cap=wip act=(320,360) d=1.11 a=3 | sp=som:active d=1.1 age=1 dtg=5.88 region=0_22
ep=1738 s=3 3970ms [sel=3 cap=3886 rest=81] sg=1->1 mode=NONE win=4 obs=4 | cap=wip act=(320,360) d=1.11 a=1 | sp=som:active d=1.1 age=2 dtg=5.73 region=0_22
ep=1738 s=4 4420ms [sel=3 cap=4336 rest=81] sg=1->1 mode=NONE win=5 obs=5 | cap=wip act=(320,360) d=0.86 a=3 | sp=som:active d=0.9 age=3 dtg=5.73 region=0_22
ep=1738 s=5 4856ms [sel=3 cap=4762 rest=91] sg=1->1 mode=NONE win=6 obs=6 | cap=wip act=(320,360) d=0.86 a=1 | sp=som:active d=0.9 age=4 dtg=5.58 region=0_22
ep=1738 s=6 3625ms [sel=20 cap=3122 rest=448] sg=1->1 mode=NONE win=7 obs=7 | cap=wip act=(160,180) d=1.60 a=2 | preview=view2/6 yaw=-45 render=35ms | sp=preview:active d=1.6 age=0 dtg=5.58 region=0_22
ep=1738 s=7 5027ms [sel=3 cap=4935 rest=89] sg=1->1 mode=NONE win=8 obs=8 | cap=wip act=(320,360) d=1.60 a=1 | sp=preview:active d=1.6 age=1 dtg=5.49 region=0_22
ep=1738 s=8 6786ms [sel=2086 cap=4608 rest=93] sg=1->2 mode=NONE win=8 obs=9 | cap=DONE act=(320,360) d=2.86 a=1 | sp=som:active d=2.9 age=0 som=2/6 dtg=5.42 region=0_22
ep=1738 s=9 2736ms [sel=3 cap=2634 rest=100] sg=2->2 mode=NONE win=8 obs=10 | cap=wip act=(320,360) d=2.61 a=1 | sp=som:active d=2.6 age=1 dtg=5.36 region=0_22
ep=1738 s=10 3935ms [sel=3 cap=3835 rest=97] sg=2->2 mode=NONE win=8 obs=11 | cap=wip act=(320,360) d=2.37 a=1 | sp=som:active d=2.4 age=2 dtg=5.35 region=None
ep=1738 s=11 3731ms [sel=3 cap=3641 rest=88] sg=2->2 mode=NONE win=8 obs=12 | cap=wip act=(320,360) d=2.13 a=1 | sp=som:active d=2.1 age=3 dtg=5.48 region=1_4
ep=1738 s=12 1721ms [sel=4 cap=1629 rest=88] sg=2->2 mode=NONE win=8 obs=13 | cap=wip act=(320,360) d=1.89 a=2 | sp=som:active d=1.9 age=4 dtg=5.48 region=1_4
ep=1738 s=13 4248ms [sel=3 cap=4151 rest=94] sg=2->2 mode=NONE win=8 obs=14 | cap=wip act=(320,360) d=1.89 a=1 | sp=som:active d=1.9 age=5 dtg=5.71 region=1_4
ep=1738 s=14 4450ms [sel=1422 cap=2937 rest=92] sg=2->3 mode=NONE win=8 obs=15 | cap=DONE act=(320,360) d=2.42 a=2 | sp=som:active d=2.4 age=0 som=3/5 dtg=5.71 region=1_4
ep=1738 s=15 5540ms [sel=40 cap=5406 rest=94] sg=3->3 mode=NONE win=8 obs=16 | cap=wip act=(320,360) d=2.42 a=2 | sp=som:active d=2.4 age=1 dtg=5.71 region=1_4
ep=1738 s=16 4217ms [sel=40 cap=4076 rest=101] sg=3->3 mode=NONE win=8 obs=17 | cap=wip act=(320,360) d=2.42 a=2 | sp=som:active d=2.4 age=2 dtg=5.71 region=1_4
ep=1738 s=17 7083ms [sel=40 cap=6939 rest=104] sg=3->3 mode=NONE win=8 obs=18 | cap=wip act=(320,360) d=2.42 a=2 | sp=som:active d=2.4 age=3 dtg=5.71 region=1_4
ep=1738 s=18 6133ms [sel=25 cap=5627 rest=446] sg=3->3 mode=NONE win=8 obs=19 | cap=wip act=(160,180) d=2.93 a=2 | preview=view1/6 yaw=-75 render=35ms | sp=preview:active d=2.9 age=0 dtg=5.71 region=1_4
ep=1738 s=19 4262ms [sel=4 cap=4160 rest=98] sg=3->3 mode=NONE win=8 obs=20 | cap=wip act=(320,360) d=2.93 a=1 | sp=preview:active d=2.9 age=1 dtg=5.88 region=1_4
ep=1738 s=20 3660ms [sel=9 cap=3550 rest=100] sg=3->3 mode=NONE win=8 obs=21 | cap=wip act=(320,360) d=2.72 a=1 | sp=preview:active d=2.7 age=2 dtg=6.08 region=1_4
ep=1738 s=21 3136ms [sel=9 cap=3031 rest=97] sg=3->3 mode=NONE win=8 obs=22 | cap=wip act=(320,360) d=2.53 a=1 | sp=preview:active d=2.5 age=3 dtg=6.29 region=1_4
ep=1738 s=22 3951ms [sel=7 cap=3850 rest=94] sg=3->3 mode=NONE win=8 obs=23 | cap=wip act=(320,360) d=2.35 a=2 | sp=preview:active d=2.3 age=4 dtg=6.29 region=1_4
ep=1738 s=23 5387ms [sel=4 cap=5289 rest=94] sg=3->3 mode=NONE win=8 obs=24 | cap=wip act=(320,360) d=2.35 a=2 | sp=preview:active d=2.3 age=5 dtg=6.29 region=1_4
ep=1738 s=24 4572ms [sel=3 cap=4470 rest=99] sg=3->3 mode=NONE win=8 obs=25 | cap=wip act=(320,360) d=2.35 a=1 | sp=preview:active d=2.3 age=6 dtg=6.44 region=1_4
ep=1738 s=25 2794ms [sel=3 cap=2303 rest=454] sg=3->3 mode=NONE win=8 obs=26 | cap=wip act=(320,360) d=2.10 a=1 | preview=view-/6 yaw=+0 render=34ms | sp=preview:active d=2.1 age=7 dtg=6.63 region=1_4
ep=1738 s=26 2471ms [sel=6 cap=2373 rest=91] sg=3->3 mode=NONE win=8 obs=27 | cap=wip act=(320,360) d=1.87 a=2 | sp=preview:active d=1.9 age=8 dtg=6.63 region=1_4
ep=1738 s=27 3514ms [sel=3 cap=3420 rest=91] sg=3->3 mode=NONE win=8 obs=28 | cap=wip act=(320,360) d=1.87 a=1 | sp=preview:active d=1.9 age=9 dtg=6.81 region=1_4
ep=1738 s=28 2379ms [sel=3 cap=2290 rest=86] sg=3->3 mode=NONE win=8 obs=29 | cap=wip act=(320,360) d=1.62 a=2 | sp=preview:active d=1.6 age=10 dtg=6.81 region=1_4
ep=1738 s=29 3083ms [sel=3 cap=2989 rest=91] sg=3->3 mode=NONE win=8 obs=30 | cap=wip act=(320,360) d=1.62 a=1 | sp=preview:active d=1.6 age=11 dtg=6.97 region=1_4
ep=1738 s=30 3460ms [sel=3 cap=3366 rest=92] sg=3->3 mode=NONE win=8 obs=31 | cap=wip act=(320,360) d=1.37 a=2 | sp=preview:active d=1.4 age=12 dtg=6.97 region=1_4
ep=1738 s=31 6286ms [sel=17 cap=5785 rest=450] sg=3->3 mode=NONE win=8 obs=32 | cap=wip act=(160,180) d=1.27 a=2 | preview=view4/6 yaw=+60 render=35ms | sp=preview:active d=1.3 age=0 dtg=6.97 region=1_4
ep=1738 s=32 6133ms [sel=3 cap=6035 rest=96] sg=3->3 mode=GET_NOWHERE win=8 obs=33 | cap=wip/GET_NOWHERE act=(320,360) d=1.27 a=1 | sp=preview:active d=1.3 age=1 dtg=7.08 region=1_4
ep=1738 s=33 3932ms [sel=3 cap=3837 rest=91] sg=3->3 mode=NONE win=8 obs=34 | cap=wip act=(320,360) d=1.07 a=1 | sp=preview:active d=1.1 age=2 dtg=7.27 region=1_26
ep=1738 s=34 3318ms [sel=5 cap=3222 rest=91] sg=3->3 mode=NONE win=8 obs=35 | cap=wip act=(320,360) d=0.90 a=3 | sp=preview:active d=0.9 age=3 dtg=7.27 region=1_26
ep=1738 s=35 3940ms [sel=3 cap=3846 rest=91] sg=3->3 mode=NONE win=8 obs=36 | cap=wip act=(320,360) d=0.90 a=1 | sp=preview:active d=0.9 age=4 dtg=7.52 region=1_26
ep=1738 s=36 4913ms [sel=5 cap=4819 rest=89] sg=3->3 mode=NONE win=8 obs=37 | cap=wip act=(320,360) d=0.72 a=3 | sp=preview:active d=0.7 age=5 dtg=7.52 region=1_26
ep=1738 s=37 4542ms [sel=3 cap=4449 rest=90] sg=3->3 mode=NONE win=8 obs=38 | cap=wip act=(320,360) d=0.72 a=3 | sp=preview:active d=0.7 age=6 dtg=7.52 region=1_26
ep=1738 s=38 5470ms [sel=680 cap=4707 rest=83] sg=3->4 mode=NONE win=8 obs=39 | cap=DONE act=(320,360) d=0.75 a=2 | sp=som:active d=0.7 age=0 som=1/7 dtg=7.52 region=1_26
ep=1738 s=39 6593ms [sel=3 cap=6496 rest=94] sg=4->4 mode=NONE win=8 obs=40 | cap=wip act=(320,360) d=0.75 a=1 | sp=som:active d=0.7 age=1 dtg=7.77 region=1_26
ep=1738 s=40 4632ms [sel=4 cap=4542 rest=86] sg=4->4 mode=NONE win=8 obs=41 | cap=wip act=(320,360) d=0.51 a=2 | sp=som:active d=0.5 age=2 dtg=7.77 region=1_26
ep=1738 s=41 4429ms [sel=4 cap=4338 rest=88] sg=4->4 mode=NONE win=8 obs=42 | cap=wip act=(320,360) d=0.51 a=1 | sp=som:active d=0.5 age=3 dtg=8.01 region=1_26
ep=1738 s=42 4639ms [sel=619 cap=3936 rest=84] sg=4->4 mode=NONE win=8 obs=43 | cap=wip act=(375,369) d=1.72 a=1 | sp=straight_ahead:reached d=0.5 age=0 som=3/5 dtg=8.24 region=1_26
ep=1738 s=43 5438ms [sel=897 cap=4460 rest=81] sg=4->4 mode=NONE win=8 obs=44 | cap=wip act=TURN request=-45deg execute=-15deg x1 a=2 | sp=straight_ahead:reached d=0.5 age=1 door_evts=1 som=1/5 dtg=8.24 region=1_26
ep=1738 s=44 4599ms [sel=0 cap=4516 rest=83] sg=4->4 mode=NONE win=8 obs=45 | cap=wip act=TURN request=-45deg execute=-15deg x1 a=2 | sp=- door_evts=1 dtg=8.24 region=1_26
ep=1738 s=45 3936ms [sel=0 cap=3855 rest=81] sg=4->4 mode=NONE win=8 obs=46 | cap=wip act=TURN request=-45deg execute=-15deg x1 a=2 | sp=- door_evts=1 dtg=8.24 region=1_26
ep=1738 s=46 2188ms [sel=0 cap=2104 rest=83] sg=4->4 mode=NONE win=8 obs=47 | cap=wip act=TURN request=-45deg execute=-15deg x1 a=2 | sp=- door_evts=1 dtg=8.24 region=1_26
ep=1738 s=47 3699ms [sel=0 cap=3611 rest=88] sg=4->4 mode=NONE win=8 obs=48 | cap=wip act=TURN request=-45deg execute=-15deg x1 a=2 | sp=- door_evts=1 dtg=8.24 region=1_26
ep=1738 s=48 2705ms [sel=0 cap=2615 rest=90] sg=4->4 mode=NONE win=8 obs=49 | cap=wip act=TURN request=-45deg execute=-15deg x1 a=2 | sp=- door_evts=1 dtg=8.24 region=1_26
ep=1738 s=49 2391ms [sel=0 cap=2300 rest=91] sg=4->4 mode=NONE win=8 obs=50 | cap=wip act=TURN request=-45deg execute=-15deg x1 a=2 | sp=- door_evts=1 dtg=8.24 region=1_26
ep=1738 s=50 3706ms [sel=0 cap=3624 rest=81] sg=4->4 mode=NONE win=8 obs=51 | cap=wip act=TURN request=-45deg execute=-15deg x1 a=2 | sp=- door_evts=1 dtg=8.24 region=1_26
ep=1738 s=51 2698ms [sel=0 cap=2624 rest=73] sg=4->4 mode=NONE win=8 obs=52 | cap=wip act=TURN request=-45deg execute=-15deg x1 a=2 | sp=- door_evts=1 dtg=8.24 region=1_26
ep=1738 s=52 2144ms [sel=0 cap=2063 rest=82] sg=4->4 mode=NONE win=8 obs=53 | cap=wip act=TURN request=-45deg execute=-15deg x1 a=2 | sp=- door_evts=1 dtg=8.24 region=1_26
ep=1738 s=53 4582ms [sel=0 cap=4496 rest=86] sg=4->4 mode=NONE win=8 obs=54 | cap=wip act=TURN request=-45deg execute=-15deg x1 a=2 | sp=- door_evts=1 dtg=8.24 region=1_26
ep=1738 s=54 4864ms [sel=0 cap=4770 rest=94] sg=4->4 mode=NONE win=8 obs=55 | cap=wip act=TURN request=-45deg execute=-15deg x1 a=2 | sp=- door_evts=1 dtg=8.24 region=1_26
ep=1738 s=55 5885ms [sel=598 cap=5203 rest=84] sg=4->4 mode=NONE win=8 obs=56 | cap=wip act=(320,360) d=3.01 a=1 | sp=som:active d=3.0 age=0 som=3/8 dtg=7.99 region=1_26
ep=1738 s=56 3845ms [sel=3 cap=3749 rest=94] sg=4->4 mode=NONE win=8 obs=57 | cap=wip act=(320,360) d=2.78 a=3 | sp=som:active d=2.8 age=1 dtg=7.99 region=1_26
ep=1738 s=57 11431ms [sel=5 cap=10999 rest=393] sg=4->None mode=NONE win=8 obs=58 | cap=DONE act=(320,360) d=1.00 a=1 | preview=view-/6 yaw=+0 render=35ms | sp=som:active d=2.8 age=2 door_evts=1 dtg=7.74 region=1_26
ep=1738 s=58 93ms [sel=4 cap=0 rest=89] sg=None->None mode=NONE win=8 obs=59 | cap=- act=(320,360) d=1.00 a=1 | sp=som:active d=2.5 age=3 door_evts=1 dtg=7.50 region=1_26
ep=1738 s=59 93ms [sel=4 cap=0 rest=89] sg=None->None mode=NONE win=8 obs=60 | cap=- act=(320,360) d=1.00 a=1 | sp=som:active d=2.3 age=4 door_evts=1 dtg=7.26 region=1_26
ep=1738 s=60 84ms [sel=0 cap=0 rest=84] sg=None->None mode=NONE win=8 obs=61 | cap=- act=STOP | sp=som:active d=2.0 age=5 door_evts=1 dtg=7.26 region=1_26
rank=3 [19/20] id=1738 steps=61 success=0.000 spl=0.000 dtg=7.26 osr=0 path_length=6.24 ndtw=0.308 sdtw=0.000
PluginManager::Manager: duplicate static plugin StbImageImporter, ignoring
PluginManager::Manager: duplicate static plugin GltfImporter, ignoring
PluginManager::Manager: duplicate static plugin BasisImporter, ignoring
PluginManager::Manager: duplicate static plugin AssimpImporter, ignoring
PluginManager::Manager: duplicate static plugin AnySceneImporter, ignoring
PluginManager::Manager: duplicate static plugin AnyImageImporter, ignoring
episode=1784 instruction='Go right through the kitchen, straight into the room in front of you that has a table with a scale on top of it and stop. ' start_position=[-8.817460060119629, 0.030206024646759033, -15.579999923706055] goal_position=[1.6312299966812134, 0.15480518341064453, -16.785999298095703] reference_geodesic=10.616101264953613
episode=1784 prepared_subgoals=2
  [1] Go right through the kitchen
      proof: The camera has passed through the kitchen doorway and the kitchen is behind and to the left, with the room ahead now central in the view.
  [2] Walk straight into the room with the table and scale
      proof: The table with the scale is directly ahead and centred in the view, and the camera has stopped beside it
ep=1784 s=0 6616ms [sel=5 cap=6058 rest=516] sg=1->1 mode=NONE win=1 obs=1 | cap=wip act=PREVIEW a=2 | preview=view2/6 yaw=+0 render=37ms dtg=10.62 region=1_22
ep=1784 s=1 4139ms [sel=1435 cap=2597 rest=107] sg=1->1 mode=NONE win=2 obs=2 | cap=wip act=(320,360) d=1.59 a=3 | sp=som:active d=1.6 age=0 som=5/8 dtg=10.62 region=1_22
ep=1784 s=2 3775ms [sel=3 cap=3665 rest=106] sg=1->1 mode=NONE win=3 obs=3 | cap=wip act=(320,360) d=1.59 a=1 | sp=som:active d=1.6 age=1 dtg=10.47 region=1_22
ep=1784 s=3 4302ms [sel=4 cap=4192 rest=106] sg=1->1 mode=TURN_OSCILLATION win=4 obs=4 | cap=wip/TURN_OSCILLATION act=(320,360) d=1.39 a=3 | sp=som:active d=1.4 age=2 dtg=10.47 region=1_22
ep=1784 s=4 2979ms [sel=3 cap=2871 rest=105] sg=1->1 mode=NONE win=5 obs=5 | cap=wip act=(320,360) d=1.39 a=1 | sp=som:active d=1.4 age=3 dtg=10.41 region=1_22
ep=1784 s=5 2553ms [sel=3 cap=2003 rest=510] sg=1->1 mode=NONE win=6 obs=6 | cap=wip act=(320,360) d=1.18 a=1 | preview=view-/6 yaw=+0 render=37ms | sp=som:active d=1.2 age=4 dtg=10.43 region=1_22
ep=1784 s=6 4895ms [sel=3 cap=4786 rest=107] sg=1->1 mode=NONE win=7 obs=7 | cap=wip act=(320,360) d=0.97 a=3 | sp=som:active d=1.0 age=5 dtg=10.43 region=1_22
ep=1784 s=7 6168ms [sel=3 cap=6059 rest=106] sg=1->1 mode=NONE win=8 obs=8 | cap=wip act=(320,360) d=0.97 a=1 | sp=som:active d=1.0 age=6 dtg=10.56 region=1_22
ep=1784 s=8 2640ms [sel=3 cap=2538 rest=99] sg=1->1 mode=NONE win=8 obs=9 | cap=wip act=(320,360) d=0.76 a=3 | sp=som:active d=0.8 age=7 dtg=10.56 region=1_22
ep=1784 s=9 2683ms [sel=3 cap=2588 rest=92] sg=1->1 mode=NONE win=8 obs=10 | cap=wip act=(320,360) d=0.76 a=1 | sp=som:active d=0.8 age=8 dtg=10.78 region=1_22
ep=1784 s=10 2938ms [sel=3 cap=2851 rest=84] sg=1->1 mode=NONE win=8 obs=11 | cap=wip act=(320,360) d=0.53 a=3 | sp=som:active d=0.5 age=9 dtg=10.78 region=1_22
ep=1784 s=11 2446ms [sel=3 cap=2358 rest=86] sg=1->1 mode=NONE win=8 obs=12 | cap=wip act=(320,360) d=0.53 a=1 | sp=som:active d=0.5 age=10 dtg=11.02 region=1_22
ep=1784 s=12 4714ms [sel=855 cap=3769 rest=89] sg=1->1 mode=NONE win=8 obs=13 | cap=wip act=(320,360) d=2.96 a=1 | sp=som:active d=3.0 age=0 som=1/8 dtg=11.27 region=1_22
ep=1784 s=13 3394ms [sel=3 cap=3295 rest=95] sg=1->1 mode=NONE win=8 obs=14 | cap=wip act=(320,360) d=2.71 a=1 | sp=som:active d=2.7 age=1 dtg=11.51 region=1_22
ep=1784 s=14 6615ms [sel=3 cap=6516 rest=96] sg=1->1 mode=NONE win=8 obs=15 | cap=wip act=(320,360) d=2.47 a=1 | sp=som:active d=2.5 age=2 dtg=11.76 region=1_22
ep=1784 s=15 4951ms [sel=3 cap=4854 rest=94] sg=1->1 mode=NONE win=8 obs=16 | cap=wip act=(320,360) d=2.22 a=1 | sp=som:active d=2.2 age=3 dtg=12.01 region=1_22
ep=1784 s=16 3418ms [sel=3 cap=3318 rest=97] sg=1->1 mode=NONE win=8 obs=17 | cap=wip act=(320,360) d=1.97 a=1 | sp=som:active d=2.0 age=4 dtg=12.26 region=1_22
ep=1784 s=17 3280ms [sel=3 cap=3176 rest=101] sg=1->1 mode=NONE win=8 obs=18 | cap=wip act=(320,360) d=1.72 a=1 | sp=som:active d=1.7 age=5 dtg=12.51 region=1_22
ep=1784 s=18 4652ms [sel=58 cap=4073 rest=483] sg=1->1 mode=NONE win=8 obs=19 | cap=wip act=(160,180) d=3.36 a=3 | preview=view3/6 yaw=+0 render=37ms | sp=preview:active d=3.4 age=0 dtg=12.51 region=1_22
ep=1784 s=19 4851ms [sel=3 cap=4746 rest=101] sg=1->1 mode=NONE win=8 obs=20 | cap=wip act=(320,360) d=3.36 a=3 | sp=preview:active d=3.4 age=1 dtg=12.51 region=1_22
ep=1784 s=20 4686ms [sel=765 cap=3816 rest=105] sg=1->2 mode=NONE win=8 obs=21 | cap=DONE act=(320,360) d=2.20 a=3 | sp=som:active d=2.2 age=0 som=1/8 dtg=12.51 region=1_22
ep=1784 s=21 3949ms [sel=3 cap=3843 rest=103] sg=2->2 mode=NONE win=8 obs=22 | cap=wip act=(320,360) d=2.20 a=1 | sp=som:active d=2.2 age=1 dtg=12.71 region=1_22
ep=1784 s=22 2810ms [sel=3 cap=2703 rest=105] sg=2->2 mode=NONE win=8 obs=23 | cap=wip act=(320,360) d=1.95 a=1 | sp=som:active d=1.9 age=2 dtg=11.76 region=1_22
ep=1784 s=23 2315ms [sel=3 cap=2204 rest=108] sg=2->2 mode=NONE win=8 obs=24 | cap=wip act=(320,360) d=1.70 a=1 | sp=som:active d=1.7 age=3 dtg=11.95 region=1_22
ep=1784 s=24 3709ms [sel=3 cap=3597 rest=109] sg=2->2 mode=NONE win=8 obs=25 | cap=wip act=(320,360) d=1.46 a=1 | sp=som:active d=1.5 age=4 dtg=12.16 region=1_22
ep=1784 s=25 8956ms [sel=4 cap=8376 rest=540] sg=2->2 mode=NONE win=8 obs=26 | cap=wip act=(320,360) d=1.22 a=1 | preview=view-/6 yaw=+0 render=36ms | sp=som:active d=1.2 age=5 dtg=12.37 region=1_22
ep=1784 s=26 4408ms [sel=3 cap=4296 rest=109] sg=2->2 mode=NONE win=8 obs=27 | cap=wip act=(320,360) d=0.98 a=2 | sp=som:active d=1.0 age=6 dtg=12.37 region=1_22
ep=1784 s=27 4217ms [sel=3 cap=4105 rest=109] sg=2->2 mode=NONE win=8 obs=28 | cap=wip act=(320,360) d=0.98 a=1 | sp=som:active d=1.0 age=7 dtg=12.56 region=1_22
ep=1784 s=28 7626ms [sel=3 cap=7050 rest=537] sg=2->2 mode=NONE win=8 obs=29 | cap=wip act=(320,360) d=0.73 a=1 | preview=view-/6 yaw=+0 render=37ms | sp=som:active d=0.7 age=8 dtg=12.75 region=1_22
ep=1784 s=29 4926ms [sel=1461 cap=3361 rest=104] sg=2->2 mode=NONE win=8 obs=30 | cap=wip act=(320,360) d=1.80 a=3 | sp=som:active d=1.8 age=0 som=1/8 dtg=12.75 region=1_22
ep=1784 s=30 4876ms [sel=3 cap=4769 rest=105] sg=2->2 mode=NONE win=8 obs=31 | cap=wip act=(320,360) d=1.80 a=1 | sp=som:active d=1.8 age=1 dtg=12.98 region=1_22
ep=1784 s=31 7223ms [sel=3 cap=6692 rest=491] sg=2->2 mode=NONE win=8 obs=32 | cap=wip act=(320,360) d=1.56 a=1 | preview=view-/6 yaw=+0 render=36ms | sp=som:active d=1.6 age=2 dtg=13.22 region=1_22
ep=1784 s=32 3470ms [sel=3 cap=3364 rest=103] sg=2->2 mode=NONE win=8 obs=33 | cap=wip act=(320,360) d=1.31 a=3 | sp=som:active d=1.3 age=3 dtg=13.22 region=1_22
ep=1784 s=33 1448ms [sel=3 cap=1341 rest=104] sg=2->2 mode=NONE win=8 obs=34 | cap=wip act=(320,360) d=1.31 a=3 | sp=som:active d=1.3 age=4 dtg=13.22 region=1_22
ep=1784 s=34 12087ms [sel=4 cap=11554 rest=492] sg=2->2 mode=NONE win=8 obs=35 | cap=wip act=(320,360) d=1.31 a=1 | preview=view-/6 yaw=+0 render=38ms | sp=som:active d=1.3 age=5 dtg=13.46 region=0_34
ep=1784 s=35 5921ms [sel=4 cap=5799 rest=118] sg=2->2 mode=NONE win=8 obs=36 | cap=wip act=(320,360) d=1.14 a=1 | sp=som:active d=1.1 age=6 dtg=13.70 region=0_34
ep=1784 s=36 3647ms [sel=5 cap=3526 rest=115] sg=2->2 mode=NONE win=8 obs=37 | cap=wip act=(320,360) d=0.99 a=2 | sp=som:active d=1.0 age=7 dtg=13.70 region=0_34
ep=1784 s=37 9963ms [sel=1049 cap=8378 rest=496] sg=2->None mode=NONE win=8 obs=38 | cap=DONE act=(320,360) d=2.18 a=1 | preview=view-/6 yaw=+0 render=41ms | sp=som:active d=1.0 age=8 dtg=13.95 region=0_34
ep=1784 s=38 127ms [sel=6 cap=0 rest=122] sg=None->None mode=NONE win=8 obs=39 | cap=- act=(320,360) d=1.93 a=1 | sp=endpoint:active d=1.9 age=1 dtg=14.20 region=0_34
ep=1784 s=39 115ms [sel=3 cap=0 rest=112] sg=None->None mode=NONE win=8 obs=40 | cap=- act=(320,360) d=1.69 a=1 | sp=endpoint:active d=1.7 age=2 dtg=14.45 region=0_34
ep=1784 s=40 108ms [sel=0 cap=0 rest=108] sg=None->None mode=NONE win=8 obs=41 | cap=- act=STOP | sp=endpoint:active d=1.4 age=3 dtg=14.45 region=0_34
rank=3 [20/20] id=1784 steps=41 success=0.000 spl=0.000 dtg=14.45 osr=0 path_length=6.55 ndtw=0.152 sdtw=0.000
rank_summary={"count": 20, "rank": 3, "totals": {"distance_to_goal": 174.92033171653748, "ndtw": 6.303464634909511, "oracle_success": 5.0, "path_length": 248.14256698146187, "sdtw": 3.564691290339953, "spl": 4.109132458667341, "steps": 2606.0, "success": 5.0}}
