rank=1 physical_gpu=7 config=/data/pengyh/workspace/FreeAskAgent_R2R/outputs/para50b_20260926/freeask_config.yaml
Gym has been unmaintained since 2022 and does not support NumPy 2.0 amongst other critical functionality.
Please upgrade to Gymnasium, the maintained drop-in replacement of Gym, or contact the authors of your software and request that they upgrade.
See the migration guide at https://gymnasium.farama.org/introduction/migration_guide/ for additional information.
PluginManager::Manager: duplicate static plugin StbImageImporter, ignoring
PluginManager::Manager: duplicate static plugin GltfImporter, ignoring
PluginManager::Manager: duplicate static plugin BasisImporter, ignoring
PluginManager::Manager: duplicate static plugin AssimpImporter, ignoring
PluginManager::Manager: duplicate static plugin AnySceneImporter, ignoring
PluginManager::Manager: duplicate static plugin AnyImageImporter, ignoring
config: /data/pengyh/workspace/FreeAskAgent_R2R/outputs/para50b_20260926/freeask_config.yaml (defaults: actor, base_url, camera_height_m, camera_pitch_deg, depth_hfov, depth_max_m, depth_min_m, depth_normalize, forward_step_m, image_height, image_width, max_steps, model_path, preview_scale, preview_yaws, record_video, turn_angle_deg, waypoint_radius; env: CAPTIONER_COMPLETION_SCREEN, CAPTIONER_DECISION_BASE_URL, CAPTIONER_DECISION_MODEL, CAPTIONER_INFERENCE_ONLY_COMPLETION, CAPTIONER_OPENING_LOOK_AROUND, CAPTIONER_PREVIEW_BACKOFF_MAX_STEPS, CAPTIONER_PREVIEW_CANDIDATES, CAPTIONER_PREVIEW_GATE_BACKOFF_MAX_M, CAPTIONER_PREVIEW_GATE_BACKOFF_START_M, CAPTIONER_PREVIEW_GATE_FREE_RINGS, CAPTIONER_PREVIEW_GATE_MAX_SKIPS, CAPTIONER_PREVIEW_GATE_MIN_MOVE_M, CAPTIONER_PREVIEW_IDLE_LIMIT, CAPTIONER_PREVIEW_IDLE_RESET_M, CAPTIONER_PREVIEW_MIN_MOVE_M, CAPTIONER_PREVIEW_MIN_TURN_DEG, CAPTIONER_PREVIEW_MOVE_BACKOFF_MAX_M, CAPTIONER_STEP_DEADLINE_S, JOYAI_API_BASE, JOYAI_MODEL_NAME, VLLM_BASE_URL, VLN_ABLATE_SPATIAL, VLN_ABLATE_TEMPORAL, VLN_COMPACT_SUBGOALS, VLN_IMAGE_MAX_PIXELS, VLN_NAV_PARAMS, VLN_ROBOT_PARAMS, VLN_SOM, VLN_SPATIAL_MEMORY_PARAMS, VLN_STRUCTURED_VLM_MAX_TOKENS)
camera: 640x480 hfov=90 K=from-hfov distortion=none mount xyz=(0.0, 1.25, 0.0) rpy_deg=(0.0, -15.0, 0.0)
2026-09-26 10:01:28,602 Initializing dataset R2RVLN-v1
2026-09-26 10:01:28,609 initializing sim Sim-v0
PluginManager::Manager: duplicate static plugin StbImageImporter, ignoring
PluginManager::Manager: duplicate static plugin GltfImporter, ignoring
PluginManager::Manager: duplicate static plugin BasisImporter, ignoring
PluginManager::Manager: duplicate static plugin AssimpImporter, ignoring
PluginManager::Manager: duplicate static plugin AnySceneImporter, ignoring
PluginManager::Manager: duplicate static plugin AnyImageImporter, ignoring
2026-09-26 10:01:41,409 Initializing task VLN-v0
nDTW/SDTW on: 50 reference paths, fastdtw
PluginManager::Manager: duplicate static plugin StbImageImporter, ignoring
PluginManager::Manager: duplicate static plugin GltfImporter, ignoring
PluginManager::Manager: duplicate static plugin BasisImporter, ignoring
PluginManager::Manager: duplicate static plugin AssimpImporter, ignoring
PluginManager::Manager: duplicate static plugin AnySceneImporter, ignoring
PluginManager::Manager: duplicate static plugin AnyImageImporter, ignoring
episode=57 instruction='Left, across the kitchen hallway. At a more open area, slightly right. Past the bedroom. Halt in the door of the second bedroom.' start_position=[12.461600303649902, 0.17162801325321198, -2.3902199268341064] goal_position=[0.3952139914035797, 0.17162801325321198, -5.582699775695801] reference_geodesic=12.97947883605957
episode=57 prepared_subgoals=3
  [1] Turn left until the across the kitchen hallway is centered ahead, then walk across the kitchen hallway
      proof: The end of the kitchen hallway is directly ahead and the open area is centered in the view.
  [2] Turn slightly right, then walk past the bedroom
      proof: The bedroom has been passed and the space beyond it fills the view.
  [3] Halt in the door of the second bedroom
      proof: The camera is stopped beside the second bedroom door, centered in the view
ep=57 s=0 4753ms [sel=0 cap=4186 rest=527] sg=1->1 mode=NONE win=1 obs=1 | cap=wip act=TURN request=-45deg execute=-15deg x1 a=2 | preview=view-/6 yaw=+0 render=41ms dtg=12.98 region=0_19
ep=57 s=1 2858ms [sel=0 cap=2749 rest=108] sg=1->1 mode=NONE win=2 obs=2 | cap=wip act=TURN request=-45deg execute=-15deg x1 a=2 dtg=12.98 region=0_19
ep=57 s=2 2742ms [sel=0 cap=2640 rest=102] sg=1->1 mode=NONE win=3 obs=3 | cap=wip act=TURN request=-45deg execute=-15deg x1 a=2 dtg=12.98 region=0_19
ep=57 s=3 2518ms [sel=0 cap=2416 rest=103] sg=1->1 mode=NONE win=4 obs=4 | cap=wip act=TURN request=-45deg execute=-15deg x1 a=2 dtg=12.98 region=0_19
ep=57 s=4 2509ms [sel=719 cap=1688 rest=102] sg=1->1 mode=NONE win=5 obs=5 | cap=wip act=(320,360) d=2.95 a=1 | sp=som:active d=3.0 age=0 som=3/8 dtg=12.73 region=0_19
ep=57 s=5 1928ms [sel=3 cap=1815 rest=110] sg=1->1 mode=NONE win=6 obs=6 | cap=wip act=(320,360) d=2.70 a=1 | sp=som:active d=2.7 age=1 dtg=12.48 region=0_19
ep=57 s=6 1771ms [sel=3 cap=1661 rest=107] sg=1->1 mode=NONE win=7 obs=7 | cap=wip act=(320,360) d=2.45 a=1 | sp=som:active d=2.5 age=2 dtg=12.23 region=0_19
ep=57 s=7 4971ms [sel=1001 cap=3860 rest=109] sg=1->2 mode=NONE win=8 obs=8 | cap=DONE act=(320,360) d=1.50 a=1 | sp=som:active d=1.5 age=0 som=5/8 dtg=11.98 region=0_19
ep=57 s=8 3515ms [sel=3 cap=3403 rest=109] sg=2->2 mode=NONE win=8 obs=9 | cap=wip act=(320,360) d=1.25 a=1 | sp=som:active d=1.3 age=1 dtg=11.73 region=0_19
ep=57 s=9 3065ms [sel=3 cap=2956 rest=106] sg=2->2 mode=NONE win=8 obs=10 | cap=wip act=(320,360) d=1.00 a=1 | sp=som:active d=1.0 age=2 dtg=11.48 region=0_19
ep=57 s=10 4391ms [sel=3 cap=4279 rest=109] sg=2->2 mode=NONE win=8 obs=11 | cap=wip act=(320,360) d=0.75 a=1 | sp=som:active d=0.8 age=3 dtg=11.23 region=0_10
ep=57 s=11 4537ms [sel=3 cap=4429 rest=105] sg=2->2 mode=NONE win=8 obs=12 | cap=wip act=(320,360) d=0.50 a=1 | sp=som:active d=0.5 age=4 dtg=10.98 region=0_10
ep=57 s=12 5229ms [sel=1008 cap=4115 rest=106] sg=2->2 mode=NONE win=8 obs=13 | cap=wip act=(320,360) d=1.76 a=1 | sp=som:active d=1.8 age=0 som=5/8 dtg=10.73 region=0_10
ep=57 s=13 3527ms [sel=3 cap=3416 rest=108] sg=2->2 mode=NONE win=8 obs=14 | cap=wip act=(320,360) d=1.51 a=1 | sp=som:active d=1.5 age=1 dtg=10.48 region=0_10
ep=57 s=14 3422ms [sel=4 cap=3309 rest=109] sg=2->2 mode=NONE win=8 obs=15 | cap=wip act=(320,360) d=1.26 a=1 | sp=som:active d=1.3 age=2 dtg=10.23 region=0_10
ep=57 s=15 5595ms [sel=3 cap=5492 rest=100] sg=2->2 mode=NONE win=8 obs=16 | cap=wip act=(320,360) d=1.01 a=1 | sp=som:active d=1.0 age=3 dtg=9.98 region=0_10
ep=57 s=16 4209ms [sel=3 cap=4103 rest=103] sg=2->2 mode=NONE win=8 obs=17 | cap=wip act=(320,360) d=0.76 a=1 | sp=som:active d=0.8 age=4 dtg=9.73 region=0_10
ep=57 s=17 4605ms [sel=3 cap=4493 rest=109] sg=2->2 mode=NONE win=8 obs=18 | cap=wip act=(320,360) d=0.52 a=3 | sp=som:active d=0.5 age=5 dtg=9.73 region=0_10
ep=57 s=18 3539ms [sel=4 cap=3426 rest=108] sg=2->2 mode=NONE win=8 obs=19 | cap=wip act=(320,360) d=0.52 a=1 | sp=som:active d=0.5 age=6 dtg=9.49 region=0_10
ep=57 s=19 5058ms [sel=2086 cap=2857 rest=116] sg=2->2 mode=NONE win=8 obs=20 | cap=wip act=(320,360) d=0.56 a=2 | sp=som:active d=0.6 age=0 som=4/8 dtg=9.49 region=0_10
ep=57 s=20 5629ms [sel=4 cap=5510 rest=114] sg=2->2 mode=NONE win=8 obs=21 | cap=wip act=(320,360) d=0.56 a=1 | sp=som:active d=0.6 age=1 dtg=9.24 region=0_10
ep=57 s=21 5307ms [sel=1638 cap=3158 rest=472] sg=2->2 mode=NONE win=8 obs=22 | cap=wip act=(320,360) d=2.11 a=1 | preview=view-/6 yaw=+0 render=38ms | sp=som:active d=2.1 age=0 som=4/8 dtg=8.99 region=0_10
ep=57 s=22 3495ms [sel=3 cap=3348 rest=144] sg=2->2 mode=NONE win=8 obs=23 | cap=wip act=(320,360) d=1.86 a=1 | sp=som:active d=1.9 age=1 dtg=8.74 region=0_10
ep=57 s=23 7123ms [sel=3 cap=7005 rest=115] sg=2->2 mode=NONE win=8 obs=24 | cap=wip act=(320,360) d=1.61 a=1 | sp=som:active d=1.6 age=2 dtg=8.49 region=0_10
ep=57 s=24 5978ms [sel=3 cap=5858 rest=116] sg=2->2 mode=NONE win=8 obs=25 | cap=wip act=(320,360) d=1.36 a=1 | sp=som:active d=1.4 age=3 dtg=8.24 region=0_10
ep=57 s=25 4810ms [sel=3 cap=4694 rest=113] sg=2->2 mode=NONE win=8 obs=26 | cap=wip act=(320,360) d=1.11 a=1 | sp=som:active d=1.1 age=4 dtg=7.99 region=0_10
ep=57 s=26 5429ms [sel=4 cap=5312 rest=114] sg=2->2 mode=NONE win=8 obs=27 | cap=wip act=(320,360) d=0.86 a=1 | sp=som:active d=0.9 age=5 dtg=7.74 region=0_10
ep=57 s=27 6061ms [sel=3 cap=5946 rest=112] sg=2->2 mode=NONE win=8 obs=28 | cap=wip act=(320,360) d=0.61 a=1 | sp=som:active d=0.6 age=6 dtg=7.49 region=0_10
ep=57 s=28 4560ms [sel=1229 cap=3220 rest=111] sg=2->2 mode=NONE win=8 obs=29 | cap=wip act=(320,360) d=1.56 a=1 | sp=som:active d=1.6 age=0 som=5/8 dtg=7.25 region=0_10
ep=57 s=29 6690ms [sel=3 cap=6566 rest=121] sg=2->2 mode=NONE win=8 obs=30 | cap=wip act=(320,360) d=1.31 a=1 | sp=som:active d=1.3 age=1 dtg=7.00 region=0_18
ep=57 s=30 6337ms [sel=5 cap=6221 rest=111] sg=2->2 mode=NONE win=8 obs=31 | cap=wip act=(320,360) d=1.06 a=1 | sp=som:active d=1.1 age=2 dtg=6.75 region=0_18
ep=57 s=31 4674ms [sel=3 cap=4563 rest=108] sg=2->2 mode=NONE win=8 obs=32 | cap=wip act=(320,360) d=0.81 a=1 | sp=som:active d=0.8 age=3 dtg=6.50 region=0_18
ep=57 s=32 4351ms [sel=3 cap=4246 rest=102] sg=2->2 mode=NONE win=8 obs=33 | cap=wip act=(320,360) d=0.56 a=1 | sp=som:active d=0.6 age=4 dtg=6.26 region=0_18
ep=57 s=33 6307ms [sel=2471 cap=3732 rest=104] sg=2->2 mode=NONE win=8 obs=34 | cap=wip act=(320,360) d=2.93 a=1 | sp=som:active d=2.9 age=0 som=3/8 dtg=6.01 region=0_18
ep=57 s=34 8077ms [sel=9 cap=7962 rest=107] sg=2->2 mode=NONE win=8 obs=35 | cap=wip act=(320,360) d=2.68 a=1 | sp=som:active d=2.7 age=1 dtg=5.77 region=0_18
ep=57 s=35 4313ms [sel=11 cap=4200 rest=103] sg=2->2 mode=NONE win=8 obs=36 | cap=wip act=(320,360) d=2.43 a=1 | sp=som:active d=2.4 age=2 dtg=5.54 region=0_18
ep=57 s=36 2607ms [sel=17 cap=2500 rest=89] sg=2->2 mode=NONE win=8 obs=37 | cap=wip act=(320,360) d=2.18 a=1 | sp=som:active d=2.2 age=3 dtg=5.34 region=0_18
ep=57 s=37 6078ms [sel=11 cap=5976 rest=91] sg=2->2 mode=NONE win=8 obs=38 | cap=wip act=(320,360) d=1.93 a=2 | sp=som:active d=1.9 age=4 dtg=5.34 region=0_18
ep=57 s=38 4763ms [sel=14 cap=4654 rest=95] sg=2->2 mode=NONE win=8 obs=39 | cap=wip act=(320,360) d=1.93 a=1 | sp=som:active d=1.9 age=5 dtg=5.18 region=0_18
ep=57 s=39 11792ms [sel=3007 cap=8690 rest=95] sg=2->3 mode=NONE win=8 obs=40 | cap=DONE act=(320,360) d=2.08 a=2 | sp=som:active d=2.1 age=0 som=4/8 dtg=5.18 region=0_18
ep=57 s=40 8372ms [sel=11 cap=8263 rest=98] sg=3->3 mode=NONE win=8 obs=41 | cap=wip act=(320,360) d=2.08 a=2 | sp=som:active d=2.1 age=1 dtg=5.18 region=0_18
ep=57 s=41 13407ms [sel=11 cap=12848 rest=508] sg=3->3 mode=NONE win=8 obs=42 | cap=wip act=(320,360) d=2.08 a=1 | preview=view-/6 yaw=+0 render=39ms | sp=som:active d=2.1 age=2 dtg=5.18 region=0_18
ep=57 s=42 7995ms [sel=5 cap=7902 rest=88] sg=3->3 mode=NONE win=8 obs=43 | cap=wip act=(320,360) d=1.89 a=1 | sp=som:active d=1.9 age=3 dtg=5.22 region=0_18
ep=57 s=43 10242ms [sel=6 cap=10149 rest=87] sg=3->3 mode=NONE win=8 obs=44 | cap=wip act=(320,360) d=1.72 a=1 | sp=som:active d=1.7 age=4 dtg=5.31 region=0_18
ep=57 s=44 14314ms [sel=6 cap=13836 rest=436] sg=3->3 mode=NONE win=8 obs=45 | cap=wip act=(320,360) d=1.56 a=2 | preview=view-/6 yaw=+0 render=35ms | sp=som:active d=1.6 age=5 dtg=5.31 region=0_18
ep=57 s=45 8808ms [sel=4 cap=8725 rest=79] sg=3->3 mode=NONE win=8 obs=46 | cap=wip act=(320,360) d=1.56 a=2 | sp=som:active d=1.6 age=6 dtg=5.31 region=0_18
ep=57 s=46 10248ms [sel=5 cap=10162 rest=82] sg=3->3 mode=NONE win=8 obs=47 | cap=wip act=(320,360) d=1.56 a=1 | sp=som:active d=1.6 age=7 dtg=5.53 region=0_18
ep=57 s=47 15070ms [sel=4 cap=14586 rest=428] sg=3->3 mode=NONE win=8 obs=48 | cap=wip act=(320,360) d=1.56 a=1 | preview=view-/6 yaw=+0 render=52ms | sp=som:active d=1.6 age=8 dtg=5.75 region=0_18
ep=57 s=48 7763ms [sel=4 cap=7676 rest=83] sg=3->3 mode=NONE win=8 obs=49 | cap=wip act=(320,360) d=1.60 a=1 | sp=som:active d=1.6 age=9 dtg=5.99 region=0_18
ep=57 s=49 5810ms [sel=5 cap=5723 rest=82] sg=3->3 mode=NONE win=8 obs=50 | cap=wip act=(320,360) d=1.68 a=1 | sp=som:active d=1.7 age=10 dtg=6.22 region=0_18
ep=57 s=50 12507ms [sel=5 cap=12041 rest=424] sg=3->3 mode=NONE win=8 obs=51 | cap=wip act=(320,360) d=1.78 a=1 | preview=view-/6 yaw=+0 render=36ms | sp=som:active d=1.8 age=11 dtg=6.46 region=0_17
ep=57 s=51 4726ms [sel=7 cap=4642 rest=77] sg=3->3 mode=NONE win=8 obs=52 | cap=wip act=(320,360) d=1.92 a=3 | sp=som:active d=1.9 age=12 dtg=6.46 region=0_17
ep=57 s=52 4419ms [sel=5 cap=4333 rest=81] sg=3->3 mode=NONE win=8 obs=53 | cap=wip act=(320,360) d=1.92 a=3 | sp=som:active d=1.9 age=13 dtg=6.46 region=0_17
ep=57 s=53 11143ms [sel=45 cap=10617 rest=443] sg=3->3 mode=NONE win=8 obs=54 | cap=wip act=(320,360) d=1.92 a=3 | preview=view-/6 yaw=+0 render=37ms | sp=som:active d=1.9 age=14 dtg=6.46 region=0_17
ep=57 s=54 7015ms [sel=44 cap=6878 rest=93] sg=3->3 mode=NONE win=8 obs=55 | cap=wip act=(320,360) d=1.92 a=3 | sp=som:active d=1.9 age=15 dtg=6.46 region=0_17
ep=57 s=55 3089ms [sel=48 cap=2944 rest=97] sg=3->3 mode=NONE win=8 obs=56 | cap=wip act=(320,360) d=1.92 a=3 | sp=som:active d=1.9 age=16 dtg=6.46 region=0_17
ep=57 s=56 10046ms [sel=282 cap=9283 rest=434] sg=3->None mode=NONE win=8 obs=57 | cap=DONE act=(320,360) d=1.00 a=1 | preview=view-/6 yaw=+0 render=46ms | sp=som:active d=1.9 age=17 door_evts=3 dtg=6.54 region=0_17
ep=57 s=57 95ms [sel=4 cap=0 rest=91] sg=None->None mode=NONE win=8 obs=58 | cap=- act=(320,360) d=1.00 a=1 | sp=som:active d=1.8 age=18 door_evts=3 dtg=6.77 region=0_17
ep=57 s=58 100ms [sel=5 cap=0 rest=95] sg=None->None mode=NONE win=8 obs=59 | cap=- act=(320,360) d=1.00 a=1 | sp=som:active d=1.6 age=19 door_evts=3 dtg=7.01 region=0_2
ep=57 s=59 99ms [sel=0 cap=0 rest=99] sg=None->None mode=NONE win=8 obs=60 | cap=- act=STOP | sp=som:active d=1.6 age=20 door_evts=3 dtg=7.01 region=0_2
rank=1 [1/17] id=57 steps=60 success=0.000 spl=0.000 dtg=7.01 osr=0 path_length=10.75 ndtw=0.691 sdtw=0.000
PluginManager::Manager: duplicate static plugin StbImageImporter, ignoring
PluginManager::Manager: duplicate static plugin GltfImporter, ignoring
PluginManager::Manager: duplicate static plugin BasisImporter, ignoring
PluginManager::Manager: duplicate static plugin AssimpImporter, ignoring
PluginManager::Manager: duplicate static plugin AnySceneImporter, ignoring
PluginManager::Manager: duplicate static plugin AnyImageImporter, ignoring
episode=121 instruction='Straight into the kitchen. Left, out of the kitchen. Stop.' start_position=[4.5617899894714355, 0.12711000442504883, -1.0535999536514282] goal_position=[8.163310050964355, 0.12711000442504883, 0.9483100175857544] reference_geodesic=4.820854187011719
episode=121 prepared_subgoals=3
  [1] Go straight into the kitchen
      proof: The camera has crossed the threshold into the kitchen and its interior is central in the view; the camera has not yet turned left.
  [2] Turn left at the kitchen doorway, then walk out of the kitchen
      proof: The camera has passed the kitchen exit and the area beyond it fills the view.
  [3] Stop beside the exit
      proof: The camera is stationary beside the kitchen exit and the exit is directly ahead
ep=121 s=0 15542ms [sel=5847 cap=9222 rest=435] sg=1->1 mode=NONE win=1 obs=1 | cap=wip act=(320,360) d=2.69 a=1 | preview=view-/6 yaw=+0 render=38ms | sp=som:active d=2.7 age=0 som=3/7 dtg=4.58 region=0_9
ep=121 s=1 2649ms [sel=3 cap=2543 rest=103] sg=1->1 mode=NONE win=2 obs=2 | cap=wip act=(320,360) d=2.45 a=1 | sp=som:active d=2.5 age=1 dtg=4.34 region=0_9
ep=121 s=2 6936ms [sel=4 cap=6810 rest=123] sg=1->1 mode=NONE win=3 obs=3 | cap=wip act=(320,360) d=2.22 a=1 | sp=som:active d=2.2 age=2 dtg=4.10 region=0_9
ep=121 s=3 4658ms [sel=0 cap=4547 rest=111] sg=1->2 mode=NONE win=4 obs=4 | cap=DONE act=TURN request=-45deg execute=-15deg x1 a=2 | sp=som:active d=2.0 age=3 dtg=4.10 region=0_9
ep=121 s=4 5715ms [sel=0 cap=5607 rest=108] sg=2->2 mode=NONE win=5 obs=5 | cap=wip act=TURN request=-45deg execute=-15deg x1 a=2 dtg=4.10 region=0_9
ep=121 s=5 3482ms [sel=0 cap=3372 rest=110] sg=2->2 mode=NONE win=6 obs=6 | cap=wip act=TURN request=-45deg execute=-15deg x1 a=2 dtg=4.10 region=0_9
ep=121 s=6 7471ms [sel=0 cap=7374 rest=97] sg=2->2 mode=NONE win=7 obs=7 | cap=wip act=TURN request=-45deg execute=-15deg x1 a=2 dtg=4.10 region=0_9
ep=121 s=7 6917ms [sel=0 cap=6820 rest=97] sg=2->2 mode=NONE win=8 obs=8 | cap=wip act=TURN request=-45deg execute=-15deg x1 a=2 dtg=4.10 region=0_9
ep=121 s=8 7506ms [sel=969 cap=6453 rest=84] sg=2->2 mode=NONE win=8 obs=9 | cap=wip act=(320,360) d=2.10 a=2 | sp=frontier:active d=2.1 age=0 som=L/6 dtg=4.10 region=0_9
ep=121 s=9 3960ms [sel=11 cap=3878 rest=70] sg=2->2 mode=NONE win=8 obs=10 | cap=wip act=(320,360) d=2.10 a=2 | sp=frontier:active d=2.1 age=1 dtg=4.10 region=0_9
ep=121 s=10 2852ms [sel=10 cap=2762 rest=80] sg=2->2 mode=NONE win=8 obs=11 | cap=wip act=(320,360) d=2.10 a=2 | sp=frontier:active d=2.1 age=2 dtg=4.10 region=0_9
ep=121 s=11 5292ms [sel=10 cap=5198 rest=84] sg=2->2 mode=NONE win=8 obs=12 | cap=wip act=(320,360) d=2.10 a=2 | sp=frontier:active d=2.1 age=3 dtg=4.10 region=0_9
ep=121 s=12 5215ms [sel=5 cap=5116 rest=94] sg=2->2 mode=NONE win=8 obs=13 | cap=wip act=(320,360) d=2.10 a=2 | sp=frontier:active d=2.1 age=4 dtg=4.10 region=0_9
ep=121 s=13 7216ms [sel=3 cap=7124 rest=89] sg=2->2 mode=NONE win=8 obs=14 | cap=wip act=(320,360) d=2.10 a=2 | sp=frontier:active d=2.1 age=5 dtg=4.10 region=0_9
ep=121 s=14 5508ms [sel=3 cap=5415 rest=90] sg=2->2 mode=NONE win=8 obs=15 | cap=wip act=(320,360) d=2.10 a=1 | sp=frontier:active d=2.1 age=6 dtg=4.31 region=0_9
ep=121 s=15 8371ms [sel=3 cap=8276 rest=91] sg=2->2 mode=NONE win=8 obs=16 | cap=wip act=(320,360) d=1.86 a=2 | sp=frontier:active d=1.9 age=7 dtg=4.31 region=0_9
ep=121 s=16 7413ms [sel=3 cap=7317 rest=93] sg=2->2 mode=NONE win=8 obs=17 | cap=wip act=(320,360) d=1.86 a=1 | sp=frontier:active d=1.9 age=8 dtg=4.55 region=0_9
ep=121 s=17 5891ms [sel=21 cap=5404 rest=428] sg=2->2 mode=NONE win=8 obs=18 | cap=wip act=(160,180) d=3.31 a=1 | preview=view3/6 yaw=+0 render=39ms | sp=preview:active d=3.3 age=0 dtg=4.80 region=0_9
ep=121 s=18 2378ms [sel=3 cap=2284 rest=91] sg=2->2 mode=NONE win=8 obs=19 | cap=wip act=(320,360) d=3.06 a=1 | sp=preview:active d=3.1 age=1 dtg=5.05 region=0_9
ep=121 s=19 4060ms [sel=3 cap=3962 rest=96] sg=2->2 mode=NONE win=8 obs=20 | cap=wip act=(320,360) d=2.81 a=1 | sp=preview:active d=2.8 age=2 dtg=5.30 region=0_9
ep=121 s=20 5774ms [sel=4 cap=5681 rest=90] sg=2->2 mode=NONE win=8 obs=21 | cap=wip act=(320,360) d=2.56 a=1 | sp=preview:active d=2.6 age=3 dtg=5.54 region=0_9
ep=121 s=21 7914ms [sel=3 cap=7819 rest=92] sg=2->2 mode=NONE win=8 obs=22 | cap=wip act=(320,360) d=2.31 a=1 | sp=preview:active d=2.3 age=4 dtg=5.79 region=0_9
ep=121 s=22 4378ms [sel=3 cap=4280 rest=95] sg=2->2 mode=NONE win=8 obs=23 | cap=wip act=(320,360) d=2.06 a=1 | sp=preview:active d=2.1 age=5 dtg=6.04 region=0_9
ep=121 s=23 4561ms [sel=8 cap=4107 rest=408] sg=2->2 mode=NONE win=8 obs=24 | cap=wip act=(160,180) d=1.81 a=1 | preview=view3/6 yaw=+0 render=37ms | sp=preview:active d=1.8 age=6 dtg=6.29 region=0_9
ep=121 s=24 2428ms [sel=3 cap=2335 rest=90] sg=2->2 mode=NONE win=8 obs=25 | cap=wip act=(320,360) d=1.56 a=1 | sp=preview:active d=1.6 age=7 dtg=6.54 region=0_9
ep=121 s=25 5707ms [sel=3 cap=5618 rest=87] sg=2->2 mode=NONE win=8 obs=26 | cap=wip act=(320,360) d=1.31 a=1 | sp=preview:active d=1.3 age=8 dtg=6.79 region=0_9
ep=121 s=26 6737ms [sel=3 cap=6645 rest=89] sg=2->2 mode=NONE win=8 obs=27 | cap=wip act=(320,360) d=1.06 a=1 | sp=preview:active d=1.1 age=9 dtg=7.04 region=0_9
ep=121 s=27 9554ms [sel=3 cap=9461 rest=90] sg=2->2 mode=NONE win=8 obs=28 | cap=wip act=(320,360) d=0.82 a=1 | sp=preview:active d=0.8 age=10 dtg=7.29 region=0_9
ep=121 s=28 8026ms [sel=3 cap=7930 rest=93] sg=2->2 mode=NONE win=8 obs=29 | cap=wip act=(320,360) d=0.57 a=1 | sp=preview:active d=0.6 age=11 dtg=7.54 region=0_9
ep=121 s=29 8871ms [sel=3465 cap=5306 rest=100] sg=2->2 mode=NONE win=8 obs=30 | cap=wip act=(320,360) d=3.12 a=1 | sp=som:active d=3.1 age=0 som=3/7 dtg=7.79 region=0_9
ep=121 s=30 3769ms [sel=4 cap=3657 rest=108] sg=2->2 mode=NONE win=8 obs=31 | cap=wip act=(320,360) d=2.88 a=1 | sp=som:active d=2.9 age=1 dtg=8.04 region=0_9
ep=121 s=31 6537ms [sel=3 cap=6421 rest=113] sg=2->2 mode=NONE win=8 obs=32 | cap=wip act=(320,360) d=2.63 a=1 | sp=som:active d=2.6 age=2 dtg=8.29 region=0_9
ep=121 s=32 10873ms [sel=3780 cap=6989 rest=104] sg=2->3 mode=NONE win=8 obs=33 | cap=DONE act=(320,360) d=2.96 a=1 | sp=som:active d=3.0 age=0 som=4/7 dtg=8.54 region=0_9
ep=121 s=33 3596ms [sel=3 cap=3488 rest=104] sg=3->3 mode=NONE win=8 obs=34 | cap=wip act=(320,360) d=2.71 a=1 | sp=som:active d=2.7 age=1 dtg=8.79 region=0_9
ep=121 s=34 4154ms [sel=3 cap=4055 rest=97] sg=3->3 mode=NONE win=8 obs=35 | cap=wip act=(320,360) d=2.46 a=1 | sp=som:active d=2.5 age=2 dtg=9.04 region=0_9
ep=121 s=35 10391ms [sel=3 cap=9919 rest=433] sg=3->3 mode=NONE win=8 obs=36 | cap=wip act=(320,360) d=2.21 a=1 | preview=view-/6 yaw=+0 render=35ms | sp=som:active d=2.2 age=3 dtg=9.29 region=0_9
ep=121 s=36 8719ms [sel=3 cap=8613 rest=104] sg=3->3 mode=NONE win=8 obs=37 | cap=wip act=(320,360) d=1.96 a=1 | sp=som:active d=2.0 age=4 dtg=9.54 region=0_9
ep=121 s=37 7625ms [sel=3 cap=7516 rest=106] sg=3->3 mode=NONE win=8 obs=38 | cap=wip act=(320,360) d=1.71 a=1 | sp=som:active d=1.7 age=5 dtg=9.79 region=0_9
ep=121 s=38 13011ms [sel=3 cap=12571 rest=401] sg=3->3 mode=NONE win=8 obs=39 | cap=wip act=(320,360) d=1.46 a=1 | preview=view-/6 yaw=+0 render=36ms | sp=som:active d=1.5 age=6 dtg=10.04 region=0_9
ep=121 s=39 15622ms [sel=3 cap=15521 rest=98] sg=3->3 mode=NONE win=8 obs=40 | cap=wip act=(320,360) d=1.21 a=1 | sp=som:active d=1.2 age=7 dtg=10.29 region=0_9
ep=121 s=40 17653ms [sel=4 cap=17550 rest=98] sg=3->3 mode=NONE win=8 obs=41 | cap=wip act=(320,360) d=0.96 a=1 | sp=som:active d=1.0 age=8 dtg=10.54 region=0_9
ep=121 s=41 23762ms [sel=3 cap=23249 rest=471] sg=3->3 mode=NONE win=8 obs=42 | cap=wip act=(320,360) d=0.71 a=1 | preview=view-/6 yaw=+0 render=38ms | sp=som:active d=0.7 age=9 dtg=10.79 region=0_9
ep=121 s=42 10482ms [sel=1451 cap=8925 rest=106] sg=3->3 mode=NONE win=8 obs=43 | cap=wip act=(320,360) d=2.20 a=1 | sp=som:active d=2.2 age=0 som=2/6 dtg=11.04 region=0_9
ep=121 s=43 5930ms [sel=3 cap=5823 rest=104] sg=3->3 mode=NONE win=8 obs=44 | cap=wip act=(320,360) d=1.95 a=1 | sp=som:active d=2.0 age=1 dtg=11.29 region=0_9
ep=121 s=44 11471ms [sel=5 cap=10989 rest=441] sg=3->None mode=NONE win=8 obs=45 | cap=DONE act=(320,360) d=1.00 a=1 | preview=view-/6 yaw=+0 render=36ms | sp=som:active d=1.7 age=2 door_evts=3 dtg=11.54 region=0_9
ep=121 s=45 104ms [sel=4 cap=0 rest=100] sg=None->None mode=NONE win=8 obs=46 | cap=- act=(320,360) d=1.00 a=1 | sp=som:active d=1.5 age=3 door_evts=3 dtg=11.79 region=0_9
ep=121 s=46 104ms [sel=6 cap=0 rest=98] sg=None->None mode=NONE win=8 obs=47 | cap=- act=(320,360) d=1.00 a=1 | sp=som:active d=1.2 age=4 door_evts=3 dtg=12.04 region=0_9
ep=121 s=47 95ms [sel=0 cap=0 rest=94] sg=None->None mode=NONE win=8 obs=48 | cap=- act=STOP | sp=som:active d=1.0 age=5 door_evts=3 dtg=12.04 region=0_9
rank=1 [2/17] id=121 steps=48 success=0.000 spl=0.000 dtg=12.04 osr=0 path_length=8.75 ndtw=0.097 sdtw=0.000
PluginManager::Manager: duplicate static plugin StbImageImporter, ignoring
PluginManager::Manager: duplicate static plugin GltfImporter, ignoring
PluginManager::Manager: duplicate static plugin BasisImporter, ignoring
PluginManager::Manager: duplicate static plugin AssimpImporter, ignoring
PluginManager::Manager: duplicate static plugin AnySceneImporter, ignoring
PluginManager::Manager: duplicate static plugin AnyImageImporter, ignoring
episode=146 instruction='Behind the couches, past the hanging wall clock, into the next room. Down the hallway, past the shelf of decorations under a mirror. Turn the corner. Past the hanging art piece that looks like an eye exam test.' start_position=[10.112000465393066, 0.17162801325321198, -0.19209399819374084] goal_position=[3.9526500701904297, 0.17162801325321198, -2.1764400005340576] reference_geodesic=7.243781566619873
episode=146 prepared_subgoals=6
  [1] Walk behind the couches
      proof: The couches are directly behind the camera and the space beyond them is visible.
  [2] Walk past the hanging wall clock
      proof: The wall clock is directly ahead of the camera and the camera has passed it.
  [3] Enter the next room
      proof: The camera has crossed the threshold and the next room fills the view.
  [4] Walk down the hallway
      proof: The hallway stretches ahead and the shelf of decorations under the mirror is visible.
  [5] Walk past the shelf of decorations under a mirror
      proof: The shelf and mirror are directly ahead and the camera has passed them.
  [6] Turn the corner, then walk past the hanging art piece that looks like an eye exam test
      proof: The art piece is directly ahead and the camera has passed it
ep=146 s=0 9357ms [sel=6 cap=8829 rest=486] sg=1->1 mode=NONE win=1 obs=1 | cap=wip act=PREVIEW a=2 | preview=view0/6 yaw=-90 render=37ms dtg=7.24 region=0_17
ep=146 s=1 7435ms [sel=1164 cap=6175 rest=97] sg=1->1 mode=NONE win=2 obs=2 | cap=wip act=(320,360) d=1.66 a=2 | sp=som:active d=1.7 age=0 som=3/8 dtg=7.24 region=0_17
ep=146 s=2 2793ms [sel=4 cap=2693 rest=97] sg=1->1 mode=NONE win=3 obs=3 | cap=wip act=(320,360) d=1.66 a=2 | sp=som:active d=1.7 age=1 dtg=7.24 region=0_17
ep=146 s=3 3229ms [sel=3 cap=3137 rest=90] sg=1->1 mode=NONE win=4 obs=4 | cap=wip act=(320,360) d=1.66 a=2 | sp=som:active d=1.7 age=2 dtg=7.24 region=0_17
ep=146 s=4 4021ms [sel=3 cap=3928 rest=89] sg=1->1 mode=NONE win=5 obs=5 | cap=wip act=(320,360) d=1.66 a=1 | sp=som:active d=1.7 age=3 dtg=6.99 region=0_17
ep=146 s=5 2046ms [sel=4 cap=1952 rest=90] sg=1->1 mode=NONE win=6 obs=6 | cap=wip act=(320,360) d=1.41 a=1 | sp=som:active d=1.4 age=4 dtg=6.75 region=0_17
ep=146 s=6 5129ms [sel=3 cap=5039 rest=87] sg=1->1 mode=NONE win=7 obs=7 | cap=wip act=(320,360) d=1.16 a=1 | sp=som:active d=1.2 age=5 dtg=6.50 region=0_17
ep=146 s=7 4687ms [sel=3 cap=4596 rest=88] sg=1->1 mode=NONE win=8 obs=8 | cap=wip act=(320,360) d=0.91 a=1 | sp=som:active d=0.9 age=6 dtg=6.25 region=0_17
ep=146 s=8 3056ms [sel=3 cap=2965 rest=88] sg=1->1 mode=NONE win=8 obs=9 | cap=wip act=(320,360) d=0.67 a=1 | sp=som:active d=0.7 age=7 dtg=6.00 region=0_17
ep=146 s=9 5165ms [sel=1244 cap=3828 rest=92] sg=1->1 mode=NONE win=8 obs=10 | cap=wip act=(320,360) d=3.00 a=1 | sp=som:active d=3.0 age=0 som=5/7 dtg=5.75 region=0_17
ep=146 s=10 7497ms [sel=3 cap=7398 rest=96] sg=1->1 mode=NONE win=8 obs=11 | cap=wip act=(320,360) d=2.75 a=1 | sp=som:active d=2.8 age=1 dtg=5.50 region=0_17
ep=146 s=11 7903ms [sel=29 cap=7390 rest=450] sg=1->1 mode=NONE win=8 obs=12 | cap=wip act=(160,180) d=3.40 a=1 | preview=view3/6 yaw=+0 render=35ms | sp=preview:active d=3.4 age=0 dtg=5.25 region=0_17
ep=146 s=12 4255ms [sel=4 cap=4149 rest=103] sg=1->1 mode=NONE win=8 obs=13 | cap=wip act=(320,360) d=3.15 a=1 | sp=preview:active d=3.2 age=1 dtg=5.01 region=0_17
ep=146 s=13 8712ms [sel=3 cap=8610 rest=99] sg=1->1 mode=NONE win=8 obs=14 | cap=wip act=(320,360) d=2.90 a=1 | sp=preview:active d=2.9 age=2 dtg=4.76 region=0_17
ep=146 s=14 5818ms [sel=3 cap=5712 rest=103] sg=1->1 mode=NONE win=8 obs=15 | cap=wip act=(320,360) d=2.65 a=1 | sp=preview:active d=2.7 age=3 dtg=4.51 region=0_17
ep=146 s=15 9433ms [sel=3 cap=9327 rest=103] sg=1->1 mode=NONE win=8 obs=16 | cap=wip act=(320,360) d=2.40 a=1 | sp=preview:active d=2.4 age=4 dtg=4.27 region=0_17
ep=146 s=16 5213ms [sel=3 cap=5109 rest=102] sg=1->1 mode=NONE win=8 obs=17 | cap=wip act=(320,360) d=2.15 a=1 | sp=preview:active d=2.2 age=5 dtg=4.02 region=0_17
ep=146 s=17 11983ms [sel=3 cap=11874 rest=105] sg=1->1 mode=NONE win=8 obs=18 | cap=wip act=(320,360) d=1.90 a=1 | sp=preview:active d=1.9 age=6 dtg=3.78 region=0_17
ep=146 s=18 5868ms [sel=3 cap=5752 rest=114] sg=1->1 mode=NONE win=8 obs=19 | cap=wip act=(320,360) d=1.65 a=1 | sp=preview:active d=1.7 age=7 dtg=3.53 region=0_17
ep=146 s=19 6388ms [sel=3 cap=6287 rest=98] sg=1->1 mode=NONE win=8 obs=20 | cap=wip act=(320,360) d=1.40 a=1 | sp=preview:active d=1.4 age=8 dtg=3.29 region=0_17
ep=146 s=20 6452ms [sel=3 cap=6354 rest=94] sg=1->1 mode=NONE win=8 obs=21 | cap=wip act=(320,360) d=1.15 a=1 | sp=preview:active d=1.2 age=9 dtg=3.05 region=0_17
ep=146 s=21 3371ms [sel=3 cap=3278 rest=91] sg=1->1 mode=NONE win=8 obs=22 | cap=wip act=(320,360) d=0.90 a=1 | sp=preview:active d=0.9 age=10 dtg=2.82 region=0_17
ep=146 s=22 4747ms [sel=3 cap=4654 rest=90] sg=1->1 mode=NONE win=8 obs=23 | cap=wip act=(320,360) d=0.65 a=1 | sp=preview:active d=0.7 age=11 dtg=2.60 region=0_17
ep=146 s=23 6282ms [sel=1830 cap=4368 rest=84] sg=1->1 mode=NONE win=8 obs=24 | cap=wip act=(320,360) d=3.00 a=1 | sp=som:active d=3.0 age=0 som=3/7 dtg=2.39 region=0_17
ep=146 s=24 4866ms [sel=4 cap=4776 rest=86] sg=1->1 mode=NONE win=8 obs=25 | cap=wip act=(320,360) d=2.75 a=1 | sp=som:active d=2.8 age=1 dtg=2.21 region=0_17
ep=146 s=25 3471ms [sel=3 cap=3388 rest=80] sg=1->1 mode=NONE win=8 obs=26 | cap=wip act=(320,360) d=2.50 a=1 | sp=som:active d=2.5 age=2 dtg=2.09 region=0_17
ep=146 s=26 5157ms [sel=3 cap=5074 rest=80] sg=1->1 mode=NONE win=8 obs=27 | cap=wip act=(320,360) d=2.25 a=1 | sp=som:active d=2.3 age=3 dtg=2.03 region=0_17
ep=146 s=27 4962ms [sel=3 cap=4878 rest=81] sg=1->1 mode=NONE win=8 obs=28 | cap=wip act=(320,360) d=2.00 a=1 | sp=som:active d=2.0 age=4 dtg=1.99 region=0_17
ep=146 s=28 5752ms [sel=8 cap=5255 rest=455] sg=1->1 mode=NONE win=8 obs=29 | cap=wip act=(160,180) d=1.75 a=1 | preview=view3/6 yaw=+0 render=35ms | sp=som:active d=1.8 age=5 dtg=1.99 region=0_17
ep=146 s=29 4185ms [sel=3 cap=4096 rest=86] sg=1->1 mode=NONE win=8 obs=30 | cap=wip act=(320,360) d=1.50 a=1 | sp=som:active d=1.5 age=6 dtg=2.01 region=0_17
ep=146 s=30 4837ms [sel=3 cap=4747 rest=88] sg=1->1 mode=NONE win=8 obs=31 | cap=wip act=(320,360) d=1.25 a=1 | sp=som:active d=1.3 age=7 dtg=2.07 region=0_17
ep=146 s=31 5466ms [sel=3 cap=5376 rest=87] sg=1->1 mode=NONE win=8 obs=32 | cap=wip act=(320,360) d=1.00 a=1 | sp=som:active d=1.0 age=8 dtg=2.18 region=0_17
ep=146 s=32 5950ms [sel=3 cap=5855 rest=92] sg=1->1 mode=NONE win=8 obs=33 | cap=wip act=(320,360) d=0.75 a=1 | sp=som:active d=0.8 age=9 dtg=2.35 region=0_2
ep=146 s=33 3170ms [sel=3 cap=3070 rest=97] sg=1->1 mode=NONE win=8 obs=34 | cap=wip act=(320,360) d=0.50 a=1 | sp=som:active d=0.5 age=10 dtg=2.55 region=0_2
ep=146 s=34 5436ms [sel=2170 cap=3163 rest=103] sg=1->1 mode=NONE win=8 obs=35 | cap=wip act=(320,360) d=2.96 a=1 | sp=som:active d=3.0 age=0 som=3/7 dtg=2.77 region=0_2
ep=146 s=35 2635ms [sel=4 cap=2518 rest=112] sg=1->1 mode=NONE win=8 obs=36 | cap=wip act=(320,360) d=2.71 a=1 | sp=som:active d=2.7 age=1 dtg=3.00 region=0_2
ep=146 s=36 5985ms [sel=3 cap=5874 rest=108] sg=1->1 mode=NONE win=8 obs=37 | cap=wip act=(320,360) d=2.46 a=1 | sp=som:active d=2.5 age=2 dtg=3.23 region=0_2
ep=146 s=37 6952ms [sel=3 cap=6840 rest=110] sg=1->1 mode=NONE win=8 obs=38 | cap=wip act=(320,360) d=2.21 a=1 | sp=som:active d=2.2 age=3 dtg=3.47 region=0_2
ep=146 s=38 4140ms [sel=3 cap=4030 rest=107] sg=1->1 mode=NONE win=8 obs=39 | cap=wip act=(320,360) d=1.97 a=1 | sp=som:active d=2.0 age=4 dtg=3.71 region=0_2
ep=146 s=39 12820ms [sel=3 cap=12712 rest=106] sg=1->1 mode=NONE win=8 obs=40 | cap=wip act=(320,360) d=1.72 a=1 | sp=som:active d=1.7 age=5 dtg=3.96 region=0_2
ep=146 s=40 8733ms [sel=1356 cap=7275 rest=102] sg=1->2 mode=NONE win=8 obs=41 | cap=DONE act=(320,360) d=2.08 a=1 | sp=som:active d=2.1 age=0 som=3/6 dtg=4.20 region=0_2
ep=146 s=41 3511ms [sel=3 cap=3412 rest=95] sg=2->2 mode=NONE win=8 obs=42 | cap=wip act=(320,360) d=1.83 a=1 | sp=som:active d=1.8 age=1 dtg=4.45 region=0_2
ep=146 s=42 7500ms [sel=4 cap=7398 rest=98] sg=2->2 mode=NONE win=8 obs=43 | cap=wip act=(320,360) d=1.59 a=1 | sp=som:active d=1.6 age=2 dtg=4.69 region=0_2
ep=146 s=43 5158ms [sel=3 cap=5053 rest=102] sg=2->2 mode=NONE win=8 obs=44 | cap=wip act=(320,360) d=1.35 a=1 | sp=som:active d=1.3 age=3 dtg=4.94 region=0_2
ep=146 s=44 5915ms [sel=4 cap=5809 rest=102] sg=2->2 mode=NONE win=8 obs=45 | cap=wip act=(320,360) d=1.11 a=3 | sp=som:active d=1.1 age=4 dtg=4.94 region=0_2
ep=146 s=45 5862ms [sel=4 cap=5749 rest=110] sg=2->2 mode=NONE win=8 obs=46 | cap=wip act=(320,360) d=1.11 a=1 | sp=som:active d=1.1 age=5 dtg=5.17 region=0_2
ep=146 s=46 4823ms [sel=3 cap=4710 rest=110] sg=2->2 mode=NONE win=8 obs=47 | cap=wip act=(320,360) d=0.86 a=1 | sp=som:active d=0.9 age=6 dtg=5.41 region=0_2
ep=146 s=47 6102ms [sel=3 cap=5987 rest=112] sg=2->2 mode=NONE win=8 obs=48 | cap=wip act=(320,360) d=0.61 a=1 | sp=som:active d=0.6 age=7 dtg=5.65 region=0_2
ep=146 s=48 9344ms [sel=1514 cap=7705 rest=125] sg=2->2 mode=NONE win=8 obs=49 | cap=wip act=(320,360) d=4.79 a=3 | sp=frontier:active d=4.8 age=0 som=1/3 dtg=5.65 region=0_2
ep=146 s=49 6660ms [sel=47 cap=6497 rest=116] sg=2->2 mode=NONE win=8 obs=50 | cap=wip act=(320,360) d=4.79 a=3 | sp=frontier:active d=4.8 age=1 dtg=5.65 region=0_2
ep=146 s=50 6975ms [sel=47 cap=6813 rest=115] sg=2->2 mode=NONE win=8 obs=51 | cap=wip act=(320,360) d=4.79 a=3 | sp=frontier:active d=4.8 age=2 dtg=5.65 region=0_2
ep=146 s=51 8266ms [sel=56 cap=8109 rest=102] sg=2->2 mode=NONE win=8 obs=52 | cap=wip act=(320,360) d=4.79 a=3 | sp=frontier:active d=4.8 age=3 dtg=5.65 region=0_2
ep=146 s=52 10936ms [sel=47 cap=10788 rest=100] sg=2->2 mode=NONE win=8 obs=53 | cap=wip act=(320,360) d=4.79 a=3 | sp=frontier:active d=4.8 age=4 dtg=5.65 region=0_2
ep=146 s=53 4023ms [sel=47 cap=3893 rest=83] sg=2->2 mode=NONE win=8 obs=54 | cap=wip act=(320,360) d=4.79 a=3 | sp=frontier:active d=4.8 age=5 dtg=5.65 region=0_2
ep=146 s=54 4473ms [sel=48 cap=4329 rest=95] sg=2->2 mode=NONE win=8 obs=55 | cap=wip act=(320,360) d=4.79 a=3 | sp=frontier:active d=4.8 age=6 dtg=5.65 region=0_2
ep=146 s=55 7585ms [sel=44 cap=7443 rest=98] sg=2->2 mode=NONE win=8 obs=56 | cap=wip act=(320,360) d=4.79 a=3 | sp=frontier:active d=4.8 age=7 dtg=5.65 region=0_2
ep=146 s=56 10472ms [sel=47 cap=9962 rest=427] sg=2->2 mode=NONE win=8 obs=57 | cap=wip act=(160,180) d=3.58 a=3 | preview=view3/6 yaw=+30 render=35ms | sp=preview:active d=3.6 age=0 dtg=5.65 region=0_2
ep=146 s=57 5259ms [sel=9 cap=5151 rest=99] sg=2->2 mode=NONE win=8 obs=58 | cap=wip act=(320,360) d=3.58 a=3 | sp=preview:active d=3.6 age=1 dtg=5.65 region=0_2
ep=146 s=58 3408ms [sel=4 cap=3298 rest=106] sg=2->2 mode=NONE win=8 obs=59 | cap=wip act=(320,360) d=3.58 a=3 | sp=preview:active d=3.6 age=2 dtg=5.65 region=0_2
ep=146 s=59 4284ms [sel=3 cap=4180 rest=101] sg=2->2 mode=NONE win=8 obs=60 | cap=wip act=(320,360) d=3.58 a=1 | sp=preview:active d=3.6 age=3 dtg=5.40 region=0_2
ep=146 s=60 2655ms [sel=3 cap=2544 rest=109] sg=2->2 mode=NONE win=8 obs=61 | cap=wip act=(320,360) d=3.33 a=3 | sp=preview:active d=3.3 age=4 dtg=5.40 region=0_2
ep=146 s=61 3956ms [sel=3 cap=3843 rest=110] sg=2->2 mode=NONE win=8 obs=62 | cap=wip act=(320,360) d=3.33 a=1 | sp=preview:active d=3.3 age=5 dtg=5.16 region=0_2
ep=146 s=62 6162ms [sel=3 cap=6053 rest=106] sg=2->2 mode=NONE win=8 obs=63 | cap=wip act=(320,360) d=3.08 a=1 | sp=preview:active d=3.1 age=6 dtg=4.92 region=0_2
ep=146 s=63 6318ms [sel=4 cap=6206 rest=109] sg=2->2 mode=NONE win=8 obs=64 | cap=wip act=(320,360) d=2.84 a=1 | sp=preview:active d=2.8 age=7 dtg=4.69 region=0_2
ep=146 s=64 5278ms [sel=3 cap=5171 rest=104] sg=2->2 mode=NONE win=8 obs=65 | cap=wip act=(320,360) d=2.60 a=1 | sp=preview:active d=2.6 age=8 dtg=4.47 region=0_2
ep=146 s=65 5239ms [sel=3 cap=5136 rest=100] sg=2->2 mode=NONE win=8 obs=66 | cap=wip act=(320,360) d=2.36 a=2 | sp=preview:active d=2.4 age=9 dtg=4.47 region=0_2
ep=146 s=66 3774ms [sel=3 cap=3666 rest=105] sg=2->2 mode=NONE win=8 obs=67 | cap=wip act=(320,360) d=2.36 a=1 | sp=preview:active d=2.4 age=10 dtg=4.22 region=0_2
ep=146 s=67 3790ms [sel=3 cap=3687 rest=100] sg=2->2 mode=NONE win=8 obs=68 | cap=wip act=(320,360) d=2.11 a=1 | sp=preview:active d=2.1 age=11 dtg=3.98 region=0_2
ep=146 s=68 3010ms [sel=3 cap=2913 rest=94] sg=2->2 mode=NONE win=8 obs=69 | cap=wip act=(320,360) d=1.86 a=1 | sp=preview:active d=1.9 age=12 dtg=3.74 region=0_2
ep=146 s=69 5022ms [sel=1212 cap=3721 rest=89] sg=2->2 mode=NONE win=8 obs=70 | cap=wip act=(320,360) d=3.01 a=1 | sp=som:active d=3.0 age=0 som=1/6 dtg=3.50 region=0_2
ep=146 s=70 3010ms [sel=4 cap=2916 rest=90] sg=2->2 mode=NONE win=8 obs=71 | cap=wip act=(320,360) d=2.76 a=1 | sp=som:active d=2.8 age=1 dtg=3.26 region=0_2
ep=146 s=71 5457ms [sel=3 cap=5365 rest=89] sg=2->2 mode=NONE win=8 obs=72 | cap=wip act=(320,360) d=2.51 a=1 | sp=som:active d=2.5 age=2 dtg=3.03 region=0_2
ep=146 s=72 4413ms [sel=3 cap=4320 rest=91] sg=2->2 mode=NONE win=8 obs=73 | cap=wip act=(320,360) d=2.26 a=1 | sp=som:active d=2.3 age=3 dtg=2.81 region=0_2
ep=146 s=73 4394ms [sel=3 cap=4301 rest=89] sg=2->2 mode=NONE win=8 obs=74 | cap=wip act=(320,360) d=2.01 a=1 | sp=som:active d=2.0 age=4 dtg=2.59 region=0_2
ep=146 s=74 2406ms [sel=3 cap=2313 rest=90] sg=2->2 mode=NONE win=8 obs=75 | cap=wip act=(320,360) d=1.76 a=1 | sp=som:active d=1.8 age=5 dtg=2.40 region=0_2
ep=146 s=75 6822ms [sel=3 cap=6727 rest=92] sg=2->2 mode=NONE win=8 obs=76 | cap=wip act=(320,360) d=1.51 a=1 | sp=som:active d=1.5 age=6 dtg=2.24 region=0_17
ep=146 s=76 2980ms [sel=4 cap=2880 rest=97] sg=2->2 mode=NONE win=8 obs=77 | cap=wip act=(320,360) d=1.26 a=1 | sp=som:active d=1.3 age=7 dtg=2.13 region=0_17
ep=146 s=77 2831ms [sel=3 cap=2732 rest=96] sg=2->2 mode=NONE win=8 obs=78 | cap=wip act=(320,360) d=1.02 a=1 | sp=som:active d=1.0 age=8 dtg=2.08 region=0_17
ep=146 s=78 6596ms [sel=3 cap=6495 rest=99] sg=2->2 mode=NONE win=8 obs=79 | cap=wip act=(320,360) d=0.77 a=1 | sp=som:active d=0.8 age=9 dtg=2.05 region=0_17
ep=146 s=79 5887ms [sel=3 cap=5778 rest=107] sg=2->2 mode=NONE win=8 obs=80 | cap=wip act=(320,360) d=0.52 a=1 | sp=som:active d=0.5 age=10 dtg=2.05 region=0_17
ep=146 s=80 10713ms [sel=1316 cap=9278 rest=119] sg=2->2 mode=NONE win=8 obs=81 | cap=wip act=(320,360) d=2.96 a=1 | sp=som:active d=3.0 age=0 som=1/8 dtg=2.09 region=0_17
ep=146 s=81 5093ms [sel=3 cap=4977 rest=113] sg=2->2 mode=NONE win=8 obs=82 | cap=wip act=(320,360) d=2.71 a=1 | sp=som:active d=2.7 age=1 dtg=2.15 region=0_17
ep=146 s=82 5737ms [sel=3 cap=5620 rest=114] sg=2->2 mode=NONE win=8 obs=83 | cap=wip act=(320,360) d=2.46 a=1 | sp=som:active d=2.5 age=2 dtg=2.26 region=0_17
ep=146 s=83 4641ms [sel=3 cap=4527 rest=111] sg=2->2 mode=NONE win=8 obs=84 | cap=wip act=(320,360) d=2.21 a=1 | sp=som:active d=2.2 age=3 dtg=2.43 region=0_17
ep=146 s=84 5360ms [sel=4 cap=5243 rest=114] sg=2->2 mode=NONE win=8 obs=85 | cap=wip act=(320,360) d=1.96 a=1 | sp=som:active d=2.0 age=4 dtg=2.63 region=0_17
ep=146 s=85 6381ms [sel=4 cap=6266 rest=112] sg=2->2 mode=NONE win=8 obs=86 | cap=wip act=(320,360) d=1.71 a=1 | sp=som:active d=1.7 age=5 dtg=2.84 region=0_17
ep=146 s=86 3905ms [sel=3 cap=3796 rest=106] sg=2->2 mode=NONE win=8 obs=87 | cap=wip act=(320,360) d=1.46 a=1 | sp=som:active d=1.5 age=6 dtg=3.07 region=0_17
ep=146 s=87 8409ms [sel=3 cap=8285 rest=121] sg=2->2 mode=NONE win=8 obs=88 | cap=wip act=(320,360) d=1.21 a=1 | sp=som:active d=1.2 age=7 dtg=3.30 region=0_17
ep=146 s=88 2874ms [sel=3 cap=2771 rest=100] sg=2->2 mode=NONE win=8 obs=89 | cap=wip act=(320,360) d=0.97 a=1 | sp=som:active d=1.0 age=8 dtg=3.54 region=0_17
ep=146 s=89 2970ms [sel=3 cap=2868 rest=100] sg=2->2 mode=NONE win=8 obs=90 | cap=wip act=(320,360) d=0.72 a=1 | sp=som:active d=0.7 age=9 dtg=3.78 region=0_17
ep=146 s=90 6196ms [sel=2634 cap=3461 rest=101] sg=2->2 mode=NONE win=8 obs=91 | cap=wip act=(320,360) d=2.97 a=1 | sp=som:active d=3.0 age=0 som=1/8 dtg=4.03 region=0_17
ep=146 s=91 3832ms [sel=3 cap=3706 rest=123] sg=2->2 mode=NONE win=8 obs=92 | cap=wip act=(320,360) d=2.72 a=1 | sp=som:active d=2.7 age=1 dtg=4.27 region=0_17
ep=146 s=92 6290ms [sel=3 cap=6191 rest=96] sg=2->2 mode=NONE win=8 obs=93 | cap=wip act=(320,360) d=2.47 a=1 | sp=som:active d=2.5 age=2 dtg=4.52 region=0_17
ep=146 s=93 10490ms [sel=3 cap=10391 rest=97] sg=2->2 mode=NONE win=8 obs=94 | cap=wip act=(320,360) d=2.22 a=1 | sp=som:active d=2.2 age=3 dtg=4.76 region=0_17
ep=146 s=94 5419ms [sel=3122 cap=2196 rest=101] sg=2->2 mode=NONE win=8 obs=95 | cap=wip act=(320,360) d=2.97 a=1 | sp=som:active d=3.0 age=0 som=1/8 dtg=5.01 region=0_17
ep=146 s=95 5333ms [sel=4 cap=5220 rest=109] sg=2->2 mode=NONE win=8 obs=96 | cap=wip act=(320,360) d=2.72 a=1 | sp=som:active d=2.7 age=1 dtg=5.25 region=0_17
ep=146 s=96 5869ms [sel=3 cap=5755 rest=110] sg=2->2 mode=NONE win=8 obs=97 | cap=wip act=(320,360) d=2.47 a=1 | sp=som:active d=2.5 age=2 dtg=5.50 region=0_17
ep=146 s=97 5139ms [sel=5 cap=5020 rest=114] sg=2->2 mode=NONE win=8 obs=98 | cap=wip act=(320,360) d=2.22 a=1 | sp=som:active d=2.2 age=3 dtg=5.75 region=0_17
ep=146 s=98 9137ms [sel=3 cap=9008 rest=126] sg=2->2 mode=NONE win=8 obs=99 | cap=wip act=(320,360) d=1.97 a=1 | sp=som:active d=2.0 age=4 dtg=6.00 region=0_17
ep=146 s=99 3286ms [sel=4 cap=3169 rest=114] sg=2->2 mode=NONE win=8 obs=100 | cap=wip act=(320,360) d=1.72 a=1 | sp=som:active d=1.7 age=5 dtg=6.25 region=0_17
ep=146 s=100 2678ms [sel=3 cap=2555 rest=120] sg=2->2 mode=NONE win=8 obs=101 | cap=wip act=(320,360) d=1.47 a=1 | sp=som:active d=1.5 age=6 dtg=6.49 region=0_17
ep=146 s=101 2379ms [sel=3 cap=2271 rest=105] sg=2->2 mode=NONE win=8 obs=102 | cap=wip act=(320,360) d=1.23 a=1 | sp=som:active d=1.2 age=7 dtg=6.74 region=0_17
ep=146 s=102 5023ms [sel=3 cap=4913 rest=106] sg=2->2 mode=NONE win=8 obs=103 | cap=wip act=(320,360) d=0.98 a=1 | sp=som:active d=1.0 age=8 dtg=6.99 region=0_17
ep=146 s=103 7121ms [sel=4 cap=7005 rest=113] sg=2->2 mode=NONE win=8 obs=104 | cap=wip act=(320,360) d=0.74 a=1 | sp=som:active d=0.7 age=9 dtg=7.24 region=0_17
ep=146 s=104 8395ms [sel=3 cap=8282 rest=110] sg=2->2 mode=NONE win=8 obs=105 | cap=wip act=(320,360) d=0.51 a=2 | sp=som:active d=0.5 age=10 dtg=7.24 region=0_17
ep=146 s=105 4294ms [sel=21 cap=3715 rest=524] sg=2->2 mode=NONE win=8 obs=106 | cap=wip act=(160,180) d=3.58 a=1 | preview=view3/6 yaw=+15 render=34ms | sp=preview:active d=3.6 age=0 dtg=7.48 region=0_17
ep=146 s=106 5407ms [sel=4 cap=5291 rest=112] sg=2->2 mode=NONE win=8 obs=107 | cap=wip act=(320,360) d=3.33 a=1 | sp=preview:active d=3.3 age=1 dtg=7.71 region=0_17
ep=146 s=107 4133ms [sel=4 cap=4006 rest=124] sg=2->2 mode=NONE win=8 obs=108 | cap=wip act=(320,360) d=3.08 a=1 | sp=preview:active d=3.1 age=2 dtg=7.95 region=0_19
ep=146 s=108 3635ms [sel=5 cap=3508 rest=121] sg=2->2 mode=NONE win=8 obs=109 | cap=wip act=(320,360) d=2.83 a=1 | sp=preview:active d=2.8 age=3 dtg=8.19 region=0_19
ep=146 s=109 2950ms [sel=3 cap=2839 rest=108] sg=2->2 mode=NONE win=8 obs=110 | cap=wip act=(320,360) d=2.58 a=3 | sp=preview:active d=2.6 age=4 dtg=8.19 region=0_19
ep=146 s=110 4963ms [sel=4 cap=4847 rest=111] sg=2->2 mode=NONE win=8 obs=111 | cap=wip act=(320,360) d=2.58 a=1 | sp=preview:active d=2.6 age=5 dtg=8.44 region=0_19
ep=146 s=111 5422ms [sel=3 cap=5309 rest=110] sg=2->2 mode=NONE win=8 obs=112 | cap=wip act=(320,360) d=2.34 a=1 | sp=preview:active d=2.3 age=6 dtg=8.69 region=0_19
ep=146 s=112 2636ms [sel=3 cap=2525 rest=108] sg=2->2 mode=NONE win=8 obs=113 | cap=wip act=(320,360) d=2.10 a=1 | sp=preview:active d=2.1 age=7 dtg=8.94 region=0_19
ep=146 s=113 3580ms [sel=4 cap=3467 rest=109] sg=2->2 mode=NONE win=8 obs=114 | cap=wip act=(320,360) d=1.86 a=2 | sp=preview:active d=1.9 age=8 dtg=8.94 region=0_19
ep=146 s=114 3821ms [sel=4 cap=3709 rest=109] sg=2->2 mode=NONE win=8 obs=115 | cap=wip act=(320,360) d=1.86 a=1 | sp=preview:active d=1.9 age=9 dtg=9.18 region=0_19
ep=146 s=115 4298ms [sel=3 cap=4183 rest=112] sg=2->2 mode=NONE win=8 obs=116 | cap=wip act=(320,360) d=1.61 a=1 | sp=preview:active d=1.6 age=10 dtg=9.42 region=0_19
ep=146 s=116 2690ms [sel=3 cap=2576 rest=112] sg=2->2 mode=NONE win=8 obs=117 | cap=wip act=(320,360) d=1.37 a=1 | sp=preview:active d=1.4 age=11 dtg=9.66 region=0_19
ep=146 s=117 4965ms [sel=1138 cap=3716 rest=111] sg=2->2 mode=NONE win=8 obs=118 | cap=wip act=(320,360) d=3.18 a=1 | sp=som:active d=3.2 age=0 som=2/8 dtg=9.51 region=0_19
ep=146 s=118 4801ms [sel=3 cap=4689 rest=110] sg=2->2 mode=NONE win=8 obs=119 | cap=wip act=(320,360) d=2.93 a=1 | sp=som:active d=2.9 age=1 dtg=9.61 region=0_19
ep=146 s=119 10310ms [sel=3 cap=10194 rest=113] sg=2->2 mode=NONE win=8 obs=120 | cap=wip act=(320,360) d=2.69 a=1 | sp=som:active d=2.7 age=2 dtg=9.73 region=0_9
ep=146 s=120 6807ms [sel=3 cap=6693 rest=111] sg=2->2 mode=NONE win=8 obs=121 | cap=wip act=(320,360) d=2.44 a=2 | sp=som:active d=2.4 age=3 dtg=9.73 region=0_9
ep=146 s=121 5753ms [sel=4 cap=5636 rest=113] sg=2->2 mode=NONE win=8 obs=122 | cap=wip act=(320,360) d=2.44 a=1 | sp=som:active d=2.4 age=4 dtg=9.83 region=0_9
ep=146 s=122 6227ms [sel=3 cap=6104 rest=119] sg=2->2 mode=NONE win=8 obs=123 | cap=wip act=(320,360) d=2.19 a=2 | sp=som:active d=2.2 age=5 dtg=9.83 region=0_9
ep=146 s=123 6213ms [sel=3 cap=6091 rest=118] sg=2->2 mode=NONE win=8 obs=124 | cap=wip act=(320,360) d=2.19 a=1 | sp=som:active d=2.2 age=6 dtg=9.90 region=0_9
ep=146 s=124 3980ms [sel=6 cap=3856 rest=117] sg=2->2 mode=NONE win=8 obs=125 | cap=wip act=(320,360) d=1.96 a=1 | sp=som:active d=2.0 age=7 dtg=10.00 region=0_9
ep=146 s=125 5250ms [sel=3 cap=5127 rest=120] sg=2->2 mode=NONE win=8 obs=126 | cap=wip act=(320,360) d=1.73 a=1 | sp=som:active d=1.7 age=8 dtg=10.12 region=0_9
ep=146 s=126 8501ms [sel=3 cap=8374 rest=124] sg=2->2 mode=NONE win=8 obs=127 | cap=wip act=(320,360) d=1.50 a=1 | sp=som:active d=1.5 age=9 dtg=10.27 region=0_9
ep=146 s=127 4661ms [sel=4 cap=4535 rest=122] sg=2->2 mode=NONE win=8 obs=128 | cap=wip act=(320,360) d=1.29 a=1 | sp=som:active d=1.3 age=10 dtg=10.43 region=0_9
ep=146 s=128 5881ms [sel=4 cap=5758 rest=119] sg=2->2 mode=NONE win=8 obs=129 | cap=wip act=(320,360) d=1.09 a=3 | sp=som:active d=1.1 age=11 dtg=10.43 region=0_9
ep=146 s=129 3964ms [sel=7 cap=3835 rest=122] sg=2->2 mode=NONE win=8 obs=130 | cap=wip act=(320,360) d=1.09 a=1 | sp=som:active d=1.1 age=12 dtg=10.64 region=0_9
ep=146 s=130 6308ms [sel=3 cap=6177 rest=128] sg=2->2 mode=NONE win=8 obs=131 | cap=wip act=(320,360) d=0.88 a=3 | sp=som:active d=0.9 age=13 dtg=10.64 region=0_9
ep=146 s=131 7195ms [sel=3 cap=7061 rest=131] sg=2->2 mode=NONE win=8 obs=132 | cap=wip act=(320,360) d=0.88 a=1 | sp=som:active d=0.9 age=14 dtg=10.88 region=0_9
ep=146 s=132 2498ms [sel=4 cap=2377 rest=118] sg=2->2 mode=NONE win=8 obs=133 | cap=wip act=(320,360) d=0.65 a=3 | sp=som:active d=0.6 age=15 dtg=10.88 region=0_9
ep=146 s=133 4466ms [sel=4 cap=4344 rest=118] sg=2->2 mode=NONE win=8 obs=134 | cap=wip act=(320,360) d=0.65 a=1 | sp=som:active d=0.6 age=16 dtg=11.13 region=0_9
ep=146 s=134 5975ms [sel=19 cap=5429 rest=489] sg=2->2 mode=NONE win=8 obs=135 | cap=wip act=(160,180) d=2.19 a=1 | preview=view4/6 yaw=+45 render=38ms | sp=preview:active d=2.2 age=0 dtg=11.38 region=0_9
ep=146 s=135 9665ms [sel=3 cap=9546 rest=116] sg=2->2 mode=NONE win=8 obs=136 | cap=wip act=(320,360) d=1.94 a=1 | sp=preview:active d=1.9 age=1 dtg=11.63 region=0_9
ep=146 s=136 3031ms [sel=3 cap=2911 rest=117] sg=2->2 mode=NONE win=8 obs=137 | cap=wip act=(320,360) d=1.69 a=1 | sp=preview:active d=1.7 age=2 dtg=11.88 region=0_9
ep=146 s=137 9014ms [sel=4 cap=8889 rest=121] sg=2->2 mode=NONE win=8 obs=138 | cap=wip act=(320,360) d=1.44 a=1 | sp=preview:active d=1.4 age=3 dtg=12.13 region=0_9
ep=146 s=138 7032ms [sel=3 cap=6911 rest=119] sg=2->2 mode=NONE win=8 obs=139 | cap=wip act=(320,360) d=1.19 a=1 | sp=preview:active d=1.2 age=4 dtg=12.38 region=0_9
ep=146 s=139 5421ms [sel=3 cap=5299 rest=118] sg=2->2 mode=NONE win=8 obs=140 | cap=wip act=(320,360) d=0.94 a=1 | sp=preview:active d=0.9 age=5 dtg=12.63 region=0_9
ep=146 s=140 5990ms [sel=3 cap=5877 rest=111] sg=2->2 mode=NONE win=8 obs=141 | cap=wip act=(320,360) d=0.70 a=1 | sp=preview:active d=0.7 age=6 dtg=12.88 region=0_9
ep=146 s=141 8441ms [sel=1017 cap=7306 rest=118] sg=2->2 mode=NONE win=8 obs=142 | cap=wip act=(320,360) d=3.34 a=3 | sp=frontier:active d=3.3 age=0 som=2/5 dtg=12.88 region=0_9
ep=146 s=142 7975ms [sel=1122 cap=6339 rest=475] sg=2->3 mode=NONE win=8 obs=143 | cap=DONE act=(320,360) d=1.91 a=3 | preview=view-/6 yaw=+0 render=39ms | sp=frontier:active d=1.9 age=0 som=2/6 dtg=12.88 region=0_9
ep=146 s=143 5387ms [sel=56 cap=5200 rest=131] sg=3->3 mode=NONE win=8 obs=144 | cap=wip act=(320,360) d=1.91 a=3 | sp=frontier:active d=1.9 age=1 dtg=12.88 region=0_9
ep=146 s=144 6048ms [sel=52 cap=5873 rest=123] sg=3->3 mode=NONE win=8 obs=145 | cap=wip act=(320,360) d=1.91 a=3 | sp=frontier:active d=1.9 age=2 dtg=12.88 region=0_9
ep=146 s=145 3804ms [sel=48 cap=3626 rest=131] sg=3->3 mode=NONE win=8 obs=146 | cap=wip act=(320,360) d=1.91 a=3 | sp=frontier:active d=1.9 age=3 dtg=12.88 region=0_9
ep=146 s=146 3467ms [sel=47 cap=3294 rest=126] sg=3->3 mode=NONE win=8 obs=147 | cap=wip act=(320,360) d=1.91 a=3 | sp=frontier:active d=1.9 age=4 dtg=12.88 region=0_9
ep=146 s=147 4038ms [sel=40 cap=3880 rest=118] sg=3->3 mode=NONE win=8 obs=148 | cap=wip act=(320,360) d=1.91 a=3 | sp=frontier:active d=1.9 age=5 dtg=12.88 region=0_9
ep=146 s=148 5285ms [sel=34 cap=5133 rest=118] sg=3->3 mode=NONE win=8 obs=149 | cap=wip act=(320,360) d=1.91 a=3 | sp=frontier:active d=1.9 age=6 dtg=12.88 region=0_9
ep=146 s=149 6863ms [sel=28 cap=6710 rest=124] sg=3->3 mode=NONE win=8 obs=150 | cap=wip act=(320,360) d=1.91 a=3 | sp=frontier:active d=1.9 age=7 dtg=12.88 region=0_9
ep=146 s=150 4473ms [sel=22 cap=4306 rest=146] sg=3->3 mode=NONE win=8 obs=151 | cap=wip act=(320,360) d=1.91 a=3 | sp=frontier:active d=1.9 age=8 dtg=12.88 region=0_9
ep=146 s=151 5896ms [sel=13 cap=5772 rest=112] sg=3->3 mode=NONE win=8 obs=152 | cap=wip act=(320,360) d=1.91 a=3 | sp=frontier:active d=1.9 age=9 dtg=12.88 region=0_9
ep=146 s=152 5375ms [sel=25 cap=5231 rest=118] sg=3->3 mode=NONE win=8 obs=153 | cap=wip act=(320,360) d=1.91 a=1 | sp=frontier:active d=1.9 age=10 dtg=12.64 region=0_9
ep=146 s=153 2993ms [sel=18 cap=2848 rest=127] sg=3->3 mode=NONE win=8 obs=154 | cap=wip act=(320,360) d=1.93 a=3 | sp=frontier:active d=1.9 age=11 dtg=12.64 region=0_9
ep=146 s=154 5906ms [sel=24 cap=5773 rest=108] sg=3->3 mode=NONE win=8 obs=155 | cap=wip act=(320,360) d=1.93 a=1 | sp=frontier:active d=1.9 age=12 dtg=12.39 region=0_9
ep=146 s=155 3243ms [sel=39 cap=3090 rest=114] sg=3->3 mode=NONE win=8 obs=156 | cap=wip act=(320,360) d=2.04 a=1 | sp=frontier:active d=2.0 age=13 dtg=12.14 region=0_9
ep=146 s=156 2722ms [sel=27 cap=2575 rest=120] sg=3->3 mode=NONE win=8 obs=157 | cap=wip act=(320,360) d=2.18 a=1 | sp=frontier:active d=2.2 age=14 dtg=11.89 region=0_9
ep=146 s=157 3308ms [sel=28 cap=3174 rest=106] sg=3->3 mode=NONE win=8 obs=158 | cap=wip act=(320,360) d=2.33 a=1 | sp=frontier:active d=2.3 age=15 dtg=11.64 region=0_9
ep=146 s=158 6083ms [sel=2170 cap=3792 rest=121] sg=3->4 mode=NONE win=8 obs=159 | cap=DONE act=(320,360) d=3.02 a=1 | sp=som:active d=3.0 age=0 som=2/7 dtg=11.39 region=0_9
ep=146 s=159 6014ms [sel=3 cap=5896 rest=115] sg=4->4 mode=NONE win=8 obs=160 | cap=wip act=(320,360) d=2.77 a=1 | sp=som:active d=2.8 age=1 dtg=11.14 region=0_9
ep=146 s=160 4223ms [sel=3 cap=4111 rest=109] sg=4->4 mode=NONE win=8 obs=161 | cap=wip act=(320,360) d=2.52 a=1 | sp=som:active d=2.5 age=2 dtg=10.89 region=0_9
ep=146 s=161 4399ms [sel=3 cap=4286 rest=110] sg=4->4 mode=NONE win=8 obs=162 | cap=wip act=(320,360) d=2.27 a=1 | sp=som:active d=2.3 age=3 dtg=10.64 region=0_9
ep=146 s=162 4478ms [sel=3 cap=4369 rest=106] sg=4->4 mode=NONE win=8 obs=163 | cap=wip act=(320,360) d=2.02 a=1 | sp=som:active d=2.0 age=4 dtg=10.39 region=0_9
ep=146 s=163 4377ms [sel=4 cap=4266 rest=107] sg=4->4 mode=NONE win=8 obs=164 | cap=wip act=(320,360) d=1.77 a=1 | sp=som:active d=1.8 age=5 dtg=10.14 region=0_9
ep=146 s=164 5644ms [sel=3 cap=5540 rest=100] sg=4->4 mode=NONE win=8 obs=165 | cap=wip act=(320,360) d=1.52 a=1 | sp=som:active d=1.5 age=6 dtg=9.89 region=0_9
ep=146 s=165 7171ms [sel=3 cap=7066 rest=102] sg=4->4 mode=NONE win=8 obs=166 | cap=wip act=(320,360) d=1.27 a=1 | sp=som:active d=1.3 age=7 dtg=9.64 region=0_9
ep=146 s=166 6168ms [sel=3 cap=6073 rest=92] sg=4->4 mode=NONE win=8 obs=167 | cap=wip act=(320,360) d=1.03 a=1 | sp=som:active d=1.0 age=8 dtg=9.39 region=0_9
ep=146 s=167 4814ms [sel=3 cap=4716 rest=96] sg=4->4 mode=NONE win=8 obs=168 | cap=wip act=(320,360) d=0.78 a=1 | sp=som:active d=0.8 age=9 dtg=9.14 region=None
ep=146 s=168 2972ms [sel=3 cap=2867 rest=101] sg=4->4 mode=NONE win=8 obs=169 | cap=wip act=(320,360) d=0.53 a=1 | sp=som:active d=0.5 age=10 dtg=8.89 region=0_19
ep=146 s=169 3602ms [sel=961 cap=2517 rest=125] sg=4->4 mode=NONE win=8 obs=170 | cap=wip act=(320,360) d=2.99 a=1 | sp=som:active d=3.0 age=0 som=2/8 dtg=8.64 region=0_19
ep=146 s=170 5410ms [sel=3 cap=5306 rest=101] sg=4->4 mode=NONE win=8 obs=171 | cap=wip act=(320,360) d=2.74 a=3 | sp=som:active d=2.7 age=1 dtg=8.64 region=0_19
ep=146 s=171 4009ms [sel=4 cap=3899 rest=106] sg=4->4 mode=NONE win=8 obs=172 | cap=wip act=(320,360) d=2.74 a=1 | sp=som:active d=2.7 age=2 dtg=8.40 region=0_19
ep=146 s=172 3283ms [sel=3 cap=3169 rest=111] sg=4->4 mode=NONE win=8 obs=173 | cap=wip act=(320,360) d=2.50 a=1 | sp=som:active d=2.5 age=3 dtg=8.15 region=0_19
ep=146 s=173 3200ms [sel=4 cap=3084 rest=112] sg=4->4 mode=NONE win=8 obs=174 | cap=wip act=(320,360) d=2.25 a=1 | sp=som:active d=2.2 age=4 dtg=7.91 region=0_19
ep=146 s=174 3877ms [sel=3 cap=3764 rest=109] sg=4->4 mode=NONE win=8 obs=175 | cap=wip act=(320,360) d=2.00 a=1 | sp=som:active d=2.0 age=5 dtg=7.67 region=0_19
ep=146 s=175 4610ms [sel=4 cap=4496 rest=110] sg=4->4 mode=NONE win=8 obs=176 | cap=wip act=(320,360) d=1.76 a=1 | sp=som:active d=1.8 age=6 dtg=7.43 region=0_19
ep=146 s=176 4139ms [sel=3 cap=4027 rest=109] sg=4->4 mode=NONE win=8 obs=177 | cap=wip act=(320,360) d=1.52 a=1 | sp=som:active d=1.5 age=7 dtg=7.18 region=0_19
ep=146 s=177 4015ms [sel=5 cap=3902 rest=108] sg=4->4 mode=NONE win=8 obs=178 | cap=wip act=(320,360) d=1.28 a=2 | sp=som:active d=1.3 age=8 dtg=7.18 region=0_19
ep=146 s=178 4587ms [sel=3 cap=4475 rest=109] sg=4->4 mode=NONE win=8 obs=179 | cap=wip act=(320,360) d=1.28 a=1 | sp=som:active d=1.3 age=9 dtg=6.93 region=0_19
ep=146 s=179 4585ms [sel=3 cap=4472 rest=110] sg=4->4 mode=NONE win=8 obs=180 | cap=wip act=(320,360) d=1.03 a=1 | sp=som:active d=1.0 age=10 dtg=6.68 region=0_10
ep=146 s=180 3958ms [sel=4 cap=3844 rest=110] sg=4->4 mode=NONE win=8 obs=181 | cap=wip act=(320,360) d=0.78 a=1 | sp=som:active d=0.8 age=11 dtg=6.43 region=0_10
ep=146 s=181 4746ms [sel=3 cap=4635 rest=108] sg=4->4 mode=NONE win=8 obs=182 | cap=wip act=(320,360) d=0.53 a=1 | sp=som:active d=0.5 age=12 dtg=6.18 region=0_10
ep=146 s=182 7499ms [sel=1715 cap=5679 rest=105] sg=4->4 mode=NONE win=8 obs=183 | cap=wip act=(320,360) d=3.07 a=1 | sp=som:active d=3.1 age=0 som=2/8 dtg=5.93 region=0_10
ep=146 s=183 3016ms [sel=4 cap=2905 rest=107] sg=4->4 mode=NONE win=8 obs=184 | cap=wip act=(320,360) d=2.82 a=1 | sp=som:active d=2.8 age=1 dtg=5.69 region=0_10
ep=146 s=184 4735ms [sel=3 cap=4626 rest=106] sg=4->4 mode=NONE win=8 obs=185 | cap=wip act=(320,360) d=2.57 a=1 | sp=som:active d=2.6 age=2 dtg=5.44 region=0_10
ep=146 s=185 3913ms [sel=4 cap=3800 rest=109] sg=4->4 mode=NONE win=8 obs=186 | cap=wip act=(320,360) d=2.32 a=1 | sp=som:active d=2.3 age=3 dtg=5.19 region=0_10
ep=146 s=186 4566ms [sel=3 cap=4421 rest=141] sg=4->4 mode=NONE win=8 obs=187 | cap=wip act=(320,360) d=2.08 a=1 | sp=som:active d=2.1 age=4 dtg=4.94 region=0_10
ep=146 s=187 4400ms [sel=3 cap=4286 rest=111] sg=4->4 mode=NONE win=8 obs=188 | cap=wip act=(320,360) d=1.83 a=1 | sp=som:active d=1.8 age=5 dtg=4.69 region=0_10
ep=146 s=188 3062ms [sel=3 cap=2937 rest=123] sg=4->4 mode=NONE win=8 obs=189 | cap=wip act=(320,360) d=1.58 a=1 | sp=som:active d=1.6 age=6 dtg=4.44 region=0_10
ep=146 s=189 3109ms [sel=3 cap=2965 rest=141] sg=4->4 mode=NONE win=8 obs=190 | cap=wip act=(320,360) d=1.33 a=1 | sp=som:active d=1.3 age=7 dtg=4.19 region=0_10
ep=146 s=190 3386ms [sel=7 cap=3258 rest=120] sg=4->4 mode=NONE win=8 obs=191 | cap=wip act=(320,360) d=1.08 a=1 | sp=som:active d=1.1 age=8 dtg=3.94 region=0_10
ep=146 s=191 6203ms [sel=3 cap=5689 rest=476] sg=4->4 mode=NONE win=8 obs=192 | cap=wip act=(320,360) d=0.83 a=1 | preview=view-/6 yaw=+0 render=35ms | sp=som:active d=0.8 age=9 dtg=3.69 region=0_10
ep=146 s=192 3882ms [sel=3 cap=3767 rest=113] sg=4->4 mode=NONE win=8 obs=193 | cap=wip act=(320,360) d=0.58 a=1 | sp=som:active d=0.6 age=10 dtg=3.44 region=0_10
ep=146 s=193 4297ms [sel=2256 cap=1929 rest=112] sg=4->4 mode=NONE win=8 obs=194 | cap=wip act=(320,360) d=3.02 a=1 | sp=som:active d=3.0 age=0 som=3/8 dtg=3.19 region=0_10
ep=146 s=194 2725ms [sel=4 cap=2611 rest=111] sg=4->4 mode=NONE win=8 obs=195 | cap=wip act=(320,360) d=2.77 a=1 | sp=som:active d=2.8 age=1 dtg=2.94 region=0_10
ep=146 s=195 4900ms [sel=3 cap=4784 rest=114] sg=4->4 mode=NONE win=8 obs=196 | cap=wip act=(320,360) d=2.52 a=1 | sp=som:active d=2.5 age=2 dtg=2.69 region=0_10
ep=146 s=196 4057ms [sel=4 cap=3937 rest=117] sg=4->4 mode=NONE win=8 obs=197 | cap=wip act=(320,360) d=2.27 a=1 | sp=som:active d=2.3 age=3 dtg=2.44 region=0_18
ep=146 s=197 3797ms [sel=3 cap=3687 rest=106] sg=4->4 mode=NONE win=8 obs=198 | cap=wip act=(320,360) d=2.02 a=1 | sp=som:active d=2.0 age=4 dtg=2.19 region=0_18
ep=146 s=198 3611ms [sel=4 cap=3502 rest=105] sg=4->4 mode=NONE win=8 obs=199 | cap=wip act=(320,360) d=1.77 a=1 | sp=som:active d=1.8 age=5 dtg=1.94 region=0_18
ep=146 s=199 4760ms [sel=3 cap=4656 rest=101] sg=4->4 mode=NONE win=8 obs=200 | cap=wip act=(320,360) d=1.52 a=1 | sp=som:active d=1.5 age=6 dtg=1.69 region=0_18
ep=146 s=200 4922ms [sel=1275 cap=3540 rest=106] sg=4->4 mode=NONE win=8 obs=201 | cap=wip act=(320,360) d=3.40 a=1 | sp=som:active d=3.4 age=0 som=2/8 dtg=1.44 region=0_18
ep=146 s=201 3216ms [sel=3 cap=3101 rest=112] sg=4->4 mode=NONE win=8 obs=202 | cap=wip act=(320,360) d=3.16 a=1 | sp=som:active d=3.2 age=1 dtg=1.19 region=0_18
ep=146 s=202 5274ms [sel=4 cap=5163 rest=107] sg=4->4 mode=NONE win=8 obs=203 | cap=wip act=(320,360) d=2.91 a=3 | sp=som:active d=2.9 age=2 dtg=1.19 region=0_18
ep=146 s=203 4245ms [sel=3 cap=4140 rest=102] sg=4->4 mode=NONE win=8 obs=204 | cap=wip act=(320,360) d=2.91 a=1 | sp=som:active d=2.9 age=3 dtg=0.96 region=0_18
ep=146 s=204 5644ms [sel=3 cap=5544 rest=97] sg=4->4 mode=NONE win=8 obs=205 | cap=wip act=(320,360) d=2.66 a=1 | sp=som:active d=2.7 age=4 dtg=0.74 region=0_18
ep=146 s=205 4021ms [sel=3 cap=3921 rest=98] sg=4->4 mode=NONE win=8 obs=206 | cap=wip act=(320,360) d=2.41 a=1 | sp=som:active d=2.4 age=5 dtg=0.56 region=0_18
ep=146 s=206 3961ms [sel=3 cap=3857 rest=100] sg=4->4 mode=NONE win=8 obs=207 | cap=wip act=(320,360) d=2.16 a=3 | sp=som:active d=2.2 age=6 dtg=0.56 region=0_18
ep=146 s=207 4666ms [sel=3 cap=4560 rest=103] sg=4->4 mode=NONE win=8 obs=208 | cap=wip act=(320,360) d=2.16 a=1 | sp=som:active d=2.2 age=7 dtg=0.50 region=0_18
ep=146 s=208 4528ms [sel=4 cap=4424 rest=101] sg=4->4 mode=NONE win=8 obs=209 | cap=wip act=(320,360) d=1.94 a=3 | sp=som:active d=1.9 age=8 dtg=0.50 region=0_18
ep=146 s=209 4568ms [sel=4 cap=4459 rest=105] sg=4->4 mode=NONE win=8 obs=210 | cap=wip act=(320,360) d=1.94 a=1 | sp=som:active d=1.9 age=9 dtg=0.62 region=0_18
ep=146 s=210 2766ms [sel=5 cap=2664 rest=97] sg=4->4 mode=NONE win=8 obs=211 | cap=wip act=(320,360) d=1.76 a=3 | sp=som:active d=1.8 age=10 dtg=0.62 region=0_18
ep=146 s=211 3342ms [sel=4 cap=3235 rest=103] sg=4->4 mode=NONE win=8 obs=212 | cap=wip act=(320,360) d=1.76 a=1 | sp=som:active d=1.8 age=11 dtg=0.83 region=0_18
ep=146 s=212 4922ms [sel=5 cap=4807 rest=111] sg=4->4 mode=NONE win=8 obs=213 | cap=wip act=(320,360) d=1.65 a=1 | sp=som:active d=1.7 age=12 dtg=1.07 region=0_18
ep=146 s=213 4202ms [sel=5 cap=4084 rest=113] sg=4->4 mode=NONE win=8 obs=214 | cap=wip act=(320,360) d=1.58 a=1 | sp=som:active d=1.6 age=13 dtg=1.30 region=0_18
ep=146 s=214 2778ms [sel=7 cap=2658 rest=113] sg=4->4 mode=NONE win=8 obs=215 | cap=wip act=(320,360) d=1.55 a=2 | sp=som:active d=1.5 age=14 dtg=1.30 region=0_18
ep=146 s=215 5229ms [sel=42 cap=5075 rest=112] sg=4->4 mode=NONE win=8 obs=216 | cap=wip act=(320,360) d=1.55 a=2 | sp=som:active d=1.5 age=15 dtg=1.30 region=0_18
ep=146 s=216 5234ms [sel=42 cap=5081 rest=111] sg=4->4 mode=NONE win=8 obs=217 | cap=wip act=(320,360) d=1.55 a=2 | sp=som:active d=1.5 age=16 dtg=1.30 region=0_18
ep=146 s=217 5317ms [sel=41 cap=5183 rest=93] sg=4->4 mode=NONE win=8 obs=218 | cap=wip act=(320,360) d=1.55 a=2 | sp=som:active d=1.5 age=17 dtg=1.30 region=0_18
ep=146 s=218 3900ms [sel=38 cap=3771 rest=90] sg=4->4 mode=NONE win=8 obs=219 | cap=wip act=(320,360) d=1.55 a=2 | sp=som:active d=1.5 age=18 dtg=1.30 region=0_18
ep=146 s=219 4923ms [sel=36 cap=4798 rest=88] sg=4->4 mode=NONE win=8 obs=220 | cap=wip act=(320,360) d=1.55 a=2 | sp=som:active d=1.5 age=19 dtg=1.30 region=0_18
ep=146 s=220 4245ms [sel=36 cap=4121 rest=89] sg=4->4 mode=NONE win=8 obs=221 | cap=wip act=(320,360) d=1.55 a=2 | sp=som:active d=1.5 age=20 dtg=1.30 region=0_18
ep=146 s=221 4895ms [sel=33 cap=4778 rest=84] sg=4->4 mode=NONE win=8 obs=222 | cap=wip act=(320,360) d=1.55 a=2 | sp=som:active d=1.5 age=21 dtg=1.30 region=0_18
ep=146 s=222 4586ms [sel=23 cap=4480 rest=84] sg=4->4 mode=NONE win=8 obs=223 | cap=wip act=(320,360) d=1.55 a=2 | sp=som:active d=1.5 age=22 dtg=1.30 region=0_18
ep=146 s=223 4761ms [sel=26 cap=4646 rest=89] sg=4->4 mode=NONE win=8 obs=224 | cap=wip act=(320,360) d=1.55 a=2 | sp=som:active d=1.5 age=23 dtg=1.30 region=0_18
ep=146 s=224 5063ms [sel=27 cap=4947 rest=89] sg=4->4 mode=NONE win=8 obs=225 | cap=wip act=(320,360) d=1.55 a=1 | sp=som:active d=1.5 age=24 dtg=1.06 region=0_18
ep=146 s=225 4196ms [sel=29 cap=4073 rest=93] sg=4->4 mode=NONE win=8 obs=226 | cap=wip act=(320,360) d=1.45 a=1 | sp=som:active d=1.5 age=25 dtg=0.83 region=0_18
ep=146 s=226 2846ms [sel=29 cap=2716 rest=100] sg=4->4 mode=NONE win=8 obs=227 | cap=wip act=(320,360) d=1.40 a=1 | sp=som:active d=1.4 age=26 dtg=0.60 region=0_18
ep=146 s=227 3659ms [sel=30 cap=3520 rest=110] sg=4->4 mode=NONE win=8 obs=228 | cap=wip act=(320,360) d=1.38 a=3 | sp=som:active d=1.4 age=27 dtg=0.60 region=0_18
ep=146 s=228 7004ms [sel=1594 cap=5294 rest=116] sg=4->5 mode=NONE win=8 obs=229 | cap=DONE act=(320,360) d=2.65 a=2 | sp=som:active d=2.7 age=0 som=4/8 dtg=0.60 region=0_18
ep=146 s=229 3593ms [sel=6 cap=3475 rest=112] sg=5->5 mode=NONE win=8 obs=230 | cap=wip act=(320,360) d=2.65 a=1 | sp=som:active d=2.7 age=1 dtg=0.41 region=0_18
ep=146 s=230 5586ms [sel=3 cap=5474 rest=109] sg=5->5 mode=NONE win=8 obs=231 | cap=wip act=(320,360) d=2.40 a=2 | sp=som:active d=2.4 age=2 dtg=0.41 region=0_18
ep=146 s=231 6130ms [sel=3 cap=6016 rest=111] sg=5->5 mode=NONE win=8 obs=232 | cap=wip act=(320,360) d=2.40 a=1 | sp=som:active d=2.4 age=3 dtg=0.25 region=0_18
ep=146 s=232 4315ms [sel=3 cap=4217 rest=94] sg=5->5 mode=NONE win=8 obs=233 | cap=wip act=(320,360) d=2.16 a=1 | sp=som:active d=2.2 age=4 dtg=0.28 region=0_18
ep=146 s=233 4303ms [sel=3 cap=4195 rest=105] sg=5->5 mode=NONE win=8 obs=234 | cap=wip act=(320,360) d=1.93 a=1 | sp=som:active d=1.9 age=5 dtg=0.47 region=0_18
ep=146 s=234 4615ms [sel=4 cap=4517 rest=94] sg=5->5 mode=NONE win=8 obs=235 | cap=wip act=(320,360) d=1.70 a=1 | sp=som:active d=1.7 age=6 dtg=0.70 region=0_18
ep=146 s=235 3261ms [sel=3 cap=3163 rest=95] sg=5->5 mode=NONE win=8 obs=236 | cap=wip act=(320,360) d=1.47 a=3 | sp=som:active d=1.5 age=7 dtg=0.70 region=0_18
ep=146 s=236 3339ms [sel=4 cap=3246 rest=89] sg=5->5 mode=NONE win=8 obs=237 | cap=wip act=(320,360) d=1.47 a=1 | sp=som:active d=1.5 age=8 dtg=0.95 region=0_18
ep=146 s=237 4827ms [sel=3 cap=4735 rest=89] sg=5->5 mode=NONE win=8 obs=238 | cap=wip act=(320,360) d=1.23 a=1 | sp=som:active d=1.2 age=9 dtg=1.20 region=0_18
ep=146 s=238 4502ms [sel=3 cap=4411 rest=88] sg=5->5 mode=NONE win=8 obs=239 | cap=wip act=(320,360) d=0.99 a=1 | sp=som:active d=1.0 age=10 dtg=1.45 region=0_17
ep=146 s=239 7229ms [sel=3 cap=7142 rest=84] sg=5->5 mode=NONE win=8 obs=240 | cap=wip act=(320,360) d=0.76 a=3 | sp=som:active d=0.8 age=11 dtg=1.45 region=0_17
ep=146 s=240 4523ms [sel=3 cap=4036 rest=448] sg=5->5 mode=NONE win=8 obs=241 | cap=wip act=(320,360) d=0.76 a=1 | preview=view-/6 yaw=+0 render=36ms | sp=som:active d=0.8 age=12 dtg=1.70 region=0_17
ep=146 s=241 4068ms [sel=3 cap=3990 rest=75] sg=5->5 mode=NONE win=8 obs=242 | cap=wip act=(320,360) d=0.52 a=3 | sp=som:active d=0.5 age=13 dtg=1.70 region=0_17
ep=146 s=242 3196ms [sel=3 cap=3111 rest=82] sg=5->5 mode=NONE win=8 obs=243 | cap=wip act=(320,360) d=0.52 a=1 | sp=som:active d=0.5 age=14 dtg=1.92 region=0_17
ep=146 s=243 5651ms [sel=1250 cap=4322 rest=78] sg=5->5 mode=NONE win=8 obs=244 | cap=wip act=(320,360) d=0.50 a=3 | sp=som:active d=0.5 age=0 som=1/6 dtg=1.92 region=0_17
ep=146 s=244 3808ms [sel=3 cap=3720 rest=85] sg=5->5 mode=NONE win=8 obs=245 | cap=wip act=(320,360) d=0.50 a=3 | sp=som:active d=0.5 age=1 dtg=1.92 region=0_17
ep=146 s=245 4210ms [sel=4 cap=4114 rest=92] sg=5->5 mode=NONE win=8 obs=246 | cap=wip act=(320,360) d=0.50 a=1 | sp=som:active d=0.5 age=2 dtg=2.08 region=0_17
ep=146 s=246 5589ms [sel=2078 cap=3418 rest=93] sg=5->5 mode=NONE win=8 obs=247 | cap=wip act=(320,360) d=1.47 a=3 | sp=som:active d=1.5 age=0 som=2/7 dtg=2.08 region=0_17
ep=146 s=247 4762ms [sel=4 cap=4654 rest=104] sg=5->5 mode=NONE win=8 obs=248 | cap=wip act=(320,360) d=1.47 a=1 | sp=som:active d=1.5 age=1 dtg=2.21 region=0_17
ep=146 s=248 5464ms [sel=4 cap=5360 rest=101] sg=5->5 mode=NONE win=8 obs=249 | cap=wip act=(320,360) d=1.22 a=1 | sp=som:active d=1.2 age=2 dtg=2.38 region=0_17
ep=146 s=249 5873ms [sel=5 cap=5747 rest=121] sg=5->5 mode=NONE win=8 obs=250 | cap=wip act=(320,360) d=0.97 a=1 | sp=som:active d=1.0 age=3 dtg=2.58 region=0_2
ep=146 s=250 2359ms [sel=4 cap=2262 rest=93] sg=5->5 mode=NONE win=8 obs=251 | cap=wip act=(320,360) d=0.72 a=1 | sp=som:active d=0.7 age=4 dtg=2.80 region=0_2
ep=146 s=251 6441ms [sel=3916 cap=2433 rest=92] sg=5->5 mode=NONE win=8 obs=252 | cap=wip act=(320,360) d=2.97 a=1 | sp=som:active d=3.0 age=0 som=2/6 dtg=3.03 region=0_2
ep=146 s=252 2804ms [sel=3 cap=2704 rest=98] sg=5->5 mode=NONE win=8 obs=253 | cap=wip act=(320,360) d=2.73 a=3 | sp=som:active d=2.7 age=1 dtg=3.03 region=0_2
ep=146 s=253 4272ms [sel=3 cap=4164 rest=105] sg=5->5 mode=NONE win=8 obs=254 | cap=wip act=(320,360) d=2.73 a=1 | sp=som:active d=2.7 age=2 dtg=3.24 region=0_2
ep=146 s=254 4355ms [sel=4 cap=4237 rest=115] sg=5->5 mode=NONE win=8 obs=255 | cap=wip act=(320,360) d=2.48 a=1 | sp=som:active d=2.5 age=3 dtg=3.45 region=0_2
ep=146 s=255 5925ms [sel=3 cap=5813 rest=110] sg=5->5 mode=NONE win=8 obs=256 | cap=wip act=(320,360) d=2.23 a=1 | sp=som:active d=2.2 age=4 dtg=3.67 region=0_2
ep=146 s=256 4262ms [sel=3 cap=4146 rest=113] sg=5->5 mode=NONE win=8 obs=257 | cap=wip act=(320,360) d=1.98 a=1 | sp=som:active d=2.0 age=5 dtg=3.90 region=0_2
ep=146 s=257 5580ms [sel=3 cap=5470 rest=107] sg=5->5 mode=NONE win=8 obs=258 | cap=wip act=(320,360) d=1.73 a=1 | sp=som:active d=1.7 age=6 dtg=4.14 region=0_2
ep=146 s=258 2882ms [sel=4 cap=2768 rest=110] sg=5->5 mode=NONE win=8 obs=259 | cap=wip act=(320,360) d=1.48 a=1 | sp=som:active d=1.5 age=7 dtg=4.37 region=0_2
ep=146 s=259 4322ms [sel=3 cap=4221 rest=98] sg=5->5 mode=NONE win=8 obs=260 | cap=wip act=(320,360) d=1.23 a=1 | sp=som:active d=1.2 age=8 dtg=4.61 region=0_2
ep=146 s=260 4437ms [sel=3 cap=4330 rest=104] sg=5->5 mode=NONE win=8 obs=261 | cap=wip act=(320,360) d=0.98 a=1 | sp=som:active d=1.0 age=9 dtg=4.85 region=0_2
ep=146 s=261 8728ms [sel=2073 cap=6537 rest=118] sg=5->6 mode=NONE win=8 obs=262 | cap=DONE act=(320,360) d=1.38 a=3 | sp=som:active d=1.4 age=0 som=2/4 dtg=4.85 region=0_2
ep=146 s=262 5961ms [sel=3 cap=5853 rest=105] sg=6->6 mode=NONE win=8 obs=263 | cap=wip act=(320,360) d=1.38 a=1 | sp=som:active d=1.4 age=1 dtg=5.06 region=0_2
ep=146 s=263 6798ms [sel=5 cap=6687 rest=107] sg=6->6 mode=NONE win=8 obs=264 | cap=wip act=(320,360) d=1.13 a=3 | sp=som:active d=1.1 age=2 dtg=5.06 region=0_2
ep=146 s=264 4506ms [sel=3 cap=4391 rest=112] sg=6->6 mode=NONE win=8 obs=265 | cap=wip act=(320,360) d=1.13 a=1 | sp=som:active d=1.1 age=3 dtg=5.25 region=0_2
ep=146 s=265 3445ms [sel=4 cap=3326 rest=115] sg=6->6 mode=NONE win=8 obs=266 | cap=wip act=(320,360) d=0.88 a=1 | sp=som:active d=0.9 age=4 dtg=5.44 region=0_2
ep=146 s=266 5628ms [sel=3 cap=5504 rest=120] sg=6->6 mode=NONE win=8 obs=267 | cap=wip act=(320,360) d=0.63 a=1 | sp=som:active d=0.6 age=5 dtg=5.64 region=0_2
ep=146 s=267 7413ms [sel=37 cap=6888 rest=450] sg=6->6 mode=NONE win=8 obs=268 | cap=wip act=(160,180) d=2.98 a=3 | preview=view5/6 yaw=+90 render=38ms | sp=preview:active d=3.0 age=0 dtg=5.64 region=0_2
ep=146 s=268 6445ms [sel=24 cap=6274 rest=146] sg=6->6 mode=NONE win=8 obs=269 | cap=wip act=(320,360) d=2.98 a=3 | sp=preview:active d=3.0 age=1 dtg=5.64 region=0_2
ep=146 s=269 5866ms [sel=24 cap=5735 rest=106] sg=6->6 mode=NONE win=8 obs=270 | cap=wip act=(320,360) d=2.98 a=3 | sp=preview:active d=3.0 age=2 dtg=5.64 region=0_2
ep=146 s=270 7381ms [sel=25 cap=7259 rest=97] sg=6->6 mode=NONE win=8 obs=271 | cap=wip act=(320,360) d=2.98 a=3 | sp=preview:active d=3.0 age=3 dtg=5.64 region=0_2
ep=146 s=271 4965ms [sel=25 cap=4490 rest=415] sg=6->6 mode=NONE win=8 obs=272 | cap=wip act=(320,360) d=2.98 a=3 | preview=view-/6 yaw=+0 render=35ms | sp=preview:active d=3.0 age=4 dtg=5.64 region=0_2
ep=146 s=272 6490ms [sel=25 cap=6362 rest=102] sg=6->6 mode=NONE win=8 obs=273 | cap=wip act=(320,360) d=2.98 a=3 | sp=preview:active d=3.0 age=5 dtg=5.64 region=0_2
ep=146 s=273 6732ms [sel=24 cap=6604 rest=104] sg=6->6 mode=WALL_STUCK win=8 obs=274 | cap=wip/WALL_STUCK act=(320,360) d=2.98 a=3 | sp=preview:active d=3.0 age=6 dtg=5.64 region=0_2
ep=146 s=274 5153ms [sel=24 cap=5028 rest=102] sg=6->6 mode=NONE win=8 obs=275 | cap=wip act=(320,360) d=2.98 a=3 | sp=preview:active d=3.0 age=7 dtg=5.64 region=0_2
ep=146 s=275 3669ms [sel=3 cap=3560 rest=106] sg=6->6 mode=NONE win=8 obs=276 | cap=wip act=(320,360) d=2.98 a=3 | sp=preview:active d=3.0 age=8 dtg=5.64 region=0_2
ep=146 s=276 4356ms [sel=4 cap=4252 rest=100] sg=6->6 mode=NONE win=8 obs=277 | cap=wip act=(320,360) d=2.98 a=3 | sp=preview:active d=3.0 age=9 dtg=5.64 region=0_2
ep=146 s=277 3197ms [sel=3 cap=3085 rest=109] sg=6->6 mode=NONE win=8 obs=278 | cap=wip act=(320,360) d=2.98 a=1 | sp=preview:active d=3.0 age=10 dtg=5.39 region=0_2
ep=146 s=278 4116ms [sel=3 cap=4007 rest=106] sg=6->6 mode=NONE win=8 obs=279 | cap=wip act=(320,360) d=2.73 a=1 | sp=preview:active d=2.7 age=11 dtg=5.15 region=0_2
ep=146 s=279 5515ms [sel=3 cap=5404 rest=108] sg=6->6 mode=NONE win=8 obs=280 | cap=wip act=(320,360) d=2.48 a=1 | sp=preview:active d=2.5 age=12 dtg=4.90 region=0_2
ep=146 s=280 3493ms [sel=3 cap=3383 rest=107] sg=6->6 mode=NONE win=8 obs=281 | cap=wip act=(320,360) d=2.23 a=1 | sp=preview:active d=2.2 age=13 dtg=4.65 region=0_2
ep=146 s=281 2921ms [sel=5 cap=2808 rest=108] sg=6->6 mode=NONE win=8 obs=282 | cap=wip act=(320,360) d=1.98 a=1 | sp=preview:active d=2.0 age=14 dtg=4.40 region=0_2
ep=146 s=282 4115ms [sel=5 cap=4007 rest=104] sg=6->6 mode=NONE win=8 obs=283 | cap=wip act=(320,360) d=1.74 a=1 | sp=preview:active d=1.7 age=15 dtg=4.15 region=0_2
ep=146 s=283 4871ms [sel=4 cap=4766 rest=102] sg=6->6 mode=NONE win=8 obs=284 | cap=wip act=(320,360) d=1.49 a=1 | sp=preview:active d=1.5 age=16 dtg=3.91 region=0_2
ep=146 s=284 2798ms [sel=4 cap=2696 rest=98] sg=6->6 mode=NONE win=8 obs=285 | cap=wip act=(320,360) d=1.25 a=1 | sp=preview:active d=1.2 age=17 dtg=3.66 region=0_2
ep=146 s=285 3402ms [sel=4 cap=3302 rest=96] sg=6->6 mode=NONE win=8 obs=286 | cap=wip act=(320,360) d=1.00 a=1 | sp=preview:active d=1.0 age=18 dtg=3.42 region=0_2
ep=146 s=286 3309ms [sel=4 cap=3214 rest=91] sg=6->6 mode=NONE win=8 obs=287 | cap=wip act=(320,360) d=0.77 a=1 | sp=preview:active d=0.8 age=19 dtg=3.18 region=0_2
ep=146 s=287 10489ms [sel=1655 cap=8357 rest=441] sg=6->6 mode=NONE win=8 obs=288 | cap=wip act=(320,360) d=3.07 a=1 | preview=view-/6 yaw=+0 render=36ms | sp=som:active d=3.1 age=0 som=1/7 dtg=2.94 region=0_2
ep=146 s=288 3455ms [sel=3 cap=3365 rest=87] sg=6->6 mode=NONE win=8 obs=289 | cap=wip act=(320,360) d=2.82 a=1 | sp=som:active d=2.8 age=1 dtg=2.71 region=0_2
ep=146 s=289 5035ms [sel=3 cap=4946 rest=86] sg=6->6 mode=NONE win=8 obs=290 | cap=wip act=(320,360) d=2.57 a=1 | sp=som:active d=2.6 age=2 dtg=2.49 region=0_2
ep=146 s=290 8814ms [sel=453 cap=7897 rest=427] sg=6->None mode=NONE win=8 obs=291 | cap=DONE act=(320,360) d=3.62 a=1 | preview=view-/6 yaw=+0 render=36ms | sp=som:active d=2.3 age=3 ovr=2 door_evts=8 dtg=2.28 region=0_17
ep=146 s=291 97ms [sel=2 cap=0 rest=95] sg=None->None mode=NONE win=8 obs=292 | cap=- act=(320,360) d=3.37 a=1 | sp=endpoint:active d=3.4 age=1 ovr=2 door_evts=8 dtg=2.10 region=0_17
ep=146 s=292 98ms [sel=3 cap=0 rest=96] sg=None->None mode=NONE win=8 obs=293 | cap=- act=(320,360) d=3.12 a=1 | sp=endpoint:active d=3.1 age=2 ovr=2 door_evts=8 dtg=2.00 region=0_17
ep=146 s=293 99ms [sel=2 cap=0 rest=97] sg=None->None mode=NONE win=8 obs=294 | cap=- act=(320,360) d=2.87 a=1 | sp=endpoint:active d=2.9 age=3 ovr=2 door_evts=8 dtg=1.94 region=0_17
ep=146 s=294 105ms [sel=2 cap=0 rest=102] sg=None->None mode=NONE win=8 obs=295 | cap=- act=(320,360) d=2.62 a=1 | sp=endpoint:active d=2.6 age=4 ovr=2 door_evts=8 dtg=1.92 region=0_17
ep=146 s=295 108ms [sel=2 cap=0 rest=106] sg=None->None mode=NONE win=8 obs=296 | cap=- act=(320,360) d=2.37 a=1 | sp=endpoint:active d=2.4 age=5 ovr=2 door_evts=8 dtg=1.93 region=0_17
ep=146 s=296 136ms [sel=3 cap=0 rest=133] sg=None->None mode=NONE win=8 obs=297 | cap=- act=(320,360) d=2.12 a=1 | sp=endpoint:active d=2.1 age=6 ovr=2 door_evts=8 dtg=1.97 region=0_17
ep=146 s=297 116ms [sel=2 cap=0 rest=114] sg=None->None mode=NONE win=8 obs=298 | cap=- act=(320,360) d=1.87 a=1 | sp=endpoint:active d=1.9 age=7 ovr=2 door_evts=8 dtg=2.04 region=0_17
ep=146 s=298 123ms [sel=2 cap=0 rest=120] sg=None->None mode=NONE win=8 obs=299 | cap=- act=(320,360) d=1.62 a=1 | sp=endpoint:active d=1.6 age=8 ovr=2 door_evts=8 dtg=2.19 region=0_17
ep=146 s=299 114ms [sel=0 cap=0 rest=114] sg=None->None mode=NONE win=8 obs=300 | cap=- act=STOP | sp=endpoint:active d=1.4 age=9 ovr=2 door_evts=8 dtg=2.19 region=0_17
rank=1 [3/17] id=146 steps=300 success=1.000 spl=0.130 dtg=2.19 osr=1 path_length=55.75 ndtw=0.000 sdtw=0.000
episode=247 instruction="Straight to the hallway on the right. Right, along the hallway. At the hallway's end, slightly left into the living room. Halt at the couch." start_position=[1.6058199405670166, 0.17162801325321198, -3.821429967880249] goal_position=[6.924980163574219, 0.17162801325321198, 1.1728399991989136] reference_geodesic=7.783293724060059
episode=247 prepared_subgoals=3
  [1] Go straight to the hallway on the right
      proof: The hallway on the right is beside or directly ahead of the camera, within a step; the camera has not yet turned right.
  [2] Turn right at the hallway entrance, then walk along the hallway
      proof: The end of the hallway is visible ahead, with the living room entrance in view.
  [3] Turn slightly left into the living room, then halt at the couch
      proof: The camera is beside the couch, which is centered in the view
ep=247 s=0 12637ms [sel=5 cap=12140 rest=453] sg=1->1 mode=NONE win=1 obs=1 | cap=wip act=PREVIEW a=2 | preview=view3/6 yaw=+45 render=38ms dtg=7.78 region=0_18
ep=247 s=1 10505ms [sel=1354 cap=9044 rest=106] sg=1->1 mode=NONE win=2 obs=2 | cap=wip act=(320,360) d=2.95 a=3 | sp=som:active d=3.0 age=0 som=3/7 dtg=7.78 region=0_18
ep=247 s=2 3371ms [sel=6 cap=3264 rest=101] sg=1->1 mode=NONE win=3 obs=3 | cap=wip act=(320,360) d=2.95 a=3 | sp=som:active d=3.0 age=1 dtg=7.78 region=0_18
ep=247 s=3 4888ms [sel=6 cap=4780 rest=102] sg=1->1 mode=WALL_STUCK win=4 obs=4 | cap=wip/WALL_STUCK act=(320,360) d=2.95 a=3 | sp=som:active d=3.0 age=2 dtg=7.78 region=0_18
ep=247 s=4 7891ms [sel=32 cap=7303 rest=489] sg=1->1 mode=WALL_STUCK win=5 obs=5 | cap=wip/WALL_STUCK act=(160,180) d=2.45 a=3 | preview=view1/6 yaw=-60 render=68ms | sp=preview:active d=2.5 age=0 dtg=7.78 region=0_18
ep=247 s=5 3585ms [sel=6 cap=3475 rest=104] sg=1->1 mode=NONE win=6 obs=6 | cap=wip act=(320,360) d=2.45 a=3 | sp=preview:active d=2.5 age=1 dtg=7.78 region=0_18
ep=247 s=6 5802ms [sel=6 cap=5687 rest=109] sg=1->1 mode=NONE win=7 obs=7 | cap=wip act=(320,360) d=2.45 a=3 | sp=preview:active d=2.5 age=2 dtg=7.78 region=0_18
ep=247 s=7 17708ms [sel=6 cap=17595 rest=107] sg=1->1 mode=TURN_OSCILLATION win=8 obs=8 | cap=wip/TURN_OSCILLATION act=(320,360) d=2.45 a=3 | sp=preview:active d=2.5 age=3 dtg=7.78 region=0_18
ep=247 s=8 3774ms [sel=6 cap=3664 rest=104] sg=1->1 mode=NONE win=8 obs=9 | cap=wip act=(320,360) d=2.45 a=3 | sp=preview:active d=2.5 age=4 dtg=7.78 region=0_18
ep=247 s=9 4036ms [sel=6 cap=3927 rest=103] sg=1->1 mode=NONE win=8 obs=10 | cap=wip act=(320,360) d=2.45 a=3 | sp=preview:active d=2.5 age=5 dtg=7.78 region=0_18
ep=247 s=10 7978ms [sel=8 cap=7871 rest=99] sg=1->1 mode=NONE win=8 obs=11 | cap=wip act=(320,360) d=2.45 a=3 | sp=preview:active d=2.5 age=6 dtg=7.78 region=0_18
ep=247 s=11 5889ms [sel=4 cap=5794 rest=92] sg=1->1 mode=NONE win=8 obs=12 | cap=wip act=(320,360) d=2.45 a=3 | sp=preview:active d=2.5 age=7 dtg=7.78 region=0_18
ep=247 s=12 3048ms [sel=4 cap=2959 rest=85] sg=1->1 mode=NONE win=8 obs=13 | cap=wip act=(320,360) d=2.45 a=1 | sp=preview:active d=2.5 age=8 dtg=7.54 region=0_18
ep=247 s=13 4183ms [sel=4 cap=4095 rest=84] sg=1->1 mode=NONE win=8 obs=14 | cap=wip act=(320,360) d=2.70 a=1 | sp=preview:active d=2.7 age=9 dtg=7.30 region=0_18
ep=247 s=14 3707ms [sel=5 cap=3612 rest=89] sg=1->1 mode=NONE win=8 obs=15 | cap=wip act=(320,360) d=2.95 a=1 | sp=preview:active d=3.0 age=10 dtg=7.07 region=0_18
ep=247 s=15 4396ms [sel=30 cap=4275 rest=91] sg=1->1 mode=NONE win=8 obs=16 | cap=wip act=(320,360) d=3.20 a=1 | sp=preview:active d=3.2 age=11 dtg=6.85 region=0_18
ep=247 s=16 3374ms [sel=22 cap=3251 rest=101] sg=1->1 mode=NONE win=8 obs=17 | cap=wip act=(320,360) d=3.45 a=1 | sp=preview:active d=3.5 age=12 dtg=6.66 region=0_18
ep=247 s=17 2684ms [sel=7 cap=2587 rest=90] sg=1->1 mode=NONE win=8 obs=18 | cap=wip act=(320,360) d=3.70 a=3 | sp=preview:active d=3.7 age=13 dtg=6.66 region=0_18
ep=247 s=18 2523ms [sel=5 cap=2408 rest=110] sg=1->1 mode=NONE win=8 obs=19 | cap=wip act=(320,360) d=3.70 a=1 | sp=preview:active d=3.7 age=14 dtg=6.46 region=0_18
ep=247 s=19 4043ms [sel=6 cap=3949 rest=87] sg=1->1 mode=NONE win=8 obs=20 | cap=wip act=(320,360) d=3.94 a=3 | sp=preview:active d=3.9 age=15 dtg=6.46 region=0_18
ep=247 s=20 3919ms [sel=4 cap=3831 rest=84] sg=1->1 mode=NONE win=8 obs=21 | cap=wip act=(320,360) d=3.94 a=1 | sp=preview:active d=3.9 age=16 dtg=6.25 region=0_18
ep=247 s=21 7527ms [sel=22 cap=7020 rest=448] sg=1->1 mode=NONE win=8 obs=22 | cap=wip act=(160,180) d=2.54 a=1 | preview=view2/6 yaw=-45 render=36ms | sp=preview:active d=2.5 age=0 dtg=6.06 region=0_18
ep=247 s=22 3859ms [sel=3 cap=3769 rest=87] sg=1->1 mode=NONE win=8 obs=23 | cap=wip act=(320,360) d=2.29 a=3 | sp=preview:active d=2.3 age=1 dtg=6.06 region=0_18
ep=247 s=23 7269ms [sel=3 cap=7181 rest=85] sg=1->1 mode=NONE win=8 obs=24 | cap=wip act=(320,360) d=2.29 a=1 | sp=preview:active d=2.3 age=2 dtg=5.84 region=0_18
ep=247 s=24 3586ms [sel=3 cap=3494 rest=89] sg=1->1 mode=NONE win=8 obs=25 | cap=wip act=(320,360) d=2.04 a=1 | sp=preview:active d=2.0 age=3 dtg=5.62 region=0_18
ep=247 s=25 3950ms [sel=3 cap=3858 rest=89] sg=1->1 mode=NONE win=8 obs=26 | cap=wip act=(320,360) d=1.80 a=1 | sp=preview:active d=1.8 age=4 dtg=5.42 region=0_18
ep=247 s=26 2683ms [sel=3 cap=2584 rest=96] sg=1->1 mode=NONE win=8 obs=27 | cap=wip act=(320,360) d=1.56 a=1 | sp=preview:active d=1.6 age=5 dtg=5.22 region=0_18
ep=247 s=27 2257ms [sel=3 cap=2154 rest=100] sg=1->1 mode=NONE win=8 obs=28 | cap=wip act=(320,360) d=1.33 a=1 | sp=preview:active d=1.3 age=6 dtg=5.03 region=0_18
ep=247 s=28 3169ms [sel=0 cap=3063 rest=106] sg=1->2 mode=NONE win=8 obs=29 | cap=DONE act=TURN request=+45deg execute=+15deg x1 a=3 | sp=preview:active d=1.1 age=7 dtg=5.03 region=0_18
ep=247 s=29 4996ms [sel=0 cap=4897 rest=99] sg=2->2 mode=NONE win=8 obs=30 | cap=wip act=TURN request=+45deg execute=+15deg x1 a=3 dtg=5.03 region=0_18
ep=247 s=30 5668ms [sel=0 cap=5572 rest=97] sg=2->2 mode=NONE win=8 obs=31 | cap=wip act=TURN request=+45deg execute=+15deg x1 a=3 dtg=5.03 region=0_18
ep=247 s=31 4551ms [sel=0 cap=4462 rest=89] sg=2->2 mode=NONE win=8 obs=32 | cap=wip act=TURN request=+45deg execute=+15deg x1 a=3 dtg=5.03 region=0_18
ep=247 s=32 5733ms [sel=0 cap=5639 rest=94] sg=2->2 mode=NONE win=8 obs=33 | cap=wip act=TURN request=+45deg execute=+15deg x1 a=3 dtg=5.03 region=0_18
ep=247 s=33 9304ms [sel=2363 cap=6849 rest=93] sg=2->2 mode=NONE win=8 obs=34 | cap=wip act=(320,360) d=2.80 a=1 | sp=som:active d=2.8 age=0 som=4/8 dtg=4.82 region=0_18
ep=247 s=34 3071ms [sel=3 cap=2982 rest=85] sg=2->2 mode=NONE win=8 obs=35 | cap=wip act=(320,360) d=2.55 a=1 | sp=som:active d=2.6 age=1 dtg=4.62 region=0_18
ep=247 s=35 3840ms [sel=3 cap=3755 rest=83] sg=2->2 mode=NONE win=8 obs=36 | cap=wip act=(320,360) d=2.30 a=1 | sp=som:active d=2.3 age=2 dtg=4.44 region=0_18
ep=247 s=36 3150ms [sel=3 cap=3070 rest=77] sg=2->2 mode=NONE win=8 obs=37 | cap=wip act=(320,360) d=2.06 a=1 | sp=som:active d=2.1 age=3 dtg=4.29 region=0_18
ep=247 s=37 3559ms [sel=3 cap=3486 rest=70] sg=2->2 mode=NONE win=8 obs=38 | cap=wip act=(320,360) d=1.81 a=2 | sp=som:active d=1.8 age=4 dtg=4.29 region=0_18
ep=247 s=38 4731ms [sel=3 cap=4652 rest=75] sg=2->2 mode=NONE win=8 obs=39 | cap=wip act=(320,360) d=1.81 a=1 | sp=som:active d=1.8 age=5 dtg=4.11 region=0_18
ep=247 s=39 8428ms [sel=1459 cap=6892 rest=77] sg=2->3 mode=NONE win=8 obs=40 | cap=DONE act=(320,360) d=1.84 a=2 | sp=som:active d=1.8 age=0 som=5/8 dtg=4.11 region=0_18
ep=247 s=40 4505ms [sel=3 cap=4421 rest=81] sg=3->3 mode=NONE win=8 obs=41 | cap=wip act=(320,360) d=1.84 a=1 | sp=som:active d=1.8 age=1 dtg=3.93 region=0_18
ep=247 s=41 4158ms [sel=3 cap=4074 rest=81] sg=3->3 mode=NONE win=8 obs=42 | cap=wip act=(320,360) d=1.63 a=1 | sp=som:active d=1.6 age=2 dtg=3.77 region=0_18
ep=247 s=42 12098ms [sel=5 cap=11643 rest=415] sg=3->3 mode=NONE win=8 obs=43 | cap=wip act=(320,360) d=1.44 a=3 | preview=view-/6 yaw=+0 render=35ms | sp=som:active d=1.4 age=3 dtg=3.77 region=0_18
ep=247 s=43 5101ms [sel=3 cap=5021 rest=77] sg=3->3 mode=NONE win=8 obs=44 | cap=wip act=(320,360) d=1.44 a=1 | sp=som:active d=1.4 age=4 dtg=3.69 region=0_17
ep=247 s=44 4624ms [sel=3 cap=4550 rest=72] sg=3->3 mode=NONE win=8 obs=45 | cap=wip act=(320,360) d=1.23 a=3 | sp=som:active d=1.2 age=5 dtg=3.69 region=0_17
ep=247 s=45 12201ms [sel=3 cap=11725 rest=438] sg=3->3 mode=NONE win=8 obs=46 | cap=wip act=(320,360) d=1.23 a=1 | preview=view-/6 yaw=+0 render=35ms | sp=som:active d=1.2 age=6 dtg=3.70 region=0_17
ep=247 s=46 7357ms [sel=3 cap=7281 rest=73] sg=3->3 mode=NONE win=8 obs=47 | cap=wip act=(320,360) d=0.99 a=3 | sp=som:active d=1.0 age=7 dtg=3.70 region=0_17
ep=247 s=47 16705ms [sel=3 cap=16620 rest=82] sg=3->3 mode=NONE win=8 obs=48 | cap=wip act=(320,360) d=0.99 a=1 | sp=som:active d=1.0 age=8 dtg=3.78 region=0_17
ep=247 s=48 1748ms [sel=3 cap=1666 rest=80] sg=3->3 mode=NONE win=8 obs=49 | cap=wip act=(320,360) d=0.75 a=1 | sp=som:active d=0.7 age=9 dtg=3.87 region=0_17
ep=247 s=49 4933ms [sel=3 cap=4847 rest=82] sg=3->3 mode=NONE win=8 obs=50 | cap=wip act=(320,360) d=0.51 a=3 | sp=som:active d=0.5 age=10 dtg=3.87 region=0_17
ep=247 s=50 3244ms [sel=3 cap=3150 rest=92] sg=3->3 mode=NONE win=8 obs=51 | cap=wip act=(320,360) d=0.51 a=1 | sp=som:active d=0.5 age=11 dtg=4.04 region=0_17
ep=247 s=51 12901ms [sel=82 cap=12396 rest=387] sg=3->3 mode=NONE win=8 obs=52 | cap=wip act=(320,360) d=3.37 a=2 | preview=view-/6 yaw=+0 render=35ms | sp=frontier:active d=3.4 age=0 dtg=4.04 region=0_17
ep=247 s=52 5682ms [sel=34 cap=5570 rest=79] sg=3->3 mode=NONE win=8 obs=53 | cap=wip act=(320,360) d=3.37 a=2 | sp=frontier:active d=3.4 age=1 dtg=4.04 region=0_17
ep=247 s=53 5463ms [sel=37 cap=5351 rest=75] sg=3->3 mode=NONE win=8 obs=54 | cap=wip act=(320,360) d=3.37 a=2 | sp=frontier:active d=3.4 age=2 dtg=4.04 region=0_17
ep=247 s=54 5438ms [sel=33 cap=5340 rest=65] sg=3->3 mode=NONE win=8 obs=55 | cap=wip act=(320,360) d=3.37 a=2 | sp=frontier:active d=3.4 age=3 dtg=4.04 region=0_17
ep=247 s=55 7554ms [sel=29 cap=7465 rest=60] sg=3->3 mode=NONE win=8 obs=56 | cap=wip act=(320,360) d=3.37 a=2 | sp=frontier:active d=3.4 age=4 dtg=4.04 region=0_17
ep=247 s=56 3984ms [sel=23 cap=3547 rest=379] sg=3->3 mode=NONE win=8 obs=57 | cap=wip act=(320,360) d=3.37 a=2 | preview=view-/6 yaw=+0 render=35ms | sp=frontier:active d=3.4 age=5 dtg=4.04 region=0_17
ep=247 s=57 5676ms [sel=23 cap=5579 rest=74] sg=3->3 mode=NONE win=8 obs=58 | cap=wip act=(320,360) d=3.37 a=2 | sp=frontier:active d=3.4 age=6 dtg=4.04 region=0_17
ep=247 s=58 6233ms [sel=5 cap=6152 rest=76] sg=3->3 mode=NONE win=8 obs=59 | cap=wip act=(320,360) d=3.37 a=2 | sp=frontier:active d=3.4 age=7 dtg=4.04 region=0_17
ep=247 s=59 9592ms [sel=3 cap=9166 rest=387] sg=3->3 mode=NONE win=8 obs=60 | cap=wip act=(320,360) d=3.37 a=2 | preview=view-/6 yaw=+0 render=36ms | sp=frontier:active d=3.4 age=8 dtg=4.04 region=0_17
ep=247 s=60 5697ms [sel=6 cap=5581 rest=110] sg=3->3 mode=NONE win=8 obs=61 | cap=wip act=(320,360) d=3.37 a=1 | sp=frontier:active d=3.4 age=9 dtg=3.79 region=0_17
ep=247 s=61 5366ms [sel=7 cap=5272 rest=87] sg=3->3 mode=NONE win=8 obs=62 | cap=wip act=(320,360) d=3.19 a=1 | sp=frontier:active d=3.2 age=10 dtg=3.54 region=0_17
ep=247 s=62 14653ms [sel=7 cap=14182 rest=425] sg=3->3 mode=NONE win=8 obs=63 | cap=wip act=(320,360) d=3.01 a=2 | preview=view-/6 yaw=+0 render=38ms | sp=frontier:active d=3.0 age=11 dtg=3.54 region=0_17
ep=247 s=63 8597ms [sel=13 cap=8495 rest=89] sg=3->3 mode=NONE win=8 obs=64 | cap=wip act=(320,360) d=3.01 a=1 | sp=frontier:active d=3.0 age=12 dtg=3.30 region=0_17
ep=247 s=64 8413ms [sel=21 cap=8280 rest=111] sg=3->3 mode=NONE win=8 obs=65 | cap=wip act=(320,360) d=2.91 a=1 | sp=frontier:active d=2.9 age=13 dtg=3.07 region=0_17
ep=247 s=65 5940ms [sel=16 cap=5804 rest=120] sg=3->3 mode=NONE win=8 obs=66 | cap=wip act=(320,360) d=2.82 a=1 | sp=frontier:active d=2.8 age=14 dtg=2.83 region=0_17
ep=247 s=66 11346ms [sel=18 cap=10808 rest=486] sg=3->3 mode=NONE win=8 obs=67 | cap=wip act=(320,360) d=2.75 a=3 | preview=view-/6 yaw=+0 render=35ms | sp=frontier:active d=2.8 age=15 dtg=2.83 region=0_17
ep=247 s=67 8210ms [sel=16 cap=8084 rest=110] sg=3->3 mode=NONE win=8 obs=68 | cap=wip act=(320,360) d=2.75 a=1 | sp=frontier:active d=2.8 age=16 dtg=2.59 region=0_17
ep=247 s=68 6587ms [sel=17 cap=6459 rest=112] sg=3->3 mode=NONE win=8 obs=69 | cap=wip act=(320,360) d=2.64 a=3 | sp=frontier:active d=2.6 age=17 dtg=2.59 region=0_17
ep=247 s=69 14829ms [sel=5 cap=14290 rest=498] sg=3->None mode=NONE win=8 obs=70 | cap=DONE act=(320,360) d=1.00 a=1 | preview=view-/6 yaw=+0 render=35ms | sp=frontier:active d=2.6 age=18 door_evts=1 dtg=2.34 region=0_17
ep=247 s=70 110ms [sel=5 cap=0 rest=105] sg=None->None mode=NONE win=8 obs=71 | cap=- act=(320,360) d=1.00 a=1 | sp=frontier:active d=2.5 age=19 door_evts=1 dtg=2.09 region=0_17
ep=247 s=71 109ms [sel=4 cap=0 rest=105] sg=None->None mode=NONE win=8 obs=72 | cap=- act=(320,360) d=1.00 a=1 | sp=frontier:active d=2.4 age=20 door_evts=1 dtg=1.84 region=0_17
ep=247 s=72 105ms [sel=0 cap=0 rest=105] sg=None->None mode=NONE win=8 obs=73 | cap=- act=STOP | sp=frontier:active d=2.3 age=21 door_evts=1 dtg=1.84 region=0_17
rank=1 [4/17] id=247 steps=73 success=1.000 spl=0.916 dtg=1.84 osr=1 path_length=8.50 ndtw=0.845 sdtw=0.845
PluginManager::Manager: duplicate static plugin StbImageImporter, ignoring
PluginManager::Manager: duplicate static plugin GltfImporter, ignoring
PluginManager::Manager: duplicate static plugin BasisImporter, ignoring
PluginManager::Manager: duplicate static plugin AssimpImporter, ignoring
PluginManager::Manager: duplicate static plugin AnySceneImporter, ignoring
PluginManager::Manager: duplicate static plugin AnyImageImporter, ignoring
episode=377 instruction='Out of the bathroom. Right. Down the hallway into the entry way. Halt by the console table on the right, banister to the stairs on the right.' start_position=[7.335969924926758, 0.024399995803833008, -4.526760101318359] goal_position=[0.5773000121116638, 0.024399995803833008, -1.52606999874115] reference_geodesic=7.655391693115234
episode=377 prepared_subgoals=5
  [1] Exit the bathroom
      proof: The camera has passed the bathroom threshold and the hallway is central in the view.
  [2] Turn right at the bathroom exit
      proof: After turning right, the hallway extends ahead and the entry way is visible down the hall.
  [3] Walk down the hallway into the entry way
      proof: The entry way is central in the view and the camera has passed the hallway’s end.
  [4] Halt beside the console table on the right
      proof: The console table is directly beside or ahead of the camera, within a step.
  [5] Turn right toward the banister of the stairs, then stop beside the banister of the stairs
      proof: The banister is directly beside or ahead of the camera, within a step
ep=377 s=0 9283ms [sel=2611 cap=6255 rest=378] sg=1->1 mode=NONE win=1 obs=1 | cap=wip act=(320,360) d=3.02 a=1 | preview=view-/6 yaw=+0 render=39ms | sp=som:active d=3.0 age=0 som=3/7 dtg=7.52 region=1_15
ep=377 s=1 5194ms [sel=3 cap=5097 rest=93] sg=1->1 mode=NONE win=2 obs=2 | cap=wip act=(320,360) d=2.78 a=1 | sp=som:active d=2.8 age=1 dtg=7.47 region=1_15
ep=377 s=2 3954ms [sel=4 cap=3858 rest=93] sg=1->1 mode=NONE win=3 obs=3 | cap=wip act=(320,360) d=2.53 a=1 | sp=som:active d=2.5 age=2 dtg=7.43 region=1_15
ep=377 s=3 3832ms [sel=3 cap=3738 rest=90] sg=1->1 mode=NONE win=4 obs=4 | cap=wip act=(320,360) d=2.29 a=3 | sp=som:active d=2.3 age=3 dtg=7.43 region=1_15
ep=377 s=4 4317ms [sel=3 cap=4218 rest=95] sg=1->1 mode=NONE win=5 obs=5 | cap=wip act=(320,360) d=2.29 a=1 | sp=som:active d=2.3 age=4 dtg=7.34 region=1_15
ep=377 s=5 5011ms [sel=4 cap=4917 rest=90] sg=1->1 mode=NONE win=6 obs=6 | cap=wip act=(320,360) d=2.04 a=1 | sp=som:active d=2.0 age=5 dtg=7.27 region=1_15
ep=377 s=6 7048ms [sel=3 cap=6955 rest=90] sg=1->1 mode=NONE win=7 obs=7 | cap=wip act=(320,360) d=1.79 a=3 | sp=som:active d=1.8 age=6 dtg=7.27 region=1_15
ep=377 s=7 7746ms [sel=3 cap=7643 rest=100] sg=1->1 mode=NONE win=8 obs=8 | cap=wip act=(320,360) d=1.79 a=1 | sp=som:active d=1.8 age=7 dtg=7.17 region=1_15
ep=377 s=8 5104ms [sel=3 cap=4587 rest=478] sg=1->1 mode=NONE win=8 obs=9 | cap=wip act=(320,360) d=1.55 a=1 | preview=view-/6 yaw=+0 render=36ms | sp=som:active d=1.6 age=8 dtg=7.11 region=1_15
ep=377 s=9 3740ms [sel=3 cap=3630 rest=107] sg=1->1 mode=NONE win=8 obs=10 | cap=wip act=(320,360) d=1.31 a=1 | sp=som:active d=1.3 age=9 dtg=7.09 region=1_15
ep=377 s=10 5630ms [sel=0 cap=5518 rest=113] sg=1->2 mode=NONE win=8 obs=11 | cap=DONE act=TURN request=+45deg execute=+15deg x1 a=3 | sp=som:active d=1.1 age=10 dtg=7.09 region=1_15
ep=377 s=11 5570ms [sel=0 cap=5462 rest=108] sg=2->2 mode=NONE win=8 obs=12 | cap=wip act=TURN request=+45deg execute=+15deg x1 a=3 dtg=7.09 region=1_15
ep=377 s=12 7576ms [sel=1595 cap=5880 rest=101] sg=2->3 mode=NONE win=8 obs=13 | cap=DONE act=(320,360) d=0.88 a=3 | sp=som:active d=0.9 age=0 som=4/7 dtg=7.09 region=1_15
ep=377 s=13 6503ms [sel=3 cap=6398 rest=103] sg=3->3 mode=NONE win=8 obs=14 | cap=wip act=(320,360) d=0.88 a=3 | sp=som:active d=0.9 age=1 dtg=7.09 region=1_15
ep=377 s=14 6259ms [sel=3 cap=6163 rest=93] sg=3->3 mode=NONE win=8 obs=15 | cap=wip act=(320,360) d=0.88 a=1 | sp=som:active d=0.9 age=2 dtg=6.89 region=1_15
ep=377 s=15 4646ms [sel=3 cap=4552 rest=91] sg=3->3 mode=NONE win=8 obs=16 | cap=wip act=(320,360) d=0.64 a=1 | sp=som:active d=0.6 age=3 dtg=6.70 region=1_15
ep=377 s=16 6074ms [sel=1306 cap=4678 rest=90] sg=3->3 mode=NONE win=8 obs=17 | cap=wip act=(320,360) d=3.82 a=3 | sp=frontier:active d=3.8 age=0 som=1/8 dtg=6.70 region=1_15
ep=377 s=17 2713ms [sel=7 cap=2610 rest=95] sg=3->3 mode=NONE win=8 obs=18 | cap=wip act=(320,360) d=3.82 a=3 | sp=frontier:active d=3.8 age=1 dtg=6.70 region=1_15
ep=377 s=18 3021ms [sel=3 cap=2917 rest=101] sg=3->3 mode=NONE win=8 obs=19 | cap=wip act=(320,360) d=3.82 a=3 | sp=frontier:active d=3.8 age=2 dtg=6.70 region=1_15
ep=377 s=19 4224ms [sel=3 cap=4127 rest=94] sg=3->3 mode=NONE win=8 obs=20 | cap=wip act=(320,360) d=3.82 a=1 | sp=frontier:active d=3.8 age=3 dtg=6.45 region=1_15
ep=377 s=20 3472ms [sel=4 cap=3365 rest=103] sg=3->3 mode=NONE win=8 obs=21 | cap=wip act=(320,360) d=3.60 a=3 | sp=frontier:active d=3.6 age=4 dtg=6.45 region=1_15
ep=377 s=21 4031ms [sel=15 cap=3919 rest=98] sg=3->3 mode=NONE win=8 obs=22 | cap=wip act=(320,360) d=3.60 a=1 | sp=frontier:active d=3.6 age=5 dtg=6.21 region=1_15
ep=377 s=22 2977ms [sel=15 cap=2861 rest=101] sg=3->3 mode=NONE win=8 obs=23 | cap=wip act=(320,360) d=3.41 a=3 | sp=frontier:active d=3.4 age=6 dtg=6.21 region=1_15
ep=377 s=23 6436ms [sel=1958 cap=4373 rest=104] sg=3->4 mode=NONE win=8 obs=24 | cap=DONE act=(320,360) d=3.06 a=1 | sp=som:active d=3.1 age=0 som=3/8 dtg=6.04 region=1_15
ep=377 s=24 2859ms [sel=29 cap=2735 rest=94] sg=4->4 mode=NONE win=8 obs=25 | cap=wip act=(320,360) d=2.87 a=2 | sp=som:active d=2.9 age=1 dtg=6.04 region=1_15
ep=377 s=25 3923ms [sel=21 cap=3803 rest=99] sg=4->4 mode=NONE win=8 obs=26 | cap=wip act=(320,360) d=2.87 a=1 | sp=som:active d=2.9 age=2 dtg=5.91 region=1_15
ep=377 s=26 3473ms [sel=26 cap=3349 rest=99] sg=4->4 mode=NONE win=8 obs=27 | cap=wip act=(320,360) d=2.64 a=2 | sp=som:active d=2.6 age=3 dtg=5.91 region=1_15
ep=377 s=27 4949ms [sel=8 cap=4840 rest=101] sg=4->4 mode=WALL_STUCK win=8 obs=28 | cap=wip/WALL_STUCK act=(320,360) d=2.64 a=2 | sp=som:active d=2.6 age=4 dtg=5.91 region=1_15
ep=377 s=28 4513ms [sel=4 cap=4410 rest=100] sg=4->4 mode=WALL_STUCK win=8 obs=29 | cap=wip/WALL_STUCK act=(320,360) d=2.64 a=1 | sp=som:active d=2.6 age=5 dtg=5.71 region=1_15
ep=377 s=29 6572ms [sel=24 cap=6078 rest=434] sg=4->4 mode=WALL_STUCK win=8 obs=30 | cap=wip/WALL_STUCK act=(160,180) d=3.39 a=1 | preview=view4/6 yaw=+45 render=37ms | sp=preview:active d=3.4 age=0 dtg=5.52 region=1_15
ep=377 s=30 2874ms [sel=3 cap=2765 rest=106] sg=4->4 mode=NONE win=8 obs=31 | cap=wip act=(320,360) d=3.15 a=2 | sp=preview:active d=3.1 age=1 dtg=5.52 region=1_15
ep=377 s=31 6306ms [sel=3 cap=6199 rest=105] sg=4->4 mode=NONE win=8 obs=32 | cap=wip act=(320,360) d=3.15 a=1 | sp=preview:active d=3.1 age=2 dtg=5.30 region=1_15
ep=377 s=32 4503ms [sel=3 cap=4394 rest=106] sg=4->4 mode=NONE win=8 obs=33 | cap=wip act=(320,360) d=2.93 a=1 | sp=preview:active d=2.9 age=3 dtg=5.09 region=1_15
ep=377 s=33 5405ms [sel=24 cap=4880 rest=465] sg=4->4 mode=NONE win=8 obs=34 | cap=wip act=(160,180) d=3.93 a=1 | preview=view3/6 yaw=+0 render=36ms | sp=preview:active d=3.9 age=0 dtg=4.89 region=1_15
ep=377 s=34 4837ms [sel=5 cap=4716 rest=115] sg=4->4 mode=NONE win=8 obs=35 | cap=wip act=(320,360) d=3.73 a=2 | sp=preview:active d=3.7 age=1 dtg=4.89 region=1_15
ep=377 s=35 5683ms [sel=13 cap=5563 rest=107] sg=4->4 mode=NONE win=8 obs=36 | cap=wip act=(320,360) d=3.73 a=1 | sp=preview:active d=3.7 age=2 dtg=4.66 region=1_15
ep=377 s=36 9060ms [sel=31 cap=8502 rest=490] sg=4->4 mode=NONE win=8 obs=37 | cap=wip act=(160,180) d=3.14 a=1 | preview=view4/6 yaw=+60 render=37ms | sp=preview:active d=3.1 age=0 dtg=4.44 region=1_15
ep=377 s=37 3300ms [sel=14 cap=3179 rest=107] sg=4->4 mode=NONE win=8 obs=38 | cap=wip act=(320,360) d=3.00 a=1 | sp=preview:active d=3.0 age=1 dtg=4.22 region=1_15
ep=377 s=38 2985ms [sel=14 cap=2864 rest=106] sg=4->4 mode=NONE win=8 obs=39 | cap=wip act=(320,360) d=2.87 a=1 | sp=preview:active d=2.9 age=2 dtg=4.00 region=1_15
ep=377 s=39 7128ms [sel=17 cap=7008 rest=102] sg=4->4 mode=NONE win=8 obs=40 | cap=wip act=(320,360) d=2.76 a=1 | sp=preview:active d=2.8 age=3 dtg=3.79 region=1_15
ep=377 s=40 4799ms [sel=17 cap=4680 rest=102] sg=4->4 mode=NONE win=8 obs=41 | cap=wip act=(320,360) d=2.67 a=1 | sp=preview:active d=2.7 age=4 dtg=3.58 region=1_15
ep=377 s=41 5570ms [sel=19 cap=5447 rest=104] sg=4->4 mode=NONE win=8 obs=42 | cap=wip act=(320,360) d=2.61 a=3 | sp=preview:active d=2.6 age=5 dtg=3.58 region=1_15
ep=377 s=42 6491ms [sel=26 cap=6357 rest=108] sg=4->4 mode=NONE win=8 obs=43 | cap=wip act=(320,360) d=2.61 a=3 | sp=preview:active d=2.6 age=6 dtg=3.58 region=1_15
ep=377 s=43 6598ms [sel=14 cap=6469 rest=116] sg=4->4 mode=NONE win=8 obs=44 | cap=wip act=(320,360) d=2.61 a=3 | sp=preview:active d=2.6 age=7 dtg=3.58 region=1_15
ep=377 s=44 3186ms [sel=0 cap=3081 rest=105] sg=4->5 mode=NONE win=8 obs=45 | cap=DONE act=TURN request=+45deg execute=+15deg x1 a=3 | sp=preview:active d=2.6 age=8 door_evts=1 dtg=3.58 region=1_15
ep=377 s=45 6406ms [sel=0 cap=6304 rest=102] sg=5->5 mode=NONE win=8 obs=46 | cap=wip act=TURN request=+45deg execute=+15deg x1 a=3 | sp=- door_evts=1 dtg=3.58 region=1_15
ep=377 s=46 16764ms [sel=5 cap=16177 rest=543] sg=5->None mode=NONE win=8 obs=47 | cap=DONE act=(320,360) d=1.00 a=1 | preview=view-/6 yaw=+0 render=39ms | sp=- door_evts=1 dtg=3.69 region=1_15
ep=377 s=47 104ms [sel=4 cap=0 rest=99] sg=None->None mode=NONE win=8 obs=48 | cap=- act=(320,360) d=1.00 a=1 | sp=- door_evts=1 dtg=3.82 region=1_15
ep=377 s=48 103ms [sel=4 cap=0 rest=98] sg=None->None mode=NONE win=8 obs=49 | cap=- act=(320,360) d=1.00 a=1 | sp=- door_evts=1 dtg=3.96 region=1_15
ep=377 s=49 98ms [sel=0 cap=0 rest=98] sg=None->None mode=NONE win=8 obs=50 | cap=- act=STOP | sp=- door_evts=1 dtg=3.96 region=1_15
rank=1 [5/17] id=377 steps=50 success=0.000 spl=0.000 dtg=3.96 osr=0 path_length=7.00 ndtw=0.706 sdtw=0.000
PluginManager::Manager: duplicate static plugin StbImageImporter, ignoring
PluginManager::Manager: duplicate static plugin GltfImporter, ignoring
PluginManager::Manager: duplicate static plugin BasisImporter, ignoring
PluginManager::Manager: duplicate static plugin AssimpImporter, ignoring
PluginManager::Manager: duplicate static plugin AnySceneImporter, ignoring
PluginManager::Manager: duplicate static plugin AnyImageImporter, ignoring
episode=543 instruction='Up the stairs. At the top, onto the rug. Halt on the rug near the window on the right.' start_position=[18.24850082397461, 0.4905061721801758, 0.6487669944763184] goal_position=[20.383699417114258, 3.5271100997924805, -1.1687599420547485] reference_geodesic=7.405729293823242
episode=543 prepared_subgoals=3
  [1] Go up the stairs
      proof: The stairs have been passed and the upper landing fills the view.
  [2] Walk onto the rug
      proof: The rug is directly ahead and the camera has stepped onto it.
  [3] Halt near the window on the right
      proof: The window is on the right side of the view and the camera is stationary beside it
ep=543 s=0 8231ms [sel=1571 cap=6177 rest=444] sg=1->1 mode=NONE win=1 obs=1 | cap=wip act=(320,360) d=3.01 a=3 | preview=view-/6 yaw=+0 render=39ms | sp=som:active d=3.0 age=0 som=5/6 dtg=7.41 region=0_28
ep=543 s=1 5125ms [sel=3 cap=5011 rest=112] sg=1->1 mode=NONE win=2 obs=2 | cap=wip act=(320,360) d=3.01 a=3 | sp=som:active d=3.0 age=1 dtg=7.41 region=0_28
ep=543 s=2 5463ms [sel=3 cap=5347 rest=113] sg=1->1 mode=NONE win=3 obs=3 | cap=wip act=(320,360) d=3.01 a=1 | sp=som:active d=3.0 age=2 dtg=7.65 region=0_28
ep=543 s=3 5214ms [sel=3 cap=5096 rest=115] sg=1->1 mode=NONE win=4 obs=4 | cap=wip act=(320,360) d=2.76 a=3 | sp=som:active d=2.8 age=3 dtg=7.65 region=0_28
ep=543 s=4 5826ms [sel=3 cap=5717 rest=106] sg=1->1 mode=NONE win=5 obs=5 | cap=wip act=(320,360) d=2.76 a=1 | sp=som:active d=2.8 age=4 dtg=7.91 region=0_28
ep=543 s=5 4170ms [sel=3 cap=4060 rest=107] sg=1->1 mode=NONE win=6 obs=6 | cap=wip act=(320,360) d=2.53 a=1 | sp=som:active d=2.5 age=5 dtg=8.12 region=0_28
ep=543 s=6 5606ms [sel=3 cap=5489 rest=114] sg=1->1 mode=NONE win=7 obs=7 | cap=wip act=(320,360) d=2.30 a=1 | sp=som:active d=2.3 age=6 dtg=8.32 region=0_28
ep=543 s=7 3446ms [sel=3 cap=3329 rest=115] sg=1->1 mode=NONE win=8 obs=8 | cap=wip act=(320,360) d=2.08 a=2 | sp=som:active d=2.1 age=7 dtg=8.32 region=0_28
ep=543 s=8 8605ms [sel=3 cap=8487 rest=115] sg=1->1 mode=NONE win=8 obs=9 | cap=wip act=(320,360) d=2.08 a=1 | sp=som:active d=2.1 age=8 dtg=8.55 region=0_28
ep=543 s=9 7539ms [sel=3 cap=7422 rest=114] sg=1->1 mode=NONE win=8 obs=10 | cap=wip act=(320,360) d=1.84 a=2 | sp=som:active d=1.8 age=9 dtg=8.55 region=0_28
ep=543 s=10 4485ms [sel=3 cap=4338 rest=144] sg=1->1 mode=NONE win=8 obs=11 | cap=wip act=(320,360) d=1.84 a=1 | sp=som:active d=1.8 age=10 dtg=8.79 region=0_28
ep=543 s=11 6557ms [sel=3 cap=6440 rest=113] sg=1->1 mode=NONE win=8 obs=12 | cap=wip act=(320,360) d=1.59 a=1 | sp=som:active d=1.6 age=11 dtg=9.04 region=0_28
ep=543 s=12 4278ms [sel=3 cap=4136 rest=139] sg=1->1 mode=NONE win=8 obs=13 | cap=wip act=(320,360) d=1.34 a=1 | sp=som:active d=1.3 age=12 dtg=9.28 region=0_12
ep=543 s=13 5226ms [sel=3 cap=5116 rest=107] sg=1->1 mode=NONE win=8 obs=14 | cap=wip act=(320,360) d=1.09 a=1 | sp=som:active d=1.1 age=13 dtg=9.53 region=0_12
ep=543 s=14 4124ms [sel=3 cap=4013 rest=108] sg=1->1 mode=NONE win=8 obs=15 | cap=wip act=(320,360) d=0.84 a=1 | sp=som:active d=0.8 age=14 dtg=9.78 region=0_12
ep=543 s=15 5837ms [sel=3 cap=5728 rest=107] sg=1->1 mode=NONE win=8 obs=16 | cap=wip act=(320,360) d=0.59 a=1 | sp=som:active d=0.6 age=15 dtg=10.03 region=0_12
ep=543 s=16 11136ms [sel=3849 cap=7184 rest=104] sg=1->1 mode=NONE win=8 obs=17 | cap=wip act=(320,360) d=1.35 a=3 | sp=som:active d=1.3 age=0 som=2/4 dtg=10.03 region=0_12
ep=543 s=17 2615ms [sel=3 cap=2501 rest=110] sg=1->1 mode=NONE win=8 obs=18 | cap=wip act=(320,360) d=1.35 a=1 | sp=som:active d=1.3 age=1 dtg=10.27 region=0_12
ep=543 s=18 5227ms [sel=4 cap=5112 rest=111] sg=1->1 mode=GET_NOWHERE win=8 obs=19 | cap=wip/GET_NOWHERE act=(320,360) d=1.10 a=1 | sp=som:active d=1.1 age=2 dtg=10.52 region=0_12
ep=543 s=19 3474ms [sel=3 cap=3356 rest=115] sg=1->1 mode=NONE win=8 obs=20 | cap=wip act=(320,360) d=0.85 a=1 | sp=som:active d=0.9 age=3 dtg=10.76 region=0_12
ep=543 s=20 3866ms [sel=4 cap=3751 rest=111] sg=1->1 mode=NONE win=8 obs=21 | cap=wip act=(320,360) d=0.61 a=3 | sp=som:active d=0.6 age=4 dtg=10.76 region=0_12
ep=543 s=21 7760ms [sel=3 cap=7653 rest=104] sg=1->1 mode=NONE win=8 obs=22 | cap=wip act=(320,360) d=0.61 a=1 | sp=som:active d=0.6 age=5 dtg=10.99 region=0_12
ep=543 s=22 12527ms [sel=3371 cap=9042 rest=113] sg=1->1 mode=NONE win=8 obs=23 | cap=wip act=(320,360) d=3.33 a=3 | sp=frontier:active d=3.3 age=0 som=1/3 dtg=10.99 region=0_12
ep=543 s=23 10996ms [sel=27 cap=10859 rest=110] sg=1->1 mode=NONE win=8 obs=24 | cap=wip act=(320,360) d=3.33 a=3 | sp=frontier:active d=3.3 age=1 dtg=10.99 region=0_12
ep=543 s=24 3762ms [sel=25 cap=3630 rest=107] sg=1->1 mode=NONE win=8 obs=25 | cap=wip act=(320,360) d=3.33 a=3 | sp=frontier:active d=3.3 age=2 dtg=10.99 region=0_12
ep=543 s=25 4116ms [sel=20 cap=3977 rest=119] sg=1->1 mode=NONE win=8 obs=26 | cap=wip act=(320,360) d=3.33 a=3 | sp=frontier:active d=3.3 age=3 dtg=10.99 region=0_12
ep=543 s=26 4051ms [sel=9 cap=3921 rest=121] sg=1->1 mode=NONE win=8 obs=27 | cap=wip act=(320,360) d=3.33 a=3 | sp=frontier:active d=3.3 age=4 dtg=10.99 region=0_12
ep=543 s=27 8412ms [sel=54 cap=7826 rest=494] sg=1->1 mode=NONE win=8 obs=28 | cap=wip act=(160,180) d=4.28 a=3 | preview=view4/6 yaw=+75 render=37ms | sp=preview:active d=4.3 age=0 dtg=10.99 region=0_12
ep=543 s=28 2914ms [sel=33 cap=2767 rest=114] sg=1->1 mode=NONE win=8 obs=29 | cap=wip act=(320,360) d=4.28 a=3 | sp=preview:active d=4.3 age=1 dtg=10.99 region=0_12
ep=543 s=29 5852ms [sel=34 cap=5709 rest=109] sg=1->1 mode=NONE win=8 obs=30 | cap=wip act=(320,360) d=4.28 a=3 | sp=preview:active d=4.3 age=2 dtg=10.99 region=0_12
ep=543 s=30 4692ms [sel=33 cap=4547 rest=112] sg=1->1 mode=NONE win=8 obs=31 | cap=wip act=(320,360) d=4.28 a=3 | sp=preview:active d=4.3 age=3 dtg=10.99 region=0_12
ep=543 s=31 6445ms [sel=33 cap=6293 rest=120] sg=1->1 mode=NONE win=8 obs=32 | cap=wip act=(320,360) d=4.28 a=3 | sp=preview:active d=4.3 age=4 dtg=10.99 region=0_12
ep=543 s=32 9111ms [sel=50 cap=8535 rest=489] sg=1->1 mode=NONE win=8 obs=33 | cap=wip act=(160,180) d=4.18 a=3 | preview=view4/6 yaw=+75 render=37ms | sp=preview:active d=4.2 age=0 dtg=10.99 region=0_12
ep=543 s=33 6337ms [sel=3 cap=6220 rest=115] sg=1->1 mode=NONE win=8 obs=34 | cap=wip act=(320,360) d=4.18 a=3 | sp=preview:active d=4.2 age=1 dtg=10.99 region=0_12
ep=543 s=34 3605ms [sel=3 cap=3488 rest=114] sg=1->1 mode=NONE win=8 obs=35 | cap=wip act=(320,360) d=4.18 a=3 | sp=preview:active d=4.2 age=2 dtg=10.99 region=0_12
ep=543 s=35 5485ms [sel=19 cap=4868 rest=559] sg=1->1 mode=NONE win=8 obs=36 | cap=wip act=PREVIEW a=2 | preview=view3/6 yaw=+30 render=38ms | sp=preview:active d=4.3 age=0 dtg=10.99 region=0_12
ep=543 s=36 4906ms [sel=1371 cap=3421 rest=113] sg=1->1 mode=NONE win=8 obs=37 | cap=wip act=(320,359) d=2.23 a=1 | sp=straight_ahead:active d=1.9 age=0 som=4/7 dtg=10.76 region=0_12
ep=543 s=37 4631ms [sel=4 cap=4515 rest=112] sg=1->1 mode=NONE win=8 obs=38 | cap=wip act=(320,360) d=1.67 a=1 | sp=straight_ahead:active d=1.7 age=1 dtg=10.54 region=0_12
ep=543 s=38 2367ms [sel=3 cap=2246 rest=119] sg=1->1 mode=NONE win=8 obs=39 | cap=wip act=(320,360) d=1.42 a=2 | sp=straight_ahead:active d=1.4 age=2 dtg=10.54 region=0_12
ep=543 s=39 8051ms [sel=4 cap=7924 rest=124] sg=1->1 mode=NONE win=8 obs=40 | cap=wip act=(320,360) d=1.42 a=1 | sp=straight_ahead:active d=1.4 age=3 dtg=10.29 region=0_12
ep=543 s=40 7081ms [sel=3 cap=6966 rest=112] sg=1->1 mode=NONE win=8 obs=41 | cap=wip act=(320,360) d=1.18 a=1 | sp=straight_ahead:active d=1.2 age=4 dtg=9.99 region=0_12
ep=543 s=41 3548ms [sel=3 cap=3430 rest=115] sg=1->1 mode=NONE win=8 obs=42 | cap=wip act=(320,360) d=0.95 a=3 | sp=straight_ahead:active d=1.0 age=5 dtg=9.99 region=0_12
ep=543 s=42 5789ms [sel=3 cap=5672 rest=115] sg=1->1 mode=NONE win=8 obs=43 | cap=wip act=(320,360) d=0.95 a=1 | sp=straight_ahead:active d=1.0 age=6 dtg=9.79 region=0_12
ep=543 s=43 3851ms [sel=3 cap=3736 rest=113] sg=1->1 mode=NONE win=8 obs=44 | cap=wip act=(320,360) d=0.70 a=3 | sp=straight_ahead:active d=0.7 age=7 dtg=9.79 region=0_12
ep=543 s=44 5199ms [sel=3 cap=5085 rest=110] sg=1->1 mode=NONE win=8 obs=45 | cap=wip act=(320,360) d=0.70 a=1 | sp=straight_ahead:active d=0.7 age=8 dtg=9.62 region=0_12
ep=543 s=45 7973ms [sel=2106 cap=5759 rest=108] sg=1->1 mode=NONE win=8 obs=46 | cap=wip act=(320,360) d=2.95 a=1 | sp=som:active d=3.0 age=0 som=1/8 dtg=9.47 region=0_12
ep=543 s=46 4582ms [sel=3 cap=4470 rest=109] sg=1->1 mode=NONE win=8 obs=47 | cap=wip act=(320,360) d=2.70 a=1 | sp=som:active d=2.7 age=1 dtg=9.33 region=0_12
ep=543 s=47 4239ms [sel=3 cap=4122 rest=114] sg=1->1 mode=NONE win=8 obs=48 | cap=wip act=(320,360) d=2.45 a=1 | sp=som:active d=2.5 age=2 dtg=9.20 region=0_12
ep=543 s=48 5024ms [sel=3 cap=4916 rest=105] sg=1->1 mode=NONE win=8 obs=49 | cap=wip act=(320,360) d=2.20 a=1 | sp=som:active d=2.2 age=3 dtg=9.08 region=0_12
ep=543 s=49 3938ms [sel=3 cap=3831 rest=104] sg=1->1 mode=NONE win=8 obs=50 | cap=wip act=(320,360) d=1.95 a=1 | sp=som:active d=2.0 age=4 dtg=8.98 region=0_12
ep=543 s=50 6644ms [sel=712 cap=5826 rest=106] sg=1->2 mode=NONE win=8 obs=51 | cap=DONE act=(320,360) d=3.02 a=1 | sp=som:active d=3.0 age=0 som=2/6 dtg=8.90 region=0_12
ep=543 s=51 6356ms [sel=3 cap=6236 rest=117] sg=2->2 mode=NONE win=8 obs=52 | cap=wip act=(320,360) d=2.77 a=3 | sp=som:active d=2.8 age=1 dtg=8.90 region=0_12
ep=543 s=52 6544ms [sel=3 cap=6432 rest=109] sg=2->2 mode=NONE win=8 obs=53 | cap=wip act=(320,360) d=2.77 a=1 | sp=som:active d=2.8 age=2 dtg=8.94 region=0_12
ep=543 s=53 3009ms [sel=3 cap=2891 rest=115] sg=2->2 mode=NONE win=8 obs=54 | cap=wip act=(320,360) d=2.53 a=1 | sp=som:active d=2.5 age=3 dtg=9.00 region=0_12
ep=543 s=54 7148ms [sel=22 cap=6587 rest=502] sg=2->2 mode=NONE win=8 obs=55 | cap=wip act=(160,180) d=3.41 a=1 | preview=view3/6 yaw=+0 render=37ms | sp=preview:active d=3.4 age=0 dtg=9.13 region=0_12
ep=543 s=55 6261ms [sel=3 cap=6135 rest=124] sg=2->2 mode=NONE win=8 obs=56 | cap=wip act=(320,360) d=3.16 a=2 | sp=preview:active d=3.2 age=1 dtg=9.13 region=0_12
ep=543 s=56 5626ms [sel=3 cap=5506 rest=117] sg=2->2 mode=NONE win=8 obs=57 | cap=wip act=(320,360) d=3.16 a=1 | sp=preview:active d=3.2 age=2 dtg=9.26 region=0_12
ep=543 s=57 10609ms [sel=4299 cap=6190 rest=121] sg=2->3 mode=NONE win=8 obs=58 | cap=DONE act=(320,360) d=2.99 a=1 | sp=som:active d=3.0 age=0 som=3/8 dtg=9.44 region=0_12
ep=543 s=58 4939ms [sel=3 cap=4814 rest=123] sg=3->3 mode=NONE win=8 obs=59 | cap=wip act=(320,360) d=2.74 a=1 | sp=som:active d=2.7 age=1 dtg=9.65 region=0_12
ep=543 s=59 21056ms [sel=3 cap=20529 rest=486] sg=3->3 mode=NONE win=8 obs=60 | cap=wip act=(320,360) d=2.49 a=1 | preview=view-/6 yaw=+0 render=38ms | sp=som:active d=2.5 age=2 dtg=9.87 region=0_12
ep=543 s=60 6288ms [sel=3 cap=6157 rest=128] sg=3->3 mode=NONE win=8 obs=61 | cap=wip act=(320,360) d=2.24 a=1 | sp=som:active d=2.2 age=3 dtg=10.10 region=0_12
ep=543 s=61 15969ms [sel=3 cap=15842 rest=124] sg=3->3 mode=NONE win=8 obs=62 | cap=wip act=(320,360) d=1.99 a=1 | sp=som:active d=2.0 age=4 dtg=10.34 region=0_12
ep=543 s=62 18457ms [sel=3 cap=17909 rest=509] sg=3->3 mode=NONE win=8 obs=63 | cap=wip act=(320,360) d=1.74 a=1 | preview=view-/6 yaw=+0 render=37ms | sp=som:active d=1.7 age=5 dtg=10.58 region=0_1
ep=543 s=63 15559ms [sel=3 cap=15430 rest=126] sg=3->3 mode=NONE win=8 obs=64 | cap=wip act=(320,360) d=1.50 a=1 | sp=som:active d=1.5 age=6 dtg=10.83 region=0_1
ep=543 s=64 9415ms [sel=3 cap=9290 rest=123] sg=3->3 mode=NONE win=8 obs=65 | cap=wip act=(320,360) d=1.25 a=1 | sp=som:active d=1.3 age=7 dtg=11.07 region=0_1
ep=543 s=65 15186ms [sel=3 cap=14627 rest=517] sg=3->3 mode=NONE win=8 obs=66 | cap=wip act=(320,360) d=1.01 a=1 | preview=view-/6 yaw=+0 render=39ms | sp=som:active d=1.0 age=8 dtg=11.32 region=0_1
ep=543 s=66 8212ms [sel=3 cap=8088 rest=121] sg=3->3 mode=NONE win=8 obs=67 | cap=wip act=(320,360) d=0.77 a=2 | sp=som:active d=0.8 age=9 dtg=11.32 region=0_1
ep=543 s=67 4705ms [sel=3 cap=4576 rest=125] sg=3->3 mode=NONE win=8 obs=68 | cap=wip act=(320,360) d=0.77 a=1 | sp=som:active d=0.8 age=10 dtg=11.54 region=0_1
ep=543 s=68 13502ms [sel=3 cap=12934 rest=527] sg=3->3 mode=NONE win=8 obs=69 | cap=wip act=(320,360) d=0.52 a=1 | preview=view-/6 yaw=+0 render=37ms | sp=som:active d=0.5 age=11 dtg=11.77 region=0_1
ep=543 s=69 11538ms [sel=67 cap=11335 rest=136] sg=3->3 mode=NONE win=8 obs=70 | cap=wip act=(320,360) d=4.17 a=1 | sp=frontier:active d=4.2 age=0 dtg=12.01 region=0_1
ep=543 s=70 21499ms [sel=3 cap=21371 rest=125] sg=3->3 mode=NONE win=8 obs=71 | cap=wip act=(320,360) d=3.92 a=2 | sp=frontier:active d=3.9 age=1 dtg=12.01 region=0_1
ep=543 s=71 10589ms [sel=878 cap=9152 rest=520] sg=3->None mode=NONE win=8 obs=72 | cap=DONE act=(320,360) d=2.97 a=3 | preview=view-/6 yaw=+0 render=39ms | sp=frontier:active d=3.9 age=2 door_evts=1 dtg=12.01 region=0_1
ep=543 s=72 127ms [sel=2 cap=0 rest=125] sg=None->None mode=NONE win=8 obs=73 | cap=- act=(320,360) d=2.97 a=3 | sp=endpoint:active d=3.0 age=1 door_evts=1 dtg=12.01 region=0_1
ep=543 s=73 123ms [sel=2 cap=0 rest=121] sg=None->None mode=NONE win=8 obs=74 | cap=- act=(320,360) d=2.97 a=1 | sp=endpoint:active d=3.0 age=2 door_evts=1 dtg=12.26 region=0_1
ep=543 s=74 132ms [sel=2 cap=0 rest=130] sg=None->None mode=NONE win=8 obs=75 | cap=- act=(320,360) d=2.73 a=3 | sp=endpoint:active d=2.7 age=3 door_evts=1 dtg=12.26 region=0_1
ep=543 s=75 126ms [sel=2 cap=0 rest=123] sg=None->None mode=NONE win=8 obs=76 | cap=- act=(320,360) d=2.73 a=1 | sp=endpoint:active d=2.7 age=4 door_evts=1 dtg=12.50 region=0_1
ep=543 s=76 126ms [sel=2 cap=0 rest=123] sg=None->None mode=NONE win=8 obs=77 | cap=- act=(320,360) d=2.48 a=1 | sp=endpoint:active d=2.5 age=5 door_evts=1 dtg=12.75 region=0_1
ep=543 s=77 124ms [sel=2 cap=0 rest=122] sg=None->None mode=NONE win=8 obs=78 | cap=- act=(320,360) d=2.23 a=1 | sp=endpoint:active d=2.2 age=6 door_evts=1 dtg=13.00 region=0_1
ep=543 s=78 127ms [sel=2 cap=0 rest=125] sg=None->None mode=NONE win=8 obs=79 | cap=- act=(320,360) d=1.98 a=1 | sp=endpoint:active d=2.0 age=7 door_evts=1 dtg=13.24 region=0_1
ep=543 s=79 123ms [sel=2 cap=0 rest=121] sg=None->None mode=NONE win=8 obs=80 | cap=- act=(320,360) d=1.73 a=1 | sp=endpoint:active d=1.7 age=8 door_evts=1 dtg=13.49 region=0_1
ep=543 s=80 121ms [sel=0 cap=0 rest=121] sg=None->None mode=NONE win=8 obs=81 | cap=- act=STOP | sp=endpoint:active d=1.5 age=9 door_evts=1 dtg=13.49 region=0_1
rank=1 [6/17] id=543 steps=81 success=0.000 spl=0.000 dtg=13.49 osr=0 path_length=12.34 ndtw=0.094 sdtw=0.000
PluginManager::Manager: duplicate static plugin StbImageImporter, ignoring
PluginManager::Manager: duplicate static plugin GltfImporter, ignoring
PluginManager::Manager: duplicate static plugin BasisImporter, ignoring
PluginManager::Manager: duplicate static plugin AssimpImporter, ignoring
PluginManager::Manager: duplicate static plugin AnySceneImporter, ignoring
PluginManager::Manager: duplicate static plugin AnyImageImporter, ignoring
episode=634 instruction='Right, in through the sliding door. Past the TV on the right. Into the kitchen. Wait by the fridge.' start_position=[-0.6365349888801575, -0.535740852355957, 16.356599807739258] goal_position=[0.5377020239830017, -0.535740852355957, 9.749950408935547] reference_geodesic=11.25741195678711
episode=634 prepared_subgoals=4
  [1] Turn right until the sliding door is centered ahead, then enter through the sliding door
      proof: The camera has crossed the threshold and the interior of the room is central in the view.
  [2] Walk past the TV on the right
      proof: The TV is directly beside or ahead of the camera, within a step.
  [3] Enter the kitchen
      proof: The camera has crossed the kitchen threshold and the kitchen interior is central in the view.
  [4] Wait by the fridge
      proof: The fridge is directly beside or ahead of the camera, within a step and the camera is stationary
ep=634 s=0 9216ms [sel=0 cap=8731 rest=448] sg=1->1 mode=NONE win=1 obs=1 | cap=wip act=TURN request=+45deg execute=+15deg x1 a=3 | preview=view-/6 yaw=+0 render=37ms dtg=11.26 region=0_14
ep=634 s=1 10746ms [sel=0 cap=10645 rest=101] sg=1->1 mode=NONE win=2 obs=2 | cap=wip act=TURN request=+45deg execute=+15deg x1 a=3 dtg=11.26 region=0_14
ep=634 s=2 4731ms [sel=0 cap=4618 rest=113] sg=1->1 mode=NONE win=3 obs=3 | cap=wip act=TURN request=+45deg execute=+15deg x1 a=3 dtg=11.26 region=0_14
ep=634 s=3 5205ms [sel=0 cap=5100 rest=105] sg=1->1 mode=NONE win=4 obs=4 | cap=wip act=TURN request=+45deg execute=+15deg x1 a=3 dtg=11.26 region=0_14
ep=634 s=4 5794ms [sel=2418 cap=3270 rest=105] sg=1->1 mode=NONE win=5 obs=5 | cap=wip act=TURN request=+45deg execute=+15deg x1 a=3 | sp=som:active d=3.3 age=0 som=3/8 dtg=11.26 region=0_14
ep=634 s=5 3293ms [sel=6 cap=3185 rest=102] sg=1->1 mode=NONE win=6 obs=6 | cap=wip act=TURN request=+45deg execute=+15deg x1 a=3 | sp=som:active d=3.3 age=1 dtg=11.26 region=0_14
ep=634 s=6 4866ms [sel=5 cap=4748 rest=112] sg=1->1 mode=NONE win=7 obs=7 | cap=wip act=TURN request=+45deg execute=+15deg x1 a=3 | sp=som:active d=3.3 age=2 dtg=11.26 region=0_14
ep=634 s=7 4507ms [sel=4 cap=4388 rest=115] sg=1->1 mode=NONE win=8 obs=8 | cap=wip act=(320,360) d=3.25 a=3 | sp=som:active d=3.3 age=3 dtg=11.26 region=0_14
ep=634 s=8 8061ms [sel=15 cap=7929 rest=118] sg=1->1 mode=NONE win=8 obs=9 | cap=wip act=(320,360) d=3.25 a=3 | sp=som:active d=3.3 age=4 dtg=11.26 region=0_14
ep=634 s=9 6426ms [sel=5 cap=6307 rest=113] sg=1->1 mode=NONE win=8 obs=10 | cap=wip act=(320,360) d=3.25 a=1 | sp=som:active d=3.3 age=5 dtg=11.01 region=0_14
ep=634 s=10 5315ms [sel=7 cap=5192 rest=116] sg=1->1 mode=NONE win=8 obs=11 | cap=wip act=(320,360) d=3.20 a=3 | sp=som:active d=3.2 age=6 dtg=11.01 region=0_14
ep=634 s=11 3339ms [sel=12 cap=3217 rest=110] sg=1->1 mode=NONE win=8 obs=12 | cap=wip act=(320,360) d=3.20 a=1 | sp=som:active d=3.2 age=7 dtg=10.76 region=0_14
ep=634 s=12 2309ms [sel=13 cap=2176 rest=120] sg=1->1 mode=NONE win=8 obs=13 | cap=wip act=(320,360) d=3.23 a=1 | sp=som:active d=3.2 age=8 dtg=10.52 region=0_14
ep=634 s=13 5543ms [sel=15 cap=5416 rest=112] sg=1->1 mode=NONE win=8 obs=14 | cap=wip act=(320,360) d=3.28 a=1 | sp=som:active d=3.3 age=9 dtg=10.27 region=0_14
ep=634 s=14 4112ms [sel=16 cap=3986 rest=110] sg=1->1 mode=NONE win=8 obs=15 | cap=wip act=(320,360) d=3.35 a=1 | sp=som:active d=3.4 age=10 dtg=10.02 region=0_14
ep=634 s=15 2914ms [sel=18 cap=2787 rest=110] sg=1->1 mode=NONE win=8 obs=16 | cap=wip act=(320,360) d=3.44 a=1 | sp=som:active d=3.4 age=11 dtg=9.78 region=0_14
ep=634 s=16 5848ms [sel=17 cap=5723 rest=108] sg=1->1 mode=NONE win=8 obs=17 | cap=wip act=(320,360) d=3.54 a=1 | sp=som:active d=3.5 age=12 dtg=9.54 region=0_14
ep=634 s=17 4044ms [sel=18 cap=3923 rest=102] sg=1->1 mode=NONE win=8 obs=18 | cap=wip act=(320,360) d=3.65 a=2 | sp=som:active d=3.7 age=13 dtg=9.54 region=0_14
ep=634 s=18 2206ms [sel=17 cap=2076 rest=114] sg=1->1 mode=NONE win=8 obs=19 | cap=wip act=(320,360) d=3.65 a=1 | sp=som:active d=3.7 age=14 dtg=9.29 region=0_14
ep=634 s=19 3936ms [sel=18 cap=3804 rest=114] sg=1->1 mode=NONE win=8 obs=20 | cap=wip act=(320,360) d=3.72 a=1 | sp=som:active d=3.7 age=15 dtg=9.04 region=0_14
ep=634 s=20 3584ms [sel=19 cap=3455 rest=110] sg=1->1 mode=NONE win=8 obs=21 | cap=wip act=(320,360) d=3.81 a=2 | sp=som:active d=3.8 age=16 dtg=9.04 region=0_14
ep=634 s=21 6540ms [sel=16 cap=6408 rest=116] sg=1->1 mode=NONE win=8 obs=22 | cap=wip act=(320,360) d=3.81 a=1 | sp=som:active d=3.8 age=17 dtg=8.80 region=0_14
ep=634 s=22 4589ms [sel=17 cap=4451 rest=121] sg=1->1 mode=NONE win=8 obs=23 | cap=wip act=(320,360) d=3.85 a=2 | sp=som:active d=3.8 age=18 dtg=8.80 region=0_14
ep=634 s=23 5944ms [sel=15 cap=5814 rest=115] sg=1->1 mode=NONE win=8 obs=24 | cap=wip act=(320,360) d=3.85 a=1 | sp=som:active d=3.8 age=19 dtg=8.60 region=0_14
ep=634 s=24 6090ms [sel=1594 cap=4382 rest=114] sg=1->1 mode=NONE win=8 obs=25 | cap=wip act=(320,360) d=1.95 a=2 | sp=som:active d=1.9 age=0 som=2/6 dtg=8.60 region=0_14
ep=634 s=25 4673ms [sel=6 cap=4553 rest=115] sg=1->1 mode=NONE win=8 obs=26 | cap=wip act=(320,360) d=1.95 a=1 | sp=som:active d=1.9 age=1 dtg=8.47 region=0_14
ep=634 s=26 3828ms [sel=6 cap=3706 rest=116] sg=1->1 mode=NONE win=8 obs=27 | cap=wip act=(320,360) d=1.86 a=2 | sp=som:active d=1.9 age=2 dtg=8.47 region=0_14
ep=634 s=27 10125ms [sel=6 cap=10007 rest=113] sg=1->1 mode=NONE win=8 obs=28 | cap=wip act=(320,360) d=1.86 a=1 | sp=som:active d=1.9 age=3 dtg=8.39 region=0_14
ep=634 s=28 2499ms [sel=0 cap=2190 rest=309] sg=1->1 mode=NONE win=8 obs=29 | cap=wip act=TURN request=-45deg execute=-15deg x1 a=2 | sp=som:active d=1.8 age=4 dtg=8.39 region=0_14
ep=634 s=29 7830ms [sel=0 cap=7729 rest=101] sg=1->1 mode=NONE win=8 obs=30 | cap=wip act=TURN request=-45deg execute=-15deg x1 a=2 | sp=som:active d=1.8 age=5 dtg=8.39 region=0_14
ep=634 s=30 3456ms [sel=0 cap=3350 rest=107] sg=1->1 mode=NONE win=8 obs=31 | cap=wip act=TURN request=-45deg execute=-15deg x1 a=2 | sp=som:active d=1.8 age=6 dtg=8.39 region=0_14
ep=634 s=31 7003ms [sel=0 cap=6885 rest=118] sg=1->1 mode=NONE win=8 obs=32 | cap=wip act=TURN request=-45deg execute=-15deg x1 a=2 | sp=som:active d=1.8 age=7 dtg=8.39 region=0_14
ep=634 s=32 4204ms [sel=0 cap=4089 rest=115] sg=1->1 mode=NONE win=8 obs=33 | cap=wip act=TURN request=-45deg execute=-15deg x1 a=2 | sp=som:active d=1.8 age=8 dtg=8.39 region=0_14
ep=634 s=33 5631ms [sel=0 cap=5521 rest=110] sg=1->1 mode=NONE win=8 obs=34 | cap=wip act=TURN request=-45deg execute=-15deg x1 a=2 | sp=som:active d=1.8 age=9 dtg=8.39 region=0_14
ep=634 s=34 2842ms [sel=0 cap=2736 rest=107] sg=1->1 mode=NONE win=8 obs=35 | cap=wip act=TURN request=-45deg execute=-15deg x1 a=2 | sp=som:active d=1.8 age=10 dtg=8.39 region=0_14
ep=634 s=35 2351ms [sel=0 cap=2243 rest=107] sg=1->1 mode=NONE win=8 obs=36 | cap=wip act=TURN request=-45deg execute=-15deg x1 a=2 | sp=som:active d=1.8 age=11 dtg=8.39 region=0_14
ep=634 s=36 6556ms [sel=23 cap=6423 rest=110] sg=1->1 mode=NONE win=8 obs=37 | cap=wip act=(320,360) d=1.82 a=2 | sp=som:active d=1.8 age=12 dtg=8.39 region=0_14
ep=634 s=37 4467ms [sel=25 cap=4333 rest=109] sg=1->1 mode=NONE win=8 obs=38 | cap=wip act=(320,360) d=1.82 a=2 | sp=som:active d=1.8 age=13 dtg=8.39 region=0_14
ep=634 s=38 6475ms [sel=25 cap=6345 rest=104] sg=1->1 mode=NONE win=8 obs=39 | cap=wip act=(320,360) d=1.82 a=2 | sp=som:active d=1.8 age=14 dtg=8.39 region=0_14
ep=634 s=39 9361ms [sel=26 cap=8809 rest=491] sg=1->1 mode=NONE win=8 obs=40 | cap=wip act=(320,360) d=1.82 a=2 | preview=view-/6 yaw=+0 render=35ms | sp=som:active d=1.8 age=15 dtg=8.39 region=0_14
ep=634 s=40 9904ms [sel=26 cap=9773 rest=106] sg=1->1 mode=NONE win=8 obs=41 | cap=wip act=(320,360) d=1.82 a=2 | sp=som:active d=1.8 age=16 dtg=8.39 region=0_14
ep=634 s=41 3532ms [sel=25 cap=3408 rest=99] sg=1->1 mode=NONE win=8 obs=42 | cap=wip act=(320,360) d=1.82 a=2 | sp=som:active d=1.8 age=17 dtg=8.39 region=0_14
ep=634 s=42 6721ms [sel=28 cap=6586 rest=107] sg=1->1 mode=NONE win=8 obs=43 | cap=wip act=(320,360) d=1.82 a=2 | sp=som:active d=1.8 age=18 dtg=8.39 region=0_14
ep=634 s=43 7472ms [sel=50 cap=6857 rest=500] sg=1->1 mode=NONE win=8 obs=44 | cap=wip act=(160,180) d=3.73 a=3 | preview=view5/6 yaw=+105 render=65ms | sp=preview:active d=3.7 age=0 dtg=8.39 region=0_14
ep=634 s=44 7772ms [sel=37 cap=7629 rest=106] sg=1->1 mode=NONE win=8 obs=45 | cap=wip act=(320,360) d=3.73 a=3 | sp=preview:active d=3.7 age=1 dtg=8.39 region=0_14
ep=634 s=45 4916ms [sel=37 cap=4781 rest=99] sg=1->1 mode=NONE win=8 obs=46 | cap=wip act=(320,360) d=3.73 a=3 | sp=preview:active d=3.7 age=2 dtg=8.39 region=0_14
ep=634 s=46 4654ms [sel=39 cap=4100 rest=479] sg=1->1 mode=NONE win=8 obs=47 | cap=wip act=(320,360) d=3.73 a=3 | preview=view-/6 yaw=+0 render=35ms | sp=preview:active d=3.7 age=3 dtg=8.39 region=0_14
ep=634 s=47 8655ms [sel=34 cap=8511 rest=109] sg=1->1 mode=NONE win=8 obs=48 | cap=wip act=(320,360) d=3.73 a=3 | sp=preview:active d=3.7 age=4 dtg=8.39 region=0_14
ep=634 s=48 8027ms [sel=68 cap=7854 rest=106] sg=1->1 mode=WALL_STUCK win=8 obs=49 | cap=wip/WALL_STUCK act=TURN request=-45deg execute=-15deg x1 a=2 | sp=preview:active d=3.7 age=5 dtg=8.39 region=0_14
ep=634 s=49 5912ms [sel=0 cap=5802 rest=109] sg=1->1 mode=NONE win=8 obs=50 | cap=wip act=TURN request=-45deg execute=-15deg x1 a=2 | sp=preview:active d=3.7 age=6 dtg=8.39 region=0_14
ep=634 s=50 8014ms [sel=0 cap=7905 rest=109] sg=1->1 mode=NONE win=8 obs=51 | cap=wip act=TURN request=-45deg execute=-15deg x1 a=2 | sp=preview:active d=3.7 age=7 dtg=8.39 region=0_14
ep=634 s=51 7636ms [sel=0 cap=7122 rest=480] sg=1->1 mode=NONE win=8 obs=52 | cap=wip act=TURN request=-45deg execute=-15deg x1 a=2 | preview=view-/6 yaw=+0 render=35ms | sp=preview:active d=3.7 age=8 dtg=8.39 region=0_14
ep=634 s=52 5820ms [sel=0 cap=5706 rest=114] sg=1->1 mode=NONE win=8 obs=53 | cap=wip act=TURN request=-45deg execute=-15deg x1 a=2 | sp=preview:active d=3.7 age=9 dtg=8.39 region=0_14
ep=634 s=53 4048ms [sel=36 cap=3893 rest=119] sg=1->1 mode=NONE win=8 obs=54 | cap=wip act=(320,360) d=3.73 a=2 | sp=preview:active d=3.7 age=10 dtg=8.39 region=0_14
ep=634 s=54 7295ms [sel=39 cap=6720 rest=495] sg=1->1 mode=NONE win=8 obs=55 | cap=wip act=(320,360) d=3.73 a=1 | preview=view-/6 yaw=+0 render=40ms | sp=preview:active d=3.7 age=11 dtg=8.25 region=0_14
ep=634 s=55 5595ms [sel=40 cap=5433 rest=121] sg=1->1 mode=NONE win=8 obs=56 | cap=wip act=(320,360) d=3.93 a=1 | sp=preview:active d=3.9 age=12 dtg=8.17 region=0_14
ep=634 s=56 7293ms [sel=36 cap=7129 rest=128] sg=1->1 mode=NONE win=8 obs=57 | cap=wip act=(320,360) d=4.14 a=3 | sp=preview:active d=4.1 age=13 dtg=8.17 region=0_14
ep=634 s=57 6537ms [sel=35 cap=6386 rest=116] sg=1->1 mode=NONE win=8 obs=58 | cap=wip act=(320,360) d=4.14 a=3 | sp=preview:active d=4.1 age=14 dtg=8.17 region=0_14
ep=634 s=58 3398ms [sel=33 cap=3259 rest=105] sg=1->1 mode=NONE win=8 obs=59 | cap=wip act=(320,360) d=4.14 a=3 | sp=preview:active d=4.1 age=15 dtg=8.17 region=0_14
ep=634 s=59 5060ms [sel=747 cap=4214 rest=98] sg=1->2 mode=NONE win=8 obs=60 | cap=DONE act=(320,360) d=1.93 a=1 | sp=som:active d=1.9 age=0 som=1/7 dtg=8.34 region=0_14
ep=634 s=60 6962ms [sel=3 cap=6859 rest=100] sg=2->2 mode=NONE win=8 obs=61 | cap=wip act=(320,360) d=1.68 a=1 | sp=som:active d=1.7 age=1 dtg=8.55 region=0_14
ep=634 s=61 3369ms [sel=3 cap=3264 rest=102] sg=2->2 mode=NONE win=8 obs=62 | cap=wip act=(320,360) d=1.43 a=1 | sp=som:active d=1.4 age=2 dtg=8.77 region=0_14
ep=634 s=62 8127ms [sel=3 cap=8022 rest=102] sg=2->2 mode=NONE win=8 obs=63 | cap=wip act=(320,360) d=1.19 a=1 | sp=som:active d=1.2 age=3 dtg=8.99 region=0_14
ep=634 s=63 7776ms [sel=3 cap=7669 rest=105] sg=2->2 mode=NONE win=8 obs=64 | cap=wip act=(320,360) d=0.94 a=1 | sp=som:active d=0.9 age=4 dtg=9.23 region=0_14
ep=634 s=64 6519ms [sel=4 cap=6411 rest=104] sg=2->2 mode=NONE win=8 obs=65 | cap=wip act=(320,360) d=0.69 a=1 | sp=som:active d=0.7 age=5 dtg=9.47 region=0_14
ep=634 s=65 4644ms [sel=1696 cap=2839 rest=110] sg=2->2 mode=NONE win=8 obs=66 | cap=wip act=(320,360) d=3.03 a=3 | sp=som:active d=3.0 age=0 som=4/7 dtg=9.47 region=0_14
ep=634 s=66 4221ms [sel=43 cap=4067 rest=111] sg=2->2 mode=NONE win=8 obs=67 | cap=wip act=(320,360) d=3.03 a=3 | sp=som:active d=3.0 age=1 dtg=9.47 region=0_14
ep=634 s=67 5392ms [sel=44 cap=5239 rest=109] sg=2->2 mode=NONE win=8 obs=68 | cap=wip act=(320,360) d=3.03 a=3 | sp=som:active d=3.0 age=2 dtg=9.47 region=0_14
ep=634 s=68 7244ms [sel=42 cap=7094 rest=109] sg=2->2 mode=NONE win=8 obs=69 | cap=wip act=(320,360) d=3.03 a=3 | sp=som:active d=3.0 age=3 dtg=9.47 region=0_14
ep=634 s=69 6556ms [sel=35 cap=6385 rest=136] sg=2->2 mode=NONE win=8 obs=70 | cap=wip act=(320,360) d=3.03 a=3 | sp=som:active d=3.0 age=4 dtg=9.47 region=0_14
ep=634 s=70 5988ms [sel=33 cap=5844 rest=112] sg=2->2 mode=NONE win=8 obs=71 | cap=wip act=(320,360) d=3.03 a=3 | sp=som:active d=3.0 age=5 dtg=9.47 region=0_14
ep=634 s=71 3515ms [sel=29 cap=3381 rest=105] sg=2->2 mode=NONE win=8 obs=72 | cap=wip act=(320,360) d=3.03 a=3 | sp=som:active d=3.0 age=6 dtg=9.47 region=0_14
ep=634 s=72 7094ms [sel=24 cap=6961 rest=108] sg=2->2 mode=NONE win=8 obs=73 | cap=wip act=(320,360) d=3.03 a=3 | sp=som:active d=3.0 age=7 dtg=9.47 region=0_14
ep=634 s=73 4825ms [sel=27 cap=4686 rest=112] sg=2->2 mode=NONE win=8 obs=74 | cap=wip act=(320,360) d=3.03 a=3 | sp=som:active d=3.0 age=8 dtg=9.47 region=0_14
ep=634 s=74 4443ms [sel=33 cap=4299 rest=112] sg=2->2 mode=NONE win=8 obs=75 | cap=wip act=(320,360) d=3.03 a=3 | sp=som:active d=3.0 age=9 dtg=9.47 region=0_14
ep=634 s=75 4310ms [sel=36 cap=4165 rest=109] sg=2->2 mode=NONE win=8 obs=76 | cap=wip act=(320,360) d=3.03 a=1 | sp=som:active d=3.0 age=10 dtg=9.30 region=0_14
ep=634 s=76 4877ms [sel=35 cap=4732 rest=110] sg=2->2 mode=NONE win=8 obs=77 | cap=wip act=(320,360) d=3.17 a=1 | sp=som:active d=3.2 age=11 dtg=9.16 region=0_14
ep=634 s=77 3378ms [sel=34 cap=3236 rest=108] sg=2->2 mode=NONE win=8 obs=78 | cap=wip act=(320,360) d=3.33 a=1 | sp=som:active d=3.3 age=12 dtg=9.05 region=0_14
ep=634 s=78 7103ms [sel=37 cap=6955 rest=110] sg=2->2 mode=NONE win=8 obs=79 | cap=wip act=(320,360) d=3.50 a=2 | sp=som:active d=3.5 age=13 dtg=9.05 region=0_14
ep=634 s=79 9054ms [sel=30 cap=8911 rest=113] sg=2->2 mode=NONE win=8 obs=80 | cap=wip act=(320,360) d=3.50 a=1 | sp=som:active d=3.5 age=14 dtg=9.03 region=0_14
ep=634 s=80 8393ms [sel=31 cap=8252 rest=110] sg=2->2 mode=NONE win=8 obs=81 | cap=wip act=(320,360) d=3.63 a=1 | sp=som:active d=3.6 age=15 dtg=9.05 region=0_14
ep=634 s=81 4906ms [sel=32 cap=4763 rest=112] sg=2->2 mode=NONE win=8 obs=82 | cap=wip act=(320,360) d=3.77 a=1 | sp=som:active d=3.8 age=16 dtg=9.12 region=0_14
ep=634 s=82 4986ms [sel=34 cap=4844 rest=107] sg=2->2 mode=GET_NOWHERE win=8 obs=83 | cap=wip/GET_NOWHERE act=(320,360) d=3.92 a=2 | sp=som:active d=3.9 age=17 dtg=9.12 region=0_14
ep=634 s=83 3846ms [sel=28 cap=3699 rest=119] sg=2->2 mode=NONE win=8 obs=84 | cap=wip act=(320,360) d=3.92 a=1 | sp=som:active d=3.9 age=18 dtg=9.26 region=0_14
ep=634 s=84 4262ms [sel=29 cap=3683 rest=514] sg=2->2 mode=NONE win=8 obs=85 | cap=wip act=(320,360) d=4.03 a=2 | preview=view-/6 yaw=+0 render=36ms | sp=som:active d=4.0 age=19 dtg=9.26 region=0_14
ep=634 s=85 7186ms [sel=2062 cap=5010 rest=113] sg=2->2 mode=NONE win=8 obs=86 | cap=wip act=(320,360) d=4.28 a=3 | sp=frontier:active d=4.3 age=0 som=R/7 dtg=9.26 region=0_14
ep=634 s=86 6445ms [sel=13 cap=6328 rest=105] sg=2->2 mode=NONE win=8 obs=87 | cap=wip act=(320,360) d=4.28 a=3 | sp=frontier:active d=4.3 age=1 dtg=9.26 region=0_14
ep=634 s=87 5159ms [sel=10 cap=5042 rest=107] sg=2->2 mode=NONE win=8 obs=88 | cap=wip act=(320,360) d=4.28 a=3 | sp=frontier:active d=4.3 age=2 dtg=9.26 region=0_14
ep=634 s=88 6636ms [sel=10 cap=6511 rest=115] sg=2->2 mode=NONE win=8 obs=89 | cap=wip act=(320,360) d=4.28 a=1 | sp=frontier:active d=4.3 age=3 dtg=9.32 region=0_14
ep=634 s=89 8069ms [sel=12 cap=7940 rest=117] sg=2->2 mode=NONE win=8 obs=90 | cap=wip act=(320,360) d=4.04 a=3 | sp=frontier:active d=4.0 age=4 dtg=9.32 region=0_14
ep=634 s=90 5618ms [sel=11 cap=5492 rest=115] sg=2->2 mode=NONE win=8 obs=91 | cap=wip act=(320,360) d=4.04 a=1 | sp=frontier:active d=4.0 age=5 dtg=9.35 region=0_14
ep=634 s=91 6159ms [sel=40 cap=5561 rest=523] sg=2->2 mode=NONE win=8 obs=92 | cap=wip act=(160,180) d=4.17 a=1 | preview=view3/6 yaw=+0 render=36ms | sp=preview:active d=4.2 age=0 dtg=9.43 region=None
ep=634 s=92 7552ms [sel=32 cap=7410 rest=110] sg=2->2 mode=NONE win=8 obs=93 | cap=wip act=(320,360) d=4.05 a=3 | sp=preview:active d=4.0 age=1 dtg=9.43 region=None
ep=634 s=93 5405ms [sel=19 cap=5251 rest=135] sg=2->2 mode=NONE win=8 obs=94 | cap=wip act=(320,360) d=4.05 a=3 | sp=preview:active d=4.0 age=2 dtg=9.43 region=None
ep=634 s=94 4017ms [sel=6 cap=3903 rest=108] sg=2->2 mode=NONE win=8 obs=95 | cap=wip act=(320,360) d=4.05 a=1 | sp=preview:active d=4.0 age=3 dtg=9.37 region=None
ep=634 s=95 7722ms [sel=0 cap=7465 rest=257] sg=2->2 mode=NONE win=8 obs=96 | cap=wip act=TURN request=-45deg execute=-15deg x1 a=2 | sp=preview:active d=4.0 age=4 dtg=9.37 region=None
ep=634 s=96 3469ms [sel=0 cap=3359 rest=111] sg=2->2 mode=NONE win=8 obs=97 | cap=wip act=TURN request=-45deg execute=-15deg x1 a=2 | sp=preview:active d=4.0 age=5 dtg=9.37 region=None
ep=634 s=97 5466ms [sel=0 cap=5358 rest=108] sg=2->2 mode=NONE win=8 obs=98 | cap=wip act=TURN request=-45deg execute=-15deg x1 a=2 | sp=preview:active d=4.0 age=6 dtg=9.37 region=None
ep=634 s=98 4256ms [sel=0 cap=4143 rest=113] sg=2->2 mode=NONE win=8 obs=99 | cap=wip act=TURN request=-45deg execute=-15deg x1 a=2 | sp=preview:active d=4.0 age=7 dtg=9.37 region=None
ep=634 s=99 4819ms [sel=0 cap=4706 rest=113] sg=2->2 mode=NONE win=8 obs=100 | cap=wip act=TURN request=-45deg execute=-15deg x1 a=2 | sp=preview:active d=4.0 age=8 dtg=9.37 region=None
ep=634 s=100 4394ms [sel=49 cap=4239 rest=105] sg=2->2 mode=NONE win=8 obs=101 | cap=wip act=(320,360) d=4.02 a=2 | sp=preview:active d=4.0 age=9 dtg=9.37 region=None
ep=634 s=101 3201ms [sel=52 cap=3048 rest=102] sg=2->2 mode=NONE win=8 obs=102 | cap=wip act=(320,360) d=4.02 a=2 | sp=preview:active d=4.0 age=10 dtg=9.37 region=None
ep=634 s=102 4916ms [sel=51 cap=4762 rest=103] sg=2->2 mode=NONE win=8 obs=103 | cap=wip act=(320,360) d=4.02 a=2 | sp=preview:active d=4.0 age=11 dtg=9.37 region=None
ep=634 s=103 7855ms [sel=50 cap=7696 rest=108] sg=2->2 mode=NONE win=8 obs=104 | cap=wip act=(320,360) d=4.02 a=2 | sp=preview:active d=4.0 age=12 dtg=9.37 region=None
ep=634 s=104 3783ms [sel=53 cap=3617 rest=113] sg=2->2 mode=NONE win=8 obs=105 | cap=wip act=(320,360) d=4.02 a=2 | sp=preview:active d=4.0 age=13 dtg=9.37 region=None
ep=634 s=105 4621ms [sel=51 cap=4468 rest=103] sg=2->2 mode=NONE win=8 obs=106 | cap=wip act=(320,360) d=4.02 a=2 | sp=preview:active d=4.0 age=14 dtg=9.37 region=None
ep=634 s=106 1808ms [sel=49 cap=1652 rest=106] sg=2->2 mode=NONE win=8 obs=107 | cap=wip act=(320,360) d=4.02 a=2 | sp=preview:active d=4.0 age=15 dtg=9.37 region=None
ep=634 s=107 2601ms [sel=50 cap=2448 rest=103] sg=2->2 mode=NONE win=8 obs=108 | cap=wip act=(320,360) d=4.02 a=2 | sp=preview:active d=4.0 age=16 dtg=9.37 region=None
ep=634 s=108 3556ms [sel=45 cap=3408 rest=104] sg=2->2 mode=NONE win=8 obs=109 | cap=wip act=(320,360) d=4.02 a=2 | sp=preview:active d=4.0 age=17 dtg=9.37 region=None
ep=634 s=109 4158ms [sel=41 cap=4011 rest=106] sg=2->2 mode=NONE win=8 obs=110 | cap=wip act=(320,360) d=4.02 a=2 | sp=preview:active d=4.0 age=18 dtg=9.37 region=None
ep=634 s=110 4818ms [sel=39 cap=4667 rest=113] sg=2->2 mode=NONE win=8 obs=111 | cap=wip act=(320,360) d=4.02 a=1 | sp=preview:active d=4.0 age=19 dtg=9.23 region=0_14
ep=634 s=111 5203ms [sel=40 cap=5050 rest=112] sg=2->2 mode=NONE win=8 obs=112 | cap=wip act=(320,360) d=4.15 a=1 | sp=preview:active d=4.2 age=20 dtg=9.15 region=0_14
ep=634 s=112 4081ms [sel=870 cap=3096 rest=115] sg=2->2 mode=NONE win=8 obs=113 | cap=wip act=(320,360) d=3.62 a=3 | sp=som:active d=3.6 age=0 som=2/8 dtg=9.15 region=0_14
ep=634 s=113 5981ms [sel=47 cap=5817 rest=117] sg=2->2 mode=NONE win=8 obs=114 | cap=wip act=(320,360) d=3.62 a=3 | sp=som:active d=3.6 age=1 dtg=9.15 region=0_14
ep=634 s=114 6134ms [sel=49 cap=5973 rest=113] sg=2->2 mode=NONE win=8 obs=115 | cap=wip act=(320,360) d=3.62 a=3 | sp=som:active d=3.6 age=2 dtg=9.15 region=0_14
ep=634 s=115 6241ms [sel=37 cap=6098 rest=106] sg=2->2 mode=NONE win=8 obs=116 | cap=wip act=(320,360) d=3.62 a=3 | sp=som:active d=3.6 age=3 dtg=9.15 region=0_14
ep=634 s=116 4980ms [sel=30 cap=4843 rest=107] sg=2->2 mode=NONE win=8 obs=117 | cap=wip act=(320,360) d=3.62 a=3 | sp=som:active d=3.6 age=4 dtg=9.15 region=0_14
ep=634 s=117 8146ms [sel=22 cap=8009 rest=115] sg=2->2 mode=NONE win=8 obs=118 | cap=wip act=(320,360) d=3.62 a=3 | sp=som:active d=3.6 age=5 dtg=9.15 region=0_14
ep=634 s=118 7269ms [sel=39 cap=6697 rest=500] sg=2->2 mode=NONE win=8 obs=119 | cap=wip act=(160,180) d=5.80 a=1 | preview=view2/6 yaw=-15 render=34ms | sp=preview:active d=5.8 age=0 dtg=9.39 region=0_14
ep=634 s=119 6414ms [sel=24 cap=6285 rest=105] sg=2->2 mode=NONE win=8 obs=120 | cap=wip act=(320,360) d=5.65 a=3 | sp=preview:active d=5.6 age=1 dtg=9.39 region=0_14
ep=634 s=120 6198ms [sel=52 cap=6032 rest=114] sg=2->2 mode=NONE win=8 obs=121 | cap=wip act=(320,360) d=5.65 a=1 | sp=preview:active d=5.6 age=2 dtg=9.64 region=0_14
ep=634 s=121 3414ms [sel=34 cap=3265 rest=115] sg=2->2 mode=NONE win=8 obs=122 | cap=wip act=(320,360) d=5.55 a=1 | sp=preview:active d=5.6 age=3 dtg=9.89 region=0_14
ep=634 s=122 6285ms [sel=58 cap=6116 rest=111] sg=2->2 mode=NONE win=8 obs=123 | cap=wip act=(320,360) d=5.47 a=3 | sp=preview:active d=5.5 age=4 dtg=9.89 region=0_14
ep=634 s=123 5835ms [sel=40 cap=5668 rest=127] sg=2->2 mode=NONE win=8 obs=124 | cap=wip act=(320,360) d=5.47 a=1 | sp=preview:active d=5.5 age=5 dtg=10.13 region=0_14
ep=634 s=124 4672ms [sel=41 cap=4520 rest=111] sg=2->2 mode=NONE win=8 obs=125 | cap=wip act=(320,360) d=5.47 a=1 | sp=preview:active d=5.5 age=6 dtg=10.37 region=0_14
ep=634 s=125 3227ms [sel=46 cap=3070 rest=112] sg=2->2 mode=NONE win=8 obs=126 | cap=wip act=(320,360) d=5.47 a=1 | sp=preview:active d=5.5 age=7 dtg=10.62 region=0_14
ep=634 s=126 2787ms [sel=48 cap=2630 rest=109] sg=2->2 mode=NONE win=8 obs=127 | cap=wip act=(320,360) d=5.49 a=1 | sp=preview:active d=5.5 age=8 dtg=10.86 region=0_14
ep=634 s=127 3984ms [sel=44 cap=3842 rest=97] sg=2->2 mode=NONE win=8 obs=128 | cap=wip act=(320,360) d=5.52 a=2 | sp=preview:active d=5.5 age=9 dtg=10.86 region=0_14
ep=634 s=128 2523ms [sel=67 cap=2354 rest=102] sg=2->2 mode=NONE win=8 obs=129 | cap=wip act=(320,360) d=5.52 a=1 | sp=preview:active d=5.5 age=10 dtg=11.11 region=0_14
ep=634 s=129 2120ms [sel=43 cap=1979 rest=98] sg=2->2 mode=NONE win=8 obs=130 | cap=wip act=(320,360) d=5.49 a=1 | sp=preview:active d=5.5 age=11 dtg=11.36 region=0_14
ep=634 s=130 2493ms [sel=45 cap=2339 rest=109] sg=2->2 mode=NONE win=8 obs=131 | cap=wip act=(320,360) d=5.47 a=2 | sp=preview:active d=5.5 age=12 dtg=11.36 region=0_14
ep=634 s=131 3039ms [sel=40 cap=2883 rest=116] sg=2->2 mode=NONE win=8 obs=132 | cap=wip act=(320,360) d=5.47 a=1 | sp=preview:active d=5.5 age=13 dtg=10.84 region=0_14
ep=634 s=132 3856ms [sel=37 cap=3705 rest=114] sg=2->2 mode=NONE win=8 obs=133 | cap=wip act=(320,360) d=5.41 a=1 | sp=preview:active d=5.4 age=14 dtg=10.63 region=0_14
ep=634 s=133 3917ms [sel=34 cap=3772 rest=111] sg=2->2 mode=NONE win=8 obs=134 | cap=wip act=(320,360) d=5.35 a=2 | sp=preview:active d=5.3 age=15 dtg=10.63 region=0_14
ep=634 s=134 3608ms [sel=33 cap=3465 rest=110] sg=2->2 mode=NONE win=8 obs=135 | cap=wip act=(320,360) d=5.35 a=2 | sp=preview:active d=5.3 age=16 dtg=10.63 region=0_14
ep=634 s=135 4108ms [sel=30 cap=3975 rest=103] sg=2->2 mode=NONE win=8 obs=136 | cap=wip act=(320,360) d=5.35 a=1 | sp=preview:active d=5.3 age=17 dtg=10.54 region=0_14
ep=634 s=136 5284ms [sel=32 cap=5149 rest=102] sg=2->2 mode=NONE win=8 obs=137 | cap=wip act=(320,360) d=5.18 a=2 | sp=preview:active d=5.2 age=18 dtg=10.54 region=0_14
ep=634 s=137 5452ms [sel=7 cap=5347 rest=98] sg=2->2 mode=NONE win=8 obs=138 | cap=wip act=(320,360) d=5.18 a=2 | sp=preview:active d=5.2 age=19 dtg=10.54 region=0_14
ep=634 s=138 4585ms [sel=5 cap=4057 rest=488] sg=2->2 mode=NONE win=8 obs=139 | cap=wip act=(320,360) d=5.18 a=1 | preview=view-/6 yaw=+0 render=35ms | sp=preview:active d=5.2 age=20 dtg=10.61 region=0_14
ep=634 s=139 5422ms [sel=3 cap=5326 rest=92] sg=2->2 mode=NONE win=8 obs=140 | cap=wip act=(320,360) d=4.95 a=2 | sp=preview:active d=5.0 age=21 dtg=10.61 region=0_14
ep=634 s=140 5219ms [sel=3 cap=5088 rest=129] sg=2->2 mode=NONE win=8 obs=141 | cap=wip act=(320,360) d=4.95 a=2 | sp=preview:active d=5.0 age=22 dtg=10.61 region=0_14
ep=634 s=141 5147ms [sel=27 cap=4500 rest=553] sg=2->2 mode=NONE win=8 obs=142 | cap=wip act=(160,180) d=5.03 a=1 | preview=view2/6 yaw=-30 render=67ms | sp=preview:active d=5.0 age=0 dtg=10.80 region=0_14
ep=634 s=142 3266ms [sel=3 cap=3159 rest=103] sg=2->2 mode=NONE win=8 obs=143 | cap=wip act=(320,360) d=4.78 a=1 | sp=preview:active d=4.8 age=1 dtg=11.01 region=0_14
ep=634 s=143 4838ms [sel=3 cap=4733 rest=103] sg=2->2 mode=NONE win=8 obs=144 | cap=wip act=(320,360) d=4.53 a=1 | sp=preview:active d=4.5 age=2 dtg=11.22 region=0_14
ep=634 s=144 4336ms [sel=3 cap=4231 rest=102] sg=2->2 mode=NONE win=8 obs=145 | cap=wip act=(320,360) d=4.28 a=1 | sp=preview:active d=4.3 age=3 dtg=11.43 region=0_14
ep=634 s=145 4187ms [sel=3 cap=4082 rest=101] sg=2->2 mode=NONE win=8 obs=146 | cap=wip act=(320,360) d=4.03 a=3 | sp=preview:active d=4.0 age=4 dtg=11.43 region=0_14
ep=634 s=146 6892ms [sel=3 cap=6796 rest=93] sg=2->2 mode=NONE win=8 obs=147 | cap=wip act=(320,360) d=4.03 a=1 | sp=preview:active d=4.0 age=5 dtg=11.63 region=0_14
ep=634 s=147 8625ms [sel=3 cap=8519 rest=103] sg=2->2 mode=NONE win=8 obs=148 | cap=wip act=(320,360) d=3.79 a=1 | sp=preview:active d=3.8 age=6 dtg=11.86 region=0_14
ep=634 s=148 4134ms [sel=4 cap=4038 rest=92] sg=2->2 mode=NONE win=8 obs=149 | cap=wip act=(320,360) d=3.54 a=3 | sp=preview:active d=3.5 age=7 dtg=11.86 region=0_14
ep=634 s=149 4580ms [sel=3 cap=4489 rest=87] sg=2->2 mode=NONE win=8 obs=150 | cap=wip act=(320,360) d=3.54 a=1 | sp=preview:active d=3.5 age=8 dtg=12.09 region=0_14
ep=634 s=150 8538ms [sel=977 cap=7476 rest=85] sg=2->3 mode=NONE win=8 obs=151 | cap=DONE act=(320,360) d=2.93 a=1 | sp=som:active d=2.9 age=0 som=2/7 dtg=12.32 region=0_14
ep=634 s=151 5821ms [sel=3 cap=5732 rest=85] sg=3->3 mode=NONE win=8 obs=152 | cap=wip act=(320,360) d=2.68 a=1 | sp=som:active d=2.7 age=1 dtg=12.57 region=0_14
ep=634 s=152 2873ms [sel=3 cap=2785 rest=85] sg=3->3 mode=NONE win=8 obs=153 | cap=wip act=(320,360) d=2.43 a=1 | sp=som:active d=2.4 age=2 dtg=12.81 region=0_14
ep=634 s=153 3601ms [sel=3 cap=3511 rest=87] sg=3->3 mode=NONE win=8 obs=154 | cap=wip act=(320,360) d=2.19 a=1 | sp=som:active d=2.2 age=3 dtg=13.06 region=0_14
ep=634 s=154 2795ms [sel=3 cap=2693 rest=99] sg=3->3 mode=NONE win=8 obs=155 | cap=wip act=(320,360) d=1.94 a=1 | sp=som:active d=1.9 age=4 dtg=13.30 region=0_14
ep=634 s=155 2261ms [sel=3 cap=2168 rest=90] sg=3->3 mode=NONE win=8 obs=156 | cap=wip act=(320,360) d=1.69 a=1 | sp=som:active d=1.7 age=5 dtg=13.55 region=0_14
ep=634 s=156 4747ms [sel=3 cap=4650 rest=94] sg=3->3 mode=NONE win=8 obs=157 | cap=wip act=(320,360) d=1.44 a=1 | sp=som:active d=1.4 age=6 dtg=13.80 region=0_14
ep=634 s=157 3723ms [sel=4 cap=3620 rest=100] sg=3->3 mode=NONE win=8 obs=158 | cap=wip act=(320,360) d=1.20 a=1 | sp=som:active d=1.2 age=7 dtg=14.05 region=0_14
ep=634 s=158 3783ms [sel=3 cap=3686 rest=94] sg=3->3 mode=NONE win=8 obs=159 | cap=wip act=(320,360) d=0.95 a=1 | sp=som:active d=1.0 age=8 dtg=14.30 region=0_14
ep=634 s=159 4399ms [sel=3 cap=4303 rest=93] sg=3->3 mode=NONE win=8 obs=160 | cap=wip act=(320,360) d=0.72 a=2 | sp=som:active d=0.7 age=9 dtg=14.30 region=0_14
ep=634 s=160 4935ms [sel=3 cap=4835 rest=97] sg=3->3 mode=NONE win=8 obs=161 | cap=wip act=(320,360) d=0.72 a=1 | sp=som:active d=0.7 age=10 dtg=14.54 region=0_14
ep=634 s=161 6554ms [sel=1759 cap=4700 rest=95] sg=3->3 mode=NONE win=8 obs=162 | cap=wip act=(320,360) d=1.26 a=3 | sp=frontier:active d=1.3 age=0 som=R/5 dtg=14.54 region=0_14
ep=634 s=162 4088ms [sel=10 cap=3987 rest=91] sg=3->3 mode=GET_NOWHERE win=8 obs=163 | cap=wip/GET_NOWHERE act=(320,360) d=1.26 a=3 | sp=frontier:active d=1.3 age=1 dtg=14.54 region=0_14
ep=634 s=163 3898ms [sel=9 cap=3796 rest=93] sg=3->3 mode=NONE win=8 obs=164 | cap=wip act=(320,360) d=1.26 a=3 | sp=frontier:active d=1.3 age=2 dtg=14.54 region=0_14
ep=634 s=164 4197ms [sel=5 cap=4098 rest=93] sg=3->3 mode=NONE win=8 obs=165 | cap=wip act=(320,360) d=1.26 a=3 | sp=frontier:active d=1.3 age=3 dtg=14.54 region=0_14
ep=634 s=165 3479ms [sel=4 cap=3379 rest=96] sg=3->3 mode=NONE win=8 obs=166 | cap=wip act=(320,360) d=1.26 a=1 | sp=frontier:active d=1.3 age=4 dtg=14.71 region=None
ep=634 s=166 3743ms [sel=3 cap=3642 rest=99] sg=3->3 mode=NONE win=8 obs=167 | cap=wip act=(320,360) d=1.05 a=3 | sp=frontier:active d=1.1 age=5 dtg=14.71 region=None
ep=634 s=167 5578ms [sel=3 cap=5473 rest=101] sg=3->3 mode=NONE win=8 obs=168 | cap=wip act=(320,360) d=1.05 a=1 | sp=frontier:active d=1.1 age=6 dtg=14.02 region=0_11
ep=634 s=168 3550ms [sel=3 cap=3448 rest=99] sg=3->3 mode=NONE win=8 obs=169 | cap=wip act=(320,360) d=0.83 a=3 | sp=frontier:active d=0.8 age=7 dtg=14.02 region=0_11
ep=634 s=169 4181ms [sel=3 cap=4077 rest=102] sg=3->3 mode=NONE win=8 obs=170 | cap=wip act=(320,360) d=0.83 a=1 | sp=frontier:active d=0.8 age=8 dtg=13.97 region=0_11
ep=634 s=170 4958ms [sel=3 cap=4845 rest=109] sg=3->3 mode=NONE win=8 obs=171 | cap=wip act=(320,360) d=0.58 a=3 | sp=frontier:active d=0.6 age=9 dtg=13.97 region=0_11
ep=634 s=171 3502ms [sel=3 cap=3390 rest=108] sg=3->3 mode=NONE win=8 obs=172 | cap=wip act=(320,360) d=0.58 a=1 | sp=frontier:active d=0.6 age=10 dtg=13.88 region=0_11
ep=634 s=172 6754ms [sel=1611 cap=5038 rest=105] sg=3->3 mode=NONE win=8 obs=173 | cap=wip act=(320,360) d=2.94 a=1 | sp=som:active d=2.9 age=0 som=3/7 dtg=13.79 region=0_11
ep=634 s=173 4173ms [sel=3 cap=4067 rest=103] sg=3->3 mode=NONE win=8 obs=174 | cap=wip act=(320,360) d=2.69 a=3 | sp=som:active d=2.7 age=1 dtg=13.79 region=0_11
ep=634 s=174 7943ms [sel=6 cap=7827 rest=110] sg=3->3 mode=NONE win=8 obs=175 | cap=wip act=(320,360) d=2.69 a=1 | sp=som:active d=2.7 age=2 dtg=13.66 region=0_11
ep=634 s=175 7183ms [sel=3 cap=7068 rest=112] sg=3->3 mode=NONE win=8 obs=176 | cap=wip act=(320,360) d=2.44 a=3 | sp=som:active d=2.4 age=3 dtg=13.66 region=0_11
ep=634 s=176 7152ms [sel=3 cap=7033 rest=116] sg=3->3 mode=NONE win=8 obs=177 | cap=wip act=(320,360) d=2.44 a=1 | sp=som:active d=2.4 age=4 dtg=13.48 region=None
ep=634 s=177 3880ms [sel=4 cap=3755 rest=122] sg=3->3 mode=NONE win=8 obs=178 | cap=wip act=(320,360) d=2.23 a=1 | sp=som:active d=2.2 age=5 dtg=13.31 region=0_14
ep=634 s=178 4466ms [sel=3 cap=4338 rest=125] sg=3->3 mode=NONE win=8 obs=179 | cap=wip act=(320,360) d=2.02 a=2 | sp=som:active d=2.0 age=6 dtg=13.31 region=0_14
ep=634 s=179 5091ms [sel=3 cap=4975 rest=113] sg=3->3 mode=NONE win=8 obs=180 | cap=wip act=(320,360) d=2.02 a=1 | sp=som:active d=2.0 age=7 dtg=13.19 region=0_14
ep=634 s=180 5532ms [sel=4 cap=5410 rest=118] sg=3->3 mode=NONE win=8 obs=181 | cap=wip act=(320,360) d=1.78 a=2 | sp=som:active d=1.8 age=8 dtg=13.19 region=0_14
ep=634 s=181 3806ms [sel=3 cap=3695 rest=108] sg=3->3 mode=NONE win=8 obs=182 | cap=wip act=(320,360) d=1.78 a=1 | sp=som:active d=1.8 age=9 dtg=13.16 region=0_14
ep=634 s=182 5729ms [sel=3 cap=5614 rest=112] sg=3->3 mode=NONE win=8 obs=183 | cap=wip act=(320,360) d=1.54 a=1 | sp=som:active d=1.5 age=10 dtg=13.13 region=0_14
ep=634 s=183 4827ms [sel=3 cap=4713 rest=111] sg=3->3 mode=NONE win=8 obs=184 | cap=wip act=(320,360) d=1.29 a=1 | sp=som:active d=1.3 age=11 dtg=13.12 region=0_14
ep=634 s=184 5810ms [sel=3 cap=5698 rest=109] sg=3->3 mode=NONE win=8 obs=185 | cap=wip act=(320,360) d=1.05 a=1 | sp=som:active d=1.0 age=12 dtg=13.15 region=0_14
ep=634 s=185 3384ms [sel=3 cap=3274 rest=107] sg=3->3 mode=NONE win=8 obs=186 | cap=wip act=(320,360) d=0.81 a=2 | sp=som:active d=0.8 age=13 dtg=13.15 region=0_14
ep=634 s=186 4471ms [sel=4 cap=4363 rest=104] sg=3->3 mode=NONE win=8 obs=187 | cap=wip act=(320,360) d=0.81 a=1 | sp=som:active d=0.8 age=14 dtg=13.26 region=0_14
ep=634 s=187 5116ms [sel=3 cap=5009 rest=105] sg=3->3 mode=NONE win=8 obs=188 | cap=wip act=(320,360) d=0.56 a=1 | sp=som:active d=0.6 age=15 dtg=13.38 region=None
ep=634 s=188 4685ms [sel=1666 cap=2913 rest=105] sg=3->3 mode=NONE win=8 obs=189 | cap=wip act=(320,360) d=1.96 a=2 | sp=som:active d=2.0 age=0 som=3/6 dtg=13.38 region=None
ep=634 s=189 4718ms [sel=25 cap=4588 rest=105] sg=3->3 mode=NONE win=8 obs=190 | cap=wip act=(320,360) d=1.96 a=2 | sp=som:active d=2.0 age=1 dtg=13.38 region=None
ep=634 s=190 4462ms [sel=25 cap=4336 rest=101] sg=3->3 mode=NONE win=8 obs=191 | cap=wip act=(320,360) d=1.96 a=2 | sp=som:active d=2.0 age=2 dtg=13.38 region=None
ep=634 s=191 5061ms [sel=22 cap=4942 rest=97] sg=3->3 mode=NONE win=8 obs=192 | cap=wip act=(320,360) d=1.96 a=2 | sp=som:active d=2.0 age=3 dtg=13.38 region=None
ep=634 s=192 4693ms [sel=23 cap=4573 rest=97] sg=3->3 mode=NONE win=8 obs=193 | cap=wip act=(320,360) d=1.96 a=2 | sp=som:active d=2.0 age=4 dtg=13.38 region=None
ep=634 s=193 7359ms [sel=22 cap=7237 rest=99] sg=3->3 mode=NONE win=8 obs=194 | cap=wip act=(320,360) d=1.96 a=2 | sp=som:active d=2.0 age=5 dtg=13.38 region=None
ep=634 s=194 4971ms [sel=28 cap=4426 rest=473] sg=3->3 mode=NONE win=8 obs=195 | cap=wip act=(320,360) d=1.96 a=2 | preview=view-/6 yaw=+0 render=43ms | sp=som:active d=2.0 age=6 dtg=13.38 region=None
ep=634 s=195 4185ms [sel=29 cap=4060 rest=96] sg=3->3 mode=NONE win=8 obs=196 | cap=wip act=(320,360) d=1.96 a=2 | sp=som:active d=2.0 age=7 dtg=13.38 region=None
ep=634 s=196 7436ms [sel=11 cap=7328 rest=97] sg=3->3 mode=NONE win=8 obs=197 | cap=wip act=(320,360) d=1.96 a=2 | sp=som:active d=2.0 age=8 dtg=13.38 region=None
ep=634 s=197 3660ms [sel=5 cap=3556 rest=99] sg=3->3 mode=NONE win=8 obs=198 | cap=wip act=(320,360) d=1.96 a=2 | sp=som:active d=2.0 age=9 dtg=13.38 region=None
ep=634 s=198 5089ms [sel=4 cap=4985 rest=101] sg=3->3 mode=NONE win=8 obs=199 | cap=wip act=(320,360) d=1.96 a=2 | sp=som:active d=2.0 age=10 dtg=13.38 region=None
ep=634 s=199 5767ms [sel=6 cap=5658 rest=103] sg=3->3 mode=NONE win=8 obs=200 | cap=wip act=(320,360) d=1.96 a=1 | sp=som:active d=2.0 age=11 dtg=13.30 region=None
ep=634 s=200 4739ms [sel=7 cap=4629 rest=102] sg=3->3 mode=GET_NOWHERE win=8 obs=201 | cap=wip/GET_NOWHERE act=(320,360) d=2.18 a=2 | sp=som:active d=2.2 age=12 dtg=13.30 region=None
ep=634 s=201 4941ms [sel=10 cap=4827 rest=105] sg=3->3 mode=NONE win=8 obs=202 | cap=wip act=(320,360) d=2.18 a=1 | sp=som:active d=2.2 age=13 dtg=13.19 region=0_14
ep=634 s=202 5138ms [sel=11 cap=5021 rest=106] sg=3->3 mode=NONE win=8 obs=203 | cap=wip act=(320,360) d=2.43 a=1 | sp=som:active d=2.4 age=14 dtg=13.11 region=0_14
ep=634 s=203 3410ms [sel=11 cap=3294 rest=105] sg=3->3 mode=NONE win=8 obs=204 | cap=wip act=(320,360) d=2.67 a=3 | sp=som:active d=2.7 age=15 dtg=13.11 region=0_14
ep=634 s=204 4195ms [sel=15 cap=4076 rest=105] sg=3->3 mode=NONE win=8 obs=205 | cap=wip act=(320,360) d=2.67 a=3 | sp=som:active d=2.7 age=16 dtg=13.11 region=0_14
ep=634 s=205 4529ms [sel=8 cap=4423 rest=98] sg=3->3 mode=NONE win=8 obs=206 | cap=wip act=(320,360) d=2.67 a=1 | sp=som:active d=2.7 age=17 dtg=13.18 region=0_14
ep=634 s=206 2893ms [sel=9 cap=2786 rest=98] sg=3->3 mode=NONE win=8 obs=207 | cap=wip act=(320,360) d=2.87 a=3 | sp=som:active d=2.9 age=18 dtg=13.18 region=0_14
ep=634 s=207 5192ms [sel=7 cap=5086 rest=99] sg=3->3 mode=NONE win=8 obs=208 | cap=wip act=(320,360) d=2.87 a=1 | sp=som:active d=2.9 age=19 dtg=13.33 region=None
ep=634 s=208 6114ms [sel=1251 cap=4764 rest=99] sg=3->3 mode=GET_NOWHERE win=8 obs=209 | cap=wip/GET_NOWHERE act=(320,360) d=2.39 a=1 | sp=som:active d=2.4 age=0 som=3/5 dtg=13.48 region=0_11
ep=634 s=209 7124ms [sel=5 cap=7019 rest=100] sg=3->3 mode=NONE win=8 obs=210 | cap=wip act=(320,360) d=2.14 a=1 | sp=som:active d=2.1 age=1 dtg=13.65 region=0_11
ep=634 s=210 4970ms [sel=3 cap=4865 rest=102] sg=3->3 mode=NONE win=8 obs=211 | cap=wip act=(320,360) d=1.90 a=2 | sp=som:active d=1.9 age=2 dtg=13.65 region=0_11
ep=634 s=211 6636ms [sel=3 cap=6528 rest=105] sg=3->3 mode=NONE win=8 obs=212 | cap=wip act=(320,360) d=1.90 a=1 | sp=som:active d=1.9 age=3 dtg=13.81 region=0_11
ep=634 s=212 5952ms [sel=3 cap=5848 rest=101] sg=3->3 mode=GET_NOWHERE win=8 obs=213 | cap=wip/GET_NOWHERE act=(320,360) d=1.65 a=2 | sp=som:active d=1.7 age=4 dtg=13.81 region=0_11
ep=634 s=213 6736ms [sel=3 cap=6633 rest=100] sg=3->3 mode=NONE win=8 obs=214 | cap=wip act=(320,360) d=1.65 a=1 | sp=som:active d=1.7 age=5 dtg=13.82 region=0_11
ep=634 s=214 7307ms [sel=45 cap=6784 rest=442] sg=3->3 mode=NONE win=8 obs=215 | cap=wip act=(160,180) d=3.34 a=2 | preview=view1/6 yaw=-90 render=36ms | sp=preview:active d=3.3 age=0 dtg=13.82 region=0_11
ep=634 s=215 5036ms [sel=25 cap=4903 rest=108] sg=3->3 mode=NONE win=8 obs=216 | cap=wip act=(320,360) d=3.34 a=2 | sp=preview:active d=3.3 age=1 dtg=13.82 region=0_11
ep=634 s=216 4693ms [sel=4 cap=4574 rest=116] sg=3->3 mode=NONE win=8 obs=217 | cap=wip act=(320,360) d=3.34 a=2 | sp=preview:active d=3.3 age=2 dtg=13.82 region=0_11
ep=634 s=217 5285ms [sel=3 cap=5167 rest=115] sg=3->3 mode=NONE win=8 obs=218 | cap=wip act=(320,360) d=3.34 a=2 | sp=preview:active d=3.3 age=3 dtg=13.82 region=0_11
ep=634 s=218 5531ms [sel=3 cap=5421 rest=108] sg=3->3 mode=NONE win=8 obs=219 | cap=wip act=(320,360) d=3.34 a=1 | sp=preview:active d=3.3 age=4 dtg=13.65 region=0_11
ep=634 s=219 3496ms [sel=3 cap=3384 rest=109] sg=3->3 mode=NONE win=8 obs=220 | cap=wip act=(320,360) d=3.09 a=1 | sp=preview:active d=3.1 age=5 dtg=13.49 region=0_14
ep=634 s=220 4473ms [sel=3 cap=4360 rest=110] sg=3->3 mode=NONE win=8 obs=221 | cap=wip act=(320,360) d=2.84 a=2 | sp=preview:active d=2.8 age=6 dtg=13.49 region=0_14
ep=634 s=221 5683ms [sel=3 cap=5573 rest=107] sg=3->3 mode=NONE win=8 obs=222 | cap=wip act=(320,360) d=2.84 a=1 | sp=preview:active d=2.8 age=7 dtg=13.28 region=0_14
ep=634 s=222 4383ms [sel=3 cap=4268 rest=113] sg=3->3 mode=NONE win=8 obs=223 | cap=wip act=(320,360) d=2.59 a=1 | sp=preview:active d=2.6 age=8 dtg=13.08 region=0_14
ep=634 s=223 5676ms [sel=3 cap=5562 rest=111] sg=3->3 mode=GET_NOWHERE win=8 obs=224 | cap=wip/GET_NOWHERE act=(320,360) d=2.34 a=1 | sp=preview:active d=2.3 age=9 dtg=12.89 region=0_14
ep=634 s=224 5015ms [sel=3 cap=4901 rest=111] sg=3->3 mode=GET_NOWHERE win=8 obs=225 | cap=wip/GET_NOWHERE act=(320,360) d=2.10 a=3 | sp=preview:active d=2.1 age=10 dtg=12.89 region=0_14
ep=634 s=225 7294ms [sel=3 cap=7177 rest=115] sg=3->3 mode=GET_NOWHERE win=8 obs=226 | cap=wip/GET_NOWHERE act=(320,360) d=2.10 a=1 | sp=preview:active d=2.1 age=11 dtg=12.76 region=0_14
ep=634 s=226 15867ms [sel=3 cap=15748 rest=117] sg=3->3 mode=GET_NOWHERE win=8 obs=227 | cap=wip/GET_NOWHERE act=(320,360) d=1.85 a=1 | sp=preview:active d=1.8 age=12 dtg=12.65 region=0_14
ep=634 s=227 5900ms [sel=806 cap=4978 rest=116] sg=3->3 mode=GET_NOWHERE win=8 obs=228 | cap=wip/GET_NOWHERE act=(320,360) d=2.38 a=1 | sp=som:active d=2.4 age=0 som=3/7 dtg=12.59 region=0_14
ep=634 s=228 7613ms [sel=3 cap=7487 rest=123] sg=3->3 mode=GET_NOWHERE win=8 obs=229 | cap=wip/GET_NOWHERE act=(320,360) d=2.14 a=1 | sp=som:active d=2.1 age=1 dtg=12.97 region=0_14
ep=634 s=229 4676ms [sel=3 cap=4558 rest=115] sg=3->3 mode=GET_NOWHERE win=8 obs=230 | cap=wip/GET_NOWHERE act=(320,360) d=1.89 a=2 | sp=som:active d=1.9 age=2 dtg=12.97 region=0_14
ep=634 s=230 6432ms [sel=3 cap=6285 rest=143] sg=3->3 mode=GET_NOWHERE win=8 obs=231 | cap=wip/GET_NOWHERE act=(320,360) d=1.89 a=1 | sp=som:active d=1.9 age=3 dtg=12.73 region=0_14
ep=634 s=231 6950ms [sel=3 cap=6837 rest=110] sg=3->3 mode=GET_NOWHERE win=8 obs=232 | cap=wip/GET_NOWHERE act=(320,360) d=1.64 a=1 | sp=som:active d=1.6 age=4 dtg=12.49 region=0_14
ep=634 s=232 5312ms [sel=3 cap=5201 rest=108] sg=3->3 mode=GET_NOWHERE win=8 obs=233 | cap=wip/GET_NOWHERE act=(320,360) d=1.39 a=1 | sp=som:active d=1.4 age=5 dtg=12.25 region=0_14
ep=634 s=233 3879ms [sel=3 cap=3765 rest=111] sg=3->3 mode=GET_NOWHERE win=8 obs=234 | cap=wip/GET_NOWHERE act=(320,360) d=1.14 a=1 | sp=som:active d=1.1 age=6 dtg=12.03 region=0_14
ep=634 s=234 6032ms [sel=744 cap=5182 rest=106] sg=3->4 mode=NONE win=8 obs=235 | cap=DONE act=(320,360) d=3.51 a=3 | sp=frontier:active d=3.5 age=0 som=B/7 dtg=12.03 region=0_14
ep=634 s=235 5554ms [sel=25 cap=5411 rest=118] sg=4->4 mode=NONE win=8 obs=236 | cap=wip act=(320,360) d=3.51 a=3 | sp=frontier:active d=3.5 age=1 dtg=12.03 region=0_14
ep=634 s=236 6463ms [sel=25 cap=6319 rest=119] sg=4->4 mode=NONE win=8 obs=237 | cap=wip act=(320,360) d=3.51 a=3 | sp=frontier:active d=3.5 age=2 dtg=12.03 region=0_14
ep=634 s=237 7123ms [sel=25 cap=6981 rest=117] sg=4->4 mode=NONE win=8 obs=238 | cap=wip act=(320,360) d=3.51 a=3 | sp=frontier:active d=3.5 age=3 dtg=12.03 region=0_14
ep=634 s=238 15645ms [sel=25 cap=15069 rest=515] sg=4->4 mode=NONE win=8 obs=239 | cap=wip act=(320,360) d=3.51 a=3 | preview=view-/6 yaw=+0 render=37ms | sp=frontier:active d=3.5 age=4 dtg=12.03 region=0_14
ep=634 s=239 11235ms [sel=39 cap=11082 rest=115] sg=4->4 mode=NONE win=8 obs=240 | cap=wip act=(320,360) d=3.51 a=3 | sp=frontier:active d=3.5 age=5 dtg=12.03 region=0_14
ep=634 s=240 9615ms [sel=26 cap=9466 rest=124] sg=4->4 mode=NONE win=8 obs=241 | cap=wip act=(320,360) d=3.51 a=3 | sp=frontier:active d=3.5 age=6 dtg=12.03 region=0_14
ep=634 s=241 11376ms [sel=5 cap=10832 rest=505] sg=4->None mode=NONE win=8 obs=242 | cap=DONE act=STOP | preview=view-/6 yaw=+0 render=35ms | sp=frontier:active d=3.5 age=7 ovr=1 dtg=12.03 region=0_14
rank=1 [7/17] id=634 steps=242 success=0.000 spl=0.000 dtg=12.03 osr=0 path_length=24.79 ndtw=0.053 sdtw=0.000
PluginManager::Manager: duplicate static plugin StbImageImporter, ignoring
PluginManager::Manager: duplicate static plugin GltfImporter, ignoring
PluginManager::Manager: duplicate static plugin BasisImporter, ignoring
PluginManager::Manager: duplicate static plugin AssimpImporter, ignoring
PluginManager::Manager: duplicate static plugin AnySceneImporter, ignoring
PluginManager::Manager: duplicate static plugin AnyImageImporter, ignoring
episode=655 instruction="Out of the bedroom. Left into the hallway opposite the bookshelf. To the hallway's end. Left, to the white couch." start_position=[7.710249900817871, 0.17162801325321198, -4.81318998336792] goal_position=[6.924980163574219, 0.17162801325321198, 1.1728399991989136] reference_geodesic=9.51393985748291
episode=655 prepared_subgoals=3
  [1] Exit the bedroom
      proof: The camera has crossed the bedroom threshold and the hallway is central in the view.
  [2] Turn left into the hallway opposite the bookshelf, then walk to the end of the hallway
      proof: The end of the hallway is beside or directly ahead of the camera, within a step; the camera has not yet turned left.
  [3] Turn left toward the white couch, then walk to the white couch
      proof: The white couch is directly ahead and within a step of the camera
ep=655 s=0 7381ms [sel=26 cap=6882 rest=435] sg=1->1 mode=NONE win=1 obs=1 | cap=wip act=TURN request=+45deg execute=+15deg x1 a=3 | preview=view-/6 yaw=+0 render=38ms | sp=preview:active d=3.5 age=0 dtg=9.51 region=0_5
ep=655 s=1 5080ms [sel=5 cap=4974 rest=100] sg=1->1 mode=NONE win=2 obs=2 | cap=wip act=TURN request=+45deg execute=+15deg x1 a=3 | sp=preview:active d=3.5 age=1 dtg=9.51 region=0_5
ep=655 s=2 4265ms [sel=5 cap=4163 rest=97] sg=1->1 mode=NONE win=3 obs=3 | cap=wip act=TURN request=+45deg execute=+15deg x1 a=3 | sp=preview:active d=3.5 age=2 dtg=9.51 region=0_5
ep=655 s=3 3774ms [sel=5 cap=3684 rest=84] sg=1->1 mode=NONE win=4 obs=4 | cap=wip act=TURN request=+45deg execute=+15deg x1 a=3 | sp=preview:active d=3.5 age=3 dtg=9.51 region=0_5
ep=655 s=4 6970ms [sel=0 cap=6889 rest=81] sg=1->2 mode=NONE win=5 obs=5 | cap=DONE act=TURN request=-45deg execute=-15deg x1 a=2 | sp=preview:active d=3.5 age=4 dtg=9.51 region=0_5
ep=655 s=5 3876ms [sel=0 cap=3793 rest=83] sg=2->2 mode=NONE win=6 obs=6 | cap=wip act=TURN request=-45deg execute=-15deg x1 a=2 dtg=9.51 region=0_5
ep=655 s=6 5552ms [sel=0 cap=5457 rest=94] sg=2->2 mode=NONE win=7 obs=7 | cap=wip act=TURN request=-45deg execute=-15deg x1 a=2 dtg=9.51 region=0_5
ep=655 s=7 5932ms [sel=0 cap=5832 rest=100] sg=2->2 mode=NONE win=8 obs=8 | cap=wip act=TURN request=-45deg execute=-15deg x1 a=2 dtg=9.51 region=0_5
ep=655 s=8 9298ms [sel=1631 cap=7568 rest=99] sg=2->2 mode=NONE win=8 obs=9 | cap=wip act=(320,360) d=1.16 a=3 | sp=som:active d=1.2 age=0 som=2/5 dtg=9.51 region=0_5
ep=655 s=9 5121ms [sel=3 cap=5021 rest=97] sg=2->2 mode=NONE win=8 obs=10 | cap=wip act=(320,360) d=1.16 a=3 | sp=som:active d=1.2 age=1 dtg=9.51 region=0_5
ep=655 s=10 5097ms [sel=3 cap=5002 rest=92] sg=2->2 mode=NONE win=8 obs=11 | cap=wip act=(320,360) d=1.16 a=1 | sp=som:active d=1.2 age=2 dtg=9.75 region=0_5
ep=655 s=11 4937ms [sel=3 cap=4840 rest=94] sg=2->2 mode=NONE win=8 obs=12 | cap=wip act=(320,360) d=0.91 a=1 | sp=som:active d=0.9 age=3 dtg=9.99 region=0_5
ep=655 s=12 5791ms [sel=3 cap=5692 rest=96] sg=2->2 mode=NONE win=8 obs=13 | cap=wip act=(320,360) d=0.67 a=2 | sp=som:active d=0.7 age=4 dtg=9.99 region=0_5
ep=655 s=13 5694ms [sel=4 cap=5597 rest=93] sg=2->2 mode=NONE win=8 obs=14 | cap=wip act=(320,360) d=0.67 a=1 | sp=som:active d=0.7 age=5 dtg=10.24 region=0_5
ep=655 s=14 7148ms [sel=1298 cap=5755 rest=95] sg=2->2 mode=NONE win=8 obs=15 | cap=wip act=(320,360) d=0.81 a=3 | sp=som:active d=0.8 age=0 som=1/3 dtg=10.24 region=0_5
ep=655 s=15 5284ms [sel=3 cap=5178 rest=102] sg=2->2 mode=NONE win=8 obs=16 | cap=wip act=(320,360) d=0.81 a=1 | sp=som:active d=0.8 age=1 dtg=10.48 region=0_5
ep=655 s=16 5463ms [sel=3 cap=5367 rest=93] sg=2->2 mode=NONE win=8 obs=17 | cap=wip act=(320,360) d=0.56 a=1 | sp=som:active d=0.6 age=2 dtg=10.72 region=0_5
ep=655 s=17 7104ms [sel=2270 cap=4753 rest=80] sg=2->2 mode=NONE win=8 obs=18 | cap=wip act=(320,360) d=2.64 a=2 | sp=frontier:active d=2.6 age=0 som=2/4 dtg=10.72 region=0_5
ep=655 s=18 5622ms [sel=12 cap=5524 rest=86] sg=2->2 mode=NONE win=8 obs=19 | cap=wip act=(320,360) d=2.64 a=2 | sp=frontier:active d=2.6 age=1 dtg=10.72 region=0_5
ep=655 s=19 4719ms [sel=12 cap=4617 rest=90] sg=2->2 mode=NONE win=8 obs=20 | cap=wip act=(320,360) d=2.64 a=2 | sp=frontier:active d=2.6 age=2 dtg=10.72 region=0_5
ep=655 s=20 6017ms [sel=12 cap=5911 rest=93] sg=2->2 mode=NONE win=8 obs=21 | cap=wip act=(320,360) d=2.64 a=2 | sp=frontier:active d=2.6 age=3 dtg=10.72 region=0_5
ep=655 s=21 4431ms [sel=12 cap=4320 rest=98] sg=2->2 mode=NONE win=8 obs=22 | cap=wip act=(320,360) d=2.64 a=2 | sp=frontier:active d=2.6 age=4 dtg=10.72 region=0_5
ep=655 s=22 3833ms [sel=12 cap=3707 rest=114] sg=2->2 mode=NONE win=8 obs=23 | cap=wip act=(320,360) d=2.64 a=2 | sp=frontier:active d=2.6 age=5 dtg=10.72 region=0_5
ep=655 s=23 5368ms [sel=12 cap=5253 rest=103] sg=2->2 mode=NONE win=8 obs=24 | cap=wip act=(320,360) d=2.64 a=2 | sp=frontier:active d=2.6 age=6 dtg=10.72 region=0_5
ep=655 s=24 3820ms [sel=12 cap=3704 rest=104] sg=2->2 mode=NONE win=8 obs=25 | cap=wip act=(320,360) d=2.64 a=2 | sp=frontier:active d=2.6 age=7 dtg=10.72 region=0_5
ep=655 s=25 4843ms [sel=10 cap=4734 rest=99] sg=2->2 mode=NONE win=8 obs=26 | cap=wip act=(320,360) d=2.64 a=2 | sp=frontier:active d=2.6 age=8 dtg=10.72 region=0_5
ep=655 s=26 4039ms [sel=4 cap=3941 rest=94] sg=2->2 mode=NONE win=8 obs=27 | cap=wip act=(320,360) d=2.64 a=2 | sp=frontier:active d=2.6 age=9 dtg=10.72 region=0_5
ep=655 s=27 3453ms [sel=4 cap=3352 rest=97] sg=2->2 mode=NONE win=8 obs=28 | cap=wip act=(320,360) d=2.64 a=2 | sp=frontier:active d=2.6 age=10 dtg=10.72 region=0_5
ep=655 s=28 4400ms [sel=8 cap=4298 rest=94] sg=2->2 mode=NONE win=8 obs=29 | cap=wip act=(320,360) d=2.64 a=1 | sp=frontier:active d=2.6 age=11 dtg=10.50 region=0_5
ep=655 s=29 3598ms [sel=10 cap=3497 rest=90] sg=2->2 mode=NONE win=8 obs=30 | cap=wip act=(320,360) d=2.51 a=1 | sp=frontier:active d=2.5 age=12 dtg=10.29 region=0_5
ep=655 s=30 5581ms [sel=11 cap=5482 rest=88] sg=2->2 mode=NONE win=8 obs=31 | cap=wip act=(320,360) d=2.39 a=2 | sp=frontier:active d=2.4 age=13 dtg=10.29 region=0_5
ep=655 s=31 5782ms [sel=14 cap=5691 rest=77] sg=2->2 mode=NONE win=8 obs=32 | cap=wip act=(320,360) d=2.39 a=1 | sp=frontier:active d=2.4 age=14 dtg=10.06 region=0_5
ep=655 s=32 3942ms [sel=15 cap=3857 rest=70] sg=2->2 mode=NONE win=8 obs=33 | cap=wip act=(320,360) d=2.36 a=1 | sp=frontier:active d=2.4 age=15 dtg=9.83 region=0_5
ep=655 s=33 5006ms [sel=17 cap=4918 rest=71] sg=2->2 mode=NONE win=8 obs=34 | cap=wip act=(320,360) d=2.36 a=3 | sp=frontier:active d=2.4 age=16 dtg=9.83 region=0_5
ep=655 s=34 2382ms [sel=15 cap=2297 rest=70] sg=2->2 mode=NONE win=8 obs=35 | cap=wip act=(320,360) d=2.36 a=3 | sp=frontier:active d=2.4 age=17 dtg=9.83 region=0_5
ep=655 s=35 5993ms [sel=12 cap=5901 rest=80] sg=2->2 mode=NONE win=8 obs=36 | cap=wip act=(320,360) d=2.36 a=3 | sp=frontier:active d=2.4 age=18 dtg=9.83 region=0_5
ep=655 s=36 4456ms [sel=8 cap=4366 rest=82] sg=2->2 mode=NONE win=8 obs=37 | cap=wip act=(320,360) d=2.36 a=1 | sp=frontier:active d=2.4 age=19 dtg=9.79 region=0_5
ep=655 s=37 6669ms [sel=7 cap=6582 rest=80] sg=2->2 mode=NONE win=8 obs=38 | cap=wip act=(320,360) d=2.20 a=3 | sp=frontier:active d=2.2 age=20 dtg=9.79 region=0_5
ep=655 s=38 4278ms [sel=3 cap=4189 rest=86] sg=2->2 mode=NONE win=8 obs=39 | cap=wip act=(320,360) d=2.20 a=1 | sp=frontier:active d=2.2 age=21 dtg=9.90 region=0_5
ep=655 s=39 11481ms [sel=4 cap=11394 rest=83] sg=2->2 mode=GET_NOWHERE win=8 obs=40 | cap=wip/GET_NOWHERE act=(320,360) d=2.00 a=3 | sp=frontier:active d=2.0 age=22 dtg=9.90 region=0_5
ep=655 s=40 5551ms [sel=3 cap=5462 rest=86] sg=2->2 mode=GET_NOWHERE win=8 obs=41 | cap=wip/GET_NOWHERE act=(320,360) d=2.00 a=1 | sp=frontier:active d=2.0 age=23 dtg=10.10 region=0_5
ep=655 s=41 4297ms [sel=3 cap=4207 rest=87] sg=2->2 mode=NONE win=8 obs=42 | cap=wip act=(320,360) d=1.78 a=1 | sp=frontier:active d=1.8 age=24 dtg=10.32 region=0_5
ep=655 s=42 6392ms [sel=6 cap=6288 rest=98] sg=2->2 mode=NONE win=8 obs=43 | cap=wip act=(320,360) d=1.57 a=3 | sp=frontier:active d=1.6 age=25 dtg=10.32 region=0_5
ep=655 s=43 6605ms [sel=1505 cap=5007 rest=93] sg=2->2 mode=NONE win=8 obs=44 | cap=wip act=(320,360) d=1.51 a=1 | sp=som:active d=1.5 age=0 som=2/6 dtg=10.56 region=0_5
ep=655 s=44 6600ms [sel=3 cap=6496 rest=101] sg=2->2 mode=NONE win=8 obs=45 | cap=wip act=(320,360) d=1.27 a=1 | sp=som:active d=1.3 age=1 dtg=10.81 region=0_5
ep=655 s=45 7265ms [sel=3 cap=7161 rest=102] sg=2->2 mode=NONE win=8 obs=46 | cap=wip act=(320,360) d=1.03 a=1 | sp=som:active d=1.0 age=2 dtg=11.06 region=0_5
ep=655 s=46 3872ms [sel=3 cap=3770 rest=99] sg=2->2 mode=NONE win=8 obs=47 | cap=wip act=(320,360) d=0.80 a=1 | sp=som:active d=0.8 age=3 dtg=11.31 region=0_5
ep=655 s=47 7288ms [sel=3 cap=7190 rest=96] sg=2->2 mode=NONE win=8 obs=48 | cap=wip act=(320,360) d=0.58 a=3 | sp=som:active d=0.6 age=4 dtg=11.31 region=0_5
ep=655 s=48 4622ms [sel=3 cap=4516 rest=104] sg=2->2 mode=NONE win=8 obs=49 | cap=wip act=(320,360) d=0.58 a=3 | sp=som:active d=0.6 age=5 dtg=11.31 region=0_5
ep=655 s=49 5541ms [sel=3 cap=5430 rest=108] sg=2->2 mode=NONE win=8 obs=50 | cap=wip act=(320,360) d=0.58 a=1 | sp=som:active d=0.6 age=6 dtg=11.54 region=0_5
ep=655 s=50 8370ms [sel=1624 cap=6639 rest=108] sg=2->2 mode=NONE win=8 obs=51 | cap=wip act=(320,360) d=1.23 a=3 | sp=frontier:active d=1.2 age=0 som=1/4 dtg=11.54 region=0_5
ep=655 s=51 5153ms [sel=3 cap=5033 rest=117] sg=2->2 mode=NONE win=8 obs=52 | cap=wip act=(320,360) d=1.23 a=1 | sp=frontier:active d=1.2 age=1 dtg=11.74 region=0_5
ep=655 s=52 5021ms [sel=4 cap=4907 rest=111] sg=2->2 mode=NONE win=8 obs=53 | cap=wip act=(320,360) d=1.02 a=3 | sp=frontier:active d=1.0 age=2 dtg=11.74 region=0_5
ep=655 s=53 8193ms [sel=3 cap=8084 rest=106] sg=2->2 mode=NONE win=8 obs=54 | cap=wip act=(320,360) d=1.02 a=1 | sp=frontier:active d=1.0 age=3 dtg=11.94 region=0_5
ep=655 s=54 5801ms [sel=3 cap=5691 rest=107] sg=2->2 mode=NONE win=8 obs=55 | cap=wip act=(320,360) d=0.81 a=3 | sp=frontier:active d=0.8 age=4 dtg=11.94 region=0_5
ep=655 s=55 8184ms [sel=3 cap=8072 rest=110] sg=2->2 mode=NONE win=8 obs=56 | cap=wip act=(320,360) d=0.81 a=1 | sp=frontier:active d=0.8 age=5 dtg=12.16 region=0_5
ep=655 s=56 6960ms [sel=3 cap=6864 rest=93] sg=2->2 mode=NONE win=8 obs=57 | cap=wip act=(320,360) d=0.57 a=3 | sp=frontier:active d=0.6 age=6 dtg=12.16 region=0_5
ep=655 s=57 13777ms [sel=3 cap=13682 rest=92] sg=2->2 mode=NONE win=8 obs=58 | cap=wip act=(320,360) d=0.57 a=1 | sp=frontier:active d=0.6 age=7 dtg=12.39 region=0_5
ep=655 s=58 10478ms [sel=53 cap=9995 rest=395] sg=2->2 mode=NONE win=8 obs=59 | cap=wip act=(320,360) d=2.98 a=3 | preview=view-/6 yaw=+0 render=35ms | sp=frontier:active d=3.0 age=0 dtg=12.39 region=0_5
ep=655 s=59 10198ms [sel=26 cap=10079 rest=93] sg=2->2 mode=NONE win=8 obs=60 | cap=wip act=(320,360) d=2.98 a=3 | sp=frontier:active d=3.0 age=1 dtg=12.39 region=0_5
ep=655 s=60 6159ms [sel=26 cap=6039 rest=94] sg=2->2 mode=NONE win=8 obs=61 | cap=wip act=(320,360) d=2.98 a=3 | sp=frontier:active d=3.0 age=2 dtg=12.39 region=0_5
ep=655 s=61 9526ms [sel=26 cap=9395 rest=105] sg=2->2 mode=NONE win=8 obs=62 | cap=wip act=(320,360) d=2.98 a=3 | sp=frontier:active d=3.0 age=3 dtg=12.39 region=0_5
ep=655 s=62 6935ms [sel=27 cap=6805 rest=103] sg=2->2 mode=NONE win=8 obs=63 | cap=wip act=(320,360) d=2.98 a=3 | sp=frontier:active d=3.0 age=4 dtg=12.39 region=0_5
ep=655 s=63 8829ms [sel=21 cap=8708 rest=101] sg=2->2 mode=NONE win=8 obs=64 | cap=wip act=(320,360) d=2.98 a=3 | sp=frontier:active d=3.0 age=5 dtg=12.39 region=0_5
ep=655 s=64 5559ms [sel=15 cap=5452 rest=92] sg=2->2 mode=NONE win=8 obs=65 | cap=wip act=(320,360) d=2.98 a=3 | sp=frontier:active d=3.0 age=6 dtg=12.39 region=0_5
ep=655 s=65 4102ms [sel=11 cap=3996 rest=95] sg=2->2 mode=NONE win=8 obs=66 | cap=wip act=(320,360) d=2.98 a=3 | sp=frontier:active d=3.0 age=7 dtg=12.39 region=0_5
ep=655 s=66 8273ms [sel=9 cap=8169 rest=96] sg=2->2 mode=NONE win=8 obs=67 | cap=wip act=(320,360) d=2.98 a=3 | sp=frontier:active d=3.0 age=8 dtg=12.39 region=0_5
ep=655 s=67 6309ms [sel=3 cap=6209 rest=97] sg=2->2 mode=NONE win=8 obs=68 | cap=wip act=(320,360) d=2.98 a=3 | sp=frontier:active d=3.0 age=9 dtg=12.39 region=0_5
ep=655 s=68 7945ms [sel=7 cap=7843 rest=96] sg=2->2 mode=NONE win=8 obs=69 | cap=wip act=(320,360) d=2.98 a=3 | sp=frontier:active d=3.0 age=10 dtg=12.39 region=0_5
ep=655 s=69 8255ms [sel=13 cap=8145 rest=97] sg=2->2 mode=NONE win=8 obs=70 | cap=wip act=(320,360) d=2.98 a=1 | sp=frontier:active d=3.0 age=11 dtg=12.14 region=0_5
ep=655 s=70 5357ms [sel=16 cap=5243 rest=98] sg=2->2 mode=NONE win=8 obs=71 | cap=wip act=(320,360) d=2.87 a=1 | sp=frontier:active d=2.9 age=12 dtg=11.90 region=0_5
ep=655 s=71 6179ms [sel=16 cap=6065 rest=97] sg=2->2 mode=NONE win=8 obs=72 | cap=wip act=(320,360) d=2.78 a=2 | sp=frontier:active d=2.8 age=13 dtg=11.90 region=0_5
ep=655 s=72 7046ms [sel=13 cap=6937 rest=96] sg=2->2 mode=NONE win=8 obs=73 | cap=wip act=(320,360) d=2.78 a=1 | sp=frontier:active d=2.8 age=14 dtg=11.68 region=0_5
ep=655 s=73 6592ms [sel=14 cap=6481 rest=96] sg=2->2 mode=NONE win=8 obs=74 | cap=wip act=(320,360) d=2.65 a=2 | sp=frontier:active d=2.6 age=15 dtg=11.68 region=0_5
ep=655 s=74 8566ms [sel=8 cap=8458 rest=100] sg=2->2 mode=NONE win=8 obs=75 | cap=wip act=(320,360) d=2.65 a=1 | sp=frontier:active d=2.6 age=16 dtg=11.48 region=0_5
ep=655 s=75 6576ms [sel=13 cap=6461 rest=101] sg=2->2 mode=NONE win=8 obs=76 | cap=wip act=(320,360) d=2.48 a=2 | sp=frontier:active d=2.5 age=17 dtg=11.48 region=0_5
ep=655 s=76 7721ms [sel=3 cap=7620 rest=98] sg=2->2 mode=NONE win=8 obs=77 | cap=wip act=(320,360) d=2.48 a=2 | sp=frontier:active d=2.5 age=18 dtg=11.48 region=0_5
ep=655 s=77 4195ms [sel=3 cap=4094 rest=99] sg=2->2 mode=NONE win=8 obs=78 | cap=wip act=(320,360) d=2.48 a=1 | sp=frontier:active d=2.5 age=19 dtg=11.23 region=0_5
ep=655 s=78 7110ms [sel=3 cap=7010 rest=97] sg=2->2 mode=NONE win=8 obs=79 | cap=wip act=(320,360) d=2.25 a=1 | sp=frontier:active d=2.2 age=20 dtg=10.98 region=0_5
ep=655 s=79 10835ms [sel=3 cap=10743 rest=89] sg=2->2 mode=NONE win=8 obs=80 | cap=wip act=(320,360) d=2.01 a=2 | sp=frontier:active d=2.0 age=21 dtg=10.98 region=0_5
ep=655 s=80 7287ms [sel=3 cap=7200 rest=85] sg=2->2 mode=NONE win=8 obs=81 | cap=wip act=(320,360) d=2.01 a=1 | sp=frontier:active d=2.0 age=22 dtg=10.73 region=0_5
ep=655 s=81 4573ms [sel=3 cap=4485 rest=85] sg=2->2 mode=NONE win=8 obs=82 | cap=wip act=(320,360) d=1.77 a=1 | sp=frontier:active d=1.8 age=23 dtg=10.49 region=0_5
ep=655 s=82 7320ms [sel=1322 cap=5909 rest=88] sg=2->2 mode=NONE win=8 obs=83 | cap=wip act=(320,360) d=1.79 a=1 | sp=som:active d=1.8 age=0 som=2/5 dtg=10.24 region=0_5
ep=655 s=83 4544ms [sel=3 cap=4455 rest=86] sg=2->2 mode=NONE win=8 obs=84 | cap=wip act=(320,360) d=1.54 a=1 | sp=som:active d=1.5 age=1 dtg=10.00 region=0_5
ep=655 s=84 6583ms [sel=3 cap=6497 rest=83] sg=2->2 mode=NONE win=8 obs=85 | cap=wip act=(320,360) d=1.29 a=1 | sp=som:active d=1.3 age=2 dtg=9.76 region=0_5
ep=655 s=85 6337ms [sel=3 cap=6253 rest=82] sg=2->2 mode=NONE win=8 obs=86 | cap=wip act=(320,360) d=1.04 a=1 | sp=som:active d=1.0 age=3 dtg=9.53 region=0_5
ep=655 s=86 6534ms [sel=3 cap=6457 rest=75] sg=2->2 mode=NONE win=8 obs=87 | cap=wip act=(320,360) d=0.79 a=1 | sp=som:active d=0.8 age=4 dtg=9.36 region=0_5
ep=655 s=87 8484ms [sel=3 cap=8406 rest=75] sg=2->2 mode=NONE win=8 obs=88 | cap=wip act=(320,360) d=0.55 a=1 | sp=som:active d=0.5 age=5 dtg=9.27 region=0_5
ep=655 s=88 12223ms [sel=3468 cap=8683 rest=73] sg=2->2 mode=NONE win=8 obs=89 | cap=wip act=(320,360) d=3.49 a=3 | sp=frontier:active d=3.5 age=0 som=1/4 dtg=9.27 region=0_5
ep=655 s=89 6954ms [sel=28 cap=6850 rest=76] sg=2->2 mode=NONE win=8 obs=90 | cap=wip act=(320,360) d=3.49 a=3 | sp=frontier:active d=3.5 age=1 dtg=9.27 region=0_5
ep=655 s=90 7837ms [sel=21 cap=7737 rest=79] sg=2->2 mode=NONE win=8 obs=91 | cap=wip act=(320,360) d=3.49 a=3 | sp=frontier:active d=3.5 age=2 dtg=9.27 region=0_5
ep=655 s=91 6135ms [sel=5 cap=5712 rest=381] sg=2->2 mode=NONE win=8 obs=92 | cap=wip act=(320,360) d=3.49 a=3 | preview=view-/6 yaw=+0 render=37ms | sp=frontier:active d=3.5 age=3 dtg=9.27 region=0_5
ep=655 s=92 7009ms [sel=3 cap=6924 rest=82] sg=2->2 mode=NONE win=8 obs=93 | cap=wip act=(320,360) d=3.49 a=1 | sp=frontier:active d=3.5 age=4 dtg=9.03 region=0_5
ep=655 s=93 7253ms [sel=3 cap=7165 rest=85] sg=2->2 mode=NONE win=8 obs=94 | cap=wip act=(320,360) d=3.27 a=1 | sp=frontier:active d=3.3 age=5 dtg=8.79 region=0_5
ep=655 s=94 11048ms [sel=22 cap=10615 rest=374] sg=2->2 mode=NONE win=8 obs=95 | cap=wip act=(160,180) d=4.36 a=3 | preview=view2/6 yaw=-15 render=37ms | sp=preview:active d=4.4 age=0 dtg=8.79 region=0_5
ep=655 s=95 8548ms [sel=3 cap=8445 rest=100] sg=2->2 mode=NONE win=8 obs=96 | cap=wip act=(320,360) d=4.36 a=1 | sp=preview:active d=4.4 age=1 dtg=8.54 region=0_5
ep=655 s=96 7810ms [sel=3 cap=7717 rest=91] sg=2->2 mode=NONE win=8 obs=97 | cap=wip act=(320,360) d=4.12 a=3 | sp=preview:active d=4.1 age=2 dtg=8.54 region=0_5
ep=655 s=97 4644ms [sel=3 cap=4549 rest=92] sg=2->2 mode=NONE win=8 obs=98 | cap=wip act=(320,360) d=4.12 a=1 | sp=preview:active d=4.1 age=3 dtg=8.30 region=0_5
ep=655 s=98 11874ms [sel=4404 cap=7376 rest=94] sg=2->2 mode=NONE win=8 obs=99 | cap=wip act=(320,360) d=2.96 a=1 | sp=som:active d=3.0 age=0 som=2/7 dtg=8.06 region=0_18
ep=655 s=99 6730ms [sel=3 cap=6637 rest=90] sg=2->2 mode=NONE win=8 obs=100 | cap=wip act=(320,360) d=2.71 a=1 | sp=som:active d=2.7 age=1 dtg=7.82 region=0_18
ep=655 s=100 7443ms [sel=3 cap=7348 rest=91] sg=2->2 mode=NONE win=8 obs=101 | cap=wip act=(320,360) d=2.46 a=1 | sp=som:active d=2.5 age=2 dtg=7.58 region=0_18
ep=655 s=101 6744ms [sel=3 cap=6656 rest=86] sg=2->2 mode=NONE win=8 obs=102 | cap=wip act=(320,360) d=2.21 a=1 | sp=som:active d=2.2 age=3 dtg=7.36 region=0_18
ep=655 s=102 6567ms [sel=0 cap=6484 rest=83] sg=2->3 mode=NONE win=8 obs=103 | cap=DONE act=TURN request=-45deg execute=-15deg x1 a=2 | sp=som:active d=2.0 age=4 ovr=1 door_evts=1 dtg=7.36 region=0_18
ep=655 s=103 8491ms [sel=0 cap=8406 rest=85] sg=3->3 mode=NONE win=8 obs=104 | cap=wip act=TURN request=-45deg execute=-15deg x1 a=2 | sp=- ovr=1 door_evts=1 dtg=7.36 region=0_18
ep=655 s=104 6021ms [sel=0 cap=5930 rest=90] sg=3->3 mode=NONE win=8 obs=105 | cap=wip act=TURN request=-45deg execute=-15deg x1 a=2 | sp=- ovr=1 door_evts=1 dtg=7.36 region=0_18
ep=655 s=105 10191ms [sel=0 cap=10099 rest=92] sg=3->3 mode=NONE win=8 obs=106 | cap=wip act=TURN request=-45deg execute=-15deg x1 a=2 | sp=- ovr=1 door_evts=1 dtg=7.36 region=0_18
ep=655 s=106 5280ms [sel=0 cap=5191 rest=89] sg=3->3 mode=NONE win=8 obs=107 | cap=wip act=TURN request=-45deg execute=-15deg x1 a=2 | sp=- ovr=1 door_evts=1 dtg=7.36 region=0_18
ep=655 s=107 9833ms [sel=1370 cap=8379 rest=84] sg=3->3 mode=NONE win=8 obs=108 | cap=wip act=(320,360) d=3.68 a=2 | sp=frontier:active d=3.7 age=0 som=L/5 dtg=7.36 region=0_18
ep=655 s=108 9702ms [sel=28 cap=9598 rest=76] sg=3->3 mode=NONE win=8 obs=109 | cap=wip act=(320,360) d=3.68 a=2 | sp=frontier:active d=3.7 age=1 dtg=7.36 region=0_18
ep=655 s=109 6479ms [sel=28 cap=6361 rest=90] sg=3->3 mode=GET_NOWHERE win=8 obs=110 | cap=wip/GET_NOWHERE act=(320,360) d=3.68 a=2 | sp=frontier:active d=3.7 age=2 dtg=7.36 region=0_18
ep=655 s=110 8828ms [sel=28 cap=8696 rest=105] sg=3->3 mode=NONE win=8 obs=111 | cap=wip act=(320,360) d=3.68 a=2 | sp=frontier:active d=3.7 age=3 dtg=7.36 region=0_18
ep=655 s=111 9580ms [sel=29 cap=9465 rest=86] sg=3->3 mode=NONE win=8 obs=112 | cap=wip act=(320,360) d=3.68 a=2 | sp=frontier:active d=3.7 age=4 dtg=7.36 region=0_18
ep=655 s=112 8051ms [sel=3 cap=7963 rest=85] sg=3->3 mode=NONE win=8 obs=113 | cap=wip act=(320,360) d=3.68 a=2 | sp=frontier:active d=3.7 age=5 dtg=7.36 region=0_18
ep=655 s=113 17267ms [sel=3 cap=17178 rest=86] sg=3->3 mode=NONE win=8 obs=114 | cap=wip act=(320,360) d=3.68 a=2 | sp=frontier:active d=3.7 age=6 dtg=7.36 region=0_18
ep=655 s=114 8816ms [sel=3 cap=8329 rest=448] sg=3->3 mode=NONE win=8 obs=115 | cap=wip act=(320,360) d=3.68 a=1 | preview=view-/6 yaw=+0 render=36ms | sp=frontier:active d=3.7 age=7 dtg=7.58 region=0_18
ep=655 s=115 10347ms [sel=3 cap=10252 rest=91] sg=3->3 mode=NONE win=8 obs=116 | cap=wip act=(320,360) d=3.43 a=1 | sp=frontier:active d=3.4 age=8 dtg=7.82 region=0_18
ep=655 s=116 7994ms [sel=3 cap=7900 rest=91] sg=3->3 mode=NONE win=8 obs=117 | cap=wip act=(320,360) d=3.19 a=1 | sp=frontier:active d=3.2 age=9 dtg=8.06 region=0_18
ep=655 s=117 9538ms [sel=20 cap=9104 rest=379] sg=3->3 mode=NONE win=8 obs=118 | cap=wip act=(160,180) d=1.79 a=1 | preview=view2/6 yaw=-45 render=36ms | sp=preview:active d=1.8 age=0 dtg=8.30 region=0_5
ep=655 s=118 5773ms [sel=3 cap=5682 rest=88] sg=3->3 mode=NONE win=8 obs=119 | cap=wip act=(320,360) d=1.58 a=1 | sp=preview:active d=1.6 age=1 dtg=8.54 region=0_5
ep=655 s=119 14211ms [sel=4 cap=14112 rest=95] sg=3->3 mode=NONE win=8 obs=120 | cap=wip act=(320,360) d=1.37 a=2 | sp=preview:active d=1.4 age=2 dtg=8.54 region=0_5
ep=655 s=120 16286ms [sel=6 cap=15841 rest=404] sg=3->None mode=NONE win=8 obs=121 | cap=DONE act=(320,360) d=1.00 a=1 | preview=view-/6 yaw=+0 render=35ms | sp=preview:active d=1.4 age=3 ovr=1 door_evts=1 dtg=8.79 region=0_5
ep=655 s=121 103ms [sel=5 cap=0 rest=98] sg=None->None mode=NONE win=8 obs=122 | cap=- act=(320,360) d=1.00 a=1 | sp=preview:active d=1.1 age=4 ovr=1 door_evts=1 dtg=9.04 region=0_5
ep=655 s=122 96ms [sel=4 cap=0 rest=92] sg=None->None mode=NONE win=8 obs=123 | cap=- act=(320,360) d=1.00 a=1 | sp=preview:active d=0.9 age=5 ovr=1 door_evts=1 dtg=9.29 region=0_5
ep=655 s=123 89ms [sel=0 cap=0 rest=89] sg=None->None mode=NONE win=8 obs=124 | cap=- act=STOP | sp=preview:active d=0.7 age=6 ovr=1 door_evts=1 dtg=9.29 region=0_5
rank=1 [8/17] id=655 steps=124 success=0.000 spl=0.000 dtg=9.29 osr=0 path_length=13.00 ndtw=0.301 sdtw=0.000
PluginManager::Manager: duplicate static plugin StbImageImporter, ignoring
PluginManager::Manager: duplicate static plugin GltfImporter, ignoring
PluginManager::Manager: duplicate static plugin BasisImporter, ignoring
PluginManager::Manager: duplicate static plugin AssimpImporter, ignoring
PluginManager::Manager: duplicate static plugin AnySceneImporter, ignoring
PluginManager::Manager: duplicate static plugin AnyImageImporter, ignoring
episode=779 instruction="Across the room to the table's other end. Out the 2 small wood doors ahead. Once out, left. Down the hallway. Right through the entryway before the ovens. Halt facing the long hallway." start_position=[8.830309867858887, 0.12711000442504883, 7.1839399337768555] goal_position=[4.586249828338623, 0.12711000442504883, -0.1209309995174408] reference_geodesic=12.42693042755127
episode=779 prepared_subgoals=4
  [1] Walk across the room to the table's other end
      proof: The table's other end is directly ahead of the camera, within a step.
  [2] Exit through the 2 small wood doors ahead
      proof: The camera has passed through the doors and the space beyond is central in the view.
  [3] Turn left after exiting the doors, then walk down the hallway
      proof: The camera has passed the hallway: it is behind or below the camera and the space beyond it fills the view; the camera has not yet turned right.
  [4] Turn right through the entryway before the ovens, then halt facing the long hallway
      proof: The long hallway is directly ahead and fills the view, with the camera stationary
ep=779 s=0 9975ms [sel=27 cap=9427 rest=482] sg=1->1 mode=NONE win=1 obs=1 | cap=wip act=TURN request=+45deg execute=+15deg x1 a=3 | preview=view-/6 yaw=+0 render=39ms | sp=preview:active d=3.0 age=0 dtg=12.43 region=0_2
ep=779 s=1 3629ms [sel=5 cap=3502 rest=122] sg=1->1 mode=NONE win=2 obs=2 | cap=wip act=TURN request=+45deg execute=+15deg x1 a=3 | sp=preview:active d=3.0 age=1 dtg=12.43 region=0_2
ep=779 s=2 6203ms [sel=5 cap=6074 rest=124] sg=1->1 mode=NONE win=3 obs=3 | cap=wip act=TURN request=+45deg execute=+15deg x1 a=3 | sp=preview:active d=3.0 age=2 dtg=12.43 region=0_2
ep=779 s=3 3653ms [sel=5 cap=3526 rest=123] sg=1->1 mode=NONE win=4 obs=4 | cap=wip act=(320,360) d=2.98 a=3 | sp=preview:active d=3.0 age=3 dtg=12.43 region=0_2
ep=779 s=4 6640ms [sel=3 cap=6514 rest=123] sg=1->1 mode=NONE win=5 obs=5 | cap=wip act=(320,360) d=2.98 a=3 | sp=preview:active d=3.0 age=4 dtg=12.43 region=0_2
ep=779 s=5 5556ms [sel=10 cap=5430 rest=115] sg=1->1 mode=NONE win=6 obs=6 | cap=wip act=(320,360) d=2.98 a=1 | sp=preview:active d=3.0 age=5 dtg=11.11 region=0_2
ep=779 s=6 5991ms [sel=9 cap=5863 rest=119] sg=1->1 mode=NONE win=7 obs=7 | cap=wip act=(320,360) d=2.82 a=1 | sp=preview:active d=2.8 age=6 dtg=10.95 region=0_2
ep=779 s=7 7702ms [sel=13 cap=7573 rest=116] sg=1->1 mode=NONE win=8 obs=8 | cap=wip act=(320,360) d=2.66 a=2 | sp=preview:active d=2.7 age=7 dtg=10.95 region=0_2
ep=779 s=8 8227ms [sel=3 cap=8109 rest=115] sg=1->1 mode=NONE win=8 obs=9 | cap=wip act=(320,360) d=2.66 a=2 | sp=preview:active d=2.7 age=8 dtg=10.95 region=0_2
ep=779 s=9 6935ms [sel=3 cap=6812 rest=119] sg=1->1 mode=NONE win=8 obs=10 | cap=wip act=(320,360) d=2.66 a=1 | sp=preview:active d=2.7 age=9 dtg=10.73 region=0_2
ep=779 s=10 6441ms [sel=3 cap=6319 rest=119] sg=1->1 mode=NONE win=8 obs=11 | cap=wip act=(320,360) d=2.44 a=2 | sp=preview:active d=2.4 age=10 dtg=10.73 region=0_2
ep=779 s=11 8379ms [sel=3 cap=8253 rest=123] sg=1->1 mode=NONE win=8 obs=12 | cap=wip act=(320,360) d=2.44 a=1 | sp=preview:active d=2.4 age=11 dtg=10.49 region=0_2
ep=779 s=12 9294ms [sel=2279 cap=6891 rest=125] sg=1->2 mode=NONE win=8 obs=13 | cap=DONE act=(320,360) d=3.18 a=1 | sp=som:active d=3.2 age=0 som=3/7 dtg=10.26 region=0_2
ep=779 s=13 4673ms [sel=3 cap=4542 rest=127] sg=2->2 mode=NONE win=8 obs=14 | cap=wip act=(320,360) d=2.94 a=1 | sp=som:active d=2.9 age=1 dtg=10.06 region=0_2
ep=779 s=14 4812ms [sel=3 cap=4677 rest=133] sg=2->2 mode=NONE win=8 obs=15 | cap=wip act=(320,360) d=2.70 a=1 | sp=som:active d=2.7 age=2 dtg=9.91 region=0_2
ep=779 s=15 8334ms [sel=3 cap=8209 rest=122] sg=2->2 mode=NONE win=8 obs=16 | cap=wip act=(320,360) d=2.46 a=1 | sp=som:active d=2.5 age=3 dtg=9.80 region=0_2
ep=779 s=16 4417ms [sel=3 cap=4288 rest=127] sg=2->2 mode=NONE win=8 obs=17 | cap=wip act=(320,360) d=2.22 a=2 | sp=som:active d=2.2 age=4 dtg=9.80 region=0_2
ep=779 s=17 3111ms [sel=3 cap=2985 rest=123] sg=2->2 mode=NONE win=8 obs=18 | cap=wip act=(320,360) d=2.22 a=1 | sp=som:active d=2.2 age=5 dtg=9.65 region=0_2
ep=779 s=18 6217ms [sel=0 cap=6086 rest=131] sg=2->3 mode=NONE win=8 obs=19 | cap=DONE act=TURN request=-45deg execute=-15deg x1 a=2 | sp=som:active d=2.0 age=6 dtg=9.65 region=0_2
ep=779 s=19 5156ms [sel=0 cap=5027 rest=129] sg=3->3 mode=NONE win=8 obs=20 | cap=wip act=TURN request=-45deg execute=-15deg x1 a=2 dtg=9.65 region=0_2
ep=779 s=20 5659ms [sel=0 cap=5538 rest=121] sg=3->3 mode=NONE win=8 obs=21 | cap=wip act=TURN request=-45deg execute=-15deg x1 a=2 dtg=9.65 region=0_2
ep=779 s=21 4740ms [sel=0 cap=4621 rest=119] sg=3->3 mode=NONE win=8 obs=22 | cap=wip act=TURN request=-45deg execute=-15deg x1 a=2 dtg=9.65 region=0_2
ep=779 s=22 5087ms [sel=0 cap=4963 rest=125] sg=3->3 mode=NONE win=8 obs=23 | cap=wip act=TURN request=-45deg execute=-15deg x1 a=2 dtg=9.65 region=0_2
ep=779 s=23 10691ms [sel=2903 cap=7664 rest=124] sg=3->3 mode=NONE win=8 obs=24 | cap=wip act=(320,360) d=3.04 a=3 | sp=som:active d=3.0 age=0 som=4/8 dtg=9.65 region=0_2
ep=779 s=24 5666ms [sel=3 cap=5538 rest=125] sg=3->3 mode=NONE win=8 obs=25 | cap=wip act=(320,360) d=3.04 a=1 | sp=som:active d=3.0 age=1 dtg=9.40 region=0_2
ep=779 s=25 7035ms [sel=3 cap=6912 rest=120] sg=3->3 mode=NONE win=8 obs=26 | cap=wip act=(320,360) d=2.80 a=3 | sp=som:active d=2.8 age=2 dtg=9.40 region=0_2
ep=779 s=26 6287ms [sel=3 cap=6163 rest=121] sg=3->3 mode=NONE win=8 obs=27 | cap=wip act=(320,360) d=2.80 a=1 | sp=som:active d=2.8 age=3 dtg=9.15 region=0_2
ep=779 s=27 6041ms [sel=3 cap=5916 rest=121] sg=3->3 mode=NONE win=8 obs=28 | cap=wip act=(320,360) d=2.55 a=1 | sp=som:active d=2.5 age=4 dtg=8.91 region=0_2
ep=779 s=28 6370ms [sel=3 cap=6249 rest=118] sg=3->3 mode=NONE win=8 obs=29 | cap=wip act=(320,360) d=2.30 a=1 | sp=som:active d=2.3 age=5 dtg=8.66 region=0_2
ep=779 s=29 9854ms [sel=3 cap=9736 rest=115] sg=3->3 mode=NONE win=8 obs=30 | cap=wip act=(320,360) d=2.05 a=1 | sp=som:active d=2.1 age=6 dtg=8.42 region=0_2
ep=779 s=30 6966ms [sel=3 cap=6851 rest=112] sg=3->3 mode=NONE win=8 obs=31 | cap=wip act=(320,360) d=1.81 a=1 | sp=som:active d=1.8 age=7 dtg=8.19 region=0_2
ep=779 s=31 8001ms [sel=3 cap=7884 rest=115] sg=3->3 mode=NONE win=8 obs=32 | cap=wip act=(320,360) d=1.57 a=1 | sp=som:active d=1.6 age=8 dtg=7.97 region=0_2
ep=779 s=32 8365ms [sel=3 cap=8223 rest=139] sg=3->3 mode=NONE win=8 obs=33 | cap=wip act=(320,360) d=1.32 a=1 | sp=som:active d=1.3 age=9 dtg=7.77 region=0_2
ep=779 s=33 7130ms [sel=3 cap=6987 rest=140] sg=3->3 mode=NONE win=8 obs=34 | cap=wip act=(320,360) d=1.09 a=2 | sp=som:active d=1.1 age=10 dtg=7.77 region=0_2
ep=779 s=34 5216ms [sel=3 cap=5097 rest=116] sg=3->3 mode=NONE win=8 obs=35 | cap=wip act=(320,360) d=1.09 a=1 | sp=som:active d=1.1 age=11 dtg=7.57 region=0_2
ep=779 s=35 8576ms [sel=3 cap=8457 rest=116] sg=3->3 mode=NONE win=8 obs=36 | cap=wip act=(320,360) d=0.84 a=1 | sp=som:active d=0.8 age=12 dtg=7.38 region=0_2
ep=779 s=36 7026ms [sel=3 cap=6911 rest=112] sg=3->3 mode=NONE win=8 obs=37 | cap=wip act=(320,360) d=0.59 a=1 | sp=som:active d=0.6 age=13 dtg=7.20 region=0_2
ep=779 s=37 10836ms [sel=3041 cap=7687 rest=108] sg=3->3 mode=NONE win=8 obs=38 | cap=wip act=(320,360) d=2.97 a=3 | sp=som:active d=3.0 age=0 som=4/8 dtg=7.20 region=0_2
ep=779 s=38 6636ms [sel=3 cap=6523 rest=110] sg=3->3 mode=NONE win=8 obs=39 | cap=wip act=(320,360) d=2.97 a=1 | sp=som:active d=3.0 age=1 dtg=7.10 region=0_2
ep=779 s=39 18685ms [sel=46 cap=18081 rest=517] sg=3->3 mode=NONE win=8 obs=40 | cap=wip act=(160,180) d=4.09 a=3 | preview=view0/6 yaw=-180 render=41ms | sp=preview:active d=4.1 age=0 dtg=7.10 region=0_2
ep=779 s=40 7166ms [sel=27 cap=7028 rest=111] sg=3->3 mode=NONE win=8 obs=41 | cap=wip act=(320,360) d=4.09 a=3 | sp=preview:active d=4.1 age=1 dtg=7.10 region=0_2
ep=779 s=41 6531ms [sel=29 cap=6390 rest=112] sg=3->3 mode=NONE win=8 obs=42 | cap=wip act=(320,360) d=4.09 a=3 | sp=preview:active d=4.1 age=2 dtg=7.10 region=0_2
ep=779 s=42 5679ms [sel=29 cap=5539 rest=110] sg=3->3 mode=NONE win=8 obs=43 | cap=wip act=(320,360) d=4.09 a=3 | sp=preview:active d=4.1 age=3 dtg=7.10 region=0_2
ep=779 s=43 4525ms [sel=27 cap=4384 rest=114] sg=3->3 mode=NONE win=8 obs=44 | cap=wip act=(320,360) d=4.09 a=3 | sp=preview:active d=4.1 age=4 dtg=7.10 region=0_2
ep=779 s=44 5408ms [sel=27 cap=5269 rest=111] sg=3->3 mode=NONE win=8 obs=45 | cap=wip act=(320,360) d=4.09 a=3 | sp=preview:active d=4.1 age=5 dtg=7.10 region=0_2
ep=779 s=45 5146ms [sel=23 cap=5001 rest=122] sg=3->3 mode=NONE win=8 obs=46 | cap=wip act=(320,360) d=4.09 a=3 | sp=preview:active d=4.1 age=6 dtg=7.10 region=0_2
ep=779 s=46 8236ms [sel=19 cap=8081 rest=136] sg=3->3 mode=NONE win=8 obs=47 | cap=wip act=(320,360) d=4.09 a=3 | sp=preview:active d=4.1 age=7 dtg=7.10 region=0_2
ep=779 s=47 8809ms [sel=3 cap=8682 rest=125] sg=3->3 mode=NONE win=8 obs=48 | cap=wip act=(320,360) d=4.09 a=1 | sp=preview:active d=4.1 age=8 dtg=7.35 region=0_2
ep=779 s=48 2943ms [sel=7 cap=2813 rest=123] sg=3->3 mode=NONE win=8 obs=49 | cap=wip act=(320,360) d=3.88 a=3 | sp=preview:active d=3.9 age=9 dtg=7.35 region=0_2
ep=779 s=49 7107ms [sel=3 cap=6981 rest=124] sg=3->3 mode=NONE win=8 obs=50 | cap=wip act=(320,360) d=3.88 a=1 | sp=preview:active d=3.9 age=10 dtg=7.58 region=0_2
ep=779 s=50 8256ms [sel=3 cap=8129 rest=124] sg=3->3 mode=NONE win=8 obs=51 | cap=wip act=(320,360) d=3.64 a=1 | sp=preview:active d=3.6 age=11 dtg=7.82 region=0_2
ep=779 s=51 3878ms [sel=3 cap=3751 rest=124] sg=3->3 mode=NONE win=8 obs=52 | cap=wip act=(320,360) d=3.40 a=3 | sp=preview:active d=3.4 age=12 dtg=7.82 region=0_2
ep=779 s=52 7545ms [sel=3 cap=7416 rest=127] sg=3->3 mode=NONE win=8 obs=53 | cap=wip act=(320,360) d=3.40 a=1 | sp=preview:active d=3.4 age=13 dtg=8.03 region=0_2
ep=779 s=53 9326ms [sel=3 cap=9194 rest=128] sg=3->3 mode=NONE win=8 obs=54 | cap=wip act=(320,360) d=3.15 a=1 | sp=preview:active d=3.2 age=14 dtg=8.24 region=0_2
ep=779 s=54 5375ms [sel=3 cap=5244 rest=127] sg=3->3 mode=NONE win=8 obs=55 | cap=wip act=(320,360) d=2.90 a=3 | sp=preview:active d=2.9 age=15 dtg=8.24 region=0_2
ep=779 s=55 7639ms [sel=3 cap=7511 rest=125] sg=3->3 mode=NONE win=8 obs=56 | cap=wip act=(320,360) d=2.90 a=1 | sp=preview:active d=2.9 age=16 dtg=8.43 region=0_2
ep=779 s=56 4435ms [sel=3 cap=4309 rest=124] sg=3->3 mode=NONE win=8 obs=57 | cap=wip act=(320,360) d=2.66 a=1 | sp=preview:active d=2.7 age=17 dtg=8.62 region=0_2
ep=779 s=57 7148ms [sel=3 cap=7022 rest=123] sg=3->3 mode=NONE win=8 obs=58 | cap=wip act=(320,360) d=2.41 a=3 | sp=preview:active d=2.4 age=18 dtg=8.62 region=0_2
ep=779 s=58 5677ms [sel=3 cap=5551 rest=123] sg=3->3 mode=NONE win=8 obs=59 | cap=wip act=(320,360) d=2.41 a=1 | sp=preview:active d=2.4 age=19 dtg=8.78 region=0_2
ep=779 s=59 5804ms [sel=3 cap=5680 rest=120] sg=3->3 mode=NONE win=8 obs=60 | cap=wip act=(320,360) d=2.19 a=1 | sp=preview:active d=2.2 age=20 dtg=8.96 region=0_2
ep=779 s=60 8777ms [sel=2988 cap=5673 rest=116] sg=3->3 mode=NONE win=8 obs=61 | cap=wip act=(320,360) d=2.64 a=3 | sp=som:active d=2.6 age=0 som=5/8 dtg=8.96 region=0_2
ep=779 s=61 6406ms [sel=4 cap=6282 rest=120] sg=3->3 mode=NONE win=8 obs=62 | cap=wip act=(320,360) d=2.64 a=3 | sp=som:active d=2.6 age=1 dtg=8.96 region=0_2
ep=779 s=62 6280ms [sel=3 cap=6156 rest=121] sg=3->3 mode=NONE win=8 obs=63 | cap=wip act=(320,360) d=2.64 a=3 | sp=som:active d=2.6 age=2 dtg=8.96 region=0_2
ep=779 s=63 7579ms [sel=3 cap=7452 rest=124] sg=3->3 mode=NONE win=8 obs=64 | cap=wip act=(320,360) d=2.64 a=1 | sp=som:active d=2.6 age=3 dtg=8.99 region=0_2
ep=779 s=64 4705ms [sel=3 cap=4577 rest=125] sg=3->3 mode=NONE win=8 obs=65 | cap=wip act=(320,360) d=2.40 a=1 | sp=som:active d=2.4 age=4 dtg=9.06 region=0_2
ep=779 s=65 7050ms [sel=6 cap=6915 rest=129] sg=3->3 mode=NONE win=8 obs=66 | cap=wip act=(320,360) d=2.15 a=1 | sp=som:active d=2.2 age=5 dtg=9.16 region=0_2
ep=779 s=66 5374ms [sel=3 cap=5252 rest=120] sg=3->3 mode=NONE win=8 obs=67 | cap=wip act=(320,360) d=1.91 a=1 | sp=som:active d=1.9 age=6 dtg=9.29 region=0_2
ep=779 s=67 5441ms [sel=3 cap=5309 rest=129] sg=3->3 mode=NONE win=8 obs=68 | cap=wip act=(320,360) d=1.67 a=2 | sp=som:active d=1.7 age=7 dtg=9.29 region=0_2
ep=779 s=68 6426ms [sel=3 cap=6303 rest=120] sg=3->3 mode=NONE win=8 obs=69 | cap=wip act=(320,360) d=1.67 a=1 | sp=som:active d=1.7 age=8 dtg=9.48 region=0_2
ep=779 s=69 4983ms [sel=3 cap=4835 rest=144] sg=3->3 mode=NONE win=8 obs=70 | cap=wip act=(320,360) d=1.42 a=1 | sp=som:active d=1.4 age=9 dtg=9.68 region=0_2
ep=779 s=70 6408ms [sel=4 cap=6294 rest=111] sg=3->3 mode=NONE win=8 obs=71 | cap=wip act=(320,360) d=1.17 a=1 | sp=som:active d=1.2 age=10 dtg=9.90 region=0_2
ep=779 s=71 7091ms [sel=3 cap=6974 rest=114] sg=3->3 mode=NONE win=8 obs=72 | cap=wip act=(320,360) d=0.92 a=1 | sp=som:active d=0.9 age=11 dtg=10.12 region=0_2
ep=779 s=72 5699ms [sel=3 cap=5552 rest=144] sg=3->3 mode=NONE win=8 obs=73 | cap=wip act=(320,360) d=0.67 a=1 | sp=som:active d=0.7 age=12 dtg=10.35 region=0_2
ep=779 s=73 5777ms [sel=1957 cap=3704 rest=116] sg=3->3 mode=NONE win=8 obs=74 | cap=wip act=(320,360) d=2.33 a=3 | sp=frontier:active d=2.3 age=0 som=1/5 dtg=10.35 region=0_2
ep=779 s=74 6852ms [sel=16 cap=6714 rest=122] sg=3->3 mode=NONE win=8 obs=75 | cap=wip act=(320,360) d=2.33 a=3 | sp=frontier:active d=2.3 age=1 dtg=10.35 region=0_2
ep=779 s=75 10802ms [sel=19 cap=10246 rest=500] sg=3->3 mode=NONE win=8 obs=76 | cap=wip act=(160,180) d=3.14 a=3 | preview=view3/6 yaw=+30 render=37ms | sp=preview:active d=3.1 age=0 dtg=10.35 region=0_2
ep=779 s=76 10676ms [sel=3 cap=10554 rest=118] sg=3->3 mode=NONE win=8 obs=77 | cap=wip act=(320,360) d=3.14 a=1 | sp=preview:active d=3.1 age=1 dtg=10.49 region=0_2
ep=779 s=77 6520ms [sel=6 cap=6399 rest=115] sg=3->3 mode=NONE win=8 obs=78 | cap=wip act=(320,360) d=2.91 a=1 | sp=preview:active d=2.9 age=2 dtg=10.68 region=0_2
ep=779 s=78 8856ms [sel=3 cap=8724 rest=128] sg=3->3 mode=NONE win=8 obs=79 | cap=wip act=(320,360) d=2.69 a=1 | sp=preview:active d=2.7 age=3 dtg=10.88 region=0_2
ep=779 s=79 10799ms [sel=3 cap=10679 rest=117] sg=3->3 mode=NONE win=8 obs=80 | cap=wip act=(320,360) d=2.48 a=3 | sp=preview:active d=2.5 age=4 dtg=10.88 region=0_2
ep=779 s=80 9537ms [sel=3 cap=9420 rest=114] sg=3->3 mode=NONE win=8 obs=81 | cap=wip act=(320,360) d=2.48 a=1 | sp=preview:active d=2.5 age=5 dtg=11.07 region=0_2
ep=779 s=81 7451ms [sel=3 cap=7346 rest=103] sg=3->3 mode=NONE win=8 obs=82 | cap=wip act=(320,360) d=2.24 a=1 | sp=preview:active d=2.2 age=6 dtg=12.57 region=0_2
ep=779 s=82 10940ms [sel=3 cap=10833 rest=104] sg=3->3 mode=NONE win=8 obs=83 | cap=wip act=(320,360) d=2.00 a=1 | sp=preview:active d=2.0 age=7 dtg=12.33 region=0_2
ep=779 s=83 9493ms [sel=4 cap=9382 rest=107] sg=3->3 mode=NONE win=8 obs=84 | cap=wip act=(320,360) d=1.77 a=3 | sp=preview:active d=1.8 age=8 dtg=12.33 region=0_2
ep=779 s=84 16925ms [sel=3 cap=16812 rest=111] sg=3->3 mode=NONE win=8 obs=85 | cap=wip act=(320,360) d=1.77 a=1 | sp=preview:active d=1.8 age=9 dtg=12.08 region=0_2
ep=779 s=85 10859ms [sel=3 cap=10743 rest=113] sg=3->3 mode=NONE win=8 obs=86 | cap=wip act=(320,360) d=1.53 a=1 | sp=preview:active d=1.5 age=10 dtg=11.83 region=0_2
ep=779 s=86 7871ms [sel=3 cap=7755 rest=113] sg=3->3 mode=NONE win=8 obs=87 | cap=wip act=(320,360) d=1.28 a=3 | sp=preview:active d=1.3 age=11 dtg=11.83 region=0_2
ep=779 s=87 13456ms [sel=3 cap=13341 rest=112] sg=3->3 mode=NONE win=8 obs=88 | cap=wip act=(320,360) d=1.28 a=1 | sp=preview:active d=1.3 age=12 dtg=11.59 region=0_2
ep=779 s=88 10619ms [sel=57 cap=10453 rest=109] sg=3->3 mode=NONE win=8 obs=89 | cap=wip act=(320,360) d=3.32 a=2 | sp=frontier:active d=3.3 age=0 dtg=11.59 region=0_2
ep=779 s=89 7996ms [sel=3 cap=7881 rest=112] sg=3->3 mode=NONE win=8 obs=90 | cap=wip act=(320,360) d=3.32 a=1 | sp=frontier:active d=3.3 age=1 dtg=11.34 region=0_2
ep=779 s=90 33905ms [sel=25981 cap=7812 rest=112] sg=3->3 mode=NONE win=8 obs=91 | cap=wip act=(320,360) d=1.95 a=1 | sp=som:active d=2.0 age=0 som=3/7 dtg=11.10 region=0_2
ep=779 s=91 10302ms [sel=3 cap=10182 rest=117] sg=3->3 mode=NONE win=8 obs=92 | cap=wip act=(320,360) d=1.71 a=1 | sp=som:active d=1.7 age=1 dtg=10.85 region=None
ep=779 s=92 9695ms [sel=4 cap=9585 rest=107] sg=3->3 mode=NONE win=8 obs=93 | cap=wip act=(320,360) d=1.46 a=3 | sp=som:active d=1.5 age=2 dtg=10.85 region=None
ep=779 s=93 9609ms [sel=3 cap=9496 rest=110] sg=3->3 mode=NONE win=8 obs=94 | cap=wip act=(320,360) d=1.46 a=1 | sp=som:active d=1.5 age=3 dtg=10.62 region=0_5
ep=779 s=94 10681ms [sel=3 cap=10571 rest=107] sg=3->3 mode=NONE win=8 obs=95 | cap=wip act=(320,360) d=1.21 a=1 | sp=som:active d=1.2 age=4 dtg=10.39 region=0_5
ep=779 s=95 19519ms [sel=3 cap=19411 rest=105] sg=3->3 mode=NONE win=8 obs=96 | cap=wip act=(320,360) d=0.96 a=1 | sp=som:active d=1.0 age=5 dtg=10.16 region=0_5
ep=779 s=96 12707ms [sel=3 cap=12598 rest=106] sg=3->3 mode=NONE win=8 obs=97 | cap=wip act=(320,360) d=0.71 a=1 | sp=som:active d=0.7 age=6 dtg=9.94 region=0_5
ep=779 s=97 17654ms [sel=0 cap=17547 rest=107] sg=3->4 mode=NONE win=8 obs=98 | cap=DONE act=TURN request=+45deg execute=+15deg x1 a=3 | sp=som:reached d=0.5 age=7 ovr=1 door_evts=1 dtg=9.94 region=0_5
ep=779 s=98 11498ms [sel=0 cap=11391 rest=107] sg=4->4 mode=NONE win=8 obs=99 | cap=wip act=TURN request=+45deg execute=+15deg x1 a=3 | sp=- ovr=1 door_evts=1 dtg=9.94 region=0_5
ep=779 s=99 13777ms [sel=0 cap=13677 rest=99] sg=4->4 mode=NONE win=8 obs=100 | cap=wip act=TURN request=+45deg execute=+15deg x1 a=3 | sp=- ovr=1 door_evts=1 dtg=9.94 region=0_5
ep=779 s=100 30508ms [sel=0 cap=0 rest=30470] sg=None->4 mode=NONE win=8 obs=101 | cap=- act=TURN request=+45deg execute=+15deg x1 a=3 | preview=view-/6 yaw=+0 render=38ms | sp=- ovr=1 door_evts=1 ANALYSIS_ERROR_STAGE=decision ANALYSIS_ERROR='CaptionerInferenceError: Captioner model inference failed' dtg=9.94 region=0_5
ep=779 s=101 18382ms [sel=125 cap=18166 rest=91] sg=4->4 mode=NONE win=8 obs=102 | cap=wip act=(320,360) d=3.79 a=2 | sp=frontier:active d=3.8 age=0 dtg=9.94 region=0_5
ep=779 s=102 14184ms [sel=27 cap=14053 rest=104] sg=4->4 mode=NONE win=8 obs=103 | cap=wip act=(320,360) d=3.79 a=2 | sp=frontier:active d=3.8 age=1 dtg=9.94 region=0_5
ep=779 s=103 30515ms [sel=27 cap=0 rest=30451] sg=None->4 mode=NONE win=8 obs=104 | cap=- act=(320,360) d=3.79 a=2 | preview=view-/6 yaw=+0 render=37ms | sp=frontier:active d=3.8 age=2 ANALYSIS_ERROR_STAGE=completion_confirmation ANALYSIS_ERROR='CaptionerOutputError: decision violates the navigation reply contract: Request timed out.' dtg=9.94 region=0_5
ep=779 s=104 16647ms [sel=26 cap=16517 rest=104] sg=4->4 mode=NONE win=8 obs=105 | cap=wip act=(320,360) d=3.79 a=2 | sp=frontier:active d=3.8 age=3 dtg=9.94 region=0_5
ep=779 s=105 12149ms [sel=12 cap=11998 rest=139] sg=4->4 mode=NONE win=8 obs=106 | cap=wip act=(320,360) d=3.79 a=2 | sp=frontier:active d=3.8 age=4 dtg=9.94 region=0_5
ep=779 s=106 30553ms [sel=5 cap=0 rest=30490] sg=None->4 mode=NONE win=8 obs=107 | cap=- act=(320,360) d=3.79 a=2 | preview=view-/6 yaw=+0 render=58ms | sp=frontier:active d=3.8 age=5 ANALYSIS_ERROR_STAGE=completion_confirmation ANALYSIS_ERROR='CaptionerOutputError: decision violates the navigation reply contract: Request timed out.' dtg=9.94 region=0_5
ep=779 s=107 22285ms [sel=4 cap=22169 rest=111] sg=4->4 mode=NONE win=8 obs=108 | cap=wip act=(320,360) d=3.79 a=1 | sp=frontier:active d=3.8 age=6 dtg=9.69 region=0_5
ep=779 s=108 17717ms [sel=4 cap=17609 rest=104] sg=4->4 mode=NONE win=8 obs=109 | cap=wip act=(320,360) d=3.78 a=1 | sp=frontier:active d=3.8 age=7 dtg=9.44 region=0_5
ep=779 s=109 30524ms [sel=4 cap=0 rest=30482] sg=None->4 mode=NONE win=8 obs=110 | cap=- act=(320,360) d=3.78 a=1 | preview=view-/6 yaw=+0 render=37ms | sp=frontier:active d=3.8 age=8 ANALYSIS_ERROR_STAGE=decision ANALYSIS_ERROR='CaptionerInferenceError: Captioner model inference failed' dtg=9.19 region=0_5
ep=779 s=110 16375ms [sel=4 cap=16271 rest=100] sg=4->4 mode=NONE win=8 obs=111 | cap=wip act=(320,360) d=3.80 a=1 | sp=frontier:active d=3.8 age=9 dtg=8.94 region=0_5
ep=779 s=111 15905ms [sel=4 cap=15798 rest=103] sg=4->4 mode=NONE win=8 obs=112 | cap=wip act=(320,360) d=3.84 a=1 | sp=frontier:active d=3.8 age=10 dtg=8.69 region=0_5
ep=779 s=112 25942ms [sel=4 cap=25449 rest=448] sg=4->4 mode=NONE win=8 obs=113 | cap=wip act=(320,360) d=3.89 a=1 | preview=view-/6 yaw=+0 render=42ms | sp=frontier:active d=3.9 age=11 dtg=8.44 region=0_5
ep=779 s=113 18041ms [sel=4 cap=17927 rest=111] sg=4->4 mode=NONE win=8 obs=114 | cap=wip act=(320,360) d=3.95 a=1 | sp=frontier:active d=4.0 age=12 dtg=8.19 region=0_5
ep=779 s=114 18063ms [sel=4 cap=17920 rest=139] sg=4->4 mode=NONE win=8 obs=115 | cap=wip act=(320,360) d=4.04 a=1 | sp=frontier:active d=4.0 age=13 dtg=7.94 region=0_5
ep=779 s=115 30518ms [sel=4 cap=0 rest=30479] sg=None->4 mode=NONE win=8 obs=116 | cap=- act=(320,360) d=4.13 a=2 | preview=view-/6 yaw=+0 render=35ms | sp=frontier:active d=4.1 age=14 ANALYSIS_ERROR_STAGE=decision ANALYSIS_ERROR='CaptionerInferenceError: Captioner model inference failed' dtg=7.94 region=0_5
ep=779 s=116 23591ms [sel=4 cap=23467 rest=120] sg=4->4 mode=NONE win=8 obs=117 | cap=wip act=(320,360) d=4.13 a=1 | sp=frontier:active d=4.1 age=15 dtg=7.71 region=0_5
ep=779 s=117 21311ms [sel=16 cap=21180 rest=116] sg=4->4 mode=NONE win=8 obs=118 | cap=wip act=(320,360) d=4.29 a=1 | sp=frontier:active d=4.3 age=16 dtg=7.51 region=0_5
ep=779 s=118 30614ms [sel=21 cap=0 rest=30526] sg=None->4 mode=NONE win=8 obs=119 | cap=- act=(320,360) d=4.46 a=3 | preview=view-/6 yaw=+0 render=67ms | sp=frontier:active d=4.5 age=17 ANALYSIS_ERROR_STAGE=completion_confirmation ANALYSIS_ERROR='CaptionerOutputError: decision violates the navigation reply contract: Request timed out.' dtg=7.51 region=0_5
ep=779 s=119 26219ms [sel=18 cap=26091 rest=110] sg=4->4 mode=NONE win=8 obs=120 | cap=wip act=(320,360) d=4.46 a=1 | sp=frontier:active d=4.5 age=18 dtg=7.29 region=0_4
ep=779 s=120 15868ms [sel=8 cap=15756 rest=105] sg=4->4 mode=NONE win=8 obs=121 | cap=wip act=(320,360) d=4.59 a=1 | sp=frontier:active d=4.6 age=19 dtg=7.10 region=0_4
ep=779 s=121 26006ms [sel=5 cap=25479 rest=485] sg=4->None mode=NONE win=8 obs=122 | cap=DONE act=(320,360) d=1.00 a=1 | preview=view-/6 yaw=+0 render=36ms | sp=frontier:stagnant d=4.7 age=20 ovr=1 door_evts=1 dtg=6.98 region=0_4
ep=779 s=122 109ms [sel=4 cap=0 rest=105] sg=None->None mode=NONE win=8 obs=123 | cap=- act=(320,360) d=1.00 a=1 | sp=frontier:stagnant d=4.7 age=21 ovr=1 door_evts=1 dtg=6.94 region=0_4
ep=779 s=123 108ms [sel=4 cap=0 rest=103] sg=None->None mode=NONE win=8 obs=124 | cap=- act=(320,360) d=1.00 a=1 | sp=frontier:stagnant d=4.7 age=22 ovr=1 door_evts=1 dtg=6.98 region=0_4
ep=779 s=124 102ms [sel=0 cap=0 rest=102] sg=None->None mode=NONE win=8 obs=125 | cap=- act=STOP | sp=frontier:stagnant d=4.7 age=23 ovr=1 door_evts=1 dtg=6.98 region=0_4
rank=1 [9/17] id=779 steps=125 success=0.000 spl=0.000 dtg=6.98 osr=0 path_length=17.50 ndtw=0.290 sdtw=0.000
PluginManager::Manager: duplicate static plugin StbImageImporter, ignoring
PluginManager::Manager: duplicate static plugin GltfImporter, ignoring
PluginManager::Manager: duplicate static plugin BasisImporter, ignoring
PluginManager::Manager: duplicate static plugin AssimpImporter, ignoring
PluginManager::Manager: duplicate static plugin AnySceneImporter, ignoring
PluginManager::Manager: duplicate static plugin AnyImageImporter, ignoring
episode=1117 instruction='Alongside the pool, toward the bar directly ahead.' start_position=[-0.944907009601593, 0.04610800743103027, 5.948919773101807] goal_position=[0.8089100122451782, 0.04610800743103027, -2.4403700828552246] reference_geodesic=8.570651054382324
episode=1117 prepared_subgoals=2
  [1] Walk alongside the pool
      proof: The pool is directly beside the camera, within a step.
  [2] Continue toward the bar directly ahead
      proof: The bar is directly ahead of the camera, within a step
ep=1117 s=0 20323ms [sel=24 cap=19800 rest=462] sg=1->1 mode=NONE win=1 obs=1 | cap=wip act=(160,180) d=3.58 a=1 | preview=view2/6 yaw=+0 render=36ms | sp=preview:active d=3.6 age=0 dtg=8.33 region=0_9
ep=1117 s=1 16448ms [sel=3 cap=16329 rest=116] sg=1->1 mode=NONE win=2 obs=2 | cap=wip act=(320,360) d=3.34 a=1 | sp=preview:active d=3.3 age=1 dtg=8.08 region=0_9
ep=1117 s=2 11072ms [sel=3 cap=10954 rest=115] sg=1->1 mode=NONE win=3 obs=3 | cap=wip act=(320,360) d=3.11 a=3 | sp=preview:active d=3.1 age=2 dtg=8.08 region=0_9
ep=1117 s=3 9933ms [sel=3 cap=9821 rest=110] sg=1->1 mode=NONE win=4 obs=4 | cap=wip act=(320,360) d=3.11 a=1 | sp=preview:active d=3.1 age=3 dtg=7.83 region=0_9
ep=1117 s=4 9295ms [sel=3 cap=9182 rest=109] sg=1->1 mode=GET_NOWHERE win=5 obs=5 | cap=wip/GET_NOWHERE act=(320,360) d=2.87 a=1 | sp=preview:active d=2.9 age=4 dtg=7.58 region=0_9
ep=1117 s=5 11695ms [sel=4 cap=11581 rest=110] sg=1->1 mode=GET_NOWHERE win=6 obs=6 | cap=wip/GET_NOWHERE act=(320,360) d=2.62 a=1 | sp=preview:active d=2.6 age=5 dtg=7.33 region=0_9
ep=1117 s=6 19815ms [sel=8 cap=19258 rest=516] sg=1->1 mode=GET_NOWHERE win=7 obs=7 | cap=wip/GET_NOWHERE act=(160,180) d=2.37 a=1 | preview=view3/6 yaw=+0 render=33ms | sp=preview:active d=2.4 age=6 dtg=7.08 region=0_9
ep=1117 s=7 17162ms [sel=3 cap=17048 rest=111] sg=1->1 mode=GET_NOWHERE win=8 obs=8 | cap=wip/GET_NOWHERE act=(320,360) d=2.13 a=2 | sp=preview:active d=2.1 age=7 dtg=7.08 region=0_9
ep=1117 s=8 17204ms [sel=3 cap=17092 rest=109] sg=1->1 mode=TURN_OSCILLATION win=8 obs=9 | cap=wip/TURN_OSCILLATION act=(320,360) d=2.13 a=1 | sp=preview:active d=2.1 age=8 dtg=6.84 region=0_9
ep=1117 s=9 10152ms [sel=3 cap=10035 rest=114] sg=1->1 mode=NONE win=8 obs=10 | cap=wip act=(320,360) d=1.91 a=3 | sp=preview:active d=1.9 age=9 dtg=6.84 region=0_9
ep=1117 s=10 11087ms [sel=3 cap=10960 rest=124] sg=1->1 mode=NONE win=8 obs=11 | cap=wip act=(320,360) d=1.91 a=1 | sp=preview:active d=1.9 age=10 dtg=6.59 region=0_9
ep=1117 s=11 11206ms [sel=4 cap=11088 rest=114] sg=1->1 mode=NONE win=8 obs=12 | cap=wip act=(320,360) d=1.67 a=1 | sp=preview:active d=1.7 age=11 dtg=6.34 region=0_12
ep=1117 s=12 10983ms [sel=3 cap=10862 rest=118] sg=1->1 mode=NONE win=8 obs=13 | cap=wip act=(320,360) d=1.44 a=3 | sp=preview:active d=1.4 age=12 dtg=6.34 region=0_12
ep=1117 s=13 18623ms [sel=34 cap=18477 rest=113] sg=1->1 mode=NONE win=8 obs=14 | cap=wip act=(320,360) d=3.76 a=1 | sp=frontier:active d=3.8 age=0 dtg=6.10 region=0_12
ep=1117 s=14 9678ms [sel=4 cap=9558 rest=115] sg=1->1 mode=NONE win=8 obs=15 | cap=wip act=(320,360) d=3.52 a=1 | sp=frontier:active d=3.5 age=1 dtg=5.86 region=0_12
ep=1117 s=15 12280ms [sel=30 cap=12122 rest=127] sg=1->2 mode=NONE win=8 obs=16 | cap=DONE act=(320,360) d=3.27 a=1 | sp=frontier:active d=3.3 age=0 dtg=5.63 region=0_12
ep=1117 s=16 11074ms [sel=3 cap=10959 rest=112] sg=2->2 mode=NONE win=8 obs=17 | cap=wip act=(320,360) d=3.03 a=1 | sp=frontier:active d=3.0 age=1 dtg=5.39 region=0_12
ep=1117 s=17 12160ms [sel=3 cap=12043 rest=114] sg=2->2 mode=NONE win=8 obs=18 | cap=wip act=(320,360) d=2.79 a=1 | sp=frontier:active d=2.8 age=2 dtg=5.16 region=0_12
ep=1117 s=18 16386ms [sel=3 cap=16269 rest=114] sg=2->2 mode=NONE win=8 obs=19 | cap=wip act=(320,360) d=2.56 a=3 | sp=frontier:active d=2.6 age=3 dtg=5.16 region=0_12
ep=1117 s=19 21325ms [sel=3 cap=0 rest=21289] sg=None->2 mode=NONE win=8 obs=20 | cap=- act=(320,360) d=2.56 a=1 | preview=view-/6 yaw=+0 render=32ms | sp=frontier:active d=2.6 age=4 ANALYSIS_ERROR_STAGE=unknown ANALYSIS_ERROR='CaptionerInferenceError: Captioner model inference failed' dtg=4.96 region=0_12
ep=1117 s=20 6123ms [sel=3 cap=6008 rest=112] sg=2->2 mode=NONE win=8 obs=21 | cap=wip act=(320,360) d=2.31 a=1 | sp=frontier:active d=2.3 age=5 dtg=4.77 region=0_12
ep=1117 s=21 8138ms [sel=3 cap=8003 rest=132] sg=2->2 mode=NONE win=8 obs=22 | cap=wip act=(320,360) d=2.06 a=1 | sp=frontier:active d=2.1 age=6 dtg=4.58 region=0_12
ep=1117 s=22 30603ms [sel=3 cap=0 rest=30565] sg=None->2 mode=NONE win=8 obs=23 | cap=- act=(320,360) d=1.81 a=1 | preview=view-/6 yaw=+0 render=35ms | sp=frontier:active d=1.8 age=7 ANALYSIS_ERROR_STAGE=completion_confirmation ANALYSIS_ERROR='CaptionerOutputError: decision violates the navigation reply contract: Request timed out.' dtg=4.40 region=0_12
ep=1117 s=23 14548ms [sel=3 cap=14429 rest=116] sg=2->2 mode=NONE win=8 obs=24 | cap=wip act=(320,360) d=1.56 a=1 | sp=frontier:active d=1.6 age=8 dtg=4.23 region=0_12
ep=1117 s=24 5892ms [sel=3 cap=5777 rest=112] sg=2->2 mode=NONE win=8 obs=25 | cap=wip act=(320,360) d=1.31 a=1 | sp=frontier:active d=1.3 age=9 dtg=4.06 region=0_12
ep=1117 s=25 26988ms [sel=9 cap=26402 rest=543] sg=2->None mode=NONE win=8 obs=26 | cap=DONE act=(320,360) d=1.00 a=1 | preview=view-/6 yaw=+0 render=34ms | sp=frontier:active d=1.1 age=10 door_evts=1 dtg=3.91 region=0_12
ep=1117 s=26 117ms [sel=5 cap=0 rest=112] sg=None->None mode=NONE win=8 obs=27 | cap=- act=(320,360) d=1.00 a=1 | sp=frontier:active d=0.8 age=11 door_evts=1 dtg=3.78 region=0_12
ep=1117 s=27 120ms [sel=4 cap=0 rest=116] sg=None->None mode=NONE win=8 obs=28 | cap=- act=(320,360) d=1.00 a=1 | sp=frontier:stale d=0.6 age=12 door_evts=1 dtg=3.67 region=0_12
ep=1117 s=28 113ms [sel=0 cap=0 rest=113] sg=None->None mode=NONE win=8 obs=29 | cap=- act=STOP | sp=frontier:stale d=0.6 age=13 door_evts=1 dtg=3.67 region=0_12
rank=1 [10/17] id=1117 steps=29 success=0.000 spl=0.000 dtg=3.67 osr=0 path_length=5.75 ndtw=0.713 sdtw=0.000
PluginManager::Manager: duplicate static plugin StbImageImporter, ignoring
PluginManager::Manager: duplicate static plugin GltfImporter, ignoring
PluginManager::Manager: duplicate static plugin BasisImporter, ignoring
PluginManager::Manager: duplicate static plugin AssimpImporter, ignoring
PluginManager::Manager: duplicate static plugin AnySceneImporter, ignoring
PluginManager::Manager: duplicate static plugin AnyImageImporter, ignoring
episode=1197 instruction='Out of the bedroom, along the hallway, past the little living area on the right. Through the door into the next bedroom.' start_position=[7.401979923248291, 0.17162801325321198, -7.317160129547119] goal_position=[0.2081959992647171, 0.17162801325321198, -3.8352599143981934] reference_geodesic=9.805902481079102
episode=1197 prepared_subgoals=4
  [1] Exit the bedroom
      proof: The bedroom door is behind the camera and the hallway ahead fills the view.
  [2] Walk along the hallway
      proof: The hallway extends straight ahead and the little living area is visible on the right.
  [3] Pass the little living area on the right
      proof: The little living area is directly beside or behind the camera, to the right.
  [4] Go through the door into the next bedroom
      proof: The camera has crossed the threshold and the next bedroom fills the central view
ep=1197 s=0 21146ms [sel=28 cap=20682 rest=398] sg=1->1 mode=NONE win=1 obs=1 | cap=wip act=(320,360) d=1.16 a=3 | preview=view-/6 yaw=+0 render=37ms | sp=frontier:active d=1.2 age=0 dtg=9.81 region=0_5
ep=1197 s=1 14697ms [sel=6 cap=14538 rest=153] sg=1->1 mode=NONE win=2 obs=2 | cap=wip act=(320,360) d=1.16 a=3 | sp=frontier:active d=1.2 age=1 dtg=9.81 region=0_5
ep=1197 s=2 17162ms [sel=6 cap=17037 rest=120] sg=1->1 mode=NONE win=3 obs=3 | cap=wip act=(320,360) d=1.16 a=3 | sp=frontier:active d=1.2 age=2 dtg=9.81 region=0_5
ep=1197 s=3 13428ms [sel=6 cap=13305 rest=116] sg=1->1 mode=NONE win=4 obs=4 | cap=wip act=(320,360) d=1.16 a=3 | sp=frontier:active d=1.2 age=3 dtg=9.81 region=0_5
ep=1197 s=4 11081ms [sel=4 cap=10969 rest=108] sg=1->1 mode=NONE win=5 obs=5 | cap=wip act=(320,360) d=1.16 a=3 | sp=frontier:active d=1.2 age=4 dtg=9.81 region=0_5
ep=1197 s=5 8443ms [sel=3 cap=8337 rest=103] sg=1->1 mode=NONE win=6 obs=6 | cap=wip act=(320,360) d=1.16 a=3 | sp=frontier:active d=1.2 age=5 dtg=9.81 region=0_5
ep=1197 s=6 15937ms [sel=6 cap=15832 rest=98] sg=1->1 mode=NONE win=7 obs=7 | cap=wip act=(320,360) d=1.16 a=1 | sp=frontier:active d=1.2 age=6 dtg=9.83 region=0_5
ep=1197 s=7 15677ms [sel=4 cap=15575 rest=98] sg=1->1 mode=NONE win=8 obs=8 | cap=wip act=(320,360) d=0.91 a=2 | sp=frontier:active d=0.9 age=7 dtg=9.83 region=0_5
ep=1197 s=8 12499ms [sel=3 cap=12393 rest=103] sg=1->1 mode=NONE win=8 obs=9 | cap=wip act=(320,360) d=0.91 a=1 | sp=frontier:active d=0.9 age=8 dtg=9.93 region=0_5
ep=1197 s=9 19454ms [sel=4 cap=19321 rest=129] sg=1->1 mode=NONE win=8 obs=10 | cap=wip act=(320,360) d=0.66 a=1 | sp=frontier:active d=0.7 age=9 dtg=10.10 region=0_5
ep=1197 s=10 13926ms [sel=35 cap=13780 rest=111] sg=1->1 mode=NONE win=8 obs=11 | cap=wip act=(320,360) d=3.00 a=3 | sp=frontier:active d=3.0 age=0 dtg=10.10 region=0_5
ep=1197 s=11 7055ms [sel=8 cap=6958 rest=89] sg=1->1 mode=NONE win=8 obs=12 | cap=wip act=(320,360) d=3.00 a=3 | sp=frontier:active d=3.0 age=1 dtg=10.10 region=0_5
ep=1197 s=12 16443ms [sel=13 cap=16338 rest=92] sg=1->1 mode=NONE win=8 obs=13 | cap=wip act=(320,360) d=3.00 a=3 | sp=frontier:active d=3.0 age=2 dtg=10.10 region=0_5
ep=1197 s=13 15457ms [sel=9 cap=15341 rest=107] sg=1->1 mode=NONE win=8 obs=14 | cap=wip act=(320,360) d=3.00 a=3 | sp=frontier:active d=3.0 age=3 dtg=10.10 region=0_5
ep=1197 s=14 7849ms [sel=8 cap=7356 rest=447] sg=1->1 mode=NONE win=8 obs=15 | cap=wip act=(320,360) d=3.00 a=3 | preview=view-/6 yaw=+0 render=37ms | sp=frontier:active d=3.0 age=4 dtg=10.10 region=0_5
ep=1197 s=15 19151ms [sel=8 cap=19041 rest=102] sg=1->1 mode=NONE win=8 obs=16 | cap=wip act=(320,360) d=3.00 a=3 | sp=frontier:active d=3.0 age=5 dtg=10.10 region=0_5
ep=1197 s=16 14641ms [sel=8 cap=14537 rest=97] sg=1->1 mode=NONE win=8 obs=17 | cap=wip act=(320,360) d=3.00 a=3 | sp=frontier:active d=3.0 age=6 dtg=10.10 region=0_5
ep=1197 s=17 14341ms [sel=7 cap=14242 rest=91] sg=1->1 mode=NONE win=8 obs=18 | cap=wip act=(320,360) d=3.00 a=3 | sp=frontier:active d=3.0 age=7 dtg=10.10 region=0_5
ep=1197 s=18 14725ms [sel=7 cap=14625 rest=94] sg=1->1 mode=NONE win=8 obs=19 | cap=wip act=(320,360) d=3.00 a=3 | sp=frontier:active d=3.0 age=8 dtg=10.10 region=0_5
ep=1197 s=19 20111ms [sel=62 cap=19951 rest=97] sg=1->2 mode=NONE win=8 obs=20 | cap=DONE act=(320,359) d=2.29 a=1 | sp=straight_ahead:active d=2.1 age=0 dtg=9.86 region=0_5
ep=1197 s=20 17136ms [sel=4 cap=17036 rest=97] sg=2->2 mode=NONE win=8 obs=21 | cap=wip act=(320,360) d=1.91 a=3 | sp=straight_ahead:active d=1.9 age=1 dtg=9.86 region=0_5
ep=1197 s=21 13013ms [sel=3 cap=12914 rest=96] sg=2->2 mode=NONE win=8 obs=22 | cap=wip act=(320,360) d=1.91 a=1 | sp=straight_ahead:active d=1.9 age=2 dtg=9.61 region=0_5
ep=1197 s=22 14439ms [sel=3 cap=14339 rest=97] sg=2->2 mode=NONE win=8 obs=23 | cap=wip act=(320,360) d=1.71 a=1 | sp=straight_ahead:active d=1.7 age=3 dtg=9.41 region=0_5
ep=1197 s=23 10071ms [sel=9 cap=9961 rest=101] sg=2->2 mode=NONE win=8 obs=24 | cap=wip act=(320,360) d=1.53 a=2 | sp=straight_ahead:active d=1.5 age=4 dtg=9.41 region=0_5
ep=1197 s=24 14457ms [sel=3 cap=14361 rest=94] sg=2->2 mode=NONE win=8 obs=25 | cap=wip act=(320,360) d=1.53 a=2 | sp=straight_ahead:active d=1.5 age=5 dtg=9.41 region=0_5
ep=1197 s=25 13404ms [sel=4 cap=13309 rest=92] sg=2->2 mode=NONE win=8 obs=26 | cap=wip act=(320,360) d=1.53 a=1 | sp=straight_ahead:active d=1.5 age=6 dtg=9.16 region=0_5
ep=1197 s=26 10127ms [sel=3 cap=10035 rest=89] sg=2->2 mode=NONE win=8 obs=27 | cap=wip act=(320,360) d=1.29 a=1 | sp=straight_ahead:active d=1.3 age=7 dtg=8.91 region=0_5
ep=1197 s=27 9348ms [sel=3 cap=9264 rest=81] sg=2->2 mode=NONE win=8 obs=28 | cap=wip act=(320,360) d=1.06 a=2 | sp=straight_ahead:active d=1.1 age=8 dtg=8.91 region=0_5
ep=1197 s=28 8281ms [sel=3 cap=8196 rest=82] sg=2->2 mode=NONE win=8 obs=29 | cap=wip act=(320,360) d=1.06 a=1 | sp=straight_ahead:active d=1.1 age=9 dtg=8.66 region=0_5
ep=1197 s=29 14275ms [sel=3 cap=14190 rest=81] sg=2->2 mode=NONE win=8 obs=30 | cap=wip act=(320,360) d=0.81 a=1 | sp=straight_ahead:active d=0.8 age=10 dtg=8.42 region=0_5
ep=1197 s=30 7497ms [sel=3 cap=7411 rest=83] sg=2->2 mode=NONE win=8 obs=31 | cap=wip act=(320,360) d=0.56 a=1 | sp=straight_ahead:active d=0.6 age=11 dtg=8.17 region=0_5
ep=1197 s=31 11576ms [sel=37 cap=11143 rest=362] sg=2->2 mode=NONE win=8 obs=32 | cap=wip act=(320,360) d=1.96 a=2 | preview=view-/6 yaw=+0 render=34ms | sp=frontier:active d=2.0 age=0 dtg=8.17 region=0_5
ep=1197 s=32 9563ms [sel=13 cap=9460 rest=90] sg=2->2 mode=NONE win=8 obs=33 | cap=wip act=(320,360) d=1.96 a=1 | sp=frontier:active d=2.0 age=1 dtg=7.96 region=0_5
ep=1197 s=33 12638ms [sel=14 cap=12541 rest=83] sg=2->2 mode=NONE win=8 obs=34 | cap=wip act=(320,360) d=1.80 a=2 | sp=frontier:active d=1.8 age=2 dtg=7.96 region=0_5
ep=1197 s=34 12090ms [sel=5 cap=12000 rest=85] sg=2->2 mode=NONE win=8 obs=35 | cap=wip act=(320,360) d=1.80 a=2 | sp=frontier:active d=1.8 age=3 dtg=7.96 region=0_5
ep=1197 s=35 11661ms [sel=3 cap=11573 rest=85] sg=2->2 mode=NONE win=8 obs=36 | cap=wip act=(320,360) d=1.80 a=1 | sp=frontier:active d=1.8 age=4 dtg=7.89 region=0_5
ep=1197 s=36 12188ms [sel=3 cap=12101 rest=84] sg=2->2 mode=NONE win=8 obs=37 | cap=wip act=(320,360) d=1.57 a=2 | sp=frontier:active d=1.6 age=5 dtg=7.89 region=0_5
ep=1197 s=37 10831ms [sel=3 cap=10742 rest=86] sg=2->2 mode=NONE win=8 obs=38 | cap=wip act=(320,360) d=1.57 a=1 | sp=frontier:active d=1.6 age=6 dtg=7.96 region=0_5
ep=1197 s=38 9075ms [sel=3 cap=8979 rest=93] sg=2->2 mode=NONE win=8 obs=39 | cap=wip act=(320,360) d=1.33 a=2 | sp=frontier:active d=1.3 age=7 dtg=7.96 region=0_5
ep=1197 s=39 13067ms [sel=3 cap=12967 rest=97] sg=2->2 mode=NONE win=8 obs=40 | cap=wip act=(320,360) d=1.33 a=1 | sp=frontier:active d=1.3 age=8 dtg=8.14 region=0_5
ep=1197 s=40 18659ms [sel=9265 cap=9298 rest=96] sg=2->3 mode=NONE win=8 obs=41 | cap=DONE act=(320,360) d=0.53 a=3 | sp=som:active d=0.5 age=0 som=3/5 dtg=8.14 region=0_5
ep=1197 s=41 9464ms [sel=3 cap=9362 rest=99] sg=3->3 mode=NONE win=8 obs=42 | cap=wip act=(320,360) d=0.53 a=1 | sp=som:active d=0.5 age=1 dtg=8.31 region=0_5
ep=1197 s=42 10627ms [sel=46 cap=10480 rest=101] sg=3->3 mode=NONE win=8 obs=43 | cap=wip act=(320,360) d=2.27 a=3 | sp=frontier:active d=2.3 age=0 dtg=8.31 region=0_5
ep=1197 s=43 17707ms [sel=21 cap=17586 rest=100] sg=3->3 mode=NONE win=8 obs=44 | cap=wip act=(320,360) d=2.27 a=3 | sp=frontier:active d=2.3 age=1 dtg=8.31 region=0_5
ep=1197 s=44 11904ms [sel=21 cap=11786 rest=97] sg=3->3 mode=NONE win=8 obs=45 | cap=wip act=(320,360) d=2.27 a=3 | sp=frontier:active d=2.3 age=2 dtg=8.31 region=0_5
ep=1197 s=45 17514ms [sel=21 cap=17042 rest=417] sg=3->3 mode=NONE win=8 obs=46 | cap=wip act=(320,360) d=2.27 a=3 | preview=view-/6 yaw=+0 render=35ms | sp=frontier:active d=2.3 age=3 dtg=8.31 region=0_5
ep=1197 s=46 14468ms [sel=23 cap=14348 rest=96] sg=3->3 mode=NONE win=8 obs=47 | cap=wip act=(320,360) d=2.27 a=3 | sp=frontier:active d=2.3 age=4 dtg=8.31 region=0_5
ep=1197 s=47 12396ms [sel=21 cap=12279 rest=96] sg=3->3 mode=NONE win=8 obs=48 | cap=wip act=(320,360) d=2.27 a=3 | sp=frontier:active d=2.3 age=5 dtg=8.31 region=0_5
ep=1197 s=48 11038ms [sel=21 cap=10926 rest=90] sg=3->3 mode=NONE win=8 obs=49 | cap=wip act=(320,360) d=2.27 a=3 | sp=frontier:active d=2.3 age=6 dtg=8.31 region=0_5
ep=1197 s=49 15863ms [sel=27 cap=15384 rest=417] sg=3->3 mode=NONE win=8 obs=50 | cap=wip act=(160,180) d=4.70 a=3 | preview=view4/6 yaw=+75 render=35ms | sp=preview:active d=4.7 age=0 dtg=8.31 region=0_5
ep=1197 s=50 7345ms [sel=4 cap=7262 rest=79] sg=3->3 mode=NONE win=8 obs=51 | cap=wip act=(320,360) d=4.70 a=1 | sp=preview:active d=4.7 age=1 dtg=8.07 region=0_5
ep=1197 s=51 12886ms [sel=5 cap=12801 rest=81] sg=3->3 mode=NONE win=8 obs=52 | cap=wip act=(320,360) d=4.46 a=1 | sp=preview:active d=4.5 age=2 dtg=7.83 region=0_5
ep=1197 s=52 10682ms [sel=3 cap=10591 rest=87] sg=3->3 mode=NONE win=8 obs=53 | cap=wip act=(320,360) d=4.22 a=1 | sp=preview:active d=4.2 age=3 dtg=7.60 region=0_5
ep=1197 s=53 15520ms [sel=4 cap=15432 rest=84] sg=3->3 mode=NONE win=8 obs=54 | cap=wip act=(320,360) d=3.99 a=3 | sp=preview:active d=4.0 age=4 dtg=7.60 region=0_5
ep=1197 s=54 11222ms [sel=4 cap=11133 rest=84] sg=3->3 mode=NONE win=8 obs=55 | cap=wip act=(320,360) d=3.99 a=1 | sp=preview:active d=4.0 age=5 dtg=7.36 region=0_5
ep=1197 s=55 5800ms [sel=3 cap=5714 rest=83] sg=3->3 mode=NONE win=8 obs=56 | cap=wip act=(320,360) d=3.74 a=1 | sp=preview:active d=3.7 age=6 dtg=7.11 region=0_5
ep=1197 s=56 9662ms [sel=3 cap=9572 rest=87] sg=3->3 mode=NONE win=8 obs=57 | cap=wip act=(320,360) d=3.49 a=1 | sp=preview:active d=3.5 age=7 dtg=6.87 region=0_5
ep=1197 s=57 9742ms [sel=3 cap=9647 rest=92] sg=3->3 mode=NONE win=8 obs=58 | cap=wip act=(320,360) d=3.24 a=1 | sp=preview:active d=3.2 age=8 dtg=6.62 region=0_5
ep=1197 s=58 9497ms [sel=4 cap=9400 rest=94] sg=3->3 mode=NONE win=8 obs=59 | cap=wip act=(320,360) d=2.99 a=1 | sp=preview:active d=3.0 age=9 dtg=6.37 region=0_5
ep=1197 s=59 9847ms [sel=3 cap=9756 rest=88] sg=3->3 mode=NONE win=8 obs=60 | cap=wip act=(320,360) d=2.74 a=3 | sp=preview:active d=2.7 age=10 dtg=6.37 region=0_5
ep=1197 s=60 10230ms [sel=6 cap=9781 rest=408] sg=3->3 mode=NONE win=8 obs=61 | cap=wip act=(320,360) d=2.74 a=1 | preview=view-/6 yaw=+0 render=35ms | sp=preview:active d=2.7 age=11 dtg=6.13 region=0_18
ep=1197 s=61 12347ms [sel=36 cap=12222 rest=89] sg=3->3 mode=NONE win=8 obs=62 | cap=wip act=(320,360) d=3.40 a=1 | sp=frontier:active d=3.4 age=0 dtg=5.88 region=0_18
ep=1197 s=62 7887ms [sel=3 cap=7797 rest=87] sg=3->3 mode=NONE win=8 obs=63 | cap=wip act=(320,360) d=3.16 a=1 | sp=frontier:active d=3.2 age=1 dtg=5.63 region=0_18
ep=1197 s=63 10012ms [sel=3 cap=9927 rest=82] sg=3->3 mode=NONE win=8 obs=64 | cap=wip act=(320,360) d=2.92 a=1 | sp=frontier:active d=2.9 age=2 dtg=5.38 region=0_18
ep=1197 s=64 13375ms [sel=3 cap=13282 rest=89] sg=3->3 mode=NONE win=8 obs=65 | cap=wip act=(320,360) d=2.69 a=1 | sp=frontier:active d=2.7 age=3 dtg=5.13 region=0_18
ep=1197 s=65 10973ms [sel=3 cap=10887 rest=83] sg=3->3 mode=NONE win=8 obs=66 | cap=wip act=(320,360) d=2.45 a=3 | sp=frontier:active d=2.5 age=4 dtg=5.13 region=0_18
ep=1197 s=66 15985ms [sel=3 cap=15898 rest=84] sg=3->3 mode=NONE win=8 obs=67 | cap=wip act=(320,360) d=2.45 a=1 | sp=frontier:active d=2.5 age=5 dtg=4.89 region=0_18
ep=1197 s=67 13585ms [sel=3 cap=13494 rest=88] sg=3->3 mode=NONE win=8 obs=68 | cap=wip act=(320,360) d=2.21 a=1 | sp=frontier:active d=2.2 age=6 dtg=4.66 region=0_18
ep=1197 s=68 20264ms [sel=3 cap=20165 rest=97] sg=3->3 mode=NONE win=8 obs=69 | cap=wip act=(320,360) d=1.96 a=1 | sp=frontier:active d=2.0 age=7 dtg=4.43 region=0_18
ep=1197 s=69 12163ms [sel=3 cap=12064 rest=97] sg=3->3 mode=NONE win=8 obs=70 | cap=wip act=(320,360) d=1.71 a=1 | sp=frontier:active d=1.7 age=8 dtg=4.20 region=0_18
ep=1197 s=70 10453ms [sel=3 cap=10351 rest=99] sg=3->3 mode=NONE win=8 obs=71 | cap=wip act=(320,360) d=1.47 a=3 | sp=frontier:active d=1.5 age=9 dtg=4.20 region=0_18
ep=1197 s=71 10818ms [sel=3 cap=10709 rest=107] sg=3->3 mode=NONE win=8 obs=72 | cap=wip act=(320,360) d=1.47 a=1 | sp=frontier:active d=1.5 age=10 dtg=4.01 region=0_18
ep=1197 s=72 10602ms [sel=3 cap=10490 rest=109] sg=3->3 mode=NONE win=8 obs=73 | cap=wip act=(320,360) d=1.22 a=1 | sp=frontier:active d=1.2 age=11 dtg=3.83 region=0_18
ep=1197 s=73 13632ms [sel=5335 cap=8192 rest=105] sg=3->3 mode=NONE win=8 obs=74 | cap=wip act=(320,360) d=1.79 a=3 | sp=som:active d=1.8 age=0 som=3/8 dtg=3.83 region=0_18
ep=1197 s=74 7432ms [sel=3 cap=7320 rest=109] sg=3->3 mode=NONE win=8 obs=75 | cap=wip act=(320,360) d=1.79 a=1 | sp=som:active d=1.8 age=1 dtg=3.72 region=0_16
ep=1197 s=75 10105ms [sel=3 cap=9995 rest=107] sg=3->3 mode=NONE win=8 obs=76 | cap=wip act=(320,360) d=1.55 a=1 | sp=som:active d=1.5 age=2 dtg=3.63 region=0_16
ep=1197 s=76 13816ms [sel=3 cap=13707 rest=106] sg=3->3 mode=NONE win=8 obs=77 | cap=wip act=(320,360) d=1.30 a=1 | sp=som:active d=1.3 age=3 dtg=3.57 region=0_16
ep=1197 s=77 8128ms [sel=3 cap=8022 rest=103] sg=3->3 mode=NONE win=8 obs=78 | cap=wip act=(320,360) d=1.06 a=1 | sp=som:active d=1.1 age=4 dtg=3.53 region=0_16
ep=1197 s=78 13016ms [sel=3 cap=12910 rest=103] sg=3->3 mode=NONE win=8 obs=79 | cap=wip act=(320,360) d=0.83 a=2 | sp=som:active d=0.8 age=5 dtg=3.53 region=0_16
ep=1197 s=79 15059ms [sel=3 cap=14956 rest=100] sg=3->3 mode=NONE win=8 obs=80 | cap=wip act=(320,360) d=0.83 a=1 | sp=som:active d=0.8 age=6 dtg=3.45 region=0_16
ep=1197 s=80 11687ms [sel=3 cap=11587 rest=98] sg=3->3 mode=NONE win=8 obs=81 | cap=wip act=(320,360) d=0.58 a=1 | sp=som:active d=0.6 age=7 dtg=3.40 region=0_16
ep=1197 s=81 14924ms [sel=9697 cap=5126 rest=100] sg=3->3 mode=NONE win=8 obs=82 | cap=wip act=(320,360) d=1.80 a=3 | sp=som:active d=1.8 age=0 som=5/8 dtg=3.40 region=0_16
ep=1197 s=82 13093ms [sel=4 cap=12983 rest=106] sg=3->3 mode=NONE win=8 obs=83 | cap=wip act=(320,360) d=1.80 a=3 | sp=som:active d=1.8 age=1 dtg=3.40 region=0_16
ep=1197 s=83 16170ms [sel=87 cap=15963 rest=121] sg=3->4 mode=NONE win=8 obs=84 | cap=DONE act=(320,360) d=3.33 a=2 | sp=frontier:active d=3.3 age=0 dtg=3.40 region=0_16
ep=1197 s=84 15384ms [sel=40 cap=15242 rest=102] sg=4->4 mode=NONE win=8 obs=85 | cap=wip act=(320,360) d=3.33 a=2 | sp=frontier:active d=3.3 age=1 dtg=3.40 region=0_16
ep=1197 s=85 9435ms [sel=41 cap=9298 rest=97] sg=4->4 mode=NONE win=8 obs=86 | cap=wip act=(320,360) d=3.33 a=2 | sp=frontier:active d=3.3 age=2 dtg=3.40 region=0_16
ep=1197 s=86 9285ms [sel=38 cap=9154 rest=93] sg=4->4 mode=NONE win=8 obs=87 | cap=wip act=(320,360) d=3.33 a=2 | sp=frontier:active d=3.3 age=3 dtg=3.40 region=0_16
ep=1197 s=87 15498ms [sel=28 cap=15379 rest=91] sg=4->4 mode=NONE win=8 obs=88 | cap=wip act=(320,360) d=3.33 a=2 | sp=frontier:active d=3.3 age=4 dtg=3.40 region=0_16
ep=1197 s=88 13779ms [sel=10 cap=13680 rest=88] sg=4->4 mode=NONE win=8 obs=89 | cap=wip act=(320,360) d=3.33 a=2 | sp=frontier:active d=3.3 age=5 dtg=3.40 region=0_16
ep=1197 s=89 13847ms [sel=4 cap=13760 rest=83] sg=4->4 mode=NONE win=8 obs=90 | cap=wip act=(320,360) d=3.33 a=2 | sp=frontier:active d=3.3 age=6 dtg=3.40 region=0_16
ep=1197 s=90 10943ms [sel=4 cap=10858 rest=81] sg=4->4 mode=NONE win=8 obs=91 | cap=wip act=(320,360) d=3.33 a=1 | sp=frontier:active d=3.3 age=7 dtg=3.16 region=0_16
ep=1197 s=91 13589ms [sel=4 cap=13504 rest=81] sg=4->4 mode=NONE win=8 obs=92 | cap=wip act=(320,360) d=3.16 a=1 | sp=frontier:active d=3.2 age=8 dtg=2.91 region=0_16
ep=1197 s=92 12879ms [sel=4 cap=12789 rest=86] sg=4->4 mode=NONE win=8 obs=93 | cap=wip act=(320,360) d=2.99 a=1 | sp=frontier:active d=3.0 age=9 dtg=2.67 region=0_16
ep=1197 s=93 14508ms [sel=5 cap=14416 rest=87] sg=4->4 mode=NONE win=8 obs=94 | cap=wip act=(320,360) d=2.84 a=1 | sp=frontier:active d=2.8 age=10 dtg=2.42 region=0_16
ep=1197 s=94 8367ms [sel=4 cap=8269 rest=94] sg=4->4 mode=NONE win=8 obs=95 | cap=wip act=(320,360) d=2.71 a=2 | sp=frontier:active d=2.7 age=11 dtg=2.42 region=0_16
ep=1197 s=95 8828ms [sel=6 cap=8736 rest=86] sg=4->4 mode=NONE win=8 obs=96 | cap=wip act=(320,360) d=2.71 a=1 | sp=frontier:active d=2.7 age=12 dtg=2.17 region=0_16
ep=1197 s=96 12227ms [sel=10 cap=12128 rest=88] sg=4->4 mode=NONE win=8 obs=97 | cap=wip act=(320,360) d=2.65 a=2 | sp=frontier:active d=2.7 age=13 dtg=2.17 region=0_16
ep=1197 s=97 10268ms [sel=19 cap=10162 rest=86] sg=4->4 mode=NONE win=8 obs=98 | cap=wip act=(320,360) d=2.65 a=1 | sp=frontier:active d=2.7 age=14 dtg=1.93 region=0_18
ep=1197 s=98 12624ms [sel=19 cap=12524 rest=81] sg=4->4 mode=NONE win=8 obs=99 | cap=wip act=(320,360) d=2.68 a=1 | sp=frontier:active d=2.7 age=15 dtg=1.72 region=0_18
ep=1197 s=99 8747ms [sel=21 cap=8644 rest=82] sg=4->4 mode=NONE win=8 obs=100 | cap=wip act=(320,360) d=2.74 a=1 | sp=frontier:active d=2.7 age=16 dtg=1.56 region=0_18
ep=1197 s=100 10012ms [sel=24 cap=9907 rest=82] sg=4->4 mode=NONE win=8 obs=101 | cap=wip act=(320,360) d=2.81 a=3 | sp=frontier:active d=2.8 age=17 dtg=1.56 region=0_18
ep=1197 s=101 10420ms [sel=20 cap=10310 rest=90] sg=4->4 mode=NONE win=8 obs=102 | cap=wip act=(320,360) d=2.81 a=3 | sp=frontier:active d=2.8 age=18 dtg=1.56 region=0_18
ep=1197 s=102 12689ms [sel=56 cap=12535 rest=98] sg=4->4 mode=NONE win=8 obs=103 | cap=wip act=(320,360) d=2.81 a=1 | sp=frontier:active d=2.8 age=19 dtg=1.37 region=0_18
ep=1197 s=103 8824ms [sel=19 cap=8699 rest=106] sg=4->4 mode=NONE win=8 obs=104 | cap=wip act=(320,360) d=2.78 a=3 | sp=frontier:active d=2.8 age=20 dtg=1.37 region=0_18
ep=1197 s=104 5524ms [sel=42 cap=5389 rest=93] sg=4->4 mode=NONE win=8 obs=105 | cap=wip act=(320,360) d=2.78 a=3 | sp=frontier:active d=2.8 age=21 dtg=1.37 region=0_18
ep=1197 s=105 9354ms [sel=42 cap=9219 rest=92] sg=4->4 mode=NONE win=8 obs=106 | cap=wip act=(320,360) d=2.78 a=3 | sp=frontier:active d=2.8 age=22 dtg=1.37 region=0_18
ep=1197 s=106 7064ms [sel=40 cap=6925 rest=99] sg=4->4 mode=NONE win=8 obs=107 | cap=wip act=(320,360) d=2.78 a=3 | sp=frontier:active d=2.8 age=23 dtg=1.37 region=0_18
ep=1197 s=107 11811ms [sel=43 cap=11661 rest=106] sg=4->4 mode=NONE win=8 obs=108 | cap=wip act=(320,360) d=2.78 a=3 | sp=frontier:active d=2.8 age=24 dtg=1.37 region=0_18
ep=1197 s=108 7645ms [sel=44 cap=7496 rest=105] sg=4->4 mode=NONE win=8 obs=109 | cap=wip act=(320,360) d=2.78 a=3 | sp=frontier:active d=2.8 age=25 dtg=1.37 region=0_18
ep=1197 s=109 19150ms [sel=48 cap=18997 rest=104] sg=4->4 mode=NONE win=8 obs=110 | cap=wip act=(320,360) d=1.86 a=3 | sp=frontier:active d=1.9 age=0 dtg=1.37 region=0_18
ep=1197 s=110 12117ms [sel=18 cap=11967 rest=133] sg=4->4 mode=NONE win=8 obs=111 | cap=wip act=(320,360) d=1.86 a=3 | sp=frontier:active d=1.9 age=1 dtg=1.37 region=0_18
ep=1197 s=111 9717ms [sel=11 cap=9599 rest=106] sg=4->4 mode=NONE win=8 obs=112 | cap=wip act=(320,360) d=1.86 a=3 | sp=frontier:active d=1.9 age=2 dtg=1.37 region=0_18
ep=1197 s=112 8958ms [sel=6 cap=8841 rest=111] sg=4->4 mode=NONE win=8 obs=113 | cap=wip act=(320,360) d=1.86 a=3 | sp=frontier:active d=1.9 age=3 dtg=1.37 region=0_18
ep=1197 s=113 10666ms [sel=7 cap=10554 rest=105] sg=4->4 mode=NONE win=8 obs=114 | cap=wip act=(320,360) d=1.86 a=3 | sp=frontier:active d=1.9 age=4 dtg=1.37 region=0_18
ep=1197 s=114 10578ms [sel=6 cap=10457 rest=115] sg=4->4 mode=NONE win=8 obs=115 | cap=wip act=(320,360) d=1.86 a=1 | sp=frontier:active d=1.9 age=5 dtg=1.52 region=0_18
ep=1197 s=115 10756ms [sel=4 cap=10641 rest=112] sg=4->4 mode=NONE win=8 obs=116 | cap=wip act=(320,360) d=1.61 a=1 | sp=frontier:active d=1.6 age=6 dtg=1.73 region=0_18
ep=1197 s=116 10488ms [sel=3 cap=10362 rest=123] sg=4->4 mode=NONE win=8 obs=117 | cap=wip act=(320,360) d=1.36 a=2 | sp=frontier:active d=1.4 age=7 dtg=1.73 region=0_18
ep=1197 s=117 17934ms [sel=3 cap=17821 rest=110] sg=4->4 mode=NONE win=8 obs=118 | cap=wip act=(320,360) d=1.36 a=1 | sp=frontier:active d=1.4 age=8 dtg=1.95 region=0_18
ep=1197 s=118 8917ms [sel=3 cap=8807 rest=107] sg=4->4 mode=NONE win=8 obs=119 | cap=wip act=(320,360) d=1.12 a=1 | sp=frontier:active d=1.1 age=9 dtg=2.19 region=0_16
ep=1197 s=119 17526ms [sel=3 cap=16986 rest=504] sg=4->4 mode=NONE win=8 obs=120 | cap=wip act=(320,360) d=0.87 a=3 | preview=view-/6 yaw=+0 render=33ms | sp=frontier:active d=0.9 age=10 dtg=2.19 region=0_16
ep=1197 s=120 6621ms [sel=3 cap=6502 rest=115] sg=4->4 mode=NONE win=8 obs=121 | cap=wip act=(320,360) d=0.87 a=1 | sp=frontier:active d=0.9 age=11 dtg=2.44 region=0_16
ep=1197 s=121 15572ms [sel=3 cap=15446 rest=123] sg=4->4 mode=NONE win=8 obs=122 | cap=wip act=(320,360) d=0.62 a=1 | sp=frontier:active d=0.6 age=12 dtg=2.69 region=0_16
ep=1197 s=122 23205ms [sel=5 cap=22659 rest=505] sg=4->None mode=NONE win=8 obs=123 | cap=DONE act=(320,360) d=1.00 a=1 | preview=view-/6 yaw=+0 render=35ms | sp=frontier:reached d=0.4 age=13 door_evts=2 dtg=2.94 region=0_16
ep=1197 s=123 110ms [sel=4 cap=0 rest=105] sg=None->None mode=NONE win=8 obs=124 | cap=- act=(320,360) d=1.00 a=1 | sp=frontier:reached d=0.4 age=14 door_evts=2 dtg=3.19 region=0_16
ep=1197 s=124 106ms [sel=4 cap=0 rest=102] sg=None->None mode=NONE win=8 obs=125 | cap=- act=(320,360) d=1.00 a=1 | sp=frontier:reached d=0.4 age=15 door_evts=2 dtg=3.44 region=0_16
ep=1197 s=125 100ms [sel=0 cap=0 rest=100] sg=None->None mode=NONE win=8 obs=126 | cap=- act=STOP | sp=frontier:reached d=0.4 age=16 door_evts=2 dtg=3.44 region=0_16
rank=1 [11/17] id=1197 steps=126 success=0.000 spl=0.000 dtg=3.44 osr=1 path_length=14.74 ndtw=0.705 sdtw=0.000
PluginManager::Manager: duplicate static plugin StbImageImporter, ignoring
PluginManager::Manager: duplicate static plugin GltfImporter, ignoring
PluginManager::Manager: duplicate static plugin BasisImporter, ignoring
PluginManager::Manager: duplicate static plugin AssimpImporter, ignoring
PluginManager::Manager: duplicate static plugin AnySceneImporter, ignoring
PluginManager::Manager: duplicate static plugin AnyImageImporter, ignoring
episode=1266 instruction='Past the dining table. Right into the hallway. Left, down the hall, halt at the sofa.' start_position=[12.147899627685547, 0.12711000442504883, 4.2323198318481445] goal_position=[0.04092890024185181, 0.12711000442504883, 1.0015300512313843] reference_geodesic=12.795890808105469
episode=1266 prepared_subgoals=2
  [1] Walk past the dining table
      proof: The dining table is beside or directly ahead of the camera, within a step; the camera has not yet turned right.
  [2] Turn right into the hallway, then turn left down the hall, then halt at the sofa
      proof: The sofa is directly ahead of the camera, within a step
ep=1266 s=0 16349ms [sel=44 cap=15748 rest=520] sg=1->1 mode=NONE win=1 obs=1 | cap=wip act=(160,180) d=4.26 a=3 | preview=view2/6 yaw=+0 render=37ms | sp=preview:active d=4.3 age=0 dtg=12.80 region=0_1
ep=1266 s=1 7453ms [sel=3 cap=7329 rest=120] sg=1->1 mode=NONE win=2 obs=2 | cap=wip act=(320,360) d=4.26 a=1 | sp=preview:active d=4.3 age=1 dtg=12.60 region=0_1
ep=1266 s=2 7263ms [sel=3 cap=7142 rest=118] sg=1->1 mode=NONE win=3 obs=3 | cap=wip act=(320,360) d=4.04 a=3 | sp=preview:active d=4.0 age=2 dtg=12.60 region=0_1
ep=1266 s=3 10978ms [sel=3 cap=10859 rest=116] sg=1->1 mode=NONE win=4 obs=4 | cap=wip act=(320,360) d=4.04 a=1 | sp=preview:active d=4.0 age=3 dtg=12.38 region=0_1
ep=1266 s=4 8790ms [sel=3 cap=8670 rest=117] sg=1->1 mode=NONE win=5 obs=5 | cap=wip act=(320,360) d=3.80 a=1 | sp=preview:active d=3.8 age=4 dtg=12.16 region=0_2
ep=1266 s=5 7299ms [sel=3 cap=7177 rest=118] sg=1->1 mode=NONE win=6 obs=6 | cap=wip act=(320,360) d=3.56 a=3 | sp=preview:active d=3.6 age=5 dtg=12.16 region=0_2
ep=1266 s=6 7821ms [sel=3 cap=7687 rest=131] sg=1->1 mode=NONE win=7 obs=7 | cap=wip act=(320,360) d=3.56 a=1 | sp=preview:active d=3.6 age=6 dtg=11.91 region=0_2
ep=1266 s=7 10956ms [sel=4 cap=10832 rest=120] sg=1->1 mode=NONE win=8 obs=8 | cap=wip act=(320,360) d=3.31 a=1 | sp=preview:active d=3.3 age=7 dtg=11.67 region=0_2
ep=1266 s=8 10952ms [sel=3 cap=10833 rest=116] sg=1->1 mode=NONE win=8 obs=9 | cap=wip act=(320,360) d=3.06 a=3 | sp=preview:active d=3.1 age=8 dtg=11.67 region=0_2
ep=1266 s=9 7584ms [sel=3 cap=7453 rest=129] sg=1->1 mode=NONE win=8 obs=10 | cap=wip act=(320,360) d=3.06 a=1 | sp=preview:active d=3.1 age=9 dtg=11.42 region=0_2
ep=1266 s=10 14992ms [sel=40 cap=14399 rest=510] sg=1->1 mode=NONE win=8 obs=11 | cap=wip act=(160,180) d=2.83 a=2 | preview=view2/6 yaw=-45 render=43ms | sp=preview:active d=2.8 age=0 dtg=11.42 region=0_2
ep=1266 s=11 13057ms [sel=29 cap=12903 rest=125] sg=1->1 mode=NONE win=8 obs=12 | cap=wip act=(320,360) d=2.83 a=2 | sp=preview:active d=2.8 age=1 dtg=11.42 region=0_2
ep=1266 s=12 10831ms [sel=25 cap=10689 rest=117] sg=1->1 mode=NONE win=8 obs=13 | cap=wip act=(320,360) d=2.83 a=2 | sp=preview:active d=2.8 age=2 dtg=11.42 region=0_2
ep=1266 s=13 10766ms [sel=25 cap=10622 rest=119] sg=1->1 mode=NONE win=8 obs=14 | cap=wip act=(320,360) d=2.83 a=2 | sp=preview:active d=2.8 age=3 dtg=11.42 region=0_2
ep=1266 s=14 13247ms [sel=26 cap=13090 rest=131] sg=1->1 mode=NONE win=8 obs=15 | cap=wip act=(320,360) d=2.83 a=2 | sp=preview:active d=2.8 age=4 dtg=11.42 region=0_2
ep=1266 s=15 14784ms [sel=15 cap=14643 rest=125] sg=1->1 mode=NONE win=8 obs=16 | cap=wip act=(320,360) d=2.83 a=2 | sp=preview:active d=2.8 age=5 dtg=11.42 region=0_2
ep=1266 s=16 19687ms [sel=3 cap=19562 rest=122] sg=1->1 mode=NONE win=8 obs=17 | cap=wip act=(320,360) d=2.83 a=2 | sp=preview:active d=2.8 age=6 dtg=11.42 region=0_2
ep=1266 s=17 10730ms [sel=3 cap=10602 rest=125] sg=1->1 mode=NONE win=8 obs=18 | cap=wip act=(320,360) d=2.83 a=1 | sp=preview:active d=2.8 age=7 dtg=11.51 region=0_2
ep=1266 s=18 20057ms [sel=3 cap=19928 rest=126] sg=1->1 mode=NONE win=8 obs=19 | cap=wip act=(320,360) d=2.58 a=2 | sp=preview:active d=2.6 age=8 dtg=11.51 region=0_2
ep=1266 s=19 12660ms [sel=3 cap=12532 rest=126] sg=1->1 mode=NONE win=8 obs=20 | cap=wip act=(320,360) d=2.58 a=1 | sp=preview:active d=2.6 age=9 dtg=11.70 region=0_2
ep=1266 s=20 11586ms [sel=3 cap=11467 rest=116] sg=1->1 mode=NONE win=8 obs=21 | cap=wip act=(320,360) d=2.34 a=1 | sp=preview:active d=2.3 age=10 dtg=11.92 region=0_2
ep=1266 s=21 7515ms [sel=3 cap=7393 rest=119] sg=1->1 mode=NONE win=8 obs=22 | cap=wip act=(320,360) d=2.10 a=1 | sp=preview:active d=2.1 age=11 dtg=12.16 region=0_2
ep=1266 s=22 16473ms [sel=6 cap=16351 rest=117] sg=1->1 mode=NONE win=8 obs=23 | cap=wip act=(320,360) d=1.86 a=1 | sp=preview:active d=1.9 age=12 dtg=12.41 region=0_2
ep=1266 s=23 9394ms [sel=3 cap=9272 rest=120] sg=1->1 mode=NONE win=8 obs=24 | cap=wip act=(320,360) d=1.63 a=1 | sp=preview:active d=1.6 age=13 dtg=12.65 region=0_2
ep=1266 s=24 10891ms [sel=3 cap=10774 rest=114] sg=1->1 mode=NONE win=8 obs=25 | cap=wip act=(320,360) d=1.40 a=1 | sp=preview:active d=1.4 age=14 dtg=12.90 region=0_2
ep=1266 s=25 8927ms [sel=3 cap=8814 rest=111] sg=1->1 mode=NONE win=8 obs=26 | cap=wip act=(320,360) d=1.19 a=1 | sp=preview:active d=1.2 age=15 dtg=13.15 region=0_2
ep=1266 s=26 10105ms [sel=3 cap=9997 rest=106] sg=1->1 mode=NONE win=8 obs=27 | cap=wip act=(320,360) d=0.99 a=1 | sp=preview:active d=1.0 age=16 dtg=13.39 region=0_2
ep=1266 s=27 11402ms [sel=83 cap=11212 rest=107] sg=1->1 mode=NONE win=8 obs=28 | cap=wip act=(320,360) d=3.72 a=2 | sp=frontier:active d=3.7 age=0 dtg=13.39 region=0_2
ep=1266 s=28 8474ms [sel=22 cap=7911 rest=504] sg=1->1 mode=NONE win=8 obs=29 | cap=wip act=(320,360) d=3.72 a=2 | preview=view-/6 yaw=+0 render=37ms | sp=frontier:active d=3.7 age=1 dtg=13.39 region=0_2
ep=1266 s=29 5658ms [sel=3 cap=5539 rest=115] sg=1->1 mode=NONE win=8 obs=30 | cap=wip act=(320,360) d=3.72 a=2 | sp=frontier:active d=3.7 age=2 dtg=13.39 region=0_2
ep=1266 s=30 13423ms [sel=3 cap=13301 rest=119] sg=1->1 mode=NONE win=8 obs=31 | cap=wip act=(320,360) d=3.72 a=1 | sp=frontier:active d=3.7 age=3 dtg=13.59 region=0_2
ep=1266 s=31 9727ms [sel=3 cap=9602 rest=123] sg=1->1 mode=NONE win=8 obs=32 | cap=wip act=(320,360) d=3.48 a=2 | sp=frontier:active d=3.5 age=4 dtg=13.59 region=0_2
ep=1266 s=32 17408ms [sel=3 cap=16864 rest=503] sg=1->1 mode=NONE win=8 obs=33 | cap=wip act=(320,360) d=3.48 a=1 | preview=view-/6 yaw=+0 render=37ms | sp=frontier:active d=3.5 age=5 dtg=13.76 region=0_2
ep=1266 s=33 12103ms [sel=3 cap=11978 rest=123] sg=1->1 mode=NONE win=8 obs=34 | cap=wip act=(320,360) d=3.23 a=1 | sp=frontier:active d=3.2 age=6 dtg=13.94 region=0_2
ep=1266 s=34 14155ms [sel=3 cap=14027 rest=125] sg=1->1 mode=NONE win=8 obs=35 | cap=wip act=(320,360) d=2.99 a=1 | sp=frontier:active d=3.0 age=7 dtg=14.14 region=0_2
ep=1266 s=35 11860ms [sel=4 cap=11733 rest=123] sg=1->1 mode=NONE win=8 obs=36 | cap=wip act=(320,360) d=2.74 a=1 | sp=frontier:active d=2.7 age=8 dtg=14.34 region=0_1
ep=1266 s=36 10452ms [sel=5 cap=10327 rest=121] sg=1->1 mode=NONE win=8 obs=37 | cap=wip act=(320,360) d=2.49 a=2 | sp=frontier:active d=2.5 age=9 dtg=14.34 region=0_1
ep=1266 s=37 7465ms [sel=4 cap=7339 rest=123] sg=1->1 mode=NONE win=8 obs=38 | cap=wip act=(320,360) d=2.49 a=1 | sp=frontier:active d=2.5 age=10 dtg=14.50 region=0_1
ep=1266 s=38 14020ms [sel=3 cap=13895 rest=122] sg=1->1 mode=NONE win=8 obs=39 | cap=wip act=(320,360) d=2.24 a=1 | sp=frontier:active d=2.2 age=11 dtg=14.68 region=0_1
ep=1266 s=39 22311ms [sel=3 cap=22187 rest=121] sg=1->1 mode=NONE win=8 obs=40 | cap=wip act=(320,360) d=1.99 a=1 | sp=frontier:active d=2.0 age=12 dtg=14.86 region=0_1
ep=1266 s=40 23038ms [sel=3 cap=22911 rest=124] sg=1->1 mode=NONE win=8 obs=41 | cap=wip act=(320,360) d=1.75 a=1 | sp=frontier:active d=1.7 age=13 dtg=15.05 region=0_1
ep=1266 s=41 17251ms [sel=60 cap=17069 rest=122] sg=1->1 mode=NONE win=8 obs=42 | cap=wip act=(320,360) d=4.07 a=1 | sp=frontier:active d=4.1 age=0 dtg=15.25 region=0_1
ep=1266 s=42 11823ms [sel=4 cap=11694 rest=125] sg=1->1 mode=NONE win=8 obs=43 | cap=wip act=(320,360) d=3.84 a=1 | sp=frontier:active d=3.8 age=1 dtg=15.45 region=0_1
ep=1266 s=43 15202ms [sel=3 cap=15067 rest=132] sg=1->1 mode=NONE win=8 obs=44 | cap=wip act=(320,360) d=3.61 a=1 | sp=frontier:active d=3.6 age=2 dtg=15.67 region=0_1
ep=1266 s=44 12261ms [sel=3 cap=12134 rest=124] sg=1->1 mode=NONE win=8 obs=45 | cap=wip act=(320,360) d=3.38 a=1 | sp=frontier:active d=3.4 age=3 dtg=15.90 region=0_1
ep=1266 s=45 19959ms [sel=3 cap=19828 rest=128] sg=1->1 mode=NONE win=8 obs=46 | cap=wip act=(320,360) d=3.16 a=3 | sp=frontier:active d=3.2 age=4 dtg=15.90 region=0_1
ep=1266 s=46 10723ms [sel=4 cap=10593 rest=126] sg=1->1 mode=NONE win=8 obs=47 | cap=wip act=(320,360) d=3.16 a=1 | sp=frontier:active d=3.2 age=5 dtg=16.14 region=0_1
ep=1266 s=47 14478ms [sel=6 cap=14347 rest=125] sg=1->1 mode=NONE win=8 obs=48 | cap=wip act=(320,360) d=2.98 a=1 | sp=frontier:active d=3.0 age=6 dtg=16.39 region=0_1
ep=1266 s=48 14136ms [sel=7 cap=14001 rest=128] sg=1->1 mode=NONE win=8 obs=49 | cap=wip act=(320,360) d=2.81 a=1 | sp=frontier:active d=2.8 age=7 dtg=16.64 region=0_1
ep=1266 s=49 9034ms [sel=5 cap=8903 rest=127] sg=1->1 mode=NONE win=8 obs=50 | cap=wip act=(320,360) d=2.66 a=1 | sp=frontier:active d=2.7 age=8 dtg=16.89 region=0_1
ep=1266 s=50 11557ms [sel=5 cap=11428 rest=123] sg=1->1 mode=NONE win=8 obs=51 | cap=wip act=(320,360) d=2.52 a=1 | sp=frontier:active d=2.5 age=9 dtg=17.14 region=0_1
ep=1266 s=51 11289ms [sel=9 cap=11155 rest=125] sg=1->1 mode=NONE win=8 obs=52 | cap=wip act=(320,360) d=2.40 a=1 | sp=frontier:active d=2.4 age=10 dtg=17.39 region=0_1
ep=1266 s=52 16727ms [sel=11 cap=16588 rest=128] sg=1->1 mode=NONE win=8 obs=53 | cap=wip act=(320,360) d=2.29 a=2 | sp=frontier:active d=2.3 age=11 dtg=17.39 region=0_1
ep=1266 s=53 6984ms [sel=10 cap=6855 rest=119] sg=1->1 mode=NONE win=8 obs=54 | cap=wip act=(320,360) d=2.29 a=2 | sp=frontier:active d=2.3 age=12 dtg=17.39 region=0_1
ep=1266 s=54 13974ms [sel=3 cap=13849 rest=121] sg=1->1 mode=NONE win=8 obs=55 | cap=wip act=(320,360) d=2.29 a=1 | sp=frontier:active d=2.3 age=13 dtg=17.61 region=0_1
ep=1266 s=55 10713ms [sel=5 cap=10591 rest=117] sg=1->1 mode=NONE win=8 obs=56 | cap=wip act=(320,360) d=2.11 a=2 | sp=frontier:active d=2.1 age=14 dtg=17.61 region=0_1
ep=1266 s=56 9538ms [sel=3 cap=9414 rest=121] sg=1->1 mode=NONE win=8 obs=57 | cap=wip act=(320,360) d=2.11 a=1 | sp=frontier:active d=2.1 age=15 dtg=17.81 region=0_1
ep=1266 s=57 18811ms [sel=78 cap=18611 rest=122] sg=1->1 mode=NONE win=8 obs=58 | cap=wip act=(320,360) d=3.64 a=3 | sp=frontier:active d=3.6 age=0 dtg=17.81 region=0_1
ep=1266 s=58 16223ms [sel=7 cap=16098 rest=117] sg=1->1 mode=NONE win=8 obs=59 | cap=wip act=(320,360) d=3.64 a=3 | sp=frontier:active d=3.6 age=1 dtg=17.81 region=0_1
ep=1266 s=59 11679ms [sel=3 cap=11558 rest=118] sg=1->1 mode=NONE win=8 obs=60 | cap=wip act=(320,360) d=3.64 a=1 | sp=frontier:active d=3.6 age=2 dtg=18.06 region=0_1
ep=1266 s=60 18061ms [sel=3 cap=17940 rest=119] sg=1->1 mode=NONE win=8 obs=61 | cap=wip act=(320,360) d=3.39 a=1 | sp=frontier:active d=3.4 age=3 dtg=18.31 region=0_1
ep=1266 s=61 7405ms [sel=4 cap=7282 rest=119] sg=1->1 mode=NONE win=8 obs=62 | cap=wip act=(320,360) d=3.14 a=1 | sp=frontier:active d=3.1 age=4 dtg=18.56 region=0_1
ep=1266 s=62 10269ms [sel=4 cap=10146 rest=119] sg=1->1 mode=NONE win=8 obs=63 | cap=wip act=(320,360) d=2.89 a=3 | sp=frontier:active d=2.9 age=5 dtg=18.56 region=0_1
ep=1266 s=63 17254ms [sel=3 cap=17130 rest=121] sg=1->1 mode=NONE win=8 obs=64 | cap=wip act=(320,360) d=2.89 a=1 | sp=frontier:active d=2.9 age=6 dtg=18.80 region=0_1
ep=1266 s=64 10681ms [sel=91 cap=10448 rest=142] sg=1->1 mode=NONE win=8 obs=65 | cap=wip act=(320,360) d=4.45 a=1 | sp=frontier:active d=4.4 age=0 dtg=19.05 region=0_1
ep=1266 s=65 13113ms [sel=7 cap=12968 rest=137] sg=1->1 mode=NONE win=8 obs=66 | cap=wip act=(320,360) d=4.20 a=3 | sp=frontier:active d=4.2 age=1 dtg=19.05 region=0_1
ep=1266 s=66 7594ms [sel=31 cap=7427 rest=136] sg=1->1 mode=NONE win=8 obs=67 | cap=wip act=(320,360) d=4.20 a=1 | sp=frontier:active d=4.2 age=2 dtg=19.27 region=0_1
ep=1266 s=67 9060ms [sel=29 cap=8907 rest=124] sg=1->1 mode=NONE win=8 obs=68 | cap=wip act=(320,360) d=3.97 a=1 | sp=frontier:active d=4.0 age=3 dtg=19.51 region=0_1
ep=1266 s=68 9703ms [sel=0 cap=9580 rest=123] sg=1->2 mode=NONE win=8 obs=69 | cap=DONE act=TURN request=+45deg execute=+15deg x1 a=3 | sp=frontier:active d=3.8 age=4 ovr=1 door_evts=1 dtg=19.51 region=0_1
ep=1266 s=69 4884ms [sel=0 cap=4764 rest=120] sg=2->2 mode=NONE win=8 obs=70 | cap=wip act=TURN request=+45deg execute=+15deg x1 a=3 | sp=- ovr=1 door_evts=1 dtg=19.51 region=0_1
ep=1266 s=70 10063ms [sel=0 cap=9944 rest=119] sg=2->2 mode=NONE win=8 obs=71 | cap=wip act=TURN request=+45deg execute=+15deg x1 a=3 | sp=- ovr=1 door_evts=1 dtg=19.51 region=0_1
ep=1266 s=71 8562ms [sel=0 cap=8442 rest=120] sg=2->2 mode=NONE win=8 obs=72 | cap=wip act=TURN request=+45deg execute=+15deg x1 a=3 | sp=- ovr=1 door_evts=1 dtg=19.51 region=0_1
ep=1266 s=72 18385ms [sel=0 cap=17835 rest=514] sg=2->2 mode=NONE win=8 obs=73 | cap=wip act=TURN request=+45deg execute=+15deg x1 a=3 | preview=view-/6 yaw=+0 render=35ms | sp=- ovr=1 door_evts=1 dtg=19.51 region=0_1
ep=1266 s=73 12062ms [sel=75 cap=11868 rest=120] sg=2->2 mode=NONE win=8 obs=74 | cap=wip act=(320,360) d=4.23 a=1 | sp=frontier:active d=4.2 age=0 dtg=19.49 region=None
ep=1266 s=74 11105ms [sel=3 cap=10986 rest=117] sg=2->2 mode=NONE win=8 obs=75 | cap=wip act=(320,360) d=3.98 a=3 | sp=frontier:active d=4.0 age=1 dtg=19.49 region=None
ep=1266 s=75 10380ms [sel=57 cap=9797 rest=491] sg=2->2 mode=NONE win=8 obs=76 | cap=wip act=(160,180) d=5.31 a=2 | preview=view0/6 yaw=-120 render=35ms | sp=preview:active d=5.3 age=0 dtg=19.49 region=None
ep=1266 s=76 8149ms [sel=34 cap=7994 rest=120] sg=2->2 mode=NONE win=8 obs=77 | cap=wip act=(320,360) d=5.31 a=2 | sp=preview:active d=5.3 age=1 dtg=19.49 region=None
ep=1266 s=77 12925ms [sel=33 cap=12748 rest=144] sg=2->2 mode=NONE win=8 obs=78 | cap=wip act=(320,360) d=5.31 a=2 | sp=preview:active d=5.3 age=2 dtg=19.49 region=None
ep=1266 s=78 27697ms [sel=23 cap=27110 rest=528] sg=2->2 mode=NONE win=8 obs=79 | cap=wip act=(320,360) d=5.31 a=2 | preview=view-/6 yaw=+0 render=36ms | sp=preview:active d=5.3 age=3 dtg=19.49 region=None
ep=1266 s=79 18360ms [sel=5 cap=18232 rest=122] sg=2->2 mode=NONE win=8 obs=80 | cap=wip act=(320,360) d=5.31 a=2 | sp=preview:active d=5.3 age=4 dtg=19.49 region=None
ep=1266 s=80 11503ms [sel=5 cap=11351 rest=147] sg=2->2 mode=NONE win=8 obs=81 | cap=wip act=(320,360) d=5.31 a=2 | sp=preview:active d=5.3 age=5 dtg=19.49 region=None
ep=1266 s=81 10026ms [sel=5 cap=9902 rest=118] sg=2->2 mode=NONE win=8 obs=82 | cap=wip act=(320,360) d=5.31 a=1 | sp=preview:active d=5.3 age=6 dtg=19.73 region=None
ep=1266 s=82 27585ms [sel=4 cap=27026 rest=519] sg=2->2 mode=NONE win=8 obs=83 | cap=wip act=(320,360) d=5.06 a=1 | preview=view-/6 yaw=+0 render=37ms | sp=preview:active d=5.1 age=7 dtg=19.98 region=0_0
ep=1266 s=83 13461ms [sel=3 cap=13339 rest=119] sg=2->2 mode=NONE win=8 obs=84 | cap=wip act=(320,360) d=4.82 a=1 | sp=preview:active d=4.8 age=8 dtg=20.22 region=0_0
ep=1266 s=84 9543ms [sel=3 cap=9420 rest=120] sg=2->2 mode=NONE win=8 obs=85 | cap=wip act=(320,360) d=4.58 a=1 | sp=preview:active d=4.6 age=9 dtg=20.46 region=0_0
ep=1266 s=85 13915ms [sel=3 cap=13788 rest=125] sg=2->2 mode=NONE win=8 obs=86 | cap=wip act=(320,360) d=4.34 a=1 | sp=preview:active d=4.3 age=10 dtg=20.71 region=0_0
ep=1266 s=86 11672ms [sel=3 cap=11521 rest=148] sg=2->2 mode=NONE win=8 obs=87 | cap=wip act=(320,360) d=4.10 a=1 | sp=preview:active d=4.1 age=11 dtg=20.96 region=0_0
ep=1266 s=87 17504ms [sel=48 cap=16909 rest=508] sg=2->2 mode=NONE win=8 obs=88 | cap=wip act=(160,180) d=3.74 a=2 | preview=view0/6 yaw=-180 render=39ms | sp=preview:active d=3.7 age=0 dtg=20.96 region=0_0
ep=1266 s=88 12417ms [sel=27 cap=12272 rest=119] sg=2->2 mode=NONE win=8 obs=89 | cap=wip act=(320,360) d=3.74 a=2 | sp=preview:active d=3.7 age=1 dtg=20.96 region=0_0
ep=1266 s=89 7258ms [sel=27 cap=7113 rest=117] sg=2->2 mode=NONE win=8 obs=90 | cap=wip act=(320,360) d=3.74 a=2 | sp=preview:active d=3.7 age=2 dtg=20.96 region=0_0
ep=1266 s=90 7614ms [sel=27 cap=7475 rest=113] sg=2->2 mode=NONE win=8 obs=91 | cap=wip act=(320,360) d=3.74 a=2 | sp=preview:active d=3.7 age=3 dtg=20.96 region=0_0
ep=1266 s=91 9109ms [sel=27 cap=8967 rest=115] sg=2->2 mode=NONE win=8 obs=92 | cap=wip act=(320,360) d=3.74 a=2 | sp=preview:active d=3.7 age=4 dtg=20.96 region=0_0
ep=1266 s=92 9190ms [sel=31 cap=9037 rest=123] sg=2->2 mode=NONE win=8 obs=93 | cap=wip act=(320,360) d=3.74 a=2 | sp=preview:active d=3.7 age=5 dtg=20.96 region=0_0
ep=1266 s=93 9150ms [sel=27 cap=9002 rest=121] sg=2->2 mode=NONE win=8 obs=94 | cap=wip act=(320,360) d=3.74 a=2 | sp=preview:active d=3.7 age=6 dtg=20.96 region=0_0
ep=1266 s=94 15681ms [sel=27 cap=15533 rest=121] sg=2->2 mode=NONE win=8 obs=95 | cap=wip act=(320,360) d=3.74 a=2 | sp=preview:active d=3.7 age=7 dtg=20.96 region=0_0
ep=1266 s=95 11978ms [sel=30 cap=11398 rest=514] sg=2->2 mode=NONE win=8 obs=96 | cap=wip act=(160,180) d=3.30 a=2 | preview=view2/6 yaw=-30 render=37ms | sp=preview:active d=3.3 age=0 dtg=20.96 region=0_0
ep=1266 s=96 6501ms [sel=3 cap=6374 rest=124] sg=2->2 mode=NONE win=8 obs=97 | cap=wip act=(320,360) d=3.30 a=2 | sp=preview:active d=3.3 age=1 dtg=20.96 region=0_0
ep=1266 s=97 3459ms [sel=4 cap=3330 rest=125] sg=2->2 mode=NONE win=8 obs=98 | cap=wip act=(320,360) d=3.30 a=1 | sp=preview:active d=3.3 age=2 dtg=20.77 region=0_0
ep=1266 s=98 6754ms [sel=3 cap=6624 rest=127] sg=2->2 mode=NONE win=8 obs=99 | cap=wip act=(320,360) d=3.05 a=2 | sp=preview:active d=3.1 age=3 dtg=20.77 region=0_0
ep=1266 s=99 8475ms [sel=3 cap=8344 rest=129] sg=2->2 mode=NONE win=8 obs=100 | cap=wip act=(320,360) d=3.05 a=1 | sp=preview:active d=3.1 age=4 dtg=20.55 region=0_0
ep=1266 s=100 22126ms [sel=4 cap=21522 rest=562] sg=2->2 mode=NONE win=8 obs=101 | cap=wip act=(320,360) d=2.82 a=2 | preview=view-/6 yaw=+0 render=37ms | sp=preview:active d=2.8 age=5 dtg=20.55 region=0_0
ep=1266 s=101 13423ms [sel=4 cap=13271 rest=148] sg=2->2 mode=NONE win=8 obs=102 | cap=wip act=(320,360) d=2.82 a=1 | sp=preview:active d=2.8 age=6 dtg=20.31 region=0_0
ep=1266 s=102 15056ms [sel=4 cap=14909 rest=142] sg=2->2 mode=NONE win=8 obs=103 | cap=wip act=(320,360) d=2.63 a=1 | sp=preview:active d=2.6 age=7 dtg=20.07 region=None
ep=1266 s=103 17177ms [sel=6 cap=17043 rest=128] sg=2->2 mode=NONE win=8 obs=104 | cap=wip act=(320,360) d=2.44 a=1 | sp=preview:active d=2.4 age=8 dtg=19.83 region=None
ep=1266 s=104 14633ms [sel=9 cap=14495 rest=129] sg=2->2 mode=NONE win=8 obs=105 | cap=wip act=(320,360) d=2.27 a=3 | sp=preview:active d=2.3 age=9 dtg=19.83 region=None
ep=1266 s=105 10271ms [sel=3 cap=10138 rest=129] sg=2->2 mode=NONE win=8 obs=106 | cap=wip act=(320,360) d=2.27 a=1 | sp=preview:active d=2.3 age=10 dtg=19.62 region=None
ep=1266 s=106 8524ms [sel=3 cap=8392 rest=129] sg=2->2 mode=NONE win=8 obs=107 | cap=wip act=(320,360) d=2.07 a=3 | sp=preview:active d=2.1 age=11 dtg=19.62 region=None
ep=1266 s=107 8579ms [sel=3 cap=8448 rest=127] sg=2->2 mode=NONE win=8 obs=108 | cap=wip act=(320,360) d=2.07 a=1 | sp=preview:active d=2.1 age=12 dtg=19.47 region=0_1
ep=1266 s=108 11376ms [sel=3 cap=11247 rest=127] sg=2->2 mode=NONE win=8 obs=109 | cap=wip act=(320,360) d=1.84 a=3 | sp=preview:active d=1.8 age=13 dtg=19.47 region=0_1
ep=1266 s=109 19062ms [sel=5 cap=18505 rest=516] sg=2->None mode=NONE win=8 obs=110 | cap=DONE act=(320,360) d=1.00 a=1 | preview=view-/6 yaw=+0 render=35ms | sp=preview:active d=1.8 age=14 ovr=1 door_evts=1 dtg=19.39 region=0_1
ep=1266 s=110 128ms [sel=4 cap=0 rest=124] sg=None->None mode=NONE win=8 obs=111 | cap=- act=(320,360) d=1.00 a=1 | sp=preview:active d=1.6 age=15 ovr=1 door_evts=1 dtg=19.34 region=0_1
ep=1266 s=111 127ms [sel=4 cap=0 rest=123] sg=None->None mode=NONE win=8 obs=112 | cap=- act=(320,360) d=1.00 a=1 | sp=preview:stale d=1.4 age=16 ovr=1 door_evts=1 dtg=19.33 region=0_1
ep=1266 s=112 124ms [sel=0 cap=0 rest=124] sg=None->None mode=NONE win=8 obs=113 | cap=- act=STOP | sp=preview:stale d=1.4 age=17 ovr=1 door_evts=1 dtg=19.33 region=0_1
rank=1 [12/17] id=1266 steps=113 success=0.000 spl=0.000 dtg=19.33 osr=0 path_length=15.00 ndtw=0.034 sdtw=0.000
PluginManager::Manager: duplicate static plugin StbImageImporter, ignoring
PluginManager::Manager: duplicate static plugin GltfImporter, ignoring
PluginManager::Manager: duplicate static plugin BasisImporter, ignoring
PluginManager::Manager: duplicate static plugin AssimpImporter, ignoring
PluginManager::Manager: duplicate static plugin AnySceneImporter, ignoring
PluginManager::Manager: duplicate static plugin AnyImageImporter, ignoring
episode=1311 instruction='Forward. Right as you pass the wall sign, to the right of the large painting of a man. Forward. Out the last door on the left. Halt.' start_position=[23.715499877929688, 0.00952601432800293, 5.087309837341309] goal_position=[29.113500595092773, 0.00952601432800293, -3.043450117111206] reference_geodesic=13.924505233764648
episode=1311 prepared_subgoals=5
  [1] Go forward toward the as you pass the wall sign until the next instructed route stage begins
      proof: The as you pass the wall sign is visible nearby and the camera is positioned to begin the next instructed route stage.
  [2] Turn right as you pass the wall sign
      proof: The large painting of a man is centred in the view.
  [3] Go forward toward the last door on the left until the next instructed route stage begins
      proof: The last door on the left is visible nearby and the camera is positioned to begin the next instructed route stage.
  [4] Exit through the last door on the left
      proof: The room beyond the door is central in the view.
  [5] Halt beside the door
      proof: The camera is stopped beside the door, with no further movement
ep=1311 s=0 21068ms [sel=28 cap=20436 rest=532] sg=1->1 mode=NONE win=1 obs=1 | cap=wip act=(160,180) d=4.65 a=3 | preview=view2/6 yaw=+0 render=73ms | sp=preview:active d=4.7 age=0 dtg=13.92 region=0_4
ep=1311 s=1 13037ms [sel=3 cap=12918 rest=116] sg=1->1 mode=NONE win=2 obs=2 | cap=wip act=(320,360) d=4.65 a=3 | sp=preview:active d=4.7 age=1 dtg=13.92 region=0_4
ep=1311 s=2 7866ms [sel=3 cap=7754 rest=109] sg=1->1 mode=NONE win=3 obs=3 | cap=wip act=(320,360) d=4.65 a=1 | sp=preview:active d=4.7 age=2 dtg=14.11 region=0_4
ep=1311 s=3 6691ms [sel=3 cap=6578 rest=110] sg=1->1 mode=NONE win=4 obs=4 | cap=wip act=(320,360) d=4.41 a=1 | sp=preview:active d=4.4 age=3 dtg=12.82 region=0_4
ep=1311 s=4 7729ms [sel=4 cap=7618 rest=107] sg=1->1 mode=NONE win=5 obs=5 | cap=wip act=(320,360) d=4.16 a=3 | sp=preview:active d=4.2 age=4 dtg=12.82 region=0_4
ep=1311 s=5 13952ms [sel=3 cap=13845 rest=104] sg=1->1 mode=NONE win=6 obs=6 | cap=wip act=(320,360) d=4.16 a=1 | sp=preview:active d=4.2 age=5 dtg=12.57 region=0_4
ep=1311 s=6 8056ms [sel=3 cap=7948 rest=105] sg=1->1 mode=NONE win=7 obs=7 | cap=wip act=(320,360) d=3.94 a=2 | sp=preview:active d=3.9 age=6 dtg=12.57 region=0_4
ep=1311 s=7 11496ms [sel=3 cap=11387 rest=106] sg=1->1 mode=NONE win=8 obs=8 | cap=wip act=(320,360) d=3.94 a=1 | sp=preview:active d=3.9 age=7 dtg=12.32 region=0_4
ep=1311 s=8 6605ms [sel=3 cap=6042 rest=522] sg=1->1 mode=NONE win=8 obs=9 | cap=wip act=(320,360) d=3.69 a=2 | preview=view-/6 yaw=+0 render=37ms | sp=preview:active d=3.7 age=8 dtg=12.32 region=0_4
ep=1311 s=9 4648ms [sel=3 cap=4539 rest=107] sg=1->1 mode=NONE win=8 obs=10 | cap=wip act=(320,360) d=3.69 a=1 | sp=preview:active d=3.7 age=9 dtg=12.10 region=0_4
ep=1311 s=10 7769ms [sel=3 cap=7657 rest=109] sg=1->1 mode=NONE win=8 obs=11 | cap=wip act=(320,360) d=3.44 a=1 | sp=preview:active d=3.4 age=10 dtg=11.90 region=0_4
ep=1311 s=11 12485ms [sel=3 cap=12373 rest=109] sg=1->1 mode=NONE win=8 obs=12 | cap=wip act=(320,360) d=3.19 a=2 | sp=preview:active d=3.2 age=11 dtg=11.90 region=0_4
ep=1311 s=12 13381ms [sel=3 cap=13270 rest=108] sg=1->1 mode=NONE win=8 obs=13 | cap=wip act=(320,360) d=3.19 a=1 | sp=preview:active d=3.2 age=12 dtg=11.77 region=0_4
ep=1311 s=13 13254ms [sel=41 cap=13103 rest=110] sg=1->1 mode=NONE win=8 obs=14 | cap=wip act=(320,360) d=3.63 a=1 | sp=frontier:active d=3.6 age=0 dtg=11.70 region=0_4
ep=1311 s=14 6644ms [sel=3 cap=6526 rest=115] sg=1->1 mode=NONE win=8 obs=15 | cap=wip act=(320,360) d=3.38 a=1 | sp=frontier:active d=3.4 age=1 dtg=11.69 region=0_4
ep=1311 s=15 7102ms [sel=3 cap=6988 rest=111] sg=1->1 mode=NONE win=8 obs=16 | cap=wip act=(320,360) d=3.14 a=1 | sp=frontier:active d=3.1 age=2 dtg=11.70 region=0_4
ep=1311 s=16 9155ms [sel=3 cap=9039 rest=112] sg=1->1 mode=NONE win=8 obs=17 | cap=wip act=(320,360) d=2.89 a=1 | sp=frontier:active d=2.9 age=3 dtg=11.74 region=0_4
ep=1311 s=17 8922ms [sel=3 cap=8804 rest=115] sg=1->1 mode=NONE win=8 obs=18 | cap=wip act=(320,360) d=2.64 a=1 | sp=frontier:active d=2.6 age=4 dtg=11.79 region=0_4
ep=1311 s=18 9136ms [sel=3 cap=9014 rest=119] sg=1->1 mode=NONE win=8 obs=19 | cap=wip act=(320,360) d=2.40 a=1 | sp=frontier:active d=2.4 age=5 dtg=11.87 region=0_4
ep=1311 s=19 8437ms [sel=4 cap=8312 rest=122] sg=1->1 mode=NONE win=8 obs=20 | cap=wip act=(320,360) d=2.16 a=1 | sp=frontier:active d=2.2 age=6 dtg=11.96 region=0_4
ep=1311 s=20 8901ms [sel=3 cap=8781 rest=117] sg=1->1 mode=NONE win=8 obs=21 | cap=wip act=(320,360) d=1.92 a=1 | sp=frontier:active d=1.9 age=7 dtg=12.07 region=0_4
ep=1311 s=21 6157ms [sel=3 cap=6030 rest=125] sg=1->1 mode=NONE win=8 obs=22 | cap=wip act=(320,360) d=1.68 a=1 | sp=frontier:active d=1.7 age=8 dtg=12.19 region=0_4
ep=1311 s=22 8255ms [sel=3 cap=8127 rest=125] sg=1->1 mode=NONE win=8 obs=23 | cap=wip act=(320,360) d=1.44 a=1 | sp=frontier:active d=1.4 age=9 dtg=12.25 region=0_4
ep=1311 s=23 18807ms [sel=3 cap=18681 rest=123] sg=1->1 mode=NONE win=8 obs=24 | cap=wip act=(320,360) d=1.28 a=1 | sp=frontier:active d=1.3 age=10 dtg=12.39 region=0_4
ep=1311 s=24 8542ms [sel=3 cap=8428 rest=110] sg=1->1 mode=NONE win=8 obs=25 | cap=wip act=(320,360) d=1.06 a=1 | sp=frontier:active d=1.1 age=11 dtg=12.55 region=0_4
ep=1311 s=25 12011ms [sel=4380 cap=7517 rest=114] sg=1->1 mode=NONE win=8 obs=26 | cap=wip act=(320,360) d=1.33 a=1 | sp=som:active d=1.3 age=0 som=2/6 dtg=12.74 region=0_4
ep=1311 s=26 11541ms [sel=3 cap=11424 rest=114] sg=1->1 mode=NONE win=8 obs=27 | cap=wip act=(320,360) d=1.08 a=2 | sp=som:active d=1.1 age=1 dtg=12.74 region=0_4
ep=1311 s=27 16488ms [sel=61 cap=15872 rest=510] sg=1->1 mode=NONE win=8 obs=28 | cap=wip act=(160,180) d=3.36 a=2 | preview=view0/6 yaw=-165 render=45ms | sp=preview:active d=3.4 age=0 dtg=12.74 region=0_4
ep=1311 s=28 13923ms [sel=30 cap=13797 rest=97] sg=1->1 mode=NONE win=8 obs=29 | cap=wip act=(320,360) d=3.36 a=2 | sp=preview:active d=3.4 age=1 dtg=12.74 region=0_4
ep=1311 s=29 8144ms [sel=32 cap=8011 rest=101] sg=1->1 mode=NONE win=8 obs=30 | cap=wip act=(320,360) d=3.36 a=2 | sp=preview:active d=3.4 age=2 dtg=12.74 region=0_4
ep=1311 s=30 7679ms [sel=30 cap=7554 rest=95] sg=1->1 mode=NONE win=8 obs=31 | cap=wip act=(320,360) d=3.36 a=2 | sp=preview:active d=3.4 age=3 dtg=12.74 region=0_4
ep=1311 s=31 13915ms [sel=30 cap=13787 rest=98] sg=1->1 mode=NONE win=8 obs=32 | cap=wip act=(320,360) d=3.36 a=2 | sp=preview:active d=3.4 age=4 dtg=12.74 region=0_4
ep=1311 s=32 8788ms [sel=29 cap=8649 rest=111] sg=1->1 mode=NONE win=8 obs=33 | cap=wip act=(320,360) d=3.36 a=2 | sp=preview:active d=3.4 age=5 dtg=12.74 region=0_4
ep=1311 s=33 6339ms [sel=29 cap=6219 rest=91] sg=1->1 mode=NONE win=8 obs=34 | cap=wip act=(320,360) d=3.36 a=2 | sp=preview:active d=3.4 age=6 dtg=12.74 region=0_4
ep=1311 s=34 7566ms [sel=29 cap=7439 rest=97] sg=1->1 mode=NONE win=8 obs=35 | cap=wip act=(320,360) d=3.36 a=2 | sp=preview:active d=3.4 age=7 dtg=12.74 region=0_4
ep=1311 s=35 14645ms [sel=23 cap=14504 rest=118] sg=1->1 mode=NONE win=8 obs=36 | cap=wip act=(320,360) d=3.36 a=2 | sp=preview:active d=3.4 age=8 dtg=12.74 region=0_4
ep=1311 s=36 7660ms [sel=6 cap=7526 rest=127] sg=1->1 mode=NONE win=8 obs=37 | cap=wip act=(320,360) d=3.36 a=2 | sp=preview:active d=3.4 age=9 dtg=12.74 region=0_4
ep=1311 s=37 9763ms [sel=6 cap=9646 rest=111] sg=1->1 mode=NONE win=8 obs=38 | cap=wip act=(320,360) d=3.36 a=1 | sp=preview:active d=3.4 age=10 dtg=12.60 region=0_4
ep=1311 s=38 8361ms [sel=3 cap=8248 rest=110] sg=1->1 mode=NONE win=8 obs=39 | cap=wip act=(320,360) d=3.11 a=2 | sp=preview:active d=3.1 age=11 dtg=12.60 region=0_4
ep=1311 s=39 10801ms [sel=3 cap=10694 rest=104] sg=1->1 mode=NONE win=8 obs=40 | cap=wip act=(320,360) d=3.11 a=1 | sp=preview:active d=3.1 age=12 dtg=12.43 region=0_4
ep=1311 s=40 9204ms [sel=3 cap=9095 rest=107] sg=1->1 mode=NONE win=8 obs=41 | cap=wip act=(320,360) d=2.89 a=1 | sp=preview:active d=2.9 age=13 dtg=12.26 region=0_4
ep=1311 s=41 7018ms [sel=3 cap=6913 rest=102] sg=1->1 mode=NONE win=8 obs=42 | cap=wip act=(320,360) d=2.64 a=1 | sp=preview:active d=2.6 age=14 dtg=12.12 region=0_4
ep=1311 s=42 8997ms [sel=3 cap=8894 rest=100] sg=1->1 mode=NONE win=8 obs=43 | cap=wip act=(320,360) d=2.39 a=1 | sp=preview:active d=2.4 age=15 dtg=11.99 region=0_4
ep=1311 s=43 10402ms [sel=4 cap=10294 rest=105] sg=1->1 mode=NONE win=8 obs=44 | cap=wip act=(320,360) d=2.14 a=1 | sp=preview:active d=2.1 age=16 dtg=11.88 region=0_4
ep=1311 s=44 7009ms [sel=3 cap=6892 rest=114] sg=1->1 mode=NONE win=8 obs=45 | cap=wip act=(320,360) d=1.90 a=1 | sp=preview:active d=1.9 age=17 dtg=11.78 region=0_4
ep=1311 s=45 9419ms [sel=3 cap=9309 rest=107] sg=1->1 mode=NONE win=8 obs=46 | cap=wip act=(320,360) d=1.65 a=1 | sp=preview:active d=1.7 age=18 dtg=11.70 region=0_4
ep=1311 s=46 3515ms [sel=3 cap=3403 rest=108] sg=1->1 mode=NONE win=8 obs=47 | cap=wip act=(320,360) d=1.41 a=1 | sp=preview:active d=1.4 age=19 dtg=11.65 region=0_4
ep=1311 s=47 5788ms [sel=3 cap=5671 rest=114] sg=1->1 mode=NONE win=8 obs=48 | cap=wip act=(320,360) d=1.17 a=1 | sp=preview:active d=1.2 age=20 dtg=11.61 region=0_4
ep=1311 s=48 13320ms [sel=47 cap=13163 rest=111] sg=1->1 mode=NONE win=8 obs=49 | cap=wip act=(320,360) d=3.57 a=3 | sp=frontier:active d=3.6 age=0 dtg=11.61 region=0_4
ep=1311 s=49 11290ms [sel=4 cap=11174 rest=112] sg=1->1 mode=NONE win=8 obs=50 | cap=wip act=(320,360) d=3.57 a=3 | sp=frontier:active d=3.6 age=1 dtg=11.61 region=0_4
ep=1311 s=50 8647ms [sel=3 cap=8529 rest=116] sg=1->1 mode=NONE win=8 obs=51 | cap=wip act=(320,360) d=3.57 a=3 | sp=frontier:active d=3.6 age=2 dtg=11.61 region=0_4
ep=1311 s=51 6272ms [sel=3 cap=6154 rest=115] sg=1->1 mode=NONE win=8 obs=52 | cap=wip act=(320,360) d=3.57 a=1 | sp=frontier:active d=3.6 age=3 dtg=11.77 region=0_4
ep=1311 s=52 7992ms [sel=3 cap=7874 rest=115] sg=1->1 mode=NONE win=8 obs=53 | cap=wip act=(320,360) d=3.33 a=1 | sp=frontier:active d=3.3 age=4 dtg=11.95 region=0_4
ep=1311 s=53 7949ms [sel=3 cap=7831 rest=114] sg=1->1 mode=NONE win=8 obs=54 | cap=wip act=(320,360) d=3.09 a=1 | sp=frontier:active d=3.1 age=5 dtg=12.14 region=0_4
ep=1311 s=54 8199ms [sel=3 cap=8082 rest=114] sg=1->1 mode=NONE win=8 obs=55 | cap=wip act=(320,360) d=2.85 a=1 | sp=frontier:active d=2.9 age=6 dtg=12.34 region=0_4
ep=1311 s=55 13210ms [sel=3 cap=13091 rest=116] sg=1->1 mode=NONE win=8 obs=56 | cap=wip act=(320,360) d=2.61 a=2 | sp=frontier:active d=2.6 age=7 dtg=12.34 region=0_4
ep=1311 s=56 6988ms [sel=3 cap=6869 rest=116] sg=1->1 mode=NONE win=8 obs=57 | cap=wip act=(320,360) d=2.61 a=1 | sp=frontier:active d=2.6 age=8 dtg=12.52 region=0_4
ep=1311 s=57 8045ms [sel=3 cap=7929 rest=114] sg=1->1 mode=NONE win=8 obs=58 | cap=wip act=(320,360) d=2.36 a=1 | sp=frontier:active d=2.4 age=9 dtg=12.72 region=0_4
ep=1311 s=58 5311ms [sel=3 cap=5191 rest=117] sg=1->1 mode=NONE win=8 obs=59 | cap=wip act=(320,360) d=2.12 a=1 | sp=frontier:active d=2.1 age=10 dtg=12.92 region=0_4
ep=1311 s=59 8243ms [sel=3 cap=8123 rest=117] sg=1->1 mode=NONE win=8 obs=60 | cap=wip act=(320,360) d=1.87 a=1 | sp=frontier:active d=1.9 age=11 dtg=13.14 region=0_4
ep=1311 s=60 9488ms [sel=2798 cap=6571 rest=119] sg=1->1 mode=NONE win=8 obs=61 | cap=wip act=(320,360) d=2.60 a=2 | sp=som:active d=2.6 age=0 som=4/7 dtg=13.14 region=0_4
ep=1311 s=61 4955ms [sel=3 cap=4811 rest=141] sg=1->1 mode=NONE win=8 obs=62 | cap=wip act=(320,360) d=2.60 a=1 | sp=som:active d=2.6 age=1 dtg=13.33 region=0_4
ep=1311 s=62 9986ms [sel=4 cap=9864 rest=118] sg=1->1 mode=NONE win=8 obs=63 | cap=wip act=(320,360) d=2.35 a=1 | sp=som:active d=2.3 age=2 dtg=13.52 region=0_4
ep=1311 s=63 6573ms [sel=4 cap=6444 rest=124] sg=1->1 mode=NONE win=8 obs=64 | cap=wip act=(320,360) d=2.10 a=1 | sp=som:active d=2.1 age=3 dtg=14.11 region=0_4
ep=1311 s=64 8395ms [sel=1129 cap=7150 rest=116] sg=1->1 mode=NONE win=8 obs=65 | cap=wip act=(320,360) d=3.00 a=1 | sp=som:active d=3.0 age=0 som=3/6 dtg=13.90 region=0_4
ep=1311 s=65 7411ms [sel=3 cap=7289 rest=119] sg=1->1 mode=NONE win=8 obs=66 | cap=wip act=(320,360) d=2.75 a=1 | sp=som:active d=2.8 age=1 dtg=13.70 region=0_4
ep=1311 s=66 9591ms [sel=4 cap=9471 rest=116] sg=1->1 mode=NONE win=8 obs=67 | cap=wip act=(320,360) d=2.51 a=1 | sp=som:active d=2.5 age=2 dtg=13.49 region=0_4
ep=1311 s=67 5921ms [sel=3 cap=5802 rest=116] sg=1->1 mode=NONE win=8 obs=68 | cap=wip act=(320,360) d=2.26 a=1 | sp=som:active d=2.3 age=3 dtg=13.29 region=0_4
ep=1311 s=68 6107ms [sel=3 cap=5989 rest=116] sg=1->1 mode=NONE win=8 obs=69 | cap=wip act=(320,360) d=2.01 a=2 | sp=som:active d=2.0 age=4 dtg=13.29 region=0_4
ep=1311 s=69 8661ms [sel=3 cap=8543 rest=115] sg=1->1 mode=NONE win=8 obs=70 | cap=wip act=(320,360) d=2.01 a=1 | sp=som:active d=2.0 age=5 dtg=13.06 region=0_4
ep=1311 s=70 9208ms [sel=3 cap=9092 rest=113] sg=1->1 mode=NONE win=8 obs=71 | cap=wip act=(320,360) d=1.76 a=1 | sp=som:active d=1.8 age=6 dtg=12.83 region=0_4
ep=1311 s=71 7407ms [sel=3 cap=7290 rest=114] sg=1->1 mode=NONE win=8 obs=72 | cap=wip act=(320,360) d=1.52 a=1 | sp=som:active d=1.5 age=7 dtg=12.61 region=0_4
ep=1311 s=72 7354ms [sel=4 cap=7236 rest=114] sg=1->1 mode=NONE win=8 obs=73 | cap=wip act=(320,360) d=1.27 a=1 | sp=som:active d=1.3 age=8 dtg=12.38 region=0_4
ep=1311 s=73 9204ms [sel=3 cap=9087 rest=113] sg=1->1 mode=NONE win=8 obs=74 | cap=wip act=(320,360) d=1.02 a=1 | sp=som:active d=1.0 age=9 dtg=12.16 region=0_4
ep=1311 s=74 7910ms [sel=4 cap=7794 rest=112] sg=1->1 mode=NONE win=8 obs=75 | cap=wip act=(320,360) d=0.77 a=1 | sp=som:active d=0.8 age=10 dtg=11.94 region=0_4
ep=1311 s=75 10183ms [sel=3 cap=10069 rest=111] sg=1->1 mode=NONE win=8 obs=76 | cap=wip act=(320,360) d=0.53 a=3 | sp=som:active d=0.5 age=11 dtg=11.94 region=0_4
ep=1311 s=76 16313ms [sel=3 cap=16196 rest=115] sg=1->1 mode=NONE win=8 obs=77 | cap=wip act=(320,360) d=0.53 a=1 | sp=som:active d=0.5 age=12 dtg=11.76 region=0_4
ep=1311 s=77 11568ms [sel=51 cap=11405 rest=112] sg=1->1 mode=NONE win=8 obs=78 | cap=wip act=(320,360) d=5.44 a=1 | sp=frontier:active d=5.4 age=0 dtg=11.59 region=0_4
ep=1311 s=78 11062ms [sel=5 cap=10943 rest=113] sg=1->1 mode=NONE win=8 obs=79 | cap=wip act=(320,360) d=5.23 a=2 | sp=frontier:active d=5.2 age=1 dtg=11.59 region=0_4
ep=1311 s=79 11167ms [sel=7 cap=11046 rest=114] sg=1->1 mode=NONE win=8 obs=80 | cap=wip act=(320,360) d=5.23 a=1 | sp=frontier:active d=5.2 age=2 dtg=11.39 region=0_4
ep=1311 s=80 7916ms [sel=3 cap=7798 rest=115] sg=1->1 mode=NONE win=8 obs=81 | cap=wip act=(320,360) d=5.00 a=1 | sp=frontier:active d=5.0 age=3 dtg=11.18 region=0_4
ep=1311 s=81 11799ms [sel=3 cap=11650 rest=146] sg=1->1 mode=NONE win=8 obs=82 | cap=wip act=(320,360) d=4.76 a=1 | sp=frontier:active d=4.8 age=4 dtg=10.99 region=0_4
ep=1311 s=82 6630ms [sel=3 cap=6518 rest=109] sg=1->1 mode=NONE win=8 obs=83 | cap=wip act=(320,360) d=4.53 a=2 | sp=frontier:active d=4.5 age=5 dtg=10.99 region=0_4
ep=1311 s=83 12571ms [sel=3 cap=12461 rest=108] sg=1->1 mode=NONE win=8 obs=84 | cap=wip act=(320,360) d=4.53 a=1 | sp=frontier:active d=4.5 age=6 dtg=10.76 region=0_4
ep=1311 s=84 9008ms [sel=3 cap=8897 rest=108] sg=1->1 mode=NONE win=8 obs=85 | cap=wip act=(320,360) d=4.28 a=1 | sp=frontier:active d=4.3 age=7 dtg=10.54 region=0_4
ep=1311 s=85 7109ms [sel=3 cap=7001 rest=105] sg=1->1 mode=NONE win=8 obs=86 | cap=wip act=(320,360) d=4.04 a=1 | sp=frontier:active d=4.0 age=8 dtg=10.32 region=0_4
ep=1311 s=86 11658ms [sel=3 cap=11543 rest=112] sg=1->1 mode=NONE win=8 obs=87 | cap=wip act=(320,360) d=3.79 a=3 | sp=frontier:active d=3.8 age=9 dtg=10.32 region=0_4
ep=1311 s=87 11568ms [sel=3 cap=11454 rest=111] sg=1->1 mode=NONE win=8 obs=88 | cap=wip act=(320,360) d=3.79 a=1 | sp=frontier:active d=3.8 age=10 dtg=10.14 region=0_4
ep=1311 s=88 7716ms [sel=3 cap=7604 rest=109] sg=1->1 mode=NONE win=8 obs=89 | cap=wip act=(320,360) d=3.56 a=1 | sp=frontier:active d=3.6 age=11 dtg=9.97 region=0_4
ep=1311 s=89 6627ms [sel=3 cap=6514 rest=111] sg=1->1 mode=NONE win=8 obs=90 | cap=wip act=(320,360) d=3.34 a=1 | sp=frontier:active d=3.3 age=12 dtg=9.82 region=0_4
ep=1311 s=90 8034ms [sel=2475 cap=5448 rest=112] sg=1->1 mode=NONE win=8 obs=91 | cap=wip act=(320,360) d=1.72 a=3 | sp=som:active d=1.7 age=0 som=5/7 dtg=9.82 region=0_4
ep=1311 s=91 6307ms [sel=3 cap=6189 rest=115] sg=1->1 mode=NONE win=8 obs=92 | cap=wip act=(320,360) d=1.72 a=3 | sp=som:active d=1.7 age=1 dtg=9.82 region=0_4
ep=1311 s=92 5993ms [sel=3 cap=5868 rest=122] sg=1->1 mode=NONE win=8 obs=93 | cap=wip act=(320,360) d=1.72 a=3 | sp=som:active d=1.7 age=2 dtg=9.82 region=0_4
ep=1311 s=93 5585ms [sel=3 cap=5464 rest=118] sg=1->1 mode=NONE win=8 obs=94 | cap=wip act=(320,360) d=1.72 a=1 | sp=som:active d=1.7 age=3 dtg=9.87 region=0_4
ep=1311 s=94 5305ms [sel=3 cap=5185 rest=118] sg=1->1 mode=NONE win=8 obs=95 | cap=wip act=(320,360) d=1.47 a=1 | sp=som:active d=1.5 age=4 dtg=9.94 region=0_4
ep=1311 s=95 8454ms [sel=3 cap=8335 rest=117] sg=1->1 mode=NONE win=8 obs=96 | cap=wip act=(320,360) d=1.22 a=1 | sp=som:active d=1.2 age=5 dtg=10.03 region=0_4
ep=1311 s=96 7702ms [sel=3 cap=7584 rest=115] sg=1->1 mode=NONE win=8 obs=97 | cap=wip act=(320,360) d=0.97 a=1 | sp=som:active d=1.0 age=6 dtg=10.13 region=0_4
ep=1311 s=97 5578ms [sel=3 cap=5460 rest=115] sg=1->1 mode=NONE win=8 obs=98 | cap=wip act=(320,360) d=0.73 a=1 | sp=som:active d=0.7 age=7 dtg=10.24 region=0_4
ep=1311 s=98 12210ms [sel=3604 cap=8491 rest=115] sg=1->1 mode=NONE win=8 obs=99 | cap=wip act=(320,360) d=2.46 a=2 | sp=frontier:active d=2.5 age=0 som=2/5 dtg=10.24 region=0_4
ep=1311 s=99 3728ms [sel=18 cap=3595 rest=115] sg=1->1 mode=NONE win=8 obs=100 | cap=wip act=(320,360) d=2.46 a=2 | sp=frontier:active d=2.5 age=1 dtg=10.24 region=0_4
ep=1311 s=100 12711ms [sel=4 cap=12593 rest=115] sg=1->1 mode=NONE win=8 obs=101 | cap=wip act=(320,360) d=2.46 a=2 | sp=frontier:active d=2.5 age=2 dtg=10.24 region=0_4
ep=1311 s=101 10264ms [sel=23 cap=9708 rest=496] sg=1->1 mode=NONE win=8 obs=102 | cap=wip act=(160,180) d=2.46 a=2 | preview=view2/6 yaw=-30 render=38ms | sp=preview:active d=2.5 age=0 dtg=10.24 region=0_4
ep=1311 s=102 13716ms [sel=7750 cap=5837 rest=129] sg=1->1 mode=NONE win=8 obs=103 | cap=wip act=(320,360) d=3.11 a=2 | sp=som:active d=3.1 age=0 som=3/7 dtg=10.24 region=0_4
ep=1311 s=103 8877ms [sel=3 cap=8759 rest=115] sg=1->1 mode=NONE win=8 obs=104 | cap=wip act=(320,360) d=3.11 a=1 | sp=som:active d=3.1 age=1 dtg=10.07 region=0_4
ep=1311 s=104 7995ms [sel=3 cap=7875 rest=117] sg=1->1 mode=NONE win=8 obs=105 | cap=wip act=(320,360) d=2.88 a=2 | sp=som:active d=2.9 age=2 dtg=10.07 region=0_4
ep=1311 s=105 10184ms [sel=3 cap=10067 rest=114] sg=1->1 mode=NONE win=8 obs=106 | cap=wip act=(320,360) d=2.88 a=1 | sp=som:active d=2.9 age=3 dtg=9.86 region=0_4
ep=1311 s=106 5271ms [sel=3 cap=5154 rest=113] sg=1->1 mode=NONE win=8 obs=107 | cap=wip act=(320,360) d=2.64 a=1 | sp=som:active d=2.6 age=4 dtg=9.66 region=0_4
ep=1311 s=107 7213ms [sel=3 cap=7062 rest=148] sg=1->1 mode=NONE win=8 obs=108 | cap=wip act=(320,360) d=2.39 a=1 | sp=som:active d=2.4 age=5 dtg=9.47 region=0_4
ep=1311 s=108 6538ms [sel=3 cap=6425 rest=111] sg=1->1 mode=NONE win=8 obs=109 | cap=wip act=(320,360) d=2.15 a=1 | sp=som:active d=2.1 age=6 dtg=9.28 region=0_4
ep=1311 s=109 6970ms [sel=3 cap=6854 rest=113] sg=1->1 mode=NONE win=8 obs=110 | cap=wip act=(320,360) d=1.90 a=1 | sp=som:active d=1.9 age=7 dtg=9.11 region=0_4
ep=1311 s=110 5145ms [sel=3 cap=5027 rest=115] sg=1->1 mode=NONE win=8 obs=111 | cap=wip act=(320,360) d=1.66 a=1 | sp=som:active d=1.7 age=8 dtg=8.94 region=0_4
ep=1311 s=111 9621ms [sel=4 cap=9498 rest=120] sg=1->1 mode=NONE win=8 obs=112 | cap=wip act=(320,360) d=1.42 a=2 | sp=som:active d=1.4 age=9 dtg=8.94 region=0_4
ep=1311 s=112 6669ms [sel=3 cap=6548 rest=118] sg=1->1 mode=NONE win=8 obs=113 | cap=wip act=(320,360) d=1.42 a=1 | sp=som:active d=1.4 age=10 dtg=8.74 region=0_4
ep=1311 s=113 7342ms [sel=3 cap=7223 rest=116] sg=1->1 mode=NONE win=8 obs=114 | cap=wip act=(320,360) d=1.17 a=1 | sp=som:active d=1.2 age=11 dtg=8.54 region=0_4
ep=1311 s=114 5156ms [sel=3 cap=5035 rest=118] sg=1->1 mode=NONE win=8 obs=115 | cap=wip act=(320,360) d=0.92 a=1 | sp=som:active d=0.9 age=12 dtg=8.35 region=0_4
ep=1311 s=115 6158ms [sel=3 cap=6040 rest=115] sg=1->1 mode=NONE win=8 obs=116 | cap=wip act=(320,360) d=0.67 a=1 | sp=som:active d=0.7 age=13 dtg=8.16 region=0_4
ep=1311 s=116 15333ms [sel=8483 cap=6736 rest=114] sg=1->1 mode=NONE win=8 obs=117 | cap=wip act=(320,360) d=3.02 a=1 | sp=som:active d=3.0 age=0 som=3/8 dtg=7.98 region=0_4
ep=1311 s=117 4504ms [sel=6 cap=4382 rest=116] sg=1->1 mode=NONE win=8 obs=118 | cap=wip act=(320,360) d=2.78 a=3 | sp=som:active d=2.8 age=1 dtg=7.98 region=0_4
ep=1311 s=118 6840ms [sel=6 cap=6716 rest=119] sg=1->1 mode=NONE win=8 obs=119 | cap=wip act=(320,360) d=2.78 a=1 | sp=som:active d=2.8 age=2 dtg=7.87 region=0_4
ep=1311 s=119 7868ms [sel=3 cap=7740 rest=126] sg=1->1 mode=NONE win=8 obs=120 | cap=wip act=(320,360) d=2.53 a=1 | sp=som:active d=2.5 age=3 dtg=7.77 region=0_4
ep=1311 s=120 11307ms [sel=5248 cap=5935 rest=124] sg=1->1 mode=NONE win=8 obs=121 | cap=wip act=(320,360) d=2.98 a=1 | sp=som:active d=3.0 age=0 som=5/8 dtg=7.68 region=0_4
ep=1311 s=121 8365ms [sel=3 cap=8245 rest=117] sg=1->1 mode=NONE win=8 obs=122 | cap=wip act=(320,360) d=2.74 a=1 | sp=som:active d=2.7 age=1 dtg=7.59 region=0_4
ep=1311 s=122 5932ms [sel=3 cap=5815 rest=114] sg=1->1 mode=NONE win=8 obs=123 | cap=wip act=(320,360) d=2.50 a=2 | sp=som:active d=2.5 age=2 dtg=7.59 region=0_4
ep=1311 s=123 8845ms [sel=3 cap=8729 rest=113] sg=1->1 mode=NONE win=8 obs=124 | cap=wip act=(320,360) d=2.50 a=2 | sp=som:active d=2.5 age=3 dtg=7.59 region=0_4
ep=1311 s=124 8662ms [sel=11 cap=8537 rest=115] sg=1->1 mode=NONE win=8 obs=125 | cap=wip act=(320,360) d=2.50 a=1 | sp=som:active d=2.5 age=4 dtg=7.40 region=0_4
ep=1311 s=125 7237ms [sel=12 cap=7113 rest=112] sg=1->1 mode=NONE win=8 obs=126 | cap=wip act=(320,360) d=2.34 a=1 | sp=som:active d=2.3 age=5 dtg=7.22 region=0_4
ep=1311 s=126 10866ms [sel=16 cap=10737 rest=112] sg=1->1 mode=NONE win=8 obs=127 | cap=wip act=(320,360) d=2.19 a=3 | sp=som:active d=2.2 age=6 dtg=7.22 region=0_4
ep=1311 s=127 12664ms [sel=11 cap=12531 rest=121] sg=1->1 mode=NONE win=8 obs=128 | cap=wip act=(320,360) d=2.19 a=3 | sp=som:active d=2.2 age=7 dtg=7.22 region=0_4
ep=1311 s=128 6796ms [sel=3 cap=6676 rest=117] sg=1->1 mode=NONE win=8 obs=129 | cap=wip act=(320,360) d=2.19 a=1 | sp=som:active d=2.2 age=8 dtg=7.15 region=0_4
ep=1311 s=129 7498ms [sel=3 cap=7375 rest=119] sg=1->1 mode=NONE win=8 obs=130 | cap=wip act=(320,360) d=1.97 a=3 | sp=som:active d=2.0 age=9 dtg=7.15 region=0_4
ep=1311 s=130 16582ms [sel=3 cap=16459 rest=121] sg=1->1 mode=NONE win=8 obs=131 | cap=wip act=(320,360) d=1.97 a=3 | sp=som:active d=2.0 age=10 dtg=7.15 region=0_4
ep=1311 s=131 7275ms [sel=3 cap=7135 rest=137] sg=1->1 mode=NONE win=8 obs=132 | cap=wip act=(320,360) d=1.97 a=1 | sp=som:active d=2.0 age=11 dtg=7.21 region=0_4
ep=1311 s=132 8248ms [sel=4 cap=8128 rest=117] sg=1->1 mode=NONE win=8 obs=133 | cap=wip act=(320,360) d=1.72 a=1 | sp=som:active d=1.7 age=12 dtg=7.29 region=0_4
ep=1311 s=133 7570ms [sel=3 cap=7452 rest=114] sg=1->1 mode=NONE win=8 obs=134 | cap=wip act=(320,360) d=1.47 a=3 | sp=som:active d=1.5 age=13 dtg=7.29 region=0_4
ep=1311 s=134 10001ms [sel=3 cap=9885 rest=113] sg=1->1 mode=NONE win=8 obs=135 | cap=wip act=(320,360) d=1.47 a=1 | sp=som:active d=1.5 age=14 dtg=7.47 region=0_4
ep=1311 s=135 10138ms [sel=3 cap=10020 rest=115] sg=1->1 mode=NONE win=8 obs=136 | cap=wip act=(320,360) d=1.23 a=1 | sp=som:active d=1.2 age=15 dtg=7.68 region=0_4
ep=1311 s=136 9108ms [sel=3 cap=8992 rest=114] sg=1->1 mode=NONE win=8 obs=137 | cap=wip act=(320,360) d=1.00 a=2 | sp=som:active d=1.0 age=16 dtg=7.68 region=0_4
ep=1311 s=137 13992ms [sel=3 cap=13871 rest=118] sg=1->1 mode=NONE win=8 obs=138 | cap=wip act=(320,360) d=1.00 a=1 | sp=som:active d=1.0 age=17 dtg=7.88 region=0_4
ep=1311 s=138 12198ms [sel=3 cap=12079 rest=117] sg=1->1 mode=NONE win=8 obs=139 | cap=wip act=(320,360) d=0.75 a=1 | sp=som:active d=0.7 age=18 dtg=8.09 region=0_4
ep=1311 s=139 16338ms [sel=3 cap=16224 rest=111] sg=1->1 mode=NONE win=8 obs=140 | cap=wip act=(320,360) d=0.51 a=2 | sp=som:active d=0.5 age=19 dtg=8.09 region=0_4
ep=1311 s=140 10764ms [sel=3 cap=10653 rest=108] sg=1->1 mode=NONE win=8 obs=141 | cap=wip act=(320,360) d=0.51 a=1 | sp=som:active d=0.5 age=20 dtg=7.97 region=0_4
ep=1311 s=141 12673ms [sel=4204 cap=8360 rest=109] sg=1->1 mode=NONE win=8 obs=142 | cap=wip act=(320,360) d=1.14 a=3 | sp=som:active d=1.1 age=0 som=3/7 dtg=7.97 region=0_4
ep=1311 s=142 6862ms [sel=3 cap=6750 rest=109] sg=1->1 mode=NONE win=8 obs=143 | cap=wip act=(320,360) d=1.14 a=1 | sp=som:active d=1.1 age=1 dtg=8.10 region=0_4
ep=1311 s=143 8102ms [sel=3 cap=7990 rest=110] sg=1->1 mode=NONE win=8 obs=144 | cap=wip act=(320,360) d=0.89 a=1 | sp=som:active d=0.9 age=2 dtg=8.29 region=0_4
ep=1311 s=144 8054ms [sel=4 cap=7945 rest=105] sg=1->1 mode=NONE win=8 obs=145 | cap=wip act=(320,360) d=0.64 a=1 | sp=som:active d=0.6 age=3 dtg=8.49 region=0_4
ep=1311 s=145 10525ms [sel=51 cap=10369 rest=105] sg=1->1 mode=NONE win=8 obs=146 | cap=wip act=(320,360) d=1.73 a=2 | sp=frontier:active d=1.7 age=0 dtg=8.49 region=0_4
ep=1311 s=146 12143ms [sel=14 cap=12020 rest=109] sg=1->1 mode=NONE win=8 obs=147 | cap=wip act=(320,360) d=1.73 a=2 | sp=frontier:active d=1.7 age=1 dtg=8.49 region=0_4
ep=1311 s=147 8672ms [sel=11 cap=8551 rest=109] sg=1->1 mode=NONE win=8 obs=148 | cap=wip act=(320,360) d=1.73 a=2 | sp=frontier:active d=1.7 age=2 dtg=8.49 region=0_4
ep=1311 s=148 11682ms [sel=3 cap=11576 rest=103] sg=1->1 mode=NONE win=8 obs=149 | cap=wip act=(320,360) d=1.73 a=2 | sp=frontier:active d=1.7 age=3 dtg=8.49 region=0_4
ep=1311 s=149 6460ms [sel=3 cap=6336 rest=121] sg=1->1 mode=NONE win=8 obs=150 | cap=wip act=(320,360) d=1.73 a=2 | sp=frontier:active d=1.7 age=4 dtg=8.49 region=0_4
ep=1311 s=150 9292ms [sel=4 cap=9178 rest=110] sg=1->1 mode=NONE win=8 obs=151 | cap=wip act=(320,360) d=1.73 a=1 | sp=frontier:active d=1.7 age=5 dtg=8.42 region=0_4
ep=1311 s=151 6617ms [sel=4 cap=6499 rest=114] sg=1->1 mode=NONE win=8 obs=152 | cap=wip act=(320,360) d=1.54 a=1 | sp=frontier:active d=1.5 age=6 dtg=8.37 region=0_4
ep=1311 s=152 4842ms [sel=5 cap=4735 rest=101] sg=1->1 mode=NONE win=8 obs=153 | cap=wip act=(320,360) d=1.38 a=1 | sp=frontier:active d=1.4 age=7 dtg=8.35 region=0_4
ep=1311 s=153 7150ms [sel=8 cap=7046 rest=97] sg=1->1 mode=NONE win=8 obs=154 | cap=wip act=(320,360) d=1.24 a=1 | sp=frontier:active d=1.2 age=8 dtg=8.36 region=0_4
ep=1311 s=154 8628ms [sel=8 cap=8535 rest=86] sg=1->1 mode=NONE win=8 obs=155 | cap=wip act=(320,360) d=1.14 a=3 | sp=frontier:active d=1.1 age=9 dtg=8.36 region=0_4
ep=1311 s=155 7364ms [sel=6 cap=7262 rest=96] sg=1->1 mode=NONE win=8 obs=156 | cap=wip act=(320,360) d=1.14 a=3 | sp=frontier:active d=1.1 age=10 dtg=8.36 region=0_4
ep=1311 s=156 7828ms [sel=4 cap=7726 rest=99] sg=1->1 mode=NONE win=8 obs=157 | cap=wip act=(320,360) d=1.14 a=1 | sp=frontier:active d=1.1 age=11 dtg=8.52 region=0_4
ep=1311 s=157 10169ms [sel=5 cap=10061 rest=103] sg=1->1 mode=NONE win=8 obs=158 | cap=wip act=(320,360) d=0.98 a=3 | sp=frontier:active d=1.0 age=12 dtg=8.52 region=0_4
ep=1311 s=158 10793ms [sel=3 cap=10679 rest=111] sg=1->1 mode=NONE win=8 obs=159 | cap=wip act=(320,360) d=0.98 a=1 | sp=frontier:active d=1.0 age=13 dtg=8.73 region=0_4
ep=1311 s=159 11046ms [sel=4 cap=10936 rest=107] sg=1->1 mode=NONE win=8 obs=160 | cap=wip act=(320,360) d=0.79 a=3 | sp=frontier:active d=0.8 age=14 dtg=8.73 region=0_4
ep=1311 s=160 16087ms [sel=3 cap=15975 rest=108] sg=1->1 mode=NONE win=8 obs=161 | cap=wip act=(320,360) d=0.79 a=1 | sp=frontier:active d=0.8 age=15 dtg=8.97 region=0_4
ep=1311 s=161 11629ms [sel=5 cap=11509 rest=115] sg=1->1 mode=NONE win=8 obs=162 | cap=wip act=(320,360) d=0.60 a=3 | sp=frontier:active d=0.6 age=16 dtg=8.97 region=0_4
ep=1311 s=162 15871ms [sel=3 cap=15748 rest=120] sg=1->1 mode=NONE win=8 obs=163 | cap=wip act=(320,360) d=0.60 a=3 | sp=frontier:active d=0.6 age=17 dtg=8.97 region=0_4
ep=1311 s=163 17583ms [sel=3 cap=17477 rest=103] sg=1->1 mode=NONE win=8 obs=164 | cap=wip act=(320,360) d=0.60 a=1 | sp=frontier:active d=0.6 age=18 dtg=9.21 region=0_4
ep=1311 s=164 11699ms [sel=62 cap=11527 rest=109] sg=1->1 mode=GET_NOWHERE win=8 obs=165 | cap=wip/GET_NOWHERE act=(320,360) d=2.81 a=3 | sp=frontier:active d=2.8 age=0 dtg=9.21 region=0_4
ep=1311 s=165 9866ms [sel=36 cap=9712 rest=118] sg=1->1 mode=NONE win=8 obs=166 | cap=wip act=(320,360) d=2.81 a=3 | sp=frontier:active d=2.8 age=1 dtg=9.21 region=0_4
ep=1311 s=166 8635ms [sel=36 cap=8490 rest=109] sg=1->1 mode=NONE win=8 obs=167 | cap=wip act=(320,360) d=2.81 a=3 | sp=frontier:active d=2.8 age=2 dtg=9.21 region=0_4
ep=1311 s=167 10159ms [sel=35 cap=10015 rest=110] sg=1->1 mode=NONE win=8 obs=168 | cap=wip act=(320,360) d=2.81 a=3 | sp=frontier:active d=2.8 age=3 dtg=9.21 region=0_4
ep=1311 s=168 6422ms [sel=29 cap=6275 rest=118] sg=1->1 mode=NONE win=8 obs=169 | cap=wip act=(320,360) d=2.81 a=3 | sp=frontier:active d=2.8 age=4 dtg=9.21 region=0_4
ep=1311 s=169 8037ms [sel=24 cap=7896 rest=117] sg=1->1 mode=NONE win=8 obs=170 | cap=wip act=(320,360) d=2.81 a=3 | sp=frontier:active d=2.8 age=5 dtg=9.21 region=0_4
ep=1311 s=170 10901ms [sel=16 cap=10767 rest=118] sg=1->1 mode=NONE win=8 obs=171 | cap=wip act=(320,360) d=2.81 a=3 | sp=frontier:active d=2.8 age=6 dtg=9.21 region=0_4
ep=1311 s=171 15304ms [sel=13 cap=15172 rest=119] sg=1->1 mode=NONE win=8 obs=172 | cap=wip act=(320,360) d=2.81 a=3 | sp=frontier:active d=2.8 age=7 dtg=9.21 region=0_4
ep=1311 s=172 12866ms [sel=7 cap=12743 rest=116] sg=1->1 mode=NONE win=8 obs=173 | cap=wip act=(320,360) d=2.81 a=3 | sp=frontier:active d=2.8 age=8 dtg=9.21 region=0_4
ep=1311 s=173 10082ms [sel=12 cap=9953 rest=117] sg=1->1 mode=NONE win=8 obs=174 | cap=wip act=(320,360) d=2.81 a=3 | sp=frontier:active d=2.8 age=9 dtg=9.21 region=0_4
ep=1311 s=174 9929ms [sel=17 cap=9796 rest=116] sg=1->1 mode=NONE win=8 obs=175 | cap=wip act=(320,360) d=2.81 a=1 | sp=frontier:active d=2.8 age=10 dtg=8.97 region=0_4
ep=1311 s=175 8738ms [sel=20 cap=8600 rest=117] sg=1->1 mode=NONE win=8 obs=176 | cap=wip act=(320,360) d=2.73 a=1 | sp=frontier:active d=2.7 age=11 dtg=8.74 region=0_4
ep=1311 s=176 12437ms [sel=21 cap=12297 rest=120] sg=1->1 mode=NONE win=8 obs=177 | cap=wip act=(320,360) d=2.67 a=1 | sp=frontier:active d=2.7 age=12 dtg=8.50 region=0_4
ep=1311 s=177 8031ms [sel=21 cap=7892 rest=118] sg=1->1 mode=NONE win=8 obs=178 | cap=wip act=(320,360) d=2.63 a=2 | sp=frontier:active d=2.6 age=13 dtg=8.50 region=0_4
ep=1311 s=178 11994ms [sel=19 cap=11443 rest=494] sg=1->1 mode=NONE win=8 obs=179 | cap=wip act=(160,180) d=3.15 a=1 | preview=view3/6 yaw=+15 render=38ms | sp=preview:active d=3.2 age=0 dtg=8.30 region=0_4
ep=1311 s=179 4260ms [sel=3 cap=4142 rest=115] sg=1->1 mode=NONE win=8 obs=180 | cap=wip act=(320,360) d=2.92 a=3 | sp=preview:active d=2.9 age=1 dtg=8.30 region=0_4
ep=1311 s=180 9906ms [sel=3 cap=9789 rest=114] sg=1->1 mode=NONE win=8 obs=181 | cap=wip act=(320,360) d=2.92 a=1 | sp=preview:active d=2.9 age=2 dtg=8.08 region=0_4
ep=1311 s=181 8632ms [sel=44 cap=8006 rest=546] sg=1->1 mode=NONE win=8 obs=182 | cap=wip act=(160,180) d=2.56 a=2 | preview=view1/6 yaw=-90 render=37ms | sp=preview:active d=2.6 age=0 dtg=8.08 region=0_4
ep=1311 s=182 8330ms [sel=24 cap=8194 rest=111] sg=1->1 mode=NONE win=8 obs=183 | cap=wip act=(320,360) d=2.56 a=2 | sp=preview:active d=2.6 age=1 dtg=8.08 region=0_4
ep=1311 s=183 8408ms [sel=16 cap=8279 rest=112] sg=1->1 mode=NONE win=8 obs=184 | cap=wip act=(320,360) d=2.56 a=2 | sp=preview:active d=2.6 age=2 dtg=8.08 region=0_4
ep=1311 s=184 7676ms [sel=7 cap=7556 rest=113] sg=1->1 mode=NONE win=8 obs=185 | cap=wip act=(320,360) d=2.56 a=2 | sp=preview:active d=2.6 age=3 dtg=8.08 region=0_4
ep=1311 s=185 11967ms [sel=3 cap=11853 rest=110] sg=1->1 mode=NONE win=8 obs=186 | cap=wip act=(320,360) d=2.56 a=2 | sp=preview:active d=2.6 age=4 dtg=8.08 region=0_4
ep=1311 s=186 15900ms [sel=3 cap=15786 rest=111] sg=1->1 mode=NONE win=8 obs=187 | cap=wip act=(320,360) d=2.56 a=1 | sp=preview:active d=2.6 age=5 dtg=8.15 region=0_4
ep=1311 s=187 11198ms [sel=4 cap=11085 rest=109] sg=1->1 mode=NONE win=8 obs=188 | cap=wip act=(320,360) d=2.33 a=1 | sp=preview:active d=2.3 age=6 dtg=8.25 region=0_4
ep=1311 s=188 14776ms [sel=3 cap=14662 rest=111] sg=1->1 mode=NONE win=8 obs=189 | cap=wip act=(320,360) d=2.10 a=1 | sp=preview:active d=2.1 age=7 dtg=8.37 region=0_4
ep=1311 s=189 13327ms [sel=3 cap=13219 rest=105] sg=1->1 mode=NONE win=8 obs=190 | cap=wip act=(320,360) d=1.87 a=3 | sp=preview:active d=1.9 age=8 dtg=8.37 region=0_4
ep=1311 s=190 11459ms [sel=4 cap=11350 rest=105] sg=1->1 mode=NONE win=8 obs=191 | cap=wip act=(320,360) d=1.87 a=1 | sp=preview:active d=1.9 age=9 dtg=8.46 region=0_4
ep=1311 s=191 10869ms [sel=5 cap=10758 rest=105] sg=1->1 mode=NONE win=8 obs=192 | cap=wip act=(320,360) d=1.70 a=1 | sp=preview:active d=1.7 age=10 dtg=8.59 region=0_4
ep=1311 s=192 7417ms [sel=7 cap=7307 rest=104] sg=1->1 mode=NONE win=8 obs=193 | cap=wip act=(320,360) d=1.55 a=1 | sp=preview:active d=1.5 age=11 dtg=8.73 region=0_4
ep=1311 s=193 5113ms [sel=7 cap=5005 rest=100] sg=1->1 mode=NONE win=8 obs=194 | cap=wip act=(320,360) d=1.42 a=2 | sp=preview:active d=1.4 age=12 dtg=8.73 region=0_4
ep=1311 s=194 9675ms [sel=5 cap=9563 rest=107] sg=1->1 mode=NONE win=8 obs=195 | cap=wip act=(320,360) d=1.42 a=1 | sp=preview:active d=1.4 age=13 dtg=8.95 region=0_4
ep=1311 s=195 11166ms [sel=46 cap=10547 rest=503] sg=1->1 mode=NONE win=8 obs=196 | cap=wip act=(160,180) d=4.25 a=3 | preview=view0/6 yaw=-180 render=70ms | sp=preview:active d=4.2 age=0 dtg=8.95 region=0_4
ep=1311 s=196 7696ms [sel=29 cap=7575 rest=93] sg=1->1 mode=NONE win=8 obs=197 | cap=wip act=(320,360) d=4.25 a=3 | sp=preview:active d=4.2 age=1 dtg=8.95 region=0_4
ep=1311 s=197 5449ms [sel=28 cap=5326 rest=95] sg=1->1 mode=NONE win=8 obs=198 | cap=wip act=(320,360) d=4.25 a=3 | sp=preview:active d=4.2 age=2 dtg=8.95 region=0_4
ep=1311 s=198 9628ms [sel=29 cap=9490 rest=109] sg=1->1 mode=NONE win=8 obs=199 | cap=wip act=(320,360) d=4.25 a=3 | sp=preview:active d=4.2 age=3 dtg=8.95 region=0_4
ep=1311 s=199 12565ms [sel=28 cap=12408 rest=129] sg=1->1 mode=NONE win=8 obs=200 | cap=wip act=(320,360) d=4.25 a=3 | sp=preview:active d=4.2 age=4 dtg=8.95 region=0_4
ep=1311 s=200 10992ms [sel=28 cap=10851 rest=113] sg=1->1 mode=NONE win=8 obs=201 | cap=wip act=(320,360) d=4.25 a=3 | sp=preview:active d=4.2 age=5 dtg=8.95 region=0_4
ep=1311 s=201 9783ms [sel=29 cap=9644 rest=109] sg=1->1 mode=NONE win=8 obs=202 | cap=wip act=(320,360) d=4.25 a=3 | sp=preview:active d=4.2 age=6 dtg=8.95 region=0_4
ep=1311 s=202 10911ms [sel=18 cap=10779 rest=114] sg=1->1 mode=NONE win=8 obs=203 | cap=wip act=(320,360) d=4.25 a=3 | sp=preview:active d=4.2 age=7 dtg=8.95 region=0_4
ep=1311 s=203 9475ms [sel=4 cap=9353 rest=118] sg=1->1 mode=NONE win=8 obs=204 | cap=wip act=(320,360) d=4.25 a=3 | sp=preview:active d=4.2 age=8 dtg=8.95 region=0_4
ep=1311 s=204 9172ms [sel=3 cap=9033 rest=136] sg=1->1 mode=NONE win=8 obs=205 | cap=wip act=(320,360) d=4.25 a=3 | sp=preview:active d=4.2 age=9 dtg=8.95 region=0_4
ep=1311 s=205 12040ms [sel=3 cap=11925 rest=112] sg=1->1 mode=NONE win=8 obs=206 | cap=wip act=(320,360) d=4.25 a=1 | sp=preview:active d=4.2 age=10 dtg=8.70 region=0_4
ep=1311 s=206 15941ms [sel=23 cap=15350 rest=530] sg=1->1 mode=NONE win=8 obs=207 | cap=wip act=(160,180) d=4.33 a=1 | preview=view2/6 yaw=-45 render=39ms | sp=preview:active d=4.3 age=0 dtg=8.45 region=0_4
ep=1311 s=207 12723ms [sel=3 cap=12606 rest=114] sg=1->1 mode=NONE win=8 obs=208 | cap=wip act=(320,360) d=4.09 a=2 | sp=preview:active d=4.1 age=1 dtg=8.45 region=0_4
ep=1311 s=208 9278ms [sel=3 cap=9158 rest=117] sg=1->1 mode=NONE win=8 obs=209 | cap=wip act=(320,360) d=4.09 a=1 | sp=preview:active d=4.1 age=2 dtg=8.22 region=0_4
ep=1311 s=209 5185ms [sel=3 cap=5063 rest=119] sg=1->1 mode=NONE win=8 obs=210 | cap=wip act=(320,360) d=3.84 a=2 | sp=preview:active d=3.8 age=3 dtg=8.22 region=0_4
ep=1311 s=210 8496ms [sel=3 cap=8365 rest=129] sg=1->1 mode=NONE win=8 obs=211 | cap=wip act=(320,360) d=3.84 a=1 | sp=preview:active d=3.8 age=4 dtg=8.21 region=0_4
ep=1311 s=211 4945ms [sel=3 cap=4825 rest=117] sg=1->1 mode=NONE win=8 obs=212 | cap=wip act=(320,360) d=3.60 a=1 | sp=preview:active d=3.6 age=5 dtg=7.94 region=0_4
ep=1311 s=212 14670ms [sel=43 cap=14512 rest=115] sg=1->1 mode=NONE win=8 obs=213 | cap=wip act=(320,360) d=4.02 a=1 | sp=frontier:active d=4.0 age=0 dtg=7.69 region=0_4
ep=1311 s=213 7074ms [sel=3 cap=6954 rest=117] sg=1->1 mode=NONE win=8 obs=214 | cap=wip act=(320,360) d=3.77 a=1 | sp=frontier:active d=3.8 age=1 dtg=7.44 region=0_4
ep=1311 s=214 8843ms [sel=3 cap=8727 rest=113] sg=1->1 mode=NONE win=8 obs=215 | cap=wip act=(320,360) d=3.53 a=2 | sp=frontier:active d=3.5 age=2 dtg=7.44 region=0_4
ep=1311 s=215 12122ms [sel=3 cap=12010 rest=109] sg=1->1 mode=NONE win=8 obs=216 | cap=wip act=(320,360) d=3.53 a=1 | sp=frontier:active d=3.5 age=3 dtg=7.20 region=0_4
ep=1311 s=216 9084ms [sel=3 cap=8974 rest=107] sg=1->1 mode=NONE win=8 obs=217 | cap=wip act=(320,360) d=3.31 a=1 | sp=frontier:active d=3.3 age=4 dtg=6.98 region=0_4
ep=1311 s=217 11357ms [sel=3 cap=11249 rest=105] sg=1->1 mode=NONE win=8 obs=218 | cap=wip act=(320,360) d=3.09 a=1 | sp=frontier:active d=3.1 age=5 dtg=6.82 region=0_4
ep=1311 s=218 12232ms [sel=6 cap=12126 rest=100] sg=1->1 mode=NONE win=8 obs=219 | cap=wip act=(320,360) d=2.88 a=3 | sp=frontier:active d=2.9 age=6 dtg=6.82 region=0_4
ep=1311 s=219 10483ms [sel=23 cap=9895 rest=527] sg=1->1 mode=NONE win=8 obs=220 | cap=wip act=(160,180) d=3.72 a=3 | preview=view2/6 yaw=-15 render=38ms | sp=preview:active d=3.7 age=0 dtg=6.82 region=0_4
ep=1311 s=220 12173ms [sel=3 cap=12064 rest=106] sg=1->1 mode=NONE win=8 obs=221 | cap=wip act=(320,360) d=3.72 a=1 | sp=preview:active d=3.7 age=1 dtg=6.60 region=0_4
ep=1311 s=221 8033ms [sel=3 cap=7925 rest=105] sg=1->1 mode=NONE win=8 obs=222 | cap=wip act=(320,360) d=3.47 a=3 | sp=preview:active d=3.5 age=2 dtg=6.60 region=0_4
ep=1311 s=222 18152ms [sel=21 cap=17528 rest=563] sg=1->1 mode=NONE win=8 obs=223 | cap=wip act=(160,180) d=3.36 a=1 | preview=view2/6 yaw=-15 render=40ms | sp=preview:active d=3.4 age=0 dtg=6.36 region=0_4
ep=1311 s=223 9634ms [sel=3 cap=9517 rest=114] sg=1->1 mode=NONE win=8 obs=224 | cap=wip act=(320,360) d=3.11 a=1 | sp=preview:active d=3.1 age=1 dtg=6.12 region=0_4
ep=1311 s=224 5674ms [sel=3 cap=5557 rest=114] sg=1->1 mode=NONE win=8 obs=225 | cap=wip act=(320,360) d=2.86 a=1 | sp=preview:active d=2.9 age=2 dtg=5.88 region=0_4
ep=1311 s=225 9566ms [sel=3 cap=9442 rest=122] sg=1->1 mode=NONE win=8 obs=226 | cap=wip act=(320,360) d=2.61 a=1 | sp=preview:active d=2.6 age=3 dtg=5.63 region=0_4
ep=1311 s=226 9008ms [sel=3 cap=8887 rest=118] sg=1->1 mode=NONE win=8 obs=227 | cap=wip act=(320,360) d=2.36 a=1 | sp=preview:active d=2.4 age=4 dtg=5.39 region=0_4
ep=1311 s=227 12916ms [sel=22 cap=12310 rest=545] sg=1->1 mode=NONE win=8 obs=228 | cap=wip act=(160,180) d=3.39 a=2 | preview=view2/6 yaw=-45 render=38ms | sp=preview:active d=3.4 age=0 dtg=5.39 region=0_4
ep=1311 s=228 10742ms [sel=4 cap=10623 rest=116] sg=1->1 mode=NONE win=8 obs=229 | cap=wip act=(320,360) d=3.39 a=1 | sp=preview:active d=3.4 age=1 dtg=5.18 region=0_4
ep=1311 s=229 6312ms [sel=4 cap=6187 rest=122] sg=1->1 mode=NONE win=8 obs=230 | cap=wip act=(320,360) d=3.15 a=1 | sp=preview:active d=3.1 age=2 dtg=4.98 region=0_4
ep=1311 s=230 9239ms [sel=7 cap=9109 rest=123] sg=1->1 mode=NONE win=8 obs=231 | cap=wip act=(320,360) d=2.90 a=1 | sp=preview:active d=2.9 age=3 dtg=4.77 region=0_4
ep=1311 s=231 11912ms [sel=3 cap=11787 rest=121] sg=1->1 mode=NONE win=8 obs=232 | cap=wip act=(320,360) d=2.65 a=1 | sp=preview:active d=2.6 age=4 dtg=4.57 region=0_4
ep=1311 s=232 6130ms [sel=3 cap=6004 rest=124] sg=1->1 mode=NONE win=8 obs=233 | cap=wip act=(320,360) d=2.40 a=1 | sp=preview:active d=2.4 age=5 dtg=4.38 region=0_4
ep=1311 s=233 10355ms [sel=4 cap=10231 rest=120] sg=1->1 mode=NONE win=8 obs=234 | cap=wip act=(320,360) d=2.16 a=2 | sp=preview:active d=2.2 age=6 dtg=4.38 region=0_4
ep=1311 s=234 7414ms [sel=3 cap=7296 rest=115] sg=1->1 mode=NONE win=8 obs=235 | cap=wip act=(320,360) d=2.16 a=1 | sp=preview:active d=2.2 age=7 dtg=4.24 region=0_4
ep=1311 s=235 9806ms [sel=3 cap=9685 rest=119] sg=1->1 mode=NONE win=8 obs=236 | cap=wip act=(320,360) d=1.91 a=1 | sp=preview:active d=1.9 age=8 dtg=4.12 region=0_4
ep=1311 s=236 9094ms [sel=4 cap=8974 rest=116] sg=1->1 mode=NONE win=8 obs=237 | cap=wip act=(320,360) d=1.66 a=1 | sp=preview:active d=1.7 age=9 dtg=4.00 region=0_4
ep=1311 s=237 11846ms [sel=3 cap=11729 rest=114] sg=1->1 mode=NONE win=8 obs=238 | cap=wip act=(320,360) d=1.41 a=1 | sp=preview:active d=1.4 age=10 dtg=3.90 region=0_4
ep=1311 s=238 8695ms [sel=3 cap=8579 rest=113] sg=1->1 mode=NONE win=8 obs=239 | cap=wip act=(320,360) d=1.16 a=1 | sp=preview:active d=1.2 age=11 dtg=3.81 region=0_4
ep=1311 s=239 14112ms [sel=43 cap=13953 rest=117] sg=1->1 mode=NONE win=8 obs=240 | cap=wip act=(320,360) d=4.71 a=1 | sp=frontier:active d=4.7 age=0 dtg=3.74 region=0_4
ep=1311 s=240 10016ms [sel=4 cap=9896 rest=116] sg=1->1 mode=NONE win=8 obs=241 | cap=wip act=(320,360) d=4.46 a=2 | sp=frontier:active d=4.5 age=1 dtg=3.74 region=0_4
ep=1311 s=241 11329ms [sel=3 cap=11216 rest=109] sg=1->1 mode=NONE win=8 obs=242 | cap=wip act=(320,360) d=4.46 a=1 | sp=frontier:active d=4.5 age=2 dtg=3.74 region=0_4
ep=1311 s=242 7507ms [sel=3 cap=7393 rest=111] sg=1->1 mode=NONE win=8 obs=243 | cap=wip act=(320,360) d=4.21 a=1 | sp=frontier:active d=4.2 age=3 dtg=3.77 region=0_4
ep=1311 s=243 12479ms [sel=3 cap=12361 rest=115] sg=1->1 mode=NONE win=8 obs=244 | cap=wip act=(320,360) d=3.97 a=1 | sp=frontier:active d=4.0 age=4 dtg=3.81 region=0_4
ep=1311 s=244 8406ms [sel=3 cap=8266 rest=136] sg=1->1 mode=NONE win=8 obs=245 | cap=wip act=(320,360) d=3.72 a=1 | sp=frontier:active d=3.7 age=5 dtg=3.86 region=0_4
ep=1311 s=245 11098ms [sel=3 cap=10987 rest=108] sg=1->1 mode=NONE win=8 obs=246 | cap=wip act=(320,360) d=3.48 a=1 | sp=frontier:active d=3.5 age=6 dtg=3.93 region=0_4
ep=1311 s=246 7270ms [sel=3 cap=7159 rest=108] sg=1->1 mode=NONE win=8 obs=247 | cap=wip act=(320,360) d=3.24 a=1 | sp=frontier:active d=3.2 age=7 dtg=4.02 region=0_4
ep=1311 s=247 10645ms [sel=4 cap=10533 rest=109] sg=1->1 mode=NONE win=8 obs=248 | cap=wip act=(320,360) d=3.00 a=1 | sp=frontier:active d=3.0 age=8 dtg=4.12 region=0_4
ep=1311 s=248 4476ms [sel=3 cap=4365 rest=108] sg=1->1 mode=NONE win=8 obs=249 | cap=wip act=(320,360) d=2.76 a=1 | sp=frontier:active d=2.8 age=9 dtg=4.23 region=0_4
ep=1311 s=249 15771ms [sel=3 cap=15654 rest=114] sg=1->1 mode=NONE win=8 obs=250 | cap=wip act=(320,360) d=2.52 a=1 | sp=frontier:active d=2.5 age=10 dtg=4.35 region=0_4
ep=1311 s=250 7314ms [sel=3 cap=7203 rest=108] sg=1->1 mode=NONE win=8 obs=251 | cap=wip act=(320,360) d=2.29 a=1 | sp=frontier:active d=2.3 age=11 dtg=4.48 region=0_4
ep=1311 s=251 15397ms [sel=55 cap=15232 rest=109] sg=1->1 mode=NONE win=8 obs=252 | cap=wip act=(320,360) d=3.42 a=3 | sp=frontier:active d=3.4 age=0 dtg=4.48 region=0_4
ep=1311 s=252 8881ms [sel=3 cap=8764 rest=114] sg=1->1 mode=NONE win=8 obs=253 | cap=wip act=(320,360) d=3.42 a=3 | sp=frontier:active d=3.4 age=1 dtg=4.48 region=0_4
ep=1311 s=253 10782ms [sel=3 cap=10645 rest=134] sg=1->1 mode=NONE win=8 obs=254 | cap=wip act=(320,360) d=3.42 a=1 | sp=frontier:active d=3.4 age=2 dtg=4.50 region=0_4
ep=1311 s=254 11148ms [sel=4 cap=10989 rest=154] sg=1->1 mode=NONE win=8 obs=255 | cap=wip act=(320,360) d=3.18 a=3 | sp=frontier:active d=3.2 age=3 dtg=4.50 region=0_4
ep=1311 s=255 11114ms [sel=3 cap=10992 rest=119] sg=1->1 mode=NONE win=8 obs=256 | cap=wip act=(320,360) d=3.18 a=1 | sp=frontier:active d=3.2 age=4 dtg=4.47 region=0_4
ep=1311 s=256 9575ms [sel=4 cap=9447 rest=125] sg=1->1 mode=NONE win=8 obs=257 | cap=wip act=(320,360) d=2.93 a=1 | sp=frontier:active d=2.9 age=5 dtg=4.46 region=0_4
ep=1311 s=257 11967ms [sel=4 cap=11838 rest=125] sg=1->1 mode=NONE win=8 obs=258 | cap=wip act=(320,360) d=2.68 a=1 | sp=frontier:active d=2.7 age=6 dtg=4.47 region=0_4
ep=1311 s=258 10631ms [sel=3 cap=10472 rest=156] sg=1->1 mode=NONE win=8 obs=259 | cap=wip act=(320,360) d=2.43 a=1 | sp=frontier:active d=2.4 age=7 dtg=4.49 region=0_4
ep=1311 s=259 10297ms [sel=3 cap=10168 rest=126] sg=1->1 mode=NONE win=8 obs=260 | cap=wip act=(320,360) d=2.18 a=1 | sp=frontier:active d=2.2 age=8 dtg=4.53 region=0_4
ep=1311 s=260 8951ms [sel=4 cap=8823 rest=125] sg=1->1 mode=NONE win=8 obs=261 | cap=wip act=(320,360) d=1.93 a=1 | sp=frontier:active d=1.9 age=9 dtg=4.59 region=0_4
ep=1311 s=261 7140ms [sel=3 cap=7010 rest=126] sg=1->1 mode=NONE win=8 obs=262 | cap=wip act=(320,360) d=1.68 a=1 | sp=frontier:active d=1.7 age=10 dtg=4.67 region=0_4
ep=1311 s=262 10281ms [sel=89 cap=10066 rest=126] sg=1->1 mode=NONE win=8 obs=263 | cap=wip act=(320,360) d=6.33 a=2 | sp=frontier:active d=6.3 age=0 dtg=4.67 region=0_4
ep=1311 s=263 9652ms [sel=14 cap=9512 rest=125] sg=1->1 mode=NONE win=8 obs=264 | cap=wip act=(320,360) d=6.33 a=2 | sp=frontier:active d=6.3 age=1 dtg=4.67 region=0_4
ep=1311 s=264 5067ms [sel=13 cap=4938 rest=116] sg=1->1 mode=NONE win=8 obs=265 | cap=wip act=(320,360) d=6.33 a=2 | sp=frontier:active d=6.3 age=2 dtg=4.67 region=0_4
ep=1311 s=265 7753ms [sel=14 cap=7626 rest=113] sg=1->1 mode=NONE win=8 obs=266 | cap=wip act=(320,360) d=6.33 a=1 | sp=frontier:active d=6.3 age=3 dtg=4.90 region=0_4
ep=1311 s=266 7096ms [sel=11 cap=6970 rest=115] sg=1->1 mode=NONE win=8 obs=267 | cap=wip act=(320,360) d=6.08 a=1 | sp=frontier:active d=6.1 age=4 dtg=5.14 region=0_4
ep=1311 s=267 6683ms [sel=9 cap=6555 rest=118] sg=1->1 mode=NONE win=8 obs=268 | cap=wip act=(320,360) d=5.83 a=1 | sp=frontier:active d=5.8 age=5 dtg=5.37 region=0_4
ep=1311 s=268 6658ms [sel=8 cap=6540 rest=110] sg=1->1 mode=NONE win=8 obs=269 | cap=wip act=(320,360) d=5.58 a=1 | sp=frontier:active d=5.6 age=6 dtg=5.61 region=0_4
ep=1311 s=269 13930ms [sel=6 cap=13812 rest=112] sg=1->1 mode=NONE win=8 obs=270 | cap=wip act=(320,360) d=5.33 a=1 | sp=frontier:active d=5.3 age=7 dtg=5.85 region=0_4
ep=1311 s=270 10157ms [sel=4 cap=10042 rest=111] sg=1->1 mode=NONE win=8 obs=271 | cap=wip act=(320,360) d=5.08 a=1 | sp=frontier:active d=5.1 age=8 dtg=6.09 region=0_4
ep=1311 s=271 11071ms [sel=3 cap=10951 rest=117] sg=1->1 mode=NONE win=8 obs=272 | cap=wip act=(320,360) d=4.83 a=1 | sp=frontier:active d=4.8 age=9 dtg=6.33 region=0_4
ep=1311 s=272 9238ms [sel=3 cap=9121 rest=114] sg=1->1 mode=NONE win=8 obs=273 | cap=wip act=(320,360) d=4.58 a=1 | sp=frontier:active d=4.6 age=10 dtg=6.57 region=0_4
ep=1311 s=273 7905ms [sel=3 cap=7785 rest=117] sg=1->1 mode=NONE win=8 obs=274 | cap=wip act=(320,360) d=4.33 a=1 | sp=frontier:active d=4.3 age=11 dtg=6.82 region=0_4
ep=1311 s=274 5995ms [sel=3 cap=5879 rest=113] sg=1->1 mode=NONE win=8 obs=275 | cap=wip act=(320,360) d=4.08 a=1 | sp=frontier:active d=4.1 age=12 dtg=7.06 region=0_4
ep=1311 s=275 14239ms [sel=4614 cap=9508 rest=117] sg=1->1 mode=NONE win=8 obs=276 | cap=wip act=(320,360) d=3.02 a=3 | sp=som:active d=3.0 age=0 som=5/8 dtg=7.06 region=0_4
ep=1311 s=276 6787ms [sel=4 cap=6666 rest=117] sg=1->1 mode=NONE win=8 obs=277 | cap=wip act=(320,360) d=3.02 a=1 | sp=som:active d=3.0 age=1 dtg=7.28 region=0_4
ep=1311 s=277 7992ms [sel=4 cap=7872 rest=116] sg=1->1 mode=NONE win=8 obs=278 | cap=wip act=(320,360) d=2.78 a=3 | sp=som:active d=2.8 age=2 dtg=7.28 region=0_4
ep=1311 s=278 6565ms [sel=4 cap=6447 rest=114] sg=1->1 mode=NONE win=8 obs=279 | cap=wip act=(320,360) d=2.78 a=1 | sp=som:active d=2.8 age=3 dtg=7.47 region=0_4
ep=1311 s=279 11648ms [sel=3 cap=11527 rest=117] sg=1->1 mode=NONE win=8 obs=280 | cap=wip act=(320,360) d=2.53 a=2 | sp=som:active d=2.5 age=4 dtg=7.47 region=0_4
ep=1311 s=280 7255ms [sel=3 cap=7134 rest=118] sg=1->1 mode=NONE win=8 obs=281 | cap=wip act=(320,360) d=2.53 a=1 | sp=som:active d=2.5 age=5 dtg=7.70 region=0_4
ep=1311 s=281 11294ms [sel=3 cap=11175 rest=116] sg=1->1 mode=NONE win=8 obs=282 | cap=wip act=(320,360) d=2.28 a=1 | sp=som:active d=2.3 age=6 dtg=7.93 region=0_4
ep=1311 s=282 8734ms [sel=3 cap=8615 rest=117] sg=1->1 mode=NONE win=8 obs=283 | cap=wip act=(320,360) d=2.03 a=1 | sp=som:active d=2.0 age=7 dtg=8.16 region=0_4
ep=1311 s=283 8525ms [sel=3 cap=8397 rest=125] sg=1->1 mode=NONE win=8 obs=284 | cap=wip act=(320,360) d=1.78 a=1 | sp=som:active d=1.8 age=8 dtg=8.40 region=0_4
ep=1311 s=284 5902ms [sel=4 cap=5777 rest=121] sg=1->1 mode=NONE win=8 obs=285 | cap=wip act=(320,360) d=1.54 a=1 | sp=som:active d=1.5 age=9 dtg=8.63 region=0_4
ep=1311 s=285 16690ms [sel=3 cap=16567 rest=119] sg=1->1 mode=NONE win=8 obs=286 | cap=wip act=(320,360) d=1.29 a=3 | sp=som:active d=1.3 age=10 dtg=8.63 region=0_4
ep=1311 s=286 9822ms [sel=3 cap=9703 rest=117] sg=1->1 mode=NONE win=8 obs=287 | cap=wip act=(320,360) d=1.29 a=1 | sp=som:active d=1.3 age=11 dtg=8.84 region=0_4
ep=1311 s=287 13785ms [sel=3 cap=13662 rest=120] sg=1->1 mode=NONE win=8 obs=288 | cap=wip act=(320,360) d=1.04 a=1 | sp=som:active d=1.0 age=12 dtg=9.05 region=0_4
ep=1311 s=288 13288ms [sel=3 cap=13166 rest=119] sg=1->1 mode=NONE win=8 obs=289 | cap=wip act=(320,360) d=0.79 a=1 | sp=som:active d=0.8 age=13 dtg=9.26 region=0_4
ep=1311 s=289 6910ms [sel=3 cap=6783 rest=124] sg=1->1 mode=NONE win=8 obs=290 | cap=wip act=(320,360) d=0.55 a=1 | sp=som:active d=0.5 age=14 dtg=9.47 region=0_4
ep=1311 s=290 17630ms [sel=9026 cap=8481 rest=123] sg=1->1 mode=NONE win=8 obs=291 | cap=wip act=(320,360) d=0.70 a=3 | sp=som:active d=0.7 age=0 som=3/6 dtg=9.47 region=0_4
ep=1311 s=291 16140ms [sel=3 cap=16013 rest=125] sg=1->1 mode=NONE win=8 obs=292 | cap=wip act=(320,360) d=0.70 a=1 | sp=som:active d=0.7 age=1 dtg=9.65 region=0_4
ep=1311 s=292 13029ms [sel=5631 cap=7275 rest=124] sg=1->1 mode=NONE win=8 obs=293 | cap=wip act=(320,360) d=0.89 a=3 | sp=som:active d=0.9 age=0 som=3/6 dtg=9.65 region=0_4
ep=1311 s=293 11514ms [sel=10 cap=11384 rest=120] sg=1->1 mode=TURN_OSCILLATION win=8 obs=294 | cap=wip/TURN_OSCILLATION act=(320,360) d=0.89 a=3 | sp=som:active d=0.9 age=1 dtg=9.65 region=0_4
ep=1311 s=294 10472ms [sel=5 cap=10354 rest=113] sg=1->1 mode=TURN_OSCILLATION win=8 obs=295 | cap=wip/TURN_OSCILLATION act=(320,360) d=0.89 a=3 | sp=som:active d=0.9 age=2 dtg=9.65 region=0_4
ep=1311 s=295 7317ms [sel=5 cap=7209 rest=103] sg=1->1 mode=NONE win=8 obs=296 | cap=wip act=(320,360) d=0.89 a=3 | sp=som:active d=0.9 age=3 dtg=9.65 region=0_4
ep=1311 s=296 7265ms [sel=3 cap=7137 rest=126] sg=1->1 mode=NONE win=8 obs=297 | cap=wip act=(320,360) d=0.89 a=1 | sp=som:active d=0.9 age=4 dtg=9.61 region=0_4
ep=1311 s=297 7198ms [sel=5 cap=7076 rest=118] sg=1->1 mode=NONE win=8 obs=298 | cap=wip act=(320,360) d=0.65 a=1 | sp=som:active d=0.6 age=5 dtg=9.58 region=0_4
ep=1311 s=298 31375ms [sel=24589 cap=6674 rest=112] sg=1->1 mode=NONE win=8 obs=299 | cap=wip act=(320,360) d=0.92 a=3 | sp=som:active d=0.9 age=0 som=2/5 dtg=9.58 region=0_4
ep=1311 s=299 5722ms [sel=4 cap=5606 rest=111] sg=1->1 mode=NONE win=8 obs=300 | cap=wip act=(320,360) d=0.92 a=3 | sp=som:active d=0.9 age=1 dtg=9.58 region=0_4
ep=1311 s=300 19070ms [sel=3 cap=18956 rest=111] sg=1->1 mode=NONE win=8 obs=301 | cap=wip act=(320,360) d=0.92 a=3 | sp=som:active d=0.9 age=2 dtg=9.58 region=0_4
ep=1311 s=301 10405ms [sel=3 cap=10291 rest=110] sg=1->1 mode=NONE win=8 obs=302 | cap=wip act=(320,360) d=0.92 a=1 | sp=som:active d=0.9 age=3 dtg=9.41 region=0_4
ep=1311 s=302 10478ms [sel=4 cap=10355 rest=119] sg=1->1 mode=NONE win=8 obs=303 | cap=wip act=(320,360) d=0.67 a=1 | sp=som:active d=0.7 age=4 dtg=9.25 region=0_4
ep=1311 s=303 15057ms [sel=7006 cap=7927 rest=125] sg=1->1 mode=NONE win=8 obs=304 | cap=wip act=(320,360) d=1.27 a=3 | sp=som:active d=1.3 age=0 som=2/8 dtg=9.25 region=0_4
ep=1311 s=304 8115ms [sel=3 cap=7996 rest=117] sg=1->1 mode=NONE win=8 obs=305 | cap=wip act=(320,360) d=1.27 a=3 | sp=som:active d=1.3 age=1 dtg=9.25 region=0_4
ep=1311 s=305 11529ms [sel=3 cap=11408 rest=118] sg=1->1 mode=NONE win=8 obs=306 | cap=wip act=(320,360) d=1.27 a=3 | sp=som:active d=1.3 age=2 dtg=9.25 region=0_4
ep=1311 s=306 6633ms [sel=3 cap=6476 rest=154] sg=1->1 mode=NONE win=8 obs=307 | cap=wip act=(320,360) d=1.27 a=1 | sp=som:active d=1.3 age=3 dtg=9.00 region=0_4
ep=1311 s=307 12419ms [sel=3 cap=12287 rest=128] sg=1->1 mode=NONE win=8 obs=308 | cap=wip act=(320,360) d=1.02 a=3 | sp=som:active d=1.0 age=4 dtg=9.00 region=0_4
ep=1311 s=308 6735ms [sel=4 cap=6603 rest=128] sg=1->1 mode=NONE win=8 obs=309 | cap=wip act=(320,360) d=1.02 a=1 | sp=som:active d=1.0 age=5 dtg=8.75 region=0_4
ep=1311 s=309 8396ms [sel=3 cap=8270 rest=123] sg=1->1 mode=NONE win=8 obs=310 | cap=wip act=(320,360) d=0.78 a=1 | sp=som:active d=0.8 age=6 dtg=8.50 region=0_4
ep=1311 s=310 11556ms [sel=4 cap=11429 rest=123] sg=1->1 mode=NONE win=8 obs=311 | cap=wip act=(320,360) d=0.55 a=2 | sp=som:active d=0.6 age=7 dtg=8.50 region=0_4
ep=1311 s=311 9835ms [sel=3 cap=9716 rest=116] sg=1->1 mode=NONE win=8 obs=312 | cap=wip act=(320,360) d=0.55 a=1 | sp=som:active d=0.6 age=8 dtg=8.25 region=0_4
ep=1311 s=312 9223ms [sel=2230 cap=6869 rest=124] sg=1->1 mode=NONE win=8 obs=313 | cap=wip act=(320,360) d=3.06 a=3 | sp=som:active d=3.1 age=0 som=5/7 dtg=8.25 region=0_4
ep=1311 s=313 6909ms [sel=3 cap=6784 rest=122] sg=1->1 mode=NONE win=8 obs=314 | cap=wip act=(320,360) d=3.06 a=3 | sp=som:active d=3.1 age=1 dtg=8.25 region=0_4
ep=1311 s=314 8299ms [sel=3 cap=8181 rest=115] sg=1->1 mode=NONE win=8 obs=315 | cap=wip act=(320,360) d=3.06 a=1 | sp=som:active d=3.1 age=2 dtg=8.03 region=0_4
ep=1311 s=315 7970ms [sel=3 cap=7851 rest=116] sg=1->1 mode=NONE win=8 obs=316 | cap=wip act=(320,360) d=2.81 a=1 | sp=som:active d=2.8 age=3 dtg=7.82 region=0_4
ep=1311 s=316 10937ms [sel=4 cap=10823 rest=111] sg=1->1 mode=NONE win=8 obs=317 | cap=wip act=(320,360) d=2.57 a=1 | sp=som:active d=2.6 age=4 dtg=7.64 region=0_4
ep=1311 s=317 7422ms [sel=3 cap=7310 rest=109] sg=1->1 mode=NONE win=8 obs=318 | cap=wip act=(320,360) d=2.33 a=1 | sp=som:active d=2.3 age=5 dtg=7.47 region=0_4
ep=1311 s=318 8756ms [sel=3 cap=8648 rest=105] sg=1->1 mode=NONE win=8 obs=319 | cap=wip act=(320,360) d=2.08 a=1 | sp=som:active d=2.1 age=6 dtg=7.30 region=0_4
ep=1311 s=319 12471ms [sel=3 cap=12355 rest=113] sg=1->1 mode=NONE win=8 obs=320 | cap=wip act=(320,360) d=1.84 a=1 | sp=som:active d=1.8 age=7 dtg=7.14 region=0_4
ep=1311 s=320 10451ms [sel=3 cap=10342 rest=106] sg=1->1 mode=NONE win=8 obs=321 | cap=wip act=(320,360) d=1.60 a=2 | sp=som:active d=1.6 age=8 dtg=7.14 region=0_4
ep=1311 s=321 9664ms [sel=3 cap=9547 rest=114] sg=1->1 mode=NONE win=8 obs=322 | cap=wip act=(320,360) d=1.60 a=1 | sp=som:active d=1.6 age=9 dtg=6.95 region=0_4
ep=1311 s=322 9587ms [sel=4 cap=9474 rest=109] sg=1->1 mode=NONE win=8 obs=323 | cap=wip act=(320,360) d=1.36 a=1 | sp=som:active d=1.4 age=10 dtg=6.75 region=0_4
ep=1311 s=323 5839ms [sel=3 cap=5726 rest=110] sg=1->1 mode=NONE win=8 obs=324 | cap=wip act=(320,360) d=1.11 a=1 | sp=som:active d=1.1 age=11 dtg=6.57 region=0_4
ep=1311 s=324 7997ms [sel=4 cap=7881 rest=112] sg=1->1 mode=NONE win=8 obs=325 | cap=wip act=(320,360) d=0.86 a=1 | sp=som:active d=0.9 age=12 dtg=6.39 region=0_4
ep=1311 s=325 13436ms [sel=86 cap=13245 rest=105] sg=1->1 mode=NONE win=8 obs=326 | cap=wip act=(320,360) d=6.87 a=2 | sp=frontier:active d=6.9 age=0 dtg=6.39 region=0_4
ep=1311 s=326 9258ms [sel=25 cap=9124 rest=109] sg=1->1 mode=NONE win=8 obs=327 | cap=wip act=(320,360) d=6.87 a=2 | sp=frontier:active d=6.9 age=1 dtg=6.39 region=0_4
ep=1311 s=327 11283ms [sel=24 cap=11141 rest=118] sg=1->1 mode=NONE win=8 obs=328 | cap=wip act=(320,360) d=6.87 a=1 | sp=frontier:active d=6.9 age=2 dtg=6.14 region=0_4
ep=1311 s=328 13341ms [sel=23 cap=13201 rest=118] sg=1->1 mode=NONE win=8 obs=329 | cap=wip act=(320,360) d=6.66 a=1 | sp=frontier:active d=6.7 age=3 dtg=5.90 region=0_4
ep=1311 s=329 12242ms [sel=21 cap=12104 rest=118] sg=1->1 mode=NONE win=8 obs=330 | cap=wip act=(320,360) d=6.46 a=1 | sp=frontier:active d=6.5 age=4 dtg=5.66 region=0_4
ep=1311 s=330 7892ms [sel=18 cap=7758 rest=115] sg=1->1 mode=NONE win=8 obs=331 | cap=wip act=(320,360) d=6.25 a=1 | sp=frontier:active d=6.3 age=5 dtg=5.43 region=0_4
ep=1311 s=331 8559ms [sel=15 cap=8427 rest=117] sg=1->1 mode=NONE win=8 obs=332 | cap=wip act=(320,360) d=6.05 a=1 | sp=frontier:active d=6.1 age=6 dtg=5.19 region=0_4
ep=1311 s=332 9660ms [sel=12 cap=9529 rest=120] sg=1->1 mode=NONE win=8 obs=333 | cap=wip act=(320,360) d=5.86 a=1 | sp=frontier:active d=5.9 age=7 dtg=4.96 region=0_4
ep=1311 s=333 5543ms [sel=9 cap=5419 rest=115] sg=1->1 mode=NONE win=8 obs=334 | cap=wip act=(320,360) d=5.67 a=1 | sp=frontier:active d=5.7 age=8 dtg=4.73 region=0_4
ep=1311 s=334 4289ms [sel=7 cap=4168 rest=113] sg=1->1 mode=NONE win=8 obs=335 | cap=wip act=(320,360) d=5.48 a=1 | sp=frontier:active d=5.5 age=9 dtg=4.50 region=0_4
ep=1311 s=335 11699ms [sel=10 cap=11574 rest=115] sg=1->1 mode=NONE win=8 obs=336 | cap=wip act=(320,360) d=5.30 a=1 | sp=frontier:active d=5.3 age=10 dtg=4.28 region=0_4
ep=1311 s=336 6269ms [sel=10 cap=6146 rest=113] sg=1->1 mode=NONE win=8 obs=337 | cap=wip act=(320,360) d=5.12 a=1 | sp=frontier:active d=5.1 age=11 dtg=4.06 region=0_4
ep=1311 s=337 14506ms [sel=13 cap=14379 rest=114] sg=1->1 mode=NONE win=8 obs=338 | cap=wip act=(320,360) d=4.95 a=1 | sp=frontier:active d=5.0 age=12 dtg=3.85 region=0_4
ep=1311 s=338 5934ms [sel=14 cap=5803 rest=116] sg=1->1 mode=NONE win=8 obs=339 | cap=wip act=(320,360) d=4.79 a=2 | sp=frontier:active d=4.8 age=13 dtg=3.85 region=0_4
ep=1311 s=339 9181ms [sel=4 cap=9054 rest=123] sg=1->1 mode=NONE win=8 obs=340 | cap=wip act=(320,360) d=4.79 a=1 | sp=frontier:active d=4.8 age=14 dtg=3.62 region=0_4
ep=1311 s=340 12035ms [sel=81 cap=11832 rest=122] sg=1->1 mode=NONE win=8 obs=341 | cap=wip act=(320,360) d=8.80 a=3 | sp=frontier:active d=8.8 age=0 dtg=3.62 region=0_4
ep=1311 s=341 8485ms [sel=24 cap=8346 rest=114] sg=1->1 mode=NONE win=8 obs=342 | cap=wip act=(320,360) d=8.80 a=3 | sp=frontier:active d=8.8 age=1 dtg=3.62 region=0_4
ep=1311 s=342 10762ms [sel=26 cap=10621 rest=115] sg=1->1 mode=NONE win=8 obs=343 | cap=wip act=(320,360) d=8.80 a=1 | sp=frontier:active d=8.8 age=2 dtg=3.47 region=0_4
ep=1311 s=343 14177ms [sel=23 cap=14040 rest=113] sg=1->1 mode=NONE win=8 obs=344 | cap=wip act=(320,360) d=8.56 a=1 | sp=frontier:active d=8.6 age=3 dtg=3.34 region=0_4
ep=1311 s=344 10819ms [sel=22 cap=10686 rest=112] sg=1->1 mode=NONE win=8 obs=345 | cap=wip act=(320,360) d=8.32 a=1 | sp=frontier:active d=8.3 age=4 dtg=3.23 region=0_4
ep=1311 s=345 14261ms [sel=21 cap=14098 rest=141] sg=1->1 mode=NONE win=8 obs=346 | cap=wip act=(320,360) d=8.08 a=1 | sp=frontier:active d=8.1 age=5 dtg=3.14 region=0_4
ep=1311 s=346 7710ms [sel=19 cap=7585 rest=106] sg=1->1 mode=NONE win=8 obs=347 | cap=wip act=(320,360) d=7.84 a=2 | sp=frontier:active d=7.8 age=6 dtg=3.14 region=0_4
ep=1311 s=347 15625ms [sel=19 cap=15495 rest=111] sg=1->1 mode=NONE win=8 obs=348 | cap=wip act=(320,360) d=7.84 a=1 | sp=frontier:active d=7.8 age=7 dtg=3.00 region=0_4
ep=1311 s=348 12287ms [sel=18 cap=12155 rest=113] sg=1->1 mode=NONE win=8 obs=349 | cap=wip act=(320,360) d=7.63 a=1 | sp=frontier:active d=7.6 age=8 dtg=2.88 region=0_4
ep=1311 s=349 10415ms [sel=17 cap=10280 rest=117] sg=1->1 mode=NONE win=8 obs=350 | cap=wip act=(320,360) d=7.42 a=1 | sp=frontier:active d=7.4 age=9 dtg=2.78 region=0_4
ep=1311 s=350 10953ms [sel=18 cap=10791 rest=144] sg=1->1 mode=NONE win=8 obs=351 | cap=wip act=(320,360) d=7.22 a=1 | sp=frontier:active d=7.2 age=10 dtg=2.70 region=0_4
ep=1311 s=351 7484ms [sel=21 cap=7320 rest=142] sg=1->1 mode=NONE win=8 obs=352 | cap=wip act=(320,360) d=7.02 a=1 | sp=frontier:active d=7.0 age=11 dtg=2.64 region=0_4
ep=1311 s=352 9522ms [sel=13 cap=9393 rest=115] sg=1->1 mode=NONE win=8 obs=353 | cap=wip act=(320,360) d=6.82 a=1 | sp=frontier:active d=6.8 age=12 dtg=2.60 region=0_4
ep=1311 s=353 5901ms [sel=14 cap=5746 rest=141] sg=1->1 mode=NONE win=8 obs=354 | cap=wip act=(320,360) d=6.62 a=1 | sp=frontier:active d=6.6 age=13 dtg=2.59 region=0_4
ep=1311 s=354 8472ms [sel=2817 cap=5538 rest=117] sg=1->1 mode=NONE win=8 obs=355 | cap=wip act=(320,360) d=2.88 a=3 | sp=som:active d=2.9 age=0 som=2/8 dtg=2.59 region=0_4
ep=1311 s=355 7251ms [sel=3 cap=7127 rest=122] sg=1->1 mode=NONE win=8 obs=356 | cap=wip act=(320,360) d=2.88 a=3 | sp=som:active d=2.9 age=1 dtg=2.59 region=0_4
ep=1311 s=356 12692ms [sel=3 cap=12576 rest=112] sg=1->1 mode=NONE win=8 obs=357 | cap=wip act=(320,360) d=2.88 a=1 | sp=som:active d=2.9 age=2 dtg=2.72 region=0_4
ep=1311 s=357 7070ms [sel=4 cap=6949 rest=118] sg=1->1 mode=NONE win=8 obs=358 | cap=wip act=(320,360) d=2.63 a=1 | sp=som:active d=2.6 age=3 dtg=2.87 region=0_4
ep=1311 s=358 11888ms [sel=3 cap=11759 rest=127] sg=1->1 mode=NONE win=8 obs=359 | cap=wip act=(320,360) d=2.38 a=1 | sp=som:active d=2.4 age=4 dtg=3.03 region=0_4
ep=1311 s=359 15788ms [sel=3 cap=15673 rest=112] sg=1->1 mode=NONE win=8 obs=360 | cap=wip act=(320,360) d=2.13 a=1 | sp=som:active d=2.1 age=5 dtg=3.20 region=0_4
ep=1311 s=360 8591ms [sel=3 cap=8474 rest=113] sg=1->1 mode=NONE win=8 obs=361 | cap=wip act=(320,360) d=1.89 a=1 | sp=som:active d=1.9 age=6 dtg=3.38 region=0_4
ep=1311 s=361 8036ms [sel=4 cap=7914 rest=119] sg=1->1 mode=NONE win=8 obs=362 | cap=wip act=(320,360) d=1.64 a=1 | sp=som:active d=1.6 age=7 dtg=3.57 region=0_4
ep=1311 s=362 5321ms [sel=4 cap=5194 rest=124] sg=1->1 mode=NONE win=8 obs=363 | cap=wip act=(320,360) d=1.39 a=1 | sp=som:active d=1.4 age=8 dtg=3.77 region=0_4
ep=1311 s=363 9247ms [sel=4 cap=9117 rest=126] sg=1->1 mode=NONE win=8 obs=364 | cap=wip act=(320,360) d=1.14 a=2 | sp=som:active d=1.1 age=9 dtg=3.77 region=0_4
ep=1311 s=364 12707ms [sel=5 cap=12575 rest=128] sg=1->1 mode=NONE win=8 obs=365 | cap=wip act=(320,360) d=1.14 a=1 | sp=som:active d=1.1 age=10 dtg=3.93 region=0_4
ep=1311 s=365 5565ms [sel=3 cap=5438 rest=124] sg=1->1 mode=NONE win=8 obs=366 | cap=wip act=(320,360) d=0.89 a=1 | sp=som:active d=0.9 age=11 dtg=4.10 region=0_4
ep=1311 s=366 14694ms [sel=3 cap=14564 rest=127] sg=1->1 mode=NONE win=8 obs=367 | cap=wip act=(320,360) d=0.65 a=1 | sp=som:active d=0.6 age=12 dtg=4.27 region=0_4
ep=1311 s=367 10965ms [sel=79 cap=10759 rest=127] sg=1->1 mode=NONE win=8 obs=368 | cap=wip act=(320,360) d=4.79 a=2 | sp=frontier:active d=4.8 age=0 dtg=4.27 region=0_4
ep=1311 s=368 12966ms [sel=34 cap=12807 rest=126] sg=1->1 mode=NONE win=8 obs=369 | cap=wip act=(320,360) d=4.79 a=2 | sp=frontier:active d=4.8 age=1 dtg=4.27 region=0_4
ep=1311 s=369 16734ms [sel=35 cap=16578 rest=121] sg=1->1 mode=NONE win=8 obs=370 | cap=wip act=(320,360) d=4.79 a=2 | sp=frontier:active d=4.8 age=2 dtg=4.27 region=0_4
ep=1311 s=370 10224ms [sel=35 cap=10056 rest=133] sg=1->1 mode=NONE win=8 obs=371 | cap=wip act=(320,360) d=4.79 a=2 | sp=frontier:active d=4.8 age=3 dtg=4.27 region=0_4
ep=1311 s=371 11067ms [sel=33 cap=10906 rest=128] sg=1->1 mode=NONE win=8 obs=372 | cap=wip act=(320,360) d=4.79 a=2 | sp=frontier:active d=4.8 age=4 dtg=4.27 region=0_4
ep=1311 s=372 7562ms [sel=34 cap=7404 rest=123] sg=1->1 mode=NONE win=8 obs=373 | cap=wip act=(320,360) d=4.79 a=2 | sp=frontier:active d=4.8 age=5 dtg=4.27 region=0_4
ep=1311 s=373 7206ms [sel=36 cap=7049 rest=121] sg=1->1 mode=NONE win=8 obs=374 | cap=wip act=(320,360) d=4.79 a=2 | sp=frontier:active d=4.8 age=6 dtg=4.27 region=0_4
ep=1311 s=374 5094ms [sel=4 cap=4955 rest=135] sg=1->1 mode=NONE win=8 obs=375 | cap=wip act=(320,360) d=4.79 a=2 | sp=frontier:active d=4.8 age=7 dtg=4.27 region=0_4
ep=1311 s=375 11341ms [sel=4 cap=11210 rest=127] sg=1->1 mode=NONE win=8 obs=376 | cap=wip act=(320,360) d=4.79 a=1 | sp=frontier:active d=4.8 age=8 dtg=4.03 region=0_4
ep=1311 s=376 9542ms [sel=3 cap=9409 rest=130] sg=1->1 mode=NONE win=8 obs=377 | cap=wip act=(320,360) d=4.54 a=1 | sp=frontier:active d=4.5 age=9 dtg=3.80 region=0_4
ep=1311 s=377 7248ms [sel=4 cap=7120 rest=123] sg=1->1 mode=NONE win=8 obs=378 | cap=wip act=(320,360) d=4.29 a=1 | sp=frontier:active d=4.3 age=10 dtg=3.56 region=0_4
ep=1311 s=378 10184ms [sel=3 cap=10060 rest=121] sg=1->1 mode=NONE win=8 obs=379 | cap=wip act=(320,360) d=4.04 a=1 | sp=frontier:active d=4.0 age=11 dtg=3.33 region=0_4
ep=1311 s=379 7613ms [sel=4 cap=7483 rest=127] sg=1->1 mode=NONE win=8 obs=380 | cap=wip act=(320,360) d=3.79 a=2 | sp=frontier:active d=3.8 age=12 dtg=3.33 region=0_4
ep=1311 s=380 9312ms [sel=3 cap=9182 rest=126] sg=1->1 mode=NONE win=8 obs=381 | cap=wip act=(320,360) d=3.79 a=1 | sp=frontier:active d=3.8 age=13 dtg=3.08 region=0_4
ep=1311 s=381 8987ms [sel=3 cap=8857 rest=127] sg=1->1 mode=NONE win=8 obs=382 | cap=wip act=(320,360) d=3.56 a=1 | sp=frontier:active d=3.6 age=14 dtg=2.83 region=0_4
ep=1311 s=382 7635ms [sel=4 cap=7508 rest=123] sg=1->1 mode=NONE win=8 obs=383 | cap=wip act=(320,360) d=3.32 a=2 | sp=frontier:active d=3.3 age=15 dtg=2.83 region=0_4
ep=1311 s=383 9999ms [sel=4 cap=9871 rest=124] sg=1->1 mode=NONE win=8 obs=384 | cap=wip act=(320,360) d=3.32 a=1 | sp=frontier:active d=3.3 age=16 dtg=2.58 region=0_4
ep=1311 s=384 10669ms [sel=47 cap=10492 rest=129] sg=1->1 mode=NONE win=8 obs=385 | cap=wip act=(320,360) d=3.20 a=1 | sp=frontier:active d=3.2 age=0 dtg=2.33 region=0_4
ep=1311 s=385 10544ms [sel=6 cap=10413 rest=125] sg=1->1 mode=NONE win=8 obs=386 | cap=wip act=(320,360) d=3.02 a=1 | sp=frontier:active d=3.0 age=1 dtg=2.09 region=0_4
ep=1311 s=386 8963ms [sel=5 cap=8837 rest=121] sg=1->1 mode=NONE win=8 obs=387 | cap=wip act=(320,360) d=2.85 a=1 | sp=frontier:active d=2.9 age=2 dtg=1.84 region=0_4
ep=1311 s=387 5688ms [sel=4 cap=5557 rest=126] sg=1->1 mode=NONE win=8 obs=388 | cap=wip act=(320,360) d=2.69 a=1 | sp=frontier:active d=2.7 age=3 dtg=1.60 region=0_4
ep=1311 s=388 7412ms [sel=4 cap=7282 rest=127] sg=1->1 mode=NONE win=8 obs=389 | cap=wip act=(320,360) d=2.55 a=1 | sp=frontier:active d=2.5 age=4 dtg=1.36 region=0_4
ep=1311 s=389 7872ms [sel=6 cap=7742 rest=124] sg=1->1 mode=NONE win=8 obs=390 | cap=wip act=(320,360) d=2.42 a=1 | sp=frontier:active d=2.4 age=5 dtg=1.12 region=0_4
ep=1311 s=390 7843ms [sel=10 cap=7707 rest=125] sg=1->1 mode=NONE win=8 obs=391 | cap=wip act=(320,360) d=2.31 a=3 | sp=frontier:active d=2.3 age=6 dtg=1.12 region=0_4
ep=1311 s=391 9956ms [sel=4 cap=9830 rest=121] sg=1->1 mode=NONE win=8 obs=392 | cap=wip act=(320,360) d=2.31 a=1 | sp=frontier:active d=2.3 age=7 dtg=0.87 region=0_4
ep=1311 s=392 11124ms [sel=6 cap=10983 rest=135] sg=1->1 mode=NONE win=8 obs=393 | cap=wip act=(320,360) d=2.17 a=3 | sp=frontier:active d=2.2 age=8 dtg=0.87 region=0_4
ep=1311 s=393 5830ms [sel=6 cap=5700 rest=124] sg=1->1 mode=NONE win=8 obs=394 | cap=wip act=(320,360) d=2.17 a=1 | sp=frontier:active d=2.2 age=9 dtg=0.63 region=0_4
ep=1311 s=394 8851ms [sel=7 cap=8719 rest=125] sg=1->1 mode=NONE win=8 obs=395 | cap=wip act=(320,360) d=1.99 a=1 | sp=frontier:active d=2.0 age=10 dtg=0.39 region=0_4
ep=1311 s=395 7352ms [sel=8 cap=7214 rest=129] sg=1->1 mode=NONE win=8 obs=396 | cap=wip act=(320,360) d=1.83 a=3 | sp=frontier:active d=1.8 age=11 dtg=0.39 region=0_4
ep=1311 s=396 13142ms [sel=4 cap=13008 rest=131] sg=1->1 mode=NONE win=8 obs=397 | cap=wip act=(320,360) d=1.83 a=1 | sp=frontier:active d=1.8 age=12 dtg=0.23 region=0_14
ep=1311 s=397 7165ms [sel=6 cap=7028 rest=131] sg=1->1 mode=NONE win=8 obs=398 | cap=wip act=(320,360) d=1.64 a=3 | sp=frontier:active d=1.6 age=13 dtg=0.23 region=0_14
ep=1311 s=398 9561ms [sel=3 cap=9419 rest=139] sg=1->1 mode=NONE win=8 obs=399 | cap=wip act=(320,360) d=1.64 a=1 | sp=frontier:active d=1.6 age=14 dtg=0.33 region=0_14
ep=1311 s=399 10349ms [sel=6 cap=10203 rest=140] sg=1->1 mode=NONE win=8 obs=400 | cap=wip act=(320,360) d=1.43 a=1 | sp=frontier:active d=1.4 age=15 dtg=0.54 region=0_14
ep=1311 s=400 10176ms [sel=2762 cap=7253 rest=161] sg=1->1 mode=NONE win=8 obs=401 | cap=wip act=(320,360) d=3.14 a=1 | sp=som:active d=3.1 age=0 som=5/8 dtg=0.77 region=0_5
ep=1311 s=401 6312ms [sel=4 cap=6173 rest=135] sg=1->1 mode=NONE win=8 obs=402 | cap=wip act=(320,360) d=2.89 a=1 | sp=som:active d=2.9 age=1 dtg=1.01 region=0_5
ep=1311 s=402 7440ms [sel=4 cap=7302 rest=135] sg=1->1 mode=NONE win=8 obs=403 | cap=wip act=(320,360) d=2.64 a=1 | sp=som:active d=2.6 age=2 dtg=1.26 region=0_5
ep=1311 s=403 9566ms [sel=3 cap=9433 rest=130] sg=1->1 mode=NONE win=8 obs=404 | cap=wip act=(320,360) d=2.39 a=1 | sp=som:active d=2.4 age=3 dtg=1.51 region=0_5
ep=1311 s=404 7867ms [sel=4 cap=7738 rest=125] sg=1->1 mode=NONE win=8 obs=405 | cap=wip act=(320,360) d=2.14 a=2 | sp=som:active d=2.1 age=4 dtg=1.51 region=0_5
ep=1311 s=405 17226ms [sel=4 cap=17073 rest=149] sg=1->1 mode=NONE win=8 obs=406 | cap=wip act=(320,360) d=2.14 a=1 | sp=som:active d=2.1 age=5 dtg=1.74 region=0_5
ep=1311 s=406 7032ms [sel=3 cap=6907 rest=123] sg=1->1 mode=NONE win=8 obs=407 | cap=wip act=(320,360) d=1.90 a=1 | sp=som:active d=1.9 age=6 dtg=1.97 region=0_5
ep=1311 s=407 8628ms [sel=3 cap=8499 rest=126] sg=1->1 mode=NONE win=8 obs=408 | cap=wip act=(320,360) d=1.67 a=3 | sp=som:active d=1.7 age=7 dtg=1.97 region=0_5
ep=1311 s=408 8722ms [sel=3 cap=8595 rest=124] sg=1->1 mode=NONE win=8 obs=409 | cap=wip act=(320,360) d=1.67 a=1 | sp=som:active d=1.7 age=8 dtg=2.22 region=0_5
ep=1311 s=409 5495ms [sel=4 cap=5369 rest=123] sg=1->1 mode=NONE win=8 obs=410 | cap=wip act=(320,360) d=1.42 a=1 | sp=som:active d=1.4 age=9 dtg=2.47 region=0_5
ep=1311 s=410 12815ms [sel=3 cap=12689 rest=123] sg=1->1 mode=NONE win=8 obs=411 | cap=wip act=(320,360) d=1.18 a=1 | sp=som:active d=1.2 age=10 dtg=2.69 region=0_5
ep=1311 s=411 9628ms [sel=5 cap=9496 rest=127] sg=1->1 mode=NONE win=8 obs=412 | cap=wip act=(320,360) d=0.98 a=1 | sp=som:active d=1.0 age=11 dtg=2.95 region=0_5
ep=1311 s=412 8347ms [sel=4 cap=8214 rest=129] sg=1->1 mode=NONE win=8 obs=413 | cap=wip act=(320,360) d=0.77 a=1 | sp=som:active d=0.8 age=12 dtg=2.96 region=0_5
ep=1311 s=413 10774ms [sel=0 cap=10401 rest=374] sg=1->1 mode=NONE win=8 obs=414 | cap=wip act=TURN request=-45deg execute=-15deg x1 a=2 | sp=som:active d=0.8 age=13 ovr=6 dtg=2.96 region=0_5
ep=1311 s=414 12005ms [sel=0 cap=11882 rest=123] sg=1->1 mode=NONE win=8 obs=415 | cap=wip act=TURN request=-45deg execute=-15deg x1 a=2 | sp=som:active d=0.8 age=14 ovr=6 dtg=2.96 region=0_5
ep=1311 s=415 11690ms [sel=0 cap=11563 rest=127] sg=1->1 mode=NONE win=8 obs=416 | cap=wip act=TURN request=-45deg execute=-15deg x1 a=2 | sp=som:active d=0.8 age=15 ovr=6 dtg=2.96 region=0_5
ep=1311 s=416 13481ms [sel=0 cap=13328 rest=153] sg=1->1 mode=NONE win=8 obs=417 | cap=wip act=TURN request=-45deg execute=-15deg x1 a=2 | sp=som:active d=0.8 age=16 ovr=6 dtg=2.96 region=0_5
ep=1311 s=417 8895ms [sel=0 cap=8764 rest=131] sg=1->1 mode=NONE win=8 obs=418 | cap=wip act=TURN request=-45deg execute=-15deg x1 a=2 | sp=som:active d=0.8 age=17 ovr=6 dtg=2.96 region=0_5
ep=1311 s=418 7805ms [sel=0 cap=7678 rest=127] sg=1->1 mode=NONE win=8 obs=419 | cap=wip act=TURN request=-45deg execute=-15deg x1 a=2 | sp=som:passed d=0.8 age=18 ovr=6 dtg=2.96 region=0_5
ep=1311 s=419 9449ms [sel=0 cap=9321 rest=128] sg=1->1 mode=NONE win=8 obs=420 | cap=wip act=TURN request=-45deg execute=-15deg x1 a=2 | sp=som:passed d=0.8 age=19 ovr=6 dtg=2.96 region=0_5
ep=1311 s=420 9557ms [sel=0 cap=9426 rest=132] sg=1->1 mode=NONE win=8 obs=421 | cap=wip act=TURN request=-45deg execute=-15deg x1 a=2 | sp=som:passed d=0.8 age=20 ovr=6 dtg=2.96 region=0_5
ep=1311 s=421 9535ms [sel=0 cap=9400 rest=135] sg=1->1 mode=NONE win=8 obs=422 | cap=wip act=TURN request=-45deg execute=-15deg x1 a=2 | sp=som:passed d=0.8 age=21 ovr=6 dtg=2.96 region=0_5
ep=1311 s=422 10847ms [sel=0 cap=10725 rest=122] sg=1->1 mode=NONE win=8 obs=423 | cap=wip act=TURN request=-45deg execute=-15deg x1 a=2 | sp=som:passed d=0.8 age=22 ovr=6 dtg=2.96 region=0_5
ep=1311 s=423 8138ms [sel=0 cap=8013 rest=125] sg=1->1 mode=NONE win=8 obs=424 | cap=wip act=TURN request=-45deg execute=-15deg x1 a=2 | sp=som:passed d=0.8 age=23 ovr=6 dtg=2.96 region=0_5
ep=1311 s=424 8038ms [sel=0 cap=7915 rest=124] sg=1->1 mode=NONE win=8 obs=425 | cap=wip act=TURN request=-45deg execute=-15deg x1 a=2 | sp=som:passed d=0.8 age=24 ovr=6 dtg=2.96 region=0_5
ep=1311 s=425 18086ms [sel=8406 cap=9556 rest=125] sg=1->1 mode=NONE win=8 obs=426 | cap=wip act=(320,360) d=2.72 a=1 | sp=som:active d=2.7 age=0 som=1/8 dtg=2.71 region=0_5
ep=1311 s=426 8691ms [sel=3 cap=8560 rest=128] sg=1->1 mode=NONE win=8 obs=427 | cap=wip act=(320,360) d=2.47 a=3 | sp=som:active d=2.5 age=1 dtg=2.71 region=0_5
ep=1311 s=427 9504ms [sel=4 cap=9365 rest=135] sg=1->1 mode=NONE win=8 obs=428 | cap=wip act=(320,360) d=2.47 a=1 | sp=som:active d=2.5 age=2 dtg=2.47 region=0_5
ep=1311 s=428 10880ms [sel=4 cap=10712 rest=164] sg=1->1 mode=NONE win=8 obs=429 | cap=wip act=(320,360) d=2.23 a=1 | sp=som:active d=2.2 age=3 dtg=2.23 region=0_5
ep=1311 s=429 12509ms [sel=5 cap=12374 rest=130] sg=1->1 mode=NONE win=8 obs=430 | cap=wip act=(320,360) d=1.98 a=2 | sp=som:active d=2.0 age=4 dtg=2.23 region=0_5
ep=1311 s=430 13089ms [sel=3 cap=12948 rest=137] sg=1->1 mode=NONE win=8 obs=431 | cap=wip act=(320,360) d=1.98 a=1 | sp=som:active d=2.0 age=5 dtg=1.98 region=0_5
ep=1311 s=431 9508ms [sel=3 cap=9379 rest=127] sg=1->1 mode=NONE win=8 obs=432 | cap=wip act=(320,360) d=1.73 a=1 | sp=som:active d=1.7 age=6 dtg=1.73 region=0_5
ep=1311 s=432 9861ms [sel=4 cap=9736 rest=121] sg=1->1 mode=NONE win=8 obs=433 | cap=wip act=(320,360) d=1.48 a=1 | sp=som:active d=1.5 age=7 dtg=1.49 region=0_5
ep=1311 s=433 7487ms [sel=5 cap=7361 rest=122] sg=1->1 mode=NONE win=8 obs=434 | cap=wip act=(320,360) d=1.23 a=1 | sp=som:active d=1.2 age=8 dtg=1.24 region=0_5
ep=1311 s=434 9193ms [sel=3 cap=9067 rest=123] sg=1->1 mode=NONE win=8 obs=435 | cap=wip act=(320,360) d=0.99 a=1 | sp=som:active d=1.0 age=9 dtg=0.99 region=0_5
ep=1311 s=435 7607ms [sel=4 cap=7479 rest=124] sg=1->1 mode=NONE win=8 obs=436 | cap=wip act=(320,360) d=0.74 a=1 | sp=som:active d=0.7 age=10 dtg=0.75 region=0_5
ep=1311 s=436 16183ms [sel=6677 cap=9383 rest=122] sg=1->1 mode=NONE win=8 obs=437 | cap=wip act=(320,360) d=3.23 a=1 | sp=som:active d=3.2 age=0 som=5/8 dtg=0.51 region=0_14
ep=1311 s=437 13611ms [sel=5 cap=13483 rest=123] sg=1->1 mode=NONE win=8 obs=438 | cap=wip act=(320,360) d=3.02 a=1 | sp=som:active d=3.0 age=1 dtg=0.30 region=0_14
ep=1311 s=438 11611ms [sel=3 cap=11489 rest=119] sg=1->1 mode=NONE win=8 obs=439 | cap=wip act=(320,360) d=2.81 a=1 | sp=som:active d=2.8 age=2 dtg=0.20 region=0_14
ep=1311 s=439 12480ms [sel=4 cap=12354 rest=122] sg=1->1 mode=NONE win=8 obs=440 | cap=wip act=(320,360) d=2.60 a=1 | sp=som:active d=2.6 age=3 dtg=0.34 region=0_4
ep=1311 s=440 10186ms [sel=5 cap=10066 rest=115] sg=1->1 mode=NONE win=8 obs=441 | cap=wip act=(320,360) d=2.41 a=1 | sp=som:active d=2.4 age=4 dtg=0.56 region=0_4
ep=1311 s=441 9512ms [sel=8 cap=9401 rest=103] sg=1->1 mode=NONE win=8 obs=442 | cap=wip act=(320,360) d=2.22 a=1 | sp=som:active d=2.2 age=5 dtg=0.80 region=0_4
ep=1311 s=442 11474ms [sel=11 cap=11358 rest=105] sg=1->1 mode=NONE win=8 obs=443 | cap=wip act=(320,360) d=2.05 a=3 | sp=som:active d=2.1 age=6 dtg=0.80 region=0_4
ep=1311 s=443 9570ms [sel=4 cap=9451 rest=115] sg=1->1 mode=NONE win=8 obs=444 | cap=wip act=(320,360) d=2.05 a=1 | sp=som:active d=2.1 age=7 dtg=1.05 region=0_4
ep=1311 s=444 15526ms [sel=5 cap=15405 rest=117] sg=1->1 mode=NONE win=8 obs=445 | cap=wip act=(320,360) d=1.85 a=3 | sp=som:active d=1.9 age=8 dtg=1.05 region=0_4
ep=1311 s=445 11946ms [sel=4 cap=11827 rest=116] sg=1->1 mode=NONE win=8 obs=446 | cap=wip act=(320,360) d=1.85 a=1 | sp=som:active d=1.9 age=9 dtg=1.30 region=0_4
ep=1311 s=446 11011ms [sel=4 cap=10892 rest=115] sg=1->1 mode=NONE win=8 obs=447 | cap=wip act=(320,360) d=1.63 a=1 | sp=som:active d=1.6 age=10 dtg=1.54 region=0_4
ep=1311 s=447 14145ms [sel=58 cap=13974 rest=113] sg=1->1 mode=NONE win=8 obs=448 | cap=wip act=(320,360) d=4.18 a=3 | sp=frontier:active d=4.2 age=0 dtg=1.54 region=0_4
ep=1311 s=448 8701ms [sel=3 cap=8575 rest=124] sg=1->1 mode=NONE win=8 obs=449 | cap=wip act=(320,360) d=4.18 a=1 | sp=frontier:active d=4.2 age=1 dtg=1.77 region=0_4
ep=1311 s=449 11794ms [sel=4 cap=11670 rest=120] sg=1->1 mode=NONE win=8 obs=450 | cap=wip act=(320,360) d=3.96 a=3 | sp=frontier:active d=4.0 age=2 dtg=1.77 region=0_4
ep=1311 s=450 16514ms [sel=21 cap=15916 rest=537] sg=1->1 mode=NONE win=8 obs=451 | cap=wip act=(160,180) d=3.59 a=1 | preview=view2/6 yaw=-15 render=39ms | sp=preview:active d=3.6 age=0 dtg=1.98 region=0_4
ep=1311 s=451 8898ms [sel=3 cap=8772 rest=123] sg=1->1 mode=NONE win=8 obs=452 | cap=wip act=(320,360) d=3.34 a=1 | sp=preview:active d=3.3 age=1 dtg=2.20 region=0_4
ep=1311 s=452 12292ms [sel=4 cap=12167 rest=121] sg=1->1 mode=NONE win=8 obs=453 | cap=wip act=(320,360) d=3.09 a=3 | sp=preview:active d=3.1 age=2 dtg=2.20 region=0_4
ep=1311 s=453 13625ms [sel=4 cap=13501 rest=120] sg=1->1 mode=NONE win=8 obs=454 | cap=wip act=(320,360) d=3.09 a=1 | sp=preview:active d=3.1 age=3 dtg=2.41 region=0_4
ep=1311 s=454 14023ms [sel=3 cap=13900 rest=120] sg=1->1 mode=NONE win=8 obs=455 | cap=wip act=(320,360) d=2.85 a=1 | sp=preview:active d=2.8 age=4 dtg=2.63 region=0_4
ep=1311 s=455 10733ms [sel=3 cap=10614 rest=116] sg=1->1 mode=NONE win=8 obs=456 | cap=wip act=(320,360) d=2.60 a=1 | sp=preview:active d=2.6 age=5 dtg=2.87 region=0_4
ep=1311 s=456 9158ms [sel=3 cap=9038 rest=117] sg=1->1 mode=NONE win=8 obs=457 | cap=wip act=(320,360) d=2.35 a=1 | sp=preview:active d=2.4 age=6 dtg=3.11 region=0_4
ep=1311 s=457 5723ms [sel=3 cap=5601 rest=119] sg=1->1 mode=NONE win=8 obs=458 | cap=wip act=(320,360) d=2.10 a=1 | sp=preview:active d=2.1 age=7 dtg=3.36 region=0_4
ep=1311 s=458 8971ms [sel=4 cap=8846 rest=120] sg=1->1 mode=NONE win=8 obs=459 | cap=wip act=(320,360) d=1.86 a=1 | sp=preview:active d=1.9 age=8 dtg=3.60 region=0_4
ep=1311 s=459 7209ms [sel=3 cap=7087 rest=119] sg=1->1 mode=NONE win=8 obs=460 | cap=wip act=(320,360) d=1.61 a=1 | sp=preview:active d=1.6 age=9 dtg=3.85 region=0_4
ep=1311 s=460 13628ms [sel=4 cap=13504 rest=120] sg=1->1 mode=NONE win=8 obs=461 | cap=wip act=(320,360) d=1.37 a=1 | sp=preview:active d=1.4 age=10 dtg=4.10 region=0_4
ep=1311 s=461 11229ms [sel=4 cap=11103 rest=122] sg=1->1 mode=NONE win=8 obs=462 | cap=wip act=(320,360) d=1.13 a=2 | sp=preview:active d=1.1 age=11 dtg=4.10 region=0_4
ep=1311 s=462 11476ms [sel=47 cap=11308 rest=122] sg=1->1 mode=NONE win=8 obs=463 | cap=wip act=(320,360) d=1.47 a=1 | sp=frontier:active d=1.5 age=0 dtg=4.35 region=0_4
ep=1311 s=463 15709ms [sel=3 cap=15588 rest=118] sg=1->1 mode=NONE win=8 obs=464 | cap=wip act=(320,360) d=1.24 a=3 | sp=frontier:active d=1.2 age=1 dtg=4.35 region=0_4
ep=1311 s=464 10417ms [sel=4 cap=10292 rest=121] sg=1->1 mode=NONE win=8 obs=465 | cap=wip act=(320,360) d=1.24 a=1 | sp=frontier:active d=1.2 age=2 dtg=4.59 region=0_4
ep=1311 s=465 9625ms [sel=4 cap=9499 rest=122] sg=1->1 mode=NONE win=8 obs=466 | cap=wip act=(320,360) d=0.99 a=1 | sp=frontier:active d=1.0 age=3 dtg=4.84 region=0_4
ep=1311 s=466 12620ms [sel=4 cap=12493 rest=123] sg=1->1 mode=NONE win=8 obs=467 | cap=wip act=(320,360) d=0.74 a=1 | sp=frontier:active d=0.7 age=4 dtg=5.09 region=0_4
ep=1311 s=467 10871ms [sel=86 cap=10662 rest=123] sg=1->1 mode=NONE win=8 obs=468 | cap=wip act=(320,359) d=2.05 a=1 | sp=straight_ahead:active d=1.8 age=0 dtg=5.34 region=0_4
ep=1311 s=468 9435ms [sel=4 cap=9311 rest=120] sg=1->1 mode=NONE win=8 obs=469 | cap=wip act=(320,360) d=1.53 a=1 | sp=straight_ahead:active d=1.5 age=1 dtg=5.59 region=0_4
ep=1311 s=469 11168ms [sel=3 cap=11049 rest=116] sg=1->1 mode=NONE win=8 obs=470 | cap=wip act=(320,360) d=1.28 a=1 | sp=straight_ahead:active d=1.3 age=2 dtg=5.84 region=0_4
ep=1311 s=470 8150ms [sel=3 cap=8029 rest=119] sg=1->1 mode=NONE win=8 obs=471 | cap=wip act=(320,360) d=1.03 a=1 | sp=straight_ahead:active d=1.0 age=3 dtg=6.09 region=0_4
ep=1311 s=471 15556ms [sel=3 cap=15432 rest=121] sg=1->1 mode=NONE win=8 obs=472 | cap=wip act=(320,360) d=0.78 a=1 | sp=straight_ahead:active d=0.8 age=4 dtg=6.34 region=0_4
ep=1311 s=472 10443ms [sel=4 cap=10320 rest=119] sg=1->1 mode=NONE win=8 obs=473 | cap=wip act=(320,360) d=0.53 a=1 | sp=straight_ahead:active d=0.5 age=5 dtg=6.59 region=0_4
ep=1311 s=473 25451ms [sel=16677 cap=8656 rest=118] sg=1->1 mode=NONE win=8 obs=474 | cap=wip act=(320,360) d=3.01 a=1 | sp=som:active d=3.0 age=0 som=4/8 dtg=6.84 region=0_4
ep=1311 s=474 14787ms [sel=3 cap=14666 rest=117] sg=1->1 mode=NONE win=8 obs=475 | cap=wip act=(320,360) d=2.76 a=2 | sp=som:active d=2.8 age=1 dtg=6.84 region=0_4
ep=1311 s=475 12104ms [sel=3 cap=11983 rest=118] sg=1->1 mode=NONE win=8 obs=476 | cap=wip act=(320,360) d=2.76 a=1 | sp=som:active d=2.8 age=2 dtg=7.08 region=0_4
ep=1311 s=476 8270ms [sel=4 cap=8145 rest=121] sg=1->1 mode=NONE win=8 obs=477 | cap=wip act=(320,360) d=2.51 a=1 | sp=som:active d=2.5 age=3 dtg=7.33 region=0_4
ep=1311 s=477 10962ms [sel=3 cap=10842 rest=117] sg=1->1 mode=NONE win=8 obs=478 | cap=wip act=(320,360) d=2.26 a=1 | sp=som:active d=2.3 age=4 dtg=7.57 region=0_4
ep=1311 s=478 12317ms [sel=4 cap=12195 rest=118] sg=1->1 mode=NONE win=8 obs=479 | cap=wip act=(320,360) d=2.02 a=3 | sp=som:active d=2.0 age=5 dtg=7.57 region=0_4
ep=1311 s=479 11655ms [sel=3 cap=11541 rest=112] sg=1->1 mode=NONE win=8 obs=480 | cap=wip act=(320,360) d=2.02 a=1 | sp=som:active d=2.0 age=6 dtg=7.82 region=0_4
ep=1311 s=480 13714ms [sel=3 cap=13593 rest=118] sg=1->1 mode=NONE win=8 obs=481 | cap=wip act=(320,360) d=1.77 a=1 | sp=som:active d=1.8 age=7 dtg=8.07 region=0_4
ep=1311 s=481 15486ms [sel=4 cap=15364 rest=118] sg=1->1 mode=NONE win=8 obs=482 | cap=wip act=(320,360) d=1.52 a=1 | sp=som:active d=1.5 age=8 dtg=8.32 region=0_4
ep=1311 s=482 9550ms [sel=4 cap=9422 rest=124] sg=1->1 mode=NONE win=8 obs=483 | cap=wip act=(320,360) d=1.27 a=1 | sp=som:active d=1.3 age=9 dtg=8.57 region=0_4
ep=1311 s=483 10173ms [sel=3 cap=10043 rest=127] sg=1->1 mode=NONE win=8 obs=484 | cap=wip act=(320,360) d=1.03 a=1 | sp=som:active d=1.0 age=10 dtg=8.82 region=0_4
ep=1311 s=484 8516ms [sel=5 cap=8369 rest=142] sg=1->1 mode=NONE win=8 obs=485 | cap=wip act=(320,360) d=0.78 a=1 | sp=som:active d=0.8 age=11 dtg=9.07 region=0_4
ep=1311 s=485 8679ms [sel=4 cap=8552 rest=123] sg=1->1 mode=NONE win=8 obs=486 | cap=wip act=(320,360) d=0.55 a=2 | sp=som:active d=0.5 age=12 dtg=9.07 region=0_4
ep=1311 s=486 13605ms [sel=3 cap=13480 rest=122] sg=1->1 mode=NONE win=8 obs=487 | cap=wip act=(320,360) d=0.55 a=1 | sp=som:active d=0.5 age=13 dtg=9.31 region=0_4
ep=1311 s=487 13800ms [sel=5298 cap=8379 rest=123] sg=1->1 mode=NONE win=8 obs=488 | cap=wip act=(320,360) d=3.08 a=1 | sp=som:active d=3.1 age=0 som=4/8 dtg=9.56 region=0_4
ep=1311 s=488 8869ms [sel=3 cap=8742 rest=124] sg=1->1 mode=NONE win=8 obs=489 | cap=wip act=(320,360) d=2.83 a=1 | sp=som:active d=2.8 age=1 dtg=9.81 region=0_4
ep=1311 s=489 10527ms [sel=4 cap=10399 rest=123] sg=1->1 mode=NONE win=8 obs=490 | cap=wip act=(320,360) d=2.58 a=1 | sp=som:active d=2.6 age=2 dtg=10.05 region=0_4
ep=1311 s=490 8969ms [sel=3 cap=8846 rest=120] sg=1->1 mode=NONE win=8 obs=491 | cap=wip act=(320,360) d=2.33 a=1 | sp=som:active d=2.3 age=3 dtg=10.30 region=0_4
ep=1311 s=491 11368ms [sel=4 cap=11243 rest=122] sg=1->1 mode=NONE win=8 obs=492 | cap=wip act=(320,360) d=2.08 a=3 | sp=som:active d=2.1 age=4 dtg=10.30 region=0_4
ep=1311 s=492 10856ms [sel=3 cap=10736 rest=117] sg=1->1 mode=NONE win=8 obs=493 | cap=wip act=(320,360) d=2.08 a=1 | sp=som:active d=2.1 age=5 dtg=10.55 region=0_4
ep=1311 s=493 8182ms [sel=3 cap=8066 rest=113] sg=1->1 mode=NONE win=8 obs=494 | cap=wip act=(320,360) d=1.84 a=1 | sp=som:active d=1.8 age=6 dtg=10.80 region=0_4
ep=1311 s=494 9750ms [sel=3 cap=9631 rest=116] sg=1->1 mode=NONE win=8 obs=495 | cap=wip act=(320,360) d=1.61 a=1 | sp=som:active d=1.6 age=7 dtg=11.05 region=0_4
ep=1311 s=495 11006ms [sel=4 cap=10882 rest=120] sg=1->1 mode=NONE win=8 obs=496 | cap=wip act=(320,360) d=1.38 a=2 | sp=som:active d=1.4 age=8 dtg=11.05 region=0_4
ep=1311 s=496 12406ms [sel=3 cap=12288 rest=116] sg=1->1 mode=NONE win=8 obs=497 | cap=wip act=(320,360) d=1.38 a=1 | sp=som:active d=1.4 age=9 dtg=11.29 region=0_4
ep=1311 s=497 22385ms [sel=12790 cap=9473 rest=123] sg=1->1 mode=NONE win=8 obs=498 | cap=wip act=(320,360) d=3.04 a=2 | sp=som:active d=3.0 age=0 som=3/8 dtg=11.29 region=0_4
ep=1311 s=498 20367ms [sel=3 cap=20232 rest=132] sg=1->1 mode=NONE win=8 obs=499 | cap=wip act=(320,360) d=3.04 a=1 | sp=som:active d=3.0 age=1 dtg=11.52 region=0_4
ep=1311 s=499 14224ms [sel=3 cap=14093 rest=128] sg=1->1 mode=NONE win=8 obs=500 | cap=wip act=(320,360) d=2.81 a=1 | sp=som:active d=2.8 age=2 dtg=11.75 region=0_4
rank=1 [13/17] id=1311 steps=500 success=0.000 spl=0.000 dtg=11.75 osr=1 path_length=80.99 ndtw=0.000 sdtw=0.000
PluginManager::Manager: duplicate static plugin StbImageImporter, ignoring
PluginManager::Manager: duplicate static plugin GltfImporter, ignoring
PluginManager::Manager: duplicate static plugin BasisImporter, ignoring
PluginManager::Manager: duplicate static plugin AssimpImporter, ignoring
PluginManager::Manager: duplicate static plugin AnySceneImporter, ignoring
PluginManager::Manager: duplicate static plugin AnyImageImporter, ignoring
episode=1432 instruction='Past the couch. Left across the room into the hallway. Past the microwave, out of the room. Halt.' start_position=[-8.167019844055176, 0.12711000442504883, 1.7849500179290771] goal_position=[0.07810050249099731, 0.12711000442504883, -1.0452899932861328] reference_geodesic=9.276449203491211
episode=1432 prepared_subgoals=4
  [1] Walk past the couch
      proof: The couch is beside or directly ahead of the camera, within a step; the camera has not yet turned left.
  [2] Turn left across the room into the hallway, then walk past the microwave
      proof: The microwave is directly behind the camera and the space beyond it fills the view.
  [3] Exit the room through the doorway
      proof: The camera has crossed the threshold and the hallway is central in the view.
  [4] Halt beside the hallway wall
      proof: The camera is stopped beside the hallway wall, with no further movement
ep=1432 s=0 14040ms [sel=5 cap=13510 rest=484] sg=1->1 mode=NONE win=1 obs=1 | cap=wip act=PREVIEW a=2 | preview=view1/6 yaw=-45 render=41ms dtg=9.28 region=0_7
ep=1432 s=1 27562ms [sel=18610 cap=8840 rest=112] sg=1->1 mode=NONE win=2 obs=2 | cap=wip act=(320,360) d=1.35 a=2 | sp=frontier:active d=1.4 age=0 som=5/7 dtg=9.28 region=0_7
ep=1432 s=2 14364ms [sel=3 cap=14247 rest=114] sg=1->1 mode=NONE win=3 obs=3 | cap=wip act=(320,360) d=1.35 a=2 | sp=frontier:active d=1.4 age=1 dtg=9.28 region=0_7
ep=1432 s=3 10730ms [sel=3 cap=10615 rest=113] sg=1->1 mode=NONE win=4 obs=4 | cap=wip act=(320,360) d=1.35 a=1 | sp=frontier:active d=1.4 age=2 dtg=9.24 region=0_7
ep=1432 s=4 11746ms [sel=3 cap=11627 rest=117] sg=1->1 mode=NONE win=5 obs=5 | cap=wip act=(320,360) d=1.11 a=2 | sp=frontier:active d=1.1 age=3 dtg=9.24 region=0_7
ep=1432 s=5 8835ms [sel=3 cap=8718 rest=114] sg=1->1 mode=NONE win=6 obs=6 | cap=wip act=(320,360) d=1.11 a=1 | sp=frontier:active d=1.1 age=4 dtg=9.23 region=0_7
ep=1432 s=6 7265ms [sel=0 cap=7039 rest=226] sg=1->1 mode=NONE win=7 obs=7 | cap=wip act=TURN request=+45deg execute=+15deg x1 a=3 | sp=frontier:active d=1.1 age=5 dtg=9.23 region=0_7
ep=1432 s=7 11277ms [sel=0 cap=11163 rest=114] sg=1->1 mode=NONE win=8 obs=8 | cap=wip act=TURN request=+45deg execute=+15deg x1 a=3 | sp=frontier:active d=1.1 age=6 dtg=9.23 region=0_7
ep=1432 s=8 8321ms [sel=0 cap=8204 rest=117] sg=1->1 mode=NONE win=8 obs=9 | cap=wip act=TURN request=+45deg execute=+15deg x1 a=3 | sp=frontier:active d=1.1 age=7 dtg=9.23 region=0_7
ep=1432 s=9 12030ms [sel=0 cap=11915 rest=115] sg=1->1 mode=GET_NOWHERE win=8 obs=10 | cap=wip/GET_NOWHERE act=TURN request=+45deg execute=+15deg x1 a=3 | sp=frontier:active d=1.1 age=8 dtg=9.23 region=0_7
ep=1432 s=10 6752ms [sel=0 cap=6630 rest=122] sg=1->1 mode=NONE win=8 obs=11 | cap=wip act=TURN request=+45deg execute=+15deg x1 a=3 | sp=frontier:active d=1.1 age=9 dtg=9.23 region=0_7
ep=1432 s=11 13556ms [sel=0 cap=13427 rest=130] sg=1->1 mode=NONE win=8 obs=12 | cap=wip act=TURN request=+45deg execute=+15deg x1 a=3 | sp=frontier:active d=1.1 age=10 dtg=9.23 region=0_7
ep=1432 s=12 11842ms [sel=12 cap=11302 rest=489] sg=1->1 mode=NONE win=8 obs=13 | cap=wip act=(320,360) d=1.11 a=1 | preview=view-/6 yaw=+0 render=38ms | sp=frontier:active d=1.1 age=11 dtg=9.48 region=0_7
ep=1432 s=13 21288ms [sel=13952 cap=7222 rest=113] sg=1->1 mode=NONE win=8 obs=14 | cap=wip act=(320,359) d=2.26 a=1 | sp=straight_ahead:reached d=0.3 age=0 som=3/6 dtg=9.73 region=0_7
ep=1432 s=14 14288ms [sel=40 cap=14136 rest=112] sg=1->1 mode=NONE win=8 obs=15 | cap=wip act=(320,360) d=2.57 a=1 | sp=frontier:active d=2.6 age=0 dtg=9.98 region=0_7
ep=1432 s=15 6515ms [sel=20 cap=6385 rest=110] sg=1->1 mode=NONE win=8 obs=16 | cap=wip act=(320,360) d=2.34 a=2 | sp=frontier:active d=2.3 age=1 dtg=9.98 region=0_7
ep=1432 s=16 9448ms [sel=22 cap=9316 rest=111] sg=1->1 mode=NONE win=8 obs=17 | cap=wip act=(320,360) d=2.34 a=1 | sp=frontier:active d=2.3 age=2 dtg=9.90 region=0_7
ep=1432 s=17 9251ms [sel=10 cap=9132 rest=109] sg=1->1 mode=NONE win=8 obs=18 | cap=wip act=(320,360) d=2.09 a=1 | sp=frontier:active d=2.1 age=3 dtg=9.85 region=0_7
ep=1432 s=18 7216ms [sel=10 cap=7098 rest=108] sg=1->1 mode=NONE win=8 obs=19 | cap=wip act=(320,360) d=1.85 a=1 | sp=frontier:active d=1.8 age=4 dtg=9.84 region=0_7
ep=1432 s=19 8148ms [sel=6 cap=8038 rest=104] sg=1->1 mode=NONE win=8 obs=20 | cap=wip act=(320,360) d=1.60 a=3 | sp=frontier:active d=1.6 age=5 dtg=9.84 region=0_7
ep=1432 s=20 7604ms [sel=6 cap=7497 rest=101] sg=1->1 mode=NONE win=8 obs=21 | cap=wip act=(320,360) d=1.60 a=1 | sp=frontier:active d=1.6 age=6 dtg=10.00 region=0_7
ep=1432 s=21 10162ms [sel=4 cap=10054 rest=104] sg=1->1 mode=NONE win=8 obs=22 | cap=wip act=(320,360) d=1.39 a=1 | sp=frontier:active d=1.4 age=7 dtg=10.21 region=0_7
ep=1432 s=22 8041ms [sel=3 cap=7925 rest=113] sg=1->1 mode=NONE win=8 obs=23 | cap=wip act=(320,360) d=1.18 a=1 | sp=frontier:active d=1.2 age=8 dtg=10.44 region=0_7
ep=1432 s=23 9699ms [sel=4 cap=9180 rest=478] sg=1->1 mode=NONE win=8 obs=24 | cap=wip act=(320,360) d=1.00 a=2 | preview=view-/6 yaw=+0 render=37ms | sp=frontier:active d=1.0 age=9 dtg=10.44 region=0_7
ep=1432 s=24 15710ms [sel=3 cap=15605 rest=102] sg=1->1 mode=NONE win=8 obs=25 | cap=wip act=(320,360) d=1.00 a=1 | sp=frontier:active d=1.0 age=10 dtg=10.61 region=0_7
ep=1432 s=25 10478ms [sel=4 cap=10367 rest=107] sg=1->1 mode=NONE win=8 obs=26 | cap=wip act=(320,360) d=0.80 a=2 | sp=frontier:active d=0.8 age=11 dtg=10.61 region=0_7
ep=1432 s=26 10915ms [sel=3 cap=10353 rest=493] sg=1->1 mode=NONE win=8 obs=27 | cap=wip act=(320,360) d=0.80 a=2 | preview=view-/6 yaw=+0 render=65ms | sp=frontier:active d=0.8 age=12 dtg=10.61 region=0_7
ep=1432 s=27 8674ms [sel=3 cap=8567 rest=105] sg=1->1 mode=NONE win=8 obs=28 | cap=wip act=(320,360) d=0.80 a=1 | sp=frontier:active d=0.8 age=13 dtg=10.46 region=0_7
ep=1432 s=28 16575ms [sel=3 cap=16470 rest=103] sg=1->1 mode=NONE win=8 obs=29 | cap=wip act=(320,360) d=0.56 a=2 | sp=frontier:active d=0.6 age=14 dtg=10.46 region=0_7
ep=1432 s=29 11156ms [sel=31 cap=11020 rest=104] sg=1->1 mode=NONE win=8 obs=30 | cap=wip act=(320,360) d=0.60 a=2 | sp=frontier:active d=0.6 age=0 dtg=10.46 region=0_7
ep=1432 s=30 13601ms [sel=3 cap=13486 rest=112] sg=1->1 mode=NONE win=8 obs=31 | cap=wip act=(320,360) d=0.60 a=1 | sp=frontier:active d=0.6 age=1 dtg=10.26 region=0_7
ep=1432 s=31 16541ms [sel=53 cap=16382 rest=107] sg=1->1 mode=NONE win=8 obs=32 | cap=wip act=(297,348) d=2.03 a=1 | sp=straight_ahead:reached d=0.4 age=0 dtg=10.11 region=0_7
ep=1432 s=32 12267ms [sel=237 cap=11918 rest=112] sg=1->1 mode=NONE win=8 obs=33 | cap=wip act=TURN request=-45deg execute=-15deg x1 a=2 | sp=straight_ahead:reached d=0.4 age=1 dtg=10.11 region=0_7
ep=1432 s=33 15371ms [sel=0 cap=15257 rest=113] sg=1->1 mode=NONE win=8 obs=34 | cap=wip act=TURN request=-45deg execute=-15deg x1 a=2 dtg=10.11 region=0_7
ep=1432 s=34 8620ms [sel=0 cap=8508 rest=111] sg=1->1 mode=NONE win=8 obs=35 | cap=wip act=TURN request=-45deg execute=-15deg x1 a=2 dtg=10.11 region=0_7
ep=1432 s=35 9288ms [sel=0 cap=8761 rest=489] sg=1->1 mode=NONE win=8 obs=36 | cap=wip act=TURN request=-45deg execute=-15deg x1 a=2 | preview=view-/6 yaw=+0 render=38ms dtg=10.11 region=0_7
ep=1432 s=36 12471ms [sel=0 cap=12351 rest=120] sg=1->2 mode=NONE win=8 obs=37 | cap=DONE act=TURN request=-45deg execute=-15deg x1 a=2 dtg=10.11 region=0_7
ep=1432 s=37 10282ms [sel=0 cap=10147 rest=134] sg=2->2 mode=NONE win=8 obs=38 | cap=wip act=TURN request=-45deg execute=-15deg x1 a=2 dtg=10.11 region=0_7
ep=1432 s=38 8824ms [sel=0 cap=8706 rest=118] sg=2->2 mode=NONE win=8 obs=39 | cap=wip act=TURN request=-45deg execute=-15deg x1 a=2 dtg=10.11 region=0_7
ep=1432 s=39 14558ms [sel=0 cap=14444 rest=114] sg=2->2 mode=NONE win=8 obs=40 | cap=wip act=TURN request=-45deg execute=-15deg x1 a=2 dtg=10.11 region=0_7
ep=1432 s=40 22502ms [sel=15626 cap=6760 rest=117] sg=2->2 mode=NONE win=8 obs=41 | cap=wip act=(320,360) d=2.13 a=2 | sp=som:active d=2.1 age=0 som=1/7 dtg=10.11 region=0_7
ep=1432 s=41 9530ms [sel=8 cap=9406 rest=116] sg=2->2 mode=NONE win=8 obs=42 | cap=wip act=(320,360) d=2.13 a=2 | sp=som:active d=2.1 age=1 dtg=10.11 region=0_7
ep=1432 s=42 9812ms [sel=8 cap=9686 rest=117] sg=2->2 mode=NONE win=8 obs=43 | cap=wip act=(320,360) d=2.13 a=1 | sp=som:active d=2.1 age=2 dtg=10.15 region=0_7
ep=1432 s=43 7540ms [sel=8 cap=7414 rest=119] sg=2->2 mode=NONE win=8 obs=44 | cap=wip act=(320,360) d=1.90 a=1 | sp=som:active d=1.9 age=3 dtg=10.30 region=0_7
ep=1432 s=44 8709ms [sel=8 cap=8569 rest=132] sg=2->2 mode=NONE win=8 obs=45 | cap=wip act=(320,360) d=1.68 a=1 | sp=som:active d=1.7 age=4 dtg=10.40 region=0_7
ep=1432 s=45 8687ms [sel=8 cap=8564 rest=114] sg=2->2 mode=NONE win=8 obs=46 | cap=wip act=(320,360) d=1.47 a=3 | sp=som:active d=1.5 age=5 dtg=10.40 region=0_7
ep=1432 s=46 10682ms [sel=9 cap=10552 rest=121] sg=2->2 mode=NONE win=8 obs=47 | cap=wip act=(320,360) d=1.47 a=1 | sp=som:active d=1.5 age=6 dtg=10.23 region=0_7
ep=1432 s=47 9495ms [sel=8 cap=9366 rest=121] sg=2->2 mode=NONE win=8 obs=48 | cap=wip act=(320,360) d=1.24 a=3 | sp=som:active d=1.2 age=7 dtg=10.23 region=0_7
ep=1432 s=48 8776ms [sel=8 cap=8653 rest=114] sg=2->2 mode=NONE win=8 obs=49 | cap=wip act=(320,360) d=1.24 a=1 | sp=som:active d=1.2 age=8 dtg=10.04 region=0_7
ep=1432 s=49 15133ms [sel=6 cap=15011 rest=117] sg=2->2 mode=NONE win=8 obs=50 | cap=wip act=(320,360) d=0.99 a=3 | sp=som:active d=1.0 age=9 dtg=10.04 region=0_7
ep=1432 s=50 10457ms [sel=5 cap=10336 rest=115] sg=2->2 mode=NONE win=8 obs=51 | cap=wip act=(320,360) d=0.99 a=1 | sp=som:active d=1.0 age=10 dtg=9.87 region=0_7
ep=1432 s=51 11696ms [sel=3 cap=11576 rest=117] sg=2->2 mode=NONE win=8 obs=52 | cap=wip act=(320,360) d=0.74 a=1 | sp=som:active d=0.7 age=11 dtg=9.79 region=0_7
ep=1432 s=52 14742ms [sel=80 cap=14542 rest=120] sg=2->2 mode=NONE win=8 obs=53 | cap=wip act=(320,360) d=3.72 a=3 | sp=frontier:active d=3.7 age=0 dtg=9.79 region=0_7
ep=1432 s=53 9388ms [sel=37 cap=9232 rest=118] sg=2->2 mode=NONE win=8 obs=54 | cap=wip act=(320,360) d=3.72 a=3 | sp=frontier:active d=3.7 age=1 dtg=9.79 region=0_7
ep=1432 s=54 12211ms [sel=20 cap=12073 rest=118] sg=2->2 mode=NONE win=8 obs=55 | cap=wip act=(320,360) d=3.72 a=3 | sp=frontier:active d=3.7 age=2 dtg=9.79 region=0_7
ep=1432 s=55 10971ms [sel=9 cap=10841 rest=121] sg=2->2 mode=NONE win=8 obs=56 | cap=wip act=(320,360) d=3.72 a=3 | sp=frontier:active d=3.7 age=3 dtg=9.79 region=0_7
ep=1432 s=56 7759ms [sel=4 cap=7624 rest=130] sg=2->2 mode=NONE win=8 obs=57 | cap=wip act=(320,360) d=3.72 a=3 | sp=frontier:active d=3.7 age=4 dtg=9.79 region=0_7
ep=1432 s=57 8443ms [sel=4 cap=8317 rest=123] sg=2->2 mode=NONE win=8 obs=58 | cap=wip act=(320,360) d=3.72 a=1 | sp=frontier:active d=3.7 age=5 dtg=9.54 region=0_7
ep=1432 s=58 9193ms [sel=6 cap=9066 rest=121] sg=2->2 mode=NONE win=8 obs=59 | cap=wip act=(320,360) d=3.84 a=1 | sp=frontier:active d=3.8 age=6 dtg=9.29 region=0_7
ep=1432 s=59 9547ms [sel=18 cap=9408 rest=120] sg=2->2 mode=NONE win=8 obs=60 | cap=wip act=(320,360) d=3.98 a=3 | sp=frontier:active d=4.0 age=7 dtg=9.29 region=0_7
ep=1432 s=60 14215ms [sel=16 cap=14085 rest=115] sg=2->2 mode=NONE win=8 obs=61 | cap=wip act=(320,360) d=3.98 a=1 | sp=frontier:active d=4.0 age=8 dtg=9.04 region=0_7
ep=1432 s=61 13356ms [sel=44 cap=12694 rest=545] sg=2->2 mode=NONE win=8 obs=62 | cap=wip act=(160,180) d=5.03 a=1 | preview=view2/6 yaw=-45 render=74ms | sp=preview:active d=5.0 age=0 dtg=8.80 region=0_7
ep=1432 s=62 8305ms [sel=22 cap=8167 rest=116] sg=2->2 mode=NONE win=8 obs=63 | cap=wip act=(320,360) d=4.88 a=1 | sp=preview:active d=4.9 age=1 dtg=8.55 region=0_7
ep=1432 s=63 13059ms [sel=24 cap=12919 rest=116] sg=2->2 mode=NONE win=8 obs=64 | cap=wip act=(320,360) d=4.74 a=3 | sp=preview:active d=4.7 age=2 dtg=8.55 region=0_7
ep=1432 s=64 18591ms [sel=28 cap=18448 rest=115] sg=2->2 mode=NONE win=8 obs=65 | cap=wip act=(320,360) d=4.74 a=1 | sp=preview:active d=4.7 age=3 dtg=8.38 region=0_7
ep=1432 s=65 9763ms [sel=29 cap=9589 rest=144] sg=2->2 mode=NONE win=8 obs=66 | cap=wip act=(320,360) d=4.66 a=2 | sp=preview:active d=4.7 age=4 dtg=8.38 region=0_7
ep=1432 s=66 11084ms [sel=28 cap=10940 rest=116] sg=2->2 mode=NONE win=8 obs=67 | cap=wip act=(320,360) d=4.66 a=1 | sp=preview:active d=4.7 age=5 dtg=8.25 region=0_7
ep=1432 s=67 12658ms [sel=28 cap=12521 rest=109] sg=2->2 mode=NONE win=8 obs=68 | cap=wip act=(320,360) d=4.54 a=2 | sp=preview:active d=4.5 age=6 dtg=8.25 region=0_7
ep=1432 s=68 8754ms [sel=24 cap=8616 rest=113] sg=2->2 mode=NONE win=8 obs=69 | cap=wip act=(320,360) d=4.54 a=2 | sp=preview:active d=4.5 age=7 dtg=8.25 region=0_7
ep=1432 s=69 8432ms [sel=3 cap=8284 rest=145] sg=2->2 mode=NONE win=8 obs=70 | cap=wip act=(320,360) d=4.54 a=1 | sp=preview:active d=4.5 age=8 dtg=8.04 region=0_7
ep=1432 s=70 10179ms [sel=6 cap=10048 rest=125] sg=2->2 mode=NONE win=8 obs=71 | cap=wip act=(320,360) d=4.33 a=2 | sp=preview:active d=4.3 age=9 dtg=8.04 region=0_7
ep=1432 s=71 10143ms [sel=3 cap=10018 rest=122] sg=2->2 mode=NONE win=8 obs=72 | cap=wip act=(320,360) d=4.33 a=1 | sp=preview:active d=4.3 age=10 dtg=7.81 region=0_7
ep=1432 s=72 5619ms [sel=3 cap=5504 rest=112] sg=2->2 mode=NONE win=8 obs=73 | cap=wip act=(320,360) d=4.10 a=2 | sp=preview:active d=4.1 age=11 dtg=7.81 region=0_7
ep=1432 s=73 7832ms [sel=3 cap=7716 rest=114] sg=2->2 mode=NONE win=8 obs=74 | cap=wip act=(320,360) d=4.10 a=1 | sp=preview:active d=4.1 age=12 dtg=7.56 region=0_7
ep=1432 s=74 8445ms [sel=3 cap=8328 rest=114] sg=2->2 mode=NONE win=8 obs=75 | cap=wip act=(320,360) d=3.85 a=1 | sp=preview:active d=3.8 age=13 dtg=7.31 region=0_7
ep=1432 s=75 11237ms [sel=4 cap=11118 rest=115] sg=2->2 mode=NONE win=8 obs=76 | cap=wip act=(320,360) d=3.60 a=1 | sp=preview:active d=3.6 age=14 dtg=7.07 region=0_7
ep=1432 s=76 9175ms [sel=4 cap=9054 rest=118] sg=2->2 mode=NONE win=8 obs=77 | cap=wip act=(320,360) d=3.35 a=1 | sp=preview:active d=3.4 age=15 dtg=6.82 region=0_7
ep=1432 s=77 9444ms [sel=4 cap=9299 rest=142] sg=2->2 mode=NONE win=8 obs=78 | cap=wip act=(320,360) d=3.10 a=2 | sp=preview:active d=3.1 age=16 dtg=6.82 region=0_7
ep=1432 s=78 23232ms [sel=14520 cap=8603 rest=109] sg=2->2 mode=NONE win=8 obs=79 | cap=wip act=(320,360) d=2.94 a=1 | sp=som:active d=2.9 age=0 som=2/8 dtg=6.57 region=0_7
ep=1432 s=79 13668ms [sel=3 cap=13554 rest=111] sg=2->2 mode=NONE win=8 obs=80 | cap=wip act=(320,360) d=2.69 a=3 | sp=som:active d=2.7 age=1 dtg=6.57 region=0_7
ep=1432 s=80 10192ms [sel=3 cap=10078 rest=111] sg=2->2 mode=NONE win=8 obs=81 | cap=wip act=(320,360) d=2.69 a=1 | sp=som:active d=2.7 age=2 dtg=6.33 region=0_7
ep=1432 s=81 8487ms [sel=3 cap=8373 rest=111] sg=2->2 mode=NONE win=8 obs=82 | cap=wip act=(320,360) d=2.44 a=2 | sp=som:active d=2.4 age=3 dtg=6.33 region=0_7
ep=1432 s=82 10883ms [sel=3 cap=10772 rest=108] sg=2->2 mode=NONE win=8 obs=83 | cap=wip act=(320,360) d=2.44 a=1 | sp=som:active d=2.4 age=4 dtg=6.08 region=0_7
ep=1432 s=83 7496ms [sel=3 cap=7386 rest=107] sg=2->2 mode=NONE win=8 obs=84 | cap=wip act=(320,360) d=2.19 a=1 | sp=som:active d=2.2 age=5 dtg=5.83 region=0_7
ep=1432 s=84 14621ms [sel=3 cap=14513 rest=105] sg=2->2 mode=NONE win=8 obs=85 | cap=wip act=(320,360) d=1.94 a=1 | sp=som:active d=1.9 age=6 dtg=5.58 region=0_7
ep=1432 s=85 13282ms [sel=4 cap=13161 rest=117] sg=2->2 mode=NONE win=8 obs=86 | cap=wip act=(320,360) d=1.69 a=1 | sp=som:active d=1.7 age=7 dtg=5.33 region=0_7
ep=1432 s=86 5645ms [sel=3 cap=5522 rest=119] sg=2->2 mode=NONE win=8 obs=87 | cap=wip act=(320,360) d=1.45 a=2 | sp=som:active d=1.4 age=8 dtg=5.33 region=0_7
ep=1432 s=87 12118ms [sel=3 cap=12005 rest=111] sg=2->2 mode=NONE win=8 obs=88 | cap=wip act=(320,360) d=1.45 a=1 | sp=som:active d=1.4 age=9 dtg=5.11 region=0_7
ep=1432 s=88 11594ms [sel=3 cap=11485 rest=106] sg=2->2 mode=NONE win=8 obs=89 | cap=wip act=(320,360) d=1.22 a=1 | sp=som:active d=1.2 age=10 dtg=4.93 region=0_8
ep=1432 s=89 20558ms [sel=3 cap=20450 rest=105] sg=2->2 mode=NONE win=8 obs=90 | cap=wip act=(320,360) d=1.01 a=3 | sp=som:active d=1.0 age=11 dtg=4.93 region=0_8
ep=1432 s=90 10337ms [sel=3 cap=10222 rest=112] sg=2->2 mode=NONE win=8 obs=91 | cap=wip act=(320,360) d=1.01 a=1 | sp=som:active d=1.0 age=12 dtg=4.77 region=0_8
ep=1432 s=91 6637ms [sel=3 cap=6519 rest=115] sg=2->2 mode=NONE win=8 obs=92 | cap=wip act=(320,360) d=0.77 a=3 | sp=som:active d=0.8 age=13 dtg=4.77 region=0_8
ep=1432 s=92 5943ms [sel=3 cap=5822 rest=118] sg=2->2 mode=NONE win=8 obs=93 | cap=wip act=(320,360) d=0.77 a=1 | sp=som:active d=0.8 age=14 dtg=4.61 region=0_8
ep=1432 s=93 7508ms [sel=3 cap=7390 rest=115] sg=2->2 mode=NONE win=8 obs=94 | cap=wip act=(320,360) d=0.53 a=3 | sp=som:active d=0.5 age=15 dtg=4.61 region=0_8
ep=1432 s=94 4657ms [sel=4 cap=4533 rest=120] sg=2->2 mode=NONE win=8 obs=95 | cap=wip act=(320,360) d=0.53 a=1 | sp=som:active d=0.5 age=16 dtg=4.41 region=0_8
ep=1432 s=95 11515ms [sel=38 cap=11355 rest=122] sg=2->2 mode=NONE win=8 obs=96 | cap=wip act=(320,360) d=0.71 a=3 | sp=frontier:active d=0.7 age=0 dtg=4.41 region=0_8
ep=1432 s=96 5931ms [sel=3 cap=5814 rest=114] sg=2->2 mode=NONE win=8 obs=97 | cap=wip act=(320,360) d=0.71 a=3 | sp=frontier:active d=0.7 age=1 dtg=4.41 region=0_8
ep=1432 s=97 8989ms [sel=3 cap=8878 rest=109] sg=2->2 mode=NONE win=8 obs=98 | cap=wip act=(320,360) d=0.71 a=1 | sp=frontier:active d=0.7 age=2 dtg=4.17 region=0_8
ep=1432 s=98 11427ms [sel=5189 cap=6121 rest=117] sg=2->2 mode=NONE win=8 obs=99 | cap=wip act=(320,360) d=3.46 a=3 | sp=som:active d=3.5 age=0 som=1/7 dtg=4.17 region=0_8
ep=1432 s=99 6628ms [sel=31 cap=6482 rest=115] sg=2->2 mode=NONE win=8 obs=100 | cap=wip act=(320,360) d=3.46 a=3 | sp=som:active d=3.5 age=1 dtg=4.17 region=0_8
ep=1432 s=100 6707ms [sel=24 cap=6574 rest=109] sg=2->2 mode=NONE win=8 obs=101 | cap=wip act=(320,360) d=3.46 a=3 | sp=som:active d=3.5 age=2 dtg=4.17 region=0_8
ep=1432 s=101 9614ms [sel=20 cap=9492 rest=102] sg=2->2 mode=NONE win=8 obs=102 | cap=wip act=(320,360) d=3.46 a=3 | sp=som:active d=3.5 age=3 dtg=4.17 region=0_8
ep=1432 s=102 15720ms [sel=23 cap=15587 rest=110] sg=2->2 mode=NONE win=8 obs=103 | cap=wip act=(320,360) d=3.46 a=3 | sp=som:active d=3.5 age=4 dtg=4.17 region=0_8
ep=1432 s=103 8302ms [sel=18 cap=8164 rest=119] sg=2->2 mode=NONE win=8 obs=104 | cap=wip act=(320,360) d=3.46 a=3 | sp=som:active d=3.5 age=5 dtg=4.17 region=0_8
ep=1432 s=104 8582ms [sel=17 cap=8451 rest=113] sg=2->2 mode=NONE win=8 obs=105 | cap=wip act=(320,360) d=3.46 a=3 | sp=som:active d=3.5 age=6 dtg=4.17 region=0_8
ep=1432 s=105 6174ms [sel=21 cap=6047 rest=106] sg=2->2 mode=NONE win=8 obs=106 | cap=wip act=(320,360) d=3.46 a=3 | sp=som:active d=3.5 age=7 dtg=4.17 region=0_8
ep=1432 s=106 6618ms [sel=31 cap=6470 rest=117] sg=2->2 mode=NONE win=8 obs=107 | cap=wip act=(320,360) d=3.46 a=3 | sp=som:active d=3.5 age=8 dtg=4.17 region=0_8
ep=1432 s=107 9059ms [sel=26 cap=8885 rest=148] sg=2->2 mode=NONE win=8 obs=108 | cap=wip act=(320,360) d=3.46 a=3 | sp=som:active d=3.5 age=9 dtg=4.17 region=0_8
ep=1432 s=108 12938ms [sel=30 cap=12766 rest=143] sg=2->2 mode=NONE win=8 obs=109 | cap=wip act=(320,360) d=3.46 a=3 | sp=som:active d=3.5 age=10 dtg=4.17 region=0_8
ep=1432 s=109 11602ms [sel=31 cap=11452 rest=118] sg=2->2 mode=NONE win=8 obs=110 | cap=wip act=(320,360) d=3.46 a=1 | sp=som:active d=3.5 age=11 dtg=4.39 region=0_8
ep=1432 s=110 11336ms [sel=30 cap=11189 rest=117] sg=2->2 mode=NONE win=8 obs=111 | cap=wip act=(320,360) d=3.68 a=1 | sp=som:active d=3.7 age=12 dtg=4.62 region=0_8
ep=1432 s=111 10102ms [sel=30 cap=9954 rest=117] sg=2->2 mode=NONE win=8 obs=112 | cap=wip act=(320,360) d=3.90 a=2 | sp=som:active d=3.9 age=13 dtg=4.62 region=0_8
ep=1432 s=112 10856ms [sel=31 cap=10708 rest=116] sg=2->2 mode=NONE win=8 obs=113 | cap=wip act=(320,360) d=3.90 a=2 | sp=som:active d=3.9 age=14 dtg=4.62 region=0_8
ep=1432 s=113 15804ms [sel=48 cap=15210 rest=510] sg=2->2 mode=NONE win=8 obs=114 | cap=wip act=(160,180) d=4.19 a=1 | preview=view1/6 yaw=-75 render=37ms | sp=preview:active d=4.2 age=0 dtg=4.79 region=0_8
ep=1432 s=114 19824ms [sel=30 cap=19673 rest=121] sg=2->2 mode=NONE win=8 obs=115 | cap=wip act=(320,360) d=4.33 a=2 | sp=preview:active d=4.3 age=1 dtg=4.79 region=0_8
ep=1432 s=115 15984ms [sel=26 cap=15842 rest=116] sg=2->2 mode=NONE win=8 obs=116 | cap=wip act=(320,360) d=4.33 a=1 | sp=preview:active d=4.3 age=2 dtg=4.94 region=0_8
ep=1432 s=116 9655ms [sel=30 cap=9513 rest=113] sg=2->2 mode=TURN_OSCILLATION win=8 obs=117 | cap=wip/TURN_OSCILLATION act=(320,360) d=4.42 a=2 | sp=preview:active d=4.4 age=3 dtg=4.94 region=0_8
ep=1432 s=117 9632ms [sel=41 cap=9474 rest=117] sg=2->2 mode=NONE win=8 obs=118 | cap=wip act=(320,360) d=4.42 a=1 | sp=preview:active d=4.4 age=4 dtg=5.12 region=0_7
ep=1432 s=118 11232ms [sel=30 cap=11078 rest=124] sg=2->2 mode=NONE win=8 obs=119 | cap=wip act=(320,360) d=4.45 a=2 | sp=preview:active d=4.5 age=5 dtg=5.12 region=0_7
ep=1432 s=119 11690ms [sel=24 cap=11550 rest=116] sg=2->2 mode=NONE win=8 obs=120 | cap=wip act=(320,360) d=4.45 a=2 | sp=preview:active d=4.5 age=6 dtg=5.12 region=0_7
ep=1432 s=120 9385ms [sel=13 cap=9249 rest=123] sg=2->2 mode=NONE win=8 obs=121 | cap=wip act=(320,360) d=4.45 a=1 | sp=preview:active d=4.5 age=7 dtg=5.27 region=0_7
ep=1432 s=121 4870ms [sel=24 cap=4729 rest=117] sg=2->2 mode=NONE win=8 obs=122 | cap=wip act=(320,360) d=4.37 a=2 | sp=preview:active d=4.4 age=8 dtg=5.27 region=0_7
ep=1432 s=122 5190ms [sel=9 cap=5062 rest=118] sg=2->2 mode=NONE win=8 obs=123 | cap=wip act=(320,360) d=4.37 a=2 | sp=preview:active d=4.4 age=9 dtg=5.27 region=0_7
ep=1432 s=123 9207ms [sel=6 cap=9086 rest=114] sg=2->2 mode=NONE win=8 obs=124 | cap=wip act=(320,360) d=4.37 a=1 | sp=preview:active d=4.4 age=10 dtg=5.38 region=0_7
ep=1432 s=124 10074ms [sel=4 cap=9955 rest=115] sg=2->2 mode=NONE win=8 obs=125 | cap=wip act=(320,360) d=4.20 a=1 | sp=preview:active d=4.2 age=11 dtg=5.69 region=0_7
ep=1432 s=125 11301ms [sel=36 cap=11150 rest=116] sg=2->2 mode=NONE win=8 obs=126 | cap=wip act=(320,360) d=3.66 a=1 | sp=frontier:active d=3.7 age=0 dtg=5.46 region=0_6
ep=1432 s=126 8101ms [sel=3 cap=7974 rest=124] sg=2->2 mode=NONE win=8 obs=127 | cap=wip act=(320,360) d=3.42 a=1 | sp=frontier:active d=3.4 age=1 dtg=5.24 region=0_6
ep=1432 s=127 13255ms [sel=3 cap=13128 rest=124] sg=2->2 mode=NONE win=8 obs=128 | cap=wip act=(320,360) d=3.17 a=1 | sp=frontier:active d=3.2 age=2 dtg=5.03 region=0_6
ep=1432 s=128 7946ms [sel=4 cap=7818 rest=125] sg=2->2 mode=NONE win=8 obs=129 | cap=wip act=(320,360) d=2.93 a=1 | sp=frontier:active d=2.9 age=3 dtg=4.82 region=0_6
ep=1432 s=129 4469ms [sel=4 cap=4338 rest=127] sg=2->2 mode=NONE win=8 obs=130 | cap=wip act=(320,360) d=2.69 a=1 | sp=frontier:active d=2.7 age=4 dtg=4.62 region=0_6
ep=1432 s=130 13835ms [sel=6 cap=13702 rest=127] sg=2->2 mode=NONE win=8 obs=131 | cap=wip act=(320,360) d=2.45 a=2 | sp=frontier:active d=2.5 age=5 dtg=4.62 region=0_6
ep=1432 s=131 10701ms [sel=6 cap=10573 rest=122] sg=2->2 mode=NONE win=8 obs=132 | cap=wip act=(320,360) d=2.45 a=1 | sp=frontier:active d=2.5 age=6 dtg=4.39 region=0_6
ep=1432 s=132 11961ms [sel=3 cap=11840 rest=118] sg=2->2 mode=NONE win=8 obs=133 | cap=wip act=(320,360) d=2.24 a=1 | sp=frontier:active d=2.2 age=7 dtg=4.17 region=0_6
ep=1432 s=133 9269ms [sel=4 cap=9148 rest=118] sg=2->2 mode=NONE win=8 obs=134 | cap=wip act=(320,360) d=2.05 a=1 | sp=frontier:active d=2.0 age=8 dtg=3.96 region=0_6
ep=1432 s=134 5556ms [sel=11 cap=5428 rest=118] sg=2->2 mode=NONE win=8 obs=135 | cap=wip act=(320,360) d=1.87 a=3 | sp=frontier:active d=1.9 age=9 dtg=3.96 region=0_6
ep=1432 s=135 8529ms [sel=3 cap=8402 rest=124] sg=2->2 mode=NONE win=8 obs=136 | cap=wip act=(320,360) d=1.87 a=3 | sp=frontier:active d=1.9 age=10 dtg=3.96 region=0_6
ep=1432 s=136 6208ms [sel=3 cap=6079 rest=126] sg=2->2 mode=NONE win=8 obs=137 | cap=wip act=(320,360) d=1.87 a=1 | sp=frontier:active d=1.9 age=11 dtg=3.87 region=0_6
ep=1432 s=137 8900ms [sel=3 cap=8771 rest=126] sg=2->2 mode=NONE win=8 obs=138 | cap=wip act=(320,360) d=1.63 a=3 | sp=frontier:active d=1.6 age=12 dtg=3.87 region=0_6
ep=1432 s=138 5847ms [sel=3 cap=5717 rest=127] sg=2->2 mode=NONE win=8 obs=139 | cap=wip act=(320,360) d=1.63 a=1 | sp=frontier:active d=1.6 age=13 dtg=3.87 region=0_6
ep=1432 s=139 6389ms [sel=2303 cap=3961 rest=125] sg=2->2 mode=NONE win=8 obs=140 | cap=wip act=(320,360) d=3.25 a=3 | sp=som:active d=3.3 age=0 som=3/8 dtg=3.87 region=0_6
ep=1432 s=140 6009ms [sel=51 cap=5831 rest=127] sg=2->2 mode=NONE win=8 obs=141 | cap=wip act=(320,360) d=3.25 a=2 | sp=som:active d=3.3 age=1 dtg=3.87 region=0_6
ep=1432 s=141 7657ms [sel=37 cap=7493 rest=127] sg=2->2 mode=NONE win=8 obs=142 | cap=wip act=(320,360) d=3.25 a=2 | sp=som:active d=3.3 age=2 dtg=3.87 region=0_6
ep=1432 s=142 9047ms [sel=50 cap=8871 rest=126] sg=2->2 mode=NONE win=8 obs=143 | cap=wip act=(320,360) d=3.25 a=2 | sp=som:active d=3.3 age=3 dtg=3.87 region=0_6
ep=1432 s=143 12840ms [sel=40 cap=12676 rest=123] sg=2->2 mode=NONE win=8 obs=144 | cap=wip act=(320,360) d=3.25 a=2 | sp=som:active d=3.3 age=4 dtg=3.87 region=0_6
ep=1432 s=144 15191ms [sel=54 cap=15016 rest=121] sg=2->2 mode=NONE win=8 obs=145 | cap=wip act=(320,360) d=3.25 a=2 | sp=som:active d=3.3 age=5 dtg=3.87 region=0_6
ep=1432 s=145 4878ms [sel=32 cap=4726 rest=120] sg=2->2 mode=NONE win=8 obs=146 | cap=wip act=(320,360) d=3.25 a=2 | sp=som:active d=3.3 age=6 dtg=3.87 region=0_6
ep=1432 s=146 13773ms [sel=32 cap=13624 rest=116] sg=2->2 mode=NONE win=8 obs=147 | cap=wip act=(320,360) d=3.25 a=1 | sp=som:active d=3.3 age=7 dtg=3.63 region=0_6
ep=1432 s=147 5317ms [sel=32 cap=5169 rest=116] sg=2->2 mode=NONE win=8 obs=148 | cap=wip act=(320,360) d=3.17 a=1 | sp=som:active d=3.2 age=8 dtg=3.41 region=0_6
ep=1432 s=148 14928ms [sel=30 cap=14783 rest=115] sg=2->2 mode=NONE win=8 obs=149 | cap=wip act=(320,360) d=3.11 a=1 | sp=som:active d=3.1 age=9 dtg=3.18 region=0_6
ep=1432 s=149 9206ms [sel=30 cap=9060 rest=116] sg=2->2 mode=NONE win=8 obs=150 | cap=wip act=(320,360) d=3.07 a=1 | sp=som:active d=3.1 age=10 dtg=2.98 region=0_6
ep=1432 s=150 12898ms [sel=29 cap=12752 rest=117] sg=2->2 mode=NONE win=8 obs=151 | cap=wip act=(320,360) d=3.04 a=1 | sp=som:active d=3.0 age=11 dtg=2.79 region=0_6
ep=1432 s=151 10069ms [sel=29 cap=9927 rest=113] sg=2->2 mode=NONE win=8 obs=152 | cap=wip act=(320,360) d=3.04 a=3 | sp=som:active d=3.0 age=12 dtg=2.79 region=0_6
ep=1432 s=152 11744ms [sel=35 cap=11596 rest=113] sg=2->2 mode=NONE win=8 obs=153 | cap=wip act=(320,360) d=3.04 a=1 | sp=som:active d=3.0 age=13 dtg=2.71 region=0_6
ep=1432 s=153 7939ms [sel=34 cap=7793 rest=111] sg=2->2 mode=NONE win=8 obs=154 | cap=wip act=(320,360) d=2.99 a=1 | sp=som:active d=3.0 age=14 dtg=2.66 region=0_6
ep=1432 s=154 9511ms [sel=33 cap=9364 rest=113] sg=2->2 mode=NONE win=8 obs=155 | cap=wip act=(320,360) d=2.96 a=1 | sp=som:active d=3.0 age=15 dtg=2.63 region=0_6
ep=1432 s=155 6748ms [sel=33 cap=6599 rest=115] sg=2->2 mode=NONE win=8 obs=156 | cap=wip act=(320,360) d=2.96 a=1 | sp=som:active d=3.0 age=16 dtg=2.63 region=0_6
ep=1432 s=156 8027ms [sel=36 cap=7872 rest=120] sg=2->2 mode=NONE win=8 obs=157 | cap=wip act=(320,360) d=2.97 a=1 | sp=som:active d=3.0 age=17 dtg=2.65 region=0_6
ep=1432 s=157 4575ms [sel=37 cap=4425 rest=114] sg=2->2 mode=NONE win=8 obs=158 | cap=wip act=(320,360) d=3.00 a=1 | sp=som:active d=3.0 age=18 dtg=2.69 region=0_3
ep=1432 s=158 10411ms [sel=37 cap=10259 rest=114] sg=2->2 mode=NONE win=8 obs=159 | cap=wip act=(320,360) d=3.06 a=1 | sp=som:active d=3.1 age=19 dtg=2.76 region=0_3
ep=1432 s=159 13263ms [sel=38 cap=13113 rest=113] sg=2->2 mode=NONE win=8 obs=160 | cap=wip act=(320,360) d=3.13 a=1 | sp=som:active d=3.1 age=20 dtg=2.86 region=0_3
ep=1432 s=160 13557ms [sel=39 cap=13399 rest=119] sg=2->2 mode=NONE win=8 obs=161 | cap=wip act=(320,360) d=3.23 a=1 | sp=som:active d=3.2 age=21 dtg=3.00 region=0_3
ep=1432 s=161 4645ms [sel=40 cap=4492 rest=114] sg=2->2 mode=NONE win=8 obs=162 | cap=wip act=(320,360) d=3.33 a=1 | sp=som:active d=3.3 age=22 dtg=3.17 region=0_3
ep=1432 s=162 11273ms [sel=46 cap=11110 rest=116] sg=2->2 mode=NONE win=8 obs=163 | cap=wip act=(320,360) d=3.46 a=1 | sp=som:active d=3.5 age=23 dtg=3.35 region=0_3
ep=1432 s=163 10910ms [sel=3384 cap=7399 rest=127] sg=2->2 mode=NONE win=8 obs=164 | cap=wip act=(320,360) d=2.97 a=1 | sp=som:active d=3.0 age=0 som=3/7 dtg=3.55 region=0_3
ep=1432 s=164 8883ms [sel=4 cap=8735 rest=144] sg=2->2 mode=NONE win=8 obs=165 | cap=wip act=(320,360) d=2.72 a=1 | sp=som:active d=2.7 age=1 dtg=3.76 region=0_3
ep=1432 s=165 7989ms [sel=4 cap=7862 rest=123] sg=2->2 mode=NONE win=8 obs=166 | cap=wip act=(320,360) d=2.47 a=1 | sp=som:active d=2.5 age=2 dtg=3.98 region=0_3
ep=1432 s=166 9067ms [sel=4 cap=8939 rest=124] sg=2->2 mode=NONE win=8 obs=167 | cap=wip act=(320,360) d=2.22 a=1 | sp=som:active d=2.2 age=3 dtg=4.20 region=0_3
ep=1432 s=167 10091ms [sel=4 cap=9964 rest=123] sg=2->2 mode=NONE win=8 obs=168 | cap=wip act=(320,360) d=1.97 a=1 | sp=som:active d=2.0 age=4 dtg=4.43 region=0_3
ep=1432 s=168 9869ms [sel=3 cap=9744 rest=122] sg=2->2 mode=NONE win=8 obs=169 | cap=wip act=(320,360) d=1.73 a=1 | sp=som:active d=1.7 age=5 dtg=4.66 region=0_3
ep=1432 s=169 14212ms [sel=3 cap=14097 rest=112] sg=2->2 mode=NONE win=8 obs=170 | cap=wip act=(320,360) d=1.48 a=1 | sp=som:active d=1.5 age=6 dtg=4.89 region=0_3
ep=1432 s=170 7411ms [sel=3 cap=7262 rest=146] sg=2->2 mode=NONE win=8 obs=171 | cap=wip act=(320,360) d=1.23 a=1 | sp=som:active d=1.2 age=7 dtg=5.12 region=0_3
ep=1432 s=171 15995ms [sel=3 cap=15844 rest=148] sg=2->2 mode=NONE win=8 obs=172 | cap=wip act=(320,360) d=0.99 a=1 | sp=som:active d=1.0 age=8 dtg=5.36 region=0_3
ep=1432 s=172 10178ms [sel=3 cap=10026 rest=149] sg=2->2 mode=NONE win=8 obs=173 | cap=wip act=(320,360) d=0.75 a=2 | sp=som:active d=0.7 age=9 dtg=5.36 region=0_3
ep=1432 s=173 12097ms [sel=3 cap=11953 rest=141] sg=2->2 mode=NONE win=8 obs=174 | cap=wip act=(320,360) d=0.75 a=1 | sp=som:active d=0.7 age=10 dtg=5.57 region=0_3
ep=1432 s=174 16010ms [sel=6114 cap=9782 rest=113] sg=2->2 mode=NONE win=8 obs=175 | cap=wip act=(320,360) d=2.68 a=1 | sp=som:active d=2.7 age=0 som=3/8 dtg=5.79 region=0_3
ep=1432 s=175 12481ms [sel=3 cap=12360 rest=118] sg=2->2 mode=NONE win=8 obs=176 | cap=wip act=(320,360) d=2.43 a=1 | sp=som:active d=2.4 age=1 dtg=6.01 region=0_3
ep=1432 s=176 10149ms [sel=4 cap=10029 rest=117] sg=2->2 mode=NONE win=8 obs=177 | cap=wip act=(320,360) d=2.18 a=1 | sp=som:active d=2.2 age=2 dtg=6.36 region=0_3
ep=1432 s=177 7404ms [sel=3 cap=7287 rest=114] sg=2->2 mode=NONE win=8 obs=178 | cap=wip act=(320,360) d=1.93 a=1 | sp=som:active d=1.9 age=3 dtg=6.42 region=0_3
ep=1432 s=178 13753ms [sel=48 cap=13594 rest=112] sg=2->2 mode=NONE win=8 obs=179 | cap=wip act=(320,360) d=2.74 a=1 | sp=frontier:active d=2.7 age=0 dtg=6.52 region=0_3
ep=1432 s=179 9333ms [sel=3 cap=9218 rest=112] sg=2->2 mode=NONE win=8 obs=180 | cap=wip act=(320,360) d=2.49 a=1 | sp=frontier:active d=2.5 age=1 dtg=6.65 region=0_3
ep=1432 s=180 11657ms [sel=4 cap=11542 rest=112] sg=2->2 mode=NONE win=8 obs=181 | cap=wip act=(320,360) d=2.25 a=2 | sp=frontier:active d=2.2 age=2 dtg=6.65 region=0_3
ep=1432 s=181 7381ms [sel=4 cap=7260 rest=118] sg=2->2 mode=NONE win=8 obs=182 | cap=wip act=(320,360) d=2.25 a=1 | sp=frontier:active d=2.2 age=3 dtg=6.77 region=0_3
ep=1432 s=182 13455ms [sel=3 cap=13335 rest=118] sg=2->2 mode=NONE win=8 obs=183 | cap=wip act=(320,360) d=2.00 a=1 | sp=frontier:active d=2.0 age=4 dtg=6.92 region=0_3
ep=1432 s=183 6733ms [sel=3 cap=6617 rest=114] sg=2->2 mode=NONE win=8 obs=184 | cap=wip act=(320,360) d=1.75 a=1 | sp=frontier:active d=1.7 age=5 dtg=7.10 region=0_3
ep=1432 s=184 7201ms [sel=3 cap=7085 rest=114] sg=2->2 mode=NONE win=8 obs=185 | cap=wip act=(320,360) d=1.50 a=3 | sp=frontier:active d=1.5 age=6 dtg=7.10 region=0_3
ep=1432 s=185 5764ms [sel=3 cap=5650 rest=111] sg=2->2 mode=NONE win=8 obs=186 | cap=wip act=(320,360) d=1.50 a=1 | sp=frontier:active d=1.5 age=7 dtg=7.33 region=0_3
ep=1432 s=186 8095ms [sel=3 cap=7987 rest=105] sg=2->2 mode=NONE win=8 obs=187 | cap=wip act=(320,360) d=1.25 a=3 | sp=frontier:active d=1.3 age=8 dtg=7.33 region=0_3
ep=1432 s=187 10610ms [sel=3 cap=10501 rest=106] sg=2->2 mode=NONE win=8 obs=188 | cap=wip act=(320,360) d=1.25 a=1 | sp=frontier:active d=1.3 age=9 dtg=7.58 region=0_3
ep=1432 s=188 8290ms [sel=6 cap=8176 rest=109] sg=2->2 mode=NONE win=8 obs=189 | cap=wip act=(320,360) d=1.04 a=1 | sp=frontier:active d=1.0 age=10 dtg=7.83 region=0_3
ep=1432 s=189 9552ms [sel=25 cap=9414 rest=113] sg=2->2 mode=NONE win=8 obs=190 | cap=wip act=(320,360) d=0.83 a=2 | sp=frontier:active d=0.8 age=11 dtg=7.83 region=0_3
ep=1432 s=190 14878ms [sel=6 cap=14722 rest=150] sg=2->2 mode=NONE win=8 obs=191 | cap=wip act=(320,360) d=0.83 a=1 | sp=frontier:active d=0.8 age=12 dtg=8.06 region=None
ep=1432 s=191 9631ms [sel=3 cap=9509 rest=119] sg=2->2 mode=NONE win=8 obs=192 | cap=wip act=(320,360) d=0.62 a=1 | sp=frontier:active d=0.6 age=13 dtg=8.30 region=0_12
ep=1432 s=192 13477ms [sel=5865 cap=7494 rest=119] sg=2->2 mode=NONE win=8 obs=193 | cap=wip act=(320,360) d=2.85 a=1 | sp=som:active d=2.9 age=0 som=2/6 dtg=8.54 region=0_12
ep=1432 s=193 5360ms [sel=3 cap=5234 rest=123] sg=2->2 mode=NONE win=8 obs=194 | cap=wip act=(320,360) d=2.61 a=3 | sp=som:active d=2.6 age=1 dtg=8.54 region=0_12
ep=1432 s=194 7895ms [sel=3 cap=7778 rest=114] sg=2->2 mode=NONE win=8 obs=195 | cap=wip act=(320,360) d=2.61 a=3 | sp=som:active d=2.6 age=2 dtg=8.54 region=0_12
ep=1432 s=195 10210ms [sel=3 cap=10068 rest=139] sg=2->2 mode=NONE win=8 obs=196 | cap=wip act=(320,360) d=2.61 a=1 | sp=som:active d=2.6 age=3 dtg=8.78 region=0_12
ep=1432 s=196 8581ms [sel=3 cap=8465 rest=114] sg=2->2 mode=NONE win=8 obs=197 | cap=wip act=(320,360) d=2.37 a=1 | sp=som:active d=2.4 age=4 dtg=9.03 region=0_12
ep=1432 s=197 9279ms [sel=3 cap=9161 rest=116] sg=2->2 mode=NONE win=8 obs=198 | cap=wip act=(320,360) d=2.14 a=1 | sp=som:active d=2.1 age=5 dtg=9.27 region=0_12
ep=1432 s=198 11226ms [sel=3 cap=11109 rest=113] sg=2->2 mode=NONE win=8 obs=199 | cap=wip act=(320,360) d=1.91 a=1 | sp=som:active d=1.9 age=6 dtg=9.52 region=0_12
ep=1432 s=199 10337ms [sel=4 cap=10209 rest=123] sg=2->2 mode=NONE win=8 obs=200 | cap=wip act=(320,360) d=1.69 a=2 | sp=som:active d=1.7 age=7 dtg=9.52 region=0_12
ep=1432 s=200 12477ms [sel=3 cap=12365 rest=109] sg=2->2 mode=NONE win=8 obs=201 | cap=wip act=(320,360) d=1.69 a=1 | sp=som:active d=1.7 age=8 dtg=9.77 region=0_12
ep=1432 s=201 10534ms [sel=3 cap=10414 rest=117] sg=2->2 mode=NONE win=8 obs=202 | cap=wip act=(320,360) d=1.45 a=1 | sp=som:active d=1.4 age=9 dtg=10.02 region=0_12
ep=1432 s=202 12564ms [sel=3 cap=12412 rest=149] sg=2->2 mode=NONE win=8 obs=203 | cap=wip act=(320,360) d=1.21 a=1 | sp=som:active d=1.2 age=10 dtg=10.26 region=0_12
ep=1432 s=203 11955ms [sel=3 cap=11813 rest=140] sg=2->2 mode=NONE win=8 obs=204 | cap=wip act=(320,360) d=0.98 a=2 | sp=som:active d=1.0 age=11 dtg=10.26 region=0_12
ep=1432 s=204 9459ms [sel=3 cap=9335 rest=121] sg=2->2 mode=NONE win=8 obs=205 | cap=wip act=(320,360) d=0.98 a=1 | sp=som:active d=1.0 age=12 dtg=10.50 region=0_12
ep=1432 s=205 13031ms [sel=3 cap=12910 rest=118] sg=2->2 mode=NONE win=8 obs=206 | cap=wip act=(320,360) d=0.73 a=1 | sp=som:active d=0.7 age=13 dtg=10.74 region=0_12
ep=1432 s=206 11249ms [sel=52 cap=11079 rest=117] sg=2->2 mode=NONE win=8 obs=207 | cap=wip act=(320,360) d=2.06 a=3 | sp=frontier:active d=2.1 age=0 dtg=10.74 region=0_12
ep=1432 s=207 10912ms [sel=3 cap=10795 rest=114] sg=2->2 mode=NONE win=8 obs=208 | cap=wip act=(320,360) d=2.06 a=1 | sp=frontier:active d=2.1 age=1 dtg=10.99 region=0_12
ep=1432 s=208 11518ms [sel=3 cap=11402 rest=113] sg=2->2 mode=NONE win=8 obs=209 | cap=wip act=(320,360) d=1.82 a=1 | sp=frontier:active d=1.8 age=2 dtg=11.24 region=0_12
ep=1432 s=209 9591ms [sel=6 cap=9477 rest=109] sg=2->2 mode=NONE win=8 obs=210 | cap=wip act=(320,360) d=1.58 a=1 | sp=frontier:active d=1.6 age=3 dtg=11.49 region=0_12
ep=1432 s=210 7982ms [sel=6 cap=7841 rest=134] sg=2->2 mode=NONE win=8 obs=211 | cap=wip act=(320,360) d=1.34 a=1 | sp=frontier:active d=1.3 age=4 dtg=11.74 region=0_12
ep=1432 s=211 9506ms [sel=4 cap=9359 rest=142] sg=2->2 mode=NONE win=8 obs=212 | cap=wip act=(320,360) d=1.12 a=3 | sp=frontier:active d=1.1 age=5 dtg=11.74 region=0_12
ep=1432 s=212 9250ms [sel=4 cap=9128 rest=118] sg=2->2 mode=NONE win=8 obs=213 | cap=wip act=(320,360) d=1.12 a=1 | sp=frontier:active d=1.1 age=6 dtg=11.98 region=0_12
ep=1432 s=213 10850ms [sel=3 cap=10730 rest=117] sg=2->2 mode=NONE win=8 obs=214 | cap=wip act=(320,360) d=0.94 a=2 | sp=frontier:active d=0.9 age=7 dtg=11.98 region=0_12
ep=1432 s=214 10315ms [sel=3 cap=10201 rest=112] sg=2->2 mode=NONE win=8 obs=215 | cap=wip act=(320,360) d=0.94 a=2 | sp=frontier:active d=0.9 age=8 dtg=11.98 region=0_12
ep=1432 s=215 9880ms [sel=4 cap=9761 rest=115] sg=2->2 mode=NONE win=8 obs=216 | cap=wip act=(320,360) d=0.94 a=1 | sp=frontier:active d=0.9 age=9 dtg=12.22 region=0_12
ep=1432 s=216 7302ms [sel=3 cap=7181 rest=118] sg=2->2 mode=NONE win=8 obs=217 | cap=wip act=(320,360) d=0.71 a=1 | sp=frontier:active d=0.7 age=10 dtg=12.46 region=0_12
ep=1432 s=217 5469ms [sel=3 cap=5348 rest=118] sg=2->2 mode=NONE win=8 obs=218 | cap=wip act=(320,360) d=0.51 a=2 | sp=frontier:active d=0.5 age=11 dtg=12.46 region=0_12
ep=1432 s=218 7199ms [sel=3 cap=7076 rest=120] sg=2->2 mode=NONE win=8 obs=219 | cap=wip act=(320,360) d=0.51 a=1 | sp=frontier:active d=0.5 age=12 dtg=12.68 region=0_12
ep=1432 s=219 11828ms [sel=5014 cap=6690 rest=124] sg=2->2 mode=NONE win=8 obs=220 | cap=wip act=(320,360) d=1.27 a=3 | sp=som:active d=1.3 age=0 som=3/6 dtg=12.68 region=0_12
ep=1432 s=220 8198ms [sel=3 cap=8078 rest=117] sg=2->2 mode=NONE win=8 obs=221 | cap=wip act=(320,360) d=1.27 a=3 | sp=som:active d=1.3 age=1 dtg=12.68 region=0_12
ep=1432 s=221 7920ms [sel=3 cap=7804 rest=114] sg=2->2 mode=NONE win=8 obs=222 | cap=wip act=(320,360) d=1.27 a=1 | sp=som:active d=1.3 age=2 dtg=12.93 region=0_12
ep=1432 s=222 10920ms [sel=3 cap=10806 rest=112] sg=2->2 mode=NONE win=8 obs=223 | cap=wip act=(320,360) d=1.02 a=1 | sp=som:active d=1.0 age=3 dtg=13.18 region=0_12
ep=1432 s=223 13636ms [sel=3 cap=13525 rest=108] sg=2->2 mode=NONE win=8 obs=224 | cap=wip act=(320,360) d=0.77 a=1 | sp=som:active d=0.8 age=4 dtg=13.43 region=0_12
ep=1432 s=224 14403ms [sel=3 cap=14305 rest=95] sg=2->2 mode=NONE win=8 obs=225 | cap=wip act=(320,360) d=0.52 a=1 | sp=som:active d=0.5 age=5 dtg=13.68 region=0_12
ep=1432 s=225 11246ms [sel=70 cap=11077 rest=98] sg=2->2 mode=NONE win=8 obs=226 | cap=wip act=(320,360) d=2.96 a=3 | sp=frontier:active d=3.0 age=0 dtg=13.68 region=0_12
ep=1432 s=226 9592ms [sel=3 cap=9486 rest=103] sg=2->2 mode=NONE win=8 obs=227 | cap=wip act=(320,360) d=2.96 a=3 | sp=frontier:active d=3.0 age=1 dtg=13.68 region=0_12
ep=1432 s=227 14519ms [sel=3 cap=14407 rest=108] sg=2->2 mode=NONE win=8 obs=228 | cap=wip act=(320,360) d=2.96 a=1 | sp=frontier:active d=3.0 age=2 dtg=13.90 region=0_12
ep=1432 s=228 8298ms [sel=3 cap=8188 rest=107] sg=2->2 mode=NONE win=8 obs=229 | cap=wip act=(320,360) d=2.75 a=1 | sp=frontier:active d=2.7 age=3 dtg=14.11 region=0_12
ep=1432 s=229 18486ms [sel=3 cap=18377 rest=106] sg=2->2 mode=NONE win=8 obs=230 | cap=wip act=(320,360) d=2.53 a=1 | sp=frontier:active d=2.5 age=4 dtg=14.34 region=0_12
ep=1432 s=230 7504ms [sel=4 cap=7391 rest=110] sg=2->2 mode=NONE win=8 obs=231 | cap=wip act=(320,360) d=2.33 a=1 | sp=frontier:active d=2.3 age=5 dtg=14.56 region=0_12
ep=1432 s=231 14249ms [sel=12 cap=14134 rest=103] sg=2->2 mode=NONE win=8 obs=232 | cap=wip act=(320,360) d=2.13 a=2 | sp=frontier:active d=2.1 age=6 dtg=14.56 region=0_12
ep=1432 s=232 21701ms [sel=3 cap=21594 rest=104] sg=2->2 mode=NONE win=8 obs=233 | cap=wip act=(320,360) d=2.13 a=1 | sp=frontier:active d=2.1 age=7 dtg=14.80 region=0_12
ep=1432 s=233 5034ms [sel=3 cap=4932 rest=99] sg=2->2 mode=NONE win=8 obs=234 | cap=wip act=(320,360) d=1.91 a=2 | sp=frontier:active d=1.9 age=8 dtg=14.80 region=0_12
ep=1432 s=234 12286ms [sel=3 cap=12178 rest=105] sg=2->2 mode=NONE win=8 obs=235 | cap=wip act=(320,360) d=1.91 a=1 | sp=frontier:active d=1.9 age=9 dtg=15.05 region=0_12
ep=1432 s=235 7762ms [sel=3 cap=7649 rest=110] sg=2->2 mode=NONE win=8 obs=236 | cap=wip act=(320,360) d=1.67 a=2 | sp=frontier:active d=1.7 age=10 dtg=15.05 region=0_12
ep=1432 s=236 10536ms [sel=3 cap=10420 rest=112] sg=2->2 mode=NONE win=8 obs=237 | cap=wip act=(320,360) d=1.67 a=1 | sp=frontier:active d=1.7 age=11 dtg=15.29 region=0_12
ep=1432 s=237 9750ms [sel=4 cap=9631 rest=116] sg=2->2 mode=NONE win=8 obs=238 | cap=wip act=(320,360) d=1.42 a=2 | sp=frontier:active d=1.4 age=12 dtg=15.29 region=0_12
ep=1432 s=238 10055ms [sel=3 cap=9938 rest=114] sg=2->2 mode=NONE win=8 obs=239 | cap=wip act=(320,360) d=1.42 a=1 | sp=frontier:active d=1.4 age=13 dtg=15.50 region=0_12
ep=1432 s=239 10668ms [sel=67 cap=10486 rest=115] sg=2->2 mode=NONE win=8 obs=240 | cap=wip act=(320,360) d=2.96 a=1 | sp=frontier:active d=3.0 age=0 dtg=15.72 region=0_12
ep=1432 s=240 21309ms [sel=3 cap=21190 rest=115] sg=2->2 mode=NONE win=8 obs=241 | cap=wip act=(320,360) d=2.73 a=1 | sp=frontier:active d=2.7 age=1 dtg=15.95 region=0_12
ep=1432 s=241 7055ms [sel=3 cap=6933 rest=119] sg=2->2 mode=NONE win=8 obs=242 | cap=wip act=(320,360) d=2.51 a=3 | sp=frontier:active d=2.5 age=2 dtg=15.95 region=0_12
ep=1432 s=242 17563ms [sel=3 cap=17441 rest=119] sg=2->2 mode=NONE win=8 obs=243 | cap=wip act=(320,360) d=2.51 a=1 | sp=frontier:active d=2.5 age=3 dtg=16.20 region=0_12
ep=1432 s=243 9769ms [sel=4 cap=9648 rest=117] sg=2->2 mode=NONE win=8 obs=244 | cap=wip act=(320,360) d=2.27 a=3 | sp=frontier:active d=2.3 age=4 dtg=16.20 region=0_12
ep=1432 s=244 14164ms [sel=3 cap=14046 rest=115] sg=2->2 mode=NONE win=8 obs=245 | cap=wip act=(320,360) d=2.27 a=1 | sp=frontier:active d=2.3 age=5 dtg=16.44 region=0_12
ep=1432 s=245 8390ms [sel=3 cap=8268 rest=118] sg=2->2 mode=NONE win=8 obs=246 | cap=wip act=(320,360) d=2.02 a=1 | sp=frontier:active d=2.0 age=6 dtg=16.69 region=0_12
ep=1432 s=246 9383ms [sel=3 cap=9264 rest=116] sg=2->2 mode=NONE win=8 obs=247 | cap=wip act=(320,360) d=1.77 a=1 | sp=frontier:active d=1.8 age=7 dtg=16.94 region=0_12
ep=1432 s=247 7348ms [sel=3 cap=7232 rest=113] sg=2->2 mode=NONE win=8 obs=248 | cap=wip act=(320,360) d=1.52 a=1 | sp=frontier:active d=1.5 age=8 dtg=17.19 region=0_12
ep=1432 s=248 7953ms [sel=3 cap=7837 rest=113] sg=2->2 mode=NONE win=8 obs=249 | cap=wip act=(320,360) d=1.27 a=1 | sp=frontier:active d=1.3 age=9 dtg=17.43 region=0_12
ep=1432 s=249 7905ms [sel=3 cap=7792 rest=110] sg=2->2 mode=NONE win=8 obs=250 | cap=wip act=(320,360) d=1.02 a=1 | sp=frontier:active d=1.0 age=10 dtg=17.68 region=0_12
ep=1432 s=250 12359ms [sel=3 cap=12242 rest=114] sg=2->2 mode=NONE win=8 obs=251 | cap=wip act=(320,360) d=0.77 a=1 | sp=frontier:active d=0.8 age=11 dtg=17.93 region=0_12
ep=1432 s=251 10491ms [sel=77 cap=10299 rest=116] sg=2->2 mode=NONE win=8 obs=252 | cap=wip act=(320,360) d=3.67 a=2 | sp=frontier:active d=3.7 age=0 dtg=17.93 region=0_12
ep=1432 s=252 10758ms [sel=3 cap=10640 rest=115] sg=2->2 mode=NONE win=8 obs=253 | cap=wip act=(320,360) d=3.67 a=2 | sp=frontier:active d=3.7 age=1 dtg=17.93 region=0_12
ep=1432 s=253 5316ms [sel=3 cap=5195 rest=118] sg=2->2 mode=NONE win=8 obs=254 | cap=wip act=(320,360) d=3.67 a=1 | sp=frontier:active d=3.7 age=2 dtg=18.16 region=0_28
ep=1432 s=254 7746ms [sel=3 cap=7630 rest=113] sg=2->2 mode=NONE win=8 obs=255 | cap=wip act=(320,360) d=3.42 a=2 | sp=frontier:active d=3.4 age=3 dtg=18.16 region=0_28
ep=1432 s=255 10627ms [sel=3 cap=10514 rest=109] sg=2->2 mode=NONE win=8 obs=256 | cap=wip act=(320,360) d=3.42 a=1 | sp=frontier:active d=3.4 age=4 dtg=18.36 region=0_28
ep=1432 s=256 7367ms [sel=3 cap=7248 rest=115] sg=2->2 mode=NONE win=8 obs=257 | cap=wip act=(320,360) d=3.19 a=2 | sp=frontier:active d=3.2 age=5 dtg=18.36 region=0_28
ep=1432 s=257 6868ms [sel=3 cap=6685 rest=181] sg=2->2 mode=NONE win=8 obs=258 | cap=wip act=(320,360) d=3.19 a=1 | sp=frontier:active d=3.2 age=6 dtg=18.52 region=0_28
ep=1432 s=258 12136ms [sel=7 cap=11987 rest=142] sg=2->2 mode=NONE win=8 obs=259 | cap=wip act=(320,360) d=2.99 a=1 | sp=frontier:active d=3.0 age=7 dtg=18.69 region=0_28
ep=1432 s=259 5597ms [sel=11 cap=5475 rest=111] sg=2->2 mode=NONE win=8 obs=260 | cap=wip act=(320,360) d=2.80 a=1 | sp=frontier:active d=2.8 age=8 dtg=18.87 region=0_28
ep=1432 s=260 6968ms [sel=14 cap=6846 rest=108] sg=2->2 mode=NONE win=8 obs=261 | cap=wip act=(320,360) d=2.62 a=3 | sp=frontier:active d=2.6 age=9 dtg=18.87 region=0_28
ep=1432 s=261 7247ms [sel=3 cap=7135 rest=109] sg=2->2 mode=NONE win=8 obs=262 | cap=wip act=(320,360) d=2.62 a=1 | sp=frontier:active d=2.6 age=10 dtg=19.09 region=0_28
ep=1432 s=262 8590ms [sel=3 cap=8479 rest=107] sg=2->2 mode=NONE win=8 obs=263 | cap=wip act=(320,360) d=2.42 a=3 | sp=frontier:active d=2.4 age=11 dtg=19.09 region=0_28
ep=1432 s=263 7566ms [sel=3 cap=7464 rest=99] sg=2->2 mode=NONE win=8 obs=264 | cap=wip act=(320,360) d=2.42 a=1 | sp=frontier:active d=2.4 age=12 dtg=19.34 region=0_28
ep=1432 s=264 7602ms [sel=3 cap=7492 rest=107] sg=2->2 mode=NONE win=8 obs=265 | cap=wip act=(320,360) d=2.18 a=3 | sp=frontier:active d=2.2 age=13 dtg=19.34 region=0_28
ep=1432 s=265 9618ms [sel=3 cap=9518 rest=97] sg=2->2 mode=NONE win=8 obs=266 | cap=wip act=(320,360) d=2.18 a=1 | sp=frontier:active d=2.2 age=14 dtg=19.59 region=0_28
ep=1432 s=266 12464ms [sel=4920 cap=7444 rest=101] sg=2->2 mode=NONE win=8 obs=267 | cap=wip act=(320,360) d=3.05 a=1 | sp=som:active d=3.1 age=0 som=3/8 dtg=19.84 region=0_28
ep=1432 s=267 5757ms [sel=3 cap=5648 rest=105] sg=2->2 mode=NONE win=8 obs=268 | cap=wip act=(320,360) d=2.80 a=1 | sp=som:active d=2.8 age=1 dtg=20.09 region=0_28
ep=1432 s=268 9084ms [sel=4 cap=8974 rest=106] sg=2->2 mode=NONE win=8 obs=269 | cap=wip act=(320,360) d=2.56 a=1 | sp=som:active d=2.6 age=2 dtg=20.34 region=0_28
ep=1432 s=269 5530ms [sel=3 cap=5416 rest=111] sg=2->2 mode=NONE win=8 obs=270 | cap=wip act=(320,360) d=2.31 a=1 | sp=som:active d=2.3 age=3 dtg=20.59 region=0_28
ep=1432 s=270 8484ms [sel=3 cap=8342 rest=139] sg=2->2 mode=NONE win=8 obs=271 | cap=wip act=(320,360) d=2.06 a=3 | sp=som:active d=2.1 age=4 dtg=20.59 region=0_28
ep=1432 s=271 8647ms [sel=3 cap=8533 rest=111] sg=2->2 mode=NONE win=8 obs=272 | cap=wip act=(320,360) d=2.06 a=1 | sp=som:active d=2.1 age=5 dtg=20.82 region=0_28
ep=1432 s=272 8208ms [sel=3 cap=8090 rest=115] sg=2->2 mode=NONE win=8 obs=273 | cap=wip act=(320,360) d=1.81 a=1 | sp=som:active d=1.8 age=6 dtg=21.06 region=0_28
ep=1432 s=273 8420ms [sel=3 cap=8298 rest=119] sg=2->2 mode=NONE win=8 obs=274 | cap=wip act=(320,360) d=1.56 a=1 | sp=som:active d=1.6 age=7 dtg=21.30 region=0_28
ep=1432 s=274 6568ms [sel=3 cap=6458 rest=107] sg=2->2 mode=NONE win=8 obs=275 | cap=wip act=(320,360) d=1.32 a=1 | sp=som:active d=1.3 age=8 dtg=21.54 region=0_28
ep=1432 s=275 6036ms [sel=4 cap=5925 rest=107] sg=2->2 mode=NONE win=8 obs=276 | cap=wip act=(320,360) d=1.07 a=1 | sp=som:active d=1.1 age=9 dtg=21.79 region=0_28
ep=1432 s=276 7606ms [sel=3 cap=7504 rest=98] sg=2->2 mode=NONE win=8 obs=277 | cap=wip act=(320,360) d=0.82 a=1 | sp=som:active d=0.8 age=10 dtg=22.03 region=0_28
ep=1432 s=277 7030ms [sel=4 cap=6927 rest=99] sg=2->2 mode=NONE win=8 obs=278 | cap=wip act=(320,360) d=0.58 a=2 | sp=som:active d=0.6 age=11 dtg=22.03 region=0_28
ep=1432 s=278 14890ms [sel=3 cap=14793 rest=95] sg=2->2 mode=NONE win=8 obs=279 | cap=wip act=(320,360) d=0.58 a=1 | sp=som:active d=0.6 age=12 dtg=22.28 region=0_28
ep=1432 s=279 13601ms [sel=78 cap=13428 rest=95] sg=2->2 mode=NONE win=8 obs=280 | cap=wip act=(320,360) d=3.23 a=2 | sp=frontier:active d=3.2 age=0 dtg=22.28 region=0_28
ep=1432 s=280 8603ms [sel=10 cap=8494 rest=99] sg=2->2 mode=NONE win=8 obs=281 | cap=wip act=(320,360) d=3.23 a=2 | sp=frontier:active d=3.2 age=1 dtg=22.28 region=0_28
ep=1432 s=281 9918ms [sel=52 cap=9766 rest=100] sg=2->2 mode=NONE win=8 obs=282 | cap=wip act=(320,360) d=3.23 a=2 | sp=frontier:active d=3.2 age=2 dtg=22.28 region=0_28
ep=1432 s=282 11036ms [sel=44 cap=10903 rest=90] sg=2->2 mode=NONE win=8 obs=283 | cap=wip act=(320,360) d=3.23 a=2 | sp=frontier:active d=3.2 age=3 dtg=22.28 region=0_28
ep=1432 s=283 15827ms [sel=16 cap=15318 rest=456] sg=2->2 mode=NONE win=8 obs=284 | cap=wip act=PREVIEW a=2 | preview=view3/6 yaw=+15 render=37ms dtg=22.28 region=0_28
ep=1432 s=284 12601ms [sel=83 cap=12420 rest=98] sg=2->2 mode=NONE win=8 obs=285 | cap=wip act=(320,360) d=1.53 a=1 | sp=straight_ahead:active d=1.0 age=0 dtg=22.34 region=0_28
ep=1432 s=285 12607ms [sel=3 cap=12505 rest=98] sg=2->2 mode=NONE win=8 obs=286 | cap=wip act=(320,360) d=0.74 a=3 | sp=straight_ahead:active d=0.7 age=1 dtg=22.34 region=0_28
ep=1432 s=286 8204ms [sel=3 cap=8107 rest=94] sg=2->2 mode=NONE win=8 obs=287 | cap=wip act=(320,360) d=0.74 a=1 | sp=straight_ahead:active d=0.7 age=2 dtg=22.48 region=0_16
ep=1432 s=287 15524ms [sel=6501 cap=8931 rest=92] sg=2->2 mode=NONE win=8 obs=288 | cap=wip act=(320,360) d=0.67 a=1 | sp=frontier:active d=0.7 age=0 som=4/7 dtg=22.61 region=0_16
ep=1432 s=288 13294ms [sel=3734 cap=9466 rest=94] sg=2->2 mode=NONE win=8 obs=289 | cap=wip act=(320,359) d=2.25 a=1 | sp=straight_ahead:reached d=0.4 age=0 som=4/7 dtg=22.76 region=0_16
ep=1432 s=289 12012ms [sel=5924 cap=5988 rest=100] sg=2->2 mode=NONE win=8 obs=290 | cap=wip act=(320,359) d=2.25 a=1 som=3/6 dtg=22.92 region=0_16
ep=1432 s=290 11946ms [sel=6044 cap=5809 rest=93] sg=2->2 mode=NONE win=8 obs=291 | cap=wip act=(320,360) d=3.53 a=2 | sp=frontier:active d=3.5 age=0 som=1/4 dtg=22.92 region=0_16
ep=1432 s=291 5037ms [sel=53 cap=4894 rest=91] sg=2->2 mode=NONE win=8 obs=292 | cap=wip act=(320,360) d=3.53 a=2 | sp=frontier:active d=3.5 age=1 dtg=22.92 region=0_16
ep=1432 s=292 6932ms [sel=51 cap=6781 rest=99] sg=2->2 mode=NONE win=8 obs=293 | cap=wip act=(320,360) d=3.53 a=2 | sp=frontier:active d=3.5 age=2 dtg=22.92 region=0_16
ep=1432 s=293 8852ms [sel=46 cap=8708 rest=99] sg=2->2 mode=NONE win=8 obs=294 | cap=wip act=(320,360) d=3.53 a=2 | sp=frontier:active d=3.5 age=3 dtg=22.92 region=0_16
ep=1432 s=294 9137ms [sel=43 cap=8997 rest=97] sg=2->2 mode=NONE win=8 obs=295 | cap=wip act=(320,360) d=3.53 a=2 | sp=frontier:active d=3.5 age=4 dtg=22.92 region=0_16
ep=1432 s=295 15744ms [sel=53 cap=15596 rest=94] sg=2->2 mode=NONE win=8 obs=296 | cap=wip act=(320,360) d=3.53 a=2 | sp=frontier:active d=3.5 age=5 dtg=22.92 region=0_16
ep=1432 s=296 12461ms [sel=28 cap=12332 rest=101] sg=2->2 mode=NONE win=8 obs=297 | cap=wip act=(320,360) d=3.53 a=2 | sp=frontier:active d=3.5 age=6 dtg=22.92 region=0_16
ep=1432 s=297 13238ms [sel=11 cap=13133 rest=95] sg=2->2 mode=NONE win=8 obs=298 | cap=wip act=(320,360) d=3.53 a=2 | sp=frontier:active d=3.5 age=7 dtg=22.92 region=0_16
ep=1432 s=298 6430ms [sel=10 cap=6327 rest=93] sg=2->2 mode=NONE win=8 obs=299 | cap=wip act=(320,360) d=3.53 a=2 | sp=frontier:active d=3.5 age=8 dtg=22.92 region=0_16
ep=1432 s=299 7225ms [sel=17 cap=7104 rest=104] sg=2->2 mode=NONE win=8 obs=300 | cap=wip act=(320,360) d=3.53 a=2 | sp=frontier:active d=3.5 age=9 dtg=22.92 region=0_16
ep=1432 s=300 11707ms [sel=25 cap=11571 rest=110] sg=2->2 mode=NONE win=8 obs=301 | cap=wip act=(320,360) d=3.53 a=1 | sp=frontier:active d=3.5 age=10 dtg=22.68 region=0_16
ep=1432 s=301 8378ms [sel=23 cap=8248 rest=107] sg=2->2 mode=NONE win=8 obs=302 | cap=wip act=(320,360) d=3.46 a=3 | sp=frontier:active d=3.5 age=11 dtg=22.68 region=0_16
ep=1432 s=302 6323ms [sel=17 cap=6195 rest=110] sg=2->2 mode=NONE win=8 obs=303 | cap=wip act=(320,360) d=3.46 a=1 | sp=frontier:active d=3.5 age=12 dtg=22.44 region=0_16
ep=1432 s=303 7712ms [sel=19 cap=7577 rest=115] sg=2->2 mode=NONE win=8 obs=304 | cap=wip act=(320,360) d=3.35 a=1 | sp=frontier:active d=3.3 age=13 dtg=22.19 region=0_16
ep=1432 s=304 5863ms [sel=14 cap=5733 rest=116] sg=2->2 mode=NONE win=8 obs=305 | cap=wip act=(320,360) d=3.25 a=1 | sp=frontier:active d=3.2 age=14 dtg=21.94 region=0_16
ep=1432 s=305 12423ms [sel=15 cap=12309 rest=98] sg=2->2 mode=NONE win=8 obs=306 | cap=wip act=(320,360) d=3.17 a=1 | sp=frontier:active d=3.2 age=15 dtg=21.69 region=0_16
ep=1432 s=306 4897ms [sel=17 cap=4782 rest=98] sg=2->2 mode=NONE win=8 obs=307 | cap=wip act=(320,360) d=3.10 a=2 | sp=frontier:active d=3.1 age=16 dtg=21.69 region=0_16
ep=1432 s=307 8559ms [sel=22 cap=8423 rest=114] sg=2->2 mode=NONE win=8 obs=308 | cap=wip act=(320,360) d=3.10 a=1 | sp=frontier:active d=3.1 age=17 dtg=21.46 region=0_28
ep=1432 s=308 6529ms [sel=1844 cap=4573 rest=112] sg=2->2 mode=NONE win=8 obs=309 | cap=wip act=(320,360) d=3.04 a=1 | sp=som:active d=3.0 age=0 som=5/7 dtg=21.24 region=0_28
ep=1432 s=309 10631ms [sel=10 cap=10520 rest=100] sg=2->2 mode=NONE win=8 obs=310 | cap=wip act=(320,360) d=2.85 a=3 | sp=som:active d=2.9 age=1 dtg=21.24 region=0_28
ep=1432 s=310 9762ms [sel=3 cap=9653 rest=105] sg=2->2 mode=NONE win=8 obs=311 | cap=wip act=(320,360) d=2.85 a=1 | sp=som:active d=2.9 age=2 dtg=20.99 region=0_28
ep=1432 s=311 9267ms [sel=3 cap=9155 rest=108] sg=2->2 mode=NONE win=8 obs=312 | cap=wip act=(320,360) d=2.63 a=3 | sp=som:active d=2.6 age=3 dtg=20.99 region=0_28
ep=1432 s=312 5199ms [sel=3 cap=5093 rest=102] sg=2->2 mode=NONE win=8 obs=313 | cap=wip act=(320,360) d=2.63 a=1 | sp=som:active d=2.6 age=4 dtg=20.74 region=0_28
ep=1432 s=313 13603ms [sel=3 cap=13492 rest=108] sg=2->2 mode=NONE win=8 obs=314 | cap=wip act=(320,360) d=2.40 a=3 | sp=som:active d=2.4 age=5 dtg=20.74 region=0_28
ep=1432 s=314 10983ms [sel=3 cap=10870 rest=110] sg=2->2 mode=NONE win=8 obs=315 | cap=wip act=(320,360) d=2.40 a=1 | sp=som:active d=2.4 age=6 dtg=20.51 region=0_28
ep=1432 s=315 14195ms [sel=3 cap=14079 rest=113] sg=2->2 mode=NONE win=8 obs=316 | cap=wip act=(320,360) d=2.15 a=1 | sp=som:active d=2.1 age=7 dtg=20.27 region=0_28
ep=1432 s=316 7030ms [sel=3 cap=6910 rest=117] sg=2->2 mode=NONE win=8 obs=317 | cap=wip act=(320,360) d=1.90 a=1 | sp=som:active d=1.9 age=8 dtg=20.04 region=0_28
ep=1432 s=317 7022ms [sel=3 cap=6899 rest=120] sg=2->2 mode=NONE win=8 obs=318 | cap=wip act=(320,360) d=1.65 a=1 | sp=som:active d=1.6 age=9 dtg=19.80 region=0_28
ep=1432 s=318 12642ms [sel=3 cap=12520 rest=119] sg=2->2 mode=NONE win=8 obs=319 | cap=wip act=(320,360) d=1.40 a=1 | sp=som:active d=1.4 age=10 dtg=19.57 region=0_28
ep=1432 s=319 11249ms [sel=3 cap=11123 rest=123] sg=2->2 mode=NONE win=8 obs=320 | cap=wip act=(320,360) d=1.15 a=1 | sp=som:active d=1.1 age=11 dtg=19.34 region=0_28
ep=1432 s=320 6510ms [sel=3 cap=6387 rest=120] sg=2->2 mode=NONE win=8 obs=321 | cap=wip act=(320,360) d=0.90 a=1 | sp=som:active d=0.9 age=12 dtg=19.12 region=0_28
ep=1432 s=321 11758ms [sel=3 cap=11632 rest=123] sg=2->2 mode=NONE win=8 obs=322 | cap=wip act=(320,360) d=0.65 a=1 | sp=som:active d=0.7 age=13 dtg=18.89 region=0_28
ep=1432 s=322 11931ms [sel=4460 cap=7349 rest=121] sg=2->2 mode=NONE win=8 obs=323 | cap=wip act=(320,360) d=2.74 a=1 | sp=som:active d=2.7 age=0 som=1/8 dtg=18.67 region=0_28
ep=1432 s=323 13544ms [sel=3 cap=13420 rest=121] sg=2->2 mode=NONE win=8 obs=324 | cap=wip act=(320,360) d=2.49 a=2 | sp=som:active d=2.5 age=1 dtg=18.67 region=0_28
ep=1432 s=324 26330ms [sel=3 cap=26203 rest=124] sg=2->2 mode=NONE win=8 obs=325 | cap=wip act=(320,360) d=2.49 a=1 | sp=som:active d=2.5 age=2 dtg=18.43 region=0_12
ep=1432 s=325 12040ms [sel=4 cap=11918 rest=118] sg=2->2 mode=NONE win=8 obs=326 | cap=wip act=(320,360) d=2.24 a=1 | sp=som:active d=2.2 age=3 dtg=18.19 region=0_12
ep=1432 s=326 11157ms [sel=3 cap=11036 rest=117] sg=2->2 mode=NONE win=8 obs=327 | cap=wip act=(320,360) d=1.99 a=1 | sp=som:active d=2.0 age=4 dtg=17.95 region=0_12
ep=1432 s=327 18528ms [sel=47 cap=17931 rest=510] sg=2->2 mode=NONE win=8 obs=328 | cap=wip act=(160,180) d=3.89 a=2 | preview=view2/6 yaw=-45 render=40ms | sp=preview:active d=3.9 age=0 dtg=17.95 region=0_12
ep=1432 s=328 8825ms [sel=30 cap=8675 rest=119] sg=2->2 mode=NONE win=8 obs=329 | cap=wip act=(320,360) d=3.89 a=2 | sp=preview:active d=3.9 age=1 dtg=17.95 region=0_12
ep=1432 s=329 11712ms [sel=23 cap=11574 rest=115] sg=2->2 mode=NONE win=8 obs=330 | cap=wip act=(320,360) d=3.89 a=2 | sp=preview:active d=3.9 age=2 dtg=17.95 region=0_12
ep=1432 s=330 8411ms [sel=3 cap=8293 rest=115] sg=2->2 mode=NONE win=8 obs=331 | cap=wip act=(320,360) d=3.89 a=2 | sp=preview:active d=3.9 age=3 dtg=17.95 region=0_12
ep=1432 s=331 7259ms [sel=3 cap=7141 rest=115] sg=2->2 mode=NONE win=8 obs=332 | cap=wip act=(320,360) d=3.89 a=1 | sp=preview:active d=3.9 age=4 dtg=17.77 region=0_12
ep=1432 s=332 9553ms [sel=3 cap=9438 rest=112] sg=2->2 mode=NONE win=8 obs=333 | cap=wip act=(320,360) d=3.64 a=2 | sp=preview:active d=3.6 age=5 dtg=17.77 region=0_12
ep=1432 s=333 7038ms [sel=3 cap=6921 rest=114] sg=2->2 mode=NONE win=8 obs=334 | cap=wip act=(320,360) d=3.64 a=1 | sp=preview:active d=3.6 age=6 dtg=17.66 region=0_12
ep=1432 s=334 8801ms [sel=3 cap=8684 rest=114] sg=2->2 mode=NONE win=8 obs=335 | cap=wip act=(320,360) d=3.39 a=1 | sp=preview:active d=3.4 age=7 dtg=17.56 region=0_12
ep=1432 s=335 9894ms [sel=3 cap=9751 rest=140] sg=2->2 mode=NONE win=8 obs=336 | cap=wip act=(320,360) d=3.14 a=1 | sp=preview:active d=3.1 age=8 dtg=17.49 region=0_12
ep=1432 s=336 9839ms [sel=19 cap=9196 rest=558] sg=2->2 mode=NONE win=8 obs=337 | cap=wip act=(160,180) d=3.39 a=1 | preview=view3/6 yaw=+0 render=67ms | sp=preview:active d=3.4 age=0 dtg=17.44 region=0_12
ep=1432 s=337 4133ms [sel=3 cap=4018 rest=112] sg=2->2 mode=NONE win=8 obs=338 | cap=wip act=(320,360) d=3.14 a=1 | sp=preview:active d=3.1 age=1 dtg=17.41 region=0_12
ep=1432 s=338 4914ms [sel=3 cap=4791 rest=120] sg=2->2 mode=NONE win=8 obs=339 | cap=wip act=(320,360) d=2.89 a=1 | sp=preview:active d=2.9 age=2 dtg=17.40 region=0_12
ep=1432 s=339 8446ms [sel=3 cap=8322 rest=121] sg=2->2 mode=NONE win=8 obs=340 | cap=wip act=(320,360) d=2.64 a=1 | sp=preview:active d=2.6 age=3 dtg=17.44 region=0_12
ep=1432 s=340 11168ms [sel=3 cap=11043 rest=122] sg=2->2 mode=NONE win=8 obs=341 | cap=wip act=(320,360) d=2.39 a=1 | sp=preview:active d=2.4 age=4 dtg=17.52 region=0_12
ep=1432 s=341 13237ms [sel=3 cap=13104 rest=131] sg=2->2 mode=NONE win=8 obs=342 | cap=wip act=(320,360) d=2.14 a=1 | sp=preview:active d=2.1 age=5 dtg=17.65 region=0_12
ep=1432 s=342 12279ms [sel=3 cap=12147 rest=128] sg=2->2 mode=NONE win=8 obs=343 | cap=wip act=(320,360) d=1.89 a=1 | sp=preview:active d=1.9 age=6 dtg=17.82 region=0_12
ep=1432 s=343 11018ms [sel=3 cap=10879 rest=136] sg=2->2 mode=NONE win=8 obs=344 | cap=wip act=(320,360) d=1.64 a=1 | sp=preview:active d=1.6 age=7 dtg=18.01 region=0_12
ep=1432 s=344 4797ms [sel=3 cap=4660 rest=135] sg=2->2 mode=NONE win=8 obs=345 | cap=wip act=(320,360) d=1.39 a=1 | sp=preview:active d=1.4 age=8 dtg=18.23 region=0_12
ep=1432 s=345 7854ms [sel=3 cap=7714 rest=137] sg=2->2 mode=NONE win=8 obs=346 | cap=wip act=(320,360) d=1.14 a=1 | sp=preview:active d=1.1 age=9 dtg=17.83 region=0_12
ep=1432 s=346 6511ms [sel=3 cap=6374 rest=134] sg=2->2 mode=NONE win=8 obs=347 | cap=wip act=(320,360) d=0.89 a=1 | sp=preview:active d=0.9 age=10 dtg=17.76 region=0_1
ep=1432 s=347 8169ms [sel=3 cap=8033 rest=133] sg=2->2 mode=NONE win=8 obs=348 | cap=wip act=(320,360) d=0.65 a=1 | sp=preview:active d=0.6 age=11 dtg=17.76 region=0_1
ep=1432 s=348 12846ms [sel=3599 cap=9115 rest=132] sg=2->2 mode=NONE win=8 obs=349 | cap=wip act=(320,360) d=3.00 a=1 | sp=som:active d=3.0 age=0 som=3/8 dtg=17.79 region=0_1
ep=1432 s=349 10585ms [sel=3 cap=10452 rest=130] sg=2->2 mode=NONE win=8 obs=350 | cap=wip act=(320,360) d=2.75 a=1 | sp=som:active d=2.7 age=1 dtg=17.83 region=0_1
ep=1432 s=350 8826ms [sel=3 cap=8699 rest=124] sg=2->2 mode=NONE win=8 obs=351 | cap=wip act=(320,360) d=2.50 a=1 | sp=som:active d=2.5 age=2 dtg=17.90 region=0_1
ep=1432 s=351 7747ms [sel=3 cap=7620 rest=124] sg=2->2 mode=NONE win=8 obs=352 | cap=wip act=(320,360) d=2.25 a=1 | sp=som:active d=2.2 age=3 dtg=17.98 region=0_1
ep=1432 s=352 6843ms [sel=3 cap=6719 rest=121] sg=2->2 mode=NONE win=8 obs=353 | cap=wip act=(320,360) d=2.00 a=1 | sp=som:active d=2.0 age=4 dtg=18.07 region=0_1
ep=1432 s=353 7520ms [sel=3 cap=7394 rest=123] sg=2->2 mode=NONE win=8 obs=354 | cap=wip act=(320,360) d=1.75 a=1 | sp=som:active d=1.8 age=5 dtg=18.19 region=0_1
ep=1432 s=354 7203ms [sel=3 cap=7076 rest=125] sg=2->2 mode=NONE win=8 obs=355 | cap=wip act=(320,360) d=1.50 a=1 | sp=som:active d=1.5 age=6 dtg=18.32 region=0_1
ep=1432 s=355 10497ms [sel=3 cap=10372 rest=122] sg=2->2 mode=NONE win=8 obs=356 | cap=wip act=(320,360) d=1.25 a=1 | sp=som:active d=1.3 age=7 dtg=18.48 region=0_1
ep=1432 s=356 12099ms [sel=3 cap=11971 rest=125] sg=2->2 mode=NONE win=8 obs=357 | cap=wip act=(320,360) d=1.01 a=1 | sp=som:active d=1.0 age=8 dtg=18.65 region=0_1
ep=1432 s=357 11329ms [sel=2870 cap=8329 rest=130] sg=2->2 mode=NONE win=8 obs=358 | cap=wip act=(320,360) d=2.95 a=1 | sp=som:active d=3.0 age=0 som=4/8 dtg=18.85 region=0_1
ep=1432 s=358 11181ms [sel=3 cap=11055 rest=122] sg=2->2 mode=NONE win=8 obs=359 | cap=wip act=(320,360) d=2.71 a=1 | sp=som:active d=2.7 age=1 dtg=19.05 region=0_1
ep=1432 s=359 21082ms [sel=3 cap=20955 rest=124] sg=2->2 mode=NONE win=8 obs=360 | cap=wip act=(320,360) d=2.46 a=3 | sp=som:active d=2.5 age=2 dtg=19.05 region=0_1
ep=1432 s=360 6214ms [sel=3 cap=6085 rest=126] sg=2->2 mode=NONE win=8 obs=361 | cap=wip act=(320,360) d=2.46 a=1 | sp=som:active d=2.5 age=3 dtg=19.22 region=0_1
ep=1432 s=361 9835ms [sel=3 cap=9706 rest=126] sg=2->2 mode=NONE win=8 obs=362 | cap=wip act=(320,360) d=2.21 a=1 | sp=som:active d=2.2 age=4 dtg=19.40 region=0_1
ep=1432 s=362 7441ms [sel=3 cap=7313 rest=125] sg=2->2 mode=NONE win=8 obs=363 | cap=wip act=(320,360) d=1.96 a=1 | sp=som:active d=2.0 age=5 dtg=19.78 region=0_1
ep=1432 s=363 9667ms [sel=3 cap=9534 rest=130] sg=2->2 mode=NONE win=8 obs=364 | cap=wip act=(320,360) d=1.72 a=1 | sp=som:active d=1.7 age=6 dtg=19.70 region=0_1
ep=1432 s=364 18462ms [sel=4 cap=18333 rest=125] sg=2->2 mode=NONE win=8 obs=365 | cap=wip act=(320,360) d=1.48 a=2 | sp=som:active d=1.5 age=7 dtg=19.70 region=0_1
ep=1432 s=365 16171ms [sel=4 cap=16026 rest=141] sg=2->2 mode=NONE win=8 obs=366 | cap=wip act=(320,360) d=1.48 a=1 | sp=som:active d=1.5 age=8 dtg=19.73 region=0_1
ep=1432 s=366 12053ms [sel=3 cap=11926 rest=125] sg=2->2 mode=NONE win=8 obs=367 | cap=wip act=(320,360) d=1.23 a=1 | sp=som:active d=1.2 age=9 dtg=19.81 region=0_1
ep=1432 s=367 12204ms [sel=3 cap=12077 rest=124] sg=2->2 mode=NONE win=8 obs=368 | cap=wip act=(320,360) d=0.98 a=1 | sp=som:active d=1.0 age=10 dtg=19.96 region=0_1
ep=1432 s=368 7755ms [sel=3 cap=7627 rest=125] sg=2->2 mode=NONE win=8 obs=369 | cap=wip act=(320,360) d=0.73 a=1 | sp=som:active d=0.7 age=11 dtg=19.89 region=0_1
ep=1432 s=369 15057ms [sel=6612 cap=8319 rest=126] sg=2->2 mode=NONE win=8 obs=370 | cap=wip act=(320,360) d=2.84 a=3 | sp=som:active d=2.8 age=0 som=3/8 dtg=19.89 region=0_1
ep=1432 s=370 10055ms [sel=3 cap=9892 rest=160] sg=2->2 mode=NONE win=8 obs=371 | cap=wip act=(320,360) d=2.84 a=1 | sp=som:active d=2.8 age=1 dtg=19.79 region=0_1
ep=1432 s=371 13418ms [sel=4 cap=13291 rest=124] sg=2->2 mode=NONE win=8 obs=372 | cap=wip act=(320,360) d=2.60 a=1 | sp=som:active d=2.6 age=2 dtg=19.74 region=0_1
ep=1432 s=372 8791ms [sel=4 cap=8663 rest=125] sg=2->2 mode=NONE win=8 obs=373 | cap=wip act=(320,360) d=2.35 a=3 | sp=som:active d=2.4 age=3 dtg=19.74 region=0_1
ep=1432 s=373 11931ms [sel=3 cap=11802 rest=126] sg=2->2 mode=NONE win=8 obs=374 | cap=wip act=(320,360) d=2.35 a=1 | sp=som:active d=2.4 age=4 dtg=19.67 region=0_1
ep=1432 s=374 12314ms [sel=3 cap=12185 rest=125] sg=2->2 mode=NONE win=8 obs=375 | cap=wip act=(320,360) d=2.10 a=1 | sp=som:active d=2.1 age=5 dtg=19.63 region=0_1
ep=1432 s=375 6291ms [sel=3 cap=6159 rest=129] sg=2->2 mode=NONE win=8 obs=376 | cap=wip act=(320,360) d=1.85 a=1 | sp=som:active d=1.9 age=6 dtg=19.63 region=0_1
ep=1432 s=376 10305ms [sel=3 cap=10179 rest=123] sg=2->2 mode=NONE win=8 obs=377 | cap=wip act=(320,360) d=1.60 a=1 | sp=som:active d=1.6 age=7 dtg=19.71 region=None
ep=1432 s=377 10093ms [sel=4 cap=9967 rest=122] sg=2->2 mode=NONE win=8 obs=378 | cap=wip act=(320,360) d=1.35 a=1 | sp=som:active d=1.4 age=8 dtg=19.91 region=None
ep=1432 s=378 8926ms [sel=3 cap=8800 rest=122] sg=2->2 mode=NONE win=8 obs=379 | cap=wip act=(320,360) d=1.10 a=1 | sp=som:active d=1.1 age=9 dtg=20.14 region=0_0
ep=1432 s=379 8975ms [sel=3 cap=8851 rest=121] sg=2->2 mode=NONE win=8 obs=380 | cap=wip act=(320,360) d=0.86 a=1 | sp=som:active d=0.9 age=10 dtg=20.38 region=0_0
ep=1432 s=380 6080ms [sel=3 cap=5954 rest=122] sg=2->2 mode=NONE win=8 obs=381 | cap=wip act=(320,360) d=0.61 a=2 | sp=som:active d=0.6 age=11 dtg=20.38 region=0_0
ep=1432 s=381 9171ms [sel=3 cap=9045 rest=123] sg=2->2 mode=NONE win=8 obs=382 | cap=wip act=(320,360) d=0.61 a=1 | sp=som:active d=0.6 age=12 dtg=20.63 region=0_0
ep=1432 s=382 8878ms [sel=3492 cap=5269 rest=117] sg=2->2 mode=NONE win=8 obs=383 | cap=wip act=(320,360) d=2.99 a=3 | sp=som:active d=3.0 age=0 som=3/8 dtg=20.63 region=0_0
ep=1432 s=383 10895ms [sel=3 cap=10767 rest=126] sg=2->2 mode=NONE win=8 obs=384 | cap=wip act=(320,360) d=2.99 a=1 | sp=som:active d=3.0 age=1 dtg=20.87 region=0_0
ep=1432 s=384 6058ms [sel=3 cap=5920 rest=135] sg=2->2 mode=NONE win=8 obs=385 | cap=wip act=(320,360) d=2.74 a=1 | sp=som:active d=2.7 age=2 dtg=21.12 region=0_0
ep=1432 s=385 6763ms [sel=3 cap=6638 rest=122] sg=2->2 mode=NONE win=8 obs=386 | cap=wip act=(320,360) d=2.50 a=1 | sp=som:active d=2.5 age=3 dtg=21.36 region=0_0
ep=1432 s=386 6282ms [sel=3 cap=6156 rest=123] sg=2->2 mode=NONE win=8 obs=387 | cap=wip act=(320,360) d=2.26 a=2 | sp=som:active d=2.3 age=4 dtg=21.36 region=0_0
ep=1432 s=387 9599ms [sel=3 cap=9474 rest=123] sg=2->2 mode=NONE win=8 obs=388 | cap=wip act=(320,360) d=2.26 a=1 | sp=som:active d=2.3 age=5 dtg=21.61 region=0_0
ep=1432 s=388 12296ms [sel=3 cap=12137 rest=156] sg=2->2 mode=NONE win=8 obs=389 | cap=wip act=(320,360) d=2.01 a=2 | sp=som:active d=2.0 age=6 dtg=21.61 region=0_0
ep=1432 s=389 11363ms [sel=3 cap=11245 rest=115] sg=2->2 mode=NONE win=8 obs=390 | cap=wip act=(320,360) d=2.01 a=1 | sp=som:active d=2.0 age=7 dtg=21.85 region=0_0
ep=1432 s=390 5495ms [sel=3 cap=5375 rest=117] sg=2->2 mode=NONE win=8 obs=391 | cap=wip act=(320,360) d=1.77 a=1 | sp=som:active d=1.8 age=8 dtg=22.09 region=0_0
ep=1432 s=391 12199ms [sel=3 cap=12093 rest=103] sg=2->2 mode=NONE win=8 obs=392 | cap=wip act=(320,360) d=1.53 a=1 | sp=som:active d=1.5 age=9 dtg=22.33 region=0_0
ep=1432 s=392 5164ms [sel=3 cap=5059 rest=102] sg=2->2 mode=NONE win=8 obs=393 | cap=wip act=(320,360) d=1.29 a=3 | sp=som:active d=1.3 age=10 dtg=22.33 region=0_0
ep=1432 s=393 16460ms [sel=3 cap=16342 rest=115] sg=2->2 mode=NONE win=8 obs=394 | cap=wip act=(320,360) d=1.29 a=1 | sp=som:active d=1.3 age=11 dtg=22.58 region=0_0
ep=1432 s=394 7726ms [sel=3 cap=7607 rest=116] sg=2->2 mode=NONE win=8 obs=395 | cap=wip act=(320,360) d=1.04 a=1 | sp=som:active d=1.0 age=12 dtg=22.83 region=0_0
ep=1432 s=395 17463ms [sel=3 cap=17349 rest=111] sg=2->2 mode=NONE win=8 obs=396 | cap=wip act=(320,360) d=0.80 a=3 | sp=som:active d=0.8 age=13 dtg=22.83 region=0_0
ep=1432 s=396 11875ms [sel=3 cap=11757 rest=115] sg=2->2 mode=NONE win=8 obs=397 | cap=wip act=(320,360) d=0.80 a=1 | sp=som:active d=0.8 age=14 dtg=23.07 region=0_0
ep=1432 s=397 10914ms [sel=3 cap=10800 rest=111] sg=2->2 mode=NONE win=8 obs=398 | cap=wip act=(320,360) d=0.55 a=1 | sp=som:active d=0.5 age=15 dtg=23.31 region=0_0
ep=1432 s=398 16340ms [sel=9083 cap=7150 rest=108] sg=2->2 mode=NONE win=8 obs=399 | cap=wip act=(320,360) d=0.62 a=3 | sp=som:active d=0.6 age=0 som=2/5 dtg=23.31 region=0_0
ep=1432 s=399 10768ms [sel=9 cap=10641 rest=119] sg=2->2 mode=NONE win=8 obs=400 | cap=wip act=(320,360) d=0.62 a=3 | sp=som:active d=0.6 age=1 dtg=23.31 region=0_0
ep=1432 s=400 9687ms [sel=3 cap=9528 rest=155] sg=2->2 mode=NONE win=8 obs=401 | cap=wip act=(320,360) d=0.62 a=3 | sp=som:active d=0.6 age=2 dtg=23.31 region=0_0
ep=1432 s=401 10192ms [sel=3 cap=10065 rest=124] sg=2->2 mode=NONE win=8 obs=402 | cap=wip act=(320,360) d=0.62 a=3 | sp=som:active d=0.6 age=3 dtg=23.31 region=0_0
ep=1432 s=402 7708ms [sel=3 cap=7579 rest=125] sg=2->2 mode=NONE win=8 obs=403 | cap=wip act=(320,360) d=0.62 a=1 | sp=som:active d=0.6 age=4 dtg=23.39 region=0_0
ep=1432 s=403 10240ms [sel=1806 cap=8271 rest=163] sg=2->2 mode=NONE win=8 obs=404 | cap=wip act=(320,360) d=1.26 a=3 | sp=frontier:active d=1.3 age=0 som=B/7 dtg=23.39 region=0_0
ep=1432 s=404 6397ms [sel=18 cap=6228 rest=151] sg=2->2 mode=NONE win=8 obs=405 | cap=wip act=(320,360) d=1.26 a=3 | sp=frontier:active d=1.3 age=1 dtg=23.39 region=0_0
ep=1432 s=405 5973ms [sel=13 cap=5825 rest=135] sg=2->2 mode=NONE win=8 obs=406 | cap=wip act=(320,360) d=1.26 a=3 | sp=frontier:active d=1.3 age=2 dtg=23.39 region=0_0
ep=1432 s=406 7174ms [sel=12 cap=7010 rest=151] sg=2->2 mode=NONE win=8 obs=407 | cap=wip act=(320,360) d=1.26 a=3 | sp=frontier:active d=1.3 age=3 dtg=23.39 region=0_0
ep=1432 s=407 11170ms [sel=12 cap=11013 rest=145] sg=2->2 mode=NONE win=8 obs=408 | cap=wip act=(320,360) d=1.26 a=3 | sp=frontier:active d=1.3 age=4 dtg=23.39 region=0_0
ep=1432 s=408 5746ms [sel=13 cap=5573 rest=161] sg=2->2 mode=NONE win=8 obs=409 | cap=wip act=(320,360) d=1.26 a=3 | sp=frontier:active d=1.3 age=5 dtg=23.39 region=0_0
ep=1432 s=409 3791ms [sel=17 cap=3599 rest=174] sg=2->2 mode=NONE win=8 obs=410 | cap=wip act=(320,360) d=1.26 a=3 | sp=frontier:active d=1.3 age=6 dtg=23.39 region=0_0
ep=1432 s=410 28486ms [sel=13 cap=28339 rest=134] sg=2->2 mode=NONE win=8 obs=411 | cap=wip act=(320,360) d=1.26 a=3 | sp=frontier:active d=1.3 age=7 dtg=23.39 region=0_0
ep=1432 s=411 10982ms [sel=13 cap=10845 rest=124] sg=2->2 mode=NONE win=8 obs=412 | cap=wip act=(320,360) d=1.26 a=3 | sp=frontier:active d=1.3 age=8 dtg=23.39 region=0_0
ep=1432 s=412 8789ms [sel=7 cap=8663 rest=120] sg=2->2 mode=NONE win=8 obs=413 | cap=wip act=(320,360) d=1.26 a=3 | sp=frontier:active d=1.3 age=9 dtg=23.39 region=0_0
ep=1432 s=413 6720ms [sel=3 cap=6599 rest=118] sg=2->2 mode=NONE win=8 obs=414 | cap=wip act=(320,360) d=1.26 a=3 | sp=frontier:active d=1.3 age=10 dtg=23.39 region=0_0
ep=1432 s=414 8041ms [sel=3 cap=7922 rest=116] sg=2->2 mode=NONE win=8 obs=415 | cap=wip act=(320,360) d=1.26 a=1 | sp=frontier:active d=1.3 age=11 dtg=23.25 region=0_0
ep=1432 s=415 11245ms [sel=3 cap=11131 rest=111] sg=2->2 mode=NONE win=8 obs=416 | cap=wip act=(320,360) d=1.03 a=3 | sp=frontier:active d=1.0 age=12 dtg=23.25 region=0_0
ep=1432 s=416 8387ms [sel=3 cap=8271 rest=113] sg=2->2 mode=NONE win=8 obs=417 | cap=wip act=(320,360) d=1.03 a=1 | sp=frontier:active d=1.0 age=13 dtg=23.18 region=0_0
ep=1432 s=417 6164ms [sel=3 cap=6050 rest=110] sg=2->2 mode=NONE win=8 obs=418 | cap=wip act=(320,360) d=0.79 a=3 | sp=frontier:active d=0.8 age=14 dtg=23.18 region=0_0
ep=1432 s=418 10174ms [sel=3 cap=10064 rest=107] sg=2->2 mode=NONE win=8 obs=419 | cap=wip act=(320,360) d=0.79 a=1 | sp=frontier:active d=0.8 age=15 dtg=23.14 region=0_0
ep=1432 s=419 8088ms [sel=3 cap=7976 rest=109] sg=2->2 mode=NONE win=8 obs=420 | cap=wip act=(320,360) d=0.57 a=1 | sp=frontier:active d=0.6 age=16 dtg=23.13 region=0_0
ep=1432 s=420 15541ms [sel=9001 cap=6431 rest=108] sg=2->2 mode=NONE win=8 obs=421 | cap=wip act=(320,360) d=2.97 a=3 | sp=som:active d=3.0 age=0 som=4/7 dtg=23.13 region=0_0
ep=1432 s=421 6515ms [sel=6 cap=6394 rest=114] sg=2->2 mode=NONE win=8 obs=422 | cap=wip act=(320,360) d=2.97 a=3 | sp=som:active d=3.0 age=1 dtg=23.13 region=0_0
ep=1432 s=422 6270ms [sel=8 cap=6145 rest=116] sg=2->2 mode=NONE win=8 obs=423 | cap=wip act=(320,360) d=2.97 a=3 | sp=som:active d=3.0 age=2 dtg=23.13 region=0_0
ep=1432 s=423 10118ms [sel=8 cap=9983 rest=127] sg=2->2 mode=NONE win=8 obs=424 | cap=wip act=(320,360) d=2.97 a=3 | sp=som:active d=3.0 age=3 dtg=23.13 region=0_0
ep=1432 s=424 13935ms [sel=6 cap=13820 rest=109] sg=2->2 mode=NONE win=8 obs=425 | cap=wip act=(320,360) d=2.97 a=1 | sp=som:active d=3.0 age=4 dtg=23.14 region=0_0
ep=1432 s=425 7879ms [sel=0 cap=7557 rest=322] sg=2->2 mode=NONE win=8 obs=426 | cap=wip act=TURN request=+45deg execute=+15deg x1 a=3 | sp=som:active d=2.9 age=5 ovr=5 door_evts=2 dtg=23.14 region=0_0
ep=1432 s=426 8575ms [sel=0 cap=8471 rest=104] sg=2->2 mode=NONE win=8 obs=427 | cap=wip act=TURN request=+45deg execute=+15deg x1 a=3 | sp=som:active d=2.9 age=6 ovr=5 door_evts=2 dtg=23.14 region=0_0
ep=1432 s=427 21492ms [sel=0 cap=21375 rest=117] sg=2->2 mode=NONE win=8 obs=428 | cap=wip act=TURN request=+45deg execute=+15deg x1 a=3 | sp=som:active d=2.9 age=7 ovr=5 door_evts=2 dtg=23.14 region=0_0
ep=1432 s=428 10048ms [sel=0 cap=9929 rest=119] sg=2->2 mode=NONE win=8 obs=429 | cap=wip act=TURN request=+45deg execute=+15deg x1 a=3 | sp=som:active d=2.9 age=8 ovr=5 door_evts=2 dtg=23.14 region=0_0
ep=1432 s=429 11022ms [sel=0 cap=10897 rest=125] sg=2->2 mode=NONE win=8 obs=430 | cap=wip act=TURN request=+45deg execute=+15deg x1 a=3 | sp=som:active d=2.9 age=9 ovr=5 door_evts=2 dtg=23.14 region=0_0
ep=1432 s=430 9184ms [sel=0 cap=9061 rest=122] sg=2->2 mode=NONE win=8 obs=431 | cap=wip act=TURN request=+45deg execute=+15deg x1 a=3 | sp=som:active d=2.9 age=10 ovr=5 door_evts=2 dtg=23.14 region=0_0
ep=1432 s=431 6959ms [sel=0 cap=6838 rest=121] sg=2->2 mode=NONE win=8 obs=432 | cap=wip act=TURN request=+45deg execute=+15deg x1 a=3 | sp=som:active d=2.9 age=11 ovr=5 door_evts=2 dtg=23.14 region=0_0
ep=1432 s=432 6151ms [sel=0 cap=6025 rest=126] sg=2->2 mode=NONE win=8 obs=433 | cap=wip act=TURN request=+45deg execute=+15deg x1 a=3 | sp=som:active d=2.9 age=12 ovr=5 door_evts=2 dtg=23.14 region=0_0
ep=1432 s=433 9315ms [sel=0 cap=9192 rest=123] sg=2->2 mode=NONE win=8 obs=434 | cap=wip act=TURN request=+45deg execute=+15deg x1 a=3 | sp=som:active d=2.9 age=13 ovr=5 door_evts=2 dtg=23.14 region=0_0
ep=1432 s=434 10463ms [sel=57 cap=10276 rest=129] sg=2->2 mode=NONE win=8 obs=435 | cap=wip act=(320,360) d=2.91 a=3 | sp=som:active d=2.9 age=14 dtg=23.14 region=0_0
ep=1432 s=435 4422ms [sel=51 cap=4209 rest=161] sg=2->2 mode=NONE win=8 obs=436 | cap=wip act=(320,360) d=2.91 a=1 | sp=som:active d=2.9 age=15 dtg=22.95 region=0_0
ep=1432 s=436 7161ms [sel=43 cap=6995 rest=123] sg=2->2 mode=NONE win=8 obs=437 | cap=wip act=(320,360) d=3.10 a=3 | sp=som:active d=3.1 age=16 dtg=22.95 region=0_0
ep=1432 s=437 10447ms [sel=38 cap=10278 rest=131] sg=2->2 mode=NONE win=8 obs=438 | cap=wip act=(320,360) d=3.10 a=1 | sp=som:active d=3.1 age=17 dtg=22.75 region=0_0
ep=1432 s=438 11752ms [sel=42 cap=11583 rest=127] sg=2->2 mode=NONE win=8 obs=439 | cap=wip act=(320,360) d=3.25 a=3 | sp=som:active d=3.3 age=18 dtg=22.75 region=0_0
ep=1432 s=439 11867ms [sel=40 cap=11692 rest=134] sg=2->2 mode=NONE win=8 obs=440 | cap=wip act=(320,360) d=3.25 a=1 | sp=som:active d=3.3 age=19 dtg=22.53 region=0_0
ep=1432 s=440 13108ms [sel=4338 cap=8649 rest=120] sg=2->2 mode=NONE win=8 obs=441 | cap=wip act=(320,360) d=3.05 a=1 | sp=som:active d=3.1 age=0 som=5/8 dtg=22.31 region=0_0
ep=1432 s=441 11371ms [sel=96 cap=11152 rest=124] sg=2->2 mode=NONE win=8 obs=442 | cap=wip act=(320,360) d=3.37 a=3 | sp=frontier:active d=3.4 age=0 dtg=22.31 region=0_0
ep=1432 s=442 5997ms [sel=3 cap=5870 rest=124] sg=2->2 mode=NONE win=8 obs=443 | cap=wip act=(320,360) d=3.37 a=1 | sp=frontier:active d=3.4 age=1 dtg=22.07 region=0_0
ep=1432 s=443 7224ms [sel=4 cap=7098 rest=123] sg=2->2 mode=NONE win=8 obs=444 | cap=wip act=(320,360) d=3.12 a=1 | sp=frontier:active d=3.1 age=2 dtg=21.83 region=0_0
ep=1432 s=444 8840ms [sel=3 cap=8712 rest=125] sg=2->2 mode=NONE win=8 obs=445 | cap=wip act=(320,360) d=2.88 a=1 | sp=frontier:active d=2.9 age=3 dtg=21.60 region=0_0
ep=1432 s=445 9411ms [sel=3 cap=9287 rest=120] sg=2->2 mode=NONE win=8 obs=446 | cap=wip act=(320,360) d=2.64 a=1 | sp=frontier:active d=2.6 age=4 dtg=21.37 region=0_0
ep=1432 s=446 8541ms [sel=4 cap=8410 rest=127] sg=2->2 mode=NONE win=8 obs=447 | cap=wip act=(320,360) d=2.40 a=1 | sp=frontier:active d=2.4 age=5 dtg=21.15 region=0_0
ep=1432 s=447 8144ms [sel=3 cap=8017 rest=124] sg=2->2 mode=NONE win=8 obs=448 | cap=wip act=(320,360) d=2.17 a=3 | sp=frontier:active d=2.2 age=6 dtg=21.15 region=0_0
ep=1432 s=448 6762ms [sel=4 cap=6630 rest=128] sg=2->2 mode=NONE win=8 obs=449 | cap=wip act=(320,360) d=2.17 a=1 | sp=frontier:active d=2.2 age=7 dtg=20.90 region=0_0
ep=1432 s=449 4795ms [sel=3 cap=4650 rest=142] sg=2->2 mode=NONE win=8 obs=450 | cap=wip act=(320,360) d=1.97 a=3 | sp=frontier:active d=2.0 age=8 dtg=20.90 region=0_0
ep=1432 s=450 7295ms [sel=10 cap=7150 rest=134] sg=2->2 mode=NONE win=8 obs=451 | cap=wip act=(320,360) d=1.97 a=1 | sp=frontier:active d=2.0 age=9 dtg=20.65 region=0_0
ep=1432 s=451 7392ms [sel=9 cap=7252 rest=131] sg=2->2 mode=NONE win=8 obs=452 | cap=wip act=(320,360) d=1.84 a=3 | sp=frontier:active d=1.8 age=10 dtg=20.65 region=0_0
ep=1432 s=452 4845ms [sel=12 cap=4703 rest=129] sg=2->2 mode=NONE win=8 obs=453 | cap=wip act=(320,360) d=1.84 a=1 | sp=frontier:active d=1.8 age=11 dtg=20.41 region=0_0
ep=1432 s=453 8689ms [sel=14 cap=8542 rest=132] sg=2->2 mode=NONE win=8 obs=454 | cap=wip act=(320,360) d=1.80 a=1 | sp=frontier:active d=1.8 age=12 dtg=20.18 region=0_0
ep=1432 s=454 9695ms [sel=15 cap=9544 rest=137] sg=2->2 mode=NONE win=8 obs=455 | cap=wip act=(320,360) d=1.79 a=1 | sp=frontier:active d=1.8 age=13 dtg=19.96 region=None
ep=1432 s=455 11005ms [sel=16 cap=10861 rest=128] sg=2->2 mode=NONE win=8 obs=456 | cap=wip act=(320,360) d=1.81 a=1 | sp=frontier:active d=1.8 age=14 dtg=19.79 region=None
ep=1432 s=456 11907ms [sel=16 cap=11736 rest=155] sg=2->2 mode=NONE win=8 obs=457 | cap=wip act=(320,360) d=1.87 a=2 | sp=frontier:active d=1.9 age=15 dtg=19.79 region=None
ep=1432 s=457 11086ms [sel=105 cap=10852 rest=129] sg=2->3 mode=NONE win=8 obs=458 | cap=DONE act=(320,359) d=2.24 a=1 | sp=straight_ahead:active d=1.9 age=0 dtg=19.68 region=0_1
ep=1432 s=458 13816ms [sel=4 cap=13684 rest=129] sg=3->3 mode=NONE win=8 obs=459 | cap=wip act=(320,360) d=1.66 a=1 | sp=straight_ahead:active d=1.7 age=1 dtg=19.67 region=0_1
ep=1432 s=459 7550ms [sel=3 cap=7413 rest=134] sg=3->3 mode=NONE win=8 obs=460 | cap=wip act=(320,360) d=1.41 a=1 | sp=straight_ahead:active d=1.4 age=2 dtg=19.69 region=0_1
ep=1432 s=460 10677ms [sel=3 cap=10539 rest=135] sg=3->3 mode=NONE win=8 obs=461 | cap=wip act=(320,360) d=1.16 a=1 | sp=straight_ahead:active d=1.2 age=3 dtg=19.75 region=0_1
ep=1432 s=461 9617ms [sel=3 cap=9486 rest=128] sg=3->3 mode=NONE win=8 obs=462 | cap=wip act=(320,360) d=0.91 a=1 | sp=straight_ahead:active d=0.9 age=4 dtg=19.85 region=0_1
ep=1432 s=462 9079ms [sel=3 cap=8949 rest=127] sg=3->3 mode=NONE win=8 obs=463 | cap=wip act=(320,360) d=0.66 a=1 | sp=straight_ahead:active d=0.7 age=5 dtg=19.98 region=0_1
ep=1432 s=463 13878ms [sel=4543 cap=9205 rest=130] sg=3->3 mode=NONE win=8 obs=464 | cap=wip act=(320,360) d=3.03 a=1 | sp=som:active d=3.0 age=0 som=3/8 dtg=20.14 region=0_1
ep=1432 s=464 3645ms [sel=3 cap=3514 rest=128] sg=3->3 mode=NONE win=8 obs=465 | cap=wip act=(320,360) d=2.79 a=1 | sp=som:active d=2.8 age=1 dtg=20.23 region=0_1
ep=1432 s=465 7873ms [sel=3 cap=7740 rest=129] sg=3->3 mode=NONE win=8 obs=466 | cap=wip act=(320,360) d=2.54 a=2 | sp=som:active d=2.5 age=2 dtg=20.23 region=0_1
ep=1432 s=466 10249ms [sel=3 cap=10117 rest=129] sg=3->3 mode=NONE win=8 obs=467 | cap=wip act=(320,360) d=2.54 a=1 | sp=som:active d=2.5 age=3 dtg=20.20 region=0_1
ep=1432 s=467 7915ms [sel=3 cap=7781 rest=131] sg=3->3 mode=NONE win=8 obs=468 | cap=wip act=(320,360) d=2.29 a=2 | sp=som:active d=2.3 age=4 dtg=20.20 region=0_1
ep=1432 s=468 7919ms [sel=3 cap=7786 rest=129] sg=3->3 mode=NONE win=8 obs=469 | cap=wip act=(320,360) d=2.29 a=1 | sp=som:active d=2.3 age=5 dtg=20.15 region=0_1
ep=1432 s=469 5493ms [sel=3 cap=5365 rest=125] sg=3->3 mode=NONE win=8 obs=470 | cap=wip act=(320,360) d=2.05 a=1 | sp=som:active d=2.1 age=6 dtg=20.13 region=0_1
ep=1432 s=470 6911ms [sel=3 cap=6778 rest=130] sg=3->3 mode=NONE win=8 obs=471 | cap=wip act=(320,360) d=1.82 a=3 | sp=som:active d=1.8 age=7 dtg=20.13 region=0_1
ep=1432 s=471 8850ms [sel=3 cap=8685 rest=162] sg=3->3 mode=NONE win=8 obs=472 | cap=wip act=(320,360) d=1.82 a=1 | sp=som:active d=1.8 age=8 dtg=20.21 region=0_1
ep=1432 s=472 7121ms [sel=5 cap=6983 rest=133] sg=3->3 mode=NONE win=8 obs=473 | cap=wip act=(320,360) d=1.57 a=1 | sp=som:active d=1.6 age=9 dtg=19.59 region=0_1
ep=1432 s=473 5108ms [sel=3 cap=4967 rest=138] sg=3->3 mode=NONE win=8 obs=474 | cap=wip act=(320,360) d=1.32 a=1 | sp=som:active d=1.3 age=10 dtg=19.43 region=0_1
ep=1432 s=474 9268ms [sel=3 cap=9143 rest=122] sg=3->3 mode=NONE win=8 obs=475 | cap=wip act=(320,360) d=1.08 a=3 | sp=som:active d=1.1 age=11 dtg=19.43 region=0_1
ep=1432 s=475 5753ms [sel=4 cap=5617 rest=132] sg=3->3 mode=NONE win=8 obs=476 | cap=wip act=(320,360) d=1.08 a=1 | sp=som:active d=1.1 age=12 dtg=19.35 region=0_1
ep=1432 s=476 3959ms [sel=3 cap=3823 rest=133] sg=3->3 mode=NONE win=8 obs=477 | cap=wip act=(320,360) d=0.83 a=1 | sp=som:active d=0.8 age=13 dtg=19.29 region=0_1
ep=1432 s=477 5619ms [sel=3 cap=5483 rest=133] sg=3->3 mode=NONE win=8 obs=478 | cap=wip act=(320,360) d=0.58 a=1 | sp=som:active d=0.6 age=14 dtg=19.25 region=0_1
ep=1432 s=478 12261ms [sel=4493 cap=7637 rest=132] sg=3->3 mode=NONE win=8 obs=479 | cap=wip act=(320,360) d=3.05 a=2 | sp=som:active d=3.1 age=0 som=1/8 dtg=19.25 region=0_1
ep=1432 s=479 12400ms [sel=3 cap=12265 rest=132] sg=3->3 mode=NONE win=8 obs=480 | cap=wip act=(320,360) d=3.05 a=1 | sp=som:active d=3.1 age=1 dtg=19.17 region=0_1
ep=1432 s=480 17074ms [sel=7596 cap=9350 rest=128] sg=3->4 mode=NONE win=8 obs=481 | cap=DONE act=(320,360) d=3.03 a=2 | sp=som:active d=3.0 age=0 som=1/8 dtg=19.17 region=0_1
ep=1432 s=481 7242ms [sel=3 cap=7114 rest=125] sg=4->4 mode=NONE win=8 obs=482 | cap=wip act=(320,360) d=3.03 a=2 | sp=som:active d=3.0 age=1 dtg=19.17 region=0_1
ep=1432 s=482 22687ms [sel=6 cap=22108 rest=534] sg=4->None mode=NONE win=8 obs=483 | cap=DONE act=(320,360) d=1.00 a=1 | preview=view-/6 yaw=+0 render=39ms | sp=som:active d=3.0 age=2 ovr=6 door_evts=2 dtg=18.99 region=0_1
ep=1432 s=483 130ms [sel=5 cap=0 rest=126] sg=None->None mode=NONE win=8 obs=484 | cap=- act=(320,360) d=1.00 a=1 | sp=som:active d=2.8 age=3 ovr=6 door_evts=2 dtg=18.83 region=0_1
ep=1432 s=484 131ms [sel=5 cap=0 rest=126] sg=None->None mode=NONE win=8 obs=485 | cap=- act=(320,360) d=1.00 a=1 | sp=som:active d=2.5 age=4 ovr=6 door_evts=2 dtg=18.67 region=0_1
ep=1432 s=485 126ms [sel=0 cap=0 rest=126] sg=None->None mode=NONE win=8 obs=486 | cap=- act=STOP | sp=som:active d=2.3 age=5 ovr=6 door_evts=2 dtg=18.67 region=0_1
rank=1 [14/17] id=1432 steps=486 success=0.000 spl=0.000 dtg=18.67 osr=1 path_length=71.56 ndtw=0.000 sdtw=0.000
episode=1498 instruction='Out of the bathroom. Right, down the hallway to the kitchen, then left. Wait.' start_position=[3.0244500637054443, 0.12711000442504883, -3.272550106048584] goal_position=[8.163310050964355, 0.12711000442504883, 0.9483100175857544] reference_geodesic=7.761274814605713
episode=1498 prepared_subgoals=5
  [1] Exit the bathroom
      proof: The bathroom is behind the camera and the hallway ahead fills the view.
  [2] Turn right at the bathroom exit
      proof: The hallway to the right is centered in the view.
  [3] Walk down the hallway to the kitchen doorway
      proof: The kitchen doorway is directly ahead, within a step.
  [4] Enter the kitchen
      proof: The kitchen interior is central in the view.
  [5] Turn left in the kitchen, then stop and wait
      proof: The camera is stationary beside the kitchen wall or doorway, with no movement detected
ep=1498 s=0 9681ms [sel=14 cap=9182 rest=449] sg=1->1 mode=NONE win=1 obs=1 | cap=wip act=PREVIEW a=2 | preview=view3/6 yaw=+45 render=37ms | sp=preview:reached d=0.5 age=0 dtg=7.76 region=0_10
ep=1498 s=1 14363ms [sel=5427 cap=8827 rest=110] sg=1->1 mode=NONE win=2 obs=2 | cap=wip act=(320,360) d=2.90 a=3 | sp=frontier:active d=2.9 age=0 som=R/4 dtg=7.76 region=0_10
ep=1498 s=2 9432ms [sel=19 cap=9312 rest=101] sg=1->1 mode=NONE win=3 obs=3 | cap=wip act=(320,360) d=2.90 a=3 | sp=frontier:active d=2.9 age=1 dtg=7.76 region=0_10
ep=1498 s=3 12801ms [sel=18 cap=12690 rest=94] sg=1->1 mode=NONE win=4 obs=4 | cap=wip act=(320,360) d=2.90 a=3 | sp=frontier:active d=2.9 age=2 dtg=7.76 region=0_10
ep=1498 s=4 9898ms [sel=19 cap=9785 rest=95] sg=1->1 mode=NONE win=5 obs=5 | cap=wip act=(320,360) d=2.90 a=3 | sp=frontier:active d=2.9 age=3 dtg=7.76 region=0_10
ep=1498 s=5 19197ms [sel=18 cap=19050 rest=129] sg=1->1 mode=NONE win=6 obs=6 | cap=wip act=(320,360) d=2.90 a=3 | sp=frontier:active d=2.9 age=4 dtg=7.76 region=0_10
ep=1498 s=6 9172ms [sel=0 cap=9080 rest=92] sg=1->2 mode=NONE win=7 obs=7 | cap=DONE act=TURN request=+45deg execute=+15deg x1 a=3 | sp=frontier:active d=2.9 age=5 dtg=7.76 region=0_10
ep=1498 s=7 13321ms [sel=45 cap=13187 rest=89] sg=2->3 mode=NONE win=8 obs=8 | cap=DONE act=(391,376) d=2.05 a=1 | sp=straight_ahead:reached d=0.5 age=0 dtg=7.61 region=0_10
ep=1498 s=8 13644ms [sel=3637 cap=9910 rest=96] sg=3->3 mode=NONE win=8 obs=9 | cap=wip act=TURN request=+45deg execute=+15deg x1 a=3 | sp=som:active d=0.6 age=0 som=2/5 dtg=7.61 region=0_10
ep=1498 s=9 8195ms [sel=9 cap=8101 rest=85] sg=3->3 mode=WALL_STUCK win=8 obs=10 | cap=wip/WALL_STUCK act=TURN request=+45deg execute=+15deg x1 a=3 | sp=som:active d=0.6 age=1 dtg=7.61 region=0_10
ep=1498 s=10 8626ms [sel=7 cap=8522 rest=97] sg=3->3 mode=WALL_STUCK win=8 obs=11 | cap=wip/WALL_STUCK act=(320,360) d=0.58 a=3 | sp=som:active d=0.6 age=2 dtg=7.61 region=0_10
ep=1498 s=11 6964ms [sel=8 cap=6848 rest=108] sg=3->3 mode=NONE win=8 obs=12 | cap=wip act=(320,360) d=0.58 a=3 | sp=som:active d=0.6 age=3 dtg=7.61 region=0_10
ep=1498 s=12 8329ms [sel=9 cap=8204 rest=116] sg=3->3 mode=NONE win=8 obs=13 | cap=wip act=(320,360) d=0.58 a=1 | sp=som:active d=0.6 age=4 dtg=7.36 region=0_10
ep=1498 s=13 12293ms [sel=42 cap=12139 rest=111] sg=3->3 mode=NONE win=8 obs=14 | cap=wip act=(320,359) d=2.22 a=1 | sp=straight_ahead:reached d=0.5 age=0 dtg=7.11 region=0_10
ep=1498 s=14 9499ms [sel=2242 cap=7149 rest=108] sg=3->3 mode=NONE win=8 obs=15 | cap=wip act=(320,360) d=1.36 a=2 | sp=som:active d=1.4 age=0 som=2/5 dtg=7.11 region=0_10
ep=1498 s=15 11115ms [sel=6 cap=11011 rest=98] sg=3->3 mode=NONE win=8 obs=16 | cap=wip act=(320,360) d=1.36 a=1 | sp=som:active d=1.4 age=1 dtg=6.86 region=0_10
ep=1498 s=16 10957ms [sel=3 cap=10860 rest=95] sg=3->3 mode=NONE win=8 obs=17 | cap=wip act=(320,360) d=1.13 a=2 | sp=som:active d=1.1 age=2 dtg=6.86 region=0_10
ep=1498 s=17 11305ms [sel=4 cap=11219 rest=82] sg=3->3 mode=NONE win=8 obs=18 | cap=wip act=(320,360) d=1.13 a=1 | sp=som:active d=1.1 age=3 dtg=6.65 region=0_9
ep=1498 s=18 4260ms [sel=4 cap=4177 rest=79] sg=3->3 mode=NONE win=8 obs=19 | cap=wip act=(320,360) d=0.96 a=1 | sp=som:active d=1.0 age=4 dtg=6.51 region=0_9
ep=1498 s=19 13833ms [sel=8 cap=13746 rest=79] sg=3->3 mode=NONE win=8 obs=20 | cap=wip act=(320,360) d=0.82 a=3 | sp=som:active d=0.8 age=5 dtg=6.51 region=0_9
ep=1498 s=20 7915ms [sel=4 cap=7815 rest=96] sg=3->3 mode=NONE win=8 obs=21 | cap=wip act=(320,360) d=0.82 a=3 | sp=som:active d=0.8 age=6 dtg=6.51 region=0_9
ep=1498 s=21 12791ms [sel=3349 cap=9347 rest=95] sg=3->4 mode=NONE win=8 obs=22 | cap=DONE act=(320,360) d=0.72 a=1 | sp=som:active d=0.7 age=0 som=1/5 dtg=6.31 region=0_9
ep=1498 s=22 7255ms [sel=4 cap=7156 rest=94] sg=4->4 mode=NONE win=8 obs=23 | cap=wip act=(320,360) d=0.53 a=3 | sp=som:active d=0.5 age=1 dtg=6.31 region=0_9
ep=1498 s=23 9275ms [sel=3 cap=9178 rest=94] sg=4->4 mode=NONE win=8 obs=24 | cap=wip act=(320,360) d=0.53 a=3 | sp=som:active d=0.5 age=2 dtg=6.31 region=0_9
ep=1498 s=24 9300ms [sel=3 cap=9202 rest=95] sg=4->4 mode=NONE win=8 obs=25 | cap=wip act=(320,360) d=0.53 a=3 | sp=som:active d=0.5 age=3 dtg=6.31 region=0_9
ep=1498 s=25 5556ms [sel=3 cap=5463 rest=90] sg=4->4 mode=NONE win=8 obs=26 | cap=wip act=(320,360) d=0.53 a=1 | sp=som:active d=0.5 age=4 dtg=6.06 region=0_9
ep=1498 s=26 12987ms [sel=3571 cap=9319 rest=97] sg=4->4 mode=NONE win=8 obs=27 | cap=wip act=(320,360) d=2.98 a=1 | sp=som:active d=3.0 age=0 som=4/7 dtg=5.82 region=0_9
ep=1498 s=27 9434ms [sel=0 cap=9339 rest=95] sg=4->5 mode=NONE win=8 obs=28 | cap=DONE act=TURN request=-45deg execute=-15deg x1 a=2 | sp=som:active d=2.7 age=1 dtg=5.82 region=0_9
ep=1498 s=28 7225ms [sel=0 cap=7124 rest=101] sg=5->5 mode=NONE win=8 obs=29 | cap=wip act=TURN request=-45deg execute=-15deg x1 a=2 dtg=5.82 region=0_9
ep=1498 s=29 7632ms [sel=0 cap=7534 rest=98] sg=5->5 mode=NONE win=8 obs=30 | cap=wip act=TURN request=-45deg execute=-15deg x1 a=2 dtg=5.82 region=0_9
ep=1498 s=30 21608ms [sel=5 cap=21184 rest=382] sg=5->None mode=NONE win=8 obs=31 | cap=DONE act=(320,360) d=1.00 a=1 | preview=view-/6 yaw=+0 render=37ms dtg=5.62 region=0_9
ep=1498 s=31 93ms [sel=5 cap=0 rest=88] sg=None->None mode=NONE win=8 obs=32 | cap=- act=(320,360) d=1.00 a=1 dtg=5.44 region=0_9
ep=1498 s=32 78ms [sel=3 cap=0 rest=75] sg=None->None mode=NONE win=8 obs=33 | cap=- act=STOP dtg=5.44 region=0_9
rank=1 [15/17] id=1498 steps=33 success=0.000 spl=0.000 dtg=5.44 osr=0 path_length=2.75 ndtw=0.573 sdtw=0.000
PluginManager::Manager: duplicate static plugin StbImageImporter, ignoring
PluginManager::Manager: duplicate static plugin GltfImporter, ignoring
PluginManager::Manager: duplicate static plugin BasisImporter, ignoring
PluginManager::Manager: duplicate static plugin AssimpImporter, ignoring
PluginManager::Manager: duplicate static plugin AnySceneImporter, ignoring
PluginManager::Manager: duplicate static plugin AnyImageImporter, ignoring
episode=1612 instruction='Exterior door behind you. Forward. Left, along the corridor with the eye chart toward your right. Past the half bath on your left, the kitchen on your right. Left. Into the bedroom ahead, through the leftmost door in the opposite wall.' start_position=[1.9288300275802612, 0.17162801325321198, -0.08426710218191147] goal_position=[0.2081959992647171, 0.17162801325321198, -3.8352599143981934] reference_geodesic=7.5740742683410645
episode=1612 prepared_subgoals=5
  [1] Turn around to face the exterior door, then walk forward toward the corridor with the eye chart on your right until the next instructed route stage begins
      proof: The corridor with the eye chart on your right is visible nearby and the camera is positioned to begin the next instructed route stage.
  [2] Turn left until the corridor with the eye chart on your right is centered ahead, then walk along the corridor with the eye chart on your right
      proof: The camera has passed the corridor with the eye chart on your right: it is behind or below the camera and the space beyond it fills the view; the camera has not yet turned left.
  [3] Turn left until the bedroom is centered ahead, then enter the bedroom
      proof: The camera has crossed the bedroom threshold and the bedroom interior is central in the view.
  [4] Walk to the leftmost door in the opposite wall
      proof: The leftmost door is directly ahead, within a step.
  [5] Enter the bedroom through the leftmost door
      proof: The camera has crossed the threshold and the room beyond is central in the view
ep=1612 s=0 24377ms [sel=0 cap=23954 rest=387] sg=1->1 mode=NONE win=1 obs=1 | cap=wip act=TURN request=-45deg execute=-15deg x1 a=2 | preview=view-/6 yaw=+0 render=36ms dtg=7.57 region=0_2
ep=1612 s=1 13932ms [sel=0 cap=13863 rest=69] sg=1->1 mode=NONE win=2 obs=2 | cap=wip act=TURN request=-45deg execute=-15deg x1 a=2 dtg=7.57 region=0_2
ep=1612 s=2 13478ms [sel=0 cap=13403 rest=75] sg=1->1 mode=NONE win=3 obs=3 | cap=wip act=TURN request=-45deg execute=-15deg x1 a=2 dtg=7.57 region=0_2
ep=1612 s=3 11467ms [sel=0 cap=11390 rest=77] sg=1->1 mode=NONE win=4 obs=4 | cap=wip act=TURN request=-45deg execute=-15deg x1 a=2 dtg=7.57 region=0_2
ep=1612 s=4 13206ms [sel=0 cap=13126 rest=80] sg=1->1 mode=NONE win=5 obs=5 | cap=wip act=TURN request=-45deg execute=-15deg x1 a=2 dtg=7.57 region=0_2
ep=1612 s=5 16406ms [sel=0 cap=16324 rest=82] sg=1->1 mode=NONE win=6 obs=6 | cap=wip act=TURN request=-45deg execute=-15deg x1 a=2 dtg=7.57 region=0_2
ep=1612 s=6 19341ms [sel=0 cap=18898 rest=407] sg=1->1 mode=NONE win=7 obs=7 | cap=wip act=TURN request=-45deg execute=-15deg x1 a=2 | preview=view-/6 yaw=+0 render=36ms dtg=7.57 region=0_2
ep=1612 s=7 15987ms [sel=0 cap=15895 rest=92] sg=1->1 mode=NONE win=8 obs=8 | cap=wip act=TURN request=-45deg execute=-15deg x1 a=2 dtg=7.57 region=0_2
ep=1612 s=8 21681ms [sel=0 cap=21582 rest=100] sg=1->1 mode=NONE win=8 obs=9 | cap=wip act=TURN request=-45deg execute=-15deg x1 a=2 dtg=7.57 region=0_2
ep=1612 s=9 12933ms [sel=0 cap=12835 rest=98] sg=1->1 mode=NONE win=8 obs=10 | cap=wip act=TURN request=-45deg execute=-15deg x1 a=2 dtg=7.57 region=0_2
ep=1612 s=10 9676ms [sel=0 cap=9574 rest=102] sg=1->1 mode=NONE win=8 obs=11 | cap=wip act=TURN request=-45deg execute=-15deg x1 a=2 dtg=7.57 region=0_2
ep=1612 s=11 12816ms [sel=0 cap=12678 rest=137] sg=1->1 mode=NONE win=8 obs=12 | cap=wip act=TURN request=-45deg execute=-15deg x1 a=2 dtg=7.57 region=0_2
ep=1612 s=12 13128ms [sel=34 cap=12981 rest=112] sg=1->1 mode=NONE win=8 obs=13 | cap=wip act=(320,360) d=2.44 a=3 | sp=frontier:active d=2.4 age=0 dtg=7.57 region=0_2
ep=1612 s=13 7142ms [sel=6 cap=7032 rest=104] sg=1->1 mode=NONE win=8 obs=14 | cap=wip act=(320,360) d=2.44 a=3 | sp=frontier:active d=2.4 age=1 dtg=7.57 region=0_2
ep=1612 s=14 15289ms [sel=6 cap=15186 rest=97] sg=1->1 mode=NONE win=8 obs=15 | cap=wip act=(320,360) d=2.44 a=3 | sp=frontier:active d=2.4 age=2 dtg=7.57 region=0_2
ep=1612 s=15 8587ms [sel=6 cap=8481 rest=100] sg=1->1 mode=NONE win=8 obs=16 | cap=wip act=(320,360) d=2.44 a=3 | sp=frontier:active d=2.4 age=3 dtg=7.57 region=0_2
ep=1612 s=16 10271ms [sel=6 cap=10169 rest=96] sg=1->1 mode=NONE win=8 obs=17 | cap=wip act=(320,360) d=2.44 a=3 | sp=frontier:active d=2.4 age=4 dtg=7.57 region=0_2
ep=1612 s=17 7791ms [sel=6 cap=7695 rest=90] sg=1->1 mode=NONE win=8 obs=18 | cap=wip act=(320,360) d=2.44 a=3 | sp=frontier:active d=2.4 age=5 dtg=7.57 region=0_2
ep=1612 s=18 11559ms [sel=4 cap=11468 rest=87] sg=1->1 mode=NONE win=8 obs=19 | cap=wip act=(320,360) d=2.44 a=3 | sp=frontier:active d=2.4 age=6 dtg=7.57 region=0_2
ep=1612 s=19 8154ms [sel=3 cap=8041 rest=110] sg=1->1 mode=NONE win=8 obs=20 | cap=wip act=(320,360) d=2.44 a=3 | sp=frontier:active d=2.4 age=7 dtg=7.57 region=0_2
ep=1612 s=20 12581ms [sel=3 cap=12498 rest=80] sg=1->1 mode=NONE win=8 obs=21 | cap=wip act=(320,360) d=2.44 a=1 | sp=frontier:active d=2.4 age=8 dtg=7.35 region=0_2
ep=1612 s=21 6751ms [sel=3 cap=6669 rest=79] sg=1->1 mode=NONE win=8 obs=22 | cap=wip act=(320,360) d=2.22 a=1 | sp=frontier:active d=2.2 age=9 dtg=7.13 region=0_2
ep=1612 s=22 16776ms [sel=3 cap=16694 rest=79] sg=1->1 mode=NONE win=8 obs=23 | cap=wip act=(320,360) d=2.01 a=2 | sp=frontier:active d=2.0 age=10 dtg=7.13 region=0_2
ep=1612 s=23 9942ms [sel=3 cap=9857 rest=82] sg=1->1 mode=NONE win=8 obs=24 | cap=wip act=(320,360) d=2.01 a=1 | sp=frontier:active d=2.0 age=11 dtg=6.89 region=0_2
ep=1612 s=24 7254ms [sel=3 cap=7167 rest=84] sg=1->1 mode=NONE win=8 obs=25 | cap=wip act=(320,360) d=1.78 a=2 | sp=frontier:active d=1.8 age=12 dtg=6.89 region=0_2
ep=1612 s=25 6688ms [sel=3 cap=6597 rest=88] sg=1->1 mode=NONE win=8 obs=26 | cap=wip act=(320,360) d=1.78 a=1 | sp=frontier:active d=1.8 age=13 dtg=6.64 region=0_2
ep=1612 s=26 6907ms [sel=3 cap=6819 rest=85] sg=1->1 mode=NONE win=8 obs=27 | cap=wip act=(320,360) d=1.53 a=1 | sp=frontier:active d=1.5 age=14 dtg=6.40 region=0_17
ep=1612 s=27 4788ms [sel=3 cap=4694 rest=90] sg=1->1 mode=NONE win=8 obs=28 | cap=wip act=(320,360) d=1.28 a=3 | sp=frontier:active d=1.3 age=15 dtg=6.40 region=0_17
ep=1612 s=28 9065ms [sel=3 cap=8970 rest=93] sg=1->1 mode=NONE win=8 obs=29 | cap=wip act=(320,360) d=1.28 a=1 | sp=frontier:active d=1.3 age=16 dtg=6.19 region=0_17
ep=1612 s=29 8292ms [sel=3 cap=8193 rest=96] sg=1->1 mode=NONE win=8 obs=30 | cap=wip act=(320,360) d=1.06 a=1 | sp=frontier:active d=1.1 age=17 dtg=6.07 region=0_17
ep=1612 s=30 12807ms [sel=5622 cap=7087 rest=98] sg=1->1 mode=NONE win=8 obs=31 | cap=wip act=(320,360) d=3.00 a=1 | sp=som:active d=3.0 age=0 som=3/8 dtg=6.02 region=0_17
ep=1612 s=31 5600ms [sel=4 cap=5488 rest=108] sg=1->1 mode=NONE win=8 obs=32 | cap=wip act=(320,360) d=2.76 a=3 | sp=som:active d=2.8 age=1 dtg=6.02 region=0_17
ep=1612 s=32 6997ms [sel=4 cap=6898 rest=95] sg=1->1 mode=NONE win=8 obs=33 | cap=wip act=(320,360) d=2.76 a=1 | sp=som:active d=2.8 age=2 dtg=6.06 region=0_17
ep=1612 s=33 9153ms [sel=3 cap=9056 rest=94] sg=1->1 mode=NONE win=8 obs=34 | cap=wip act=(320,360) d=2.51 a=3 | sp=som:active d=2.5 age=3 dtg=6.06 region=0_17
ep=1612 s=34 6946ms [sel=3 cap=6841 rest=102] sg=1->1 mode=NONE win=8 obs=35 | cap=wip act=(320,360) d=2.51 a=1 | sp=som:active d=2.5 age=4 dtg=6.18 region=0_17
ep=1612 s=35 7651ms [sel=3 cap=7546 rest=102] sg=1->1 mode=NONE win=8 obs=36 | cap=wip act=(320,360) d=2.27 a=1 | sp=som:active d=2.3 age=5 dtg=6.32 region=0_17
ep=1612 s=36 10901ms [sel=3 cap=10792 rest=107] sg=1->1 mode=NONE win=8 obs=37 | cap=wip act=(320,360) d=2.02 a=1 | sp=som:active d=2.0 age=6 dtg=6.52 region=0_17
ep=1612 s=37 6204ms [sel=3 cap=6096 rest=105] sg=1->1 mode=NONE win=8 obs=38 | cap=wip act=(320,360) d=1.78 a=2 | sp=som:active d=1.8 age=7 dtg=6.52 region=0_17
ep=1612 s=38 11298ms [sel=3 cap=11189 rest=106] sg=1->1 mode=NONE win=8 obs=39 | cap=wip act=(320,360) d=1.78 a=1 | sp=som:active d=1.8 age=8 dtg=6.73 region=0_17
ep=1612 s=39 17146ms [sel=3 cap=17039 rest=104] sg=1->1 mode=NONE win=8 obs=40 | cap=wip act=(320,360) d=1.53 a=1 | sp=som:active d=1.5 age=9 dtg=6.96 region=0_17
ep=1612 s=40 8394ms [sel=4 cap=8283 rest=108] sg=1->1 mode=NONE win=8 obs=41 | cap=wip act=(320,360) d=1.28 a=1 | sp=som:active d=1.3 age=10 dtg=7.20 region=0_17
ep=1612 s=41 13186ms [sel=3 cap=13068 rest=115] sg=1->1 mode=NONE win=8 obs=42 | cap=wip act=(320,360) d=1.03 a=1 | sp=som:active d=1.0 age=11 dtg=7.44 region=0_17
ep=1612 s=42 8892ms [sel=3 cap=8785 rest=103] sg=1->1 mode=NONE win=8 obs=43 | cap=wip act=(320,360) d=0.78 a=1 | sp=som:active d=0.8 age=12 dtg=7.69 region=0_17
ep=1612 s=43 11965ms [sel=3 cap=11860 rest=103] sg=1->1 mode=NONE win=8 obs=44 | cap=wip act=(320,360) d=0.53 a=1 | sp=som:active d=0.5 age=13 dtg=7.94 region=0_17
ep=1612 s=44 13669ms [sel=83 cap=13485 rest=100] sg=1->1 mode=NONE win=8 obs=45 | cap=wip act=(320,360) d=3.21 a=2 | sp=frontier:active d=3.2 age=0 dtg=7.94 region=0_17
ep=1612 s=45 13063ms [sel=37 cap=12918 rest=109] sg=1->1 mode=NONE win=8 obs=46 | cap=wip act=(320,360) d=3.21 a=2 | sp=frontier:active d=3.2 age=1 dtg=7.94 region=0_17
ep=1612 s=46 14252ms [sel=37 cap=14099 rest=116] sg=1->1 mode=NONE win=8 obs=47 | cap=wip act=(320,360) d=3.21 a=2 | sp=frontier:active d=3.2 age=2 dtg=7.94 region=0_17
ep=1612 s=47 17755ms [sel=37 cap=17597 rest=121] sg=1->1 mode=NONE win=8 obs=48 | cap=wip act=(320,360) d=3.21 a=2 | sp=frontier:active d=3.2 age=3 dtg=7.94 region=0_17
ep=1612 s=48 12582ms [sel=35 cap=12424 rest=122] sg=1->1 mode=WALL_STUCK win=8 obs=49 | cap=wip/WALL_STUCK act=(320,360) d=3.21 a=2 | sp=frontier:active d=3.2 age=4 dtg=7.94 region=0_17
ep=1612 s=49 18141ms [sel=38 cap=17969 rest=135] sg=1->1 mode=NONE win=8 obs=50 | cap=wip act=(320,360) d=3.21 a=2 | sp=frontier:active d=3.2 age=5 dtg=7.94 region=0_17
ep=1612 s=50 17183ms [sel=36 cap=17015 rest=133] sg=1->1 mode=NONE win=8 obs=51 | cap=wip act=(320,360) d=3.21 a=2 | sp=frontier:active d=3.2 age=6 dtg=7.94 region=0_17
ep=1612 s=51 8791ms [sel=28 cap=8633 rest=129] sg=1->1 mode=IN_PLACE_SPIN win=8 obs=52 | cap=wip/IN_PLACE_SPIN act=(320,360) d=3.21 a=2 | sp=frontier:active d=3.2 age=7 dtg=7.94 region=0_17
ep=1612 s=52 9808ms [sel=22 cap=9663 rest=122] sg=1->1 mode=NONE win=8 obs=53 | cap=wip act=(320,360) d=3.21 a=2 | sp=frontier:active d=3.2 age=8 dtg=7.94 region=0_17
ep=1612 s=53 10009ms [sel=15 cap=9876 rest=118] sg=1->1 mode=NONE win=8 obs=54 | cap=wip act=(320,360) d=3.21 a=2 | sp=frontier:active d=3.2 age=9 dtg=7.94 region=0_17
ep=1612 s=54 10026ms [sel=0 cap=9908 rest=118] sg=1->2 mode=NONE win=8 obs=55 | cap=DONE act=TURN request=-45deg execute=-15deg x1 a=2 | sp=frontier:active d=3.2 age=10 dtg=7.94 region=0_17
ep=1612 s=55 8700ms [sel=0 cap=8591 rest=109] sg=2->2 mode=NONE win=8 obs=56 | cap=wip act=TURN request=-45deg execute=-15deg x1 a=2 dtg=7.94 region=0_17
ep=1612 s=56 10642ms [sel=0 cap=10533 rest=109] sg=2->2 mode=NONE win=8 obs=57 | cap=wip act=TURN request=-45deg execute=-15deg x1 a=2 dtg=7.94 region=0_17
ep=1612 s=57 9376ms [sel=0 cap=9279 rest=97] sg=2->2 mode=NONE win=8 obs=58 | cap=wip act=TURN request=-45deg execute=-15deg x1 a=2 dtg=7.94 region=0_17
ep=1612 s=58 11367ms [sel=4638 cap=6627 rest=102] sg=2->2 mode=NONE win=8 obs=59 | cap=wip act=(320,360) d=3.03 a=3 | sp=som:active d=3.0 age=0 som=4/8 dtg=7.94 region=0_17
ep=1612 s=59 7768ms [sel=4 cap=7667 rest=98] sg=2->2 mode=NONE win=8 obs=60 | cap=wip act=(320,360) d=3.03 a=3 | sp=som:active d=3.0 age=1 dtg=7.94 region=0_17
ep=1612 s=60 13646ms [sel=3 cap=13546 rest=97] sg=2->2 mode=NONE win=8 obs=61 | cap=wip act=(320,360) d=3.03 a=1 | sp=som:active d=3.0 age=2 dtg=7.69 region=0_17
ep=1612 s=61 5184ms [sel=3 cap=5085 rest=96] sg=2->2 mode=NONE win=8 obs=62 | cap=wip act=(320,360) d=2.78 a=1 | sp=som:active d=2.8 age=3 dtg=7.44 region=0_17
ep=1612 s=62 6464ms [sel=3 cap=6368 rest=93] sg=2->2 mode=NONE win=8 obs=63 | cap=wip act=(320,360) d=2.53 a=1 | sp=som:active d=2.5 age=4 dtg=7.20 region=0_17
ep=1612 s=63 9988ms [sel=3 cap=9892 rest=93] sg=2->2 mode=NONE win=8 obs=64 | cap=wip act=(320,360) d=2.28 a=1 | sp=som:active d=2.3 age=5 dtg=6.96 region=0_17
ep=1612 s=64 14348ms [sel=0 cap=14262 rest=86] sg=2->3 mode=NONE win=8 obs=65 | cap=DONE act=TURN request=-45deg execute=-15deg x1 a=2 | sp=som:active d=2.0 age=6 dtg=6.96 region=0_17
ep=1612 s=65 9652ms [sel=0 cap=9563 rest=88] sg=3->3 mode=NONE win=8 obs=66 | cap=wip act=TURN request=-45deg execute=-15deg x1 a=2 dtg=6.96 region=0_17
ep=1612 s=66 12570ms [sel=0 cap=12474 rest=96] sg=3->3 mode=NONE win=8 obs=67 | cap=wip act=TURN request=-45deg execute=-15deg x1 a=2 dtg=6.96 region=0_17
ep=1612 s=67 12268ms [sel=0 cap=12171 rest=97] sg=3->3 mode=NONE win=8 obs=68 | cap=wip act=TURN request=-45deg execute=-15deg x1 a=2 dtg=6.96 region=0_17
ep=1612 s=68 10010ms [sel=0 cap=9917 rest=93] sg=3->3 mode=NONE win=8 obs=69 | cap=wip act=TURN request=-45deg execute=-15deg x1 a=2 dtg=6.96 region=0_17
ep=1612 s=69 10377ms [sel=53 cap=10227 rest=97] sg=3->3 mode=NONE win=8 obs=70 | cap=wip act=(320,360) d=3.85 a=2 | sp=frontier:active d=3.8 age=0 dtg=6.96 region=0_17
ep=1612 s=70 11155ms [sel=4 cap=11043 rest=109] sg=3->3 mode=NONE win=8 obs=71 | cap=wip act=(320,360) d=3.85 a=2 | sp=frontier:active d=3.8 age=1 dtg=6.96 region=0_17
ep=1612 s=71 9601ms [sel=3 cap=9485 rest=113] sg=3->3 mode=NONE win=8 obs=72 | cap=wip act=(320,360) d=3.85 a=2 | sp=frontier:active d=3.8 age=2 dtg=6.96 region=0_17
ep=1612 s=72 10893ms [sel=3 cap=10780 rest=109] sg=3->3 mode=NONE win=8 obs=73 | cap=wip act=(320,360) d=3.85 a=1 | sp=frontier:active d=3.8 age=3 dtg=7.16 region=0_17
ep=1612 s=73 4624ms [sel=3 cap=4510 rest=110] sg=3->3 mode=NONE win=8 obs=74 | cap=wip act=(320,360) d=3.60 a=1 | sp=frontier:active d=3.6 age=4 dtg=7.38 region=0_17
ep=1612 s=74 12018ms [sel=3 cap=11904 rest=111] sg=3->3 mode=NONE win=8 obs=75 | cap=wip act=(320,360) d=3.35 a=1 | sp=frontier:active d=3.4 age=5 dtg=7.61 region=0_17
ep=1612 s=75 8554ms [sel=3 cap=8434 rest=117] sg=3->3 mode=NONE win=8 obs=76 | cap=wip act=(320,360) d=3.10 a=1 | sp=frontier:active d=3.1 age=6 dtg=7.85 region=0_17
ep=1612 s=76 11212ms [sel=3 cap=11098 rest=111] sg=3->3 mode=NONE win=8 obs=77 | cap=wip act=(320,360) d=2.85 a=1 | sp=frontier:active d=2.9 age=7 dtg=8.08 region=0_13
ep=1612 s=77 20182ms [sel=30 cap=20041 rest=111] sg=3->4 mode=NONE win=8 obs=78 | cap=DONE act=(320,360) d=3.26 a=1 | sp=frontier:active d=3.3 age=0 dtg=8.33 region=0_13
ep=1612 s=78 7632ms [sel=5 cap=7516 rest=112] sg=4->4 mode=NONE win=8 obs=79 | cap=wip act=(320,360) d=3.01 a=1 | sp=frontier:active d=3.0 age=1 dtg=8.57 region=0_13
ep=1612 s=79 14191ms [sel=3 cap=14079 rest=110] sg=4->4 mode=NONE win=8 obs=80 | cap=wip act=(320,360) d=2.77 a=1 | sp=frontier:active d=2.8 age=2 dtg=8.81 region=0_13
ep=1612 s=80 17480ms [sel=4 cap=17361 rest=116] sg=4->4 mode=NONE win=8 obs=81 | cap=wip act=(320,360) d=2.52 a=1 | sp=frontier:active d=2.5 age=3 dtg=9.06 region=0_13
ep=1612 s=81 10597ms [sel=3 cap=10479 rest=114] sg=4->4 mode=NONE win=8 obs=82 | cap=wip act=(320,360) d=2.28 a=1 | sp=frontier:active d=2.3 age=4 dtg=9.33 region=0_13
ep=1612 s=82 17289ms [sel=3 cap=17173 rest=113] sg=4->4 mode=NONE win=8 obs=83 | cap=wip act=(320,360) d=2.04 a=3 | sp=frontier:active d=2.0 age=5 dtg=9.33 region=0_13
ep=1612 s=83 20201ms [sel=3 cap=20087 rest=110] sg=4->4 mode=NONE win=8 obs=84 | cap=wip act=(320,360) d=2.04 a=1 | sp=frontier:active d=2.0 age=6 dtg=9.57 region=0_13
ep=1612 s=84 21373ms [sel=3 cap=21261 rest=109] sg=4->4 mode=NONE win=8 obs=85 | cap=wip act=(320,360) d=1.79 a=1 | sp=frontier:active d=1.8 age=7 dtg=9.82 region=0_13
ep=1612 s=85 12921ms [sel=3 cap=12808 rest=110] sg=4->4 mode=NONE win=8 obs=86 | cap=wip act=(320,360) d=1.54 a=1 | sp=frontier:active d=1.5 age=8 dtg=10.07 region=0_13
ep=1612 s=86 10303ms [sel=3 cap=10192 rest=109] sg=4->4 mode=NONE win=8 obs=87 | cap=wip act=(320,360) d=1.30 a=1 | sp=frontier:active d=1.3 age=9 dtg=10.32 region=0_13
ep=1612 s=87 13912ms [sel=3 cap=13801 rest=108] sg=4->4 mode=NONE win=8 obs=88 | cap=wip act=(320,360) d=1.05 a=3 | sp=frontier:active d=1.0 age=10 dtg=10.32 region=0_13
ep=1612 s=88 7880ms [sel=3 cap=7770 rest=107] sg=4->4 mode=NONE win=8 obs=89 | cap=wip act=(320,360) d=1.05 a=1 | sp=frontier:active d=1.0 age=11 dtg=10.57 region=0_13
ep=1612 s=89 14760ms [sel=31 cap=14630 rest=99] sg=4->4 mode=NONE win=8 obs=90 | cap=wip act=(320,360) d=1.09 a=3 | sp=frontier:active d=1.1 age=0 dtg=10.57 region=0_13
ep=1612 s=90 14334ms [sel=6 cap=14225 rest=103] sg=4->4 mode=NONE win=8 obs=91 | cap=wip act=(320,360) d=1.09 a=3 | sp=frontier:active d=1.1 age=1 dtg=10.57 region=0_13
ep=1612 s=91 16525ms [sel=3 cap=16418 rest=104] sg=4->4 mode=NONE win=8 obs=92 | cap=wip act=(320,360) d=1.09 a=1 | sp=frontier:active d=1.1 age=2 dtg=10.76 region=0_13
ep=1612 s=92 21816ms [sel=4 cap=21711 rest=100] sg=4->4 mode=NONE win=8 obs=93 | cap=wip act=(320,360) d=0.93 a=1 | sp=frontier:active d=0.9 age=3 dtg=10.98 region=0_13
ep=1612 s=93 13249ms [sel=9 cap=13132 rest=108] sg=4->4 mode=NONE win=8 obs=94 | cap=wip act=(320,360) d=0.82 a=3 | sp=frontier:active d=0.8 age=4 dtg=10.98 region=0_13
ep=1612 s=94 13237ms [sel=9 cap=12701 rest=493] sg=4->4 mode=NONE win=8 obs=95 | cap=wip act=(160,180) d=0.82 a=1 | preview=view4/6 yaw=+75 render=35ms | sp=frontier:active d=0.8 age=5 dtg=11.22 region=0_13
ep=1612 s=95 15527ms [sel=6 cap=15413 rest=107] sg=4->4 mode=NONE win=8 obs=96 | cap=wip act=(320,360) d=0.70 a=3 | sp=frontier:active d=0.7 age=6 dtg=11.22 region=0_13
ep=1612 s=96 23828ms [sel=5 cap=23715 rest=109] sg=4->4 mode=NONE win=8 obs=97 | cap=wip act=(320,360) d=0.70 a=3 | sp=frontier:active d=0.7 age=7 dtg=11.22 region=0_13
ep=1612 s=97 13630ms [sel=3 cap=13130 rest=463] sg=4->4 mode=NONE win=8 obs=98 | cap=wip act=(320,360) d=0.70 a=1 | preview=view-/6 yaw=+0 render=34ms | sp=frontier:active d=0.7 age=8 dtg=10.88 region=0_13
ep=1612 s=98 10861ms [sel=5 cap=10755 rest=101] sg=4->4 mode=NONE win=8 obs=99 | cap=wip act=(320,360) d=0.55 a=3 | sp=frontier:active d=0.5 age=9 dtg=10.88 region=0_13
ep=1612 s=99 14252ms [sel=4 cap=14151 rest=97] sg=4->4 mode=NONE win=8 obs=100 | cap=wip act=(320,360) d=0.55 a=3 | sp=frontier:active d=0.5 age=10 dtg=10.88 region=0_13
ep=1612 s=100 10151ms [sel=3 cap=10042 rest=106] sg=4->4 mode=NONE win=8 obs=101 | cap=wip act=(320,360) d=0.55 a=1 | sp=frontier:active d=0.5 age=11 dtg=10.65 region=0_13
ep=1612 s=101 9257ms [sel=2803 cap=6352 rest=102] sg=4->4 mode=NONE win=8 obs=102 | cap=wip act=(320,360) d=0.77 a=1 | sp=som:active d=0.8 age=0 som=2/6 dtg=10.46 region=0_13
ep=1612 s=102 6167ms [sel=3 cap=6067 rest=96] sg=4->4 mode=NONE win=8 obs=103 | cap=wip act=(320,360) d=0.53 a=1 | sp=som:active d=0.5 age=1 dtg=10.34 region=0_13
ep=1612 s=103 11054ms [sel=3679 cap=7281 rest=93] sg=4->4 mode=NONE win=8 obs=104 | cap=wip act=(320,360) d=2.73 a=3 | sp=frontier:active d=2.7 age=0 som=1/4 dtg=10.34 region=0_13
ep=1612 s=104 13367ms [sel=21 cap=13247 rest=99] sg=4->4 mode=NONE win=8 obs=105 | cap=wip act=(320,360) d=2.73 a=3 | sp=frontier:active d=2.7 age=1 dtg=10.34 region=0_13
ep=1612 s=105 10678ms [sel=7 cap=10568 rest=103] sg=4->4 mode=NONE win=8 obs=106 | cap=wip act=(320,360) d=2.73 a=3 | sp=frontier:active d=2.7 age=2 dtg=10.34 region=0_13
ep=1612 s=106 12241ms [sel=4 cap=12131 rest=106] sg=4->4 mode=NONE win=8 obs=107 | cap=wip act=(320,360) d=2.73 a=3 | sp=frontier:active d=2.7 age=3 dtg=10.34 region=0_13
ep=1612 s=107 11235ms [sel=3 cap=11130 rest=102] sg=4->4 mode=NONE win=8 obs=108 | cap=wip act=(320,360) d=2.73 a=3 | sp=frontier:active d=2.7 age=4 dtg=10.34 region=0_13
ep=1612 s=108 10182ms [sel=3 cap=10078 rest=101] sg=4->4 mode=NONE win=8 obs=109 | cap=wip act=(320,360) d=2.73 a=1 | sp=frontier:active d=2.7 age=5 dtg=10.10 region=0_13
ep=1612 s=109 18000ms [sel=3 cap=17898 rest=100] sg=4->4 mode=NONE win=8 obs=110 | cap=wip act=(320,360) d=2.49 a=2 | sp=frontier:active d=2.5 age=6 dtg=10.10 region=0_13
ep=1612 s=110 10187ms [sel=3 cap=10083 rest=102] sg=4->4 mode=NONE win=8 obs=111 | cap=wip act=(320,360) d=2.49 a=1 | sp=frontier:active d=2.5 age=7 dtg=9.85 region=0_13
ep=1612 s=111 10035ms [sel=4 cap=9485 rest=510] sg=4->4 mode=NONE win=8 obs=112 | cap=wip act=(320,360) d=2.24 a=1 | preview=view-/6 yaw=+0 render=36ms | sp=frontier:active d=2.2 age=8 dtg=9.60 region=0_13
ep=1612 s=112 13067ms [sel=3 cap=12960 rest=104] sg=4->4 mode=NONE win=8 obs=113 | cap=wip act=(320,360) d=1.99 a=1 | sp=frontier:active d=2.0 age=9 dtg=9.35 region=0_13
ep=1612 s=113 6685ms [sel=3 cap=6579 rest=102] sg=4->4 mode=NONE win=8 obs=114 | cap=wip act=(320,360) d=1.74 a=3 | sp=frontier:active d=1.7 age=10 dtg=9.35 region=0_13
ep=1612 s=114 14650ms [sel=3 cap=14541 rest=106] sg=4->4 mode=NONE win=8 obs=115 | cap=wip act=(320,360) d=1.74 a=1 | sp=frontier:active d=1.7 age=11 dtg=9.10 region=0_13
ep=1612 s=115 11962ms [sel=3 cap=11425 rest=500] sg=4->4 mode=NONE win=8 obs=116 | cap=wip act=(320,360) d=1.49 a=1 | preview=view-/6 yaw=+0 render=34ms | sp=frontier:active d=1.5 age=12 dtg=8.86 region=0_13
ep=1612 s=116 11508ms [sel=3 cap=11409 rest=96] sg=4->4 mode=NONE win=8 obs=117 | cap=wip act=(320,360) d=1.25 a=1 | sp=frontier:active d=1.2 age=13 dtg=8.62 region=0_13
ep=1612 s=117 6585ms [sel=3 cap=6489 rest=92] sg=4->4 mode=NONE win=8 obs=118 | cap=wip act=(320,360) d=1.01 a=1 | sp=frontier:active d=1.0 age=14 dtg=8.39 region=0_13
ep=1612 s=118 15602ms [sel=7430 cap=8079 rest=93] sg=4->4 mode=NONE win=8 obs=119 | cap=wip act=(320,360) d=2.52 a=2 | sp=som:active d=2.5 age=0 som=1/8 dtg=8.39 region=0_13
ep=1612 s=119 10632ms [sel=6 cap=10535 rest=92] sg=4->4 mode=NONE win=8 obs=120 | cap=wip act=(320,360) d=2.52 a=1 | sp=som:active d=2.5 age=1 dtg=8.14 region=0_13
ep=1612 s=120 9289ms [sel=6 cap=9191 rest=93] sg=4->4 mode=NONE win=8 obs=121 | cap=wip act=(320,360) d=2.28 a=2 | sp=som:active d=2.3 age=2 dtg=8.14 region=0_13
ep=1612 s=121 9376ms [sel=6 cap=9280 rest=90] sg=4->4 mode=NONE win=8 obs=122 | cap=wip act=(320,360) d=2.28 a=1 | sp=som:active d=2.3 age=3 dtg=7.89 region=0_13
ep=1612 s=122 9013ms [sel=6 cap=8916 rest=91] sg=4->4 mode=NONE win=8 obs=123 | cap=wip act=(320,360) d=2.04 a=1 | sp=som:active d=2.0 age=4 dtg=7.64 region=0_13
ep=1612 s=123 12483ms [sel=3 cap=12396 rest=84] sg=4->4 mode=NONE win=8 obs=124 | cap=wip act=(320,360) d=1.79 a=1 | sp=som:active d=1.8 age=5 dtg=7.40 region=0_17
ep=1612 s=124 9481ms [sel=5 cap=9386 rest=90] sg=4->4 mode=NONE win=8 obs=125 | cap=wip act=(320,360) d=1.54 a=3 | sp=som:active d=1.5 age=6 dtg=7.40 region=0_17
ep=1612 s=125 9759ms [sel=4 cap=9663 rest=92] sg=4->4 mode=NONE win=8 obs=126 | cap=wip act=(320,360) d=1.54 a=1 | sp=som:active d=1.5 age=7 dtg=7.15 region=0_17
ep=1612 s=126 8222ms [sel=3 cap=8130 rest=89] sg=4->4 mode=NONE win=8 obs=127 | cap=wip act=(320,360) d=1.31 a=1 | sp=som:active d=1.3 age=8 dtg=6.90 region=0_17
ep=1612 s=127 13080ms [sel=3 cap=12984 rest=93] sg=4->4 mode=NONE win=8 obs=128 | cap=wip act=(320,360) d=1.09 a=2 | sp=som:active d=1.1 age=9 dtg=6.90 region=0_17
ep=1612 s=128 11898ms [sel=21 cap=11368 rest=473] sg=4->4 mode=NONE win=8 obs=129 | cap=wip act=(160,180) d=3.40 a=1 | preview=view3/6 yaw=+15 render=36ms | sp=preview:active d=3.4 age=0 dtg=6.65 region=0_17
ep=1612 s=129 3511ms [sel=3 cap=3422 rest=86] sg=4->4 mode=NONE win=8 obs=130 | cap=wip act=(320,360) d=3.16 a=1 | sp=preview:active d=3.2 age=1 dtg=6.41 region=0_17
ep=1612 s=130 5940ms [sel=3 cap=5847 rest=89] sg=4->4 mode=NONE win=8 obs=131 | cap=wip act=(320,360) d=2.93 a=1 | sp=preview:active d=2.9 age=2 dtg=6.17 region=0_17
ep=1612 s=131 9035ms [sel=3 cap=8942 rest=90] sg=4->4 mode=NONE win=8 obs=132 | cap=wip act=(320,360) d=2.71 a=3 | sp=preview:active d=2.7 age=3 dtg=6.17 region=0_17
ep=1612 s=132 7777ms [sel=4 cap=7680 rest=94] sg=4->4 mode=NONE win=8 obs=133 | cap=wip act=(320,360) d=2.71 a=1 | sp=preview:active d=2.7 age=4 dtg=5.92 region=0_17
ep=1612 s=133 11662ms [sel=3 cap=11567 rest=91] sg=4->4 mode=NONE win=8 obs=134 | cap=wip act=(320,360) d=2.46 a=1 | sp=preview:active d=2.5 age=5 dtg=5.67 region=0_18
ep=1612 s=134 7098ms [sel=3 cap=7006 rest=89] sg=4->4 mode=NONE win=8 obs=135 | cap=wip act=(320,360) d=2.22 a=3 | sp=preview:active d=2.2 age=6 dtg=5.67 region=0_18
ep=1612 s=135 9200ms [sel=3 cap=9098 rest=99] sg=4->4 mode=NONE win=8 obs=136 | cap=wip act=(320,360) d=2.22 a=1 | sp=preview:active d=2.2 age=7 dtg=5.43 region=0_18
ep=1612 s=136 9736ms [sel=21 cap=9231 rest=446] sg=4->4 mode=NONE win=8 obs=137 | cap=wip act=(160,180) d=2.25 a=2 | preview=view1/6 yaw=-90 render=39ms | sp=preview:active d=2.2 age=0 dtg=5.43 region=0_18
ep=1612 s=137 6971ms [sel=3 cap=6869 rest=99] sg=4->4 mode=NONE win=8 obs=138 | cap=wip act=(320,360) d=2.25 a=1 | sp=preview:active d=2.2 age=1 dtg=5.18 region=0_18
ep=1612 s=138 6097ms [sel=3 cap=5992 rest=102] sg=4->4 mode=NONE win=8 obs=139 | cap=wip act=(320,360) d=2.00 a=1 | sp=preview:active d=2.0 age=2 dtg=4.93 region=0_18
ep=1612 s=139 8132ms [sel=4 cap=8033 rest=95] sg=4->4 mode=NONE win=8 obs=140 | cap=wip act=(320,360) d=1.75 a=1 | sp=preview:active d=1.8 age=3 dtg=4.68 region=0_18
ep=1612 s=140 11293ms [sel=37 cap=11159 rest=96] sg=4->5 mode=NONE win=8 obs=141 | cap=DONE act=(320,360) d=2.90 a=1 | sp=frontier:active d=2.9 age=0 dtg=4.43 region=0_18
ep=1612 s=141 6058ms [sel=3 cap=5955 rest=101] sg=5->5 mode=NONE win=8 obs=142 | cap=wip act=(320,360) d=2.66 a=1 | sp=frontier:active d=2.7 age=1 dtg=4.19 region=0_18
ep=1612 s=142 7762ms [sel=3 cap=7667 rest=92] sg=5->5 mode=NONE win=8 obs=143 | cap=wip act=(320,360) d=2.42 a=3 | sp=frontier:active d=2.4 age=2 dtg=4.19 region=0_18
ep=1612 s=143 12307ms [sel=3 cap=12213 rest=92] sg=5->5 mode=NONE win=8 obs=144 | cap=wip act=(320,360) d=2.42 a=1 | sp=frontier:active d=2.4 age=3 dtg=3.98 region=0_18
ep=1612 s=144 10975ms [sel=3 cap=10879 rest=92] sg=5->5 mode=NONE win=8 obs=145 | cap=wip act=(320,360) d=2.21 a=1 | sp=frontier:active d=2.2 age=4 dtg=3.81 region=0_18
ep=1612 s=145 10306ms [sel=4 cap=10208 rest=94] sg=5->5 mode=NONE win=8 obs=146 | cap=wip act=(320,360) d=2.01 a=2 | sp=frontier:active d=2.0 age=5 dtg=3.81 region=0_18
ep=1612 s=146 4988ms [sel=3 cap=4884 rest=101] sg=5->5 mode=NONE win=8 obs=147 | cap=wip act=(320,360) d=2.01 a=2 | sp=frontier:active d=2.0 age=6 dtg=3.81 region=0_18
ep=1612 s=147 2508ms [sel=4 cap=2400 rest=105] sg=5->5 mode=NONE win=8 obs=148 | cap=wip act=(320,360) d=2.01 a=1 | sp=frontier:active d=2.0 age=7 dtg=3.59 region=0_18
ep=1612 s=148 9490ms [sel=3 cap=9351 rest=136] sg=5->5 mode=NONE win=8 obs=149 | cap=wip act=(320,360) d=1.76 a=1 | sp=frontier:active d=1.8 age=8 dtg=3.41 region=0_18
ep=1612 s=149 6086ms [sel=3 cap=5977 rest=106] sg=5->5 mode=NONE win=8 obs=150 | cap=wip act=(320,360) d=1.52 a=1 | sp=frontier:active d=1.5 age=9 dtg=3.27 region=0_18
ep=1612 s=150 8406ms [sel=3 cap=8296 rest=106] sg=5->5 mode=NONE win=8 obs=151 | cap=wip act=(320,360) d=1.27 a=2 | sp=frontier:active d=1.3 age=10 dtg=3.27 region=0_18
ep=1612 s=151 8806ms [sel=3 cap=8693 rest=110] sg=5->5 mode=NONE win=8 obs=152 | cap=wip act=(320,360) d=1.27 a=1 | sp=frontier:active d=1.3 age=11 dtg=3.09 region=0_18
ep=1612 s=152 6725ms [sel=3 cap=6611 rest=111] sg=5->5 mode=NONE win=8 obs=153 | cap=wip act=(320,360) d=1.02 a=1 | sp=frontier:active d=1.0 age=12 dtg=2.91 region=0_18
ep=1612 s=153 9968ms [sel=3 cap=9855 rest=110] sg=5->5 mode=NONE win=8 obs=154 | cap=wip act=(320,360) d=0.77 a=1 | sp=frontier:active d=0.8 age=13 dtg=2.75 region=0_18
ep=1612 s=154 11932ms [sel=6036 cap=5787 rest=109] sg=5->5 mode=NONE win=8 obs=155 | cap=wip act=(320,360) d=2.88 a=2 | sp=som:active d=2.9 age=0 som=1/8 dtg=2.75 region=0_18
ep=1612 s=155 4175ms [sel=28 cap=4036 rest=111] sg=5->5 mode=NONE win=8 obs=156 | cap=wip act=(320,360) d=2.88 a=2 | sp=som:active d=2.9 age=1 dtg=2.75 region=0_18
ep=1612 s=156 4320ms [sel=3 cap=4207 rest=111] sg=5->5 mode=NONE win=8 obs=157 | cap=wip act=(320,360) d=2.88 a=2 | sp=som:active d=2.9 age=2 dtg=2.75 region=0_18
ep=1612 s=157 4246ms [sel=3 cap=4145 rest=98] sg=5->5 mode=NONE win=8 obs=158 | cap=wip act=(320,360) d=2.88 a=2 | sp=som:active d=2.9 age=3 dtg=2.75 region=0_18
ep=1612 s=158 7296ms [sel=3 cap=7197 rest=96] sg=5->5 mode=NONE win=8 obs=159 | cap=wip act=(320,360) d=2.88 a=1 | sp=som:active d=2.9 age=4 dtg=2.50 region=0_18
ep=1612 s=159 9672ms [sel=3 cap=9569 rest=100] sg=5->5 mode=NONE win=8 obs=160 | cap=wip act=(320,360) d=2.63 a=2 | sp=som:active d=2.6 age=5 dtg=2.50 region=0_18
ep=1612 s=160 6271ms [sel=3 cap=6163 rest=105] sg=5->5 mode=NONE win=8 obs=161 | cap=wip act=(320,360) d=2.63 a=1 | sp=som:active d=2.6 age=6 dtg=2.28 region=0_18
ep=1612 s=161 8998ms [sel=3 cap=8895 rest=100] sg=5->5 mode=NONE win=8 obs=162 | cap=wip act=(320,360) d=2.41 a=3 | sp=som:active d=2.4 age=7 dtg=2.28 region=0_18
ep=1612 s=162 18123ms [sel=5 cap=17628 rest=456] sg=5->None mode=NONE win=8 obs=163 | cap=DONE act=(320,360) d=1.00 a=1 | preview=view-/6 yaw=+0 render=35ms | sp=som:active d=2.4 age=8 door_evts=1 dtg=2.03 region=0_18
ep=1612 s=163 101ms [sel=4 cap=0 rest=97] sg=None->None mode=NONE win=8 obs=164 | cap=- act=(320,360) d=1.00 a=1 | sp=som:active d=2.2 age=9 door_evts=1 dtg=1.79 region=0_18
ep=1612 s=164 103ms [sel=4 cap=0 rest=98] sg=None->None mode=NONE win=8 obs=165 | cap=- act=(320,360) d=1.00 a=1 | sp=som:active d=1.9 age=10 door_evts=1 dtg=1.55 region=0_18
ep=1612 s=165 93ms [sel=0 cap=0 rest=93] sg=None->None mode=NONE win=8 obs=166 | cap=- act=STOP | sp=som:active d=1.7 age=11 door_evts=1 dtg=1.55 region=0_18
rank=1 [16/17] id=1612 steps=166 success=1.000 spl=0.369 dtg=1.55 osr=1 path_length=20.51 ndtw=0.252 sdtw=0.252
PluginManager::Manager: duplicate static plugin StbImageImporter, ignoring
PluginManager::Manager: duplicate static plugin GltfImporter, ignoring
PluginManager::Manager: duplicate static plugin BasisImporter, ignoring
PluginManager::Manager: duplicate static plugin AssimpImporter, ignoring
PluginManager::Manager: duplicate static plugin AnySceneImporter, ignoring
PluginManager::Manager: duplicate static plugin AnyImageImporter, ignoring
episode=1741 instruction='Toward the refrigerator. Left. Out the door beside the refrigerator. Into the hallway. Halt.' start_position=[-6.228819847106934, 0.15480518341064453, -14.611100196838379] goal_position=[0.004998010117560625, 0.15480518341064453, -16.973899841308594] reference_geodesic=7.01496696472168
episode=1741 prepared_subgoals=4
  [1] Walk toward the refrigerator
      proof: The refrigerator is beside or directly ahead of the camera, within a step; the camera has not yet turned left.
  [2] Turn left until the door beside the refrigerator is centered ahead, then exit through the door beside the refrigerator
      proof: The camera has crossed the threshold and the hallway is central in the view.
  [3] Walk into the hallway
      proof: The hallway fills the view and the camera has passed the door.
  [4] Halt
      proof: The camera is stopped beside the hallway wall, with no forward movement
ep=1741 s=0 15842ms [sel=5 cap=15323 rest=478] sg=1->1 mode=NONE win=1 obs=1 | cap=wip act=PREVIEW a=2 | preview=view0/6 yaw=-90 render=36ms dtg=7.01 region=1_9
ep=1741 s=1 15034ms [sel=6311 cap=8598 rest=124] sg=1->1 mode=NONE win=2 obs=2 | cap=wip act=(320,360) d=1.15 a=2 | sp=som:active d=1.2 age=0 som=1/6 dtg=7.01 region=1_9
ep=1741 s=2 10643ms [sel=6 cap=10517 rest=120] sg=1->1 mode=NONE win=3 obs=3 | cap=wip act=(320,360) d=1.15 a=2 | sp=som:active d=1.2 age=1 dtg=7.01 region=1_9
ep=1741 s=3 9801ms [sel=6 cap=9679 rest=117] sg=1->1 mode=NONE win=4 obs=4 | cap=wip act=(320,360) d=1.15 a=2 | sp=som:active d=1.2 age=2 dtg=7.01 region=1_9
ep=1741 s=4 8265ms [sel=4 cap=8148 rest=114] sg=1->1 mode=GET_NOWHERE win=5 obs=5 | cap=wip/GET_NOWHERE act=(320,360) d=1.15 a=2 | sp=som:active d=1.2 age=3 dtg=7.01 region=1_9
ep=1741 s=5 8990ms [sel=3 cap=8876 rest=110] sg=1->1 mode=NONE win=6 obs=6 | cap=wip act=(320,360) d=1.15 a=2 | sp=som:active d=1.2 age=4 dtg=7.01 region=1_9
ep=1741 s=6 7530ms [sel=3 cap=7417 rest=110] sg=1->1 mode=NONE win=7 obs=7 | cap=wip act=(320,360) d=1.15 a=1 | sp=som:active d=1.2 age=5 dtg=7.05 region=1_9
ep=1741 s=7 11917ms [sel=3 cap=11806 rest=108] sg=1->1 mode=NONE win=8 obs=8 | cap=wip act=(320,360) d=0.90 a=1 | sp=som:active d=0.9 age=6 dtg=7.10 region=1_9
ep=1741 s=8 4189ms [sel=4 cap=4078 rest=107] sg=1->1 mode=WALL_STUCK win=8 obs=9 | cap=wip/WALL_STUCK act=(320,360) d=0.65 a=1 | sp=som:active d=0.7 age=7 dtg=7.21 region=1_9
ep=1741 s=9 11216ms [sel=4217 cap=6891 rest=108] sg=1->1 mode=NONE win=8 obs=10 | cap=wip act=(320,360) d=2.98 a=1 | sp=som:active d=3.0 age=0 som=3/8 dtg=7.39 region=1_9
ep=1741 s=10 6240ms [sel=4 cap=6127 rest=110] sg=1->1 mode=NONE win=8 obs=11 | cap=wip act=(320,360) d=2.75 a=1 | sp=som:active d=2.8 age=1 dtg=7.61 region=1_9
ep=1741 s=11 10537ms [sel=3 cap=10425 rest=110] sg=1->1 mode=NONE win=8 obs=12 | cap=wip act=(320,360) d=2.53 a=1 | sp=som:active d=2.5 age=2 dtg=7.84 region=1_9
ep=1741 s=12 8717ms [sel=3 cap=8603 rest=111] sg=1->1 mode=NONE win=8 obs=13 | cap=wip act=(320,360) d=2.32 a=2 | sp=som:active d=2.3 age=3 dtg=7.84 region=1_9
ep=1741 s=13 14918ms [sel=4 cap=14801 rest=114] sg=1->1 mode=NONE win=8 obs=14 | cap=wip act=(320,360) d=2.32 a=1 | sp=som:active d=2.3 age=4 dtg=8.06 region=0_11
ep=1741 s=14 8279ms [sel=3 cap=8156 rest=121] sg=1->1 mode=NONE win=8 obs=15 | cap=wip act=(320,360) d=2.08 a=1 | sp=som:active d=2.1 age=5 dtg=8.29 region=0_11
ep=1741 s=15 13858ms [sel=17 cap=13281 rest=525] sg=1->1 mode=NONE win=8 obs=16 | cap=wip act=(160,180) d=2.00 a=1 | preview=view3/6 yaw=+0 render=36ms | sp=preview:active d=2.0 age=0 dtg=8.52 region=0_11
ep=1741 s=16 8235ms [sel=3 cap=8119 rest=113] sg=1->1 mode=NONE win=8 obs=17 | cap=wip act=(320,360) d=1.75 a=1 | sp=preview:active d=1.8 age=1 dtg=8.76 region=1_23
ep=1741 s=17 8352ms [sel=3 cap=8238 rest=111] sg=1->1 mode=GET_NOWHERE win=8 obs=18 | cap=wip/GET_NOWHERE act=(320,360) d=1.51 a=1 | sp=preview:active d=1.5 age=2 dtg=9.00 region=1_23
ep=1741 s=18 8001ms [sel=3 cap=7888 rest=111] sg=1->1 mode=GET_NOWHERE win=8 obs=19 | cap=wip/GET_NOWHERE act=(320,360) d=1.26 a=1 | sp=preview:active d=1.3 age=3 dtg=9.16 region=1_23
ep=1741 s=19 10020ms [sel=5 cap=9906 rest=108] sg=1->1 mode=GET_NOWHERE win=8 obs=20 | cap=wip/GET_NOWHERE act=(320,360) d=1.01 a=2 | sp=preview:active d=1.0 age=4 dtg=9.16 region=1_23
ep=1741 s=20 8957ms [sel=3 cap=8841 rest=112] sg=1->1 mode=NONE win=8 obs=21 | cap=wip act=(320,360) d=1.01 a=1 | sp=preview:active d=1.0 age=5 dtg=9.07 region=1_23
ep=1741 s=21 11458ms [sel=3 cap=11338 rest=117] sg=1->1 mode=NONE win=8 obs=22 | cap=wip act=(320,360) d=0.76 a=1 | sp=preview:active d=0.8 age=6 dtg=9.01 region=1_23
ep=1741 s=22 5371ms [sel=3 cap=5248 rest=120] sg=1->1 mode=NONE win=8 obs=23 | cap=wip act=(320,360) d=0.51 a=1 | sp=preview:active d=0.5 age=7 dtg=8.96 region=1_23
ep=1741 s=23 11589ms [sel=2485 cap=8987 rest=117] sg=1->1 mode=NONE win=8 obs=24 | cap=wip act=(320,360) d=2.35 a=2 | sp=frontier:active d=2.3 age=0 som=5/8 dtg=8.96 region=1_23
ep=1741 s=24 18687ms [sel=20 cap=18133 rest=499] sg=1->1 mode=NONE win=8 obs=25 | cap=wip act=(160,180) d=1.61 a=2 | preview=view2/6 yaw=-30 render=35ms | sp=preview:active d=1.6 age=0 dtg=8.96 region=1_23
ep=1741 s=25 13891ms [sel=4 cap=13761 rest=125] sg=1->1 mode=NONE win=8 obs=26 | cap=wip act=(320,360) d=1.61 a=2 | sp=preview:active d=1.6 age=1 dtg=8.96 region=1_23
ep=1741 s=26 11597ms [sel=3 cap=11476 rest=118] sg=1->1 mode=NONE win=8 obs=27 | cap=wip act=(320,360) d=1.61 a=2 | sp=preview:active d=1.6 age=2 dtg=8.96 region=1_23
ep=1741 s=27 19759ms [sel=15 cap=19211 rest=496] sg=1->1 mode=NONE win=8 obs=28 | cap=wip act=PREVIEW a=2 | preview=view2/6 yaw=-0 render=37ms | sp=preview:active d=1.5 age=0 dtg=8.96 region=1_23
ep=1741 s=28 12207ms [sel=5001 cap=7082 rest=124] sg=1->1 mode=NONE win=8 obs=29 | cap=wip act=(320,360) d=4.45 a=2 | sp=frontier:active d=4.5 age=0 som=1/8 dtg=8.96 region=1_23
ep=1741 s=29 6747ms [sel=3 cap=6618 rest=126] sg=1->1 mode=NONE win=8 obs=30 | cap=wip act=(320,360) d=4.45 a=2 | sp=frontier:active d=4.5 age=1 dtg=8.96 region=1_23
ep=1741 s=30 7398ms [sel=0 cap=7264 rest=134] sg=1->2 mode=NONE win=8 obs=31 | cap=DONE act=TURN request=-45deg execute=-15deg x1 a=2 | sp=frontier:active d=4.5 age=2 door_evts=1 dtg=8.96 region=1_23
ep=1741 s=31 10349ms [sel=0 cap=10223 rest=126] sg=2->2 mode=NONE win=8 obs=32 | cap=wip act=TURN request=-45deg execute=-15deg x1 a=2 | sp=- door_evts=1 dtg=8.96 region=1_23
ep=1741 s=32 12778ms [sel=0 cap=12650 rest=127] sg=2->2 mode=NONE win=8 obs=33 | cap=wip act=TURN request=-45deg execute=-15deg x1 a=2 | sp=- door_evts=1 dtg=8.96 region=1_23
ep=1741 s=33 9788ms [sel=0 cap=9668 rest=120] sg=2->2 mode=NONE win=8 obs=34 | cap=wip act=TURN request=-45deg execute=-15deg x1 a=2 | sp=- door_evts=1 dtg=8.96 region=1_23
ep=1741 s=34 13136ms [sel=59 cap=12959 rest=119] sg=2->2 mode=NONE win=8 obs=35 | cap=wip act=(320,360) d=3.56 a=1 | sp=frontier:active d=3.6 age=0 dtg=8.94 region=1_23
ep=1741 s=35 10211ms [sel=3 cap=10091 rest=118] sg=2->2 mode=TURN_OSCILLATION win=8 obs=36 | cap=wip/TURN_OSCILLATION act=(320,360) d=3.33 a=2 | sp=frontier:active d=3.3 age=1 dtg=8.94 region=1_23
ep=1741 s=36 10536ms [sel=4 cap=10413 rest=118] sg=2->2 mode=NONE win=8 obs=37 | cap=wip act=(320,360) d=3.33 a=1 | sp=frontier:active d=3.3 age=2 dtg=9.01 region=1_23
ep=1741 s=37 13534ms [sel=3 cap=13412 rest=119] sg=2->2 mode=NONE win=8 obs=38 | cap=wip act=(320,360) d=3.13 a=1 | sp=frontier:active d=3.1 age=3 dtg=9.10 region=1_23
ep=1741 s=38 6419ms [sel=5 cap=6296 rest=117] sg=2->2 mode=NONE win=8 obs=39 | cap=wip act=(320,360) d=2.94 a=1 | sp=frontier:active d=2.9 age=4 dtg=9.00 region=1_23
ep=1741 s=39 16547ms [sel=4 cap=16427 rest=116] sg=2->2 mode=NONE win=8 obs=40 | cap=wip act=(320,360) d=2.75 a=3 | sp=frontier:active d=2.8 age=5 dtg=9.00 region=1_23
ep=1741 s=40 3258ms [sel=3 cap=3140 rest=115] sg=2->2 mode=NONE win=8 obs=41 | cap=wip act=(320,360) d=2.75 a=1 | sp=frontier:active d=2.8 age=6 dtg=8.76 region=1_23
ep=1741 s=41 8930ms [sel=3 cap=8805 rest=122] sg=2->2 mode=NONE win=8 obs=42 | cap=wip act=(320,360) d=2.54 a=1 | sp=frontier:active d=2.5 age=7 dtg=8.52 region=0_11
ep=1741 s=42 12307ms [sel=3 cap=12184 rest=120] sg=2->2 mode=NONE win=8 obs=43 | cap=wip act=(320,360) d=2.34 a=1 | sp=frontier:active d=2.3 age=8 dtg=8.29 region=0_11
ep=1741 s=43 11177ms [sel=5 cap=11051 rest=121] sg=2->2 mode=NONE win=8 obs=44 | cap=wip act=(320,360) d=2.14 a=1 | sp=frontier:active d=2.1 age=9 dtg=8.06 region=0_11
ep=1741 s=44 16118ms [sel=6 cap=15986 rest=126] sg=2->2 mode=NONE win=8 obs=45 | cap=wip act=(320,360) d=1.96 a=1 | sp=frontier:active d=2.0 age=10 dtg=7.84 region=1_9
ep=1741 s=45 14318ms [sel=5 cap=14155 rest=158] sg=2->2 mode=NONE win=8 obs=46 | cap=wip act=(320,360) d=1.79 a=3 | sp=frontier:active d=1.8 age=11 dtg=7.84 region=1_9
ep=1741 s=46 18187ms [sel=3 cap=18061 rest=123] sg=2->2 mode=NONE win=8 obs=47 | cap=wip act=(320,360) d=1.79 a=1 | sp=frontier:active d=1.8 age=12 dtg=7.61 region=1_9
ep=1741 s=47 16432ms [sel=5 cap=16306 rest=122] sg=2->2 mode=NONE win=8 obs=48 | cap=wip act=(320,360) d=1.59 a=1 | sp=frontier:active d=1.6 age=13 dtg=7.39 region=1_9
ep=1741 s=48 9795ms [sel=3601 cap=6074 rest=120] sg=2->3 mode=NONE win=8 obs=49 | cap=DONE act=(320,360) d=2.95 a=1 | sp=som:active d=3.0 age=0 som=5/8 dtg=7.21 region=1_9
ep=1741 s=49 6128ms [sel=3 cap=6006 rest=119] sg=3->3 mode=NONE win=8 obs=50 | cap=wip act=(320,360) d=2.70 a=1 | sp=som:active d=2.7 age=1 dtg=7.10 region=1_9
ep=1741 s=50 6360ms [sel=3 cap=6236 rest=122] sg=3->3 mode=NONE win=8 obs=51 | cap=wip act=(320,360) d=2.45 a=1 | sp=som:active d=2.5 age=2 dtg=7.05 region=1_9
ep=1741 s=51 7701ms [sel=3 cap=7576 rest=122] sg=3->3 mode=NONE win=8 obs=52 | cap=wip act=(320,360) d=2.21 a=1 | sp=som:active d=2.2 age=3 dtg=7.01 region=1_9
ep=1741 s=52 10045ms [sel=3 cap=9917 rest=125] sg=3->3 mode=NONE win=8 obs=53 | cap=wip act=(320,360) d=1.96 a=1 | sp=som:active d=2.0 age=4 dtg=7.00 region=1_9
ep=1741 s=53 6116ms [sel=3 cap=5991 rest=122] sg=3->3 mode=NONE win=8 obs=54 | cap=wip act=(320,360) d=1.71 a=1 | sp=som:active d=1.7 age=5 dtg=7.40 region=1_9
ep=1741 s=54 8000ms [sel=3 cap=7876 rest=120] sg=3->3 mode=NONE win=8 obs=55 | cap=wip act=(320,360) d=1.46 a=1 | sp=som:active d=1.5 age=6 dtg=7.15 region=1_9
ep=1741 s=55 10900ms [sel=3 cap=10777 rest=120] sg=3->3 mode=NONE win=8 obs=56 | cap=wip act=(320,360) d=1.21 a=1 | sp=som:active d=1.2 age=7 dtg=6.91 region=1_9
ep=1741 s=56 5734ms [sel=3 cap=5613 rest=119] sg=3->3 mode=NONE win=8 obs=57 | cap=wip act=(320,360) d=0.96 a=1 | sp=som:active d=1.0 age=8 dtg=6.68 region=1_9
ep=1741 s=57 14851ms [sel=3 cap=14732 rest=116] sg=3->3 mode=NONE win=8 obs=58 | cap=wip act=(320,360) d=0.72 a=1 | sp=som:active d=0.7 age=9 dtg=6.47 region=1_9
ep=1741 s=58 11582ms [sel=57 cap=11405 rest=119] sg=3->3 mode=NONE win=8 obs=59 | cap=wip act=(320,360) d=3.75 a=2 | sp=frontier:active d=3.8 age=0 dtg=6.47 region=1_9
ep=1741 s=59 14862ms [sel=7 cap=14732 rest=122] sg=3->3 mode=NONE win=8 obs=60 | cap=wip act=(320,360) d=3.75 a=1 | sp=frontier:active d=3.8 age=1 dtg=6.37 region=1_9
ep=1741 s=60 9467ms [sel=3 cap=9334 rest=130] sg=3->3 mode=NONE win=8 obs=61 | cap=wip act=(320,360) d=3.51 a=1 | sp=frontier:active d=3.5 age=2 dtg=6.38 region=1_9
ep=1741 s=61 9595ms [sel=6 cap=9464 rest=125] sg=3->3 mode=NONE win=8 obs=62 | cap=wip act=(320,360) d=3.27 a=1 | sp=frontier:active d=3.3 age=3 dtg=6.43 region=1_9
ep=1741 s=62 8059ms [sel=3 cap=7929 rest=127] sg=3->3 mode=NONE win=8 obs=63 | cap=wip act=(320,360) d=3.04 a=1 | sp=frontier:active d=3.0 age=4 dtg=6.49 region=1_9
ep=1741 s=63 10779ms [sel=3 cap=10648 rest=128] sg=3->3 mode=NONE win=8 obs=64 | cap=wip act=(320,360) d=2.80 a=1 | sp=frontier:active d=2.8 age=5 dtg=6.57 region=1_9
ep=1741 s=64 8853ms [sel=3 cap=8725 rest=125] sg=3->3 mode=NONE win=8 obs=65 | cap=wip act=(320,360) d=2.57 a=1 | sp=frontier:active d=2.6 age=6 dtg=6.71 region=1_9
ep=1741 s=65 11564ms [sel=3 cap=11441 rest=120] sg=3->3 mode=NONE win=8 obs=66 | cap=wip act=(320,360) d=2.34 a=3 | sp=frontier:active d=2.3 age=7 dtg=6.71 region=1_9
ep=1741 s=66 10542ms [sel=3 cap=10426 rest=113] sg=3->3 mode=NONE win=8 obs=67 | cap=wip act=(320,360) d=2.34 a=1 | sp=frontier:active d=2.3 age=8 dtg=6.89 region=1_9
ep=1741 s=67 10014ms [sel=3 cap=9896 rest=116] sg=3->3 mode=NONE win=8 obs=68 | cap=wip act=(320,360) d=2.10 a=3 | sp=frontier:active d=2.1 age=9 dtg=6.89 region=1_9
ep=1741 s=68 5638ms [sel=3 cap=5523 rest=112] sg=3->3 mode=NONE win=8 obs=69 | cap=wip act=(320,360) d=2.10 a=1 | sp=frontier:active d=2.1 age=10 dtg=7.07 region=1_9
ep=1741 s=69 12693ms [sel=3 cap=12560 rest=130] sg=3->3 mode=NONE win=8 obs=70 | cap=wip act=(320,360) d=1.85 a=1 | sp=frontier:active d=1.8 age=11 dtg=7.28 region=1_9
ep=1741 s=70 12124ms [sel=3379 cap=8621 rest=123] sg=3->3 mode=NONE win=8 obs=71 | cap=wip act=(320,360) d=0.57 a=1 | sp=som:active d=0.6 age=0 som=3/6 dtg=7.51 region=1_9
ep=1741 s=71 10819ms [sel=62 cap=10638 rest=120] sg=3->3 mode=NONE win=8 obs=72 | cap=wip act=(320,360) d=4.54 a=1 | sp=frontier:active d=4.5 age=0 dtg=7.74 region=1_20
ep=1741 s=72 16170ms [sel=3 cap=16045 rest=122] sg=3->3 mode=NONE win=8 obs=73 | cap=wip act=(320,360) d=4.29 a=2 | sp=frontier:active d=4.3 age=1 dtg=7.74 region=1_20
ep=1741 s=73 14034ms [sel=3 cap=13915 rest=116] sg=3->3 mode=NONE win=8 obs=74 | cap=wip act=(320,360) d=4.29 a=1 | sp=frontier:active d=4.3 age=2 dtg=7.99 region=1_20
ep=1741 s=74 8653ms [sel=3 cap=8533 rest=116] sg=3->3 mode=NONE win=8 obs=75 | cap=wip act=(320,360) d=4.04 a=1 | sp=frontier:active d=4.0 age=3 dtg=8.24 region=1_20
ep=1741 s=75 6468ms [sel=3 cap=6353 rest=112] sg=3->3 mode=NONE win=8 obs=76 | cap=wip act=(320,360) d=3.80 a=1 | sp=frontier:active d=3.8 age=4 dtg=8.49 region=1_20
ep=1741 s=76 15999ms [sel=3 cap=15892 rest=104] sg=3->3 mode=NONE win=8 obs=77 | cap=wip act=(320,360) d=3.55 a=1 | sp=frontier:active d=3.5 age=5 dtg=8.74 region=1_20
ep=1741 s=77 5152ms [sel=4 cap=5042 rest=106] sg=3->3 mode=NONE win=8 obs=78 | cap=wip act=(320,360) d=3.30 a=1 | sp=frontier:active d=3.3 age=6 dtg=8.99 region=1_20
ep=1741 s=78 6818ms [sel=3 cap=6709 rest=106] sg=3->3 mode=NONE win=8 obs=79 | cap=wip act=(320,360) d=3.05 a=1 | sp=frontier:active d=3.0 age=7 dtg=9.24 region=1_20
ep=1741 s=79 15527ms [sel=4 cap=15415 rest=108] sg=3->3 mode=NONE win=8 obs=80 | cap=wip act=(320,360) d=2.80 a=1 | sp=frontier:active d=2.8 age=8 dtg=9.49 region=1_20
ep=1741 s=80 10081ms [sel=3 cap=9974 rest=105] sg=3->3 mode=NONE win=8 obs=81 | cap=wip act=(320,360) d=2.55 a=1 | sp=frontier:active d=2.6 age=9 dtg=9.74 region=1_20
ep=1741 s=81 11067ms [sel=4 cap=10957 rest=106] sg=3->3 mode=NONE win=8 obs=82 | cap=wip act=(320,360) d=2.30 a=1 | sp=frontier:active d=2.3 age=10 dtg=9.99 region=1_20
ep=1741 s=82 12144ms [sel=3 cap=12038 rest=104] sg=3->3 mode=NONE win=8 obs=83 | cap=wip act=(320,360) d=2.05 a=1 | sp=frontier:active d=2.1 age=11 dtg=10.24 region=1_20
ep=1741 s=83 14320ms [sel=4653 cap=9565 rest=102] sg=3->3 mode=NONE win=8 obs=84 | cap=wip act=(320,360) d=2.99 a=1 | sp=som:active d=3.0 age=0 som=3/8 dtg=10.49 region=1_20
ep=1741 s=84 12546ms [sel=3 cap=12438 rest=104] sg=3->3 mode=NONE win=8 obs=85 | cap=wip act=(320,360) d=2.74 a=1 | sp=som:active d=2.7 age=1 dtg=10.74 region=1_20
ep=1741 s=85 12305ms [sel=3 cap=12193 rest=108] sg=3->3 mode=NONE win=8 obs=86 | cap=wip act=(320,360) d=2.49 a=1 | sp=som:active d=2.5 age=2 dtg=10.99 region=1_20
ep=1741 s=86 13932ms [sel=8 cap=13341 rest=549] sg=3->3 mode=NONE win=8 obs=87 | cap=wip act=(160,180) d=2.24 a=1 | preview=view2/6 yaw=-45 render=34ms | sp=som:active d=2.2 age=3 dtg=11.24 region=1_20
ep=1741 s=87 15207ms [sel=3 cap=15100 rest=104] sg=3->3 mode=NONE win=8 obs=88 | cap=wip act=(320,360) d=1.99 a=1 | sp=som:active d=2.0 age=4 dtg=11.49 region=1_20
ep=1741 s=88 6364ms [sel=3 cap=6256 rest=105] sg=3->3 mode=NONE win=8 obs=89 | cap=wip act=(320,360) d=1.74 a=1 | sp=som:active d=1.7 age=5 dtg=11.74 region=1_20
ep=1741 s=89 11796ms [sel=3 cap=11692 rest=101] sg=3->3 mode=NONE win=8 obs=90 | cap=wip act=(320,360) d=1.49 a=1 | sp=som:active d=1.5 age=6 dtg=11.99 region=1_20
ep=1741 s=90 8803ms [sel=3 cap=8694 rest=106] sg=3->3 mode=NONE win=8 obs=91 | cap=wip act=(320,360) d=1.24 a=1 | sp=som:active d=1.2 age=7 dtg=12.24 region=1_20
ep=1741 s=91 5903ms [sel=3 cap=5793 rest=107] sg=3->3 mode=NONE win=8 obs=92 | cap=wip act=(320,360) d=0.99 a=1 | sp=som:active d=1.0 age=8 dtg=12.49 region=1_20
ep=1741 s=92 11148ms [sel=119 cap=10923 rest=106] sg=3->3 mode=NONE win=8 obs=93 | cap=wip act=(320,360) d=1.21 a=2 | sp=frontier:active d=1.2 age=0 dtg=12.49 region=1_20
ep=1741 s=93 12283ms [sel=3 cap=12169 rest=111] sg=3->3 mode=NONE win=8 obs=94 | cap=wip act=(320,360) d=1.21 a=1 | sp=frontier:active d=1.2 age=1 dtg=12.73 region=1_20
ep=1741 s=94 5775ms [sel=3 cap=5657 rest=115] sg=3->3 mode=NONE win=8 obs=95 | cap=wip act=(320,360) d=0.96 a=2 | sp=frontier:active d=1.0 age=2 dtg=12.73 region=1_20
ep=1741 s=95 14652ms [sel=177 cap=14329 rest=147] sg=3->4 mode=NONE win=8 obs=96 | cap=DONE act=(320,360) d=4.28 a=2 | sp=frontier:active d=4.3 age=0 dtg=12.73 region=1_20
ep=1741 s=96 7679ms [sel=34 cap=7520 rest=125] sg=4->4 mode=NONE win=8 obs=97 | cap=wip act=(320,360) d=4.28 a=2 | sp=frontier:active d=4.3 age=1 dtg=12.73 region=1_20
ep=1741 s=97 17571ms [sel=6 cap=17047 rest=484] sg=4->None mode=NONE win=8 obs=98 | cap=DONE act=(320,360) d=1.00 a=1 | preview=view-/6 yaw=+0 render=34ms | sp=frontier:active d=4.3 age=2 ovr=1 door_evts=4 dtg=12.87 region=1_20
ep=1741 s=98 130ms [sel=4 cap=0 rest=126] sg=None->None mode=NONE win=8 obs=99 | cap=- act=STOP | sp=frontier:active d=4.0 age=3 ovr=1 door_evts=4 dtg=12.87 region=1_20
rank=1 [17/17] id=1741 steps=99 success=0.000 spl=0.000 dtg=12.87 osr=0 path_length=17.02 ndtw=0.063 sdtw=0.000
rank_summary={"count": 17, "rank": 1, "totals": {"distance_to_goal": 145.53995835781097, "ndtw": 5.4162713095343, "oracle_success": 6.0, "path_length": 386.7060646963256, "sdtw": 1.0972829248392337, "spl": 1.414929405735428, "steps": 2655.0, "success": 3.0}}
