rank=0 physical_gpu=6 config=/data/pengyh/workspace/FreeAskAgent_R2R/outputs/para50b_20260926/freeask_config.yaml
Gym has been unmaintained since 2022 and does not support NumPy 2.0 amongst other critical functionality.
Please upgrade to Gymnasium, the maintained drop-in replacement of Gym, or contact the authors of your software and request that they upgrade.
See the migration guide at https://gymnasium.farama.org/introduction/migration_guide/ for additional information.
PluginManager::Manager: duplicate static plugin StbImageImporter, ignoring
PluginManager::Manager: duplicate static plugin GltfImporter, ignoring
PluginManager::Manager: duplicate static plugin BasisImporter, ignoring
PluginManager::Manager: duplicate static plugin AssimpImporter, ignoring
PluginManager::Manager: duplicate static plugin AnySceneImporter, ignoring
PluginManager::Manager: duplicate static plugin AnyImageImporter, ignoring
config: /data/pengyh/workspace/FreeAskAgent_R2R/outputs/para50b_20260926/freeask_config.yaml (defaults: actor, base_url, camera_height_m, camera_pitch_deg, depth_hfov, depth_max_m, depth_min_m, depth_normalize, forward_step_m, image_height, image_width, max_steps, model_path, preview_scale, preview_yaws, record_video, turn_angle_deg, waypoint_radius; env: CAPTIONER_COMPLETION_SCREEN, CAPTIONER_DECISION_BASE_URL, CAPTIONER_DECISION_MODEL, CAPTIONER_INFERENCE_ONLY_COMPLETION, CAPTIONER_OPENING_LOOK_AROUND, CAPTIONER_PREVIEW_BACKOFF_MAX_STEPS, CAPTIONER_PREVIEW_CANDIDATES, CAPTIONER_PREVIEW_GATE_BACKOFF_MAX_M, CAPTIONER_PREVIEW_GATE_BACKOFF_START_M, CAPTIONER_PREVIEW_GATE_FREE_RINGS, CAPTIONER_PREVIEW_GATE_MAX_SKIPS, CAPTIONER_PREVIEW_GATE_MIN_MOVE_M, CAPTIONER_PREVIEW_IDLE_LIMIT, CAPTIONER_PREVIEW_IDLE_RESET_M, CAPTIONER_PREVIEW_MIN_MOVE_M, CAPTIONER_PREVIEW_MIN_TURN_DEG, CAPTIONER_PREVIEW_MOVE_BACKOFF_MAX_M, CAPTIONER_STEP_DEADLINE_S, JOYAI_API_BASE, JOYAI_MODEL_NAME, VLLM_BASE_URL, VLN_ABLATE_SPATIAL, VLN_ABLATE_TEMPORAL, VLN_COMPACT_SUBGOALS, VLN_IMAGE_MAX_PIXELS, VLN_NAV_PARAMS, VLN_ROBOT_PARAMS, VLN_SOM, VLN_SPATIAL_MEMORY_PARAMS, VLN_STRUCTURED_VLM_MAX_TOKENS)
camera: 640x480 hfov=90 K=from-hfov distortion=none mount xyz=(0.0, 1.25, 0.0) rpy_deg=(0.0, -15.0, 0.0)
2026-09-26 10:01:26,362 Initializing dataset R2RVLN-v1
2026-09-26 10:01:26,368 initializing sim Sim-v0
PluginManager::Manager: duplicate static plugin StbImageImporter, ignoring
PluginManager::Manager: duplicate static plugin GltfImporter, ignoring
PluginManager::Manager: duplicate static plugin BasisImporter, ignoring
PluginManager::Manager: duplicate static plugin AssimpImporter, ignoring
PluginManager::Manager: duplicate static plugin AnySceneImporter, ignoring
PluginManager::Manager: duplicate static plugin AnyImageImporter, ignoring
2026-09-26 10:01:38,819 Initializing task VLN-v0
nDTW/SDTW on: 50 reference paths, fastdtw
PluginManager::Manager: duplicate static plugin StbImageImporter, ignoring
PluginManager::Manager: duplicate static plugin GltfImporter, ignoring
PluginManager::Manager: duplicate static plugin BasisImporter, ignoring
PluginManager::Manager: duplicate static plugin AssimpImporter, ignoring
PluginManager::Manager: duplicate static plugin AnySceneImporter, ignoring
PluginManager::Manager: duplicate static plugin AnyImageImporter, ignoring
episode=37 instruction='Right. Straight ahead. Halt in the bedroom doorway.' start_position=[-2.035788059234619, 0.17162801325321198, -3.9434499740600586] goal_position=[6.815470218658447, 0.17162801325321198, -4.185239791870117] reference_geodesic=8.85549545288086
episode=37 prepared_subgoals=2
  [1] Turn right until the Halt in the bedroom doorway is centered ahead, then walk straight ahead toward the Halt in the bedroom doorway until the next instructed route stage begins
      proof: The Halt in the bedroom doorway is visible nearby and the camera is positioned to begin the next instructed route stage.
  [2] Halt in the bedroom doorway
      proof: The camera is stopped beside the bedroom doorway, centered in the view
ep=37 s=0 2328ms [sel=0 cap=1928 rest=361] sg=1->1 mode=NONE win=1 obs=1 | cap=wip act=TURN request=+45deg execute=+15deg x1 a=3 | preview=view-/6 yaw=+0 render=39ms dtg=8.86 region=0_1
ep=37 s=1 2136ms [sel=0 cap=2063 rest=73] sg=1->1 mode=NONE win=2 obs=2 | cap=wip act=TURN request=+45deg execute=+15deg x1 a=3 dtg=8.86 region=0_1
ep=37 s=2 2324ms [sel=0 cap=2257 rest=68] sg=1->1 mode=NONE win=3 obs=3 | cap=wip act=TURN request=+45deg execute=+15deg x1 a=3 dtg=8.86 region=0_1
ep=37 s=3 2337ms [sel=0 cap=2263 rest=74] sg=1->1 mode=NONE win=4 obs=4 | cap=wip act=TURN request=+45deg execute=+15deg x1 a=3 dtg=8.86 region=0_1
ep=37 s=4 2312ms [sel=584 cap=1655 rest=73] sg=1->1 mode=NONE win=5 obs=5 | cap=wip act=TURN request=+45deg execute=+15deg x1 a=3 | sp=som:active d=1.5 age=0 som=1/3 dtg=8.86 region=0_1
ep=37 s=5 2097ms [sel=8 cap=2013 rest=76] sg=1->1 mode=NONE win=6 obs=6 | cap=wip act=TURN request=+45deg execute=+15deg x1 a=3 | sp=som:active d=1.5 age=1 dtg=8.86 region=0_1
ep=37 s=6 1563ms [sel=8 cap=1474 rest=82] sg=1->1 mode=NONE win=7 obs=7 | cap=wip act=TURN request=+45deg execute=+15deg x1 a=3 | sp=som:active d=1.5 age=2 dtg=8.86 region=0_1
ep=37 s=7 3355ms [sel=8 cap=3257 rest=90] sg=1->1 mode=NONE win=8 obs=8 | cap=wip act=(320,360) d=1.47 a=3 | sp=som:active d=1.5 age=3 dtg=8.86 region=0_1
ep=37 s=8 2231ms [sel=5 cap=2129 rest=96] sg=1->1 mode=NONE win=8 obs=9 | cap=wip act=(320,360) d=1.47 a=3 | sp=som:active d=1.5 age=4 dtg=8.86 region=0_1
ep=37 s=9 2400ms [sel=6 cap=2289 rest=105] sg=1->1 mode=NONE win=8 obs=10 | cap=wip act=(320,360) d=1.47 a=1 | sp=som:active d=1.5 age=5 dtg=8.62 region=0_1
ep=37 s=10 3041ms [sel=4 cap=2937 rest=100] sg=1->1 mode=NONE win=8 obs=11 | cap=wip act=(320,360) d=1.22 a=1 | sp=som:active d=1.2 age=6 dtg=8.38 region=0_1
ep=37 s=11 3023ms [sel=3 cap=2919 rest=101] sg=1->1 mode=NONE win=8 obs=12 | cap=wip act=(320,360) d=0.97 a=1 | sp=som:active d=1.0 age=7 dtg=8.14 region=0_1
ep=37 s=12 2585ms [sel=3 cap=2480 rest=102] sg=1->1 mode=NONE win=8 obs=13 | cap=wip act=(320,360) d=0.73 a=1 | sp=som:active d=0.7 age=8 dtg=7.90 region=0_1
ep=37 s=13 3829ms [sel=878 cap=2841 rest=110] sg=1->2 mode=NONE win=8 obs=14 | cap=DONE act=(320,360) d=2.28 a=2 | sp=som:active d=2.3 age=0 som=3/7 dtg=7.90 region=0_1
ep=37 s=14 2328ms [sel=3 cap=2204 rest=120] sg=2->2 mode=NONE win=8 obs=15 | cap=wip act=(320,360) d=2.28 a=1 | sp=som:active d=2.3 age=1 dtg=7.65 region=0_1
ep=37 s=15 7952ms [sel=1516 cap=5961 rest=439] sg=2->None mode=NONE win=8 obs=16 | cap=DONE act=(320,360) d=2.03 a=1 | preview=view-/6 yaw=+0 render=36ms | sp=som:active d=2.0 age=2 dtg=7.40 region=0_1
ep=37 s=16 101ms [sel=3 cap=0 rest=98] sg=None->None mode=NONE win=8 obs=17 | cap=- act=(320,360) d=1.78 a=1 | sp=endpoint:active d=1.8 age=1 dtg=7.15 region=0_1
ep=37 s=17 103ms [sel=2 cap=0 rest=100] sg=None->None mode=NONE win=8 obs=18 | cap=- act=(320,360) d=1.53 a=1 | sp=endpoint:active d=1.5 age=2 dtg=6.90 region=0_1
ep=37 s=18 100ms [sel=0 cap=0 rest=100] sg=None->None mode=NONE win=8 obs=19 | cap=- act=STOP | sp=endpoint:active d=1.3 age=3 dtg=6.90 region=0_1
rank=0 [1/17] id=37 steps=19 success=0.000 spl=0.000 dtg=6.90 osr=0 path_length=2.00 ndtw=0.428 sdtw=0.000
PluginManager::Manager: duplicate static plugin StbImageImporter, ignoring
PluginManager::Manager: duplicate static plugin GltfImporter, ignoring
PluginManager::Manager: duplicate static plugin BasisImporter, ignoring
PluginManager::Manager: duplicate static plugin AssimpImporter, ignoring
PluginManager::Manager: duplicate static plugin AnySceneImporter, ignoring
PluginManager::Manager: duplicate static plugin AnyImageImporter, ignoring
episode=108 instruction='Into the bedroom. Around the corner, through the door marked "B". Into the hallway. Along the banister rail, into the room on the right with the figure-shaped coat rack. Over the rug, into the closet doorway.' start_position=[1.1446900367736816, 3.4365439414978027, -9.352140426635742] goal_position=[-2.9906399250030518, 3.5454914569854736, -7.188910007476807] reference_geodesic=7.423033237457275
episode=108 prepared_subgoals=5
  [1] Go into the bedroom
      proof: The camera has crossed the threshold into the bedroom and its interior is central in the view; the camera has not yet turned right.
  [2] Turn right at the door marked "B", then walk into the hallway
      proof: The camera has passed the hallway entrance and the hallway fills the view.
  [3] Follow the banister rail to the room on the right
      proof: The room with the figure-shaped coat rack is directly ahead and centered in the view.
  [4] Step over the rug
      proof: The rug is behind the camera and the closet doorway is centered in the view.
  [5] Enter the closet doorway
      proof: The camera has crossed the closet threshold and the closet interior is central in the view
ep=108 s=0 4905ms [sel=1248 cap=3137 rest=481] sg=1->1 mode=NONE win=1 obs=1 | cap=wip act=(320,360) d=3.02 a=1 | preview=view-/6 yaw=+0 render=40ms | sp=som:active d=3.0 age=0 som=5/8 dtg=7.21 region=2_17
ep=108 s=1 2914ms [sel=14 cap=2787 rest=114] sg=1->1 mode=NONE win=2 obs=2 | cap=wip act=(320,360) d=2.82 a=1 | sp=som:active d=2.8 age=1 dtg=7.05 region=2_17
ep=108 s=2 3173ms [sel=15 cap=3047 rest=111] sg=1->1 mode=NONE win=3 obs=3 | cap=wip act=(320,360) d=2.63 a=1 | sp=som:active d=2.6 age=2 dtg=6.93 region=2_17
ep=108 s=3 2866ms [sel=0 cap=2756 rest=110] sg=1->2 mode=NONE win=4 obs=4 | cap=DONE act=TURN request=+45deg execute=+15deg x1 a=3 | sp=som:active d=2.4 age=3 dtg=6.93 region=2_17
ep=108 s=4 1659ms [sel=0 cap=1550 rest=109] sg=2->2 mode=NONE win=5 obs=5 | cap=wip act=TURN request=+45deg execute=+15deg x1 a=3 dtg=6.93 region=2_17
ep=108 s=5 2440ms [sel=0 cap=2334 rest=106] sg=2->2 mode=NONE win=6 obs=6 | cap=wip act=TURN request=+45deg execute=+15deg x1 a=3 dtg=6.93 region=2_17
ep=108 s=6 7376ms [sel=0 cap=6799 rest=540] sg=2->2 mode=NONE win=7 obs=7 | cap=wip act=TURN request=+45deg execute=+15deg x1 a=3 | preview=view-/6 yaw=+0 render=38ms dtg=6.93 region=2_17
ep=108 s=7 2826ms [sel=0 cap=2725 rest=100] sg=2->2 mode=NONE win=8 obs=8 | cap=wip act=TURN request=+45deg execute=+15deg x1 a=3 dtg=6.93 region=2_17
ep=108 s=8 4620ms [sel=1223 cap=3293 rest=105] sg=2->2 mode=NONE win=8 obs=9 | cap=wip act=(320,360) d=1.38 a=2 | sp=som:active d=1.4 age=0 som=4/8 dtg=6.93 region=2_17
ep=108 s=9 2374ms [sel=3 cap=2266 rest=105] sg=2->2 mode=NONE win=8 obs=10 | cap=wip act=(320,360) d=1.38 a=1 | sp=som:active d=1.4 age=1 dtg=6.68 region=2_17
ep=108 s=10 9086ms [sel=4 cap=8951 rest=131] sg=2->2 mode=NONE win=8 obs=11 | cap=wip act=(320,360) d=1.13 a=1 | sp=som:active d=1.1 age=2 dtg=6.44 region=2_17
ep=108 s=11 4149ms [sel=30 cap=3612 rest=471] sg=2->2 mode=NONE win=8 obs=12 | cap=wip act=(160,180) d=3.30 a=1 | preview=view3/6 yaw=+0 render=36ms | sp=preview:active d=3.3 age=0 dtg=6.19 region=2_17
ep=108 s=12 3105ms [sel=11 cap=2991 rest=103] sg=2->2 mode=NONE win=8 obs=13 | cap=wip act=(320,360) d=3.05 a=1 | sp=preview:active d=3.1 age=1 dtg=5.95 region=2_17
ep=108 s=13 4732ms [sel=10 cap=4619 rest=104] sg=2->2 mode=NONE win=8 obs=14 | cap=wip act=(320,360) d=2.80 a=1 | sp=preview:active d=2.8 age=2 dtg=5.71 region=2_17
ep=108 s=14 4374ms [sel=10 cap=4253 rest=111] sg=2->2 mode=NONE win=8 obs=15 | cap=wip act=(320,360) d=2.56 a=1 | sp=preview:active d=2.6 age=3 dtg=5.40 region=2_17
ep=108 s=15 5276ms [sel=6 cap=5163 rest=107] sg=2->2 mode=NONE win=8 obs=16 | cap=wip act=(320,360) d=2.31 a=1 | sp=preview:active d=2.3 age=4 dtg=5.21 region=1_7
ep=108 s=16 4664ms [sel=3 cap=4555 rest=106] sg=2->2 mode=NONE win=8 obs=17 | cap=wip act=(320,360) d=2.06 a=2 | sp=preview:active d=2.1 age=5 dtg=5.21 region=1_7
ep=108 s=17 4327ms [sel=4 cap=4210 rest=113] sg=2->2 mode=NONE win=8 obs=18 | cap=wip act=(320,360) d=2.06 a=1 | sp=preview:active d=2.1 age=6 dtg=5.19 region=2_24
ep=108 s=18 6483ms [sel=4 cap=6364 rest=114] sg=2->2 mode=NONE win=8 obs=19 | cap=wip act=(320,360) d=1.81 a=1 | sp=preview:active d=1.8 age=7 dtg=5.22 region=2_24
ep=108 s=19 4433ms [sel=3 cap=4321 rest=109] sg=2->2 mode=NONE win=8 obs=20 | cap=wip act=(320,360) d=1.57 a=1 | sp=preview:active d=1.6 age=8 dtg=5.26 region=2_24
ep=108 s=20 5634ms [sel=3 cap=5061 rest=529] sg=2->2 mode=NONE win=8 obs=21 | cap=wip act=(320,360) d=1.32 a=1 | preview=view-/6 yaw=+0 render=42ms | sp=preview:active d=1.3 age=9 dtg=5.34 region=2_24
ep=108 s=21 6313ms [sel=5 cap=6196 rest=111] sg=2->2 mode=NONE win=8 obs=22 | cap=wip act=(320,360) d=1.07 a=1 | sp=preview:active d=1.1 age=10 dtg=5.43 region=2_24
ep=108 s=22 5402ms [sel=3 cap=5289 rest=110] sg=2->2 mode=NONE win=8 obs=23 | cap=wip act=(320,360) d=0.82 a=1 | sp=preview:active d=0.8 age=11 dtg=5.53 region=2_24
ep=108 s=23 7255ms [sel=1382 cap=5764 rest=110] sg=2->2 mode=NONE win=8 obs=24 | cap=wip act=(320,360) d=2.38 a=1 | sp=som:active d=2.4 age=0 som=5/8 dtg=5.66 region=2_24
ep=108 s=24 4815ms [sel=3 cap=4704 rest=109] sg=2->2 mode=NONE win=8 obs=25 | cap=wip act=(320,360) d=2.15 a=3 | sp=som:active d=2.1 age=1 dtg=5.66 region=2_24
ep=108 s=25 4964ms [sel=4 cap=4847 rest=113] sg=2->2 mode=NONE win=8 obs=26 | cap=wip act=(320,360) d=2.15 a=1 | sp=som:active d=2.1 age=2 dtg=5.83 region=2_24
ep=108 s=26 4282ms [sel=3 cap=4167 rest=112] sg=2->2 mode=NONE win=8 obs=27 | cap=wip act=(320,360) d=1.90 a=1 | sp=som:active d=1.9 age=3 dtg=6.04 region=2_24
ep=108 s=27 7895ms [sel=3 cap=7783 rest=110] sg=2->2 mode=NONE win=8 obs=28 | cap=wip act=(320,360) d=1.65 a=1 | sp=som:active d=1.7 age=4 dtg=6.27 region=2_24
ep=108 s=28 7627ms [sel=870 cap=6652 rest=105] sg=2->3 mode=NONE win=8 obs=29 | cap=DONE act=(320,360) d=1.41 a=1 | sp=som:active d=1.4 age=0 som=4/8 dtg=6.50 region=2_24
ep=108 s=29 3193ms [sel=3 cap=3082 rest=108] sg=3->3 mode=NONE win=8 obs=30 | cap=wip act=(320,360) d=1.16 a=1 | sp=som:active d=1.2 age=1 dtg=6.74 region=2_24
ep=108 s=30 2474ms [sel=3 cap=2359 rest=112] sg=3->3 mode=NONE win=8 obs=31 | cap=wip act=(320,360) d=0.92 a=1 | sp=som:active d=0.9 age=2 dtg=6.98 region=2_24
ep=108 s=31 6265ms [sel=1925 cap=4225 rest=115] sg=3->4 mode=NONE win=8 obs=32 | cap=DONE act=(320,360) d=2.14 a=1 | sp=som:active d=2.1 age=0 som=4/8 dtg=7.23 region=2_24
ep=108 s=32 2431ms [sel=3 cap=2320 rest=108] sg=4->4 mode=NONE win=8 obs=33 | cap=wip act=(320,360) d=1.89 a=1 | sp=som:active d=1.9 age=1 dtg=7.48 region=2_24
ep=108 s=33 3515ms [sel=3 cap=3405 rest=107] sg=4->4 mode=NONE win=8 obs=34 | cap=wip act=(320,360) d=1.64 a=1 | sp=som:active d=1.6 age=2 dtg=7.73 region=2_24
ep=108 s=34 3056ms [sel=3 cap=2947 rest=106] sg=4->4 mode=NONE win=8 obs=35 | cap=wip act=(320,360) d=1.39 a=1 | sp=som:active d=1.4 age=3 dtg=7.98 region=2_24
ep=108 s=35 5392ms [sel=1762 cap=3526 rest=103] sg=4->5 mode=NONE win=8 obs=36 | cap=DONE act=(320,360) d=3.05 a=1 | sp=som:active d=3.1 age=0 som=3/7 dtg=8.22 region=1_11
ep=108 s=36 2974ms [sel=3 cap=2865 rest=106] sg=5->5 mode=NONE win=8 obs=37 | cap=wip act=(320,360) d=2.81 a=2 | sp=som:active d=2.8 age=1 dtg=8.22 region=1_11
ep=108 s=37 2299ms [sel=3 cap=2184 rest=111] sg=5->5 mode=NONE win=8 obs=38 | cap=wip act=(320,360) d=2.81 a=1 | sp=som:active d=2.8 age=2 dtg=8.47 region=1_11
ep=108 s=38 2049ms [sel=4 cap=1923 rest=122] sg=5->5 mode=NONE win=8 obs=39 | cap=wip act=(320,360) d=2.56 a=1 | sp=som:active d=2.6 age=3 dtg=8.72 region=1_11
ep=108 s=39 6170ms [sel=4 cap=6042 rest=124] sg=5->5 mode=NONE win=8 obs=40 | cap=wip act=(320,360) d=2.31 a=1 | sp=som:active d=2.3 age=4 dtg=8.97 region=1_11
ep=108 s=40 12409ms [sel=3 cap=11871 rest=498] sg=5->5 mode=NONE win=8 obs=41 | cap=wip act=(320,360) d=2.07 a=1 | preview=view-/6 yaw=+0 render=36ms | sp=som:active d=2.1 age=5 dtg=9.22 region=1_11
ep=108 s=41 5574ms [sel=6 cap=5446 rest=122] sg=5->5 mode=NONE win=8 obs=42 | cap=wip act=(320,360) d=1.82 a=1 | sp=som:active d=1.8 age=6 dtg=9.46 region=1_11
ep=108 s=42 6449ms [sel=3 cap=6316 rest=130] sg=5->5 mode=NONE win=8 obs=43 | cap=wip act=(320,360) d=1.58 a=1 | sp=som:active d=1.6 age=7 dtg=9.71 region=1_11
ep=108 s=43 12180ms [sel=5 cap=11652 rest=487] sg=5->None mode=NONE win=8 obs=44 | cap=DONE act=(320,360) d=1.00 a=1 | preview=view-/6 yaw=+0 render=36ms | sp=som:active d=1.3 age=8 door_evts=1 dtg=9.96 region=1_11
ep=108 s=44 117ms [sel=4 cap=0 rest=112] sg=None->None mode=NONE win=8 obs=45 | cap=- act=(320,360) d=1.00 a=1 | sp=som:active d=1.1 age=9 door_evts=1 dtg=10.21 region=1_11
ep=108 s=45 115ms [sel=4 cap=0 rest=111] sg=None->None mode=NONE win=8 obs=46 | cap=- act=(320,360) d=1.00 a=1 | sp=som:active d=0.9 age=10 door_evts=1 dtg=10.46 region=1_11
ep=108 s=46 117ms [sel=0 cap=0 rest=117] sg=None->None mode=NONE win=8 obs=47 | cap=- act=STOP | sp=som:active d=0.7 age=11 door_evts=2 EVT=door@(2.6,-1.3)w1.00m@s43 dtg=10.46 region=1_11
rank=0 [2/17] id=108 steps=47 success=0.000 spl=0.000 dtg=10.46 osr=0 path_length=9.34 ndtw=0.384 sdtw=0.000
PluginManager::Manager: duplicate static plugin StbImageImporter, ignoring
PluginManager::Manager: duplicate static plugin GltfImporter, ignoring
PluginManager::Manager: duplicate static plugin BasisImporter, ignoring
PluginManager::Manager: duplicate static plugin AssimpImporter, ignoring
PluginManager::Manager: duplicate static plugin AnySceneImporter, ignoring
PluginManager::Manager: duplicate static plugin AnyImageImporter, ignoring
episode=142 instruction='Forward into the hallway, cabinets on the left. In the hallway, left. Past the console table on your right. Along the hallway to the clearing. Stop just past the entry behind you.' start_position=[1.6312299966812134, 0.15480518341064453, -16.785999298095703] goal_position=[0.14195099472999573, 0.15480518341064453, -12.11970043182373] reference_geodesic=5.445591449737549
episode=142 prepared_subgoals=4
  [1] Go forward into the hallway
      proof: The camera has crossed the threshold into the hallway and its interior is central in the view; the camera has not yet turned left.
  [2] Turn left in the hallway, then walk past the console table on the right
      proof: The console table is directly beside or behind the camera, and the path continues forward.
  [3] Walk along the hallway to the clearing
      proof: The clearing is directly ahead and fills the view, with no obstructions.
  [4] Stop just past the entry behind you
      proof: The entry behind you is visible in the background, and the camera has stopped beside it
ep=142 s=0 8606ms [sel=5 cap=8116 rest=442] sg=1->1 mode=NONE win=1 obs=1 | cap=wip act=PREVIEW a=2 | preview=view4/6 yaw=+90 render=43ms dtg=5.45 region=1_12
ep=142 s=1 5964ms [sel=1682 cap=4198 rest=85] sg=1->1 mode=NONE win=2 obs=2 | cap=wip act=(320,360) d=2.41 a=3 | sp=frontier:active d=2.4 age=0 som=2/8 dtg=5.45 region=1_12
ep=142 s=2 4430ms [sel=5 cap=4346 rest=79] sg=1->1 mode=NONE win=3 obs=3 | cap=wip act=TURN request=+45deg execute=+15deg x1 a=3 | sp=frontier:active d=2.4 age=1 dtg=5.45 region=1_12
ep=142 s=3 4026ms [sel=5 cap=3935 rest=86] sg=1->1 mode=NONE win=4 obs=4 | cap=wip act=TURN request=+45deg execute=+15deg x1 a=3 | sp=frontier:active d=2.4 age=2 dtg=5.45 region=1_12
ep=142 s=4 4325ms [sel=5 cap=4230 rest=90] sg=1->1 mode=NONE win=5 obs=5 | cap=wip act=TURN request=+45deg execute=+15deg x1 a=3 | sp=frontier:active d=2.4 age=3 dtg=5.45 region=1_12
ep=142 s=5 4486ms [sel=21 cap=3955 rest=473] sg=1->1 mode=NONE win=6 obs=6 | cap=wip act=(160,180) d=3.55 a=3 | preview=view3/6 yaw=+30 render=36ms | sp=preview:active d=3.6 age=0 dtg=5.45 region=1_12
ep=142 s=6 2445ms [sel=3 cap=2348 rest=94] sg=1->1 mode=NONE win=7 obs=7 | cap=wip act=(320,360) d=3.55 a=3 | sp=preview:active d=3.6 age=1 dtg=5.45 region=1_12
ep=142 s=7 6433ms [sel=3 cap=6336 rest=94] sg=1->1 mode=NONE win=8 obs=8 | cap=wip act=(320,360) d=3.55 a=1 | sp=preview:active d=3.6 age=2 dtg=5.20 region=1_12
ep=142 s=8 3863ms [sel=3 cap=3765 rest=95] sg=1->1 mode=NONE win=8 obs=9 | cap=wip act=(320,360) d=3.32 a=3 | sp=preview:active d=3.3 age=3 dtg=5.20 region=1_12
ep=142 s=9 5358ms [sel=3 cap=5253 rest=102] sg=1->1 mode=NONE win=8 obs=10 | cap=wip act=(320,360) d=3.32 a=1 | sp=preview:active d=3.3 age=4 dtg=4.97 region=1_25
ep=142 s=10 6265ms [sel=3 cap=6154 rest=107] sg=1->1 mode=NONE win=8 obs=11 | cap=wip act=(320,360) d=3.07 a=1 | sp=preview:active d=3.1 age=5 dtg=4.76 region=1_25
ep=142 s=11 4443ms [sel=3 cap=4325 rest=114] sg=1->1 mode=NONE win=8 obs=12 | cap=wip act=(320,360) d=2.82 a=1 | sp=preview:active d=2.8 age=6 dtg=4.63 region=1_25
ep=142 s=12 5175ms [sel=4 cap=5071 rest=100] sg=1->1 mode=NONE win=8 obs=13 | cap=wip act=(320,360) d=2.57 a=1 | sp=preview:active d=2.6 age=7 dtg=4.61 region=1_25
ep=142 s=13 4219ms [sel=3 cap=4104 rest=111] sg=1->1 mode=NONE win=8 obs=14 | cap=wip act=(320,360) d=2.32 a=1 | sp=preview:active d=2.3 age=8 dtg=4.60 region=1_25
ep=142 s=14 7458ms [sel=3 cap=7345 rest=109] sg=1->1 mode=NONE win=8 obs=15 | cap=wip act=(320,360) d=2.07 a=1 | sp=preview:active d=2.1 age=9 dtg=4.61 region=1_25
ep=142 s=15 6813ms [sel=3 cap=6690 rest=119] sg=1->1 mode=NONE win=8 obs=16 | cap=wip act=(320,360) d=1.82 a=1 | sp=preview:active d=1.8 age=10 dtg=4.65 region=1_25
ep=142 s=16 3339ms [sel=3 cap=3213 rest=123] sg=1->1 mode=NONE win=8 obs=17 | cap=wip act=(320,360) d=1.57 a=1 | sp=preview:active d=1.6 age=11 dtg=4.74 region=1_25
ep=142 s=17 3793ms [sel=3 cap=3665 rest=124] sg=1->1 mode=NONE win=8 obs=18 | cap=wip act=(320,360) d=1.33 a=1 | sp=preview:active d=1.3 age=12 dtg=4.92 region=1_9
ep=142 s=18 7807ms [sel=2529 cap=5155 rest=123] sg=1->1 mode=NONE win=8 obs=19 | cap=wip act=(320,360) d=2.97 a=1 | sp=som:active d=3.0 age=0 som=4/8 dtg=5.14 region=1_9
ep=142 s=19 4984ms [sel=0 cap=4861 rest=122] sg=1->2 mode=NONE win=8 obs=20 | cap=DONE act=TURN request=-45deg execute=-15deg x1 a=2 | sp=som:active d=2.7 age=1 dtg=5.14 region=1_9
ep=142 s=20 3936ms [sel=0 cap=3813 rest=122] sg=2->2 mode=NONE win=8 obs=21 | cap=wip act=TURN request=-45deg execute=-15deg x1 a=2 dtg=5.14 region=1_9
ep=142 s=21 4465ms [sel=0 cap=4335 rest=130] sg=2->2 mode=NONE win=8 obs=22 | cap=wip act=TURN request=-45deg execute=-15deg x1 a=2 dtg=5.14 region=1_9
ep=142 s=22 3228ms [sel=0 cap=3098 rest=130] sg=2->2 mode=NONE win=8 obs=23 | cap=wip act=TURN request=-45deg execute=-15deg x1 a=2 dtg=5.14 region=1_9
ep=142 s=23 3630ms [sel=0 cap=3503 rest=126] sg=2->2 mode=NONE win=8 obs=24 | cap=wip act=TURN request=-45deg execute=-15deg x1 a=2 dtg=5.14 region=1_9
ep=142 s=24 7515ms [sel=2590 cap=4800 rest=125] sg=2->2 mode=NONE win=8 obs=25 | cap=wip act=(320,360) d=2.63 a=3 | sp=som:active d=2.6 age=0 som=1/6 dtg=5.14 region=1_9
ep=142 s=25 4138ms [sel=8 cap=4000 rest=130] sg=2->2 mode=NONE win=8 obs=26 | cap=wip act=(320,360) d=2.63 a=3 | sp=som:active d=2.6 age=1 dtg=5.14 region=1_9
ep=142 s=26 9257ms [sel=8 cap=9105 rest=144] sg=2->2 mode=NONE win=8 obs=27 | cap=wip act=(320,360) d=2.63 a=3 | sp=som:active d=2.6 age=2 dtg=5.14 region=1_9
ep=142 s=27 4889ms [sel=8 cap=4751 rest=130] sg=2->2 mode=NONE win=8 obs=28 | cap=wip act=(320,360) d=2.63 a=1 | sp=som:active d=2.6 age=3 dtg=5.31 region=1_9
ep=142 s=28 7756ms [sel=14 cap=7618 rest=124] sg=2->2 mode=NONE win=8 obs=29 | cap=wip act=(320,360) d=2.48 a=1 | sp=som:active d=2.5 age=4 dtg=5.52 region=1_9
ep=142 s=29 6253ms [sel=15 cap=6116 rest=121] sg=2->2 mode=NONE win=8 obs=30 | cap=wip act=(320,360) d=2.34 a=2 | sp=som:active d=2.3 age=5 dtg=5.52 region=1_9
ep=142 s=30 3444ms [sel=9 cap=3316 rest=119] sg=2->2 mode=NONE win=8 obs=31 | cap=wip act=(320,360) d=2.34 a=1 | sp=som:active d=2.3 age=6 dtg=5.61 region=1_9
ep=142 s=31 8397ms [sel=7 cap=8272 rest=118] sg=2->2 mode=NONE win=8 obs=32 | cap=wip act=(320,360) d=2.16 a=2 | sp=som:active d=2.2 age=7 dtg=5.61 region=1_9
ep=142 s=32 6087ms [sel=6 cap=5962 rest=119] sg=2->2 mode=NONE win=8 obs=33 | cap=wip act=(320,360) d=2.16 a=1 | sp=som:active d=2.2 age=8 dtg=5.40 region=1_9
ep=142 s=33 6037ms [sel=3 cap=5912 rest=121] sg=2->2 mode=NONE win=8 obs=34 | cap=wip act=(320,360) d=1.96 a=2 | sp=som:active d=2.0 age=9 dtg=5.40 region=1_9
ep=142 s=34 2867ms [sel=3 cap=2743 rest=121] sg=2->2 mode=NONE win=8 obs=35 | cap=wip act=(320,360) d=1.96 a=1 | sp=som:active d=2.0 age=10 dtg=5.16 region=1_9
ep=142 s=35 4106ms [sel=3 cap=3990 rest=113] sg=2->2 mode=NONE win=8 obs=36 | cap=wip act=(320,360) d=1.73 a=1 | sp=som:active d=1.7 age=11 dtg=4.92 region=1_9
ep=142 s=36 3242ms [sel=4 cap=3124 rest=115] sg=2->2 mode=NONE win=8 obs=37 | cap=wip act=(320,360) d=1.50 a=2 | sp=som:active d=1.5 age=12 dtg=4.92 region=1_9
ep=142 s=37 2663ms [sel=5 cap=2541 rest=117] sg=2->2 mode=NONE win=8 obs=38 | cap=wip act=(320,360) d=1.50 a=1 | sp=som:active d=1.5 age=13 dtg=4.67 region=1_9
ep=142 s=38 5624ms [sel=7 cap=5489 rest=128] sg=2->2 mode=NONE win=8 obs=39 | cap=wip act=(320,360) d=1.26 a=1 | sp=som:active d=1.3 age=14 dtg=4.42 region=1_9
ep=142 s=39 6423ms [sel=3 cap=6311 rest=109] sg=2->2 mode=NONE win=8 obs=40 | cap=wip act=(320,360) d=1.02 a=1 | sp=som:active d=1.0 age=15 dtg=4.17 region=1_9
ep=142 s=40 7125ms [sel=3 cap=7006 rest=116] sg=2->2 mode=NONE win=8 obs=41 | cap=wip act=(320,360) d=0.79 a=2 | sp=som:active d=0.8 age=16 dtg=4.17 region=1_9
ep=142 s=41 3674ms [sel=3 cap=3552 rest=119] sg=2->2 mode=NONE win=8 obs=42 | cap=wip act=(320,360) d=0.79 a=1 | sp=som:active d=0.8 age=17 dtg=3.93 region=1_9
ep=142 s=42 6986ms [sel=3 cap=6863 rest=120] sg=2->2 mode=NONE win=8 obs=43 | cap=wip act=(320,360) d=0.55 a=1 | sp=som:active d=0.6 age=18 dtg=3.68 region=1_9
ep=142 s=43 8277ms [sel=1616 cap=6540 rest=122] sg=2->2 mode=NONE win=8 obs=44 | cap=wip act=(320,360) d=2.75 a=1 | sp=som:active d=2.7 age=0 som=3/8 dtg=3.44 region=1_9
ep=142 s=44 7551ms [sel=32 cap=6969 rest=514] sg=2->2 mode=NONE win=8 obs=45 | cap=wip act=(160,180) d=2.58 a=3 | preview=view4/6 yaw=+45 render=36ms | sp=preview:active d=2.6 age=0 dtg=3.44 region=1_9
ep=142 s=45 7730ms [sel=4 cap=7596 rest=130] sg=2->2 mode=NONE win=8 obs=46 | cap=wip act=(320,360) d=2.58 a=3 | sp=preview:active d=2.6 age=1 dtg=3.44 region=1_9
ep=142 s=46 5589ms [sel=3 cap=5474 rest=112] sg=2->2 mode=NONE win=8 obs=47 | cap=wip act=(320,360) d=2.58 a=1 | sp=preview:active d=2.6 age=2 dtg=3.20 region=1_9
ep=142 s=47 5015ms [sel=4 cap=4900 rest=111] sg=2->2 mode=NONE win=8 obs=48 | cap=wip act=(320,360) d=2.34 a=3 | sp=preview:active d=2.3 age=3 dtg=3.20 region=1_9
ep=142 s=48 4518ms [sel=3 cap=4398 rest=117] sg=2->2 mode=NONE win=8 obs=49 | cap=wip act=(320,360) d=2.34 a=1 | sp=preview:active d=2.3 age=4 dtg=3.00 region=1_9
ep=142 s=49 3598ms [sel=3 cap=3477 rest=118] sg=2->2 mode=NONE win=8 obs=50 | cap=wip act=(320,360) d=2.13 a=1 | sp=preview:active d=2.1 age=5 dtg=2.83 region=1_9
ep=142 s=50 3625ms [sel=3 cap=3504 rest=118] sg=2->2 mode=NONE win=8 obs=51 | cap=wip act=(320,360) d=1.93 a=2 | sp=preview:active d=1.9 age=6 dtg=2.83 region=1_9
ep=142 s=51 5954ms [sel=3 cap=5836 rest=115] sg=2->2 mode=NONE win=8 obs=52 | cap=wip act=(320,360) d=1.93 a=1 | sp=preview:active d=1.9 age=7 dtg=2.65 region=1_9
ep=142 s=52 3624ms [sel=4 cap=3503 rest=118] sg=2->2 mode=NONE win=8 obs=53 | cap=wip act=(320,360) d=1.70 a=2 | sp=preview:active d=1.7 age=8 dtg=2.65 region=1_9
ep=142 s=53 5157ms [sel=4 cap=5038 rest=116] sg=2->2 mode=NONE win=8 obs=54 | cap=wip act=(320,360) d=1.70 a=1 | sp=preview:active d=1.7 age=9 dtg=2.47 region=0_11
ep=142 s=54 2423ms [sel=3 cap=2305 rest=115] sg=2->2 mode=NONE win=8 obs=55 | cap=wip act=(320,360) d=1.46 a=1 | sp=preview:active d=1.5 age=10 dtg=2.37 region=0_11
ep=142 s=55 4637ms [sel=3 cap=4525 rest=108] sg=2->2 mode=NONE win=8 obs=56 | cap=wip act=(320,360) d=1.22 a=1 | sp=preview:active d=1.2 age=11 dtg=2.33 region=0_11
ep=142 s=56 4585ms [sel=3 cap=4447 rest=135] sg=2->2 mode=NONE win=8 obs=57 | cap=wip act=(320,360) d=0.98 a=2 | sp=preview:active d=1.0 age=12 dtg=2.33 region=0_11
ep=142 s=57 7813ms [sel=25 cap=7164 rest=559] sg=2->2 mode=NONE win=8 obs=58 | cap=wip act=(160,180) d=4.20 a=2 | preview=view3/6 yaw=+15 render=65ms | sp=preview:active d=4.2 age=0 dtg=2.33 region=0_11
ep=142 s=58 3437ms [sel=4 cap=3317 rest=116] sg=2->2 mode=NONE win=8 obs=59 | cap=wip act=(320,360) d=4.20 a=2 | sp=preview:active d=4.2 age=1 dtg=2.33 region=0_11
ep=142 s=59 4828ms [sel=3 cap=4705 rest=120] sg=2->2 mode=NONE win=8 obs=60 | cap=wip act=(320,360) d=4.20 a=1 | sp=preview:active d=4.2 age=2 dtg=2.13 region=1_23
ep=142 s=60 7905ms [sel=3 cap=7783 rest=119] sg=2->2 mode=NONE win=8 obs=61 | cap=wip act=(320,360) d=3.95 a=1 | sp=preview:active d=4.0 age=3 dtg=1.95 region=1_23
ep=142 s=61 3907ms [sel=4 cap=3785 rest=118] sg=2->2 mode=NONE win=8 obs=62 | cap=wip act=(320,360) d=3.71 a=1 | sp=preview:active d=3.7 age=4 dtg=1.78 region=1_23
ep=142 s=62 4946ms [sel=4 cap=4825 rest=118] sg=2->2 mode=NONE win=8 obs=63 | cap=wip act=(320,360) d=3.46 a=1 | sp=preview:active d=3.5 age=5 dtg=1.64 region=1_23
ep=142 s=63 7922ms [sel=3 cap=7806 rest=113] sg=2->2 mode=NONE win=8 obs=64 | cap=wip act=(320,360) d=3.22 a=1 | sp=preview:active d=3.2 age=6 dtg=1.52 region=1_23
ep=142 s=64 6312ms [sel=25 cap=5659 rest=578] sg=2->2 mode=NONE win=8 obs=65 | cap=wip act=(160,180) d=3.75 a=1 | preview=view3/6 yaw=+0 render=50ms | sp=preview:active d=3.8 age=0 dtg=1.44 region=1_23
ep=142 s=65 3960ms [sel=8 cap=3832 rest=120] sg=2->2 mode=NONE win=8 obs=66 | cap=wip act=(320,360) d=3.53 a=1 | sp=preview:active d=3.5 age=1 dtg=1.40 region=1_23
ep=142 s=66 5056ms [sel=4 cap=4928 rest=124] sg=2->2 mode=NONE win=8 obs=67 | cap=wip act=(320,360) d=3.31 a=3 | sp=preview:active d=3.3 age=2 dtg=1.40 region=1_23
ep=142 s=67 2899ms [sel=3 cap=2777 rest=119] sg=2->2 mode=NONE win=8 obs=68 | cap=wip act=(320,360) d=3.31 a=1 | sp=preview:active d=3.3 age=3 dtg=1.46 region=0_31
ep=142 s=68 9052ms [sel=4 cap=8927 rest=121] sg=2->2 mode=NONE win=8 obs=69 | cap=wip act=(320,360) d=3.07 a=1 | sp=preview:active d=3.1 age=4 dtg=1.56 region=0_31
ep=142 s=69 6489ms [sel=3 cap=6367 rest=119] sg=2->2 mode=NONE win=8 obs=70 | cap=wip act=(320,360) d=2.82 a=3 | sp=preview:active d=2.8 age=5 dtg=1.56 region=0_31
ep=142 s=70 2546ms [sel=3 cap=2429 rest=114] sg=2->2 mode=NONE win=8 obs=71 | cap=wip act=(320,360) d=2.82 a=1 | sp=preview:active d=2.8 age=6 dtg=1.75 region=0_31
ep=142 s=71 7878ms [sel=21 cap=7283 rest=539] sg=2->2 mode=NONE win=8 obs=72 | cap=wip act=(160,180) d=3.61 a=1 | preview=view3/6 yaw=+0 render=35ms | sp=preview:active d=3.6 age=0 dtg=1.94 region=0_31
ep=142 s=72 4403ms [sel=4 cap=4285 rest=114] sg=2->2 mode=NONE win=8 obs=73 | cap=wip act=(320,360) d=3.37 a=1 | sp=preview:active d=3.4 age=1 dtg=2.15 region=0_31
ep=142 s=73 4580ms [sel=3 cap=4461 rest=116] sg=2->2 mode=NONE win=8 obs=74 | cap=wip act=(320,360) d=3.13 a=3 | sp=preview:active d=3.1 age=2 dtg=2.15 region=0_31
ep=142 s=74 3431ms [sel=3 cap=3314 rest=114] sg=2->2 mode=NONE win=8 obs=75 | cap=wip act=(320,360) d=3.13 a=1 | sp=preview:active d=3.1 age=3 dtg=2.39 region=0_31
ep=142 s=75 5446ms [sel=3 cap=5323 rest=120] sg=2->2 mode=NONE win=8 obs=76 | cap=wip act=(320,360) d=2.88 a=1 | sp=preview:active d=2.9 age=4 dtg=2.63 region=0_31
ep=142 s=76 5317ms [sel=4 cap=5172 rest=140] sg=2->2 mode=NONE win=8 obs=77 | cap=wip act=(320,360) d=2.63 a=1 | sp=preview:active d=2.6 age=5 dtg=2.88 region=0_31
ep=142 s=77 5487ms [sel=3 cap=5372 rest=112] sg=2->2 mode=NONE win=8 obs=78 | cap=wip act=(320,360) d=2.38 a=1 | sp=preview:active d=2.4 age=6 dtg=3.12 region=1_29
ep=142 s=78 3563ms [sel=3 cap=3446 rest=114] sg=2->2 mode=NONE win=8 obs=79 | cap=wip act=(320,360) d=2.13 a=1 | sp=preview:active d=2.1 age=7 dtg=3.37 region=1_29
ep=142 s=79 6156ms [sel=4 cap=6036 rest=116] sg=2->2 mode=NONE win=8 obs=80 | cap=wip act=(320,360) d=1.88 a=1 | sp=preview:active d=1.9 age=8 dtg=3.61 region=1_29
ep=142 s=80 3552ms [sel=4 cap=3433 rest=115] sg=2->2 mode=NONE win=8 obs=81 | cap=wip act=(320,360) d=1.63 a=1 | sp=preview:active d=1.6 age=9 dtg=3.86 region=1_29
ep=142 s=81 4565ms [sel=3 cap=4440 rest=122] sg=2->2 mode=NONE win=8 obs=82 | cap=wip act=(320,360) d=1.38 a=1 | sp=preview:active d=1.4 age=10 dtg=4.11 region=1_29
ep=142 s=82 4299ms [sel=3 cap=4183 rest=113] sg=2->2 mode=NONE win=8 obs=83 | cap=wip act=(320,360) d=1.13 a=1 | sp=preview:active d=1.1 age=11 dtg=4.35 region=1_29
ep=142 s=83 7512ms [sel=772 cap=6619 rest=120] sg=2->2 mode=NONE win=8 obs=84 | cap=wip act=(320,360) d=2.99 a=1 | sp=som:active d=3.0 age=0 som=4/8 dtg=4.60 region=1_29
ep=142 s=84 5665ms [sel=4 cap=5545 rest=116] sg=2->2 mode=NONE win=8 obs=85 | cap=wip act=(320,360) d=2.74 a=2 | sp=som:active d=2.7 age=1 dtg=4.60 region=1_29
ep=142 s=85 5687ms [sel=4 cap=5555 rest=128] sg=2->2 mode=NONE win=8 obs=86 | cap=wip act=(320,360) d=2.74 a=1 | sp=som:active d=2.7 age=2 dtg=4.83 region=1_29
ep=142 s=86 2998ms [sel=5 cap=2876 rest=118] sg=2->2 mode=NONE win=8 obs=87 | cap=wip act=(320,360) d=2.49 a=1 | sp=som:active d=2.5 age=3 dtg=5.07 region=1_29
ep=142 s=87 3442ms [sel=3 cap=3320 rest=120] sg=2->2 mode=NONE win=8 obs=88 | cap=wip act=(320,360) d=2.24 a=1 | sp=som:active d=2.2 age=4 dtg=5.30 region=1_29
ep=142 s=88 3301ms [sel=3 cap=3177 rest=121] sg=2->2 mode=NONE win=8 obs=89 | cap=wip act=(320,360) d=2.00 a=3 | sp=som:active d=2.0 age=5 dtg=5.30 region=1_29
ep=142 s=89 5064ms [sel=3 cap=4948 rest=113] sg=2->2 mode=NONE win=8 obs=90 | cap=wip act=(320,360) d=2.00 a=1 | sp=som:active d=2.0 age=6 dtg=5.55 region=1_29
ep=142 s=90 3198ms [sel=3 cap=3082 rest=113] sg=2->2 mode=NONE win=8 obs=91 | cap=wip act=(320,360) d=1.75 a=1 | sp=som:active d=1.8 age=7 dtg=5.80 region=1_29
ep=142 s=91 7127ms [sel=3 cap=7011 rest=114] sg=2->2 mode=NONE win=8 obs=92 | cap=wip act=(320,360) d=1.50 a=1 | sp=som:active d=1.5 age=8 dtg=6.05 region=1_29
ep=142 s=92 3009ms [sel=4 cap=2886 rest=120] sg=2->2 mode=NONE win=8 obs=93 | cap=wip act=(320,360) d=1.25 a=1 | sp=som:active d=1.3 age=9 dtg=6.30 region=1_29
ep=142 s=93 6959ms [sel=3 cap=6840 rest=117] sg=2->2 mode=NONE win=8 obs=94 | cap=wip act=(320,360) d=1.00 a=1 | sp=som:active d=1.0 age=10 dtg=6.55 region=1_29
ep=142 s=94 3973ms [sel=3 cap=3855 rest=115] sg=2->2 mode=NONE win=8 obs=95 | cap=wip act=(320,360) d=0.75 a=1 | sp=som:active d=0.8 age=11 dtg=6.80 region=1_29
ep=142 s=95 5199ms [sel=3 cap=5080 rest=116] sg=2->2 mode=NONE win=8 obs=96 | cap=wip act=(320,360) d=0.50 a=1 | sp=som:active d=0.5 age=12 dtg=7.05 region=1_29
ep=142 s=96 6581ms [sel=1733 cap=4733 rest=115] sg=2->2 mode=NONE win=8 obs=97 | cap=wip act=(320,360) d=2.95 a=1 | sp=som:active d=3.0 age=0 som=4/8 dtg=7.30 region=1_29
ep=142 s=97 6079ms [sel=3 cap=5962 rest=115] sg=2->2 mode=NONE win=8 obs=98 | cap=wip act=(320,360) d=2.70 a=1 | sp=som:active d=2.7 age=1 dtg=7.55 region=1_29
ep=142 s=98 6917ms [sel=3 cap=6803 rest=111] sg=2->2 mode=NONE win=8 obs=99 | cap=wip act=(320,360) d=2.45 a=1 | sp=som:active d=2.5 age=2 dtg=7.80 region=1_29
ep=142 s=99 7306ms [sel=3 cap=7187 rest=116] sg=2->2 mode=NONE win=8 obs=100 | cap=wip act=(320,360) d=2.20 a=1 | sp=som:active d=2.2 age=3 dtg=8.05 region=1_29
ep=142 s=100 3857ms [sel=4 cap=3734 rest=119] sg=2->2 mode=NONE win=8 obs=101 | cap=wip act=(320,360) d=1.95 a=1 | sp=som:active d=2.0 age=4 dtg=8.30 region=1_29
ep=142 s=101 3477ms [sel=3 cap=3364 rest=110] sg=2->2 mode=NONE win=8 obs=102 | cap=wip act=(320,360) d=1.70 a=1 | sp=som:active d=1.7 age=5 dtg=8.55 region=1_29
ep=142 s=102 8175ms [sel=4 cap=8062 rest=108] sg=2->2 mode=NONE win=8 obs=103 | cap=wip act=(320,360) d=1.46 a=1 | sp=som:active d=1.5 age=6 dtg=8.79 region=1_29
ep=142 s=103 4867ms [sel=3 cap=4755 rest=109] sg=2->2 mode=NONE win=8 obs=104 | cap=wip act=(320,360) d=1.21 a=1 | sp=som:active d=1.2 age=7 dtg=9.04 region=1_29
ep=142 s=104 4176ms [sel=3 cap=4065 rest=108] sg=2->2 mode=NONE win=8 obs=105 | cap=wip act=(320,360) d=0.96 a=1 | sp=som:active d=1.0 age=8 dtg=9.29 region=1_29
ep=142 s=105 3105ms [sel=3 cap=2995 rest=107] sg=2->2 mode=NONE win=8 obs=106 | cap=wip act=(320,360) d=0.71 a=1 | sp=som:active d=0.7 age=9 dtg=9.54 region=1_29
ep=142 s=106 5770ms [sel=1618 cap=4041 rest=111] sg=2->2 mode=NONE win=8 obs=107 | cap=wip act=(320,360) d=3.05 a=1 | sp=som:active d=3.0 age=0 som=4/7 dtg=9.79 region=1_29
ep=142 s=107 5059ms [sel=4 cap=4944 rest=111] sg=2->2 mode=NONE win=8 obs=108 | cap=wip act=(320,360) d=2.80 a=1 | sp=som:active d=2.8 age=1 dtg=10.04 region=1_29
ep=142 s=108 5789ms [sel=3 cap=5678 rest=108] sg=2->2 mode=NONE win=8 obs=109 | cap=wip act=(320,360) d=2.55 a=1 | sp=som:active d=2.6 age=2 dtg=10.29 region=1_29
ep=142 s=109 4976ms [sel=3 cap=4862 rest=111] sg=2->2 mode=NONE win=8 obs=110 | cap=wip act=(320,360) d=2.30 a=1 | sp=som:active d=2.3 age=3 dtg=10.54 region=1_29
ep=142 s=110 3545ms [sel=3 cap=3435 rest=107] sg=2->2 mode=NONE win=8 obs=111 | cap=wip act=(320,360) d=2.05 a=1 | sp=som:active d=2.1 age=4 dtg=10.79 region=1_29
ep=142 s=111 5443ms [sel=27 cap=4885 rest=492] sg=2->2 mode=NONE win=8 obs=112 | cap=wip act=(160,180) d=5.20 a=1 | preview=view3/6 yaw=+0 render=39ms | sp=preview:active d=5.2 age=0 dtg=11.04 region=1_29
ep=142 s=112 3881ms [sel=3 cap=3767 rest=111] sg=2->2 mode=NONE win=8 obs=113 | cap=wip act=(320,360) d=4.95 a=1 | sp=preview:active d=5.0 age=1 dtg=11.29 region=1_29
ep=142 s=113 6951ms [sel=4 cap=6837 rest=110] sg=2->2 mode=NONE win=8 obs=114 | cap=wip act=(320,360) d=4.71 a=1 | sp=preview:active d=4.7 age=2 dtg=11.54 region=1_29
ep=142 s=114 5904ms [sel=4 cap=5791 rest=109] sg=2->2 mode=NONE win=8 obs=115 | cap=wip act=(320,360) d=4.46 a=1 | sp=preview:active d=4.5 age=3 dtg=11.79 region=1_29
ep=142 s=115 7124ms [sel=3 cap=7010 rest=111] sg=2->2 mode=NONE win=8 obs=116 | cap=wip act=(320,360) d=4.21 a=1 | sp=preview:active d=4.2 age=4 dtg=12.04 region=1_29
ep=142 s=116 4294ms [sel=3 cap=4182 rest=109] sg=2->2 mode=NONE win=8 obs=117 | cap=wip act=(320,360) d=3.96 a=1 | sp=preview:active d=4.0 age=5 dtg=12.29 region=1_29
ep=142 s=117 3358ms [sel=4 cap=3242 rest=112] sg=2->2 mode=NONE win=8 obs=118 | cap=wip act=(320,360) d=3.71 a=1 | sp=preview:active d=3.7 age=6 dtg=12.54 region=1_29
ep=142 s=118 3965ms [sel=4 cap=3842 rest=119] sg=2->2 mode=NONE win=8 obs=119 | cap=wip act=(320,360) d=3.46 a=1 | sp=preview:active d=3.5 age=7 dtg=12.79 region=1_29
ep=142 s=119 8139ms [sel=3 cap=8024 rest=112] sg=2->2 mode=NONE win=8 obs=120 | cap=wip act=(320,360) d=3.21 a=1 | sp=preview:active d=3.2 age=8 dtg=13.04 region=1_29
ep=142 s=120 4892ms [sel=3 cap=4777 rest=112] sg=2->2 mode=NONE win=8 obs=121 | cap=wip act=(320,360) d=2.96 a=1 | sp=preview:active d=3.0 age=9 dtg=13.29 region=1_29
ep=142 s=121 5120ms [sel=3 cap=5005 rest=112] sg=2->2 mode=NONE win=8 obs=122 | cap=wip act=(320,360) d=2.71 a=1 | sp=preview:active d=2.7 age=10 dtg=13.54 region=1_29
ep=142 s=122 4992ms [sel=3 cap=4867 rest=122] sg=2->2 mode=NONE win=8 obs=123 | cap=wip act=(320,360) d=2.46 a=1 | sp=preview:active d=2.5 age=11 dtg=13.79 region=1_29
ep=142 s=123 4632ms [sel=1398 cap=3117 rest=117] sg=2->2 mode=NONE win=8 obs=124 | cap=wip act=(320,360) d=3.03 a=1 | sp=som:active d=3.0 age=0 som=3/8 dtg=14.04 region=1_29
ep=142 s=124 5836ms [sel=3 cap=5720 rest=113] sg=2->2 mode=NONE win=8 obs=125 | cap=wip act=(320,360) d=2.79 a=2 | sp=som:active d=2.8 age=1 dtg=14.04 region=1_29
ep=142 s=125 3635ms [sel=3 cap=3514 rest=118] sg=2->2 mode=NONE win=8 obs=126 | cap=wip act=(320,360) d=2.79 a=1 | sp=som:active d=2.8 age=2 dtg=14.28 region=1_29
ep=142 s=126 5922ms [sel=2151 cap=3649 rest=122] sg=2->3 mode=NONE win=8 obs=127 | cap=DONE act=(320,360) d=2.95 a=1 | sp=som:active d=2.9 age=0 som=2/8 dtg=14.52 region=1_29
ep=142 s=127 3271ms [sel=4 cap=3149 rest=119] sg=3->3 mode=NONE win=8 obs=128 | cap=wip act=(320,360) d=2.70 a=2 | sp=som:active d=2.7 age=1 dtg=14.52 region=1_29
ep=142 s=128 4379ms [sel=5 cap=4245 rest=129] sg=3->3 mode=NONE win=8 obs=129 | cap=wip act=(320,360) d=2.70 a=1 | sp=som:active d=2.7 age=2 dtg=14.73 region=1_29
ep=142 s=129 5065ms [sel=3 cap=4933 rest=128] sg=3->3 mode=NONE win=8 obs=130 | cap=wip act=(320,360) d=2.45 a=3 | sp=som:active d=2.5 age=3 dtg=14.73 region=1_29
ep=142 s=130 2433ms [sel=3 cap=2307 rest=123] sg=3->3 mode=NONE win=8 obs=131 | cap=wip act=(320,360) d=2.45 a=1 | sp=som:active d=2.5 age=4 dtg=14.98 region=1_29
ep=142 s=131 3970ms [sel=3 cap=3845 rest=123] sg=3->3 mode=NONE win=8 obs=132 | cap=wip act=(320,360) d=2.21 a=1 | sp=som:active d=2.2 age=5 dtg=15.22 region=1_29
ep=142 s=132 2978ms [sel=4 cap=2845 rest=129] sg=3->3 mode=NONE win=8 obs=133 | cap=wip act=(320,360) d=1.96 a=3 | sp=som:active d=2.0 age=6 dtg=15.22 region=1_29
ep=142 s=133 3017ms [sel=3 cap=2900 rest=115] sg=3->3 mode=NONE win=8 obs=134 | cap=wip act=(320,360) d=1.96 a=1 | sp=som:active d=2.0 age=7 dtg=15.47 region=1_29
ep=142 s=134 4431ms [sel=3 cap=4314 rest=113] sg=3->3 mode=NONE win=8 obs=135 | cap=wip act=(320,360) d=1.72 a=1 | sp=som:active d=1.7 age=8 dtg=15.72 region=1_29
ep=142 s=135 5580ms [sel=3 cap=5466 rest=110] sg=3->3 mode=NONE win=8 obs=136 | cap=wip act=(320,360) d=1.49 a=2 | sp=som:active d=1.5 age=9 dtg=15.72 region=1_29
ep=142 s=136 3728ms [sel=3 cap=3612 rest=113] sg=3->3 mode=NONE win=8 obs=137 | cap=wip act=(320,360) d=1.49 a=1 | sp=som:active d=1.5 age=10 dtg=15.96 region=1_29
ep=142 s=137 4781ms [sel=4 cap=4671 rest=107] sg=3->3 mode=NONE win=8 obs=138 | cap=wip act=(320,360) d=1.24 a=1 | sp=som:active d=1.2 age=11 dtg=16.20 region=1_29
ep=142 s=138 4657ms [sel=4 cap=4542 rest=111] sg=3->3 mode=NONE win=8 obs=139 | cap=wip act=(320,360) d=0.99 a=1 | sp=som:active d=1.0 age=12 dtg=16.44 region=1_29
ep=142 s=139 4739ms [sel=3 cap=4629 rest=107] sg=3->3 mode=NONE win=8 obs=140 | cap=wip act=(320,360) d=0.75 a=2 | sp=som:active d=0.8 age=13 dtg=16.44 region=1_29
ep=142 s=140 4292ms [sel=3 cap=4178 rest=111] sg=3->3 mode=NONE win=8 obs=141 | cap=wip act=(320,360) d=0.75 a=1 | sp=som:active d=0.8 age=14 dtg=16.66 region=1_29
ep=142 s=141 5038ms [sel=3 cap=4926 rest=109] sg=3->3 mode=NONE win=8 obs=142 | cap=wip act=(320,360) d=0.50 a=1 | sp=som:active d=0.5 age=15 dtg=16.88 region=1_29
ep=142 s=142 5615ms [sel=910 cap=4596 rest=109] sg=3->3 mode=NONE win=8 obs=143 | cap=wip act=(320,360) d=2.89 a=1 | sp=som:active d=2.9 age=0 som=1/8 dtg=17.11 region=1_29
ep=142 s=143 4126ms [sel=3 cap=4013 rest=110] sg=3->3 mode=NONE win=8 obs=144 | cap=wip act=(320,360) d=2.64 a=3 | sp=som:active d=2.6 age=1 dtg=17.11 region=1_29
ep=142 s=144 3703ms [sel=3 cap=3582 rest=119] sg=3->3 mode=NONE win=8 obs=145 | cap=wip act=(320,360) d=2.64 a=1 | sp=som:active d=2.6 age=2 dtg=17.36 region=1_29
ep=142 s=145 3171ms [sel=3 cap=3051 rest=118] sg=3->3 mode=NONE win=8 obs=146 | cap=wip act=(320,360) d=2.41 a=1 | sp=som:active d=2.4 age=3 dtg=17.61 region=1_29
ep=142 s=146 1929ms [sel=4 cap=1804 rest=122] sg=3->3 mode=NONE win=8 obs=147 | cap=wip act=(320,360) d=2.19 a=1 | sp=som:active d=2.2 age=4 dtg=17.86 region=1_29
ep=142 s=147 3486ms [sel=3 cap=3364 rest=119] sg=3->3 mode=NONE win=8 obs=148 | cap=wip act=(320,360) d=1.97 a=2 | sp=som:active d=2.0 age=5 dtg=17.86 region=1_29
ep=142 s=148 2306ms [sel=4 cap=2185 rest=118] sg=3->3 mode=NONE win=8 obs=149 | cap=wip act=(320,360) d=1.97 a=1 | sp=som:active d=2.0 age=6 dtg=18.10 region=1_29
ep=142 s=149 2664ms [sel=4 cap=2544 rest=116] sg=3->3 mode=NONE win=8 obs=150 | cap=wip act=(320,360) d=1.73 a=1 | sp=som:active d=1.7 age=7 dtg=18.34 region=1_29
ep=142 s=150 4507ms [sel=4 cap=4388 rest=115] sg=3->3 mode=NONE win=8 obs=151 | cap=wip act=(320,360) d=1.50 a=2 | sp=som:active d=1.5 age=8 dtg=18.34 region=1_29
ep=142 s=151 5425ms [sel=4 cap=5304 rest=117] sg=3->3 mode=NONE win=8 obs=152 | cap=wip act=(320,360) d=1.50 a=1 | sp=som:active d=1.5 age=9 dtg=18.56 region=1_29
ep=142 s=152 4245ms [sel=3 cap=4110 rest=132] sg=3->3 mode=NONE win=8 obs=153 | cap=wip act=(320,360) d=1.25 a=1 | sp=som:active d=1.2 age=10 dtg=18.79 region=1_29
ep=142 s=153 2956ms [sel=3 cap=2835 rest=117] sg=3->3 mode=NONE win=8 obs=154 | cap=wip act=(320,360) d=1.00 a=1 | sp=som:active d=1.0 age=11 dtg=19.03 region=1_29
ep=142 s=154 4313ms [sel=3 cap=4191 rest=119] sg=3->3 mode=NONE win=8 obs=155 | cap=wip act=(320,360) d=0.76 a=1 | sp=som:active d=0.8 age=12 dtg=19.27 region=1_29
ep=142 s=155 2504ms [sel=4 cap=2383 rest=118] sg=3->3 mode=NONE win=8 obs=156 | cap=wip act=(320,360) d=0.51 a=2 | sp=som:active d=0.5 age=13 dtg=19.27 region=1_29
ep=142 s=156 1922ms [sel=4 cap=1796 rest=122] sg=3->3 mode=NONE win=8 obs=157 | cap=wip act=(320,360) d=0.51 a=1 | sp=som:active d=0.5 age=14 dtg=19.50 region=1_29
ep=142 s=157 5861ms [sel=2603 cap=3117 rest=141] sg=3->3 mode=NONE win=8 obs=158 | cap=wip act=(320,360) d=0.95 a=2 | sp=som:active d=1.0 age=0 som=4/7 dtg=19.50 region=1_29
ep=142 s=158 4295ms [sel=4 cap=4157 rest=134] sg=3->3 mode=NONE win=8 obs=159 | cap=wip act=(320,360) d=0.95 a=1 | sp=som:active d=1.0 age=1 dtg=19.70 region=1_29
ep=142 s=159 4831ms [sel=5 cap=4696 rest=130] sg=3->3 mode=NONE win=8 obs=160 | cap=wip act=(320,360) d=0.70 a=2 | sp=som:active d=0.7 age=2 dtg=19.70 region=1_29
ep=142 s=160 6541ms [sel=2227 cap=4187 rest=127] sg=3->4 mode=NONE win=8 obs=161 | cap=DONE act=(320,360) d=2.94 a=2 | sp=som:active d=2.9 age=0 som=3/7 dtg=19.70 region=1_29
ep=142 s=161 3536ms [sel=4 cap=3399 rest=133] sg=4->4 mode=NONE win=8 obs=162 | cap=wip act=(320,360) d=2.94 a=1 | sp=som:active d=2.9 age=1 dtg=19.82 region=1_29
ep=142 s=162 12999ms [sel=7 cap=12411 rest=544] sg=4->None mode=NONE win=8 obs=163 | cap=DONE act=(320,360) d=1.00 a=1 | preview=view-/6 yaw=+0 render=37ms | sp=som:active d=2.7 age=2 ovr=1 door_evts=2 dtg=19.97 region=1_29
ep=142 s=163 131ms [sel=5 cap=0 rest=126] sg=None->None mode=NONE win=8 obs=164 | cap=- act=(320,360) d=1.00 a=1 | sp=som:active d=2.4 age=3 ovr=1 door_evts=2 dtg=20.14 region=1_29
ep=142 s=164 138ms [sel=5 cap=0 rest=132] sg=None->None mode=NONE win=8 obs=165 | cap=- act=(320,360) d=1.00 a=1 | sp=som:active d=2.2 age=4 ovr=1 door_evts=2 dtg=20.32 region=1_29
ep=142 s=165 131ms [sel=0 cap=0 rest=131] sg=None->None mode=NONE win=8 obs=166 | cap=- act=STOP | sp=som:active d=2.0 age=5 ovr=1 door_evts=2 dtg=20.32 region=1_29
rank=0 [3/17] id=142 steps=166 success=0.000 spl=0.000 dtg=20.32 osr=1 path_length=29.51 ndtw=0.000 sdtw=0.000
episode=208 instruction='To the left, toward the right arch at the back of the room. Through into the next room. Halt at the rug in front of the dining set.' start_position=[-9.053759574890137, 0.15480518341064453, -24.06439971923828] goal_position=[-12.062000274658203, 0.15480518341064453, -13.065400123596191] reference_geodesic=11.571481704711914
episode=208 prepared_subgoals=4
  [1] Turn left until the right arch at the back of the room is centered ahead, then walk toward the right arch at the back of the room
      proof: The right arch is directly ahead and within a step.
  [2] Go through the arch into the next room
      proof: The arch has been passed and the next room fills the view.
  [3] Walk to the rug in front of the dining set
      proof: The rug is directly ahead and within a step.
  [4] Halt at the rug in front of the dining set
      proof: The camera is stopped beside the rug, with the dining set visible behind it
ep=208 s=0 9130ms [sel=0 cap=8595 rest=495] sg=1->1 mode=NONE win=1 obs=1 | cap=wip act=TURN request=-45deg execute=-15deg x1 a=2 | preview=view-/6 yaw=+0 render=40ms dtg=11.57 region=1_20
ep=208 s=1 2529ms [sel=0 cap=2421 rest=108] sg=1->1 mode=NONE win=2 obs=2 | cap=wip act=TURN request=-45deg execute=-15deg x1 a=2 dtg=11.57 region=1_20
ep=208 s=2 5083ms [sel=0 cap=4965 rest=118] sg=1->1 mode=NONE win=3 obs=3 | cap=wip act=TURN request=-45deg execute=-15deg x1 a=2 dtg=11.57 region=1_20
ep=208 s=3 3658ms [sel=0 cap=3544 rest=114] sg=1->1 mode=NONE win=4 obs=4 | cap=wip act=TURN request=-45deg execute=-15deg x1 a=2 dtg=11.57 region=1_20
ep=208 s=4 6610ms [sel=1246 cap=5248 rest=116] sg=1->1 mode=NONE win=5 obs=5 | cap=wip act=(320,360) d=2.83 a=1 | sp=som:active d=2.8 age=0 som=4/8 dtg=11.33 region=1_20
ep=208 s=5 4618ms [sel=3 cap=4494 rest=121] sg=1->1 mode=NONE win=6 obs=6 | cap=wip act=(320,360) d=2.59 a=1 | sp=som:active d=2.6 age=1 dtg=11.08 region=1_20
ep=208 s=6 2972ms [sel=3 cap=2855 rest=114] sg=1->1 mode=NONE win=7 obs=7 | cap=wip act=(320,360) d=2.35 a=1 | sp=som:active d=2.3 age=2 dtg=10.84 region=1_20
ep=208 s=7 4905ms [sel=3 cap=4789 rest=113] sg=1->1 mode=NONE win=8 obs=8 | cap=wip act=(320,360) d=2.11 a=1 | sp=som:active d=2.1 age=3 dtg=10.60 region=1_20
ep=208 s=8 3446ms [sel=4 cap=3335 rest=108] sg=1->1 mode=NONE win=8 obs=9 | cap=wip act=(320,360) d=1.87 a=3 | sp=som:active d=1.9 age=4 dtg=10.60 region=1_20
ep=208 s=9 4910ms [sel=4 cap=4790 rest=115] sg=1->1 mode=NONE win=8 obs=10 | cap=wip act=(320,360) d=1.87 a=1 | sp=som:active d=1.9 age=5 dtg=10.38 region=1_20
ep=208 s=10 3377ms [sel=3 cap=3263 rest=111] sg=1->1 mode=NONE win=8 obs=11 | cap=wip act=(320,360) d=1.62 a=1 | sp=som:active d=1.6 age=6 dtg=10.17 region=1_20
ep=208 s=11 3369ms [sel=3 cap=3257 rest=109] sg=1->1 mode=NONE win=8 obs=12 | cap=wip act=(320,360) d=1.38 a=1 | sp=som:active d=1.4 age=7 dtg=9.96 region=1_20
ep=208 s=12 6068ms [sel=3 cap=5960 rest=105] sg=1->1 mode=NONE win=8 obs=13 | cap=wip act=(320,360) d=1.13 a=1 | sp=som:active d=1.1 age=8 dtg=9.76 region=1_20
ep=208 s=13 4856ms [sel=3 cap=4752 rest=101] sg=1->1 mode=NONE win=8 obs=14 | cap=wip act=(320,360) d=0.88 a=1 | sp=som:active d=0.9 age=9 dtg=9.56 region=1_20
ep=208 s=14 4591ms [sel=3 cap=4479 rest=109] sg=1->1 mode=NONE win=8 obs=15 | cap=wip act=(320,360) d=0.64 a=3 | sp=som:active d=0.6 age=10 dtg=9.56 region=1_20
ep=208 s=15 4456ms [sel=3 cap=4355 rest=98] sg=1->1 mode=NONE win=8 obs=16 | cap=wip act=(320,360) d=0.64 a=1 | sp=som:active d=0.6 age=11 dtg=9.41 region=1_20
ep=208 s=16 5477ms [sel=1322 cap=4052 rest=103] sg=1->1 mode=NONE win=8 obs=17 | cap=wip act=(320,360) d=1.37 a=2 | sp=som:active d=1.4 age=0 som=3/6 dtg=9.41 region=1_20
ep=208 s=17 1668ms [sel=42 cap=1520 rest=106] sg=1->1 mode=NONE win=8 obs=18 | cap=wip act=(320,360) d=1.37 a=2 | sp=som:active d=1.4 age=1 dtg=9.41 region=1_20
ep=208 s=18 4573ms [sel=24 cap=4445 rest=103] sg=1->1 mode=NONE win=8 obs=19 | cap=wip act=(320,360) d=1.37 a=2 | sp=som:active d=1.4 age=2 dtg=9.41 region=1_20
ep=208 s=19 3841ms [sel=26 cap=3707 rest=108] sg=1->1 mode=NONE win=8 obs=20 | cap=wip act=(320,360) d=1.37 a=1 | sp=som:active d=1.4 age=3 dtg=9.17 region=1_20
ep=208 s=20 4688ms [sel=27 cap=4548 rest=113] sg=1->1 mode=NONE win=8 obs=21 | cap=wip act=(320,360) d=1.37 a=2 | sp=som:active d=1.4 age=4 dtg=9.17 region=1_20
ep=208 s=21 3233ms [sel=18 cap=3098 rest=117] sg=1->1 mode=NONE win=8 obs=22 | cap=wip act=(320,360) d=1.37 a=1 | sp=som:active d=1.4 age=5 dtg=8.92 region=1_20
ep=208 s=22 3865ms [sel=2148 cap=1596 rest=121] sg=1->2 mode=NONE win=8 obs=23 | cap=DONE act=(320,360) d=2.98 a=1 | sp=som:active d=3.0 age=0 som=3/8 dtg=8.67 region=1_20
ep=208 s=23 3191ms [sel=3 cap=3056 rest=132] sg=2->2 mode=NONE win=8 obs=24 | cap=wip act=(320,360) d=2.73 a=1 | sp=som:active d=2.7 age=1 dtg=8.42 region=1_20
ep=208 s=24 3602ms [sel=4 cap=3480 rest=118] sg=2->2 mode=NONE win=8 obs=25 | cap=wip act=(320,360) d=2.48 a=1 | sp=som:active d=2.5 age=2 dtg=8.17 region=1_20
ep=208 s=25 4114ms [sel=3 cap=3991 rest=121] sg=2->2 mode=NONE win=8 obs=26 | cap=wip act=(320,360) d=2.23 a=1 | sp=som:active d=2.2 age=3 dtg=7.92 region=1_20
ep=208 s=26 4458ms [sel=4 cap=4331 rest=124] sg=2->2 mode=NONE win=8 obs=27 | cap=wip act=(320,360) d=1.98 a=1 | sp=som:active d=2.0 age=4 dtg=7.67 region=1_20
ep=208 s=27 4157ms [sel=3 cap=4039 rest=116] sg=2->2 mode=NONE win=8 obs=28 | cap=wip act=(320,360) d=1.73 a=1 | sp=som:active d=1.7 age=5 dtg=7.42 region=1_20
ep=208 s=28 5179ms [sel=4 cap=5066 rest=109] sg=2->2 mode=NONE win=8 obs=29 | cap=wip act=(320,360) d=1.48 a=1 | sp=som:active d=1.5 age=6 dtg=7.17 region=1_20
ep=208 s=29 4172ms [sel=3 cap=4054 rest=115] sg=2->2 mode=NONE win=8 obs=30 | cap=wip act=(320,360) d=1.23 a=1 | sp=som:active d=1.2 age=7 dtg=6.93 region=1_20
ep=208 s=30 3403ms [sel=4 cap=3281 rest=118] sg=2->2 mode=NONE win=8 obs=31 | cap=wip act=(320,360) d=0.98 a=1 | sp=som:active d=1.0 age=8 dtg=6.68 region=1_20
ep=208 s=31 4889ms [sel=3 cap=4775 rest=111] sg=2->2 mode=NONE win=8 obs=32 | cap=wip act=(320,360) d=0.73 a=1 | sp=som:active d=0.7 age=9 dtg=6.43 region=1_20
ep=208 s=32 5539ms [sel=1671 cap=3770 rest=97] sg=2->2 mode=NONE win=8 obs=33 | cap=wip act=(320,360) d=3.23 a=1 | sp=som:active d=3.2 age=0 som=4/7 dtg=6.19 region=1_20
ep=208 s=33 4619ms [sel=3 cap=4522 rest=94] sg=2->2 mode=NONE win=8 obs=34 | cap=wip act=(320,360) d=2.98 a=1 | sp=som:active d=3.0 age=1 dtg=5.95 region=1_20
ep=208 s=34 5453ms [sel=1593 cap=3765 rest=95] sg=2->3 mode=NONE win=8 obs=35 | cap=DONE act=(320,360) d=3.67 a=1 | sp=som:active d=3.7 age=0 som=4/7 dtg=5.71 region=1_20
ep=208 s=35 2960ms [sel=3 cap=2855 rest=102] sg=3->3 mode=NONE win=8 obs=36 | cap=wip act=(320,360) d=3.42 a=2 | sp=som:active d=3.4 age=1 dtg=5.71 region=1_20
ep=208 s=36 3186ms [sel=3 cap=3079 rest=104] sg=3->3 mode=NONE win=8 obs=37 | cap=wip act=(320,360) d=3.42 a=1 | sp=som:active d=3.4 age=2 dtg=5.51 region=1_20
ep=208 s=37 4132ms [sel=3 cap=4013 rest=116] sg=3->3 mode=NONE win=8 obs=38 | cap=wip act=(320,360) d=3.21 a=1 | sp=som:active d=3.2 age=3 dtg=5.34 region=1_20
ep=208 s=38 3794ms [sel=3 cap=3681 rest=109] sg=3->3 mode=NONE win=8 obs=39 | cap=wip act=(320,360) d=2.99 a=1 | sp=som:active d=3.0 age=4 dtg=5.20 region=1_21
ep=208 s=39 9687ms [sel=3 cap=9575 rest=109] sg=3->3 mode=NONE win=8 obs=40 | cap=wip act=(320,360) d=2.79 a=1 | sp=som:active d=2.8 age=5 dtg=5.08 region=1_21
ep=208 s=40 6217ms [sel=2233 cap=3871 rest=113] sg=3->4 mode=NONE win=8 obs=41 | cap=DONE act=(320,360) d=3.04 a=1 | sp=som:active d=3.0 age=0 som=1/8 dtg=4.99 region=1_21
ep=208 s=41 1412ms [sel=8 cap=1293 rest=111] sg=4->4 mode=NONE win=8 obs=42 | cap=wip act=(320,360) d=2.79 a=1 | sp=som:active d=2.8 age=1 dtg=4.58 region=1_21
ep=208 s=42 9246ms [sel=758 cap=7928 rest=523] sg=4->None mode=NONE win=8 obs=43 | cap=DONE act=(320,360) d=2.10 a=1 | preview=view-/6 yaw=+0 render=37ms | sp=som:active d=2.5 age=2 door_evts=1 dtg=4.33 region=1_21
ep=208 s=43 114ms [sel=2 cap=0 rest=112] sg=None->None mode=NONE win=8 obs=44 | cap=- act=(320,360) d=1.87 a=1 | sp=endpoint:active d=1.9 age=1 door_evts=1 dtg=4.10 region=1_21
ep=208 s=44 107ms [sel=0 cap=0 rest=107] sg=None->None mode=NONE win=8 obs=45 | cap=- act=STOP | sp=endpoint:active d=1.7 age=2 door_evts=1 dtg=4.10 region=1_21
rank=0 [4/17] id=208 steps=45 success=0.000 spl=0.000 dtg=4.10 osr=0 path_length=8.25 ndtw=0.715 sdtw=0.000
PluginManager::Manager: duplicate static plugin StbImageImporter, ignoring
PluginManager::Manager: duplicate static plugin GltfImporter, ignoring
PluginManager::Manager: duplicate static plugin BasisImporter, ignoring
PluginManager::Manager: duplicate static plugin AssimpImporter, ignoring
PluginManager::Manager: duplicate static plugin AnySceneImporter, ignoring
PluginManager::Manager: duplicate static plugin AnyImageImporter, ignoring
episode=361 instruction='Into the kitchen. Left once past the counters. Straight into the small room with the sink. Halt by the door.' start_position=[5.932779788970947, 0.17162801325321198, -2.3794898986816406] goal_position=[11.279899597167969, 0.17162801325321198, -5.680339813232422] reference_geodesic=9.068964004516602
episode=361 prepared_subgoals=3
  [1] Enter the kitchen
      proof: The camera has crossed the kitchen threshold and the kitchen interior is central in the view.
  [2] Turn left past the counters, then walk straight into the small room with the sink
      proof: The small room with the sink fills the view and the door to it is directly ahead.
  [3] Halt by the door
      proof: The camera is stopped beside the door, which is central in the view
ep=361 s=0 9169ms [sel=29 cap=8638 rest=464] sg=1->1 mode=NONE win=1 obs=1 | cap=wip act=(160,180) d=5.85 a=3 | preview=view4/6 yaw=+90 render=38ms | sp=preview:active d=5.9 age=0 dtg=9.07 region=0_18
ep=361 s=1 4050ms [sel=7 cap=3929 rest=114] sg=1->1 mode=NONE win=2 obs=2 | cap=wip act=(320,360) d=5.85 a=3 | sp=preview:active d=5.9 age=1 dtg=9.07 region=0_18
ep=361 s=2 6891ms [sel=6 cap=6737 rest=149] sg=1->1 mode=NONE win=3 obs=3 | cap=wip act=(320,360) d=5.85 a=3 | sp=preview:active d=5.9 age=2 dtg=9.07 region=0_18
ep=361 s=3 7366ms [sel=26 cap=6783 rest=492] sg=1->1 mode=NONE win=4 obs=4 | cap=wip act=(160,180) d=3.55 a=3 | preview=view3/6 yaw=+30 render=66ms | sp=preview:active d=3.6 age=0 dtg=9.07 region=0_18
ep=361 s=4 3872ms [sel=4 cap=3757 rest=111] sg=1->1 mode=NONE win=5 obs=5 | cap=wip act=(320,360) d=3.55 a=3 | sp=preview:active d=3.6 age=1 dtg=9.07 region=0_18
ep=361 s=5 4914ms [sel=3 cap=4806 rest=105] sg=1->1 mode=NONE win=6 obs=6 | cap=wip act=(320,360) d=3.55 a=3 | sp=preview:active d=3.6 age=2 dtg=9.07 region=0_18
ep=361 s=6 4890ms [sel=3 cap=4787 rest=100] sg=1->1 mode=NONE win=7 obs=7 | cap=wip act=(320,360) d=3.55 a=1 | sp=preview:active d=3.6 age=3 dtg=8.82 region=0_18
ep=361 s=7 4955ms [sel=4 cap=4849 rest=102] sg=1->1 mode=NONE win=8 obs=8 | cap=wip act=(320,360) d=3.30 a=1 | sp=preview:active d=3.3 age=4 dtg=8.57 region=0_18
ep=361 s=8 4828ms [sel=3 cap=4712 rest=114] sg=1->1 mode=NONE win=8 obs=9 | cap=wip act=(320,360) d=3.05 a=1 | sp=preview:active d=3.1 age=5 dtg=8.32 region=0_10
ep=361 s=9 3706ms [sel=0 cap=3600 rest=106] sg=1->2 mode=NONE win=8 obs=10 | cap=DONE act=TURN request=-45deg execute=-15deg x1 a=2 | sp=preview:active d=2.8 age=6 dtg=8.32 region=0_10
ep=361 s=10 4074ms [sel=0 cap=3969 rest=105] sg=2->2 mode=NONE win=8 obs=11 | cap=wip act=TURN request=-45deg execute=-15deg x1 a=2 dtg=8.32 region=0_10
ep=361 s=11 4161ms [sel=0 cap=4054 rest=108] sg=2->2 mode=GET_NOWHERE win=8 obs=12 | cap=wip/GET_NOWHERE act=TURN request=-45deg execute=-15deg x1 a=2 dtg=8.32 region=0_10
ep=361 s=12 4030ms [sel=0 cap=3920 rest=110] sg=2->2 mode=NONE win=8 obs=13 | cap=wip act=TURN request=-45deg execute=-15deg x1 a=2 dtg=8.32 region=0_10
ep=361 s=13 6107ms [sel=1653 cap=4342 rest=112] sg=2->2 mode=NONE win=8 obs=14 | cap=wip act=(320,360) d=0.70 a=3 | sp=som:active d=0.7 age=0 som=1/4 dtg=8.32 region=0_10
ep=361 s=14 2621ms [sel=9 cap=2506 rest=106] sg=2->2 mode=NONE win=8 obs=15 | cap=wip act=(320,360) d=0.70 a=3 | sp=som:active d=0.7 age=1 dtg=8.32 region=0_10
ep=361 s=15 3836ms [sel=4 cap=3725 rest=108] sg=2->2 mode=WALL_STUCK win=8 obs=16 | cap=wip/WALL_STUCK act=(320,360) d=0.70 a=3 | sp=som:active d=0.7 age=2 dtg=8.32 region=0_10
ep=361 s=16 4426ms [sel=3 cap=4317 rest=106] sg=2->2 mode=NONE win=8 obs=17 | cap=wip act=(320,360) d=0.70 a=3 | sp=som:active d=0.7 age=3 dtg=8.32 region=0_10
ep=361 s=17 4543ms [sel=3 cap=4424 rest=116] sg=2->2 mode=NONE win=8 obs=18 | cap=wip act=(320,360) d=0.70 a=1 | sp=som:active d=0.7 age=4 dtg=8.07 region=0_10
ep=361 s=18 6650ms [sel=1986 cap=4552 rest=112] sg=2->2 mode=TURN_OSCILLATION win=8 obs=19 | cap=wip/TURN_OSCILLATION act=(320,360) d=2.95 a=1 | sp=som:active d=3.0 age=0 som=3/6 dtg=7.82 region=0_10
ep=361 s=19 4426ms [sel=3 cap=4319 rest=104] sg=2->2 mode=NONE win=8 obs=20 | cap=wip act=(320,360) d=2.70 a=1 | sp=som:active d=2.7 age=1 dtg=7.57 region=0_10
ep=361 s=20 4304ms [sel=3 cap=4194 rest=107] sg=2->2 mode=NONE win=8 obs=21 | cap=wip act=(320,360) d=2.45 a=1 | sp=som:active d=2.5 age=2 dtg=7.33 region=0_10
ep=361 s=21 4495ms [sel=3 cap=4386 rest=106] sg=2->2 mode=NONE win=8 obs=22 | cap=wip act=(320,360) d=2.21 a=1 | sp=som:active d=2.2 age=3 dtg=7.08 region=0_10
ep=361 s=22 4886ms [sel=3 cap=4779 rest=104] sg=2->2 mode=NONE win=8 obs=23 | cap=wip act=(320,360) d=1.96 a=1 | sp=som:active d=2.0 age=4 dtg=6.83 region=0_10
ep=361 s=23 5348ms [sel=3 cap=5241 rest=104] sg=2->2 mode=NONE win=8 obs=24 | cap=wip act=(320,360) d=1.71 a=1 | sp=som:active d=1.7 age=5 dtg=6.58 region=0_10
ep=361 s=24 5597ms [sel=3 cap=5488 rest=106] sg=2->2 mode=NONE win=8 obs=25 | cap=wip act=(320,360) d=1.46 a=1 | sp=som:active d=1.5 age=6 dtg=6.33 region=0_10
ep=361 s=25 4614ms [sel=3 cap=4505 rest=107] sg=2->2 mode=NONE win=8 obs=26 | cap=wip act=(320,360) d=1.21 a=1 | sp=som:active d=1.2 age=7 dtg=6.08 region=0_10
ep=361 s=26 5687ms [sel=3 cap=5578 rest=105] sg=2->2 mode=NONE win=8 obs=27 | cap=wip act=(320,360) d=0.96 a=1 | sp=som:active d=1.0 age=8 dtg=5.84 region=0_10
ep=361 s=27 5715ms [sel=3 cap=5610 rest=103] sg=2->2 mode=NONE win=8 obs=28 | cap=wip act=(320,360) d=0.72 a=1 | sp=som:active d=0.7 age=9 dtg=5.59 region=0_10
ep=361 s=28 5484ms [sel=1120 cap=4262 rest=102] sg=2->2 mode=NONE win=8 obs=29 | cap=wip act=(320,360) d=2.96 a=1 | sp=som:active d=3.0 age=0 som=2/7 dtg=5.34 region=0_10
ep=361 s=29 3611ms [sel=4 cap=3503 rest=104] sg=2->2 mode=NONE win=8 obs=30 | cap=wip act=(320,360) d=2.71 a=1 | sp=som:active d=2.7 age=1 dtg=5.10 region=0_10
ep=361 s=30 3979ms [sel=3 cap=3862 rest=114] sg=2->2 mode=NONE win=8 obs=31 | cap=wip act=(320,360) d=2.46 a=1 | sp=som:active d=2.5 age=2 dtg=4.85 region=0_10
ep=361 s=31 4508ms [sel=4 cap=4397 rest=107] sg=2->2 mode=NONE win=8 obs=32 | cap=wip act=(320,360) d=2.21 a=1 | sp=som:active d=2.2 age=3 dtg=4.61 region=0_10
ep=361 s=32 4193ms [sel=4 cap=4074 rest=115] sg=2->2 mode=NONE win=8 obs=33 | cap=wip act=(320,360) d=1.97 a=1 | sp=som:active d=2.0 age=4 dtg=4.37 region=0_10
ep=361 s=33 3691ms [sel=3 cap=3584 rest=104] sg=2->2 mode=NONE win=8 obs=34 | cap=wip act=(320,360) d=1.72 a=1 | sp=som:active d=1.7 age=5 dtg=4.14 region=0_19
ep=361 s=34 4429ms [sel=3 cap=4324 rest=102] sg=2->2 mode=NONE win=8 obs=35 | cap=wip act=(320,360) d=1.47 a=1 | sp=som:active d=1.5 age=6 dtg=3.92 region=0_19
ep=361 s=35 4209ms [sel=3 cap=4106 rest=99] sg=2->2 mode=NONE win=8 obs=36 | cap=wip act=(320,360) d=1.23 a=1 | sp=som:active d=1.2 age=7 dtg=3.71 region=0_19
ep=361 s=36 3267ms [sel=3 cap=3167 rest=97] sg=2->2 mode=NONE win=8 obs=37 | cap=wip act=(320,360) d=0.98 a=1 | sp=som:active d=1.0 age=8 dtg=3.55 region=0_19
ep=361 s=37 3548ms [sel=3 cap=3449 rest=96] sg=2->2 mode=NONE win=8 obs=38 | cap=wip act=(320,360) d=0.74 a=2 | sp=som:active d=0.7 age=9 dtg=3.55 region=0_19
ep=361 s=38 1490ms [sel=3 cap=1389 rest=98] sg=2->2 mode=NONE win=8 obs=39 | cap=wip act=(320,360) d=0.74 a=1 | sp=som:active d=0.7 age=10 dtg=3.41 region=0_19
ep=361 s=39 9656ms [sel=1906 cap=7653 rest=98] sg=2->2 mode=NONE win=8 obs=40 | cap=wip act=(320,360) d=2.99 a=3 | sp=som:active d=3.0 age=0 som=3/8 dtg=3.41 region=0_19
ep=361 s=40 4284ms [sel=3 cap=4187 rest=94] sg=2->2 mode=NONE win=8 obs=41 | cap=wip act=(320,360) d=2.99 a=1 | sp=som:active d=3.0 age=1 dtg=3.39 region=0_19
ep=361 s=41 4192ms [sel=3 cap=4093 rest=96] sg=2->2 mode=NONE win=8 obs=42 | cap=wip act=(320,360) d=2.74 a=3 | sp=som:active d=2.7 age=2 dtg=3.39 region=0_19
ep=361 s=42 6784ms [sel=3 cap=6681 rest=100] sg=2->2 mode=NONE win=8 obs=43 | cap=wip act=(320,360) d=2.74 a=1 | sp=som:active d=2.7 age=3 dtg=3.50 region=0_19
ep=361 s=43 7083ms [sel=4 cap=6975 rest=104] sg=2->2 mode=NONE win=8 obs=44 | cap=wip act=(320,360) d=2.49 a=1 | sp=som:active d=2.5 age=4 dtg=3.64 region=0_19
ep=361 s=44 8888ms [sel=39 cap=8292 rest=522] sg=2->2 mode=NONE win=8 obs=45 | cap=wip act=(160,180) d=3.79 a=3 | preview=view3/6 yaw=+0 render=35ms | sp=preview:active d=3.8 age=0 dtg=3.64 region=0_19
ep=361 s=45 4966ms [sel=3 cap=4851 rest=112] sg=2->2 mode=NONE win=8 obs=46 | cap=wip act=(320,360) d=3.79 a=1 | sp=preview:active d=3.8 age=1 dtg=3.84 region=0_19
ep=361 s=46 5846ms [sel=3 cap=5740 rest=104] sg=2->2 mode=NONE win=8 obs=47 | cap=wip act=(320,360) d=3.54 a=3 | sp=preview:active d=3.5 age=2 dtg=3.84 region=0_19
ep=361 s=47 8122ms [sel=3 cap=8019 rest=101] sg=2->2 mode=NONE win=8 obs=48 | cap=wip act=(320,360) d=3.54 a=1 | sp=preview:active d=3.5 age=3 dtg=4.07 region=0_19
ep=361 s=48 3277ms [sel=3 cap=3170 rest=104] sg=2->2 mode=NONE win=8 obs=49 | cap=wip act=(320,360) d=3.30 a=1 | sp=preview:active d=3.3 age=4 dtg=4.31 region=0_9
ep=361 s=49 5686ms [sel=3 cap=5118 rest=529] sg=2->2 mode=NONE win=8 obs=50 | cap=wip act=(320,360) d=3.05 a=1 | preview=view-/6 yaw=+0 render=36ms | sp=preview:active d=3.0 age=5 dtg=4.55 region=0_9
ep=361 s=50 5346ms [sel=3 cap=5232 rest=111] sg=2->2 mode=NONE win=8 obs=51 | cap=wip act=(320,360) d=2.80 a=1 | sp=preview:active d=2.8 age=6 dtg=4.79 region=0_9
ep=361 s=51 4506ms [sel=3 cap=4391 rest=111] sg=2->2 mode=NONE win=8 obs=52 | cap=wip act=(320,360) d=2.56 a=1 | sp=preview:active d=2.6 age=7 dtg=5.03 region=0_9
ep=361 s=52 4696ms [sel=6 cap=4576 rest=114] sg=2->2 mode=NONE win=8 obs=53 | cap=wip act=(320,360) d=2.31 a=1 | sp=preview:active d=2.3 age=8 dtg=5.28 region=0_9
ep=361 s=53 6123ms [sel=3 cap=6004 rest=115] sg=2->2 mode=NONE win=8 obs=54 | cap=wip act=(320,360) d=2.07 a=3 | sp=preview:active d=2.1 age=9 dtg=5.28 region=0_9
ep=361 s=54 5919ms [sel=3 cap=5806 rest=110] sg=2->2 mode=NONE win=8 obs=55 | cap=wip act=(320,360) d=2.07 a=1 | sp=preview:active d=2.1 age=10 dtg=5.53 region=0_9
ep=361 s=55 7087ms [sel=3 cap=6974 rest=110] sg=2->2 mode=NONE win=8 obs=56 | cap=wip act=(320,360) d=1.85 a=3 | sp=preview:active d=1.8 age=11 dtg=5.53 region=0_9
ep=361 s=56 2976ms [sel=6 cap=2862 rest=108] sg=2->2 mode=NONE win=8 obs=57 | cap=wip act=(320,360) d=1.85 a=1 | sp=preview:active d=1.8 age=12 dtg=5.77 region=0_9
ep=361 s=57 3997ms [sel=8 cap=3880 rest=109] sg=2->2 mode=NONE win=8 obs=58 | cap=wip act=(320,360) d=1.69 a=1 | sp=preview:active d=1.7 age=13 dtg=6.01 region=0_9
ep=361 s=58 4611ms [sel=1450 cap=3051 rest=111] sg=2->2 mode=NONE win=8 obs=59 | cap=wip act=(320,360) d=1.06 a=2 | sp=som:active d=1.1 age=0 som=1/8 dtg=6.01 region=0_9
ep=361 s=59 3767ms [sel=3 cap=3652 rest=112] sg=2->2 mode=NONE win=8 obs=60 | cap=wip act=(320,360) d=1.06 a=1 | sp=som:active d=1.1 age=1 dtg=6.26 region=0_9
ep=361 s=60 4181ms [sel=3 cap=4056 rest=123] sg=2->2 mode=NONE win=8 obs=61 | cap=wip act=(320,360) d=0.83 a=1 | sp=som:active d=0.8 age=2 dtg=6.51 region=0_9
ep=361 s=61 6273ms [sel=3 cap=6140 rest=131] sg=2->2 mode=NONE win=8 obs=62 | cap=wip act=(320,360) d=0.61 a=2 | sp=som:active d=0.6 age=3 dtg=6.51 region=0_9
ep=361 s=62 3431ms [sel=3 cap=3303 rest=126] sg=2->2 mode=NONE win=8 obs=63 | cap=wip act=(320,360) d=0.61 a=2 | sp=som:active d=0.6 age=4 dtg=6.51 region=0_9
ep=361 s=63 11932ms [sel=3 cap=11809 rest=121] sg=2->2 mode=NONE win=8 obs=64 | cap=wip act=(320,360) d=0.61 a=1 | sp=som:active d=0.6 age=5 dtg=6.73 region=0_9
ep=361 s=64 10157ms [sel=671 cap=8954 rest=494] sg=2->2 mode=NONE win=8 obs=65 | cap=wip act=(320,360) d=0.93 a=2 | preview=view-/6 yaw=+0 render=38ms | sp=som:active d=0.9 age=0 som=3/6 dtg=6.73 region=0_9
ep=361 s=65 8702ms [sel=3 cap=8578 rest=120] sg=2->2 mode=NONE win=8 obs=66 | cap=wip act=(320,360) d=0.93 a=1 | sp=som:active d=0.9 age=1 dtg=6.91 region=0_9
ep=361 s=66 6455ms [sel=3 cap=6336 rest=116] sg=2->2 mode=NONE win=8 obs=67 | cap=wip act=(320,360) d=0.69 a=2 | sp=som:active d=0.7 age=2 dtg=6.91 region=0_9
ep=361 s=67 10548ms [sel=3 cap=10430 rest=115] sg=2->2 mode=NONE win=8 obs=68 | cap=wip act=(320,360) d=0.69 a=1 | sp=som:active d=0.7 age=3 dtg=7.08 region=0_9
ep=361 s=68 8173ms [sel=1642 cap=6418 rest=113] sg=2->2 mode=NONE win=8 obs=69 | cap=wip act=(320,360) d=2.24 a=1 | sp=som:active d=2.2 age=0 som=3/7 dtg=7.28 region=0_9
ep=361 s=69 11310ms [sel=39 cap=11151 rest=120] sg=2->2 mode=NONE win=8 obs=70 | cap=wip act=(320,360) d=1.99 a=1 | sp=frontier:active d=2.0 age=0 dtg=7.51 region=0_9
ep=361 s=70 4954ms [sel=3 cap=4844 rest=107] sg=2->2 mode=NONE win=8 obs=71 | cap=wip act=(320,360) d=1.74 a=1 | sp=frontier:active d=1.7 age=1 dtg=7.74 region=0_9
ep=361 s=71 14699ms [sel=3 cap=14191 rest=469] sg=2->2 mode=NONE win=8 obs=72 | cap=wip act=(320,360) d=1.49 a=1 | preview=view-/6 yaw=+0 render=36ms | sp=frontier:active d=1.5 age=2 dtg=7.97 region=0_9
ep=361 s=72 9029ms [sel=3 cap=8913 rest=112] sg=2->2 mode=GET_NOWHERE win=8 obs=73 | cap=wip/GET_NOWHERE act=(320,360) d=1.24 a=1 | sp=frontier:active d=1.2 age=3 dtg=8.21 region=0_9
ep=361 s=73 8824ms [sel=1429 cap=7288 rest=107] sg=2->3 mode=NONE win=8 obs=74 | cap=DONE act=(320,360) d=1.04 a=1 | sp=som:active d=1.0 age=0 som=1/5 dtg=8.46 region=0_9
ep=361 s=74 3929ms [sel=3 cap=3827 rest=100] sg=3->3 mode=NONE win=8 obs=75 | cap=wip act=(320,360) d=0.80 a=2 | sp=som:active d=0.8 age=1 dtg=8.46 region=0_9
ep=361 s=75 10048ms [sel=794 cap=8799 rest=418] sg=3->None mode=NONE win=8 obs=76 | cap=DONE act=(320,360) d=1.00 a=1 | preview=view-/6 yaw=+0 render=36ms | sp=som:active d=0.8 age=2 ovr=1 door_evts=1 dtg=8.68 region=0_9
ep=361 s=76 111ms [sel=5 cap=0 rest=107] sg=None->None mode=NONE win=8 obs=77 | cap=- act=(320,360) d=1.00 a=1 | sp=som:active d=0.6 age=3 ovr=1 door_evts=1 dtg=8.91 region=0_9
ep=361 s=77 121ms [sel=4 cap=0 rest=117] sg=None->None mode=NONE win=8 obs=78 | cap=- act=(320,360) d=1.00 a=1 | sp=som:reached d=0.3 age=4 ovr=1 door_evts=1 dtg=9.32 region=0_9
ep=361 s=78 146ms [sel=0 cap=0 rest=146] sg=None->None mode=NONE win=8 obs=79 | cap=- act=STOP | sp=som:reached d=0.3 age=5 ovr=1 door_evts=1 dtg=9.32 region=0_9
rank=0 [5/17] id=361 steps=79 success=0.000 spl=0.000 dtg=9.32 osr=0 path_length=12.75 ndtw=0.428 sdtw=0.000
PluginManager::Manager: duplicate static plugin StbImageImporter, ignoring
PluginManager::Manager: duplicate static plugin GltfImporter, ignoring
PluginManager::Manager: duplicate static plugin BasisImporter, ignoring
PluginManager::Manager: duplicate static plugin AssimpImporter, ignoring
PluginManager::Manager: duplicate static plugin AnySceneImporter, ignoring
PluginManager::Manager: duplicate static plugin AnyImageImporter, ignoring
episode=503 instruction='To the ottoman. To the bed. To the wardrobe. To the glass jug.' start_position=[0.2315170019865036, 3.818061113357544, 0.36848998069763184] goal_position=[0.6354129910469055, 3.6606903076171875, 5.6090898513793945] reference_geodesic=5.258496284484863
episode=503 prepared_subgoals=4
  [1] Walk to the ottoman
      proof: The ottoman is directly ahead of the camera, within a step.
  [2] Walk to the bed
      proof: The bed is directly ahead of the camera, within a step.
  [3] Walk to the wardrobe
      proof: The wardrobe is directly ahead of the camera, within a step.
  [4] Walk to the glass jug
      proof: The glass jug is directly ahead of the camera, within a step
ep=503 s=0 7954ms [sel=6 cap=7409 rest=498] sg=1->1 mode=NONE win=1 obs=1 | cap=wip act=PREVIEW a=2 | preview=view4/6 yaw=+90 render=41ms dtg=5.26 region=2_3
ep=503 s=1 7380ms [sel=1175 cap=6073 rest=132] sg=1->1 mode=NONE win=2 obs=2 | cap=wip act=TURN request=-45deg execute=-15deg x1 a=2 | sp=frontier:active d=2.5 age=0 som=3/5 dtg=5.26 region=2_3
ep=503 s=2 5223ms [sel=5 cap=5088 rest=130] sg=1->1 mode=NONE win=3 obs=3 | cap=wip act=TURN request=-45deg execute=-15deg x1 a=2 | sp=frontier:active d=2.5 age=1 dtg=5.26 region=2_3
ep=503 s=3 4859ms [sel=9 cap=4318 rest=494] sg=1->1 mode=NONE win=4 obs=4 | cap=wip act=TURN request=-45deg execute=-15deg x1 a=2 | preview=view-/6 yaw=+0 render=38ms | sp=frontier:active d=2.5 age=2 dtg=5.26 region=2_3
ep=503 s=4 3054ms [sel=6 cap=2921 rest=127] sg=1->1 mode=NONE win=5 obs=5 | cap=wip act=TURN request=-45deg execute=-15deg x1 a=2 | sp=frontier:active d=2.5 age=3 dtg=5.26 region=2_3
ep=503 s=5 6613ms [sel=6 cap=6484 rest=124] sg=1->1 mode=NONE win=6 obs=6 | cap=wip act=TURN request=-45deg execute=-15deg x1 a=2 | sp=frontier:active d=2.5 age=4 dtg=5.26 region=2_3
ep=503 s=6 3370ms [sel=5 cap=3238 rest=126] sg=1->1 mode=NONE win=7 obs=7 | cap=wip act=TURN request=-45deg execute=-15deg x1 a=2 | sp=frontier:active d=2.5 age=5 dtg=5.26 region=2_3
ep=503 s=7 4579ms [sel=8 cap=4444 rest=126] sg=1->1 mode=NONE win=8 obs=8 | cap=wip act=TURN request=-45deg execute=-15deg x1 a=2 | sp=frontier:active d=2.5 age=6 dtg=5.26 region=2_3
ep=503 s=8 2937ms [sel=3 cap=2811 rest=123] sg=1->1 mode=NONE win=8 obs=9 | cap=wip act=(320,360) d=2.50 a=2 | sp=frontier:active d=2.5 age=7 dtg=5.26 region=2_3
ep=503 s=9 6390ms [sel=3 cap=6265 rest=123] sg=1->1 mode=NONE win=8 obs=10 | cap=wip act=(320,360) d=2.50 a=2 | sp=frontier:active d=2.5 age=8 dtg=5.26 region=2_3
ep=503 s=10 3832ms [sel=3 cap=3702 rest=127] sg=1->1 mode=NONE win=8 obs=11 | cap=wip act=(320,360) d=2.50 a=1 | sp=frontier:active d=2.5 age=9 dtg=5.05 region=2_3
ep=503 s=11 4600ms [sel=3 cap=4467 rest=130] sg=1->1 mode=NONE win=8 obs=12 | cap=wip act=(320,360) d=2.31 a=1 | sp=frontier:active d=2.3 age=10 dtg=4.85 region=2_3
ep=503 s=12 4181ms [sel=14 cap=4038 rest=128] sg=1->1 mode=NONE win=8 obs=13 | cap=wip act=(320,360) d=2.14 a=3 | sp=frontier:active d=2.1 age=11 dtg=4.85 region=2_3
ep=503 s=13 6039ms [sel=11 cap=5465 rest=524] sg=1->1 mode=NONE win=8 obs=14 | cap=wip act=(320,360) d=2.14 a=1 | preview=view-/6 yaw=+0 render=40ms | sp=frontier:active d=2.1 age=12 dtg=4.71 region=2_3
ep=503 s=14 3959ms [sel=10 cap=3824 rest=125] sg=1->1 mode=NONE win=8 obs=15 | cap=wip act=(320,360) d=1.94 a=1 | sp=frontier:active d=1.9 age=13 dtg=4.57 region=2_3
ep=503 s=15 5914ms [sel=11 cap=5770 rest=133] sg=1->1 mode=NONE win=8 obs=16 | cap=wip act=(320,360) d=1.75 a=3 | sp=frontier:active d=1.7 age=14 dtg=4.57 region=2_3
ep=503 s=16 3715ms [sel=10 cap=3585 rest=119] sg=1->1 mode=NONE win=8 obs=17 | cap=wip act=(320,360) d=1.75 a=1 | sp=frontier:active d=1.7 age=15 dtg=4.51 region=2_3
ep=503 s=17 5394ms [sel=43 cap=4841 rest=468] sg=1->1 mode=NONE win=8 obs=18 | cap=wip act=(160,180) d=3.63 a=2 | preview=view1/6 yaw=-90 render=41ms | sp=preview:active d=3.6 age=0 dtg=4.51 region=2_3
ep=503 s=18 3651ms [sel=26 cap=3500 rest=126] sg=1->1 mode=NONE win=8 obs=19 | cap=wip act=(320,360) d=3.63 a=2 | sp=preview:active d=3.6 age=1 dtg=4.51 region=2_3
ep=503 s=19 3442ms [sel=24 cap=3287 rest=131] sg=1->1 mode=NONE win=8 obs=20 | cap=wip act=(320,360) d=3.63 a=2 | sp=preview:active d=3.6 age=2 dtg=4.51 region=2_3
ep=503 s=20 4024ms [sel=6 cap=3889 rest=128] sg=1->1 mode=NONE win=8 obs=21 | cap=wip act=(320,360) d=3.63 a=2 | sp=preview:active d=3.6 age=3 dtg=4.51 region=2_3
ep=503 s=21 3958ms [sel=3 cap=3829 rest=126] sg=1->1 mode=NONE win=8 obs=22 | cap=wip act=(320,360) d=3.63 a=2 | sp=preview:active d=3.6 age=4 dtg=4.51 region=2_3
ep=503 s=22 3672ms [sel=3 cap=3541 rest=128] sg=1->1 mode=NONE win=8 obs=23 | cap=wip act=(320,360) d=3.63 a=1 | sp=preview:active d=3.6 age=5 dtg=4.26 region=2_3
ep=503 s=23 9556ms [sel=3 cap=9425 rest=128] sg=1->1 mode=NONE win=8 obs=24 | cap=wip act=(320,360) d=3.38 a=1 | sp=preview:active d=3.4 age=6 dtg=4.01 region=2_3
ep=503 s=24 5023ms [sel=3 cap=4894 rest=126] sg=1->1 mode=NONE win=8 obs=25 | cap=wip act=(320,360) d=3.13 a=1 | sp=preview:active d=3.1 age=7 dtg=3.76 region=2_3
ep=503 s=25 6957ms [sel=20 cap=6401 rest=496] sg=1->1 mode=NONE win=8 obs=26 | cap=wip act=(160,180) d=3.36 a=1 | preview=view3/6 yaw=+0 render=39ms | sp=preview:active d=3.4 age=0 dtg=3.51 region=2_3
ep=503 s=26 2151ms [sel=6 cap=2019 rest=125] sg=1->1 mode=NONE win=8 obs=27 | cap=wip act=(320,360) d=3.11 a=2 | sp=preview:active d=3.1 age=1 dtg=3.51 region=2_3
ep=503 s=27 3033ms [sel=3 cap=2901 rest=129] sg=1->1 mode=NONE win=8 obs=28 | cap=wip act=(320,360) d=3.11 a=1 | sp=preview:active d=3.1 age=2 dtg=3.26 region=2_3
ep=503 s=28 3104ms [sel=3 cap=2969 rest=132] sg=1->1 mode=NONE win=8 obs=29 | cap=wip act=(320,360) d=2.87 a=2 | sp=preview:active d=2.9 age=3 dtg=3.26 region=2_3
ep=503 s=29 4488ms [sel=3 cap=4355 rest=130] sg=1->1 mode=NONE win=8 obs=30 | cap=wip act=(320,360) d=2.87 a=1 | sp=preview:active d=2.9 age=4 dtg=3.04 region=2_3
ep=503 s=30 4143ms [sel=3 cap=4010 rest=130] sg=1->1 mode=NONE win=8 obs=31 | cap=wip act=(320,360) d=2.65 a=1 | sp=preview:active d=2.7 age=5 dtg=2.84 region=2_3
ep=503 s=31 3060ms [sel=3 cap=2920 rest=137] sg=1->1 mode=NONE win=8 obs=32 | cap=wip act=(320,360) d=2.44 a=3 | sp=preview:active d=2.4 age=6 dtg=2.84 region=2_3
ep=503 s=32 3919ms [sel=3 cap=3780 rest=135] sg=1->1 mode=NONE win=8 obs=33 | cap=wip act=(320,360) d=2.44 a=3 | sp=preview:active d=2.4 age=7 dtg=2.84 region=2_3
ep=503 s=33 4364ms [sel=4 cap=4223 rest=137] sg=1->1 mode=NONE win=8 obs=34 | cap=wip act=(320,360) d=2.44 a=1 | sp=preview:active d=2.4 age=8 dtg=2.59 region=2_3
ep=503 s=34 3269ms [sel=3 cap=3124 rest=141] sg=1->1 mode=NONE win=8 obs=35 | cap=wip act=(320,360) d=2.19 a=1 | sp=preview:active d=2.2 age=9 dtg=2.34 region=2_3
ep=503 s=35 3673ms [sel=3 cap=3543 rest=128] sg=1->1 mode=NONE win=8 obs=36 | cap=wip act=(320,360) d=1.94 a=1 | sp=preview:active d=1.9 age=10 dtg=2.09 region=2_3
ep=503 s=36 4116ms [sel=4 cap=3982 rest=130] sg=1->1 mode=NONE win=8 obs=37 | cap=wip act=(320,360) d=1.69 a=1 | sp=preview:active d=1.7 age=11 dtg=1.84 region=1_5
ep=503 s=37 4975ms [sel=1707 cap=3139 rest=129] sg=1->2 mode=NONE win=8 obs=38 | cap=DONE act=(320,360) d=2.96 a=1 | sp=som:active d=3.0 age=0 som=3/8 dtg=1.59 region=2_2
ep=503 s=38 4020ms [sel=4 cap=3887 rest=129] sg=2->2 mode=NONE win=8 obs=39 | cap=wip act=(320,360) d=2.71 a=1 | sp=som:active d=2.7 age=1 dtg=1.35 region=2_2
ep=503 s=39 4730ms [sel=4 cap=4600 rest=127] sg=2->2 mode=NONE win=8 obs=40 | cap=wip act=(320,360) d=2.47 a=1 | sp=som:active d=2.5 age=2 dtg=1.10 region=2_2
ep=503 s=40 1933ms [sel=4 cap=1800 rest=129] sg=2->2 mode=NONE win=8 obs=41 | cap=wip act=(320,360) d=2.22 a=3 | sp=som:active d=2.2 age=3 dtg=1.10 region=2_2
ep=503 s=41 4631ms [sel=3 cap=4496 rest=132] sg=2->2 mode=NONE win=8 obs=42 | cap=wip act=(320,360) d=2.22 a=1 | sp=som:active d=2.2 age=4 dtg=0.85 region=2_2
ep=503 s=42 3648ms [sel=3 cap=3516 rest=129] sg=2->2 mode=NONE win=8 obs=43 | cap=wip act=(320,360) d=1.97 a=1 | sp=som:active d=2.0 age=5 dtg=0.61 region=2_2
ep=503 s=43 5921ms [sel=1452 cap=4339 rest=131] sg=2->3 mode=NONE win=8 obs=44 | cap=DONE act=(320,360) d=2.78 a=1 | sp=som:active d=2.8 age=0 som=5/8 dtg=0.36 region=2_2
ep=503 s=44 3256ms [sel=3 cap=3124 rest=129] sg=3->3 mode=NONE win=8 obs=45 | cap=wip act=(320,360) d=2.54 a=1 | sp=som:active d=2.5 age=1 dtg=0.11 region=2_2
ep=503 s=45 3179ms [sel=3 cap=3047 rest=129] sg=3->3 mode=NONE win=8 obs=46 | cap=wip act=(320,360) d=2.30 a=1 | sp=som:active d=2.3 age=2 dtg=0.15 region=2_2
ep=503 s=46 6393ms [sel=1709 cap=4559 rest=126] sg=3->4 mode=NONE win=8 obs=47 | cap=DONE act=(320,360) d=2.97 a=1 | sp=som:active d=3.0 age=0 som=3/8 dtg=0.40 region=2_2
ep=503 s=47 2885ms [sel=3 cap=2758 rest=124] sg=4->4 mode=NONE win=8 obs=48 | cap=wip act=(320,360) d=2.72 a=1 | sp=som:active d=2.7 age=1 dtg=0.65 region=2_2
ep=503 s=48 3739ms [sel=3 cap=3608 rest=127] sg=4->4 mode=NONE win=8 obs=49 | cap=wip act=(320,360) d=2.47 a=1 | sp=som:active d=2.5 age=2 dtg=0.90 region=1_5
ep=503 s=49 3583ms [sel=3 cap=3455 rest=125] sg=4->4 mode=NONE win=8 obs=50 | cap=wip act=(320,360) d=2.22 a=1 | sp=som:active d=2.2 age=3 dtg=1.15 region=2_1
ep=503 s=50 3985ms [sel=3 cap=3858 rest=123] sg=4->4 mode=NONE win=8 obs=51 | cap=wip act=(320,360) d=1.97 a=1 | sp=som:active d=2.0 age=4 dtg=1.40 region=2_1
ep=503 s=51 6091ms [sel=3 cap=5554 rest=493] sg=4->4 mode=NONE win=8 obs=52 | cap=wip act=(320,360) d=1.73 a=1 | preview=view-/6 yaw=+0 render=41ms | sp=som:active d=1.7 age=5 dtg=1.65 region=2_1
ep=503 s=52 4253ms [sel=3 cap=4129 rest=121] sg=4->4 mode=NONE win=8 obs=53 | cap=wip act=(320,360) d=1.48 a=1 | sp=som:active d=1.5 age=6 dtg=1.90 region=2_1
ep=503 s=53 3560ms [sel=4 cap=3429 rest=128] sg=4->4 mode=NONE win=8 obs=54 | cap=wip act=(320,360) d=1.23 a=1 | sp=som:active d=1.2 age=7 dtg=2.15 region=2_1
ep=503 s=54 5908ms [sel=8 cap=5305 rest=555] sg=4->4 mode=NONE win=8 obs=55 | cap=wip act=(160,180) d=0.99 a=1 | preview=view5/6 yaw=+90 render=40ms | sp=som:active d=1.0 age=8 dtg=2.40 region=2_1
ep=503 s=55 4309ms [sel=3 cap=4181 rest=125] sg=4->4 mode=NONE win=8 obs=56 | cap=wip act=(320,360) d=0.75 a=1 | sp=som:active d=0.7 age=9 dtg=2.65 region=2_1
ep=503 s=56 1404ms [sel=3 cap=1284 rest=117] sg=4->4 mode=NONE win=8 obs=57 | cap=wip act=(320,360) d=0.51 a=3 | sp=som:active d=0.5 age=10 dtg=2.65 region=2_1
ep=503 s=57 10552ms [sel=3 cap=10008 rest=503] sg=4->4 mode=NONE win=8 obs=58 | cap=wip act=(320,360) d=0.51 a=1 | preview=view-/6 yaw=+0 render=38ms | sp=som:active d=0.5 age=11 dtg=2.89 region=2_1
ep=503 s=58 6263ms [sel=1503 cap=4636 rest=123] sg=4->4 mode=NONE win=8 obs=59 | cap=wip act=(320,360) d=0.54 a=1 | sp=frontier:active d=0.5 age=0 som=2/8 dtg=3.13 region=2_1
ep=503 s=59 6528ms [sel=1750 cap=4658 rest=120] sg=4->4 mode=NONE win=8 obs=60 | cap=wip act=(320,359) d=2.06 a=1 som=2/7 dtg=3.38 region=2_1
ep=503 s=60 11913ms [sel=74 cap=11303 rest=496] sg=4->4 mode=NONE win=8 obs=61 | cap=wip act=(320,359) d=2.08 a=1 | preview=view-/6 yaw=+0 render=40ms dtg=3.63 region=2_1
ep=503 s=61 6834ms [sel=1573 cap=5141 rest=119] sg=4->4 mode=NONE win=8 obs=62 | cap=wip act=TURN request=+45deg execute=+15deg x1 a=3 | sp=- door_evts=1 som=2/7 dtg=3.63 region=2_1
ep=503 s=62 4961ms [sel=0 cap=4840 rest=121] sg=4->4 mode=NONE win=8 obs=63 | cap=wip act=TURN request=+45deg execute=+15deg x1 a=3 | sp=- door_evts=1 dtg=3.63 region=2_1
ep=503 s=63 8793ms [sel=0 cap=8263 rest=492] sg=4->4 mode=NONE win=8 obs=64 | cap=wip act=TURN request=+45deg execute=+15deg x1 a=3 | preview=view-/6 yaw=+0 render=38ms | sp=- door_evts=1 dtg=3.63 region=2_1
ep=503 s=64 3307ms [sel=0 cap=3190 rest=117] sg=4->4 mode=NONE win=8 obs=65 | cap=wip act=TURN request=+45deg execute=+15deg x1 a=3 | sp=- door_evts=1 dtg=3.63 region=2_1
ep=503 s=65 2676ms [sel=0 cap=2555 rest=121] sg=4->4 mode=NONE win=8 obs=66 | cap=wip act=TURN request=+45deg execute=+15deg x1 a=3 | sp=- door_evts=1 dtg=3.63 region=2_1
ep=503 s=66 11787ms [sel=5 cap=11229 rest=514] sg=4->None mode=NONE win=8 obs=67 | cap=DONE act=STOP | preview=view-/6 yaw=+0 render=40ms | sp=- door_evts=1 dtg=3.63 region=2_1
rank=0 [6/17] id=503 steps=67 success=0.000 spl=0.000 dtg=3.63 osr=1 path_length=9.52 ndtw=0.534 sdtw=0.000
PluginManager::Manager: duplicate static plugin StbImageImporter, ignoring
PluginManager::Manager: duplicate static plugin GltfImporter, ignoring
PluginManager::Manager: duplicate static plugin BasisImporter, ignoring
PluginManager::Manager: duplicate static plugin AssimpImporter, ignoring
PluginManager::Manager: duplicate static plugin AnySceneImporter, ignoring
PluginManager::Manager: duplicate static plugin AnyImageImporter, ignoring
episode=610 instruction='To the far end of the room, through the double doors. Wait in the bedroom.' start_position=[14.865799903869629, 0.20952606201171875, -13.741800308227539] goal_position=[5.229159832000732, 0.09483356773853302, -13.78320026397705] reference_geodesic=9.637412071228027
episode=610 prepared_subgoals=3
  [1] Walk to the far end of the room
      proof: The far end of the room is directly ahead of the camera, within a step.
  [2] Go through the double doors
      proof: The camera has passed through the doors and the bedroom is central in the view.
  [3] Stop beside the bed in the bedroom
      proof: The bed is directly beside the camera and the camera is stationary
ep=610 s=0 5538ms [sel=25 cap=4950 rest=517] sg=1->1 mode=NONE win=1 obs=1 | cap=wip act=(160,180) d=3.83 a=1 | preview=view2/6 yaw=+0 render=46ms | sp=preview:active d=3.8 age=0 dtg=9.89 region=0_8
ep=610 s=1 3515ms [sel=4 cap=3385 rest=127] sg=1->1 mode=NONE win=2 obs=2 | cap=wip act=(320,360) d=3.59 a=1 | sp=preview:active d=3.6 age=1 dtg=10.14 region=0_8
ep=610 s=2 3128ms [sel=3 cap=2997 rest=128] sg=1->1 mode=NONE win=3 obs=3 | cap=wip act=(320,360) d=3.35 a=1 | sp=preview:active d=3.4 age=2 dtg=10.39 region=0_8
ep=610 s=3 6109ms [sel=3 cap=5978 rest=128] sg=1->1 mode=NONE win=4 obs=4 | cap=wip act=(320,360) d=3.12 a=1 | sp=preview:active d=3.1 age=3 dtg=10.64 region=0_8
ep=610 s=4 4078ms [sel=3 cap=3947 rest=127] sg=1->1 mode=NONE win=5 obs=5 | cap=wip act=(320,360) d=2.89 a=1 | sp=preview:active d=2.9 age=4 dtg=10.89 region=None
ep=610 s=5 5260ms [sel=2238 cap=2892 rest=130] sg=1->2 mode=NONE win=6 obs=6 | cap=DONE act=(320,360) d=3.00 a=1 | sp=som:active d=3.0 age=0 som=3/8 dtg=11.14 region=0_10
ep=610 s=6 3609ms [sel=3 cap=3473 rest=132] sg=2->2 mode=NONE win=7 obs=7 | cap=wip act=(320,360) d=2.75 a=1 | sp=som:active d=2.8 age=1 dtg=11.39 region=0_10
ep=610 s=7 7204ms [sel=3 cap=7069 rest=132] sg=2->2 mode=NONE win=8 obs=8 | cap=wip act=(320,360) d=2.50 a=1 | sp=som:active d=2.5 age=2 dtg=11.64 region=0_10
ep=610 s=8 6494ms [sel=3 cap=6357 rest=134] sg=2->2 mode=NONE win=8 obs=9 | cap=wip act=(320,360) d=2.25 a=1 | sp=som:active d=2.3 age=3 dtg=11.89 region=None
ep=610 s=9 6759ms [sel=3 cap=6621 rest=135] sg=2->2 mode=NONE win=8 obs=10 | cap=wip act=(320,360) d=2.00 a=1 | sp=som:active d=2.0 age=4 dtg=12.14 region=0_7
ep=610 s=10 3806ms [sel=3 cap=3675 rest=128] sg=2->2 mode=NONE win=8 obs=11 | cap=wip act=(320,360) d=1.75 a=1 | sp=som:active d=1.8 age=5 dtg=12.39 region=0_7
ep=610 s=11 1748ms [sel=3 cap=1617 rest=127] sg=2->2 mode=NONE win=8 obs=12 | cap=wip act=(320,360) d=1.50 a=1 | sp=som:active d=1.5 age=6 dtg=12.64 region=0_7
ep=610 s=12 3461ms [sel=3 cap=3330 rest=128] sg=2->2 mode=NONE win=8 obs=13 | cap=wip act=(320,360) d=1.25 a=1 | sp=som:active d=1.3 age=7 dtg=12.89 region=0_7
ep=610 s=13 3268ms [sel=3 cap=3136 rest=129] sg=2->2 mode=NONE win=8 obs=14 | cap=wip act=(320,360) d=1.00 a=1 | sp=som:active d=1.0 age=8 dtg=13.14 region=0_7
ep=610 s=14 2697ms [sel=3 cap=2560 rest=134] sg=2->2 mode=NONE win=8 obs=15 | cap=wip act=(320,360) d=0.75 a=1 | sp=som:active d=0.8 age=9 dtg=13.39 region=0_7
ep=610 s=15 3721ms [sel=3 cap=3590 rest=128] sg=2->2 mode=NONE win=8 obs=16 | cap=wip act=(320,360) d=0.50 a=1 | sp=som:active d=0.5 age=10 dtg=13.64 region=0_7
ep=610 s=16 4792ms [sel=1961 cap=2707 rest=124] sg=2->2 mode=NONE win=8 obs=17 | cap=wip act=(320,360) d=2.96 a=1 | sp=som:active d=3.0 age=0 som=2/8 dtg=13.89 region=0_7
ep=610 s=17 3121ms [sel=3 cap=2995 rest=123] sg=2->2 mode=NONE win=8 obs=18 | cap=wip act=(320,360) d=2.71 a=2 | sp=som:active d=2.7 age=1 dtg=13.89 region=0_7
ep=610 s=18 3682ms [sel=3 cap=3554 rest=125] sg=2->2 mode=NONE win=8 obs=19 | cap=wip act=(320,360) d=2.71 a=1 | sp=som:active d=2.7 age=2 dtg=14.13 region=0_7
ep=610 s=19 3468ms [sel=4 cap=3337 rest=127] sg=2->2 mode=NONE win=8 obs=20 | cap=wip act=(320,360) d=2.47 a=1 | sp=som:active d=2.5 age=3 dtg=14.37 region=0_7
ep=610 s=20 4983ms [sel=3 cap=4855 rest=125] sg=2->2 mode=NONE win=8 obs=21 | cap=wip act=(320,360) d=2.22 a=1 | sp=som:active d=2.2 age=4 dtg=14.61 region=0_7
ep=610 s=21 3960ms [sel=4 cap=3832 rest=125] sg=2->2 mode=NONE win=8 obs=22 | cap=wip act=(320,360) d=1.98 a=1 | sp=som:active d=2.0 age=5 dtg=14.85 region=0_7
ep=610 s=22 3650ms [sel=4 cap=3523 rest=124] sg=2->2 mode=NONE win=8 obs=23 | cap=wip act=(320,360) d=1.73 a=3 | sp=som:active d=1.7 age=6 dtg=14.85 region=0_7
ep=610 s=23 4620ms [sel=3 cap=4489 rest=129] sg=2->2 mode=NONE win=8 obs=24 | cap=wip act=(320,360) d=1.73 a=1 | sp=som:active d=1.7 age=7 dtg=15.10 region=0_7
ep=610 s=24 4799ms [sel=863 cap=3776 rest=159] sg=2->3 mode=NONE win=8 obs=25 | cap=DONE act=(320,360) d=2.99 a=1 | sp=som:active d=3.0 age=0 som=3/8 dtg=15.35 region=0_7
ep=610 s=25 4877ms [sel=3 cap=4742 rest=132] sg=3->3 mode=NONE win=8 obs=26 | cap=wip act=(320,360) d=2.74 a=1 | sp=som:active d=2.7 age=1 dtg=15.60 region=0_7
ep=610 s=26 12061ms [sel=3 cap=11481 rest=537] sg=3->3 mode=NONE win=8 obs=27 | cap=wip act=(320,360) d=2.49 a=1 | preview=view-/6 yaw=+0 render=40ms | sp=som:active d=2.5 age=2 dtg=15.85 region=0_7
ep=610 s=27 4428ms [sel=3 cap=4299 rest=126] sg=3->3 mode=NONE win=8 obs=28 | cap=wip act=(320,360) d=2.24 a=1 | sp=som:active d=2.2 age=3 dtg=16.10 region=0_7
ep=610 s=28 6181ms [sel=4 cap=6045 rest=132] sg=3->3 mode=NONE win=8 obs=29 | cap=wip act=(320,360) d=1.99 a=1 | sp=som:active d=2.0 age=4 dtg=16.35 region=0_7
ep=610 s=29 5500ms [sel=3 cap=5368 rest=129] sg=3->3 mode=NONE win=8 obs=30 | cap=wip act=(320,360) d=1.74 a=1 | sp=som:active d=1.7 age=5 dtg=16.60 region=0_7
ep=610 s=30 11803ms [sel=3 cap=11224 rest=538] sg=3->3 mode=NONE win=8 obs=31 | cap=wip act=(320,360) d=1.49 a=1 | preview=view-/6 yaw=+0 render=39ms | sp=som:active d=1.5 age=6 dtg=16.85 region=0_7
ep=610 s=31 10265ms [sel=3 cap=10139 rest=123] sg=3->3 mode=NONE win=8 obs=32 | cap=wip act=(320,360) d=1.24 a=1 | sp=som:active d=1.2 age=7 dtg=17.10 region=0_7
ep=610 s=32 7047ms [sel=3 cap=6915 rest=129] sg=3->3 mode=NONE win=8 obs=33 | cap=wip act=(320,360) d=0.99 a=1 | sp=som:active d=1.0 age=8 dtg=17.35 region=0_7
ep=610 s=33 5940ms [sel=3 cap=5814 rest=122] sg=3->3 mode=NONE win=8 obs=34 | cap=wip act=(320,360) d=0.74 a=1 | sp=som:active d=0.7 age=9 dtg=17.60 region=0_7
ep=610 s=34 7866ms [sel=1793 cap=5951 rest=122] sg=3->3 mode=NONE win=8 obs=35 | cap=wip act=(320,360) d=2.99 a=1 | sp=som:active d=3.0 age=0 som=2/7 dtg=17.85 region=0_7
ep=610 s=35 6020ms [sel=3 cap=5896 rest=121] sg=3->3 mode=NONE win=8 obs=36 | cap=wip act=(320,360) d=2.74 a=1 | sp=som:active d=2.7 age=1 dtg=18.10 region=0_7
ep=610 s=36 7527ms [sel=3 cap=7404 rest=119] sg=3->3 mode=NONE win=8 obs=37 | cap=wip act=(320,360) d=2.49 a=1 | sp=som:active d=2.5 age=2 dtg=18.35 region=0_7
ep=610 s=37 2680ms [sel=3 cap=2553 rest=124] sg=3->3 mode=NONE win=8 obs=38 | cap=wip act=(320,360) d=2.24 a=1 | sp=som:active d=2.2 age=3 dtg=18.60 region=0_7
ep=610 s=38 11574ms [sel=3 cap=11034 rest=502] sg=3->3 mode=NONE win=8 obs=39 | cap=wip act=(320,360) d=1.99 a=1 | preview=view-/6 yaw=+0 render=35ms | sp=som:active d=2.0 age=4 dtg=18.85 region=0_7
ep=610 s=39 11132ms [sel=3 cap=11002 rest=128] sg=3->3 mode=NONE win=8 obs=40 | cap=wip act=(320,360) d=1.74 a=1 | sp=som:active d=1.7 age=5 dtg=19.10 region=0_12
ep=610 s=40 7249ms [sel=3 cap=7119 rest=127] sg=3->3 mode=NONE win=8 obs=41 | cap=wip act=(320,360) d=1.49 a=1 | sp=som:active d=1.5 age=6 dtg=19.35 region=0_12
ep=610 s=41 11610ms [sel=3 cap=11082 rest=489] sg=3->3 mode=NONE win=8 obs=42 | cap=wip act=(320,360) d=1.24 a=1 | preview=view-/6 yaw=+0 render=36ms | sp=som:active d=1.2 age=7 dtg=19.60 region=0_12
ep=610 s=42 7224ms [sel=4 cap=7089 rest=131] sg=3->3 mode=NONE win=8 obs=43 | cap=wip act=(320,360) d=0.99 a=1 | sp=som:active d=1.0 age=8 dtg=19.85 region=0_12
ep=610 s=43 8734ms [sel=3 cap=8612 rest=120] sg=3->3 mode=NONE win=8 obs=44 | cap=wip act=(320,360) d=0.74 a=1 | sp=som:active d=0.7 age=9 dtg=20.10 region=0_6
ep=610 s=44 10942ms [sel=77 cap=10331 rest=497] sg=3->3 mode=NONE win=8 obs=45 | cap=wip act=(320,360) d=2.51 a=2 | preview=view-/6 yaw=+0 render=37ms | sp=frontier:active d=2.5 age=0 dtg=20.10 region=0_6
ep=610 s=45 6911ms [sel=6 cap=6784 rest=121] sg=3->3 mode=NONE win=8 obs=46 | cap=wip act=(320,360) d=2.51 a=2 | sp=frontier:active d=2.5 age=1 dtg=20.10 region=0_6
ep=610 s=46 8229ms [sel=6 cap=8088 rest=135] sg=3->3 mode=NONE win=8 obs=47 | cap=wip act=(320,360) d=2.51 a=1 | sp=frontier:active d=2.5 age=2 dtg=20.32 region=0_6
ep=610 s=47 10390ms [sel=6 cap=9844 rest=503] sg=3->3 mode=NONE win=8 obs=48 | cap=wip act=(320,360) d=2.26 a=1 | preview=view-/6 yaw=+0 render=37ms | sp=frontier:active d=2.3 age=3 dtg=20.54 region=0_6
ep=610 s=48 3312ms [sel=3 cap=3187 rest=122] sg=3->3 mode=NONE win=8 obs=49 | cap=wip act=(320,360) d=2.01 a=2 | sp=frontier:active d=2.0 age=4 dtg=20.54 region=0_6
ep=610 s=49 4479ms [sel=3 cap=4349 rest=127] sg=3->3 mode=NONE win=8 obs=50 | cap=wip act=(320,360) d=2.01 a=1 | sp=frontier:active d=2.0 age=5 dtg=20.75 region=0_6
ep=610 s=50 11941ms [sel=3 cap=11413 rest=486] sg=3->3 mode=NONE win=8 obs=51 | cap=wip act=(320,360) d=1.76 a=1 | preview=view-/6 yaw=+0 render=39ms | sp=frontier:active d=1.8 age=6 dtg=20.99 region=0_6
ep=610 s=51 9658ms [sel=3 cap=9531 rest=124] sg=3->3 mode=NONE win=8 obs=52 | cap=wip act=(320,360) d=1.52 a=1 | sp=frontier:active d=1.5 age=7 dtg=21.24 region=0_6
ep=610 s=52 7879ms [sel=3 cap=7748 rest=128] sg=3->3 mode=NONE win=8 obs=53 | cap=wip act=(320,360) d=1.28 a=1 | sp=frontier:active d=1.3 age=8 dtg=21.48 region=0_6
ep=610 s=53 15435ms [sel=3 cap=14911 rest=486] sg=3->3 mode=NONE win=8 obs=54 | cap=wip act=(320,360) d=1.04 a=1 | preview=view-/6 yaw=+0 render=35ms | sp=frontier:active d=1.0 age=9 dtg=21.73 region=0_6
ep=610 s=54 10189ms [sel=3 cap=10027 rest=159] sg=3->3 mode=NONE win=8 obs=55 | cap=wip act=(320,360) d=0.81 a=1 | sp=frontier:active d=0.8 age=10 dtg=21.98 region=0_6
ep=610 s=55 8372ms [sel=3 cap=8242 rest=127] sg=3->3 mode=NONE win=8 obs=56 | cap=wip act=(320,360) d=0.60 a=3 | sp=frontier:active d=0.6 age=11 dtg=21.98 region=0_6
ep=610 s=56 10906ms [sel=3 cap=10371 rest=496] sg=3->3 mode=NONE win=8 obs=57 | cap=wip act=(320,360) d=0.60 a=3 | preview=view-/6 yaw=+0 render=35ms | sp=frontier:active d=0.6 age=12 dtg=21.98 region=0_6
ep=610 s=57 8808ms [sel=1916 cap=6740 rest=152] sg=3->3 mode=NONE win=8 obs=58 | cap=wip act=(320,360) d=1.70 a=3 | sp=som:active d=1.7 age=0 som=2/6 dtg=21.98 region=0_6
ep=610 s=58 3892ms [sel=19 cap=3752 rest=121] sg=3->3 mode=NONE win=8 obs=59 | cap=wip act=(320,360) d=1.70 a=3 | sp=som:active d=1.7 age=1 dtg=21.98 region=0_6
ep=610 s=59 9222ms [sel=17 cap=0 rest=9165] sg=None->3 mode=NONE win=8 obs=60 | cap=- act=(320,360) d=1.70 a=3 | preview=view-/6 yaw=+0 render=40ms | sp=som:active d=1.7 age=2 ANALYSIS_ERROR_STAGE=unknown ANALYSIS_ERROR='CaptionerInferenceError: Captioner model inference failed' dtg=21.98 region=0_6
ep=610 s=60 5461ms [sel=15 cap=5322 rest=125] sg=3->3 mode=NONE win=8 obs=61 | cap=wip act=(320,360) d=1.70 a=3 | sp=som:active d=1.7 age=3 dtg=21.98 region=0_6
ep=610 s=61 5071ms [sel=13 cap=4934 rest=124] sg=3->3 mode=NONE win=8 obs=62 | cap=wip act=(320,360) d=1.70 a=3 | sp=som:active d=1.7 age=4 dtg=21.98 region=0_6
ep=610 s=62 11928ms [sel=15 cap=11383 rest=493] sg=3->3 mode=NONE win=8 obs=63 | cap=wip act=(320,360) d=1.70 a=3 | preview=view-/6 yaw=+0 render=37ms | sp=som:active d=1.7 age=5 dtg=21.98 region=0_6
ep=610 s=63 9288ms [sel=14 cap=9142 rest=132] sg=3->3 mode=NONE win=8 obs=64 | cap=wip act=(320,360) d=1.70 a=3 | sp=som:active d=1.7 age=6 dtg=21.98 region=0_6
ep=610 s=64 7315ms [sel=16 cap=7174 rest=125] sg=3->3 mode=NONE win=8 obs=65 | cap=wip act=(320,360) d=1.70 a=3 | sp=som:active d=1.7 age=7 dtg=21.98 region=0_6
ep=610 s=65 11097ms [sel=17 cap=10955 rest=126] sg=3->3 mode=NONE win=8 obs=66 | cap=wip act=(320,360) d=1.70 a=1 | sp=som:active d=1.7 age=8 dtg=21.79 region=0_6
ep=610 s=66 9995ms [sel=18 cap=9847 rest=130] sg=3->3 mode=NONE win=8 obs=67 | cap=wip act=(320,360) d=1.76 a=1 | sp=som:active d=1.8 age=9 dtg=21.61 region=0_6
ep=610 s=67 7095ms [sel=18 cap=6514 rest=525] sg=3->3 mode=NONE win=8 obs=68 | cap=wip act=(320,360) d=1.84 a=2 | preview=view-/6 yaw=+0 render=37ms | sp=som:active d=1.8 age=10 dtg=21.61 region=0_6
ep=610 s=68 6615ms [sel=15 cap=6470 rest=130] sg=3->3 mode=NONE win=8 obs=69 | cap=wip act=(320,360) d=1.84 a=1 | sp=som:active d=1.8 age=11 dtg=21.52 region=0_6
ep=610 s=69 3509ms [sel=15 cap=3369 rest=125] sg=3->3 mode=NONE win=8 obs=70 | cap=wip act=(320,360) d=1.89 a=2 | sp=som:active d=1.9 age=12 dtg=21.52 region=0_6
ep=610 s=70 4371ms [sel=46 cap=3767 rest=521] sg=3->3 mode=NONE win=8 obs=71 | cap=wip act=(160,180) d=3.52 a=3 | preview=view5/6 yaw=+105 render=37ms | sp=preview:active d=3.5 age=0 dtg=21.52 region=0_6
ep=610 s=71 5235ms [sel=29 cap=5080 rest=126] sg=3->3 mode=NONE win=8 obs=72 | cap=wip act=(320,360) d=3.52 a=3 | sp=preview:active d=3.5 age=1 dtg=21.52 region=0_6
ep=610 s=72 4347ms [sel=31 cap=4189 rest=127] sg=3->3 mode=NONE win=8 obs=73 | cap=wip act=(320,360) d=3.52 a=3 | sp=preview:active d=3.5 age=2 dtg=21.52 region=0_6
ep=610 s=73 10881ms [sel=21 cap=10302 rest=520] sg=3->3 mode=NONE win=8 obs=74 | cap=wip act=(320,360) d=3.52 a=3 | preview=view-/6 yaw=+0 render=37ms | sp=preview:active d=3.5 age=3 dtg=21.52 region=0_6
ep=610 s=74 10564ms [sel=6 cap=10428 rest=130] sg=3->3 mode=NONE win=8 obs=75 | cap=wip act=(320,360) d=3.52 a=3 | sp=preview:active d=3.5 age=4 dtg=21.52 region=0_6
ep=610 s=75 8597ms [sel=3 cap=8468 rest=126] sg=3->3 mode=NONE win=8 obs=76 | cap=wip act=(320,360) d=3.52 a=1 | sp=preview:active d=3.5 age=5 dtg=21.28 region=0_6
ep=610 s=76 10687ms [sel=4 cap=10137 rest=511] sg=3->3 mode=NONE win=8 obs=77 | cap=wip act=(320,360) d=3.28 a=1 | preview=view-/6 yaw=+0 render=36ms | sp=preview:active d=3.3 age=6 dtg=21.04 region=0_6
ep=610 s=77 11458ms [sel=3 cap=11326 rest=129] sg=3->3 mode=NONE win=8 obs=78 | cap=wip act=(320,360) d=3.04 a=1 | sp=preview:active d=3.0 age=7 dtg=20.82 region=0_6
ep=610 s=78 12553ms [sel=4 cap=12419 rest=130] sg=3->3 mode=NONE win=8 obs=79 | cap=wip act=(320,360) d=2.80 a=3 | sp=preview:active d=2.8 age=8 dtg=20.82 region=0_6
ep=610 s=79 10387ms [sel=4 cap=10253 rest=130] sg=3->3 mode=NONE win=8 obs=80 | cap=wip act=(320,360) d=2.80 a=1 | sp=preview:active d=2.8 age=9 dtg=20.58 region=0_6
ep=610 s=80 3448ms [sel=3 cap=3315 rest=129] sg=3->3 mode=NONE win=8 obs=81 | cap=wip act=(320,360) d=2.55 a=1 | sp=preview:active d=2.5 age=10 dtg=20.34 region=0_6
ep=610 s=81 3643ms [sel=3 cap=3509 rest=131] sg=3->3 mode=NONE win=8 obs=82 | cap=wip act=(320,360) d=2.30 a=1 | sp=preview:active d=2.3 age=11 dtg=20.09 region=0_6
ep=610 s=82 3241ms [sel=3 cap=3103 rest=135] sg=3->3 mode=NONE win=8 obs=83 | cap=wip act=(320,360) d=2.05 a=1 | sp=preview:active d=2.0 age=12 dtg=19.85 region=0_12
ep=610 s=83 4395ms [sel=4 cap=4258 rest=133] sg=3->3 mode=NONE win=8 obs=84 | cap=wip act=(320,360) d=1.80 a=3 | sp=preview:active d=1.8 age=13 dtg=19.85 region=0_12
ep=610 s=84 9845ms [sel=3 cap=9281 rest=523] sg=3->3 mode=NONE win=8 obs=85 | cap=wip act=(320,360) d=1.80 a=1 | preview=view-/6 yaw=+0 render=38ms | sp=preview:active d=1.8 age=14 dtg=19.60 region=0_12
ep=610 s=85 6679ms [sel=3 cap=6543 rest=133] sg=3->3 mode=NONE win=8 obs=86 | cap=wip act=(320,360) d=1.56 a=1 | sp=preview:active d=1.6 age=15 dtg=19.35 region=0_12
ep=610 s=86 7812ms [sel=2834 cap=4847 rest=131] sg=3->3 mode=NONE win=8 obs=87 | cap=wip act=(320,360) d=2.97 a=1 | sp=som:active d=3.0 age=0 som=4/8 dtg=19.10 region=0_12
ep=610 s=87 13020ms [sel=3 cap=12883 rest=133] sg=3->3 mode=NONE win=8 obs=88 | cap=wip act=(320,360) d=2.72 a=1 | sp=som:active d=2.7 age=1 dtg=18.85 region=0_7
ep=610 s=88 7529ms [sel=3 cap=7395 rest=131] sg=3->3 mode=NONE win=8 obs=89 | cap=wip act=(320,360) d=2.47 a=1 | sp=som:active d=2.5 age=2 dtg=18.60 region=0_7
ep=610 s=89 5571ms [sel=3 cap=5437 rest=131] sg=3->3 mode=NONE win=8 obs=90 | cap=wip act=(320,360) d=2.22 a=1 | sp=som:active d=2.2 age=3 dtg=18.35 region=0_7
ep=610 s=90 3573ms [sel=3 cap=3441 rest=129] sg=3->3 mode=NONE win=8 obs=91 | cap=wip act=(320,360) d=1.97 a=1 | sp=som:active d=2.0 age=4 dtg=18.10 region=0_7
ep=610 s=91 3229ms [sel=3 cap=3091 rest=136] sg=3->3 mode=NONE win=8 obs=92 | cap=wip act=(320,360) d=1.72 a=1 | sp=som:active d=1.7 age=5 dtg=17.85 region=0_7
ep=610 s=92 3829ms [sel=3 cap=3691 rest=135] sg=3->3 mode=NONE win=8 obs=93 | cap=wip act=(320,360) d=1.47 a=1 | sp=som:active d=1.5 age=6 dtg=17.60 region=0_7
ep=610 s=93 4077ms [sel=3 cap=3943 rest=130] sg=3->3 mode=NONE win=8 obs=94 | cap=wip act=(320,360) d=1.22 a=1 | sp=som:active d=1.2 age=7 dtg=17.35 region=0_7
ep=610 s=94 5811ms [sel=19 cap=5208 rest=548] sg=3->3 mode=NONE win=8 obs=95 | cap=wip act=(160,180) d=4.98 a=1 | preview=view3/6 yaw=+0 render=37ms | sp=preview:active d=5.0 age=0 dtg=17.10 region=0_7
ep=610 s=95 5323ms [sel=3 cap=5190 rest=130] sg=3->3 mode=NONE win=8 obs=96 | cap=wip act=(320,360) d=4.73 a=1 | sp=preview:active d=4.7 age=1 dtg=16.85 region=0_7
ep=610 s=96 3427ms [sel=3 cap=3297 rest=127] sg=3->3 mode=NONE win=8 obs=97 | cap=wip act=(320,360) d=4.48 a=1 | sp=preview:active d=4.5 age=2 dtg=16.60 region=0_7
ep=610 s=97 3799ms [sel=3 cap=3205 rest=551] sg=3->3 mode=NONE win=8 obs=98 | cap=wip act=(320,360) d=4.23 a=1 | preview=view-/6 yaw=+0 render=39ms | sp=preview:active d=4.2 age=3 dtg=16.35 region=0_7
ep=610 s=98 4190ms [sel=3 cap=4056 rest=131] sg=3->3 mode=NONE win=8 obs=99 | cap=wip act=(320,360) d=3.98 a=1 | sp=preview:active d=4.0 age=4 dtg=16.10 region=0_7
ep=610 s=99 4736ms [sel=3 cap=4600 rest=132] sg=3->3 mode=NONE win=8 obs=100 | cap=wip act=(320,360) d=3.73 a=1 | sp=preview:active d=3.7 age=5 dtg=15.85 region=0_7
ep=610 s=100 10907ms [sel=4 cap=10246 rest=585] sg=3->3 mode=NONE win=8 obs=101 | cap=wip act=(320,360) d=3.48 a=1 | preview=view-/6 yaw=+0 render=71ms | sp=preview:active d=3.5 age=6 dtg=15.60 region=0_7
ep=610 s=101 4940ms [sel=3 cap=4796 rest=141] sg=3->3 mode=NONE win=8 obs=102 | cap=wip act=(320,360) d=3.23 a=1 | sp=preview:active d=3.2 age=7 dtg=15.35 region=0_7
ep=610 s=102 6056ms [sel=3 cap=5923 rest=130] sg=3->3 mode=NONE win=8 obs=103 | cap=wip act=(320,360) d=2.99 a=1 | sp=preview:active d=3.0 age=8 dtg=15.10 region=0_7
ep=610 s=103 7977ms [sel=3 cap=7392 rest=545] sg=3->3 mode=NONE win=8 obs=104 | cap=wip act=(320,360) d=2.74 a=1 | preview=view-/6 yaw=+0 render=37ms | sp=preview:active d=2.7 age=9 dtg=14.85 region=0_7
ep=610 s=104 5945ms [sel=3 cap=5813 rest=129] sg=3->3 mode=NONE win=8 obs=105 | cap=wip act=(320,360) d=2.49 a=1 | sp=preview:active d=2.5 age=10 dtg=14.60 region=0_7
ep=610 s=105 2951ms [sel=3 cap=2823 rest=125] sg=3->3 mode=NONE win=8 obs=106 | cap=wip act=(320,360) d=2.24 a=1 | sp=preview:active d=2.2 age=11 dtg=14.35 region=0_7
ep=610 s=106 10880ms [sel=677 cap=9634 rest=532] sg=3->3 mode=NONE win=8 obs=107 | cap=wip act=(320,360) d=2.87 a=1 | preview=view-/6 yaw=+0 render=38ms | sp=som:active d=2.9 age=0 som=3/8 dtg=14.10 region=0_7
ep=610 s=107 5871ms [sel=3 cap=5745 rest=123] sg=3->3 mode=NONE win=8 obs=108 | cap=wip act=(320,360) d=2.62 a=1 | sp=som:active d=2.6 age=1 dtg=13.85 region=0_7
ep=610 s=108 7024ms [sel=3 cap=6894 rest=127] sg=3->3 mode=NONE win=8 obs=109 | cap=wip act=(320,360) d=2.37 a=1 | sp=som:active d=2.4 age=2 dtg=13.60 region=0_7
ep=610 s=109 12108ms [sel=3 cap=11547 rest=520] sg=3->3 mode=NONE win=8 obs=110 | cap=wip act=(320,360) d=2.12 a=1 | preview=view-/6 yaw=+0 render=37ms | sp=som:active d=2.1 age=3 dtg=13.35 region=0_7
ep=610 s=110 15450ms [sel=3 cap=15324 rest=123] sg=3->3 mode=NONE win=8 obs=111 | cap=wip act=(320,360) d=1.87 a=1 | sp=som:active d=1.9 age=4 dtg=13.10 region=0_7
ep=610 s=111 6845ms [sel=3 cap=6723 rest=119] sg=3->3 mode=NONE win=8 obs=112 | cap=wip act=(320,360) d=1.62 a=1 | sp=som:active d=1.6 age=5 dtg=12.85 region=0_7
ep=610 s=112 15141ms [sel=3 cap=14582 rest=518] sg=3->3 mode=NONE win=8 obs=113 | cap=wip act=(320,360) d=1.37 a=1 | preview=view-/6 yaw=+0 render=38ms | sp=som:active d=1.4 age=6 dtg=12.60 region=0_7
ep=610 s=113 5826ms [sel=3 cap=5700 rest=122] sg=3->3 mode=NONE win=8 obs=114 | cap=wip act=(320,360) d=1.12 a=1 | sp=som:active d=1.1 age=7 dtg=12.35 region=0_7
ep=610 s=114 5458ms [sel=3 cap=5326 rest=129] sg=3->3 mode=NONE win=8 obs=115 | cap=wip act=(320,360) d=0.87 a=1 | sp=som:active d=0.9 age=8 dtg=12.10 region=0_7
ep=610 s=115 12810ms [sel=3 cap=12246 rest=521] sg=3->3 mode=NONE win=8 obs=116 | cap=wip act=(320,360) d=0.62 a=1 | preview=view-/6 yaw=+0 render=40ms | sp=som:active d=0.6 age=9 dtg=11.85 region=0_10
ep=610 s=116 8220ms [sel=657 cap=7431 rest=133] sg=3->3 mode=NONE win=8 obs=117 | cap=wip act=(320,360) d=2.97 a=1 | sp=som:active d=3.0 age=0 som=3/8 dtg=11.60 region=0_10
ep=610 s=117 6757ms [sel=3 cap=6620 rest=134] sg=3->3 mode=NONE win=8 obs=118 | cap=wip act=(320,360) d=2.72 a=1 | sp=som:active d=2.7 age=1 dtg=11.35 region=0_10
ep=610 s=118 14678ms [sel=3 cap=14047 rest=558] sg=3->3 mode=NONE win=8 obs=119 | cap=wip act=(320,360) d=2.47 a=1 | preview=view-/6 yaw=+0 render=70ms | sp=som:active d=2.5 age=2 dtg=11.10 region=0_10
ep=610 s=119 9098ms [sel=3 cap=8971 rest=124] sg=3->3 mode=NONE win=8 obs=120 | cap=wip act=(320,360) d=2.22 a=1 | sp=som:active d=2.2 age=3 dtg=10.85 region=0_8
ep=610 s=120 3983ms [sel=3 cap=3850 rest=130] sg=3->3 mode=NONE win=8 obs=121 | cap=wip act=(320,360) d=1.97 a=1 | sp=som:active d=2.0 age=4 dtg=10.60 region=0_8
ep=610 s=121 6125ms [sel=3 cap=5998 rest=124] sg=3->3 mode=NONE win=8 obs=122 | cap=wip act=(320,360) d=1.72 a=1 | sp=som:active d=1.7 age=5 dtg=10.35 region=0_8
ep=610 s=122 8059ms [sel=3 cap=7933 rest=124] sg=3->3 mode=NONE win=8 obs=123 | cap=wip act=(320,360) d=1.47 a=1 | sp=som:active d=1.5 age=6 dtg=10.10 region=0_8
ep=610 s=123 4165ms [sel=3 cap=4038 rest=124] sg=3->3 mode=NONE win=8 obs=124 | cap=wip act=(320,360) d=1.22 a=1 | sp=som:active d=1.2 age=7 dtg=9.85 region=0_8
ep=610 s=124 12785ms [sel=3 cap=12210 rest=533] sg=3->3 mode=NONE win=8 obs=125 | cap=wip act=(320,360) d=0.97 a=1 | preview=view-/6 yaw=+0 render=40ms | sp=som:active d=1.0 age=8 dtg=9.60 region=0_8
ep=610 s=125 5475ms [sel=3 cap=5310 rest=163] sg=3->3 mode=NONE win=8 obs=126 | cap=wip act=(320,360) d=0.72 a=1 | sp=som:active d=0.7 age=9 dtg=9.35 region=0_8
ep=610 s=126 10659ms [sel=59 cap=10466 rest=134] sg=3->3 mode=NONE win=8 obs=127 | cap=wip act=(320,360) d=4.15 a=2 | sp=frontier:active d=4.2 age=0 dtg=9.35 region=0_8
ep=610 s=127 9785ms [sel=3 cap=9228 rest=515] sg=3->3 mode=NONE win=8 obs=128 | cap=wip act=(320,360) d=4.15 a=1 | preview=view-/6 yaw=+0 render=39ms | sp=frontier:active d=4.2 age=1 dtg=9.11 region=0_8
ep=610 s=128 7090ms [sel=957 cap=6008 rest=125] sg=3->3 mode=NONE win=8 obs=129 | cap=wip act=(320,360) d=2.97 a=3 | sp=som:active d=3.0 age=0 som=4/8 dtg=9.11 region=0_8
ep=610 s=129 7604ms [sel=3 cap=7469 rest=132] sg=3->3 mode=NONE win=8 obs=130 | cap=wip act=(320,360) d=2.97 a=3 | sp=som:active d=3.0 age=1 dtg=9.11 region=0_8
ep=610 s=130 9378ms [sel=3 cap=8822 rest=516] sg=3->3 mode=NONE win=8 obs=131 | cap=wip act=(320,360) d=2.97 a=1 | preview=view-/6 yaw=+0 render=37ms | sp=som:active d=3.0 age=2 dtg=8.87 region=0_8
ep=610 s=131 6708ms [sel=4 cap=6580 rest=124] sg=3->3 mode=NONE win=8 obs=132 | cap=wip act=(320,360) d=2.72 a=3 | sp=som:active d=2.7 age=3 dtg=8.87 region=0_8
ep=610 s=132 5698ms [sel=4 cap=5563 rest=130] sg=3->3 mode=NONE win=8 obs=133 | cap=wip act=(320,360) d=2.72 a=1 | sp=som:active d=2.7 age=4 dtg=8.66 region=0_8
ep=610 s=133 9880ms [sel=3 cap=9291 rest=533] sg=3->3 mode=NONE win=8 obs=134 | cap=wip act=(320,360) d=2.47 a=2 | preview=view-/6 yaw=+0 render=53ms | sp=som:active d=2.5 age=5 dtg=8.66 region=0_8
ep=610 s=134 16388ms [sel=3 cap=16259 rest=126] sg=3->3 mode=NONE win=8 obs=135 | cap=wip act=(320,360) d=2.47 a=1 | sp=som:active d=2.5 age=6 dtg=8.42 region=0_8
ep=610 s=135 6338ms [sel=3 cap=6203 rest=132] sg=3->3 mode=NONE win=8 obs=136 | cap=wip act=(320,360) d=2.22 a=1 | sp=som:active d=2.2 age=7 dtg=8.18 region=0_8
ep=610 s=136 12566ms [sel=4 cap=12000 rest=522] sg=3->3 mode=NONE win=8 obs=137 | cap=wip act=(320,360) d=1.97 a=2 | preview=view-/6 yaw=+0 render=40ms | sp=som:active d=2.0 age=8 dtg=8.18 region=0_8
ep=610 s=137 9158ms [sel=3 cap=9002 rest=153] sg=3->3 mode=NONE win=8 obs=138 | cap=wip act=(320,360) d=1.97 a=1 | sp=som:active d=2.0 age=9 dtg=7.93 region=0_8
ep=610 s=138 6310ms [sel=3 cap=6158 rest=150] sg=3->3 mode=NONE win=8 obs=139 | cap=wip act=(320,360) d=1.74 a=1 | sp=som:active d=1.7 age=10 dtg=7.68 region=0_8
ep=610 s=139 14263ms [sel=3 cap=13688 rest=536] sg=3->3 mode=NONE win=8 obs=140 | cap=wip act=(320,360) d=1.50 a=3 | preview=view-/6 yaw=+0 render=37ms | sp=som:active d=1.5 age=11 dtg=7.68 region=0_8
ep=610 s=140 4406ms [sel=3 cap=4277 rest=126] sg=3->3 mode=NONE win=8 obs=141 | cap=wip act=(320,360) d=1.50 a=1 | sp=som:active d=1.5 age=12 dtg=7.44 region=0_8
ep=610 s=141 5910ms [sel=3 cap=5779 rest=128] sg=3->3 mode=NONE win=8 obs=142 | cap=wip act=(320,360) d=1.26 a=1 | sp=som:active d=1.3 age=13 dtg=7.21 region=0_8
ep=610 s=142 11565ms [sel=3 cap=10974 rest=551] sg=3->3 mode=NONE win=8 obs=143 | cap=wip act=(320,360) d=1.01 a=3 | preview=view-/6 yaw=+0 render=37ms | sp=som:active d=1.0 age=14 dtg=7.21 region=0_8
ep=610 s=143 6626ms [sel=3 cap=6494 rest=129] sg=3->3 mode=NONE win=8 obs=144 | cap=wip act=(320,360) d=1.01 a=1 | sp=som:active d=1.0 age=15 dtg=7.00 region=0_8
ep=610 s=144 4882ms [sel=3 cap=4744 rest=134] sg=3->3 mode=NONE win=8 obs=145 | cap=wip act=(320,360) d=0.76 a=1 | sp=som:active d=0.8 age=16 dtg=6.80 region=0_8
ep=610 s=145 11055ms [sel=3 cap=10471 rest=544] sg=3->3 mode=NONE win=8 obs=146 | cap=wip act=(320,360) d=0.51 a=1 | preview=view-/6 yaw=+0 render=37ms | sp=som:active d=0.5 age=17 dtg=6.60 region=0_8
ep=610 s=146 10700ms [sel=61 cap=10510 rest=130] sg=3->3 mode=NONE win=8 obs=147 | cap=wip act=(320,360) d=3.75 a=1 | sp=frontier:active d=3.8 age=0 dtg=6.41 region=0_8
ep=610 s=147 10606ms [sel=4 cap=10466 rest=136] sg=3->3 mode=NONE win=8 obs=148 | cap=wip act=(320,360) d=3.51 a=1 | sp=frontier:active d=3.5 age=1 dtg=6.22 region=0_8
ep=610 s=148 11862ms [sel=6 cap=11264 rest=555] sg=3->None mode=NONE win=8 obs=149 | cap=DONE act=(320,360) d=1.00 a=1 | preview=view-/6 yaw=+0 render=37ms | sp=frontier:active d=3.3 age=2 ovr=2 dtg=6.03 region=0_8
ep=610 s=149 133ms [sel=5 cap=0 rest=128] sg=None->None mode=NONE win=8 obs=150 | cap=- act=(320,360) d=1.00 a=1 | sp=frontier:active d=3.0 age=3 ovr=2 dtg=5.85 region=0_8
ep=610 s=150 134ms [sel=6 cap=0 rest=129] sg=None->None mode=NONE win=8 obs=151 | cap=- act=(320,360) d=1.00 a=1 | sp=frontier:active d=2.8 age=4 ovr=2 dtg=5.68 region=0_8
ep=610 s=151 127ms [sel=0 cap=0 rest=127] sg=None->None mode=NONE win=8 obs=152 | cap=- act=STOP | sp=frontier:active d=2.5 age=5 ovr=2 dtg=5.68 region=0_8
rank=0 [7/17] id=610 steps=152 success=0.000 spl=0.000 dtg=5.68 osr=0 path_length=29.82 ndtw=0.002 sdtw=0.000
PluginManager::Manager: duplicate static plugin StbImageImporter, ignoring
PluginManager::Manager: duplicate static plugin GltfImporter, ignoring
PluginManager::Manager: duplicate static plugin BasisImporter, ignoring
PluginManager::Manager: duplicate static plugin AssimpImporter, ignoring
PluginManager::Manager: duplicate static plugin AnySceneImporter, ignoring
PluginManager::Manager: duplicate static plugin AnyImageImporter, ignoring
episode=653 instruction='Out of the room. Right, down the hall. Along the staircase. Through the bedroom door straight ahead. Halt inside.' start_position=[0.3905259966850281, 3.2642593383789062, 8.821249961853027] goal_position=[-0.3361319899559021, 3.2642593383789062, 2.5736498832702637] reference_geodesic=8.44093132019043
episode=653 prepared_subgoals=6
  [1] Exit the room
      proof: The camera has passed the room's threshold and the hallway is central in the view.
  [2] Turn right at the hallway junction, then walk down the hallway
      proof: The hallway ends at the staircase and the staircase is directly ahead, within a step.
  [3] Go up the staircase
      proof: The camera has passed the staircase: it is behind or below the camera and the space beyond it fills the view; the camera has not yet turned right.
  [4] Turn right at the top of the stairs, then enter the bedroom
      proof: The camera has crossed the bedroom threshold and the bedroom interior is central in the view.
  [5] Walk straight ahead into the bedroom
      proof: The destination point is beside or directly ahead of the camera, within a step.
  [6] Halt inside
      proof: The camera has stopped beside the destination point and the surrounding bedroom is central in the view
ep=653 s=0 8920ms [sel=3658 cap=4804 rest=422] sg=1->1 mode=NONE win=1 obs=1 | cap=wip act=(320,360) d=1.15 a=2 | preview=view-/6 yaw=+0 render=36ms | sp=frontier:active d=1.2 age=0 som=4/6 dtg=8.44 region=1_3
ep=653 s=1 5378ms [sel=3 cap=5291 rest=85] sg=1->1 mode=NONE win=2 obs=2 | cap=wip act=(320,360) d=1.15 a=2 | sp=frontier:active d=1.2 age=1 dtg=8.44 region=1_3
ep=653 s=2 6444ms [sel=3 cap=6357 rest=84] sg=1->1 mode=GET_NOWHERE win=3 obs=3 | cap=wip/GET_NOWHERE act=(320,360) d=1.15 a=1 | sp=frontier:active d=1.2 age=2 dtg=8.20 region=1_3
ep=653 s=3 7292ms [sel=3 cap=7208 rest=81] sg=1->1 mode=NONE win=4 obs=4 | cap=wip act=(320,360) d=0.90 a=1 | sp=frontier:active d=0.9 age=3 dtg=7.95 region=1_3
ep=653 s=4 4795ms [sel=3 cap=4709 rest=82] sg=1->1 mode=NONE win=5 obs=5 | cap=wip act=(320,360) d=0.65 a=1 | sp=frontier:active d=0.7 age=4 dtg=7.71 region=0_17
ep=653 s=5 2504ms [sel=0 cap=2417 rest=87] sg=1->2 mode=NONE win=6 obs=6 | cap=DONE act=TURN request=+45deg execute=+15deg x1 a=3 | sp=frontier:reached d=0.4 age=5 dtg=7.71 region=0_17
ep=653 s=6 3169ms [sel=0 cap=3086 rest=83] sg=2->2 mode=NONE win=7 obs=7 | cap=wip act=TURN request=+45deg execute=+15deg x1 a=3 dtg=7.71 region=0_17
ep=653 s=7 4147ms [sel=0 cap=4064 rest=83] sg=2->2 mode=NONE win=8 obs=8 | cap=wip act=TURN request=+45deg execute=+15deg x1 a=3 dtg=7.71 region=0_17
ep=653 s=8 5474ms [sel=0 cap=5395 rest=80] sg=2->2 mode=NONE win=8 obs=9 | cap=wip act=TURN request=+45deg execute=+15deg x1 a=3 dtg=7.71 region=0_17
ep=653 s=9 3759ms [sel=1027 cap=2653 rest=80] sg=2->2 mode=NONE win=8 obs=10 | cap=wip act=TURN request=-45deg execute=-15deg x1 a=2 som=2/4 dtg=7.71 region=0_17
ep=653 s=10 7249ms [sel=0 cap=7145 rest=104] sg=2->2 mode=NONE win=8 obs=11 | cap=wip act=TURN request=-45deg execute=-15deg x1 a=2 dtg=7.71 region=0_17
ep=653 s=11 4593ms [sel=0 cap=4180 rest=371] sg=2->2 mode=NONE win=8 obs=12 | cap=wip act=TURN request=-45deg execute=-15deg x1 a=2 | preview=view-/6 yaw=+0 render=42ms dtg=7.71 region=0_17
ep=653 s=12 3610ms [sel=1142 cap=2387 rest=81] sg=2->2 mode=NONE win=8 obs=13 | cap=wip act=(320,360) d=3.02 a=2 | sp=som:active d=3.0 age=0 som=3/7 dtg=7.71 region=0_17
ep=653 s=13 2110ms [sel=14 cap=2009 rest=87] sg=2->2 mode=NONE win=8 obs=14 | cap=wip act=(320,360) d=3.02 a=1 | sp=som:active d=3.0 age=1 dtg=7.47 region=0_17
ep=653 s=14 4857ms [sel=22 cap=4411 rest=386] sg=2->2 mode=NONE win=8 obs=15 | cap=wip act=(160,180) d=1.95 a=1 | preview=view4/6 yaw=+75 render=38ms | sp=preview:active d=1.9 age=0 dtg=7.24 region=0_17
ep=653 s=15 2088ms [sel=6 cap=2001 rest=81] sg=2->2 mode=NONE win=8 obs=16 | cap=wip act=(320,360) d=1.72 a=3 | sp=preview:active d=1.7 age=1 dtg=7.24 region=0_17
ep=653 s=16 1904ms [sel=6 cap=1814 rest=84] sg=2->2 mode=NONE win=8 obs=17 | cap=wip act=(320,360) d=1.72 a=1 | sp=preview:active d=1.7 age=2 dtg=7.00 region=0_17
ep=653 s=17 4485ms [sel=6 cap=4398 rest=82] sg=2->2 mode=NONE win=8 obs=18 | cap=wip act=(320,360) d=1.48 a=1 | sp=preview:active d=1.5 age=3 dtg=6.76 region=0_17
ep=653 s=18 5515ms [sel=3 cap=5425 rest=87] sg=2->2 mode=NONE win=8 obs=19 | cap=wip act=(320,360) d=1.25 a=1 | sp=preview:active d=1.2 age=4 dtg=6.53 region=0_22
ep=653 s=19 5690ms [sel=32 cap=5240 rest=382] sg=2->2 mode=NONE win=8 obs=20 | cap=wip act=(160,180) d=3.09 a=1 | preview=view3/6 yaw=+0 render=36ms | sp=preview:active d=3.1 age=0 dtg=6.36 region=0_22
ep=653 s=20 5165ms [sel=13 cap=5068 rest=84] sg=2->2 mode=NONE win=8 obs=21 | cap=wip act=(320,360) d=2.91 a=3 | sp=preview:active d=2.9 age=1 dtg=6.36 region=0_22
ep=653 s=21 3324ms [sel=10 cap=3214 rest=101] sg=2->2 mode=NONE win=8 obs=22 | cap=wip act=(320,360) d=2.91 a=1 | sp=preview:active d=2.9 age=2 dtg=6.23 region=0_22
ep=653 s=22 5922ms [sel=18 cap=5431 rest=438] sg=2->2 mode=NONE win=8 obs=23 | cap=wip act=(160,180) d=2.71 a=3 | preview=view4/6 yaw=+75 render=36ms | sp=preview:active d=2.7 age=3 dtg=6.23 region=0_22
ep=653 s=23 4479ms [sel=3 cap=4380 rest=96] sg=2->2 mode=NONE win=8 obs=24 | cap=wip act=(320,360) d=2.71 a=3 | sp=preview:active d=2.7 age=4 dtg=6.23 region=0_22
ep=653 s=24 2580ms [sel=3 cap=2481 rest=95] sg=2->2 mode=NONE win=8 obs=25 | cap=wip act=(320,360) d=2.71 a=1 | sp=preview:active d=2.7 age=5 dtg=6.03 region=0_23
ep=653 s=25 4234ms [sel=3 cap=4136 rest=95] sg=2->2 mode=NONE win=8 obs=26 | cap=wip act=(320,360) d=2.46 a=1 | sp=preview:active d=2.5 age=6 dtg=5.84 region=0_23
ep=653 s=26 3730ms [sel=3 cap=3643 rest=85] sg=2->2 mode=NONE win=8 obs=27 | cap=wip act=(320,360) d=2.21 a=1 | sp=preview:active d=2.2 age=7 dtg=5.65 region=0_23
ep=653 s=27 3656ms [sel=4 cap=3573 rest=80] sg=2->2 mode=NONE win=8 obs=28 | cap=wip act=(320,360) d=1.96 a=3 | sp=preview:active d=2.0 age=8 dtg=5.65 region=0_23
ep=653 s=28 4060ms [sel=3 cap=3972 rest=86] sg=2->2 mode=NONE win=8 obs=29 | cap=wip act=(320,360) d=1.96 a=1 | sp=preview:active d=2.0 age=9 dtg=5.44 region=0_23
ep=653 s=29 6218ms [sel=2040 cap=4090 rest=88] sg=2->3 mode=NONE win=8 obs=30 | cap=DONE act=(320,360) d=2.98 a=3 | sp=som:active d=3.0 age=0 som=2/8 dtg=5.44 region=0_23
ep=653 s=30 3863ms [sel=3 cap=3773 rest=87] sg=3->3 mode=NONE win=8 obs=31 | cap=wip act=(320,360) d=2.98 a=1 | sp=som:active d=3.0 age=1 dtg=5.20 region=0_23
ep=653 s=31 3497ms [sel=3 cap=3404 rest=90] sg=3->3 mode=NONE win=8 obs=32 | cap=wip act=(320,360) d=2.73 a=1 | sp=som:active d=2.7 age=2 dtg=4.97 region=0_23
ep=653 s=32 2761ms [sel=3 cap=2666 rest=92] sg=3->3 mode=NONE win=8 obs=33 | cap=wip act=(320,360) d=2.48 a=1 | sp=som:active d=2.5 age=3 dtg=4.74 region=0_24
ep=653 s=33 3639ms [sel=0 cap=3543 rest=96] sg=3->4 mode=NONE win=8 obs=34 | cap=DONE act=TURN request=+45deg execute=+15deg x1 a=3 | sp=som:active d=2.2 age=4 door_evts=1 dtg=4.74 region=0_24
ep=653 s=34 3699ms [sel=0 cap=3597 rest=102] sg=4->4 mode=NONE win=8 obs=35 | cap=wip act=TURN request=+45deg execute=+15deg x1 a=3 | sp=- door_evts=1 dtg=4.74 region=0_24
ep=653 s=35 3016ms [sel=0 cap=2919 rest=97] sg=4->4 mode=NONE win=8 obs=36 | cap=wip act=TURN request=+45deg execute=+15deg x1 a=3 | sp=- door_evts=1 dtg=4.74 region=0_24
ep=653 s=36 3223ms [sel=0 cap=3126 rest=97] sg=4->4 mode=NONE win=8 obs=37 | cap=wip act=TURN request=+45deg execute=+15deg x1 a=3 | sp=- door_evts=1 dtg=4.74 region=0_24
ep=653 s=37 4121ms [sel=0 cap=4022 rest=100] sg=4->4 mode=NONE win=8 obs=38 | cap=wip act=TURN request=+45deg execute=+15deg x1 a=3 | sp=- door_evts=1 dtg=4.74 region=0_24
ep=653 s=38 5691ms [sel=33 cap=5149 rest=471] sg=4->4 mode=NONE win=8 obs=39 | cap=wip act=(160,180) d=2.76 a=2 | preview=view2/6 yaw=-15 render=38ms | sp=preview:active d=2.8 age=0 dtg=4.74 region=0_24
ep=653 s=39 5330ms [sel=8 cap=5225 rest=97] sg=4->4 mode=NONE win=8 obs=40 | cap=wip act=(320,360) d=2.76 a=2 | sp=preview:active d=2.8 age=1 dtg=4.74 region=0_24
ep=653 s=40 2687ms [sel=3 cap=2587 rest=97] sg=4->4 mode=NONE win=8 obs=41 | cap=wip act=(320,360) d=2.76 a=1 | sp=preview:active d=2.8 age=2 dtg=4.50 region=0_24
ep=653 s=41 3066ms [sel=3 cap=2965 rest=98] sg=4->4 mode=NONE win=8 obs=42 | cap=wip act=(320,360) d=2.52 a=2 | sp=preview:active d=2.5 age=3 dtg=4.50 region=0_24
ep=653 s=42 4036ms [sel=3 cap=3934 rest=99] sg=4->4 mode=NONE win=8 obs=43 | cap=wip act=(320,360) d=2.52 a=1 | sp=preview:active d=2.5 age=4 dtg=4.26 region=0_24
ep=653 s=43 3362ms [sel=3 cap=3260 rest=99] sg=4->4 mode=NONE win=8 obs=44 | cap=wip act=(320,360) d=2.27 a=2 | sp=preview:active d=2.3 age=5 dtg=4.26 region=0_24
ep=653 s=44 5150ms [sel=3 cap=5050 rest=97] sg=4->4 mode=NONE win=8 obs=45 | cap=wip act=(320,360) d=2.27 a=1 | sp=preview:active d=2.3 age=6 dtg=4.01 region=0_24
ep=653 s=45 4443ms [sel=3 cap=4343 rest=97] sg=4->4 mode=NONE win=8 obs=46 | cap=wip act=(320,360) d=2.03 a=1 | sp=preview:active d=2.0 age=7 dtg=3.76 region=0_24
ep=653 s=46 4238ms [sel=3 cap=4137 rest=98] sg=4->4 mode=NONE win=8 obs=47 | cap=wip act=(320,360) d=1.79 a=2 | sp=preview:active d=1.8 age=8 dtg=3.76 region=0_24
ep=653 s=47 6952ms [sel=7 cap=6405 rest=498] sg=4->4 mode=NONE win=8 obs=48 | cap=wip act=(160,180) d=1.79 a=1 | preview=view1/6 yaw=-75 render=41ms | sp=preview:active d=1.8 age=9 dtg=3.54 region=0_24
ep=653 s=48 4120ms [sel=3 cap=4019 rest=98] sg=4->4 mode=NONE win=8 obs=49 | cap=wip act=(320,360) d=1.58 a=1 | sp=preview:active d=1.6 age=10 dtg=3.32 region=0_24
ep=653 s=49 4694ms [sel=4 cap=4600 rest=90] sg=4->4 mode=NONE win=8 obs=50 | cap=wip act=(320,360) d=1.38 a=3 | sp=preview:active d=1.4 age=11 dtg=3.32 region=0_24
ep=653 s=50 4918ms [sel=4 cap=4818 rest=96] sg=4->4 mode=NONE win=8 obs=51 | cap=wip act=(320,360) d=1.38 a=1 | sp=preview:active d=1.4 age=12 dtg=3.08 region=0_24
ep=653 s=51 5997ms [sel=3 cap=5899 rest=95] sg=4->4 mode=NONE win=8 obs=52 | cap=wip act=(320,360) d=1.16 a=3 | sp=preview:active d=1.2 age=13 dtg=3.08 region=0_24
ep=653 s=52 7130ms [sel=830 cap=6209 rest=91] sg=4->5 mode=NONE win=8 obs=53 | cap=DONE act=(320,360) d=3.10 a=3 | sp=som:active d=3.1 age=0 som=3/7 dtg=3.08 region=0_24
ep=653 s=53 3746ms [sel=3 cap=3649 rest=94] sg=5->5 mode=NONE win=8 obs=54 | cap=wip act=(320,360) d=3.10 a=1 | sp=som:active d=3.1 age=1 dtg=2.84 region=0_24
ep=653 s=54 4898ms [sel=3 cap=4801 rest=94] sg=5->5 mode=NONE win=8 obs=55 | cap=wip act=(320,360) d=2.86 a=1 | sp=som:active d=2.9 age=2 dtg=2.60 region=0_24
ep=653 s=55 7010ms [sel=3 cap=6915 rest=93] sg=5->5 mode=NONE win=8 obs=56 | cap=wip act=(320,360) d=2.61 a=1 | sp=som:active d=2.6 age=3 dtg=2.36 region=0_24
ep=653 s=56 3264ms [sel=3 cap=3169 rest=92] sg=5->5 mode=NONE win=8 obs=57 | cap=wip act=(320,360) d=2.36 a=1 | sp=som:active d=2.4 age=4 dtg=2.12 region=0_24
ep=653 s=57 6812ms [sel=3 cap=6714 rest=96] sg=5->5 mode=NONE win=8 obs=58 | cap=wip act=(320,360) d=2.12 a=1 | sp=som:active d=2.1 age=5 dtg=1.88 region=0_24
ep=653 s=58 7179ms [sel=1634 cap=5450 rest=94] sg=5->6 mode=NONE win=8 obs=59 | cap=DONE act=(320,360) d=1.53 a=3 | sp=som:active d=1.5 age=0 som=5/8 dtg=1.88 region=0_24
ep=653 s=59 4389ms [sel=3 cap=4293 rest=93] sg=6->6 mode=NONE win=8 obs=60 | cap=wip act=(320,360) d=1.53 a=1 | sp=som:active d=1.5 age=1 dtg=1.69 region=0_24
ep=653 s=60 10256ms [sel=4 cap=9736 rest=480] sg=6->6 mode=NONE win=8 obs=61 | cap=wip act=(320,360) d=1.29 a=1 | preview=view-/6 yaw=+0 render=36ms | sp=som:active d=1.3 age=2 dtg=1.51 region=0_24
ep=653 s=61 3579ms [sel=3 cap=3490 rest=86] sg=6->6 mode=NONE win=8 obs=62 | cap=wip act=(320,360) d=1.05 a=3 | sp=som:active d=1.0 age=3 dtg=1.51 region=0_24
ep=653 s=62 4870ms [sel=3 cap=4782 rest=85] sg=6->6 mode=NONE win=8 obs=63 | cap=wip act=(320,360) d=1.05 a=1 | sp=som:active d=1.0 age=4 dtg=1.41 region=0_24
ep=653 s=63 6162ms [sel=1053 cap=4623 rest=450] sg=6->None mode=NONE win=8 obs=64 | cap=DONE act=STOP | preview=view-/6 yaw=+0 render=36ms | sp=som:active d=0.8 age=5 door_evts=1 dtg=1.41 region=0_24
rank=0 [8/17] id=653 steps=64 success=1.000 spl=1.000 dtg=1.41 osr=1 path_length=8.00 ndtw=0.904 sdtw=0.904
PluginManager::Manager: duplicate static plugin StbImageImporter, ignoring
PluginManager::Manager: duplicate static plugin GltfImporter, ignoring
PluginManager::Manager: duplicate static plugin BasisImporter, ignoring
PluginManager::Manager: duplicate static plugin AssimpImporter, ignoring
PluginManager::Manager: duplicate static plugin AnySceneImporter, ignoring
PluginManager::Manager: duplicate static plugin AnyImageImporter, ignoring
episode=773 instruction='Straight on to a large door on your left with two large black vases on each side. Wait.' start_position=[10.679300308227539, 0.018061161041259766, 8.551050186157227] goal_position=[4.631959915161133, 0.018061161041259766, 8.365900039672852] reference_geodesic=6.050173759460449
episode=773 prepared_subgoals=2
  [1] Walk straight to the large door on the left
      proof: The large door is directly ahead and within a step, with two large black vases visible on each side.
  [2] Stop beside the door
      proof: The camera is stationary beside the door, with the vases clearly visible on both sides
ep=773 s=0 4525ms [sel=21 cap=3987 rest=474] sg=1->1 mode=NONE win=1 obs=1 | cap=wip act=(160,180) d=3.25 a=1 | preview=view2/6 yaw=+0 render=42ms | sp=preview:active d=3.3 age=0 dtg=5.80 region=1_9
ep=773 s=1 2491ms [sel=3 cap=2365 rest=123] sg=1->1 mode=NONE win=2 obs=2 | cap=wip act=(320,360) d=3.00 a=1 | sp=preview:active d=3.0 age=1 dtg=5.55 region=1_9
ep=773 s=2 4001ms [sel=3 cap=3875 rest=123] sg=1->1 mode=NONE win=3 obs=3 | cap=wip act=(320,360) d=2.75 a=1 | sp=preview:active d=2.8 age=2 dtg=5.30 region=1_9
ep=773 s=3 5074ms [sel=3 cap=4946 rest=125] sg=1->1 mode=NONE win=4 obs=4 | cap=wip act=(320,360) d=2.50 a=1 | sp=preview:active d=2.5 age=3 dtg=5.05 region=1_9
ep=773 s=4 2938ms [sel=3 cap=2778 rest=157] sg=1->1 mode=NONE win=5 obs=5 | cap=wip act=(320,360) d=2.25 a=1 | sp=preview:active d=2.3 age=4 dtg=4.80 region=1_9
ep=773 s=5 5027ms [sel=3 cap=4867 rest=157] sg=1->1 mode=NONE win=6 obs=6 | cap=wip act=(320,360) d=2.00 a=1 | sp=preview:active d=2.0 age=5 dtg=4.55 region=1_9
ep=773 s=6 3304ms [sel=3 cap=3182 rest=120] sg=1->1 mode=NONE win=7 obs=7 | cap=wip act=(320,360) d=1.75 a=1 | sp=preview:active d=1.8 age=6 dtg=4.30 region=1_9
ep=773 s=7 6097ms [sel=3 cap=5971 rest=123] sg=1->1 mode=NONE win=8 obs=8 | cap=wip act=(320,360) d=1.50 a=1 | sp=preview:active d=1.5 age=7 dtg=4.05 region=1_9
ep=773 s=8 3446ms [sel=3 cap=3320 rest=123] sg=1->1 mode=NONE win=8 obs=9 | cap=wip act=(320,360) d=1.25 a=1 | sp=preview:active d=1.3 age=8 dtg=3.80 region=1_9
ep=773 s=9 3351ms [sel=3 cap=3226 rest=122] sg=1->1 mode=NONE win=8 obs=10 | cap=wip act=(320,360) d=1.00 a=1 | sp=preview:active d=1.0 age=9 dtg=3.55 region=1_9
ep=773 s=10 5804ms [sel=3 cap=5236 rest=528] sg=1->1 mode=NONE win=8 obs=11 | cap=wip act=(320,360) d=0.75 a=1 | preview=view-/6 yaw=+0 render=38ms | sp=preview:active d=0.8 age=10 dtg=3.30 region=1_9
ep=773 s=11 4837ms [sel=3 cap=4710 rest=124] sg=1->1 mode=NONE win=8 obs=12 | cap=wip act=(320,360) d=0.50 a=1 | sp=preview:active d=0.5 age=11 dtg=3.05 region=1_9
ep=773 s=12 5771ms [sel=2884 cap=2763 rest=124] sg=1->1 mode=NONE win=8 obs=13 | cap=wip act=(320,360) d=2.95 a=1 | sp=som:active d=3.0 age=0 som=3/8 dtg=2.80 region=1_9
ep=773 s=13 3246ms [sel=3 cap=3119 rest=124] sg=1->1 mode=NONE win=8 obs=14 | cap=wip act=(320,360) d=2.70 a=1 | sp=som:active d=2.7 age=1 dtg=2.55 region=1_9
ep=773 s=14 5555ms [sel=2360 cap=3072 rest=123] sg=1->2 mode=NONE win=8 obs=15 | cap=DONE act=(320,360) d=2.95 a=1 | sp=som:active d=3.0 age=0 som=2/8 dtg=2.30 region=1_9
ep=773 s=15 4934ms [sel=3 cap=4809 rest=122] sg=2->2 mode=NONE win=8 obs=16 | cap=wip act=(320,360) d=2.70 a=1 | sp=som:active d=2.7 age=1 dtg=2.06 region=1_9
ep=773 s=16 4233ms [sel=3 cap=4104 rest=126] sg=2->2 mode=NONE win=8 obs=17 | cap=wip act=(320,360) d=2.45 a=1 | sp=som:active d=2.5 age=2 dtg=1.81 region=1_9
ep=773 s=17 10144ms [sel=3 cap=9575 rest=529] sg=2->2 mode=NONE win=8 obs=18 | cap=wip act=(320,360) d=2.20 a=1 | preview=view-/6 yaw=+0 render=37ms | sp=som:active d=2.2 age=3 dtg=1.56 region=1_9
ep=773 s=18 4575ms [sel=3 cap=4440 rest=132] sg=2->2 mode=NONE win=8 obs=19 | cap=wip act=(320,360) d=1.95 a=1 | sp=som:active d=2.0 age=4 dtg=1.31 region=1_9
ep=773 s=19 4283ms [sel=3 cap=4159 rest=122] sg=2->2 mode=NONE win=8 obs=20 | cap=wip act=(320,360) d=1.70 a=1 | sp=som:active d=1.7 age=5 dtg=1.06 region=1_9
ep=773 s=20 11552ms [sel=3 cap=10982 rest=529] sg=2->2 mode=NONE win=8 obs=21 | cap=wip act=(320,360) d=1.45 a=1 | preview=view-/6 yaw=+0 render=38ms | sp=som:active d=1.5 age=6 dtg=0.82 region=1_9
ep=773 s=21 4183ms [sel=3 cap=4057 rest=123] sg=2->2 mode=NONE win=8 obs=22 | cap=wip act=(320,360) d=1.20 a=1 | sp=som:active d=1.2 age=7 dtg=0.58 region=1_9
ep=773 s=22 6151ms [sel=3 cap=6026 rest=122] sg=2->2 mode=NONE win=8 obs=23 | cap=wip act=(320,360) d=0.95 a=1 | sp=som:active d=1.0 age=8 dtg=0.35 region=1_9
ep=773 s=23 6429ms [sel=422 cap=5446 rest=521] sg=2->None mode=NONE win=8 obs=24 | cap=DONE act=(320,360) d=1.00 a=1 | preview=view-/6 yaw=+0 render=40ms | sp=som:active d=0.7 age=9 dtg=0.19 region=1_9
ep=773 s=24 127ms [sel=4 cap=0 rest=122] sg=None->None mode=NONE win=8 obs=25 | cap=- act=(320,360) d=1.00 a=1 | sp=som:reached d=0.5 age=10 dtg=0.27 region=1_9
ep=773 s=25 128ms [sel=4 cap=0 rest=124] sg=None->None mode=NONE win=8 obs=26 | cap=- act=(320,360) d=1.00 a=1 | sp=som:reached d=0.5 age=11 dtg=0.49 region=1_9
ep=773 s=26 124ms [sel=0 cap=0 rest=124] sg=None->None mode=NONE win=8 obs=27 | cap=- act=STOP | sp=som:reached d=0.5 age=12 dtg=0.49 region=1_9
rank=0 [9/17] id=773 steps=27 success=1.000 spl=0.929 dtg=0.49 osr=1 path_length=6.51 ndtw=0.931 sdtw=0.931
PluginManager::Manager: duplicate static plugin StbImageImporter, ignoring
PluginManager::Manager: duplicate static plugin GltfImporter, ignoring
PluginManager::Manager: duplicate static plugin BasisImporter, ignoring
PluginManager::Manager: duplicate static plugin AssimpImporter, ignoring
PluginManager::Manager: duplicate static plugin AnySceneImporter, ignoring
PluginManager::Manager: duplicate static plugin AnyImageImporter, ignoring
episode=1017 instruction='Straight past the oven. Left, through the doorway. Into the doorway to the right of the painting. Wait.' start_position=[7.576839923858643, 0.17162801325321198, -2.444770097732544] goal_position=[15.068599700927734, 0.17162801325321198, -4.4848198890686035] reference_geodesic=8.0562105178833
episode=1017 prepared_subgoals=4
  [1] Walk straight past the oven
      proof: The oven is beside or directly ahead of the camera, within a step; the camera has not yet turned left.
  [2] Turn left at the oven, then walk through the doorway
      proof: The camera has crossed the threshold and the room beyond is central in the view.
  [3] Enter the doorway to the right of the painting
      proof: The camera has crossed the threshold and the interior of the new room is central in the view.
  [4] Hold at the visually specified route endpoint: The camera is stationary beside the destination landmark and the view is static
      proof: The camera is stationary beside the destination landmark and the view is static
ep=1017 s=0 4537ms [sel=5 cap=4034 rest=461] sg=1->1 mode=NONE win=1 obs=1 | cap=wip act=PREVIEW a=2 | preview=view0/6 yaw=-90 render=36ms dtg=8.06 region=0_10
ep=1017 s=1 4617ms [sel=1337 cap=3162 rest=118] sg=1->1 mode=NONE win=2 obs=2 | cap=wip act=(320,360) d=1.15 a=3 | sp=som:active d=1.2 age=0 som=2/4 dtg=8.06 region=0_10
ep=1017 s=2 2799ms [sel=8 cap=2659 rest=132] sg=1->1 mode=IN_PLACE_SPIN win=3 obs=3 | cap=wip/IN_PLACE_SPIN act=(320,360) d=1.15 a=3 | sp=som:active d=1.2 age=1 dtg=8.06 region=0_10
ep=1017 s=3 5745ms [sel=6 cap=5625 rest=115] sg=1->1 mode=NONE win=4 obs=4 | cap=wip act=(320,360) d=1.15 a=3 | sp=som:active d=1.2 age=2 dtg=8.06 region=0_10
ep=1017 s=4 4202ms [sel=4 cap=4088 rest=111] sg=1->1 mode=IN_PLACE_SPIN win=5 obs=5 | cap=wip/IN_PLACE_SPIN act=(320,360) d=1.15 a=3 | sp=som:active d=1.2 age=3 dtg=8.06 region=0_10
ep=1017 s=5 4134ms [sel=3 cap=4021 rest=111] sg=1->1 mode=IN_PLACE_SPIN win=6 obs=6 | cap=wip/IN_PLACE_SPIN act=(320,360) d=1.15 a=3 | sp=som:active d=1.2 age=4 dtg=8.06 region=0_10
ep=1017 s=6 3599ms [sel=3 cap=3494 rest=102] sg=1->1 mode=NONE win=7 obs=7 | cap=wip act=(320,360) d=1.15 a=1 | sp=som:active d=1.2 age=5 dtg=7.81 region=0_10
ep=1017 s=7 3703ms [sel=3 cap=3597 rest=103] sg=1->1 mode=NONE win=8 obs=8 | cap=wip act=(320,360) d=0.90 a=1 | sp=som:active d=0.9 age=6 dtg=7.56 region=0_10
ep=1017 s=8 3407ms [sel=3 cap=3299 rest=105] sg=1->1 mode=NONE win=8 obs=9 | cap=wip act=(320,360) d=0.65 a=1 | sp=som:active d=0.7 age=7 dtg=7.31 region=0_10
ep=1017 s=9 4988ms [sel=1714 cap=3171 rest=103] sg=1->1 mode=NONE win=8 obs=10 | cap=wip act=(320,360) d=3.00 a=1 | sp=som:active d=3.0 age=0 som=2/7 dtg=7.06 region=0_10
ep=1017 s=10 3074ms [sel=3 cap=2967 rest=103] sg=1->1 mode=NONE win=8 obs=11 | cap=wip act=(320,360) d=2.75 a=1 | sp=som:active d=2.8 age=1 dtg=6.81 region=0_10
ep=1017 s=11 3402ms [sel=3 cap=3295 rest=103] sg=1->1 mode=NONE win=8 obs=12 | cap=wip act=(320,360) d=2.50 a=1 | sp=som:active d=2.5 age=2 dtg=6.56 region=0_10
ep=1017 s=12 5098ms [sel=3 cap=4993 rest=102] sg=1->1 mode=NONE win=8 obs=13 | cap=wip act=(320,360) d=2.25 a=1 | sp=som:active d=2.3 age=3 dtg=6.32 region=0_10
ep=1017 s=13 5710ms [sel=3 cap=5603 rest=104] sg=1->1 mode=NONE win=8 obs=14 | cap=wip act=(320,360) d=2.00 a=1 | sp=som:active d=2.0 age=4 dtg=6.07 region=0_10
ep=1017 s=14 4224ms [sel=3 cap=4119 rest=102] sg=1->1 mode=NONE win=8 obs=15 | cap=wip act=(320,360) d=1.75 a=1 | sp=som:active d=1.8 age=5 dtg=5.82 region=0_10
ep=1017 s=15 5564ms [sel=3 cap=5460 rest=101] sg=1->1 mode=NONE win=8 obs=16 | cap=wip act=(320,360) d=1.50 a=1 | sp=som:active d=1.5 age=6 dtg=5.58 region=0_10
ep=1017 s=16 5636ms [sel=3 cap=5529 rest=104] sg=1->1 mode=NONE win=8 obs=17 | cap=wip act=(320,360) d=1.25 a=1 | sp=som:active d=1.3 age=7 dtg=5.33 region=0_10
ep=1017 s=17 2789ms [sel=3 cap=2684 rest=102] sg=1->1 mode=NONE win=8 obs=18 | cap=wip act=(320,360) d=1.00 a=1 | sp=som:active d=1.0 age=8 dtg=5.09 region=0_10
ep=1017 s=18 5886ms [sel=3 cap=5783 rest=100] sg=1->1 mode=NONE win=8 obs=19 | cap=wip act=(320,360) d=0.75 a=1 | sp=som:active d=0.8 age=9 dtg=4.85 region=0_19
ep=1017 s=19 3554ms [sel=3 cap=3451 rest=100] sg=1->1 mode=NONE win=8 obs=20 | cap=wip act=(320,360) d=0.50 a=1 | sp=som:active d=0.5 age=10 dtg=4.61 region=0_19
ep=1017 s=20 5218ms [sel=1290 cap=3829 rest=99] sg=1->1 mode=NONE win=8 obs=21 | cap=wip act=(320,360) d=2.97 a=1 | sp=som:active d=3.0 age=0 som=2/8 dtg=4.39 region=0_19
ep=1017 s=21 5579ms [sel=3 cap=5478 rest=98] sg=1->1 mode=NONE win=8 obs=22 | cap=wip act=(320,360) d=2.72 a=3 | sp=som:active d=2.7 age=1 dtg=4.39 region=0_19
ep=1017 s=22 4345ms [sel=3 cap=4234 rest=107] sg=1->1 mode=NONE win=8 obs=23 | cap=wip act=(320,360) d=2.72 a=1 | sp=som:active d=2.7 age=2 dtg=4.25 region=0_19
ep=1017 s=23 3767ms [sel=3 cap=3667 rest=98] sg=1->1 mode=NONE win=8 obs=24 | cap=wip act=(320,360) d=2.48 a=1 | sp=som:active d=2.5 age=3 dtg=4.15 region=0_19
ep=1017 s=24 3590ms [sel=4 cap=3487 rest=100] sg=1->1 mode=NONE win=8 obs=25 | cap=wip act=(320,360) d=2.23 a=1 | sp=som:active d=2.2 age=4 dtg=4.07 region=0_19
ep=1017 s=25 6174ms [sel=3 cap=6060 rest=110] sg=1->1 mode=NONE win=8 obs=26 | cap=wip act=(320,360) d=1.98 a=1 | sp=som:active d=2.0 age=5 dtg=4.03 region=0_19
ep=1017 s=26 10610ms [sel=10 cap=10038 rest=525] sg=1->1 mode=NONE win=8 obs=27 | cap=wip act=(160,180) d=1.74 a=1 | preview=view3/6 yaw=+0 render=37ms | sp=som:active d=1.7 age=6 dtg=4.02 region=0_19
ep=1017 s=27 7410ms [sel=3 cap=7294 rest=113] sg=1->1 mode=NONE win=8 obs=28 | cap=wip act=(320,360) d=1.49 a=1 | sp=som:active d=1.5 age=7 dtg=4.04 region=0_19
ep=1017 s=28 4082ms [sel=0 cap=3977 rest=105] sg=1->2 mode=NONE win=8 obs=29 | cap=DONE act=TURN request=-45deg execute=-15deg x1 a=2 | sp=som:active d=1.3 age=8 door_evts=1 dtg=4.04 region=0_19
ep=1017 s=29 5514ms [sel=0 cap=5408 rest=107] sg=2->2 mode=WALL_STUCK win=8 obs=30 | cap=wip/WALL_STUCK act=TURN request=-45deg execute=-15deg x1 a=2 | sp=- door_evts=1 dtg=4.04 region=0_19
ep=1017 s=30 3137ms [sel=0 cap=3024 rest=114] sg=2->2 mode=NONE win=8 obs=31 | cap=wip act=TURN request=-45deg execute=-15deg x1 a=2 | sp=- door_evts=1 dtg=4.04 region=0_19
ep=1017 s=31 7167ms [sel=0 cap=7056 rest=111] sg=2->2 mode=NONE win=8 obs=32 | cap=wip act=TURN request=-45deg execute=-15deg x1 a=2 | sp=- door_evts=1 dtg=4.04 region=0_19
ep=1017 s=32 7314ms [sel=0 cap=7213 rest=101] sg=2->2 mode=NONE win=8 obs=33 | cap=wip act=TURN request=-45deg execute=-15deg x1 a=2 | sp=- door_evts=1 dtg=4.04 region=0_19
ep=1017 s=33 4833ms [sel=1824 cap=2908 rest=101] sg=2->2 mode=NONE win=8 obs=34 | cap=wip act=(320,360) d=2.44 a=2 | sp=som:active d=2.4 age=0 som=1/7 dtg=4.04 region=0_19
ep=1017 s=34 3611ms [sel=3 cap=3510 rest=98] sg=2->2 mode=NONE win=8 obs=35 | cap=wip act=(320,360) d=2.44 a=2 | sp=som:active d=2.4 age=1 dtg=4.04 region=0_19
ep=1017 s=35 5846ms [sel=3 cap=5751 rest=92] sg=2->2 mode=NONE win=8 obs=36 | cap=wip act=(320,360) d=2.44 a=1 | sp=som:active d=2.4 age=2 dtg=3.79 region=0_19
ep=1017 s=36 6310ms [sel=3 cap=6215 rest=92] sg=2->2 mode=NONE win=8 obs=37 | cap=wip act=(320,360) d=2.19 a=1 | sp=som:active d=2.2 age=3 dtg=3.54 region=0_19
ep=1017 s=37 4183ms [sel=3 cap=4094 rest=86] sg=2->2 mode=NONE win=8 obs=38 | cap=wip act=(320,360) d=1.94 a=1 | sp=som:active d=1.9 age=4 dtg=3.30 region=0_19
ep=1017 s=38 7906ms [sel=3 cap=7824 rest=79] sg=2->2 mode=NONE win=8 obs=39 | cap=wip act=(320,360) d=1.69 a=1 | sp=som:active d=1.7 age=5 dtg=3.05 region=0_19
ep=1017 s=39 8175ms [sel=3 cap=8089 rest=83] sg=2->2 mode=NONE win=8 obs=40 | cap=wip act=(320,360) d=1.44 a=1 | sp=som:active d=1.4 age=6 dtg=2.81 region=0_19
ep=1017 s=40 4728ms [sel=3 cap=4637 rest=88] sg=2->2 mode=NONE win=8 obs=41 | cap=wip act=(320,360) d=1.19 a=1 | sp=som:active d=1.2 age=7 dtg=2.58 region=0_19
ep=1017 s=41 7077ms [sel=3 cap=6983 rest=91] sg=2->2 mode=NONE win=8 obs=42 | cap=wip act=(320,360) d=0.94 a=1 | sp=som:active d=0.9 age=8 dtg=2.40 region=0_19
ep=1017 s=42 3408ms [sel=4 cap=3311 rest=93] sg=2->2 mode=NONE win=8 obs=43 | cap=wip act=(320,360) d=0.69 a=1 | sp=som:active d=0.7 age=9 dtg=2.33 region=0_19
ep=1017 s=43 9586ms [sel=4453 cap=5029 rest=104] sg=2->2 mode=NONE win=8 obs=44 | cap=wip act=(320,360) d=0.56 a=2 | sp=som:active d=0.6 age=0 som=4/7 dtg=2.33 region=0_19
ep=1017 s=44 8057ms [sel=3 cap=7963 rest=90] sg=2->2 mode=NONE win=8 obs=45 | cap=wip act=(320,360) d=0.56 a=2 | sp=som:active d=0.6 age=1 dtg=2.33 region=0_19
ep=1017 s=45 6005ms [sel=3 cap=5908 rest=94] sg=2->2 mode=NONE win=8 obs=46 | cap=wip act=(320,360) d=0.56 a=1 | sp=som:active d=0.6 age=2 dtg=2.43 region=0_19
ep=1017 s=46 4163ms [sel=1161 cap=2896 rest=105] sg=2->2 mode=NONE win=8 obs=47 | cap=wip act=(320,360) d=1.42 a=2 | sp=som:active d=1.4 age=0 som=1/8 dtg=2.43 region=0_19
ep=1017 s=47 3735ms [sel=3 cap=3626 rest=106] sg=2->2 mode=NONE win=8 obs=48 | cap=wip act=(320,360) d=1.42 a=2 | sp=som:active d=1.4 age=1 dtg=2.43 region=0_19
ep=1017 s=48 2819ms [sel=3 cap=2717 rest=99] sg=2->2 mode=NONE win=8 obs=49 | cap=wip act=(320,360) d=1.42 a=1 | sp=som:active d=1.4 age=2 dtg=2.64 region=0_19
ep=1017 s=49 4263ms [sel=4 cap=4162 rest=97] sg=2->2 mode=NONE win=8 obs=50 | cap=wip act=(320,360) d=1.18 a=1 | sp=som:active d=1.2 age=3 dtg=2.86 region=0_19
ep=1017 s=50 3997ms [sel=3 cap=3905 rest=90] sg=2->2 mode=NONE win=8 obs=51 | cap=wip act=(320,360) d=0.93 a=2 | sp=som:active d=0.9 age=4 dtg=2.86 region=0_19
ep=1017 s=51 3519ms [sel=3 cap=3429 rest=87] sg=2->2 mode=NONE win=8 obs=52 | cap=wip act=(320,360) d=0.93 a=1 | sp=som:active d=0.9 age=5 dtg=3.10 region=0_19
ep=1017 s=52 5690ms [sel=1394 cap=4200 rest=96] sg=2->3 mode=NONE win=8 obs=53 | cap=DONE act=(320,360) d=2.96 a=2 | sp=som:active d=3.0 age=0 som=5/8 dtg=3.10 region=0_19
ep=1017 s=53 4924ms [sel=20 cap=4804 rest=100] sg=3->3 mode=NONE win=8 obs=54 | cap=wip act=(320,360) d=2.96 a=2 | sp=som:active d=3.0 age=1 dtg=3.10 region=0_19
ep=1017 s=54 4458ms [sel=16 cap=4352 rest=90] sg=3->3 mode=NONE win=8 obs=55 | cap=wip act=(320,360) d=2.96 a=2 | sp=som:active d=3.0 age=2 dtg=3.10 region=0_19
ep=1017 s=55 3710ms [sel=16 cap=3604 rest=90] sg=3->3 mode=NONE win=8 obs=56 | cap=wip act=(320,360) d=2.96 a=2 | sp=som:active d=3.0 age=3 dtg=3.10 region=0_19
ep=1017 s=56 3359ms [sel=16 cap=3256 rest=88] sg=3->3 mode=NONE win=8 obs=57 | cap=wip act=(320,360) d=2.96 a=2 | sp=som:active d=3.0 age=4 dtg=3.10 region=0_19
ep=1017 s=57 4339ms [sel=16 cap=4236 rest=87] sg=3->3 mode=NONE win=8 obs=58 | cap=wip act=(320,360) d=2.96 a=2 | sp=som:active d=3.0 age=5 dtg=3.10 region=0_19
ep=1017 s=58 4861ms [sel=16 cap=4763 rest=82] sg=3->3 mode=NONE win=8 obs=59 | cap=wip act=(320,360) d=2.96 a=2 | sp=som:active d=3.0 age=6 dtg=3.10 region=0_19
ep=1017 s=59 6754ms [sel=16 cap=6658 rest=79] sg=3->3 mode=NONE win=8 obs=60 | cap=wip act=(320,360) d=2.96 a=2 | sp=som:active d=3.0 age=7 dtg=3.10 region=0_19
ep=1017 s=60 5136ms [sel=18 cap=5031 rest=87] sg=3->3 mode=NONE win=8 obs=61 | cap=wip act=(320,360) d=2.96 a=2 | sp=som:active d=3.0 age=8 dtg=3.10 region=0_19
ep=1017 s=61 6981ms [sel=20 cap=6867 rest=95] sg=3->3 mode=NONE win=8 obs=62 | cap=wip act=(320,360) d=2.96 a=2 | sp=som:active d=3.0 age=9 dtg=3.10 region=0_19
ep=1017 s=62 10048ms [sel=23 cap=9511 rest=474] sg=3->3 mode=NONE win=8 obs=63 | cap=wip act=(160,180) d=3.46 a=3 | preview=view3/6 yaw=+15 render=40ms | sp=preview:active d=3.5 age=0 dtg=3.10 region=0_19
ep=1017 s=63 8207ms [sel=4 cap=8107 rest=97] sg=3->3 mode=NONE win=8 obs=64 | cap=wip act=(320,360) d=3.46 a=1 | sp=preview:active d=3.5 age=1 dtg=2.97 region=0_19
ep=1017 s=64 2692ms [sel=5 cap=2587 rest=100] sg=3->3 mode=NONE win=8 obs=65 | cap=wip act=(320,360) d=3.21 a=1 | sp=preview:active d=3.2 age=2 dtg=2.86 region=0_19
ep=1017 s=65 1560ms [sel=3 cap=1461 rest=96] sg=3->3 mode=NONE win=8 obs=66 | cap=wip act=(320,360) d=2.97 a=3 | sp=preview:active d=3.0 age=3 dtg=2.86 region=0_19
ep=1017 s=66 3679ms [sel=4 cap=3581 rest=94] sg=3->3 mode=NONE win=8 obs=67 | cap=wip act=(320,360) d=2.97 a=1 | sp=preview:active d=3.0 age=4 dtg=2.84 region=0_19
ep=1017 s=67 2792ms [sel=4 cap=2692 rest=96] sg=3->3 mode=NONE win=8 obs=68 | cap=wip act=(320,360) d=2.72 a=1 | sp=preview:active d=2.7 age=5 dtg=2.83 region=0_19
ep=1017 s=68 5278ms [sel=3 cap=5178 rest=97] sg=3->3 mode=NONE win=8 obs=69 | cap=wip act=(320,360) d=2.47 a=3 | sp=preview:active d=2.5 age=6 dtg=2.83 region=0_19
ep=1017 s=69 5319ms [sel=687 cap=4534 rest=99] sg=3->4 mode=NONE win=8 obs=70 | cap=DONE act=(320,360) d=2.98 a=1 | sp=som:active d=3.0 age=0 som=3/8 dtg=2.96 region=0_19
ep=1017 s=70 4316ms [sel=3 cap=4216 rest=97] sg=4->4 mode=NONE win=8 obs=71 | cap=wip act=(320,360) d=2.73 a=1 | sp=som:active d=2.7 age=1 dtg=3.13 region=0_19
ep=1017 s=71 11214ms [sel=3 cap=10711 rest=463] sg=4->4 mode=NONE win=8 obs=72 | cap=wip act=(320,360) d=2.48 a=1 | preview=view-/6 yaw=+0 render=37ms | sp=som:active d=2.5 age=2 dtg=3.34 region=0_19
ep=1017 s=72 2929ms [sel=3 cap=2827 rest=99] sg=4->4 mode=NONE win=8 obs=73 | cap=wip act=(320,360) d=2.23 a=1 | sp=som:active d=2.2 age=3 dtg=3.56 region=0_19
ep=1017 s=73 6908ms [sel=3 cap=6805 rest=100] sg=4->4 mode=NONE win=8 obs=74 | cap=wip act=(320,360) d=1.98 a=1 | sp=som:active d=2.0 age=4 dtg=3.78 region=0_19
ep=1017 s=74 14487ms [sel=3 cap=13939 rest=503] sg=4->4 mode=NONE win=8 obs=75 | cap=wip act=(320,360) d=1.74 a=1 | preview=view-/6 yaw=+0 render=42ms | sp=som:active d=1.7 age=5 dtg=4.02 region=0_19
ep=1017 s=75 5750ms [sel=3 cap=5651 rest=97] sg=4->4 mode=NONE win=8 obs=76 | cap=wip act=(320,360) d=1.49 a=1 | sp=som:active d=1.5 age=6 dtg=4.26 region=0_19
ep=1017 s=76 5095ms [sel=3 cap=4993 rest=99] sg=4->4 mode=NONE win=8 obs=77 | cap=wip act=(320,360) d=1.24 a=1 | sp=som:active d=1.2 age=7 dtg=4.50 region=0_19
ep=1017 s=77 10041ms [sel=3 cap=9482 rest=521] sg=4->4 mode=NONE win=8 obs=78 | cap=wip act=(320,360) d=0.99 a=1 | preview=view-/6 yaw=+0 render=35ms | sp=som:active d=1.0 age=8 dtg=4.74 region=0_19
ep=1017 s=78 7728ms [sel=4 cap=7619 rest=106] sg=4->4 mode=NONE win=8 obs=79 | cap=wip act=(320,360) d=0.75 a=1 | sp=som:active d=0.7 age=9 dtg=4.98 region=0_19
ep=1017 s=79 10229ms [sel=3 cap=10125 rest=102] sg=4->4 mode=NONE win=8 obs=80 | cap=wip act=(320,360) d=0.51 a=2 | sp=som:active d=0.5 age=10 dtg=4.98 region=0_19
ep=1017 s=80 10710ms [sel=5 cap=10084 rest=585] sg=4->None mode=NONE win=8 obs=81 | cap=DONE act=(320,360) d=1.00 a=1 | preview=view-/6 yaw=+0 render=35ms | sp=som:active d=0.5 age=11 door_evts=1 dtg=5.21 region=0_19
ep=1017 s=81 123ms [sel=4 cap=0 rest=119] sg=None->None mode=NONE win=8 obs=82 | cap=- act=(320,360) d=1.00 a=1 | sp=som:reached d=0.3 age=12 door_evts=1 dtg=5.43 region=0_19
ep=1017 s=82 115ms [sel=4 cap=0 rest=111] sg=None->None mode=NONE win=8 obs=83 | cap=- act=(320,360) d=1.00 a=1 | sp=som:reached d=0.3 age=13 door_evts=1 dtg=5.66 region=0_19
ep=1017 s=83 106ms [sel=0 cap=0 rest=106] sg=None->None mode=NONE win=8 obs=84 | cap=- act=STOP | sp=som:reached d=0.3 age=14 door_evts=1 dtg=5.66 region=0_19
rank=0 [10/17] id=1017 steps=84 success=0.000 spl=0.000 dtg=5.66 osr=1 path_length=12.50 ndtw=0.657 sdtw=0.000
PluginManager::Manager: duplicate static plugin StbImageImporter, ignoring
PluginManager::Manager: duplicate static plugin GltfImporter, ignoring
PluginManager::Manager: duplicate static plugin BasisImporter, ignoring
PluginManager::Manager: duplicate static plugin AssimpImporter, ignoring
PluginManager::Manager: duplicate static plugin AnySceneImporter, ignoring
PluginManager::Manager: duplicate static plugin AnyImageImporter, ignoring
episode=1192 instruction='Left. Halt. Just past the doorway ahead.' start_position=[29.118999481201172, 0.00952601432800293, -6.436610221862793] goal_position=[29.04509925842285, 0.11987140774726868, -13.025400161743164] reference_geodesic=6.590128421783447
episode=1192 prepared_subgoals=1
  [1] Turn left until the Halt is centered ahead, then halt, then walk forward just past the doorway ahead
      proof: The doorway is directly behind the camera and the space beyond it fills the view
ep=1192 s=0 9105ms [sel=0 cap=8559 rest=508] sg=1->1 mode=NONE win=1 obs=1 | cap=wip act=TURN request=-45deg execute=-15deg x1 a=2 | preview=view-/6 yaw=+0 render=37ms dtg=6.59 region=0_5
ep=1192 s=1 5380ms [sel=0 cap=5258 rest=122] sg=1->1 mode=NONE win=2 obs=2 | cap=wip act=TURN request=-45deg execute=-15deg x1 a=2 dtg=6.59 region=0_5
ep=1192 s=2 4181ms [sel=0 cap=4060 rest=121] sg=1->1 mode=NONE win=3 obs=3 | cap=wip act=TURN request=-45deg execute=-15deg x1 a=2 dtg=6.59 region=0_5
ep=1192 s=3 4612ms [sel=0 cap=4493 rest=119] sg=1->1 mode=NONE win=4 obs=4 | cap=wip act=TURN request=-45deg execute=-15deg x1 a=2 dtg=6.59 region=0_5
ep=1192 s=4 5425ms [sel=0 cap=5305 rest=120] sg=1->1 mode=NONE win=5 obs=5 | cap=wip act=TURN request=-45deg execute=-15deg x1 a=2 dtg=6.59 region=0_5
ep=1192 s=5 6751ms [sel=4642 cap=1991 rest=118] sg=1->1 mode=NONE win=6 obs=6 | cap=wip act=(320,360) d=2.98 a=1 | sp=som:active d=3.0 age=0 som=3/8 dtg=6.35 region=0_5
ep=1192 s=6 4788ms [sel=3 cap=4662 rest=123] sg=1->1 mode=NONE win=7 obs=7 | cap=wip act=(320,360) d=2.74 a=2 | sp=som:active d=2.7 age=1 dtg=6.35 region=0_5
ep=1192 s=7 5569ms [sel=3 cap=5443 rest=123] sg=1->1 mode=NONE win=8 obs=8 | cap=wip act=(320,360) d=2.74 a=1 | sp=som:active d=2.7 age=2 dtg=6.10 region=0_5
ep=1192 s=8 3516ms [sel=3 cap=3389 rest=124] sg=1->1 mode=NONE win=8 obs=9 | cap=wip act=(320,360) d=2.49 a=1 | sp=som:active d=2.5 age=3 dtg=5.86 region=0_5
ep=1192 s=9 5911ms [sel=3 cap=5779 rest=129] sg=1->1 mode=NONE win=8 obs=10 | cap=wip act=(320,360) d=2.24 a=1 | sp=som:active d=2.2 age=4 dtg=5.60 region=0_5
ep=1192 s=10 3752ms [sel=4 cap=3624 rest=124] sg=1->1 mode=NONE win=8 obs=11 | cap=wip act=(320,360) d=2.00 a=1 | sp=som:active d=2.0 age=5 dtg=5.35 region=0_5
ep=1192 s=11 2470ms [sel=3 cap=2341 rest=125] sg=1->1 mode=NONE win=8 obs=12 | cap=wip act=(320,360) d=1.75 a=1 | sp=som:active d=1.8 age=6 dtg=5.10 region=0_5
ep=1192 s=12 4155ms [sel=4 cap=4032 rest=119] sg=1->1 mode=NONE win=8 obs=13 | cap=wip act=(320,360) d=1.51 a=1 | sp=som:active d=1.5 age=7 dtg=4.85 region=0_5
ep=1192 s=13 4132ms [sel=3 cap=4002 rest=127] sg=1->1 mode=NONE win=8 obs=14 | cap=wip act=(320,360) d=1.27 a=1 | sp=som:active d=1.3 age=8 dtg=4.60 region=0_5
ep=1192 s=14 5462ms [sel=4 cap=5342 rest=116] sg=1->1 mode=NONE win=8 obs=15 | cap=wip act=(320,360) d=1.03 a=3 | sp=som:active d=1.0 age=9 dtg=4.60 region=0_5
ep=1192 s=15 5101ms [sel=3 cap=4978 rest=120] sg=1->1 mode=NONE win=8 obs=16 | cap=wip act=(320,360) d=1.03 a=1 | sp=som:active d=1.0 age=10 dtg=4.36 region=0_5
ep=1192 s=16 3989ms [sel=3 cap=3866 rest=120] sg=1->1 mode=NONE win=8 obs=17 | cap=wip act=(320,360) d=0.79 a=1 | sp=som:active d=0.8 age=11 dtg=4.12 region=0_5
ep=1192 s=17 3637ms [sel=3 cap=3514 rest=120] sg=1->1 mode=NONE win=8 obs=18 | cap=wip act=(320,360) d=0.54 a=1 | sp=som:active d=0.5 age=12 dtg=3.89 region=0_5
ep=1192 s=18 8578ms [sel=3138 cap=5315 rest=124] sg=1->1 mode=NONE win=8 obs=19 | cap=wip act=(320,360) d=2.94 a=2 | sp=som:active d=2.9 age=0 som=3/8 dtg=3.89 region=0_5
ep=1192 s=19 6195ms [sel=3 cap=6076 rest=116] sg=1->1 mode=NONE win=8 obs=20 | cap=wip act=(320,360) d=2.94 a=1 | sp=som:active d=2.9 age=1 dtg=3.64 region=0_5
ep=1192 s=20 7558ms [sel=3 cap=7435 rest=120] sg=1->1 mode=NONE win=8 obs=21 | cap=wip act=(320,360) d=2.69 a=1 | sp=som:active d=2.7 age=2 dtg=3.39 region=0_5
ep=1192 s=21 11118ms [sel=5 cap=10512 rest=535] sg=1->None mode=NONE win=8 obs=22 | cap=DONE act=(320,360) d=1.00 a=1 | preview=view-/6 yaw=+0 render=66ms | sp=som:active d=2.4 age=3 dtg=3.14 region=0_5
ep=1192 s=22 120ms [sel=5 cap=0 rest=116] sg=None->None mode=NONE win=8 obs=23 | cap=- act=(320,360) d=1.00 a=1 | sp=som:active d=2.2 age=4 dtg=2.89 region=0_5
ep=1192 s=23 126ms [sel=5 cap=0 rest=121] sg=None->None mode=NONE win=8 obs=24 | cap=- act=(320,360) d=1.00 a=1 | sp=som:active d=1.9 age=5 dtg=2.65 region=0_5
ep=1192 s=24 118ms [sel=0 cap=0 rest=118] sg=None->None mode=NONE win=8 obs=25 | cap=- act=STOP | sp=som:active d=1.7 age=6 dtg=2.65 region=0_5
rank=0 [11/17] id=1192 steps=25 success=1.000 spl=1.000 dtg=2.65 osr=1 path_length=4.19 ndtw=0.840 sdtw=0.840
PluginManager::Manager: duplicate static plugin StbImageImporter, ignoring
PluginManager::Manager: duplicate static plugin GltfImporter, ignoring
PluginManager::Manager: duplicate static plugin BasisImporter, ignoring
PluginManager::Manager: duplicate static plugin AssimpImporter, ignoring
PluginManager::Manager: duplicate static plugin AnySceneImporter, ignoring
PluginManager::Manager: duplicate static plugin AnyImageImporter, ignoring
episode=1236 instruction='Straight up the stairs. Wait at the top.' start_position=[0.6565189957618713, 0.0985960066318512, 5.089280128479004] goal_position=[8.629289627075195, 3.0798158645629883, 1.77114999294281] reference_geodesic=11.670259475708008
episode=1236 prepared_subgoals=2
  [1] Go up the stairs
      proof: The stairs have been passed and the upper landing fills the view.
  [2] Wait at the top
      proof: The camera is stationary at the top of the stairs with the upper space visible ahead
ep=1236 s=0 8092ms [sel=29 cap=7560 rest=467] sg=1->1 mode=NONE win=1 obs=1 | cap=wip act=TURN request=-45deg execute=-15deg x1 a=2 | preview=view-/6 yaw=+0 render=35ms | sp=preview:active d=5.8 age=0 dtg=11.67 region=0_4
ep=1236 s=1 4045ms [sel=4 cap=3939 rest=102] sg=1->1 mode=NONE win=2 obs=2 | cap=wip act=(320,360) d=5.83 a=2 | sp=preview:active d=5.8 age=1 dtg=11.67 region=0_4
ep=1236 s=2 2312ms [sel=4 cap=2202 rest=106] sg=1->1 mode=NONE win=3 obs=3 | cap=wip act=(320,360) d=5.83 a=2 | sp=preview:active d=5.8 age=2 dtg=11.67 region=0_4
ep=1236 s=3 4498ms [sel=15 cap=4373 rest=109] sg=1->1 mode=NONE win=4 obs=4 | cap=wip act=(320,360) d=5.83 a=2 | sp=preview:active d=5.8 age=3 dtg=11.67 region=0_4
ep=1236 s=4 3668ms [sel=9 cap=3546 rest=113] sg=1->1 mode=NONE win=5 obs=5 | cap=wip act=(320,360) d=5.83 a=1 | sp=preview:active d=5.8 age=4 dtg=11.45 region=0_4
ep=1236 s=5 3274ms [sel=8 cap=3152 rest=114] sg=1->1 mode=NONE win=6 obs=6 | cap=wip act=(320,360) d=5.59 a=1 | sp=preview:active d=5.6 age=5 dtg=11.23 region=0_4
ep=1236 s=6 2041ms [sel=10 cap=1914 rest=116] sg=1->1 mode=NONE win=7 obs=7 | cap=wip act=(320,360) d=5.36 a=2 | sp=preview:active d=5.4 age=6 dtg=11.23 region=0_4
ep=1236 s=7 4480ms [sel=7 cap=4359 rest=115] sg=1->1 mode=NONE win=8 obs=8 | cap=wip act=(320,360) d=5.36 a=2 | sp=preview:active d=5.4 age=7 dtg=11.23 region=0_4
ep=1236 s=8 2730ms [sel=6 cap=2608 rest=115] sg=1->1 mode=NONE win=8 obs=9 | cap=wip act=(320,360) d=5.36 a=1 | sp=preview:active d=5.4 age=8 dtg=10.98 region=0_4
ep=1236 s=9 2652ms [sel=4 cap=2534 rest=114] sg=1->1 mode=NONE win=8 obs=10 | cap=wip act=(320,360) d=5.12 a=1 | sp=preview:active d=5.1 age=9 dtg=10.73 region=0_4
ep=1236 s=10 4816ms [sel=3 cap=4697 rest=116] sg=1->1 mode=NONE win=8 obs=11 | cap=wip act=(320,360) d=4.87 a=1 | sp=preview:active d=4.9 age=10 dtg=10.48 region=0_4
ep=1236 s=11 2993ms [sel=3 cap=2879 rest=111] sg=1->1 mode=NONE win=8 obs=12 | cap=wip act=(320,360) d=4.62 a=1 | sp=preview:active d=4.6 age=11 dtg=10.23 region=0_4
ep=1236 s=12 4753ms [sel=3 cap=4642 rest=108] sg=1->1 mode=NONE win=8 obs=13 | cap=wip act=(320,360) d=4.37 a=1 | sp=preview:active d=4.4 age=12 dtg=9.98 region=0_4
ep=1236 s=13 5232ms [sel=3 cap=5121 rest=109] sg=1->1 mode=NONE win=8 obs=14 | cap=wip act=(320,360) d=4.13 a=1 | sp=preview:active d=4.1 age=13 dtg=9.73 region=0_4
ep=1236 s=14 4289ms [sel=4 cap=4174 rest=111] sg=1->1 mode=NONE win=8 obs=15 | cap=wip act=(320,360) d=3.88 a=1 | sp=preview:active d=3.9 age=14 dtg=9.48 region=0_4
ep=1236 s=15 3325ms [sel=3 cap=3210 rest=112] sg=1->1 mode=NONE win=8 obs=16 | cap=wip act=(320,360) d=3.64 a=1 | sp=preview:active d=3.6 age=15 dtg=9.23 region=0_4
ep=1236 s=16 3318ms [sel=655 cap=2553 rest=110] sg=1->1 mode=NONE win=8 obs=17 | cap=wip act=(320,360) d=2.94 a=3 | sp=som:active d=2.9 age=0 som=3/7 dtg=9.23 region=0_4
ep=1236 s=17 5499ms [sel=3 cap=5364 rest=132] sg=1->1 mode=NONE win=8 obs=18 | cap=wip act=(320,360) d=2.94 a=1 | sp=som:active d=2.9 age=1 dtg=8.98 region=0_4
ep=1236 s=18 4125ms [sel=4 cap=4010 rest=111] sg=1->1 mode=NONE win=8 obs=19 | cap=wip act=(320,360) d=2.70 a=3 | sp=som:active d=2.7 age=2 dtg=8.98 region=0_4
ep=1236 s=19 3054ms [sel=4 cap=2941 rest=109] sg=1->1 mode=NONE win=8 obs=20 | cap=wip act=(320,360) d=2.70 a=1 | sp=som:active d=2.7 age=3 dtg=8.64 region=0_4
ep=1236 s=20 4960ms [sel=3 cap=4854 rest=103] sg=1->1 mode=NONE win=8 obs=21 | cap=wip act=(320,360) d=2.47 a=2 | sp=som:active d=2.5 age=4 dtg=8.64 region=0_4
ep=1236 s=21 8089ms [sel=3 cap=7976 rest=110] sg=1->1 mode=NONE win=8 obs=22 | cap=wip act=(320,360) d=2.47 a=1 | sp=som:active d=2.5 age=5 dtg=8.41 region=0_4
ep=1236 s=22 3736ms [sel=3 cap=3630 rest=103] sg=1->1 mode=NONE win=8 obs=23 | cap=wip act=(320,360) d=2.22 a=1 | sp=som:active d=2.2 age=6 dtg=8.17 region=0_4
ep=1236 s=23 5643ms [sel=3 cap=5545 rest=95] sg=1->1 mode=NONE win=8 obs=24 | cap=wip act=(320,360) d=1.98 a=2 | sp=som:active d=2.0 age=7 dtg=8.17 region=0_4
ep=1236 s=24 2553ms [sel=3 cap=2443 rest=107] sg=1->1 mode=NONE win=8 obs=25 | cap=wip act=(320,360) d=1.98 a=1 | sp=som:active d=2.0 age=8 dtg=7.93 region=0_4
ep=1236 s=25 4395ms [sel=3 cap=4279 rest=113] sg=1->1 mode=NONE win=8 obs=26 | cap=wip act=(320,360) d=1.73 a=1 | sp=som:active d=1.7 age=9 dtg=7.69 region=0_6
ep=1236 s=26 2647ms [sel=4 cap=2550 rest=93] sg=1->1 mode=NONE win=8 obs=27 | cap=wip act=(320,360) d=1.48 a=1 | sp=som:active d=1.5 age=10 dtg=7.45 region=0_6
ep=1236 s=27 5683ms [sel=3 cap=5582 rest=98] sg=1->1 mode=NONE win=8 obs=28 | cap=wip act=(320,360) d=1.23 a=1 | sp=som:active d=1.2 age=11 dtg=7.21 region=0_6
ep=1236 s=28 7450ms [sel=3 cap=7353 rest=94] sg=1->1 mode=NONE win=8 obs=29 | cap=wip act=(320,360) d=0.98 a=1 | sp=som:active d=1.0 age=12 dtg=6.97 region=0_6
ep=1236 s=29 6637ms [sel=3 cap=6544 rest=90] sg=1->1 mode=NONE win=8 obs=30 | cap=wip act=(320,360) d=0.73 a=1 | sp=som:active d=0.7 age=13 dtg=6.74 region=0_6
ep=1236 s=30 6787ms [sel=2059 cap=4633 rest=94] sg=1->1 mode=NONE win=8 obs=31 | cap=wip act=(320,359) d=1.60 a=1 | sp=straight_ahead:reached d=0.5 age=0 som=1/5 dtg=6.51 region=0_6
ep=1236 s=31 8896ms [sel=3144 cap=5652 rest=100] sg=1->1 mode=NONE win=8 obs=32 | cap=wip act=(320,379) d=1.41 a=1 | sp=straight_ahead:reached d=0.2 age=0 som=1/5 dtg=6.28 region=0_6
ep=1236 s=32 4759ms [sel=1404 cap=3253 rest=103] sg=1->1 mode=NONE win=8 obs=33 | cap=wip act=(320,426) d=1.16 a=1 | sp=straight_ahead:reached d=0.1 age=0 som=1/5 dtg=6.01 region=0_6
ep=1236 s=33 5029ms [sel=907 cap=4018 rest=103] sg=1->1 mode=NONE win=8 obs=34 | cap=wip act=TURN request=+45deg execute=+15deg x1 a=3 | sp=straight_ahead:reached d=0.1 age=1 som=1/4 dtg=6.01 region=0_6
ep=1236 s=34 3310ms [sel=0 cap=3205 rest=105] sg=1->1 mode=NONE win=8 obs=35 | cap=wip act=TURN request=+45deg execute=+15deg x1 a=3 dtg=6.01 region=0_6
ep=1236 s=35 3444ms [sel=0 cap=3339 rest=105] sg=1->1 mode=NONE win=8 obs=36 | cap=wip act=TURN request=+45deg execute=+15deg x1 a=3 dtg=6.01 region=0_6
ep=1236 s=36 5241ms [sel=0 cap=5113 rest=127] sg=1->1 mode=NONE win=8 obs=37 | cap=wip act=TURN request=+45deg execute=+15deg x1 a=3 dtg=6.01 region=0_6
ep=1236 s=37 5063ms [sel=0 cap=4965 rest=98] sg=1->1 mode=NONE win=8 obs=38 | cap=wip act=TURN request=+45deg execute=+15deg x1 a=3 dtg=6.01 region=0_6
ep=1236 s=38 5164ms [sel=0 cap=5075 rest=89] sg=1->1 mode=NONE win=8 obs=39 | cap=wip act=TURN request=+45deg execute=+15deg x1 a=3 dtg=6.01 region=0_6
ep=1236 s=39 8383ms [sel=0 cap=8289 rest=94] sg=1->1 mode=NONE win=8 obs=40 | cap=wip act=TURN request=+45deg execute=+15deg x1 a=3 dtg=6.01 region=0_6
ep=1236 s=40 4288ms [sel=0 cap=4184 rest=103] sg=1->1 mode=NONE win=8 obs=41 | cap=wip act=TURN request=+45deg execute=+15deg x1 a=3 dtg=6.01 region=0_6
ep=1236 s=41 4833ms [sel=0 cap=4730 rest=102] sg=1->1 mode=NONE win=8 obs=42 | cap=wip act=TURN request=+45deg execute=+15deg x1 a=3 dtg=6.01 region=0_6
ep=1236 s=42 6435ms [sel=0 cap=6323 rest=111] sg=1->1 mode=NONE win=8 obs=43 | cap=wip act=TURN request=+45deg execute=+15deg x1 a=3 dtg=6.01 region=0_6
ep=1236 s=43 4152ms [sel=0 cap=4036 rest=116] sg=1->2 mode=NONE win=8 obs=44 | cap=DONE act=TURN request=+45deg execute=+15deg x1 a=3 dtg=6.01 region=0_6
ep=1236 s=44 10360ms [sel=1396 cap=8853 rest=111] sg=2->2 mode=NONE win=8 obs=45 | cap=wip act=(320,360) d=2.98 a=3 | sp=som:active d=3.0 age=0 som=1/7 dtg=6.01 region=0_6
ep=1236 s=45 13762ms [sel=6 cap=13284 rest=437] sg=2->None mode=NONE win=8 obs=46 | cap=DONE act=(320,360) d=1.00 a=1 | preview=view-/6 yaw=+0 render=34ms | sp=som:active d=3.0 age=1 dtg=6.28 region=0_6
ep=1236 s=46 111ms [sel=5 cap=0 rest=106] sg=None->None mode=NONE win=8 obs=47 | cap=- act=(320,360) d=1.00 a=1 | sp=som:active d=2.7 age=2 dtg=6.51 region=0_6
ep=1236 s=47 119ms [sel=5 cap=0 rest=114] sg=None->None mode=NONE win=8 obs=48 | cap=- act=(320,360) d=1.00 a=1 | sp=som:active d=2.5 age=3 dtg=6.74 region=0_6
ep=1236 s=48 117ms [sel=0 cap=0 rest=117] sg=None->None mode=NONE win=8 obs=49 | cap=- act=STOP | sp=som:active d=2.2 age=4 dtg=6.74 region=0_6
rank=0 [12/17] id=1236 steps=49 success=0.000 spl=0.000 dtg=6.74 osr=0 path_length=6.55 ndtw=0.631 sdtw=0.000
PluginManager::Manager: duplicate static plugin StbImageImporter, ignoring
PluginManager::Manager: duplicate static plugin GltfImporter, ignoring
PluginManager::Manager: duplicate static plugin BasisImporter, ignoring
PluginManager::Manager: duplicate static plugin AssimpImporter, ignoring
PluginManager::Manager: duplicate static plugin AnySceneImporter, ignoring
PluginManager::Manager: duplicate static plugin AnyImageImporter, ignoring
episode=1297 instruction='Along the red carpet. Right at the bed. Halt under the door frame.' start_position=[1.8589600324630737, 0.00952601432800293, -6.373849868774414] goal_position=[6.830239772796631, 0.20952606201171875, -13.767000198364258] reference_geodesic=9.81588363647461
episode=1297 prepared_subgoals=3
  [1] Walk along the red carpet
      proof: The camera has passed the red carpet: it is behind or below the camera and the space beyond it fills the view; the camera has not yet turned right.
  [2] Turn right at the bed, then walk to the door frame
      proof: The door frame is directly ahead and the camera is beside it, within a step.
  [3] Halt under the door frame
      proof: The camera is stopped beside the door frame and the frame is centred in the view
ep=1297 s=0 5577ms [sel=24 cap=4909 rest=579] sg=1->1 mode=NONE win=1 obs=1 | cap=wip act=(160,180) d=4.36 a=1 | preview=view1/6 yaw=-45 render=65ms | sp=preview:active d=4.4 age=0 dtg=9.57 region=0_1
ep=1297 s=1 5355ms [sel=3 cap=5217 rest=135] sg=1->1 mode=NONE win=2 obs=2 | cap=wip act=(320,360) d=4.11 a=1 | sp=preview:active d=4.1 age=1 dtg=9.32 region=0_1
ep=1297 s=2 5252ms [sel=3 cap=5103 rest=145] sg=1->1 mode=NONE win=3 obs=3 | cap=wip act=(320,360) d=3.86 a=1 | sp=preview:active d=3.9 age=2 dtg=9.07 region=0_1
ep=1297 s=3 3176ms [sel=3 cap=3053 rest=119] sg=1->1 mode=NONE win=4 obs=4 | cap=wip act=(320,360) d=3.61 a=1 | sp=preview:active d=3.6 age=3 dtg=8.83 region=0_1
ep=1297 s=4 3863ms [sel=3 cap=3739 rest=121] sg=1->1 mode=NONE win=5 obs=5 | cap=wip act=(320,360) d=3.36 a=1 | sp=preview:active d=3.4 age=4 dtg=8.58 region=0_1
ep=1297 s=5 1542ms [sel=3 cap=1387 rest=152] sg=1->1 mode=NONE win=6 obs=6 | cap=wip act=(320,360) d=3.11 a=1 | sp=preview:active d=3.1 age=5 dtg=8.34 region=0_1
ep=1297 s=6 7855ms [sel=3 cap=7734 rest=118] sg=1->1 mode=NONE win=7 obs=7 | cap=wip act=(320,360) d=2.86 a=1 | sp=preview:active d=2.9 age=6 dtg=8.09 region=0_1
ep=1297 s=7 6968ms [sel=3 cap=6847 rest=118] sg=1->1 mode=NONE win=8 obs=8 | cap=wip act=(320,360) d=2.61 a=1 | sp=preview:active d=2.6 age=7 dtg=7.85 region=0_1
ep=1297 s=8 4335ms [sel=4 cap=4209 rest=122] sg=1->1 mode=NONE win=8 obs=9 | cap=wip act=(320,360) d=2.36 a=1 | sp=preview:active d=2.4 age=8 dtg=7.61 region=0_1
ep=1297 s=9 7199ms [sel=0 cap=7072 rest=128] sg=1->2 mode=NONE win=8 obs=10 | cap=DONE act=TURN request=+45deg execute=+15deg x1 a=3 | sp=preview:active d=2.1 age=9 dtg=7.61 region=0_1
ep=1297 s=10 4505ms [sel=0 cap=4372 rest=133] sg=2->2 mode=NONE win=8 obs=11 | cap=wip act=TURN request=+45deg execute=+15deg x1 a=3 dtg=7.61 region=0_1
ep=1297 s=11 5753ms [sel=0 cap=5628 rest=125] sg=2->2 mode=NONE win=8 obs=12 | cap=wip act=TURN request=+45deg execute=+15deg x1 a=3 dtg=7.61 region=0_1
ep=1297 s=12 3857ms [sel=0 cap=3726 rest=131] sg=2->2 mode=NONE win=8 obs=13 | cap=wip act=TURN request=+45deg execute=+15deg x1 a=3 dtg=7.61 region=0_1
ep=1297 s=13 6657ms [sel=880 cap=5655 rest=123] sg=2->2 mode=NONE win=8 obs=14 | cap=wip act=(320,360) d=4.00 a=2 | sp=frontier:active d=4.0 age=0 som=2/6 dtg=7.61 region=0_1
ep=1297 s=14 2277ms [sel=4 cap=2154 rest=119] sg=2->2 mode=NONE win=8 obs=15 | cap=wip act=(320,360) d=4.00 a=2 | sp=frontier:active d=4.0 age=1 dtg=7.61 region=0_1
ep=1297 s=15 4237ms [sel=4 cap=4114 rest=119] sg=2->2 mode=NONE win=8 obs=16 | cap=wip act=(320,360) d=4.00 a=1 | sp=frontier:active d=4.0 age=2 dtg=7.37 region=0_1
ep=1297 s=16 6334ms [sel=4 cap=6208 rest=121] sg=2->2 mode=NONE win=8 obs=17 | cap=wip act=(320,360) d=3.95 a=2 | sp=frontier:active d=4.0 age=3 dtg=7.37 region=0_1
ep=1297 s=17 5370ms [sel=4 cap=4754 rest=544] sg=2->2 mode=NONE win=8 obs=18 | cap=wip act=(320,360) d=3.95 a=1 | preview=view-/6 yaw=+0 render=68ms | sp=frontier:active d=4.0 age=4 dtg=7.12 region=0_1
ep=1297 s=18 5601ms [sel=4 cap=5476 rest=121] sg=2->2 mode=NONE win=8 obs=19 | cap=wip act=(320,360) d=3.98 a=2 | sp=frontier:active d=4.0 age=5 dtg=7.12 region=0_1
ep=1297 s=19 4711ms [sel=4 cap=4586 rest=121] sg=2->2 mode=NONE win=8 obs=20 | cap=wip act=(320,360) d=3.98 a=1 | sp=frontier:active d=4.0 age=6 dtg=6.87 region=0_1
ep=1297 s=20 4122ms [sel=4 cap=3995 rest=123] sg=2->2 mode=NONE win=8 obs=21 | cap=wip act=(320,360) d=4.08 a=1 | sp=frontier:active d=4.1 age=7 dtg=6.63 region=0_1
ep=1297 s=21 6291ms [sel=4 cap=6164 rest=124] sg=2->2 mode=NONE win=8 obs=22 | cap=wip act=(320,360) d=4.20 a=1 | sp=frontier:active d=4.2 age=8 dtg=6.40 region=0_18
ep=1297 s=22 6210ms [sel=4 cap=6080 rest=126] sg=2->2 mode=NONE win=8 obs=23 | cap=wip act=(320,360) d=4.33 a=3 | sp=frontier:active d=4.3 age=9 dtg=6.40 region=0_18
ep=1297 s=23 10915ms [sel=4 cap=10783 rest=128] sg=2->2 mode=NONE win=8 obs=24 | cap=wip act=(320,360) d=4.33 a=1 | sp=frontier:active d=4.3 age=10 dtg=6.15 region=0_18
ep=1297 s=24 5644ms [sel=4 cap=5513 rest=127] sg=2->2 mode=NONE win=8 obs=25 | cap=wip act=(320,360) d=4.41 a=1 | sp=frontier:active d=4.4 age=11 dtg=5.90 region=0_18
ep=1297 s=25 9687ms [sel=23 cap=9136 rest=492] sg=2->2 mode=NONE win=8 obs=26 | cap=wip act=(160,180) d=3.75 a=1 | preview=view3/6 yaw=+0 render=36ms | sp=preview:active d=3.7 age=0 dtg=5.66 region=0_0
ep=1297 s=26 4718ms [sel=3 cap=4596 rest=119] sg=2->2 mode=NONE win=8 obs=27 | cap=wip act=(320,360) d=3.51 a=1 | sp=preview:active d=3.5 age=1 dtg=5.44 region=0_0
ep=1297 s=27 7658ms [sel=4 cap=7535 rest=119] sg=2->2 mode=NONE win=8 obs=28 | cap=wip act=(320,360) d=3.29 a=1 | sp=preview:active d=3.3 age=2 dtg=5.25 region=0_0
ep=1297 s=28 4527ms [sel=4 cap=4407 rest=117] sg=2->2 mode=NONE win=8 obs=29 | cap=wip act=(320,360) d=3.06 a=3 | sp=preview:active d=3.1 age=3 dtg=5.25 region=0_0
ep=1297 s=29 4925ms [sel=4 cap=4801 rest=120] sg=2->2 mode=NONE win=8 obs=30 | cap=wip act=(320,360) d=3.06 a=1 | sp=preview:active d=3.1 age=4 dtg=5.01 region=0_0
ep=1297 s=30 2764ms [sel=4 cap=2636 rest=124] sg=2->2 mode=NONE win=8 obs=31 | cap=wip act=(320,360) d=2.82 a=1 | sp=preview:active d=2.8 age=5 dtg=4.79 region=0_0
ep=1297 s=31 9758ms [sel=8 cap=9215 rest=497] sg=2->2 mode=NONE win=8 obs=32 | cap=wip act=(160,180) d=2.57 a=3 | preview=view3/6 yaw=+0 render=38ms | sp=preview:active d=2.6 age=6 dtg=4.79 region=0_0
ep=1297 s=32 4715ms [sel=3 cap=4560 rest=152] sg=2->2 mode=NONE win=8 obs=33 | cap=wip act=(320,360) d=2.57 a=1 | sp=preview:active d=2.6 age=7 dtg=4.56 region=0_0
ep=1297 s=33 5585ms [sel=3 cap=5432 rest=150] sg=2->2 mode=NONE win=8 obs=34 | cap=wip act=(320,360) d=2.32 a=1 | sp=preview:active d=2.3 age=8 dtg=4.32 region=0_0
ep=1297 s=34 3418ms [sel=3 cap=3300 rest=115] sg=2->2 mode=NONE win=8 obs=35 | cap=wip act=(320,360) d=2.07 a=1 | sp=preview:active d=2.1 age=9 dtg=4.08 region=0_0
ep=1297 s=35 4792ms [sel=3 cap=4672 rest=117] sg=2->2 mode=NONE win=8 obs=36 | cap=wip act=(320,360) d=1.82 a=1 | sp=preview:active d=1.8 age=10 dtg=3.85 region=0_0
ep=1297 s=36 4112ms [sel=3 cap=3992 rest=117] sg=2->2 mode=NONE win=8 obs=37 | cap=wip act=(320,360) d=1.57 a=1 | sp=preview:active d=1.6 age=11 dtg=3.62 region=0_0
ep=1297 s=37 6872ms [sel=1924 cap=4831 rest=117] sg=2->2 mode=NONE win=8 obs=38 | cap=wip act=(320,360) d=3.00 a=3 | sp=som:active d=3.0 age=0 som=5/8 dtg=3.62 region=0_0
ep=1297 s=38 7979ms [sel=4 cap=7855 rest=120] sg=2->2 mode=NONE win=8 obs=39 | cap=wip act=(320,360) d=3.00 a=1 | sp=som:active d=3.0 age=1 dtg=3.37 region=0_0
ep=1297 s=39 13627ms [sel=5 cap=13504 rest=118] sg=2->2 mode=NONE win=8 obs=40 | cap=wip act=(320,360) d=2.75 a=1 | sp=som:active d=2.8 age=2 dtg=3.12 region=0_0
ep=1297 s=40 3881ms [sel=3 cap=3761 rest=118] sg=2->2 mode=NONE win=8 obs=41 | cap=wip act=(320,360) d=2.51 a=3 | sp=som:active d=2.5 age=3 dtg=3.12 region=0_0
ep=1297 s=41 6867ms [sel=3 cap=6746 rest=118] sg=2->2 mode=NONE win=8 obs=42 | cap=wip act=(320,360) d=2.51 a=1 | sp=som:active d=2.5 age=4 dtg=2.87 region=0_0
ep=1297 s=42 7386ms [sel=3 cap=7265 rest=118] sg=2->2 mode=NONE win=8 obs=43 | cap=wip act=(320,360) d=2.26 a=1 | sp=som:active d=2.3 age=5 dtg=2.63 region=0_0
ep=1297 s=43 3227ms [sel=5 cap=3105 rest=117] sg=2->2 mode=NONE win=8 obs=44 | cap=wip act=(320,360) d=2.01 a=1 | sp=som:active d=2.0 age=6 dtg=2.38 region=0_0
ep=1297 s=44 4056ms [sel=3 cap=3932 rest=121] sg=2->2 mode=NONE win=8 obs=45 | cap=wip act=(320,360) d=1.76 a=1 | sp=som:active d=1.8 age=7 dtg=2.13 region=0_0
ep=1297 s=45 8780ms [sel=3 cap=8656 rest=121] sg=2->2 mode=NONE win=8 obs=46 | cap=wip act=(320,360) d=1.51 a=1 | sp=som:active d=1.5 age=8 dtg=1.88 region=0_0
ep=1297 s=46 3534ms [sel=3 cap=3411 rest=120] sg=2->2 mode=NONE win=8 obs=47 | cap=wip act=(320,360) d=1.26 a=1 | sp=som:active d=1.3 age=9 dtg=1.64 region=0_0
ep=1297 s=47 6068ms [sel=3 cap=5946 rest=119] sg=2->2 mode=NONE win=8 obs=48 | cap=wip act=(320,360) d=1.02 a=1 | sp=som:active d=1.0 age=10 dtg=1.39 region=0_0
ep=1297 s=48 3725ms [sel=3 cap=3595 rest=127] sg=2->2 mode=NONE win=8 obs=49 | cap=wip act=(320,360) d=0.77 a=1 | sp=som:active d=0.8 age=11 dtg=1.16 region=0_0
ep=1297 s=49 5930ms [sel=3 cap=5801 rest=126] sg=2->2 mode=NONE win=8 obs=50 | cap=wip act=(320,360) d=0.53 a=2 | sp=som:active d=0.5 age=12 dtg=1.16 region=0_0
ep=1297 s=50 6484ms [sel=3 cap=6357 rest=124] sg=2->2 mode=NONE win=8 obs=51 | cap=wip act=(320,360) d=0.53 a=1 | sp=som:active d=0.5 age=13 dtg=0.91 region=0_0
ep=1297 s=51 7032ms [sel=2345 cap=4569 rest=118] sg=2->2 mode=NONE win=8 obs=52 | cap=wip act=(320,360) d=2.96 a=1 | sp=som:active d=3.0 age=0 som=2/7 dtg=0.66 region=0_0
ep=1297 s=52 10270ms [sel=3 cap=10148 rest=118] sg=2->2 mode=NONE win=8 obs=53 | cap=wip act=(320,360) d=2.72 a=1 | sp=som:active d=2.7 age=1 dtg=0.41 region=0_0
ep=1297 s=53 3265ms [sel=4 cap=3139 rest=123] sg=2->2 mode=NONE win=8 obs=54 | cap=wip act=(320,360) d=2.47 a=3 | sp=som:active d=2.5 age=2 dtg=0.41 region=0_0
ep=1297 s=54 6378ms [sel=4 cap=6253 rest=121] sg=2->2 mode=NONE win=8 obs=55 | cap=wip act=(320,360) d=2.47 a=1 | sp=som:active d=2.5 age=3 dtg=0.21 region=0_9
ep=1297 s=55 9084ms [sel=3 cap=8956 rest=125] sg=2->2 mode=NONE win=8 obs=56 | cap=wip act=(320,360) d=2.22 a=1 | sp=som:active d=2.2 age=4 dtg=0.22 region=0_9
ep=1297 s=56 5498ms [sel=3 cap=5370 rest=126] sg=2->2 mode=NONE win=8 obs=57 | cap=wip act=(320,360) d=1.97 a=1 | sp=som:active d=2.0 age=5 dtg=0.42 region=0_9
ep=1297 s=57 8188ms [sel=3 cap=8059 rest=125] sg=2->2 mode=NONE win=8 obs=58 | cap=wip act=(320,360) d=1.73 a=1 | sp=som:active d=1.7 age=6 dtg=0.66 region=0_9
ep=1297 s=58 4923ms [sel=3 cap=4798 rest=122] sg=2->2 mode=NONE win=8 obs=59 | cap=wip act=(320,360) d=1.48 a=2 | sp=som:active d=1.5 age=7 dtg=0.66 region=0_9
ep=1297 s=59 2454ms [sel=3 cap=2321 rest=130] sg=2->2 mode=NONE win=8 obs=60 | cap=wip act=(320,360) d=1.48 a=1 | sp=som:active d=1.5 age=8 dtg=0.88 region=0_8
ep=1297 s=60 2717ms [sel=3 cap=2589 rest=124] sg=2->2 mode=NONE win=8 obs=61 | cap=wip act=(320,360) d=1.23 a=1 | sp=som:active d=1.2 age=9 dtg=1.12 region=0_8
ep=1297 s=61 5189ms [sel=3 cap=5065 rest=122] sg=2->2 mode=NONE win=8 obs=62 | cap=wip act=(320,360) d=0.98 a=1 | sp=som:active d=1.0 age=10 dtg=1.36 region=0_8
ep=1297 s=62 4862ms [sel=3 cap=4739 rest=120] sg=2->2 mode=NONE win=8 obs=63 | cap=wip act=(320,360) d=0.73 a=1 | sp=som:active d=0.7 age=11 dtg=1.60 region=0_8
ep=1297 s=63 12974ms [sel=5024 cap=7828 rest=122] sg=2->2 mode=NONE win=8 obs=64 | cap=wip act=(320,360) d=2.96 a=3 | sp=som:active d=3.0 age=0 som=4/8 dtg=1.60 region=0_8
ep=1297 s=64 4796ms [sel=4 cap=4672 rest=120] sg=2->2 mode=NONE win=8 obs=65 | cap=wip act=(320,360) d=2.96 a=3 | sp=som:active d=3.0 age=1 dtg=1.60 region=0_8
ep=1297 s=65 7624ms [sel=3 cap=7495 rest=126] sg=2->2 mode=NONE win=8 obs=66 | cap=wip act=(320,360) d=2.96 a=1 | sp=som:active d=3.0 age=2 dtg=1.84 region=0_8
ep=1297 s=66 4349ms [sel=3 cap=4220 rest=126] sg=2->2 mode=NONE win=8 obs=67 | cap=wip act=(320,360) d=2.71 a=1 | sp=som:active d=2.7 age=3 dtg=2.08 region=0_8
ep=1297 s=67 10065ms [sel=1508 cap=8431 rest=125] sg=2->2 mode=NONE win=8 obs=68 | cap=wip act=(320,360) d=2.97 a=1 | sp=som:active d=3.0 age=0 som=3/8 dtg=2.32 region=0_8
ep=1297 s=68 3659ms [sel=3 cap=3529 rest=127] sg=2->2 mode=NONE win=8 obs=69 | cap=wip act=(320,360) d=2.72 a=1 | sp=som:active d=2.7 age=1 dtg=2.57 region=0_8
ep=1297 s=69 2726ms [sel=3 cap=2600 rest=122] sg=2->2 mode=NONE win=8 obs=70 | cap=wip act=(320,360) d=2.47 a=1 | sp=som:active d=2.5 age=2 dtg=2.82 region=0_8
ep=1297 s=70 3722ms [sel=3 cap=3593 rest=126] sg=2->2 mode=NONE win=8 obs=71 | cap=wip act=(320,360) d=2.22 a=1 | sp=som:active d=2.2 age=3 dtg=3.06 region=0_8
ep=1297 s=71 6379ms [sel=3 cap=6252 rest=124] sg=2->2 mode=NONE win=8 obs=72 | cap=wip act=(320,360) d=1.97 a=1 | sp=som:active d=2.0 age=4 dtg=3.31 region=0_8
ep=1297 s=72 3590ms [sel=3 cap=3458 rest=128] sg=2->2 mode=NONE win=8 obs=73 | cap=wip act=(320,360) d=1.72 a=1 | sp=som:active d=1.7 age=5 dtg=3.56 region=0_8
ep=1297 s=73 4953ms [sel=6 cap=4816 rest=132] sg=2->2 mode=NONE win=8 obs=74 | cap=wip act=(320,360) d=1.48 a=1 | sp=som:active d=1.5 age=6 dtg=3.80 region=0_8
ep=1297 s=74 3742ms [sel=3 cap=3602 rest=137] sg=2->2 mode=NONE win=8 obs=75 | cap=wip act=(320,360) d=1.23 a=1 | sp=som:active d=1.2 age=7 dtg=4.05 region=0_8
ep=1297 s=75 2718ms [sel=3 cap=2593 rest=122] sg=2->2 mode=NONE win=8 obs=76 | cap=wip act=(320,360) d=0.98 a=1 | sp=som:active d=1.0 age=8 dtg=4.30 region=0_8
ep=1297 s=76 6112ms [sel=3 cap=5988 rest=120] sg=2->2 mode=NONE win=8 obs=77 | cap=wip act=(320,360) d=0.74 a=1 | sp=som:active d=0.7 age=9 dtg=4.55 region=0_8
ep=1297 s=77 4077ms [sel=4 cap=3953 rest=121] sg=2->2 mode=NONE win=8 obs=78 | cap=wip act=(320,360) d=0.51 a=3 | sp=som:active d=0.5 age=10 dtg=4.55 region=0_8
ep=1297 s=78 7637ms [sel=3 cap=7511 rest=123] sg=2->2 mode=NONE win=8 obs=79 | cap=wip act=(320,360) d=0.51 a=1 | sp=som:active d=0.5 age=11 dtg=4.78 region=0_8
ep=1297 s=79 10694ms [sel=678 cap=9893 rest=123] sg=2->2 mode=NONE win=8 obs=80 | cap=wip act=(320,360) d=3.03 a=2 | sp=som:active d=3.0 age=0 som=3/8 dtg=4.78 region=0_8
ep=1297 s=80 3872ms [sel=3 cap=3745 rest=124] sg=2->2 mode=NONE win=8 obs=81 | cap=wip act=(320,360) d=3.03 a=1 | sp=som:active d=3.0 age=1 dtg=5.03 region=0_8
ep=1297 s=81 4673ms [sel=3 cap=4549 rest=121] sg=2->2 mode=NONE win=8 obs=82 | cap=wip act=(320,360) d=2.78 a=1 | sp=som:active d=2.8 age=2 dtg=5.28 region=0_8
ep=1297 s=82 8444ms [sel=3 cap=8318 rest=122] sg=2->2 mode=NONE win=8 obs=83 | cap=wip act=(320,360) d=2.53 a=3 | sp=som:active d=2.5 age=3 dtg=5.28 region=0_8
ep=1297 s=83 6075ms [sel=3 cap=5941 rest=131] sg=2->2 mode=NONE win=8 obs=84 | cap=wip act=(320,360) d=2.53 a=1 | sp=som:active d=2.5 age=4 dtg=5.52 region=0_8
ep=1297 s=84 7701ms [sel=3 cap=7571 rest=127] sg=2->2 mode=NONE win=8 obs=85 | cap=wip act=(320,360) d=2.28 a=1 | sp=som:active d=2.3 age=5 dtg=5.75 region=0_8
ep=1297 s=85 6616ms [sel=3 cap=6489 rest=124] sg=2->2 mode=NONE win=8 obs=86 | cap=wip act=(320,360) d=2.04 a=1 | sp=som:active d=2.0 age=6 dtg=5.99 region=0_8
ep=1297 s=86 6782ms [sel=3 cap=6653 rest=125] sg=2->2 mode=NONE win=8 obs=87 | cap=wip act=(320,360) d=1.79 a=1 | sp=som:active d=1.8 age=7 dtg=6.23 region=0_8
ep=1297 s=87 4439ms [sel=3 cap=4315 rest=122] sg=2->2 mode=NONE win=8 obs=88 | cap=wip act=(320,360) d=1.55 a=1 | sp=som:active d=1.5 age=8 dtg=6.47 region=0_8
ep=1297 s=88 5987ms [sel=3 cap=5861 rest=123] sg=2->2 mode=NONE win=8 obs=89 | cap=wip act=(320,360) d=1.31 a=2 | sp=som:active d=1.3 age=9 dtg=6.47 region=0_8
ep=1297 s=89 8111ms [sel=21 cap=7528 rest=525] sg=2->2 mode=NONE win=8 obs=90 | cap=wip act=(160,180) d=3.43 a=1 | preview=view3/6 yaw=+15 render=36ms | sp=preview:active d=3.4 age=0 dtg=6.72 region=0_8
ep=1297 s=90 2985ms [sel=3 cap=2857 rest=125] sg=2->2 mode=NONE win=8 obs=91 | cap=wip act=(320,360) d=3.18 a=1 | sp=preview:active d=3.2 age=1 dtg=6.97 region=0_8
ep=1297 s=91 6686ms [sel=3 cap=6560 rest=123] sg=2->2 mode=NONE win=8 obs=92 | cap=wip act=(320,360) d=2.93 a=1 | sp=preview:active d=2.9 age=2 dtg=7.22 region=0_8
ep=1297 s=92 7400ms [sel=3 cap=7275 rest=123] sg=2->2 mode=NONE win=8 obs=93 | cap=wip act=(320,360) d=2.68 a=1 | sp=preview:active d=2.7 age=3 dtg=7.47 region=0_8
ep=1297 s=93 2547ms [sel=3 cap=2423 rest=121] sg=2->2 mode=NONE win=8 obs=94 | cap=wip act=(320,360) d=2.43 a=1 | sp=preview:active d=2.4 age=4 dtg=7.72 region=0_8
ep=1297 s=94 2921ms [sel=3 cap=2796 rest=122] sg=2->2 mode=NONE win=8 obs=95 | cap=wip act=(320,360) d=2.19 a=1 | sp=preview:active d=2.2 age=5 dtg=7.97 region=0_8
ep=1297 s=95 7755ms [sel=3 cap=7629 rest=123] sg=2->2 mode=NONE win=8 obs=96 | cap=wip act=(320,360) d=1.94 a=1 | sp=preview:active d=1.9 age=6 dtg=8.22 region=0_8
ep=1297 s=96 9169ms [sel=3 cap=9041 rest=125] sg=2->2 mode=NONE win=8 obs=97 | cap=wip act=(320,360) d=1.69 a=1 | sp=preview:active d=1.7 age=7 dtg=8.47 region=0_8
ep=1297 s=97 11482ms [sel=21 cap=10912 rest=513] sg=2->2 mode=NONE win=8 obs=98 | cap=wip act=(160,180) d=3.35 a=1 | preview=view3/6 yaw=+0 render=36ms | sp=preview:active d=3.4 age=0 dtg=8.72 region=0_8
ep=1297 s=98 5127ms [sel=3 cap=4998 rest=126] sg=2->2 mode=NONE win=8 obs=99 | cap=wip act=(320,360) d=3.11 a=3 | sp=preview:active d=3.1 age=1 dtg=8.72 region=0_8
ep=1297 s=99 4393ms [sel=3 cap=4262 rest=127] sg=2->2 mode=NONE win=8 obs=100 | cap=wip act=(320,360) d=3.11 a=1 | sp=preview:active d=3.1 age=2 dtg=8.96 region=0_8
ep=1297 s=100 6905ms [sel=3 cap=6769 rest=132] sg=2->2 mode=NONE win=8 obs=101 | cap=wip act=(320,360) d=2.86 a=1 | sp=preview:active d=2.9 age=3 dtg=9.20 region=0_8
ep=1297 s=101 6192ms [sel=3 cap=6059 rest=131] sg=2->2 mode=NONE win=8 obs=102 | cap=wip act=(320,360) d=2.61 a=1 | sp=preview:active d=2.6 age=4 dtg=9.45 region=0_10
ep=1297 s=102 6080ms [sel=3 cap=5945 rest=132] sg=2->2 mode=NONE win=8 obs=103 | cap=wip act=(320,360) d=2.36 a=1 | sp=preview:active d=2.4 age=5 dtg=9.69 region=0_10
ep=1297 s=103 7085ms [sel=3 cap=6947 rest=135] sg=2->2 mode=NONE win=8 obs=104 | cap=wip act=(320,360) d=2.11 a=1 | sp=preview:active d=2.1 age=6 dtg=9.93 region=0_10
ep=1297 s=104 7606ms [sel=4 cap=7470 rest=132] sg=2->2 mode=NONE win=8 obs=105 | cap=wip act=(320,360) d=1.86 a=1 | sp=preview:active d=1.9 age=7 dtg=10.17 region=0_10
ep=1297 s=105 6281ms [sel=3 cap=6147 rest=131] sg=2->2 mode=NONE win=8 obs=106 | cap=wip act=(320,360) d=1.62 a=2 | sp=preview:active d=1.6 age=8 dtg=10.17 region=0_10
ep=1297 s=106 6378ms [sel=3 cap=6249 rest=126] sg=2->2 mode=NONE win=8 obs=107 | cap=wip act=(320,360) d=1.62 a=1 | sp=preview:active d=1.6 age=9 dtg=10.42 region=0_7
ep=1297 s=107 6307ms [sel=3 cap=6179 rest=125] sg=2->2 mode=NONE win=8 obs=108 | cap=wip act=(320,360) d=1.37 a=1 | sp=preview:active d=1.4 age=10 dtg=10.67 region=0_7
ep=1297 s=108 5221ms [sel=3 cap=5092 rest=127] sg=2->2 mode=NONE win=8 obs=109 | cap=wip act=(320,360) d=1.12 a=1 | sp=preview:active d=1.1 age=11 dtg=10.92 region=0_7
ep=1297 s=109 10612ms [sel=2493 cap=7991 rest=127] sg=2->2 mode=NONE win=8 obs=110 | cap=wip act=(320,360) d=2.97 a=1 | sp=som:active d=3.0 age=0 som=3/8 dtg=11.17 region=0_7
ep=1297 s=110 6567ms [sel=3 cap=6434 rest=130] sg=2->2 mode=NONE win=8 obs=111 | cap=wip act=(320,360) d=2.72 a=1 | sp=som:active d=2.7 age=1 dtg=11.42 region=0_7
ep=1297 s=111 13431ms [sel=3 cap=13302 rest=125] sg=2->2 mode=NONE win=8 obs=112 | cap=wip act=(320,360) d=2.47 a=1 | sp=som:active d=2.5 age=2 dtg=11.67 region=0_7
ep=1297 s=112 6840ms [sel=3 cap=6708 rest=129] sg=2->2 mode=NONE win=8 obs=113 | cap=wip act=(320,360) d=2.22 a=1 | sp=som:active d=2.2 age=3 dtg=11.92 region=0_7
ep=1297 s=113 12987ms [sel=3040 cap=9821 rest=126] sg=2->2 mode=NONE win=8 obs=114 | cap=wip act=(320,360) d=2.96 a=1 | sp=som:active d=3.0 age=0 som=3/8 dtg=12.17 region=0_7
ep=1297 s=114 10691ms [sel=3207 cap=7356 rest=128] sg=2->3 mode=NONE win=8 obs=115 | cap=DONE act=(320,360) d=3.06 a=1 | sp=som:active d=3.1 age=0 som=3/8 dtg=12.42 region=0_7
ep=1297 s=115 5983ms [sel=4 cap=5848 rest=131] sg=3->3 mode=NONE win=8 obs=116 | cap=wip act=(320,360) d=2.83 a=1 | sp=som:active d=2.8 age=1 dtg=12.67 region=0_7
ep=1297 s=116 24385ms [sel=3 cap=23818 rest=526] sg=3->3 mode=NONE win=8 obs=117 | cap=wip act=(320,360) d=2.59 a=3 | preview=view-/6 yaw=+0 render=38ms | sp=som:active d=2.6 age=2 dtg=12.67 region=0_7
ep=1297 s=117 8860ms [sel=3 cap=8728 rest=129] sg=3->3 mode=NONE win=8 obs=118 | cap=wip act=(320,360) d=2.59 a=1 | sp=som:active d=2.6 age=3 dtg=12.92 region=0_7
ep=1297 s=118 10170ms [sel=3 cap=10041 rest=126] sg=3->3 mode=NONE win=8 obs=119 | cap=wip act=(320,360) d=2.34 a=1 | sp=som:active d=2.3 age=4 dtg=13.16 region=0_7
ep=1297 s=119 16382ms [sel=3 cap=15780 rest=563] sg=3->3 mode=NONE win=8 obs=120 | cap=wip act=(320,360) d=2.10 a=1 | preview=view-/6 yaw=+0 render=36ms | sp=som:active d=2.1 age=5 dtg=13.40 region=0_7
ep=1297 s=120 6628ms [sel=3 cap=6498 rest=127] sg=3->3 mode=NONE win=8 obs=121 | cap=wip act=(320,360) d=1.85 a=1 | sp=som:active d=1.8 age=6 dtg=13.65 region=0_7
ep=1297 s=121 8256ms [sel=4 cap=8124 rest=127] sg=3->3 mode=NONE win=8 obs=122 | cap=wip act=(320,360) d=1.60 a=1 | sp=som:active d=1.6 age=7 dtg=13.89 region=0_7
ep=1297 s=122 25477ms [sel=4 cap=24923 rest=510] sg=3->3 mode=NONE win=8 obs=123 | cap=wip act=(320,360) d=1.36 a=3 | preview=view-/6 yaw=+0 render=40ms | sp=som:active d=1.4 age=8 dtg=13.89 region=0_7
ep=1297 s=123 14310ms [sel=5 cap=14176 rest=129] sg=3->3 mode=NONE win=8 obs=124 | cap=wip act=(320,360) d=1.36 a=1 | sp=som:active d=1.4 age=9 dtg=14.11 region=0_7
ep=1297 s=124 10351ms [sel=3 cap=10216 rest=132] sg=3->3 mode=NONE win=8 obs=125 | cap=wip act=(320,360) d=1.11 a=3 | sp=som:active d=1.1 age=10 dtg=14.11 region=0_7
ep=1297 s=125 22661ms [sel=3 cap=22094 rest=528] sg=3->3 mode=NONE win=8 obs=126 | cap=wip act=(320,360) d=1.11 a=1 | preview=view-/6 yaw=+0 render=37ms | sp=som:active d=1.1 age=11 dtg=14.30 region=0_7
ep=1297 s=126 15412ms [sel=3 cap=15272 rest=136] sg=3->3 mode=NONE win=8 obs=127 | cap=wip act=(320,360) d=0.87 a=1 | sp=som:active d=0.9 age=12 dtg=14.52 region=0_7
ep=1297 s=127 19549ms [sel=3 cap=19413 rest=133] sg=3->3 mode=NONE win=8 obs=128 | cap=wip act=(320,360) d=0.65 a=2 | sp=som:active d=0.7 age=13 dtg=14.52 region=0_7
ep=1297 s=128 18646ms [sel=3 cap=18056 rest=550] sg=3->3 mode=NONE win=8 obs=129 | cap=wip act=(320,360) d=0.65 a=1 | preview=view-/6 yaw=+0 render=37ms | sp=som:active d=0.7 age=14 dtg=14.80 region=0_7
ep=1297 s=129 10244ms [sel=87 cap=10023 rest=135] sg=3->3 mode=NONE win=8 obs=130 | cap=wip act=(320,360) d=1.59 a=3 | sp=frontier:active d=1.6 age=0 dtg=14.80 region=0_7
ep=1297 s=130 7288ms [sel=4 cap=7150 rest=134] sg=3->3 mode=NONE win=8 obs=131 | cap=wip act=(320,360) d=1.59 a=1 | sp=frontier:active d=1.6 age=1 dtg=14.99 region=0_7
ep=1297 s=131 21873ms [sel=3 cap=21279 rest=535] sg=3->3 mode=NONE win=8 obs=132 | cap=wip act=(320,360) d=1.34 a=1 | preview=view-/6 yaw=+0 render=56ms | sp=frontier:active d=1.3 age=2 dtg=15.19 region=0_7
ep=1297 s=132 10769ms [sel=4 cap=10628 rest=137] sg=3->3 mode=NONE win=8 obs=133 | cap=wip act=(320,360) d=1.10 a=1 | sp=frontier:active d=1.1 age=3 dtg=15.39 region=0_7
ep=1297 s=133 10627ms [sel=4 cap=10493 rest=130] sg=3->3 mode=NONE win=8 obs=134 | cap=wip act=(320,360) d=0.85 a=1 | sp=frontier:active d=0.8 age=4 dtg=15.60 region=0_7
ep=1297 s=134 19173ms [sel=3 cap=18623 rest=510] sg=3->3 mode=NONE win=8 obs=135 | cap=wip act=(320,360) d=0.60 a=2 | preview=view-/6 yaw=+0 render=37ms | sp=frontier:active d=0.6 age=5 dtg=15.60 region=0_7
ep=1297 s=135 25522ms [sel=4 cap=25383 rest=135] sg=3->3 mode=NONE win=8 obs=136 | cap=wip act=(320,360) d=0.60 a=1 | sp=frontier:active d=0.6 age=6 dtg=15.84 region=0_7
ep=1297 s=136 13711ms [sel=4284 cap=9298 rest=129] sg=3->3 mode=NONE win=8 obs=137 | cap=wip act=(320,360) d=0.70 a=2 | sp=som:active d=0.7 age=0 som=1/5 dtg=15.84 region=0_7
ep=1297 s=137 18010ms [sel=4 cap=17460 rest=510] sg=3->3 mode=NONE win=8 obs=138 | cap=wip act=(320,360) d=0.70 a=2 | preview=view-/6 yaw=+0 render=36ms | sp=som:active d=0.7 age=1 dtg=15.84 region=0_7
ep=1297 s=138 22354ms [sel=3 cap=22208 rest=143] sg=3->3 mode=NONE win=8 obs=139 | cap=wip act=(320,360) d=0.70 a=1 | sp=som:active d=0.7 age=2 dtg=16.08 region=0_7
ep=1297 s=139 21684ms [sel=114 cap=21414 rest=155] sg=3->3 mode=NONE win=8 obs=140 | cap=wip act=(320,360) d=5.15 a=2 | sp=frontier:active d=5.1 age=0 dtg=16.08 region=0_7
ep=1297 s=140 26392ms [sel=6 cap=25823 rest=528] sg=3->3 mode=NONE win=8 obs=141 | cap=wip act=(320,360) d=5.15 a=2 | preview=view-/6 yaw=+0 render=36ms | sp=frontier:active d=5.1 age=1 dtg=16.08 region=0_7
ep=1297 s=141 7486ms [sel=6 cap=7346 rest=133] sg=3->3 mode=NONE win=8 obs=142 | cap=wip act=(320,360) d=5.15 a=1 | sp=frontier:active d=5.1 age=2 dtg=16.27 region=0_7
ep=1297 s=142 9969ms [sel=4 cap=9836 rest=128] sg=3->3 mode=NONE win=8 obs=143 | cap=wip act=(320,360) d=4.90 a=2 | sp=frontier:active d=4.9 age=3 dtg=16.27 region=0_7
ep=1297 s=143 13656ms [sel=44 cap=13045 rest=532] sg=3->3 mode=NONE win=8 obs=144 | cap=wip act=(320,360) d=4.90 a=2 | preview=view-/6 yaw=+0 render=36ms | sp=frontier:active d=4.9 age=4 dtg=16.27 region=0_7
ep=1297 s=144 8433ms [sel=34 cap=8264 rest=134] sg=3->3 mode=NONE win=8 obs=145 | cap=wip act=(320,360) d=4.90 a=2 | sp=frontier:active d=4.9 age=5 dtg=16.27 region=0_7
ep=1297 s=145 6982ms [sel=47 cap=6803 rest=131] sg=3->3 mode=NONE win=8 obs=146 | cap=wip act=(320,360) d=4.90 a=2 | sp=frontier:active d=4.9 age=6 dtg=16.27 region=0_7
ep=1297 s=146 30652ms [sel=52 cap=0 rest=30563] sg=None->3 mode=NONE win=8 obs=147 | cap=- act=(320,360) d=4.90 a=2 | preview=view-/6 yaw=+0 render=36ms | sp=frontier:active d=4.9 age=7 ANALYSIS_ERROR_STAGE=decision ANALYSIS_ERROR='CaptionerInferenceError: Captioner model inference failed' dtg=16.27 region=0_7
ep=1297 s=147 10184ms [sel=54 cap=9963 rest=166] sg=3->3 mode=NONE win=8 obs=148 | cap=wip act=(320,360) d=4.90 a=2 | sp=frontier:active d=4.9 age=8 dtg=16.27 region=0_7
ep=1297 s=148 11416ms [sel=47 cap=11215 rest=154] sg=3->3 mode=NONE win=8 obs=149 | cap=wip act=(320,360) d=4.90 a=2 | sp=frontier:active d=4.9 age=9 dtg=16.27 region=0_7
ep=1297 s=149 20800ms [sel=6 cap=20226 rest=534] sg=3->None mode=NONE win=8 obs=150 | cap=DONE act=(320,360) d=1.00 a=1 | preview=view-/6 yaw=+0 render=35ms | sp=frontier:active d=4.9 age=10 ovr=2 door_evts=1 dtg=16.07 region=0_7
ep=1297 s=150 133ms [sel=5 cap=0 rest=128] sg=None->None mode=NONE win=8 obs=151 | cap=- act=(320,360) d=1.00 a=1 | sp=frontier:active d=5.0 age=11 ovr=2 door_evts=1 dtg=15.87 region=0_7
ep=1297 s=151 131ms [sel=6 cap=0 rest=125] sg=None->None mode=NONE win=8 obs=152 | cap=- act=(320,360) d=1.00 a=1 | sp=frontier:active d=5.1 age=12 ovr=2 door_evts=1 dtg=15.67 region=0_7
ep=1297 s=152 125ms [sel=0 cap=0 rest=125] sg=None->None mode=NONE win=8 obs=153 | cap=- act=STOP | sp=frontier:active d=5.2 age=13 ovr=2 door_evts=1 dtg=15.67 region=0_7
rank=0 [13/17] id=1297 steps=153 success=0.000 spl=0.000 dtg=15.67 osr=1 path_length=27.89 ndtw=0.005 sdtw=0.000
PluginManager::Manager: duplicate static plugin StbImageImporter, ignoring
PluginManager::Manager: duplicate static plugin GltfImporter, ignoring
PluginManager::Manager: duplicate static plugin BasisImporter, ignoring
PluginManager::Manager: duplicate static plugin AssimpImporter, ignoring
PluginManager::Manager: duplicate static plugin AnySceneImporter, ignoring
PluginManager::Manager: duplicate static plugin AnyImageImporter, ignoring
episode=1382 instruction='Toward the cock. Left past the mirror. To the left of the bed, into the closet. Halt.' start_position=[22.13800048828125, 0.12711000442504883, -3.077199935913086] goal_position=[29.16200065612793, 0.12711000442504883, -1.2790299654006958] reference_geodesic=8.593505859375
episode=1382 prepared_subgoals=4
  [1] Go toward the cock
      proof: The cock is beside or directly ahead of the camera, within a step; the camera has not yet turned left.
  [2] Turn left past the mirror, then walk to the left of the bed
      proof: The bed is directly ahead of the camera, within a step.
  [3] Enter the closet
      proof: The camera has crossed the closet threshold and the closet interior is central in the view.
  [4] Halt beside the closet
      proof: The camera is stopped beside the closet, with no movement detected
ep=1382 s=0 12151ms [sel=36 cap=11695 rest=380] sg=1->1 mode=NONE win=1 obs=1 | cap=wip act=(160,180) d=3.45 a=3 | preview=view2/6 yaw=+0 render=41ms | sp=preview:active d=3.5 age=0 dtg=8.59 region=0_16
ep=1382 s=1 5040ms [sel=6 cap=4930 rest=103] sg=1->1 mode=NONE win=2 obs=2 | cap=wip act=(320,360) d=3.45 a=3 | sp=preview:active d=3.5 age=1 dtg=8.59 region=0_16
ep=1382 s=2 10787ms [sel=6 cap=10684 rest=97] sg=1->1 mode=NONE win=3 obs=3 | cap=wip act=(320,360) d=3.45 a=3 | sp=preview:active d=3.5 age=2 dtg=8.59 region=0_16
ep=1382 s=3 6185ms [sel=6 cap=6077 rest=103] sg=1->1 mode=NONE win=4 obs=4 | cap=wip act=(320,360) d=3.45 a=3 | sp=preview:active d=3.5 age=3 dtg=8.59 region=0_16
ep=1382 s=4 12560ms [sel=34 cap=12125 rest=365] sg=1->1 mode=NONE win=5 obs=5 | cap=wip act=(160,180) d=3.35 a=3 | preview=view1/6 yaw=-60 render=37ms | sp=preview:active d=3.4 age=0 dtg=8.59 region=0_16
ep=1382 s=5 14121ms [sel=8 cap=14031 rest=81] sg=1->1 mode=NONE win=6 obs=6 | cap=wip act=(320,360) d=3.35 a=3 | sp=preview:active d=3.4 age=1 dtg=8.59 region=0_16
ep=1382 s=6 6954ms [sel=6 cap=6870 rest=78] sg=1->1 mode=NONE win=7 obs=7 | cap=wip act=(320,360) d=3.35 a=3 | sp=preview:active d=3.4 age=2 dtg=8.59 region=0_16
ep=1382 s=7 12921ms [sel=6 cap=12833 rest=81] sg=1->1 mode=NONE win=8 obs=8 | cap=wip act=(320,360) d=3.35 a=3 | sp=preview:active d=3.4 age=3 dtg=8.59 region=0_16
ep=1382 s=8 4087ms [sel=5 cap=4000 rest=81] sg=1->1 mode=NONE win=8 obs=9 | cap=wip act=(320,360) d=3.35 a=3 | sp=preview:active d=3.4 age=4 dtg=8.59 region=0_16
ep=1382 s=9 10624ms [sel=4 cap=10536 rest=84] sg=1->1 mode=NONE win=8 obs=10 | cap=wip act=(320,360) d=3.35 a=3 | sp=preview:active d=3.4 age=5 dtg=8.59 region=0_16
ep=1382 s=10 6308ms [sel=4 cap=6213 rest=91] sg=1->1 mode=NONE win=8 obs=11 | cap=wip act=(320,360) d=3.35 a=3 | sp=preview:active d=3.4 age=6 dtg=8.59 region=0_16
ep=1382 s=11 5460ms [sel=8 cap=5019 rest=396] sg=1->1 mode=NONE win=8 obs=12 | cap=wip act=(320,360) d=3.35 a=3 | preview=view-/6 yaw=+0 render=37ms | sp=preview:active d=3.4 age=7 dtg=8.59 region=0_16
ep=1382 s=12 6664ms [sel=5 cap=6554 rest=104] sg=1->1 mode=NONE win=8 obs=13 | cap=wip act=(320,360) d=3.35 a=1 | sp=preview:active d=3.4 age=8 dtg=8.34 region=0_16
ep=1382 s=13 7853ms [sel=6 cap=7742 rest=105] sg=1->1 mode=NONE win=8 obs=14 | cap=wip act=(320,360) d=3.60 a=3 | sp=preview:active d=3.6 age=9 dtg=8.34 region=0_16
ep=1382 s=14 8582ms [sel=4 cap=8469 rest=110] sg=1->1 mode=NONE win=8 obs=15 | cap=wip act=(320,360) d=3.60 a=1 | sp=preview:active d=3.6 age=10 dtg=8.10 region=0_16
ep=1382 s=15 11088ms [sel=5 cap=10978 rest=104] sg=1->1 mode=NONE win=8 obs=16 | cap=wip act=(320,360) d=3.84 a=3 | sp=preview:active d=3.8 age=11 dtg=8.10 region=0_16
ep=1382 s=16 6817ms [sel=4 cap=6704 rest=109] sg=1->1 mode=NONE win=8 obs=17 | cap=wip act=(320,360) d=3.84 a=1 | sp=preview:active d=3.8 age=12 dtg=7.90 region=0_16
ep=1382 s=17 10596ms [sel=4 cap=10480 rest=111] sg=1->1 mode=NONE win=8 obs=18 | cap=wip act=(320,360) d=4.06 a=3 | sp=preview:active d=4.1 age=13 dtg=7.90 region=0_16
ep=1382 s=18 9659ms [sel=37 cap=9154 rest=431] sg=1->1 mode=NONE win=8 obs=19 | cap=wip act=(160,180) d=3.96 a=1 | preview=view5/6 yaw=+165 render=36ms | sp=preview:active d=4.0 age=0 dtg=7.83 region=0_16
ep=1382 s=19 9184ms [sel=4 cap=9074 rest=107] sg=1->1 mode=NONE win=8 obs=20 | cap=wip act=(320,360) d=4.15 a=1 | sp=preview:active d=4.1 age=1 dtg=7.82 region=0_16
ep=1382 s=20 6133ms [sel=4 cap=6024 rest=104] sg=1->1 mode=NONE win=8 obs=21 | cap=wip act=(320,360) d=4.34 a=3 | sp=preview:active d=4.3 age=2 dtg=7.82 region=0_16
ep=1382 s=21 6548ms [sel=4 cap=6437 rest=107] sg=1->1 mode=NONE win=8 obs=22 | cap=wip act=(320,360) d=4.34 a=3 | sp=preview:active d=4.3 age=3 dtg=7.82 region=0_16
ep=1382 s=22 5117ms [sel=5 cap=5007 rest=105] sg=1->1 mode=NONE win=8 obs=23 | cap=wip act=(320,360) d=4.34 a=1 | sp=preview:active d=4.3 age=4 dtg=7.98 region=0_16
ep=1382 s=23 7174ms [sel=4 cap=7067 rest=103] sg=1->1 mode=NONE win=8 obs=24 | cap=wip act=(320,360) d=4.44 a=1 | sp=preview:active d=4.4 age=5 dtg=8.17 region=0_16
ep=1382 s=24 4325ms [sel=4 cap=4220 rest=102] sg=1->1 mode=NONE win=8 obs=25 | cap=wip act=(320,360) d=4.55 a=2 | sp=preview:active d=4.5 age=6 dtg=8.17 region=0_16
ep=1382 s=25 6527ms [sel=6 cap=6414 rest=106] sg=1->1 mode=NONE win=8 obs=26 | cap=wip act=(320,360) d=4.55 a=1 | sp=preview:active d=4.5 age=7 dtg=8.34 region=0_16
ep=1382 s=26 6604ms [sel=4 cap=6491 rest=109] sg=1->1 mode=NONE win=8 obs=27 | cap=wip act=(320,360) d=4.72 a=1 | sp=preview:active d=4.7 age=8 dtg=8.52 region=0_16
ep=1382 s=27 6480ms [sel=4 cap=6379 rest=96] sg=1->1 mode=NONE win=8 obs=28 | cap=wip act=(320,360) d=4.90 a=1 | sp=preview:active d=4.9 age=9 dtg=8.72 region=0_28
ep=1382 s=28 8430ms [sel=45 cap=8285 rest=100] sg=1->1 mode=NONE win=8 obs=29 | cap=wip act=(320,360) d=5.08 a=1 | sp=preview:active d=5.1 age=10 dtg=8.93 region=0_28
ep=1382 s=29 7779ms [sel=4 cap=7661 rest=114] sg=1->1 mode=NONE win=8 obs=30 | cap=wip act=(320,360) d=5.27 a=1 | sp=preview:active d=5.3 age=11 dtg=9.14 region=0_28
ep=1382 s=30 8501ms [sel=6 cap=8395 rest=101] sg=1->1 mode=NONE win=8 obs=31 | cap=wip act=(320,360) d=5.47 a=3 | sp=preview:active d=5.5 age=12 dtg=9.14 region=0_28
ep=1382 s=31 10819ms [sel=4 cap=10716 rest=99] sg=1->1 mode=NONE win=8 obs=32 | cap=wip act=(320,360) d=5.47 a=1 | sp=preview:active d=5.5 age=13 dtg=9.38 region=0_28
ep=1382 s=32 5545ms [sel=0 cap=5441 rest=104] sg=1->2 mode=NONE win=8 obs=33 | cap=DONE act=TURN request=-45deg execute=-15deg x1 a=2 | sp=preview:active d=5.6 age=14 dtg=9.38 region=0_28
ep=1382 s=33 9847ms [sel=0 cap=9746 rest=102] sg=2->2 mode=NONE win=8 obs=34 | cap=wip act=TURN request=-45deg execute=-15deg x1 a=2 dtg=9.38 region=0_28
ep=1382 s=34 5863ms [sel=0 cap=5764 rest=99] sg=2->2 mode=NONE win=8 obs=35 | cap=wip act=TURN request=-45deg execute=-15deg x1 a=2 dtg=9.38 region=0_28
ep=1382 s=35 7897ms [sel=0 cap=7804 rest=93] sg=2->2 mode=NONE win=8 obs=36 | cap=wip act=TURN request=-45deg execute=-15deg x1 a=2 dtg=9.38 region=0_28
ep=1382 s=36 7842ms [sel=0 cap=7753 rest=89] sg=2->2 mode=NONE win=8 obs=37 | cap=wip act=TURN request=-45deg execute=-15deg x1 a=2 dtg=9.38 region=0_28
ep=1382 s=37 12709ms [sel=58 cap=12559 rest=92] sg=2->2 mode=NONE win=8 obs=38 | cap=wip act=(320,360) d=3.04 a=3 | sp=frontier:active d=3.0 age=0 dtg=9.38 region=0_28
ep=1382 s=38 3240ms [sel=22 cap=3128 rest=90] sg=2->2 mode=NONE win=8 obs=39 | cap=wip act=(320,360) d=3.04 a=3 | sp=frontier:active d=3.0 age=1 dtg=9.38 region=0_28
ep=1382 s=39 15746ms [sel=4 cap=15646 rest=96] sg=2->2 mode=NONE win=8 obs=40 | cap=wip act=(320,360) d=3.04 a=3 | sp=frontier:active d=3.0 age=2 dtg=9.38 region=0_28
ep=1382 s=40 10750ms [sel=3 cap=10650 rest=98] sg=2->2 mode=NONE win=8 obs=41 | cap=wip act=(320,360) d=3.04 a=1 | sp=frontier:active d=3.0 age=3 dtg=9.56 region=0_28
ep=1382 s=41 7687ms [sel=4 cap=7591 rest=92] sg=2->2 mode=NONE win=8 obs=42 | cap=wip act=(320,360) d=2.79 a=3 | sp=frontier:active d=2.8 age=4 dtg=9.56 region=0_28
ep=1382 s=42 5936ms [sel=3 cap=5833 rest=100] sg=2->2 mode=NONE win=8 obs=43 | cap=wip act=(320,360) d=2.79 a=1 | sp=frontier:active d=2.8 age=5 dtg=9.78 region=0_28
ep=1382 s=43 9667ms [sel=3 cap=9564 rest=101] sg=2->2 mode=NONE win=8 obs=44 | cap=wip act=(320,360) d=2.55 a=3 | sp=frontier:active d=2.5 age=6 dtg=9.78 region=0_28
ep=1382 s=44 5534ms [sel=3 cap=5423 rest=108] sg=2->2 mode=NONE win=8 obs=45 | cap=wip act=(320,360) d=2.55 a=1 | sp=frontier:active d=2.5 age=7 dtg=10.02 region=0_28
ep=1382 s=45 5639ms [sel=4 cap=5524 rest=112] sg=2->2 mode=NONE win=8 obs=46 | cap=wip act=(320,360) d=2.32 a=1 | sp=frontier:active d=2.3 age=8 dtg=10.26 region=0_28
ep=1382 s=46 6238ms [sel=3 cap=6115 rest=120] sg=2->2 mode=NONE win=8 obs=47 | cap=wip act=(320,360) d=2.10 a=1 | sp=frontier:active d=2.1 age=9 dtg=10.51 region=0_28
ep=1382 s=47 12227ms [sel=3 cap=12107 rest=118] sg=2->2 mode=NONE win=8 obs=48 | cap=wip act=(320,360) d=1.88 a=1 | sp=frontier:active d=1.9 age=10 dtg=10.75 region=0_28
ep=1382 s=48 6755ms [sel=3 cap=6632 rest=120] sg=2->2 mode=NONE win=8 obs=49 | cap=wip act=(320,360) d=1.67 a=2 | sp=frontier:active d=1.7 age=11 dtg=10.75 region=0_28
ep=1382 s=49 7004ms [sel=3 cap=6887 rest=114] sg=2->2 mode=NONE win=8 obs=50 | cap=wip act=(320,360) d=1.67 a=1 | sp=frontier:active d=1.7 age=12 dtg=10.98 region=0_28
ep=1382 s=50 3971ms [sel=3 cap=3850 rest=118] sg=2->2 mode=NONE win=8 obs=51 | cap=wip act=(320,360) d=1.44 a=2 | sp=frontier:active d=1.4 age=13 dtg=10.98 region=0_28
ep=1382 s=51 5394ms [sel=3 cap=5280 rest=111] sg=2->2 mode=NONE win=8 obs=52 | cap=wip act=(320,360) d=1.44 a=1 | sp=frontier:active d=1.4 age=14 dtg=11.19 region=0_28
ep=1382 s=52 7562ms [sel=4 cap=7447 rest=111] sg=2->2 mode=NONE win=8 obs=53 | cap=wip act=(320,360) d=1.20 a=1 | sp=frontier:active d=1.2 age=15 dtg=11.42 region=0_28
ep=1382 s=53 6475ms [sel=1980 cap=4373 rest=122] sg=2->2 mode=NONE win=8 obs=54 | cap=wip act=(320,360) d=2.88 a=1 | sp=som:active d=2.9 age=0 som=2/8 dtg=11.66 region=0_28
ep=1382 s=54 9110ms [sel=3 cap=8985 rest=122] sg=2->2 mode=NONE win=8 obs=55 | cap=wip act=(320,360) d=2.64 a=1 | sp=som:active d=2.6 age=1 dtg=11.90 region=0_28
ep=1382 s=55 13119ms [sel=3 cap=12989 rest=127] sg=2->2 mode=NONE win=8 obs=56 | cap=wip act=(320,360) d=2.40 a=1 | sp=som:active d=2.4 age=2 dtg=12.15 region=0_12
ep=1382 s=56 12478ms [sel=3 cap=12354 rest=121] sg=2->2 mode=NONE win=8 obs=57 | cap=wip act=(320,360) d=2.17 a=1 | sp=som:active d=2.2 age=3 dtg=12.39 region=0_12
ep=1382 s=57 8018ms [sel=3 cap=7897 rest=118] sg=2->2 mode=NONE win=8 obs=58 | cap=wip act=(320,360) d=1.94 a=1 | sp=som:active d=1.9 age=4 dtg=12.64 region=0_12
ep=1382 s=58 9468ms [sel=3 cap=9355 rest=110] sg=2->2 mode=NONE win=8 obs=59 | cap=wip act=(320,360) d=1.72 a=2 | sp=som:active d=1.7 age=5 dtg=12.64 region=0_12
ep=1382 s=59 10138ms [sel=3 cap=10024 rest=111] sg=2->2 mode=NONE win=8 obs=60 | cap=wip act=(320,360) d=1.72 a=1 | sp=som:active d=1.7 age=6 dtg=12.87 region=0_12
ep=1382 s=60 11072ms [sel=3 cap=10947 rest=122] sg=2->2 mode=NONE win=8 obs=61 | cap=wip act=(320,360) d=1.47 a=2 | sp=som:active d=1.5 age=7 dtg=12.87 region=0_12
ep=1382 s=61 11545ms [sel=3 cap=11423 rest=119] sg=2->2 mode=NONE win=8 obs=62 | cap=wip act=(320,360) d=1.47 a=1 | sp=som:active d=1.5 age=8 dtg=13.08 region=0_12
ep=1382 s=62 9001ms [sel=3 cap=8879 rest=119] sg=2->2 mode=NONE win=8 obs=63 | cap=wip act=(320,360) d=1.22 a=2 | sp=som:active d=1.2 age=9 dtg=13.08 region=0_12
ep=1382 s=63 15443ms [sel=4 cap=15311 rest=128] sg=2->2 mode=NONE win=8 obs=64 | cap=wip act=(320,360) d=1.22 a=1 | sp=som:active d=1.2 age=10 dtg=13.27 region=0_12
ep=1382 s=64 10285ms [sel=3 cap=10154 rest=128] sg=2->2 mode=NONE win=8 obs=65 | cap=wip act=(320,360) d=0.98 a=1 | sp=som:active d=1.0 age=11 dtg=13.49 region=0_12
ep=1382 s=65 13290ms [sel=3 cap=12727 rest=520] sg=2->2 mode=NONE win=8 obs=66 | cap=wip act=(320,360) d=0.75 a=3 | preview=view-/6 yaw=+0 render=40ms | sp=som:active d=0.7 age=12 dtg=13.49 region=0_12
ep=1382 s=66 15444ms [sel=3 cap=15317 rest=123] sg=2->2 mode=NONE win=8 obs=67 | cap=wip act=(320,360) d=0.75 a=1 | sp=som:active d=0.7 age=13 dtg=13.74 region=0_12
ep=1382 s=67 17025ms [sel=4 cap=16884 rest=137] sg=2->2 mode=NONE win=8 obs=68 | cap=wip act=(320,360) d=0.50 a=1 | sp=som:active d=0.5 age=14 dtg=13.99 region=0_12
ep=1382 s=68 20575ms [sel=21 cap=20029 rest=488] sg=2->2 mode=NONE win=8 obs=69 | cap=wip act=(160,180) d=1.82 a=3 | preview=view4/6 yaw=+45 render=38ms | sp=preview:active d=1.8 age=0 dtg=13.99 region=0_12
ep=1382 s=69 11636ms [sel=3 cap=11502 rest=130] sg=2->2 mode=NONE win=8 obs=70 | cap=wip act=(320,360) d=1.82 a=1 | sp=preview:active d=1.8 age=1 dtg=14.23 region=0_12
ep=1382 s=70 18608ms [sel=44 cap=18436 rest=128] sg=2->3 mode=NONE win=8 obs=71 | cap=DONE act=(320,360) d=1.83 a=1 | sp=frontier:active d=1.8 age=0 dtg=14.48 region=0_12
ep=1382 s=71 20322ms [sel=3 cap=20191 rest=128] sg=3->3 mode=NONE win=8 obs=72 | cap=wip act=(320,360) d=1.61 a=2 | sp=frontier:active d=1.6 age=1 dtg=14.48 region=0_12
ep=1382 s=72 12096ms [sel=7 cap=11965 rest=124] sg=3->3 mode=NONE win=8 obs=73 | cap=wip act=(320,360) d=1.61 a=1 | sp=frontier:active d=1.6 age=2 dtg=14.73 region=0_1
ep=1382 s=73 12901ms [sel=9 cap=12767 rest=125] sg=3->3 mode=NONE win=8 obs=74 | cap=wip act=(320,360) d=1.45 a=3 | sp=frontier:active d=1.5 age=3 dtg=14.73 region=0_1
ep=1382 s=74 13459ms [sel=4 cap=13329 rest=126] sg=3->3 mode=NONE win=8 obs=75 | cap=wip act=(320,360) d=1.45 a=3 | sp=frontier:active d=1.5 age=4 dtg=14.73 region=0_1
ep=1382 s=75 11756ms [sel=3 cap=11626 rest=127] sg=3->3 mode=GET_NOWHERE win=8 obs=76 | cap=wip/GET_NOWHERE act=(320,360) d=1.45 a=1 | sp=frontier:active d=1.5 age=5 dtg=14.96 region=0_1
ep=1382 s=76 21055ms [sel=3 cap=20925 rest=127] sg=3->3 mode=NONE win=8 obs=77 | cap=wip act=(320,360) d=1.23 a=3 | sp=frontier:active d=1.2 age=6 dtg=14.96 region=0_1
ep=1382 s=77 19355ms [sel=3 cap=19222 rest=130] sg=3->3 mode=NONE win=8 obs=78 | cap=wip act=(320,360) d=1.23 a=1 | sp=frontier:active d=1.2 age=7 dtg=15.17 region=0_1
ep=1382 s=78 10852ms [sel=3 cap=10682 rest=167] sg=3->3 mode=NONE win=8 obs=79 | cap=wip act=(320,360) d=0.99 a=3 | sp=frontier:active d=1.0 age=8 dtg=15.17 region=0_1
ep=1382 s=79 21525ms [sel=3 cap=21400 rest=122] sg=3->3 mode=NONE win=8 obs=80 | cap=wip act=(320,360) d=0.99 a=1 | sp=frontier:active d=1.0 age=9 dtg=15.37 region=0_1
ep=1382 s=80 13243ms [sel=3 cap=13113 rest=127] sg=3->3 mode=NONE win=8 obs=81 | cap=wip act=(320,360) d=0.74 a=1 | sp=frontier:active d=0.7 age=10 dtg=15.60 region=0_1
ep=1382 s=81 15555ms [sel=52 cap=15377 rest=125] sg=3->3 mode=NONE win=8 obs=82 | cap=wip act=(320,360) d=2.71 a=1 | sp=frontier:active d=2.7 age=0 dtg=15.84 region=0_1
ep=1382 s=82 10175ms [sel=3 cap=10042 rest=130] sg=3->3 mode=NONE win=8 obs=83 | cap=wip act=(320,360) d=2.46 a=1 | sp=frontier:active d=2.5 age=1 dtg=16.09 region=0_1
ep=1382 s=83 14447ms [sel=3 cap=14319 rest=125] sg=3->3 mode=NONE win=8 obs=84 | cap=wip act=(320,360) d=2.22 a=1 | sp=frontier:active d=2.2 age=2 dtg=16.33 region=0_1
ep=1382 s=84 14053ms [sel=3 cap=13924 rest=125] sg=3->3 mode=NONE win=8 obs=85 | cap=wip act=(320,360) d=1.97 a=1 | sp=frontier:active d=2.0 age=3 dtg=16.58 region=0_1
ep=1382 s=85 16694ms [sel=3 cap=16558 rest=133] sg=3->3 mode=NONE win=8 obs=86 | cap=wip act=(320,360) d=1.73 a=1 | sp=frontier:active d=1.7 age=4 dtg=16.83 region=0_1
ep=1382 s=86 15911ms [sel=3 cap=15776 rest=133] sg=3->3 mode=NONE win=8 obs=87 | cap=wip act=(320,360) d=1.49 a=1 | sp=frontier:active d=1.5 age=5 dtg=17.08 region=0_1
ep=1382 s=87 15345ms [sel=3 cap=15208 rest=133] sg=3->3 mode=NONE win=8 obs=88 | cap=wip act=(320,360) d=1.25 a=1 | sp=frontier:active d=1.2 age=6 dtg=17.33 region=0_1
ep=1382 s=88 11934ms [sel=4 cap=11805 rest=126] sg=3->3 mode=NONE win=8 obs=89 | cap=wip act=(320,360) d=1.02 a=1 | sp=frontier:active d=1.0 age=7 dtg=17.58 region=0_1
ep=1382 s=89 9592ms [sel=3 cap=9465 rest=123] sg=3->3 mode=NONE win=8 obs=90 | cap=wip act=(320,360) d=0.80 a=2 | sp=frontier:active d=0.8 age=8 dtg=17.58 region=0_1
ep=1382 s=90 8006ms [sel=3 cap=7878 rest=125] sg=3->3 mode=NONE win=8 obs=91 | cap=wip act=(320,360) d=0.80 a=1 | sp=frontier:active d=0.8 age=9 dtg=17.82 region=0_1
ep=1382 s=91 11950ms [sel=3 cap=11820 rest=127] sg=3->3 mode=NONE win=8 obs=92 | cap=wip act=(320,360) d=0.56 a=2 | sp=frontier:active d=0.6 age=10 dtg=17.82 region=0_1
ep=1382 s=92 14492ms [sel=3 cap=14359 rest=130] sg=3->3 mode=NONE win=8 obs=93 | cap=wip act=(320,360) d=0.56 a=1 | sp=frontier:active d=0.6 age=11 dtg=18.05 region=0_1
ep=1382 s=93 22410ms [sel=64 cap=22214 rest=132] sg=3->3 mode=NONE win=8 obs=94 | cap=wip act=(320,360) d=2.66 a=1 | sp=frontier:active d=2.7 age=0 dtg=18.28 region=0_1
ep=1382 s=94 18505ms [sel=3 cap=18369 rest=134] sg=3->3 mode=NONE win=8 obs=95 | cap=wip act=(320,360) d=2.43 a=1 | sp=frontier:active d=2.4 age=1 dtg=18.71 region=0_1
ep=1382 s=95 18127ms [sel=3 cap=17995 rest=129] sg=3->3 mode=GET_NOWHERE win=8 obs=96 | cap=wip/GET_NOWHERE act=(320,360) d=2.21 a=1 | sp=frontier:active d=2.2 age=2 dtg=18.95 region=0_1
ep=1382 s=96 15867ms [sel=3 cap=15737 rest=127] sg=3->3 mode=NONE win=8 obs=97 | cap=wip act=(320,360) d=1.99 a=1 | sp=frontier:active d=2.0 age=3 dtg=19.18 region=0_1
ep=1382 s=97 15092ms [sel=3 cap=14961 rest=128] sg=3->3 mode=NONE win=8 obs=98 | cap=wip act=(320,360) d=1.79 a=3 | sp=frontier:active d=1.8 age=4 dtg=19.18 region=0_1
ep=1382 s=98 25498ms [sel=16 cap=24914 rest=532] sg=3->3 mode=NONE win=8 obs=99 | cap=wip act=(160,180) d=1.79 a=1 | preview=view4/6 yaw=+75 render=36ms | sp=frontier:active d=1.8 age=5 dtg=19.39 region=0_1
ep=1382 s=99 14672ms [sel=7 cap=14536 rest=129] sg=3->3 mode=NONE win=8 obs=100 | cap=wip act=(320,360) d=1.65 a=1 | sp=frontier:active d=1.6 age=6 dtg=19.60 region=0_1
ep=1382 s=100 9520ms [sel=8 cap=9378 rest=133] sg=3->3 mode=NONE win=8 obs=101 | cap=wip act=(320,360) d=1.53 a=1 | sp=frontier:active d=1.5 age=7 dtg=19.82 region=0_1
ep=1382 s=101 14729ms [sel=61 cap=14131 rest=501] sg=3->3 mode=NONE win=8 obs=102 | cap=wip act=(160,180) d=5.30 a=3 | preview=view5/6 yaw=+90 render=37ms | sp=preview:active d=5.3 age=0 dtg=19.82 region=0_1
ep=1382 s=102 22986ms [sel=37 cap=22822 rest=127] sg=3->3 mode=NONE win=8 obs=103 | cap=wip act=(320,360) d=5.30 a=3 | sp=preview:active d=5.3 age=1 dtg=19.82 region=0_1
ep=1382 s=103 21241ms [sel=34 cap=21082 rest=124] sg=3->3 mode=NONE win=8 obs=104 | cap=wip act=(320,360) d=5.30 a=3 | sp=preview:active d=5.3 age=2 dtg=19.82 region=0_1
ep=1382 s=104 14804ms [sel=22 cap=14232 rest=513] sg=3->3 mode=NONE win=8 obs=105 | cap=wip act=(320,360) d=5.30 a=3 | preview=view-/6 yaw=+0 render=37ms | sp=preview:active d=5.3 age=3 dtg=19.82 region=0_1
ep=1382 s=105 13808ms [sel=6 cap=13675 rest=127] sg=3->3 mode=NONE win=8 obs=106 | cap=wip act=(320,360) d=5.30 a=3 | sp=preview:active d=5.3 age=4 dtg=19.82 region=0_1
ep=1382 s=106 15013ms [sel=5 cap=14882 rest=126] sg=3->3 mode=NONE win=8 obs=107 | cap=wip act=(320,360) d=5.30 a=1 | sp=preview:active d=5.3 age=5 dtg=19.77 region=0_1
ep=1382 s=107 11297ms [sel=4 cap=11170 rest=123] sg=3->3 mode=NONE win=8 obs=108 | cap=wip act=(320,360) d=5.06 a=1 | sp=preview:active d=5.1 age=6 dtg=19.74 region=0_2
ep=1382 s=108 12185ms [sel=3 cap=12059 rest=123] sg=3->3 mode=NONE win=8 obs=109 | cap=wip act=(320,360) d=4.81 a=1 | sp=preview:active d=4.8 age=7 dtg=19.72 region=0_2
ep=1382 s=109 12358ms [sel=3 cap=12235 rest=120] sg=3->3 mode=NONE win=8 obs=110 | cap=wip act=(320,360) d=4.57 a=1 | sp=preview:active d=4.6 age=8 dtg=19.73 region=0_2
ep=1382 s=110 19261ms [sel=3 cap=19136 rest=121] sg=3->3 mode=NONE win=8 obs=111 | cap=wip act=(320,360) d=4.33 a=1 | sp=preview:active d=4.3 age=9 dtg=19.75 region=0_2
ep=1382 s=111 18946ms [sel=17 cap=18394 rest=498] sg=3->3 mode=NONE win=8 obs=112 | cap=wip act=(160,180) d=0.94 a=1 | preview=view2/6 yaw=-45 render=38ms | sp=preview:active d=0.9 age=0 dtg=19.79 region=0_2
ep=1382 s=112 10437ms [sel=3 cap=10311 rest=123] sg=3->3 mode=NONE win=8 obs=113 | cap=wip act=(320,360) d=0.69 a=1 | sp=preview:active d=0.7 age=1 dtg=19.84 region=0_2
ep=1382 s=113 13954ms [sel=67 cap=13740 rest=147] sg=3->3 mode=NONE win=8 obs=114 | cap=wip act=(320,360) d=3.45 a=1 | sp=frontier:active d=3.4 age=0 dtg=19.93 region=0_2
ep=1382 s=114 23478ms [sel=4 cap=23355 rest=119] sg=3->3 mode=NONE win=8 obs=115 | cap=wip act=(320,360) d=3.20 a=3 | sp=frontier:active d=3.2 age=1 dtg=19.93 region=0_2
ep=1382 s=115 14142ms [sel=3 cap=14012 rest=127] sg=3->3 mode=NONE win=8 obs=116 | cap=wip act=(320,360) d=3.20 a=1 | sp=frontier:active d=3.2 age=2 dtg=20.00 region=0_2
ep=1382 s=116 16723ms [sel=3 cap=16605 rest=115] sg=3->3 mode=NONE win=8 obs=117 | cap=wip act=(320,360) d=2.95 a=3 | sp=frontier:active d=3.0 age=3 dtg=20.00 region=0_2
ep=1382 s=117 21303ms [sel=3 cap=21189 rest=111] sg=3->3 mode=NONE win=8 obs=118 | cap=wip act=(320,360) d=2.95 a=1 | sp=frontier:active d=3.0 age=4 dtg=20.26 region=0_2
ep=1382 s=118 17167ms [sel=3 cap=17049 rest=116] sg=3->3 mode=NONE win=8 obs=119 | cap=wip act=(320,360) d=2.71 a=3 | sp=frontier:active d=2.7 age=5 dtg=20.26 region=0_2
ep=1382 s=119 21757ms [sel=3 cap=21611 rest=143] sg=3->3 mode=NONE win=8 obs=120 | cap=wip act=(320,360) d=2.71 a=1 | sp=frontier:active d=2.7 age=6 dtg=20.03 region=0_2
ep=1382 s=120 9134ms [sel=3 cap=9008 rest=123] sg=3->3 mode=NONE win=8 obs=121 | cap=wip act=(320,360) d=2.50 a=1 | sp=frontier:active d=2.5 age=7 dtg=19.82 region=0_2
ep=1382 s=121 23299ms [sel=3 cap=23154 rest=142] sg=3->3 mode=NONE win=8 obs=122 | cap=wip act=(320,360) d=2.30 a=1 | sp=frontier:active d=2.3 age=8 dtg=19.63 region=0_12
ep=1382 s=122 19143ms [sel=4 cap=19023 rest=116] sg=3->3 mode=NONE win=8 obs=123 | cap=wip act=(320,360) d=2.10 a=1 | sp=frontier:active d=2.1 age=9 dtg=19.49 region=0_12
ep=1382 s=123 15134ms [sel=11 cap=15006 rest=117] sg=3->3 mode=NONE win=8 obs=124 | cap=wip act=(320,360) d=1.92 a=2 | sp=frontier:active d=1.9 age=10 dtg=19.49 region=0_12
ep=1382 s=124 14265ms [sel=4 cap=14144 rest=118] sg=3->3 mode=NONE win=8 obs=125 | cap=wip act=(320,360) d=1.92 a=1 | sp=frontier:active d=1.9 age=11 dtg=19.46 region=0_12
ep=1382 s=125 12971ms [sel=3 cap=12821 rest=147] sg=3->3 mode=NONE win=8 obs=126 | cap=wip act=(320,360) d=1.72 a=2 | sp=frontier:active d=1.7 age=12 dtg=19.46 region=0_12
ep=1382 s=126 13257ms [sel=3 cap=13133 rest=121] sg=3->3 mode=NONE win=8 obs=127 | cap=wip act=(320,360) d=1.72 a=1 | sp=frontier:active d=1.7 age=13 dtg=19.52 region=0_12
ep=1382 s=127 18475ms [sel=3 cap=18345 rest=127] sg=3->3 mode=NONE win=8 obs=128 | cap=wip act=(320,360) d=1.48 a=2 | sp=frontier:active d=1.5 age=14 dtg=19.52 region=0_12
ep=1382 s=128 12557ms [sel=70 cap=12365 rest=122] sg=3->3 mode=NONE win=8 obs=129 | cap=wip act=(320,360) d=3.61 a=1 | sp=frontier:active d=3.6 age=0 dtg=19.66 region=0_12
ep=1382 s=129 11401ms [sel=67 cap=11214 rest=121] sg=3->3 mode=NONE win=8 obs=130 | cap=wip act=(320,360) d=1.23 a=2 | sp=frontier:active d=1.2 age=0 dtg=19.66 region=0_12
ep=1382 s=130 14730ms [sel=5 cap=14609 rest=116] sg=3->3 mode=NONE win=8 obs=131 | cap=wip act=(320,360) d=1.23 a=2 | sp=frontier:active d=1.2 age=1 dtg=19.66 region=0_12
ep=1382 s=131 14697ms [sel=5 cap=14573 rest=118] sg=3->3 mode=NONE win=8 obs=132 | cap=wip act=(320,360) d=1.23 a=1 | sp=frontier:active d=1.2 age=2 dtg=19.88 region=0_12
ep=1382 s=132 14508ms [sel=3 cap=14382 rest=123] sg=3->3 mode=NONE win=8 obs=133 | cap=wip act=(320,360) d=1.00 a=1 | sp=frontier:active d=1.0 age=3 dtg=20.11 region=0_12
ep=1382 s=133 7534ms [sel=3 cap=7416 rest=116] sg=3->3 mode=NONE win=8 obs=134 | cap=wip act=(320,360) d=0.78 a=2 | sp=frontier:active d=0.8 age=4 dtg=20.11 region=0_12
ep=1382 s=134 11376ms [sel=3 cap=11259 rest=115] sg=3->3 mode=NONE win=8 obs=135 | cap=wip act=(320,360) d=0.78 a=1 | sp=frontier:active d=0.8 age=5 dtg=20.35 region=0_12
ep=1382 s=135 14921ms [sel=3 cap=14331 rest=551] sg=3->3 mode=NONE win=8 obs=136 | cap=wip act=(320,360) d=0.54 a=2 | preview=view-/6 yaw=+0 render=36ms | sp=frontier:active d=0.5 age=6 dtg=20.35 region=0_12
ep=1382 s=136 14681ms [sel=4 cap=14563 rest=114] sg=3->3 mode=NONE win=8 obs=137 | cap=wip act=(320,360) d=0.54 a=1 | sp=frontier:active d=0.5 age=7 dtg=20.60 region=0_12
ep=1382 s=137 13176ms [sel=60 cap=13001 rest=115] sg=3->3 mode=NONE win=8 obs=138 | cap=wip act=(320,360) d=2.61 a=3 | sp=frontier:active d=2.6 age=0 dtg=20.60 region=0_12
ep=1382 s=138 12139ms [sel=3 cap=12021 rest=115] sg=3->3 mode=NONE win=8 obs=139 | cap=wip act=(320,360) d=2.61 a=1 | sp=frontier:active d=2.6 age=1 dtg=20.85 region=0_12
ep=1382 s=139 14001ms [sel=3 cap=13884 rest=115] sg=3->3 mode=NONE win=8 obs=140 | cap=wip act=(320,360) d=2.37 a=1 | sp=frontier:active d=2.4 age=2 dtg=21.10 region=0_12
ep=1382 s=140 9356ms [sel=7 cap=9238 rest=112] sg=3->3 mode=NONE win=8 obs=141 | cap=wip act=(320,360) d=2.13 a=1 | sp=frontier:active d=2.1 age=3 dtg=21.34 region=0_12
ep=1382 s=141 11794ms [sel=3 cap=11679 rest=112] sg=3->3 mode=NONE win=8 obs=142 | cap=wip act=(320,360) d=1.89 a=1 | sp=frontier:active d=1.9 age=4 dtg=21.59 region=0_12
ep=1382 s=142 6799ms [sel=3 cap=6690 rest=107] sg=3->3 mode=NONE win=8 obs=143 | cap=wip act=(320,360) d=1.65 a=1 | sp=frontier:active d=1.7 age=5 dtg=21.84 region=0_12
ep=1382 s=143 11965ms [sel=3 cap=11849 rest=113] sg=3->3 mode=NONE win=8 obs=144 | cap=wip act=(320,360) d=1.42 a=1 | sp=frontier:active d=1.4 age=6 dtg=22.09 region=0_3
ep=1382 s=144 5791ms [sel=3 cap=5668 rest=120] sg=3->3 mode=NONE win=8 obs=145 | cap=wip act=(320,360) d=1.19 a=1 | sp=frontier:active d=1.2 age=7 dtg=22.33 region=0_3
ep=1382 s=145 11438ms [sel=3 cap=11288 rest=147] sg=3->3 mode=NONE win=8 obs=146 | cap=wip act=(320,360) d=0.98 a=2 | sp=frontier:active d=1.0 age=8 dtg=22.33 region=0_3
ep=1382 s=146 13384ms [sel=3 cap=13258 rest=123] sg=3->3 mode=NONE win=8 obs=147 | cap=wip act=(320,360) d=0.98 a=1 | sp=frontier:active d=1.0 age=9 dtg=22.58 region=0_3
ep=1382 s=147 13876ms [sel=4 cap=13747 rest=125] sg=3->3 mode=NONE win=8 obs=148 | cap=wip act=(320,360) d=0.75 a=1 | sp=frontier:active d=0.8 age=10 dtg=22.83 region=0_3
ep=1382 s=148 11128ms [sel=4 cap=10968 rest=156] sg=3->3 mode=NONE win=8 obs=149 | cap=wip act=(320,360) d=0.54 a=1 | sp=frontier:active d=0.5 age=11 dtg=23.08 region=0_3
ep=1382 s=149 15745ms [sel=6912 cap=8709 rest=124] sg=3->3 mode=NONE win=8 obs=150 | cap=wip act=(320,360) d=2.98 a=3 | sp=som:active d=3.0 age=0 som=3/8 dtg=23.08 region=0_3
ep=1382 s=150 11766ms [sel=3 cap=11652 rest=111] sg=3->3 mode=NONE win=8 obs=151 | cap=wip act=(320,360) d=2.98 a=1 | sp=som:active d=3.0 age=1 dtg=23.33 region=0_3
ep=1382 s=151 15537ms [sel=3 cap=15005 rest=492] sg=3->3 mode=NONE win=8 obs=152 | cap=wip act=(320,360) d=2.73 a=3 | preview=view-/6 yaw=+0 render=38ms | sp=som:active d=2.7 age=2 dtg=23.33 region=0_3
ep=1382 s=152 17471ms [sel=60 cap=17297 rest=115] sg=3->4 mode=NONE win=8 obs=153 | cap=DONE act=(320,360) d=3.04 a=1 | sp=frontier:active d=3.0 age=0 dtg=23.56 region=0_3
ep=1382 s=153 12126ms [sel=3 cap=12003 rest=120] sg=4->4 mode=NONE win=8 obs=154 | cap=wip act=(320,360) d=2.80 a=1 | sp=frontier:active d=2.8 age=1 dtg=23.79 region=0_3
ep=1382 s=154 28306ms [sel=5 cap=27755 rest=510] sg=4->4 mode=NONE win=8 obs=155 | cap=wip act=(320,360) d=2.57 a=1 | preview=view-/6 yaw=+0 render=36ms | sp=frontier:active d=2.6 age=2 dtg=24.02 region=0_3
ep=1382 s=155 29377ms [sel=3 cap=29262 rest=112] sg=4->4 mode=NONE win=8 obs=156 | cap=wip act=(320,360) d=2.35 a=1 | sp=frontier:active d=2.3 age=3 dtg=24.26 region=0_3
ep=1382 s=156 20179ms [sel=5 cap=20060 rest=114] sg=4->4 mode=NONE win=8 obs=157 | cap=wip act=(320,360) d=2.13 a=2 | sp=frontier:active d=2.1 age=4 dtg=24.26 region=0_3
ep=1382 s=157 29560ms [sel=3 cap=28986 rest=530] sg=4->4 mode=NONE win=8 obs=158 | cap=wip act=(320,360) d=2.13 a=1 | preview=view-/6 yaw=+0 render=40ms | sp=frontier:active d=2.1 age=5 dtg=24.51 region=0_3
ep=1382 s=158 19659ms [sel=3 cap=19540 rest=116] sg=4->4 mode=NONE win=8 obs=159 | cap=wip act=(320,360) d=1.89 a=1 | sp=frontier:active d=1.9 age=6 dtg=24.76 region=0_3
ep=1382 s=159 18612ms [sel=3 cap=18489 rest=121] sg=4->4 mode=NONE win=8 obs=160 | cap=wip act=(320,360) d=1.65 a=1 | sp=frontier:active d=1.6 age=7 dtg=25.01 region=0_3
ep=1382 s=160 24614ms [sel=5 cap=24045 rest=524] sg=4->None mode=NONE win=8 obs=161 | cap=DONE act=(320,360) d=1.00 a=1 | preview=view-/6 yaw=+0 render=39ms | sp=frontier:active d=1.4 age=8 ovr=1 door_evts=2 dtg=25.25 region=0_3
ep=1382 s=161 116ms [sel=5 cap=0 rest=111] sg=None->None mode=NONE win=8 obs=162 | cap=- act=(320,360) d=1.00 a=1 | sp=frontier:active d=1.2 age=9 ovr=1 door_evts=2 dtg=25.50 region=0_3
ep=1382 s=162 114ms [sel=5 cap=0 rest=109] sg=None->None mode=NONE win=8 obs=163 | cap=- act=(320,360) d=1.00 a=1 | sp=frontier:active d=1.0 age=10 ovr=1 door_evts=2 dtg=25.75 region=0_3
ep=1382 s=163 116ms [sel=0 cap=0 rest=116] sg=None->None mode=NONE win=8 obs=164 | cap=- act=STOP | sp=frontier:active d=0.8 age=11 ovr=1 door_evts=2 dtg=25.75 region=0_3
rank=0 [14/17] id=1382 steps=164 success=0.000 spl=0.000 dtg=25.75 osr=0 path_length=24.75 ndtw=0.000 sdtw=0.000
episode=1442 instruction='Clockwise around the bed. Halt in the interior doorway on the other side.' start_position=[5.659669876098633, 3.5271100997924805, 0.9912729859352112] goal_position=[4.126510143280029, 3.5271100997924805, 4.492459774017334] reference_geodesic=5.877878189086914
episode=1442 prepared_subgoals=2
  [1] Walk clockwise around the bed
      proof: The bed is directly behind the camera and the interior doorway is ahead.
  [2] Stop beside the interior doorway
      proof: The camera is stationary beside the interior doorway, which is central in the view
ep=1442 s=0 11736ms [sel=51 cap=11219 rest=425] sg=1->1 mode=NONE win=1 obs=1 | cap=wip act=(320,360) d=2.85 a=3 | preview=view-/6 yaw=+0 render=41ms | sp=frontier:active d=2.9 age=0 dtg=5.88 region=1_21
ep=1442 s=1 7885ms [sel=6 cap=7788 rest=92] sg=1->1 mode=NONE win=2 obs=2 | cap=wip act=(320,360) d=2.85 a=3 | sp=frontier:active d=2.9 age=1 dtg=5.88 region=1_21
ep=1442 s=2 9869ms [sel=6 cap=9770 rest=93] sg=1->1 mode=NONE win=3 obs=3 | cap=wip act=(320,360) d=2.85 a=3 | sp=frontier:active d=2.9 age=2 dtg=5.88 region=1_21
ep=1442 s=3 10127ms [sel=6 cap=10030 rest=91] sg=1->1 mode=NONE win=4 obs=4 | cap=wip act=(320,360) d=2.85 a=3 | sp=frontier:active d=2.9 age=3 dtg=5.88 region=1_21
ep=1442 s=4 9163ms [sel=6 cap=9056 rest=100] sg=1->1 mode=NONE win=5 obs=5 | cap=wip act=(320,360) d=2.85 a=3 | sp=frontier:active d=2.9 age=4 dtg=5.88 region=1_21
ep=1442 s=5 12450ms [sel=6 cap=12335 rest=109] sg=1->1 mode=NONE win=6 obs=6 | cap=wip act=(320,360) d=2.85 a=3 | sp=frontier:active d=2.9 age=5 dtg=5.88 region=1_21
ep=1442 s=6 12231ms [sel=15 cap=12102 rest=113] sg=1->1 mode=NONE win=7 obs=7 | cap=wip act=(320,360) d=2.85 a=3 | sp=frontier:active d=2.9 age=6 dtg=5.88 region=1_21
ep=1442 s=7 14869ms [sel=4 cap=14752 rest=113] sg=1->1 mode=NONE win=8 obs=8 | cap=wip act=(320,360) d=2.85 a=3 | sp=frontier:active d=2.9 age=7 dtg=5.88 region=1_21
ep=1442 s=8 8455ms [sel=10 cap=8332 rest=114] sg=1->1 mode=NONE win=8 obs=9 | cap=wip act=(320,360) d=2.85 a=1 | sp=frontier:active d=2.9 age=8 dtg=5.70 region=1_21
ep=1442 s=9 13089ms [sel=15 cap=12960 rest=115] sg=1->1 mode=NONE win=8 obs=10 | cap=wip act=(320,360) d=3.08 a=1 | sp=frontier:active d=3.1 age=9 dtg=5.56 region=1_21
ep=1442 s=10 9573ms [sel=19 cap=9440 rest=113] sg=1->1 mode=NONE win=8 obs=11 | cap=wip act=(320,360) d=3.32 a=1 | sp=frontier:active d=3.3 age=10 dtg=5.46 region=1_21
ep=1442 s=11 21488ms [sel=10 cap=21366 rest=112] sg=1->1 mode=NONE win=8 obs=12 | cap=wip act=(320,360) d=3.56 a=1 | sp=frontier:active d=3.6 age=11 dtg=5.41 region=1_21
ep=1442 s=12 30129ms [sel=14 cap=0 rest=30115] sg=None->1 mode=NONE win=8 obs=13 | cap=- act=(320,360) d=3.80 a=1 | sp=frontier:active d=3.8 age=12 ANALYSIS_ERROR_STAGE=completion_confirmation ANALYSIS_ERROR='CaptionerOutputError: decision violates the navigation reply contract: Request timed out.' dtg=5.41 region=1_21
ep=1442 s=13 27330ms [sel=14 cap=27204 rest=112] sg=1->1 mode=NONE win=8 obs=14 | cap=wip act=(320,360) d=4.04 a=1 | sp=frontier:active d=4.0 age=13 dtg=5.44 region=1_21
ep=1442 s=14 17556ms [sel=6 cap=17435 rest=115] sg=1->1 mode=NONE win=8 obs=15 | cap=wip act=(320,360) d=4.28 a=1 | sp=frontier:active d=4.3 age=14 dtg=5.54 region=1_21
ep=1442 s=15 15016ms [sel=8 cap=14858 rest=149] sg=1->1 mode=NONE win=8 obs=16 | cap=wip act=(320,360) d=4.52 a=1 | sp=frontier:active d=4.5 age=15 dtg=5.73 region=1_21
ep=1442 s=16 16340ms [sel=12 cap=16209 rest=118] sg=1->1 mode=NONE win=8 obs=17 | cap=wip act=(320,360) d=4.77 a=3 | sp=frontier:active d=4.8 age=16 dtg=5.73 region=1_21
ep=1442 s=17 15317ms [sel=4 cap=15163 rest=150] sg=1->1 mode=NONE win=8 obs=18 | cap=wip act=(320,360) d=4.77 a=1 | sp=frontier:active d=4.8 age=17 dtg=5.92 region=1_21
ep=1442 s=18 12355ms [sel=5 cap=12232 rest=118] sg=1->1 mode=NONE win=8 obs=19 | cap=wip act=(320,360) d=4.99 a=3 | sp=frontier:active d=5.0 age=18 dtg=5.92 region=1_21
ep=1442 s=19 12715ms [sel=16 cap=12580 rest=118] sg=1->1 mode=NONE win=8 obs=20 | cap=wip act=(320,360) d=4.99 a=1 | sp=frontier:active d=5.0 age=19 dtg=6.10 region=1_21
ep=1442 s=20 11851ms [sel=36 cap=11699 rest=116] sg=1->2 mode=NONE win=8 obs=21 | cap=DONE act=(320,360) d=2.52 a=3 | sp=frontier:active d=2.5 age=0 dtg=6.10 region=1_21
ep=1442 s=21 10022ms [sel=3 cap=9900 rest=119] sg=2->2 mode=NONE win=8 obs=22 | cap=wip act=(320,360) d=2.52 a=1 | sp=frontier:active d=2.5 age=1 dtg=6.28 region=1_21
ep=1442 s=22 21969ms [sel=7 cap=21413 rest=512] sg=2->2 mode=NONE win=8 obs=23 | cap=wip act=(320,360) d=2.30 a=1 | preview=view-/6 yaw=+0 render=37ms | sp=frontier:active d=2.3 age=2 dtg=5.53 region=1_21
ep=1442 s=23 13945ms [sel=3 cap=13819 rest=123] sg=2->2 mode=NONE win=8 obs=24 | cap=wip act=(320,360) d=2.08 a=1 | sp=frontier:active d=2.1 age=3 dtg=5.49 region=1_21
ep=1442 s=24 16652ms [sel=6 cap=16531 rest=116] sg=2->2 mode=NONE win=8 obs=25 | cap=wip act=(320,360) d=1.87 a=1 | sp=frontier:active d=1.9 age=4 dtg=5.51 region=1_21
ep=1442 s=25 20351ms [sel=3 cap=19812 rest=500] sg=2->2 mode=NONE win=8 obs=26 | cap=wip act=(320,360) d=1.66 a=1 | preview=view-/6 yaw=+0 render=37ms | sp=frontier:active d=1.7 age=5 dtg=5.55 region=1_21
ep=1442 s=26 8203ms [sel=5 cap=8050 rest=148] sg=2->2 mode=NONE win=8 obs=27 | cap=wip act=(320,360) d=1.48 a=1 | sp=frontier:active d=1.5 age=6 dtg=5.66 region=1_21
ep=1442 s=27 19513ms [sel=8 cap=19347 rest=158] sg=2->2 mode=NONE win=8 obs=28 | cap=wip act=(320,360) d=1.31 a=3 | sp=frontier:active d=1.3 age=7 dtg=5.66 region=1_21
ep=1442 s=28 29640ms [sel=3 cap=29024 rest=576] sg=2->2 mode=NONE win=8 obs=29 | cap=wip act=(320,360) d=1.31 a=1 | preview=view-/6 yaw=+0 render=38ms | sp=frontier:active d=1.3 age=8 dtg=5.79 region=1_21
ep=1442 s=29 14110ms [sel=4 cap=13983 rest=123] sg=2->2 mode=NONE win=8 obs=30 | cap=wip act=(320,360) d=1.12 a=3 | sp=frontier:active d=1.1 age=9 dtg=5.79 region=1_21
ep=1442 s=30 13616ms [sel=3 cap=13496 rest=117] sg=2->2 mode=NONE win=8 obs=31 | cap=wip act=(320,360) d=1.12 a=1 | sp=frontier:active d=1.1 age=10 dtg=5.94 region=0_2
ep=1442 s=31 17361ms [sel=3 cap=16834 rest=486] sg=2->2 mode=NONE win=8 obs=32 | cap=wip act=(320,360) d=0.91 a=3 | preview=view-/6 yaw=+0 render=37ms | sp=frontier:active d=0.9 age=11 dtg=5.94 region=0_2
ep=1442 s=32 7373ms [sel=3 cap=7260 rest=110] sg=2->2 mode=NONE win=8 obs=33 | cap=wip act=(320,360) d=0.91 a=1 | sp=frontier:active d=0.9 age=12 dtg=5.82 region=0_2
ep=1442 s=33 6639ms [sel=3 cap=6526 rest=110] sg=2->2 mode=NONE win=8 obs=34 | cap=wip act=(320,360) d=0.69 a=3 | sp=frontier:active d=0.7 age=13 dtg=5.82 region=0_2
ep=1442 s=34 20336ms [sel=5 cap=19810 rest=484] sg=2->None mode=NONE win=8 obs=35 | cap=DONE act=(320,360) d=1.00 a=1 | preview=view-/6 yaw=+0 render=37ms | sp=frontier:active d=0.7 age=14 dtg=5.61 region=0_2
ep=1442 s=35 116ms [sel=4 cap=0 rest=112] sg=None->None mode=NONE win=8 obs=36 | cap=- act=(320,360) d=1.00 a=1 | sp=frontier:reached d=0.5 age=15 dtg=5.42 region=0_2
ep=1442 s=36 122ms [sel=5 cap=0 rest=118] sg=None->None mode=NONE win=8 obs=37 | cap=- act=(320,360) d=1.00 a=1 | sp=frontier:reached d=0.5 age=16 dtg=5.25 region=0_2
ep=1442 s=37 113ms [sel=0 cap=0 rest=113] sg=None->None mode=NONE win=8 obs=38 | cap=- act=STOP | sp=frontier:reached d=0.5 age=17 dtg=5.25 region=0_2
rank=0 [15/17] id=1442 steps=38 success=0.000 spl=0.000 dtg=5.25 osr=0 path_length=5.51 ndtw=0.447 sdtw=0.000
PluginManager::Manager: duplicate static plugin StbImageImporter, ignoring
PluginManager::Manager: duplicate static plugin GltfImporter, ignoring
PluginManager::Manager: duplicate static plugin BasisImporter, ignoring
PluginManager::Manager: duplicate static plugin AssimpImporter, ignoring
PluginManager::Manager: duplicate static plugin AnySceneImporter, ignoring
PluginManager::Manager: duplicate static plugin AnyImageImporter, ignoring
episode=1583 instruction='Forward, then left. On again, left at the corner, on again, then left.' start_position=[5.600629806518555, 0.07521799951791763, -2.1788699626922607] goal_position=[3.6215600967407227, 0.07521799951791763, 2.1024200916290283] reference_geodesic=7.765632152557373
episode=1583 prepared_subgoals=4
  [1] Go forward toward the corner until the next instructed route stage begins
      proof: The corner is visible nearby and the camera is positioned to begin the next instructed route stage.
  [2] Turn left until the corner is centered ahead, then go forward toward the corner until the next instructed route stage begins
      proof: The corner is visible nearby and the camera is positioned to begin the next instructed route stage.
  [3] Turn left at the corner, then go forward
      proof: The route ahead is beside or directly ahead of the camera, within a step; the camera has not yet turned left.
  [4] Turn left, then go forward
      proof: The camera has passed the final turn and the destination is directly ahead, within a step
ep=1583 s=0 20111ms [sel=29 cap=19575 rest=471] sg=1->1 mode=NONE win=1 obs=1 | cap=wip act=(160,180) d=4.24 a=3 | preview=view0/6 yaw=-90 render=36ms | sp=preview:active d=4.2 age=0 dtg=7.77 region=0_1
ep=1583 s=1 8112ms [sel=6 cap=7970 rest=137] sg=1->1 mode=NONE win=2 obs=2 | cap=wip act=(320,360) d=4.24 a=3 | sp=preview:active d=4.2 age=1 dtg=7.77 region=0_1
ep=1583 s=2 12469ms [sel=6 cap=12315 rest=148] sg=1->1 mode=NONE win=3 obs=3 | cap=wip act=(320,360) d=4.24 a=3 | sp=preview:active d=4.2 age=2 dtg=7.77 region=0_1
ep=1583 s=3 8319ms [sel=6 cap=8179 rest=134] sg=1->1 mode=NONE win=4 obs=4 | cap=wip act=(320,360) d=4.24 a=3 | sp=preview:active d=4.2 age=3 dtg=7.77 region=0_1
ep=1583 s=4 7606ms [sel=12 cap=7458 rest=136] sg=1->1 mode=GET_NOWHERE win=5 obs=5 | cap=wip/GET_NOWHERE act=(320,360) d=4.24 a=2 | sp=preview:active d=4.2 age=4 dtg=7.77 region=0_1
ep=1583 s=5 6350ms [sel=12 cap=6163 rest=175] sg=1->1 mode=NONE win=6 obs=6 | cap=wip act=(320,360) d=4.24 a=2 | sp=preview:active d=4.2 age=5 dtg=7.77 region=0_1
ep=1583 s=6 10499ms [sel=12 cap=10310 rest=177] sg=1->1 mode=NONE win=7 obs=7 | cap=wip act=(320,360) d=4.24 a=2 | sp=preview:active d=4.2 age=6 dtg=7.77 region=0_1
ep=1583 s=7 11981ms [sel=12 cap=11795 rest=175] sg=1->1 mode=NONE win=8 obs=8 | cap=wip act=(320,360) d=4.24 a=2 | sp=preview:active d=4.2 age=7 dtg=7.77 region=0_1
ep=1583 s=8 11602ms [sel=12 cap=11456 rest=134] sg=1->1 mode=NONE win=8 obs=9 | cap=wip act=(320,360) d=4.24 a=2 | sp=preview:active d=4.2 age=8 dtg=7.77 region=0_1
ep=1583 s=9 10897ms [sel=12 cap=10750 rest=135] sg=1->1 mode=NONE win=8 obs=10 | cap=wip act=(320,360) d=4.24 a=2 | sp=preview:active d=4.2 age=9 dtg=7.77 region=0_1
ep=1583 s=10 12996ms [sel=14 cap=12843 rest=139] sg=1->1 mode=NONE win=8 obs=11 | cap=wip act=(320,360) d=4.24 a=2 | sp=preview:active d=4.2 age=10 dtg=7.77 region=0_1
ep=1583 s=11 14623ms [sel=12 cap=14478 rest=134] sg=1->1 mode=NONE win=8 obs=12 | cap=wip act=(320,360) d=4.24 a=2 | sp=preview:active d=4.2 age=11 dtg=7.77 region=0_1
ep=1583 s=12 10594ms [sel=11 cap=10452 rest=132] sg=1->1 mode=NONE win=8 obs=13 | cap=wip act=(320,360) d=4.24 a=2 | sp=preview:active d=4.2 age=12 dtg=7.77 region=0_1
ep=1583 s=13 10414ms [sel=36 cap=9858 rest=486] sg=1->1 mode=NONE win=8 obs=14 | cap=wip act=(160,180) d=4.24 a=3 | preview=view2/6 yaw=-30 render=34ms | sp=preview:active d=4.2 age=0 dtg=7.77 region=0_1
ep=1583 s=14 16394ms [sel=16 cap=16247 rest=131] sg=1->1 mode=NONE win=8 obs=15 | cap=wip act=(320,360) d=4.24 a=3 | sp=preview:active d=4.2 age=1 dtg=7.77 region=0_1
ep=1583 s=15 9849ms [sel=16 cap=9700 rest=133] sg=1->1 mode=NONE win=8 obs=16 | cap=wip act=(320,360) d=4.24 a=3 | sp=preview:active d=4.2 age=2 dtg=7.77 region=0_1
ep=1583 s=16 14499ms [sel=16 cap=14326 rest=158] sg=1->1 mode=NONE win=8 obs=17 | cap=wip act=(320,360) d=4.24 a=3 | sp=preview:active d=4.2 age=3 dtg=7.77 region=0_1
ep=1583 s=17 11315ms [sel=16 cap=11166 rest=133] sg=1->1 mode=NONE win=8 obs=18 | cap=wip act=(320,360) d=4.24 a=3 | sp=preview:active d=4.2 age=4 dtg=7.77 region=0_1
ep=1583 s=18 6987ms [sel=16 cap=6837 rest=135] sg=1->1 mode=GET_NOWHERE win=8 obs=19 | cap=wip/GET_NOWHERE act=(320,360) d=4.24 a=3 | sp=preview:active d=4.2 age=5 dtg=7.77 region=0_1
ep=1583 s=19 12759ms [sel=16 cap=12605 rest=138] sg=1->1 mode=NONE win=8 obs=20 | cap=wip act=(320,360) d=4.24 a=3 | sp=preview:active d=4.2 age=6 dtg=7.77 region=0_1
ep=1583 s=20 8415ms [sel=16 cap=8262 rest=138] sg=1->1 mode=NONE win=8 obs=21 | cap=wip act=(320,360) d=4.24 a=3 | sp=preview:active d=4.2 age=7 dtg=7.77 region=0_1
ep=1583 s=21 7986ms [sel=16 cap=7835 rest=135] sg=1->1 mode=NONE win=8 obs=22 | cap=wip act=(320,360) d=4.24 a=3 | sp=preview:active d=4.2 age=8 dtg=7.77 region=0_1
ep=1583 s=22 13361ms [sel=16 cap=13213 rest=132] sg=1->1 mode=NONE win=8 obs=23 | cap=wip act=(320,360) d=4.24 a=3 | sp=preview:active d=4.2 age=9 dtg=7.77 region=0_1
ep=1583 s=23 9495ms [sel=14 cap=9352 rest=130] sg=1->1 mode=NONE win=8 obs=24 | cap=wip act=(320,360) d=4.24 a=3 | sp=preview:active d=4.2 age=10 dtg=7.77 region=0_1
ep=1583 s=24 7313ms [sel=15 cap=7173 rest=126] sg=1->1 mode=NONE win=8 obs=25 | cap=wip act=(320,360) d=4.24 a=1 | sp=preview:active d=4.2 age=11 dtg=7.60 region=0_1
ep=1583 s=25 11487ms [sel=14 cap=11343 rest=130] sg=1->1 mode=NONE win=8 obs=26 | cap=wip act=(320,360) d=4.45 a=1 | sp=preview:active d=4.5 age=12 dtg=7.36 region=0_1
ep=1583 s=26 12173ms [sel=23 cap=12016 rest=134] sg=1->1 mode=NONE win=8 obs=27 | cap=wip act=(320,360) d=4.67 a=1 | sp=preview:active d=4.7 age=13 dtg=7.13 region=0_1
ep=1583 s=27 21569ms [sel=14 cap=21412 rest=143] sg=1->1 mode=NONE win=8 obs=28 | cap=wip act=(320,360) d=4.90 a=1 | sp=preview:active d=4.9 age=14 dtg=6.93 region=0_1
ep=1583 s=28 10917ms [sel=16 cap=10770 rest=132] sg=1->1 mode=NONE win=8 obs=29 | cap=wip act=(320,360) d=5.12 a=3 | sp=preview:active d=5.1 age=15 dtg=6.93 region=0_1
ep=1583 s=29 12786ms [sel=14 cap=12642 rest=129] sg=1->1 mode=NONE win=8 obs=30 | cap=wip act=(320,360) d=5.12 a=3 | sp=preview:active d=5.1 age=16 dtg=6.93 region=0_1
ep=1583 s=30 16907ms [sel=39 cap=16737 rest=130] sg=1->1 mode=NONE win=8 obs=31 | cap=wip act=(320,360) d=5.12 a=1 | sp=preview:active d=5.1 age=17 dtg=6.69 region=0_1
ep=1583 s=31 7458ms [sel=25 cap=6922 rest=477] sg=1->1 mode=NONE win=8 obs=32 | cap=wip act=(160,180) d=2.96 a=1 | preview=view3/6 yaw=+0 render=34ms | sp=preview:active d=3.0 age=0 dtg=6.53 region=0_1
ep=1583 s=32 10880ms [sel=11 cap=10726 rest=143] sg=1->1 mode=NONE win=8 obs=33 | cap=wip act=(320,360) d=2.73 a=3 | sp=preview:active d=2.7 age=1 dtg=6.53 region=0_1
ep=1583 s=33 7711ms [sel=8 cap=7569 rest=134] sg=1->1 mode=NONE win=8 obs=34 | cap=wip act=(320,360) d=2.73 a=3 | sp=preview:active d=2.7 age=2 dtg=6.53 region=0_1
ep=1583 s=34 20326ms [sel=0 cap=20188 rest=138] sg=1->2 mode=NONE win=8 obs=35 | cap=DONE act=TURN request=-45deg execute=-15deg x1 a=2 | sp=preview:active d=2.7 age=3 dtg=6.53 region=0_1
ep=1583 s=35 9095ms [sel=0 cap=8960 rest=136] sg=2->2 mode=NONE win=8 obs=36 | cap=wip act=TURN request=-45deg execute=-15deg x1 a=2 dtg=6.53 region=0_1
ep=1583 s=36 12679ms [sel=0 cap=12543 rest=136] sg=2->2 mode=IN_PLACE_SPIN win=8 obs=37 | cap=wip/IN_PLACE_SPIN act=TURN request=-45deg execute=-15deg x1 a=2 dtg=6.53 region=0_1
ep=1583 s=37 14500ms [sel=0 cap=14368 rest=132] sg=2->2 mode=GET_NOWHERE win=8 obs=38 | cap=wip/GET_NOWHERE act=TURN request=-45deg execute=-15deg x1 a=2 dtg=6.53 region=0_1
ep=1583 s=38 12418ms [sel=0 cap=12294 rest=123] sg=2->2 mode=NONE win=8 obs=39 | cap=wip act=TURN request=-45deg execute=-15deg x1 a=2 dtg=6.53 region=0_1
ep=1583 s=39 17121ms [sel=202 cap=16782 rest=137] sg=2->2 mode=NONE win=8 obs=40 | cap=wip act=TURN request=-45deg execute=-15deg x1 a=2 dtg=6.53 region=0_1
ep=1583 s=40 11292ms [sel=0 cap=11153 rest=139] sg=2->2 mode=NONE win=8 obs=41 | cap=wip act=TURN request=-45deg execute=-15deg x1 a=2 dtg=6.53 region=0_1
ep=1583 s=41 10509ms [sel=0 cap=10369 rest=140] sg=2->2 mode=NONE win=8 obs=42 | cap=wip act=TURN request=-45deg execute=-15deg x1 a=2 dtg=6.53 region=0_1
ep=1583 s=42 8128ms [sel=0 cap=7993 rest=135] sg=2->2 mode=NONE win=8 obs=43 | cap=wip act=TURN request=-45deg execute=-15deg x1 a=2 dtg=6.53 region=0_1
ep=1583 s=43 7529ms [sel=0 cap=7395 rest=134] sg=2->2 mode=NONE win=8 obs=44 | cap=wip act=TURN request=-45deg execute=-15deg x1 a=2 dtg=6.53 region=0_1
ep=1583 s=44 7833ms [sel=0 cap=7710 rest=123] sg=2->2 mode=NONE win=8 obs=45 | cap=wip act=TURN request=-45deg execute=-15deg x1 a=2 dtg=6.53 region=0_1
ep=1583 s=45 14458ms [sel=0 cap=14330 rest=128] sg=2->2 mode=NONE win=8 obs=46 | cap=wip act=TURN request=-45deg execute=-15deg x1 a=2 dtg=6.53 region=0_1
ep=1583 s=46 6171ms [sel=0 cap=6039 rest=132] sg=2->2 mode=NONE win=8 obs=47 | cap=wip act=TURN request=-45deg execute=-15deg x1 a=2 dtg=6.53 region=0_1
ep=1583 s=47 15413ms [sel=0 cap=15277 rest=136] sg=2->2 mode=NONE win=8 obs=48 | cap=wip act=TURN request=-45deg execute=-15deg x1 a=2 dtg=6.53 region=0_1
ep=1583 s=48 14187ms [sel=0 cap=14055 rest=132] sg=2->2 mode=GET_NOWHERE win=8 obs=49 | cap=wip/GET_NOWHERE act=TURN request=-45deg execute=-15deg x1 a=2 dtg=6.53 region=0_1
ep=1583 s=49 20267ms [sel=0 cap=20134 rest=133] sg=2->2 mode=GET_NOWHERE win=8 obs=50 | cap=wip/GET_NOWHERE act=TURN request=-45deg execute=-15deg x1 a=2 dtg=6.53 region=0_1
ep=1583 s=50 25453ms [sel=17388 cap=7936 rest=130] sg=2->2 mode=NONE win=8 obs=51 | cap=wip act=(320,360) d=3.66 a=2 | sp=som:active d=3.7 age=0 som=4/7 dtg=6.53 region=0_1
ep=1583 s=51 9455ms [sel=26 cap=9297 rest=132] sg=2->2 mode=NONE win=8 obs=52 | cap=wip act=(320,360) d=3.66 a=2 | sp=som:active d=3.7 age=1 dtg=6.53 region=0_1
ep=1583 s=52 11976ms [sel=42 cap=11398 rest=502] sg=2->2 mode=NONE win=8 obs=53 | cap=wip act=(160,180) d=5.24 a=2 | preview=view3/6 yaw=+15 render=34ms | sp=preview:active d=5.2 age=0 dtg=6.53 region=0_1
ep=1583 s=53 8061ms [sel=20 cap=7909 rest=132] sg=2->2 mode=NONE win=8 obs=54 | cap=wip act=(320,360) d=5.24 a=2 | sp=preview:active d=5.2 age=1 dtg=6.53 region=0_1
ep=1583 s=54 12039ms [sel=19 cap=11891 rest=128] sg=2->2 mode=NONE win=8 obs=55 | cap=wip act=(320,360) d=5.24 a=2 | sp=preview:active d=5.2 age=2 dtg=6.53 region=0_1
ep=1583 s=55 12153ms [sel=24 cap=12002 rest=126] sg=2->2 mode=NONE win=8 obs=56 | cap=wip act=(320,360) d=5.24 a=2 | sp=preview:active d=5.2 age=3 dtg=6.53 region=0_1
ep=1583 s=56 12787ms [sel=37 cap=12623 rest=127] sg=2->2 mode=NONE win=8 obs=57 | cap=wip act=(320,360) d=5.24 a=2 | sp=preview:active d=5.2 age=4 dtg=6.53 region=0_1
ep=1583 s=57 12419ms [sel=45 cap=12247 rest=127] sg=2->2 mode=NONE win=8 obs=58 | cap=wip act=(320,360) d=5.24 a=1 | sp=preview:active d=5.2 age=5 dtg=6.31 region=0_1
ep=1583 s=58 7121ms [sel=45 cap=6947 rest=130] sg=2->2 mode=NONE win=8 obs=59 | cap=wip act=(320,360) d=5.22 a=1 | sp=preview:active d=5.2 age=6 dtg=6.09 region=0_1
ep=1583 s=59 17529ms [sel=35 cap=17364 rest=129] sg=2->2 mode=NONE win=8 obs=60 | cap=wip act=(320,360) d=5.21 a=3 | sp=preview:active d=5.2 age=7 dtg=6.09 region=0_1
ep=1583 s=60 9346ms [sel=33 cap=9192 rest=121] sg=2->2 mode=NONE win=8 obs=61 | cap=wip act=(320,360) d=5.21 a=3 | sp=preview:active d=5.2 age=8 dtg=6.09 region=0_1
ep=1583 s=61 18658ms [sel=28 cap=18508 rest=122] sg=2->2 mode=NONE win=8 obs=62 | cap=wip act=(320,360) d=5.21 a=1 | sp=preview:active d=5.2 age=9 dtg=5.84 region=0_1
ep=1583 s=62 15308ms [sel=50 cap=14705 rest=518] sg=2->2 mode=NONE win=8 obs=63 | cap=wip act=(160,180) d=5.09 a=3 | preview=view4/6 yaw=+45 render=35ms | sp=preview:active d=5.1 age=0 dtg=5.84 region=0_1
ep=1583 s=63 10485ms [sel=30 cap=10329 rest=126] sg=2->2 mode=NONE win=8 obs=64 | cap=wip act=(320,360) d=5.09 a=1 | sp=preview:active d=5.1 age=1 dtg=5.60 region=0_1
ep=1583 s=64 8150ms [sel=29 cap=7992 rest=130] sg=2->2 mode=NONE win=8 obs=65 | cap=wip act=(320,360) d=4.92 a=3 | sp=preview:active d=4.9 age=2 dtg=5.60 region=0_1
ep=1583 s=65 12102ms [sel=6 cap=11966 rest=130] sg=2->2 mode=NONE win=8 obs=66 | cap=wip act=(320,360) d=4.92 a=1 | sp=preview:active d=4.9 age=3 dtg=5.39 region=0_1
ep=1583 s=66 12370ms [sel=14 cap=12226 rest=130] sg=2->2 mode=NONE win=8 obs=67 | cap=wip act=(320,360) d=4.71 a=1 | sp=preview:active d=4.7 age=4 dtg=5.19 region=0_1
ep=1583 s=67 7042ms [sel=23 cap=6889 rest=131] sg=2->2 mode=NONE win=8 obs=68 | cap=wip act=(320,360) d=4.51 a=3 | sp=preview:active d=4.5 age=5 dtg=5.19 region=0_1
ep=1583 s=68 8421ms [sel=4 cap=8288 rest=129] sg=2->2 mode=NONE win=8 obs=69 | cap=wip act=(320,360) d=4.51 a=3 | sp=preview:active d=4.5 age=6 dtg=5.19 region=0_1
ep=1583 s=69 9252ms [sel=4 cap=9120 rest=128] sg=2->2 mode=NONE win=8 obs=70 | cap=wip act=(320,360) d=4.51 a=1 | sp=preview:active d=4.5 age=7 dtg=5.11 region=0_1
ep=1583 s=70 11088ms [sel=0 cap=10958 rest=131] sg=2->3 mode=NONE win=8 obs=71 | cap=DONE act=TURN request=-45deg execute=-15deg x1 a=2 | sp=preview:active d=4.3 age=8 dtg=5.11 region=0_1
ep=1583 s=71 11018ms [sel=0 cap=10887 rest=131] sg=3->3 mode=NONE win=8 obs=72 | cap=wip act=TURN request=-45deg execute=-15deg x1 a=2 dtg=5.11 region=0_1
ep=1583 s=72 13119ms [sel=0 cap=12987 rest=132] sg=3->3 mode=NONE win=8 obs=73 | cap=wip act=TURN request=-45deg execute=-15deg x1 a=2 dtg=5.11 region=0_1
ep=1583 s=73 14076ms [sel=0 cap=13947 rest=129] sg=3->3 mode=NONE win=8 obs=74 | cap=wip act=TURN request=-45deg execute=-15deg x1 a=2 dtg=5.11 region=0_1
ep=1583 s=74 12977ms [sel=29 cap=12819 rest=128] sg=3->3 mode=NONE win=8 obs=75 | cap=wip act=(320,360) d=2.54 a=1 | sp=frontier:active d=2.5 age=0 dtg=4.87 region=0_1
ep=1583 s=75 11111ms [sel=3 cap=10979 rest=128] sg=3->3 mode=NONE win=8 obs=76 | cap=wip act=(320,360) d=2.30 a=2 | sp=frontier:active d=2.3 age=1 dtg=4.87 region=0_1
ep=1583 s=76 9366ms [sel=3 cap=9237 rest=126] sg=3->3 mode=NONE win=8 obs=77 | cap=wip act=(320,360) d=2.30 a=2 | sp=frontier:active d=2.3 age=2 dtg=4.87 region=0_1
ep=1583 s=77 10061ms [sel=3 cap=9928 rest=131] sg=3->3 mode=NONE win=8 obs=78 | cap=wip act=(320,360) d=2.30 a=1 | sp=frontier:active d=2.3 age=3 dtg=4.63 region=0_1
ep=1583 s=78 18566ms [sel=3 cap=18422 rest=140] sg=3->3 mode=NONE win=8 obs=79 | cap=wip act=(320,360) d=2.06 a=1 | sp=frontier:active d=2.1 age=4 dtg=4.39 region=0_1
ep=1583 s=79 23873ms [sel=3 cap=23739 rest=131] sg=3->3 mode=NONE win=8 obs=80 | cap=wip act=(320,360) d=1.82 a=1 | sp=frontier:active d=1.8 age=5 dtg=4.16 region=0_1
ep=1583 s=80 11605ms [sel=3 cap=11472 rest=130] sg=3->3 mode=NONE win=8 obs=81 | cap=wip act=(320,360) d=1.58 a=1 | sp=frontier:active d=1.6 age=6 dtg=3.93 region=0_1
ep=1583 s=81 10564ms [sel=3 cap=10434 rest=127] sg=3->3 mode=NONE win=8 obs=82 | cap=wip act=(320,360) d=1.34 a=1 | sp=frontier:active d=1.3 age=7 dtg=3.71 region=0_1
ep=1583 s=82 11269ms [sel=4 cap=11132 rest=133] sg=3->3 mode=NONE win=8 obs=83 | cap=wip act=(320,360) d=1.11 a=1 | sp=frontier:active d=1.1 age=8 dtg=3.51 region=0_1
ep=1583 s=83 7137ms [sel=5 cap=6963 rest=169] sg=3->3 mode=NONE win=8 obs=84 | cap=wip act=(320,360) d=0.89 a=3 | sp=frontier:active d=0.9 age=9 dtg=3.51 region=0_1
ep=1583 s=84 12502ms [sel=4 cap=12358 rest=140] sg=3->3 mode=NONE win=8 obs=85 | cap=wip act=(320,360) d=0.89 a=3 | sp=frontier:active d=0.9 age=10 dtg=3.51 region=0_1
ep=1583 s=85 15520ms [sel=3 cap=15387 rest=130] sg=3->3 mode=NONE win=8 obs=86 | cap=wip act=(320,360) d=0.89 a=1 | sp=frontier:active d=0.9 age=11 dtg=3.27 region=0_1
ep=1583 s=86 13653ms [sel=75 cap=13448 rest=130] sg=3->3 mode=NONE win=8 obs=87 | cap=wip act=(320,360) d=2.56 a=3 | sp=frontier:active d=2.6 age=0 dtg=3.27 region=0_1
ep=1583 s=87 17594ms [sel=44 cap=17418 rest=132] sg=3->3 mode=NONE win=8 obs=88 | cap=wip act=(320,360) d=2.56 a=3 | sp=frontier:active d=2.6 age=1 dtg=3.27 region=0_1
ep=1583 s=88 12414ms [sel=45 cap=12235 rest=134] sg=3->3 mode=NONE win=8 obs=89 | cap=wip act=(320,360) d=2.56 a=3 | sp=frontier:active d=2.6 age=2 dtg=3.27 region=0_1
ep=1583 s=89 12851ms [sel=28 cap=12687 rest=137] sg=3->3 mode=NONE win=8 obs=90 | cap=wip act=(320,360) d=2.56 a=3 | sp=frontier:active d=2.6 age=3 dtg=3.27 region=0_1
ep=1583 s=90 10293ms [sel=14 cap=10108 rest=171] sg=3->3 mode=NONE win=8 obs=91 | cap=wip act=(320,360) d=2.56 a=3 | sp=frontier:active d=2.6 age=4 dtg=3.27 region=0_1
ep=1583 s=91 8879ms [sel=12 cap=8739 rest=129] sg=3->3 mode=NONE win=8 obs=92 | cap=wip act=(320,360) d=2.56 a=3 | sp=frontier:active d=2.6 age=5 dtg=3.27 region=0_1
ep=1583 s=92 10754ms [sel=5 cap=10620 rest=129] sg=3->3 mode=NONE win=8 obs=93 | cap=wip act=(320,360) d=2.56 a=3 | sp=frontier:active d=2.6 age=6 dtg=3.27 region=0_1
ep=1583 s=93 17899ms [sel=15 cap=17754 rest=130] sg=3->3 mode=NONE win=8 obs=94 | cap=wip act=(320,360) d=2.56 a=3 | sp=frontier:active d=2.6 age=7 dtg=3.27 region=0_1
ep=1583 s=94 10765ms [sel=9 cap=10628 rest=129] sg=3->3 mode=NONE win=8 obs=95 | cap=wip act=(320,360) d=2.56 a=1 | sp=frontier:active d=2.6 age=8 dtg=3.37 region=0_1
ep=1583 s=95 16770ms [sel=11 cap=16627 rest=132] sg=3->3 mode=NONE win=8 obs=96 | cap=wip act=(320,360) d=2.44 a=3 | sp=frontier:active d=2.4 age=9 dtg=3.37 region=0_1
ep=1583 s=96 8877ms [sel=27 cap=8723 rest=127] sg=3->3 mode=NONE win=8 obs=97 | cap=wip act=(320,360) d=2.44 a=1 | sp=frontier:active d=2.4 age=10 dtg=3.58 region=0_1
ep=1583 s=97 7440ms [sel=29 cap=7283 rest=128] sg=3->3 mode=NONE win=8 obs=98 | cap=wip act=(320,360) d=2.40 a=1 | sp=frontier:active d=2.4 age=11 dtg=3.82 region=0_1
ep=1583 s=98 13436ms [sel=31 cap=13273 rest=132] sg=3->3 mode=NONE win=8 obs=99 | cap=wip act=(320,360) d=2.39 a=2 | sp=frontier:active d=2.4 age=12 dtg=3.82 region=0_1
ep=1583 s=99 15329ms [sel=28 cap=15173 rest=129] sg=3->3 mode=NONE win=8 obs=100 | cap=wip act=(320,360) d=2.39 a=2 | sp=frontier:active d=2.4 age=13 dtg=3.82 region=0_1
ep=1583 s=100 20848ms [sel=6 cap=20713 rest=129] sg=3->3 mode=NONE win=8 obs=101 | cap=wip act=(320,360) d=2.39 a=2 | sp=frontier:active d=2.4 age=14 dtg=3.82 region=0_1
ep=1583 s=101 17487ms [sel=9 cap=17351 rest=127] sg=3->3 mode=NONE win=8 obs=102 | cap=wip act=(320,360) d=2.39 a=1 | sp=frontier:active d=2.4 age=15 dtg=4.02 region=0_1
ep=1583 s=102 10889ms [sel=11 cap=10748 rest=129] sg=3->3 mode=NONE win=8 obs=103 | cap=wip act=(320,360) d=2.23 a=1 | sp=frontier:active d=2.2 age=16 dtg=4.64 region=0_1
ep=1583 s=103 10869ms [sel=15 cap=10720 rest=134] sg=3->3 mode=NONE win=8 obs=104 | cap=wip act=(320,360) d=2.07 a=2 | sp=frontier:active d=2.1 age=17 dtg=4.64 region=0_1
ep=1583 s=104 9809ms [sel=5 cap=9672 rest=132] sg=3->3 mode=NONE win=8 obs=105 | cap=wip act=(320,360) d=2.07 a=2 | sp=frontier:active d=2.1 age=18 dtg=4.64 region=0_1
ep=1583 s=105 17241ms [sel=4 cap=17106 rest=131] sg=3->3 mode=NONE win=8 obs=106 | cap=wip act=(320,360) d=2.07 a=1 | sp=frontier:active d=2.1 age=19 dtg=4.39 region=0_1
ep=1583 s=106 11266ms [sel=3 cap=11126 rest=137] sg=3->3 mode=NONE win=8 obs=107 | cap=wip act=(320,360) d=1.85 a=1 | sp=frontier:active d=1.9 age=20 dtg=4.15 region=0_1
ep=1583 s=107 10986ms [sel=3 cap=10851 rest=132] sg=3->3 mode=NONE win=8 obs=108 | cap=wip act=(320,360) d=1.64 a=1 | sp=frontier:active d=1.6 age=21 dtg=3.90 region=0_1
ep=1583 s=108 7525ms [sel=5 cap=7387 rest=133] sg=3->3 mode=NONE win=8 obs=109 | cap=wip act=(320,360) d=1.43 a=3 | sp=frontier:active d=1.4 age=22 dtg=3.90 region=0_1
ep=1583 s=109 6964ms [sel=8 cap=6825 rest=130] sg=3->3 mode=NONE win=8 obs=110 | cap=wip act=(320,360) d=1.43 a=1 | sp=frontier:active d=1.4 age=23 dtg=3.65 region=0_1
ep=1583 s=110 8433ms [sel=10 cap=8290 rest=132] sg=3->3 mode=NONE win=8 obs=111 | cap=wip act=(320,360) d=1.30 a=1 | sp=frontier:active d=1.3 age=24 dtg=3.40 region=0_1
ep=1583 s=111 8750ms [sel=12 cap=8609 rest=129] sg=3->3 mode=NONE win=8 obs=112 | cap=wip act=(320,360) d=1.21 a=1 | sp=frontier:active d=1.2 age=25 dtg=3.15 region=0_1
ep=1583 s=112 11280ms [sel=32 cap=11121 rest=127] sg=3->3 mode=NONE win=8 obs=113 | cap=wip act=(320,360) d=4.17 a=1 | sp=frontier:active d=4.2 age=0 dtg=2.90 region=0_1
ep=1583 s=113 8040ms [sel=3 cap=7913 rest=125] sg=3->3 mode=NONE win=8 obs=114 | cap=wip act=(320,360) d=3.92 a=3 | sp=frontier:active d=3.9 age=1 dtg=2.90 region=0_1
ep=1583 s=114 6575ms [sel=3 cap=6448 rest=124] sg=3->3 mode=NONE win=8 obs=115 | cap=wip act=(320,360) d=3.92 a=1 | sp=frontier:active d=3.9 age=2 dtg=2.67 region=0_1
ep=1583 s=115 6599ms [sel=3 cap=6468 rest=128] sg=3->3 mode=NONE win=8 obs=116 | cap=wip act=(320,360) d=3.67 a=1 | sp=frontier:active d=3.7 age=3 dtg=2.45 region=0_1
ep=1583 s=116 6944ms [sel=3 cap=6812 rest=129] sg=3->3 mode=NONE win=8 obs=117 | cap=wip act=(320,360) d=3.43 a=1 | sp=frontier:active d=3.4 age=4 dtg=2.26 region=0_1
ep=1583 s=117 10672ms [sel=3 cap=10541 rest=127] sg=3->3 mode=NONE win=8 obs=118 | cap=wip act=(320,360) d=3.18 a=1 | sp=frontier:active d=3.2 age=5 dtg=2.16 region=0_1
ep=1583 s=118 8332ms [sel=3 cap=8199 rest=130] sg=3->3 mode=NONE win=8 obs=119 | cap=wip act=(320,360) d=2.93 a=3 | sp=frontier:active d=2.9 age=6 dtg=2.16 region=0_1
ep=1583 s=119 17324ms [sel=3 cap=17191 rest=129] sg=3->3 mode=NONE win=8 obs=120 | cap=wip act=(320,360) d=2.93 a=1 | sp=frontier:active d=2.9 age=7 dtg=2.24 region=0_1
ep=1583 s=120 15105ms [sel=3 cap=14967 rest=136] sg=3->3 mode=NONE win=8 obs=121 | cap=wip act=(320,360) d=2.69 a=1 | sp=frontier:active d=2.7 age=8 dtg=2.38 region=0_1
ep=1583 s=121 16349ms [sel=3 cap=16208 rest=138] sg=3->3 mode=NONE win=8 obs=122 | cap=wip act=(320,360) d=2.46 a=1 | sp=frontier:active d=2.5 age=9 dtg=2.54 region=0_1
ep=1583 s=122 18327ms [sel=3 cap=18190 rest=133] sg=3->3 mode=NONE win=8 obs=123 | cap=wip act=(320,360) d=2.24 a=1 | sp=frontier:active d=2.2 age=10 dtg=2.73 region=0_1
ep=1583 s=123 16560ms [sel=4 cap=16423 rest=134] sg=3->3 mode=NONE win=8 obs=124 | cap=wip act=(320,360) d=2.02 a=2 | sp=frontier:active d=2.0 age=11 dtg=2.73 region=0_1
ep=1583 s=124 15629ms [sel=4 cap=15494 rest=130] sg=3->3 mode=TURN_OSCILLATION win=8 obs=125 | cap=wip/TURN_OSCILLATION act=(320,360) d=2.02 a=1 | sp=frontier:active d=2.0 age=12 dtg=2.90 region=0_0
ep=1583 s=125 13710ms [sel=32 cap=13548 rest=130] sg=3->3 mode=NONE win=8 obs=126 | cap=wip act=(320,360) d=3.26 a=3 | sp=frontier:active d=3.3 age=0 dtg=2.90 region=0_0
ep=1583 s=126 16015ms [sel=6 cap=15876 rest=132] sg=3->3 mode=NONE win=8 obs=127 | cap=wip act=(320,360) d=3.26 a=1 | sp=frontier:active d=3.3 age=1 dtg=3.14 region=0_0
ep=1583 s=127 12111ms [sel=7 cap=11969 rest=135] sg=3->3 mode=NONE win=8 obs=128 | cap=wip act=(320,360) d=3.01 a=3 | sp=frontier:active d=3.0 age=2 dtg=3.14 region=0_0
ep=1583 s=128 7463ms [sel=6 cap=7320 rest=136] sg=3->3 mode=NONE win=8 obs=129 | cap=wip act=(320,360) d=3.01 a=1 | sp=frontier:active d=3.0 age=3 dtg=3.39 region=0_0
ep=1583 s=129 10092ms [sel=3 cap=9953 rest=136] sg=3->3 mode=NONE win=8 obs=130 | cap=wip act=(320,360) d=2.76 a=1 | sp=frontier:active d=2.8 age=4 dtg=3.64 region=0_0
ep=1583 s=130 7600ms [sel=3 cap=7459 rest=138] sg=3->3 mode=NONE win=8 obs=131 | cap=wip act=(320,360) d=2.51 a=1 | sp=frontier:active d=2.5 age=5 dtg=3.89 region=0_0
ep=1583 s=131 12625ms [sel=3 cap=12487 rest=135] sg=3->3 mode=NONE win=8 obs=132 | cap=wip act=(320,360) d=2.26 a=2 | sp=frontier:active d=2.3 age=6 dtg=3.89 region=0_0
ep=1583 s=132 11831ms [sel=4 cap=11688 rest=139] sg=3->3 mode=NONE win=8 obs=133 | cap=wip act=(320,360) d=2.26 a=2 | sp=frontier:active d=2.3 age=7 dtg=3.89 region=0_0
ep=1583 s=133 9859ms [sel=3 cap=9717 rest=139] sg=3->3 mode=NONE win=8 obs=134 | cap=wip act=(320,360) d=2.26 a=1 | sp=frontier:active d=2.3 age=8 dtg=4.12 region=0_0
ep=1583 s=134 8481ms [sel=3 cap=8345 rest=133] sg=3->3 mode=NONE win=8 obs=135 | cap=wip act=(320,360) d=2.05 a=1 | sp=frontier:active d=2.0 age=9 dtg=4.35 region=0_0
ep=1583 s=135 10443ms [sel=4 cap=10308 rest=131] sg=3->3 mode=NONE win=8 obs=136 | cap=wip act=(320,360) d=1.84 a=1 | sp=frontier:active d=1.8 age=10 dtg=4.59 region=0_0
ep=1583 s=136 7245ms [sel=6 cap=7111 rest=128] sg=3->3 mode=NONE win=8 obs=137 | cap=wip act=(320,360) d=1.65 a=3 | sp=frontier:active d=1.6 age=11 dtg=4.59 region=0_0
ep=1583 s=137 12782ms [sel=3 cap=12647 rest=131] sg=3->3 mode=NONE win=8 obs=138 | cap=wip act=(320,360) d=1.65 a=1 | sp=frontier:active d=1.6 age=12 dtg=4.83 region=0_0
ep=1583 s=138 7533ms [sel=3 cap=7394 rest=136] sg=3->3 mode=NONE win=8 obs=139 | cap=wip act=(320,360) d=1.43 a=3 | sp=frontier:active d=1.4 age=13 dtg=4.83 region=0_0
ep=1583 s=139 23742ms [sel=15755 cap=7856 rest=131] sg=3->3 mode=NONE win=8 obs=140 | cap=wip act=(320,360) d=2.36 a=1 | sp=som:active d=2.4 age=0 som=2/6 dtg=5.08 region=0_0
ep=1583 s=140 5950ms [sel=4 cap=5817 rest=129] sg=3->3 mode=NONE win=8 obs=141 | cap=wip act=(320,360) d=2.11 a=1 | sp=som:active d=2.1 age=1 dtg=5.32 region=0_0
ep=1583 s=141 14119ms [sel=52 cap=13480 rest=552] sg=3->3 mode=NONE win=8 obs=142 | cap=wip act=(160,180) d=4.98 a=2 | preview=view0/6 yaw=-180 render=35ms | sp=preview:active d=5.0 age=0 dtg=5.32 region=0_0
ep=1583 s=142 12170ms [sel=35 cap=12004 rest=131] sg=3->3 mode=NONE win=8 obs=143 | cap=wip act=(320,360) d=4.98 a=2 | sp=preview:active d=5.0 age=1 dtg=5.32 region=0_0
ep=1583 s=143 8714ms [sel=37 cap=8547 rest=130] sg=3->3 mode=NONE win=8 obs=144 | cap=wip act=(320,360) d=4.98 a=2 | sp=preview:active d=5.0 age=2 dtg=5.32 region=0_0
ep=1583 s=144 9769ms [sel=35 cap=9159 rest=538] sg=3->3 mode=NONE win=8 obs=145 | cap=wip act=(320,360) d=4.98 a=2 | preview=view-/6 yaw=+0 render=37ms | sp=preview:active d=5.0 age=3 dtg=5.32 region=0_0
ep=1583 s=145 6934ms [sel=35 cap=6762 rest=137] sg=3->3 mode=NONE win=8 obs=146 | cap=wip act=(320,360) d=4.98 a=2 | sp=preview:active d=5.0 age=4 dtg=5.32 region=0_0
ep=1583 s=146 6810ms [sel=36 cap=6645 rest=129] sg=3->3 mode=NONE win=8 obs=147 | cap=wip act=(320,360) d=4.98 a=2 | sp=preview:active d=5.0 age=5 dtg=5.32 region=0_0
ep=1583 s=147 7483ms [sel=38 cap=7310 rest=136] sg=3->3 mode=NONE win=8 obs=148 | cap=wip act=(320,360) d=4.98 a=2 | sp=preview:active d=5.0 age=6 dtg=5.32 region=0_0
ep=1583 s=148 8937ms [sel=35 cap=8765 rest=137] sg=3->3 mode=NONE win=8 obs=149 | cap=wip act=(320,360) d=4.98 a=2 | sp=preview:active d=5.0 age=7 dtg=5.32 region=0_0
ep=1583 s=149 8042ms [sel=44 cap=7868 rest=129] sg=3->3 mode=NONE win=8 obs=150 | cap=wip act=(320,360) d=4.98 a=2 | sp=preview:active d=5.0 age=8 dtg=5.32 region=0_0
ep=1583 s=150 8166ms [sel=32 cap=8011 rest=123] sg=3->3 mode=NONE win=8 obs=151 | cap=wip act=(320,360) d=4.98 a=2 | sp=preview:active d=5.0 age=9 dtg=5.32 region=0_0
ep=1583 s=151 12230ms [sel=28 cap=12074 rest=128] sg=3->3 mode=NONE win=8 obs=152 | cap=wip act=(320,360) d=4.98 a=2 | sp=preview:active d=5.0 age=10 dtg=5.32 region=0_0
ep=1583 s=152 12088ms [sel=3 cap=11952 rest=133] sg=3->3 mode=NONE win=8 obs=153 | cap=wip act=(320,360) d=4.98 a=1 | sp=preview:active d=5.0 age=11 dtg=5.10 region=0_0
ep=1583 s=153 16107ms [sel=19 cap=15491 rest=564] sg=3->3 mode=NONE win=8 obs=154 | cap=wip act=(160,180) d=3.96 a=2 | preview=view2/6 yaw=-45 render=34ms | sp=preview:active d=4.0 age=0 dtg=5.10 region=0_0
ep=1583 s=154 5914ms [sel=3 cap=5772 rest=139] sg=3->3 mode=NONE win=8 obs=155 | cap=wip act=(320,360) d=3.96 a=1 | sp=preview:active d=4.0 age=1 dtg=4.86 region=0_0
ep=1583 s=155 12670ms [sel=3 cap=12534 rest=133] sg=3->3 mode=NONE win=8 obs=156 | cap=wip act=(320,360) d=3.73 a=1 | sp=preview:active d=3.7 age=2 dtg=4.61 region=0_0
ep=1583 s=156 10239ms [sel=4 cap=10101 rest=134] sg=3->3 mode=NONE win=8 obs=157 | cap=wip act=(320,360) d=3.49 a=2 | sp=preview:active d=3.5 age=3 dtg=4.61 region=0_0
ep=1583 s=157 17890ms [sel=3 cap=17756 rest=131] sg=3->3 mode=NONE win=8 obs=158 | cap=wip act=(320,360) d=3.49 a=1 | sp=preview:active d=3.5 age=4 dtg=4.36 region=0_0
ep=1583 s=158 9830ms [sel=3 cap=9239 rest=553] sg=3->3 mode=NONE win=8 obs=159 | cap=wip act=(320,360) d=3.24 a=1 | preview=view-/6 yaw=+0 render=35ms | sp=preview:active d=3.2 age=5 dtg=4.11 region=0_0
ep=1583 s=159 11402ms [sel=3 cap=11268 rest=131] sg=3->3 mode=NONE win=8 obs=160 | cap=wip act=(320,360) d=3.00 a=1 | sp=preview:active d=3.0 age=6 dtg=3.86 region=0_0
ep=1583 s=160 8449ms [sel=4 cap=8311 rest=135] sg=3->3 mode=NONE win=8 obs=161 | cap=wip act=(320,360) d=2.75 a=1 | sp=preview:active d=2.7 age=7 dtg=3.61 region=0_0
ep=1583 s=161 10936ms [sel=5 cap=10795 rest=136] sg=3->3 mode=NONE win=8 obs=162 | cap=wip act=(320,360) d=2.50 a=1 | sp=preview:active d=2.5 age=8 dtg=3.36 region=0_0
ep=1583 s=162 12338ms [sel=4 cap=12192 rest=142] sg=3->3 mode=NONE win=8 obs=163 | cap=wip act=(320,360) d=2.25 a=2 | sp=preview:active d=2.3 age=9 dtg=3.36 region=0_0
ep=1583 s=163 10195ms [sel=4 cap=10053 rest=138] sg=3->3 mode=NONE win=8 obs=164 | cap=wip act=(320,360) d=2.25 a=1 | sp=preview:active d=2.3 age=10 dtg=3.12 region=0_0
ep=1583 s=164 9383ms [sel=3 cap=9242 rest=138] sg=3->3 mode=NONE win=8 obs=165 | cap=wip act=(320,360) d=2.00 a=1 | sp=preview:active d=2.0 age=11 dtg=2.90 region=0_0
ep=1583 s=165 9573ms [sel=2143 cap=7299 rest=131] sg=3->3 mode=NONE win=8 obs=166 | cap=wip act=(320,360) d=3.04 a=1 | sp=som:active d=3.0 age=0 som=5/8 dtg=2.73 region=0_1
ep=1583 s=166 9627ms [sel=4 cap=9491 rest=132] sg=3->3 mode=NONE win=8 obs=167 | cap=wip act=(320,360) d=2.79 a=1 | sp=som:active d=2.8 age=1 dtg=2.60 region=0_1
ep=1583 s=167 18669ms [sel=3 cap=18533 rest=133] sg=3->3 mode=NONE win=8 obs=168 | cap=wip act=(320,360) d=2.55 a=1 | sp=som:active d=2.5 age=2 dtg=2.50 region=0_1
ep=1583 s=168 10287ms [sel=3 cap=10142 rest=142] sg=3->3 mode=NONE win=8 obs=169 | cap=wip act=(320,360) d=2.30 a=1 | sp=som:active d=2.3 age=3 dtg=2.43 region=0_1
ep=1583 s=169 11399ms [sel=3 cap=10801 rest=558] sg=3->3 mode=NONE win=8 obs=170 | cap=wip act=(320,360) d=2.06 a=1 | preview=view-/6 yaw=+0 render=38ms | sp=som:active d=2.1 age=4 dtg=2.42 region=0_1
ep=1583 s=170 10669ms [sel=3 cap=10526 rest=140] sg=3->3 mode=NONE win=8 obs=171 | cap=wip act=(320,360) d=1.81 a=1 | sp=som:active d=1.8 age=5 dtg=2.50 region=0_1
ep=1583 s=171 9842ms [sel=4 cap=9700 rest=137] sg=3->3 mode=NONE win=8 obs=172 | cap=wip act=(320,360) d=1.57 a=1 | sp=som:active d=1.6 age=6 dtg=2.65 region=0_1
ep=1583 s=172 10890ms [sel=3 cap=10747 rest=141] sg=3->3 mode=NONE win=8 obs=173 | cap=wip act=(320,360) d=1.33 a=1 | sp=som:active d=1.3 age=7 dtg=2.84 region=0_1
ep=1583 s=173 13027ms [sel=3 cap=12890 rest=134] sg=3->3 mode=NONE win=8 obs=174 | cap=wip act=(320,360) d=1.10 a=1 | sp=som:active d=1.1 age=8 dtg=3.05 region=0_1
ep=1583 s=174 14557ms [sel=3 cap=14421 rest=133] sg=3->3 mode=NONE win=8 obs=175 | cap=wip act=(320,360) d=0.87 a=2 | sp=som:active d=0.9 age=9 dtg=3.05 region=0_1
ep=1583 s=175 13738ms [sel=56 cap=13124 rest=523] sg=3->3 mode=NONE win=8 obs=176 | cap=wip act=(160,180) d=5.40 a=2 | preview=view0/6 yaw=-165 render=34ms | sp=preview:active d=5.4 age=0 dtg=3.05 region=0_1
ep=1583 s=176 8748ms [sel=40 cap=8578 rest=130] sg=3->3 mode=NONE win=8 obs=177 | cap=wip act=(320,360) d=5.40 a=2 | sp=preview:active d=5.4 age=1 dtg=3.05 region=0_1
ep=1583 s=177 13685ms [sel=40 cap=13504 rest=141] sg=3->3 mode=NONE win=8 obs=178 | cap=wip act=(320,360) d=5.40 a=2 | sp=preview:active d=5.4 age=2 dtg=3.05 region=0_1
ep=1583 s=178 7196ms [sel=40 cap=7024 rest=132] sg=3->3 mode=NONE win=8 obs=179 | cap=wip act=(320,360) d=5.40 a=2 | sp=preview:active d=5.4 age=3 dtg=3.05 region=0_1
ep=1583 s=179 10442ms [sel=40 cap=10262 rest=140] sg=3->3 mode=NONE win=8 obs=180 | cap=wip act=(320,360) d=5.40 a=2 | sp=preview:active d=5.4 age=4 dtg=3.05 region=0_1
ep=1583 s=180 17310ms [sel=41 cap=17126 rest=142] sg=3->3 mode=NONE win=8 obs=181 | cap=wip act=(320,360) d=5.40 a=2 | sp=preview:active d=5.4 age=5 dtg=3.05 region=0_1
ep=1583 s=181 8447ms [sel=40 cap=8267 rest=140] sg=3->3 mode=NONE win=8 obs=182 | cap=wip act=(320,360) d=5.40 a=2 | sp=preview:active d=5.4 age=6 dtg=3.05 region=0_1
ep=1583 s=182 19960ms [sel=42 cap=19778 rest=141] sg=3->3 mode=NONE win=8 obs=183 | cap=wip act=(320,360) d=5.40 a=2 | sp=preview:active d=5.4 age=7 dtg=3.05 region=0_1
ep=1583 s=183 9800ms [sel=42 cap=9620 rest=139] sg=3->3 mode=NONE win=8 obs=184 | cap=wip act=(320,360) d=5.40 a=2 | sp=preview:active d=5.4 age=8 dtg=3.05 region=0_1
ep=1583 s=184 9871ms [sel=6 cap=9727 rest=137] sg=3->3 mode=NONE win=8 obs=185 | cap=wip act=(320,360) d=5.40 a=2 | sp=preview:active d=5.4 age=9 dtg=3.05 region=0_1
ep=1583 s=185 8298ms [sel=7 cap=8159 rest=131] sg=3->3 mode=NONE win=8 obs=186 | cap=wip act=(320,360) d=5.40 a=2 | sp=preview:active d=5.4 age=10 dtg=3.05 region=0_1
ep=1583 s=186 7070ms [sel=6 cap=6936 rest=128] sg=3->3 mode=NONE win=8 obs=187 | cap=wip act=(320,360) d=5.40 a=1 | sp=preview:active d=5.4 age=11 dtg=2.84 region=0_1
ep=1583 s=187 14269ms [sel=23 cap=13683 rest=528] sg=3->3 mode=NONE win=8 obs=188 | cap=wip act=(160,180) d=5.36 a=1 | preview=view3/6 yaw=+0 render=36ms | sp=preview:active d=5.4 age=0 dtg=2.65 region=0_1
ep=1583 s=188 6218ms [sel=4 cap=6091 rest=123] sg=3->3 mode=NONE win=8 obs=189 | cap=wip act=(320,360) d=5.11 a=3 | sp=preview:active d=5.1 age=1 dtg=2.65 region=0_1
ep=1583 s=189 10500ms [sel=5 cap=10367 rest=128] sg=3->3 mode=NONE win=8 obs=190 | cap=wip act=(320,360) d=5.11 a=1 | sp=preview:active d=5.1 age=2 dtg=2.56 region=0_1
ep=1583 s=190 7069ms [sel=5 cap=6922 rest=142] sg=3->3 mode=NONE win=8 obs=191 | cap=wip act=(320,360) d=4.86 a=1 | sp=preview:active d=4.9 age=3 dtg=2.55 region=0_1
ep=1583 s=191 5766ms [sel=3 cap=5610 rest=152] sg=3->3 mode=NONE win=8 obs=192 | cap=wip act=(320,360) d=4.61 a=2 | sp=preview:active d=4.6 age=4 dtg=2.55 region=0_1
ep=1583 s=192 8303ms [sel=6 cap=8166 rest=131] sg=3->3 mode=NONE win=8 obs=193 | cap=wip act=(320,360) d=4.61 a=1 | sp=preview:active d=4.6 age=5 dtg=2.55 region=0_1
ep=1583 s=193 5822ms [sel=4 cap=5673 rest=145] sg=3->3 mode=NONE win=8 obs=194 | cap=wip act=(320,360) d=4.37 a=1 | sp=preview:active d=4.4 age=6 dtg=2.61 region=0_1
ep=1583 s=194 7221ms [sel=3 cap=7065 rest=154] sg=3->3 mode=NONE win=8 obs=195 | cap=wip act=(320,360) d=4.12 a=1 | sp=preview:active d=4.1 age=7 dtg=2.71 region=0_1
ep=1583 s=195 4249ms [sel=3 cap=4108 rest=138] sg=3->3 mode=NONE win=8 obs=196 | cap=wip act=(320,360) d=3.87 a=1 | sp=preview:active d=3.9 age=8 dtg=2.83 region=0_1
ep=1583 s=196 6239ms [sel=4 cap=6098 rest=137] sg=3->3 mode=NONE win=8 obs=197 | cap=wip act=(320,360) d=3.63 a=1 | sp=preview:active d=3.6 age=9 dtg=2.97 region=0_0
ep=1583 s=197 7632ms [sel=4 cap=7497 rest=131] sg=3->3 mode=NONE win=8 obs=198 | cap=wip act=(320,360) d=3.38 a=2 | sp=preview:active d=3.4 age=10 dtg=2.97 region=0_0
ep=1583 s=198 9819ms [sel=3 cap=9688 rest=128] sg=3->3 mode=NONE win=8 obs=199 | cap=wip act=(320,360) d=3.38 a=1 | sp=preview:active d=3.4 age=11 dtg=3.13 region=0_0
ep=1583 s=199 23985ms [sel=4 cap=23850 rest=131] sg=3->3 mode=NONE win=8 obs=200 | cap=wip act=(320,360) d=3.16 a=1 | sp=preview:active d=3.2 age=12 dtg=3.33 region=0_0
ep=1583 s=200 10623ms [sel=2490 cap=8002 rest=131] sg=3->3 mode=NONE win=8 obs=201 | cap=wip act=(320,360) d=2.94 a=2 | sp=som:active d=2.9 age=0 som=3/8 dtg=3.33 region=0_0
ep=1583 s=201 9149ms [sel=3 cap=9015 rest=131] sg=3->3 mode=NONE win=8 obs=202 | cap=wip act=(320,360) d=2.94 a=1 | sp=som:active d=2.9 age=1 dtg=3.52 region=0_0
ep=1583 s=202 8601ms [sel=4 cap=8465 rest=132] sg=3->3 mode=NONE win=8 obs=203 | cap=wip act=(320,360) d=2.69 a=2 | sp=som:active d=2.7 age=2 dtg=3.52 region=0_0
ep=1583 s=203 11883ms [sel=4 cap=11742 rest=137] sg=3->3 mode=NONE win=8 obs=204 | cap=wip act=(320,360) d=2.69 a=1 | sp=som:active d=2.7 age=3 dtg=3.70 region=0_0
ep=1583 s=204 11489ms [sel=4 cap=11342 rest=143] sg=3->3 mode=NONE win=8 obs=205 | cap=wip act=(320,360) d=2.45 a=3 | sp=som:active d=2.5 age=4 dtg=3.70 region=0_0
ep=1583 s=205 11947ms [sel=3 cap=11802 rest=143] sg=3->3 mode=NONE win=8 obs=206 | cap=wip act=(320,360) d=2.45 a=1 | sp=som:active d=2.5 age=5 dtg=3.93 region=0_0
ep=1583 s=206 10569ms [sel=3 cap=10436 rest=130] sg=3->3 mode=NONE win=8 obs=207 | cap=wip act=(320,360) d=2.20 a=1 | sp=som:active d=2.2 age=6 dtg=4.17 region=0_0
ep=1583 s=207 19158ms [sel=4 cap=19018 rest=136] sg=3->3 mode=NONE win=8 obs=208 | cap=wip act=(320,360) d=1.95 a=1 | sp=som:active d=2.0 age=7 dtg=4.41 region=0_0
ep=1583 s=208 5239ms [sel=3 cap=5108 rest=128] sg=3->3 mode=NONE win=8 obs=209 | cap=wip act=(320,360) d=1.70 a=2 | sp=som:active d=1.7 age=8 dtg=4.41 region=0_0
ep=1583 s=209 4062ms [sel=3 cap=3925 rest=134] sg=3->3 mode=NONE win=8 obs=210 | cap=wip act=(320,360) d=1.70 a=1 | sp=som:active d=1.7 age=9 dtg=4.64 region=0_0
ep=1583 s=210 4791ms [sel=3 cap=4659 rest=129] sg=3->3 mode=NONE win=8 obs=211 | cap=wip act=(320,360) d=1.46 a=1 | sp=som:active d=1.5 age=10 dtg=4.87 region=0_0
ep=1583 s=211 8697ms [sel=3 cap=8556 rest=138] sg=3->3 mode=NONE win=8 obs=212 | cap=wip act=(320,360) d=1.23 a=1 | sp=som:active d=1.2 age=11 dtg=5.10 region=0_0
ep=1583 s=212 11229ms [sel=3 cap=11095 rest=131] sg=3->3 mode=NONE win=8 obs=213 | cap=wip act=(320,360) d=1.00 a=1 | sp=som:active d=1.0 age=12 dtg=5.34 region=0_0
ep=1583 s=213 6381ms [sel=3 cap=6246 rest=131] sg=3->3 mode=NONE win=8 obs=214 | cap=wip act=(320,360) d=0.79 a=3 | sp=som:active d=0.8 age=13 dtg=5.34 region=0_0
ep=1583 s=214 12161ms [sel=3 cap=12029 rest=129] sg=3->3 mode=NONE win=8 obs=215 | cap=wip act=(320,360) d=0.79 a=1 | sp=som:active d=0.8 age=14 dtg=5.59 region=0_0
ep=1583 s=215 19942ms [sel=3 cap=19805 rest=134] sg=3->3 mode=NONE win=8 obs=216 | cap=wip act=(320,360) d=0.56 a=3 | sp=som:active d=0.6 age=15 dtg=5.59 region=0_0
ep=1583 s=216 8937ms [sel=3 cap=8796 rest=137] sg=3->3 mode=NONE win=8 obs=217 | cap=wip act=(320,360) d=0.56 a=3 | sp=som:active d=0.6 age=16 dtg=5.59 region=0_0
ep=1583 s=217 7223ms [sel=4 cap=7081 rest=138] sg=3->3 mode=NONE win=8 obs=218 | cap=wip act=(320,360) d=0.56 a=1 | sp=som:active d=0.6 age=17 dtg=5.81 region=0_0
ep=1583 s=218 15896ms [sel=46 cap=15705 rest=146] sg=3->3 mode=WALL_STUCK win=8 obs=219 | cap=wip/WALL_STUCK act=(320,360) d=2.70 a=1 | sp=frontier:active d=2.7 age=0 dtg=6.04 region=0_0
ep=1583 s=219 7261ms [sel=19 cap=7091 rest=150] sg=3->3 mode=WALL_STUCK win=8 obs=220 | cap=wip/WALL_STUCK act=(320,360) d=2.62 a=3 | sp=frontier:active d=2.6 age=1 dtg=6.04 region=0_0
ep=1583 s=220 7177ms [sel=16 cap=7010 rest=150] sg=3->3 mode=NONE win=8 obs=221 | cap=wip act=(320,360) d=2.62 a=1 | sp=frontier:active d=2.6 age=2 dtg=6.24 region=0_0
ep=1583 s=221 9562ms [sel=19 cap=9388 rest=155] sg=3->3 mode=NONE win=8 obs=222 | cap=wip act=(320,360) d=2.50 a=3 | sp=frontier:active d=2.5 age=3 dtg=6.24 region=0_0
ep=1583 s=222 11957ms [sel=14 cap=11790 rest=152] sg=3->3 mode=NONE win=8 obs=223 | cap=wip act=(320,360) d=2.50 a=3 | sp=frontier:active d=2.5 age=4 dtg=6.24 region=0_0
ep=1583 s=223 12666ms [sel=11 cap=12506 rest=149] sg=3->3 mode=NONE win=8 obs=224 | cap=wip act=(320,360) d=2.50 a=1 | sp=frontier:active d=2.5 age=5 dtg=6.38 region=0_0
ep=1583 s=224 8387ms [sel=12 cap=8230 rest=146] sg=3->3 mode=NONE win=8 obs=225 | cap=wip act=(320,360) d=2.29 a=3 | sp=frontier:active d=2.3 age=6 dtg=6.38 region=0_0
ep=1583 s=225 6506ms [sel=3 cap=6359 rest=144] sg=3->3 mode=NONE win=8 obs=226 | cap=wip act=(320,360) d=2.29 a=1 | sp=frontier:active d=2.3 age=7 dtg=6.55 region=0_0
ep=1583 s=226 8803ms [sel=8 cap=8658 rest=137] sg=3->3 mode=NONE win=8 obs=227 | cap=wip act=(320,360) d=2.06 a=3 | sp=frontier:active d=2.1 age=8 dtg=6.55 region=0_0
ep=1583 s=227 10611ms [sel=3 cap=10465 rest=144] sg=3->3 mode=NONE win=8 obs=228 | cap=wip act=(320,360) d=2.06 a=1 | sp=frontier:active d=2.1 age=9 dtg=6.74 region=0_0
ep=1583 s=228 7612ms [sel=3 cap=7469 rest=140] sg=3->3 mode=NONE win=8 obs=229 | cap=wip act=(320,360) d=1.82 a=3 | sp=frontier:active d=1.8 age=10 dtg=6.74 region=0_0
ep=1583 s=229 9015ms [sel=3 cap=8877 rest=135] sg=3->3 mode=NONE win=8 obs=230 | cap=wip act=(320,360) d=1.82 a=1 | sp=frontier:active d=1.8 age=11 dtg=6.93 region=0_0
ep=1583 s=230 8272ms [sel=3 cap=8132 rest=137] sg=3->3 mode=NONE win=8 obs=231 | cap=wip act=(320,360) d=1.57 a=3 | sp=frontier:active d=1.6 age=12 dtg=6.93 region=0_0
ep=1583 s=231 12216ms [sel=4 cap=12078 rest=134] sg=3->3 mode=NONE win=8 obs=232 | cap=wip act=(320,360) d=1.57 a=1 | sp=frontier:active d=1.6 age=13 dtg=6.34 region=0_0
ep=1583 s=232 9688ms [sel=3 cap=9547 rest=139] sg=3->3 mode=NONE win=8 obs=233 | cap=wip act=(320,360) d=1.34 a=3 | sp=frontier:active d=1.3 age=14 dtg=6.34 region=0_0
ep=1583 s=233 4960ms [sel=3 cap=4819 rest=138] sg=3->3 mode=NONE win=8 obs=234 | cap=wip act=(320,360) d=1.34 a=1 | sp=frontier:active d=1.3 age=15 dtg=6.19 region=0_0
ep=1583 s=234 9778ms [sel=4 cap=9645 rest=129] sg=3->3 mode=NONE win=8 obs=235 | cap=wip act=(320,360) d=1.15 a=1 | sp=frontier:active d=1.1 age=16 dtg=6.07 region=0_0
ep=1583 s=235 10908ms [sel=5 cap=10766 rest=138] sg=3->3 mode=NONE win=8 obs=236 | cap=wip act=(320,360) d=0.99 a=2 | sp=frontier:active d=1.0 age=17 dtg=6.07 region=0_0
ep=1583 s=236 6211ms [sel=3 cap=6074 rest=134] sg=3->3 mode=NONE win=8 obs=237 | cap=wip act=(320,360) d=0.99 a=2 | sp=frontier:active d=1.0 age=18 dtg=6.07 region=0_0
ep=1583 s=237 8203ms [sel=3 cap=8071 rest=129] sg=3->3 mode=NONE win=8 obs=238 | cap=wip act=(320,360) d=0.99 a=1 | sp=frontier:active d=1.0 age=19 dtg=6.10 region=0_0
ep=1583 s=238 15798ms [sel=8030 cap=7636 rest=132] sg=3->3 mode=NONE win=8 obs=239 | cap=wip act=(320,360) d=1.70 a=1 | sp=som:active d=1.7 age=0 som=2/5 dtg=6.15 region=0_0
ep=1583 s=239 17619ms [sel=4 cap=17473 rest=142] sg=3->3 mode=NONE win=8 obs=240 | cap=wip act=(320,360) d=1.46 a=3 | sp=som:active d=1.5 age=1 dtg=6.15 region=0_0
ep=1583 s=240 6936ms [sel=3 cap=6793 rest=140] sg=3->3 mode=NONE win=8 obs=241 | cap=wip act=(320,360) d=1.46 a=1 | sp=som:active d=1.5 age=2 dtg=6.15 region=0_0
ep=1583 s=241 9218ms [sel=3 cap=9071 rest=144] sg=3->3 mode=NONE win=8 obs=242 | cap=wip act=(320,360) d=1.21 a=1 | sp=som:active d=1.2 age=3 dtg=6.17 region=0_0
ep=1583 s=242 9791ms [sel=4 cap=9637 rest=150] sg=3->3 mode=NONE win=8 obs=243 | cap=wip act=(320,360) d=0.96 a=1 | sp=som:active d=1.0 age=4 dtg=6.21 region=0_0
ep=1583 s=243 17326ms [sel=3 cap=17184 rest=139] sg=3->3 mode=NONE win=8 obs=244 | cap=wip act=(320,360) d=0.71 a=1 | sp=som:active d=0.7 age=5 dtg=6.29 region=0_0
ep=1583 s=244 13820ms [sel=4597 cap=9049 rest=174] sg=3->3 mode=NONE win=8 obs=245 | cap=wip act=(320,360) d=0.78 a=3 | sp=som:active d=0.8 age=0 som=1/4 dtg=6.29 region=0_0
ep=1583 s=245 15621ms [sel=3 cap=15486 rest=132] sg=3->3 mode=NONE win=8 obs=246 | cap=wip act=(320,360) d=0.78 a=1 | sp=som:active d=0.8 age=1 dtg=6.33 region=0_0
ep=1583 s=246 10077ms [sel=3 cap=9938 rest=135] sg=3->3 mode=NONE win=8 obs=247 | cap=wip act=(320,360) d=0.53 a=1 | sp=som:active d=0.5 age=2 dtg=6.40 region=0_0
ep=1583 s=247 24856ms [sel=16540 cap=8177 rest=140] sg=3->3 mode=NONE win=8 obs=248 | cap=wip act=(320,360) d=3.28 a=3 | sp=frontier:active d=3.3 age=0 som=1/4 dtg=6.40 region=0_0
ep=1583 s=248 7525ms [sel=57 cap=7326 rest=141] sg=3->3 mode=NONE win=8 obs=249 | cap=wip act=(320,360) d=3.28 a=3 | sp=frontier:active d=3.3 age=1 dtg=6.40 region=0_0
ep=1583 s=249 8954ms [sel=36 cap=8762 rest=155] sg=3->3 mode=NONE win=8 obs=250 | cap=wip act=(320,360) d=3.28 a=3 | sp=frontier:active d=3.3 age=2 dtg=6.40 region=0_0
ep=1583 s=250 6990ms [sel=33 cap=6800 rest=157] sg=3->3 mode=NONE win=8 obs=251 | cap=wip act=(320,360) d=3.28 a=3 | sp=frontier:active d=3.3 age=3 dtg=6.40 region=0_0
ep=1583 s=251 7793ms [sel=22 cap=7638 rest=133] sg=3->3 mode=NONE win=8 obs=252 | cap=wip act=(320,360) d=3.28 a=3 | sp=frontier:active d=3.3 age=4 dtg=6.40 region=0_0
ep=1583 s=252 14514ms [sel=12 cap=14339 rest=163] sg=3->3 mode=NONE win=8 obs=253 | cap=wip act=(320,360) d=3.28 a=3 | sp=frontier:active d=3.3 age=5 dtg=6.40 region=0_0
ep=1583 s=253 11975ms [sel=3 cap=11845 rest=126] sg=3->3 mode=NONE win=8 obs=254 | cap=wip act=(320,360) d=3.28 a=1 | sp=frontier:active d=3.3 age=6 dtg=6.17 region=0_0
ep=1583 s=254 11155ms [sel=5 cap=11020 rest=129] sg=3->3 mode=NONE win=8 obs=255 | cap=wip act=(320,360) d=3.03 a=3 | sp=frontier:active d=3.0 age=7 dtg=6.17 region=0_0
ep=1583 s=255 9402ms [sel=5 cap=9257 rest=140] sg=3->3 mode=NONE win=8 obs=256 | cap=wip act=(320,360) d=3.03 a=1 | sp=frontier:active d=3.0 age=8 dtg=5.93 region=0_0
ep=1583 s=256 4456ms [sel=3 cap=4321 rest=133] sg=3->3 mode=NONE win=8 obs=257 | cap=wip act=(320,360) d=2.81 a=3 | sp=frontier:active d=2.8 age=9 dtg=5.93 region=0_0
ep=1583 s=257 10167ms [sel=6 cap=10033 rest=128] sg=3->3 mode=NONE win=8 obs=258 | cap=wip act=(320,360) d=2.81 a=1 | sp=frontier:active d=2.8 age=10 dtg=5.67 region=0_0
ep=1583 s=258 19760ms [sel=17 cap=19145 rest=561] sg=3->3 mode=NONE win=8 obs=259 | cap=wip act=(160,180) d=1.81 a=3 | preview=view3/6 yaw=+0 render=37ms | sp=preview:active d=1.8 age=0 dtg=5.67 region=0_0
ep=1583 s=259 9542ms [sel=4 cap=9401 rest=137] sg=3->3 mode=NONE win=8 obs=260 | cap=wip act=(320,360) d=1.81 a=1 | sp=preview:active d=1.8 age=1 dtg=5.44 region=0_0
ep=1583 s=260 11593ms [sel=7 cap=11449 rest=137] sg=3->3 mode=NONE win=8 obs=261 | cap=wip act=(320,360) d=1.63 a=1 | sp=preview:active d=1.6 age=2 dtg=5.22 region=0_0
ep=1583 s=261 9538ms [sel=7 cap=9395 rest=135] sg=3->3 mode=NONE win=8 obs=262 | cap=wip act=(320,360) d=1.46 a=1 | sp=preview:active d=1.5 age=3 dtg=5.04 region=0_0
ep=1583 s=262 10120ms [sel=8 cap=9982 rest=130] sg=3->3 mode=NONE win=8 obs=263 | cap=wip act=(320,360) d=1.32 a=2 | sp=preview:active d=1.3 age=4 dtg=5.04 region=0_0
ep=1583 s=263 13999ms [sel=6 cap=13864 rest=128] sg=3->3 mode=NONE win=8 obs=264 | cap=wip act=(320,360) d=1.32 a=1 | sp=preview:active d=1.3 age=5 dtg=4.85 region=0_0
ep=1583 s=264 6213ms [sel=11 cap=6069 rest=132] sg=3->3 mode=NONE win=8 obs=265 | cap=wip act=(320,360) d=1.16 a=2 | sp=preview:active d=1.2 age=6 dtg=4.85 region=0_0
ep=1583 s=265 5920ms [sel=4 cap=5780 rest=136] sg=3->3 mode=NONE win=8 obs=266 | cap=wip act=(320,360) d=1.16 a=2 | sp=preview:active d=1.2 age=7 dtg=4.85 region=0_0
ep=1583 s=266 12114ms [sel=5 cap=11969 rest=140] sg=3->3 mode=NONE win=8 obs=267 | cap=wip act=(320,360) d=1.16 a=1 | sp=preview:active d=1.2 age=8 dtg=4.60 region=0_0
ep=1583 s=267 9527ms [sel=4 cap=9388 rest=134] sg=3->3 mode=NONE win=8 obs=268 | cap=wip act=(320,360) d=0.94 a=2 | sp=preview:active d=0.9 age=9 dtg=4.60 region=0_0
ep=1583 s=268 6571ms [sel=3 cap=6436 rest=132] sg=3->3 mode=NONE win=8 obs=269 | cap=wip act=(320,360) d=0.94 a=2 | sp=preview:active d=0.9 age=10 dtg=4.60 region=0_0
ep=1583 s=269 6320ms [sel=4 cap=6185 rest=130] sg=3->3 mode=NONE win=8 obs=270 | cap=wip act=(320,360) d=0.94 a=1 | sp=preview:active d=0.9 age=11 dtg=4.37 region=0_0
ep=1583 s=270 8872ms [sel=3 cap=8735 rest=135] sg=3->3 mode=NONE win=8 obs=271 | cap=wip act=(320,360) d=0.69 a=1 | sp=preview:active d=0.7 age=12 dtg=4.13 region=0_0
ep=1583 s=271 16306ms [sel=53 cap=16120 rest=133] sg=3->3 mode=NONE win=8 obs=272 | cap=wip act=(320,360) d=3.21 a=3 | sp=frontier:active d=3.2 age=0 dtg=4.13 region=0_0
ep=1583 s=272 7395ms [sel=27 cap=7241 rest=128] sg=3->3 mode=NONE win=8 obs=273 | cap=wip act=(320,360) d=3.21 a=3 | sp=frontier:active d=3.2 age=1 dtg=4.13 region=0_0
ep=1583 s=273 4734ms [sel=25 cap=4577 rest=132] sg=3->3 mode=NONE win=8 obs=274 | cap=wip act=(320,360) d=3.21 a=3 | sp=frontier:active d=3.2 age=2 dtg=4.13 region=0_0
ep=1583 s=274 10506ms [sel=18 cap=10356 rest=132] sg=3->3 mode=NONE win=8 obs=275 | cap=wip act=(320,360) d=3.21 a=3 | sp=frontier:active d=3.2 age=3 dtg=4.13 region=0_0
ep=1583 s=275 6988ms [sel=3 cap=6859 rest=125] sg=3->3 mode=NONE win=8 obs=276 | cap=wip act=(320,360) d=3.21 a=3 | sp=frontier:active d=3.2 age=4 dtg=4.13 region=0_0
ep=1583 s=276 9068ms [sel=3 cap=8936 rest=129] sg=3->3 mode=NONE win=8 obs=277 | cap=wip act=(320,360) d=3.21 a=3 | sp=frontier:active d=3.2 age=5 dtg=4.13 region=0_0
ep=1583 s=277 7416ms [sel=3 cap=7279 rest=134] sg=3->3 mode=NONE win=8 obs=278 | cap=wip act=(320,360) d=3.21 a=1 | sp=frontier:active d=3.2 age=6 dtg=4.05 region=0_0
ep=1583 s=278 6832ms [sel=4 cap=6699 rest=129] sg=3->3 mode=NONE win=8 obs=279 | cap=wip act=(320,360) d=2.97 a=1 | sp=frontier:active d=3.0 age=7 dtg=4.00 region=0_0
ep=1583 s=279 7026ms [sel=3 cap=0 rest=7023] sg=None->3 mode=NONE win=8 obs=280 | cap=- act=(320,360) d=2.74 a=1 | sp=frontier:active d=2.7 age=8 ANALYSIS_ERROR_STAGE=unknown ANALYSIS_ERROR='CaptionerInferenceError: Captioner model inference failed' dtg=4.00 region=0_0
ep=1583 s=280 12480ms [sel=3 cap=12345 rest=132] sg=3->3 mode=NONE win=8 obs=281 | cap=wip act=(320,360) d=2.51 a=1 | sp=frontier:active d=2.5 age=9 dtg=4.05 region=0_0
ep=1583 s=281 12591ms [sel=3 cap=12454 rest=135] sg=3->3 mode=NONE win=8 obs=282 | cap=wip act=(320,360) d=2.28 a=3 | sp=frontier:active d=2.3 age=10 dtg=4.05 region=0_0
ep=1583 s=282 9107ms [sel=7 cap=8952 rest=147] sg=3->3 mode=NONE win=8 obs=283 | cap=wip act=(320,360) d=2.28 a=1 | sp=frontier:active d=2.3 age=11 dtg=4.20 region=0_0
ep=1583 s=283 10118ms [sel=8 cap=9970 rest=140] sg=3->3 mode=NONE win=8 obs=284 | cap=wip act=(320,360) d=2.11 a=1 | sp=frontier:active d=2.1 age=12 dtg=4.37 region=0_0
ep=1583 s=284 19838ms [sel=9 cap=19693 rest=136] sg=3->3 mode=NONE win=8 obs=285 | cap=wip act=(320,360) d=1.94 a=1 | sp=frontier:active d=1.9 age=13 dtg=4.57 region=0_0
ep=1583 s=285 12559ms [sel=10 cap=12410 rest=139] sg=3->3 mode=NONE win=8 obs=286 | cap=wip act=(320,360) d=1.80 a=1 | sp=frontier:active d=1.8 age=14 dtg=4.78 region=0_0
ep=1583 s=286 14886ms [sel=11 cap=14723 rest=151] sg=3->3 mode=NONE win=8 obs=287 | cap=wip act=(320,360) d=1.69 a=2 | sp=frontier:active d=1.7 age=15 dtg=4.78 region=0_0
ep=1583 s=287 15527ms [sel=10 cap=15380 rest=137] sg=3->3 mode=NONE win=8 obs=288 | cap=wip act=(320,360) d=1.69 a=2 | sp=frontier:active d=1.7 age=16 dtg=4.78 region=0_0
ep=1583 s=288 11647ms [sel=6 cap=11521 rest=119] sg=3->3 mode=NONE win=8 obs=289 | cap=wip act=(320,360) d=1.69 a=1 | sp=frontier:active d=1.7 age=17 dtg=4.95 region=0_0
ep=1583 s=289 17253ms [sel=34 cap=17084 rest=134] sg=3->3 mode=NONE win=8 obs=290 | cap=wip act=(320,360) d=1.35 a=2 | sp=frontier:active d=1.4 age=0 dtg=4.95 region=0_0
ep=1583 s=290 19823ms [sel=9 cap=19686 rest=128] sg=3->3 mode=NONE win=8 obs=291 | cap=wip act=(320,360) d=1.35 a=2 | sp=frontier:active d=1.4 age=1 dtg=4.95 region=0_0
ep=1583 s=291 10369ms [sel=5 cap=10230 rest=134] sg=3->3 mode=NONE win=8 obs=292 | cap=wip act=(320,360) d=1.35 a=2 | sp=frontier:active d=1.4 age=2 dtg=4.95 region=0_0
ep=1583 s=292 9041ms [sel=7 cap=8903 rest=131] sg=3->3 mode=NONE win=8 obs=293 | cap=wip act=(320,360) d=1.35 a=1 | sp=frontier:active d=1.4 age=3 dtg=5.04 region=0_0
ep=1583 s=293 15093ms [sel=3 cap=14957 rest=132] sg=3->3 mode=NONE win=8 obs=294 | cap=wip act=(320,360) d=1.14 a=1 | sp=frontier:active d=1.1 age=4 dtg=5.02 region=0_0
ep=1583 s=294 6912ms [sel=3 cap=6782 rest=128] sg=3->3 mode=NONE win=8 obs=295 | cap=wip act=(320,360) d=0.94 a=2 | sp=frontier:active d=0.9 age=5 dtg=5.02 region=0_0
ep=1583 s=295 9417ms [sel=3 cap=9286 rest=128] sg=3->3 mode=NONE win=8 obs=296 | cap=wip act=(320,360) d=0.94 a=2 | sp=frontier:active d=0.9 age=6 dtg=5.02 region=0_0
ep=1583 s=296 16129ms [sel=3 cap=15997 rest=129] sg=3->3 mode=NONE win=8 obs=297 | cap=wip act=(320,360) d=0.94 a=1 | sp=frontier:active d=0.9 age=7 dtg=4.89 region=0_0
ep=1583 s=297 13760ms [sel=3 cap=13626 rest=131] sg=3->3 mode=NONE win=8 obs=298 | cap=wip act=(320,360) d=0.69 a=2 | sp=frontier:active d=0.7 age=8 dtg=4.89 region=0_0
ep=1583 s=298 7291ms [sel=3 cap=7154 rest=134] sg=3->3 mode=NONE win=8 obs=299 | cap=wip act=(320,360) d=0.69 a=1 | sp=frontier:active d=0.7 age=9 dtg=4.71 region=0_0
ep=1583 s=299 17108ms [sel=9169 cap=7797 rest=142] sg=3->3 mode=NONE win=8 obs=300 | cap=wip act=(320,360) d=4.14 a=2 | sp=som:active d=4.1 age=0 som=3/6 dtg=4.71 region=0_0
ep=1583 s=300 10537ms [sel=28 cap=10376 rest=133] sg=3->3 mode=NONE win=8 obs=301 | cap=wip act=(320,360) d=4.14 a=2 | sp=som:active d=4.1 age=1 dtg=4.71 region=0_0
ep=1583 s=301 11054ms [sel=24 cap=10895 rest=135] sg=3->3 mode=NONE win=8 obs=302 | cap=wip act=(320,360) d=4.14 a=2 | sp=som:active d=4.1 age=2 dtg=4.71 region=0_0
ep=1583 s=302 9963ms [sel=20 cap=9799 rest=144] sg=3->3 mode=WALL_STUCK win=8 obs=303 | cap=wip/WALL_STUCK act=(320,360) d=4.14 a=2 | sp=som:active d=4.1 age=3 dtg=4.71 region=0_0
ep=1583 s=303 9885ms [sel=24 cap=9724 rest=137] sg=3->3 mode=NONE win=8 obs=304 | cap=wip act=(320,360) d=4.14 a=2 | sp=som:active d=4.1 age=4 dtg=4.71 region=0_0
ep=1583 s=304 7885ms [sel=28 cap=7723 rest=135] sg=3->3 mode=NONE win=8 obs=305 | cap=wip act=(320,360) d=4.14 a=2 | sp=som:active d=4.1 age=5 dtg=4.71 region=0_0
ep=1583 s=305 7749ms [sel=31 cap=7581 rest=137] sg=3->3 mode=NONE win=8 obs=306 | cap=wip act=(320,360) d=4.14 a=2 | sp=som:active d=4.1 age=6 dtg=4.71 region=0_0
ep=1583 s=306 8540ms [sel=34 cap=8373 rest=133] sg=3->3 mode=NONE win=8 obs=307 | cap=wip act=(320,360) d=4.14 a=2 | sp=som:active d=4.1 age=7 dtg=4.71 region=0_0
ep=1583 s=307 6334ms [sel=34 cap=6170 rest=130] sg=3->3 mode=NONE win=8 obs=308 | cap=wip act=(320,360) d=4.14 a=2 | sp=som:active d=4.1 age=8 dtg=4.71 region=0_0
ep=1583 s=308 4235ms [sel=32 cap=4069 rest=133] sg=3->3 mode=NONE win=8 obs=309 | cap=wip act=(320,360) d=4.14 a=2 | sp=som:active d=4.1 age=9 dtg=4.71 region=0_0
ep=1583 s=309 5337ms [sel=34 cap=5170 rest=133] sg=3->3 mode=NONE win=8 obs=310 | cap=wip act=(320,360) d=4.14 a=2 | sp=som:active d=4.1 age=10 dtg=4.71 region=0_0
ep=1583 s=310 10109ms [sel=37 cap=9933 rest=139] sg=3->3 mode=NONE win=8 obs=311 | cap=wip act=(320,360) d=4.14 a=1 | sp=som:active d=4.1 age=11 dtg=4.84 region=0_0
ep=1583 s=311 9446ms [sel=2612 cap=6703 rest=131] sg=3->3 mode=NONE win=8 obs=312 | cap=wip act=(320,360) d=2.67 a=1 | sp=som:active d=2.7 age=0 som=3/7 dtg=4.99 region=0_0
ep=1583 s=312 6873ms [sel=7 cap=6736 rest=130] sg=3->3 mode=NONE win=8 obs=313 | cap=wip act=(320,360) d=2.42 a=3 | sp=som:active d=2.4 age=1 dtg=4.99 region=0_0
ep=1583 s=313 4139ms [sel=6 cap=3997 rest=135] sg=3->3 mode=NONE win=8 obs=314 | cap=wip act=(320,360) d=2.42 a=1 | sp=som:active d=2.4 age=2 dtg=5.04 region=0_0
ep=1583 s=314 9040ms [sel=4 cap=8899 rest=137] sg=3->3 mode=NONE win=8 obs=315 | cap=wip act=(320,360) d=2.17 a=1 | sp=som:active d=2.2 age=3 dtg=5.03 region=0_0
ep=1583 s=315 6765ms [sel=3 cap=6625 rest=137] sg=3->3 mode=NONE win=8 obs=316 | cap=wip act=(320,360) d=1.92 a=1 | sp=som:active d=1.9 age=4 dtg=5.11 region=0_0
ep=1583 s=316 9817ms [sel=4 cap=9675 rest=138] sg=3->3 mode=NONE win=8 obs=317 | cap=wip act=(320,360) d=1.68 a=1 | sp=som:active d=1.7 age=5 dtg=5.25 region=0_0
ep=1583 s=317 8831ms [sel=3 cap=8690 rest=138] sg=3->3 mode=NONE win=8 obs=318 | cap=wip act=(320,360) d=1.43 a=1 | sp=som:active d=1.4 age=6 dtg=5.41 region=0_0
ep=1583 s=318 5889ms [sel=4 cap=5749 rest=136] sg=3->3 mode=NONE win=8 obs=319 | cap=wip act=(320,360) d=1.18 a=1 | sp=som:active d=1.2 age=7 dtg=5.58 region=0_0
ep=1583 s=319 13703ms [sel=4 cap=13560 rest=139] sg=3->3 mode=NONE win=8 obs=320 | cap=wip act=(320,360) d=0.93 a=2 | sp=som:active d=0.9 age=8 dtg=5.58 region=0_0
ep=1583 s=320 10523ms [sel=4 cap=10386 rest=133] sg=3->3 mode=NONE win=8 obs=321 | cap=wip act=(320,360) d=0.93 a=1 | sp=som:active d=0.9 age=9 dtg=5.80 region=0_0
ep=1583 s=321 11140ms [sel=3 cap=11000 rest=137] sg=3->3 mode=NONE win=8 obs=322 | cap=wip act=(320,360) d=0.68 a=1 | sp=som:active d=0.7 age=10 dtg=6.02 region=0_0
ep=1583 s=322 13710ms [sel=84 cap=13481 rest=145] sg=3->3 mode=NONE win=8 obs=323 | cap=wip act=(320,360) d=8.67 a=3 | sp=frontier:active d=8.7 age=0 dtg=6.02 region=0_0
ep=1583 s=323 13193ms [sel=63 cap=12982 rest=148] sg=3->3 mode=NONE win=8 obs=324 | cap=wip act=(320,360) d=8.67 a=3 | sp=frontier:active d=8.7 age=1 dtg=6.02 region=0_0
ep=1583 s=324 10755ms [sel=62 cap=10549 rest=144] sg=3->3 mode=WALL_STUCK win=8 obs=325 | cap=wip/WALL_STUCK act=(320,360) d=8.67 a=3 | sp=frontier:active d=8.7 age=2 dtg=6.02 region=0_0
ep=1583 s=325 12567ms [sel=63 cap=12358 rest=146] sg=3->3 mode=NONE win=8 obs=326 | cap=wip act=(320,360) d=8.67 a=3 | sp=frontier:active d=8.7 age=3 dtg=6.02 region=0_0
ep=1583 s=326 10471ms [sel=63 cap=10243 rest=165] sg=3->3 mode=NONE win=8 obs=327 | cap=wip act=(320,360) d=8.67 a=3 | sp=frontier:active d=8.7 age=4 dtg=6.02 region=0_0
ep=1583 s=327 18879ms [sel=66 cap=18684 rest=129] sg=3->3 mode=NONE win=8 obs=328 | cap=wip act=(320,360) d=8.67 a=3 | sp=frontier:active d=8.7 age=5 dtg=6.02 region=0_0
ep=1583 s=328 10411ms [sel=99 cap=9744 rest=534] sg=3->3 mode=NONE win=8 obs=329 | cap=wip act=(320,360) d=8.67 a=3 | preview=view-/6 yaw=+0 render=34ms | sp=frontier:active d=8.7 age=6 dtg=6.02 region=0_0
ep=1583 s=329 7486ms [sel=65 cap=7270 rest=151] sg=3->3 mode=NONE win=8 obs=330 | cap=wip act=(320,360) d=8.67 a=3 | sp=frontier:active d=8.7 age=7 dtg=6.02 region=0_0
ep=1583 s=330 8929ms [sel=47 cap=8746 rest=136] sg=3->3 mode=NONE win=8 obs=331 | cap=wip act=(320,360) d=8.67 a=3 | sp=frontier:active d=8.7 age=8 dtg=6.02 region=0_0
ep=1583 s=331 11185ms [sel=31 cap=10573 rest=546] sg=3->3 mode=NONE win=8 obs=332 | cap=wip act=(320,360) d=8.67 a=3 | preview=view-/6 yaw=+0 render=36ms | sp=frontier:active d=8.7 age=9 dtg=6.02 region=0_0
ep=1583 s=332 6865ms [sel=31 cap=6703 rest=130] sg=3->3 mode=NONE win=8 obs=333 | cap=wip act=(320,360) d=8.67 a=3 | sp=frontier:active d=8.7 age=10 dtg=6.02 region=0_0
ep=1583 s=333 8036ms [sel=31 cap=7878 rest=127] sg=3->3 mode=NONE win=8 obs=334 | cap=wip act=(320,360) d=8.67 a=1 | sp=frontier:active d=8.7 age=11 dtg=5.78 region=0_0
ep=1583 s=334 10802ms [sel=28 cap=10646 rest=127] sg=3->3 mode=NONE win=8 obs=335 | cap=wip act=(320,360) d=8.42 a=1 | sp=frontier:active d=8.4 age=12 dtg=5.53 region=0_0
ep=1583 s=335 11978ms [sel=28 cap=11819 rest=132] sg=3->3 mode=NONE win=8 obs=336 | cap=wip act=(320,360) d=8.18 a=1 | sp=frontier:active d=8.2 age=13 dtg=5.29 region=0_0
ep=1583 s=336 9218ms [sel=25 cap=9064 rest=129] sg=3->3 mode=NONE win=8 obs=337 | cap=wip act=(320,360) d=7.94 a=1 | sp=frontier:active d=7.9 age=14 dtg=5.04 region=0_0
ep=1583 s=337 10586ms [sel=24 cap=10430 rest=133] sg=3->3 mode=NONE win=8 obs=338 | cap=wip act=(320,360) d=7.70 a=1 | sp=frontier:active d=7.7 age=15 dtg=4.80 region=0_0
ep=1583 s=338 4895ms [sel=22 cap=4734 rest=139] sg=3->3 mode=NONE win=8 obs=339 | cap=wip act=(320,360) d=7.46 a=1 | sp=frontier:active d=7.5 age=16 dtg=4.57 region=0_0
ep=1583 s=339 6853ms [sel=23 cap=6692 rest=138] sg=3->3 mode=NONE win=8 obs=340 | cap=wip act=(320,360) d=7.22 a=1 | sp=frontier:active d=7.2 age=17 dtg=4.33 region=0_0
ep=1583 s=340 7108ms [sel=20 cap=6955 rest=132] sg=3->3 mode=NONE win=8 obs=341 | cap=wip act=(320,360) d=6.98 a=1 | sp=frontier:active d=7.0 age=18 dtg=4.10 region=0_0
ep=1583 s=341 12572ms [sel=17 cap=12419 rest=136] sg=3->3 mode=NONE win=8 obs=342 | cap=wip act=(320,360) d=6.74 a=2 | sp=frontier:active d=6.7 age=19 dtg=4.10 region=0_0
ep=1583 s=342 10147ms [sel=3450 cap=6564 rest=133] sg=3->3 mode=NONE win=8 obs=343 | cap=wip act=(320,360) d=2.83 a=2 | sp=som:active d=2.8 age=0 som=3/5 dtg=4.10 region=0_0
ep=1583 s=343 8497ms [sel=6 cap=8358 rest=133] sg=3->3 mode=NONE win=8 obs=344 | cap=wip act=(320,360) d=2.83 a=1 | sp=som:active d=2.8 age=1 dtg=3.86 region=0_0
ep=1583 s=344 7713ms [sel=3 cap=7579 rest=131] sg=3->3 mode=NONE win=8 obs=345 | cap=wip act=(320,360) d=2.58 a=1 | sp=som:active d=2.6 age=2 dtg=3.61 region=0_0
ep=1583 s=345 7185ms [sel=4 cap=7040 rest=142] sg=3->3 mode=NONE win=8 obs=346 | cap=wip act=(320,360) d=2.33 a=2 | sp=som:active d=2.3 age=3 dtg=3.61 region=0_0
ep=1583 s=346 6415ms [sel=4 cap=6263 rest=148] sg=3->3 mode=NONE win=8 obs=347 | cap=wip act=(320,360) d=2.33 a=1 | sp=som:active d=2.3 age=4 dtg=3.38 region=0_0
ep=1583 s=347 11376ms [sel=4 cap=11231 rest=141] sg=3->3 mode=NONE win=8 obs=348 | cap=wip act=(320,360) d=2.11 a=1 | sp=som:active d=2.1 age=5 dtg=3.19 region=0_0
ep=1583 s=348 8871ms [sel=4 cap=8712 rest=155] sg=3->3 mode=NONE win=8 obs=349 | cap=wip act=(320,360) d=1.89 a=3 | sp=som:active d=1.9 age=6 dtg=3.19 region=0_0
ep=1583 s=349 6835ms [sel=4 cap=6666 rest=165] sg=3->3 mode=NONE win=8 obs=350 | cap=wip act=(320,360) d=1.89 a=1 | sp=som:active d=1.9 age=7 dtg=3.02 region=0_0
ep=1583 s=350 9493ms [sel=3 cap=9347 rest=144] sg=3->3 mode=NONE win=8 obs=351 | cap=wip act=(320,360) d=1.65 a=3 | sp=som:active d=1.6 age=8 dtg=3.02 region=0_0
ep=1583 s=351 8867ms [sel=3 cap=8723 rest=140] sg=3->3 mode=NONE win=8 obs=352 | cap=wip act=(320,360) d=1.65 a=1 | sp=som:active d=1.6 age=9 dtg=2.88 region=0_0
ep=1583 s=352 13663ms [sel=3 cap=13523 rest=137] sg=3->3 mode=NONE win=8 obs=353 | cap=wip act=(320,360) d=1.40 a=1 | sp=som:active d=1.4 age=10 dtg=2.85 region=0_1
ep=1583 s=353 8208ms [sel=4 cap=8043 rest=161] sg=3->3 mode=NONE win=8 obs=354 | cap=wip act=(320,360) d=1.15 a=3 | sp=som:active d=1.1 age=11 dtg=2.85 region=0_1
ep=1583 s=354 6184ms [sel=4 cap=6045 rest=135] sg=3->3 mode=NONE win=8 obs=355 | cap=wip act=(320,360) d=1.15 a=1 | sp=som:active d=1.1 age=12 dtg=2.79 region=0_1
ep=1583 s=355 9082ms [sel=4 cap=8939 rest=139] sg=3->3 mode=NONE win=8 obs=356 | cap=wip act=(320,360) d=0.90 a=1 | sp=som:active d=0.9 age=13 dtg=2.77 region=0_1
ep=1583 s=356 8508ms [sel=3 cap=8359 rest=146] sg=3->3 mode=NONE win=8 obs=357 | cap=wip act=(320,360) d=0.67 a=1 | sp=som:active d=0.7 age=14 dtg=2.78 region=0_1
ep=1583 s=357 11754ms [sel=23 cap=11596 rest=134] sg=3->3 mode=NONE win=8 obs=358 | cap=wip act=(320,360) d=4.35 a=2 | sp=frontier:active d=4.4 age=0 dtg=2.78 region=0_1
ep=1583 s=358 15976ms [sel=3 cap=15834 rest=139] sg=3->3 mode=NONE win=8 obs=359 | cap=wip act=(320,360) d=4.35 a=2 | sp=frontier:active d=4.4 age=1 dtg=2.78 region=0_1
ep=1583 s=359 12817ms [sel=3 cap=12677 rest=138] sg=3->3 mode=NONE win=8 obs=360 | cap=wip act=(320,360) d=4.35 a=1 | sp=frontier:active d=4.4 age=2 dtg=2.94 region=0_1
ep=1583 s=360 10377ms [sel=3 cap=10231 rest=143] sg=3->3 mode=NONE win=8 obs=361 | cap=wip act=(320,360) d=4.11 a=2 | sp=frontier:active d=4.1 age=3 dtg=2.94 region=0_1
ep=1583 s=361 12952ms [sel=3 cap=12812 rest=137] sg=3->3 mode=NONE win=8 obs=362 | cap=wip act=(320,360) d=4.11 a=1 | sp=frontier:active d=4.1 age=4 dtg=3.17 region=0_1
ep=1583 s=362 12611ms [sel=4 cap=12464 rest=143] sg=3->3 mode=NONE win=8 obs=363 | cap=wip act=(320,360) d=3.89 a=1 | sp=frontier:active d=3.9 age=5 dtg=3.40 region=0_1
ep=1583 s=363 12543ms [sel=15 cap=12383 rest=145] sg=3->3 mode=NONE win=8 obs=364 | cap=wip act=(320,360) d=3.68 a=3 | sp=frontier:active d=3.7 age=6 dtg=3.40 region=0_1
ep=1583 s=364 12886ms [sel=3 cap=12744 rest=139] sg=3->3 mode=NONE win=8 obs=365 | cap=wip act=(320,360) d=3.68 a=1 | sp=frontier:active d=3.7 age=7 dtg=3.61 region=0_1
ep=1583 s=365 13699ms [sel=3 cap=13558 rest=138] sg=3->3 mode=NONE win=8 obs=366 | cap=wip act=(320,360) d=3.45 a=3 | sp=frontier:active d=3.4 age=8 dtg=3.61 region=0_1
ep=1583 s=366 16461ms [sel=3 cap=16328 rest=130] sg=3->3 mode=NONE win=8 obs=367 | cap=wip act=(320,360) d=3.45 a=1 | sp=frontier:active d=3.4 age=9 dtg=3.79 region=0_1
ep=1583 s=367 10151ms [sel=3 cap=10013 rest=135] sg=3->3 mode=NONE win=8 obs=368 | cap=wip act=(320,360) d=3.20 a=3 | sp=frontier:active d=3.2 age=10 dtg=3.79 region=0_1
ep=1583 s=368 8948ms [sel=3 cap=8816 rest=129] sg=3->3 mode=NONE win=8 obs=369 | cap=wip act=(320,360) d=3.20 a=1 | sp=frontier:active d=3.2 age=11 dtg=3.99 region=0_1
ep=1583 s=369 6962ms [sel=3 cap=6828 rest=131] sg=3->3 mode=NONE win=8 obs=370 | cap=wip act=(320,360) d=2.95 a=1 | sp=frontier:active d=3.0 age=12 dtg=4.21 region=0_1
ep=1583 s=370 13385ms [sel=3543 cap=9702 rest=141] sg=3->3 mode=NONE win=8 obs=371 | cap=wip act=(320,360) d=2.95 a=1 | sp=som:active d=2.9 age=0 som=3/6 dtg=4.45 region=0_1
ep=1583 s=371 7680ms [sel=3 cap=7539 rest=138] sg=3->3 mode=NONE win=8 obs=372 | cap=wip act=(320,360) d=2.70 a=1 | sp=som:active d=2.7 age=1 dtg=4.69 region=0_1
ep=1583 s=372 17157ms [sel=3 cap=17011 rest=143] sg=3->3 mode=NONE win=8 obs=373 | cap=wip act=(320,360) d=2.45 a=1 | sp=som:active d=2.4 age=2 dtg=4.93 region=0_1
ep=1583 s=373 9099ms [sel=3 cap=8960 rest=135] sg=3->3 mode=NONE win=8 obs=374 | cap=wip act=(320,360) d=2.20 a=1 | sp=som:active d=2.2 age=3 dtg=5.49 region=0_1
ep=1583 s=374 10077ms [sel=3 cap=9934 rest=140] sg=3->3 mode=NONE win=8 obs=375 | cap=wip act=(320,360) d=1.95 a=1 | sp=som:active d=1.9 age=4 dtg=5.40 region=0_1
ep=1583 s=375 13929ms [sel=3 cap=13789 rest=137] sg=3->3 mode=NONE win=8 obs=376 | cap=wip act=(320,360) d=1.70 a=1 | sp=som:active d=1.7 age=5 dtg=5.34 region=0_1
ep=1583 s=376 11560ms [sel=2440 cap=8988 rest=132] sg=3->3 mode=NONE win=8 obs=377 | cap=wip act=(320,360) d=2.66 a=1 | sp=som:active d=2.7 age=0 som=3/7 dtg=5.31 region=0_1
ep=1583 s=377 5560ms [sel=3 cap=5424 rest=133] sg=3->3 mode=NONE win=8 obs=378 | cap=wip act=(320,360) d=2.41 a=1 | sp=som:active d=2.4 age=1 dtg=5.31 region=0_1
ep=1583 s=378 6390ms [sel=3 cap=6256 rest=131] sg=3->3 mode=NONE win=8 obs=379 | cap=wip act=(320,360) d=2.16 a=1 | sp=som:active d=2.2 age=2 dtg=5.34 region=0_1
ep=1583 s=379 4752ms [sel=3 cap=4610 rest=139] sg=3->3 mode=NONE win=8 obs=380 | cap=wip act=(320,360) d=1.91 a=1 | sp=som:active d=1.9 age=3 dtg=5.39 region=0_1
ep=1583 s=380 3903ms [sel=3 cap=3775 rest=125] sg=3->3 mode=NONE win=8 obs=381 | cap=wip act=(320,360) d=1.66 a=1 | sp=som:active d=1.7 age=4 dtg=5.46 region=0_1
ep=1583 s=381 10478ms [sel=4 cap=10337 rest=137] sg=3->3 mode=NONE win=8 obs=382 | cap=wip act=(320,360) d=1.41 a=1 | sp=som:active d=1.4 age=5 dtg=5.55 region=0_1
ep=1583 s=382 11270ms [sel=4 cap=11127 rest=139] sg=3->3 mode=NONE win=8 obs=383 | cap=wip act=(320,360) d=1.17 a=1 | sp=som:active d=1.2 age=6 dtg=5.67 region=0_1
ep=1583 s=383 9847ms [sel=4 cap=9710 rest=133] sg=3->3 mode=NONE win=8 obs=384 | cap=wip act=(320,360) d=0.92 a=1 | sp=som:active d=0.9 age=7 dtg=5.79 region=0_1
ep=1583 s=384 14723ms [sel=3 cap=14590 rest=130] sg=3->3 mode=NONE win=8 obs=385 | cap=wip act=(320,360) d=0.69 a=1 | sp=som:active d=0.7 age=8 dtg=5.94 region=0_1
ep=1583 s=385 12915ms [sel=32 cap=12734 rest=148] sg=3->3 mode=NONE win=8 obs=386 | cap=wip act=(320,360) d=1.24 a=3 | sp=frontier:active d=1.2 age=0 dtg=5.94 region=0_1
ep=1583 s=386 9943ms [sel=17 cap=9777 rest=149] sg=3->3 mode=NONE win=8 obs=387 | cap=wip act=(320,360) d=1.24 a=3 | sp=frontier:active d=1.2 age=1 dtg=5.94 region=0_1
ep=1583 s=387 7853ms [sel=17 cap=7691 rest=145] sg=3->3 mode=NONE win=8 obs=388 | cap=wip act=(320,360) d=1.24 a=3 | sp=frontier:active d=1.2 age=2 dtg=5.94 region=0_1
ep=1583 s=388 10145ms [sel=18 cap=9981 rest=146] sg=3->3 mode=NONE win=8 obs=389 | cap=wip act=(320,360) d=1.24 a=3 | sp=frontier:active d=1.2 age=3 dtg=5.94 region=0_1
ep=1583 s=389 13013ms [sel=18 cap=12811 rest=184] sg=3->3 mode=NONE win=8 obs=390 | cap=wip act=(320,360) d=1.24 a=3 | sp=frontier:active d=1.2 age=4 dtg=5.94 region=0_1
ep=1583 s=390 10473ms [sel=18 cap=10321 rest=134] sg=3->3 mode=NONE win=8 obs=391 | cap=wip act=(320,360) d=1.24 a=3 | sp=frontier:active d=1.2 age=5 dtg=5.94 region=0_1
ep=1583 s=391 19885ms [sel=18 cap=19735 rest=132] sg=3->3 mode=NONE win=8 obs=392 | cap=wip act=(320,360) d=1.24 a=3 | sp=frontier:active d=1.2 age=6 dtg=5.94 region=0_1
ep=1583 s=392 8394ms [sel=19 cap=8246 rest=129] sg=3->3 mode=NONE win=8 obs=393 | cap=wip act=(320,360) d=1.24 a=3 | sp=frontier:active d=1.2 age=7 dtg=5.94 region=0_1
ep=1583 s=393 4407ms [sel=15 cap=4259 rest=132] sg=3->3 mode=NONE win=8 obs=394 | cap=wip act=(320,360) d=1.24 a=3 | sp=frontier:active d=1.2 age=8 dtg=5.94 region=0_1
ep=1583 s=394 8208ms [sel=10 cap=8062 rest=135] sg=3->3 mode=NONE win=8 obs=395 | cap=wip act=(320,360) d=1.24 a=3 | sp=frontier:active d=1.2 age=9 dtg=5.94 region=0_1
ep=1583 s=395 8330ms [sel=9 cap=8180 rest=141] sg=3->3 mode=NONE win=8 obs=396 | cap=wip act=(320,360) d=1.24 a=3 | sp=frontier:active d=1.2 age=10 dtg=5.94 region=0_1
ep=1583 s=396 7618ms [sel=7 cap=7468 rest=143] sg=3->3 mode=NONE win=8 obs=397 | cap=wip act=(320,360) d=1.24 a=1 | sp=frontier:active d=1.2 age=11 dtg=5.75 region=0_1
ep=1583 s=397 5043ms [sel=5 cap=4898 rest=140] sg=3->3 mode=NONE win=8 obs=398 | cap=wip act=(320,360) d=1.07 a=1 | sp=frontier:active d=1.1 age=12 dtg=5.56 region=0_1
ep=1583 s=398 4394ms [sel=7 cap=4253 rest=134] sg=3->3 mode=NONE win=8 obs=399 | cap=wip act=(320,360) d=0.93 a=3 | sp=frontier:active d=0.9 age=13 dtg=5.56 region=0_1
ep=1583 s=399 12380ms [sel=4 cap=12241 rest=136] sg=3->3 mode=NONE win=8 obs=400 | cap=wip act=(320,360) d=0.93 a=1 | sp=frontier:active d=0.9 age=14 dtg=5.44 region=0_1
ep=1583 s=400 8640ms [sel=6 cap=8497 rest=137] sg=3->3 mode=NONE win=8 obs=401 | cap=wip act=(320,360) d=0.79 a=3 | sp=frontier:active d=0.8 age=15 dtg=5.44 region=0_1
ep=1583 s=401 6217ms [sel=4 cap=6078 rest=135] sg=3->3 mode=NONE win=8 obs=402 | cap=wip act=(320,360) d=0.79 a=3 | sp=frontier:active d=0.8 age=16 dtg=5.44 region=0_1
ep=1583 s=402 9711ms [sel=3 cap=9571 rest=137] sg=3->3 mode=NONE win=8 obs=403 | cap=wip act=(320,360) d=0.79 a=1 | sp=frontier:active d=0.8 age=17 dtg=5.47 region=0_1
ep=1583 s=403 7876ms [sel=5 cap=7730 rest=141] sg=3->3 mode=NONE win=8 obs=404 | cap=wip act=(320,360) d=0.59 a=3 | sp=frontier:active d=0.6 age=18 dtg=5.47 region=0_1
ep=1583 s=404 7986ms [sel=4 cap=7845 rest=137] sg=3->3 mode=NONE win=8 obs=405 | cap=wip act=(320,360) d=0.59 a=3 | sp=frontier:active d=0.6 age=19 dtg=5.47 region=0_1
ep=1583 s=405 10950ms [sel=4 cap=10807 rest=139] sg=3->3 mode=NONE win=8 obs=406 | cap=wip act=(320,360) d=0.59 a=1 | sp=frontier:active d=0.6 age=20 dtg=5.64 region=0_1
ep=1583 s=406 19500ms [sel=11499 cap=7868 rest=134] sg=3->3 mode=NONE win=8 obs=407 | cap=wip act=(320,360) d=1.56 a=3 | sp=som:active d=1.6 age=0 som=3/5 dtg=5.64 region=0_1
ep=1583 s=407 9530ms [sel=12 cap=9379 rest=139] sg=3->3 mode=NONE win=8 obs=408 | cap=wip act=(320,360) d=1.56 a=1 | sp=som:active d=1.6 age=1 dtg=5.85 region=0_1
ep=1583 s=408 8100ms [sel=12 cap=7954 rest=134] sg=3->3 mode=NONE win=8 obs=409 | cap=wip act=(320,360) d=1.33 a=3 | sp=som:active d=1.3 age=2 dtg=5.85 region=0_1
ep=1583 s=409 7681ms [sel=13 cap=7528 rest=140] sg=3->3 mode=NONE win=8 obs=410 | cap=wip act=(320,360) d=1.33 a=1 | sp=som:active d=1.3 age=3 dtg=6.10 region=0_1
ep=1583 s=410 9012ms [sel=8 cap=8867 rest=136] sg=3->3 mode=NONE win=8 obs=411 | cap=wip act=(320,360) d=1.15 a=1 | sp=som:active d=1.2 age=4 dtg=6.34 region=0_1
ep=1583 s=411 12150ms [sel=8 cap=12004 rest=139] sg=3->3 mode=NONE win=8 obs=412 | cap=wip act=(320,360) d=1.01 a=2 | sp=som:active d=1.0 age=5 dtg=6.34 region=0_1
ep=1583 s=412 7675ms [sel=5 cap=7535 rest=135] sg=3->3 mode=NONE win=8 obs=413 | cap=wip act=(320,360) d=1.01 a=1 | sp=som:active d=1.0 age=6 dtg=6.56 region=0_1
ep=1583 s=413 10953ms [sel=7 cap=10796 rest=149] sg=3->3 mode=NONE win=8 obs=414 | cap=wip act=(320,360) d=0.85 a=2 | sp=som:active d=0.8 age=7 dtg=6.56 region=0_1
ep=1583 s=414 9903ms [sel=6 cap=9717 rest=181] sg=3->3 mode=NONE win=8 obs=415 | cap=wip act=(320,360) d=0.85 a=2 | sp=som:active d=0.8 age=8 dtg=6.56 region=0_1
ep=1583 s=415 10348ms [sel=3 cap=10207 rest=139] sg=3->3 mode=NONE win=8 obs=416 | cap=wip act=(320,360) d=0.85 a=2 | sp=som:active d=0.8 age=9 dtg=6.56 region=0_1
ep=1583 s=416 6964ms [sel=3 cap=6826 rest=135] sg=3->3 mode=NONE win=8 obs=417 | cap=wip act=(320,360) d=0.85 a=1 | sp=som:active d=0.8 age=10 dtg=6.71 region=0_1
ep=1583 s=417 9109ms [sel=3 cap=8971 rest=136] sg=3->3 mode=NONE win=8 obs=418 | cap=wip act=(320,360) d=0.60 a=2 | sp=som:active d=0.6 age=11 dtg=6.71 region=0_1
ep=1583 s=418 8654ms [sel=3 cap=8517 rest=135] sg=3->3 mode=NONE win=8 obs=419 | cap=wip act=(320,360) d=0.60 a=1 | sp=som:active d=0.6 age=12 dtg=6.91 region=0_1
ep=1583 s=419 13430ms [sel=5682 cap=7613 rest=135] sg=3->3 mode=NONE win=8 obs=420 | cap=wip act=(320,360) d=2.54 a=2 | sp=som:active d=2.5 age=0 som=3/5 dtg=6.91 region=0_1
ep=1583 s=420 6938ms [sel=8 cap=6797 rest=133] sg=3->3 mode=NONE win=8 obs=421 | cap=wip act=(320,360) d=2.54 a=1 | sp=som:active d=2.5 age=1 dtg=7.12 region=0_1
ep=1583 s=421 11861ms [sel=8 cap=11718 rest=135] sg=3->3 mode=NONE win=8 obs=422 | cap=wip act=(320,360) d=2.29 a=1 | sp=som:active d=2.3 age=2 dtg=7.36 region=0_1
ep=1583 s=422 8081ms [sel=8 cap=7937 rest=136] sg=3->3 mode=NONE win=8 obs=423 | cap=wip act=(320,360) d=2.04 a=1 | sp=som:active d=2.0 age=3 dtg=7.60 region=0_1
ep=1583 s=423 11471ms [sel=8 cap=11331 rest=132] sg=3->3 mode=NONE win=8 obs=424 | cap=wip act=(320,360) d=1.79 a=1 | sp=som:active d=1.8 age=4 dtg=7.76 region=0_1
ep=1583 s=424 7792ms [sel=8 cap=7637 rest=147] sg=3->3 mode=NONE win=8 obs=425 | cap=wip act=(320,360) d=1.55 a=1 | sp=som:active d=1.5 age=5 dtg=7.51 region=0_1
ep=1583 s=425 13711ms [sel=8 cap=13521 rest=182] sg=3->3 mode=NONE win=8 obs=426 | cap=wip act=(320,360) d=1.30 a=1 | sp=som:active d=1.3 age=6 dtg=7.26 region=0_1
ep=1583 s=426 13734ms [sel=8 cap=13585 rest=141] sg=3->3 mode=NONE win=8 obs=427 | cap=wip act=(320,360) d=1.05 a=1 | sp=som:active d=1.0 age=7 dtg=7.01 region=0_1
ep=1583 s=427 12236ms [sel=9 cap=12084 rest=143] sg=3->3 mode=NONE win=8 obs=428 | cap=wip act=(320,360) d=0.80 a=1 | sp=som:active d=0.8 age=8 dtg=6.76 region=0_1
ep=1583 s=428 14963ms [sel=8 cap=14813 rest=142] sg=3->3 mode=NONE win=8 obs=429 | cap=wip act=(320,360) d=0.55 a=1 | sp=som:active d=0.5 age=9 dtg=6.51 region=0_1
ep=1583 s=429 13879ms [sel=80 cap=13653 rest=146] sg=3->3 mode=NONE win=8 obs=430 | cap=wip act=(320,360) d=2.93 a=2 | sp=frontier:active d=2.9 age=0 dtg=6.51 region=0_1
ep=1583 s=430 13085ms [sel=39 cap=12876 rest=171] sg=3->3 mode=NONE win=8 obs=431 | cap=wip act=(320,360) d=2.93 a=2 | sp=frontier:active d=2.9 age=1 dtg=6.51 region=0_1
ep=1583 s=431 9407ms [sel=35 cap=9197 rest=175] sg=3->3 mode=NONE win=8 obs=432 | cap=wip act=(320,360) d=2.93 a=2 | sp=frontier:active d=2.9 age=2 dtg=6.51 region=0_1
ep=1583 s=432 9505ms [sel=33 cap=9328 rest=143] sg=3->3 mode=NONE win=8 obs=433 | cap=wip act=(320,360) d=2.93 a=2 | sp=frontier:active d=2.9 age=3 dtg=6.51 region=0_1
ep=1583 s=433 6833ms [sel=34 cap=6658 rest=141] sg=3->3 mode=NONE win=8 obs=434 | cap=wip act=(320,360) d=2.93 a=2 | sp=frontier:active d=2.9 age=4 dtg=6.51 region=0_1
ep=1583 s=434 4310ms [sel=37 cap=4133 rest=140] sg=3->3 mode=NONE win=8 obs=435 | cap=wip act=(320,360) d=2.93 a=2 | sp=frontier:active d=2.9 age=5 dtg=6.51 region=0_1
ep=1583 s=435 8043ms [sel=33 cap=7869 rest=140] sg=3->3 mode=NONE win=8 obs=436 | cap=wip act=(320,360) d=2.93 a=2 | sp=frontier:active d=2.9 age=6 dtg=6.51 region=0_1
ep=1583 s=436 5215ms [sel=34 cap=5040 rest=140] sg=3->3 mode=NONE win=8 obs=437 | cap=wip act=(320,360) d=2.93 a=2 | sp=frontier:active d=2.9 age=7 dtg=6.51 region=0_1
ep=1583 s=437 6762ms [sel=34 cap=6591 rest=138] sg=3->3 mode=NONE win=8 obs=438 | cap=wip act=(320,360) d=2.93 a=2 | sp=frontier:active d=2.9 age=8 dtg=6.51 region=0_1
ep=1583 s=438 9308ms [sel=22 cap=9146 rest=140] sg=3->3 mode=NONE win=8 obs=439 | cap=wip act=(320,360) d=2.93 a=2 | sp=frontier:active d=2.9 age=9 dtg=6.51 region=0_1
ep=1583 s=439 19335ms [sel=8 cap=19185 rest=143] sg=3->3 mode=NONE win=8 obs=440 | cap=wip act=(320,360) d=2.93 a=2 | sp=frontier:active d=2.9 age=10 dtg=6.51 region=0_1
ep=1583 s=440 10153ms [sel=8 cap=10005 rest=141] sg=3->3 mode=NONE win=8 obs=441 | cap=wip act=(320,360) d=2.93 a=1 | sp=frontier:active d=2.9 age=11 dtg=6.75 region=0_1
ep=1583 s=441 11703ms [sel=9 cap=11557 rest=138] sg=3->3 mode=NONE win=8 obs=442 | cap=wip act=(320,360) d=2.68 a=2 | sp=frontier:active d=2.7 age=12 dtg=6.75 region=0_1
ep=1583 s=442 7546ms [sel=8 cap=7397 rest=142] sg=3->3 mode=NONE win=8 obs=443 | cap=wip act=(320,360) d=2.68 a=1 | sp=frontier:active d=2.7 age=13 dtg=7.00 region=0_1
ep=1583 s=443 15986ms [sel=9 cap=15837 rest=140] sg=3->3 mode=NONE win=8 obs=444 | cap=wip act=(320,360) d=2.45 a=1 | sp=frontier:active d=2.5 age=14 dtg=7.25 region=0_1
ep=1583 s=444 9681ms [sel=8 cap=9533 rest=140] sg=3->3 mode=NONE win=8 obs=445 | cap=wip act=(320,360) d=2.23 a=1 | sp=frontier:active d=2.2 age=15 dtg=7.49 region=0_1
ep=1583 s=445 12995ms [sel=8 cap=12852 rest=135] sg=3->3 mode=NONE win=8 obs=446 | cap=wip act=(320,360) d=2.01 a=1 | sp=frontier:active d=2.0 age=16 dtg=7.74 region=0_1
ep=1583 s=446 9642ms [sel=7 cap=9492 rest=143] sg=3->3 mode=NONE win=8 obs=447 | cap=wip act=(320,360) d=1.80 a=1 | sp=frontier:active d=1.8 age=17 dtg=7.59 region=0_1
ep=1583 s=447 9003ms [sel=8 cap=8848 rest=146] sg=3->3 mode=NONE win=8 obs=448 | cap=wip act=(320,360) d=1.61 a=1 | sp=frontier:active d=1.6 age=18 dtg=7.35 region=0_1
ep=1583 s=448 11496ms [sel=9 cap=11341 rest=146] sg=3->3 mode=NONE win=8 obs=449 | cap=wip act=(320,360) d=1.43 a=1 | sp=frontier:active d=1.4 age=19 dtg=7.11 region=0_1
ep=1583 s=449 22783ms [sel=12 cap=22630 rest=141] sg=3->3 mode=NONE win=8 obs=450 | cap=wip act=(320,360) d=1.27 a=1 | sp=frontier:active d=1.3 age=20 dtg=6.88 region=0_1
ep=1583 s=450 8238ms [sel=12 cap=8081 rest=145] sg=3->3 mode=NONE win=8 obs=451 | cap=wip act=(320,360) d=1.15 a=3 | sp=frontier:active d=1.2 age=21 dtg=6.88 region=0_1
ep=1583 s=451 11945ms [sel=10 cap=11790 rest=145] sg=3->3 mode=NONE win=8 obs=452 | cap=wip act=(320,360) d=1.15 a=1 | sp=frontier:active d=1.2 age=22 dtg=6.66 region=0_1
ep=1583 s=452 11235ms [sel=41 cap=11054 rest=140] sg=3->3 mode=NONE win=8 obs=453 | cap=wip act=(356,461) d=1.03 a=1 | sp=straight_ahead:reached d=0.4 age=0 dtg=6.56 region=0_1
ep=1583 s=453 27597ms [sel=18492 cap=8964 rest=142] sg=3->3 mode=NONE win=8 obs=454 | cap=wip act=(320,360) d=2.43 a=3 | sp=som:active d=2.4 age=0 som=1/2 dtg=6.56 region=0_1
ep=1583 s=454 10723ms [sel=14 cap=10565 rest=144] sg=3->3 mode=NONE win=8 obs=455 | cap=wip act=(320,360) d=2.43 a=3 | sp=som:active d=2.4 age=1 dtg=6.56 region=0_1
ep=1583 s=455 15062ms [sel=8 cap=14908 rest=147] sg=3->3 mode=NONE win=8 obs=456 | cap=wip act=(320,360) d=2.43 a=3 | sp=som:active d=2.4 age=2 dtg=6.56 region=0_1
ep=1583 s=456 6359ms [sel=9 cap=6210 rest=140] sg=3->3 mode=NONE win=8 obs=457 | cap=wip act=(320,360) d=2.43 a=1 | sp=som:active d=2.4 age=3 dtg=6.38 region=0_1
ep=1583 s=457 10365ms [sel=43 cap=10179 rest=143] sg=3->3 mode=NONE win=8 obs=458 | cap=wip act=(330,359) d=2.38 a=1 | sp=straight_ahead:active d=2.0 age=0 dtg=6.20 region=0_1
ep=1583 s=458 8594ms [sel=8 cap=8443 rest=143] sg=3->3 mode=NONE win=8 obs=459 | cap=wip act=(320,360) d=1.79 a=3 | sp=straight_ahead:active d=1.8 age=1 dtg=6.20 region=0_1
ep=1583 s=459 18016ms [sel=7 cap=17868 rest=141] sg=3->3 mode=NONE win=8 obs=460 | cap=wip act=(320,360) d=1.79 a=3 | sp=straight_ahead:active d=1.8 age=2 dtg=6.20 region=0_1
ep=1583 s=460 9856ms [sel=6 cap=9714 rest=136] sg=3->3 mode=NONE win=8 obs=461 | cap=wip act=(320,360) d=1.79 a=3 | sp=straight_ahead:active d=1.8 age=3 dtg=6.20 region=0_1
ep=1583 s=461 10820ms [sel=8 cap=10677 rest=135] sg=3->3 mode=NONE win=8 obs=462 | cap=wip act=(320,360) d=1.79 a=1 | sp=straight_ahead:active d=1.8 age=4 dtg=5.95 region=0_1
ep=1583 s=462 19259ms [sel=8 cap=19114 rest=136] sg=3->3 mode=NONE win=8 obs=463 | cap=wip act=(320,360) d=1.62 a=1 | sp=straight_ahead:active d=1.6 age=5 dtg=5.70 region=0_1
ep=1583 s=463 15344ms [sel=8 cap=15179 rest=157] sg=3->3 mode=NONE win=8 obs=464 | cap=wip act=(320,360) d=1.47 a=2 | sp=straight_ahead:active d=1.5 age=6 dtg=5.70 region=0_1
ep=1583 s=464 7197ms [sel=4 cap=7067 rest=125] sg=3->3 mode=NONE win=8 obs=465 | cap=wip act=(320,360) d=1.47 a=2 | sp=straight_ahead:active d=1.5 age=7 dtg=5.70 region=0_1
ep=1583 s=465 10597ms [sel=3 cap=10463 rest=131] sg=3->3 mode=NONE win=8 obs=466 | cap=wip act=(320,360) d=1.47 a=1 | sp=straight_ahead:active d=1.5 age=8 dtg=5.49 region=0_1
ep=1583 s=466 10774ms [sel=3 cap=10643 rest=129] sg=3->3 mode=NONE win=8 obs=467 | cap=wip act=(320,360) d=1.25 a=2 | sp=straight_ahead:active d=1.2 age=9 dtg=5.49 region=0_1
ep=1583 s=467 6587ms [sel=5 cap=6445 rest=138] sg=3->3 mode=NONE win=8 obs=468 | cap=wip act=(320,360) d=1.25 a=1 | sp=straight_ahead:active d=1.2 age=10 dtg=5.33 region=0_1
ep=1583 s=468 13243ms [sel=5 cap=13101 rest=137] sg=3->3 mode=NONE win=8 obs=469 | cap=wip act=(320,360) d=1.01 a=2 | sp=straight_ahead:active d=1.0 age=11 dtg=5.33 region=0_1
ep=1583 s=469 7431ms [sel=3 cap=7280 rest=148] sg=3->3 mode=NONE win=8 obs=470 | cap=wip act=(320,360) d=1.01 a=1 | sp=straight_ahead:active d=1.0 age=12 dtg=5.25 region=0_1
ep=1583 s=470 13649ms [sel=4 cap=13510 rest=135] sg=3->3 mode=NONE win=8 obs=471 | cap=wip act=(320,360) d=0.76 a=1 | sp=straight_ahead:active d=0.8 age=13 dtg=5.20 region=0_1
ep=1583 s=471 10765ms [sel=3 cap=10624 rest=138] sg=3->3 mode=NONE win=8 obs=472 | cap=wip act=(320,360) d=0.51 a=1 | sp=straight_ahead:active d=0.5 age=14 dtg=5.16 region=0_1
ep=1583 s=472 20691ms [sel=42 cap=20499 rest=150] sg=3->3 mode=NONE win=8 obs=473 | cap=wip act=(310,374) d=1.43 a=1 | sp=straight_ahead:active d=0.8 age=0 dtg=5.16 region=0_1
ep=1583 s=473 20763ms [sel=4 cap=20607 rest=152] sg=3->3 mode=NONE win=8 obs=474 | cap=wip act=(320,360) d=0.58 a=2 | sp=straight_ahead:active d=0.6 age=1 dtg=5.16 region=0_1
ep=1583 s=474 9541ms [sel=3 cap=9389 rest=148] sg=3->3 mode=WALL_STUCK win=8 obs=475 | cap=wip/WALL_STUCK act=(320,360) d=0.58 a=2 | sp=straight_ahead:active d=0.6 age=2 dtg=5.16 region=0_1
ep=1583 s=475 22530ms [sel=3 cap=22378 rest=150] sg=3->3 mode=NONE win=8 obs=476 | cap=wip act=(320,360) d=0.58 a=1 | sp=straight_ahead:active d=0.6 age=3 dtg=5.33 region=0_1
ep=1583 s=476 15594ms [sel=45 cap=15386 rest=162] sg=3->3 mode=NONE win=8 obs=477 | cap=wip act=(339,446) d=1.08 a=1 | sp=straight_ahead:reached d=0.3 age=0 dtg=5.53 region=0_1
ep=1583 s=477 11894ms [sel=218 cap=11496 rest=179] sg=3->3 mode=WALL_STUCK win=8 obs=478 | cap=wip/WALL_STUCK act=TURN request=+45deg execute=+15deg x1 a=3 | sp=straight_ahead:reached d=0.3 age=1 ovr=5 door_evts=1 dtg=5.53 region=0_1
ep=1583 s=478 15206ms [sel=0 cap=15028 rest=178] sg=3->3 mode=NONE win=8 obs=479 | cap=wip act=TURN request=+45deg execute=+15deg x1 a=3 | sp=- ovr=5 door_evts=1 dtg=5.53 region=0_1
ep=1583 s=479 21460ms [sel=0 cap=21294 rest=166] sg=3->3 mode=NONE win=8 obs=480 | cap=wip act=TURN request=+45deg execute=+15deg x1 a=3 | sp=- ovr=5 door_evts=1 dtg=5.53 region=0_1
ep=1583 s=480 14409ms [sel=0 cap=14249 rest=160] sg=3->3 mode=NONE win=8 obs=481 | cap=wip act=TURN request=+45deg execute=+15deg x1 a=3 | sp=- ovr=5 door_evts=1 dtg=5.53 region=0_1
ep=1583 s=481 13921ms [sel=0 cap=13756 rest=165] sg=3->3 mode=NONE win=8 obs=482 | cap=wip act=TURN request=+45deg execute=+15deg x1 a=3 | sp=- ovr=5 door_evts=1 dtg=5.53 region=0_1
ep=1583 s=482 14278ms [sel=0 cap=14096 rest=183] sg=3->3 mode=NONE win=8 obs=483 | cap=wip act=TURN request=+45deg execute=+15deg x1 a=3 | sp=- ovr=5 door_evts=1 dtg=5.53 region=0_1
ep=1583 s=483 23273ms [sel=0 cap=23117 rest=155] sg=3->3 mode=NONE win=8 obs=484 | cap=wip act=TURN request=+45deg execute=+15deg x1 a=3 | sp=- ovr=5 door_evts=1 dtg=5.53 region=0_1
ep=1583 s=484 12002ms [sel=0 cap=11864 rest=138] sg=3->3 mode=NONE win=8 obs=485 | cap=wip act=TURN request=+45deg execute=+15deg x1 a=3 | sp=- ovr=5 door_evts=1 dtg=5.53 region=0_1
ep=1583 s=485 12304ms [sel=0 cap=12163 rest=141] sg=3->3 mode=NONE win=8 obs=486 | cap=wip act=TURN request=+45deg execute=+15deg x1 a=3 | sp=- ovr=5 door_evts=1 dtg=5.53 region=0_1
ep=1583 s=486 11372ms [sel=0 cap=11228 rest=144] sg=3->3 mode=NONE win=8 obs=487 | cap=wip act=TURN request=+45deg execute=+15deg x1 a=3 | sp=- ovr=5 door_evts=1 dtg=5.53 region=0_1
ep=1583 s=487 17299ms [sel=0 cap=17155 rest=143] sg=3->3 mode=NONE win=8 obs=488 | cap=wip act=TURN request=+45deg execute=+15deg x1 a=3 | sp=- ovr=5 door_evts=1 dtg=5.53 region=0_1
ep=1583 s=488 10921ms [sel=48 cap=10731 rest=142] sg=3->3 mode=NONE win=8 obs=489 | cap=wip act=(320,359) d=2.29 a=1 | sp=straight_ahead:active d=2.0 age=0 dtg=5.29 region=0_1
ep=1583 s=489 15437ms [sel=4 cap=15293 rest=139] sg=3->3 mode=NONE win=8 obs=490 | cap=wip act=(320,360) d=1.77 a=1 | sp=straight_ahead:active d=1.8 age=1 dtg=5.07 region=0_1
ep=1583 s=490 6945ms [sel=3 cap=6803 rest=139] sg=3->3 mode=NONE win=8 obs=491 | cap=wip act=(320,360) d=1.52 a=1 | sp=straight_ahead:active d=1.5 age=2 dtg=4.88 region=0_1
ep=1583 s=491 7157ms [sel=4 cap=7018 rest=136] sg=3->3 mode=NONE win=8 obs=492 | cap=wip act=(320,360) d=1.27 a=1 | sp=straight_ahead:active d=1.3 age=3 dtg=4.71 region=0_1
ep=1583 s=492 9434ms [sel=3 cap=9292 rest=139] sg=3->3 mode=NONE win=8 obs=493 | cap=wip act=(320,360) d=1.02 a=1 | sp=straight_ahead:active d=1.0 age=4 dtg=4.57 region=0_1
ep=1583 s=493 11358ms [sel=3 cap=11220 rest=135] sg=3->3 mode=NONE win=8 obs=494 | cap=wip act=(320,360) d=0.77 a=1 | sp=straight_ahead:active d=0.8 age=5 dtg=4.44 region=0_1
ep=1583 s=494 8751ms [sel=3 cap=8615 rest=133] sg=3->3 mode=NONE win=8 obs=495 | cap=wip act=(320,360) d=0.52 a=1 | sp=straight_ahead:active d=0.5 age=6 dtg=4.35 region=0_1
ep=1583 s=495 18160ms [sel=39 cap=17990 rest=131] sg=3->3 mode=NONE win=8 obs=496 | cap=wip act=(320,359) d=2.29 a=1 | sp=straight_ahead:active d=2.0 age=0 dtg=4.30 region=0_1
ep=1583 s=496 10835ms [sel=3 cap=10705 rest=127] sg=3->3 mode=NONE win=8 obs=497 | cap=wip act=(320,360) d=1.72 a=1 | sp=straight_ahead:active d=1.7 age=1 dtg=4.29 region=0_1
ep=1583 s=497 5381ms [sel=3 cap=5246 rest=132] sg=3->3 mode=NONE win=8 obs=498 | cap=wip act=(320,360) d=1.47 a=1 | sp=straight_ahead:active d=1.5 age=2 dtg=4.33 region=0_1
ep=1583 s=498 16359ms [sel=3 cap=16222 rest=135] sg=3->3 mode=NONE win=8 obs=499 | cap=wip act=(320,360) d=1.22 a=1 | sp=straight_ahead:active d=1.2 age=3 dtg=4.44 region=0_1
ep=1583 s=499 7709ms [sel=4 cap=7558 rest=147] sg=3->3 mode=NONE win=8 obs=500 | cap=wip act=(320,360) d=0.97 a=1 | sp=straight_ahead:active d=1.0 age=4 dtg=4.54 region=0_1
rank=0 [16/17] id=1583 steps=500 success=0.000 spl=0.000 dtg=4.54 osr=1 path_length=59.64 ndtw=0.001 sdtw=0.000
PluginManager::Manager: duplicate static plugin StbImageImporter, ignoring
PluginManager::Manager: duplicate static plugin GltfImporter, ignoring
PluginManager::Manager: duplicate static plugin BasisImporter, ignoring
PluginManager::Manager: duplicate static plugin AssimpImporter, ignoring
PluginManager::Manager: duplicate static plugin AnySceneImporter, ignoring
PluginManager::Manager: duplicate static plugin AnyImageImporter, ignoring
episode=1727 instruction='Out of the room. Left. Toward the counter top. Left at the stairs. Up 2 sets of stairs. Right at the doorway.' start_position=[-2.51242995262146, 0.04610800743103027, 3.6103999614715576] goal_position=[-4.619659900665283, 1.0461080074310303, -1.40802001953125] reference_geodesic=9.457917213439941
episode=1727 prepared_subgoals=4
  [1] Exit the room
      proof: The camera has crossed the room’s threshold and the hallway outside is central in the view.
  [2] Turn left until the counter top is centered ahead, then walk toward the counter top
      proof: The counter top is beside or directly ahead of the camera, within a step; the camera has not yet turned left.
  [3] Turn left at the stairs, then go up 2 sets of stairs
      proof: The camera has passed the 2 sets of stairs: it is behind or below the camera and the space beyond it fills the view; the camera has not yet turned right.
  [4] Turn right at the doorway
      proof: The doorway to the right is centered in the view after the turn
ep=1727 s=0 18481ms [sel=14 cap=17976 rest=456] sg=1->1 mode=NONE win=1 obs=1 | cap=wip act=(160,180) d=0.95 a=1 | preview=view1/6 yaw=-45 render=35ms | sp=preview:active d=1.0 age=0 dtg=9.21 region=0_3
ep=1727 s=1 5224ms [sel=3 cap=5106 rest=115] sg=1->1 mode=NONE win=2 obs=2 | cap=wip act=(320,360) d=0.70 a=1 | sp=preview:active d=0.7 age=1 dtg=8.96 region=0_3
ep=1727 s=2 13990ms [sel=34 cap=13829 rest=126] sg=1->1 mode=NONE win=3 obs=3 | cap=wip act=(320,360) d=2.44 a=1 | sp=frontier:active d=2.4 age=0 dtg=8.72 region=0_3
ep=1727 s=3 11804ms [sel=8 cap=11678 rest=118] sg=1->1 mode=NONE win=4 obs=4 | cap=wip act=(320,360) d=2.21 a=1 | sp=frontier:active d=2.2 age=1 dtg=8.48 region=0_9
ep=1727 s=4 12238ms [sel=22 cap=11637 rest=546] sg=1->1 mode=NONE win=5 obs=5 | cap=wip act=(160,180) d=3.34 a=1 | preview=view2/6 yaw=-45 render=33ms | sp=preview:active d=3.3 age=0 dtg=8.26 region=0_9
ep=1727 s=5 15201ms [sel=9 cap=15084 rest=107] sg=1->1 mode=NONE win=6 obs=6 | cap=wip act=(320,360) d=3.15 a=1 | sp=preview:active d=3.1 age=1 dtg=8.06 region=0_9
ep=1727 s=6 11765ms [sel=8 cap=11646 rest=111] sg=1->1 mode=NONE win=7 obs=7 | cap=wip act=(320,360) d=2.97 a=2 | sp=preview:active d=3.0 age=2 dtg=8.06 region=0_9
ep=1727 s=7 11904ms [sel=0 cap=11795 rest=109] sg=1->2 mode=NONE win=8 obs=8 | cap=DONE act=TURN request=-45deg execute=-15deg x1 a=2 | sp=preview:active d=3.0 age=3 dtg=8.06 region=0_9
ep=1727 s=8 6924ms [sel=0 cap=6814 rest=110] sg=2->2 mode=NONE win=8 obs=9 | cap=wip act=TURN request=-45deg execute=-15deg x1 a=2 dtg=8.06 region=0_9
ep=1727 s=9 8959ms [sel=0 cap=8845 rest=114] sg=2->2 mode=NONE win=8 obs=10 | cap=wip act=TURN request=-45deg execute=-15deg x1 a=2 dtg=8.06 region=0_9
ep=1727 s=10 9228ms [sel=0 cap=9112 rest=116] sg=2->2 mode=NONE win=8 obs=11 | cap=wip act=TURN request=-45deg execute=-15deg x1 a=2 dtg=8.06 region=0_9
ep=1727 s=11 12456ms [sel=34 cap=12292 rest=130] sg=2->2 mode=NONE win=8 obs=12 | cap=wip act=(320,360) d=2.44 a=3 | sp=frontier:active d=2.4 age=0 dtg=8.06 region=0_9
ep=1727 s=12 7398ms [sel=4 cap=7279 rest=115] sg=2->2 mode=NONE win=8 obs=13 | cap=wip act=(320,360) d=2.44 a=3 | sp=frontier:active d=2.4 age=1 dtg=8.06 region=0_9
ep=1727 s=13 6437ms [sel=4 cap=6318 rest=115] sg=2->2 mode=NONE win=8 obs=14 | cap=wip act=(320,360) d=2.44 a=3 | sp=frontier:active d=2.4 age=2 dtg=8.06 region=0_9
ep=1727 s=14 10021ms [sel=5 cap=9906 rest=109] sg=2->2 mode=NONE win=8 obs=15 | cap=wip act=(320,360) d=2.44 a=1 | sp=frontier:active d=2.4 age=3 dtg=7.83 region=0_9
ep=1727 s=15 9601ms [sel=9 cap=9483 rest=109] sg=2->2 mode=NONE win=8 obs=16 | cap=wip act=(320,360) d=2.27 a=1 | sp=frontier:active d=2.3 age=4 dtg=7.65 region=0_12
ep=1727 s=16 12031ms [sel=18 cap=11431 rest=547] sg=2->2 mode=NONE win=8 obs=17 | cap=wip act=(160,180) d=3.53 a=1 | preview=view2/6 yaw=-45 render=35ms | sp=preview:active d=3.5 age=0 dtg=7.52 region=0_12
ep=1727 s=17 9706ms [sel=3 cap=9592 rest=110] sg=2->2 mode=NONE win=8 obs=18 | cap=wip act=(320,360) d=3.31 a=2 | sp=preview:active d=3.3 age=1 dtg=7.52 region=0_12
ep=1727 s=18 7002ms [sel=3 cap=6887 rest=112] sg=2->2 mode=NONE win=8 obs=19 | cap=wip act=(320,360) d=3.31 a=1 | sp=preview:active d=3.3 age=2 dtg=7.35 region=0_12
ep=1727 s=19 6350ms [sel=3 cap=6232 rest=115] sg=2->2 mode=NONE win=8 obs=20 | cap=wip act=(320,360) d=3.06 a=1 | sp=preview:active d=3.1 age=3 dtg=7.19 region=0_12
ep=1727 s=20 15419ms [sel=3 cap=15304 rest=113] sg=2->2 mode=NONE win=8 obs=21 | cap=wip act=(320,360) d=2.82 a=1 | sp=preview:active d=2.8 age=4 dtg=6.99 region=0_12
ep=1727 s=21 9747ms [sel=3 cap=9630 rest=114] sg=2->2 mode=NONE win=8 obs=22 | cap=wip act=(320,360) d=2.58 a=1 | sp=preview:active d=2.6 age=5 dtg=6.87 region=0_12
ep=1727 s=22 11809ms [sel=3 cap=11692 rest=114] sg=2->2 mode=NONE win=8 obs=23 | cap=wip act=(320,360) d=2.34 a=1 | sp=preview:active d=2.3 age=6 dtg=6.79 region=0_12
ep=1727 s=23 9617ms [sel=3 cap=9499 rest=116] sg=2->2 mode=NONE win=8 obs=24 | cap=wip act=(320,360) d=2.10 a=1 | sp=preview:active d=2.1 age=7 dtg=6.72 region=0_12
ep=1727 s=24 14486ms [sel=3 cap=14370 rest=113] sg=2->2 mode=NONE win=8 obs=25 | cap=wip act=(320,360) d=1.87 a=2 | sp=preview:active d=1.9 age=8 dtg=6.72 region=0_12
ep=1727 s=25 12404ms [sel=31 cap=11793 rest=547] sg=2->2 mode=NONE win=8 obs=26 | cap=wip act=(160,180) d=2.52 a=2 | preview=view0/6 yaw=-165 render=33ms | sp=preview:active d=2.5 age=0 dtg=6.72 region=0_12
ep=1727 s=26 11712ms [sel=18 cap=11580 rest=114] sg=2->2 mode=NONE win=8 obs=27 | cap=wip act=(320,360) d=2.52 a=2 | sp=preview:active d=2.5 age=1 dtg=6.72 region=0_12
ep=1727 s=27 4059ms [sel=20 cap=3921 rest=119] sg=2->2 mode=NONE win=8 obs=28 | cap=wip act=(320,360) d=2.52 a=2 | sp=preview:active d=2.5 age=2 dtg=6.72 region=0_12
ep=1727 s=28 8942ms [sel=18 cap=8804 rest=120] sg=2->2 mode=NONE win=8 obs=29 | cap=wip act=(320,360) d=2.52 a=2 | sp=preview:active d=2.5 age=3 dtg=6.72 region=0_12
ep=1727 s=29 10851ms [sel=18 cap=10709 rest=125] sg=2->2 mode=NONE win=8 obs=30 | cap=wip act=(320,360) d=2.52 a=2 | sp=preview:active d=2.5 age=4 dtg=6.72 region=0_12
ep=1727 s=30 6432ms [sel=18 cap=6287 rest=126] sg=2->2 mode=NONE win=8 obs=31 | cap=wip act=(320,360) d=2.52 a=2 | sp=preview:active d=2.5 age=5 dtg=6.72 region=0_12
ep=1727 s=31 11003ms [sel=17 cap=10860 rest=126] sg=2->2 mode=NONE win=8 obs=32 | cap=wip act=(320,360) d=2.52 a=2 | sp=preview:active d=2.5 age=6 dtg=6.72 region=0_12
ep=1727 s=32 10537ms [sel=18 cap=10397 rest=122] sg=2->2 mode=NONE win=8 obs=33 | cap=wip act=(320,360) d=2.52 a=2 | sp=preview:active d=2.5 age=7 dtg=6.72 region=0_12
ep=1727 s=33 18200ms [sel=41 cap=17574 rest=552] sg=2->2 mode=NONE win=8 obs=34 | cap=wip act=(160,180) d=2.91 a=3 | preview=view5/6 yaw=+105 render=33ms | sp=preview:active d=2.9 age=0 dtg=6.72 region=0_12
ep=1727 s=34 9945ms [sel=24 cap=9797 rest=124] sg=2->2 mode=NONE win=8 obs=35 | cap=wip act=(320,360) d=2.91 a=3 | sp=preview:active d=2.9 age=1 dtg=6.72 region=0_12
ep=1727 s=35 7268ms [sel=23 cap=7116 rest=129] sg=2->2 mode=NONE win=8 obs=36 | cap=wip act=(320,360) d=2.91 a=3 | sp=preview:active d=2.9 age=2 dtg=6.72 region=0_12
ep=1727 s=36 6820ms [sel=26 cap=6664 rest=130] sg=2->2 mode=NONE win=8 obs=37 | cap=wip act=(320,360) d=2.91 a=3 | sp=preview:active d=2.9 age=3 dtg=6.72 region=0_12
ep=1727 s=37 9655ms [sel=4 cap=9522 rest=129] sg=2->2 mode=NONE win=8 obs=38 | cap=wip act=(320,360) d=2.91 a=3 | sp=preview:active d=2.9 age=4 dtg=6.72 region=0_12
ep=1727 s=38 8514ms [sel=4 cap=8364 rest=145] sg=2->2 mode=NONE win=8 obs=39 | cap=wip act=(320,360) d=2.91 a=3 | sp=preview:active d=2.9 age=5 dtg=6.72 region=0_12
ep=1727 s=39 16546ms [sel=3 cap=16424 rest=119] sg=2->2 mode=NONE win=8 obs=40 | cap=wip act=(320,360) d=2.91 a=1 | sp=preview:active d=2.9 age=6 dtg=6.53 region=0_12
ep=1727 s=40 8603ms [sel=3 cap=8483 rest=117] sg=2->2 mode=NONE win=8 obs=41 | cap=wip act=(320,360) d=2.67 a=1 | sp=preview:active d=2.7 age=7 dtg=6.34 region=0_12
ep=1727 s=41 7129ms [sel=3 cap=7010 rest=116] sg=2->2 mode=NONE win=8 obs=42 | cap=wip act=(320,360) d=2.42 a=1 | sp=preview:active d=2.4 age=8 dtg=6.16 region=0_12
ep=1727 s=42 16117ms [sel=0 cap=16003 rest=114] sg=2->3 mode=NONE win=8 obs=43 | cap=DONE act=TURN request=-45deg execute=-15deg x1 a=2 | sp=preview:active d=2.2 age=9 dtg=6.16 region=0_12
ep=1727 s=43 7075ms [sel=0 cap=6952 rest=123] sg=3->3 mode=NONE win=8 obs=44 | cap=wip act=TURN request=-45deg execute=-15deg x1 a=2 dtg=6.16 region=0_12
ep=1727 s=44 12440ms [sel=0 cap=12312 rest=127] sg=3->3 mode=NONE win=8 obs=45 | cap=wip act=TURN request=-45deg execute=-15deg x1 a=2 dtg=6.16 region=0_12
ep=1727 s=45 7655ms [sel=0 cap=7517 rest=138] sg=3->3 mode=NONE win=8 obs=46 | cap=wip act=TURN request=-45deg execute=-15deg x1 a=2 dtg=6.16 region=0_12
ep=1727 s=46 28650ms [sel=19455 cap=9067 rest=128] sg=3->3 mode=NONE win=8 obs=47 | cap=wip act=(320,360) d=2.11 a=3 | sp=som:active d=2.1 age=0 som=4/7 dtg=6.16 region=0_12
ep=1727 s=47 13489ms [sel=5 cap=13358 rest=126] sg=3->3 mode=NONE win=8 obs=48 | cap=wip act=(320,360) d=2.11 a=3 | sp=som:active d=2.1 age=1 dtg=6.16 region=0_12
ep=1727 s=48 14547ms [sel=4 cap=14414 rest=129] sg=3->3 mode=NONE win=8 obs=49 | cap=wip act=(320,360) d=2.11 a=1 | sp=som:active d=2.1 age=2 dtg=5.94 region=0_12
ep=1727 s=49 11706ms [sel=3 cap=11578 rest=124] sg=3->3 mode=NONE win=8 obs=50 | cap=wip act=(320,360) d=1.86 a=3 | sp=som:active d=1.9 age=3 dtg=5.94 region=0_12
ep=1727 s=50 13993ms [sel=3 cap=13410 rest=546] sg=3->3 mode=NONE win=8 obs=51 | cap=wip act=(320,360) d=1.86 a=1 | preview=view-/6 yaw=+0 render=34ms | sp=som:active d=1.9 age=4 dtg=5.76 region=0_12
ep=1727 s=51 9190ms [sel=3 cap=9070 rest=117] sg=3->3 mode=NONE win=8 obs=52 | cap=wip act=(320,360) d=1.61 a=1 | sp=som:active d=1.6 age=5 dtg=5.59 region=0_12
ep=1727 s=52 13112ms [sel=3 cap=12988 rest=121] sg=3->3 mode=NONE win=8 obs=53 | cap=wip act=(320,360) d=1.36 a=1 | sp=som:active d=1.4 age=6 dtg=5.44 region=0_12
ep=1727 s=53 12252ms [sel=4 cap=11672 rest=541] sg=3->3 mode=NONE win=8 obs=54 | cap=wip act=(320,360) d=1.11 a=1 | preview=view-/6 yaw=+0 render=36ms | sp=som:active d=1.1 age=7 dtg=5.31 region=0_12
ep=1727 s=54 10244ms [sel=3 cap=10109 rest=132] sg=3->3 mode=NONE win=8 obs=55 | cap=wip act=(320,360) d=0.87 a=1 | sp=som:active d=0.9 age=8 dtg=5.18 region=0_12
ep=1727 s=55 11809ms [sel=4 cap=11678 rest=127] sg=3->3 mode=NONE win=8 obs=56 | cap=wip act=(320,360) d=0.62 a=1 | sp=som:active d=0.6 age=9 dtg=5.06 region=0_12
ep=1727 s=56 20674ms [sel=13980 cap=6567 rest=127] sg=3->3 mode=NONE win=8 obs=57 | cap=wip act=(320,360) d=2.15 a=3 | sp=frontier:active d=2.2 age=0 som=R/7 dtg=5.06 region=0_12
ep=1727 s=57 8353ms [sel=20 cap=8204 rest=129] sg=3->3 mode=NONE win=8 obs=58 | cap=wip act=(320,360) d=2.15 a=3 | sp=frontier:active d=2.2 age=1 dtg=5.06 region=0_12
ep=1727 s=58 8831ms [sel=19 cap=8694 rest=119] sg=3->3 mode=NONE win=8 obs=59 | cap=wip act=(320,360) d=2.15 a=3 | sp=frontier:active d=2.2 age=2 dtg=5.06 region=0_12
ep=1727 s=59 5118ms [sel=16 cap=4979 rest=123] sg=3->3 mode=NONE win=8 obs=60 | cap=wip act=(320,360) d=2.15 a=3 | sp=frontier:active d=2.2 age=3 dtg=5.06 region=0_12
ep=1727 s=60 9195ms [sel=7 cap=9066 rest=123] sg=3->3 mode=NONE win=8 obs=61 | cap=wip act=(320,360) d=2.15 a=3 | sp=frontier:active d=2.2 age=4 dtg=5.06 region=0_12
ep=1727 s=61 10032ms [sel=3 cap=9910 rest=119] sg=3->3 mode=NONE win=8 obs=62 | cap=wip act=(320,360) d=2.15 a=3 | sp=frontier:active d=2.2 age=5 dtg=5.06 region=0_12
ep=1727 s=62 12726ms [sel=3 cap=12604 rest=119] sg=3->3 mode=NONE win=8 obs=63 | cap=wip act=(320,360) d=2.15 a=1 | sp=frontier:active d=2.2 age=6 dtg=5.28 region=0_12
ep=1727 s=63 10405ms [sel=3 cap=10285 rest=118] sg=3->3 mode=NONE win=8 obs=64 | cap=wip act=(320,360) d=1.90 a=1 | sp=frontier:active d=1.9 age=7 dtg=5.50 region=0_12
ep=1727 s=64 10164ms [sel=3 cap=10043 rest=119] sg=3->3 mode=NONE win=8 obs=65 | cap=wip act=(320,360) d=1.66 a=3 | sp=frontier:active d=1.7 age=8 dtg=5.50 region=0_12
ep=1727 s=65 8715ms [sel=3 cap=8597 rest=115] sg=3->3 mode=NONE win=8 obs=66 | cap=wip act=(320,360) d=1.66 a=1 | sp=frontier:active d=1.7 age=9 dtg=5.74 region=0_12
ep=1727 s=66 7443ms [sel=3 cap=7324 rest=116] sg=3->3 mode=NONE win=8 obs=67 | cap=wip act=(320,360) d=1.44 a=1 | sp=frontier:active d=1.4 age=10 dtg=5.98 region=0_12
ep=1727 s=67 15523ms [sel=0 cap=15407 rest=116] sg=3->4 mode=NONE win=8 obs=68 | cap=DONE act=TURN request=+45deg execute=+15deg x1 a=3 | sp=frontier:active d=1.2 age=11 dtg=5.98 region=0_12
ep=1727 s=68 22371ms [sel=0 cap=22259 rest=112] sg=4->4 mode=NONE win=8 obs=69 | cap=wip act=TURN request=+45deg execute=+15deg x1 a=3 dtg=5.98 region=0_12
ep=1727 s=69 29550ms [sel=5 cap=28943 rest=566] sg=4->None mode=NONE win=8 obs=70 | cap=DONE act=(320,360) d=1.00 a=1 | preview=view-/6 yaw=+0 render=36ms dtg=6.21 region=0_12
ep=1727 s=70 114ms [sel=4 cap=0 rest=109] sg=None->None mode=NONE win=8 obs=71 | cap=- act=(320,360) d=1.00 a=1 dtg=6.44 region=0_12
ep=1727 s=71 122ms [sel=4 cap=0 rest=118] sg=None->None mode=NONE win=8 obs=72 | cap=- act=(320,360) d=1.00 a=1 dtg=6.68 region=0_12
ep=1727 s=72 112ms [sel=0 cap=0 rest=112] sg=None->None mode=NONE win=8 obs=73 | cap=- act=STOP dtg=6.68 region=0_12
rank=0 [17/17] id=1727 steps=73 success=0.000 spl=0.000 dtg=6.68 osr=0 path_length=8.00 ndtw=0.582 sdtw=0.000
rank_summary={"count": 17, "rank": 0, "totals": {"distance_to_goal": 135.24397891759872, "ndtw": 7.490630937404934, "oracle_success": 8.0, "path_length": 264.7260265150898, "sdtw": 2.6751456133438505, "spl": 2.9293068057299165, "steps": 1752.0, "success": 3.0}}
