rank=2 physical_gpu=4 config=/data/pengyh/workspace/FreeAskAgent_R2R/outputs/para50b_20260926/freeask_config.yaml
Gym has been unmaintained since 2022 and does not support NumPy 2.0 amongst other critical functionality.
Please upgrade to Gymnasium, the maintained drop-in replacement of Gym, or contact the authors of your software and request that they upgrade.
See the migration guide at https://gymnasium.farama.org/introduction/migration_guide/ for additional information.
PluginManager::Manager: duplicate static plugin StbImageImporter, ignoring
PluginManager::Manager: duplicate static plugin GltfImporter, ignoring
PluginManager::Manager: duplicate static plugin BasisImporter, ignoring
PluginManager::Manager: duplicate static plugin AssimpImporter, ignoring
PluginManager::Manager: duplicate static plugin AnySceneImporter, ignoring
PluginManager::Manager: duplicate static plugin AnyImageImporter, ignoring
config: /data/pengyh/workspace/FreeAskAgent_R2R/outputs/para50b_20260926/freeask_config.yaml (defaults: actor, base_url, camera_height_m, camera_pitch_deg, depth_hfov, depth_max_m, depth_min_m, depth_normalize, forward_step_m, image_height, image_width, max_steps, model_path, preview_scale, preview_yaws, record_video, turn_angle_deg, waypoint_radius; env: CAPTIONER_COMPLETION_SCREEN, CAPTIONER_DECISION_BASE_URL, CAPTIONER_DECISION_MODEL, CAPTIONER_INFERENCE_ONLY_COMPLETION, CAPTIONER_OPENING_LOOK_AROUND, CAPTIONER_PREVIEW_BACKOFF_MAX_STEPS, CAPTIONER_PREVIEW_CANDIDATES, CAPTIONER_PREVIEW_GATE_BACKOFF_MAX_M, CAPTIONER_PREVIEW_GATE_BACKOFF_START_M, CAPTIONER_PREVIEW_GATE_FREE_RINGS, CAPTIONER_PREVIEW_GATE_MAX_SKIPS, CAPTIONER_PREVIEW_GATE_MIN_MOVE_M, CAPTIONER_PREVIEW_IDLE_LIMIT, CAPTIONER_PREVIEW_IDLE_RESET_M, CAPTIONER_PREVIEW_MIN_MOVE_M, CAPTIONER_PREVIEW_MIN_TURN_DEG, CAPTIONER_PREVIEW_MOVE_BACKOFF_MAX_M, CAPTIONER_STEP_DEADLINE_S, JOYAI_API_BASE, JOYAI_MODEL_NAME, VLLM_BASE_URL, VLN_ABLATE_SPATIAL, VLN_ABLATE_TEMPORAL, VLN_COMPACT_SUBGOALS, VLN_IMAGE_MAX_PIXELS, VLN_NAV_PARAMS, VLN_ROBOT_PARAMS, VLN_SOM, VLN_SPATIAL_MEMORY_PARAMS, VLN_STRUCTURED_VLM_MAX_TOKENS)
camera: 640x480 hfov=90 K=from-hfov distortion=none mount xyz=(0.0, 1.25, 0.0) rpy_deg=(0.0, -15.0, 0.0)
2026-09-26 10:01:30,428 Initializing dataset R2RVLN-v1
2026-09-26 10:01:30,434 initializing sim Sim-v0
PluginManager::Manager: duplicate static plugin StbImageImporter, ignoring
PluginManager::Manager: duplicate static plugin GltfImporter, ignoring
PluginManager::Manager: duplicate static plugin BasisImporter, ignoring
PluginManager::Manager: duplicate static plugin AssimpImporter, ignoring
PluginManager::Manager: duplicate static plugin AnySceneImporter, ignoring
PluginManager::Manager: duplicate static plugin AnyImageImporter, ignoring
2026-09-26 10:01:43,112 Initializing task VLN-v0
nDTW/SDTW on: 50 reference paths, fastdtw
PluginManager::Manager: duplicate static plugin StbImageImporter, ignoring
PluginManager::Manager: duplicate static plugin GltfImporter, ignoring
PluginManager::Manager: duplicate static plugin BasisImporter, ignoring
PluginManager::Manager: duplicate static plugin AssimpImporter, ignoring
PluginManager::Manager: duplicate static plugin AnySceneImporter, ignoring
PluginManager::Manager: duplicate static plugin AnyImageImporter, ignoring
episode=96 instruction='Toward the french doors. Left. Past the kitchen area. To the end of the hallway. Wait in the archway near the painting.' start_position=[-8.658539772033691, 0.05381801724433899, -13.317299842834473] goal_position=[4.944920063018799, 0.15480518341064453, -12.134599685668945] reference_geodesic=13.925666809082031
episode=96 prepared_subgoals=4
  [1] Go toward the french doors
      proof: The french doors is beside or directly ahead of the camera, within a step; the camera has not yet turned left.
  [2] Turn left until the kitchen area is centered ahead, then walk past the kitchen area
      proof: The kitchen is behind the camera and the hallway ahead fills the view.
  [3] Walk to the end of the hallway
      proof: The end of the hallway is directly ahead, with the archway visible.
  [4] Wait in the archway near the painting
      proof: The camera is stopped beside the archway, with the painting centred in the view
ep=96 s=0 5085ms [sel=6 cap=4485 rest=539] sg=1->1 mode=NONE win=1 obs=1 | cap=wip act=PREVIEW a=2 | preview=view2/6 yaw=+0 render=55ms dtg=13.93 region=1_22
ep=96 s=1 3202ms [sel=575 cap=2517 rest=110] sg=1->1 mode=NONE win=2 obs=2 | cap=wip act=(320,360) d=2.90 a=3 | sp=som:active d=2.9 age=0 som=5/8 dtg=13.93 region=1_22
ep=96 s=2 3024ms [sel=6 cap=2915 rest=104] sg=1->1 mode=NONE win=3 obs=3 | cap=wip act=(320,360) d=2.90 a=3 | sp=som:active d=2.9 age=1 dtg=13.93 region=1_22
ep=96 s=3 3015ms [sel=3 cap=2902 rest=109] sg=1->1 mode=NONE win=4 obs=4 | cap=wip act=(320,360) d=2.90 a=3 | sp=som:active d=2.9 age=2 dtg=13.93 region=1_22
ep=96 s=4 3745ms [sel=5 cap=3616 rest=124] sg=1->1 mode=NONE win=5 obs=5 | cap=wip act=(320,360) d=2.90 a=3 | sp=som:active d=2.9 age=3 dtg=13.93 region=1_22
ep=96 s=5 2536ms [sel=3 cap=2407 rest=126] sg=1->1 mode=NONE win=6 obs=6 | cap=wip act=(320,360) d=2.90 a=1 | sp=som:active d=2.9 age=4 dtg=13.74 region=1_22
ep=96 s=6 3337ms [sel=4 cap=3226 rest=108] sg=1->1 mode=NONE win=7 obs=7 | cap=wip act=(320,360) d=2.66 a=3 | sp=som:active d=2.7 age=5 dtg=13.74 region=1_22
ep=96 s=7 3405ms [sel=3 cap=3297 rest=106] sg=1->1 mode=NONE win=8 obs=8 | cap=wip act=(320,360) d=2.66 a=1 | sp=som:active d=2.7 age=6 dtg=13.65 region=1_22
ep=96 s=8 5047ms [sel=3 cap=4937 rest=107] sg=1->1 mode=GET_NOWHERE win=8 obs=9 | cap=wip/GET_NOWHERE act=(320,360) d=2.46 a=1 | sp=som:active d=2.5 age=7 dtg=13.60 region=1_22
ep=96 s=9 4539ms [sel=6 cap=4430 rest=103] sg=1->1 mode=GET_NOWHERE win=8 obs=10 | cap=wip/GET_NOWHERE act=(320,360) d=2.26 a=2 | sp=som:active d=2.3 age=8 dtg=13.60 region=1_22
ep=96 s=10 4668ms [sel=3 cap=4554 rest=112] sg=1->1 mode=GET_NOWHERE win=8 obs=11 | cap=wip/GET_NOWHERE act=(320,360) d=2.26 a=1 | sp=som:active d=2.3 age=9 dtg=13.51 region=1_22
ep=96 s=11 3547ms [sel=3 cap=3430 rest=113] sg=1->1 mode=NONE win=8 obs=12 | cap=wip act=(320,360) d=2.04 a=2 | sp=som:active d=2.0 age=10 dtg=13.51 region=1_22
ep=96 s=12 6023ms [sel=0 cap=5901 rest=123] sg=1->2 mode=NONE win=8 obs=13 | cap=DONE act=TURN request=-45deg execute=-15deg x1 a=2 | sp=som:active d=2.0 age=11 dtg=13.51 region=1_22
ep=96 s=13 5239ms [sel=0 cap=5112 rest=127] sg=2->2 mode=NONE win=8 obs=14 | cap=wip act=TURN request=-45deg execute=-15deg x1 a=2 dtg=13.51 region=1_22
ep=96 s=14 5013ms [sel=0 cap=4890 rest=123] sg=2->2 mode=NONE win=8 obs=15 | cap=wip act=TURN request=-45deg execute=-15deg x1 a=2 dtg=13.51 region=1_22
ep=96 s=15 3717ms [sel=0 cap=3596 rest=121] sg=2->2 mode=NONE win=8 obs=16 | cap=wip act=TURN request=-45deg execute=-15deg x1 a=2 dtg=13.51 region=1_22
ep=96 s=16 5488ms [sel=812 cap=4568 rest=108] sg=2->2 mode=NONE win=8 obs=17 | cap=wip act=(320,360) d=2.98 a=3 | sp=som:active d=3.0 age=0 som=4/8 dtg=13.51 region=1_22
ep=96 s=17 6459ms [sel=3 cap=6338 rest=118] sg=2->2 mode=NONE win=8 obs=18 | cap=wip act=(320,360) d=2.98 a=1 | sp=som:active d=3.0 age=1 dtg=13.27 region=1_22
ep=96 s=18 4423ms [sel=4 cap=4299 rest=120] sg=2->2 mode=NONE win=8 obs=19 | cap=wip act=(320,360) d=2.73 a=1 | sp=som:active d=2.7 age=2 dtg=13.02 region=1_22
ep=96 s=19 4785ms [sel=4 cap=4668 rest=113] sg=2->2 mode=NONE win=8 obs=20 | cap=wip act=(320,360) d=2.48 a=1 | sp=som:active d=2.5 age=3 dtg=12.78 region=1_23
ep=96 s=20 3490ms [sel=4 cap=3363 rest=123] sg=2->2 mode=NONE win=8 obs=21 | cap=wip act=(320,360) d=2.23 a=1 | sp=som:active d=2.2 age=4 dtg=12.53 region=1_23
ep=96 s=21 3751ms [sel=3 cap=3625 rest=123] sg=2->2 mode=NONE win=8 obs=22 | cap=wip act=(320,360) d=1.99 a=1 | sp=som:active d=2.0 age=5 dtg=12.29 region=1_23
ep=96 s=22 2841ms [sel=3 cap=2719 rest=119] sg=2->2 mode=NONE win=8 obs=23 | cap=wip act=(320,360) d=1.74 a=1 | sp=som:active d=1.7 age=6 dtg=12.05 region=1_23
ep=96 s=23 3902ms [sel=4 cap=3776 rest=122] sg=2->2 mode=NONE win=8 obs=24 | cap=wip act=(320,360) d=1.49 a=1 | sp=som:active d=1.5 age=7 dtg=11.82 region=1_23
ep=96 s=24 3338ms [sel=3 cap=3207 rest=127] sg=2->2 mode=NONE win=8 obs=25 | cap=wip act=(320,360) d=1.24 a=1 | sp=som:active d=1.2 age=8 dtg=11.58 region=1_23
ep=96 s=25 5225ms [sel=3 cap=5095 rest=126] sg=2->2 mode=NONE win=8 obs=26 | cap=wip act=(320,360) d=1.00 a=1 | sp=som:active d=1.0 age=9 dtg=11.34 region=1_23
ep=96 s=26 2786ms [sel=3 cap=2661 rest=122] sg=2->2 mode=NONE win=8 obs=27 | cap=wip act=(320,360) d=0.75 a=3 | sp=som:active d=0.8 age=10 dtg=11.34 region=1_23
ep=96 s=27 1941ms [sel=3 cap=1817 rest=121] sg=2->2 mode=NONE win=8 obs=28 | cap=wip act=(320,360) d=0.75 a=1 | sp=som:active d=0.8 age=11 dtg=11.14 region=1_23
ep=96 s=28 2698ms [sel=4 cap=2573 rest=121] sg=2->2 mode=NONE win=8 obs=29 | cap=wip act=(320,360) d=0.50 a=1 | sp=som:active d=0.5 age=12 dtg=10.94 region=1_23
ep=96 s=29 4633ms [sel=1327 cap=3183 rest=123] sg=2->2 mode=NONE win=8 obs=30 | cap=wip act=(320,360) d=2.79 a=2 | sp=som:active d=2.8 age=0 som=3/8 dtg=10.94 region=1_23
ep=96 s=30 2328ms [sel=4 cap=2202 rest=122] sg=2->2 mode=NONE win=8 obs=31 | cap=wip act=(320,360) d=2.79 a=1 | sp=som:active d=2.8 age=1 dtg=10.71 region=1_23
ep=96 s=31 5760ms [sel=2258 cap=3372 rest=130] sg=2->3 mode=NONE win=8 obs=32 | cap=DONE act=(320,360) d=2.81 a=2 | sp=som:active d=2.8 age=0 som=4/7 dtg=10.71 region=1_23
ep=96 s=32 2112ms [sel=4 cap=1977 rest=131] sg=3->3 mode=NONE win=8 obs=33 | cap=wip act=(320,360) d=2.81 a=1 | sp=som:active d=2.8 age=1 dtg=10.46 region=1_23
ep=96 s=33 3744ms [sel=3 cap=3597 rest=143] sg=3->3 mode=NONE win=8 obs=34 | cap=wip act=(320,360) d=2.57 a=3 | sp=som:active d=2.6 age=2 dtg=10.46 region=1_23
ep=96 s=34 2409ms [sel=3 cap=2273 rest=133] sg=3->3 mode=NONE win=8 obs=35 | cap=wip act=(320,360) d=2.57 a=1 | sp=som:active d=2.6 age=3 dtg=10.23 region=1_23
ep=96 s=35 3590ms [sel=5 cap=3460 rest=125] sg=3->3 mode=NONE win=8 obs=36 | cap=wip act=(320,360) d=2.32 a=1 | sp=som:active d=2.3 age=4 dtg=10.00 region=1_23
ep=96 s=36 3804ms [sel=3 cap=3681 rest=120] sg=3->3 mode=NONE win=8 obs=37 | cap=wip act=(320,360) d=2.07 a=1 | sp=som:active d=2.1 age=5 dtg=9.77 region=1_23
ep=96 s=37 4689ms [sel=4 cap=4562 rest=122] sg=3->3 mode=NONE win=8 obs=38 | cap=wip act=(320,360) d=1.82 a=2 | sp=som:active d=1.8 age=6 dtg=9.77 region=1_23
ep=96 s=38 4469ms [sel=4 cap=4341 rest=124] sg=3->3 mode=NONE win=8 obs=39 | cap=wip act=(320,360) d=1.82 a=1 | sp=som:active d=1.8 age=7 dtg=9.53 region=1_23
ep=96 s=39 6083ms [sel=4 cap=5953 rest=126] sg=3->3 mode=NONE win=8 obs=40 | cap=wip act=(320,360) d=1.57 a=1 | sp=som:active d=1.6 age=8 dtg=9.28 region=1_23
ep=96 s=40 3761ms [sel=3 cap=3637 rest=120] sg=3->3 mode=NONE win=8 obs=41 | cap=wip act=(320,360) d=1.33 a=1 | sp=som:active d=1.3 age=9 dtg=9.04 region=1_23
ep=96 s=41 2593ms [sel=3 cap=2471 rest=118] sg=3->3 mode=NONE win=8 obs=42 | cap=wip act=(320,360) d=1.08 a=1 | sp=som:active d=1.1 age=10 dtg=8.79 region=1_23
ep=96 s=42 2677ms [sel=3 cap=2558 rest=115] sg=3->3 mode=NONE win=8 obs=43 | cap=wip act=(320,360) d=0.84 a=3 | sp=som:active d=0.8 age=11 dtg=8.79 region=1_23
ep=96 s=43 3975ms [sel=3 cap=3854 rest=119] sg=3->3 mode=NONE win=8 obs=44 | cap=wip act=(320,360) d=0.84 a=1 | sp=som:active d=0.8 age=12 dtg=8.57 region=1_23
ep=96 s=44 3978ms [sel=3 cap=3857 rest=119] sg=3->3 mode=NONE win=8 obs=45 | cap=wip act=(320,360) d=0.60 a=1 | sp=som:active d=0.6 age=13 dtg=8.36 region=1_23
ep=96 s=45 6122ms [sel=1378 cap=4635 rest=109] sg=3->3 mode=NONE win=8 obs=46 | cap=wip act=(320,360) d=3.02 a=2 | sp=som:active d=3.0 age=0 som=3/8 dtg=8.36 region=1_23
ep=96 s=46 4235ms [sel=4 cap=4122 rest=109] sg=3->3 mode=NONE win=8 obs=47 | cap=wip act=(320,360) d=3.02 a=2 | sp=som:active d=3.0 age=1 dtg=8.36 region=1_23
ep=96 s=47 4773ms [sel=4 cap=4638 rest=131] sg=3->3 mode=NONE win=8 obs=48 | cap=wip act=(320,360) d=3.02 a=1 | sp=som:active d=3.0 age=2 dtg=8.11 region=1_23
ep=96 s=48 3727ms [sel=3 cap=3611 rest=112] sg=3->3 mode=NONE win=8 obs=49 | cap=wip act=(320,360) d=2.78 a=1 | sp=som:active d=2.8 age=3 dtg=7.86 region=1_23
ep=96 s=49 4756ms [sel=3 cap=4638 rest=115] sg=3->3 mode=NONE win=8 obs=50 | cap=wip act=(320,360) d=2.55 a=1 | sp=som:active d=2.5 age=4 dtg=7.61 region=1_23
ep=96 s=50 5791ms [sel=3 cap=5666 rest=122] sg=3->3 mode=NONE win=8 obs=51 | cap=wip act=(320,360) d=2.32 a=1 | sp=som:active d=2.3 age=5 dtg=7.36 region=1_23
ep=96 s=51 5540ms [sel=6 cap=5409 rest=125] sg=3->3 mode=NONE win=8 obs=52 | cap=wip act=(320,360) d=2.09 a=1 | sp=som:active d=2.1 age=6 dtg=7.11 region=1_23
ep=96 s=52 3991ms [sel=3 cap=3873 rest=116] sg=3->3 mode=NONE win=8 obs=53 | cap=wip act=(320,360) d=1.87 a=1 | sp=som:active d=1.9 age=7 dtg=6.86 region=1_23
ep=96 s=53 5532ms [sel=3 cap=5418 rest=111] sg=3->3 mode=NONE win=8 obs=54 | cap=wip act=(320,360) d=1.66 a=3 | sp=som:active d=1.7 age=8 dtg=6.86 region=1_23
ep=96 s=54 6512ms [sel=1347 cap=5044 rest=121] sg=3->4 mode=NONE win=8 obs=55 | cap=DONE act=(320,360) d=2.96 a=1 | sp=som:active d=3.0 age=0 som=3/7 dtg=6.61 region=1_23
ep=96 s=55 3605ms [sel=4 cap=3479 rest=122] sg=4->4 mode=NONE win=8 obs=56 | cap=wip act=(320,360) d=2.72 a=3 | sp=som:active d=2.7 age=1 dtg=6.61 region=1_23
ep=96 s=56 10202ms [sel=950 cap=8642 rest=569] sg=4->None mode=NONE win=8 obs=57 | cap=DONE act=(320,360) d=2.54 a=1 | preview=view-/6 yaw=+0 render=42ms | sp=som:active d=2.7 age=2 dtg=6.40 region=1_23
ep=96 s=57 131ms [sel=3 cap=0 rest=128] sg=None->None mode=NONE win=8 obs=58 | cap=- act=(320,360) d=2.29 a=1 | sp=endpoint:active d=2.3 age=1 dtg=6.20 region=1_23
ep=96 s=58 123ms [sel=3 cap=0 rest=120] sg=None->None mode=NONE win=8 obs=59 | cap=- act=(320,360) d=2.04 a=3 | sp=endpoint:active d=2.0 age=2 dtg=6.20 region=1_23
ep=96 s=59 120ms [sel=2 cap=0 rest=118] sg=None->None mode=NONE win=8 obs=60 | cap=- act=(320,360) d=2.04 a=1 | sp=endpoint:active d=2.0 age=3 dtg=6.05 region=1_29
ep=96 s=60 122ms [sel=2 cap=0 rest=120] sg=None->None mode=NONE win=8 obs=61 | cap=- act=(320,360) d=1.80 a=1 | sp=endpoint:active d=1.8 age=4 dtg=5.92 region=0_31
ep=96 s=61 126ms [sel=2 cap=0 rest=124] sg=None->None mode=NONE win=8 obs=62 | cap=- act=(320,360) d=1.55 a=1 | sp=endpoint:active d=1.5 age=5 dtg=5.80 region=0_31
ep=96 s=62 120ms [sel=0 cap=0 rest=119] sg=None->None mode=NONE win=8 obs=63 | cap=- act=STOP | sp=endpoint:active d=1.3 age=6 dtg=5.80 region=0_31
rank=2 [1/16] id=96 steps=63 success=0.000 spl=0.000 dtg=5.80 osr=0 path_length=9.51 ndtw=0.632 sdtw=0.000
PluginManager::Manager: duplicate static plugin StbImageImporter, ignoring
PluginManager::Manager: duplicate static plugin GltfImporter, ignoring
PluginManager::Manager: duplicate static plugin BasisImporter, ignoring
PluginManager::Manager: duplicate static plugin AssimpImporter, ignoring
PluginManager::Manager: duplicate static plugin AnySceneImporter, ignoring
PluginManager::Manager: duplicate static plugin AnyImageImporter, ignoring
episode=136 instruction='Left, toward the hallway. Straight until a door blocks you.' start_position=[10.112000465393066, 0.17162801325321198, -0.19209399819374084] goal_position=[1.9288300275802612, 0.17162801325321198, -0.08426710218191147] reference_geodesic=8.183880805969238
episode=136 prepared_subgoals=1
  [1] Turn left until the hallway is centered ahead, then walk straight down the hallway
      proof: The door blocking the path is directly ahead, within a step
ep=136 s=0 5636ms [sel=0 cap=5026 rest=540] sg=1->1 mode=NONE win=1 obs=1 | cap=wip act=TURN request=-45deg execute=-15deg x1 a=2 | preview=view-/6 yaw=+0 render=69ms dtg=8.18 region=0_17
ep=136 s=1 2600ms [sel=0 cap=2501 rest=99] sg=1->1 mode=NONE win=2 obs=2 | cap=wip act=TURN request=-45deg execute=-15deg x1 a=2 dtg=8.18 region=0_17
ep=136 s=2 2420ms [sel=0 cap=2321 rest=99] sg=1->1 mode=NONE win=3 obs=3 | cap=wip act=TURN request=-45deg execute=-15deg x1 a=2 dtg=8.18 region=0_17
ep=136 s=3 2419ms [sel=0 cap=2326 rest=93] sg=1->1 mode=NONE win=4 obs=4 | cap=wip act=TURN request=-45deg execute=-15deg x1 a=2 dtg=8.18 region=0_17
ep=136 s=4 4798ms [sel=1042 cap=3668 rest=87] sg=1->1 mode=NONE win=5 obs=5 | cap=wip act=(320,360) d=2.98 a=1 | sp=som:active d=3.0 age=0 som=2/7 dtg=7.93 region=0_17
ep=136 s=5 2314ms [sel=3 cap=2221 rest=90] sg=1->1 mode=NONE win=6 obs=6 | cap=wip act=(320,360) d=2.74 a=1 | sp=som:active d=2.7 age=1 dtg=7.68 region=0_17
ep=136 s=6 3637ms [sel=3 cap=3543 rest=91] sg=1->1 mode=NONE win=7 obs=7 | cap=wip act=(320,360) d=2.49 a=1 | sp=som:active d=2.5 age=2 dtg=7.43 region=0_17
ep=136 s=7 6010ms [sel=3 cap=5918 rest=89] sg=1->1 mode=NONE win=8 obs=8 | cap=wip act=(320,360) d=2.25 a=1 | sp=som:active d=2.2 age=3 dtg=7.18 region=0_17
ep=136 s=8 9143ms [sel=3 cap=8602 rest=500] sg=1->1 mode=NONE win=8 obs=9 | cap=wip act=(320,360) d=2.00 a=1 | preview=view-/6 yaw=+0 render=38ms | sp=som:active d=2.0 age=4 dtg=6.93 region=0_17
ep=136 s=9 2935ms [sel=3 cap=2838 rest=93] sg=1->1 mode=NONE win=8 obs=10 | cap=wip act=(320,360) d=1.76 a=1 | sp=som:active d=1.8 age=5 dtg=6.68 region=0_17
ep=136 s=10 5233ms [sel=3 cap=5131 rest=99] sg=1->1 mode=NONE win=8 obs=11 | cap=wip act=(320,360) d=1.52 a=1 | sp=som:active d=1.5 age=6 dtg=6.43 region=0_17
ep=136 s=11 10363ms [sel=3 cap=9859 rest=456] sg=1->1 mode=NONE win=8 obs=12 | cap=wip act=(320,360) d=1.28 a=2 | preview=view-/6 yaw=+0 render=44ms | sp=som:active d=1.3 age=7 dtg=6.43 region=0_17
ep=136 s=12 4671ms [sel=3 cap=4557 rest=111] sg=1->1 mode=NONE win=8 obs=13 | cap=wip act=(320,360) d=1.28 a=1 | sp=som:active d=1.3 age=8 dtg=6.19 region=0_17
ep=136 s=13 4371ms [sel=3 cap=4258 rest=110] sg=1->1 mode=NONE win=8 obs=14 | cap=wip act=(320,360) d=1.03 a=1 | sp=som:active d=1.0 age=9 dtg=5.95 region=0_17
ep=136 s=14 12691ms [sel=5 cap=12155 rest=493] sg=1->None mode=NONE win=8 obs=15 | cap=DONE act=(320,360) d=1.00 a=1 | preview=view-/6 yaw=+0 render=38ms | sp=som:active d=0.8 age=10 dtg=5.71 region=0_17
ep=136 s=15 111ms [sel=5 cap=0 rest=106] sg=None->None mode=NONE win=8 obs=16 | cap=- act=(320,360) d=1.00 a=1 | sp=som:active d=0.5 age=11 dtg=5.47 region=0_17
ep=136 s=16 112ms [sel=4 cap=0 rest=108] sg=None->None mode=NONE win=8 obs=17 | cap=- act=(320,360) d=1.00 a=1 | sp=som:reached d=0.3 age=12 door_evts=1 EVT=door@(8.1,-0.1)w1.20m@s13 dtg=5.23 region=0_17
ep=136 s=17 103ms [sel=0 cap=0 rest=103] sg=None->None mode=NONE win=8 obs=18 | cap=- act=STOP | sp=som:reached d=0.3 age=13 door_evts=1 dtg=5.23 region=0_17
rank=2 [2/16] id=136 steps=18 success=0.000 spl=0.000 dtg=5.23 osr=0 path_length=3.00 ndtw=0.596 sdtw=0.000
PluginManager::Manager: duplicate static plugin StbImageImporter, ignoring
PluginManager::Manager: duplicate static plugin GltfImporter, ignoring
PluginManager::Manager: duplicate static plugin BasisImporter, ignoring
PluginManager::Manager: duplicate static plugin AssimpImporter, ignoring
PluginManager::Manager: duplicate static plugin AnySceneImporter, ignoring
PluginManager::Manager: duplicate static plugin AnyImageImporter, ignoring
episode=150 instruction="About-face. To the end of the bed. At the bed's end, right. On to the hallway. At the entrance way, through the hallway to the next room." start_position=[-16.3346004486084, 0.35480499267578125, 11.633500099182129] goal_position=[-8.561519622802734, 0.15480518341064453, 10.424799919128418] reference_geodesic=8.754947662353516
episode=150 prepared_subgoals=4
  [1] About-face
      proof: The camera is now facing directly opposite its original direction, with the previous path behind it.
  [2] Walk to the end of the bed
      proof: The end of the bed is beside or directly ahead of the camera, within a step; the camera has not yet turned right.
  [3] Turn right at the bed's end, then walk down the hallway to the entrance way
      proof: The entrance way is directly ahead and within a step.
  [4] Enter the next room through the entrance way
      proof: The next room is central in the view after crossing the threshold
ep=150 s=0 9346ms [sel=0 cap=8854 rest=454] sg=1->1 mode=NONE win=1 obs=1 | cap=wip act=TURN request=-45deg execute=-15deg x1 a=2 | preview=view-/6 yaw=+0 render=38ms dtg=8.75 region=1_4
ep=150 s=1 5164ms [sel=0 cap=5070 rest=94] sg=1->1 mode=NONE win=2 obs=2 | cap=wip act=TURN request=-45deg execute=-15deg x1 a=2 dtg=8.75 region=1_4
ep=150 s=2 4230ms [sel=0 cap=4102 rest=128] sg=1->1 mode=NONE win=3 obs=3 | cap=wip act=TURN request=-45deg execute=-15deg x1 a=2 dtg=8.75 region=1_4
ep=150 s=3 2964ms [sel=0 cap=2853 rest=111] sg=1->1 mode=NONE win=4 obs=4 | cap=wip act=TURN request=-45deg execute=-15deg x1 a=2 dtg=8.75 region=1_4
ep=150 s=4 2327ms [sel=698 cap=1512 rest=117] sg=1->2 mode=NONE win=5 obs=5 | cap=DONE act=(320,360) d=3.82 a=2 | sp=frontier:active d=3.8 age=0 som=4/6 dtg=8.75 region=1_4
ep=150 s=5 2074ms [sel=5 cap=1957 rest=111] sg=2->2 mode=NONE win=6 obs=6 | cap=wip act=TURN request=-45deg execute=-15deg x1 a=2 | sp=frontier:active d=3.8 age=1 dtg=8.75 region=1_4
ep=150 s=6 5154ms [sel=5 cap=5036 rest=113] sg=2->2 mode=NONE win=7 obs=7 | cap=wip act=TURN request=-45deg execute=-15deg x1 a=2 | sp=frontier:active d=3.8 age=2 dtg=8.75 region=1_4
ep=150 s=7 7112ms [sel=32 cap=6558 rest=486] sg=2->2 mode=NONE win=8 obs=8 | cap=wip act=(160,180) d=3.34 a=2 | preview=view3/6 yaw=+15 render=36ms | sp=preview:active d=3.3 age=0 dtg=8.75 region=1_4
ep=150 s=8 3426ms [sel=6 cap=3313 rest=107] sg=2->2 mode=NONE win=8 obs=9 | cap=wip act=TURN request=-45deg execute=-15deg x1 a=2 | sp=preview:active d=3.3 age=1 dtg=8.75 region=1_4
ep=150 s=9 3597ms [sel=5 cap=3481 rest=111] sg=2->2 mode=NONE win=8 obs=10 | cap=wip act=TURN request=-45deg execute=-15deg x1 a=2 | sp=preview:active d=3.3 age=2 dtg=8.75 region=1_4
ep=150 s=10 3390ms [sel=5 cap=3274 rest=111] sg=2->2 mode=NONE win=8 obs=11 | cap=wip act=TURN request=-45deg execute=-15deg x1 a=2 | sp=preview:active d=3.3 age=3 dtg=8.75 region=1_4
ep=150 s=11 5146ms [sel=54 cap=4584 rest=471] sg=2->2 mode=NONE win=8 obs=12 | cap=wip act=(160,180) d=3.54 a=2 | preview=view4/6 yaw=+60 render=37ms | sp=preview:active d=3.5 age=0 dtg=8.75 region=1_4
ep=150 s=12 4608ms [sel=4 cap=4480 rest=124] sg=2->2 mode=NONE win=8 obs=13 | cap=wip act=(320,360) d=3.54 a=2 | sp=preview:active d=3.5 age=1 dtg=8.75 region=1_4
ep=150 s=13 1539ms [sel=10 cap=1420 rest=110] sg=2->2 mode=NONE win=8 obs=14 | cap=wip act=(320,360) d=3.54 a=1 | sp=preview:active d=3.5 age=2 dtg=8.51 region=1_4
ep=150 s=14 7659ms [sel=13 cap=7532 rest=114] sg=2->2 mode=NONE win=8 obs=15 | cap=wip act=(320,360) d=3.69 a=1 | sp=preview:active d=3.7 age=3 dtg=8.26 region=1_4
ep=150 s=15 6372ms [sel=18 cap=6239 rest=115] sg=2->2 mode=NONE win=8 obs=16 | cap=wip act=(320,360) d=3.84 a=1 | sp=preview:active d=3.8 age=4 dtg=8.01 region=1_4
ep=150 s=16 5315ms [sel=16 cap=5173 rest=126] sg=2->2 mode=NONE win=8 obs=17 | cap=wip act=(320,360) d=4.00 a=1 | sp=preview:active d=4.0 age=5 dtg=7.77 region=1_4
ep=150 s=17 8724ms [sel=18 cap=8593 rest=114] sg=2->2 mode=NONE win=8 obs=18 | cap=wip act=(320,360) d=4.18 a=1 | sp=preview:active d=4.2 age=6 dtg=7.54 region=1_4
ep=150 s=18 2599ms [sel=22 cap=2465 rest=113] sg=2->2 mode=NONE win=8 obs=19 | cap=wip act=(320,360) d=4.36 a=3 | sp=preview:active d=4.4 age=7 dtg=7.54 region=1_4
ep=150 s=19 2863ms [sel=15 cap=2732 rest=117] sg=2->2 mode=NONE win=8 obs=20 | cap=wip act=(320,360) d=4.36 a=1 | sp=preview:active d=4.4 age=8 dtg=7.34 region=1_4
ep=150 s=20 4093ms [sel=21 cap=3949 rest=122] sg=2->2 mode=NONE win=8 obs=21 | cap=wip act=(320,360) d=4.50 a=3 | sp=preview:active d=4.5 age=9 dtg=7.34 region=1_4
ep=150 s=21 1617ms [sel=13 cap=1486 rest=118] sg=2->2 mode=NONE win=8 obs=22 | cap=wip act=(320,360) d=4.50 a=3 | sp=preview:active d=4.5 age=10 dtg=7.34 region=1_4
ep=150 s=22 5332ms [sel=18 cap=5203 rest=112] sg=2->2 mode=NONE win=8 obs=23 | cap=wip act=(320,360) d=4.50 a=1 | sp=preview:active d=4.5 age=11 dtg=7.12 region=1_4
ep=150 s=23 6058ms [sel=11 cap=5930 rest=117] sg=2->2 mode=NONE win=8 obs=24 | cap=wip act=(320,360) d=4.52 a=3 | sp=preview:active d=4.5 age=12 dtg=7.12 region=1_4
ep=150 s=24 4924ms [sel=4 cap=4809 rest=111] sg=2->2 mode=NONE win=8 obs=25 | cap=wip act=(320,360) d=4.52 a=1 | sp=preview:active d=4.5 age=13 dtg=6.88 region=1_4
ep=150 s=25 4725ms [sel=4 cap=4608 rest=113] sg=2->2 mode=NONE win=8 obs=26 | cap=wip act=(320,360) d=4.50 a=1 | sp=preview:active d=4.5 age=14 dtg=6.64 region=1_4
ep=150 s=26 5282ms [sel=4 cap=5169 rest=109] sg=2->2 mode=NONE win=8 obs=27 | cap=wip act=(320,360) d=4.49 a=3 | sp=preview:active d=4.5 age=15 dtg=6.64 region=1_4
ep=150 s=27 4281ms [sel=4 cap=3742 rest=498] sg=2->2 mode=NONE win=8 obs=28 | cap=wip act=(320,360) d=4.49 a=1 | preview=view-/6 yaw=+0 render=37ms | sp=preview:active d=4.5 age=16 dtg=6.39 region=1_4
ep=150 s=28 1898ms [sel=5 cap=1783 rest=110] sg=2->2 mode=NONE win=8 obs=29 | cap=wip act=(320,360) d=4.43 a=1 | sp=preview:active d=4.4 age=17 dtg=6.14 region=1_4
ep=150 s=29 3537ms [sel=5 cap=3424 rest=108] sg=2->2 mode=NONE win=8 obs=30 | cap=wip act=(320,360) d=4.38 a=1 | sp=preview:active d=4.4 age=18 dtg=5.89 region=1_4
ep=150 s=30 1742ms [sel=4 cap=1635 rest=103] sg=2->2 mode=NONE win=8 obs=31 | cap=wip act=(320,360) d=4.35 a=1 | sp=preview:active d=4.4 age=19 dtg=5.64 region=1_4
ep=150 s=31 4650ms [sel=1769 cap=2779 rest=102] sg=2->2 mode=NONE win=8 obs=32 | cap=wip act=(320,360) d=2.92 a=1 | sp=som:active d=2.9 age=0 som=5/8 dtg=5.40 region=1_4
ep=150 s=32 1890ms [sel=3 cap=1787 rest=100] sg=2->2 mode=NONE win=8 obs=33 | cap=wip act=(320,360) d=2.68 a=1 | sp=som:active d=2.7 age=1 dtg=5.15 region=1_4
ep=150 s=33 5525ms [sel=3 cap=4989 rest=497] sg=2->2 mode=NONE win=8 obs=34 | cap=wip act=(320,360) d=2.45 a=1 | preview=view-/6 yaw=+0 render=36ms | sp=som:active d=2.4 age=2 dtg=4.90 region=1_4
ep=150 s=34 3907ms [sel=0 cap=3801 rest=106] sg=2->3 mode=NONE win=8 obs=35 | cap=DONE act=TURN request=+45deg execute=+15deg x1 a=3 | sp=som:active d=2.2 age=3 dtg=4.90 region=1_4
ep=150 s=35 1611ms [sel=0 cap=1505 rest=106] sg=3->3 mode=NONE win=8 obs=36 | cap=wip act=TURN request=+45deg execute=+15deg x1 a=3 dtg=4.90 region=1_4
ep=150 s=36 2271ms [sel=0 cap=2158 rest=113] sg=3->3 mode=NONE win=8 obs=37 | cap=wip act=TURN request=+45deg execute=+15deg x1 a=3 dtg=4.90 region=1_4
ep=150 s=37 2521ms [sel=0 cap=2379 rest=143] sg=3->3 mode=NONE win=8 obs=38 | cap=wip act=TURN request=+45deg execute=+15deg x1 a=3 dtg=4.90 region=1_4
ep=150 s=38 1953ms [sel=0 cap=1842 rest=111] sg=3->3 mode=NONE win=8 obs=39 | cap=wip act=TURN request=+45deg execute=+15deg x1 a=3 dtg=4.90 region=1_4
ep=150 s=39 7830ms [sel=1420 cap=6300 rest=109] sg=3->3 mode=NONE win=8 obs=40 | cap=wip act=(320,360) d=2.20 a=2 | sp=som:active d=2.2 age=0 som=1/8 dtg=4.90 region=1_4
ep=150 s=40 4603ms [sel=3 cap=4487 rest=113] sg=3->3 mode=NONE win=8 obs=41 | cap=wip act=(320,360) d=2.20 a=1 | sp=som:active d=2.2 age=1 dtg=4.76 region=1_4
ep=150 s=41 4349ms [sel=3 cap=4238 rest=108] sg=3->3 mode=NONE win=8 obs=42 | cap=wip act=(320,360) d=1.95 a=1 | sp=som:active d=1.9 age=2 dtg=4.63 region=1_4
ep=150 s=42 4996ms [sel=4 cap=4442 rest=515] sg=3->3 mode=NONE win=8 obs=43 | cap=wip act=(320,360) d=1.70 a=1 | preview=view-/6 yaw=+0 render=35ms | sp=som:active d=1.7 age=3 dtg=4.50 region=1_4
ep=150 s=43 3436ms [sel=3 cap=3331 rest=102] sg=3->3 mode=GET_NOWHERE win=8 obs=44 | cap=wip/GET_NOWHERE act=(320,360) d=1.45 a=1 | sp=som:active d=1.4 age=4 dtg=4.39 region=1_4
ep=150 s=44 5423ms [sel=3 cap=5314 rest=106] sg=3->3 mode=NONE win=8 obs=45 | cap=wip act=(320,360) d=1.20 a=1 | sp=som:active d=1.2 age=5 dtg=4.29 region=1_4
ep=150 s=45 4441ms [sel=4 cap=4335 rest=102] sg=3->3 mode=NONE win=8 obs=46 | cap=wip act=(320,360) d=0.95 a=1 | sp=som:active d=0.9 age=6 dtg=4.21 region=1_4
ep=150 s=46 1975ms [sel=3 cap=1875 rest=97] sg=3->3 mode=NONE win=8 obs=47 | cap=wip act=(320,360) d=0.70 a=1 | sp=som:active d=0.7 age=7 dtg=4.18 region=1_4
ep=150 s=47 6003ms [sel=2132 cap=3773 rest=97] sg=3->3 mode=NONE win=8 obs=48 | cap=wip act=(320,360) d=3.76 a=2 | sp=som:active d=3.8 age=0 som=1/8 dtg=4.18 region=1_4
ep=150 s=48 4724ms [sel=19 cap=4609 rest=97] sg=3->3 mode=NONE win=8 obs=49 | cap=wip act=(320,360) d=3.76 a=2 | sp=som:active d=3.8 age=1 dtg=4.18 region=1_4
ep=150 s=49 4891ms [sel=16 cap=4787 rest=88] sg=3->3 mode=NONE win=8 obs=50 | cap=wip act=(320,360) d=3.76 a=2 | sp=som:active d=3.8 age=2 dtg=4.18 region=1_4
ep=150 s=50 3660ms [sel=14 cap=3553 rest=93] sg=3->3 mode=NONE win=8 obs=51 | cap=wip act=(320,360) d=3.76 a=2 | sp=som:active d=3.8 age=3 dtg=4.18 region=1_4
ep=150 s=51 1619ms [sel=12 cap=1521 rest=86] sg=3->3 mode=NONE win=8 obs=52 | cap=wip act=(320,360) d=3.76 a=2 | sp=som:active d=3.8 age=4 dtg=4.18 region=1_4
ep=150 s=52 4595ms [sel=8 cap=4495 rest=92] sg=3->3 mode=NONE win=8 obs=53 | cap=wip act=(320,360) d=3.76 a=2 | sp=som:active d=3.8 age=5 dtg=4.18 region=1_4
ep=150 s=53 2139ms [sel=5 cap=2034 rest=99] sg=3->3 mode=NONE win=8 obs=54 | cap=wip act=(320,360) d=3.76 a=2 | sp=som:active d=3.8 age=6 dtg=4.18 region=1_4
ep=150 s=54 6103ms [sel=7 cap=5991 rest=104] sg=3->3 mode=NONE win=8 obs=55 | cap=wip act=(320,360) d=3.76 a=2 | sp=som:active d=3.8 age=7 dtg=4.18 region=1_4
ep=150 s=55 7469ms [sel=9 cap=7343 rest=117] sg=3->3 mode=NONE win=8 obs=56 | cap=wip act=(320,360) d=3.76 a=1 | sp=som:active d=3.8 age=8 dtg=3.97 region=1_4
ep=150 s=56 5902ms [sel=10 cap=5769 rest=123] sg=3->3 mode=NONE win=8 obs=57 | cap=wip act=(320,360) d=3.91 a=1 | sp=som:active d=3.9 age=9 dtg=3.80 region=1_4
ep=150 s=57 3557ms [sel=10 cap=3431 rest=115] sg=3->3 mode=NONE win=8 obs=58 | cap=wip act=(320,360) d=4.07 a=3 | sp=som:active d=4.1 age=10 dtg=3.80 region=1_4
ep=150 s=58 7869ms [sel=9 cap=7742 rest=117] sg=3->3 mode=NONE win=8 obs=59 | cap=wip act=(320,360) d=4.07 a=1 | sp=som:active d=4.1 age=11 dtg=3.60 region=1_4
ep=150 s=59 4757ms [sel=17 cap=4622 rest=118] sg=3->3 mode=NONE win=8 obs=60 | cap=wip act=(320,360) d=4.18 a=3 | sp=som:active d=4.2 age=12 dtg=3.60 region=1_4
ep=150 s=60 5760ms [sel=23 cap=5136 rest=566] sg=3->3 mode=NONE win=8 obs=61 | cap=wip act=(160,180) d=2.62 a=2 | preview=view0/6 yaw=-105 render=36ms | sp=preview:active d=2.6 age=0 dtg=3.60 region=1_4
ep=150 s=61 5152ms [sel=5 cap=5036 rest=111] sg=3->3 mode=NONE win=8 obs=62 | cap=wip act=(320,360) d=2.62 a=2 | sp=preview:active d=2.6 age=1 dtg=3.60 region=1_4
ep=150 s=62 3221ms [sel=4 cap=3100 rest=117] sg=3->3 mode=NONE win=8 obs=63 | cap=wip act=(320,360) d=2.62 a=1 | sp=preview:active d=2.6 age=2 dtg=3.46 region=1_4
ep=150 s=63 2771ms [sel=3 cap=2659 rest=109] sg=3->3 mode=NONE win=8 obs=64 | cap=wip act=(320,360) d=2.37 a=1 | sp=preview:active d=2.4 age=3 dtg=3.32 region=1_4
ep=150 s=64 4560ms [sel=3 cap=4447 rest=110] sg=3->3 mode=NONE win=8 obs=65 | cap=wip act=(320,360) d=2.13 a=1 | sp=preview:active d=2.1 age=4 dtg=3.21 region=None
ep=150 s=65 4000ms [sel=3 cap=3894 rest=103] sg=3->3 mode=NONE win=8 obs=66 | cap=wip act=(320,360) d=1.89 a=1 | sp=preview:active d=1.9 age=5 dtg=3.10 region=1_16
ep=150 s=66 4927ms [sel=4 cap=4821 rest=102] sg=3->3 mode=NONE win=8 obs=67 | cap=wip act=(320,360) d=1.65 a=1 | sp=preview:active d=1.6 age=6 dtg=3.02 region=1_16
ep=150 s=67 4699ms [sel=6 cap=4587 rest=106] sg=3->3 mode=NONE win=8 obs=68 | cap=wip act=(320,360) d=1.41 a=3 | sp=preview:active d=1.4 age=7 dtg=3.02 region=1_16
ep=150 s=68 3624ms [sel=3 cap=3509 rest=112] sg=3->3 mode=NONE win=8 obs=69 | cap=wip act=(320,360) d=1.41 a=1 | sp=preview:active d=1.4 age=8 dtg=2.89 region=1_16
ep=150 s=69 4438ms [sel=5 cap=4320 rest=112] sg=3->3 mode=NONE win=8 obs=70 | cap=wip act=(320,360) d=1.22 a=1 | sp=preview:active d=1.2 age=9 dtg=2.80 region=1_16
ep=150 s=70 2553ms [sel=3 cap=2443 rest=108] sg=3->3 mode=NONE win=8 obs=71 | cap=wip act=(320,360) d=1.05 a=2 | sp=preview:active d=1.0 age=10 dtg=2.80 region=1_16
ep=150 s=71 5042ms [sel=3 cap=4926 rest=112] sg=3->3 mode=NONE win=8 obs=72 | cap=wip act=(320,360) d=1.05 a=1 | sp=preview:active d=1.0 age=11 dtg=2.79 region=1_16
ep=150 s=72 2568ms [sel=3 cap=2457 rest=108] sg=3->3 mode=NONE win=8 obs=73 | cap=wip act=(320,360) d=0.86 a=2 | sp=preview:active d=0.9 age=12 dtg=2.79 region=1_16
ep=150 s=73 2797ms [sel=5 cap=2679 rest=112] sg=3->3 mode=NONE win=8 obs=74 | cap=wip act=(320,360) d=0.86 a=1 | sp=preview:active d=0.9 age=13 dtg=2.89 region=1_16
ep=150 s=74 5332ms [sel=4 cap=5217 rest=111] sg=3->3 mode=NONE win=8 obs=75 | cap=wip act=(320,360) d=0.66 a=1 | sp=preview:active d=0.7 age=14 dtg=3.00 region=1_16
ep=150 s=75 3029ms [sel=3 cap=2928 rest=98] sg=3->3 mode=NONE win=8 obs=76 | cap=wip act=(320,360) d=0.51 a=1 | sp=preview:active d=0.5 age=15 dtg=3.14 region=1_16
ep=150 s=76 2620ms [sel=987 cap=1533 rest=100] sg=3->3 mode=NONE win=8 obs=77 | cap=wip act=(320,360) d=2.71 a=1 | sp=som:active d=2.7 age=0 som=3/8 dtg=3.30 region=1_16
ep=150 s=77 3144ms [sel=3 cap=3030 rest=111] sg=3->3 mode=NONE win=8 obs=78 | cap=wip act=(320,360) d=2.47 a=1 | sp=som:active d=2.5 age=1 dtg=3.48 region=1_16
ep=150 s=78 2990ms [sel=3 cap=2875 rest=113] sg=3->3 mode=NONE win=8 obs=79 | cap=wip act=(320,360) d=2.22 a=1 | sp=som:active d=2.2 age=2 dtg=3.68 region=1_16
ep=150 s=79 6001ms [sel=4 cap=5890 rest=107] sg=3->3 mode=NONE win=8 obs=80 | cap=wip act=(320,360) d=1.97 a=1 | sp=som:active d=2.0 age=3 dtg=3.92 region=1_16
ep=150 s=80 5879ms [sel=3 cap=5770 rest=106] sg=3->3 mode=NONE win=8 obs=81 | cap=wip act=(320,360) d=1.73 a=3 | sp=som:active d=1.7 age=4 dtg=3.92 region=1_16
ep=150 s=81 6997ms [sel=17 cap=6483 rest=459] sg=3->3 mode=NONE win=8 obs=82 | cap=wip act=(160,180) d=2.72 a=1 | preview=view2/6 yaw=-15 render=38ms | sp=preview:active d=2.7 age=0 dtg=4.14 region=1_16
ep=150 s=82 3228ms [sel=3 cap=3119 rest=106] sg=3->3 mode=NONE win=8 obs=83 | cap=wip act=(320,360) d=2.49 a=3 | sp=preview:active d=2.5 age=1 dtg=4.14 region=1_16
ep=150 s=83 4185ms [sel=3 cap=4071 rest=111] sg=3->3 mode=NONE win=8 obs=84 | cap=wip act=(320,360) d=2.49 a=1 | sp=preview:active d=2.5 age=2 dtg=4.36 region=1_16
ep=150 s=84 4724ms [sel=3 cap=4610 rest=111] sg=3->3 mode=NONE win=8 obs=85 | cap=wip act=(320,360) d=2.24 a=1 | sp=preview:active d=2.2 age=3 dtg=4.59 region=1_16
ep=150 s=85 3241ms [sel=4 cap=3129 rest=109] sg=3->3 mode=NONE win=8 obs=86 | cap=wip act=(320,360) d=1.99 a=1 | sp=preview:active d=2.0 age=4 dtg=4.82 region=1_16
ep=150 s=86 2913ms [sel=4 cap=2800 rest=109] sg=3->3 mode=NONE win=8 obs=87 | cap=wip act=(320,360) d=1.74 a=1 | sp=preview:active d=1.7 age=5 dtg=5.06 region=1_16
ep=150 s=87 7245ms [sel=4 cap=7130 rest=111] sg=3->3 mode=NONE win=8 obs=88 | cap=wip act=(320,360) d=1.50 a=1 | sp=preview:active d=1.5 age=6 dtg=5.31 region=1_17
ep=150 s=88 2158ms [sel=3 cap=2047 rest=108] sg=3->3 mode=NONE win=8 obs=89 | cap=wip act=(320,360) d=1.26 a=1 | sp=preview:active d=1.3 age=7 dtg=5.56 region=1_17
ep=150 s=89 5210ms [sel=4 cap=5102 rest=104] sg=3->3 mode=NONE win=8 obs=90 | cap=wip act=(320,360) d=1.02 a=1 | sp=preview:active d=1.0 age=8 dtg=5.80 region=1_17
ep=150 s=90 4285ms [sel=4 cap=4174 rest=107] sg=3->3 mode=NONE win=8 obs=91 | cap=wip act=(320,360) d=0.78 a=3 | sp=preview:active d=0.8 age=9 dtg=5.80 region=1_17
ep=150 s=91 4121ms [sel=3 cap=4007 rest=111] sg=3->3 mode=NONE win=8 obs=92 | cap=wip act=(320,360) d=0.78 a=1 | sp=preview:active d=0.8 age=10 dtg=6.03 region=1_17
ep=150 s=92 4935ms [sel=4 cap=4820 rest=111] sg=3->3 mode=NONE win=8 obs=93 | cap=wip act=(320,360) d=0.54 a=1 | sp=preview:active d=0.5 age=11 dtg=6.27 region=1_17
ep=150 s=93 3957ms [sel=607 cap=3254 rest=96] sg=3->3 mode=NONE win=8 obs=94 | cap=wip act=(320,360) d=0.90 a=3 | sp=som:active d=0.9 age=0 som=1/7 dtg=6.27 region=1_17
ep=150 s=94 3632ms [sel=4 cap=3525 rest=103] sg=3->3 mode=NONE win=8 obs=95 | cap=wip act=(320,360) d=0.90 a=1 | sp=som:active d=0.9 age=1 dtg=6.48 region=1_17
ep=150 s=95 5130ms [sel=4 cap=5018 rest=108] sg=3->3 mode=NONE win=8 obs=96 | cap=wip act=(320,360) d=0.67 a=3 | sp=som:active d=0.7 age=2 dtg=6.48 region=1_17
ep=150 s=96 3493ms [sel=3 cap=3381 rest=109] sg=3->3 mode=NONE win=8 obs=97 | cap=wip act=(320,360) d=0.67 a=1 | sp=som:active d=0.7 age=3 dtg=6.66 region=1_17
ep=150 s=97 6031ms [sel=2362 cap=3549 rest=120] sg=3->3 mode=NONE win=8 obs=98 | cap=wip act=(320,360) d=3.03 a=1 | sp=som:active d=3.0 age=0 som=2/7 dtg=6.85 region=1_17
ep=150 s=98 5519ms [sel=3 cap=5404 rest=113] sg=3->3 mode=NONE win=8 obs=99 | cap=wip act=(320,360) d=2.78 a=3 | sp=som:active d=2.8 age=1 dtg=6.85 region=1_17
ep=150 s=99 2979ms [sel=3 cap=2864 rest=112] sg=3->3 mode=NONE win=8 obs=100 | cap=wip act=(320,360) d=2.78 a=1 | sp=som:active d=2.8 age=2 dtg=7.01 region=1_17
ep=150 s=100 1946ms [sel=4 cap=1831 rest=112] sg=3->3 mode=NONE win=8 obs=101 | cap=wip act=(320,360) d=2.53 a=1 | sp=som:active d=2.5 age=3 dtg=7.17 region=1_17
ep=150 s=101 3424ms [sel=4 cap=3303 rest=118] sg=3->3 mode=NONE win=8 obs=102 | cap=wip act=(320,360) d=2.28 a=1 | sp=som:active d=2.3 age=4 dtg=7.35 region=1_17
ep=150 s=102 5135ms [sel=1455 cap=3569 rest=111] sg=3->3 mode=NONE win=8 obs=103 | cap=wip act=(320,360) d=2.97 a=1 | sp=som:active d=3.0 age=0 som=3/8 dtg=7.53 region=1_17
ep=150 s=103 2447ms [sel=4 cap=2331 rest=112] sg=3->3 mode=NONE win=8 obs=104 | cap=wip act=(320,360) d=2.72 a=1 | sp=som:active d=2.7 age=1 dtg=7.73 region=1_17
ep=150 s=104 3082ms [sel=4 cap=2964 rest=114] sg=3->3 mode=NONE win=8 obs=105 | cap=wip act=(320,360) d=2.47 a=1 | sp=som:active d=2.5 age=2 dtg=7.92 region=1_17
ep=150 s=105 2165ms [sel=4 cap=2035 rest=126] sg=3->3 mode=NONE win=8 obs=106 | cap=wip act=(320,360) d=2.22 a=1 | sp=som:active d=2.2 age=3 dtg=8.13 region=1_17
ep=150 s=106 5931ms [sel=3 cap=5801 rest=128] sg=3->3 mode=NONE win=8 obs=107 | cap=wip act=(320,360) d=1.97 a=2 | sp=som:active d=2.0 age=4 dtg=8.13 region=1_17
ep=150 s=107 5158ms [sel=3 cap=5050 rest=104] sg=3->3 mode=NONE win=8 obs=108 | cap=wip act=(320,360) d=1.97 a=1 | sp=som:active d=2.0 age=5 dtg=8.37 region=1_17
ep=150 s=108 3036ms [sel=3 cap=2931 rest=102] sg=3->3 mode=NONE win=8 obs=109 | cap=wip act=(320,360) d=1.73 a=1 | sp=som:active d=1.7 age=6 dtg=8.61 region=1_17
ep=150 s=109 6395ms [sel=3 cap=6298 rest=94] sg=3->3 mode=NONE win=8 obs=110 | cap=wip act=(320,360) d=1.48 a=1 | sp=som:active d=1.5 age=7 dtg=8.85 region=1_17
ep=150 s=110 3771ms [sel=3 cap=3672 rest=96] sg=3->3 mode=NONE win=8 obs=111 | cap=wip act=(320,360) d=1.23 a=1 | sp=som:active d=1.2 age=8 dtg=9.09 region=1_17
ep=150 s=111 4356ms [sel=5 cap=4251 rest=101] sg=3->3 mode=NONE win=8 obs=112 | cap=wip act=(320,360) d=0.98 a=1 | sp=som:active d=1.0 age=9 dtg=9.33 region=1_17
ep=150 s=112 4058ms [sel=3 cap=3951 rest=104] sg=3->3 mode=NONE win=8 obs=113 | cap=wip act=(320,360) d=0.74 a=1 | sp=som:active d=0.7 age=10 dtg=9.58 region=1_17
ep=150 s=113 4237ms [sel=5 cap=4136 rest=97] sg=3->3 mode=NONE win=8 obs=114 | cap=wip act=(320,360) d=0.50 a=3 | sp=som:active d=0.5 age=11 dtg=9.58 region=1_17
ep=150 s=114 3514ms [sel=3 cap=3413 rest=98] sg=3->3 mode=NONE win=8 obs=115 | cap=wip act=(320,360) d=0.50 a=1 | sp=som:active d=0.5 age=12 dtg=9.80 region=1_17
ep=150 s=115 4629ms [sel=1221 cap=3308 rest=100] sg=3->3 mode=NONE win=8 obs=116 | cap=wip act=(320,360) d=2.94 a=1 | sp=som:active d=2.9 age=0 som=3/8 dtg=10.02 region=1_17
ep=150 s=116 3048ms [sel=3 cap=2942 rest=103] sg=3->3 mode=NONE win=8 obs=117 | cap=wip act=(320,360) d=2.70 a=1 | sp=som:active d=2.7 age=1 dtg=10.25 region=1_17
ep=150 s=117 3683ms [sel=4 cap=3555 rest=124] sg=3->3 mode=NONE win=8 obs=118 | cap=wip act=(320,360) d=2.45 a=1 | sp=som:active d=2.4 age=2 dtg=10.48 region=1_17
ep=150 s=118 6233ms [sel=3 cap=6105 rest=125] sg=3->3 mode=NONE win=8 obs=119 | cap=wip act=(320,360) d=2.20 a=1 | sp=som:active d=2.2 age=3 dtg=10.72 region=1_17
ep=150 s=119 6094ms [sel=4 cap=5990 rest=101] sg=3->3 mode=NONE win=8 obs=120 | cap=wip act=(320,360) d=1.96 a=2 | sp=som:active d=2.0 age=4 dtg=10.72 region=1_17
ep=150 s=120 4238ms [sel=3 cap=4138 rest=97] sg=3->3 mode=NONE win=8 obs=121 | cap=wip act=(320,360) d=1.96 a=1 | sp=som:active d=2.0 age=5 dtg=10.97 region=1_27
ep=150 s=121 4891ms [sel=3 cap=4790 rest=98] sg=3->3 mode=NONE win=8 obs=122 | cap=wip act=(320,360) d=1.71 a=1 | sp=som:active d=1.7 age=6 dtg=11.22 region=1_27
ep=150 s=122 6415ms [sel=4 cap=6316 rest=95] sg=3->3 mode=NONE win=8 obs=123 | cap=wip act=(320,360) d=1.46 a=1 | sp=som:active d=1.5 age=7 dtg=11.47 region=1_27
ep=150 s=123 7509ms [sel=4 cap=7413 rest=92] sg=3->3 mode=NONE win=8 obs=124 | cap=wip act=(320,360) d=1.21 a=1 | sp=som:active d=1.2 age=8 dtg=11.72 region=1_27
ep=150 s=124 6670ms [sel=3 cap=6571 rest=96] sg=3->3 mode=NONE win=8 obs=125 | cap=wip act=(320,360) d=0.96 a=1 | sp=som:active d=1.0 age=9 dtg=11.97 region=1_27
ep=150 s=125 3149ms [sel=3 cap=3046 rest=99] sg=3->3 mode=NONE win=8 obs=126 | cap=wip act=(320,360) d=0.71 a=1 | sp=som:active d=0.7 age=10 dtg=12.22 region=1_27
ep=150 s=126 4200ms [sel=970 cap=3126 rest=104] sg=3->3 mode=NONE win=8 obs=127 | cap=wip act=(320,360) d=2.97 a=1 | sp=som:active d=3.0 age=0 som=3/8 dtg=12.46 region=1_27
ep=150 s=127 5315ms [sel=3 cap=5207 rest=105] sg=3->3 mode=NONE win=8 obs=128 | cap=wip act=(320,360) d=2.72 a=1 | sp=som:active d=2.7 age=1 dtg=12.71 region=1_27
ep=150 s=128 2939ms [sel=3 cap=2790 rest=146] sg=3->3 mode=NONE win=8 obs=129 | cap=wip act=(320,360) d=2.47 a=1 | sp=som:active d=2.5 age=2 dtg=12.96 region=1_27
ep=150 s=129 4404ms [sel=3 cap=4280 rest=121] sg=3->3 mode=NONE win=8 obs=130 | cap=wip act=(320,360) d=2.22 a=1 | sp=som:active d=2.2 age=3 dtg=13.21 region=None
ep=150 s=130 4875ms [sel=4 cap=4742 rest=129] sg=3->3 mode=NONE win=8 obs=131 | cap=wip act=(320,360) d=1.97 a=1 | sp=som:active d=2.0 age=4 dtg=13.46 region=1_29
ep=150 s=131 3219ms [sel=3 cap=3091 rest=125] sg=3->3 mode=NONE win=8 obs=132 | cap=wip act=(320,360) d=1.73 a=1 | sp=som:active d=1.7 age=5 dtg=13.71 region=1_29
ep=150 s=132 4000ms [sel=4 cap=3883 rest=114] sg=3->3 mode=NONE win=8 obs=133 | cap=wip act=(320,360) d=1.48 a=1 | sp=som:active d=1.5 age=6 dtg=13.96 region=1_29
ep=150 s=133 6121ms [sel=4 cap=6004 rest=113] sg=3->3 mode=NONE win=8 obs=134 | cap=wip act=(320,360) d=1.23 a=1 | sp=som:active d=1.2 age=7 dtg=14.21 region=1_29
ep=150 s=134 4516ms [sel=3 cap=4401 rest=112] sg=3->3 mode=NONE win=8 obs=135 | cap=wip act=(320,360) d=0.99 a=1 | sp=som:active d=1.0 age=8 dtg=14.46 region=1_29
ep=150 s=135 7891ms [sel=3 cap=7740 rest=148] sg=3->3 mode=NONE win=8 obs=136 | cap=wip act=(320,360) d=0.75 a=2 | sp=som:active d=0.7 age=9 dtg=14.46 region=1_29
ep=150 s=136 5103ms [sel=3 cap=4991 rest=109] sg=3->3 mode=NONE win=8 obs=137 | cap=wip act=(320,360) d=0.75 a=1 | sp=som:active d=0.7 age=10 dtg=14.71 region=1_29
ep=150 s=137 8945ms [sel=4 cap=8830 rest=111] sg=3->3 mode=NONE win=8 obs=138 | cap=wip act=(320,360) d=0.50 a=1 | sp=som:active d=0.5 age=11 dtg=14.95 region=1_29
ep=150 s=138 3434ms [sel=1126 cap=2193 rest=115] sg=3->3 mode=NONE win=8 obs=139 | cap=wip act=(320,360) d=2.28 a=1 | sp=som:active d=2.3 age=0 som=1/8 dtg=15.20 region=1_29
ep=150 s=139 4466ms [sel=4 cap=4343 rest=120] sg=3->3 mode=NONE win=8 obs=140 | cap=wip act=(320,360) d=2.03 a=2 | sp=som:active d=2.0 age=1 dtg=15.20 region=1_29
ep=150 s=140 4206ms [sel=5 cap=4082 rest=120] sg=3->3 mode=NONE win=8 obs=141 | cap=wip act=(320,360) d=2.03 a=1 | sp=som:active d=2.0 age=2 dtg=15.42 region=1_29
ep=150 s=141 9601ms [sel=4 cap=9475 rest=123] sg=3->3 mode=NONE win=8 obs=142 | cap=wip act=(320,360) d=1.78 a=3 | sp=som:active d=1.8 age=3 dtg=15.42 region=1_29
ep=150 s=142 3267ms [sel=3 cap=3140 rest=123] sg=3->3 mode=NONE win=8 obs=143 | cap=wip act=(320,360) d=1.78 a=1 | sp=som:active d=1.8 age=4 dtg=15.67 region=1_29
ep=150 s=143 5710ms [sel=3 cap=5584 rest=123] sg=3->3 mode=NONE win=8 obs=144 | cap=wip act=(320,360) d=1.53 a=1 | sp=som:active d=1.5 age=5 dtg=15.91 region=1_29
ep=150 s=144 2640ms [sel=3 cap=2507 rest=131] sg=3->3 mode=NONE win=8 obs=145 | cap=wip act=(320,360) d=1.28 a=1 | sp=som:active d=1.3 age=6 dtg=16.16 region=1_29
ep=150 s=145 8434ms [sel=4 cap=8299 rest=131] sg=3->3 mode=NONE win=8 obs=146 | cap=wip act=(320,360) d=1.04 a=1 | sp=som:active d=1.0 age=7 dtg=16.40 region=1_29
ep=150 s=146 3428ms [sel=3 cap=3299 rest=126] sg=3->3 mode=NONE win=8 obs=147 | cap=wip act=(320,360) d=0.79 a=1 | sp=som:active d=0.8 age=8 dtg=16.65 region=1_29
ep=150 s=147 3413ms [sel=3 cap=3287 rest=123] sg=3->3 mode=NONE win=8 obs=148 | cap=wip act=(320,360) d=0.55 a=1 | sp=som:active d=0.5 age=9 dtg=16.90 region=1_29
ep=150 s=148 8483ms [sel=1286 cap=7074 rest=122] sg=3->3 mode=NONE win=8 obs=149 | cap=wip act=(320,360) d=3.05 a=3 | sp=som:active d=3.1 age=0 som=3/8 dtg=16.90 region=1_29
ep=150 s=149 2105ms [sel=5 cap=1960 rest=140] sg=3->3 mode=NONE win=8 obs=150 | cap=wip act=(320,360) d=3.05 a=3 | sp=som:active d=3.1 age=1 dtg=16.90 region=1_29
ep=150 s=150 3993ms [sel=4 cap=3859 rest=129] sg=3->3 mode=NONE win=8 obs=151 | cap=wip act=(320,360) d=3.05 a=1 | sp=som:active d=3.1 age=2 dtg=17.13 region=1_29
ep=150 s=151 7531ms [sel=1211 cap=6190 rest=130] sg=3->3 mode=NONE win=8 obs=152 | cap=wip act=(320,360) d=2.78 a=1 | sp=som:active d=2.8 age=0 som=2/8 dtg=17.37 region=1_29
ep=150 s=152 7858ms [sel=4 cap=7719 rest=135] sg=3->3 mode=NONE win=8 obs=153 | cap=wip act=(320,360) d=2.54 a=1 | sp=som:active d=2.5 age=1 dtg=17.60 region=1_29
ep=150 s=153 6483ms [sel=4 cap=6340 rest=139] sg=3->3 mode=NONE win=8 obs=154 | cap=wip act=(320,360) d=2.30 a=1 | sp=som:active d=2.3 age=2 dtg=17.84 region=1_29
ep=150 s=154 4834ms [sel=3 cap=4694 rest=136] sg=3->3 mode=NONE win=8 obs=155 | cap=wip act=(320,360) d=2.05 a=1 | sp=som:active d=2.1 age=3 dtg=18.07 region=1_26
ep=150 s=155 4307ms [sel=3 cap=4174 rest=130] sg=3->3 mode=NONE win=8 obs=156 | cap=wip act=(320,360) d=1.81 a=2 | sp=som:active d=1.8 age=4 dtg=18.07 region=1_26
ep=150 s=156 8078ms [sel=3 cap=7941 rest=134] sg=3->3 mode=NONE win=8 obs=157 | cap=wip act=(320,360) d=1.81 a=1 | sp=som:active d=1.8 age=5 dtg=18.32 region=1_26
ep=150 s=157 6963ms [sel=3 cap=6803 rest=157] sg=3->3 mode=NONE win=8 obs=158 | cap=wip act=(320,360) d=1.56 a=1 | sp=som:active d=1.6 age=6 dtg=18.57 region=1_26
ep=150 s=158 2400ms [sel=3 cap=2268 rest=129] sg=3->3 mode=NONE win=8 obs=159 | cap=wip act=(320,360) d=1.31 a=1 | sp=som:active d=1.3 age=7 dtg=18.82 region=1_26
ep=150 s=159 7486ms [sel=3 cap=7358 rest=125] sg=3->3 mode=NONE win=8 obs=160 | cap=wip act=(320,360) d=1.06 a=1 | sp=som:active d=1.1 age=8 dtg=19.07 region=1_26
ep=150 s=160 3392ms [sel=4 cap=3262 rest=125] sg=3->3 mode=NONE win=8 obs=161 | cap=wip act=(320,360) d=0.81 a=1 | sp=som:active d=0.8 age=9 dtg=19.32 region=1_26
ep=150 s=161 4986ms [sel=4 cap=4858 rest=124] sg=3->3 mode=NONE win=8 obs=162 | cap=wip act=(320,360) d=0.56 a=1 | sp=som:active d=0.6 age=10 dtg=19.57 region=1_26
ep=150 s=162 4928ms [sel=1030 cap=3769 rest=129] sg=3->3 mode=NONE win=8 obs=163 | cap=wip act=(320,360) d=0.89 a=2 | sp=som:active d=0.9 age=0 som=3/7 dtg=19.57 region=1_26
ep=150 s=163 3636ms [sel=4 cap=3502 rest=130] sg=3->3 mode=NONE win=8 obs=164 | cap=wip act=(320,360) d=0.89 a=1 | sp=som:active d=0.9 age=1 dtg=19.82 region=1_26
ep=150 s=164 2806ms [sel=4 cap=2670 rest=132] sg=3->3 mode=NONE win=8 obs=165 | cap=wip act=(320,360) d=0.64 a=1 | sp=som:active d=0.6 age=2 dtg=20.06 region=1_26
ep=150 s=165 5660ms [sel=638 cap=4897 rest=126] sg=3->3 mode=NONE win=8 obs=166 | cap=wip act=(320,360) d=2.55 a=2 | sp=som:active d=2.6 age=0 som=3/8 dtg=20.06 region=1_26
ep=150 s=166 3756ms [sel=4 cap=3603 rest=149] sg=3->3 mode=NONE win=8 obs=167 | cap=wip act=(320,360) d=2.55 a=2 | sp=som:active d=2.6 age=1 dtg=20.06 region=1_26
ep=150 s=167 4436ms [sel=4 cap=4278 rest=154] sg=3->3 mode=NONE win=8 obs=168 | cap=wip act=(320,360) d=2.55 a=1 | sp=som:active d=2.6 age=2 dtg=20.25 region=1_26
ep=150 s=168 2600ms [sel=8 cap=2471 rest=121] sg=3->3 mode=NONE win=8 obs=169 | cap=wip act=(320,360) d=2.36 a=1 | sp=som:active d=2.4 age=3 dtg=20.44 region=1_26
ep=150 s=169 3922ms [sel=8 cap=3794 rest=120] sg=3->3 mode=NONE win=8 obs=170 | cap=wip act=(320,360) d=2.18 a=1 | sp=som:active d=2.2 age=4 dtg=20.64 region=1_26
ep=150 s=170 3126ms [sel=11 cap=2995 rest=119] sg=3->3 mode=NONE win=8 obs=171 | cap=wip act=(320,360) d=2.01 a=1 | sp=som:active d=2.0 age=5 dtg=20.86 region=1_26
ep=150 s=171 3367ms [sel=19 cap=3232 rest=117] sg=3->3 mode=NONE win=8 obs=172 | cap=wip act=(320,360) d=1.86 a=3 | sp=som:active d=1.9 age=6 dtg=20.86 region=1_26
ep=150 s=172 4950ms [sel=13 cap=4818 rest=119] sg=3->3 mode=NONE win=8 obs=173 | cap=wip act=(320,360) d=1.86 a=3 | sp=som:active d=1.9 age=7 dtg=20.86 region=1_26
ep=150 s=173 3960ms [sel=16 cap=3823 rest=122] sg=3->3 mode=NONE win=8 obs=174 | cap=wip act=(320,360) d=1.86 a=1 | sp=som:active d=1.9 age=8 dtg=21.11 region=1_26
ep=150 s=174 4347ms [sel=7 cap=4227 rest=113] sg=3->3 mode=NONE win=8 obs=175 | cap=wip act=(320,360) d=1.64 a=1 | sp=som:active d=1.6 age=9 dtg=21.36 region=1_26
ep=150 s=175 5963ms [sel=5 cap=5842 rest=117] sg=3->3 mode=NONE win=8 obs=176 | cap=wip act=(320,360) d=1.43 a=3 | sp=som:active d=1.4 age=10 dtg=21.36 region=1_26
ep=150 s=176 4861ms [sel=4 cap=4736 rest=120] sg=3->3 mode=NONE win=8 obs=177 | cap=wip act=(320,360) d=1.43 a=1 | sp=som:active d=1.4 age=11 dtg=21.60 region=1_26
ep=150 s=177 4337ms [sel=6 cap=4217 rest=114] sg=3->3 mode=NONE win=8 obs=178 | cap=wip act=(320,360) d=1.20 a=3 | sp=som:active d=1.2 age=12 dtg=21.60 region=1_26
ep=150 s=178 4118ms [sel=4 cap=3995 rest=119] sg=3->3 mode=NONE win=8 obs=179 | cap=wip act=(320,360) d=1.20 a=1 | sp=som:active d=1.2 age=13 dtg=21.82 region=1_26
ep=150 s=179 4912ms [sel=4 cap=4788 rest=121] sg=3->3 mode=NONE win=8 obs=180 | cap=wip act=(320,360) d=0.96 a=3 | sp=som:active d=1.0 age=14 dtg=21.82 region=1_26
ep=150 s=180 3497ms [sel=3 cap=3370 rest=124] sg=3->3 mode=NONE win=8 obs=181 | cap=wip act=(320,360) d=0.96 a=1 | sp=som:active d=1.0 age=15 dtg=22.03 region=1_26
ep=150 s=181 3254ms [sel=5 cap=3124 rest=125] sg=3->3 mode=NONE win=8 obs=182 | cap=wip act=(320,360) d=0.71 a=1 | sp=som:active d=0.7 age=16 dtg=22.25 region=1_26
ep=150 s=182 6019ms [sel=1136 cap=4761 rest=122] sg=3->3 mode=NONE win=8 obs=183 | cap=wip act=(320,360) d=0.93 a=1 | sp=som:active d=0.9 age=0 som=2/5 dtg=22.49 region=1_26
ep=150 s=183 6113ms [sel=3 cap=5989 rest=120] sg=3->3 mode=NONE win=8 obs=184 | cap=wip act=(320,360) d=0.69 a=3 | sp=som:active d=0.7 age=1 dtg=22.49 region=1_26
ep=150 s=184 7099ms [sel=61 cap=6525 rest=473] sg=3->3 mode=NONE win=8 obs=185 | cap=wip act=(160,180) d=4.04 a=3 | preview=view5/6 yaw=+165 render=39ms | sp=preview:active d=4.0 age=0 dtg=22.49 region=1_26
ep=150 s=185 1285ms [sel=38 cap=1137 rest=111] sg=3->3 mode=NONE win=8 obs=186 | cap=wip act=(320,360) d=4.04 a=3 | sp=preview:active d=4.0 age=1 dtg=22.49 region=1_26
ep=150 s=186 4172ms [sel=38 cap=4015 rest=118] sg=3->3 mode=NONE win=8 obs=187 | cap=wip act=(320,360) d=4.04 a=3 | sp=preview:active d=4.0 age=2 dtg=22.49 region=1_26
ep=150 s=187 5553ms [sel=42 cap=4991 rest=483] sg=3->3 mode=NONE win=8 obs=188 | cap=wip act=(160,180) d=2.94 a=3 | preview=view4/6 yaw=+75 render=36ms | sp=preview:active d=2.9 age=0 dtg=22.49 region=1_26
ep=150 s=188 4185ms [sel=31 cap=4028 rest=126] sg=3->3 mode=NONE win=8 obs=189 | cap=wip act=(320,360) d=2.94 a=3 | sp=preview:active d=2.9 age=1 dtg=22.49 region=1_26
ep=150 s=189 4330ms [sel=31 cap=4168 rest=131] sg=3->3 mode=NONE win=8 obs=190 | cap=wip act=(320,360) d=2.94 a=3 | sp=preview:active d=2.9 age=2 dtg=22.49 region=1_26
ep=150 s=190 3062ms [sel=27 cap=2870 rest=166] sg=3->3 mode=NONE win=8 obs=191 | cap=wip act=(320,360) d=2.94 a=3 | sp=preview:active d=2.9 age=3 dtg=22.49 region=1_26
ep=150 s=191 3525ms [sel=20 cap=3376 rest=128] sg=3->3 mode=NONE win=8 obs=192 | cap=wip act=(320,360) d=2.94 a=3 | sp=preview:active d=2.9 age=4 dtg=22.49 region=1_26
ep=150 s=192 3015ms [sel=10 cap=2882 rest=123] sg=3->3 mode=NONE win=8 obs=193 | cap=wip act=(320,360) d=2.94 a=3 | sp=preview:active d=2.9 age=5 dtg=22.49 region=1_26
ep=150 s=193 2164ms [sel=9 cap=2032 rest=123] sg=3->3 mode=NONE win=8 obs=194 | cap=wip act=(320,360) d=2.94 a=3 | sp=preview:active d=2.9 age=6 dtg=22.49 region=1_26
ep=150 s=194 4747ms [sel=9 cap=4612 rest=126] sg=3->3 mode=NONE win=8 obs=195 | cap=wip act=(320,360) d=2.94 a=1 | sp=preview:active d=2.9 age=7 dtg=22.24 region=1_26
ep=150 s=195 4414ms [sel=10 cap=4276 rest=128] sg=3->3 mode=NONE win=8 obs=196 | cap=wip act=(320,360) d=2.71 a=1 | sp=preview:active d=2.7 age=8 dtg=21.99 region=1_26
ep=150 s=196 1796ms [sel=10 cap=1656 rest=131] sg=3->3 mode=NONE win=8 obs=197 | cap=wip act=(320,360) d=2.49 a=3 | sp=preview:active d=2.5 age=9 dtg=21.99 region=1_26
ep=150 s=197 3879ms [sel=14 cap=3740 rest=125] sg=3->3 mode=NONE win=8 obs=198 | cap=wip act=(320,360) d=2.49 a=1 | sp=preview:active d=2.5 age=10 dtg=21.76 region=1_26
ep=150 s=198 5269ms [sel=18 cap=5126 rest=125] sg=3->3 mode=NONE win=8 obs=199 | cap=wip act=(320,360) d=2.32 a=1 | sp=preview:active d=2.3 age=11 dtg=21.56 region=1_26
ep=150 s=199 8181ms [sel=14 cap=8042 rest=125] sg=3->3 mode=NONE win=8 obs=200 | cap=wip act=(320,360) d=2.16 a=1 | sp=preview:active d=2.2 age=12 dtg=21.38 region=1_26
ep=150 s=200 3475ms [sel=12 cap=3342 rest=121] sg=3->3 mode=NONE win=8 obs=201 | cap=wip act=(320,360) d=2.02 a=2 | sp=preview:active d=2.0 age=13 dtg=21.38 region=1_26
ep=150 s=201 4272ms [sel=10 cap=4138 rest=123] sg=3->3 mode=NONE win=8 obs=202 | cap=wip act=(320,360) d=2.02 a=2 | sp=preview:active d=2.0 age=14 dtg=21.38 region=1_26
ep=150 s=202 5215ms [sel=3 cap=5087 rest=125] sg=3->3 mode=NONE win=8 obs=203 | cap=wip act=(320,360) d=2.02 a=1 | sp=preview:active d=2.0 age=15 dtg=21.15 region=1_26
ep=150 s=203 4727ms [sel=3 cap=4601 rest=123] sg=3->3 mode=NONE win=8 obs=204 | cap=wip act=(320,360) d=1.80 a=2 | sp=preview:active d=1.8 age=16 dtg=21.15 region=1_26
ep=150 s=204 4308ms [sel=4 cap=4180 rest=123] sg=3->3 mode=NONE win=8 obs=205 | cap=wip act=(320,360) d=1.80 a=1 | sp=preview:active d=1.8 age=17 dtg=20.90 region=1_26
ep=150 s=205 5410ms [sel=4 cap=5284 rest=122] sg=3->3 mode=NONE win=8 obs=206 | cap=wip act=(320,360) d=1.57 a=2 | sp=preview:active d=1.6 age=18 dtg=20.90 region=1_26
ep=150 s=206 6763ms [sel=4 cap=6633 rest=126] sg=3->3 mode=NONE win=8 obs=207 | cap=wip act=(320,360) d=1.57 a=1 | sp=preview:active d=1.6 age=19 dtg=20.65 region=1_26
ep=150 s=207 4639ms [sel=21 cap=4090 rest=490] sg=3->3 mode=NONE win=8 obs=208 | cap=wip act=(160,180) d=4.99 a=1 | preview=view4/6 yaw=+45 render=38ms | sp=preview:active d=5.0 age=0 dtg=20.41 region=1_26
ep=150 s=208 3562ms [sel=4 cap=3436 rest=121] sg=3->3 mode=NONE win=8 obs=209 | cap=wip act=(320,360) d=4.74 a=1 | sp=preview:active d=4.7 age=1 dtg=20.17 region=1_26
ep=150 s=209 2195ms [sel=4 cap=2066 rest=125] sg=3->3 mode=NONE win=8 obs=210 | cap=wip act=(320,360) d=4.50 a=3 | sp=preview:active d=4.5 age=2 dtg=20.17 region=1_26
ep=150 s=210 1687ms [sel=3 cap=1565 rest=119] sg=3->3 mode=NONE win=8 obs=211 | cap=wip act=(320,360) d=4.50 a=1 | sp=preview:active d=4.5 age=3 dtg=19.92 region=1_26
ep=150 s=211 3003ms [sel=3 cap=2881 rest=119] sg=3->3 mode=NONE win=8 obs=212 | cap=wip act=(320,360) d=4.25 a=1 | sp=preview:active d=4.3 age=4 dtg=19.67 region=1_26
ep=150 s=212 3473ms [sel=4 cap=3351 rest=119] sg=3->3 mode=NONE win=8 obs=213 | cap=wip act=(320,360) d=4.00 a=2 | sp=preview:active d=4.0 age=5 dtg=19.67 region=1_26
ep=150 s=213 3711ms [sel=4 cap=3578 rest=129] sg=3->3 mode=NONE win=8 obs=214 | cap=wip act=(320,360) d=4.00 a=1 | sp=preview:active d=4.0 age=6 dtg=19.44 region=1_26
ep=150 s=214 4203ms [sel=4 cap=4066 rest=133] sg=3->3 mode=NONE win=8 obs=215 | cap=wip act=(320,360) d=3.76 a=1 | sp=preview:active d=3.8 age=7 dtg=19.21 region=1_26
ep=150 s=215 5555ms [sel=4 cap=5424 rest=127] sg=3->3 mode=NONE win=8 obs=216 | cap=wip act=(320,360) d=3.52 a=1 | sp=preview:active d=3.5 age=8 dtg=18.99 region=1_26
ep=150 s=216 5690ms [sel=41 cap=5073 rest=541] sg=3->3 mode=NONE win=8 obs=217 | cap=wip act=(160,180) d=2.46 a=3 | preview=view0/6 yaw=-180 render=36ms | sp=preview:active d=2.5 age=0 dtg=18.99 region=1_26
ep=150 s=217 4208ms [sel=17 cap=4057 rest=135] sg=3->3 mode=NONE win=8 obs=218 | cap=wip act=(320,360) d=2.46 a=3 | sp=preview:active d=2.5 age=1 dtg=18.99 region=1_26
ep=150 s=218 2908ms [sel=17 cap=2764 rest=126] sg=3->3 mode=NONE win=8 obs=219 | cap=wip act=(320,360) d=2.46 a=3 | sp=preview:active d=2.5 age=2 dtg=18.99 region=1_26
ep=150 s=219 4315ms [sel=16 cap=4172 rest=127] sg=3->3 mode=NONE win=8 obs=220 | cap=wip act=(320,360) d=2.46 a=3 | sp=preview:active d=2.5 age=3 dtg=18.99 region=1_26
ep=150 s=220 4232ms [sel=17 cap=4050 rest=164] sg=3->3 mode=NONE win=8 obs=221 | cap=wip act=(320,360) d=2.46 a=3 | sp=preview:active d=2.5 age=4 dtg=18.99 region=1_26
ep=150 s=221 2800ms [sel=19 cap=2649 rest=133] sg=3->3 mode=NONE win=8 obs=222 | cap=wip act=(320,360) d=2.46 a=3 | sp=preview:active d=2.5 age=5 dtg=18.99 region=1_26
ep=150 s=222 3045ms [sel=20 cap=2858 rest=167] sg=3->3 mode=NONE win=8 obs=223 | cap=wip act=(320,360) d=2.46 a=3 | sp=preview:active d=2.5 age=6 dtg=18.99 region=1_26
ep=150 s=223 8031ms [sel=17 cap=7843 rest=171] sg=3->3 mode=NONE win=8 obs=224 | cap=wip act=(320,360) d=2.46 a=3 | sp=preview:active d=2.5 age=7 dtg=18.99 region=1_26
ep=150 s=224 4565ms [sel=16 cap=4399 rest=149] sg=3->3 mode=NONE win=8 obs=225 | cap=wip act=(320,360) d=2.46 a=3 | sp=preview:active d=2.5 age=8 dtg=18.99 region=1_26
ep=150 s=225 3245ms [sel=5 cap=3109 rest=131] sg=3->3 mode=NONE win=8 obs=226 | cap=wip act=(320,360) d=2.46 a=3 | sp=preview:active d=2.5 age=9 dtg=18.99 region=1_26
ep=150 s=226 2696ms [sel=4 cap=2561 rest=131] sg=3->3 mode=NONE win=8 obs=227 | cap=wip act=(320,360) d=2.46 a=3 | sp=preview:active d=2.5 age=10 dtg=18.99 region=1_26
ep=150 s=227 2699ms [sel=3 cap=2568 rest=127] sg=3->3 mode=NONE win=8 obs=228 | cap=wip act=(320,360) d=2.46 a=1 | sp=preview:active d=2.5 age=11 dtg=19.18 region=1_26
ep=150 s=228 2250ms [sel=5 cap=2117 rest=128] sg=3->3 mode=NONE win=8 obs=229 | cap=wip act=(320,360) d=2.21 a=1 | sp=preview:active d=2.2 age=12 dtg=19.38 region=1_26
ep=150 s=229 5801ms [sel=1586 cap=4089 rest=126] sg=3->3 mode=NONE win=8 obs=230 | cap=wip act=(320,360) d=1.96 a=1 | sp=som:active d=2.0 age=0 som=2/6 dtg=19.61 region=1_26
ep=150 s=230 3180ms [sel=4 cap=3052 rest=124] sg=3->3 mode=NONE win=8 obs=231 | cap=wip act=(320,360) d=1.71 a=1 | sp=som:active d=1.7 age=1 dtg=19.85 region=1_26
ep=150 s=231 3182ms [sel=3 cap=3060 rest=119] sg=3->3 mode=NONE win=8 obs=232 | cap=wip act=(320,360) d=1.46 a=1 | sp=som:active d=1.5 age=2 dtg=20.09 region=1_26
ep=150 s=232 4579ms [sel=5 cap=4452 rest=123] sg=3->3 mode=NONE win=8 obs=233 | cap=wip act=(320,360) d=1.21 a=1 | sp=som:active d=1.2 age=3 dtg=20.34 region=1_26
ep=150 s=233 3928ms [sel=4 cap=3797 rest=127] sg=3->3 mode=NONE win=8 obs=234 | cap=wip act=(320,360) d=0.96 a=1 | sp=som:active d=1.0 age=4 dtg=20.59 region=1_26
ep=150 s=234 3959ms [sel=3 cap=3834 rest=122] sg=3->3 mode=NONE win=8 obs=235 | cap=wip act=(320,360) d=0.71 a=1 | sp=som:active d=0.7 age=5 dtg=20.84 region=1_26
ep=150 s=235 3931ms [sel=1441 cap=2377 rest=113] sg=3->3 mode=NONE win=8 obs=236 | cap=wip act=(320,360) d=0.90 a=3 | sp=som:active d=0.9 age=0 som=2/5 dtg=20.84 region=1_26
ep=150 s=236 3589ms [sel=8 cap=3465 rest=115] sg=3->3 mode=NONE win=8 obs=237 | cap=wip act=(320,360) d=0.90 a=3 | sp=som:active d=0.9 age=1 dtg=20.84 region=1_26
ep=150 s=237 3442ms [sel=8 cap=3316 rest=118] sg=3->3 mode=NONE win=8 obs=238 | cap=wip act=(320,360) d=0.90 a=3 | sp=som:active d=0.9 age=2 dtg=20.84 region=1_26
ep=150 s=238 3688ms [sel=4 cap=3567 rest=117] sg=3->3 mode=NONE win=8 obs=239 | cap=wip act=(320,360) d=0.90 a=3 | sp=som:active d=0.9 age=3 dtg=20.84 region=1_26
ep=150 s=239 5498ms [sel=4 cap=5370 rest=124] sg=3->3 mode=NONE win=8 obs=240 | cap=wip act=(320,360) d=0.90 a=3 | sp=som:active d=0.9 age=4 dtg=20.84 region=1_26
ep=150 s=240 4238ms [sel=3 cap=4108 rest=126] sg=3->3 mode=NONE win=8 obs=241 | cap=wip act=(320,360) d=0.90 a=1 | sp=som:active d=0.9 age=5 dtg=20.94 region=1_26
ep=150 s=241 5173ms [sel=4 cap=5042 rest=128] sg=3->3 mode=NONE win=8 obs=242 | cap=wip act=(320,360) d=0.65 a=1 | sp=som:active d=0.7 age=6 dtg=21.07 region=1_26
ep=150 s=242 4519ms [sel=976 cap=3416 rest=127] sg=3->3 mode=NONE win=8 obs=243 | cap=wip act=(320,359) d=2.09 a=1 | sp=straight_ahead:reached d=0.4 age=0 som=2/7 dtg=21.22 region=1_26
ep=150 s=243 5628ms [sel=1278 cap=4220 rest=130] sg=3->3 mode=NONE win=8 obs=244 | cap=wip act=(320,360) d=2.72 a=1 | sp=frontier:active d=2.7 age=0 som=3/8 dtg=21.38 region=1_26
ep=150 s=244 3527ms [sel=6 cap=3393 rest=128] sg=3->3 mode=NONE win=8 obs=245 | cap=wip act=(320,360) d=2.49 a=1 | sp=frontier:active d=2.5 age=1 dtg=21.56 region=1_26
ep=150 s=245 3815ms [sel=7 cap=3684 rest=124] sg=3->3 mode=NONE win=8 obs=246 | cap=wip act=(320,360) d=2.27 a=1 | sp=frontier:active d=2.3 age=2 dtg=21.77 region=1_26
ep=150 s=246 4354ms [sel=4 cap=4227 rest=123] sg=3->3 mode=GET_NOWHERE win=8 obs=247 | cap=wip/GET_NOWHERE act=(320,360) d=2.05 a=3 | sp=frontier:active d=2.0 age=3 dtg=21.77 region=1_26
ep=150 s=247 4220ms [sel=4 cap=4091 rest=125] sg=3->3 mode=NONE win=8 obs=248 | cap=wip act=(320,360) d=2.05 a=1 | sp=frontier:active d=2.0 age=4 dtg=21.98 region=1_26
ep=150 s=248 6252ms [sel=3 cap=6124 rest=125] sg=3->3 mode=NONE win=8 obs=249 | cap=wip act=(320,360) d=1.81 a=1 | sp=frontier:active d=1.8 age=5 dtg=22.22 region=1_26
ep=150 s=249 4862ms [sel=4 cap=4741 rest=117] sg=3->3 mode=NONE win=8 obs=250 | cap=wip act=(320,360) d=1.57 a=3 | sp=frontier:active d=1.6 age=6 dtg=22.22 region=1_26
ep=150 s=250 3224ms [sel=3 cap=3099 rest=122] sg=3->3 mode=NONE win=8 obs=251 | cap=wip act=(320,360) d=1.57 a=1 | sp=frontier:active d=1.6 age=7 dtg=22.44 region=1_26
ep=150 s=251 2505ms [sel=3 cap=2382 rest=120] sg=3->3 mode=NONE win=8 obs=252 | cap=wip act=(320,360) d=1.33 a=1 | sp=frontier:active d=1.3 age=8 dtg=22.68 region=1_26
ep=150 s=252 2507ms [sel=4 cap=2383 rest=120] sg=3->3 mode=NONE win=8 obs=253 | cap=wip act=(320,360) d=1.08 a=1 | sp=frontier:active d=1.1 age=9 dtg=22.92 region=1_26
ep=150 s=253 2850ms [sel=4 cap=2726 rest=119] sg=3->3 mode=NONE win=8 obs=254 | cap=wip act=(320,360) d=0.83 a=1 | sp=frontier:active d=0.8 age=10 dtg=23.51 region=1_26
ep=150 s=254 5049ms [sel=4 cap=4556 rest=450] sg=3->3 mode=NONE win=8 obs=255 | cap=wip act=(320,360) d=0.59 a=3 | preview=view-/6 yaw=+0 render=39ms | sp=frontier:active d=0.6 age=11 dtg=23.51 region=1_26
ep=150 s=255 4200ms [sel=1268 cap=2813 rest=119] sg=3->3 mode=NONE win=8 obs=256 | cap=wip act=(320,360) d=1.28 a=1 | sp=som:active d=1.3 age=0 som=2/7 dtg=23.34 region=1_26
ep=150 s=256 1664ms [sel=3 cap=1535 rest=126] sg=3->3 mode=NONE win=8 obs=257 | cap=wip act=(320,360) d=1.06 a=3 | sp=som:active d=1.1 age=1 dtg=23.34 region=1_26
ep=150 s=257 2164ms [sel=4 cap=2014 rest=146] sg=3->3 mode=NONE win=8 obs=258 | cap=wip act=(320,360) d=1.06 a=3 | sp=som:active d=1.1 age=2 dtg=23.34 region=1_26
ep=150 s=258 3026ms [sel=3 cap=2883 rest=140] sg=3->3 mode=NONE win=8 obs=259 | cap=wip act=(320,360) d=1.06 a=1 | sp=som:active d=1.1 age=3 dtg=23.12 region=1_26
ep=150 s=259 2361ms [sel=4 cap=2218 rest=139] sg=3->3 mode=NONE win=8 obs=260 | cap=wip act=(320,360) d=0.81 a=1 | sp=som:active d=0.8 age=4 dtg=22.91 region=1_26
ep=150 s=260 2366ms [sel=5 cap=2231 rest=130] sg=3->3 mode=NONE win=8 obs=261 | cap=wip act=(320,360) d=0.56 a=1 | sp=som:active d=0.6 age=5 dtg=22.72 region=1_26
ep=150 s=261 3302ms [sel=1319 cap=1863 rest=120] sg=3->3 mode=NONE win=8 obs=262 | cap=wip act=(320,360) d=1.44 a=2 | sp=frontier:active d=1.4 age=0 som=B/8 dtg=22.72 region=1_26
ep=150 s=262 4342ms [sel=13 cap=4204 rest=125] sg=3->3 mode=NONE win=8 obs=263 | cap=wip act=(320,360) d=1.44 a=2 | sp=frontier:active d=1.4 age=1 dtg=22.72 region=1_26
ep=150 s=263 6091ms [sel=14 cap=5940 rest=137] sg=3->3 mode=NONE win=8 obs=264 | cap=wip act=(320,360) d=1.44 a=2 | sp=frontier:active d=1.4 age=2 dtg=22.72 region=1_26
ep=150 s=264 3142ms [sel=13 cap=2988 rest=141] sg=3->3 mode=NONE win=8 obs=265 | cap=wip act=(320,360) d=1.44 a=2 | sp=frontier:active d=1.4 age=3 dtg=22.72 region=1_26
ep=150 s=265 2095ms [sel=14 cap=1934 rest=146] sg=3->3 mode=NONE win=8 obs=266 | cap=wip act=(320,360) d=1.44 a=2 | sp=frontier:active d=1.4 age=4 dtg=22.72 region=1_26
ep=150 s=266 3366ms [sel=13 cap=3215 rest=138] sg=3->3 mode=NONE win=8 obs=267 | cap=wip act=(320,360) d=1.44 a=2 | sp=frontier:active d=1.4 age=5 dtg=22.72 region=1_26
ep=150 s=267 3510ms [sel=13 cap=3365 rest=133] sg=3->3 mode=NONE win=8 obs=268 | cap=wip act=(320,360) d=1.44 a=2 | sp=frontier:active d=1.4 age=6 dtg=22.72 region=1_26
ep=150 s=268 3318ms [sel=13 cap=3179 rest=126] sg=3->3 mode=NONE win=8 obs=269 | cap=wip act=(320,360) d=1.44 a=2 | sp=frontier:active d=1.4 age=7 dtg=22.72 region=1_26
ep=150 s=269 1524ms [sel=13 cap=1390 rest=120] sg=3->3 mode=NONE win=8 obs=270 | cap=wip act=(320,360) d=1.44 a=2 | sp=frontier:active d=1.4 age=8 dtg=22.72 region=1_26
ep=150 s=270 3851ms [sel=10 cap=3726 rest=115] sg=3->3 mode=NONE win=8 obs=271 | cap=wip act=(320,360) d=1.44 a=2 | sp=frontier:active d=1.4 age=9 dtg=22.72 region=1_26
ep=150 s=271 3756ms [sel=5 cap=3637 rest=114] sg=3->3 mode=NONE win=8 obs=272 | cap=wip act=(320,360) d=1.44 a=2 | sp=frontier:active d=1.4 age=10 dtg=22.72 region=1_26
ep=150 s=272 3820ms [sel=4 cap=3704 rest=112] sg=3->3 mode=NONE win=8 obs=273 | cap=wip act=(320,360) d=1.44 a=1 | sp=frontier:active d=1.4 age=11 dtg=22.95 region=1_26
ep=150 s=273 2978ms [sel=6 cap=2854 rest=118] sg=3->3 mode=NONE win=8 obs=274 | cap=wip act=(320,360) d=1.20 a=1 | sp=frontier:active d=1.2 age=12 dtg=23.17 region=1_26
ep=150 s=274 5926ms [sel=3 cap=5807 rest=116] sg=3->3 mode=NONE win=8 obs=275 | cap=wip act=(320,360) d=0.97 a=2 | sp=frontier:active d=1.0 age=13 dtg=23.17 region=1_26
ep=150 s=275 2811ms [sel=3 cap=2686 rest=122] sg=3->3 mode=NONE win=8 obs=276 | cap=wip act=(320,360) d=0.97 a=1 | sp=frontier:active d=1.0 age=14 dtg=23.38 region=1_26
ep=150 s=276 2421ms [sel=4 cap=2296 rest=120] sg=3->3 mode=NONE win=8 obs=277 | cap=wip act=(320,360) d=0.72 a=2 | sp=frontier:active d=0.7 age=15 dtg=23.38 region=1_26
ep=150 s=277 4032ms [sel=4 cap=3903 rest=125] sg=3->3 mode=NONE win=8 obs=278 | cap=wip act=(320,360) d=0.72 a=1 | sp=frontier:active d=0.7 age=16 dtg=23.57 region=1_26
ep=150 s=278 5581ms [sel=1612 cap=3851 rest=117] sg=3->3 mode=NONE win=8 obs=279 | cap=wip act=(320,360) d=0.98 a=1 | sp=som:active d=1.0 age=0 som=5/8 dtg=23.15 region=1_26
ep=150 s=279 7120ms [sel=4 cap=6994 rest=123] sg=3->3 mode=NONE win=8 obs=280 | cap=wip act=(320,360) d=0.73 a=1 | sp=som:active d=0.7 age=1 dtg=23.01 region=1_26
ep=150 s=280 4533ms [sel=1789 cap=2611 rest=132] sg=3->3 mode=NONE win=8 obs=281 | cap=wip act=(320,360) d=2.84 a=2 | sp=frontier:active d=2.8 age=0 som=4/6 dtg=23.01 region=1_26
ep=150 s=281 3585ms [sel=13 cap=3433 rest=139] sg=3->3 mode=NONE win=8 obs=282 | cap=wip act=(320,360) d=2.84 a=2 | sp=frontier:active d=2.8 age=1 dtg=23.01 region=1_26
ep=150 s=282 3347ms [sel=9 cap=3192 rest=146] sg=3->3 mode=NONE win=8 obs=283 | cap=wip act=(320,360) d=2.84 a=2 | sp=frontier:active d=2.8 age=2 dtg=23.01 region=1_26
ep=150 s=283 4582ms [sel=10 cap=4447 rest=125] sg=3->3 mode=NONE win=8 obs=284 | cap=wip act=(320,360) d=2.84 a=1 | sp=frontier:active d=2.8 age=3 dtg=22.77 region=1_26
ep=150 s=284 5351ms [sel=9 cap=5218 rest=124] sg=3->3 mode=NONE win=8 obs=285 | cap=wip act=(320,360) d=2.59 a=1 | sp=frontier:active d=2.6 age=4 dtg=22.54 region=1_26
ep=150 s=285 5649ms [sel=9 cap=5508 rest=132] sg=3->3 mode=NONE win=8 obs=286 | cap=wip act=(320,360) d=2.34 a=1 | sp=frontier:active d=2.3 age=5 dtg=22.31 region=1_26
ep=150 s=286 3883ms [sel=8 cap=3752 rest=122] sg=3->3 mode=NONE win=8 obs=287 | cap=wip act=(320,360) d=2.09 a=1 | sp=frontier:active d=2.1 age=6 dtg=22.10 region=1_26
ep=150 s=287 3987ms [sel=9 cap=3857 rest=122] sg=3->3 mode=NONE win=8 obs=288 | cap=wip act=(320,360) d=1.84 a=1 | sp=frontier:active d=1.8 age=7 dtg=21.93 region=1_26
ep=150 s=288 4571ms [sel=9 cap=4440 rest=122] sg=3->3 mode=NONE win=8 obs=289 | cap=wip act=(320,360) d=1.59 a=2 | sp=frontier:active d=1.6 age=8 dtg=21.93 region=1_26
ep=150 s=289 5915ms [sel=9 cap=5784 rest=121] sg=3->3 mode=NONE win=8 obs=290 | cap=wip act=(320,360) d=1.59 a=1 | sp=frontier:active d=1.6 age=9 dtg=21.76 region=1_26
ep=150 s=290 3189ms [sel=8 cap=3058 rest=123] sg=3->3 mode=NONE win=8 obs=291 | cap=wip act=(320,360) d=1.38 a=2 | sp=frontier:active d=1.4 age=10 dtg=21.76 region=1_26
ep=150 s=291 3202ms [sel=9 cap=3068 rest=125] sg=3->3 mode=NONE win=8 obs=292 | cap=wip act=(320,360) d=1.38 a=1 | sp=frontier:active d=1.4 age=11 dtg=21.50 region=1_26
ep=150 s=292 2763ms [sel=5 cap=2635 rest=122] sg=3->3 mode=NONE win=8 obs=293 | cap=wip act=(320,360) d=1.18 a=3 | sp=frontier:active d=1.2 age=12 dtg=21.50 region=1_26
ep=150 s=293 3468ms [sel=6 cap=3338 rest=124] sg=3->3 mode=NONE win=8 obs=294 | cap=wip act=(320,360) d=1.18 a=1 | sp=frontier:active d=1.2 age=13 dtg=21.34 region=1_26
ep=150 s=294 3364ms [sel=6 cap=3237 rest=121] sg=3->3 mode=NONE win=8 obs=295 | cap=wip act=(320,360) d=0.96 a=3 | sp=frontier:active d=1.0 age=14 dtg=21.34 region=1_26
ep=150 s=295 6604ms [sel=1070 cap=5410 rest=124] sg=3->3 mode=NONE win=8 obs=296 | cap=wip act=(320,360) d=2.02 a=2 | sp=som:active d=2.0 age=0 som=5/7 dtg=21.34 region=1_26
ep=150 s=296 2672ms [sel=6 cap=2529 rest=138] sg=3->3 mode=NONE win=8 obs=297 | cap=wip act=(320,360) d=2.02 a=1 | sp=som:active d=2.0 age=1 dtg=21.18 region=1_26
ep=150 s=297 3918ms [sel=5 cap=3799 rest=115] sg=3->3 mode=NONE win=8 obs=298 | cap=wip act=(320,360) d=1.78 a=1 | sp=som:active d=1.8 age=2 dtg=21.05 region=1_26
ep=150 s=298 5435ms [sel=3 cap=5311 rest=121] sg=3->3 mode=NONE win=8 obs=299 | cap=wip act=(320,360) d=1.53 a=2 | sp=som:active d=1.5 age=3 dtg=21.05 region=1_26
ep=150 s=299 6812ms [sel=4 cap=6680 rest=128] sg=3->3 mode=NONE win=8 obs=300 | cap=wip act=(320,360) d=1.53 a=1 | sp=som:active d=1.5 age=4 dtg=20.88 region=1_26
ep=150 s=300 3378ms [sel=4 cap=3235 rest=139] sg=3->3 mode=NONE win=8 obs=301 | cap=wip act=(320,360) d=1.28 a=1 | sp=som:active d=1.3 age=5 dtg=20.74 region=1_26
ep=150 s=301 4846ms [sel=4 cap=4727 rest=115] sg=3->3 mode=NONE win=8 obs=302 | cap=wip act=(320,360) d=1.03 a=1 | sp=som:active d=1.0 age=6 dtg=20.62 region=1_26
ep=150 s=302 4132ms [sel=1306 cap=2714 rest=112] sg=3->3 mode=NONE win=8 obs=303 | cap=wip act=(320,360) d=2.84 a=2 | sp=frontier:active d=2.8 age=0 som=R/8 dtg=20.62 region=1_26
ep=150 s=303 5197ms [sel=20 cap=5063 rest=114] sg=3->3 mode=NONE win=8 obs=304 | cap=wip act=(320,360) d=2.84 a=2 | sp=frontier:active d=2.8 age=1 dtg=20.62 region=1_26
ep=150 s=304 3546ms [sel=10 cap=3421 rest=114] sg=3->3 mode=NONE win=8 obs=305 | cap=wip act=(320,360) d=2.84 a=2 | sp=frontier:active d=2.8 age=2 dtg=20.62 region=1_26
ep=150 s=305 5848ms [sel=4 cap=5720 rest=124] sg=3->3 mode=NONE win=8 obs=306 | cap=wip act=(320,360) d=2.84 a=2 | sp=frontier:active d=2.8 age=3 dtg=20.62 region=1_26
ep=150 s=306 6344ms [sel=4 cap=6209 rest=130] sg=3->3 mode=NONE win=8 obs=307 | cap=wip act=(320,360) d=2.84 a=1 | sp=frontier:active d=2.8 age=4 dtg=20.37 region=1_26
ep=150 s=307 4531ms [sel=5 cap=4394 rest=132] sg=3->3 mode=NONE win=8 obs=308 | cap=wip act=(320,360) d=2.65 a=2 | sp=frontier:active d=2.7 age=5 dtg=20.37 region=1_26
ep=150 s=308 5900ms [sel=12 cap=5755 rest=134] sg=3->3 mode=NONE win=8 obs=309 | cap=wip act=(320,360) d=2.65 a=1 | sp=frontier:active d=2.7 age=6 dtg=20.13 region=1_26
ep=150 s=309 5721ms [sel=13 cap=5578 rest=130] sg=3->3 mode=NONE win=8 obs=310 | cap=wip act=(320,360) d=2.53 a=1 | sp=frontier:active d=2.5 age=7 dtg=19.88 region=1_26
ep=150 s=310 1906ms [sel=15 cap=1755 rest=136] sg=3->3 mode=NONE win=8 obs=311 | cap=wip act=(320,360) d=2.43 a=1 | sp=frontier:active d=2.4 age=8 dtg=19.64 region=1_26
ep=150 s=311 4582ms [sel=17 cap=4424 rest=141] sg=3->3 mode=NONE win=8 obs=312 | cap=wip act=(320,360) d=2.36 a=1 | sp=frontier:active d=2.4 age=9 dtg=19.41 region=1_26
ep=150 s=312 3686ms [sel=18 cap=3538 rest=130] sg=3->3 mode=NONE win=8 obs=313 | cap=wip act=(320,360) d=2.31 a=1 | sp=frontier:active d=2.3 age=10 dtg=19.23 region=1_26
ep=150 s=313 2011ms [sel=20 cap=1861 rest=130] sg=3->3 mode=NONE win=8 obs=314 | cap=wip act=(320,360) d=2.28 a=1 | sp=frontier:active d=2.3 age=11 dtg=19.09 region=1_26
ep=150 s=314 3531ms [sel=23 cap=3382 rest=127] sg=3->3 mode=NONE win=8 obs=315 | cap=wip act=(320,360) d=2.28 a=3 | sp=frontier:active d=2.3 age=12 dtg=19.09 region=1_26
ep=150 s=315 4280ms [sel=19 cap=4133 rest=129] sg=3->3 mode=NONE win=8 obs=316 | cap=wip act=(320,360) d=2.28 a=3 | sp=frontier:active d=2.3 age=13 dtg=19.09 region=1_26
ep=150 s=316 4373ms [sel=11 cap=4235 rest=127] sg=3->3 mode=NONE win=8 obs=317 | cap=wip act=(320,360) d=2.28 a=3 | sp=frontier:active d=2.3 age=14 dtg=19.09 region=1_26
ep=150 s=317 4052ms [sel=7 cap=3919 rest=126] sg=3->3 mode=NONE win=8 obs=318 | cap=wip act=(320,360) d=2.28 a=1 | sp=frontier:active d=2.3 age=15 dtg=18.85 region=1_26
ep=150 s=318 4002ms [sel=9 cap=3872 rest=121] sg=3->3 mode=NONE win=8 obs=319 | cap=wip act=(320,360) d=2.12 a=3 | sp=frontier:active d=2.1 age=16 dtg=18.85 region=1_26
ep=150 s=319 4929ms [sel=4 cap=4799 rest=127] sg=3->3 mode=NONE win=8 obs=320 | cap=wip act=(320,360) d=2.12 a=1 | sp=frontier:active d=2.1 age=17 dtg=18.60 region=1_26
ep=150 s=320 2941ms [sel=5 cap=2815 rest=122] sg=3->3 mode=NONE win=8 obs=321 | cap=wip act=(320,360) d=1.93 a=1 | sp=frontier:active d=1.9 age=18 dtg=18.35 region=1_26
ep=150 s=321 2016ms [sel=7 cap=1893 rest=116] sg=3->3 mode=NONE win=8 obs=322 | cap=wip act=(320,360) d=1.76 a=1 | sp=frontier:active d=1.8 age=19 dtg=18.10 region=1_26
ep=150 s=322 3543ms [sel=7 cap=3424 rest=112] sg=3->3 mode=NONE win=8 obs=323 | cap=wip act=(320,360) d=1.61 a=3 | sp=frontier:active d=1.6 age=20 dtg=18.10 region=1_26
ep=150 s=323 4972ms [sel=4 cap=4846 rest=122] sg=3->3 mode=NONE win=8 obs=324 | cap=wip act=(320,360) d=1.61 a=1 | sp=frontier:active d=1.6 age=21 dtg=17.86 region=1_29
ep=150 s=324 3969ms [sel=6 cap=3840 rest=123] sg=3->3 mode=NONE win=8 obs=325 | cap=wip act=(320,360) d=1.43 a=1 | sp=frontier:active d=1.4 age=22 dtg=17.63 region=1_29
ep=150 s=325 3344ms [sel=8 cap=3218 rest=117] sg=3->3 mode=NONE win=8 obs=326 | cap=wip act=(320,360) d=1.27 a=1 | sp=frontier:active d=1.3 age=23 dtg=17.39 region=1_29
ep=150 s=326 3883ms [sel=1820 cap=1944 rest=119] sg=3->3 mode=NONE win=8 obs=327 | cap=wip act=(320,360) d=3.01 a=1 | sp=som:active d=3.0 age=0 som=5/8 dtg=17.16 region=1_29
ep=150 s=327 3807ms [sel=4 cap=3681 rest=122] sg=3->3 mode=NONE win=8 obs=328 | cap=wip act=(320,360) d=2.78 a=2 | sp=som:active d=2.8 age=1 dtg=17.16 region=1_29
ep=150 s=328 2589ms [sel=3 cap=2462 rest=124] sg=3->3 mode=NONE win=8 obs=329 | cap=wip act=(320,360) d=2.78 a=2 | sp=som:active d=2.8 age=2 dtg=17.16 region=1_29
ep=150 s=329 3653ms [sel=4 cap=3533 rest=116] sg=3->3 mode=NONE win=8 obs=330 | cap=wip act=(320,360) d=2.78 a=1 | sp=som:active d=2.8 age=3 dtg=16.91 region=1_29
ep=150 s=330 3290ms [sel=3 cap=3170 rest=117] sg=3->3 mode=NONE win=8 obs=331 | cap=wip act=(320,360) d=2.53 a=1 | sp=som:active d=2.5 age=4 dtg=16.66 region=1_29
ep=150 s=331 2422ms [sel=3 cap=2304 rest=115] sg=3->3 mode=NONE win=8 obs=332 | cap=wip act=(320,360) d=2.28 a=1 | sp=som:active d=2.3 age=5 dtg=16.42 region=1_29
ep=150 s=332 2840ms [sel=3 cap=2715 rest=122] sg=3->3 mode=NONE win=8 obs=333 | cap=wip act=(320,360) d=2.03 a=1 | sp=som:active d=2.0 age=6 dtg=16.17 region=1_29
ep=150 s=333 2524ms [sel=4 cap=2401 rest=119] sg=3->3 mode=NONE win=8 obs=334 | cap=wip act=(320,360) d=1.79 a=1 | sp=som:active d=1.8 age=7 dtg=15.93 region=1_29
ep=150 s=334 2816ms [sel=3 cap=2697 rest=116] sg=3->3 mode=NONE win=8 obs=335 | cap=wip act=(320,360) d=1.54 a=1 | sp=som:active d=1.5 age=8 dtg=15.68 region=1_29
ep=150 s=335 3392ms [sel=4 cap=3269 rest=119] sg=3->3 mode=NONE win=8 obs=336 | cap=wip act=(320,360) d=1.30 a=3 | sp=som:active d=1.3 age=9 dtg=15.68 region=1_29
ep=150 s=336 4464ms [sel=3 cap=4346 rest=116] sg=3->3 mode=NONE win=8 obs=337 | cap=wip act=(320,360) d=1.30 a=1 | sp=som:active d=1.3 age=10 dtg=15.43 region=1_29
ep=150 s=337 4418ms [sel=4 cap=4304 rest=110] sg=3->3 mode=NONE win=8 obs=338 | cap=wip act=(320,360) d=1.05 a=1 | sp=som:active d=1.0 age=11 dtg=15.18 region=1_29
ep=150 s=338 2475ms [sel=3 cap=2363 rest=108] sg=3->3 mode=NONE win=8 obs=339 | cap=wip act=(320,360) d=0.80 a=1 | sp=som:active d=0.8 age=12 dtg=14.93 region=1_29
ep=150 s=339 5389ms [sel=4 cap=5279 rest=107] sg=3->3 mode=NONE win=8 obs=340 | cap=wip act=(320,360) d=0.55 a=1 | sp=som:active d=0.5 age=13 dtg=14.68 region=1_29
ep=150 s=340 4449ms [sel=1192 cap=3152 rest=105] sg=3->3 mode=NONE win=8 obs=341 | cap=wip act=(320,360) d=2.95 a=1 | sp=som:active d=2.9 age=0 som=5/8 dtg=14.43 region=1_29
ep=150 s=341 3302ms [sel=3 cap=3201 rest=98] sg=3->3 mode=NONE win=8 obs=342 | cap=wip act=(320,360) d=2.70 a=2 | sp=som:active d=2.7 age=1 dtg=14.43 region=1_29
ep=150 s=342 2822ms [sel=3 cap=2713 rest=106] sg=3->3 mode=NONE win=8 obs=343 | cap=wip act=(320,360) d=2.70 a=1 | sp=som:active d=2.7 age=2 dtg=14.19 region=1_29
ep=150 s=343 3187ms [sel=4 cap=3082 rest=101] sg=3->3 mode=NONE win=8 obs=344 | cap=wip act=(320,360) d=2.45 a=1 | sp=som:active d=2.5 age=3 dtg=13.94 region=1_29
ep=150 s=344 2686ms [sel=4 cap=2583 rest=100] sg=3->3 mode=NONE win=8 obs=345 | cap=wip act=(320,360) d=2.20 a=1 | sp=som:active d=2.2 age=4 dtg=13.70 region=1_29
ep=150 s=345 3183ms [sel=4 cap=3075 rest=105] sg=3->3 mode=NONE win=8 obs=346 | cap=wip act=(320,360) d=1.95 a=1 | sp=som:active d=2.0 age=5 dtg=13.45 region=1_29
ep=150 s=346 3113ms [sel=4 cap=3007 rest=103] sg=3->3 mode=NONE win=8 obs=347 | cap=wip act=(320,360) d=1.70 a=1 | sp=som:active d=1.7 age=6 dtg=13.21 region=None
ep=150 s=347 4966ms [sel=4 cap=4855 rest=107] sg=3->3 mode=NONE win=8 obs=348 | cap=wip act=(320,360) d=1.46 a=1 | sp=som:active d=1.5 age=7 dtg=12.97 region=1_27
ep=150 s=348 4159ms [sel=4 cap=4050 rest=106] sg=3->3 mode=NONE win=8 obs=349 | cap=wip act=(320,360) d=1.21 a=3 | sp=som:active d=1.2 age=8 dtg=12.97 region=1_27
ep=150 s=349 3589ms [sel=3 cap=3477 rest=109] sg=3->3 mode=NONE win=8 obs=350 | cap=wip act=(320,360) d=1.21 a=1 | sp=som:active d=1.2 age=9 dtg=12.72 region=1_27
ep=150 s=350 4086ms [sel=3 cap=3982 rest=101] sg=3->3 mode=NONE win=8 obs=351 | cap=wip act=(320,360) d=0.96 a=1 | sp=som:active d=1.0 age=10 dtg=12.47 region=1_27
ep=150 s=351 3140ms [sel=3 cap=3038 rest=99] sg=3->3 mode=NONE win=8 obs=352 | cap=wip act=(320,360) d=0.71 a=1 | sp=som:active d=0.7 age=11 dtg=12.22 region=1_27
ep=150 s=352 4390ms [sel=1069 cap=3215 rest=106] sg=3->3 mode=NONE win=8 obs=353 | cap=wip act=(320,360) d=2.97 a=1 | sp=som:active d=3.0 age=0 som=5/8 dtg=11.97 region=1_27
ep=150 s=353 4408ms [sel=4 cap=4300 rest=103] sg=3->3 mode=NONE win=8 obs=354 | cap=wip act=(320,360) d=2.72 a=1 | sp=som:active d=2.7 age=1 dtg=11.72 region=1_27
ep=150 s=354 4107ms [sel=3 cap=3997 rest=107] sg=3->3 mode=NONE win=8 obs=355 | cap=wip act=(320,360) d=2.47 a=1 | sp=som:active d=2.5 age=2 dtg=11.47 region=1_27
ep=150 s=355 4730ms [sel=4 cap=4619 rest=108] sg=3->3 mode=NONE win=8 obs=356 | cap=wip act=(320,360) d=2.23 a=1 | sp=som:active d=2.2 age=3 dtg=11.22 region=1_27
ep=150 s=356 5943ms [sel=3 cap=5821 rest=119] sg=3->3 mode=NONE win=8 obs=357 | cap=wip act=(320,360) d=1.98 a=1 | sp=som:active d=2.0 age=4 dtg=10.97 region=1_27
ep=150 s=357 6335ms [sel=1242 cap=4989 rest=104] sg=3->3 mode=NONE win=8 obs=358 | cap=wip act=(320,360) d=2.31 a=1 | sp=som:active d=2.3 age=0 som=5/8 dtg=10.72 region=1_17
ep=150 s=358 3531ms [sel=3 cap=3419 rest=108] sg=3->3 mode=NONE win=8 obs=359 | cap=wip act=(320,360) d=2.06 a=2 | sp=som:active d=2.1 age=1 dtg=10.72 region=1_17
ep=150 s=359 8330ms [sel=3 cap=8214 rest=113] sg=3->3 mode=NONE win=8 obs=360 | cap=wip act=(320,360) d=2.06 a=1 | sp=som:active d=2.1 age=2 dtg=10.47 region=1_17
ep=150 s=360 3678ms [sel=4 cap=3560 rest=114] sg=3->3 mode=NONE win=8 obs=361 | cap=wip act=(320,360) d=1.82 a=1 | sp=som:active d=1.8 age=3 dtg=10.23 region=1_17
ep=150 s=361 3734ms [sel=4 cap=3612 rest=117] sg=3->3 mode=NONE win=8 obs=362 | cap=wip act=(320,360) d=1.57 a=1 | sp=som:active d=1.6 age=4 dtg=9.99 region=1_17
ep=150 s=362 5493ms [sel=3 cap=5374 rest=116] sg=3->3 mode=NONE win=8 obs=363 | cap=wip act=(320,360) d=1.32 a=3 | sp=som:active d=1.3 age=5 dtg=9.99 region=1_17
ep=150 s=363 4551ms [sel=3 cap=4437 rest=111] sg=3->3 mode=NONE win=8 obs=364 | cap=wip act=(320,360) d=1.32 a=1 | sp=som:active d=1.3 age=6 dtg=9.74 region=1_17
ep=150 s=364 4414ms [sel=4 cap=4297 rest=113] sg=3->3 mode=NONE win=8 obs=365 | cap=wip act=(320,360) d=1.07 a=1 | sp=som:active d=1.1 age=7 dtg=9.49 region=1_17
ep=150 s=365 4295ms [sel=4 cap=4174 rest=117] sg=3->3 mode=NONE win=8 obs=366 | cap=wip act=(320,360) d=0.82 a=1 | sp=som:active d=0.8 age=8 dtg=9.24 region=1_17
ep=150 s=366 4001ms [sel=4 cap=3881 rest=116] sg=3->3 mode=NONE win=8 obs=367 | cap=wip act=(320,360) d=0.58 a=1 | sp=som:active d=0.6 age=9 dtg=8.99 region=1_17
ep=150 s=367 6887ms [sel=705 cap=6070 rest=113] sg=3->3 mode=NONE win=8 obs=368 | cap=wip act=(320,360) d=2.93 a=1 | sp=som:active d=2.9 age=0 som=5/8 dtg=8.74 region=1_17
ep=150 s=368 3216ms [sel=3 cap=3101 rest=112] sg=3->3 mode=NONE win=8 obs=369 | cap=wip act=(320,360) d=2.68 a=3 | sp=som:active d=2.7 age=1 dtg=8.74 region=1_17
ep=150 s=369 4381ms [sel=4 cap=4261 rest=116] sg=3->3 mode=NONE win=8 obs=370 | cap=wip act=(320,360) d=2.68 a=1 | sp=som:active d=2.7 age=2 dtg=8.50 region=1_17
ep=150 s=370 2206ms [sel=3 cap=2091 rest=112] sg=3->3 mode=NONE win=8 obs=371 | cap=wip act=(320,360) d=2.44 a=1 | sp=som:active d=2.4 age=3 dtg=8.26 region=1_17
ep=150 s=371 3148ms [sel=3 cap=3036 rest=108] sg=3->3 mode=NONE win=8 obs=372 | cap=wip act=(320,360) d=2.21 a=1 | sp=som:active d=2.2 age=4 dtg=8.03 region=1_17
ep=150 s=372 3738ms [sel=4 cap=3627 rest=107] sg=3->3 mode=NONE win=8 obs=373 | cap=wip act=(320,360) d=1.98 a=1 | sp=som:active d=2.0 age=5 dtg=7.81 region=1_17
ep=150 s=373 4905ms [sel=4 cap=4772 rest=128] sg=3->3 mode=NONE win=8 obs=374 | cap=wip act=(320,360) d=1.76 a=2 | sp=som:active d=1.8 age=6 dtg=7.81 region=1_17
ep=150 s=374 3405ms [sel=3 cap=3292 rest=110] sg=3->3 mode=NONE win=8 obs=375 | cap=wip act=(320,360) d=1.76 a=1 | sp=som:active d=1.8 age=7 dtg=7.57 region=1_17
ep=150 s=375 4110ms [sel=4 cap=3998 rest=109] sg=3->3 mode=NONE win=8 obs=376 | cap=wip act=(320,360) d=1.52 a=1 | sp=som:active d=1.5 age=8 dtg=7.33 region=1_17
ep=150 s=376 3339ms [sel=3 cap=3231 rest=105] sg=3->3 mode=NONE win=8 obs=377 | cap=wip act=(320,360) d=1.28 a=1 | sp=som:active d=1.3 age=9 dtg=7.09 region=1_17
ep=150 s=377 2637ms [sel=4 cap=2527 rest=106] sg=3->3 mode=NONE win=8 obs=378 | cap=wip act=(320,360) d=1.05 a=2 | sp=som:active d=1.0 age=10 dtg=7.09 region=1_17
ep=150 s=378 2544ms [sel=3 cap=2425 rest=116] sg=3->3 mode=NONE win=8 obs=379 | cap=wip act=(320,360) d=1.05 a=1 | sp=som:active d=1.0 age=11 dtg=6.84 region=1_17
ep=150 s=379 3437ms [sel=4 cap=3313 rest=120] sg=3->3 mode=NONE win=8 obs=380 | cap=wip act=(320,360) d=0.80 a=2 | sp=som:active d=0.8 age=12 dtg=6.84 region=1_17
ep=150 s=380 3433ms [sel=4 cap=3305 rest=124] sg=3->3 mode=NONE win=8 obs=381 | cap=wip act=(320,360) d=0.80 a=1 | sp=som:active d=0.8 age=13 dtg=6.60 region=1_17
ep=150 s=381 4291ms [sel=4 cap=4166 rest=122] sg=3->3 mode=NONE win=8 obs=382 | cap=wip act=(320,360) d=0.55 a=1 | sp=som:active d=0.6 age=14 dtg=6.35 region=1_17
ep=150 s=382 5323ms [sel=1132 cap=4070 rest=121] sg=3->3 mode=NONE win=8 obs=383 | cap=wip act=(320,360) d=2.93 a=3 | sp=som:active d=2.9 age=0 som=5/7 dtg=6.35 region=1_17
ep=150 s=383 4925ms [sel=4 cap=4804 rest=117] sg=3->3 mode=NONE win=8 obs=384 | cap=wip act=(320,360) d=2.93 a=1 | sp=som:active d=2.9 age=1 dtg=6.10 region=1_17
ep=150 s=384 2433ms [sel=3 cap=2311 rest=119] sg=3->3 mode=NONE win=8 obs=385 | cap=wip act=(320,360) d=2.68 a=1 | sp=som:active d=2.7 age=2 dtg=5.85 region=1_17
ep=150 s=385 4022ms [sel=5 cap=3901 rest=116] sg=3->3 mode=NONE win=8 obs=386 | cap=wip act=(320,360) d=2.43 a=1 | sp=som:active d=2.4 age=3 dtg=5.60 region=1_17
ep=150 s=386 3226ms [sel=4 cap=3107 rest=116] sg=3->3 mode=NONE win=8 obs=387 | cap=wip act=(320,360) d=2.18 a=1 | sp=som:active d=2.2 age=4 dtg=5.35 region=1_17
ep=150 s=387 3251ms [sel=4 cap=3140 rest=107] sg=3->3 mode=NONE win=8 obs=388 | cap=wip act=(320,360) d=1.93 a=3 | sp=som:active d=1.9 age=5 dtg=5.35 region=1_17
ep=150 s=388 2597ms [sel=3 cap=2490 rest=104] sg=3->3 mode=NONE win=8 obs=389 | cap=wip act=(320,360) d=1.93 a=1 | sp=som:active d=1.9 age=6 dtg=5.12 region=1_17
ep=150 s=389 4954ms [sel=3 cap=4840 rest=111] sg=3->3 mode=NONE win=8 obs=390 | cap=wip act=(320,360) d=1.70 a=1 | sp=som:active d=1.7 age=7 dtg=4.89 region=1_17
ep=150 s=390 4091ms [sel=4 cap=3975 rest=112] sg=3->3 mode=NONE win=8 obs=391 | cap=wip act=(320,360) d=1.47 a=1 | sp=som:active d=1.5 age=8 dtg=4.68 region=1_16
ep=150 s=391 3393ms [sel=4 cap=3276 rest=113] sg=3->3 mode=NONE win=8 obs=392 | cap=wip act=(320,360) d=1.25 a=2 | sp=som:active d=1.2 age=9 dtg=4.68 region=1_16
ep=150 s=392 2717ms [sel=5 cap=2592 rest=120] sg=3->3 mode=NONE win=8 obs=393 | cap=wip act=(320,360) d=1.25 a=1 | sp=som:active d=1.2 age=10 dtg=4.45 region=1_16
ep=150 s=393 4118ms [sel=4 cap=3997 rest=118] sg=3->3 mode=NONE win=8 obs=394 | cap=wip act=(320,360) d=1.01 a=1 | sp=som:active d=1.0 age=11 dtg=4.26 region=1_16
ep=150 s=394 1708ms [sel=3 cap=1592 rest=113] sg=3->3 mode=NONE win=8 obs=395 | cap=wip act=(320,360) d=0.78 a=2 | sp=som:active d=0.8 age=12 dtg=4.26 region=1_16
ep=150 s=395 3201ms [sel=3 cap=3085 rest=113] sg=3->3 mode=NONE win=8 obs=396 | cap=wip act=(320,360) d=0.78 a=1 | sp=som:active d=0.8 age=13 dtg=4.06 region=1_16
ep=150 s=396 2395ms [sel=3 cap=2286 rest=106] sg=3->3 mode=NONE win=8 obs=397 | cap=wip act=(320,360) d=0.54 a=2 | sp=som:active d=0.5 age=14 dtg=4.06 region=1_16
ep=150 s=397 3764ms [sel=5 cap=3649 rest=110] sg=3->3 mode=NONE win=8 obs=398 | cap=wip act=(320,360) d=0.54 a=1 | sp=som:active d=0.5 age=15 dtg=3.87 region=1_16
ep=150 s=398 4552ms [sel=1349 cap=3085 rest=118] sg=3->3 mode=NONE win=8 obs=399 | cap=wip act=(320,360) d=3.00 a=1 | sp=som:active d=3.0 age=0 som=5/7 dtg=3.73 region=1_16
ep=150 s=399 7627ms [sel=3 cap=7514 rest=110] sg=3->3 mode=NONE win=8 obs=400 | cap=wip act=(320,360) d=2.75 a=2 | sp=som:active d=2.8 age=1 dtg=3.73 region=1_16
ep=150 s=400 6527ms [sel=3 cap=6405 rest=119] sg=3->3 mode=NONE win=8 obs=401 | cap=wip act=(320,360) d=2.75 a=2 | sp=som:active d=2.8 age=2 dtg=3.73 region=1_16
ep=150 s=401 4179ms [sel=4 cap=4048 rest=127] sg=3->3 mode=NONE win=8 obs=402 | cap=wip act=(320,360) d=2.75 a=1 | sp=som:active d=2.8 age=3 dtg=3.56 region=1_16
ep=150 s=402 5684ms [sel=6 cap=5547 rest=131] sg=3->3 mode=NONE win=8 obs=403 | cap=wip act=(320,360) d=2.56 a=1 | sp=som:active d=2.6 age=4 dtg=3.39 region=1_16
ep=150 s=403 6439ms [sel=5 cap=6299 rest=135] sg=3->3 mode=NONE win=8 obs=404 | cap=wip act=(320,360) d=2.38 a=2 | sp=som:active d=2.4 age=5 dtg=3.39 region=1_16
ep=150 s=404 5610ms [sel=12 cap=5468 rest=130] sg=3->3 mode=NONE win=8 obs=405 | cap=wip act=(320,360) d=2.38 a=1 | sp=som:active d=2.4 age=6 dtg=3.19 region=1_16
ep=150 s=405 4444ms [sel=14 cap=4305 rest=125] sg=3->3 mode=NONE win=8 obs=406 | cap=wip act=(320,360) d=2.27 a=1 | sp=som:active d=2.3 age=7 dtg=3.00 region=1_16
ep=150 s=406 4448ms [sel=16 cap=4309 rest=123] sg=3->3 mode=NONE win=8 obs=407 | cap=wip act=(320,360) d=2.18 a=1 | sp=som:active d=2.2 age=8 dtg=2.83 region=1_16
ep=150 s=407 3443ms [sel=16 cap=3306 rest=121] sg=3->3 mode=NONE win=8 obs=408 | cap=wip act=(320,360) d=2.12 a=3 | sp=som:active d=2.1 age=9 dtg=2.83 region=1_16
ep=150 s=408 3199ms [sel=14 cap=3061 rest=125] sg=3->3 mode=NONE win=8 obs=409 | cap=wip act=(320,360) d=2.12 a=3 | sp=som:active d=2.1 age=10 dtg=2.83 region=1_16
ep=150 s=409 3157ms [sel=10 cap=3023 rest=123] sg=3->3 mode=NONE win=8 obs=410 | cap=wip act=(320,360) d=2.12 a=1 | sp=som:active d=2.1 age=11 dtg=2.80 region=1_16
ep=150 s=410 3958ms [sel=12 cap=3817 rest=129] sg=3->3 mode=NONE win=8 obs=411 | cap=wip act=(320,360) d=1.97 a=3 | sp=som:active d=2.0 age=12 dtg=2.80 region=1_16
ep=150 s=411 4311ms [sel=58 cap=3655 rest=559] sg=3->3 mode=NONE win=8 obs=412 | cap=wip act=(160,180) d=4.76 a=2 | preview=view2/6 yaw=-15 render=39ms | sp=preview:active d=4.8 age=0 dtg=2.80 region=1_16
ep=150 s=412 3924ms [sel=12 cap=3787 rest=125] sg=3->3 mode=NONE win=8 obs=413 | cap=wip act=(320,360) d=4.76 a=2 | sp=preview:active d=4.8 age=1 dtg=2.80 region=1_16
ep=150 s=413 4054ms [sel=4 cap=3924 rest=126] sg=3->3 mode=NONE win=8 obs=414 | cap=wip act=(320,360) d=4.76 a=2 | sp=preview:active d=4.8 age=2 dtg=2.80 region=1_16
ep=150 s=414 5866ms [sel=19 cap=5272 rest=538] sg=3->3 mode=NONE win=8 obs=415 | cap=wip act=PREVIEW a=2 | preview=view1/6 yaw=-45 render=37ms | sp=preview:active d=4.8 age=0 dtg=2.80 region=1_16
ep=150 s=415 6028ms [sel=1866 cap=4038 rest=124] sg=3->3 mode=NONE win=8 obs=416 | cap=wip act=(320,360) d=5.21 a=1 | sp=frontier:active d=5.2 age=0 som=1/8 dtg=2.62 region=1_16
ep=150 s=416 1872ms [sel=4 cap=1741 rest=127] sg=3->3 mode=NONE win=8 obs=417 | cap=wip act=(320,360) d=4.98 a=3 | sp=frontier:active d=5.0 age=1 dtg=2.62 region=1_16
ep=150 s=417 5459ms [sel=4 cap=5329 rest=126] sg=3->3 mode=NONE win=8 obs=418 | cap=wip act=(320,360) d=4.98 a=1 | sp=frontier:active d=5.0 age=2 dtg=2.52 region=1_16
ep=150 s=418 2549ms [sel=4 cap=2391 rest=154] sg=3->3 mode=NONE win=8 obs=419 | cap=wip act=(320,360) d=4.73 a=1 | sp=frontier:active d=4.7 age=3 dtg=2.45 region=1_16
ep=150 s=419 5982ms [sel=1395 cap=4458 rest=130] sg=3->3 mode=NONE win=8 obs=420 | cap=wip act=(320,360) d=2.98 a=1 | sp=som:active d=3.0 age=0 som=2/8 dtg=2.41 region=1_16
ep=150 s=420 2547ms [sel=3 cap=2413 rest=131] sg=3->3 mode=NONE win=8 obs=421 | cap=wip act=(320,360) d=2.73 a=1 | sp=som:active d=2.7 age=1 dtg=2.40 region=1_16
ep=150 s=421 6229ms [sel=4 cap=6103 rest=122] sg=3->3 mode=NONE win=8 obs=422 | cap=wip act=(320,360) d=2.49 a=1 | sp=som:active d=2.5 age=2 dtg=2.41 region=1_16
ep=150 s=422 3533ms [sel=3 cap=3419 rest=111] sg=3->3 mode=NONE win=8 obs=423 | cap=wip act=(320,360) d=2.24 a=1 | sp=som:active d=2.2 age=3 dtg=2.45 region=1_16
ep=150 s=423 6048ms [sel=3 cap=5932 rest=113] sg=3->3 mode=NONE win=8 obs=424 | cap=wip act=(320,360) d=2.00 a=1 | sp=som:active d=2.0 age=4 dtg=2.52 region=1_16
ep=150 s=424 5464ms [sel=3 cap=5345 rest=116] sg=3->3 mode=NONE win=8 obs=425 | cap=wip act=(320,360) d=1.75 a=1 | sp=som:active d=1.8 age=5 dtg=2.61 region=1_16
ep=150 s=425 3127ms [sel=3 cap=3008 rest=116] sg=3->3 mode=NONE win=8 obs=426 | cap=wip act=(320,360) d=1.51 a=1 | sp=som:active d=1.5 age=6 dtg=2.74 region=1_16
ep=150 s=426 3286ms [sel=3 cap=3163 rest=121] sg=3->3 mode=NONE win=8 obs=427 | cap=wip act=(320,360) d=1.27 a=1 | sp=som:active d=1.3 age=7 dtg=2.89 region=1_16
ep=150 s=427 6300ms [sel=4 cap=6179 rest=118] sg=3->3 mode=NONE win=8 obs=428 | cap=wip act=(320,360) d=1.04 a=1 | sp=som:active d=1.0 age=8 dtg=3.06 region=1_16
ep=150 s=428 3289ms [sel=3 cap=3162 rest=124] sg=3->3 mode=NONE win=8 obs=429 | cap=wip act=(320,360) d=0.82 a=1 | sp=som:active d=0.8 age=9 dtg=3.25 region=1_16
ep=150 s=429 2938ms [sel=4 cap=2809 rest=125] sg=3->3 mode=NONE win=8 obs=430 | cap=wip act=(320,360) d=0.62 a=3 | sp=som:active d=0.6 age=10 dtg=3.25 region=1_16
ep=150 s=430 6276ms [sel=4 cap=6151 rest=120] sg=3->3 mode=NONE win=8 obs=431 | cap=wip act=(320,360) d=0.62 a=1 | sp=som:active d=0.6 age=11 dtg=3.48 region=1_3
ep=150 s=431 5693ms [sel=1989 cap=3580 rest=124] sg=3->3 mode=NONE win=8 obs=432 | cap=wip act=(320,360) d=2.63 a=1 | sp=som:active d=2.6 age=0 som=3/8 dtg=3.72 region=1_3
ep=150 s=432 3876ms [sel=3 cap=3754 rest=119] sg=3->3 mode=NONE win=8 obs=433 | cap=wip act=(320,360) d=2.38 a=1 | sp=som:active d=2.4 age=1 dtg=3.96 region=1_3
ep=150 s=433 8025ms [sel=4 cap=7906 rest=116] sg=3->3 mode=NONE win=8 obs=434 | cap=wip act=(320,360) d=2.14 a=1 | sp=som:active d=2.1 age=2 dtg=4.20 region=1_3
ep=150 s=434 4567ms [sel=4 cap=4446 rest=117] sg=3->3 mode=NONE win=8 obs=435 | cap=wip act=(320,360) d=1.89 a=3 | sp=som:active d=1.9 age=3 dtg=4.20 region=1_3
ep=150 s=435 4037ms [sel=3 cap=3921 rest=113] sg=3->3 mode=NONE win=8 obs=436 | cap=wip act=(320,360) d=1.89 a=1 | sp=som:active d=1.9 age=4 dtg=4.45 region=1_3
ep=150 s=436 4042ms [sel=3 cap=3921 rest=118] sg=3->3 mode=NONE win=8 obs=437 | cap=wip act=(320,360) d=1.64 a=1 | sp=som:active d=1.6 age=5 dtg=4.70 region=1_3
ep=150 s=437 5285ms [sel=3 cap=5166 rest=116] sg=3->3 mode=NONE win=8 obs=438 | cap=wip act=(320,360) d=1.39 a=1 | sp=som:active d=1.4 age=6 dtg=4.95 region=1_3
ep=150 s=438 4233ms [sel=3 cap=4114 rest=117] sg=3->3 mode=NONE win=8 obs=439 | cap=wip act=(320,360) d=1.14 a=1 | sp=som:active d=1.1 age=7 dtg=5.20 region=1_3
ep=150 s=439 9093ms [sel=4 cap=8952 rest=138] sg=3->3 mode=NONE win=8 obs=440 | cap=wip act=(320,360) d=0.90 a=1 | sp=som:active d=0.9 age=8 dtg=5.45 region=1_3
ep=150 s=440 7500ms [sel=3 cap=7381 rest=116] sg=3->3 mode=NONE win=8 obs=441 | cap=wip act=(320,360) d=0.65 a=1 | sp=som:active d=0.6 age=9 dtg=5.70 region=1_3
ep=150 s=441 5391ms [sel=1686 cap=3592 rest=113] sg=3->4 mode=NONE win=8 obs=442 | cap=DONE act=(320,360) d=0.58 a=1 | sp=som:active d=0.6 age=0 som=2/6 dtg=5.95 region=1_3
ep=150 s=442 7971ms [sel=4974 cap=2883 rest=114] sg=4->4 mode=NONE win=8 obs=443 | cap=wip act=TURN request=-45deg execute=-15deg x1 a=2 | sp=som:reached d=0.3 age=1 ovr=6 door_evts=4 som=1/5 dtg=5.95 region=1_3
ep=150 s=443 3900ms [sel=0 cap=3786 rest=114] sg=4->4 mode=NONE win=8 obs=444 | cap=wip act=TURN request=-45deg execute=-15deg x1 a=2 | sp=- ovr=6 door_evts=4 dtg=5.95 region=1_3
ep=150 s=444 4853ms [sel=0 cap=4739 rest=114] sg=4->4 mode=NONE win=8 obs=445 | cap=wip act=TURN request=-45deg execute=-15deg x1 a=2 | sp=- ovr=6 door_evts=4 dtg=5.95 region=1_3
ep=150 s=445 6756ms [sel=0 cap=6638 rest=117] sg=4->4 mode=NONE win=8 obs=446 | cap=wip act=TURN request=-45deg execute=-15deg x1 a=2 | sp=- ovr=6 door_evts=4 dtg=5.95 region=1_3
ep=150 s=446 3609ms [sel=0 cap=3484 rest=125] sg=4->4 mode=NONE win=8 obs=447 | cap=wip act=TURN request=-45deg execute=-15deg x1 a=2 | sp=- ovr=6 door_evts=4 dtg=5.95 region=1_3
ep=150 s=447 2994ms [sel=0 cap=2866 rest=127] sg=4->4 mode=NONE win=8 obs=448 | cap=wip act=TURN request=-45deg execute=-15deg x1 a=2 | sp=- ovr=6 door_evts=4 dtg=5.95 region=1_3
ep=150 s=448 5202ms [sel=0 cap=5072 rest=130] sg=4->4 mode=NONE win=8 obs=449 | cap=wip act=TURN request=-45deg execute=-15deg x1 a=2 | sp=- ovr=6 door_evts=4 dtg=5.95 region=1_3
ep=150 s=449 2952ms [sel=0 cap=2824 rest=128] sg=4->4 mode=NONE win=8 obs=450 | cap=wip act=TURN request=-45deg execute=-15deg x1 a=2 | sp=- ovr=6 door_evts=4 dtg=5.95 region=1_3
ep=150 s=450 3526ms [sel=0 cap=3402 rest=124] sg=4->4 mode=NONE win=8 obs=451 | cap=wip act=TURN request=-45deg execute=-15deg x1 a=2 | sp=- ovr=6 door_evts=4 dtg=5.95 region=1_3
ep=150 s=451 3655ms [sel=0 cap=3536 rest=119] sg=4->4 mode=NONE win=8 obs=452 | cap=wip act=TURN request=-45deg execute=-15deg x1 a=2 | sp=- ovr=6 door_evts=4 dtg=5.95 region=1_3
ep=150 s=452 2943ms [sel=0 cap=2821 rest=122] sg=4->4 mode=NONE win=8 obs=453 | cap=wip act=TURN request=-45deg execute=-15deg x1 a=2 | sp=- ovr=6 door_evts=4 dtg=5.95 region=1_3
ep=150 s=453 3908ms [sel=869 cap=2926 rest=113] sg=4->4 mode=NONE win=8 obs=454 | cap=wip act=(320,360) d=3.25 a=1 | sp=frontier:active d=3.2 age=0 som=B/8 dtg=5.71 region=1_3
ep=150 s=454 5878ms [sel=3 cap=5760 rest=115] sg=4->4 mode=NONE win=8 obs=455 | cap=wip act=(320,360) d=3.00 a=1 | sp=frontier:active d=3.0 age=1 dtg=5.47 region=1_3
ep=150 s=455 6361ms [sel=3 cap=6244 rest=113] sg=4->4 mode=NONE win=8 obs=456 | cap=wip act=(320,360) d=2.75 a=1 | sp=frontier:active d=2.8 age=2 dtg=5.23 region=1_3
ep=150 s=456 7523ms [sel=20 cap=6948 rest=519] sg=4->4 mode=NONE win=8 obs=457 | cap=wip act=(160,180) d=4.06 a=2 | preview=view3/6 yaw=+0 render=36ms | sp=preview:active d=4.1 age=0 dtg=5.23 region=1_3
ep=150 s=457 9175ms [sel=4 cap=9066 rest=105] sg=4->4 mode=NONE win=8 obs=458 | cap=wip act=(320,360) d=4.06 a=1 | sp=preview:active d=4.1 age=1 dtg=4.98 region=1_3
ep=150 s=458 3080ms [sel=4 cap=2969 rest=107] sg=4->4 mode=NONE win=8 obs=459 | cap=wip act=(320,360) d=3.83 a=1 | sp=preview:active d=3.8 age=2 dtg=4.73 region=1_3
ep=150 s=459 3625ms [sel=3 cap=3518 rest=105] sg=4->4 mode=NONE win=8 obs=460 | cap=wip act=(320,360) d=3.59 a=2 | sp=preview:active d=3.6 age=3 dtg=4.73 region=1_3
ep=150 s=460 3059ms [sel=3 cap=2955 rest=101] sg=4->4 mode=NONE win=8 obs=461 | cap=wip act=(320,360) d=3.59 a=1 | sp=preview:active d=3.6 age=4 dtg=4.48 region=1_3
ep=150 s=461 3260ms [sel=3 cap=3158 rest=99] sg=4->4 mode=NONE win=8 obs=462 | cap=wip act=(320,360) d=3.35 a=2 | sp=preview:active d=3.3 age=5 dtg=4.48 region=1_3
ep=150 s=462 3321ms [sel=3 cap=3211 rest=107] sg=4->4 mode=NONE win=8 obs=463 | cap=wip act=(320,360) d=3.35 a=1 | sp=preview:active d=3.3 age=6 dtg=4.26 region=1_3
ep=150 s=463 6199ms [sel=3 cap=6094 rest=102] sg=4->4 mode=NONE win=8 obs=464 | cap=wip act=(320,360) d=3.10 a=3 | sp=preview:active d=3.1 age=7 dtg=4.26 region=1_3
ep=150 s=464 2730ms [sel=3 cap=2629 rest=98] sg=4->4 mode=NONE win=8 obs=465 | cap=wip act=(320,360) d=3.10 a=1 | sp=preview:active d=3.1 age=8 dtg=4.02 region=1_3
ep=150 s=465 5194ms [sel=3 cap=5088 rest=103] sg=4->4 mode=NONE win=8 obs=466 | cap=wip act=(320,360) d=2.85 a=1 | sp=preview:active d=2.9 age=9 dtg=3.79 region=1_3
ep=150 s=466 2121ms [sel=4 cap=2009 rest=108] sg=4->4 mode=NONE win=8 obs=467 | cap=wip act=(320,360) d=2.60 a=3 | sp=preview:active d=2.6 age=10 dtg=3.79 region=1_3
ep=150 s=467 2941ms [sel=4 cap=2831 rest=105] sg=4->4 mode=NONE win=8 obs=468 | cap=wip act=(320,360) d=2.60 a=1 | sp=preview:active d=2.6 age=11 dtg=3.54 region=1_3
ep=150 s=468 5563ms [sel=3 cap=5452 rest=109] sg=4->4 mode=NONE win=8 obs=469 | cap=wip act=(320,360) d=2.38 a=2 | sp=preview:active d=2.4 age=12 dtg=3.54 region=1_3
ep=150 s=469 7479ms [sel=3 cap=7362 rest=115] sg=4->4 mode=NONE win=8 obs=470 | cap=wip act=(320,360) d=2.38 a=1 | sp=preview:active d=2.4 age=13 dtg=3.30 region=1_16
ep=150 s=470 6445ms [sel=1554 cap=4779 rest=112] sg=4->4 mode=NONE win=8 obs=471 | cap=wip act=(320,360) d=2.38 a=3 | sp=frontier:active d=2.4 age=0 som=B/8 dtg=3.30 region=1_16
ep=150 s=471 8331ms [sel=17 cap=8204 rest=110] sg=4->4 mode=NONE win=8 obs=472 | cap=wip act=(320,360) d=2.38 a=3 | sp=frontier:active d=2.4 age=1 dtg=3.30 region=1_16
ep=150 s=472 10635ms [sel=1169 cap=8922 rest=508] sg=4->None mode=NONE win=8 obs=473 | cap=DONE act=(320,360) d=6.72 a=2 | preview=view-/6 yaw=+0 render=36ms | sp=frontier:active d=2.4 age=2 ovr=6 door_evts=4 dtg=3.30 region=1_16
ep=150 s=473 149ms [sel=14 cap=0 rest=135] sg=None->None mode=NONE win=8 obs=474 | cap=- act=(320,360) d=6.72 a=2 | sp=endpoint:active d=6.7 age=1 ovr=6 door_evts=4 dtg=3.30 region=1_16
ep=150 s=474 145ms [sel=14 cap=0 rest=131] sg=None->None mode=NONE win=8 obs=475 | cap=- act=(320,360) d=6.72 a=1 | sp=endpoint:active d=6.7 age=2 ovr=6 door_evts=4 dtg=3.07 region=1_16
ep=150 s=475 129ms [sel=13 cap=0 rest=116] sg=None->None mode=NONE win=8 obs=476 | cap=- act=(320,360) d=6.47 a=2 | sp=endpoint:active d=6.5 age=3 ovr=6 door_evts=4 dtg=3.07 region=1_16
ep=150 s=476 127ms [sel=13 cap=0 rest=113] sg=None->None mode=NONE win=8 obs=477 | cap=- act=(320,360) d=6.47 a=1 | sp=endpoint:active d=6.5 age=4 ovr=6 door_evts=4 dtg=2.88 region=1_16
ep=150 s=477 128ms [sel=11 cap=0 rest=117] sg=None->None mode=NONE win=8 obs=478 | cap=- act=(320,360) d=6.22 a=1 | sp=endpoint:active d=6.2 age=5 ovr=6 door_evts=4 dtg=2.72 region=1_16
ep=150 s=478 127ms [sel=9 cap=0 rest=118] sg=None->None mode=NONE win=8 obs=479 | cap=- act=(320,360) d=5.98 a=1 | sp=endpoint:active d=6.0 age=6 ovr=6 door_evts=4 dtg=2.57 region=1_16
ep=150 s=479 125ms [sel=8 cap=0 rest=117] sg=None->None mode=NONE win=8 obs=480 | cap=- act=(320,360) d=5.74 a=1 | sp=endpoint:active d=5.7 age=7 ovr=6 door_evts=4 dtg=2.46 region=1_16
ep=150 s=480 121ms [sel=7 cap=0 rest=114] sg=None->None mode=NONE win=8 obs=481 | cap=- act=(320,360) d=5.50 a=1 | sp=endpoint:active d=5.5 age=8 ovr=6 door_evts=4 dtg=2.38 region=1_16
ep=150 s=481 127ms [sel=6 cap=0 rest=121] sg=None->None mode=NONE win=8 obs=482 | cap=- act=(320,360) d=5.26 a=1 | sp=endpoint:active d=5.3 age=9 ovr=6 door_evts=4 dtg=2.33 region=1_16
ep=150 s=482 115ms [sel=3 cap=0 rest=112] sg=None->None mode=NONE win=8 obs=483 | cap=- act=(320,360) d=5.02 a=1 | sp=endpoint:active d=5.0 age=10 ovr=6 door_evts=4 dtg=2.31 region=1_16
ep=150 s=483 113ms [sel=3 cap=0 rest=111] sg=None->None mode=NONE win=8 obs=484 | cap=- act=(320,360) d=4.78 a=1 | sp=endpoint:active d=4.8 age=11 ovr=6 door_evts=4 dtg=2.31 region=1_16
ep=150 s=484 112ms [sel=2 cap=0 rest=110] sg=None->None mode=NONE win=8 obs=485 | cap=- act=(320,360) d=4.54 a=1 | sp=endpoint:active d=4.5 age=12 ovr=6 door_evts=4 dtg=2.34 region=1_16
ep=150 s=485 110ms [sel=2 cap=0 rest=107] sg=None->None mode=NONE win=8 obs=486 | cap=- act=(320,360) d=4.31 a=1 | sp=endpoint:active d=4.3 age=13 ovr=6 door_evts=4 dtg=2.40 region=1_16
ep=150 s=486 114ms [sel=3 cap=0 rest=111] sg=None->None mode=NONE win=8 obs=487 | cap=- act=(320,360) d=4.07 a=1 | sp=endpoint:active d=4.1 age=14 ovr=6 door_evts=4 dtg=2.49 region=1_16
ep=150 s=487 118ms [sel=2 cap=0 rest=116] sg=None->None mode=NONE win=8 obs=488 | cap=- act=(320,360) d=3.84 a=1 | sp=endpoint:active d=3.8 age=15 ovr=6 door_evts=4 dtg=2.62 region=1_16
ep=150 s=488 114ms [sel=0 cap=0 rest=114] sg=None->None mode=NONE win=8 obs=489 | cap=- act=STOP | sp=endpoint:active d=3.6 age=16 ovr=6 door_evts=4 dtg=2.62 region=1_16
rank=2 [3/16] id=150 steps=489 success=1.000 spl=0.115 dtg=2.62 osr=1 path_length=76.09 ndtw=0.000 sdtw=0.000
PluginManager::Manager: duplicate static plugin StbImageImporter, ignoring
PluginManager::Manager: duplicate static plugin GltfImporter, ignoring
PluginManager::Manager: duplicate static plugin BasisImporter, ignoring
PluginManager::Manager: duplicate static plugin AssimpImporter, ignoring
PluginManager::Manager: duplicate static plugin AnySceneImporter, ignoring
PluginManager::Manager: duplicate static plugin AnyImageImporter, ignoring
episode=262 instruction='Out of the bedroom. Right into the hallway. Down the hall. Into the bathroom, first on your left. Halt in the bathroom doorway.' start_position=[26.274700164794922, 0.12711000442504883, 0.7814329862594604] goal_position=[21.02039909362793, 0.12711000442504883, -6.690100193023682] reference_geodesic=10.537225723266602
episode=262 prepared_subgoals=4
  [1] Exit the bedroom
      proof: The camera has crossed the bedroom threshold and the hallway is central in the view.
  [2] Turn right into the hallway, then walk down the hall
      proof: The hallway has been passed and the bathroom doorway is ahead and central in the view.
  [3] Enter the bathroom, first on your left
      proof: The camera has crossed the bathroom threshold and the bathroom interior is central in the view.
  [4] Halt in the bathroom doorway
      proof: The camera is stopped beside the bathroom doorway, with the bathroom interior visible behind and the hallway visible ahead
ep=262 s=0 8234ms [sel=31 cap=7710 rest=454] sg=1->1 mode=NONE win=1 obs=1 | cap=wip act=(160,180) d=4.57 a=1 | preview=view2/6 yaw=+0 render=40ms | sp=preview:active d=4.6 age=0 dtg=10.70 region=0_13
ep=262 s=1 5175ms [sel=11 cap=5069 rest=95] sg=1->1 mode=NONE win=2 obs=2 | cap=wip act=(320,360) d=4.32 a=1 | sp=preview:active d=4.3 age=1 dtg=10.89 region=0_13
ep=262 s=2 3269ms [sel=10 cap=3164 rest=95] sg=1->1 mode=NONE win=3 obs=3 | cap=wip act=(320,360) d=4.07 a=1 | sp=preview:active d=4.1 age=2 dtg=11.10 region=0_13
ep=262 s=3 2244ms [sel=10 cap=2136 rest=97] sg=1->1 mode=NONE win=4 obs=4 | cap=wip act=(320,360) d=3.83 a=1 | sp=preview:active d=3.8 age=3 dtg=11.31 region=0_13
ep=262 s=4 6747ms [sel=10 cap=6635 rest=102] sg=1->1 mode=NONE win=5 obs=5 | cap=wip act=(320,360) d=3.58 a=3 | sp=preview:active d=3.6 age=4 dtg=11.31 region=0_13
ep=262 s=5 7102ms [sel=10 cap=6986 rest=107] sg=1->1 mode=NONE win=6 obs=6 | cap=wip act=(320,360) d=3.58 a=1 | sp=preview:active d=3.6 age=5 dtg=11.56 region=0_13
ep=262 s=6 3854ms [sel=10 cap=3726 rest=117] sg=1->1 mode=NONE win=7 obs=7 | cap=wip act=(320,360) d=3.33 a=1 | sp=preview:active d=3.3 age=6 dtg=11.80 region=0_13
ep=262 s=7 5107ms [sel=0 cap=4990 rest=116] sg=1->2 mode=NONE win=8 obs=8 | cap=DONE act=TURN request=+45deg execute=+15deg x1 a=3 | sp=preview:active d=3.1 age=7 dtg=11.80 region=0_13
ep=262 s=8 3609ms [sel=0 cap=3466 rest=143] sg=2->2 mode=NONE win=8 obs=9 | cap=wip act=TURN request=+45deg execute=+15deg x1 a=3 dtg=11.80 region=0_13
ep=262 s=9 4495ms [sel=0 cap=4380 rest=114] sg=2->2 mode=NONE win=8 obs=10 | cap=wip act=TURN request=+45deg execute=+15deg x1 a=3 dtg=11.80 region=0_13
ep=262 s=10 5412ms [sel=0 cap=5293 rest=119] sg=2->2 mode=NONE win=8 obs=11 | cap=wip act=TURN request=+45deg execute=+15deg x1 a=3 dtg=11.80 region=0_13
ep=262 s=11 7454ms [sel=1583 cap=5755 rest=116] sg=2->2 mode=NONE win=8 obs=12 | cap=wip act=(320,360) d=3.01 a=2 | sp=frontier:active d=3.0 age=0 som=1/4 dtg=11.80 region=0_13
ep=262 s=12 2330ms [sel=31 cap=2185 rest=114] sg=2->2 mode=NONE win=8 obs=13 | cap=wip act=(320,360) d=3.01 a=2 | sp=frontier:active d=3.0 age=1 dtg=11.80 region=0_13
ep=262 s=13 4188ms [sel=26 cap=4048 rest=114] sg=2->2 mode=NONE win=8 obs=14 | cap=wip act=(320,360) d=3.01 a=2 | sp=frontier:active d=3.0 age=2 dtg=11.80 region=0_13
ep=262 s=14 3997ms [sel=10 cap=3870 rest=117] sg=2->2 mode=NONE win=8 obs=15 | cap=wip act=(320,360) d=3.01 a=2 | sp=frontier:active d=3.0 age=3 dtg=11.80 region=0_13
ep=262 s=15 7379ms [sel=10 cap=7254 rest=115] sg=2->2 mode=NONE win=8 obs=16 | cap=wip act=(320,360) d=3.01 a=1 | sp=frontier:active d=3.0 age=4 dtg=12.05 region=0_14
ep=262 s=16 6760ms [sel=8 cap=6640 rest=112] sg=2->2 mode=NONE win=8 obs=17 | cap=wip act=(320,360) d=2.76 a=2 | sp=frontier:active d=2.8 age=5 dtg=12.05 region=0_14
ep=262 s=17 3101ms [sel=8 cap=2982 rest=111] sg=2->2 mode=NONE win=8 obs=18 | cap=wip act=(320,360) d=2.76 a=2 | sp=frontier:active d=2.8 age=6 dtg=12.05 region=0_14
ep=262 s=18 5685ms [sel=8 cap=5561 rest=115] sg=2->2 mode=NONE win=8 obs=19 | cap=wip act=(320,360) d=2.76 a=1 | sp=frontier:active d=2.8 age=7 dtg=12.25 region=0_14
ep=262 s=19 2680ms [sel=8 cap=2559 rest=112] sg=2->2 mode=NONE win=8 obs=20 | cap=wip act=(320,360) d=2.54 a=1 | sp=frontier:active d=2.5 age=8 dtg=12.48 region=0_14
ep=262 s=20 5254ms [sel=8 cap=5133 rest=113] sg=2->2 mode=NONE win=8 obs=21 | cap=wip act=(320,360) d=2.32 a=1 | sp=frontier:active d=2.3 age=9 dtg=12.71 region=0_14
ep=262 s=21 3633ms [sel=8 cap=3519 rest=107] sg=2->2 mode=NONE win=8 obs=22 | cap=wip act=(320,360) d=2.10 a=3 | sp=frontier:active d=2.1 age=10 dtg=12.71 region=0_14
ep=262 s=22 6309ms [sel=8 cap=6198 rest=103] sg=2->2 mode=NONE win=8 obs=23 | cap=wip act=(320,360) d=2.10 a=1 | sp=frontier:active d=2.1 age=11 dtg=12.96 region=0_14
ep=262 s=23 5831ms [sel=8 cap=5718 rest=105] sg=2->2 mode=NONE win=8 obs=24 | cap=wip act=(320,360) d=1.87 a=1 | sp=frontier:active d=1.9 age=12 dtg=13.21 region=0_14
ep=262 s=24 3812ms [sel=8 cap=3695 rest=109] sg=2->2 mode=NONE win=8 obs=25 | cap=wip act=(320,360) d=1.64 a=3 | sp=frontier:active d=1.6 age=13 dtg=13.21 region=0_14
ep=262 s=25 4092ms [sel=11 cap=3975 rest=106] sg=2->2 mode=NONE win=8 obs=26 | cap=wip act=(320,360) d=1.64 a=1 | sp=frontier:active d=1.6 age=14 dtg=13.46 region=0_14
ep=262 s=26 3679ms [sel=8 cap=3558 rest=112] sg=2->2 mode=NONE win=8 obs=27 | cap=wip act=(320,360) d=1.39 a=1 | sp=frontier:active d=1.4 age=15 dtg=13.70 region=0_14
ep=262 s=27 6926ms [sel=1926 cap=4898 rest=103] sg=2->2 mode=NONE win=8 obs=28 | cap=wip act=(320,359) d=1.89 a=1 | sp=straight_ahead:reached d=0.5 age=0 som=1/5 dtg=13.95 region=0_14
ep=262 s=28 5509ms [sel=3153 cap=2255 rest=101] sg=2->2 mode=NONE win=8 obs=29 | cap=wip act=(320,359) d=1.64 a=1 | sp=straight_ahead:reached d=0.4 age=0 som=1/5 dtg=14.19 region=0_14
ep=262 s=29 5869ms [sel=1485 cap=4280 rest=105] sg=2->2 mode=NONE win=8 obs=30 | cap=wip act=(320,360) d=0.84 a=1 | sp=som:active d=0.8 age=0 som=1/5 dtg=14.44 region=0_14
ep=262 s=30 1377ms [sel=6 cap=1251 rest=121] sg=2->2 mode=NONE win=8 obs=31 | cap=wip act=(320,360) d=0.59 a=1 | sp=som:active d=0.6 age=1 dtg=14.69 region=0_14
ep=262 s=31 14163ms [sel=60 cap=14004 rest=100] sg=2->2 mode=NONE win=8 obs=32 | cap=wip act=(296,362) d=1.99 a=1 | sp=straight_ahead:reached d=0.4 age=0 dtg=14.94 region=0_14
ep=262 s=32 8655ms [sel=3422 cap=4797 rest=399] sg=2->2 mode=NONE win=8 obs=33 | cap=wip act=TURN request=-45deg execute=-15deg x1 a=2 | preview=view-/6 yaw=+0 render=37ms | sp=straight_ahead:reached d=0.4 age=1 som=1/4 dtg=14.94 region=0_14
ep=262 s=33 7434ms [sel=0 cap=7324 rest=110] sg=2->3 mode=NONE win=8 obs=34 | cap=DONE act=TURN request=-45deg execute=-15deg x1 a=2 dtg=14.94 region=0_14
ep=262 s=34 9530ms [sel=0 cap=9402 rest=127] sg=3->3 mode=NONE win=8 obs=35 | cap=wip act=TURN request=-45deg execute=-15deg x1 a=2 dtg=14.94 region=0_14
ep=262 s=35 5210ms [sel=0 cap=5086 rest=124] sg=3->3 mode=NONE win=8 obs=36 | cap=wip act=TURN request=-45deg execute=-15deg x1 a=2 dtg=14.94 region=0_14
ep=262 s=36 7036ms [sel=0 cap=6914 rest=122] sg=3->3 mode=NONE win=8 obs=37 | cap=wip act=TURN request=-45deg execute=-15deg x1 a=2 dtg=14.94 region=0_14
ep=262 s=37 5018ms [sel=0 cap=4884 rest=135] sg=3->3 mode=NONE win=8 obs=38 | cap=wip act=TURN request=-45deg execute=-15deg x1 a=2 dtg=14.94 region=0_14
ep=262 s=38 5451ms [sel=0 cap=5321 rest=130] sg=3->3 mode=NONE win=8 obs=39 | cap=wip act=TURN request=-45deg execute=-15deg x1 a=2 dtg=14.94 region=0_14
ep=262 s=39 7631ms [sel=0 cap=7498 rest=133] sg=3->3 mode=NONE win=8 obs=40 | cap=wip act=TURN request=-45deg execute=-15deg x1 a=2 dtg=14.94 region=0_14
ep=262 s=40 5995ms [sel=0 cap=5870 rest=126] sg=3->3 mode=NONE win=8 obs=41 | cap=wip act=TURN request=-45deg execute=-15deg x1 a=2 dtg=14.94 region=0_14
ep=262 s=41 7214ms [sel=0 cap=7094 rest=120] sg=3->3 mode=NONE win=8 obs=42 | cap=wip act=TURN request=-45deg execute=-15deg x1 a=2 dtg=14.94 region=0_14
ep=262 s=42 9490ms [sel=0 cap=9369 rest=121] sg=3->3 mode=NONE win=8 obs=43 | cap=wip act=TURN request=-45deg execute=-15deg x1 a=2 dtg=14.94 region=0_14
ep=262 s=43 6250ms [sel=0 cap=6126 rest=124] sg=3->3 mode=NONE win=8 obs=44 | cap=wip act=TURN request=-45deg execute=-15deg x1 a=2 dtg=14.94 region=0_14
ep=262 s=44 10477ms [sel=1191 cap=9168 rest=118] sg=3->3 mode=NONE win=8 obs=45 | cap=wip act=(320,360) d=3.50 a=1 | sp=som:active d=3.5 age=0 som=1/8 dtg=14.69 region=0_14
ep=262 s=45 6630ms [sel=8 cap=6504 rest=118] sg=3->3 mode=NONE win=8 obs=46 | cap=wip act=(320,360) d=3.26 a=1 | sp=som:active d=3.3 age=1 dtg=14.44 region=0_14
ep=262 s=46 6897ms [sel=8 cap=6775 rest=114] sg=3->3 mode=NONE win=8 obs=47 | cap=wip act=(320,360) d=3.01 a=1 | sp=som:active d=3.0 age=2 dtg=14.19 region=0_14
ep=262 s=47 7729ms [sel=800 cap=6811 rest=118] sg=3->4 mode=NONE win=8 obs=48 | cap=DONE act=(320,360) d=1.88 a=1 | sp=som:active d=1.9 age=0 som=1/8 dtg=13.95 region=0_14
ep=262 s=48 4296ms [sel=4 cap=4170 rest=122] sg=4->4 mode=NONE win=8 obs=49 | cap=wip act=(320,360) d=1.63 a=1 | sp=som:active d=1.6 age=1 dtg=13.70 region=0_14
ep=262 s=49 12708ms [sel=5 cap=12141 rest=521] sg=4->None mode=NONE win=8 obs=50 | cap=DONE act=(320,360) d=1.00 a=1 | preview=view-/6 yaw=+0 render=41ms | sp=som:active d=1.4 age=2 dtg=13.46 region=0_14
ep=262 s=50 119ms [sel=4 cap=0 rest=114] sg=None->None mode=NONE win=8 obs=51 | cap=- act=(320,360) d=1.00 a=1 | sp=som:active d=1.1 age=3 dtg=13.21 region=0_14
ep=262 s=51 120ms [sel=4 cap=0 rest=115] sg=None->None mode=NONE win=8 obs=52 | cap=- act=(320,360) d=1.00 a=1 | sp=som:active d=0.9 age=4 dtg=12.97 region=0_14
ep=262 s=52 113ms [sel=0 cap=0 rest=113] sg=None->None mode=NONE win=8 obs=53 | cap=- act=STOP | sp=som:active d=0.7 age=5 dtg=12.97 region=0_14
rank=2 [4/16] id=262 steps=53 success=0.000 spl=0.000 dtg=12.97 osr=0 path_length=6.75 ndtw=0.135 sdtw=0.000
PluginManager::Manager: duplicate static plugin StbImageImporter, ignoring
PluginManager::Manager: duplicate static plugin GltfImporter, ignoring
PluginManager::Manager: duplicate static plugin BasisImporter, ignoring
PluginManager::Manager: duplicate static plugin AssimpImporter, ignoring
PluginManager::Manager: duplicate static plugin AnySceneImporter, ignoring
PluginManager::Manager: duplicate static plugin AnyImageImporter, ignoring
episode=485 instruction='Toward the two brown daybeds. Past them. Right. Past the daybeds again, to the pool table.' start_position=[3.5328099727630615, 0.12173577398061752, 5.949250221252441] goal_position=[7.799039840698242, 0.018061161041259766, 0.8808019757270813] reference_geodesic=7.932729721069336
episode=485 prepared_subgoals=4
  [1] Walk toward the two brown daybeds
      proof: The two brown daybeds are directly ahead and within a step.
  [2] Walk past the two brown daybeds
      proof: The two brown daybeds is beside or directly ahead of the camera, within a step; the camera has not yet turned right.
  [3] Turn right until the two brown daybeds again is centered ahead, then walk past the two brown daybeds again
      proof: The daybeds are behind and to the side, and the pool table is ahead and within a step.
  [4] Walk to the pool table
      proof: The pool table is directly ahead and within a step
ep=485 s=0 7063ms [sel=6 cap=6511 rest=506] sg=1->1 mode=NONE win=1 obs=1 | cap=wip act=PREVIEW a=2 | preview=view2/6 yaw=+0 render=40ms dtg=7.93 region=1_6
ep=485 s=1 5234ms [sel=859 cap=4230 rest=145] sg=1->1 mode=NONE win=2 obs=2 | cap=wip act=(320,360) d=2.15 a=3 | sp=som:active d=2.2 age=0 som=2/8 dtg=7.93 region=1_6
ep=485 s=2 7106ms [sel=3 cap=6971 rest=132] sg=1->1 mode=GET_NOWHERE win=3 obs=3 | cap=wip/GET_NOWHERE act=(320,360) d=2.15 a=1 | sp=som:active d=2.2 age=1 dtg=7.68 region=1_6
ep=485 s=3 4268ms [sel=3 cap=4113 rest=152] sg=1->1 mode=NONE win=4 obs=4 | cap=wip act=(320,360) d=1.90 a=1 | sp=som:active d=1.9 age=2 dtg=7.43 region=1_6
ep=485 s=4 1807ms [sel=3 cap=1675 rest=130] sg=1->1 mode=NONE win=5 obs=5 | cap=wip act=(320,360) d=1.65 a=1 | sp=som:active d=1.7 age=3 dtg=7.18 region=1_6
ep=485 s=5 5099ms [sel=3 cap=4965 rest=131] sg=1->1 mode=NONE win=6 obs=6 | cap=wip act=(320,360) d=1.40 a=1 | sp=som:active d=1.4 age=4 dtg=6.92 region=1_6
ep=485 s=6 3265ms [sel=4 cap=3111 rest=150] sg=1->1 mode=NONE win=7 obs=7 | cap=wip act=(320,360) d=1.15 a=1 | sp=som:active d=1.2 age=5 dtg=6.67 region=1_6
ep=485 s=7 2514ms [sel=3 cap=2372 rest=139] sg=1->1 mode=NONE win=8 obs=8 | cap=wip act=(320,360) d=0.90 a=1 | sp=som:active d=0.9 age=6 dtg=6.42 region=1_6
ep=485 s=8 6629ms [sel=3 cap=6496 rest=130] sg=1->1 mode=NONE win=8 obs=9 | cap=wip act=(320,360) d=0.65 a=1 | sp=som:active d=0.7 age=7 dtg=6.17 region=1_6
ep=485 s=9 8507ms [sel=674 cap=7707 rest=126] sg=1->1 mode=NONE win=8 obs=10 | cap=wip act=(320,360) d=2.93 a=1 | sp=som:active d=2.9 age=0 som=5/8 dtg=5.93 region=1_6
ep=485 s=10 8160ms [sel=4 cap=8028 rest=128] sg=1->1 mode=NONE win=8 obs=11 | cap=wip act=(320,360) d=2.76 a=2 | sp=som:active d=2.8 age=1 dtg=5.93 region=1_6
ep=485 s=11 4436ms [sel=4 cap=4303 rest=129] sg=1->1 mode=NONE win=8 obs=12 | cap=wip act=(320,360) d=2.76 a=1 | sp=som:active d=2.8 age=2 dtg=5.70 region=1_6
ep=485 s=12 6487ms [sel=4 cap=6350 rest=133] sg=1->1 mode=GET_NOWHERE win=8 obs=13 | cap=wip/GET_NOWHERE act=(320,360) d=2.66 a=1 | sp=som:active d=2.7 age=3 dtg=5.48 region=1_6
ep=485 s=13 12840ms [sel=5 cap=12709 rest=127] sg=1->1 mode=GET_NOWHERE win=8 obs=14 | cap=wip/GET_NOWHERE act=(320,360) d=2.57 a=3 | sp=som:active d=2.6 age=4 dtg=5.48 region=1_6
ep=485 s=14 9452ms [sel=29 cap=8874 rest=511] sg=1->1 mode=GET_NOWHERE win=8 obs=15 | cap=wip/GET_NOWHERE act=(160,180) d=3.23 a=1 | preview=view4/6 yaw=+75 render=38ms | sp=preview:active d=3.2 age=0 dtg=5.25 region=1_6
ep=485 s=15 4442ms [sel=9 cap=4309 rest=124] sg=1->1 mode=NONE win=8 obs=16 | cap=wip act=(320,360) d=3.20 a=1 | sp=preview:active d=3.2 age=1 dtg=5.02 region=1_6
ep=485 s=16 1871ms [sel=10 cap=1737 rest=124] sg=1->1 mode=NONE win=8 obs=17 | cap=wip act=(320,360) d=3.18 a=1 | sp=preview:active d=3.2 age=2 dtg=4.82 region=1_6
ep=485 s=17 4502ms [sel=11 cap=4373 rest=118] sg=1->1 mode=NONE win=8 obs=18 | cap=wip act=(320,360) d=3.18 a=3 | sp=preview:active d=3.2 age=3 dtg=4.82 region=1_6
ep=485 s=18 8399ms [sel=48 cap=7796 rest=518] sg=1->1 mode=NONE win=8 obs=19 | cap=wip act=(160,180) d=4.73 a=1 | preview=view4/6 yaw=+75 render=37ms | sp=preview:active d=4.7 age=0 dtg=4.62 region=1_6
ep=485 s=19 5781ms [sel=29 cap=5624 rest=128] sg=1->1 mode=NONE win=8 obs=20 | cap=wip act=(320,360) d=4.60 a=3 | sp=preview:active d=4.6 age=1 dtg=4.62 region=1_6
ep=485 s=20 7605ms [sel=26 cap=7452 rest=127] sg=1->1 mode=NONE win=8 obs=21 | cap=wip act=(320,360) d=4.60 a=1 | sp=preview:active d=4.6 age=2 dtg=4.43 region=1_6
ep=485 s=21 4719ms [sel=34 cap=4558 rest=127] sg=1->1 mode=NONE win=8 obs=22 | cap=wip act=(320,360) d=4.42 a=3 | sp=preview:active d=4.4 age=3 dtg=4.43 region=1_6
ep=485 s=22 4469ms [sel=4 cap=4337 rest=128] sg=1->1 mode=NONE win=8 obs=23 | cap=wip act=(320,360) d=4.42 a=1 | sp=preview:active d=4.4 age=4 dtg=4.20 region=1_6
ep=485 s=23 4669ms [sel=13 cap=4092 rest=526] sg=1->1 mode=NONE win=8 obs=24 | cap=wip act=(320,360) d=4.21 a=3 | preview=view-/6 yaw=+0 render=37ms | sp=preview:active d=4.2 age=5 dtg=4.20 region=1_6
ep=485 s=24 5474ms [sel=3 cap=5342 rest=129] sg=1->1 mode=NONE win=8 obs=25 | cap=wip act=(320,360) d=4.21 a=3 | sp=preview:active d=4.2 age=6 dtg=4.20 region=1_6
ep=485 s=25 4829ms [sel=3 cap=4697 rest=129] sg=1->1 mode=NONE win=8 obs=26 | cap=wip act=(320,360) d=4.21 a=1 | sp=preview:active d=4.2 age=7 dtg=3.95 region=1_6
ep=485 s=26 3134ms [sel=3 cap=3004 rest=128] sg=1->1 mode=NONE win=8 obs=27 | cap=wip act=(320,360) d=3.96 a=1 | sp=preview:active d=4.0 age=8 dtg=3.70 region=1_11
ep=485 s=27 5940ms [sel=3 cap=5810 rest=127] sg=1->1 mode=NONE win=8 obs=28 | cap=wip act=(320,360) d=3.71 a=3 | sp=preview:active d=3.7 age=9 dtg=3.70 region=1_11
ep=485 s=28 6170ms [sel=3 cap=6038 rest=128] sg=1->1 mode=NONE win=8 obs=29 | cap=wip act=(320,360) d=3.71 a=1 | sp=preview:active d=3.7 age=10 dtg=3.47 region=1_11
ep=485 s=29 4204ms [sel=3 cap=4066 rest=135] sg=1->1 mode=NONE win=8 obs=30 | cap=wip act=(320,360) d=3.46 a=1 | sp=preview:active d=3.5 age=11 dtg=3.23 region=1_11
ep=485 s=30 5345ms [sel=3 cap=5210 rest=133] sg=1->1 mode=NONE win=8 obs=31 | cap=wip act=(320,360) d=3.22 a=1 | sp=preview:active d=3.2 age=12 dtg=2.99 region=1_11
ep=485 s=31 4882ms [sel=3 cap=4748 rest=131] sg=1->1 mode=NONE win=8 obs=32 | cap=wip act=(320,360) d=2.98 a=1 | sp=preview:active d=3.0 age=13 dtg=2.76 region=1_11
ep=485 s=32 4993ms [sel=747 cap=4117 rest=129] sg=1->1 mode=NONE win=8 obs=33 | cap=wip act=(320,360) d=3.03 a=2 | sp=som:active d=3.0 age=0 som=3/7 dtg=2.76 region=1_11
ep=485 s=33 3296ms [sel=3 cap=3163 rest=130] sg=1->1 mode=NONE win=8 obs=34 | cap=wip act=(320,360) d=3.03 a=1 | sp=som:active d=3.0 age=1 dtg=2.51 region=1_11
ep=485 s=34 1626ms [sel=4 cap=1486 rest=135] sg=1->1 mode=NONE win=8 obs=35 | cap=wip act=(320,360) d=2.79 a=1 | sp=som:active d=2.8 age=2 dtg=2.27 region=1_11
ep=485 s=35 4867ms [sel=3 cap=4733 rest=132] sg=1->1 mode=NONE win=8 obs=36 | cap=wip act=(320,360) d=2.55 a=1 | sp=som:active d=2.5 age=3 dtg=2.02 region=1_11
ep=485 s=36 4078ms [sel=3 cap=3931 rest=144] sg=1->1 mode=NONE win=8 obs=37 | cap=wip act=(320,360) d=2.31 a=1 | sp=som:active d=2.3 age=4 dtg=1.78 region=1_11
ep=485 s=37 2888ms [sel=3 cap=2748 rest=138] sg=1->1 mode=NONE win=8 obs=38 | cap=wip act=(320,360) d=2.07 a=1 | sp=som:active d=2.1 age=5 dtg=1.53 region=1_11
ep=485 s=38 4427ms [sel=3 cap=4287 rest=137] sg=1->1 mode=NONE win=8 obs=39 | cap=wip act=(320,360) d=1.84 a=1 | sp=som:active d=1.8 age=6 dtg=1.29 region=1_11
ep=485 s=39 5754ms [sel=3 cap=5609 rest=143] sg=1->1 mode=NONE win=8 obs=40 | cap=wip act=(320,360) d=1.62 a=1 | sp=som:active d=1.6 age=7 dtg=1.06 region=1_8
ep=485 s=40 3243ms [sel=3 cap=3113 rest=127] sg=1->1 mode=NONE win=8 obs=41 | cap=wip act=(320,360) d=1.40 a=3 | sp=som:active d=1.4 age=8 dtg=1.06 region=1_8
ep=485 s=41 3942ms [sel=3 cap=3814 rest=125] sg=1->1 mode=NONE win=8 obs=42 | cap=wip act=(320,360) d=1.40 a=1 | sp=som:active d=1.4 age=9 dtg=0.87 region=1_8
ep=485 s=42 6140ms [sel=3 cap=6012 rest=125] sg=1->1 mode=NONE win=8 obs=43 | cap=wip act=(320,360) d=1.16 a=1 | sp=som:active d=1.2 age=10 dtg=0.71 region=1_8
ep=485 s=43 5212ms [sel=3 cap=5086 rest=123] sg=1->1 mode=NONE win=8 obs=44 | cap=wip act=(320,360) d=0.93 a=3 | sp=som:active d=0.9 age=11 dtg=0.71 region=1_8
ep=485 s=44 5996ms [sel=3 cap=5868 rest=125] sg=1->1 mode=NONE win=8 obs=45 | cap=wip act=(320,360) d=0.93 a=1 | sp=som:active d=0.9 age=12 dtg=0.69 region=1_8
ep=485 s=45 3294ms [sel=3 cap=3164 rest=128] sg=1->1 mode=NONE win=8 obs=46 | cap=wip act=(320,360) d=0.69 a=1 | sp=som:active d=0.7 age=13 dtg=0.76 region=1_8
ep=485 s=46 4367ms [sel=1871 cap=2361 rest=135] sg=1->1 mode=NONE win=8 obs=47 | cap=wip act=(320,360) d=2.66 a=2 | sp=som:active d=2.7 age=0 som=3/8 dtg=0.76 region=1_8
ep=485 s=47 2367ms [sel=3 cap=2244 rest=120] sg=1->1 mode=NONE win=8 obs=48 | cap=wip act=(320,360) d=2.66 a=1 | sp=som:active d=2.7 age=1 dtg=0.84 region=1_8
ep=485 s=48 3852ms [sel=3 cap=3729 rest=121] sg=1->1 mode=NONE win=8 obs=49 | cap=wip act=(320,360) d=2.41 a=1 | sp=som:active d=2.4 age=2 dtg=0.98 region=1_8
ep=485 s=49 3094ms [sel=3 cap=2970 rest=122] sg=1->1 mode=NONE win=8 obs=50 | cap=wip act=(320,360) d=2.16 a=1 | sp=som:active d=2.2 age=3 dtg=1.16 region=1_8
ep=485 s=50 3070ms [sel=3 cap=2945 rest=122] sg=1->1 mode=NONE win=8 obs=51 | cap=wip act=(320,360) d=1.91 a=1 | sp=som:active d=1.9 age=4 dtg=1.36 region=1_8
ep=485 s=51 2044ms [sel=3 cap=1914 rest=127] sg=1->1 mode=NONE win=8 obs=52 | cap=wip act=(320,360) d=1.66 a=1 | sp=som:active d=1.7 age=5 dtg=1.59 region=1_8
ep=485 s=52 2105ms [sel=3 cap=1978 rest=124] sg=1->1 mode=NONE win=8 obs=53 | cap=wip act=(320,360) d=1.41 a=1 | sp=som:active d=1.4 age=6 dtg=1.82 region=1_8
ep=485 s=53 3583ms [sel=3 cap=3456 rest=123] sg=1->1 mode=NONE win=8 obs=54 | cap=wip act=(320,360) d=1.16 a=1 | sp=som:active d=1.2 age=7 dtg=2.06 region=1_8
ep=485 s=54 3173ms [sel=3 cap=3049 rest=121] sg=1->1 mode=NONE win=8 obs=55 | cap=wip act=(320,360) d=0.91 a=1 | sp=som:active d=0.9 age=8 dtg=2.31 region=1_8
ep=485 s=55 6525ms [sel=1947 cap=4454 rest=125] sg=1->1 mode=NONE win=8 obs=56 | cap=wip act=(320,360) d=1.36 a=1 | sp=som:active d=1.4 age=0 som=3/7 dtg=2.55 region=1_8
ep=485 s=56 3967ms [sel=3 cap=3841 rest=123] sg=1->1 mode=NONE win=8 obs=57 | cap=wip act=(320,360) d=1.11 a=1 | sp=som:active d=1.1 age=1 dtg=2.80 region=1_8
ep=485 s=57 6873ms [sel=39 cap=6357 rest=440] sg=1->1 mode=NONE win=8 obs=58 | cap=wip act=(160,180) d=3.26 a=2 | preview=view0/6 yaw=-180 render=37ms | sp=preview:active d=3.3 age=0 dtg=2.80 region=1_8
ep=485 s=58 5847ms [sel=25 cap=5689 rest=133] sg=1->1 mode=NONE win=8 obs=59 | cap=wip act=(320,360) d=3.26 a=2 | sp=preview:active d=3.3 age=1 dtg=2.80 region=1_8
ep=485 s=59 4801ms [sel=25 cap=4644 rest=131] sg=1->1 mode=NONE win=8 obs=60 | cap=wip act=(320,360) d=3.26 a=2 | sp=preview:active d=3.3 age=2 dtg=2.80 region=1_8
ep=485 s=60 4534ms [sel=27 cap=4380 rest=127] sg=1->1 mode=NONE win=8 obs=61 | cap=wip act=(320,360) d=3.26 a=2 | sp=preview:active d=3.3 age=3 dtg=2.80 region=1_8
ep=485 s=61 3241ms [sel=25 cap=3092 rest=124] sg=1->1 mode=NONE win=8 obs=62 | cap=wip act=(320,360) d=3.26 a=2 | sp=preview:active d=3.3 age=4 dtg=2.80 region=1_8
ep=485 s=62 5421ms [sel=25 cap=5259 rest=137] sg=1->1 mode=NONE win=8 obs=63 | cap=wip act=(320,360) d=3.26 a=2 | sp=preview:active d=3.3 age=5 dtg=2.80 region=1_8
ep=485 s=63 6647ms [sel=26 cap=6509 rest=113] sg=1->1 mode=NONE win=8 obs=64 | cap=wip act=(320,360) d=3.26 a=2 | sp=preview:active d=3.3 age=6 dtg=2.80 region=1_8
ep=485 s=64 2962ms [sel=25 cap=2820 rest=117] sg=1->1 mode=NONE win=8 obs=65 | cap=wip act=(320,360) d=3.26 a=2 | sp=preview:active d=3.3 age=7 dtg=2.80 region=1_8
ep=485 s=65 6937ms [sel=25 cap=6793 rest=119] sg=1->1 mode=NONE win=8 obs=66 | cap=wip act=(320,360) d=3.26 a=2 | sp=preview:active d=3.3 age=8 dtg=2.80 region=1_8
ep=485 s=66 6662ms [sel=18 cap=6522 rest=122] sg=1->1 mode=NONE win=8 obs=67 | cap=wip act=(320,360) d=3.26 a=2 | sp=preview:active d=3.3 age=9 dtg=2.80 region=1_8
ep=485 s=67 4132ms [sel=3 cap=4005 rest=124] sg=1->1 mode=NONE win=8 obs=68 | cap=wip act=(320,360) d=3.26 a=2 | sp=preview:active d=3.3 age=10 dtg=2.80 region=1_8
ep=485 s=68 3542ms [sel=3 cap=3414 rest=125] sg=1->1 mode=NONE win=8 obs=69 | cap=wip act=(320,360) d=3.26 a=1 | sp=preview:active d=3.3 age=11 dtg=2.55 region=1_8
ep=485 s=69 3059ms [sel=3 cap=2933 rest=124] sg=1->1 mode=NONE win=8 obs=70 | cap=wip act=(320,360) d=3.01 a=2 | sp=preview:active d=3.0 age=12 dtg=2.55 region=1_8
ep=485 s=70 4458ms [sel=3 cap=4326 rest=128] sg=1->1 mode=NONE win=8 obs=71 | cap=wip act=(320,360) d=3.01 a=1 | sp=preview:active d=3.0 age=13 dtg=2.30 region=1_8
ep=485 s=71 5095ms [sel=3 cap=4966 rest=126] sg=1->1 mode=NONE win=8 obs=72 | cap=wip act=(320,360) d=2.76 a=1 | sp=preview:active d=2.8 age=14 dtg=2.06 region=1_8
ep=485 s=72 2115ms [sel=3 cap=1985 rest=127] sg=1->1 mode=NONE win=8 obs=73 | cap=wip act=(320,360) d=2.52 a=1 | sp=preview:active d=2.5 age=15 dtg=1.81 region=1_8
ep=485 s=73 4346ms [sel=3 cap=4216 rest=126] sg=1->1 mode=NONE win=8 obs=74 | cap=wip act=(320,360) d=2.27 a=1 | sp=preview:active d=2.3 age=16 dtg=1.57 region=1_8
ep=485 s=74 6639ms [sel=3 cap=6508 rest=128] sg=1->1 mode=NONE win=8 obs=75 | cap=wip act=(320,360) d=2.02 a=1 | sp=preview:active d=2.0 age=17 dtg=1.34 region=1_8
ep=485 s=75 5377ms [sel=3 cap=5245 rest=130] sg=1->1 mode=NONE win=8 obs=76 | cap=wip act=(320,360) d=1.77 a=1 | sp=preview:active d=1.8 age=18 dtg=1.12 region=1_8
ep=485 s=76 6213ms [sel=3 cap=6078 rest=132] sg=1->1 mode=NONE win=8 obs=77 | cap=wip act=(320,360) d=1.53 a=1 | sp=preview:active d=1.5 age=19 dtg=0.93 region=1_8
ep=485 s=77 2570ms [sel=3 cap=2433 rest=134] sg=1->1 mode=NONE win=8 obs=78 | cap=wip act=(320,360) d=1.28 a=1 | sp=preview:active d=1.3 age=20 dtg=0.78 region=1_8
ep=485 s=78 5137ms [sel=3 cap=5002 rest=132] sg=1->1 mode=NONE win=8 obs=79 | cap=wip act=(320,360) d=1.04 a=1 | sp=preview:active d=1.0 age=21 dtg=0.70 region=1_8
ep=485 s=79 8116ms [sel=1126 cap=6859 rest=131] sg=1->1 mode=NONE win=8 obs=80 | cap=wip act=(320,360) d=2.95 a=1 | sp=som:active d=3.0 age=0 som=5/8 dtg=0.69 region=1_8
ep=485 s=80 7779ms [sel=3 cap=7644 rest=132] sg=1->1 mode=NONE win=8 obs=81 | cap=wip act=(320,360) d=2.71 a=1 | sp=som:active d=2.7 age=1 dtg=0.77 region=1_8
ep=485 s=81 3553ms [sel=3 cap=3416 rest=133] sg=1->1 mode=NONE win=8 obs=82 | cap=wip act=(320,360) d=2.46 a=1 | sp=som:active d=2.5 age=2 dtg=0.92 region=1_8
ep=485 s=82 4814ms [sel=3 cap=4682 rest=129] sg=1->1 mode=NONE win=8 obs=83 | cap=wip act=(320,360) d=2.21 a=1 | sp=som:active d=2.2 age=3 dtg=1.10 region=1_8
ep=485 s=83 5854ms [sel=36 cap=5270 rest=507] sg=1->1 mode=NONE win=8 obs=84 | cap=wip act=(160,180) d=2.78 a=2 | preview=view1/6 yaw=-90 render=41ms | sp=preview:active d=2.8 age=0 dtg=1.10 region=1_8
ep=485 s=84 4416ms [sel=22 cap=4254 rest=139] sg=1->1 mode=NONE win=8 obs=85 | cap=wip act=(320,360) d=2.78 a=2 | sp=preview:active d=2.8 age=1 dtg=1.10 region=1_8
ep=485 s=85 6332ms [sel=22 cap=6175 rest=135] sg=1->1 mode=NONE win=8 obs=86 | cap=wip act=(320,360) d=2.78 a=2 | sp=preview:active d=2.8 age=2 dtg=1.10 region=1_8
ep=485 s=86 4784ms [sel=21 cap=4627 rest=136] sg=1->1 mode=NONE win=8 obs=87 | cap=wip act=(320,360) d=2.78 a=2 | sp=preview:active d=2.8 age=3 dtg=1.10 region=1_8
ep=485 s=87 5462ms [sel=22 cap=5303 rest=137] sg=1->1 mode=NONE win=8 obs=88 | cap=wip act=(320,360) d=2.78 a=2 | sp=preview:active d=2.8 age=4 dtg=1.10 region=1_8
ep=485 s=88 3245ms [sel=23 cap=3088 rest=134] sg=1->1 mode=NONE win=8 obs=89 | cap=wip act=(320,360) d=2.78 a=2 | sp=preview:active d=2.8 age=5 dtg=1.10 region=1_8
ep=485 s=89 3233ms [sel=17 cap=3085 rest=131] sg=1->1 mode=NONE win=8 obs=90 | cap=wip act=(320,360) d=2.78 a=2 | sp=preview:active d=2.8 age=6 dtg=1.10 region=1_8
ep=485 s=90 5905ms [sel=6 cap=5770 rest=129] sg=1->1 mode=NONE win=8 obs=91 | cap=wip act=(320,360) d=2.78 a=2 | sp=preview:active d=2.8 age=7 dtg=1.10 region=1_8
ep=485 s=91 6970ms [sel=27 cap=6378 rest=525] sg=1->1 mode=NONE win=8 obs=92 | cap=wip act=PREVIEW a=2 | preview=view2/6 yaw=-30 render=40ms | sp=preview:active d=5.7 age=0 dtg=1.10 region=1_8
ep=485 s=92 9338ms [sel=1847 cap=7360 rest=131] sg=1->1 mode=NONE win=8 obs=93 | cap=wip act=(320,359) d=2.02 a=1 | sp=straight_ahead:active d=1.8 age=0 som=2/8 dtg=1.10 region=1_8
ep=485 s=93 7636ms [sel=3 cap=7502 rest=130] sg=1->1 mode=NONE win=8 obs=94 | cap=wip act=(320,360) d=1.51 a=1 | sp=straight_ahead:active d=1.5 age=1 dtg=1.16 region=1_8
ep=485 s=94 6964ms [sel=3 cap=6829 rest=132] sg=1->1 mode=NONE win=8 obs=95 | cap=wip act=(320,360) d=1.26 a=1 | sp=straight_ahead:active d=1.3 age=2 dtg=1.26 region=1_7
ep=485 s=95 7756ms [sel=3 cap=7622 rest=131] sg=1->1 mode=NONE win=8 obs=96 | cap=wip act=(320,360) d=1.01 a=1 | sp=straight_ahead:active d=1.0 age=3 dtg=1.40 region=1_7
ep=485 s=96 5161ms [sel=3 cap=5024 rest=134] sg=1->1 mode=NONE win=8 obs=97 | cap=wip act=(320,360) d=0.76 a=1 | sp=straight_ahead:active d=0.8 age=4 dtg=1.57 region=1_7
ep=485 s=97 7448ms [sel=35 cap=6851 rest=517] sg=1->1 mode=NONE win=8 obs=98 | cap=wip act=(160,180) d=3.78 a=3 | preview=view4/6 yaw=+45 render=45ms | sp=preview:active d=3.8 age=0 dtg=1.57 region=1_7
ep=485 s=98 2987ms [sel=17 cap=2833 rest=136] sg=1->1 mode=NONE win=8 obs=99 | cap=wip act=(320,360) d=3.78 a=1 | sp=preview:active d=3.8 age=1 dtg=1.79 region=1_7
ep=485 s=99 4354ms [sel=16 cap=4205 rest=133] sg=1->1 mode=NONE win=8 obs=100 | cap=wip act=(320,360) d=3.55 a=1 | sp=preview:active d=3.6 age=2 dtg=2.03 region=1_7
ep=485 s=100 8900ms [sel=46 cap=8275 rest=541] sg=1->1 mode=NONE win=8 obs=101 | cap=wip act=(160,180) d=3.61 a=2 | preview=view0/6 yaw=-180 render=39ms | sp=preview:active d=3.6 age=0 dtg=2.03 region=1_7
ep=485 s=101 5223ms [sel=32 cap=5059 rest=132] sg=1->1 mode=NONE win=8 obs=102 | cap=wip act=(320,360) d=3.61 a=2 | sp=preview:active d=3.6 age=1 dtg=2.03 region=1_7
ep=485 s=102 5831ms [sel=32 cap=5664 rest=135] sg=1->1 mode=NONE win=8 obs=103 | cap=wip act=(320,360) d=3.61 a=2 | sp=preview:active d=3.6 age=2 dtg=2.03 region=1_7
ep=485 s=103 6536ms [sel=32 cap=6374 rest=129] sg=1->1 mode=NONE win=8 obs=104 | cap=wip act=(320,360) d=3.61 a=2 | sp=preview:active d=3.6 age=3 dtg=2.03 region=1_7
ep=485 s=104 3877ms [sel=32 cap=3719 rest=126] sg=1->1 mode=NONE win=8 obs=105 | cap=wip act=(320,360) d=3.61 a=2 | sp=preview:active d=3.6 age=4 dtg=2.03 region=1_7
ep=485 s=105 4908ms [sel=37 cap=4739 rest=132] sg=1->1 mode=NONE win=8 obs=106 | cap=wip act=(320,360) d=3.61 a=2 | sp=preview:active d=3.6 age=5 dtg=2.03 region=1_7
ep=485 s=106 3171ms [sel=32 cap=3005 rest=134] sg=1->1 mode=NONE win=8 obs=107 | cap=wip act=(320,360) d=3.61 a=2 | sp=preview:active d=3.6 age=6 dtg=2.03 region=1_7
ep=485 s=107 4567ms [sel=23 cap=4410 rest=134] sg=1->1 mode=NONE win=8 obs=108 | cap=wip act=(320,360) d=3.61 a=2 | sp=preview:active d=3.6 age=7 dtg=2.03 region=1_7
ep=485 s=108 4051ms [sel=3 cap=3914 rest=135] sg=1->1 mode=NONE win=8 obs=109 | cap=wip act=(320,360) d=3.61 a=2 | sp=preview:active d=3.6 age=8 dtg=2.03 region=1_7
ep=485 s=109 2149ms [sel=3 cap=2015 rest=131] sg=1->1 mode=NONE win=8 obs=110 | cap=wip act=(320,360) d=3.61 a=1 | sp=preview:active d=3.6 age=9 dtg=1.80 region=1_7
ep=485 s=110 4104ms [sel=3 cap=3969 rest=133] sg=1->1 mode=NONE win=8 obs=111 | cap=wip act=(320,360) d=3.36 a=2 | sp=preview:active d=3.4 age=10 dtg=1.80 region=1_7
ep=485 s=111 6758ms [sel=3 cap=6629 rest=126] sg=1->1 mode=NONE win=8 obs=112 | cap=wip act=(320,360) d=3.36 a=1 | sp=preview:active d=3.4 age=11 dtg=1.55 region=1_7
ep=485 s=112 3382ms [sel=3 cap=3257 rest=122] sg=1->1 mode=NONE win=8 obs=113 | cap=wip act=(320,360) d=3.11 a=1 | sp=preview:active d=3.1 age=12 dtg=1.30 region=1_7
ep=485 s=113 4284ms [sel=3 cap=4156 rest=125] sg=1->1 mode=NONE win=8 obs=114 | cap=wip act=(320,360) d=2.86 a=1 | sp=preview:active d=2.9 age=13 dtg=1.06 region=1_8
ep=485 s=114 2276ms [sel=3 cap=2153 rest=121] sg=1->1 mode=NONE win=8 obs=115 | cap=wip act=(320,360) d=2.61 a=2 | sp=preview:active d=2.6 age=14 dtg=1.06 region=1_8
ep=485 s=115 2576ms [sel=3 cap=2446 rest=127] sg=1->1 mode=NONE win=8 obs=116 | cap=wip act=(320,360) d=2.61 a=1 | sp=preview:active d=2.6 age=15 dtg=0.81 region=1_8
ep=485 s=116 5336ms [sel=3 cap=5208 rest=124] sg=1->1 mode=NONE win=8 obs=117 | cap=wip act=(320,360) d=2.38 a=1 | sp=preview:active d=2.4 age=16 dtg=0.56 region=1_8
ep=485 s=117 3318ms [sel=3 cap=3189 rest=125] sg=1->1 mode=NONE win=8 obs=118 | cap=wip act=(320,360) d=2.16 a=1 | sp=preview:active d=2.2 age=17 dtg=0.32 region=1_8
ep=485 s=118 5721ms [sel=3 cap=5595 rest=122] sg=1->1 mode=NONE win=8 obs=119 | cap=wip act=(320,360) d=1.94 a=1 | sp=preview:active d=1.9 age=18 dtg=0.09 region=1_8
ep=485 s=119 4697ms [sel=3 cap=4573 rest=122] sg=1->1 mode=NONE win=8 obs=120 | cap=wip act=(320,360) d=1.73 a=3 | sp=preview:active d=1.7 age=19 dtg=0.09 region=1_8
ep=485 s=120 3082ms [sel=3 cap=2963 rest=116] sg=1->1 mode=NONE win=8 obs=121 | cap=wip act=(320,360) d=1.73 a=1 | sp=preview:active d=1.7 age=20 dtg=0.22 region=1_8
ep=485 s=121 5005ms [sel=3 cap=4874 rest=128] sg=1->1 mode=NONE win=8 obs=122 | cap=wip act=(320,360) d=1.50 a=1 | sp=preview:active d=1.5 age=21 dtg=0.46 region=1_8
ep=485 s=122 5229ms [sel=2622 cap=2484 rest=123] sg=1->1 mode=NONE win=8 obs=123 | cap=wip act=(320,360) d=1.20 a=1 | sp=som:active d=1.2 age=0 som=2/6 dtg=0.71 region=1_8
ep=485 s=123 3690ms [sel=3 cap=3567 rest=120] sg=1->1 mode=NONE win=8 obs=124 | cap=wip act=(320,360) d=0.96 a=1 | sp=som:active d=1.0 age=1 dtg=0.96 region=1_8
ep=485 s=124 6915ms [sel=3 cap=6795 rest=117] sg=1->1 mode=NONE win=8 obs=125 | cap=wip act=(320,360) d=0.75 a=3 | sp=som:active d=0.7 age=2 dtg=0.96 region=1_8
ep=485 s=125 9241ms [sel=3 cap=8747 rest=454] sg=1->1 mode=NONE win=8 obs=126 | cap=wip act=(320,360) d=0.75 a=1 | preview=view-/6 yaw=+0 render=37ms | sp=som:active d=0.7 age=3 dtg=1.21 region=1_8
ep=485 s=126 4341ms [sel=3 cap=4214 rest=125] sg=1->1 mode=NONE win=8 obs=127 | cap=wip act=(320,360) d=0.51 a=3 | sp=som:active d=0.5 age=4 dtg=1.21 region=1_8
ep=485 s=127 5367ms [sel=3 cap=5231 rest=133] sg=1->1 mode=NONE win=8 obs=128 | cap=wip act=(320,360) d=0.51 a=1 | sp=som:active d=0.5 age=5 dtg=1.44 region=1_8
ep=485 s=128 6657ms [sel=3315 cap=3176 rest=165] sg=1->1 mode=NONE win=8 obs=129 | cap=wip act=(320,360) d=1.23 a=3 | sp=som:active d=1.2 age=0 som=2/6 dtg=1.44 region=1_8
ep=485 s=129 4274ms [sel=8 cap=4132 rest=134] sg=1->1 mode=NONE win=8 obs=130 | cap=wip act=(320,360) d=1.23 a=3 | sp=som:active d=1.2 age=1 dtg=1.44 region=1_8
ep=485 s=130 4330ms [sel=8 cap=4189 rest=133] sg=1->1 mode=NONE win=8 obs=131 | cap=wip act=(320,360) d=1.23 a=1 | sp=som:active d=1.2 age=2 dtg=1.61 region=1_8
ep=485 s=131 4404ms [sel=3 cap=4268 rest=133] sg=1->1 mode=NONE win=8 obs=132 | cap=wip act=(320,360) d=1.00 a=3 | sp=som:active d=1.0 age=3 dtg=1.61 region=1_8
ep=485 s=132 2603ms [sel=3 cap=2468 rest=132] sg=1->1 mode=NONE win=8 obs=133 | cap=wip act=(320,360) d=1.00 a=1 | sp=som:active d=1.0 age=4 dtg=1.78 region=1_8
ep=485 s=133 4076ms [sel=3 cap=3941 rest=132] sg=1->1 mode=NONE win=8 obs=134 | cap=wip act=(320,360) d=0.76 a=3 | sp=som:active d=0.8 age=5 dtg=1.78 region=1_8
ep=485 s=134 2678ms [sel=3 cap=2551 rest=123] sg=1->1 mode=NONE win=8 obs=135 | cap=wip act=(320,360) d=0.76 a=1 | sp=som:active d=0.8 age=6 dtg=1.96 region=1_8
ep=485 s=135 10569ms [sel=81 cap=10364 rest=125] sg=1->1 mode=NONE win=8 obs=136 | cap=wip act=(320,360) d=2.45 a=1 | sp=frontier:active d=2.4 age=0 dtg=2.18 region=1_8
ep=485 s=136 4176ms [sel=3 cap=4038 rest=135] sg=1->1 mode=NONE win=8 obs=137 | cap=wip act=(320,360) d=2.20 a=1 | sp=frontier:active d=2.2 age=1 dtg=2.41 region=1_8
ep=485 s=137 7947ms [sel=3 cap=7814 rest=130] sg=1->1 mode=NONE win=8 obs=138 | cap=wip act=(320,360) d=1.96 a=1 | sp=frontier:active d=2.0 age=2 dtg=2.65 region=1_8
ep=485 s=138 8120ms [sel=3 cap=7600 rest=477] sg=1->1 mode=NONE win=8 obs=139 | cap=wip act=(320,360) d=1.71 a=1 | preview=view-/6 yaw=+0 render=40ms | sp=frontier:active d=1.7 age=3 dtg=2.89 region=1_8
ep=485 s=139 4312ms [sel=3 cap=4180 rest=129] sg=1->1 mode=NONE win=8 obs=140 | cap=wip act=(320,360) d=1.47 a=1 | sp=frontier:active d=1.5 age=4 dtg=3.14 region=1_8
ep=485 s=140 5051ms [sel=3 cap=4916 rest=132] sg=1->1 mode=NONE win=8 obs=141 | cap=wip act=(320,360) d=1.24 a=1 | sp=frontier:active d=1.2 age=5 dtg=3.38 region=1_8
ep=485 s=141 8359ms [sel=3 cap=8232 rest=125] sg=1->1 mode=NONE win=8 obs=142 | cap=wip act=(320,360) d=1.00 a=1 | sp=frontier:active d=1.0 age=6 dtg=3.63 region=1_8
ep=485 s=142 5474ms [sel=3 cap=5340 rest=130] sg=1->1 mode=NONE win=8 obs=143 | cap=wip act=(320,360) d=0.78 a=3 | sp=frontier:active d=0.8 age=7 dtg=3.63 region=1_8
ep=485 s=143 5778ms [sel=3 cap=5632 rest=143] sg=1->1 mode=NONE win=8 obs=144 | cap=wip act=(320,360) d=0.78 a=1 | sp=frontier:active d=0.8 age=8 dtg=3.86 region=1_8
ep=485 s=144 3806ms [sel=4 cap=3673 rest=129] sg=1->1 mode=NONE win=8 obs=145 | cap=wip act=(320,360) d=0.55 a=3 | sp=frontier:active d=0.6 age=9 dtg=3.86 region=1_8
ep=485 s=145 6510ms [sel=3 cap=6378 rest=129] sg=1->1 mode=NONE win=8 obs=146 | cap=wip act=(320,360) d=0.55 a=1 | sp=frontier:active d=0.6 age=10 dtg=4.06 region=1_8
ep=485 s=146 6528ms [sel=3006 cap=3389 rest=134] sg=1->1 mode=NONE win=8 obs=147 | cap=wip act=(320,360) d=0.57 a=3 | sp=som:active d=0.6 age=0 som=2/4 dtg=4.06 region=1_8
ep=485 s=147 6302ms [sel=5 cap=6163 rest=133] sg=1->1 mode=NONE win=8 obs=148 | cap=wip act=(320,360) d=0.57 a=3 | sp=som:active d=0.6 age=1 dtg=4.06 region=1_8
ep=485 s=148 4714ms [sel=5 cap=4581 rest=128] sg=1->1 mode=NONE win=8 obs=149 | cap=wip act=(320,360) d=0.57 a=1 | sp=som:active d=0.6 age=2 dtg=4.19 region=1_8
ep=485 s=149 8434ms [sel=3023 cap=5271 rest=140] sg=1->1 mode=NONE win=8 obs=150 | cap=wip act=(320,360) d=4.77 a=3 | sp=frontier:active d=4.8 age=0 som=1/6 dtg=4.19 region=1_8
ep=485 s=150 5794ms [sel=88 cap=5583 rest=124] sg=1->1 mode=NONE win=8 obs=151 | cap=wip act=(320,360) d=4.77 a=3 | sp=frontier:active d=4.8 age=1 dtg=4.19 region=1_8
ep=485 s=151 5263ms [sel=56 cap=5079 rest=127] sg=1->1 mode=NONE win=8 obs=152 | cap=wip act=(320,360) d=4.77 a=3 | sp=frontier:active d=4.8 age=2 dtg=4.19 region=1_8
ep=485 s=152 9049ms [sel=49 cap=8873 rest=128] sg=1->1 mode=NONE win=8 obs=153 | cap=wip act=(320,360) d=4.77 a=3 | sp=frontier:active d=4.8 age=3 dtg=4.19 region=1_8
ep=485 s=153 3497ms [sel=45 cap=3318 rest=134] sg=1->1 mode=NONE win=8 obs=154 | cap=wip act=(320,360) d=4.77 a=3 | sp=frontier:active d=4.8 age=4 dtg=4.19 region=1_8
ep=485 s=154 4647ms [sel=36 cap=4477 rest=134] sg=1->1 mode=NONE win=8 obs=155 | cap=wip act=(320,360) d=4.77 a=3 | sp=frontier:active d=4.8 age=5 dtg=4.19 region=1_8
ep=485 s=155 3878ms [sel=24 cap=3727 rest=128] sg=1->1 mode=NONE win=8 obs=156 | cap=wip act=(320,360) d=4.77 a=3 | sp=frontier:active d=4.8 age=6 dtg=4.19 region=1_8
ep=485 s=156 5534ms [sel=18 cap=5391 rest=125] sg=1->1 mode=NONE win=8 obs=157 | cap=wip act=(320,360) d=4.77 a=3 | sp=frontier:active d=4.8 age=7 dtg=4.19 region=1_8
ep=485 s=157 6946ms [sel=26 cap=6801 rest=120] sg=1->1 mode=NONE win=8 obs=158 | cap=wip act=(320,360) d=4.77 a=3 | sp=frontier:active d=4.8 age=8 dtg=4.19 region=1_8
ep=485 s=158 4515ms [sel=30 cap=4361 rest=124] sg=1->1 mode=NONE win=8 obs=159 | cap=wip act=(320,360) d=4.77 a=3 | sp=frontier:active d=4.8 age=9 dtg=4.19 region=1_8
ep=485 s=159 7936ms [sel=37 cap=7773 rest=126] sg=1->1 mode=NONE win=8 obs=160 | cap=wip act=(320,360) d=4.77 a=1 | sp=frontier:active d=4.8 age=10 dtg=3.97 region=1_8
ep=485 s=160 5521ms [sel=34 cap=5359 rest=128] sg=1->1 mode=NONE win=8 obs=161 | cap=wip act=(320,360) d=4.78 a=1 | sp=frontier:active d=4.8 age=11 dtg=3.76 region=1_8
ep=485 s=161 6936ms [sel=34 cap=6770 rest=132] sg=1->1 mode=NONE win=8 obs=162 | cap=wip act=(320,360) d=4.81 a=1 | sp=frontier:active d=4.8 age=12 dtg=3.56 region=1_8
ep=485 s=162 3712ms [sel=34 cap=3546 rest=132] sg=1->1 mode=NONE win=8 obs=163 | cap=wip act=(320,360) d=4.85 a=2 | sp=frontier:active d=4.9 age=13 dtg=3.56 region=1_8
ep=485 s=163 2748ms [sel=29 cap=2591 rest=128] sg=1->1 mode=NONE win=8 obs=164 | cap=wip act=(320,360) d=4.85 a=1 | sp=frontier:active d=4.9 age=14 dtg=3.33 region=1_8
ep=485 s=164 4190ms [sel=31 cap=4034 rest=125] sg=1->1 mode=NONE win=8 obs=165 | cap=wip act=(320,360) d=4.84 a=2 | sp=frontier:active d=4.8 age=15 dtg=3.33 region=1_8
ep=485 s=165 3664ms [sel=25 cap=3517 rest=122] sg=1->1 mode=NONE win=8 obs=166 | cap=wip act=(320,360) d=4.84 a=1 | sp=frontier:active d=4.8 age=16 dtg=3.09 region=1_8
ep=485 s=166 3347ms [sel=26 cap=3193 rest=128] sg=1->1 mode=NONE win=8 obs=167 | cap=wip act=(320,360) d=4.78 a=1 | sp=frontier:active d=4.8 age=17 dtg=2.84 region=1_8
ep=485 s=167 4705ms [sel=28 cap=4550 rest=127] sg=1->1 mode=NONE win=8 obs=168 | cap=wip act=(320,360) d=4.73 a=1 | sp=frontier:active d=4.7 age=18 dtg=2.60 region=1_8
ep=485 s=168 4449ms [sel=32 cap=4296 rest=121] sg=1->1 mode=NONE win=8 obs=169 | cap=wip act=(320,360) d=4.69 a=1 | sp=frontier:active d=4.7 age=19 dtg=2.37 region=1_8
ep=485 s=169 8198ms [sel=3306 cap=4767 rest=124] sg=1->1 mode=NONE win=8 obs=170 | cap=wip act=(320,360) d=3.16 a=1 | sp=som:active d=3.2 age=0 som=5/6 dtg=2.14 region=1_8
ep=485 s=170 5453ms [sel=7 cap=5321 rest=126] sg=1->1 mode=NONE win=8 obs=171 | cap=wip act=(320,360) d=2.96 a=1 | sp=som:active d=3.0 age=1 dtg=1.93 region=1_8
ep=485 s=171 5670ms [sel=11 cap=5168 rest=454] sg=1->1 mode=NONE win=8 obs=172 | cap=wip act=(320,360) d=2.76 a=2 | preview=view-/6 yaw=+0 render=37ms | sp=som:active d=2.8 age=2 dtg=1.93 region=1_8
ep=485 s=172 5511ms [sel=3 cap=5350 rest=158] sg=1->1 mode=NONE win=8 obs=173 | cap=wip act=(320,360) d=2.76 a=1 | sp=som:active d=2.8 age=3 dtg=1.72 region=1_8
ep=485 s=173 5371ms [sel=3 cap=5241 rest=127] sg=1->1 mode=NONE win=8 obs=174 | cap=wip act=(320,360) d=2.54 a=1 | sp=som:active d=2.5 age=4 dtg=1.57 region=1_8
ep=485 s=174 5238ms [sel=5 cap=5103 rest=130] sg=1->1 mode=NONE win=8 obs=175 | cap=wip act=(320,360) d=2.32 a=2 | sp=som:active d=2.3 age=5 dtg=1.57 region=1_8
ep=485 s=175 6543ms [sel=3 cap=6409 rest=131] sg=1->1 mode=NONE win=8 obs=176 | cap=wip act=(320,360) d=2.32 a=1 | sp=som:active d=2.3 age=6 dtg=1.40 region=1_8
ep=485 s=176 7996ms [sel=3 cap=7863 rest=130] sg=1->1 mode=NONE win=8 obs=177 | cap=wip act=(320,360) d=2.08 a=1 | sp=som:active d=2.1 age=7 dtg=1.26 region=1_8
ep=485 s=177 5445ms [sel=3 cap=5308 rest=134] sg=1->1 mode=NONE win=8 obs=178 | cap=wip act=(320,360) d=1.84 a=2 | sp=som:active d=1.8 age=8 dtg=1.26 region=1_8
ep=485 s=178 3274ms [sel=3 cap=3115 rest=156] sg=1->1 mode=NONE win=8 obs=179 | cap=wip act=(320,360) d=1.84 a=1 | sp=som:active d=1.8 age=9 dtg=1.10 region=1_8
ep=485 s=179 5266ms [sel=3 cap=5128 rest=134] sg=1->1 mode=NONE win=8 obs=180 | cap=wip act=(320,360) d=1.59 a=2 | sp=som:active d=1.6 age=10 dtg=1.10 region=1_8
ep=485 s=180 6578ms [sel=3 cap=6442 rest=133] sg=1->1 mode=NONE win=8 obs=181 | cap=wip act=(320,360) d=1.59 a=1 | sp=som:active d=1.6 age=11 dtg=0.92 region=1_8
ep=485 s=181 6226ms [sel=18 cap=5684 rest=486] sg=1->1 mode=NONE win=8 obs=182 | cap=wip act=(160,180) d=3.12 a=2 | preview=view2/6 yaw=-45 render=38ms | sp=preview:active d=3.1 age=0 dtg=0.92 region=1_8
ep=485 s=182 2785ms [sel=3 cap=2644 rest=138] sg=1->1 mode=NONE win=8 obs=183 | cap=wip act=(320,360) d=3.12 a=1 | sp=preview:active d=3.1 age=1 dtg=0.72 region=1_8
ep=485 s=183 6482ms [sel=3 cap=6344 rest=136] sg=1->1 mode=NONE win=8 obs=184 | cap=wip act=(320,360) d=2.90 a=2 | sp=preview:active d=2.9 age=2 dtg=0.72 region=1_8
ep=485 s=184 5947ms [sel=3 cap=5815 rest=130] sg=1->1 mode=NONE win=8 obs=185 | cap=wip act=(320,360) d=2.90 a=2 | sp=preview:active d=2.9 age=3 dtg=0.72 region=1_8
ep=485 s=185 6868ms [sel=3 cap=6735 rest=130] sg=1->1 mode=NONE win=8 obs=186 | cap=wip act=(320,360) d=2.90 a=1 | sp=preview:active d=2.9 age=4 dtg=0.49 region=1_8
ep=485 s=186 5334ms [sel=3 cap=5201 rest=130] sg=1->1 mode=NONE win=8 obs=187 | cap=wip act=(320,360) d=2.65 a=1 | sp=preview:active d=2.6 age=5 dtg=0.28 region=1_8
ep=485 s=187 6595ms [sel=4 cap=6457 rest=134] sg=1->1 mode=NONE win=8 obs=188 | cap=wip act=(320,360) d=2.40 a=1 | sp=preview:active d=2.4 age=6 dtg=0.20 region=1_8
ep=485 s=188 3589ms [sel=3 cap=3456 rest=130] sg=1->1 mode=NONE win=8 obs=189 | cap=wip act=(320,360) d=2.15 a=1 | sp=preview:active d=2.1 age=7 dtg=0.36 region=1_8
ep=485 s=189 4167ms [sel=3 cap=4033 rest=131] sg=1->1 mode=NONE win=8 obs=190 | cap=wip act=(320,360) d=1.90 a=1 | sp=preview:active d=1.9 age=8 dtg=0.58 region=1_8
ep=485 s=190 3649ms [sel=3 cap=3513 rest=132] sg=1->1 mode=NONE win=8 obs=191 | cap=wip act=(320,360) d=1.65 a=1 | sp=preview:active d=1.7 age=9 dtg=0.82 region=1_8
ep=485 s=191 4893ms [sel=3 cap=4753 rest=137] sg=1->1 mode=NONE win=8 obs=192 | cap=wip act=(320,360) d=1.40 a=3 | sp=preview:active d=1.4 age=10 dtg=0.82 region=1_8
ep=485 s=192 5533ms [sel=3 cap=5399 rest=131] sg=1->1 mode=NONE win=8 obs=193 | cap=wip act=(320,360) d=1.40 a=1 | sp=preview:active d=1.4 age=11 dtg=1.08 region=1_8
ep=485 s=193 5135ms [sel=3 cap=4997 rest=134] sg=1->1 mode=NONE win=8 obs=194 | cap=wip act=(320,360) d=1.16 a=1 | sp=preview:active d=1.2 age=12 dtg=1.33 region=1_7
ep=485 s=194 3911ms [sel=56 cap=3291 rest=526] sg=1->1 mode=NONE win=8 obs=195 | cap=wip act=(160,180) d=4.94 a=3 | preview=view4/6 yaw=+45 render=38ms | sp=preview:active d=4.9 age=0 dtg=1.33 region=1_7
ep=485 s=195 3638ms [sel=44 cap=3457 rest=137] sg=1->1 mode=NONE win=8 obs=196 | cap=wip act=(320,360) d=4.94 a=3 | sp=preview:active d=4.9 age=1 dtg=1.33 region=1_7
ep=485 s=196 5275ms [sel=34 cap=5104 rest=137] sg=1->1 mode=NONE win=8 obs=197 | cap=wip act=(320,360) d=4.94 a=3 | sp=preview:active d=4.9 age=2 dtg=1.33 region=1_7
ep=485 s=197 12498ms [sel=29 cap=12334 rest=136] sg=1->1 mode=NONE win=8 obs=198 | cap=wip act=(320,360) d=4.94 a=3 | sp=preview:active d=4.9 age=3 dtg=1.33 region=1_7
ep=485 s=198 4819ms [sel=3 cap=4678 rest=138] sg=1->1 mode=NONE win=8 obs=199 | cap=wip act=(320,360) d=4.94 a=1 | sp=preview:active d=4.9 age=4 dtg=1.46 region=1_7
ep=485 s=199 4883ms [sel=5 cap=4744 rest=134] sg=1->1 mode=NONE win=8 obs=200 | cap=wip act=(320,360) d=4.72 a=1 | sp=preview:active d=4.7 age=5 dtg=1.63 region=1_7
ep=485 s=200 5631ms [sel=8 cap=5487 rest=136] sg=1->1 mode=NONE win=8 obs=201 | cap=wip act=(320,360) d=4.51 a=3 | sp=preview:active d=4.5 age=6 dtg=1.63 region=1_7
ep=485 s=201 4321ms [sel=3 cap=4185 rest=133] sg=1->1 mode=NONE win=8 obs=202 | cap=wip act=(320,360) d=4.51 a=1 | sp=preview:active d=4.5 age=7 dtg=1.77 region=1_7
ep=485 s=202 5964ms [sel=3 cap=5825 rest=135] sg=1->1 mode=NONE win=8 obs=203 | cap=wip act=(320,360) d=4.27 a=3 | sp=preview:active d=4.3 age=8 dtg=1.77 region=1_7
ep=485 s=203 5547ms [sel=58 cap=4936 rest=515] sg=1->1 mode=NONE win=8 obs=204 | cap=wip act=(160,180) d=4.45 a=2 | preview=view0/6 yaw=-105 render=37ms | sp=preview:active d=4.4 age=0 dtg=1.77 region=1_7
ep=485 s=204 2934ms [sel=41 cap=2756 rest=137] sg=1->1 mode=NONE win=8 obs=205 | cap=wip act=(320,360) d=4.45 a=2 | sp=preview:active d=4.4 age=1 dtg=1.77 region=1_7
ep=485 s=205 3366ms [sel=41 cap=3184 rest=141] sg=1->1 mode=NONE win=8 obs=206 | cap=wip act=(320,360) d=4.45 a=2 | sp=preview:active d=4.4 age=2 dtg=1.77 region=1_7
ep=485 s=206 6545ms [sel=40 cap=6370 rest=135] sg=1->1 mode=NONE win=8 obs=207 | cap=wip act=(320,360) d=4.45 a=2 | sp=preview:active d=4.4 age=3 dtg=1.77 region=1_7
ep=485 s=207 6102ms [sel=40 cap=5928 rest=134] sg=1->1 mode=NONE win=8 obs=208 | cap=wip act=(320,360) d=4.45 a=2 | sp=preview:active d=4.4 age=4 dtg=1.77 region=1_7
ep=485 s=208 2520ms [sel=39 cap=2342 rest=138] sg=1->1 mode=NONE win=8 obs=209 | cap=wip act=(320,360) d=4.45 a=2 | sp=preview:active d=4.4 age=5 dtg=1.77 region=1_7
ep=485 s=209 4119ms [sel=53 cap=3517 rest=510] sg=1->1 mode=NONE win=8 obs=210 | cap=wip act=(160,180) d=4.80 a=3 | preview=view4/6 yaw=+60 render=39ms | sp=preview:active d=4.8 age=0 dtg=1.77 region=1_7
ep=485 s=210 3043ms [sel=37 cap=2874 rest=132] sg=1->1 mode=NONE win=8 obs=211 | cap=wip act=(320,360) d=4.80 a=3 | sp=preview:active d=4.8 age=1 dtg=1.77 region=1_7
ep=485 s=211 6069ms [sel=37 cap=5890 rest=143] sg=1->1 mode=NONE win=8 obs=212 | cap=wip act=(320,360) d=4.80 a=3 | sp=preview:active d=4.8 age=2 dtg=1.77 region=1_7
ep=485 s=212 6147ms [sel=37 cap=5974 rest=137] sg=1->1 mode=NONE win=8 obs=213 | cap=wip act=(320,360) d=4.80 a=3 | sp=preview:active d=4.8 age=3 dtg=1.77 region=1_7
ep=485 s=213 5235ms [sel=25 cap=4905 rest=305] sg=1->1 mode=NONE win=8 obs=214 | cap=wip act=(320,360) d=4.80 a=3 | sp=preview:active d=4.8 age=4 dtg=1.77 region=1_7
ep=485 s=214 5059ms [sel=3 cap=4920 rest=136] sg=1->1 mode=NONE win=8 obs=215 | cap=wip act=(320,360) d=4.80 a=3 | sp=preview:active d=4.8 age=5 dtg=1.77 region=1_7
ep=485 s=215 5197ms [sel=3 cap=5061 rest=134] sg=1->1 mode=NONE win=8 obs=216 | cap=wip act=(320,360) d=4.80 a=1 | sp=preview:active d=4.8 age=6 dtg=1.87 region=None
ep=485 s=216 7872ms [sel=3 cap=7736 rest=133] sg=1->1 mode=NONE win=8 obs=217 | cap=wip act=(320,360) d=4.55 a=1 | sp=preview:active d=4.6 age=7 dtg=2.02 region=1_6
ep=485 s=217 10205ms [sel=2824 cap=7246 rest=135] sg=1->1 mode=NONE win=8 obs=218 | cap=wip act=(320,360) d=3.08 a=3 | sp=som:active d=3.1 age=0 som=5/7 dtg=2.02 region=1_6
ep=485 s=218 6153ms [sel=3 cap=6013 rest=138] sg=1->1 mode=NONE win=8 obs=219 | cap=wip act=(320,360) d=3.08 a=1 | sp=som:active d=3.1 age=1 dtg=2.19 region=1_6
ep=485 s=219 8078ms [sel=3 cap=7906 rest=170] sg=1->1 mode=NONE win=8 obs=220 | cap=wip act=(320,360) d=2.83 a=3 | sp=som:active d=2.8 age=2 dtg=2.19 region=1_6
ep=485 s=220 9259ms [sel=3 cap=9120 rest=136] sg=1->1 mode=NONE win=8 obs=221 | cap=wip act=(320,360) d=2.83 a=1 | sp=som:active d=2.8 age=3 dtg=2.18 region=1_6
ep=485 s=221 6428ms [sel=19 cap=5849 rest=523] sg=1->1 mode=NONE win=8 obs=222 | cap=wip act=(160,180) d=3.51 a=1 | preview=view2/6 yaw=-45 render=38ms | sp=preview:active d=3.5 age=0 dtg=2.26 region=1_6
ep=485 s=222 9212ms [sel=3 cap=9074 rest=135] sg=1->1 mode=NONE win=8 obs=223 | cap=wip act=(320,360) d=3.30 a=2 | sp=preview:active d=3.3 age=1 dtg=2.26 region=1_6
ep=485 s=223 5425ms [sel=3 cap=5287 rest=135] sg=1->1 mode=NONE win=8 obs=224 | cap=wip act=(320,360) d=3.30 a=1 | sp=preview:active d=3.3 age=2 dtg=2.42 region=1_6
ep=485 s=224 4239ms [sel=3 cap=4102 rest=134] sg=1->1 mode=NONE win=8 obs=225 | cap=wip act=(320,360) d=3.07 a=1 | sp=preview:active d=3.1 age=3 dtg=2.60 region=1_6
ep=485 s=225 3129ms [sel=3 cap=2991 rest=135] sg=1->1 mode=NONE win=8 obs=226 | cap=wip act=(320,360) d=2.84 a=2 | sp=preview:active d=2.8 age=4 dtg=2.60 region=1_6
ep=485 s=226 5164ms [sel=3 cap=5029 rest=132] sg=1->1 mode=NONE win=8 obs=227 | cap=wip act=(320,360) d=2.84 a=1 | sp=preview:active d=2.8 age=5 dtg=2.83 region=1_6
ep=485 s=227 5222ms [sel=3 cap=5087 rest=133] sg=1->1 mode=NONE win=8 obs=228 | cap=wip act=(320,360) d=2.59 a=1 | sp=preview:active d=2.6 age=6 dtg=3.05 region=1_6
ep=485 s=228 6062ms [sel=3 cap=5925 rest=135] sg=1->1 mode=NONE win=8 obs=229 | cap=wip act=(320,360) d=2.34 a=1 | sp=preview:active d=2.3 age=7 dtg=3.29 region=1_6
ep=485 s=229 6916ms [sel=4 cap=6780 rest=133] sg=1->1 mode=NONE win=8 obs=230 | cap=wip act=(320,360) d=2.10 a=1 | sp=preview:active d=2.1 age=8 dtg=3.52 region=1_6
ep=485 s=230 3756ms [sel=3 cap=3620 rest=132] sg=1->1 mode=NONE win=8 obs=231 | cap=wip act=(320,360) d=1.85 a=1 | sp=preview:active d=1.9 age=9 dtg=3.76 region=1_6
ep=485 s=231 4164ms [sel=4 cap=4027 rest=133] sg=1->1 mode=NONE win=8 obs=232 | cap=wip act=(320,360) d=1.61 a=1 | sp=preview:active d=1.6 age=10 dtg=3.99 region=1_6
ep=485 s=232 3087ms [sel=3 cap=2950 rest=134] sg=1->1 mode=NONE win=8 obs=233 | cap=wip act=(320,360) d=1.37 a=1 | sp=preview:active d=1.4 age=11 dtg=4.23 region=1_6
ep=485 s=233 3952ms [sel=4 cap=3813 rest=135] sg=1->1 mode=NONE win=8 obs=234 | cap=wip act=(320,360) d=1.14 a=2 | sp=preview:active d=1.1 age=12 dtg=4.23 region=1_6
ep=485 s=234 4259ms [sel=1193 cap=2922 rest=144] sg=1->1 mode=NONE win=8 obs=235 | cap=wip act=(320,360) d=3.42 a=2 | sp=som:active d=3.4 age=0 som=4/8 dtg=4.23 region=1_6
ep=485 s=235 4201ms [sel=3 cap=4055 rest=143] sg=1->1 mode=NONE win=8 obs=236 | cap=wip act=(320,360) d=3.42 a=1 | sp=som:active d=3.4 age=1 dtg=4.48 region=1_6
ep=485 s=236 4029ms [sel=3 cap=3887 rest=139] sg=1->1 mode=NONE win=8 obs=237 | cap=wip act=(320,360) d=3.17 a=1 | sp=som:active d=3.2 age=2 dtg=4.72 region=1_6
ep=485 s=237 4863ms [sel=20 cap=4266 rest=536] sg=1->1 mode=NONE win=8 obs=238 | cap=wip act=(160,180) d=3.11 a=1 | preview=view2/6 yaw=-45 render=40ms | sp=preview:active d=3.1 age=0 dtg=4.97 region=1_6
ep=485 s=238 3475ms [sel=3 cap=3300 rest=171] sg=1->1 mode=NONE win=8 obs=239 | cap=wip act=(320,360) d=2.86 a=3 | sp=preview:active d=2.9 age=1 dtg=4.97 region=1_6
ep=485 s=239 5812ms [sel=3 cap=5674 rest=135] sg=1->1 mode=NONE win=8 obs=240 | cap=wip act=(320,360) d=2.86 a=1 | sp=preview:active d=2.9 age=2 dtg=5.21 region=1_6
ep=485 s=240 4234ms [sel=3 cap=4095 rest=136] sg=1->1 mode=NONE win=8 obs=241 | cap=wip act=(320,360) d=2.62 a=3 | sp=preview:active d=2.6 age=3 dtg=5.21 region=1_6
ep=485 s=241 4368ms [sel=3 cap=4222 rest=143] sg=1->1 mode=NONE win=8 obs=242 | cap=wip act=(320,360) d=2.62 a=1 | sp=preview:active d=2.6 age=4 dtg=5.45 region=1_6
ep=485 s=242 4613ms [sel=6 cap=4463 rest=143] sg=1->1 mode=NONE win=8 obs=243 | cap=wip act=(320,360) d=2.42 a=1 | sp=preview:active d=2.4 age=5 dtg=5.69 region=None
ep=485 s=243 3625ms [sel=5 cap=3490 rest=131] sg=1->1 mode=NONE win=8 obs=244 | cap=wip act=(320,360) d=2.23 a=1 | sp=preview:active d=2.2 age=6 dtg=5.93 region=1_5
ep=485 s=244 5499ms [sel=6 cap=5362 rest=130] sg=1->1 mode=NONE win=8 obs=245 | cap=wip act=(320,360) d=2.05 a=1 | sp=preview:active d=2.0 age=7 dtg=6.17 region=1_5
ep=485 s=245 3180ms [sel=8 cap=3040 rest=132] sg=1->1 mode=NONE win=8 obs=246 | cap=wip act=(320,360) d=1.89 a=1 | sp=preview:active d=1.9 age=8 dtg=6.41 region=1_5
ep=485 s=246 3882ms [sel=10 cap=3741 rest=131] sg=1->1 mode=NONE win=8 obs=247 | cap=wip act=(320,360) d=1.74 a=1 | sp=preview:active d=1.7 age=9 dtg=6.66 region=1_5
ep=485 s=247 3630ms [sel=11 cap=3481 rest=137] sg=1->1 mode=NONE win=8 obs=248 | cap=wip act=(320,360) d=1.63 a=1 | sp=preview:active d=1.6 age=10 dtg=6.90 region=1_5
ep=485 s=248 5866ms [sel=12 cap=5720 rest=134] sg=1->1 mode=NONE win=8 obs=249 | cap=wip act=(320,360) d=1.54 a=2 | sp=preview:active d=1.5 age=11 dtg=6.90 region=1_5
ep=485 s=249 4192ms [sel=10 cap=4041 rest=141] sg=1->1 mode=NONE win=8 obs=250 | cap=wip act=(320,360) d=1.54 a=2 | sp=preview:active d=1.5 age=12 dtg=6.90 region=1_5
ep=485 s=250 3229ms [sel=8 cap=3080 rest=141] sg=1->1 mode=NONE win=8 obs=251 | cap=wip act=(320,360) d=1.54 a=2 | sp=preview:active d=1.5 age=13 dtg=6.90 region=1_5
ep=485 s=251 3048ms [sel=3 cap=2904 rest=141] sg=1->1 mode=NONE win=8 obs=252 | cap=wip act=(320,360) d=1.54 a=1 | sp=preview:active d=1.5 age=14 dtg=7.11 region=1_5
ep=485 s=252 4338ms [sel=3 cap=4195 rest=140] sg=1->1 mode=NONE win=8 obs=253 | cap=wip act=(320,360) d=1.33 a=2 | sp=preview:active d=1.3 age=15 dtg=7.11 region=1_5
ep=485 s=253 3033ms [sel=3 cap=2888 rest=142] sg=1->1 mode=NONE win=8 obs=254 | cap=wip act=(320,360) d=1.33 a=1 | sp=preview:active d=1.3 age=16 dtg=7.30 region=1_5
ep=485 s=254 5127ms [sel=1316 cap=3670 rest=142] sg=1->1 mode=NONE win=8 obs=255 | cap=wip act=(320,360) d=3.00 a=2 | sp=som:active d=3.0 age=0 som=2/8 dtg=7.30 region=1_5
ep=485 s=255 6434ms [sel=3 cap=6292 rest=139] sg=1->1 mode=NONE win=8 obs=256 | cap=wip act=(320,360) d=3.00 a=1 | sp=som:active d=3.0 age=1 dtg=7.48 region=1_5
ep=485 s=256 3582ms [sel=3 cap=3442 rest=137] sg=1->1 mode=NONE win=8 obs=257 | cap=wip act=(320,360) d=2.76 a=2 | sp=som:active d=2.8 age=2 dtg=7.48 region=1_5
ep=485 s=257 5625ms [sel=3 cap=5486 rest=136] sg=1->1 mode=NONE win=8 obs=258 | cap=wip act=(320,360) d=2.76 a=1 | sp=som:active d=2.8 age=3 dtg=7.67 region=0_12
ep=485 s=258 5542ms [sel=3 cap=5404 rest=135] sg=1->1 mode=NONE win=8 obs=259 | cap=wip act=(320,360) d=2.51 a=1 | sp=som:active d=2.5 age=4 dtg=7.89 region=0_12
ep=485 s=259 4364ms [sel=3 cap=4218 rest=143] sg=1->1 mode=NONE win=8 obs=260 | cap=wip act=(320,360) d=2.26 a=1 | sp=som:active d=2.3 age=5 dtg=8.13 region=0_12
ep=485 s=260 5157ms [sel=3 cap=5018 rest=136] sg=1->1 mode=NONE win=8 obs=261 | cap=wip act=(320,360) d=2.01 a=1 | sp=som:active d=2.0 age=6 dtg=8.37 region=0_12
ep=485 s=261 5696ms [sel=3 cap=5546 rest=147] sg=1->1 mode=NONE win=8 obs=262 | cap=wip act=(320,360) d=1.77 a=1 | sp=som:active d=1.8 age=7 dtg=8.61 region=0_12
ep=485 s=262 4241ms [sel=3 cap=4097 rest=142] sg=1->1 mode=NONE win=8 obs=263 | cap=wip act=(320,360) d=1.52 a=1 | sp=som:active d=1.5 age=8 dtg=8.85 region=0_12
ep=485 s=263 6171ms [sel=3 cap=6032 rest=137] sg=1->1 mode=NONE win=8 obs=264 | cap=wip act=(320,360) d=1.27 a=1 | sp=som:active d=1.3 age=9 dtg=9.10 region=0_12
ep=485 s=264 7199ms [sel=3 cap=7051 rest=146] sg=1->1 mode=NONE win=8 obs=265 | cap=wip act=(320,360) d=1.03 a=1 | sp=som:active d=1.0 age=10 dtg=9.35 region=0_12
ep=485 s=265 5620ms [sel=3 cap=5482 rest=135] sg=1->1 mode=NONE win=8 obs=266 | cap=wip act=(320,360) d=0.79 a=2 | sp=som:active d=0.8 age=11 dtg=9.35 region=0_12
ep=485 s=266 5674ms [sel=3 cap=5529 rest=142] sg=1->1 mode=NONE win=8 obs=267 | cap=wip act=(320,360) d=0.79 a=1 | sp=som:active d=0.8 age=12 dtg=9.58 region=0_12
ep=485 s=267 6220ms [sel=3 cap=6079 rest=138] sg=1->1 mode=NONE win=8 obs=268 | cap=wip act=(320,360) d=0.54 a=1 | sp=som:active d=0.5 age=13 dtg=9.81 region=0_12
ep=485 s=268 7509ms [sel=2072 cap=5306 rest=130] sg=1->1 mode=NONE win=8 obs=269 | cap=wip act=(320,360) d=3.04 a=2 | sp=som:active d=3.0 age=0 som=4/8 dtg=9.81 region=0_12
ep=485 s=269 4337ms [sel=3 cap=4199 rest=135] sg=1->1 mode=NONE win=8 obs=270 | cap=wip act=(320,360) d=3.04 a=1 | sp=som:active d=3.0 age=1 dtg=10.02 region=0_12
ep=485 s=270 3915ms [sel=3 cap=3771 rest=141] sg=1->1 mode=NONE win=8 obs=271 | cap=wip act=(320,360) d=2.79 a=2 | sp=som:active d=2.8 age=2 dtg=10.02 region=0_12
ep=485 s=271 4274ms [sel=3 cap=4136 rest=135] sg=1->1 mode=GET_NOWHERE win=8 obs=272 | cap=wip/GET_NOWHERE act=(320,360) d=2.79 a=1 | sp=som:active d=2.8 age=3 dtg=10.20 region=0_13
ep=485 s=272 5925ms [sel=3 cap=5776 rest=145] sg=1->1 mode=NONE win=8 obs=273 | cap=wip act=(320,360) d=2.54 a=1 | sp=som:active d=2.5 age=4 dtg=10.47 region=0_12
ep=485 s=273 4713ms [sel=3 cap=4572 rest=138] sg=1->1 mode=NONE win=8 obs=274 | cap=wip act=(320,360) d=2.30 a=1 | sp=som:active d=2.3 age=5 dtg=10.25 region=0_12
ep=485 s=274 7960ms [sel=2327 cap=5497 rest=136] sg=1->1 mode=NONE win=8 obs=275 | cap=wip act=(320,360) d=2.97 a=1 | sp=som:active d=3.0 age=0 som=5/8 dtg=10.04 region=0_12
ep=485 s=275 6974ms [sel=19 cap=6386 rest=530] sg=1->1 mode=NONE win=8 obs=276 | cap=wip act=(160,180) d=3.30 a=2 | preview=view2/6 yaw=-45 render=37ms | sp=preview:active d=3.3 age=0 dtg=10.04 region=0_12
ep=485 s=276 6567ms [sel=3 cap=6414 rest=150] sg=1->1 mode=NONE win=8 obs=277 | cap=wip act=(320,360) d=3.30 a=1 | sp=preview:active d=3.3 age=1 dtg=9.82 region=0_12
ep=485 s=277 4178ms [sel=4 cap=4036 rest=138] sg=1->1 mode=NONE win=8 obs=278 | cap=wip act=(320,360) d=3.05 a=1 | sp=preview:active d=3.0 age=2 dtg=9.61 region=0_12
ep=485 s=278 4053ms [sel=3 cap=3912 rest=138] sg=1->1 mode=NONE win=8 obs=279 | cap=wip act=(320,360) d=2.80 a=2 | sp=preview:active d=2.8 age=3 dtg=9.61 region=0_12
ep=485 s=279 7308ms [sel=6 cap=7168 rest=134] sg=1->1 mode=NONE win=8 obs=280 | cap=wip act=(320,360) d=2.80 a=1 | sp=preview:active d=2.8 age=4 dtg=9.39 region=0_12
ep=485 s=280 5739ms [sel=3 cap=5601 rest=135] sg=1->1 mode=NONE win=8 obs=281 | cap=wip act=(320,360) d=2.55 a=1 | sp=preview:active d=2.6 age=5 dtg=9.20 region=1_6
ep=485 s=281 5125ms [sel=4 cap=4988 rest=134] sg=1->1 mode=GET_NOWHERE win=8 obs=282 | cap=wip/GET_NOWHERE act=(320,360) d=2.30 a=1 | sp=preview:active d=2.3 age=6 dtg=9.08 region=1_6
ep=485 s=282 6640ms [sel=3 cap=6504 rest=133] sg=1->1 mode=NONE win=8 obs=283 | cap=wip act=(320,360) d=2.06 a=1 | sp=preview:active d=2.1 age=7 dtg=9.07 region=1_6
ep=485 s=283 6230ms [sel=3 cap=6089 rest=137] sg=1->1 mode=NONE win=8 obs=284 | cap=wip act=(320,360) d=1.81 a=1 | sp=preview:active d=1.8 age=8 dtg=9.11 region=1_6
ep=485 s=284 4980ms [sel=7 cap=4827 rest=146] sg=1->1 mode=NONE win=8 obs=285 | cap=wip act=(320,360) d=1.56 a=3 | sp=preview:active d=1.6 age=9 dtg=9.11 region=1_6
ep=485 s=285 4586ms [sel=5 cap=4441 rest=140] sg=1->1 mode=NONE win=8 obs=286 | cap=wip act=(320,360) d=1.56 a=1 | sp=preview:active d=1.6 age=10 dtg=9.24 region=1_6
ep=485 s=286 5895ms [sel=3 cap=5757 rest=135] sg=1->1 mode=NONE win=8 obs=287 | cap=wip act=(320,360) d=1.31 a=1 | sp=preview:active d=1.3 age=11 dtg=9.42 region=1_6
ep=485 s=287 7613ms [sel=3756 cap=3719 rest=138] sg=1->1 mode=NONE win=8 obs=288 | cap=wip act=(320,360) d=2.72 a=1 | sp=som:active d=2.7 age=0 som=4/8 dtg=9.65 region=1_6
ep=485 s=288 6415ms [sel=5 cap=6270 rest=140] sg=1->1 mode=NONE win=8 obs=289 | cap=wip act=(320,360) d=2.52 a=1 | sp=som:active d=2.5 age=1 dtg=9.89 region=1_6
ep=485 s=289 8064ms [sel=46 cap=7873 rest=145] sg=1->1 mode=NONE win=8 obs=290 | cap=wip act=(320,360) d=2.32 a=2 | sp=som:active d=2.3 age=2 dtg=9.89 region=1_6
ep=485 s=290 4981ms [sel=3 cap=4848 rest=130] sg=1->1 mode=NONE win=8 obs=291 | cap=wip act=(320,360) d=2.01 a=1 | sp=som:active d=2.0 age=3 dtg=10.11 region=1_6
ep=485 s=291 3644ms [sel=3 cap=3507 rest=134] sg=1->1 mode=NONE win=8 obs=292 | cap=wip act=(320,360) d=1.79 a=1 | sp=som:active d=1.8 age=4 dtg=10.33 region=1_9
ep=485 s=292 6075ms [sel=4 cap=5941 rest=131] sg=1->1 mode=NONE win=8 obs=293 | cap=wip act=(320,360) d=1.57 a=1 | sp=som:active d=1.6 age=5 dtg=9.66 region=1_9
ep=485 s=293 5555ms [sel=3 cap=5421 rest=131] sg=1->1 mode=NONE win=8 obs=294 | cap=wip act=(320,360) d=1.37 a=2 | sp=som:active d=1.4 age=6 dtg=9.66 region=1_9
ep=485 s=294 6588ms [sel=6 cap=6447 rest=135] sg=1->1 mode=NONE win=8 obs=295 | cap=wip act=(320,360) d=1.37 a=1 | sp=som:active d=1.4 age=7 dtg=9.41 region=1_9
ep=485 s=295 11346ms [sel=6 cap=11209 rest=131] sg=1->1 mode=NONE win=8 obs=296 | cap=wip act=(320,360) d=1.14 a=1 | sp=som:active d=1.1 age=8 dtg=9.16 region=1_9
ep=485 s=296 6979ms [sel=3 cap=6392 rest=545] sg=1->1 mode=NONE win=8 obs=297 | cap=wip act=(320,360) d=0.92 a=2 | preview=view-/6 yaw=+0 render=40ms | sp=som:active d=0.9 age=9 dtg=9.16 region=1_9
ep=485 s=297 5394ms [sel=3 cap=5253 rest=137] sg=1->1 mode=NONE win=8 obs=298 | cap=wip act=(320,360) d=0.92 a=1 | sp=som:active d=0.9 age=10 dtg=8.92 region=1_9
ep=485 s=298 6871ms [sel=3 cap=6736 rest=133] sg=1->1 mode=NONE win=8 obs=299 | cap=wip act=(320,360) d=0.69 a=2 | sp=som:active d=0.7 age=11 dtg=8.92 region=1_9
ep=485 s=299 7090ms [sel=30 cap=6524 rest=498] sg=1->1 mode=NONE win=8 obs=300 | cap=wip act=(160,180) d=1.65 a=2 | preview=view1/6 yaw=-75 render=38ms | sp=preview:active d=1.6 age=0 dtg=8.92 region=1_9
ep=485 s=300 5612ms [sel=15 cap=5458 rest=139] sg=1->1 mode=NONE win=8 obs=301 | cap=wip act=(320,360) d=1.65 a=2 | sp=preview:active d=1.6 age=1 dtg=8.92 region=1_9
ep=485 s=301 7259ms [sel=15 cap=7107 rest=137] sg=1->1 mode=NONE win=8 obs=302 | cap=wip act=(320,360) d=1.65 a=2 | sp=preview:active d=1.6 age=2 dtg=8.92 region=1_9
ep=485 s=302 5000ms [sel=17 cap=4436 rest=509] sg=1->1 mode=NONE win=8 obs=303 | cap=wip act=(320,360) d=1.65 a=2 | preview=view-/6 yaw=+0 render=38ms | sp=preview:active d=1.6 age=3 dtg=8.92 region=1_9
ep=485 s=303 4725ms [sel=15 cap=4572 rest=138] sg=1->1 mode=NONE win=8 obs=304 | cap=wip act=(320,360) d=1.65 a=2 | sp=preview:active d=1.6 age=4 dtg=8.92 region=1_9
ep=485 s=304 3728ms [sel=16 cap=3576 rest=136] sg=1->1 mode=NONE win=8 obs=305 | cap=wip act=(320,360) d=1.65 a=2 | sp=preview:active d=1.6 age=5 dtg=8.92 region=1_9
ep=485 s=305 4938ms [sel=15 cap=4787 rest=136] sg=1->1 mode=NONE win=8 obs=306 | cap=wip act=(320,360) d=1.65 a=2 | sp=preview:active d=1.6 age=6 dtg=8.92 region=1_9
ep=485 s=306 5269ms [sel=10 cap=5122 rest=137] sg=1->1 mode=NONE win=8 obs=307 | cap=wip act=(320,360) d=1.65 a=2 | sp=preview:active d=1.6 age=7 dtg=8.92 region=1_9
ep=485 s=307 10789ms [sel=4 cap=10647 rest=137] sg=1->1 mode=NONE win=8 obs=308 | cap=wip act=(320,360) d=1.65 a=2 | sp=preview:active d=1.6 age=8 dtg=8.92 region=1_9
ep=485 s=308 6869ms [sel=14 cap=6319 rest=498] sg=1->1 mode=NONE win=8 obs=309 | cap=wip act=PREVIEW a=2 | preview=view3/6 yaw=+15 render=38ms | sp=preview:active d=1.6 age=0 dtg=8.92 region=1_9
ep=485 s=309 9711ms [sel=1712 cap=7867 rest=132] sg=1->1 mode=NONE win=8 obs=310 | cap=wip act=(320,360) d=4.13 a=1 | sp=frontier:active d=4.1 age=0 som=2/8 dtg=9.17 region=1_9
ep=485 s=310 6746ms [sel=3 cap=6612 rest=130] sg=1->1 mode=NONE win=8 obs=311 | cap=wip act=(320,360) d=3.90 a=1 | sp=frontier:active d=3.9 age=1 dtg=9.42 region=1_9
ep=485 s=311 4688ms [sel=3 cap=4557 rest=129] sg=1->1 mode=NONE win=8 obs=312 | cap=wip act=(320,360) d=3.68 a=1 | sp=frontier:active d=3.7 age=2 dtg=9.67 region=1_9
ep=485 s=312 7393ms [sel=3 cap=7261 rest=130] sg=1->1 mode=NONE win=8 obs=313 | cap=wip act=(320,360) d=3.46 a=3 | sp=frontier:active d=3.5 age=3 dtg=9.67 region=1_9
ep=485 s=313 7453ms [sel=3 cap=7312 rest=138] sg=1->1 mode=NONE win=8 obs=314 | cap=wip act=(320,360) d=3.46 a=1 | sp=frontier:active d=3.5 age=4 dtg=10.29 region=1_6
ep=485 s=314 8845ms [sel=3 cap=8676 rest=167] sg=1->1 mode=NONE win=8 obs=315 | cap=wip act=(320,360) d=3.21 a=1 | sp=frontier:active d=3.2 age=5 dtg=10.06 region=1_6
ep=485 s=315 6872ms [sel=3 cap=6722 rest=147] sg=1->1 mode=NONE win=8 obs=316 | cap=wip act=(320,360) d=2.97 a=1 | sp=frontier:active d=3.0 age=6 dtg=9.83 region=1_6
ep=485 s=316 3450ms [sel=3 cap=3314 rest=133] sg=1->1 mode=NONE win=8 obs=317 | cap=wip act=(320,360) d=2.73 a=1 | sp=frontier:active d=2.7 age=7 dtg=9.62 region=1_6
ep=485 s=317 5678ms [sel=3 cap=5541 rest=134] sg=1->1 mode=NONE win=8 obs=318 | cap=wip act=(320,360) d=2.50 a=3 | sp=frontier:active d=2.5 age=8 dtg=9.62 region=1_6
ep=485 s=318 6575ms [sel=3 cap=6434 rest=138] sg=1->1 mode=NONE win=8 obs=319 | cap=wip act=(320,360) d=2.50 a=1 | sp=frontier:active d=2.5 age=9 dtg=9.41 region=1_6
ep=485 s=319 6843ms [sel=3 cap=6704 rest=136] sg=1->1 mode=NONE win=8 obs=320 | cap=wip act=(320,360) d=2.25 a=1 | sp=frontier:active d=2.2 age=10 dtg=9.23 region=1_6
ep=485 s=320 5118ms [sel=3 cap=4977 rest=137] sg=1->1 mode=NONE win=8 obs=321 | cap=wip act=(320,360) d=2.00 a=2 | sp=frontier:active d=2.0 age=11 dtg=9.23 region=1_6
ep=485 s=321 7300ms [sel=3 cap=7161 rest=137] sg=1->1 mode=NONE win=8 obs=322 | cap=wip act=(320,360) d=2.00 a=1 | sp=frontier:active d=2.0 age=12 dtg=9.17 region=1_6
ep=485 s=322 11634ms [sel=64 cap=10969 rest=563] sg=1->1 mode=NONE win=8 obs=323 | cap=wip act=(160,180) d=3.69 a=2 | preview=view0/6 yaw=-180 render=38ms | sp=preview:active d=3.7 age=0 dtg=9.17 region=1_6
ep=485 s=323 4805ms [sel=28 cap=4641 rest=136] sg=1->1 mode=NONE win=8 obs=324 | cap=wip act=(320,360) d=3.69 a=2 | sp=preview:active d=3.7 age=1 dtg=9.17 region=1_6
ep=485 s=324 4019ms [sel=27 cap=3848 rest=143] sg=1->1 mode=NONE win=8 obs=325 | cap=wip act=(320,360) d=3.69 a=2 | sp=preview:active d=3.7 age=2 dtg=9.17 region=1_6
ep=485 s=325 5253ms [sel=28 cap=5088 rest=136] sg=1->1 mode=NONE win=8 obs=326 | cap=wip act=(320,360) d=3.69 a=2 | sp=preview:active d=3.7 age=3 dtg=9.17 region=1_6
ep=485 s=326 5040ms [sel=28 cap=4879 rest=133] sg=1->1 mode=NONE win=8 obs=327 | cap=wip act=(320,360) d=3.69 a=2 | sp=preview:active d=3.7 age=4 dtg=9.17 region=1_6
ep=485 s=327 5300ms [sel=29 cap=5135 rest=136] sg=1->1 mode=NONE win=8 obs=328 | cap=wip act=(320,360) d=3.69 a=2 | sp=preview:active d=3.7 age=5 dtg=9.17 region=1_6
ep=485 s=328 5296ms [sel=27 cap=5136 rest=133] sg=1->1 mode=NONE win=8 obs=329 | cap=wip act=(320,360) d=3.69 a=2 | sp=preview:active d=3.7 age=6 dtg=9.17 region=1_6
ep=485 s=329 3860ms [sel=28 cap=3708 rest=124] sg=1->1 mode=NONE win=8 obs=330 | cap=wip act=(320,360) d=3.69 a=2 | sp=preview:active d=3.7 age=7 dtg=9.17 region=1_6
ep=485 s=330 5424ms [sel=27 cap=5271 rest=127] sg=1->1 mode=NONE win=8 obs=331 | cap=wip act=(320,360) d=3.69 a=2 | sp=preview:active d=3.7 age=8 dtg=9.17 region=1_6
ep=485 s=331 3562ms [sel=7 cap=3426 rest=128] sg=1->1 mode=NONE win=8 obs=332 | cap=wip act=(320,360) d=3.69 a=2 | sp=preview:active d=3.7 age=9 dtg=9.17 region=1_6
ep=485 s=332 7462ms [sel=4 cap=7317 rest=140] sg=1->1 mode=NONE win=8 obs=333 | cap=wip act=(320,360) d=3.69 a=2 | sp=preview:active d=3.7 age=10 dtg=9.17 region=1_6
ep=485 s=333 6960ms [sel=4 cap=6807 rest=149] sg=1->1 mode=NONE win=8 obs=334 | cap=wip act=(320,360) d=3.69 a=1 | sp=preview:active d=3.7 age=11 dtg=9.30 region=1_6
ep=485 s=334 5139ms [sel=3 cap=5000 rest=136] sg=1->1 mode=NONE win=8 obs=335 | cap=wip act=(320,360) d=3.44 a=1 | sp=preview:active d=3.4 age=12 dtg=9.46 region=1_6
ep=485 s=335 4456ms [sel=3 cap=4317 rest=136] sg=1->1 mode=NONE win=8 obs=336 | cap=wip act=(320,360) d=3.20 a=1 | sp=preview:active d=3.2 age=13 dtg=9.67 region=1_6
ep=485 s=336 9997ms [sel=19 cap=9409 rest=530] sg=1->1 mode=NONE win=8 obs=337 | cap=wip act=(160,180) d=3.60 a=2 | preview=view2/6 yaw=-45 render=39ms | sp=preview:active d=3.6 age=0 dtg=9.67 region=1_6
ep=485 s=337 2793ms [sel=3 cap=2656 rest=134] sg=1->1 mode=NONE win=8 obs=338 | cap=wip act=(320,360) d=3.60 a=1 | sp=preview:active d=3.6 age=1 dtg=9.86 region=1_6
ep=485 s=338 6986ms [sel=3 cap=6849 rest=134] sg=1->1 mode=NONE win=8 obs=339 | cap=wip act=(320,360) d=3.35 a=1 | sp=preview:active d=3.4 age=2 dtg=10.08 region=1_6
ep=485 s=339 6485ms [sel=3 cap=6348 rest=134] sg=1->1 mode=NONE win=8 obs=340 | cap=wip act=(320,360) d=3.10 a=1 | sp=preview:active d=3.1 age=3 dtg=10.30 region=1_9
ep=485 s=340 3468ms [sel=3 cap=3332 rest=133] sg=1->1 mode=NONE win=8 obs=341 | cap=wip act=(320,360) d=2.86 a=1 | sp=preview:active d=2.9 age=4 dtg=9.69 region=1_9
ep=485 s=341 5158ms [sel=18 cap=4573 rest=523] sg=1->1 mode=NONE win=8 obs=342 | cap=wip act=(160,180) d=3.22 a=2 | preview=view3/6 yaw=+0 render=44ms | sp=preview:active d=3.2 age=0 dtg=9.69 region=1_9
ep=485 s=342 4073ms [sel=3 cap=3937 rest=134] sg=1->1 mode=NONE win=8 obs=343 | cap=wip act=(320,360) d=3.22 a=1 | sp=preview:active d=3.2 age=1 dtg=9.44 region=1_9
ep=485 s=343 7297ms [sel=3 cap=7164 rest=131] sg=1->1 mode=NONE win=8 obs=344 | cap=wip act=(320,360) d=2.97 a=3 | sp=preview:active d=3.0 age=2 dtg=9.44 region=1_9
ep=485 s=344 6089ms [sel=3 cap=5946 rest=139] sg=1->1 mode=NONE win=8 obs=345 | cap=wip act=(320,360) d=2.97 a=1 | sp=preview:active d=3.0 age=3 dtg=9.20 region=1_9
ep=485 s=345 4471ms [sel=4 cap=4333 rest=135] sg=1->1 mode=NONE win=8 obs=346 | cap=wip act=(320,360) d=2.72 a=1 | sp=preview:active d=2.7 age=4 dtg=8.96 region=1_9
ep=485 s=346 7286ms [sel=3 cap=7149 rest=134] sg=1->1 mode=NONE win=8 obs=347 | cap=wip act=(320,360) d=2.47 a=1 | sp=preview:active d=2.5 age=5 dtg=8.73 region=1_9
ep=485 s=347 5482ms [sel=3 cap=4899 rest=543] sg=1->1 mode=NONE win=8 obs=348 | cap=wip act=(320,360) d=2.23 a=2 | preview=view-/6 yaw=+0 render=38ms | sp=preview:active d=2.2 age=6 dtg=8.73 region=1_9
ep=485 s=348 7682ms [sel=3 cap=7549 rest=130] sg=1->1 mode=NONE win=8 obs=349 | cap=wip act=(320,360) d=2.23 a=1 | sp=preview:active d=2.2 age=7 dtg=8.48 region=1_9
ep=485 s=349 3255ms [sel=3 cap=3119 rest=133] sg=1->1 mode=GET_NOWHERE win=8 obs=350 | cap=wip/GET_NOWHERE act=(320,360) d=1.98 a=1 | sp=preview:active d=2.0 age=8 dtg=8.23 region=1_9
ep=485 s=350 5794ms [sel=823 cap=4835 rest=136] sg=1->1 mode=NONE win=8 obs=351 | cap=wip act=(320,360) d=3.02 a=1 | sp=som:active d=3.0 age=0 som=1/7 dtg=7.99 region=1_9
ep=485 s=351 7877ms [sel=4 cap=7742 rest=132] sg=1->1 mode=NONE win=8 obs=352 | cap=wip act=(320,360) d=2.78 a=1 | sp=som:active d=2.8 age=1 dtg=7.77 region=1_9
ep=485 s=352 6202ms [sel=3 cap=6075 rest=125] sg=1->1 mode=NONE win=8 obs=353 | cap=wip act=(320,360) d=2.53 a=1 | sp=som:active d=2.5 age=2 dtg=7.60 region=1_9
ep=485 s=353 4818ms [sel=4 cap=4688 rest=126] sg=1->1 mode=NONE win=8 obs=354 | cap=wip act=(320,360) d=2.28 a=1 | sp=som:active d=2.3 age=3 dtg=7.47 region=1_9
ep=485 s=354 5894ms [sel=3 cap=5766 rest=124] sg=1->1 mode=NONE win=8 obs=355 | cap=wip act=(320,360) d=2.03 a=1 | sp=som:active d=2.0 age=4 dtg=7.37 region=1_9
ep=485 s=355 4044ms [sel=4 cap=3915 rest=125] sg=1->1 mode=NONE win=8 obs=356 | cap=wip act=(320,360) d=1.78 a=1 | sp=som:active d=1.8 age=5 dtg=7.30 region=1_9
ep=485 s=356 2829ms [sel=3 cap=2702 rest=124] sg=1->1 mode=NONE win=8 obs=357 | cap=wip act=(320,360) d=1.53 a=1 | sp=som:active d=1.5 age=6 dtg=7.27 region=1_9
ep=485 s=357 3263ms [sel=4 cap=3131 rest=128] sg=1->1 mode=NONE win=8 obs=358 | cap=wip act=(320,360) d=1.28 a=1 | sp=som:active d=1.3 age=7 dtg=7.26 region=1_9
ep=485 s=358 6004ms [sel=3 cap=5872 rest=129] sg=1->1 mode=NONE win=8 obs=359 | cap=wip act=(320,360) d=1.04 a=1 | sp=som:active d=1.0 age=8 dtg=7.26 region=1_9
ep=485 s=359 11538ms [sel=12 cap=10958 rest=529] sg=1->1 mode=NONE win=8 obs=360 | cap=wip act=PREVIEW a=2 | preview=view3/6 yaw=+0 render=39ms dtg=7.26 region=1_9
ep=485 s=360 5621ms [sel=1740 cap=3724 rest=157] sg=1->1 mode=NONE win=8 obs=361 | cap=wip act=(320,360) d=2.97 a=1 | sp=som:active d=3.0 age=0 som=3/8 dtg=7.23 region=1_9
ep=485 s=361 5395ms [sel=3 cap=5258 rest=134] sg=1->1 mode=NONE win=8 obs=362 | cap=wip act=(320,360) d=2.73 a=3 | sp=som:active d=2.7 age=1 dtg=7.23 region=1_9
ep=485 s=362 4398ms [sel=3 cap=4266 rest=129] sg=1->1 mode=NONE win=8 obs=363 | cap=wip act=(320,360) d=2.73 a=3 | sp=som:active d=2.7 age=2 dtg=7.23 region=1_9
ep=485 s=363 8033ms [sel=3 cap=7896 rest=135] sg=1->1 mode=NONE win=8 obs=364 | cap=wip act=(320,360) d=2.73 a=1 | sp=som:active d=2.7 age=3 dtg=7.40 region=1_9
ep=485 s=364 4551ms [sel=4 cap=4409 rest=138] sg=1->1 mode=NONE win=8 obs=365 | cap=wip act=(320,360) d=2.49 a=1 | sp=som:active d=2.5 age=4 dtg=7.56 region=1_9
ep=485 s=365 6414ms [sel=6 cap=6281 rest=127] sg=1->1 mode=NONE win=8 obs=366 | cap=wip act=(320,360) d=2.24 a=1 | sp=som:active d=2.2 age=5 dtg=7.73 region=1_9
ep=485 s=366 5906ms [sel=3 cap=5778 rest=125] sg=1->1 mode=NONE win=8 obs=367 | cap=wip act=(320,360) d=2.00 a=3 | sp=som:active d=2.0 age=6 dtg=7.73 region=1_9
ep=485 s=367 7587ms [sel=4 cap=7459 rest=124] sg=1->1 mode=NONE win=8 obs=368 | cap=wip act=(320,360) d=2.00 a=1 | sp=som:active d=2.0 age=7 dtg=7.97 region=1_9
ep=485 s=368 7045ms [sel=3 cap=6499 rest=501] sg=1->1 mode=NONE win=8 obs=369 | cap=wip act=(320,360) d=1.79 a=1 | preview=view-/6 yaw=+0 render=42ms | sp=som:active d=1.8 age=8 dtg=8.21 region=1_9
ep=485 s=369 4033ms [sel=4 cap=3900 rest=129] sg=1->1 mode=NONE win=8 obs=370 | cap=wip act=(320,360) d=1.60 a=2 | sp=som:active d=1.6 age=9 dtg=8.21 region=1_9
ep=485 s=370 6271ms [sel=3 cap=6142 rest=125] sg=1->1 mode=NONE win=8 obs=371 | cap=wip act=(320,360) d=1.60 a=1 | sp=som:active d=1.6 age=10 dtg=8.44 region=1_9
ep=485 s=371 8446ms [sel=3 cap=8313 rest=130] sg=1->1 mode=NONE win=8 obs=372 | cap=wip act=(320,360) d=1.38 a=1 | sp=som:active d=1.4 age=11 dtg=8.67 region=1_9
ep=485 s=372 8789ms [sel=4 cap=8651 rest=135] sg=1->1 mode=NONE win=8 obs=373 | cap=wip act=(320,360) d=1.17 a=2 | sp=som:active d=1.2 age=12 dtg=8.67 region=1_9
ep=485 s=373 2608ms [sel=3 cap=2466 rest=139] sg=1->1 mode=NONE win=8 obs=374 | cap=wip act=(320,360) d=1.17 a=1 | sp=som:active d=1.2 age=13 dtg=8.88 region=1_9
ep=485 s=374 7312ms [sel=3 cap=7185 rest=124] sg=1->1 mode=GET_NOWHERE win=8 obs=375 | cap=wip/GET_NOWHERE act=(320,360) d=0.94 a=1 | sp=som:active d=0.9 age=14 dtg=9.10 region=1_9
ep=485 s=375 6414ms [sel=3 cap=6288 rest=123] sg=1->1 mode=NONE win=8 obs=376 | cap=wip act=(320,360) d=0.72 a=2 | sp=som:active d=0.7 age=15 dtg=9.10 region=1_9
ep=485 s=376 6262ms [sel=3 cap=6132 rest=128] sg=1->1 mode=NONE win=8 obs=377 | cap=wip act=(320,360) d=0.72 a=1 | sp=som:active d=0.7 age=16 dtg=9.29 region=1_9
ep=485 s=377 6598ms [sel=2988 cap=3474 rest=136] sg=1->1 mode=NONE win=8 obs=378 | cap=wip act=(320,360) d=0.80 a=2 | sp=frontier:active d=0.8 age=0 som=2/5 dtg=9.29 region=1_9
ep=485 s=378 3156ms [sel=3 cap=3016 rest=137] sg=1->1 mode=NONE win=8 obs=379 | cap=wip act=(320,360) d=0.80 a=2 | sp=frontier:active d=0.8 age=1 dtg=9.29 region=1_9
ep=485 s=379 9873ms [sel=4127 cap=5600 rest=146] sg=1->2 mode=NONE win=8 obs=380 | cap=DONE act=(320,360) d=3.44 a=2 | sp=frontier:active d=3.4 age=0 som=2/5 dtg=9.29 region=1_9
ep=485 s=380 3904ms [sel=29 cap=3731 rest=144] sg=2->2 mode=NONE win=8 obs=381 | cap=wip act=(320,360) d=3.44 a=2 | sp=frontier:active d=3.4 age=1 dtg=9.29 region=1_9
ep=485 s=381 5343ms [sel=29 cap=5164 rest=150] sg=2->2 mode=NONE win=8 obs=382 | cap=wip act=(320,360) d=3.44 a=2 | sp=frontier:active d=3.4 age=2 dtg=9.29 region=1_9
ep=485 s=382 5162ms [sel=29 cap=4986 rest=148] sg=2->2 mode=NONE win=8 obs=383 | cap=wip act=(320,360) d=3.44 a=2 | sp=frontier:active d=3.4 age=3 dtg=9.29 region=1_9
ep=485 s=383 3541ms [sel=28 cap=3374 rest=139] sg=2->2 mode=NONE win=8 obs=384 | cap=wip act=(320,360) d=3.44 a=2 | sp=frontier:active d=3.4 age=4 dtg=9.29 region=1_9
ep=485 s=384 8103ms [sel=45 cap=7539 rest=481] sg=2->2 mode=NONE win=8 obs=385 | cap=wip act=(160,180) d=3.66 a=2 | preview=view2/6 yaw=-30 render=38ms | sp=preview:active d=3.7 age=0 dtg=9.29 region=1_9
ep=485 s=385 4633ms [sel=30 cap=4459 rest=144] sg=2->2 mode=NONE win=8 obs=386 | cap=wip act=(320,360) d=3.66 a=2 | sp=preview:active d=3.7 age=1 dtg=9.29 region=1_9
ep=485 s=386 4384ms [sel=4 cap=4240 rest=140] sg=2->2 mode=NONE win=8 obs=387 | cap=wip act=(320,360) d=3.66 a=2 | sp=preview:active d=3.7 age=2 dtg=9.29 region=1_9
ep=485 s=387 5741ms [sel=4 cap=5604 rest=133] sg=2->2 mode=NONE win=8 obs=388 | cap=wip act=(320,360) d=3.66 a=2 | sp=preview:active d=3.7 age=3 dtg=9.29 region=1_9
ep=485 s=388 5844ms [sel=3 cap=5711 rest=130] sg=2->2 mode=NONE win=8 obs=389 | cap=wip act=(320,360) d=3.66 a=1 | sp=preview:active d=3.7 age=4 dtg=9.07 region=1_9
ep=485 s=389 5282ms [sel=3 cap=5149 rest=130] sg=2->2 mode=NONE win=8 obs=390 | cap=wip act=(320,360) d=3.41 a=1 | sp=preview:active d=3.4 age=5 dtg=8.84 region=1_9
ep=485 s=390 4587ms [sel=3 cap=4455 rest=129] sg=2->2 mode=NONE win=8 obs=391 | cap=wip act=(320,360) d=3.16 a=1 | sp=preview:active d=3.2 age=6 dtg=8.63 region=1_9
ep=485 s=391 7487ms [sel=17 cap=6929 rest=503] sg=2->2 mode=NONE win=8 obs=392 | cap=wip act=(160,180) d=3.51 a=1 | preview=view3/6 yaw=+0 render=39ms | sp=preview:active d=3.5 age=0 dtg=8.42 region=1_9
ep=485 s=392 2925ms [sel=4 cap=2790 rest=132] sg=2->2 mode=NONE win=8 obs=393 | cap=wip act=(320,360) d=3.26 a=1 | sp=preview:active d=3.3 age=1 dtg=8.24 region=1_9
ep=485 s=393 5994ms [sel=3 cap=5858 rest=133] sg=2->2 mode=NONE win=8 obs=394 | cap=wip act=(320,360) d=3.01 a=1 | sp=preview:active d=3.0 age=2 dtg=8.08 region=1_9
ep=485 s=394 4742ms [sel=3 cap=4609 rest=129] sg=2->2 mode=NONE win=8 obs=395 | cap=wip act=(320,360) d=2.76 a=1 | sp=preview:active d=2.8 age=3 dtg=7.96 region=1_9
ep=485 s=395 2993ms [sel=3 cap=2859 rest=131] sg=2->2 mode=NONE win=8 obs=396 | cap=wip act=(320,360) d=2.52 a=1 | sp=preview:active d=2.5 age=4 dtg=7.86 region=1_9
ep=485 s=396 2786ms [sel=3 cap=2651 rest=132] sg=2->2 mode=NONE win=8 obs=397 | cap=wip act=(320,360) d=2.27 a=1 | sp=preview:active d=2.3 age=5 dtg=7.75 region=1_9
ep=485 s=397 2650ms [sel=3 cap=2505 rest=141] sg=2->2 mode=NONE win=8 obs=398 | cap=wip act=(320,360) d=2.02 a=1 | sp=preview:active d=2.0 age=6 dtg=7.71 region=1_9
ep=485 s=398 3818ms [sel=3 cap=3683 rest=132] sg=2->2 mode=NONE win=8 obs=399 | cap=wip act=(320,360) d=1.77 a=1 | sp=preview:active d=1.8 age=7 dtg=7.70 region=1_9
ep=485 s=399 7340ms [sel=3 cap=7205 rest=132] sg=2->2 mode=NONE win=8 obs=400 | cap=wip act=(320,360) d=1.52 a=1 | sp=preview:active d=1.5 age=8 dtg=7.70 region=1_9
ep=485 s=400 7469ms [sel=3 cap=7328 rest=138] sg=2->2 mode=NONE win=8 obs=401 | cap=wip act=(320,360) d=1.28 a=1 | sp=preview:active d=1.3 age=9 dtg=7.72 region=1_9
ep=485 s=401 3474ms [sel=19 cap=2882 rest=529] sg=2->2 mode=NONE win=8 obs=402 | cap=wip act=(160,180) d=3.41 a=1 | preview=view3/6 yaw=+0 render=44ms | sp=preview:active d=3.4 age=0 dtg=7.77 region=1_9
ep=485 s=402 4558ms [sel=3 cap=4418 rest=138] sg=2->2 mode=NONE win=8 obs=403 | cap=wip act=(320,360) d=3.17 a=2 | sp=preview:active d=3.2 age=1 dtg=7.77 region=1_9
ep=485 s=403 2998ms [sel=4 cap=2859 rest=135] sg=2->2 mode=NONE win=8 obs=404 | cap=wip act=(320,360) d=3.17 a=1 | sp=preview:active d=3.2 age=2 dtg=7.89 region=1_9
ep=485 s=404 8512ms [sel=3 cap=8370 rest=139] sg=2->2 mode=NONE win=8 obs=405 | cap=wip act=(320,360) d=2.92 a=1 | sp=preview:active d=2.9 age=3 dtg=8.03 region=1_9
ep=485 s=405 6017ms [sel=3 cap=5876 rest=137] sg=2->2 mode=NONE win=8 obs=406 | cap=wip act=(320,360) d=2.67 a=1 | sp=preview:active d=2.7 age=4 dtg=8.19 region=1_9
ep=485 s=406 5550ms [sel=3 cap=5409 rest=138] sg=2->2 mode=NONE win=8 obs=407 | cap=wip act=(320,360) d=2.42 a=1 | sp=preview:active d=2.4 age=5 dtg=8.37 region=1_9
ep=485 s=407 9962ms [sel=3 cap=9819 rest=140] sg=2->2 mode=NONE win=8 obs=408 | cap=wip act=(320,360) d=2.17 a=1 | sp=preview:active d=2.2 age=6 dtg=8.56 region=1_9
ep=485 s=408 5827ms [sel=3 cap=5683 rest=141] sg=2->2 mode=NONE win=8 obs=409 | cap=wip act=(320,360) d=1.92 a=1 | sp=preview:active d=1.9 age=7 dtg=8.76 region=1_9
ep=485 s=409 3859ms [sel=3 cap=3717 rest=140] sg=2->2 mode=NONE win=8 obs=410 | cap=wip act=(320,360) d=1.67 a=3 | sp=preview:active d=1.7 age=8 dtg=8.76 region=1_9
ep=485 s=410 6183ms [sel=3 cap=6041 rest=139] sg=2->2 mode=NONE win=8 obs=411 | cap=wip act=(320,360) d=1.67 a=1 | sp=preview:active d=1.7 age=9 dtg=8.94 region=1_9
ep=485 s=411 4425ms [sel=4 cap=4285 rest=136] sg=2->2 mode=NONE win=8 obs=412 | cap=wip act=(320,360) d=1.43 a=1 | sp=preview:active d=1.4 age=10 dtg=9.13 region=1_9
ep=485 s=412 6388ms [sel=3 cap=6249 rest=136] sg=2->2 mode=NONE win=8 obs=413 | cap=wip act=(320,360) d=1.19 a=2 | sp=preview:active d=1.2 age=11 dtg=9.13 region=1_9
ep=485 s=413 7527ms [sel=2017 cap=5370 rest=140] sg=2->2 mode=NONE win=8 obs=414 | cap=wip act=(320,360) d=3.03 a=3 | sp=som:active d=3.0 age=0 som=1/7 dtg=9.13 region=1_9
ep=485 s=414 4829ms [sel=3 cap=4689 rest=136] sg=2->2 mode=NONE win=8 obs=415 | cap=wip act=(320,360) d=3.03 a=1 | sp=som:active d=3.0 age=1 dtg=9.34 region=1_9
ep=485 s=415 6497ms [sel=3 cap=6359 rest=135] sg=2->2 mode=NONE win=8 obs=416 | cap=wip act=(320,360) d=2.79 a=1 | sp=som:active d=2.8 age=2 dtg=9.55 region=1_9
ep=485 s=416 3252ms [sel=4 cap=3113 rest=134] sg=2->2 mode=NONE win=8 obs=417 | cap=wip act=(320,360) d=2.55 a=2 | sp=som:active d=2.6 age=3 dtg=9.55 region=1_9
ep=485 s=417 4198ms [sel=3 cap=4059 rest=136] sg=2->2 mode=NONE win=8 obs=418 | cap=wip act=(320,360) d=2.55 a=1 | sp=som:active d=2.6 age=4 dtg=9.79 region=1_9
ep=485 s=418 3513ms [sel=3 cap=3371 rest=139] sg=2->2 mode=NONE win=8 obs=419 | cap=wip act=(320,360) d=2.30 a=1 | sp=som:active d=2.3 age=5 dtg=10.04 region=1_9
ep=485 s=419 4748ms [sel=4 cap=4605 rest=139] sg=2->2 mode=NONE win=8 obs=420 | cap=wip act=(320,360) d=2.05 a=1 | sp=som:active d=2.1 age=6 dtg=10.28 region=1_9
ep=485 s=420 4622ms [sel=3 cap=4481 rest=138] sg=2->2 mode=NONE win=8 obs=421 | cap=wip act=(320,360) d=1.81 a=1 | sp=som:active d=1.8 age=7 dtg=10.53 region=1_9
ep=485 s=421 1989ms [sel=3 cap=1848 rest=138] sg=2->2 mode=NONE win=8 obs=422 | cap=wip act=(320,360) d=1.56 a=1 | sp=som:active d=1.6 age=8 dtg=10.78 region=1_9
ep=485 s=422 5364ms [sel=3 cap=5220 rest=141] sg=2->2 mode=NONE win=8 obs=423 | cap=wip act=(320,360) d=1.31 a=1 | sp=som:active d=1.3 age=9 dtg=11.02 region=1_9
ep=485 s=423 4936ms [sel=3 cap=4349 rest=546] sg=2->2 mode=NONE win=8 obs=424 | cap=wip act=(320,360) d=1.06 a=2 | preview=view-/6 yaw=+0 render=38ms | sp=som:active d=1.1 age=10 dtg=11.02 region=1_9
ep=485 s=424 6007ms [sel=3 cap=5863 rest=141] sg=2->2 mode=NONE win=8 obs=425 | cap=wip act=(320,360) d=1.06 a=1 | sp=som:active d=1.1 age=11 dtg=11.27 region=1_9
ep=485 s=425 4760ms [sel=3 cap=4617 rest=140] sg=2->2 mode=NONE win=8 obs=426 | cap=wip act=(320,360) d=0.81 a=1 | sp=som:active d=0.8 age=12 dtg=11.48 region=1_9
ep=485 s=426 4920ms [sel=3 cap=4778 rest=139] sg=2->2 mode=NONE win=8 obs=427 | cap=wip act=(320,360) d=0.57 a=1 | sp=som:active d=0.6 age=13 dtg=11.61 region=1_9
ep=485 s=427 8657ms [sel=3984 cap=4537 rest=136] sg=2->2 mode=NONE win=8 obs=428 | cap=wip act=(320,360) d=2.42 a=3 | sp=som:active d=2.4 age=0 som=1/7 dtg=11.61 region=1_9
ep=485 s=428 3073ms [sel=3 cap=2930 rest=140] sg=2->2 mode=NONE win=8 obs=429 | cap=wip act=(320,360) d=2.42 a=3 | sp=som:active d=2.4 age=1 dtg=11.61 region=1_9
ep=485 s=429 5146ms [sel=3 cap=5003 rest=140] sg=2->2 mode=NONE win=8 obs=430 | cap=wip act=(320,360) d=2.42 a=1 | sp=som:active d=2.4 age=2 dtg=11.61 region=1_9
ep=485 s=430 8549ms [sel=3 cap=8406 rest=140] sg=2->2 mode=NONE win=8 obs=431 | cap=wip act=(320,360) d=2.18 a=2 | sp=som:active d=2.2 age=3 dtg=11.61 region=1_9
ep=485 s=431 7430ms [sel=3 cap=6836 rest=553] sg=2->2 mode=NONE win=8 obs=432 | cap=wip act=(320,360) d=2.18 a=1 | preview=view-/6 yaw=+0 render=38ms | sp=som:active d=2.2 age=4 dtg=11.71 region=1_9
ep=485 s=432 6870ms [sel=4 cap=6730 rest=136] sg=2->2 mode=NONE win=8 obs=433 | cap=wip act=(320,360) d=1.93 a=1 | sp=som:active d=1.9 age=5 dtg=11.81 region=1_9
ep=485 s=433 4727ms [sel=3 cap=4582 rest=142] sg=2->2 mode=NONE win=8 obs=434 | cap=wip act=(320,360) d=1.68 a=1 | sp=som:active d=1.7 age=6 dtg=11.93 region=1_10
ep=485 s=434 4933ms [sel=3 cap=4791 rest=139] sg=2->2 mode=NONE win=8 obs=435 | cap=wip act=(320,360) d=1.44 a=3 | sp=som:active d=1.4 age=7 dtg=11.93 region=1_10
ep=485 s=435 8650ms [sel=4 cap=8506 rest=140] sg=2->2 mode=NONE win=8 obs=436 | cap=wip act=(320,360) d=1.44 a=1 | sp=som:active d=1.4 age=8 dtg=12.01 region=1_10
ep=485 s=436 6248ms [sel=3 cap=6109 rest=136] sg=2->2 mode=NONE win=8 obs=437 | cap=wip act=(320,360) d=1.19 a=1 | sp=som:active d=1.2 age=9 dtg=12.10 region=1_10
ep=485 s=437 8319ms [sel=3 cap=8177 rest=139] sg=2->2 mode=NONE win=8 obs=438 | cap=wip act=(320,360) d=0.94 a=1 | sp=som:active d=0.9 age=10 dtg=12.21 region=1_10
ep=485 s=438 9354ms [sel=4 cap=9210 rest=141] sg=2->2 mode=NONE win=8 obs=439 | cap=wip act=(320,360) d=0.69 a=1 | sp=som:active d=0.7 age=11 dtg=12.34 region=1_10
ep=485 s=439 15321ms [sel=45 cap=15144 rest=132] sg=2->2 mode=NONE win=8 obs=440 | cap=wip act=(320,360) d=3.65 a=2 | sp=frontier:active d=3.7 age=0 dtg=12.34 region=1_10
ep=485 s=440 7634ms [sel=3 cap=7500 rest=131] sg=2->2 mode=NONE win=8 obs=441 | cap=wip act=(320,360) d=3.65 a=2 | sp=frontier:active d=3.7 age=1 dtg=12.34 region=1_10
ep=485 s=441 8012ms [sel=3 cap=7878 rest=131] sg=2->2 mode=NONE win=8 obs=442 | cap=wip act=(320,360) d=3.65 a=1 | sp=frontier:active d=3.7 age=2 dtg=12.68 region=0_14
ep=485 s=442 8904ms [sel=3 cap=8762 rest=138] sg=2->2 mode=NONE win=8 obs=443 | cap=wip act=(320,360) d=3.43 a=1 | sp=frontier:active d=3.4 age=3 dtg=12.97 region=0_14
ep=485 s=443 4140ms [sel=3 cap=3996 rest=141] sg=2->2 mode=NONE win=8 obs=444 | cap=wip act=(320,360) d=3.20 a=3 | sp=frontier:active d=3.2 age=4 dtg=12.97 region=0_14
ep=485 s=444 7096ms [sel=3 cap=6961 rest=132] sg=2->2 mode=NONE win=8 obs=445 | cap=wip act=(320,360) d=3.20 a=1 | sp=frontier:active d=3.2 age=5 dtg=13.24 region=0_14
ep=485 s=445 5750ms [sel=3 cap=5612 rest=134] sg=2->2 mode=NONE win=8 obs=446 | cap=wip act=(320,360) d=2.96 a=3 | sp=frontier:active d=3.0 age=6 dtg=13.24 region=0_14
ep=485 s=446 9415ms [sel=10 cap=9273 rest=133] sg=2->2 mode=NONE win=8 obs=447 | cap=wip act=(320,360) d=2.96 a=1 | sp=frontier:active d=3.0 age=7 dtg=13.48 region=0_14
ep=485 s=447 9151ms [sel=9 cap=9012 rest=131] sg=2->2 mode=NONE win=8 obs=448 | cap=wip act=(320,360) d=2.71 a=1 | sp=frontier:active d=2.7 age=8 dtg=13.74 region=0_14
ep=485 s=448 5865ms [sel=19 cap=5376 rest=434] sg=2->2 mode=NONE win=8 obs=449 | cap=wip act=(160,180) d=2.90 a=1 | preview=view4/6 yaw=+45 render=36ms | sp=preview:active d=2.9 age=0 dtg=14.04 region=0_14
ep=485 s=449 3508ms [sel=8 cap=3369 rest=132] sg=2->2 mode=NONE win=8 obs=450 | cap=wip act=(320,360) d=2.71 a=1 | sp=preview:active d=2.7 age=1 dtg=14.32 region=0_14
ep=485 s=450 3337ms [sel=8 cap=3200 rest=130] sg=2->2 mode=NONE win=8 obs=451 | cap=wip act=(320,360) d=2.53 a=1 | sp=preview:active d=2.5 age=2 dtg=14.50 region=0_14
ep=485 s=451 4591ms [sel=4 cap=4460 rest=126] sg=2->2 mode=NONE win=8 obs=452 | cap=wip act=(320,360) d=2.36 a=1 | sp=preview:active d=2.4 age=3 dtg=14.80 region=0_14
ep=485 s=452 6193ms [sel=4 cap=6064 rest=126] sg=2->2 mode=NONE win=8 obs=453 | cap=wip act=(320,360) d=2.21 a=3 | sp=preview:active d=2.2 age=4 dtg=14.80 region=0_14
ep=485 s=453 7323ms [sel=4 cap=7190 rest=130] sg=2->2 mode=NONE win=8 obs=454 | cap=wip act=(320,360) d=2.21 a=1 | sp=preview:active d=2.2 age=5 dtg=15.08 region=0_14
ep=485 s=454 8203ms [sel=4 cap=8067 rest=133] sg=2->2 mode=NONE win=8 obs=455 | cap=wip act=(320,360) d=2.03 a=3 | sp=preview:active d=2.0 age=6 dtg=15.08 region=0_14
ep=485 s=455 6405ms [sel=7 cap=6262 rest=136] sg=2->2 mode=NONE win=8 obs=456 | cap=wip act=(320,360) d=2.03 a=1 | sp=preview:active d=2.0 age=7 dtg=15.32 region=0_14
ep=485 s=456 5651ms [sel=4 cap=5163 rest=446] sg=2->2 mode=NONE win=8 obs=457 | cap=wip act=(320,360) d=1.82 a=1 | preview=view-/6 yaw=+0 render=37ms | sp=preview:active d=1.8 age=8 dtg=15.56 region=0_14
ep=485 s=457 6005ms [sel=4 cap=5861 rest=140] sg=2->2 mode=NONE win=8 obs=458 | cap=wip act=(320,360) d=1.61 a=3 | sp=preview:active d=1.6 age=9 dtg=15.56 region=0_14
ep=485 s=458 4561ms [sel=3 cap=4409 rest=149] sg=2->2 mode=NONE win=8 obs=459 | cap=wip act=(320,360) d=1.61 a=1 | sp=preview:active d=1.6 age=10 dtg=15.71 region=0_14
ep=485 s=459 7835ms [sel=3 cap=7690 rest=142] sg=2->2 mode=NONE win=8 obs=460 | cap=wip act=(320,360) d=1.39 a=3 | sp=preview:active d=1.4 age=11 dtg=15.71 region=0_14
ep=485 s=460 3852ms [sel=4 cap=3711 rest=137] sg=2->2 mode=NONE win=8 obs=461 | cap=wip act=(320,360) d=1.39 a=1 | sp=preview:active d=1.4 age=12 dtg=15.93 region=0_14
ep=485 s=461 8281ms [sel=3 cap=8138 rest=140] sg=2->2 mode=NONE win=8 obs=462 | cap=wip act=(320,360) d=1.15 a=3 | sp=preview:active d=1.1 age=13 dtg=15.93 region=0_14
ep=485 s=462 4486ms [sel=3 cap=4345 rest=138] sg=2->2 mode=NONE win=8 obs=463 | cap=wip act=(320,360) d=1.15 a=1 | sp=preview:active d=1.1 age=14 dtg=16.13 region=0_14
ep=485 s=463 7960ms [sel=1692 cap=6126 rest=142] sg=2->2 mode=NONE win=8 obs=464 | cap=wip act=(320,359) d=2.30 a=1 | sp=straight_ahead:active d=0.9 age=0 som=1/7 dtg=16.38 region=0_14
ep=485 s=464 6520ms [sel=4 cap=6370 rest=146] sg=2->2 mode=NONE win=8 obs=465 | cap=wip act=(320,360) d=0.63 a=3 | sp=straight_ahead:active d=0.6 age=1 dtg=16.38 region=0_14
ep=485 s=465 7053ms [sel=3 cap=6910 rest=139] sg=2->2 mode=NONE win=8 obs=466 | cap=wip act=(320,360) d=0.63 a=1 | sp=straight_ahead:active d=0.6 age=2 dtg=16.64 region=0_14
ep=485 s=466 11784ms [sel=3312 cap=8333 rest=139] sg=2->2 mode=NONE win=8 obs=467 | cap=wip act=(297,359) d=1.89 a=1 | sp=straight_ahead:reached d=0.4 age=0 som=1/7 dtg=16.93 region=0_14
ep=485 s=467 13826ms [sel=5947 cap=7737 rest=142] sg=2->2 mode=NONE win=8 obs=468 | cap=wip act=TURN request=+45deg execute=+15deg x1 a=3 | sp=straight_ahead:reached d=0.4 age=1 ovr=6 door_evts=1 som=1/7 dtg=16.93 region=0_14
ep=485 s=468 5306ms [sel=0 cap=5155 rest=151] sg=2->2 mode=NONE win=8 obs=469 | cap=wip act=TURN request=+45deg execute=+15deg x1 a=3 | sp=- ovr=6 door_evts=1 dtg=16.93 region=0_14
ep=485 s=469 4788ms [sel=0 cap=4644 rest=144] sg=2->3 mode=NONE win=8 obs=470 | cap=DONE act=TURN request=+45deg execute=+15deg x1 a=3 | sp=- ovr=6 door_evts=1 dtg=16.93 region=0_14
ep=485 s=470 4621ms [sel=0 cap=4478 rest=143] sg=3->3 mode=NONE win=8 obs=471 | cap=wip act=TURN request=+45deg execute=+15deg x1 a=3 | sp=- ovr=6 door_evts=1 dtg=16.93 region=0_14
ep=485 s=471 9878ms [sel=0 cap=9736 rest=141] sg=3->3 mode=NONE win=8 obs=472 | cap=wip act=TURN request=+45deg execute=+15deg x1 a=3 | sp=- ovr=6 door_evts=1 dtg=16.93 region=0_14
ep=485 s=472 8486ms [sel=0 cap=8344 rest=142] sg=3->3 mode=NONE win=8 obs=473 | cap=wip act=TURN request=+45deg execute=+15deg x1 a=3 | sp=- ovr=6 door_evts=1 dtg=16.93 region=0_14
ep=485 s=473 7008ms [sel=0 cap=6866 rest=142] sg=3->3 mode=NONE win=8 obs=474 | cap=wip act=TURN request=+45deg execute=+15deg x1 a=3 | sp=- ovr=6 door_evts=1 dtg=16.93 region=0_14
ep=485 s=474 7182ms [sel=0 cap=7040 rest=142] sg=3->3 mode=NONE win=8 obs=475 | cap=wip act=TURN request=+45deg execute=+15deg x1 a=3 | sp=- ovr=6 door_evts=1 dtg=16.93 region=0_14
ep=485 s=475 7160ms [sel=0 cap=7017 rest=143] sg=3->3 mode=NONE win=8 obs=476 | cap=wip act=TURN request=+45deg execute=+15deg x1 a=3 | sp=- ovr=6 door_evts=1 dtg=16.93 region=0_14
ep=485 s=476 8648ms [sel=0 cap=8504 rest=143] sg=3->3 mode=NONE win=8 obs=477 | cap=wip act=TURN request=+45deg execute=+15deg x1 a=3 | sp=- ovr=6 door_evts=1 dtg=16.93 region=0_14
ep=485 s=477 7300ms [sel=0 cap=7159 rest=141] sg=3->3 mode=NONE win=8 obs=478 | cap=wip act=TURN request=+45deg execute=+15deg x1 a=3 | sp=- ovr=6 door_evts=1 dtg=16.93 region=0_14
ep=485 s=478 11171ms [sel=0 cap=11033 rest=139] sg=3->3 mode=NONE win=8 obs=479 | cap=wip act=TURN request=+45deg execute=+15deg x1 a=3 | sp=- ovr=6 door_evts=1 dtg=16.93 region=0_14
ep=485 s=479 13638ms [sel=0 cap=13183 rest=418] sg=3->3 mode=NONE win=8 obs=480 | cap=wip act=TURN request=+45deg execute=+15deg x1 a=3 | preview=view-/6 yaw=+0 render=36ms | sp=- ovr=6 door_evts=1 dtg=16.93 region=0_14
ep=485 s=480 10035ms [sel=0 cap=9895 rest=140] sg=3->3 mode=NONE win=8 obs=481 | cap=wip act=TURN request=+45deg execute=+15deg x1 a=3 | sp=- ovr=6 door_evts=1 dtg=16.93 region=0_14
ep=485 s=481 8815ms [sel=0 cap=8669 rest=146] sg=3->3 mode=NONE win=8 obs=482 | cap=wip act=TURN request=+45deg execute=+15deg x1 a=3 | sp=- ovr=6 door_evts=1 dtg=16.93 region=0_14
ep=485 s=482 6906ms [sel=0 cap=6760 rest=146] sg=3->3 mode=NONE win=8 obs=483 | cap=wip act=TURN request=+45deg execute=+15deg x1 a=3 | sp=- ovr=6 door_evts=1 dtg=16.93 region=0_14
ep=485 s=483 10223ms [sel=2439 cap=7634 rest=150] sg=3->3 mode=NONE win=8 obs=484 | cap=wip act=(334,454) d=1.05 a=1 | sp=straight_ahead:reached d=0.2 age=0 som=1/4 dtg=16.87 region=0_14
ep=485 s=484 7578ms [sel=1713 cap=5716 rest=150] sg=3->3 mode=NONE win=8 obs=485 | cap=wip act=TURN request=-45deg execute=-15deg x1 a=2 | sp=straight_ahead:reached d=0.2 age=1 ovr=6 door_evts=1 som=1/4 dtg=16.87 region=0_14
ep=485 s=485 5466ms [sel=0 cap=5322 rest=144] sg=3->3 mode=NONE win=8 obs=486 | cap=wip act=TURN request=-45deg execute=-15deg x1 a=2 | sp=- ovr=6 door_evts=1 dtg=16.87 region=0_14
ep=485 s=486 8985ms [sel=0 cap=8841 rest=144] sg=3->3 mode=NONE win=8 obs=487 | cap=wip act=TURN request=-45deg execute=-15deg x1 a=2 | sp=- ovr=6 door_evts=1 dtg=16.87 region=0_14
ep=485 s=487 6312ms [sel=0 cap=6169 rest=142] sg=3->3 mode=NONE win=8 obs=488 | cap=wip act=TURN request=-45deg execute=-15deg x1 a=2 | sp=- ovr=6 door_evts=1 dtg=16.87 region=0_14
ep=485 s=488 8678ms [sel=0 cap=8540 rest=138] sg=3->3 mode=NONE win=8 obs=489 | cap=wip act=TURN request=-45deg execute=-15deg x1 a=2 | sp=- ovr=6 door_evts=1 dtg=16.87 region=0_14
ep=485 s=489 4991ms [sel=0 cap=4850 rest=141] sg=3->3 mode=NONE win=8 obs=490 | cap=wip act=TURN request=-45deg execute=-15deg x1 a=2 | sp=- ovr=6 door_evts=1 dtg=16.87 region=0_14
ep=485 s=490 3356ms [sel=0 cap=3212 rest=143] sg=3->3 mode=NONE win=8 obs=491 | cap=wip act=TURN request=-45deg execute=-15deg x1 a=2 | sp=- ovr=6 door_evts=1 dtg=16.87 region=0_14
ep=485 s=491 3822ms [sel=0 cap=3674 rest=149] sg=3->3 mode=NONE win=8 obs=492 | cap=wip act=TURN request=-45deg execute=-15deg x1 a=2 | sp=- ovr=6 door_evts=1 dtg=16.87 region=0_14
ep=485 s=492 4024ms [sel=0 cap=3875 rest=150] sg=3->3 mode=NONE win=8 obs=493 | cap=wip act=TURN request=-45deg execute=-15deg x1 a=2 | sp=- ovr=6 door_evts=1 dtg=16.87 region=0_14
ep=485 s=493 5281ms [sel=0 cap=5140 rest=141] sg=3->3 mode=NONE win=8 obs=494 | cap=wip act=TURN request=-45deg execute=-15deg x1 a=2 | sp=- ovr=6 door_evts=1 dtg=16.87 region=0_14
ep=485 s=494 8751ms [sel=0 cap=8611 rest=140] sg=3->3 mode=NONE win=8 obs=495 | cap=wip act=TURN request=-45deg execute=-15deg x1 a=2 | sp=- ovr=6 door_evts=1 dtg=16.87 region=0_14
ep=485 s=495 14105ms [sel=0 cap=13947 rest=158] sg=3->3 mode=NONE win=8 obs=496 | cap=wip act=TURN request=-45deg execute=-15deg x1 a=2 | sp=- ovr=6 door_evts=1 dtg=16.87 region=0_14
ep=485 s=496 14005ms [sel=3851 cap=9682 rest=436] sg=3->3 mode=NONE win=8 obs=497 | cap=wip act=(399,374) d=2.08 a=3 | preview=view-/6 yaw=+0 render=36ms som=2/7 dtg=16.87 region=0_14
ep=485 s=497 8499ms [sel=2815 cap=5543 rest=142] sg=3->3 mode=NONE win=8 obs=498 | cap=wip act=(327,359) d=2.04 a=1 som=1/7 dtg=16.85 region=0_14
ep=485 s=498 10972ms [sel=4114 cap=6715 rest=144] sg=3->3 mode=NONE win=8 obs=499 | cap=wip act=TURN request=+45deg execute=+15deg x1 a=3 | sp=- ovr=6 door_evts=1 som=R/7 dtg=16.85 region=0_14
ep=485 s=499 6771ms [sel=0 cap=6627 rest=144] sg=3->3 mode=NONE win=8 obs=500 | cap=wip act=TURN request=+45deg execute=+15deg x1 a=3 | sp=- ovr=6 door_evts=1 dtg=16.85 region=0_14
rank=2 [5/16] id=485 steps=500 success=0.000 spl=0.000 dtg=16.85 osr=1 path_length=71.61 ndtw=0.000 sdtw=0.000
PluginManager::Manager: duplicate static plugin StbImageImporter, ignoring
PluginManager::Manager: duplicate static plugin GltfImporter, ignoring
PluginManager::Manager: duplicate static plugin BasisImporter, ignoring
PluginManager::Manager: duplicate static plugin AssimpImporter, ignoring
PluginManager::Manager: duplicate static plugin AnySceneImporter, ignoring
PluginManager::Manager: duplicate static plugin AnyImageImporter, ignoring
episode=548 instruction='Turn right. Forward.' start_position=[31.204299926757812, 0.00952601432800293, -0.282941997051239] goal_position=[23.715499877929688, 0.00952601432800293, 5.087309837341309] reference_geodesic=10.919939994812012
episode=548 prepared_subgoals=1
  [1] Turn right, then walk forward
      proof: The destination landmark or doorway is directly ahead and within a step
ep=548 s=0 15294ms [sel=0 cap=14724 rest=532] sg=1->1 mode=NONE win=1 obs=1 | cap=wip act=TURN request=+45deg execute=+15deg x1 a=3 | preview=view-/6 yaw=+0 render=38ms dtg=10.92 region=0_4
ep=548 s=1 6875ms [sel=0 cap=6752 rest=123] sg=1->1 mode=NONE win=2 obs=2 | cap=wip act=TURN request=+45deg execute=+15deg x1 a=3 dtg=10.92 region=0_4
ep=548 s=2 7130ms [sel=0 cap=7001 rest=129] sg=1->1 mode=NONE win=3 obs=3 | cap=wip act=TURN request=+45deg execute=+15deg x1 a=3 dtg=10.92 region=0_4
ep=548 s=3 7857ms [sel=0 cap=7736 rest=121] sg=1->1 mode=NONE win=4 obs=4 | cap=wip act=TURN request=+45deg execute=+15deg x1 a=3 dtg=10.92 region=0_4
ep=548 s=4 8526ms [sel=2406 cap=5996 rest=125] sg=1->1 mode=NONE win=5 obs=5 | cap=wip act=(320,360) d=2.95 a=3 | sp=som:active d=3.0 age=0 som=4/8 dtg=10.92 region=0_4
ep=548 s=5 4368ms [sel=3 cap=4256 rest=109] sg=1->1 mode=NONE win=6 obs=6 | cap=wip act=(320,360) d=2.95 a=1 | sp=som:active d=3.0 age=1 dtg=10.69 region=0_4
ep=548 s=6 4139ms [sel=3 cap=4026 rest=110] sg=1->1 mode=NONE win=7 obs=7 | cap=wip act=(320,360) d=2.71 a=3 | sp=som:active d=2.7 age=2 dtg=10.69 region=0_4
ep=548 s=7 5966ms [sel=3 cap=5860 rest=103] sg=1->1 mode=NONE win=8 obs=8 | cap=wip act=(320,360) d=2.71 a=1 | sp=som:active d=2.7 age=3 dtg=10.44 region=0_4
ep=548 s=8 5958ms [sel=3 cap=5852 rest=103] sg=1->1 mode=NONE win=8 obs=9 | cap=wip act=(320,360) d=2.46 a=2 | sp=som:active d=2.5 age=4 dtg=10.44 region=0_4
ep=548 s=9 3724ms [sel=3 cap=3609 rest=112] sg=1->1 mode=NONE win=8 obs=10 | cap=wip act=(320,360) d=2.46 a=1 | sp=som:active d=2.5 age=5 dtg=10.22 region=0_4
ep=548 s=10 5089ms [sel=3 cap=4979 rest=107] sg=1->1 mode=NONE win=8 obs=11 | cap=wip act=(320,360) d=2.22 a=1 | sp=som:active d=2.2 age=6 dtg=10.00 region=0_4
ep=548 s=11 3763ms [sel=3 cap=3653 rest=107] sg=1->1 mode=NONE win=8 obs=12 | cap=wip act=(320,360) d=1.98 a=1 | sp=som:active d=2.0 age=7 dtg=9.79 region=0_4
ep=548 s=12 7921ms [sel=4 cap=7809 rest=109] sg=1->1 mode=NONE win=8 obs=13 | cap=wip act=(320,360) d=1.74 a=3 | sp=som:active d=1.7 age=8 dtg=9.79 region=0_4
ep=548 s=13 4343ms [sel=3 cap=4224 rest=117] sg=1->1 mode=NONE win=8 obs=14 | cap=wip act=(320,360) d=1.74 a=1 | sp=som:active d=1.7 age=9 dtg=9.55 region=0_4
ep=548 s=14 30598ms [sel=4 cap=0 rest=30557] sg=None->1 mode=NONE win=8 obs=15 | cap=- act=(320,360) d=1.49 a=1 | preview=view-/6 yaw=+0 render=37ms | sp=som:active d=1.5 age=10 ANALYSIS_ERROR_STAGE=completion_confirmation ANALYSIS_ERROR='CaptionerOutputError: decision violates the navigation reply contract: Request timed out.' dtg=9.31 region=0_4
ep=548 s=15 8184ms [sel=3 cap=8045 rest=137] sg=1->1 mode=NONE win=8 obs=16 | cap=wip act=(320,360) d=1.24 a=1 | sp=som:active d=1.2 age=11 dtg=9.08 region=0_4
ep=548 s=16 8307ms [sel=3 cap=8193 rest=111] sg=1->1 mode=NONE win=8 obs=17 | cap=wip act=(320,360) d=0.99 a=1 | sp=som:active d=1.0 age=12 dtg=8.86 region=0_4
ep=548 s=17 15612ms [sel=5 cap=15033 rest=537] sg=1->None mode=NONE win=8 obs=18 | cap=DONE act=(320,360) d=1.00 a=1 | preview=view-/6 yaw=+0 render=37ms | sp=som:active d=0.7 age=13 dtg=8.64 region=0_4
ep=548 s=18 115ms [sel=4 cap=0 rest=111] sg=None->None mode=NONE win=8 obs=19 | cap=- act=(320,360) d=1.00 a=1 | sp=som:reached d=0.5 age=14 dtg=8.44 region=0_4
ep=548 s=19 114ms [sel=4 cap=0 rest=110] sg=None->None mode=NONE win=8 obs=20 | cap=- act=(320,360) d=1.00 a=1 | sp=som:reached d=0.5 age=15 dtg=8.26 region=0_4
ep=548 s=20 110ms [sel=0 cap=0 rest=109] sg=None->None mode=NONE win=8 obs=21 | cap=- act=STOP | sp=som:reached d=0.5 age=16 dtg=8.26 region=0_4
rank=2 [6/16] id=548 steps=21 success=0.000 spl=0.000 dtg=8.26 osr=0 path_length=3.00 ndtw=0.376 sdtw=0.000
PluginManager::Manager: duplicate static plugin StbImageImporter, ignoring
PluginManager::Manager: duplicate static plugin GltfImporter, ignoring
PluginManager::Manager: duplicate static plugin BasisImporter, ignoring
PluginManager::Manager: duplicate static plugin AssimpImporter, ignoring
PluginManager::Manager: duplicate static plugin AnySceneImporter, ignoring
PluginManager::Manager: duplicate static plugin AnyImageImporter, ignoring
episode=644 instruction="At the stairs' foot, left into the lobby area. Across the lobby into the pool room. Wait near the pool table." start_position=[18.24850082397461, 0.4905061721801758, 0.6487669944763184] goal_position=[17.696199417114258, 0.12711000442504883, 9.855759620666504] reference_geodesic=10.240154266357422
episode=644 prepared_subgoals=6
  [1] Go up the stairs
      proof: The camera has passed the stairs: it is behind or below the camera and the space beyond it fills the view; the camera has not yet turned left.
  [2] Turn left at the stairs, then walk into the lobby
      proof: The camera has crossed the lobby threshold and the lobby interior is central in the view.
  [3] Walk across the lobby to the pool room
      proof: The pool room entrance is directly ahead of the camera, within a step.
  [4] Enter the pool room
      proof: The camera has crossed the pool room threshold and the pool room interior is central in the view.
  [5] Walk to the pool table
      proof: The pool table is beside or directly ahead of the camera, within a step.
  [6] Stop near the pool table
      proof: The camera is stationary beside or directly in front of the pool table, with the table central in the view
ep=644 s=0 13285ms [sel=36 cap=12770 rest=440] sg=1->1 mode=NONE win=1 obs=1 | cap=wip act=(320,360) d=3.82 a=1 | preview=view-/6 yaw=+0 render=39ms | sp=frontier:active d=3.8 age=0 dtg=10.05 region=0_28
ep=644 s=1 6017ms [sel=3 cap=5904 rest=111] sg=1->1 mode=NONE win=2 obs=2 | cap=wip act=(320,360) d=3.58 a=2 | sp=frontier:active d=3.6 age=1 dtg=10.05 region=0_28
ep=644 s=2 4097ms [sel=3 cap=3984 rest=110] sg=1->1 mode=NONE win=3 obs=3 | cap=wip act=(320,360) d=3.58 a=1 | sp=frontier:active d=3.6 age=2 dtg=9.85 region=0_28
ep=644 s=3 5393ms [sel=3 cap=5279 rest=111] sg=1->1 mode=NONE win=4 obs=4 | cap=wip act=(320,360) d=3.33 a=2 | sp=frontier:active d=3.3 age=3 dtg=9.85 region=0_28
ep=644 s=4 7400ms [sel=4 cap=7278 rest=118] sg=1->1 mode=NONE win=5 obs=5 | cap=wip act=(320,360) d=3.33 a=1 | sp=frontier:active d=3.3 age=4 dtg=9.67 region=0_28
ep=644 s=5 9829ms [sel=6 cap=9702 rest=120] sg=1->1 mode=NONE win=6 obs=6 | cap=wip act=(320,360) d=3.11 a=1 | sp=frontier:active d=3.1 age=5 dtg=9.53 region=0_12
ep=644 s=6 6554ms [sel=6 cap=6439 rest=108] sg=1->1 mode=GET_NOWHERE win=7 obs=7 | cap=wip/GET_NOWHERE act=(320,360) d=2.89 a=1 | sp=frontier:active d=2.9 age=6 dtg=9.48 region=0_12
ep=644 s=7 10178ms [sel=11 cap=10060 rest=107] sg=1->1 mode=NONE win=8 obs=8 | cap=wip act=(320,360) d=2.68 a=3 | sp=frontier:active d=2.7 age=7 dtg=9.48 region=0_12
ep=644 s=8 6593ms [sel=3 cap=6476 rest=114] sg=1->1 mode=NONE win=8 obs=9 | cap=wip act=(320,360) d=2.68 a=3 | sp=frontier:active d=2.7 age=8 dtg=9.48 region=0_12
ep=644 s=9 4861ms [sel=4 cap=4711 rest=146] sg=1->1 mode=NONE win=8 obs=10 | cap=wip act=(320,360) d=2.68 a=1 | sp=frontier:active d=2.7 age=9 dtg=9.62 region=0_12
ep=644 s=10 6966ms [sel=3 cap=6840 rest=122] sg=1->1 mode=NONE win=8 obs=11 | cap=wip act=(320,360) d=2.43 a=3 | sp=frontier:active d=2.4 age=10 dtg=9.62 region=0_12
ep=644 s=11 6471ms [sel=3 cap=6356 rest=112] sg=1->1 mode=NONE win=8 obs=12 | cap=wip act=(320,360) d=2.43 a=1 | sp=frontier:active d=2.4 age=11 dtg=9.80 region=0_12
ep=644 s=12 6342ms [sel=3 cap=6201 rest=139] sg=1->1 mode=NONE win=8 obs=13 | cap=wip act=(320,360) d=2.18 a=1 | sp=frontier:active d=2.2 age=12 dtg=10.00 region=0_12
ep=644 s=13 8575ms [sel=4185 cap=4281 rest=109] sg=1->1 mode=NONE win=8 obs=14 | cap=wip act=(320,360) d=1.95 a=1 | sp=som:active d=2.0 age=0 som=2/6 dtg=10.19 region=0_12
ep=644 s=14 7123ms [sel=3 cap=7011 rest=109] sg=1->1 mode=NONE win=8 obs=15 | cap=wip act=(320,360) d=1.70 a=1 | sp=som:active d=1.7 age=1 dtg=10.39 region=0_12
ep=644 s=15 9489ms [sel=3 cap=9375 rest=111] sg=1->1 mode=NONE win=8 obs=16 | cap=wip act=(320,360) d=1.45 a=1 | sp=som:active d=1.5 age=2 dtg=10.58 region=0_12
ep=644 s=16 5955ms [sel=3 cap=5841 rest=111] sg=1->1 mode=NONE win=8 obs=17 | cap=wip act=(320,360) d=1.21 a=1 | sp=som:active d=1.2 age=3 dtg=10.79 region=0_12
ep=644 s=17 8650ms [sel=3 cap=8538 rest=109] sg=1->1 mode=NONE win=8 obs=18 | cap=wip act=(320,360) d=0.96 a=1 | sp=som:active d=1.0 age=4 dtg=11.00 region=0_12
ep=644 s=18 8380ms [sel=3 cap=8265 rest=112] sg=1->1 mode=NONE win=8 obs=19 | cap=wip act=(320,360) d=0.71 a=1 | sp=som:active d=0.7 age=5 dtg=11.23 region=0_12
ep=644 s=19 10511ms [sel=68 cap=10335 rest=108] sg=1->1 mode=NONE win=8 obs=20 | cap=wip act=(320,360) d=4.12 a=2 | sp=frontier:active d=4.1 age=0 dtg=11.23 region=0_12
ep=644 s=20 10795ms [sel=39 cap=10650 rest=106] sg=1->1 mode=NONE win=8 obs=21 | cap=wip act=(320,360) d=4.12 a=2 | sp=frontier:active d=4.1 age=1 dtg=11.23 region=0_12
ep=644 s=21 9940ms [sel=39 cap=9799 rest=102] sg=1->1 mode=NONE win=8 obs=22 | cap=wip act=(320,360) d=4.12 a=2 | sp=frontier:active d=4.1 age=2 dtg=11.23 region=0_12
ep=644 s=22 10701ms [sel=29 cap=10575 rest=98] sg=1->1 mode=NONE win=8 obs=23 | cap=wip act=(320,360) d=4.12 a=2 | sp=frontier:active d=4.1 age=3 dtg=11.23 region=0_12
ep=644 s=23 9191ms [sel=28 cap=9054 rest=109] sg=1->1 mode=NONE win=8 obs=24 | cap=wip act=(320,360) d=4.12 a=2 | sp=frontier:active d=4.1 age=4 dtg=11.23 region=0_12
ep=644 s=24 14502ms [sel=32 cap=13888 rest=546] sg=1->1 mode=NONE win=8 obs=25 | cap=wip act=(160,180) d=4.78 a=2 | preview=view3/6 yaw=+15 render=37ms | sp=preview:active d=4.8 age=0 dtg=11.23 region=0_12
ep=644 s=25 6698ms [sel=3 cap=6570 rest=125] sg=1->1 mode=NONE win=8 obs=26 | cap=wip act=(320,360) d=4.78 a=1 | sp=preview:active d=4.8 age=1 dtg=11.13 region=0_12
ep=644 s=26 11334ms [sel=3 cap=11219 rest=112] sg=1->1 mode=NONE win=8 obs=27 | cap=wip act=(320,360) d=4.54 a=2 | sp=preview:active d=4.5 age=2 dtg=11.13 region=0_12
ep=644 s=27 7295ms [sel=3 cap=7182 rest=109] sg=1->1 mode=NONE win=8 obs=28 | cap=wip act=(320,360) d=4.54 a=2 | sp=preview:active d=4.5 age=3 dtg=11.13 region=0_12
ep=644 s=28 10791ms [sel=3 cap=10678 rest=109] sg=1->1 mode=NONE win=8 obs=29 | cap=wip act=(320,360) d=4.54 a=1 | sp=preview:active d=4.5 age=4 dtg=10.94 region=0_12
ep=644 s=29 5505ms [sel=3 cap=5397 rest=105] sg=1->1 mode=NONE win=8 obs=30 | cap=wip act=(320,360) d=4.29 a=1 | sp=preview:active d=4.3 age=5 dtg=10.78 region=0_12
ep=644 s=30 6344ms [sel=3 cap=6234 rest=107] sg=1->1 mode=NONE win=8 obs=31 | cap=wip act=(320,360) d=4.05 a=1 | sp=preview:active d=4.1 age=6 dtg=10.63 region=0_12
ep=644 s=31 12525ms [sel=4 cap=12408 rest=114] sg=1->1 mode=NONE win=8 obs=32 | cap=wip act=(320,360) d=3.81 a=1 | sp=preview:active d=3.8 age=7 dtg=10.51 region=0_12
ep=644 s=32 4905ms [sel=4 cap=4791 rest=110] sg=1->1 mode=NONE win=8 obs=33 | cap=wip act=(320,360) d=3.57 a=1 | sp=preview:active d=3.6 age=8 dtg=10.43 region=0_12
ep=644 s=33 5386ms [sel=4 cap=5259 rest=122] sg=1->1 mode=NONE win=8 obs=34 | cap=wip act=(320,360) d=3.33 a=1 | sp=preview:active d=3.3 age=9 dtg=10.40 region=0_12
ep=644 s=34 4356ms [sel=3 cap=4239 rest=114] sg=1->1 mode=NONE win=8 obs=35 | cap=wip act=(320,360) d=3.09 a=3 | sp=preview:active d=3.1 age=10 dtg=10.40 region=0_12
ep=644 s=35 5637ms [sel=3 cap=5518 rest=116] sg=1->1 mode=NONE win=8 obs=36 | cap=wip act=(320,360) d=3.09 a=1 | sp=preview:active d=3.1 age=11 dtg=10.50 region=0_12
ep=644 s=36 10393ms [sel=2998 cap=7281 rest=115] sg=1->1 mode=GET_NOWHERE win=8 obs=37 | cap=wip/GET_NOWHERE act=(320,360) d=1.12 a=1 | sp=som:active d=1.1 age=0 som=1/7 dtg=10.65 region=0_12
ep=644 s=37 6749ms [sel=3 cap=6632 rest=115] sg=1->1 mode=NONE win=8 obs=38 | cap=wip act=(320,360) d=0.87 a=1 | sp=som:active d=0.9 age=1 dtg=10.83 region=0_12
ep=644 s=38 8554ms [sel=3 cap=8430 rest=121] sg=1->1 mode=NONE win=8 obs=39 | cap=wip act=(320,360) d=0.63 a=1 | sp=som:active d=0.6 age=2 dtg=11.04 region=0_12
ep=644 s=39 14879ms [sel=46 cap=14709 rest=124] sg=1->1 mode=NONE win=8 obs=40 | cap=wip act=(320,360) d=3.73 a=3 | sp=frontier:active d=3.7 age=0 dtg=11.04 region=0_12
ep=644 s=40 8529ms [sel=3 cap=8405 rest=122] sg=1->1 mode=NONE win=8 obs=41 | cap=wip act=(320,360) d=3.73 a=1 | sp=frontier:active d=3.7 age=1 dtg=11.28 region=0_12
ep=644 s=41 10069ms [sel=4 cap=9944 rest=121] sg=1->1 mode=NONE win=8 obs=42 | cap=wip act=(320,360) d=3.49 a=3 | sp=frontier:active d=3.5 age=2 dtg=11.28 region=0_12
ep=644 s=42 6726ms [sel=4 cap=6596 rest=126] sg=1->1 mode=NONE win=8 obs=43 | cap=wip act=(320,360) d=3.49 a=1 | sp=frontier:active d=3.5 age=3 dtg=9.68 region=0_12
ep=644 s=43 5742ms [sel=3 cap=5618 rest=121] sg=1->1 mode=NONE win=8 obs=44 | cap=wip act=(320,360) d=3.28 a=1 | sp=frontier:active d=3.3 age=4 dtg=9.48 region=0_12
ep=644 s=44 6985ms [sel=4 cap=6860 rest=121] sg=1->1 mode=NONE win=8 obs=45 | cap=wip act=(320,360) d=3.07 a=2 | sp=frontier:active d=3.1 age=5 dtg=9.48 region=0_12
ep=644 s=45 8547ms [sel=0 cap=8423 rest=124] sg=1->2 mode=NONE win=8 obs=46 | cap=DONE act=TURN request=-45deg execute=-15deg x1 a=2 | sp=frontier:active d=3.1 age=6 door_evts=1 dtg=9.48 region=0_12
ep=644 s=46 7252ms [sel=0 cap=7118 rest=134] sg=2->2 mode=NONE win=8 obs=47 | cap=wip act=TURN request=-45deg execute=-15deg x1 a=2 | sp=- door_evts=1 dtg=9.48 region=0_12
ep=644 s=47 11668ms [sel=0 cap=11539 rest=129] sg=2->2 mode=NONE win=8 obs=48 | cap=wip act=TURN request=-45deg execute=-15deg x1 a=2 | sp=- door_evts=1 dtg=9.48 region=0_12
ep=644 s=48 4790ms [sel=0 cap=4667 rest=123] sg=2->2 mode=NONE win=8 obs=49 | cap=wip act=TURN request=-45deg execute=-15deg x1 a=2 | sp=- door_evts=1 dtg=9.48 region=0_12
ep=644 s=49 5755ms [sel=0 cap=5633 rest=121] sg=2->2 mode=NONE win=8 obs=50 | cap=wip act=TURN request=-45deg execute=-15deg x1 a=2 | sp=- door_evts=1 dtg=9.48 region=0_12
ep=644 s=50 10438ms [sel=3009 cap=7301 rest=128] sg=2->2 mode=NONE win=8 obs=51 | cap=wip act=(320,360) d=2.42 a=3 | sp=som:active d=2.4 age=0 som=3/8 dtg=9.48 region=0_12
ep=644 s=51 5407ms [sel=7 cap=5280 rest=120] sg=2->2 mode=NONE win=8 obs=52 | cap=wip act=(320,360) d=2.42 a=3 | sp=som:active d=2.4 age=1 dtg=9.48 region=0_12
ep=644 s=52 7824ms [sel=6 cap=7700 rest=119] sg=2->2 mode=NONE win=8 obs=53 | cap=wip act=(320,360) d=2.42 a=3 | sp=som:active d=2.4 age=2 dtg=9.48 region=0_12
ep=644 s=53 9095ms [sel=4 cap=8956 rest=135] sg=2->2 mode=NONE win=8 obs=54 | cap=wip act=(320,360) d=2.42 a=3 | sp=som:active d=2.4 age=3 dtg=9.48 region=0_12
ep=644 s=54 6898ms [sel=3 cap=6757 rest=138] sg=2->2 mode=NONE win=8 obs=55 | cap=wip act=(320,360) d=2.42 a=1 | sp=som:active d=2.4 age=4 dtg=9.26 region=0_12
ep=644 s=55 12916ms [sel=4 cap=12779 rest=133] sg=2->2 mode=NONE win=8 obs=56 | cap=wip act=(320,360) d=2.18 a=1 | sp=som:active d=2.2 age=5 dtg=9.08 region=0_12
ep=644 s=56 5580ms [sel=3 cap=5443 rest=134] sg=2->2 mode=NONE win=8 obs=57 | cap=wip act=(320,360) d=1.95 a=2 | sp=som:active d=1.9 age=6 dtg=9.08 region=0_12
ep=644 s=57 9862ms [sel=3 cap=9731 rest=128] sg=2->2 mode=NONE win=8 obs=58 | cap=wip act=(320,360) d=1.95 a=1 | sp=som:active d=1.9 age=7 dtg=8.90 region=0_12
ep=644 s=58 10191ms [sel=2820 cap=7245 rest=127] sg=2->3 mode=NONE win=8 obs=59 | cap=DONE act=(320,360) d=2.50 a=1 | sp=som:active d=2.5 age=0 som=3/8 dtg=8.82 region=None
ep=644 s=59 5507ms [sel=3 cap=5375 rest=129] sg=3->3 mode=NONE win=8 obs=60 | cap=wip act=(320,360) d=2.26 a=3 | sp=som:active d=2.3 age=1 dtg=8.82 region=None
ep=644 s=60 7033ms [sel=3 cap=6899 rest=131] sg=3->3 mode=NONE win=8 obs=61 | cap=wip act=(320,360) d=2.26 a=1 | sp=som:active d=2.3 age=2 dtg=8.85 region=0_1
ep=644 s=61 5564ms [sel=3 cap=5427 rest=135] sg=3->3 mode=NONE win=8 obs=62 | cap=wip act=(320,360) d=2.01 a=1 | sp=som:active d=2.0 age=3 dtg=8.91 region=0_1
ep=644 s=62 7036ms [sel=3 cap=6906 rest=127] sg=3->3 mode=NONE win=8 obs=63 | cap=wip act=(320,360) d=1.76 a=1 | sp=som:active d=1.8 age=4 dtg=8.99 region=0_1
ep=644 s=63 16199ms [sel=3 cap=16069 rest=127] sg=3->3 mode=NONE win=8 obs=64 | cap=wip act=(320,360) d=1.51 a=1 | sp=som:active d=1.5 age=5 dtg=9.09 region=0_1
ep=644 s=64 10000ms [sel=4 cap=9865 rest=131] sg=3->3 mode=GET_NOWHERE win=8 obs=65 | cap=wip/GET_NOWHERE act=(320,360) d=1.26 a=1 | sp=som:active d=1.3 age=6 dtg=9.22 region=0_1
ep=644 s=65 12572ms [sel=4 cap=12442 rest=127] sg=3->3 mode=NONE win=8 obs=66 | cap=wip act=(320,360) d=1.02 a=1 | sp=som:active d=1.0 age=7 dtg=9.38 region=0_1
ep=644 s=66 8970ms [sel=4 cap=8839 rest=127] sg=3->3 mode=NONE win=8 obs=67 | cap=wip act=(320,360) d=0.77 a=2 | sp=som:active d=0.8 age=8 dtg=9.38 region=0_1
ep=644 s=67 7611ms [sel=4 cap=7483 rest=125] sg=3->3 mode=NONE win=8 obs=68 | cap=wip act=(320,360) d=0.77 a=1 | sp=som:active d=0.8 age=9 dtg=8.96 region=0_1
ep=644 s=68 9854ms [sel=3 cap=9725 rest=126] sg=3->3 mode=NONE win=8 obs=69 | cap=wip act=(320,360) d=0.52 a=1 | sp=som:active d=0.5 age=10 dtg=8.72 region=0_1
ep=644 s=69 11658ms [sel=68 cap=11461 rest=129] sg=3->3 mode=NONE win=8 obs=70 | cap=wip act=(320,360) d=2.95 a=3 | sp=frontier:active d=3.0 age=0 dtg=8.72 region=0_1
ep=644 s=70 14590ms [sel=6 cap=14456 rest=128] sg=3->3 mode=NONE win=8 obs=71 | cap=wip act=(320,360) d=2.95 a=3 | sp=frontier:active d=3.0 age=1 dtg=8.72 region=0_1
ep=644 s=71 12017ms [sel=10 cap=11878 rest=129] sg=3->3 mode=NONE win=8 obs=72 | cap=wip act=(320,360) d=2.95 a=1 | sp=frontier:active d=3.0 age=2 dtg=8.47 region=0_1
ep=644 s=72 15955ms [sel=12 cap=15815 rest=128] sg=3->3 mode=NONE win=8 obs=73 | cap=wip act=(320,360) d=2.83 a=1 | sp=frontier:active d=2.8 age=3 dtg=8.23 region=0_1
ep=644 s=73 10787ms [sel=14 cap=10647 rest=126] sg=3->3 mode=NONE win=8 obs=74 | cap=wip act=(320,360) d=2.73 a=3 | sp=frontier:active d=2.7 age=4 dtg=8.23 region=0_1
ep=644 s=74 8102ms [sel=18 cap=7953 rest=131] sg=3->3 mode=NONE win=8 obs=75 | cap=wip act=(320,360) d=2.73 a=1 | sp=frontier:active d=2.7 age=5 dtg=8.03 region=0_1
ep=644 s=75 11346ms [sel=15 cap=11198 rest=132] sg=3->3 mode=NONE win=8 obs=76 | cap=wip act=(320,360) d=2.71 a=1 | sp=frontier:active d=2.7 age=6 dtg=7.89 region=0_1
ep=644 s=76 5816ms [sel=17 cap=5672 rest=128] sg=3->3 mode=NONE win=8 obs=77 | cap=wip act=(320,360) d=2.72 a=2 | sp=frontier:active d=2.7 age=7 dtg=7.89 region=0_1
ep=644 s=77 10421ms [sel=15 cap=10281 rest=125] sg=3->3 mode=NONE win=8 obs=78 | cap=wip act=(320,360) d=2.72 a=2 | sp=frontier:active d=2.7 age=8 dtg=7.89 region=0_1
ep=644 s=78 9844ms [sel=14 cap=9707 rest=123] sg=3->3 mode=NONE win=8 obs=79 | cap=wip act=(320,360) d=2.72 a=1 | sp=frontier:active d=2.7 age=9 dtg=7.71 region=0_2
ep=644 s=79 18585ms [sel=15 cap=18413 rest=157] sg=3->3 mode=NONE win=8 obs=80 | cap=wip act=(320,360) d=2.62 a=2 | sp=frontier:active d=2.6 age=10 dtg=7.71 region=0_2
ep=644 s=80 11673ms [sel=13 cap=11540 rest=120] sg=3->3 mode=NONE win=8 obs=81 | cap=wip act=(320,360) d=2.62 a=2 | sp=frontier:active d=2.6 age=11 dtg=7.71 region=0_2
ep=644 s=81 9312ms [sel=5 cap=9188 rest=119] sg=3->3 mode=NONE win=8 obs=82 | cap=wip act=(320,360) d=2.62 a=1 | sp=frontier:active d=2.6 age=12 dtg=7.51 region=0_2
ep=644 s=82 14368ms [sel=6 cap=14240 rest=122] sg=3->3 mode=NONE win=8 obs=83 | cap=wip act=(320,360) d=2.43 a=2 | sp=frontier:active d=2.4 age=13 dtg=7.51 region=0_2
ep=644 s=83 11502ms [sel=4 cap=11377 rest=121] sg=3->3 mode=NONE win=8 obs=84 | cap=wip act=(320,360) d=2.43 a=1 | sp=frontier:active d=2.4 age=14 dtg=7.29 region=0_1
ep=644 s=84 12349ms [sel=4 cap=12225 rest=120] sg=3->3 mode=NONE win=8 obs=85 | cap=wip act=(320,360) d=2.21 a=2 | sp=frontier:active d=2.2 age=15 dtg=7.29 region=0_1
ep=644 s=85 14210ms [sel=4 cap=14083 rest=123] sg=3->3 mode=NONE win=8 obs=86 | cap=wip act=(320,360) d=2.21 a=1 | sp=frontier:active d=2.2 age=16 dtg=7.06 region=0_1
ep=644 s=86 11892ms [sel=23 cap=11243 rest=587] sg=3->3 mode=NONE win=8 obs=87 | cap=wip act=(160,180) d=3.56 a=1 | preview=view2/6 yaw=-45 render=39ms | sp=preview:active d=3.6 age=0 dtg=6.83 region=0_1
ep=644 s=87 11847ms [sel=3 cap=11722 rest=121] sg=3->3 mode=NONE win=8 obs=88 | cap=wip act=(320,360) d=3.33 a=2 | sp=preview:active d=3.3 age=1 dtg=6.83 region=0_1
ep=644 s=88 9473ms [sel=3 cap=9343 rest=127] sg=3->3 mode=NONE win=8 obs=89 | cap=wip act=(320,360) d=3.33 a=1 | sp=preview:active d=3.3 age=2 dtg=6.58 region=0_1
ep=644 s=89 11398ms [sel=3 cap=11269 rest=126] sg=3->3 mode=NONE win=8 obs=90 | cap=wip act=(320,360) d=3.08 a=1 | sp=preview:active d=3.1 age=3 dtg=6.34 region=0_1
ep=644 s=90 11643ms [sel=3 cap=11514 rest=126] sg=3->3 mode=NONE win=8 obs=91 | cap=wip act=(320,360) d=2.84 a=1 | sp=preview:active d=2.8 age=4 dtg=6.10 region=0_1
ep=644 s=91 12545ms [sel=4 cap=12411 rest=130] sg=3->3 mode=NONE win=8 obs=92 | cap=wip act=(320,360) d=2.59 a=1 | sp=preview:active d=2.6 age=5 dtg=5.86 region=0_1
ep=644 s=92 6578ms [sel=3 cap=6440 rest=134] sg=3->3 mode=NONE win=8 obs=93 | cap=wip act=(320,360) d=2.35 a=1 | sp=preview:active d=2.3 age=6 dtg=5.62 region=0_1
ep=644 s=93 9884ms [sel=3 cap=9760 rest=121] sg=3->3 mode=NONE win=8 obs=94 | cap=wip act=(320,360) d=2.11 a=1 | sp=preview:active d=2.1 age=7 dtg=5.38 region=0_1
ep=644 s=94 14835ms [sel=4 cap=14703 rest=129] sg=3->3 mode=NONE win=8 obs=95 | cap=wip act=(320,360) d=1.87 a=1 | sp=preview:active d=1.9 age=8 dtg=5.15 region=0_1
ep=644 s=95 17169ms [sel=3 cap=17037 rest=129] sg=3->3 mode=NONE win=8 obs=96 | cap=wip act=(320,360) d=1.63 a=2 | sp=preview:active d=1.6 age=9 dtg=5.15 region=0_1
ep=644 s=96 19447ms [sel=28 cap=18880 rest=502] sg=3->3 mode=NONE win=8 obs=97 | cap=wip act=(160,180) d=3.78 a=1 | preview=view2/6 yaw=-30 render=36ms | sp=preview:active d=3.8 age=0 dtg=4.90 region=0_1
ep=644 s=97 8018ms [sel=9 cap=7872 rest=137] sg=3->3 mode=NONE win=8 obs=98 | cap=wip act=(320,360) d=3.53 a=1 | sp=preview:active d=3.5 age=1 dtg=4.65 region=0_1
ep=644 s=98 10785ms [sel=3 cap=10642 rest=140] sg=3->3 mode=NONE win=8 obs=99 | cap=wip act=(320,360) d=3.28 a=1 | sp=preview:active d=3.3 age=2 dtg=4.40 region=0_1
ep=644 s=99 12273ms [sel=3 cap=12139 rest=131] sg=3->3 mode=NONE win=8 obs=100 | cap=wip act=(320,360) d=3.03 a=1 | sp=preview:active d=3.0 age=3 dtg=4.16 region=0_1
ep=644 s=100 13129ms [sel=3 cap=12996 rest=130] sg=3->3 mode=NONE win=8 obs=101 | cap=wip act=(320,360) d=2.78 a=1 | sp=preview:active d=2.8 age=4 dtg=3.91 region=0_1
ep=644 s=101 15474ms [sel=3 cap=15345 rest=126] sg=3->3 mode=NONE win=8 obs=102 | cap=wip act=(320,360) d=2.53 a=1 | sp=preview:active d=2.5 age=5 dtg=3.66 region=0_1
ep=644 s=102 15110ms [sel=23 cap=14531 rest=519] sg=3->3 mode=NONE win=8 obs=103 | cap=wip act=(160,180) d=3.45 a=1 | preview=view3/6 yaw=+0 render=37ms | sp=preview:active d=3.4 age=0 dtg=3.42 region=0_1
ep=644 s=103 13088ms [sel=5 cap=12953 rest=129] sg=3->3 mode=NONE win=8 obs=104 | cap=wip act=(320,360) d=3.20 a=2 | sp=preview:active d=3.2 age=1 dtg=3.42 region=0_1
ep=644 s=104 13568ms [sel=4 cap=13435 rest=129] sg=3->3 mode=NONE win=8 obs=105 | cap=wip act=(320,360) d=3.20 a=1 | sp=preview:active d=3.2 age=2 dtg=3.17 region=0_1
ep=644 s=105 9910ms [sel=3 cap=9782 rest=125] sg=3->3 mode=NONE win=8 obs=106 | cap=wip act=(320,360) d=2.95 a=1 | sp=preview:active d=3.0 age=3 dtg=2.92 region=0_1
ep=644 s=106 12833ms [sel=76 cap=12632 rest=125] sg=3->4 mode=NONE win=8 obs=107 | cap=DONE act=(320,360) d=2.86 a=2 | sp=frontier:active d=2.9 age=0 dtg=2.92 region=0_1
ep=644 s=107 8131ms [sel=3 cap=8004 rest=124] sg=4->4 mode=NONE win=8 obs=108 | cap=wip act=(320,360) d=2.86 a=1 | sp=frontier:active d=2.9 age=1 dtg=2.69 region=0_1
ep=644 s=108 7941ms [sel=3 cap=7817 rest=121] sg=4->4 mode=NONE win=8 obs=109 | cap=wip act=(320,360) d=2.65 a=1 | sp=frontier:active d=2.7 age=2 dtg=2.47 region=0_1
ep=644 s=109 9519ms [sel=3 cap=9395 rest=121] sg=4->4 mode=NONE win=8 obs=110 | cap=wip act=(320,360) d=2.46 a=3 | sp=frontier:active d=2.5 age=3 dtg=2.47 region=0_1
ep=644 s=110 9086ms [sel=3 cap=8948 rest=134] sg=4->4 mode=NONE win=8 obs=111 | cap=wip act=(320,360) d=2.46 a=1 | sp=frontier:active d=2.5 age=4 dtg=2.23 region=0_1
ep=644 s=111 16254ms [sel=72 cap=16060 rest=122] sg=4->5 mode=NONE win=8 obs=112 | cap=DONE act=(320,360) d=3.08 a=1 | sp=frontier:active d=3.1 age=0 dtg=2.00 region=0_1
ep=644 s=112 6522ms [sel=3 cap=6401 rest=119] sg=5->5 mode=NONE win=8 obs=113 | cap=wip act=(320,360) d=2.83 a=3 | sp=frontier:active d=2.8 age=1 dtg=2.00 region=0_1
ep=644 s=113 7817ms [sel=4 cap=7689 rest=124] sg=5->5 mode=NONE win=8 obs=114 | cap=wip act=(320,360) d=2.83 a=1 | sp=frontier:active d=2.8 age=2 dtg=1.75 region=0_1
ep=644 s=114 5643ms [sel=3 cap=5518 rest=122] sg=5->5 mode=NONE win=8 obs=115 | cap=wip act=(320,360) d=2.59 a=2 | sp=frontier:active d=2.6 age=3 dtg=1.75 region=0_1
ep=644 s=115 8707ms [sel=3 cap=8585 rest=119] sg=5->5 mode=NONE win=8 obs=116 | cap=wip act=(320,360) d=2.59 a=1 | sp=frontier:active d=2.6 age=4 dtg=1.53 region=0_1
ep=644 s=116 10903ms [sel=101 cap=10653 rest=149] sg=5->6 mode=NONE win=8 obs=117 | cap=DONE act=(320,360) d=3.92 a=3 | sp=frontier:active d=3.9 age=0 dtg=1.53 region=0_1
ep=644 s=117 14747ms [sel=9 cap=14617 rest=121] sg=6->6 mode=NONE win=8 obs=118 | cap=wip act=(320,360) d=3.92 a=1 | sp=frontier:active d=3.9 age=1 dtg=1.28 region=0_1
ep=644 s=118 21718ms [sel=6 cap=21150 rest=524] sg=6->None mode=NONE win=8 obs=119 | cap=DONE act=(320,360) d=1.00 a=1 | preview=view-/6 yaw=+0 render=37ms | sp=frontier:active d=3.7 age=2 door_evts=2 dtg=1.04 region=None
ep=644 s=119 129ms [sel=5 cap=0 rest=124] sg=None->None mode=NONE win=8 obs=120 | cap=- act=(320,360) d=1.00 a=1 | sp=frontier:active d=3.4 age=3 door_evts=2 dtg=0.81 region=None
ep=644 s=120 128ms [sel=6 cap=0 rest=121] sg=None->None mode=NONE win=8 obs=121 | cap=- act=(320,360) d=1.00 a=1 | sp=frontier:active d=3.2 age=4 door_evts=2 dtg=0.58 region=None
ep=644 s=121 120ms [sel=0 cap=0 rest=120] sg=None->None mode=NONE win=8 obs=122 | cap=- act=STOP | sp=frontier:active d=3.0 age=5 door_evts=2 dtg=0.58 region=None
rank=2 [7/16] id=644 steps=122 success=1.000 spl=0.543 dtg=0.58 osr=1 path_length=18.84 ndtw=0.215 sdtw=0.215
PluginManager::Manager: duplicate static plugin StbImageImporter, ignoring
PluginManager::Manager: duplicate static plugin GltfImporter, ignoring
PluginManager::Manager: duplicate static plugin BasisImporter, ignoring
PluginManager::Manager: duplicate static plugin AssimpImporter, ignoring
PluginManager::Manager: duplicate static plugin AnySceneImporter, ignoring
PluginManager::Manager: duplicate static plugin AnyImageImporter, ignoring
episode=657 instruction='To the painting. To the electrical receptacle. To the NQHG painting. To the couch. To the footstool.' start_position=[7.710249900817871, 0.17162801325321198, -4.81318998336792] goal_position=[6.924980163574219, 0.17162801325321198, 1.1728399991989136] reference_geodesic=9.51393985748291
episode=657 prepared_subgoals=5
  [1] Go to the painting
      proof: The painting is directly ahead of the camera, within a step.
  [2] Go to the electrical receptacle
      proof: The electrical receptacle is directly ahead of the camera, within a step.
  [3] Go to the NQHG painting
      proof: The NQHG painting is directly ahead of the camera, within a step.
  [4] Go to the couch
      proof: The couch is directly ahead of the camera, within a step.
  [5] Go to the footstool
      proof: The footstool is directly ahead of the camera, within a step
ep=657 s=0 18930ms [sel=25 cap=18404 rest=465] sg=1->1 mode=NONE win=1 obs=1 | cap=wip act=TURN request=+45deg execute=+15deg x1 a=3 | preview=view-/6 yaw=+0 render=36ms | sp=preview:active d=3.5 age=0 dtg=9.51 region=0_5
ep=657 s=1 9380ms [sel=5 cap=9278 rest=97] sg=1->1 mode=NONE win=2 obs=2 | cap=wip act=TURN request=+45deg execute=+15deg x1 a=3 | sp=preview:active d=3.5 age=1 dtg=9.51 region=0_5
ep=657 s=2 12680ms [sel=5 cap=12583 rest=91] sg=1->1 mode=NONE win=3 obs=3 | cap=wip act=TURN request=+45deg execute=+15deg x1 a=3 | sp=preview:active d=3.5 age=2 dtg=9.51 region=0_5
ep=657 s=3 18799ms [sel=5 cap=18711 rest=83] sg=1->1 mode=NONE win=4 obs=4 | cap=wip act=TURN request=+45deg execute=+15deg x1 a=3 | sp=preview:active d=3.5 age=3 dtg=9.51 region=0_5
ep=657 s=4 10706ms [sel=6 cap=10620 rest=80] sg=1->1 mode=NONE win=5 obs=5 | cap=wip act=TURN request=+45deg execute=+15deg x1 a=3 | sp=preview:active d=3.5 age=4 dtg=9.51 region=0_5
ep=657 s=5 11916ms [sel=5 cap=11834 rest=76] sg=1->1 mode=NONE win=6 obs=6 | cap=wip act=TURN request=+45deg execute=+15deg x1 a=3 | sp=preview:active d=3.5 age=5 dtg=9.51 region=0_5
ep=657 s=6 12995ms [sel=5 cap=12909 rest=81] sg=1->1 mode=NONE win=7 obs=7 | cap=wip act=TURN request=+45deg execute=+15deg x1 a=3 | sp=preview:active d=3.5 age=6 dtg=9.51 region=0_5
ep=657 s=7 22689ms [sel=4 cap=22604 rest=81] sg=1->1 mode=NONE win=8 obs=8 | cap=wip act=TURN request=+45deg execute=+15deg x1 a=3 | sp=preview:active d=3.5 age=7 dtg=9.51 region=0_5
ep=657 s=8 10567ms [sel=4 cap=10495 rest=68] sg=1->1 mode=NONE win=8 obs=9 | cap=wip act=(320,360) d=3.49 a=3 | sp=preview:active d=3.5 age=8 dtg=9.51 region=0_5
ep=657 s=9 13286ms [sel=4 cap=13209 rest=73] sg=1->1 mode=NONE win=8 obs=10 | cap=wip act=(320,360) d=3.49 a=3 | sp=preview:active d=3.5 age=9 dtg=9.51 region=0_5
ep=657 s=10 22697ms [sel=16 cap=22604 rest=77] sg=1->1 mode=NONE win=8 obs=11 | cap=wip act=(320,360) d=3.49 a=3 | sp=preview:active d=3.5 age=10 dtg=9.51 region=0_5
ep=657 s=11 16014ms [sel=3 cap=15565 rest=411] sg=1->1 mode=NONE win=8 obs=12 | cap=wip act=(320,360) d=3.49 a=1 | preview=view-/6 yaw=+0 render=35ms | sp=preview:active d=3.5 age=11 dtg=9.29 region=0_5
ep=657 s=12 14039ms [sel=3 cap=13957 rest=79] sg=1->1 mode=NONE win=8 obs=13 | cap=wip act=(320,360) d=3.29 a=1 | sp=preview:active d=3.3 age=12 dtg=9.07 region=0_5
ep=657 s=13 10786ms [sel=5 cap=10702 rest=79] sg=1->1 mode=NONE win=8 obs=14 | cap=wip act=(320,360) d=3.10 a=3 | sp=preview:active d=3.1 age=13 dtg=9.07 region=0_5
ep=657 s=14 12641ms [sel=3 cap=12555 rest=83] sg=1->1 mode=NONE win=8 obs=15 | cap=wip act=(320,360) d=3.10 a=3 | sp=preview:active d=3.1 age=14 dtg=9.07 region=0_5
ep=657 s=15 17556ms [sel=3 cap=17471 rest=82] sg=1->1 mode=NONE win=8 obs=16 | cap=wip act=(320,360) d=3.10 a=1 | sp=preview:active d=3.1 age=15 dtg=8.82 region=0_5
ep=657 s=16 22492ms [sel=22 cap=22061 rest=374] sg=1->1 mode=NONE win=8 obs=17 | cap=wip act=(160,180) d=3.68 a=1 | preview=view3/6 yaw=+0 render=35ms | sp=preview:active d=3.7 age=0 dtg=8.57 region=0_5
ep=657 s=17 15075ms [sel=3 cap=14982 rest=90] sg=1->1 mode=NONE win=8 obs=18 | cap=wip act=(320,360) d=3.45 a=1 | sp=preview:active d=3.5 age=1 dtg=8.32 region=0_5
ep=657 s=18 16581ms [sel=3 cap=16491 rest=87] sg=1->1 mode=NONE win=8 obs=19 | cap=wip act=(320,360) d=3.23 a=1 | sp=preview:active d=3.2 age=2 dtg=8.07 region=0_18
ep=657 s=19 12143ms [sel=22 cap=11698 rest=389] sg=1->1 mode=NONE win=8 obs=20 | cap=wip act=(160,180) d=3.45 a=1 | preview=view3/6 yaw=+0 render=35ms | sp=preview:active d=3.4 age=0 dtg=7.82 region=0_18
ep=657 s=20 9976ms [sel=3 cap=9884 rest=89] sg=1->1 mode=NONE win=8 obs=21 | cap=wip act=(320,360) d=3.20 a=3 | sp=preview:active d=3.2 age=1 dtg=7.82 region=0_18
ep=657 s=21 11952ms [sel=34 cap=11830 rest=88] sg=1->2 mode=NONE win=8 obs=22 | cap=DONE act=(320,360) d=3.10 a=1 | sp=frontier:active d=3.1 age=0 dtg=7.58 region=0_18
ep=657 s=22 11070ms [sel=3 cap=10982 rest=85] sg=2->2 mode=NONE win=8 obs=23 | cap=wip act=(320,360) d=2.87 a=3 | sp=frontier:active d=2.9 age=1 dtg=7.58 region=0_18
ep=657 s=23 24572ms [sel=3 cap=24484 rest=85] sg=2->2 mode=NONE win=8 obs=24 | cap=wip act=(320,360) d=2.87 a=1 | sp=frontier:active d=2.9 age=2 dtg=7.38 region=0_18
ep=657 s=24 12249ms [sel=3 cap=12158 rest=88] sg=2->2 mode=NONE win=8 obs=25 | cap=wip act=(320,360) d=2.62 a=1 | sp=frontier:active d=2.6 age=3 dtg=7.20 region=0_18
ep=657 s=25 27367ms [sel=51 cap=27234 rest=82] sg=2->3 mode=NONE win=8 obs=26 | cap=DONE act=(320,360) d=4.61 a=2 | sp=frontier:active d=4.6 age=0 dtg=7.20 region=0_18
ep=657 s=26 6624ms [sel=4 cap=6535 rest=84] sg=3->3 mode=NONE win=8 obs=27 | cap=wip act=(320,360) d=4.61 a=1 | sp=frontier:active d=4.6 age=1 dtg=7.00 region=0_18
ep=657 s=27 10754ms [sel=26 cap=10639 rest=88] sg=3->3 mode=NONE win=8 obs=28 | cap=wip act=(320,360) d=4.36 a=1 | sp=frontier:active d=4.4 age=2 dtg=6.83 region=0_18
ep=657 s=28 5256ms [sel=21 cap=5144 rest=91] sg=3->3 mode=NONE win=8 obs=29 | cap=wip act=(320,360) d=4.12 a=1 | sp=frontier:active d=4.1 age=3 dtg=6.71 region=0_18
ep=657 s=29 7777ms [sel=4 cap=7680 rest=92] sg=3->3 mode=NONE win=8 obs=30 | cap=wip act=(320,360) d=3.87 a=1 | sp=frontier:active d=3.9 age=4 dtg=6.68 region=0_18
ep=657 s=30 7065ms [sel=4 cap=6971 rest=90] sg=3->3 mode=NONE win=8 obs=31 | cap=wip act=(320,360) d=3.62 a=1 | sp=frontier:active d=3.6 age=5 dtg=6.69 region=0_18
ep=657 s=31 14136ms [sel=3 cap=14040 rest=92] sg=3->3 mode=NONE win=8 obs=32 | cap=wip act=(320,360) d=3.38 a=1 | sp=frontier:active d=3.4 age=6 dtg=6.71 region=0_18
ep=657 s=32 13581ms [sel=3 cap=13488 rest=90] sg=3->3 mode=NONE win=8 obs=33 | cap=wip act=(320,360) d=3.13 a=1 | sp=frontier:active d=3.1 age=7 dtg=6.76 region=0_18
ep=657 s=33 10295ms [sel=3 cap=10200 rest=91] sg=3->3 mode=NONE win=8 obs=34 | cap=wip act=(320,360) d=2.89 a=1 | sp=frontier:active d=2.9 age=8 dtg=6.82 region=0_18
ep=657 s=34 8989ms [sel=3 cap=8895 rest=90] sg=3->3 mode=NONE win=8 obs=35 | cap=wip act=(320,360) d=2.65 a=1 | sp=frontier:active d=2.6 age=9 dtg=6.89 region=0_18
ep=657 s=35 8602ms [sel=3 cap=8502 rest=97] sg=3->3 mode=NONE win=8 obs=36 | cap=wip act=(320,360) d=2.41 a=1 | sp=frontier:active d=2.4 age=10 dtg=6.99 region=0_18
ep=657 s=36 9783ms [sel=4 cap=9685 rest=94] sg=3->3 mode=NONE win=8 obs=37 | cap=wip act=(320,360) d=2.17 a=1 | sp=frontier:active d=2.2 age=11 dtg=7.13 region=0_18
ep=657 s=37 9308ms [sel=5 cap=8758 rest=506] sg=3->3 mode=NONE win=8 obs=38 | cap=wip act=PREVIEW a=2 | preview=view3/6 yaw=+0 render=39ms | sp=frontier:stale d=1.9 age=12 door_evts=1 dtg=7.13 region=0_18
ep=657 s=38 12786ms [sel=5160 cap=7505 rest=121] sg=3->3 mode=NONE win=8 obs=39 | cap=wip act=(320,360) d=2.95 a=1 | sp=som:active d=2.9 age=0 som=2/8 dtg=7.23 region=0_18
ep=657 s=39 13543ms [sel=4 cap=13439 rest=100] sg=3->3 mode=NONE win=8 obs=40 | cap=wip act=(320,360) d=2.70 a=2 | sp=som:active d=2.7 age=1 dtg=7.23 region=0_18
ep=657 s=40 11120ms [sel=4 cap=11016 rest=100] sg=3->3 mode=NONE win=8 obs=41 | cap=wip act=(320,360) d=2.70 a=1 | sp=som:active d=2.7 age=2 dtg=7.32 region=0_18
ep=657 s=41 10990ms [sel=4 cap=10886 rest=101] sg=3->3 mode=NONE win=8 obs=42 | cap=wip act=(320,360) d=2.47 a=1 | sp=som:active d=2.5 age=3 dtg=7.46 region=0_18
ep=657 s=42 7943ms [sel=6 cap=7842 rest=95] sg=3->3 mode=NONE win=8 obs=43 | cap=wip act=(320,360) d=2.24 a=1 | sp=som:active d=2.2 age=4 dtg=7.62 region=0_18
ep=657 s=43 11671ms [sel=3 cap=11573 rest=95] sg=3->3 mode=NONE win=8 obs=44 | cap=wip act=(320,360) d=2.02 a=3 | sp=som:active d=2.0 age=5 dtg=7.62 region=0_18
ep=657 s=44 12893ms [sel=3 cap=12792 rest=98] sg=3->3 mode=NONE win=8 obs=45 | cap=wip act=(320,360) d=2.02 a=1 | sp=som:active d=2.0 age=6 dtg=7.84 region=0_18
ep=657 s=45 11122ms [sel=3 cap=11001 rest=118] sg=3->3 mode=NONE win=8 obs=46 | cap=wip act=(320,360) d=1.77 a=3 | sp=som:active d=1.8 age=7 dtg=7.84 region=0_18
ep=657 s=46 16522ms [sel=3 cap=16421 rest=98] sg=3->3 mode=NONE win=8 obs=47 | cap=wip act=(320,360) d=1.77 a=1 | sp=som:active d=1.8 age=8 dtg=8.09 region=0_1
ep=657 s=47 13748ms [sel=33 cap=13275 rest=404] sg=3->3 mode=NONE win=8 obs=48 | cap=wip act=(160,180) d=2.53 a=1 | preview=view3/6 yaw=+0 render=36ms | sp=preview:active d=2.5 age=0 dtg=8.33 region=0_1
ep=657 s=48 11250ms [sel=20 cap=11091 rest=138] sg=3->3 mode=NONE win=8 obs=49 | cap=wip act=(320,360) d=2.30 a=1 | sp=preview:active d=2.3 age=1 dtg=8.58 region=0_1
ep=657 s=49 16059ms [sel=7520 cap=8438 rest=101] sg=3->4 mode=NONE win=8 obs=50 | cap=DONE act=(320,360) d=1.02 a=1 | sp=som:active d=1.0 age=0 som=3/8 dtg=8.83 region=0_1
ep=657 s=50 11383ms [sel=5 cap=11279 rest=98] sg=4->4 mode=NONE win=8 obs=51 | cap=wip act=(320,360) d=0.77 a=1 | sp=som:active d=0.8 age=1 dtg=9.08 region=0_1
ep=657 s=51 7631ms [sel=3 cap=7523 rest=105] sg=4->4 mode=NONE win=8 obs=52 | cap=wip act=(320,360) d=0.52 a=1 | sp=som:active d=0.5 age=2 dtg=9.33 region=0_1
ep=657 s=52 20960ms [sel=42 cap=20793 rest=125] sg=4->4 mode=NONE win=8 obs=53 | cap=wip act=(320,360) d=2.69 a=1 | sp=frontier:active d=2.7 age=0 dtg=9.58 region=0_1
ep=657 s=53 9032ms [sel=27 cap=8907 rest=98] sg=4->4 mode=NONE win=8 obs=54 | cap=wip act=(320,360) d=2.46 a=2 | sp=frontier:active d=2.5 age=1 dtg=9.58 region=0_1
ep=657 s=54 20619ms [sel=50 cap=20460 rest=109] sg=4->4 mode=NONE win=8 obs=55 | cap=wip act=(320,360) d=2.46 a=1 | sp=frontier:active d=2.5 age=2 dtg=9.81 region=0_1
ep=657 s=55 15786ms [sel=25 cap=15641 rest=120] sg=4->4 mode=NONE win=8 obs=56 | cap=wip act=(320,360) d=2.21 a=1 | sp=frontier:active d=2.2 age=3 dtg=10.05 region=0_1
ep=657 s=56 8354ms [sel=25 cap=8215 rest=114] sg=4->4 mode=NONE win=8 obs=57 | cap=wip act=(320,360) d=1.96 a=1 | sp=frontier:active d=2.0 age=4 dtg=10.29 region=0_1
ep=657 s=57 15606ms [sel=24 cap=15441 rest=142] sg=4->4 mode=NONE win=8 obs=58 | cap=wip act=(320,360) d=1.71 a=1 | sp=frontier:active d=1.7 age=5 dtg=10.53 region=0_1
ep=657 s=58 8620ms [sel=23 cap=8469 rest=128] sg=4->4 mode=NONE win=8 obs=59 | cap=wip act=(320,360) d=1.46 a=1 | sp=frontier:active d=1.5 age=6 dtg=10.77 region=0_1
ep=657 s=59 15628ms [sel=22 cap=15493 rest=112] sg=4->4 mode=NONE win=8 obs=60 | cap=wip act=(320,360) d=1.21 a=1 | sp=frontier:active d=1.2 age=7 dtg=11.01 region=0_1
ep=657 s=60 12704ms [sel=22 cap=12571 rest=111] sg=4->4 mode=NONE win=8 obs=61 | cap=wip act=(320,360) d=1.00 a=2 | sp=frontier:active d=1.0 age=8 dtg=11.01 region=0_1
ep=657 s=61 16641ms [sel=8 cap=16165 rest=432] sg=4->4 mode=NONE win=8 obs=62 | cap=wip act=(320,360) d=1.00 a=1 | preview=view-/6 yaw=+0 render=35ms | sp=frontier:active d=1.0 age=9 dtg=11.27 region=0_1
ep=657 s=62 11477ms [sel=5 cap=11363 rest=110] sg=4->4 mode=NONE win=8 obs=63 | cap=wip act=(320,360) d=0.75 a=1 | sp=frontier:active d=0.8 age=10 dtg=11.52 region=0_1
ep=657 s=63 9478ms [sel=3 cap=9363 rest=111] sg=4->4 mode=NONE win=8 obs=64 | cap=wip act=(320,360) d=0.50 a=1 | sp=frontier:active d=0.5 age=11 dtg=11.77 region=0_1
ep=657 s=64 11710ms [sel=60 cap=11542 rest=109] sg=4->4 mode=NONE win=8 obs=65 | cap=wip act=(320,360) d=2.75 a=3 | sp=frontier:active d=2.8 age=0 dtg=11.77 region=0_1
ep=657 s=65 15008ms [sel=31 cap=14863 rest=114] sg=4->4 mode=NONE win=8 obs=66 | cap=wip act=(320,360) d=2.75 a=3 | sp=frontier:active d=2.8 age=1 dtg=11.77 region=0_1
ep=657 s=66 7503ms [sel=33 cap=7357 rest=113] sg=4->4 mode=NONE win=8 obs=67 | cap=wip act=(320,360) d=2.75 a=3 | sp=frontier:active d=2.8 age=2 dtg=11.77 region=0_1
ep=657 s=67 15178ms [sel=32 cap=15028 rest=118] sg=4->4 mode=NONE win=8 obs=68 | cap=wip act=(320,360) d=2.75 a=3 | sp=frontier:active d=2.8 age=3 dtg=11.77 region=0_1
ep=657 s=68 11468ms [sel=32 cap=11324 rest=112] sg=4->4 mode=NONE win=8 obs=69 | cap=wip act=(320,360) d=2.75 a=3 | sp=frontier:active d=2.8 age=4 dtg=11.77 region=0_1
ep=657 s=69 18299ms [sel=21 cap=17810 rest=432] sg=4->4 mode=NONE win=8 obs=70 | cap=wip act=(160,180) d=0.97 a=3 | preview=view3/6 yaw=+30 render=36ms | sp=preview:active d=1.0 age=0 dtg=11.77 region=0_1
ep=657 s=70 9622ms [sel=12 cap=9511 rest=99] sg=4->4 mode=NONE win=8 obs=71 | cap=wip act=(320,360) d=0.97 a=3 | sp=preview:active d=1.0 age=1 dtg=11.77 region=0_1
ep=657 s=71 13240ms [sel=12 cap=13129 rest=98] sg=4->4 mode=NONE win=8 obs=72 | cap=wip act=(320,360) d=0.97 a=3 | sp=preview:active d=1.0 age=2 dtg=11.77 region=0_1
ep=657 s=72 8236ms [sel=8 cap=8143 rest=84] sg=4->4 mode=NONE win=8 obs=73 | cap=wip act=(320,360) d=0.97 a=3 | sp=preview:active d=1.0 age=3 dtg=11.77 region=0_1
ep=657 s=73 20687ms [sel=12163 cap=8437 rest=87] sg=4->5 mode=NONE win=8 obs=74 | cap=DONE act=(320,360) d=1.10 a=3 | sp=frontier:active d=1.1 age=0 som=1/7 dtg=11.77 region=0_1
ep=657 s=74 4223ms [sel=5 cap=4127 rest=90] sg=5->5 mode=NONE win=8 obs=75 | cap=wip act=(320,360) d=1.10 a=1 | sp=frontier:active d=1.1 age=1 dtg=11.57 region=0_1
ep=657 s=75 10687ms [sel=3 cap=10597 rest=87] sg=5->5 mode=NONE win=8 obs=76 | cap=wip act=(320,360) d=0.86 a=3 | sp=frontier:active d=0.9 age=2 dtg=11.57 region=0_1
ep=657 s=76 4028ms [sel=3 cap=3931 rest=94] sg=5->5 mode=NONE win=8 obs=77 | cap=wip act=(320,360) d=0.86 a=1 | sp=frontier:active d=0.9 age=3 dtg=11.37 region=0_1
ep=657 s=77 8371ms [sel=3 cap=8280 rest=88] sg=5->5 mode=NONE win=8 obs=78 | cap=wip act=(320,360) d=0.61 a=1 | sp=frontier:active d=0.6 age=4 dtg=11.20 region=0_1
ep=657 s=78 16056ms [sel=6576 cap=9396 rest=84] sg=5->5 mode=NONE win=8 obs=79 | cap=wip act=(320,360) d=1.03 a=3 | sp=frontier:active d=1.0 age=0 som=B/7 dtg=11.20 region=0_1
ep=657 s=79 8000ms [sel=10 cap=7900 rest=90] sg=5->5 mode=NONE win=8 obs=80 | cap=wip act=(320,360) d=1.03 a=3 | sp=frontier:active d=1.0 age=1 dtg=11.20 region=0_1
ep=657 s=80 10439ms [sel=10 cap=10338 rest=92] sg=5->5 mode=NONE win=8 obs=81 | cap=wip act=(320,360) d=1.03 a=3 | sp=frontier:active d=1.0 age=2 dtg=11.20 region=0_1
ep=657 s=81 18136ms [sel=10 cap=18029 rest=97] sg=5->5 mode=NONE win=8 obs=82 | cap=wip act=(320,360) d=1.03 a=3 | sp=frontier:active d=1.0 age=3 dtg=11.20 region=0_1
ep=657 s=82 10686ms [sel=20 cap=10190 rest=440] sg=5->5 mode=NONE win=8 obs=83 | cap=wip act=PREVIEW a=2 | preview=view2/6 yaw=-15 render=36ms | sp=preview:active d=3.4 age=0 dtg=11.20 region=0_1
ep=657 s=83 10865ms [sel=62 cap=10702 rest=100] sg=5->5 mode=NONE win=8 obs=84 | cap=wip act=(320,359) d=2.30 a=1 | sp=straight_ahead:active d=2.0 age=0 dtg=10.95 region=0_1
ep=657 s=84 10109ms [sel=4 cap=10010 rest=95] sg=5->5 mode=NONE win=8 obs=85 | cap=wip act=(320,360) d=1.76 a=1 | sp=straight_ahead:active d=1.8 age=1 dtg=10.70 region=0_1
ep=657 s=85 20667ms [sel=3 cap=20186 rest=439] sg=5->5 mode=NONE win=8 obs=86 | cap=wip act=(320,360) d=1.51 a=1 | preview=view-/6 yaw=+0 render=39ms | sp=straight_ahead:active d=1.5 age=2 dtg=10.45 region=0_1
ep=657 s=86 19635ms [sel=3 cap=19534 rest=98] sg=5->5 mode=NONE win=8 obs=87 | cap=wip act=(320,360) d=1.26 a=1 | sp=straight_ahead:active d=1.3 age=3 dtg=10.20 region=0_1
ep=657 s=87 12441ms [sel=3 cap=12339 rest=98] sg=5->5 mode=NONE win=8 obs=88 | cap=wip act=(320,360) d=1.01 a=1 | sp=straight_ahead:active d=1.0 age=4 dtg=9.95 region=0_1
ep=657 s=88 17035ms [sel=3 cap=16554 rest=440] sg=5->5 mode=NONE win=8 obs=89 | cap=wip act=(320,360) d=0.76 a=1 | preview=view-/6 yaw=+0 render=38ms | sp=straight_ahead:active d=0.8 age=5 dtg=9.70 region=0_1
ep=657 s=89 10996ms [sel=3 cap=10897 rest=96] sg=5->5 mode=NONE win=8 obs=90 | cap=wip act=(320,360) d=0.51 a=1 | sp=straight_ahead:active d=0.5 age=6 dtg=9.45 region=0_1
ep=657 s=90 18558ms [sel=44 cap=18415 rest=99] sg=5->5 mode=NONE win=8 obs=91 | cap=wip act=(320,360) d=3.72 a=1 | sp=frontier:active d=3.7 age=0 dtg=9.20 region=0_1
ep=657 s=91 27503ms [sel=3 cap=27034 rest=432] sg=5->5 mode=NONE win=8 obs=92 | cap=wip act=(320,360) d=3.50 a=1 | preview=view-/6 yaw=+0 render=34ms | sp=frontier:active d=3.5 age=1 dtg=8.95 region=0_1
ep=657 s=92 8460ms [sel=3 cap=8371 rest=86] sg=5->5 mode=NONE win=8 obs=93 | cap=wip act=(320,360) d=3.28 a=1 | sp=frontier:active d=3.3 age=2 dtg=8.70 region=0_1
ep=657 s=93 9396ms [sel=3 cap=9306 rest=87] sg=5->5 mode=NONE win=8 obs=94 | cap=wip act=(320,360) d=3.06 a=1 | sp=frontier:active d=3.1 age=3 dtg=8.46 region=0_1
ep=657 s=94 11887ms [sel=3 cap=11795 rest=89] sg=5->5 mode=NONE win=8 obs=95 | cap=wip act=(320,360) d=2.85 a=1 | sp=frontier:active d=2.9 age=4 dtg=8.21 region=0_1
ep=657 s=95 10674ms [sel=4 cap=10580 rest=89] sg=5->5 mode=NONE win=8 obs=96 | cap=wip act=(320,360) d=2.65 a=1 | sp=frontier:active d=2.6 age=5 dtg=7.96 region=0_18
ep=657 s=96 6301ms [sel=5 cap=6210 rest=87] sg=5->5 mode=NONE win=8 obs=97 | cap=wip act=(320,360) d=2.46 a=1 | sp=frontier:active d=2.5 age=6 dtg=7.71 region=0_18
ep=657 s=97 5369ms [sel=5 cap=5275 rest=90] sg=5->5 mode=NONE win=8 obs=98 | cap=wip act=(320,360) d=2.27 a=1 | sp=frontier:active d=2.3 age=7 dtg=7.46 region=0_18
ep=657 s=98 6963ms [sel=7 cap=6866 rest=89] sg=5->5 mode=NONE win=8 obs=99 | cap=wip act=(320,360) d=2.10 a=1 | sp=frontier:active d=2.1 age=8 dtg=7.22 region=0_18
ep=657 s=99 4150ms [sel=10 cap=4051 rest=88] sg=5->5 mode=NONE win=8 obs=100 | cap=wip act=(320,360) d=1.95 a=1 | sp=frontier:active d=2.0 age=9 dtg=6.97 region=0_18
ep=657 s=100 6587ms [sel=9 cap=6485 rest=93] sg=5->5 mode=NONE win=8 obs=101 | cap=wip act=(320,360) d=1.82 a=1 | sp=frontier:active d=1.8 age=10 dtg=6.74 region=0_18
ep=657 s=101 8139ms [sel=9 cap=8041 rest=89] sg=5->5 mode=NONE win=8 obs=102 | cap=wip act=(320,360) d=1.72 a=1 | sp=frontier:active d=1.7 age=11 dtg=6.52 region=0_18
ep=657 s=102 20685ms [sel=11 cap=20172 rest=466] sg=5->5 mode=NONE win=8 obs=103 | cap=wip act=(320,360) d=1.64 a=1 | preview=view-/6 yaw=+0 render=36ms | sp=frontier:active d=1.6 age=12 dtg=6.36 region=0_18
ep=657 s=103 11875ms [sel=47 cap=11738 rest=90] sg=5->5 mode=NONE win=8 obs=104 | cap=wip act=(320,360) d=3.01 a=3 | sp=frontier:active d=3.0 age=0 dtg=6.36 region=0_18
ep=657 s=104 10443ms [sel=3 cap=10349 rest=91] sg=5->5 mode=NONE win=8 obs=105 | cap=wip act=(320,360) d=3.01 a=3 | sp=frontier:active d=3.0 age=1 dtg=6.36 region=0_18
ep=657 s=105 14459ms [sel=3 cap=14367 rest=89] sg=5->5 mode=NONE win=8 obs=106 | cap=wip act=(320,360) d=3.01 a=1 | sp=frontier:active d=3.0 age=2 dtg=6.14 region=0_18
ep=657 s=106 19425ms [sel=3 cap=18909 rest=477] sg=5->5 mode=NONE win=8 obs=107 | cap=wip act=(320,360) d=2.76 a=1 | preview=view-/6 yaw=+0 render=36ms | sp=frontier:active d=2.8 age=3 dtg=5.95 region=0_18
ep=657 s=107 28641ms [sel=3 cap=28550 rest=88] sg=5->5 mode=NONE win=8 obs=108 | cap=wip act=(320,360) d=2.51 a=1 | sp=frontier:active d=2.5 age=4 dtg=5.78 region=0_18
ep=657 s=108 27239ms [sel=4 cap=27146 rest=89] sg=5->5 mode=NONE win=8 obs=109 | cap=wip act=(320,360) d=2.26 a=3 | sp=frontier:active d=2.3 age=5 dtg=5.78 region=0_18
ep=657 s=109 13649ms [sel=3 cap=13556 rest=90] sg=5->5 mode=NONE win=8 obs=110 | cap=wip act=(320,360) d=2.26 a=1 | sp=frontier:active d=2.3 age=6 dtg=5.57 region=0_18
ep=657 s=110 25256ms [sel=3 cap=25160 rest=94] sg=5->5 mode=NONE win=8 obs=111 | cap=wip act=(320,360) d=2.03 a=1 | sp=frontier:active d=2.0 age=7 dtg=5.37 region=0_18
ep=657 s=111 18365ms [sel=3 cap=18262 rest=100] sg=5->5 mode=NONE win=8 obs=112 | cap=wip act=(320,360) d=1.80 a=3 | sp=frontier:active d=1.8 age=8 dtg=5.37 region=0_18
ep=657 s=112 5464ms [sel=7 cap=5358 rest=100] sg=5->5 mode=NONE win=8 obs=113 | cap=wip act=(320,360) d=1.80 a=1 | sp=frontier:active d=1.8 age=9 dtg=5.14 region=0_18
ep=657 s=113 8689ms [sel=8 cap=8583 rest=98] sg=5->5 mode=NONE win=8 obs=114 | cap=wip act=(320,360) d=1.62 a=2 | sp=frontier:active d=1.6 age=10 dtg=5.14 region=0_18
ep=657 s=114 12412ms [sel=4 cap=12301 rest=108] sg=5->5 mode=NONE win=8 obs=115 | cap=wip act=(320,360) d=1.62 a=1 | sp=frontier:active d=1.6 age=11 dtg=4.96 region=0_18
ep=657 s=115 11426ms [sel=6 cap=11312 rest=109] sg=5->5 mode=NONE win=8 obs=116 | cap=wip act=(320,360) d=1.42 a=2 | sp=frontier:active d=1.4 age=12 dtg=4.96 region=0_18
ep=657 s=116 9441ms [sel=3 cap=9329 rest=110] sg=5->5 mode=NONE win=8 obs=117 | cap=wip act=(320,360) d=1.42 a=2 | sp=frontier:active d=1.4 age=13 dtg=4.96 region=0_18
ep=657 s=117 14245ms [sel=3 cap=14135 rest=108] sg=5->5 mode=NONE win=8 obs=118 | cap=wip act=(320,360) d=1.42 a=1 | sp=frontier:active d=1.4 age=14 dtg=4.95 region=0_18
ep=657 s=118 23795ms [sel=3 cap=23658 rest=134] sg=5->5 mode=NONE win=8 obs=119 | cap=wip act=(320,360) d=1.17 a=1 | sp=frontier:active d=1.2 age=15 dtg=5.07 region=0_18
ep=657 s=119 19520ms [sel=19 cap=18979 rest=487] sg=5->5 mode=NONE win=8 obs=120 | cap=wip act=(160,180) d=3.62 a=2 | preview=view3/6 yaw=+0 render=36ms | sp=preview:active d=3.6 age=0 dtg=5.07 region=0_18
ep=657 s=120 9635ms [sel=3 cap=9525 rest=107] sg=5->5 mode=NONE win=8 obs=121 | cap=wip act=(320,360) d=3.62 a=1 | sp=preview:active d=3.6 age=1 dtg=5.30 region=0_18
ep=657 s=121 7179ms [sel=3 cap=7070 rest=106] sg=5->5 mode=NONE win=8 obs=122 | cap=wip act=(320,360) d=3.37 a=1 | sp=preview:active d=3.4 age=2 dtg=5.54 region=0_18
ep=657 s=122 6466ms [sel=3 cap=6350 rest=113] sg=5->5 mode=NONE win=8 obs=123 | cap=wip act=(320,360) d=3.12 a=1 | sp=preview:active d=3.1 age=3 dtg=5.78 region=0_18
ep=657 s=123 5808ms [sel=3 cap=5698 rest=107] sg=5->5 mode=NONE win=8 obs=124 | cap=wip act=(320,360) d=2.87 a=1 | sp=preview:active d=2.9 age=4 dtg=6.02 region=0_18
ep=657 s=124 11558ms [sel=3 cap=11446 rest=108] sg=5->5 mode=NONE win=8 obs=125 | cap=wip act=(320,360) d=2.62 a=1 | sp=preview:active d=2.6 age=5 dtg=6.27 region=0_18
ep=657 s=125 11832ms [sel=3 cap=11726 rest=104] sg=5->5 mode=NONE win=8 obs=126 | cap=wip act=(320,360) d=2.37 a=1 | sp=preview:active d=2.4 age=6 dtg=6.52 region=0_18
ep=657 s=126 11773ms [sel=3 cap=11664 rest=106] sg=5->5 mode=NONE win=8 obs=127 | cap=wip act=(320,360) d=2.12 a=1 | sp=preview:active d=2.1 age=7 dtg=6.77 region=0_10
ep=657 s=127 8687ms [sel=3 cap=8572 rest=111] sg=5->5 mode=NONE win=8 obs=128 | cap=wip act=(320,360) d=1.87 a=1 | sp=preview:active d=1.9 age=8 dtg=7.02 region=0_10
ep=657 s=128 18128ms [sel=3 cap=17616 rest=472] sg=5->5 mode=NONE win=8 obs=129 | cap=wip act=(320,360) d=1.62 a=1 | preview=view-/6 yaw=+0 render=36ms | sp=preview:active d=1.6 age=9 dtg=7.27 region=0_10
ep=657 s=129 17172ms [sel=52 cap=17009 rest=110] sg=5->5 mode=NONE win=8 obs=130 | cap=wip act=(320,360) d=5.37 a=1 | sp=frontier:active d=5.4 age=0 dtg=7.51 region=0_10
ep=657 s=130 17824ms [sel=5 cap=17708 rest=112] sg=5->5 mode=NONE win=8 obs=131 | cap=wip act=(320,360) d=5.12 a=1 | sp=frontier:active d=5.1 age=1 dtg=7.76 region=0_10
ep=657 s=131 10287ms [sel=3 cap=10175 rest=109] sg=5->5 mode=NONE win=8 obs=132 | cap=wip act=(320,360) d=4.87 a=1 | sp=frontier:active d=4.9 age=2 dtg=8.01 region=0_10
ep=657 s=132 18557ms [sel=4 cap=18444 rest=109] sg=5->5 mode=NONE win=8 obs=133 | cap=wip act=(320,360) d=4.62 a=1 | sp=frontier:active d=4.6 age=3 dtg=8.26 region=0_10
ep=657 s=133 9497ms [sel=3 cap=9378 rest=117] sg=5->5 mode=NONE win=8 obs=134 | cap=wip act=(320,360) d=4.37 a=1 | sp=frontier:active d=4.4 age=4 dtg=8.51 region=0_10
ep=657 s=134 22614ms [sel=5 cap=22115 rest=459] sg=5->None mode=NONE win=8 obs=135 | cap=DONE act=(320,360) d=1.00 a=1 | preview=view-/6 yaw=+0 render=35ms | sp=frontier:active d=4.1 age=5 ovr=1 door_evts=4 dtg=8.76 region=0_10
ep=657 s=135 111ms [sel=4 cap=0 rest=107] sg=None->None mode=NONE win=8 obs=136 | cap=- act=(320,360) d=1.00 a=1 | sp=frontier:active d=3.9 age=6 ovr=1 door_evts=4 dtg=9.01 region=0_10
ep=657 s=136 114ms [sel=5 cap=0 rest=109] sg=None->None mode=NONE win=8 obs=137 | cap=- act=(320,360) d=1.00 a=1 | sp=frontier:active d=3.6 age=7 ovr=1 door_evts=4 dtg=9.26 region=0_10
ep=657 s=137 103ms [sel=0 cap=0 rest=103] sg=None->None mode=NONE win=8 obs=138 | cap=- act=STOP | sp=frontier:active d=3.4 age=8 ovr=1 door_evts=4 dtg=9.26 region=0_10
rank=2 [8/16] id=657 steps=138 success=0.000 spl=0.000 dtg=9.26 osr=0 path_length=22.74 ndtw=0.144 sdtw=0.000
PluginManager::Manager: duplicate static plugin StbImageImporter, ignoring
PluginManager::Manager: duplicate static plugin GltfImporter, ignoring
PluginManager::Manager: duplicate static plugin BasisImporter, ignoring
PluginManager::Manager: duplicate static plugin AssimpImporter, ignoring
PluginManager::Manager: duplicate static plugin AnySceneImporter, ignoring
PluginManager::Manager: duplicate static plugin AnyImageImporter, ignoring
episode=831 instruction='Down the long hallway next to the stairs, past the wine cellar. Wait in the bedroom on the right.' start_position=[6.758969783782959, -2.427623987197876, -4.948939800262451] goal_position=[-0.6480910181999207, -2.5755999088287354, -7.305319786071777] reference_geodesic=10.395748138427734
episode=831 prepared_subgoals=4
  [1] Walk down the long hallway next to the stairs
      proof: The hallway has been fully traversed and the wine cellar is behind the camera.
  [2] Pass the wine cellar
      proof: The wine cellar is beside or directly ahead of the camera, within a step; the camera has not yet turned right.
  [3] Turn right at the end of the hallway, then enter the bedroom
      proof: The camera has crossed the bedroom threshold and the bedroom interior is central in the view.
  [4] Stop beside the bed
      proof: The bed is directly beside or ahead of the camera, within a step
ep=831 s=0 14161ms [sel=23 cap=13729 rest=369] sg=1->1 mode=NONE win=1 obs=1 | cap=wip act=(320,360) d=1.96 a=3 | preview=view-/6 yaw=+0 render=40ms | sp=frontier:active d=2.0 age=0 dtg=10.40 region=0_3
ep=831 s=1 12655ms [sel=6 cap=12573 rest=76] sg=1->1 mode=NONE win=2 obs=2 | cap=wip act=(320,360) d=1.96 a=3 | sp=frontier:active d=2.0 age=1 dtg=10.40 region=0_3
ep=831 s=2 9867ms [sel=6 cap=9783 rest=79] sg=1->1 mode=NONE win=3 obs=3 | cap=wip act=(320,360) d=1.96 a=3 | sp=frontier:active d=2.0 age=2 dtg=10.40 region=0_3
ep=831 s=3 13517ms [sel=7 cap=13430 rest=80] sg=1->1 mode=NONE win=4 obs=4 | cap=wip act=(320,360) d=1.96 a=3 | sp=frontier:active d=2.0 age=3 dtg=10.40 region=0_3
ep=831 s=4 11133ms [sel=4 cap=11046 rest=83] sg=1->1 mode=NONE win=5 obs=5 | cap=wip act=(320,360) d=1.96 a=3 | sp=frontier:active d=2.0 age=4 dtg=10.40 region=0_3
ep=831 s=5 3728ms [sel=3 cap=3644 rest=81] sg=1->1 mode=NONE win=6 obs=6 | cap=wip act=(320,360) d=1.96 a=3 | sp=frontier:active d=2.0 age=5 dtg=10.40 region=0_3
ep=831 s=6 12779ms [sel=3 cap=12687 rest=89] sg=1->1 mode=NONE win=7 obs=7 | cap=wip act=(320,360) d=1.96 a=1 | sp=frontier:active d=2.0 age=6 dtg=10.26 region=0_3
ep=831 s=7 7677ms [sel=3 cap=7585 rest=89] sg=1->1 mode=NONE win=8 obs=8 | cap=wip act=(320,360) d=1.71 a=1 | sp=frontier:active d=1.7 age=7 dtg=10.23 region=0_2
ep=831 s=8 11019ms [sel=4 cap=10926 rest=90] sg=1->1 mode=NONE win=8 obs=9 | cap=wip act=(320,360) d=1.46 a=1 | sp=frontier:active d=1.5 age=8 dtg=10.30 region=0_2
ep=831 s=9 11187ms [sel=6 cap=11090 rest=91] sg=1->1 mode=NONE win=8 obs=10 | cap=wip act=(320,360) d=1.21 a=1 | sp=frontier:active d=1.2 age=9 dtg=10.43 region=0_2
ep=831 s=10 11093ms [sel=5 cap=10997 rest=90] sg=1->1 mode=NONE win=8 obs=11 | cap=wip act=(320,360) d=0.96 a=1 | sp=frontier:active d=1.0 age=10 dtg=10.60 region=0_2
ep=831 s=11 7582ms [sel=3 cap=7474 rest=106] sg=1->1 mode=NONE win=8 obs=12 | cap=wip act=(320,360) d=0.72 a=3 | sp=frontier:active d=0.7 age=11 dtg=10.60 region=0_2
ep=831 s=12 12107ms [sel=3 cap=11654 rest=414] sg=1->1 mode=NONE win=8 obs=13 | cap=wip act=(320,360) d=0.72 a=1 | preview=view-/6 yaw=+0 render=36ms | sp=frontier:active d=0.7 age=12 dtg=10.75 region=0_2
ep=831 s=13 16599ms [sel=8799 cap=7717 rest=83] sg=1->1 mode=NONE win=8 obs=14 | cap=wip act=(320,360) d=1.27 a=3 | sp=som:active d=1.3 age=0 som=2/4 dtg=10.75 region=0_2
ep=831 s=14 15915ms [sel=7 cap=15821 rest=87] sg=1->1 mode=NONE win=8 obs=15 | cap=wip act=(320,360) d=1.27 a=3 | sp=som:active d=1.3 age=1 dtg=10.75 region=0_2
ep=831 s=15 11814ms [sel=4 cap=11718 rest=91] sg=1->1 mode=NONE win=8 obs=16 | cap=wip act=(320,360) d=1.27 a=3 | sp=som:active d=1.3 age=2 dtg=10.75 region=0_2
ep=831 s=16 12800ms [sel=4 cap=12341 rest=418] sg=1->1 mode=NONE win=8 obs=17 | cap=wip act=(320,360) d=1.27 a=1 | preview=view-/6 yaw=+0 render=37ms | sp=som:active d=1.3 age=3 dtg=10.76 region=0_2
ep=831 s=17 9587ms [sel=4 cap=9499 rest=85] sg=1->1 mode=NONE win=8 obs=18 | cap=wip act=(320,360) d=1.02 a=1 | sp=som:active d=1.0 age=4 dtg=10.82 region=0_2
ep=831 s=18 17065ms [sel=3 cap=16980 rest=82] sg=1->1 mode=NONE win=8 obs=19 | cap=wip act=(320,360) d=0.78 a=3 | sp=som:active d=0.8 age=5 dtg=10.82 region=0_2
ep=831 s=19 10265ms [sel=3 cap=9824 rest=402] sg=1->1 mode=NONE win=8 obs=20 | cap=wip act=(320,360) d=0.78 a=1 | preview=view-/6 yaw=+0 render=36ms | sp=som:active d=0.8 age=6 dtg=10.84 region=0_2
ep=831 s=20 19337ms [sel=3 cap=19257 rest=77] sg=1->1 mode=NONE win=8 obs=21 | cap=wip act=(320,360) d=0.53 a=1 | sp=som:active d=0.5 age=7 dtg=10.91 region=0_2
ep=831 s=21 12597ms [sel=3722 cap=8797 rest=78] sg=1->1 mode=NONE win=8 obs=22 | cap=wip act=(320,360) d=0.52 a=3 | sp=som:active d=0.5 age=0 som=2/4 dtg=10.91 region=0_2
ep=831 s=22 5664ms [sel=3 cap=5584 rest=76] sg=1->1 mode=NONE win=8 obs=23 | cap=wip act=(320,360) d=0.52 a=3 | sp=som:active d=0.5 age=1 dtg=10.91 region=0_2
ep=831 s=23 16560ms [sel=3 cap=16483 rest=73] sg=1->1 mode=NONE win=8 obs=24 | cap=wip act=(320,360) d=0.52 a=1 | sp=som:active d=0.5 age=2 dtg=10.85 region=0_2
ep=831 s=24 10675ms [sel=57 cap=10545 rest=73] sg=1->1 mode=NONE win=8 obs=25 | cap=wip act=(320,360) d=3.96 a=3 | sp=frontier:active d=4.0 age=0 dtg=10.85 region=0_2
ep=831 s=25 13046ms [sel=30 cap=12937 rest=79] sg=1->1 mode=NONE win=8 obs=26 | cap=wip act=(320,360) d=3.96 a=3 | sp=frontier:active d=4.0 age=1 dtg=10.85 region=0_2
ep=831 s=26 7639ms [sel=24 cap=7530 rest=86] sg=1->1 mode=NONE win=8 obs=27 | cap=wip act=(320,360) d=3.96 a=3 | sp=frontier:active d=4.0 age=2 dtg=10.85 region=0_2
ep=831 s=27 19559ms [sel=16 cap=19097 rest=410] sg=1->1 mode=NONE win=8 obs=28 | cap=wip act=(160,180) d=3.46 a=3 | preview=view3/6 yaw=+30 render=35ms | sp=preview:active d=3.5 age=0 dtg=10.85 region=0_2
ep=831 s=28 16477ms [sel=3 cap=16379 rest=96] sg=1->1 mode=NONE win=8 obs=29 | cap=wip act=(320,360) d=3.46 a=1 | sp=preview:active d=3.5 age=1 dtg=10.62 region=0_2
ep=831 s=29 14098ms [sel=3 cap=13997 rest=98] sg=1->1 mode=NONE win=8 obs=30 | cap=wip act=(320,360) d=3.22 a=3 | sp=preview:active d=3.2 age=2 dtg=10.62 region=0_2
ep=831 s=30 18294ms [sel=3 cap=18200 rest=91] sg=1->1 mode=GET_NOWHERE win=8 obs=31 | cap=wip/GET_NOWHERE act=(320,360) d=3.22 a=1 | sp=preview:active d=3.2 age=3 dtg=10.37 region=0_2
ep=831 s=31 22617ms [sel=3 cap=22523 rest=92] sg=1->1 mode=NONE win=8 obs=32 | cap=wip act=(320,360) d=2.97 a=1 | sp=preview:active d=3.0 age=4 dtg=10.12 region=0_2
ep=831 s=32 8910ms [sel=3 cap=8816 rest=90] sg=1->1 mode=NONE win=8 obs=33 | cap=wip act=(320,360) d=2.72 a=1 | sp=preview:active d=2.7 age=5 dtg=9.87 region=0_2
ep=831 s=33 12121ms [sel=3 cap=12028 rest=90] sg=1->1 mode=NONE win=8 obs=34 | cap=wip act=(320,360) d=2.47 a=1 | sp=preview:active d=2.5 age=6 dtg=9.62 region=0_2
ep=831 s=34 5289ms [sel=3 cap=5199 rest=87] sg=1->1 mode=NONE win=8 obs=35 | cap=wip act=(320,360) d=2.22 a=1 | sp=preview:active d=2.2 age=7 dtg=9.38 region=0_2
ep=831 s=35 11069ms [sel=3 cap=10973 rest=94] sg=1->1 mode=NONE win=8 obs=36 | cap=wip act=(320,360) d=1.97 a=1 | sp=preview:active d=2.0 age=8 dtg=9.13 region=0_2
ep=831 s=36 16580ms [sel=3 cap=16488 rest=89] sg=1->1 mode=NONE win=8 obs=37 | cap=wip act=(320,360) d=1.72 a=1 | sp=preview:active d=1.7 age=9 dtg=8.88 region=0_2
ep=831 s=37 12336ms [sel=3 cap=12249 rest=84] sg=1->1 mode=NONE win=8 obs=38 | cap=wip act=(320,360) d=1.47 a=1 | sp=preview:active d=1.5 age=10 dtg=8.63 region=0_2
ep=831 s=38 10802ms [sel=3 cap=10717 rest=82] sg=1->1 mode=NONE win=8 obs=39 | cap=wip act=(320,360) d=1.22 a=1 | sp=preview:active d=1.2 age=11 dtg=8.38 region=0_2
ep=831 s=39 20292ms [sel=31 cap=20182 rest=79] sg=1->1 mode=NONE win=8 obs=40 | cap=wip act=(320,360) d=3.93 a=1 | sp=frontier:active d=3.9 age=0 dtg=8.14 region=0_2
ep=831 s=40 9663ms [sel=3 cap=9581 rest=79] sg=1->1 mode=NONE win=8 obs=41 | cap=wip act=(320,360) d=3.69 a=1 | sp=frontier:active d=3.7 age=1 dtg=7.89 region=0_2
ep=831 s=41 10785ms [sel=3 cap=10705 rest=76] sg=1->1 mode=NONE win=8 obs=42 | cap=wip act=(320,360) d=3.44 a=1 | sp=frontier:active d=3.4 age=2 dtg=7.65 region=0_2
ep=831 s=42 7978ms [sel=3 cap=7897 rest=78] sg=1->1 mode=NONE win=8 obs=43 | cap=wip act=(320,360) d=3.20 a=1 | sp=frontier:active d=3.2 age=3 dtg=7.40 region=0_2
ep=831 s=43 8614ms [sel=3 cap=8533 rest=78] sg=1->1 mode=NONE win=8 obs=44 | cap=wip act=(320,360) d=2.96 a=1 | sp=frontier:active d=3.0 age=4 dtg=7.16 region=0_2
ep=831 s=44 10484ms [sel=3 cap=10397 rest=83] sg=1->1 mode=NONE win=8 obs=45 | cap=wip act=(320,360) d=2.72 a=1 | sp=frontier:active d=2.7 age=5 dtg=6.92 region=0_2
ep=831 s=45 10818ms [sel=3 cap=10733 rest=81] sg=1->1 mode=NONE win=8 obs=46 | cap=wip act=(320,360) d=2.48 a=1 | sp=frontier:active d=2.5 age=6 dtg=6.68 region=0_2
ep=831 s=46 8344ms [sel=3 cap=8261 rest=80] sg=1->1 mode=NONE win=8 obs=47 | cap=wip act=(320,360) d=2.24 a=1 | sp=frontier:active d=2.2 age=7 dtg=6.45 region=0_2
ep=831 s=47 16594ms [sel=3 cap=16508 rest=82] sg=1->1 mode=NONE win=8 obs=48 | cap=wip act=(320,360) d=2.01 a=3 | sp=frontier:active d=2.0 age=8 dtg=6.45 region=0_2
ep=831 s=48 8944ms [sel=3 cap=8858 rest=83] sg=1->1 mode=NONE win=8 obs=49 | cap=wip act=(320,360) d=2.01 a=1 | sp=frontier:active d=2.0 age=9 dtg=6.20 region=0_2
ep=831 s=49 8463ms [sel=3 cap=8376 rest=84] sg=1->1 mode=NONE win=8 obs=50 | cap=wip act=(320,360) d=1.76 a=1 | sp=frontier:active d=1.8 age=10 dtg=5.95 region=0_2
ep=831 s=50 14360ms [sel=3 cap=14269 rest=88] sg=1->1 mode=NONE win=8 obs=51 | cap=wip act=(320,360) d=1.51 a=1 | sp=frontier:active d=1.5 age=11 dtg=5.71 region=0_2
ep=831 s=51 12188ms [sel=3092 cap=9002 rest=94] sg=1->1 mode=NONE win=8 obs=52 | cap=wip act=(320,360) d=2.99 a=1 | sp=som:active d=3.0 age=0 som=2/7 dtg=5.46 region=0_2
ep=831 s=52 15318ms [sel=3 cap=15223 rest=93] sg=1->1 mode=NONE win=8 obs=53 | cap=wip act=(320,360) d=2.74 a=1 | sp=som:active d=2.7 age=1 dtg=5.22 region=0_2
ep=831 s=53 9642ms [sel=4 cap=9549 rest=89] sg=1->1 mode=NONE win=8 obs=54 | cap=wip act=(320,360) d=2.49 a=1 | sp=som:active d=2.5 age=2 dtg=4.97 region=0_2
ep=831 s=54 14342ms [sel=3 cap=14256 rest=83] sg=1->1 mode=NONE win=8 obs=55 | cap=wip act=(320,360) d=2.24 a=1 | sp=som:active d=2.2 age=3 dtg=4.73 region=0_2
ep=831 s=55 10661ms [sel=3 cap=10578 rest=80] sg=1->1 mode=NONE win=8 obs=56 | cap=wip act=(320,360) d=2.00 a=3 | sp=som:active d=2.0 age=4 dtg=4.73 region=0_2
ep=831 s=56 8861ms [sel=3 cap=8768 rest=90] sg=1->1 mode=NONE win=8 obs=57 | cap=wip act=(320,360) d=2.00 a=1 | sp=som:active d=2.0 age=5 dtg=4.48 region=0_2
ep=831 s=57 12079ms [sel=3 cap=11983 rest=93] sg=1->1 mode=NONE win=8 obs=58 | cap=wip act=(320,360) d=1.75 a=3 | sp=som:active d=1.7 age=6 dtg=4.48 region=0_2
ep=831 s=58 12430ms [sel=3 cap=12330 rest=97] sg=1->1 mode=NONE win=8 obs=59 | cap=wip act=(320,360) d=1.75 a=1 | sp=som:active d=1.7 age=7 dtg=4.24 region=0_2
ep=831 s=59 12644ms [sel=3 cap=12547 rest=94] sg=1->1 mode=NONE win=8 obs=60 | cap=wip act=(320,360) d=1.53 a=1 | sp=som:active d=1.5 age=8 dtg=4.00 region=0_2
ep=831 s=60 8993ms [sel=3 cap=8899 rest=92] sg=1->1 mode=NONE win=8 obs=61 | cap=wip act=(320,360) d=1.32 a=2 | sp=som:active d=1.3 age=9 dtg=4.00 region=0_2
ep=831 s=61 9908ms [sel=3 cap=9809 rest=95] sg=1->1 mode=NONE win=8 obs=62 | cap=wip act=(320,360) d=1.32 a=2 | sp=som:active d=1.3 age=10 dtg=4.00 region=0_2
ep=831 s=62 11105ms [sel=3 cap=11010 rest=92] sg=1->1 mode=NONE win=8 obs=63 | cap=wip act=(320,360) d=1.32 a=1 | sp=som:active d=1.3 age=11 dtg=3.76 region=0_2
ep=831 s=63 12565ms [sel=2701 cap=9768 rest=96] sg=1->1 mode=NONE win=8 obs=64 | cap=wip act=(320,360) d=3.11 a=1 | sp=som:active d=3.1 age=0 som=5/8 dtg=3.51 region=0_2
ep=831 s=64 9198ms [sel=3 cap=9080 rest=115] sg=1->1 mode=NONE win=8 obs=65 | cap=wip act=(320,360) d=2.86 a=1 | sp=som:active d=2.9 age=1 dtg=3.27 region=0_2
ep=831 s=65 13225ms [sel=4 cap=13131 rest=91] sg=1->1 mode=NONE win=8 obs=66 | cap=wip act=(320,360) d=2.61 a=1 | sp=som:active d=2.6 age=2 dtg=3.03 region=0_2
ep=831 s=66 9345ms [sel=3 cap=9251 rest=91] sg=1->1 mode=NONE win=8 obs=67 | cap=wip act=(320,360) d=2.36 a=1 | sp=som:active d=2.4 age=3 dtg=2.80 region=0_2
ep=831 s=67 4191ms [sel=5 cap=4093 rest=93] sg=1->1 mode=NONE win=8 obs=68 | cap=wip act=(320,360) d=2.12 a=1 | sp=som:active d=2.1 age=4 dtg=2.58 region=0_2
ep=831 s=68 6947ms [sel=4 cap=6851 rest=92] sg=1->1 mode=NONE win=8 obs=69 | cap=wip act=(320,360) d=1.87 a=1 | sp=som:active d=1.9 age=5 dtg=2.39 region=0_2
ep=831 s=69 6399ms [sel=3 cap=6307 rest=88] sg=1->1 mode=NONE win=8 obs=70 | cap=wip act=(320,360) d=1.62 a=2 | sp=som:active d=1.6 age=6 dtg=2.39 region=0_2
ep=831 s=70 9496ms [sel=3 cap=9408 rest=85] sg=1->1 mode=NONE win=8 obs=71 | cap=wip act=(320,360) d=1.62 a=1 | sp=som:active d=1.6 age=7 dtg=2.32 region=0_2
ep=831 s=71 8896ms [sel=3 cap=8813 rest=81] sg=1->1 mode=NONE win=8 obs=72 | cap=wip act=(320,360) d=1.37 a=1 | sp=som:active d=1.4 age=8 dtg=2.28 region=0_2
ep=831 s=72 8969ms [sel=3 cap=8887 rest=80] sg=1->1 mode=NONE win=8 obs=73 | cap=wip act=(320,360) d=1.12 a=1 | sp=som:active d=1.1 age=9 dtg=2.26 region=0_2
ep=831 s=73 10456ms [sel=3 cap=10367 rest=86] sg=1->1 mode=NONE win=8 obs=74 | cap=wip act=(320,360) d=0.88 a=1 | sp=som:active d=0.9 age=10 dtg=2.27 region=0_2
ep=831 s=74 7625ms [sel=3 cap=7531 rest=92] sg=1->1 mode=NONE win=8 obs=75 | cap=wip act=(320,360) d=0.63 a=3 | sp=som:active d=0.6 age=11 dtg=2.27 region=0_2
ep=831 s=75 8559ms [sel=3 cap=8457 rest=98] sg=1->1 mode=NONE win=8 obs=76 | cap=wip act=(320,360) d=0.63 a=1 | sp=som:active d=0.6 age=12 dtg=2.24 region=0_2
ep=831 s=76 14924ms [sel=7898 cap=6927 rest=99] sg=1->1 mode=NONE win=8 obs=77 | cap=wip act=(320,360) d=0.79 a=1 | sp=som:active d=0.8 age=0 som=4/7 dtg=2.28 region=0_2
ep=831 s=77 10935ms [sel=3 cap=10830 rest=102] sg=1->1 mode=NONE win=8 obs=78 | cap=wip act=(320,360) d=0.55 a=1 | sp=som:active d=0.5 age=1 dtg=2.39 region=0_2
ep=831 s=78 10507ms [sel=69 cap=10336 rest=102] sg=1->1 mode=NONE win=8 obs=79 | cap=wip act=(320,360) d=2.91 a=3 | sp=frontier:active d=2.9 age=0 dtg=2.39 region=0_2
ep=831 s=79 16073ms [sel=19 cap=15942 rest=111] sg=1->1 mode=NONE win=8 obs=80 | cap=wip act=(320,360) d=2.91 a=3 | sp=frontier:active d=2.9 age=1 dtg=2.39 region=0_2
ep=831 s=80 6309ms [sel=19 cap=6173 rest=118] sg=1->1 mode=NONE win=8 obs=81 | cap=wip act=(320,360) d=2.91 a=3 | sp=frontier:active d=2.9 age=2 dtg=2.39 region=0_2
ep=831 s=81 4919ms [sel=19 cap=4791 rest=109] sg=1->1 mode=NONE win=8 obs=82 | cap=wip act=(320,360) d=2.91 a=3 | sp=frontier:active d=2.9 age=3 dtg=2.39 region=0_2
ep=831 s=82 9183ms [sel=18 cap=9059 rest=106] sg=1->1 mode=NONE win=8 obs=83 | cap=wip act=(320,360) d=2.91 a=3 | sp=frontier:active d=2.9 age=4 dtg=2.39 region=0_2
ep=831 s=83 10997ms [sel=33 cap=10861 rest=102] sg=1->1 mode=NONE win=8 obs=84 | cap=wip act=(320,360) d=2.91 a=3 | sp=frontier:active d=2.9 age=5 dtg=2.39 region=0_2
ep=831 s=84 9029ms [sel=55 cap=8864 rest=110] sg=1->1 mode=NONE win=8 obs=85 | cap=wip act=(320,360) d=2.91 a=3 | sp=frontier:active d=2.9 age=6 dtg=2.39 region=0_2
ep=831 s=85 7093ms [sel=43 cap=6948 rest=102] sg=1->1 mode=NONE win=8 obs=86 | cap=wip act=(320,360) d=2.91 a=3 | sp=frontier:active d=2.9 age=7 dtg=2.39 region=0_2
ep=831 s=86 4630ms [sel=38 cap=4502 rest=90] sg=1->1 mode=NONE win=8 obs=87 | cap=wip act=(320,360) d=2.91 a=3 | sp=frontier:active d=2.9 age=8 dtg=2.39 region=0_2
ep=831 s=87 7594ms [sel=36 cap=7470 rest=88] sg=1->1 mode=NONE win=8 obs=88 | cap=wip act=(320,360) d=2.91 a=3 | sp=frontier:active d=2.9 age=9 dtg=2.39 region=0_2
ep=831 s=88 6079ms [sel=34 cap=5953 rest=92] sg=1->1 mode=NONE win=8 obs=89 | cap=wip act=(320,360) d=2.91 a=3 | sp=frontier:active d=2.9 age=10 dtg=2.39 region=0_2
ep=831 s=89 9084ms [sel=52 cap=8930 rest=102] sg=1->1 mode=NONE win=8 obs=90 | cap=wip act=(320,360) d=2.91 a=1 | sp=frontier:active d=2.9 age=11 dtg=2.22 region=0_2
ep=831 s=90 9199ms [sel=33 cap=8613 rest=515] sg=1->1 mode=NONE win=8 obs=91 | cap=wip act=(320,360) d=3.16 a=3 | preview=view-/6 yaw=+0 render=37ms | sp=frontier:active d=3.2 age=12 dtg=2.22 region=0_2
ep=831 s=91 9065ms [sel=32 cap=8931 rest=102] sg=1->1 mode=NONE win=8 obs=92 | cap=wip act=(320,360) d=3.16 a=3 | sp=frontier:active d=3.2 age=13 dtg=2.22 region=0_2
ep=831 s=92 7652ms [sel=26 cap=7518 rest=109] sg=1->1 mode=NONE win=8 obs=93 | cap=wip act=(320,360) d=3.16 a=1 | sp=frontier:active d=3.2 age=14 dtg=2.24 region=0_2
ep=831 s=93 7335ms [sel=29 cap=6794 rest=477] sg=1->1 mode=NONE win=8 obs=94 | cap=wip act=(320,360) d=3.39 a=3 | preview=view-/6 yaw=+0 render=35ms | sp=frontier:active d=3.4 age=15 dtg=2.24 region=0_2
ep=831 s=94 5543ms [sel=24 cap=5408 rest=111] sg=1->1 mode=NONE win=8 obs=95 | cap=wip act=(320,360) d=3.39 a=1 | sp=frontier:active d=3.4 age=16 dtg=2.39 region=0_2
ep=831 s=95 9857ms [sel=33 cap=9709 rest=115] sg=1->1 mode=NONE win=8 obs=96 | cap=wip act=(320,360) d=3.59 a=3 | sp=frontier:active d=3.6 age=17 dtg=2.39 region=0_2
ep=831 s=96 6322ms [sel=23 cap=6188 rest=111] sg=1->1 mode=NONE win=8 obs=97 | cap=wip act=(320,360) d=3.59 a=3 | sp=frontier:active d=3.6 age=18 dtg=2.39 region=0_2
ep=831 s=97 5981ms [sel=20 cap=5848 rest=113] sg=1->1 mode=NONE win=8 obs=98 | cap=wip act=(320,360) d=3.59 a=1 | sp=frontier:active d=3.6 age=19 dtg=2.62 region=0_2
ep=831 s=98 14510ms [sel=67 cap=14332 rest=112] sg=1->1 mode=NONE win=8 obs=99 | cap=wip act=(320,360) d=4.18 a=1 | sp=frontier:active d=4.2 age=0 dtg=2.86 region=0_2
ep=831 s=99 9415ms [sel=23 cap=9284 rest=109] sg=1->1 mode=NONE win=8 obs=100 | cap=wip act=(320,360) d=4.08 a=1 | sp=frontier:active d=4.1 age=1 dtg=3.09 region=0_2
ep=831 s=100 9222ms [sel=23 cap=9093 rest=106] sg=1->1 mode=NONE win=8 obs=101 | cap=wip act=(320,360) d=4.00 a=3 | sp=frontier:active d=4.0 age=2 dtg=3.09 region=0_2
ep=831 s=101 9905ms [sel=20 cap=9783 rest=102] sg=1->1 mode=NONE win=8 obs=102 | cap=wip act=(320,360) d=4.00 a=1 | sp=frontier:active d=4.0 age=3 dtg=3.34 region=0_2
ep=831 s=102 8401ms [sel=22 cap=8278 rest=101] sg=1->1 mode=NONE win=8 obs=103 | cap=wip act=(320,360) d=3.86 a=3 | sp=frontier:active d=3.9 age=4 dtg=3.34 region=0_2
ep=831 s=103 16411ms [sel=26 cap=16285 rest=100] sg=1->1 mode=NONE win=8 obs=104 | cap=wip act=(320,360) d=3.86 a=3 | sp=frontier:active d=3.9 age=5 dtg=3.34 region=0_2
ep=831 s=104 11542ms [sel=3 cap=11440 rest=99] sg=1->1 mode=NONE win=8 obs=105 | cap=wip act=(320,360) d=3.86 a=1 | sp=frontier:active d=3.9 age=6 dtg=3.57 region=0_2
ep=831 s=105 11360ms [sel=4 cap=11259 rest=97] sg=1->1 mode=NONE win=8 obs=106 | cap=wip act=(320,360) d=3.65 a=3 | sp=frontier:active d=3.6 age=7 dtg=3.57 region=0_2
ep=831 s=106 14651ms [sel=3 cap=14548 rest=100] sg=1->1 mode=NONE win=8 obs=107 | cap=wip act=(320,360) d=3.65 a=1 | sp=frontier:active d=3.6 age=8 dtg=3.76 region=0_2
ep=831 s=107 9477ms [sel=3 cap=9374 rest=100] sg=1->1 mode=NONE win=8 obs=108 | cap=wip act=(320,360) d=3.41 a=1 | sp=frontier:active d=3.4 age=9 dtg=3.96 region=0_2
ep=831 s=108 10454ms [sel=3 cap=10343 rest=108] sg=1->1 mode=NONE win=8 obs=109 | cap=wip act=(320,360) d=3.17 a=1 | sp=frontier:active d=3.2 age=10 dtg=4.18 region=0_2
ep=831 s=109 6292ms [sel=6 cap=6173 rest=113] sg=1->1 mode=NONE win=8 obs=110 | cap=wip act=(320,360) d=2.94 a=3 | sp=frontier:active d=2.9 age=11 dtg=4.18 region=0_2
ep=831 s=110 9609ms [sel=3 cap=9480 rest=125] sg=1->1 mode=NONE win=8 obs=111 | cap=wip act=(320,360) d=2.94 a=1 | sp=frontier:active d=2.9 age=12 dtg=4.39 region=0_4
ep=831 s=111 12757ms [sel=3 cap=12650 rest=104] sg=1->1 mode=NONE win=8 obs=112 | cap=wip act=(320,360) d=2.69 a=3 | sp=frontier:active d=2.7 age=13 dtg=4.39 region=0_4
ep=831 s=112 11560ms [sel=3 cap=11416 rest=141] sg=1->1 mode=NONE win=8 obs=113 | cap=wip act=(320,360) d=2.69 a=1 | sp=frontier:active d=2.7 age=14 dtg=4.59 region=0_4
ep=831 s=113 13787ms [sel=3 cap=13673 rest=112] sg=1->1 mode=NONE win=8 obs=114 | cap=wip act=(320,360) d=2.44 a=1 | sp=frontier:active d=2.4 age=15 dtg=4.81 region=0_4
ep=831 s=114 15884ms [sel=7881 cap=7895 rest=109] sg=1->1 mode=NONE win=8 obs=115 | cap=wip act=(320,360) d=2.88 a=1 | sp=som:active d=2.9 age=0 som=4/8 dtg=5.04 region=0_4
ep=831 s=115 15792ms [sel=5738 cap=9950 rest=104] sg=1->2 mode=NONE win=8 obs=116 | cap=DONE act=(320,360) d=2.63 a=1 | sp=som:active d=2.6 age=0 som=4/8 dtg=5.28 region=0_4
ep=831 s=116 13376ms [sel=4 cap=13274 rest=98] sg=2->2 mode=NONE win=8 obs=117 | cap=wip act=(320,360) d=2.38 a=1 | sp=som:active d=2.4 age=1 dtg=5.51 region=0_4
ep=831 s=117 7448ms [sel=3 cap=7349 rest=97] sg=2->2 mode=NONE win=8 obs=118 | cap=wip act=(320,360) d=2.13 a=1 | sp=som:active d=2.1 age=2 dtg=5.75 region=0_4
ep=831 s=118 6422ms [sel=3 cap=6326 rest=93] sg=2->2 mode=NONE win=8 obs=119 | cap=wip act=(320,360) d=1.89 a=1 | sp=som:active d=1.9 age=3 dtg=6.00 region=0_4
ep=831 s=119 17621ms [sel=4 cap=17528 rest=89] sg=2->2 mode=NONE win=8 obs=120 | cap=wip act=(320,360) d=1.64 a=1 | sp=som:active d=1.6 age=4 dtg=6.23 region=0_4
ep=831 s=120 8696ms [sel=4 cap=8608 rest=84] sg=2->2 mode=NONE win=8 obs=121 | cap=wip act=(320,360) d=1.41 a=3 | sp=som:active d=1.4 age=5 dtg=6.23 region=0_4
ep=831 s=121 10368ms [sel=3 cap=10285 rest=81] sg=2->2 mode=NONE win=8 obs=122 | cap=wip act=(320,360) d=1.41 a=1 | sp=som:active d=1.4 age=6 dtg=6.24 region=0_4
ep=831 s=122 12886ms [sel=0 cap=12582 rest=304] sg=2->2 mode=NONE win=8 obs=123 | cap=wip act=TURN request=+45deg execute=+15deg x1 a=3 | sp=som:active d=1.4 age=7 ovr=1 door_evts=2 dtg=6.24 region=0_4
ep=831 s=123 10214ms [sel=0 cap=10124 rest=89] sg=2->2 mode=NONE win=8 obs=124 | cap=wip act=TURN request=+45deg execute=+15deg x1 a=3 | sp=som:active d=1.4 age=8 ovr=1 door_evts=2 dtg=6.24 region=0_4
ep=831 s=124 15299ms [sel=0 cap=15202 rest=97] sg=2->2 mode=NONE win=8 obs=125 | cap=wip act=TURN request=+45deg execute=+15deg x1 a=3 | sp=som:active d=1.4 age=9 ovr=1 door_evts=2 dtg=6.24 region=0_4
ep=831 s=125 15445ms [sel=0 cap=14938 rest=471] sg=2->2 mode=NONE win=8 obs=126 | cap=wip act=TURN request=+45deg execute=+15deg x1 a=3 | preview=view-/6 yaw=+0 render=36ms | sp=som:active d=1.4 age=10 ovr=1 door_evts=2 dtg=6.24 region=0_4
ep=831 s=126 15326ms [sel=0 cap=15219 rest=107] sg=2->2 mode=NONE win=8 obs=127 | cap=wip act=TURN request=+45deg execute=+15deg x1 a=3 | sp=som:active d=1.4 age=11 ovr=1 door_evts=2 dtg=6.24 region=0_4
ep=831 s=127 10288ms [sel=0 cap=10177 rest=111] sg=2->2 mode=NONE win=8 obs=128 | cap=wip act=TURN request=+45deg execute=+15deg x1 a=3 | sp=som:active d=1.4 age=12 ovr=1 door_evts=2 dtg=6.24 region=0_4
ep=831 s=128 13079ms [sel=0 cap=12969 rest=110] sg=2->2 mode=NONE win=8 obs=129 | cap=wip act=TURN request=+45deg execute=+15deg x1 a=3 | sp=som:active d=1.4 age=13 ovr=1 door_evts=2 dtg=6.24 region=0_4
ep=831 s=129 15208ms [sel=0 cap=14675 rest=499] sg=2->2 mode=NONE win=8 obs=130 | cap=wip act=TURN request=+45deg execute=+15deg x1 a=3 | preview=view-/6 yaw=+0 render=34ms | sp=som:active d=1.4 age=14 ovr=1 door_evts=2 dtg=6.24 region=0_4
ep=831 s=130 10016ms [sel=0 cap=9898 rest=118] sg=2->2 mode=NONE win=8 obs=131 | cap=wip act=TURN request=+45deg execute=+15deg x1 a=3 | sp=som:active d=1.4 age=15 ovr=1 door_evts=2 dtg=6.24 region=0_4
ep=831 s=131 15814ms [sel=0 cap=15684 rest=130] sg=2->2 mode=NONE win=8 obs=132 | cap=wip act=TURN request=+45deg execute=+15deg x1 a=3 | sp=som:active d=1.4 age=16 ovr=1 door_evts=2 dtg=6.24 region=0_4
ep=831 s=132 8060ms [sel=0 cap=7939 rest=121] sg=2->3 mode=NONE win=8 obs=133 | cap=DONE act=TURN request=+45deg execute=+15deg x1 a=3 | sp=som:active d=1.4 age=17 ovr=1 door_evts=2 dtg=6.24 region=0_4
ep=831 s=133 6264ms [sel=0 cap=6159 rest=105] sg=3->3 mode=NONE win=8 obs=134 | cap=wip act=TURN request=+45deg execute=+15deg x1 a=3 | sp=- ovr=1 door_evts=2 dtg=6.24 region=0_4
ep=831 s=134 5482ms [sel=0 cap=5391 rest=91] sg=3->3 mode=NONE win=8 obs=135 | cap=wip act=TURN request=+45deg execute=+15deg x1 a=3 | sp=- ovr=1 door_evts=2 dtg=6.24 region=0_4
ep=831 s=135 7223ms [sel=0 cap=7127 rest=96] sg=3->3 mode=NONE win=8 obs=136 | cap=wip act=TURN request=+45deg execute=+15deg x1 a=3 | sp=- ovr=1 door_evts=2 dtg=6.24 region=0_4
ep=831 s=136 11376ms [sel=20 cap=10767 rest=516] sg=3->3 mode=NONE win=8 obs=137 | cap=wip act=(160,180) d=2.41 a=3 | preview=view3/6 yaw=+30 render=72ms | sp=preview:active d=2.4 age=0 dtg=6.24 region=0_4
ep=831 s=137 7045ms [sel=6 cap=6944 rest=95] sg=3->3 mode=NONE win=8 obs=138 | cap=wip act=(320,360) d=2.41 a=1 | sp=preview:active d=2.4 age=1 dtg=6.18 region=0_4
ep=831 s=138 10705ms [sel=3 cap=10614 rest=89] sg=3->3 mode=NONE win=8 obs=139 | cap=wip act=(320,360) d=2.17 a=1 | sp=preview:active d=2.2 age=2 dtg=6.14 region=0_4
ep=831 s=139 5326ms [sel=3 cap=5238 rest=85] sg=3->3 mode=NONE win=8 obs=140 | cap=wip act=(320,360) d=1.93 a=1 | sp=preview:active d=1.9 age=3 dtg=6.16 region=0_4
ep=831 s=140 5731ms [sel=3 cap=5651 rest=78] sg=3->3 mode=NONE win=8 obs=141 | cap=wip act=(320,360) d=1.69 a=3 | sp=preview:active d=1.7 age=4 dtg=6.16 region=0_4
ep=831 s=141 4674ms [sel=3 cap=4590 rest=81] sg=3->3 mode=NONE win=8 obs=142 | cap=wip act=(320,360) d=1.69 a=1 | sp=preview:active d=1.7 age=5 dtg=6.32 region=0_4
ep=831 s=142 6121ms [sel=3 cap=6038 rest=80] sg=3->3 mode=NONE win=8 obs=143 | cap=wip act=(320,360) d=1.44 a=1 | sp=preview:active d=1.4 age=6 dtg=6.51 region=0_4
ep=831 s=143 8747ms [sel=5 cap=8659 rest=83] sg=3->3 mode=NONE win=8 obs=144 | cap=wip act=(320,360) d=1.19 a=1 | sp=preview:active d=1.2 age=7 dtg=6.73 region=0_4
ep=831 s=144 7843ms [sel=3 cap=7758 rest=82] sg=3->3 mode=NONE win=8 obs=145 | cap=wip act=(320,360) d=0.94 a=1 | sp=preview:active d=0.9 age=8 dtg=6.96 region=0_4
ep=831 s=145 10716ms [sel=3 cap=10647 rest=66] sg=3->3 mode=NONE win=8 obs=146 | cap=wip act=(320,360) d=0.69 a=1 | sp=preview:active d=0.7 age=9 dtg=7.19 region=0_4
ep=831 s=146 10643ms [sel=40 cap=10542 rest=62] sg=3->3 mode=NONE win=8 obs=147 | cap=wip act=(320,360) d=1.33 a=3 | sp=frontier:active d=1.3 age=0 dtg=7.19 region=0_4
ep=831 s=147 8995ms [sel=8 cap=8923 rest=65] sg=3->3 mode=NONE win=8 obs=148 | cap=wip act=(320,360) d=1.33 a=3 | sp=frontier:active d=1.3 age=1 dtg=7.19 region=0_4
ep=831 s=148 17232ms [sel=9 cap=17137 rest=86] sg=3->3 mode=NONE win=8 obs=149 | cap=wip act=(320,360) d=1.33 a=3 | sp=frontier:active d=1.3 age=2 dtg=7.19 region=0_4
ep=831 s=149 6649ms [sel=6 cap=6565 rest=78] sg=3->3 mode=NONE win=8 obs=150 | cap=wip act=(320,360) d=1.33 a=1 | sp=frontier:active d=1.3 age=3 dtg=7.31 region=0_4
ep=831 s=150 13745ms [sel=6 cap=13343 rest=361] sg=3->3 mode=NONE win=8 obs=151 | cap=wip act=(320,360) d=1.26 a=1 | preview=view-/6 yaw=+0 render=35ms | sp=frontier:active d=1.3 age=4 dtg=7.41 region=0_4
ep=831 s=151 8894ms [sel=3 cap=8824 rest=67] sg=3->3 mode=NONE win=8 obs=152 | cap=wip act=(320,360) d=1.26 a=3 | sp=frontier:active d=1.3 age=5 dtg=7.41 region=0_4
ep=831 s=152 8550ms [sel=3 cap=8470 rest=77] sg=3->3 mode=NONE win=8 obs=153 | cap=wip act=(320,360) d=1.26 a=1 | sp=frontier:active d=1.3 age=6 dtg=7.45 region=0_4
ep=831 s=153 7659ms [sel=0 cap=7435 rest=225] sg=3->3 mode=NONE win=8 obs=154 | cap=wip act=TURN request=+45deg execute=+15deg x1 a=3 | sp=frontier:active d=1.3 age=7 ovr=1 door_evts=2 dtg=7.45 region=0_4
ep=831 s=154 7077ms [sel=0 cap=6991 rest=86] sg=3->3 mode=NONE win=8 obs=155 | cap=wip act=TURN request=+45deg execute=+15deg x1 a=3 | sp=frontier:active d=1.3 age=8 ovr=1 door_evts=2 dtg=7.45 region=0_4
ep=831 s=155 9732ms [sel=0 cap=9640 rest=92] sg=3->3 mode=NONE win=8 obs=156 | cap=wip act=TURN request=+45deg execute=+15deg x1 a=3 | sp=frontier:active d=1.3 age=9 ovr=1 door_evts=2 dtg=7.45 region=0_4
ep=831 s=156 9138ms [sel=0 cap=9039 rest=99] sg=3->3 mode=NONE win=8 obs=157 | cap=wip act=TURN request=+45deg execute=+15deg x1 a=3 | sp=frontier:active d=1.3 age=10 ovr=1 door_evts=2 dtg=7.45 region=0_4
ep=831 s=157 7563ms [sel=0 cap=7457 rest=105] sg=3->3 mode=NONE win=8 obs=158 | cap=wip act=TURN request=+45deg execute=+15deg x1 a=3 | sp=frontier:active d=1.3 age=11 ovr=1 door_evts=2 dtg=7.45 region=0_4
ep=831 s=158 8503ms [sel=0 cap=8397 rest=106] sg=3->3 mode=NONE win=8 obs=159 | cap=wip act=TURN request=+45deg execute=+15deg x1 a=3 | sp=frontier:active d=1.3 age=12 ovr=1 door_evts=2 dtg=7.45 region=0_4
ep=831 s=159 13405ms [sel=16 cap=13279 rest=109] sg=3->3 mode=NONE win=8 obs=160 | cap=wip act=(320,360) d=1.26 a=3 | sp=frontier:active d=1.3 age=13 dtg=7.45 region=0_4
ep=831 s=160 7149ms [sel=19 cap=7021 rest=109] sg=3->3 mode=NONE win=8 obs=161 | cap=wip act=(320,360) d=1.26 a=1 | sp=frontier:active d=1.3 age=14 dtg=7.24 region=0_4
ep=831 s=161 10366ms [sel=20 cap=10242 rest=104] sg=3->3 mode=NONE win=8 obs=162 | cap=wip act=(320,360) d=1.29 a=1 | sp=frontier:active d=1.3 age=15 dtg=7.04 region=0_4
ep=831 s=162 7995ms [sel=21 cap=7871 rest=103] sg=3->3 mode=NONE win=8 obs=163 | cap=wip act=(320,360) d=1.37 a=2 | sp=frontier:active d=1.4 age=16 dtg=7.04 region=0_4
ep=831 s=163 7238ms [sel=18 cap=7117 rest=103] sg=3->3 mode=NONE win=8 obs=164 | cap=wip act=(320,360) d=1.37 a=2 | sp=frontier:active d=1.4 age=17 dtg=7.04 region=0_4
ep=831 s=164 12959ms [sel=28 cap=12827 rest=105] sg=3->3 mode=NONE win=8 obs=165 | cap=wip act=(320,360) d=1.37 a=1 | sp=frontier:active d=1.4 age=18 dtg=6.97 region=0_4
ep=831 s=165 14936ms [sel=56 cap=14770 rest=111] sg=3->4 mode=NONE win=8 obs=166 | cap=DONE act=(320,360) d=3.16 a=3 | sp=frontier:active d=3.2 age=0 dtg=6.97 region=0_4
ep=831 s=166 11465ms [sel=10 cap=11341 rest=114] sg=4->4 mode=NONE win=8 obs=167 | cap=wip act=(320,360) d=3.16 a=1 | sp=frontier:active d=3.2 age=1 dtg=6.88 region=0_4
ep=831 s=167 17226ms [sel=3 cap=16674 rest=511] sg=4->4 mode=NONE win=8 obs=168 | cap=wip act=(320,360) d=2.93 a=3 | preview=view-/6 yaw=+0 render=38ms | sp=frontier:active d=2.9 age=2 dtg=6.88 region=0_4
ep=831 s=168 14248ms [sel=3 cap=14142 rest=103] sg=4->4 mode=NONE win=8 obs=169 | cap=wip act=(320,360) d=2.93 a=1 | sp=frontier:active d=2.9 age=3 dtg=6.77 region=0_4
ep=831 s=169 9433ms [sel=3 cap=9327 rest=103] sg=4->4 mode=NONE win=8 obs=170 | cap=wip act=(320,360) d=2.68 a=1 | sp=frontier:active d=2.7 age=4 dtg=6.70 region=0_4
ep=831 s=170 17237ms [sel=3 cap=16713 rest=486] sg=4->4 mode=NONE win=8 obs=171 | cap=wip act=(320,360) d=2.43 a=2 | preview=view-/6 yaw=+0 render=35ms | sp=frontier:active d=2.4 age=5 dtg=6.70 region=0_4
ep=831 s=171 11421ms [sel=3 cap=11324 rest=95] sg=4->4 mode=NONE win=8 obs=172 | cap=wip act=(320,360) d=2.43 a=2 | sp=frontier:active d=2.4 age=6 dtg=6.70 region=0_4
ep=831 s=172 12549ms [sel=3 cap=12457 rest=89] sg=4->4 mode=NONE win=8 obs=173 | cap=wip act=(320,360) d=2.43 a=1 | sp=frontier:active d=2.4 age=7 dtg=6.81 region=0_4
ep=831 s=173 19927ms [sel=5 cap=19404 rest=484] sg=4->4 mode=NONE win=8 obs=174 | cap=wip act=(320,360) d=2.25 a=1 | preview=view-/6 yaw=+0 render=34ms | sp=frontier:active d=2.2 age=8 dtg=6.95 region=0_4
ep=831 s=174 20070ms [sel=7 cap=19970 rest=93] sg=4->4 mode=NONE win=8 obs=175 | cap=wip act=(320,360) d=2.07 a=3 | sp=frontier:active d=2.1 age=9 dtg=6.95 region=0_4
ep=831 s=175 13514ms [sel=4 cap=13421 rest=88] sg=4->4 mode=NONE win=8 obs=176 | cap=wip act=(320,360) d=2.07 a=1 | sp=frontier:active d=2.1 age=10 dtg=7.12 region=0_4
ep=831 s=176 7609ms [sel=4 cap=7520 rest=85] sg=4->4 mode=NONE win=8 obs=177 | cap=wip act=(320,360) d=1.89 a=3 | sp=frontier:active d=1.9 age=11 dtg=7.12 region=0_4
ep=831 s=177 18990ms [sel=6 cap=18486 rest=464] sg=4->None mode=NONE win=8 obs=178 | cap=DONE act=(320,360) d=1.00 a=1 | preview=view-/6 yaw=+0 render=34ms | sp=frontier:active d=1.9 age=12 ovr=1 door_evts=2 dtg=7.40 region=0_4
ep=831 s=178 95ms [sel=5 cap=0 rest=90] sg=None->None mode=NONE win=8 obs=179 | cap=- act=(320,360) d=1.00 a=1 | sp=frontier:active d=1.7 age=13 ovr=1 door_evts=2 dtg=7.52 region=0_4
ep=831 s=179 92ms [sel=5 cap=0 rest=88] sg=None->None mode=NONE win=8 obs=180 | cap=- act=(320,360) d=1.00 a=1 | sp=frontier:active d=1.4 age=14 ovr=1 door_evts=2 dtg=7.52 region=0_4
ep=831 s=180 84ms [sel=0 cap=0 rest=84] sg=None->None mode=NONE win=8 obs=181 | cap=- act=STOP | sp=frontier:active d=1.2 age=15 ovr=1 door_evts=2 dtg=7.52 region=0_4
rank=2 [9/16] id=831 steps=181 success=0.000 spl=0.000 dtg=7.52 osr=1 path_length=23.56 ndtw=0.227 sdtw=0.000
PluginManager::Manager: duplicate static plugin StbImageImporter, ignoring
PluginManager::Manager: duplicate static plugin GltfImporter, ignoring
PluginManager::Manager: duplicate static plugin BasisImporter, ignoring
PluginManager::Manager: duplicate static plugin AssimpImporter, ignoring
PluginManager::Manager: duplicate static plugin AnySceneImporter, ignoring
PluginManager::Manager: duplicate static plugin AnyImageImporter, ignoring
episode=1136 instruction='About-face. Out of the pantry. From the counter across to the patio. Halt.' start_position=[5.932779788970947, 0.17162801325321198, -2.3794898986816406] goal_position=[13.04640007019043, 0.17162801325321198, 1.8739700317382812] reference_geodesic=9.979244232177734
episode=1136 prepared_subgoals=4
  [1] About-face
      proof: The camera is now facing directly opposite its original direction, with the pantry door visible behind it.
  [2] Exit the pantry
      proof: The camera has crossed the pantry threshold and the space beyond the pantry is central in the view.
  [3] Walk from the counter across to the patio
      proof: The patio is directly ahead of the camera, within a step.
  [4] Halt
      proof: The camera is stopped beside the patio, with no movement detected
ep=1136 s=0 15417ms [sel=0 cap=14921 rest=459] sg=1->1 mode=NONE win=1 obs=1 | cap=wip act=TURN request=-45deg execute=-15deg x1 a=2 | preview=view-/6 yaw=+0 render=38ms dtg=9.98 region=0_18
ep=1136 s=1 9154ms [sel=0 cap=9041 rest=112] sg=1->1 mode=GET_NOWHERE win=2 obs=2 | cap=wip/GET_NOWHERE act=TURN request=-45deg execute=-15deg x1 a=2 dtg=9.98 region=0_18
ep=1136 s=2 6492ms [sel=0 cap=6376 rest=115] sg=1->1 mode=NONE win=3 obs=3 | cap=wip act=TURN request=-45deg execute=-15deg x1 a=2 dtg=9.98 region=0_18
ep=1136 s=3 8701ms [sel=0 cap=8593 rest=108] sg=1->1 mode=NONE win=4 obs=4 | cap=wip act=TURN request=-45deg execute=-15deg x1 a=2 dtg=9.98 region=0_18
ep=1136 s=4 13506ms [sel=4869 cap=8533 rest=104] sg=1->2 mode=NONE win=5 obs=5 | cap=DONE act=(320,360) d=1.15 a=3 | sp=frontier:active d=1.2 age=0 som=B/6 dtg=9.98 region=0_18
ep=1136 s=5 9936ms [sel=6 cap=9822 rest=107] sg=2->2 mode=NONE win=6 obs=6 | cap=wip act=(320,360) d=1.15 a=3 | sp=frontier:active d=1.2 age=1 dtg=9.98 region=0_18
ep=1136 s=6 10744ms [sel=6 cap=10626 rest=113] sg=2->2 mode=NONE win=7 obs=7 | cap=wip act=(320,360) d=1.15 a=3 | sp=frontier:active d=1.2 age=2 dtg=9.98 region=0_18
ep=1136 s=7 9804ms [sel=8 cap=9676 rest=120] sg=2->2 mode=NONE win=8 obs=8 | cap=wip act=(320,360) d=1.15 a=3 | sp=frontier:active d=1.2 age=3 dtg=9.98 region=0_18
ep=1136 s=8 7983ms [sel=6 cap=7867 rest=110] sg=2->2 mode=NONE win=8 obs=9 | cap=wip act=(320,360) d=1.15 a=3 | sp=frontier:active d=1.2 age=4 dtg=9.98 region=0_18
ep=1136 s=9 9019ms [sel=5 cap=8901 rest=113] sg=2->2 mode=NONE win=8 obs=10 | cap=wip act=(320,360) d=1.15 a=3 | sp=frontier:active d=1.2 age=5 dtg=9.98 region=0_18
ep=1136 s=10 13712ms [sel=7 cap=13586 rest=120] sg=2->2 mode=NONE win=8 obs=11 | cap=wip act=(320,360) d=1.15 a=3 | sp=frontier:active d=1.2 age=6 dtg=9.98 region=0_18
ep=1136 s=11 12282ms [sel=39 cap=12129 rest=113] sg=2->3 mode=NONE win=8 obs=12 | cap=DONE act=(320,360) d=4.56 a=3 | sp=frontier:active d=4.6 age=0 dtg=9.98 region=0_18
ep=1136 s=12 11776ms [sel=4 cap=11661 rest=111] sg=3->3 mode=NONE win=8 obs=13 | cap=wip act=(320,360) d=4.56 a=3 | sp=frontier:active d=4.6 age=1 dtg=9.98 region=0_18
ep=1136 s=13 8109ms [sel=3 cap=8002 rest=105] sg=3->3 mode=NONE win=8 obs=14 | cap=wip act=(320,360) d=4.56 a=3 | sp=frontier:active d=4.6 age=2 dtg=9.98 region=0_18
ep=1136 s=14 10164ms [sel=3 cap=10058 rest=103] sg=3->3 mode=NONE win=8 obs=15 | cap=wip act=(320,360) d=4.56 a=1 | sp=frontier:active d=4.6 age=3 dtg=9.73 region=0_18
ep=1136 s=15 11879ms [sel=3 cap=11776 rest=100] sg=3->3 mode=NONE win=8 obs=16 | cap=wip act=(320,360) d=4.31 a=1 | sp=frontier:active d=4.3 age=4 dtg=9.48 region=0_18
ep=1136 s=16 7604ms [sel=3 cap=7498 rest=103] sg=3->3 mode=NONE win=8 obs=17 | cap=wip act=(320,360) d=4.06 a=1 | sp=frontier:active d=4.1 age=5 dtg=9.23 region=0_10
ep=1136 s=17 6384ms [sel=3 cap=6274 rest=108] sg=3->3 mode=NONE win=8 obs=18 | cap=wip act=(320,360) d=3.81 a=1 | sp=frontier:active d=3.8 age=6 dtg=8.98 region=0_10
ep=1136 s=18 8624ms [sel=3 cap=8511 rest=110] sg=3->3 mode=NONE win=8 obs=19 | cap=wip act=(320,360) d=3.56 a=1 | sp=frontier:active d=3.6 age=7 dtg=8.73 region=0_10
ep=1136 s=19 6034ms [sel=3 cap=5927 rest=104] sg=3->3 mode=NONE win=8 obs=20 | cap=wip act=(320,360) d=3.31 a=1 | sp=frontier:active d=3.3 age=8 dtg=8.49 region=0_10
ep=1136 s=20 10851ms [sel=3 cap=10738 rest=110] sg=3->3 mode=NONE win=8 obs=21 | cap=wip act=(320,360) d=3.06 a=1 | sp=frontier:active d=3.1 age=9 dtg=8.24 region=0_10
ep=1136 s=21 11151ms [sel=5767 cap=5267 rest=118] sg=3->4 mode=NONE win=8 obs=22 | cap=DONE act=(320,360) d=1.30 a=3 | sp=frontier:active d=1.3 age=0 som=B/5 dtg=8.24 region=0_10
ep=1136 s=22 12387ms [sel=12 cap=12265 rest=110] sg=4->4 mode=NONE win=8 obs=23 | cap=wip act=(320,360) d=1.30 a=3 | sp=frontier:active d=1.3 age=1 dtg=8.24 region=0_10
ep=1136 s=23 16222ms [sel=5 cap=15717 rest=463] sg=4->None mode=NONE win=8 obs=24 | cap=DONE act=(320,360) d=1.00 a=1 | preview=view-/6 yaw=+0 render=36ms | sp=frontier:active d=1.3 age=2 dtg=8.01 region=0_10
ep=1136 s=24 115ms [sel=4 cap=0 rest=110] sg=None->None mode=NONE win=8 obs=25 | cap=- act=(320,360) d=1.00 a=1 | sp=frontier:active d=1.5 age=3 dtg=7.78 region=0_10
ep=1136 s=25 95ms [sel=4 cap=0 rest=92] sg=None->None mode=NONE win=8 obs=26 | cap=- act=STOP | sp=frontier:active d=1.8 age=4 door_evts=1 EVT=door@(7.7,-2.4)w1.10m@s22 dtg=7.78 region=0_10
rank=2 [10/16] id=1136 steps=26 success=0.000 spl=0.000 dtg=7.78 osr=0 path_length=2.25 ndtw=0.394 sdtw=0.000
PluginManager::Manager: duplicate static plugin StbImageImporter, ignoring
PluginManager::Manager: duplicate static plugin GltfImporter, ignoring
PluginManager::Manager: duplicate static plugin BasisImporter, ignoring
PluginManager::Manager: duplicate static plugin AssimpImporter, ignoring
PluginManager::Manager: duplicate static plugin AnySceneImporter, ignoring
PluginManager::Manager: duplicate static plugin AnyImageImporter, ignoring
episode=1214 instruction='About-face. Through the archway. Left, then the extreme left. Halt near the mantle.' start_position=[19.409500122070312, 0.12711000442504883, -4.924039840698242] goal_position=[16.67340087890625, 0.12711000442504883, 3.144469976425171] reference_geodesic=8.552309036254883
episode=1214 prepared_subgoals=3
  [1] About-face
      proof: The camera is now facing directly opposite its original direction, with the previous path visible behind.
  [2] Go through the archway
      proof: The camera has passed the archway: it is behind or below the camera and the space beyond it fills the view; the camera has not yet turned left.
  [3] Turn left until the Turn to the extreme left is centered ahead, then turn to the extreme left, then halt near the mantle
      proof: The mantle is directly beside or ahead of the camera, within a step, and the camera has stopped
ep=1214 s=0 18240ms [sel=0 cap=17762 rest=436] sg=1->1 mode=NONE win=1 obs=1 | cap=wip act=TURN request=-45deg execute=-15deg x1 a=2 | preview=view-/6 yaw=+0 render=42ms dtg=8.55 region=0_27
ep=1214 s=1 15510ms [sel=0 cap=15390 rest=119] sg=1->1 mode=NONE win=2 obs=2 | cap=wip act=TURN request=-45deg execute=-15deg x1 a=2 dtg=8.55 region=0_27
ep=1214 s=2 13230ms [sel=4536 cap=8568 rest=126] sg=1->2 mode=NONE win=3 obs=3 | cap=DONE act=(320,360) d=1.11 a=3 | sp=frontier:active d=1.1 age=0 som=1/3 dtg=8.55 region=0_27
ep=1214 s=3 9951ms [sel=7 cap=9826 rest=119] sg=2->2 mode=GET_NOWHERE win=4 obs=4 | cap=wip/GET_NOWHERE act=(320,360) d=1.11 a=3 | sp=frontier:active d=1.1 age=1 dtg=8.55 region=0_27
ep=1214 s=4 13185ms [sel=6 cap=13053 rest=127] sg=2->2 mode=NONE win=5 obs=5 | cap=wip act=(320,360) d=1.11 a=3 | sp=frontier:active d=1.1 age=2 dtg=8.55 region=0_27
ep=1214 s=5 5562ms [sel=6 cap=5431 rest=125] sg=2->2 mode=NONE win=6 obs=6 | cap=wip act=(320,360) d=1.11 a=3 | sp=frontier:active d=1.1 age=3 dtg=8.55 region=0_27
ep=1214 s=6 6010ms [sel=6 cap=5881 rest=123] sg=2->2 mode=NONE win=7 obs=7 | cap=wip act=(320,360) d=1.11 a=3 | sp=frontier:active d=1.1 age=4 dtg=8.55 region=0_27
ep=1214 s=7 11685ms [sel=6 cap=11559 rest=120] sg=2->2 mode=NONE win=8 obs=8 | cap=wip act=(320,360) d=1.11 a=3 | sp=frontier:active d=1.1 age=5 dtg=8.55 region=0_27
ep=1214 s=8 4684ms [sel=5 cap=4560 rest=119] sg=2->2 mode=NONE win=8 obs=9 | cap=wip act=(320,360) d=1.11 a=3 | sp=frontier:active d=1.1 age=6 dtg=8.55 region=0_27
ep=1214 s=9 5212ms [sel=3 cap=5089 rest=120] sg=2->2 mode=NONE win=8 obs=10 | cap=wip act=(320,360) d=1.11 a=3 | sp=frontier:active d=1.1 age=7 dtg=8.55 region=0_27
ep=1214 s=10 6213ms [sel=3 cap=6095 rest=116] sg=2->2 mode=NONE win=8 obs=11 | cap=wip act=(320,360) d=1.11 a=3 | sp=frontier:active d=1.1 age=8 dtg=8.55 region=0_27
ep=1214 s=11 8241ms [sel=4 cap=8118 rest=119] sg=2->2 mode=NONE win=8 obs=12 | cap=wip act=(320,360) d=1.11 a=1 | sp=frontier:active d=1.1 age=9 dtg=8.35 region=0_27
ep=1214 s=12 7120ms [sel=47 cap=6556 rest=472] sg=2->2 mode=NONE win=8 obs=13 | cap=wip act=(160,180) d=4.44 a=3 | preview=view3/6 yaw=+0 render=44ms | sp=preview:active d=4.4 age=0 dtg=8.35 region=0_27
ep=1214 s=13 7220ms [sel=4 cap=7089 rest=128] sg=2->2 mode=NONE win=8 obs=14 | cap=wip act=(320,360) d=4.44 a=1 | sp=preview:active d=4.4 age=1 dtg=8.13 region=0_27
ep=1214 s=14 7084ms [sel=3 cap=6950 rest=131] sg=2->2 mode=NONE win=8 obs=15 | cap=wip act=(320,360) d=4.22 a=1 | sp=preview:active d=4.2 age=2 dtg=7.90 region=0_27
ep=1214 s=15 7712ms [sel=3 cap=7591 rest=118] sg=2->2 mode=NONE win=8 obs=16 | cap=wip act=(320,360) d=4.00 a=3 | sp=preview:active d=4.0 age=3 dtg=7.90 region=0_27
ep=1214 s=16 9124ms [sel=3 cap=8999 rest=122] sg=2->2 mode=NONE win=8 obs=17 | cap=wip act=(320,360) d=4.00 a=1 | sp=preview:active d=4.0 age=4 dtg=7.66 region=0_27
ep=1214 s=17 4689ms [sel=4 cap=4571 rest=113] sg=2->2 mode=NONE win=8 obs=18 | cap=wip act=(320,360) d=3.75 a=3 | sp=preview:active d=3.8 age=5 dtg=7.66 region=0_27
ep=1214 s=18 9730ms [sel=4 cap=9611 rest=116] sg=2->2 mode=NONE win=8 obs=19 | cap=wip act=(320,360) d=3.75 a=1 | sp=preview:active d=3.8 age=6 dtg=7.41 region=0_27
ep=1214 s=19 7955ms [sel=3 cap=7838 rest=114] sg=2->2 mode=NONE win=8 obs=20 | cap=wip act=(320,360) d=3.50 a=1 | sp=preview:active d=3.5 age=7 dtg=7.16 region=0_27
ep=1214 s=20 5763ms [sel=3 cap=5642 rest=118] sg=2->2 mode=NONE win=8 obs=21 | cap=wip act=(320,360) d=3.25 a=3 | sp=preview:active d=3.3 age=8 dtg=7.16 region=0_27
ep=1214 s=21 10532ms [sel=3 cap=10412 rest=118] sg=2->2 mode=NONE win=8 obs=22 | cap=wip act=(320,360) d=3.25 a=1 | sp=preview:active d=3.3 age=9 dtg=6.92 region=0_27
ep=1214 s=22 7175ms [sel=3 cap=7052 rest=121] sg=2->2 mode=NONE win=8 obs=23 | cap=wip act=(320,360) d=3.01 a=1 | sp=preview:active d=3.0 age=10 dtg=6.69 region=0_27
ep=1214 s=23 11018ms [sel=3 cap=10892 rest=123] sg=2->2 mode=NONE win=8 obs=24 | cap=wip act=(320,360) d=2.78 a=1 | sp=preview:active d=2.8 age=11 dtg=6.46 region=0_27
ep=1214 s=24 7546ms [sel=3 cap=7421 rest=123] sg=2->2 mode=NONE win=8 obs=25 | cap=wip act=(320,360) d=2.54 a=1 | sp=preview:active d=2.5 age=12 dtg=6.23 region=0_27
ep=1214 s=25 8767ms [sel=2776 cap=5875 rest=117] sg=2->2 mode=NONE win=8 obs=26 | cap=wip act=(320,360) d=3.00 a=1 | sp=som:active d=3.0 age=0 som=2/8 dtg=6.00 region=0_27
ep=1214 s=26 5718ms [sel=3 cap=5593 rest=121] sg=2->2 mode=NONE win=8 obs=27 | cap=wip act=(320,360) d=2.75 a=1 | sp=som:active d=2.8 age=1 dtg=5.78 region=0_27
ep=1214 s=27 8514ms [sel=3 cap=8391 rest=121] sg=2->2 mode=NONE win=8 obs=28 | cap=wip act=(320,360) d=2.50 a=1 | sp=som:active d=2.5 age=2 dtg=5.56 region=0_27
ep=1214 s=28 5116ms [sel=3 cap=4991 rest=121] sg=2->2 mode=NONE win=8 obs=29 | cap=wip act=(320,360) d=2.25 a=1 | sp=som:active d=2.3 age=3 dtg=5.35 region=0_12
ep=1214 s=29 10289ms [sel=0 cap=10154 rest=134] sg=2->3 mode=NONE win=8 obs=30 | cap=DONE act=TURN request=-45deg execute=-15deg x1 a=2 | sp=som:active d=2.0 age=4 door_evts=1 dtg=5.35 region=0_12
ep=1214 s=30 7204ms [sel=0 cap=7076 rest=129] sg=3->3 mode=NONE win=8 obs=31 | cap=wip act=TURN request=-45deg execute=-15deg x1 a=2 | sp=- door_evts=1 dtg=5.35 region=0_12
ep=1214 s=31 8140ms [sel=0 cap=8026 rest=114] sg=3->3 mode=NONE win=8 obs=32 | cap=wip act=TURN request=-45deg execute=-15deg x1 a=2 | sp=- door_evts=1 dtg=5.35 region=0_12
ep=1214 s=32 17311ms [sel=5 cap=16768 rest=502] sg=3->None mode=NONE win=8 obs=33 | cap=DONE act=(320,360) d=1.00 a=1 | preview=view-/6 yaw=+0 render=36ms | sp=- door_evts=1 dtg=5.10 region=0_12
ep=1214 s=33 112ms [sel=4 cap=0 rest=108] sg=None->None mode=NONE win=8 obs=34 | cap=- act=(320,360) d=1.00 a=1 | sp=- door_evts=1 dtg=4.86 region=0_12
ep=1214 s=34 113ms [sel=4 cap=0 rest=109] sg=None->None mode=NONE win=8 obs=35 | cap=- act=(320,360) d=1.00 a=1 | sp=- door_evts=1 dtg=4.62 region=0_28
ep=1214 s=35 109ms [sel=0 cap=0 rest=109] sg=None->None mode=NONE win=8 obs=36 | cap=- act=STOP | sp=- door_evts=1 dtg=4.62 region=0_28
rank=2 [11/16] id=1214 steps=36 success=0.000 spl=0.000 dtg=4.62 osr=0 path_length=4.25 ndtw=0.632 sdtw=0.000
PluginManager::Manager: duplicate static plugin StbImageImporter, ignoring
PluginManager::Manager: duplicate static plugin GltfImporter, ignoring
PluginManager::Manager: duplicate static plugin BasisImporter, ignoring
PluginManager::Manager: duplicate static plugin AssimpImporter, ignoring
PluginManager::Manager: duplicate static plugin AnySceneImporter, ignoring
PluginManager::Manager: duplicate static plugin AnyImageImporter, ignoring
episode=1272 instruction='Forward, then left. Straight again, into the living room.' start_position=[0.004689769819378853, 0.03524710237979889, -0.05066319927573204] goal_position=[2.322540044784546, 0.024399995803833008, -7.778590202331543] reference_geodesic=8.104425430297852
episode=1272 prepared_subgoals=2
  [1] Go forward toward the living room until the next instructed route stage begins
      proof: The living room is visible nearby and the camera is positioned to begin the next instructed route stage.
  [2] Turn left until the living room is centered ahead, then walk straight into the living room
      proof: The living room is central in the view and the camera has crossed the threshold
ep=1272 s=0 12251ms [sel=5 cap=11695 rest=504] sg=1->1 mode=NONE win=1 obs=1 | cap=wip act=PREVIEW a=2 | preview=view2/6 yaw=+0 render=46ms dtg=8.10 region=1_9
ep=1272 s=1 13449ms [sel=5782 cap=7550 rest=117] sg=1->1 mode=GET_NOWHERE win=2 obs=2 | cap=wip/GET_NOWHERE act=(320,360) d=2.79 a=2 | sp=som:active d=2.8 age=0 som=1/8 dtg=8.10 region=1_9
ep=1272 s=2 11173ms [sel=3 cap=11060 rest=110] sg=1->1 mode=GET_NOWHERE win=3 obs=3 | cap=wip/GET_NOWHERE act=(320,360) d=2.79 a=1 | sp=som:active d=2.8 age=1 dtg=8.20 region=1_9
ep=1272 s=3 6740ms [sel=3 cap=6626 rest=110] sg=1->1 mode=NONE win=4 obs=4 | cap=wip act=(320,360) d=2.54 a=1 | sp=som:active d=2.5 age=2 dtg=8.31 region=1_9
ep=1272 s=4 8933ms [sel=3 cap=8816 rest=113] sg=1->1 mode=NONE win=5 obs=5 | cap=wip act=(320,360) d=2.29 a=3 | sp=som:active d=2.3 age=3 dtg=8.31 region=1_9
ep=1272 s=5 6169ms [sel=3 cap=6047 rest=120] sg=1->1 mode=NONE win=6 obs=6 | cap=wip act=(320,360) d=2.29 a=1 | sp=som:active d=2.3 age=4 dtg=8.37 region=1_9
ep=1272 s=6 10940ms [sel=0 cap=10822 rest=118] sg=1->2 mode=NONE win=7 obs=7 | cap=DONE act=TURN request=-45deg execute=-15deg x1 a=2 | sp=som:active d=2.0 age=5 dtg=8.37 region=1_9
ep=1272 s=7 10508ms [sel=0 cap=10393 rest=115] sg=2->2 mode=NONE win=8 obs=8 | cap=wip act=TURN request=-45deg execute=-15deg x1 a=2 dtg=8.37 region=1_9
ep=1272 s=8 6600ms [sel=0 cap=6490 rest=110] sg=2->2 mode=NONE win=8 obs=9 | cap=wip act=TURN request=-45deg execute=-15deg x1 a=2 dtg=8.37 region=1_9
ep=1272 s=9 6090ms [sel=0 cap=5982 rest=108] sg=2->2 mode=NONE win=8 obs=10 | cap=wip act=TURN request=-45deg execute=-15deg x1 a=2 dtg=8.37 region=1_9
ep=1272 s=10 10365ms [sel=2412 cap=7843 rest=110] sg=2->2 mode=NONE win=8 obs=11 | cap=wip act=(320,360) d=3.55 a=3 | sp=som:active d=3.5 age=0 som=3/6 dtg=8.37 region=1_9
ep=1272 s=11 3895ms [sel=27 cap=3762 rest=107] sg=2->2 mode=NONE win=8 obs=12 | cap=wip act=(320,360) d=3.55 a=3 | sp=som:active d=3.5 age=1 dtg=8.37 region=1_9
ep=1272 s=12 6645ms [sel=20 cap=6515 rest=110] sg=2->2 mode=NONE win=8 obs=13 | cap=wip act=(320,360) d=3.55 a=3 | sp=som:active d=3.5 age=2 dtg=8.37 region=1_9
ep=1272 s=13 10125ms [sel=3 cap=10005 rest=116] sg=2->2 mode=NONE win=8 obs=14 | cap=wip act=(320,360) d=3.55 a=3 | sp=som:active d=3.5 age=3 dtg=8.37 region=1_9
ep=1272 s=14 8907ms [sel=3 cap=8786 rest=118] sg=2->2 mode=NONE win=8 obs=15 | cap=wip act=(320,360) d=3.55 a=3 | sp=som:active d=3.5 age=4 dtg=8.37 region=1_9
ep=1272 s=15 8852ms [sel=3 cap=8729 rest=119] sg=2->2 mode=NONE win=8 obs=16 | cap=wip act=(320,360) d=3.55 a=1 | sp=som:active d=3.5 age=5 dtg=8.38 region=1_9
ep=1272 s=16 7695ms [sel=3 cap=7574 rest=118] sg=2->2 mode=NONE win=8 obs=17 | cap=wip act=(320,360) d=3.30 a=1 | sp=som:active d=3.3 age=6 dtg=8.41 region=1_9
ep=1272 s=17 7389ms [sel=3 cap=7269 rest=117] sg=2->2 mode=NONE win=8 obs=18 | cap=wip act=(320,360) d=3.06 a=1 | sp=som:active d=3.1 age=7 dtg=8.47 region=1_9
ep=1272 s=18 4884ms [sel=4 cap=4764 rest=116] sg=2->2 mode=NONE win=8 obs=19 | cap=wip act=(320,360) d=2.81 a=1 | sp=som:active d=2.8 age=8 dtg=8.56 region=0_4
ep=1272 s=19 12029ms [sel=6 cap=11487 rest=499] sg=2->None mode=NONE win=8 obs=20 | cap=DONE act=(320,360) d=1.00 a=1 | preview=view-/6 yaw=+0 render=38ms | sp=som:active d=2.6 age=9 dtg=8.68 region=0_4
ep=1272 s=20 121ms [sel=4 cap=0 rest=117] sg=None->None mode=NONE win=8 obs=21 | cap=- act=(320,360) d=1.00 a=1 | sp=som:active d=2.3 age=10 dtg=8.82 region=0_4
ep=1272 s=21 121ms [sel=5 cap=0 rest=116] sg=None->None mode=NONE win=8 obs=22 | cap=- act=(320,360) d=1.00 a=1 | sp=som:active d=2.1 age=11 dtg=8.99 region=0_4
ep=1272 s=22 114ms [sel=0 cap=0 rest=114] sg=None->None mode=NONE win=8 obs=23 | cap=- act=STOP | sp=som:active d=1.8 age=12 dtg=8.99 region=0_4
rank=2 [12/16] id=1272 steps=23 success=0.000 spl=0.000 dtg=8.99 osr=0 path_length=2.54 ndtw=0.270 sdtw=0.000
PluginManager::Manager: duplicate static plugin StbImageImporter, ignoring
PluginManager::Manager: duplicate static plugin GltfImporter, ignoring
PluginManager::Manager: duplicate static plugin BasisImporter, ignoring
PluginManager::Manager: duplicate static plugin AssimpImporter, ignoring
PluginManager::Manager: duplicate static plugin AnySceneImporter, ignoring
PluginManager::Manager: duplicate static plugin AnyImageImporter, ignoring
episode=1349 instruction='Out of the stairway area through the single door. Left, down the steps, through the double doors ahead. Forward, down another set of steps. Wait by the reception desk.' start_position=[-6.597370147705078, 1.0461080074310303, -2.976069927215576] goal_position=[0.02519790083169937, 0.10301037132740021, -0.15336599946022034] reference_geodesic=7.84316349029541
episode=1349 prepared_subgoals=5
  [1] Exit the stairway area through the single door
      proof: The camera has passed the single door and the area beyond it fills the view.
  [2] Turn left until the steps is centered ahead, then walk down the steps
      proof: The steps are behind the camera and the lower level fills the view.
  [3] Go through the double doors ahead
      proof: The camera has crossed the double doors and the space beyond them is central in the view.
  [4] Walk forward down another set of steps
      proof: The second set of steps is behind the camera and the area below them fills the view.
  [5] Wait by the reception desk
      proof: The reception desk is directly ahead and beside the camera, within a step
ep=1349 s=0 13083ms [sel=4480 cap=8049 rest=519] sg=1->1 mode=NONE win=1 obs=1 | cap=wip act=(320,360) d=1.05 a=3 | preview=view-/6 yaw=+0 render=36ms | sp=som:active d=1.1 age=0 som=2/5 dtg=7.84 region=0_1
ep=1349 s=1 8509ms [sel=3 cap=8403 rest=103] sg=1->1 mode=NONE win=2 obs=2 | cap=wip act=(320,360) d=1.05 a=1 | sp=som:active d=1.1 age=1 dtg=7.92 region=0_1
ep=1349 s=2 7259ms [sel=3 cap=7152 rest=104] sg=1->1 mode=NONE win=3 obs=3 | cap=wip act=(320,360) d=0.82 a=3 | sp=som:active d=0.8 age=2 dtg=7.92 region=0_1
ep=1349 s=3 6219ms [sel=3 cap=6110 rest=105] sg=1->1 mode=NONE win=4 obs=4 | cap=wip act=(320,360) d=0.82 a=1 | sp=som:active d=0.8 age=3 dtg=8.07 region=0_1
ep=1349 s=4 7677ms [sel=3 cap=7573 rest=100] sg=1->1 mode=NONE win=5 obs=5 | cap=wip act=(320,360) d=0.57 a=1 | sp=som:active d=0.6 age=4 dtg=8.24 region=0_1
ep=1349 s=5 7904ms [sel=2465 cap=5321 rest=118] sg=1->1 mode=NONE win=6 obs=6 | cap=wip act=(320,360) d=0.78 a=3 | sp=som:active d=0.8 age=0 som=2/5 dtg=8.24 region=0_1
ep=1349 s=6 8978ms [sel=4 cap=8855 rest=119] sg=1->1 mode=NONE win=7 obs=7 | cap=wip act=(320,360) d=0.78 a=3 | sp=som:active d=0.8 age=1 dtg=8.24 region=0_1
ep=1349 s=7 11631ms [sel=3 cap=11507 rest=121] sg=1->1 mode=NONE win=8 obs=8 | cap=wip act=(320,360) d=0.78 a=3 | sp=som:active d=0.8 age=2 dtg=8.24 region=0_1
ep=1349 s=8 12834ms [sel=8 cap=12246 rest=547] sg=1->1 mode=NONE win=8 obs=9 | cap=wip act=(160,180) d=0.78 a=1 | preview=view5/6 yaw=+165 render=33ms | sp=som:active d=0.8 age=3 dtg=8.49 region=0_1
ep=1349 s=9 5288ms [sel=3 cap=5162 rest=123] sg=1->1 mode=NONE win=8 obs=10 | cap=wip act=(320,360) d=0.55 a=3 | sp=som:active d=0.6 age=4 dtg=8.49 region=0_1
ep=1349 s=10 10410ms [sel=0 cap=10286 rest=124] sg=1->2 mode=NONE win=8 obs=11 | cap=DONE act=TURN request=-45deg execute=-15deg x1 a=2 | sp=som:active d=0.6 age=5 dtg=8.49 region=0_1
ep=1349 s=11 5881ms [sel=0 cap=5731 rest=150] sg=2->2 mode=NONE win=8 obs=12 | cap=wip act=TURN request=-45deg execute=-15deg x1 a=2 dtg=8.49 region=0_1
ep=1349 s=12 7401ms [sel=0 cap=7253 rest=148] sg=2->2 mode=NONE win=8 obs=13 | cap=wip act=TURN request=-45deg execute=-15deg x1 a=2 dtg=8.49 region=0_1
ep=1349 s=13 5991ms [sel=0 cap=5866 rest=125] sg=2->2 mode=NONE win=8 obs=14 | cap=wip act=TURN request=-45deg execute=-15deg x1 a=2 dtg=8.49 region=0_1
ep=1349 s=14 5091ms [sel=0 cap=4968 rest=123] sg=2->2 mode=NONE win=8 obs=15 | cap=wip act=TURN request=-45deg execute=-15deg x1 a=2 dtg=8.49 region=0_1
ep=1349 s=15 12133ms [sel=2876 cap=9117 rest=140] sg=2->2 mode=WALL_STUCK win=8 obs=16 | cap=wip/WALL_STUCK act=(320,360) d=1.89 a=3 | sp=frontier:active d=1.9 age=0 som=1/4 dtg=8.49 region=0_1
ep=1349 s=16 5129ms [sel=17 cap=4986 rest=126] sg=2->2 mode=NONE win=8 obs=17 | cap=wip act=(320,360) d=1.89 a=3 | sp=frontier:active d=1.9 age=1 dtg=8.49 region=0_1
ep=1349 s=17 9125ms [sel=16 cap=8961 rest=148] sg=2->2 mode=NONE win=8 obs=18 | cap=wip act=(320,360) d=1.89 a=3 | sp=frontier:active d=1.9 age=2 dtg=8.49 region=0_1
ep=1349 s=18 10964ms [sel=17 cap=10825 rest=121] sg=2->2 mode=NONE win=8 obs=19 | cap=wip act=(320,360) d=1.89 a=3 | sp=frontier:active d=1.9 age=3 dtg=8.49 region=0_1
ep=1349 s=19 9076ms [sel=5 cap=8947 rest=124] sg=2->2 mode=NONE win=8 obs=20 | cap=wip act=(320,360) d=1.89 a=3 | sp=frontier:active d=1.9 age=4 dtg=8.49 region=0_1
ep=1349 s=20 6194ms [sel=3 cap=6067 rest=124] sg=2->2 mode=NONE win=8 obs=21 | cap=wip act=(320,360) d=1.89 a=3 | sp=frontier:active d=1.9 age=5 dtg=8.49 region=0_1
ep=1349 s=21 6147ms [sel=3 cap=6026 rest=118] sg=2->2 mode=NONE win=8 obs=22 | cap=wip act=(320,360) d=1.89 a=1 | sp=frontier:active d=1.9 age=6 dtg=8.71 region=0_1
ep=1349 s=22 6008ms [sel=3 cap=5891 rest=114] sg=2->2 mode=NONE win=8 obs=23 | cap=wip act=(320,360) d=1.64 a=3 | sp=frontier:active d=1.6 age=7 dtg=8.71 region=0_1
ep=1349 s=23 9855ms [sel=3 cap=9741 rest=112] sg=2->2 mode=NONE win=8 obs=24 | cap=wip act=(320,360) d=1.64 a=1 | sp=frontier:active d=1.6 age=8 dtg=8.90 region=0_1
ep=1349 s=24 5647ms [sel=3 cap=5540 rest=105] sg=2->2 mode=NONE win=8 obs=25 | cap=wip act=(320,360) d=1.40 a=1 | sp=frontier:active d=1.4 age=9 dtg=9.10 region=0_1
ep=1349 s=25 9046ms [sel=2805 cap=6138 rest=103] sg=2->3 mode=NONE win=8 obs=26 | cap=DONE act=(320,360) d=1.66 a=3 | sp=som:active d=1.7 age=0 som=2/5 dtg=9.10 region=0_1
ep=1349 s=26 4957ms [sel=3 cap=4847 rest=107] sg=3->3 mode=WALL_STUCK win=8 obs=27 | cap=wip/WALL_STUCK act=(320,360) d=1.66 a=3 | sp=som:active d=1.7 age=1 dtg=9.10 region=0_1
ep=1349 s=27 5781ms [sel=3 cap=5672 rest=106] sg=3->3 mode=NONE win=8 obs=28 | cap=wip act=(320,360) d=1.66 a=3 | sp=som:active d=1.7 age=2 dtg=9.10 region=0_1
ep=1349 s=28 6937ms [sel=3 cap=6829 rest=105] sg=3->3 mode=NONE win=8 obs=29 | cap=wip act=(320,360) d=1.66 a=1 | sp=som:active d=1.7 age=3 dtg=9.14 region=0_1
ep=1349 s=29 5238ms [sel=4 cap=5130 rest=104] sg=3->3 mode=NONE win=8 obs=30 | cap=wip act=(320,360) d=1.41 a=1 | sp=som:active d=1.4 age=4 dtg=9.20 region=0_1
ep=1349 s=30 8799ms [sel=3 cap=8697 rest=100] sg=3->3 mode=NONE win=8 obs=31 | cap=wip act=(320,360) d=1.16 a=1 | sp=som:active d=1.2 age=5 dtg=9.29 region=0_1
ep=1349 s=31 12097ms [sel=3 cap=11996 rest=98] sg=3->3 mode=NONE win=8 obs=32 | cap=wip act=(320,360) d=0.92 a=1 | sp=som:active d=0.9 age=6 dtg=9.38 region=0_1
ep=1349 s=32 5669ms [sel=3 cap=5163 rest=468] sg=3->3 mode=NONE win=8 obs=33 | cap=wip act=(320,360) d=0.67 a=2 | preview=view-/6 yaw=+0 render=36ms | sp=som:active d=0.7 age=7 dtg=9.38 region=0_1
ep=1349 s=33 9897ms [sel=3 cap=9792 rest=103] sg=3->3 mode=NONE win=8 obs=34 | cap=wip act=(320,360) d=0.67 a=1 | sp=som:active d=0.7 age=8 dtg=9.54 region=0_1
ep=1349 s=34 9522ms [sel=3338 cap=6054 rest=131] sg=3->3 mode=NONE win=8 obs=35 | cap=wip act=(341,403) d=1.26 a=1 | sp=straight_ahead:reached d=0.5 age=0 som=1/3 dtg=9.72 region=0_1
ep=1349 s=35 10728ms [sel=42 cap=10574 rest=112] sg=3->3 mode=GET_NOWHERE win=8 obs=36 | cap=wip/GET_NOWHERE act=(366,451) d=1.06 a=1 | sp=straight_ahead:reached d=0.2 age=0 dtg=9.90 region=0_1
ep=1349 s=36 4991ms [sel=224 cap=4658 rest=110] sg=3->3 mode=NONE win=8 obs=37 | cap=wip act=TURN request=+45deg execute=+15deg x1 a=3 | sp=straight_ahead:reached d=0.2 age=1 dtg=9.90 region=0_1
ep=1349 s=37 9554ms [sel=0 cap=9443 rest=111] sg=3->3 mode=NONE win=8 obs=38 | cap=wip act=TURN request=+45deg execute=+15deg x1 a=3 dtg=9.90 region=0_1
ep=1349 s=38 9743ms [sel=0 cap=9629 rest=114] sg=3->3 mode=NONE win=8 obs=39 | cap=wip act=TURN request=+45deg execute=+15deg x1 a=3 dtg=9.90 region=0_1
ep=1349 s=39 10406ms [sel=0 cap=10290 rest=116] sg=3->3 mode=NONE win=8 obs=40 | cap=wip act=TURN request=+45deg execute=+15deg x1 a=3 dtg=9.90 region=0_1
ep=1349 s=40 5675ms [sel=0 cap=5560 rest=116] sg=3->3 mode=NONE win=8 obs=41 | cap=wip act=TURN request=+45deg execute=+15deg x1 a=3 dtg=9.90 region=0_1
ep=1349 s=41 8820ms [sel=0 cap=8708 rest=113] sg=3->3 mode=NONE win=8 obs=42 | cap=wip act=TURN request=+45deg execute=+15deg x1 a=3 dtg=9.90 region=0_1
ep=1349 s=42 7121ms [sel=0 cap=6638 rest=444] sg=3->3 mode=NONE win=8 obs=43 | cap=wip act=TURN request=+45deg execute=+15deg x1 a=3 | preview=view-/6 yaw=+0 render=38ms dtg=9.90 region=0_1
ep=1349 s=43 9912ms [sel=0 cap=9793 rest=119] sg=3->3 mode=NONE win=8 obs=44 | cap=wip act=TURN request=+45deg execute=+15deg x1 a=3 dtg=9.90 region=0_1
ep=1349 s=44 3795ms [sel=0 cap=3675 rest=120] sg=3->3 mode=NONE win=8 obs=45 | cap=wip act=TURN request=+45deg execute=+15deg x1 a=3 dtg=9.90 region=0_1
ep=1349 s=45 7556ms [sel=2002 cap=5445 rest=109] sg=3->3 mode=NONE win=8 obs=46 | cap=wip act=(320,360) d=2.99 a=3 | sp=som:active d=3.0 age=0 som=3/6 dtg=9.90 region=0_1
ep=1349 s=46 7001ms [sel=3 cap=6876 rest=122] sg=3->3 mode=NONE win=8 obs=47 | cap=wip act=(320,360) d=2.99 a=1 | sp=som:active d=3.0 age=1 dtg=9.66 region=0_1
ep=1349 s=47 5284ms [sel=3 cap=5168 rest=113] sg=3->3 mode=NONE win=8 obs=48 | cap=wip act=(320,360) d=2.75 a=1 | sp=som:active d=2.7 age=2 dtg=9.41 region=0_1
ep=1349 s=48 6051ms [sel=3 cap=5935 rest=113] sg=3->3 mode=NONE win=8 obs=49 | cap=wip act=(320,360) d=2.50 a=1 | sp=som:active d=2.5 age=3 dtg=9.17 region=0_1
ep=1349 s=49 4747ms [sel=3 cap=4638 rest=106] sg=3->3 mode=NONE win=8 obs=50 | cap=wip act=(320,360) d=2.26 a=1 | sp=som:active d=2.3 age=4 dtg=8.93 region=0_1
ep=1349 s=50 5427ms [sel=3 cap=5321 rest=103] sg=3->3 mode=NONE win=8 obs=51 | cap=wip act=(320,360) d=2.01 a=1 | sp=som:active d=2.0 age=5 dtg=8.69 region=0_1
ep=1349 s=51 5404ms [sel=3 cap=5296 rest=104] sg=3->3 mode=NONE win=8 obs=52 | cap=wip act=(320,360) d=1.77 a=1 | sp=som:active d=1.8 age=6 dtg=8.45 region=0_1
ep=1349 s=52 5366ms [sel=3 cap=5261 rest=102] sg=3->3 mode=NONE win=8 obs=53 | cap=wip act=(320,360) d=1.53 a=1 | sp=som:active d=1.5 age=7 dtg=8.22 region=0_1
ep=1349 s=53 8089ms [sel=3 cap=7984 rest=102] sg=3->3 mode=NONE win=8 obs=54 | cap=wip act=(320,360) d=1.29 a=2 | sp=som:active d=1.3 age=8 dtg=8.22 region=0_1
ep=1349 s=54 12261ms [sel=5697 cap=6465 rest=99] sg=3->4 mode=NONE win=8 obs=55 | cap=DONE act=(320,360) d=2.97 a=1 | sp=som:active d=3.0 age=0 som=3/6 dtg=7.97 region=0_1
ep=1349 s=55 7250ms [sel=4 cap=7139 rest=107] sg=4->4 mode=NONE win=8 obs=56 | cap=wip act=(320,360) d=2.72 a=1 | sp=som:active d=2.7 age=1 dtg=7.72 region=0_1
ep=1349 s=56 4903ms [sel=4 cap=4776 rest=122] sg=4->4 mode=GET_NOWHERE win=8 obs=57 | cap=wip/GET_NOWHERE act=(320,360) d=2.47 a=1 | sp=som:active d=2.5 age=2 dtg=7.48 region=0_1
ep=1349 s=57 6317ms [sel=3 cap=6199 rest=115] sg=4->4 mode=GET_NOWHERE win=8 obs=58 | cap=wip/GET_NOWHERE act=(320,360) d=2.22 a=1 | sp=som:active d=2.2 age=3 dtg=7.23 region=0_1
ep=1349 s=58 5709ms [sel=3 cap=5588 rest=117] sg=4->4 mode=GET_NOWHERE win=8 obs=59 | cap=wip/GET_NOWHERE act=(320,360) d=1.97 a=1 | sp=som:active d=2.0 age=4 dtg=6.98 region=0_1
ep=1349 s=59 6959ms [sel=4 cap=6836 rest=120] sg=4->4 mode=NONE win=8 obs=60 | cap=wip act=(320,360) d=1.72 a=1 | sp=som:active d=1.7 age=5 dtg=6.74 region=0_1
ep=1349 s=60 6231ms [sel=4 cap=6096 rest=132] sg=4->4 mode=NONE win=8 obs=61 | cap=wip act=(320,360) d=1.47 a=1 | sp=som:active d=1.5 age=6 dtg=6.51 region=0_1
ep=1349 s=61 5901ms [sel=3 cap=5773 rest=125] sg=4->4 mode=NONE win=8 obs=62 | cap=wip act=(320,360) d=1.23 a=1 | sp=som:active d=1.2 age=7 dtg=6.29 region=0_1
ep=1349 s=62 8950ms [sel=1586 cap=7241 rest=123] sg=4->5 mode=NONE win=8 obs=63 | cap=DONE act=(320,360) d=0.82 a=3 | sp=som:active d=0.8 age=0 som=5/8 dtg=6.29 region=0_1
ep=1349 s=63 7760ms [sel=3 cap=7640 rest=117] sg=5->5 mode=NONE win=8 obs=64 | cap=wip act=(320,360) d=0.82 a=1 | sp=som:active d=0.8 age=1 dtg=6.18 region=0_8
ep=1349 s=64 14004ms [sel=3 cap=13414 rest=551] sg=5->5 mode=NONE win=8 obs=65 | cap=wip act=(320,360) d=0.59 a=3 | preview=view-/6 yaw=+0 render=35ms | sp=som:active d=0.6 age=2 dtg=6.18 region=0_8
ep=1349 s=65 11524ms [sel=3 cap=11397 rest=124] sg=5->5 mode=NONE win=8 obs=66 | cap=wip act=(320,360) d=0.59 a=1 | sp=som:active d=0.6 age=3 dtg=6.20 region=0_8
ep=1349 s=66 12114ms [sel=50 cap=11943 rest=121] sg=5->5 mode=NONE win=8 obs=67 | cap=wip act=(320,360) d=3.86 a=3 | sp=frontier:active d=3.9 age=0 dtg=6.20 region=0_8
ep=1349 s=67 17509ms [sel=19 cap=16903 rest=552] sg=5->5 mode=NONE win=8 obs=68 | cap=wip act=(320,360) d=3.86 a=3 | preview=view-/6 yaw=+0 render=34ms | sp=frontier:active d=3.9 age=1 dtg=6.20 region=0_8
ep=1349 s=68 22206ms [sel=5 cap=22075 rest=126] sg=5->5 mode=NONE win=8 obs=69 | cap=wip act=(320,360) d=3.86 a=3 | sp=frontier:active d=3.9 age=2 dtg=6.20 region=0_8
ep=1349 s=69 21149ms [sel=3 cap=21032 rest=113] sg=5->5 mode=NONE win=8 obs=70 | cap=wip act=(320,360) d=3.86 a=1 | sp=frontier:active d=3.9 age=3 dtg=6.40 region=0_8
ep=1349 s=70 27823ms [sel=3 cap=27216 rest=569] sg=5->5 mode=NONE win=8 obs=71 | cap=wip act=(320,360) d=3.61 a=3 | preview=view-/6 yaw=+0 render=35ms | sp=frontier:active d=3.6 age=4 dtg=6.40 region=0_8
ep=1349 s=71 19526ms [sel=4 cap=19393 rest=130] sg=5->5 mode=NONE win=8 obs=72 | cap=wip act=(320,360) d=3.61 a=1 | sp=frontier:active d=3.6 age=5 dtg=6.63 region=0_8
ep=1349 s=72 8966ms [sel=5 cap=8849 rest=111] sg=5->5 mode=NONE win=8 obs=73 | cap=wip act=(320,360) d=3.36 a=1 | sp=frontier:active d=3.4 age=6 dtg=6.86 region=0_2
ep=1349 s=73 15539ms [sel=37 cap=14961 rest=506] sg=5->5 mode=NONE win=8 obs=74 | cap=wip act=(320,360) d=3.12 a=2 | preview=view-/6 yaw=+0 render=35ms | sp=frontier:active d=3.1 age=7 dtg=6.86 region=0_2
ep=1349 s=74 15147ms [sel=13 cap=15030 rest=104] sg=5->5 mode=NONE win=8 obs=75 | cap=wip act=(320,360) d=2.48 a=1 | sp=frontier:active d=2.5 age=8 dtg=7.07 region=0_2
ep=1349 s=75 8751ms [sel=12 cap=8636 rest=103] sg=5->5 mode=NONE win=8 obs=76 | cap=wip act=(320,360) d=2.23 a=2 | sp=frontier:active d=2.2 age=9 dtg=7.07 region=0_2
ep=1349 s=76 12630ms [sel=5 cap=12092 rest=499] sg=5->None mode=NONE win=8 obs=77 | cap=DONE act=(320,360) d=1.00 a=1 | preview=view-/6 yaw=+0 render=34ms | sp=frontier:active d=2.2 age=10 door_evts=1 dtg=7.26 region=0_2
ep=1349 s=77 111ms [sel=4 cap=0 rest=107] sg=None->None mode=NONE win=8 obs=78 | cap=- act=(320,360) d=1.00 a=1 | sp=frontier:active d=2.0 age=11 door_evts=1 dtg=7.50 region=0_2
ep=1349 s=78 117ms [sel=4 cap=0 rest=113] sg=None->None mode=NONE win=8 obs=79 | cap=- act=(320,360) d=1.00 a=1 | sp=frontier:active d=1.8 age=12 door_evts=1 dtg=7.74 region=0_2
ep=1349 s=79 111ms [sel=0 cap=0 rest=111] sg=None->None mode=NONE win=8 obs=80 | cap=- act=STOP | sp=frontier:active d=1.5 age=13 door_evts=1 dtg=7.74 region=0_2
rank=2 [13/16] id=1349 steps=80 success=0.000 spl=0.000 dtg=7.74 osr=0 path_length=9.52 ndtw=0.331 sdtw=0.000
PluginManager::Manager: duplicate static plugin StbImageImporter, ignoring
PluginManager::Manager: duplicate static plugin GltfImporter, ignoring
PluginManager::Manager: duplicate static plugin BasisImporter, ignoring
PluginManager::Manager: duplicate static plugin AssimpImporter, ignoring
PluginManager::Manager: duplicate static plugin AnySceneImporter, ignoring
PluginManager::Manager: duplicate static plugin AnyImageImporter, ignoring
episode=1441 instruction='Around the bed. Into the room on the right. Wait.' start_position=[5.659669876098633, 3.5271100997924805, 0.9912729859352112] goal_position=[4.126510143280029, 3.5271100997924805, 4.492459774017334] reference_geodesic=5.877878189086914
episode=1441 prepared_subgoals=3
  [1] Walk around the bed
      proof: The bed is fully passed and the camera is facing the wall opposite the bed.
  [2] Enter the room on the right
      proof: The camera has crossed the threshold and the room interior is central in the view.
  [3] Wait beside the destination
      proof: The camera is stationary beside the destination, with no movement detected
ep=1441 s=0 12111ms [sel=1957 cap=9680 rest=434] sg=1->1 mode=NONE win=1 obs=1 | cap=wip act=(320,360) d=2.85 a=3 | preview=view-/6 yaw=+0 render=40ms | sp=frontier:active d=2.9 age=0 som=2/5 dtg=5.88 region=1_21
ep=1441 s=1 5674ms [sel=6 cap=5574 rest=94] sg=1->1 mode=NONE win=2 obs=2 | cap=wip act=(320,360) d=2.85 a=3 | sp=frontier:active d=2.9 age=1 dtg=5.88 region=1_21
ep=1441 s=2 5946ms [sel=6 cap=5851 rest=90] sg=1->1 mode=NONE win=3 obs=3 | cap=wip act=(320,360) d=2.85 a=3 | sp=frontier:active d=2.9 age=2 dtg=5.88 region=1_21
ep=1441 s=3 6481ms [sel=8 cap=6371 rest=103] sg=1->1 mode=NONE win=4 obs=4 | cap=wip act=(320,360) d=2.85 a=3 | sp=frontier:active d=2.9 age=3 dtg=5.88 region=1_21
ep=1441 s=4 6427ms [sel=7 cap=6321 rest=99] sg=1->1 mode=NONE win=5 obs=5 | cap=wip act=(320,360) d=2.85 a=3 | sp=frontier:active d=2.9 age=4 dtg=5.88 region=1_21
ep=1441 s=5 7261ms [sel=6 cap=7146 rest=109] sg=1->1 mode=NONE win=6 obs=6 | cap=wip act=(320,360) d=2.85 a=3 | sp=frontier:active d=2.9 age=5 dtg=5.88 region=1_21
ep=1441 s=6 6226ms [sel=16 cap=6099 rest=112] sg=1->1 mode=NONE win=7 obs=7 | cap=wip act=(320,360) d=2.85 a=3 | sp=frontier:active d=2.9 age=6 dtg=5.88 region=1_21
ep=1441 s=7 6976ms [sel=4 cap=6855 rest=117] sg=1->1 mode=NONE win=8 obs=8 | cap=wip act=(320,360) d=2.85 a=3 | sp=frontier:active d=2.9 age=7 dtg=5.88 region=1_21
ep=1441 s=8 6632ms [sel=10 cap=6506 rest=116] sg=1->1 mode=NONE win=8 obs=9 | cap=wip act=(320,360) d=2.85 a=1 | sp=frontier:active d=2.9 age=8 dtg=5.70 region=1_21
ep=1441 s=9 5781ms [sel=10 cap=5657 rest=114] sg=1->1 mode=NONE win=8 obs=10 | cap=wip act=(320,360) d=3.08 a=1 | sp=frontier:active d=3.1 age=9 dtg=5.56 region=1_21
ep=1441 s=10 7653ms [sel=20 cap=7520 rest=113] sg=1->1 mode=NONE win=8 obs=11 | cap=wip act=(320,360) d=3.32 a=1 | sp=frontier:active d=3.3 age=10 dtg=5.46 region=1_21
ep=1441 s=11 6890ms [sel=10 cap=6767 rest=113] sg=1->1 mode=NONE win=8 obs=12 | cap=wip act=(320,360) d=3.56 a=1 | sp=frontier:active d=3.6 age=11 dtg=5.41 region=1_21
ep=1441 s=12 17513ms [sel=40 cap=17358 rest=114] sg=1->2 mode=NONE win=8 obs=13 | cap=DONE act=(320,360) d=3.07 a=1 | sp=frontier:active d=3.1 age=0 dtg=5.41 region=1_21
ep=1441 s=13 7980ms [sel=3 cap=7863 rest=114] sg=2->2 mode=NONE win=8 obs=14 | cap=wip act=(320,360) d=2.82 a=1 | sp=frontier:active d=2.8 age=1 dtg=5.44 region=1_21
ep=1441 s=14 6793ms [sel=3 cap=6676 rest=113] sg=2->2 mode=NONE win=8 obs=15 | cap=wip act=(320,360) d=2.57 a=2 | sp=frontier:active d=2.6 age=2 dtg=5.44 region=1_21
ep=1441 s=15 9470ms [sel=4 cap=9355 rest=111] sg=2->2 mode=NONE win=8 obs=16 | cap=wip act=(320,360) d=2.57 a=1 | sp=frontier:active d=2.6 age=3 dtg=5.59 region=1_21
ep=1441 s=16 9975ms [sel=3 cap=9863 rest=108] sg=2->2 mode=NONE win=8 obs=17 | cap=wip act=(320,360) d=2.33 a=1 | sp=frontier:active d=2.3 age=4 dtg=5.80 region=1_21
ep=1441 s=17 9766ms [sel=3 cap=9653 rest=111] sg=2->2 mode=NONE win=8 obs=18 | cap=wip act=(320,360) d=2.08 a=1 | sp=frontier:active d=2.1 age=5 dtg=6.02 region=1_21
ep=1441 s=18 9764ms [sel=3 cap=9640 rest=120] sg=2->2 mode=NONE win=8 obs=19 | cap=wip act=(320,360) d=1.83 a=1 | sp=frontier:active d=1.8 age=6 dtg=6.26 region=1_21
ep=1441 s=19 4158ms [sel=4 cap=4037 rest=118] sg=2->2 mode=NONE win=8 obs=20 | cap=wip act=(320,360) d=1.59 a=3 | sp=frontier:active d=1.6 age=7 dtg=6.26 region=1_21
ep=1441 s=20 7613ms [sel=4 cap=7480 rest=130] sg=2->2 mode=NONE win=8 obs=21 | cap=wip act=(320,360) d=1.59 a=1 | sp=frontier:active d=1.6 age=8 dtg=6.25 region=1_21
ep=1441 s=21 7164ms [sel=3 cap=7047 rest=114] sg=2->2 mode=NONE win=8 obs=22 | cap=wip act=(320,360) d=1.34 a=1 | sp=frontier:active d=1.3 age=9 dtg=6.32 region=1_21
ep=1441 s=22 7148ms [sel=3 cap=7034 rest=111] sg=2->2 mode=NONE win=8 obs=23 | cap=wip act=(320,360) d=1.09 a=1 | sp=frontier:active d=1.1 age=10 dtg=6.42 region=1_21
ep=1441 s=23 7451ms [sel=3 cap=6924 rest=482] sg=2->2 mode=NONE win=8 obs=24 | cap=wip act=(320,360) d=0.84 a=1 | preview=view-/6 yaw=+0 render=42ms | sp=frontier:active d=0.8 age=11 dtg=6.55 region=1_21
ep=1441 s=24 4621ms [sel=1887 cap=2630 rest=105] sg=2->2 mode=NONE win=8 obs=25 | cap=wip act=(320,360) d=3.22 a=1 | sp=som:active d=3.2 age=0 som=5/8 dtg=6.71 region=1_21
ep=1441 s=25 3911ms [sel=4 cap=3775 rest=133] sg=2->2 mode=NONE win=8 obs=26 | cap=wip act=(320,360) d=2.98 a=3 | sp=som:active d=3.0 age=1 dtg=6.71 region=1_21
ep=1441 s=26 3797ms [sel=3 cap=3692 rest=102] sg=2->2 mode=NONE win=8 obs=27 | cap=wip act=(320,360) d=2.98 a=1 | sp=som:active d=3.0 age=2 dtg=6.82 region=1_21
ep=1441 s=27 5708ms [sel=4 cap=5606 rest=98] sg=2->2 mode=NONE win=8 obs=28 | cap=wip act=(320,360) d=2.73 a=1 | sp=som:active d=2.7 age=3 dtg=6.96 region=1_21
ep=1441 s=28 7407ms [sel=3 cap=7300 rest=104] sg=2->2 mode=NONE win=8 obs=29 | cap=wip act=(320,360) d=2.48 a=1 | sp=som:active d=2.5 age=4 dtg=7.10 region=1_21
ep=1441 s=29 8074ms [sel=3 cap=7971 rest=100] sg=2->2 mode=NONE win=8 obs=30 | cap=wip act=(320,360) d=2.23 a=1 | sp=som:active d=2.2 age=5 dtg=7.26 region=1_21
ep=1441 s=30 7282ms [sel=4 cap=7181 rest=97] sg=2->2 mode=NONE win=8 obs=31 | cap=wip act=(320,360) d=1.98 a=1 | sp=som:active d=2.0 age=6 dtg=7.42 region=1_21
ep=1441 s=31 9110ms [sel=3 cap=9008 rest=98] sg=2->2 mode=NONE win=8 obs=32 | cap=wip act=(320,360) d=1.73 a=1 | sp=som:active d=1.7 age=7 dtg=7.60 region=1_21
ep=1441 s=32 8168ms [sel=8 cap=8065 rest=96] sg=2->2 mode=NONE win=8 obs=33 | cap=wip act=(320,360) d=1.48 a=1 | sp=som:active d=1.5 age=8 dtg=7.80 region=1_19
ep=1441 s=33 9692ms [sel=3 cap=9589 rest=100] sg=2->2 mode=NONE win=8 obs=34 | cap=wip act=(320,360) d=1.23 a=1 | sp=som:active d=1.2 age=9 dtg=8.01 region=1_19
ep=1441 s=34 5277ms [sel=4 cap=5174 rest=99] sg=2->2 mode=NONE win=8 obs=35 | cap=wip act=(320,360) d=0.98 a=1 | sp=som:active d=1.0 age=10 dtg=8.23 region=1_19
ep=1441 s=35 9104ms [sel=4 cap=8989 rest=111] sg=2->2 mode=NONE win=8 obs=36 | cap=wip act=(320,360) d=0.74 a=1 | sp=som:active d=0.7 age=11 dtg=8.46 region=1_19
ep=1441 s=36 8818ms [sel=2492 cap=6211 rest=116] sg=2->3 mode=NONE win=8 obs=37 | cap=DONE act=(320,360) d=1.12 a=1 | sp=som:active d=1.1 age=0 som=4/7 dtg=8.70 region=1_19
ep=1441 s=37 6442ms [sel=3 cap=6329 rest=110] sg=3->3 mode=NONE win=8 obs=38 | cap=wip act=(320,360) d=0.87 a=1 | sp=som:active d=0.9 age=1 dtg=8.94 region=1_19
ep=1441 s=38 14648ms [sel=3 cap=14143 rest=465] sg=3->3 mode=NONE win=8 obs=39 | cap=wip act=(320,360) d=0.63 a=1 | preview=view-/6 yaw=+0 render=37ms | sp=som:active d=0.6 age=2 dtg=9.18 region=1_19
ep=1441 s=39 12700ms [sel=3087 cap=9502 rest=111] sg=3->3 mode=NONE win=8 obs=40 | cap=wip act=(320,360) d=3.41 a=2 | sp=frontier:active d=3.4 age=0 som=5/8 dtg=9.18 region=1_19
ep=1441 s=40 10291ms [sel=10 cap=10172 rest=109] sg=3->3 mode=NONE win=8 obs=41 | cap=wip act=(320,360) d=3.41 a=2 | sp=frontier:active d=3.4 age=1 dtg=9.18 region=1_19
ep=1441 s=41 19281ms [sel=10 cap=18760 rest=474] sg=3->3 mode=NONE win=8 obs=42 | cap=wip act=(320,360) d=3.41 a=1 | preview=view-/6 yaw=+0 render=37ms | sp=frontier:active d=3.4 age=2 dtg=9.42 region=1_19
ep=1441 s=42 10939ms [sel=10 cap=10819 rest=110] sg=3->3 mode=NONE win=8 obs=43 | cap=wip act=(320,360) d=3.18 a=1 | sp=frontier:active d=3.2 age=3 dtg=9.66 region=1_19
ep=1441 s=43 9622ms [sel=9 cap=9497 rest=115] sg=3->3 mode=NONE win=8 obs=44 | cap=wip act=(320,360) d=2.95 a=1 | sp=frontier:active d=3.0 age=4 dtg=9.91 region=1_19
ep=1441 s=44 16321ms [sel=9 cap=15774 rest=501] sg=3->3 mode=NONE win=8 obs=45 | cap=wip act=(320,360) d=2.73 a=1 | preview=view-/6 yaw=+0 render=37ms | sp=frontier:active d=2.7 age=5 dtg=10.15 region=1_19
ep=1441 s=45 9105ms [sel=6 cap=8983 rest=115] sg=3->3 mode=NONE win=8 obs=46 | cap=wip act=(320,360) d=2.51 a=1 | sp=frontier:active d=2.5 age=6 dtg=10.40 region=1_19
ep=1441 s=46 6543ms [sel=3 cap=6429 rest=110] sg=3->3 mode=NONE win=8 obs=47 | cap=wip act=(320,360) d=2.29 a=3 | sp=frontier:active d=2.3 age=7 dtg=10.40 region=1_19
ep=1441 s=47 12444ms [sel=3 cap=11914 rest=488] sg=3->3 mode=NONE win=8 obs=48 | cap=wip act=(320,360) d=2.29 a=1 | preview=view-/6 yaw=+0 render=39ms | sp=frontier:active d=2.3 age=8 dtg=10.65 region=1_19
ep=1441 s=48 5913ms [sel=3 cap=5799 rest=111] sg=3->3 mode=NONE win=8 obs=49 | cap=wip act=(320,360) d=2.06 a=1 | sp=frontier:active d=2.1 age=9 dtg=10.90 region=1_19
ep=1441 s=49 5722ms [sel=4 cap=5608 rest=110] sg=3->3 mode=NONE win=8 obs=50 | cap=wip act=(320,360) d=1.82 a=3 | sp=frontier:active d=1.8 age=10 dtg=10.90 region=1_19
ep=1441 s=50 16431ms [sel=3 cap=15944 rest=443] sg=3->3 mode=NONE win=8 obs=51 | cap=wip act=(320,360) d=1.82 a=1 | preview=view-/6 yaw=+0 render=42ms | sp=frontier:active d=1.8 age=11 dtg=11.13 region=1_19
ep=1441 s=51 5681ms [sel=3 cap=5566 rest=112] sg=3->3 mode=NONE win=8 obs=52 | cap=wip act=(320,360) d=1.58 a=1 | sp=frontier:active d=1.6 age=12 dtg=11.37 region=1_19
ep=1441 s=52 8223ms [sel=2096 cap=6009 rest=118] sg=3->3 mode=NONE win=8 obs=53 | cap=wip act=(320,360) d=1.89 a=3 | sp=som:active d=1.9 age=0 som=5/8 dtg=11.37 region=1_19
ep=1441 s=53 13013ms [sel=4 cap=12489 rest=479] sg=3->3 mode=NONE win=8 obs=54 | cap=wip act=(320,360) d=1.89 a=1 | preview=view-/6 yaw=+0 render=41ms | sp=som:active d=1.9 age=1 dtg=11.60 region=1_19
ep=1441 s=54 8784ms [sel=3 cap=8660 rest=122] sg=3->3 mode=NONE win=8 obs=55 | cap=wip act=(320,360) d=1.66 a=3 | sp=som:active d=1.7 age=2 dtg=11.60 region=1_19
ep=1441 s=55 7732ms [sel=3 cap=7605 rest=123] sg=3->3 mode=NONE win=8 obs=56 | cap=wip act=(320,360) d=1.66 a=1 | sp=som:active d=1.7 age=3 dtg=11.80 region=1_19
ep=1441 s=56 16045ms [sel=3 cap=15507 rest=498] sg=3->3 mode=NONE win=8 obs=57 | cap=wip act=(320,360) d=1.42 a=1 | preview=view-/6 yaw=+0 render=38ms | sp=som:active d=1.4 age=4 dtg=12.02 region=1_19
ep=1441 s=57 7460ms [sel=3 cap=7335 rest=121] sg=3->3 mode=NONE win=8 obs=58 | cap=wip act=(320,360) d=1.17 a=1 | sp=som:active d=1.2 age=5 dtg=12.25 region=1_19
ep=1441 s=58 6572ms [sel=3 cap=6448 rest=121] sg=3->3 mode=NONE win=8 obs=59 | cap=wip act=(320,360) d=0.93 a=1 | sp=som:active d=0.9 age=6 dtg=12.48 region=1_19
ep=1441 s=59 6711ms [sel=3 cap=6591 rest=118] sg=3->3 mode=NONE win=8 obs=60 | cap=wip act=(320,360) d=0.69 a=3 | sp=som:active d=0.7 age=7 dtg=12.48 region=1_19
ep=1441 s=60 8672ms [sel=3 cap=8545 rest=123] sg=3->3 mode=NONE win=8 obs=61 | cap=wip act=(320,360) d=0.69 a=1 | sp=som:active d=0.7 age=8 dtg=12.70 region=1_19
ep=1441 s=61 16336ms [sel=96 cap=15700 rest=498] sg=3->3 mode=NONE win=8 obs=62 | cap=wip act=(320,360) d=3.28 a=2 | preview=view-/6 yaw=+0 render=43ms | sp=frontier:active d=3.3 age=0 dtg=12.70 region=1_19
ep=1441 s=62 11532ms [sel=29 cap=11382 rest=121] sg=3->3 mode=NONE win=8 obs=63 | cap=wip act=(320,360) d=3.28 a=2 | sp=frontier:active d=3.3 age=1 dtg=12.70 region=1_19
ep=1441 s=63 12202ms [sel=28 cap=12052 rest=122] sg=3->3 mode=NONE win=8 obs=64 | cap=wip act=(320,360) d=3.28 a=2 | sp=frontier:active d=3.3 age=2 dtg=12.70 region=1_19
ep=1441 s=64 14684ms [sel=29 cap=14103 rest=506] sg=3->3 mode=NONE win=8 obs=65 | cap=wip act=(320,360) d=3.28 a=1 | preview=view-/6 yaw=+0 render=46ms | sp=frontier:active d=3.3 age=3 dtg=12.94 region=1_19
ep=1441 s=65 9384ms [sel=41 cap=9212 rest=131] sg=3->3 mode=NONE win=8 obs=66 | cap=wip act=(320,360) d=3.03 a=1 | sp=frontier:active d=3.0 age=4 dtg=13.18 region=1_19
ep=1441 s=66 4806ms [sel=42 cap=4646 rest=118] sg=3->3 mode=NONE win=8 obs=67 | cap=wip act=(320,360) d=2.79 a=2 | sp=frontier:active d=2.8 age=5 dtg=13.18 region=1_19
ep=1441 s=67 21287ms [sel=31 cap=20731 rest=488] sg=3->3 mode=NONE win=8 obs=68 | cap=wip act=(320,360) d=2.79 a=1 | preview=view-/6 yaw=+0 render=37ms | sp=frontier:active d=2.8 age=6 dtg=13.40 region=1_19
ep=1441 s=68 14586ms [sel=29 cap=14443 rest=114] sg=3->3 mode=NONE win=8 obs=69 | cap=wip act=(320,360) d=2.54 a=2 | sp=frontier:active d=2.5 age=7 dtg=13.40 region=1_19
ep=1441 s=69 15428ms [sel=31 cap=15287 rest=111] sg=3->3 mode=NONE win=8 obs=70 | cap=wip act=(320,360) d=2.54 a=1 | sp=frontier:active d=2.5 age=8 dtg=13.60 region=1_19
ep=1441 s=70 14793ms [sel=24 cap=14236 rest=498] sg=3->3 mode=NONE win=8 obs=71 | cap=wip act=(320,360) d=2.31 a=1 | preview=view-/6 yaw=+0 render=36ms | sp=frontier:active d=2.3 age=9 dtg=13.80 region=1_19
ep=1441 s=71 15798ms [sel=35 cap=15646 rest=117] sg=3->3 mode=NONE win=8 obs=72 | cap=wip act=(320,360) d=2.08 a=1 | sp=frontier:active d=2.1 age=10 dtg=14.01 region=1_19
ep=1441 s=72 8857ms [sel=24 cap=8715 rest=118] sg=3->3 mode=NONE win=8 obs=73 | cap=wip act=(320,360) d=1.86 a=1 | sp=frontier:active d=1.9 age=11 dtg=14.23 region=0_28
ep=1441 s=73 18991ms [sel=23 cap=18450 rest=481] sg=3->3 mode=NONE win=8 obs=74 | cap=wip act=(320,360) d=1.65 a=1 | preview=view-/6 yaw=+0 render=36ms | sp=frontier:active d=1.6 age=12 dtg=14.45 region=0_28
ep=1441 s=74 11174ms [sel=23 cap=11049 rest=102] sg=3->3 mode=NONE win=8 obs=75 | cap=wip act=(320,360) d=1.45 a=2 | sp=frontier:active d=1.4 age=13 dtg=14.45 region=0_28
ep=1441 s=75 11827ms [sel=23 cap=11697 rest=107] sg=3->3 mode=NONE win=8 obs=76 | cap=wip act=(320,360) d=1.45 a=1 | sp=frontier:active d=1.4 age=14 dtg=14.64 region=0_28
ep=1441 s=76 23167ms [sel=24 cap=22657 rest=447] sg=3->3 mode=NONE win=8 obs=77 | cap=wip act=(320,360) d=1.32 a=2 | preview=view-/6 yaw=+0 render=38ms | sp=frontier:active d=1.3 age=15 dtg=14.64 region=0_28
ep=1441 s=77 10511ms [sel=24 cap=10381 rest=106] sg=3->3 mode=NONE win=8 obs=78 | cap=wip act=(320,360) d=1.32 a=1 | sp=frontier:active d=1.3 age=16 dtg=14.79 region=0_28
ep=1441 s=78 11368ms [sel=12 cap=11246 rest=110] sg=3->3 mode=NONE win=8 obs=79 | cap=wip act=(320,360) d=1.29 a=1 | sp=frontier:active d=1.3 age=17 dtg=14.95 region=0_28
ep=1441 s=79 21106ms [sel=12 cap=20624 rest=431] sg=3->3 mode=NONE win=8 obs=80 | cap=wip act=(320,360) d=1.32 a=1 | preview=view-/6 yaw=+0 render=39ms | sp=frontier:active d=1.3 age=18 dtg=15.11 region=0_28
ep=1441 s=80 12391ms [sel=4 cap=12273 rest=114] sg=3->3 mode=NONE win=8 obs=81 | cap=wip act=(320,360) d=1.38 a=1 | sp=frontier:active d=1.4 age=19 dtg=15.31 region=0_28
ep=1441 s=81 8656ms [sel=4 cap=8535 rest=117] sg=3->3 mode=NONE win=8 obs=82 | cap=wip act=(320,360) d=1.49 a=1 | sp=frontier:active d=1.5 age=20 dtg=15.53 region=0_28
ep=1441 s=82 20476ms [sel=31 cap=19896 rest=512] sg=3->3 mode=NONE win=8 obs=83 | cap=wip act=(320,360) d=1.63 a=1 | preview=view-/6 yaw=+0 render=37ms | sp=frontier:active d=1.6 age=21 dtg=15.76 region=0_28
ep=1441 s=83 13459ms [sel=61 cap=13283 rest=116] sg=3->3 mode=NONE win=8 obs=84 | cap=wip act=(320,360) d=3.31 a=1 | sp=frontier:active d=3.3 age=0 dtg=16.00 region=0_28
ep=1441 s=84 12730ms [sel=3 cap=12610 rest=116] sg=3->3 mode=NONE win=8 obs=85 | cap=wip act=(320,360) d=3.07 a=1 | sp=frontier:active d=3.1 age=1 dtg=16.23 region=0_28
ep=1441 s=85 19245ms [sel=3 cap=18702 rest=504] sg=3->3 mode=NONE win=8 obs=86 | cap=wip act=(320,360) d=2.83 a=1 | preview=view-/6 yaw=+0 render=35ms | sp=frontier:active d=2.8 age=2 dtg=16.48 region=0_28
ep=1441 s=86 20171ms [sel=3 cap=20057 rest=111] sg=3->3 mode=NONE win=8 obs=87 | cap=wip act=(320,360) d=2.59 a=1 | sp=frontier:active d=2.6 age=3 dtg=16.72 region=0_28
ep=1441 s=87 15571ms [sel=3 cap=15456 rest=112] sg=3->3 mode=NONE win=8 obs=88 | cap=wip act=(320,360) d=2.35 a=1 | sp=frontier:active d=2.4 age=4 dtg=16.97 region=0_28
ep=1441 s=88 13473ms [sel=5 cap=12936 rest=491] sg=3->None mode=NONE win=8 obs=89 | cap=DONE act=(320,360) d=1.00 a=1 | preview=view-/6 yaw=+0 render=40ms | sp=frontier:active d=2.1 age=5 door_evts=3 dtg=17.21 region=0_28
ep=1441 s=89 108ms [sel=4 cap=0 rest=104] sg=None->None mode=NONE win=8 obs=90 | cap=- act=(320,360) d=1.00 a=1 | sp=frontier:active d=1.9 age=6 door_evts=3 dtg=17.46 region=0_28
ep=1441 s=90 105ms [sel=5 cap=0 rest=100] sg=None->None mode=NONE win=8 obs=91 | cap=- act=(320,360) d=1.00 a=1 | sp=frontier:active d=1.7 age=7 door_evts=3 dtg=17.71 region=0_28
ep=1441 s=91 97ms [sel=0 cap=0 rest=97] sg=None->None mode=NONE win=8 obs=92 | cap=- act=STOP | sp=frontier:active d=1.5 age=8 door_evts=3 dtg=17.71 region=0_28
rank=2 [14/16] id=1441 steps=92 success=0.000 spl=0.000 dtg=17.71 osr=0 path_length=16.52 ndtw=0.001 sdtw=0.000
PluginManager::Manager: duplicate static plugin StbImageImporter, ignoring
PluginManager::Manager: duplicate static plugin GltfImporter, ignoring
PluginManager::Manager: duplicate static plugin BasisImporter, ignoring
PluginManager::Manager: duplicate static plugin AssimpImporter, ignoring
PluginManager::Manager: duplicate static plugin AnySceneImporter, ignoring
PluginManager::Manager: duplicate static plugin AnyImageImporter, ignoring
episode=1503 instruction='Into the bedroom. Right. To the right of the mirrored closet. Halt in the hallway.' start_position=[13.347900390625, 0.17162801325321198, -6.710259914398193] goal_position=[12.57610034942627, 0.17162801325321198, -4.270150184631348] reference_geodesic=7.579171180725098
episode=1503 prepared_subgoals=3
  [1] Enter the bedroom
      proof: The camera has crossed the bedroom threshold and the bedroom interior is central in the view.
  [2] Turn right until the right of the mirrored closet is centered ahead, then walk to the right of the mirrored closet
      proof: The mirrored closet is directly beside or ahead of the camera, within a step.
  [3] Halt in the hallway
      proof: The camera is stopped beside the hallway wall, with the hallway extending ahead and the mirrored closet visible to the right
ep=1503 s=0 11581ms [sel=5 cap=11100 rest=434] sg=1->1 mode=NONE win=1 obs=1 | cap=wip act=PREVIEW a=2 | preview=view3/6 yaw=+45 render=41ms dtg=7.58 region=0_6
ep=1503 s=1 8280ms [sel=3531 cap=4662 rest=87] sg=1->1 mode=NONE win=2 obs=2 | cap=wip act=(320,360) d=1.19 a=2 | sp=som:active d=1.2 age=0 som=2/4 dtg=7.58 region=0_6
ep=1503 s=2 5534ms [sel=8 cap=5431 rest=95] sg=1->1 mode=NONE win=3 obs=3 | cap=wip act=(320,360) d=1.19 a=1 | sp=som:active d=1.2 age=1 dtg=7.57 region=0_6
ep=1503 s=3 5272ms [sel=8 cap=5177 rest=86] sg=1->1 mode=NONE win=4 obs=4 | cap=wip act=(320,360) d=0.97 a=1 | sp=som:active d=1.0 age=2 dtg=7.61 region=0_8
ep=1503 s=4 10598ms [sel=6 cap=10514 rest=78] sg=1->1 mode=GET_NOWHERE win=5 obs=5 | cap=wip/GET_NOWHERE act=(320,360) d=0.78 a=3 | sp=som:active d=0.8 age=3 dtg=7.61 region=0_8
ep=1503 s=5 9645ms [sel=5 cap=9555 rest=85] sg=1->1 mode=NONE win=6 obs=6 | cap=wip act=(320,360) d=0.78 a=1 | sp=som:active d=0.8 age=4 dtg=7.80 region=0_7
ep=1503 s=6 11989ms [sel=5 cap=11901 rest=83] sg=1->1 mode=NONE win=7 obs=7 | cap=wip act=(320,360) d=0.58 a=3 | sp=som:active d=0.6 age=5 dtg=7.80 region=0_7
ep=1503 s=7 9650ms [sel=0 cap=9237 rest=377] sg=1->2 mode=NONE win=8 obs=8 | cap=DONE act=TURN request=+45deg execute=+15deg x1 a=3 | preview=view-/6 yaw=+0 render=36ms | sp=som:active d=0.6 age=6 dtg=7.80 region=0_7
ep=1503 s=8 8466ms [sel=0 cap=8384 rest=82] sg=2->2 mode=NONE win=8 obs=9 | cap=wip act=TURN request=+45deg execute=+15deg x1 a=3 dtg=7.80 region=0_7
ep=1503 s=9 11876ms [sel=0 cap=11800 rest=76] sg=2->2 mode=NONE win=8 obs=10 | cap=wip act=TURN request=+45deg execute=+15deg x1 a=3 dtg=7.80 region=0_7
ep=1503 s=10 9055ms [sel=0 cap=8976 rest=79] sg=2->2 mode=NONE win=8 obs=11 | cap=wip act=TURN request=+45deg execute=+15deg x1 a=3 dtg=7.80 region=0_7
ep=1503 s=11 9567ms [sel=0 cap=9478 rest=88] sg=2->2 mode=NONE win=8 obs=12 | cap=wip act=TURN request=+45deg execute=+15deg x1 a=3 dtg=7.80 region=0_7
ep=1503 s=12 8312ms [sel=1856 cap=6364 rest=92] sg=2->2 mode=NONE win=8 obs=13 | cap=wip act=(320,360) d=1.60 a=3 | sp=som:active d=1.6 age=0 som=2/4 dtg=7.80 region=0_7
ep=1503 s=13 9117ms [sel=13 cap=8593 rest=448] sg=2->2 mode=NONE win=8 obs=14 | cap=wip act=(320,360) d=1.60 a=3 | preview=view-/6 yaw=+0 render=62ms | sp=som:active d=1.6 age=1 dtg=7.80 region=0_7
ep=1503 s=14 3840ms [sel=11 cap=3735 rest=93] sg=2->2 mode=NONE win=8 obs=15 | cap=wip act=(320,360) d=1.60 a=3 | sp=som:active d=1.6 age=2 dtg=7.80 region=0_7
ep=1503 s=15 11216ms [sel=6 cap=11092 rest=118] sg=2->2 mode=NONE win=8 obs=16 | cap=wip act=(320,360) d=1.60 a=3 | sp=som:active d=1.6 age=3 dtg=7.80 region=0_7
ep=1503 s=16 7057ms [sel=6 cap=6941 rest=110] sg=2->2 mode=GET_NOWHERE win=8 obs=17 | cap=wip/GET_NOWHERE act=(320,360) d=1.60 a=3 | sp=som:active d=1.6 age=4 dtg=7.80 region=0_7
ep=1503 s=17 9903ms [sel=6 cap=9801 rest=95] sg=2->2 mode=GET_NOWHERE win=8 obs=18 | cap=wip/GET_NOWHERE act=(320,360) d=1.60 a=1 | sp=som:active d=1.6 age=5 dtg=7.66 region=0_6
ep=1503 s=18 13478ms [sel=3 cap=13375 rest=100] sg=2->2 mode=NONE win=8 obs=19 | cap=wip act=(320,360) d=1.39 a=1 | sp=som:active d=1.4 age=6 dtg=7.63 region=0_6
ep=1503 s=19 6370ms [sel=4 cap=6245 rest=121] sg=2->2 mode=NONE win=8 obs=20 | cap=wip act=(320,360) d=1.19 a=1 | sp=som:active d=1.2 age=7 dtg=7.64 region=0_6
ep=1503 s=20 13937ms [sel=7 cap=13841 rest=89] sg=2->2 mode=NONE win=8 obs=21 | cap=wip act=(320,360) d=1.01 a=2 | sp=som:active d=1.0 age=8 dtg=7.64 region=0_6
ep=1503 s=21 8566ms [sel=3 cap=8465 rest=98] sg=2->2 mode=NONE win=8 obs=22 | cap=wip act=(320,360) d=1.01 a=2 | sp=som:active d=1.0 age=9 dtg=7.64 region=0_6
ep=1503 s=22 11977ms [sel=39 cap=11457 rest=446] sg=2->3 mode=NONE win=8 obs=23 | cap=DONE act=(320,360) d=2.22 a=3 | preview=view-/6 yaw=+0 render=34ms | sp=frontier:active d=2.2 age=0 dtg=7.64 region=0_6
ep=1503 s=23 15927ms [sel=22 cap=15808 rest=98] sg=3->3 mode=NONE win=8 obs=24 | cap=wip act=(320,360) d=2.22 a=3 | sp=frontier:active d=2.2 age=1 dtg=7.64 region=0_6
ep=1503 s=24 4534ms [sel=17 cap=4423 rest=94] sg=3->3 mode=NONE win=8 obs=25 | cap=wip act=(320,360) d=2.22 a=3 | sp=frontier:active d=2.2 age=2 dtg=7.64 region=0_6
ep=1503 s=25 12590ms [sel=16 cap=12106 rest=434] sg=3->3 mode=NONE win=8 obs=26 | cap=wip act=(320,360) d=2.22 a=3 | preview=view-/6 yaw=+0 render=35ms | sp=frontier:active d=2.2 age=3 dtg=7.64 region=0_6
ep=1503 s=26 10256ms [sel=12 cap=10147 rest=97] sg=3->3 mode=NONE win=8 obs=27 | cap=wip act=(320,360) d=2.22 a=3 | sp=frontier:active d=2.2 age=4 dtg=7.64 region=0_6
ep=1503 s=27 6023ms [sel=6 cap=5914 rest=103] sg=3->3 mode=NONE win=8 obs=28 | cap=wip act=(320,360) d=2.22 a=1 | sp=frontier:active d=2.2 age=5 dtg=7.50 region=0_6
ep=1503 s=28 18263ms [sel=7 cap=17749 rest=471] sg=3->3 mode=NONE win=8 obs=29 | cap=wip act=(320,360) d=2.04 a=3 | preview=view-/6 yaw=+0 render=36ms | sp=frontier:active d=2.0 age=6 dtg=7.50 region=0_6
ep=1503 s=29 10425ms [sel=3 cap=10316 rest=106] sg=3->3 mode=NONE win=8 obs=30 | cap=wip act=(320,360) d=2.04 a=1 | sp=frontier:active d=2.0 age=7 dtg=7.31 region=0_6
ep=1503 s=30 10717ms [sel=3 cap=10606 rest=109] sg=3->3 mode=NONE win=8 obs=31 | cap=wip act=(320,360) d=1.84 a=3 | sp=frontier:active d=1.8 age=8 dtg=7.31 region=0_6
ep=1503 s=31 18819ms [sel=3 cap=18340 rest=441] sg=3->3 mode=NONE win=8 obs=32 | cap=wip act=(320,360) d=1.84 a=1 | preview=view-/6 yaw=+0 render=35ms | sp=frontier:active d=1.8 age=9 dtg=7.10 region=0_6
ep=1503 s=32 3797ms [sel=3 cap=3694 rest=100] sg=3->3 mode=NONE win=8 obs=33 | cap=wip act=(320,360) d=1.61 a=3 | sp=frontier:active d=1.6 age=10 dtg=7.10 region=0_6
ep=1503 s=33 8217ms [sel=3 cap=8122 rest=92] sg=3->3 mode=NONE win=8 obs=34 | cap=wip act=(320,360) d=1.61 a=1 | sp=frontier:active d=1.6 age=11 dtg=6.87 region=0_6
ep=1503 s=34 20229ms [sel=3 cap=19762 rest=429] sg=3->3 mode=NONE win=8 obs=35 | cap=wip act=(320,360) d=1.37 a=1 | preview=view-/6 yaw=+0 render=35ms | sp=frontier:active d=1.4 age=12 dtg=6.64 region=0_6
ep=1503 s=35 11102ms [sel=3 cap=11006 rest=94] sg=3->3 mode=NONE win=8 obs=36 | cap=wip act=(320,360) d=1.13 a=1 | sp=frontier:active d=1.1 age=13 dtg=6.41 region=0_6
ep=1503 s=36 14703ms [sel=3 cap=14602 rest=98] sg=3->3 mode=NONE win=8 obs=37 | cap=wip act=(320,360) d=0.89 a=3 | sp=frontier:active d=0.9 age=14 dtg=6.41 region=0_6
ep=1503 s=37 19404ms [sel=3 cap=18940 rest=427] sg=3->3 mode=NONE win=8 obs=38 | cap=wip act=(320,360) d=0.89 a=1 | preview=view-/6 yaw=+0 render=34ms | sp=frontier:active d=0.9 age=15 dtg=6.18 region=0_6
ep=1503 s=38 26564ms [sel=3 cap=26442 rest=119] sg=3->3 mode=NONE win=8 obs=39 | cap=wip act=(320,360) d=0.64 a=1 | sp=frontier:active d=0.6 age=16 dtg=5.94 region=0_6
ep=1503 s=39 23643ms [sel=39 cap=23489 rest=114] sg=3->3 mode=NONE win=8 obs=40 | cap=wip act=(320,360) d=3.20 a=3 | sp=frontier:active d=3.2 age=0 dtg=5.94 region=0_6
ep=1503 s=40 18789ms [sel=9 cap=18316 rest=430] sg=3->3 mode=NONE win=8 obs=41 | cap=wip act=(320,360) d=3.20 a=1 | preview=view-/6 yaw=+0 render=34ms | sp=frontier:active d=3.2 age=1 dtg=5.70 region=0_6
ep=1503 s=41 9558ms [sel=8 cap=9426 rest=124] sg=3->3 mode=NONE win=8 obs=42 | cap=wip act=(320,360) d=2.95 a=1 | sp=frontier:active d=2.9 age=2 dtg=5.46 region=0_8
ep=1503 s=42 9791ms [sel=6 cap=9668 rest=116] sg=3->3 mode=NONE win=8 obs=43 | cap=wip act=(320,360) d=2.70 a=1 | sp=frontier:active d=2.7 age=3 dtg=5.24 region=0_8
ep=1503 s=43 18586ms [sel=7 cap=18021 rest=522] sg=3->3 mode=NONE win=8 obs=44 | cap=wip act=(320,360) d=2.45 a=3 | preview=view-/6 yaw=+0 render=36ms | sp=frontier:active d=2.5 age=4 dtg=5.24 region=0_8
ep=1503 s=44 11494ms [sel=6 cap=11376 rest=112] sg=3->3 mode=NONE win=8 obs=45 | cap=wip act=(320,360) d=2.45 a=1 | sp=frontier:active d=2.5 age=5 dtg=5.07 region=0_8
ep=1503 s=45 11003ms [sel=3 cap=10888 rest=112] sg=3->3 mode=NONE win=8 obs=46 | cap=wip act=(320,360) d=2.20 a=3 | sp=frontier:active d=2.2 age=6 dtg=5.07 region=0_8
ep=1503 s=46 22023ms [sel=3 cap=21489 rest=495] sg=3->3 mode=NONE win=8 obs=47 | cap=wip act=(320,360) d=2.20 a=1 | preview=view-/6 yaw=+0 render=36ms | sp=frontier:active d=2.2 age=7 dtg=4.87 region=0_8
ep=1503 s=47 15024ms [sel=3 cap=14906 rest=114] sg=3->3 mode=NONE win=8 obs=48 | cap=wip act=(320,360) d=1.98 a=1 | sp=frontier:active d=2.0 age=8 dtg=4.69 region=0_8
ep=1503 s=48 12732ms [sel=3 cap=12617 rest=111] sg=3->3 mode=NONE win=8 obs=49 | cap=wip act=(320,360) d=1.77 a=1 | sp=frontier:active d=1.8 age=9 dtg=4.53 region=0_8
ep=1503 s=49 14101ms [sel=5 cap=13574 rest=485] sg=3->None mode=NONE win=8 obs=50 | cap=DONE act=(320,360) d=1.00 a=1 | preview=view-/6 yaw=+0 render=36ms | sp=frontier:active d=1.6 age=10 door_evts=1 dtg=4.40 region=0_8
ep=1503 s=50 117ms [sel=5 cap=0 rest=112] sg=None->None mode=NONE win=8 obs=51 | cap=- act=(320,360) d=1.00 a=1 | sp=frontier:active d=1.4 age=11 door_evts=1 dtg=4.32 region=0_8
ep=1503 s=51 115ms [sel=4 cap=0 rest=111] sg=None->None mode=NONE win=8 obs=52 | cap=- act=(320,360) d=1.00 a=1 | sp=frontier:active d=1.2 age=12 door_evts=2 EVT=door@(16.2,-6.0)w1.10m@s48 dtg=4.30 region=0_8
ep=1503 s=52 109ms [sel=0 cap=0 rest=109] sg=None->None mode=NONE win=8 obs=53 | cap=- act=STOP | sp=frontier:stale d=1.1 age=13 door_evts=2 dtg=4.30 region=0_8
rank=2 [15/16] id=1503 steps=53 success=0.000 spl=0.000 dtg=4.30 osr=0 path_length=6.04 ndtw=0.653 sdtw=0.000
PluginManager::Manager: duplicate static plugin StbImageImporter, ignoring
PluginManager::Manager: duplicate static plugin GltfImporter, ignoring
PluginManager::Manager: duplicate static plugin BasisImporter, ignoring
PluginManager::Manager: duplicate static plugin AssimpImporter, ignoring
PluginManager::Manager: duplicate static plugin AnySceneImporter, ignoring
PluginManager::Manager: duplicate static plugin AnyImageImporter, ignoring
episode=1659 instruction='About-face. To the end of the ropes. Halt just past the white line.' start_position=[14.865799903869629, 0.20952606201171875, -13.741800308227539] goal_position=[6.830239772796631, 0.20952606201171875, -13.767000198364258] reference_geodesic=8.035599708557129
episode=1659 prepared_subgoals=3
  [1] About-face
      proof: The camera is now facing directly opposite its original direction, with the previous path visible behind.
  [2] Walk to the end of the ropes
      proof: The ropes are directly ahead and within a step; the end of the ropes is beside or centered in the view.
  [3] Halt just past the white line
      proof: The camera has passed the white line and is stopped beside it; the white line is behind and the area beyond it fills the view
ep=1659 s=0 16313ms [sel=0 cap=15770 rest=505] sg=1->1 mode=NONE win=1 obs=1 | cap=wip act=TURN request=-45deg execute=-15deg x1 a=2 | preview=view-/6 yaw=+0 render=38ms dtg=8.04 region=0_8
ep=1659 s=1 15545ms [sel=7088 cap=8335 rest=122] sg=1->2 mode=NONE win=2 obs=2 | cap=DONE act=(320,360) d=2.95 a=3 | sp=som:active d=3.0 age=0 som=4/8 dtg=8.04 region=0_8
ep=1659 s=2 4550ms [sel=3 cap=4427 rest=120] sg=2->2 mode=NONE win=3 obs=3 | cap=wip act=(320,360) d=2.95 a=1 | sp=som:active d=3.0 age=1 dtg=8.29 region=0_8
ep=1659 s=3 2296ms [sel=3 cap=2170 rest=122] sg=2->2 mode=NONE win=4 obs=4 | cap=wip act=(320,360) d=2.70 a=1 | sp=som:active d=2.7 age=2 dtg=8.54 region=0_8
ep=1659 s=4 8507ms [sel=3 cap=8381 rest=123] sg=2->2 mode=NONE win=5 obs=5 | cap=wip act=(320,360) d=2.45 a=1 | sp=som:active d=2.5 age=3 dtg=8.79 region=0_8
ep=1659 s=5 5288ms [sel=3 cap=5161 rest=124] sg=2->2 mode=NONE win=6 obs=6 | cap=wip act=(320,360) d=2.20 a=1 | sp=som:active d=2.2 age=4 dtg=9.04 region=0_8
ep=1659 s=6 10367ms [sel=3 cap=10239 rest=125] sg=2->2 mode=NONE win=7 obs=7 | cap=wip act=(320,360) d=1.95 a=1 | sp=som:active d=2.0 age=5 dtg=9.29 region=None
ep=1659 s=7 9977ms [sel=3 cap=9848 rest=126] sg=2->2 mode=NONE win=8 obs=8 | cap=wip act=(320,360) d=1.70 a=1 | sp=som:active d=1.7 age=6 dtg=9.54 region=0_10
ep=1659 s=8 3534ms [sel=3 cap=3402 rest=129] sg=2->2 mode=NONE win=8 obs=9 | cap=wip act=(320,360) d=1.45 a=1 | sp=som:active d=1.5 age=7 dtg=9.79 region=0_10
ep=1659 s=9 11177ms [sel=3 cap=11044 rest=130] sg=2->2 mode=NONE win=8 obs=10 | cap=wip act=(320,360) d=1.20 a=1 | sp=som:active d=1.2 age=8 dtg=10.04 region=0_10
ep=1659 s=10 8320ms [sel=3 cap=8187 rest=130] sg=2->2 mode=NONE win=8 obs=11 | cap=wip act=(320,360) d=0.95 a=1 | sp=som:active d=1.0 age=9 dtg=10.29 region=None
ep=1659 s=11 6424ms [sel=3 cap=6295 rest=126] sg=2->2 mode=NONE win=8 obs=12 | cap=wip act=(320,360) d=0.70 a=1 | sp=som:active d=0.7 age=10 dtg=10.54 region=0_7
ep=1659 s=12 8690ms [sel=1642 cap=6922 rest=126] sg=2->2 mode=NONE win=8 obs=13 | cap=wip act=(320,360) d=2.95 a=1 | sp=som:active d=3.0 age=0 som=2/8 dtg=10.79 region=0_7
ep=1659 s=13 7306ms [sel=3 cap=7179 rest=124] sg=2->2 mode=NONE win=8 obs=14 | cap=wip act=(320,360) d=2.70 a=1 | sp=som:active d=2.7 age=1 dtg=11.04 region=0_7
ep=1659 s=14 4216ms [sel=3 cap=4091 rest=123] sg=2->2 mode=NONE win=8 obs=15 | cap=wip act=(320,360) d=2.45 a=1 | sp=som:active d=2.5 age=2 dtg=11.29 region=0_7
ep=1659 s=15 9812ms [sel=3 cap=9683 rest=126] sg=2->2 mode=NONE win=8 obs=16 | cap=wip act=(320,360) d=2.20 a=1 | sp=som:active d=2.2 age=3 dtg=11.54 region=0_7
ep=1659 s=16 4911ms [sel=3 cap=4773 rest=135] sg=2->2 mode=NONE win=8 obs=17 | cap=wip act=(320,360) d=1.95 a=1 | sp=som:active d=2.0 age=4 dtg=11.79 region=0_7
ep=1659 s=17 4121ms [sel=3 cap=3992 rest=126] sg=2->2 mode=NONE win=8 obs=18 | cap=wip act=(320,360) d=1.70 a=1 | sp=som:active d=1.7 age=5 dtg=12.04 region=0_7
ep=1659 s=18 9001ms [sel=3 cap=8872 rest=126] sg=2->2 mode=NONE win=8 obs=19 | cap=wip act=(320,360) d=1.45 a=1 | sp=som:active d=1.5 age=6 dtg=12.29 region=0_7
ep=1659 s=19 5426ms [sel=3 cap=5300 rest=123] sg=2->2 mode=NONE win=8 obs=20 | cap=wip act=(320,360) d=1.20 a=1 | sp=som:active d=1.2 age=7 dtg=12.54 region=0_7
ep=1659 s=20 14654ms [sel=3 cap=14528 rest=123] sg=2->2 mode=NONE win=8 obs=21 | cap=wip act=(320,360) d=0.95 a=1 | sp=som:active d=1.0 age=8 dtg=12.79 region=0_7
ep=1659 s=21 5467ms [sel=3 cap=5343 rest=121] sg=2->2 mode=NONE win=8 obs=22 | cap=wip act=(320,360) d=0.70 a=1 | sp=som:active d=0.7 age=9 dtg=13.04 region=0_7
ep=1659 s=22 14620ms [sel=68 cap=14429 rest=123] sg=2->2 mode=NONE win=8 obs=23 | cap=wip act=(320,360) d=2.98 a=2 | sp=frontier:active d=3.0 age=0 dtg=13.04 region=0_7
ep=1659 s=23 8224ms [sel=4 cap=8096 rest=124] sg=2->2 mode=NONE win=8 obs=24 | cap=wip act=(320,360) d=2.98 a=1 | sp=frontier:active d=3.0 age=1 dtg=13.28 region=0_7
ep=1659 s=24 5441ms [sel=3 cap=5316 rest=122] sg=2->2 mode=NONE win=8 obs=25 | cap=wip act=(320,360) d=2.73 a=1 | sp=frontier:active d=2.7 age=2 dtg=13.52 region=0_7
ep=1659 s=25 7677ms [sel=4 cap=7550 rest=123] sg=2->2 mode=NONE win=8 obs=26 | cap=wip act=(320,360) d=2.49 a=1 | sp=frontier:active d=2.5 age=3 dtg=13.76 region=0_7
ep=1659 s=26 10307ms [sel=3 cap=10179 rest=125] sg=2->2 mode=NONE win=8 obs=27 | cap=wip act=(320,360) d=2.24 a=2 | sp=frontier:active d=2.2 age=4 dtg=13.76 region=0_7
ep=1659 s=27 3304ms [sel=3 cap=3144 rest=157] sg=2->2 mode=NONE win=8 obs=28 | cap=wip act=(320,360) d=2.24 a=1 | sp=frontier:active d=2.2 age=5 dtg=13.98 region=0_7
ep=1659 s=28 11914ms [sel=20 cap=11270 rest=553] sg=2->2 mode=NONE win=8 obs=29 | cap=wip act=(160,180) d=3.61 a=3 | preview=view4/6 yaw=+45 render=71ms | sp=preview:active d=3.6 age=0 dtg=13.98 region=0_7
ep=1659 s=29 5336ms [sel=3 cap=5206 rest=126] sg=2->2 mode=NONE win=8 obs=30 | cap=wip act=(320,360) d=3.61 a=1 | sp=preview:active d=3.6 age=1 dtg=14.22 region=0_7
ep=1659 s=30 10218ms [sel=3 cap=10086 rest=128] sg=2->2 mode=NONE win=8 obs=31 | cap=wip act=(320,360) d=3.37 a=3 | sp=preview:active d=3.4 age=2 dtg=14.22 region=0_7
ep=1659 s=31 17318ms [sel=3 cap=17189 rest=126] sg=2->2 mode=NONE win=8 obs=32 | cap=wip act=(320,360) d=3.37 a=1 | sp=preview:active d=3.4 age=3 dtg=14.47 region=0_7
ep=1659 s=32 3870ms [sel=4 cap=3738 rest=129] sg=2->2 mode=NONE win=8 obs=33 | cap=wip act=(320,360) d=3.12 a=1 | sp=preview:active d=3.1 age=4 dtg=14.72 region=0_7
ep=1659 s=33 6490ms [sel=3 cap=6361 rest=126] sg=2->2 mode=NONE win=8 obs=34 | cap=wip act=(320,360) d=2.87 a=1 | sp=preview:active d=2.9 age=5 dtg=14.97 region=0_7
ep=1659 s=34 6426ms [sel=3 cap=6295 rest=127] sg=2->2 mode=NONE win=8 obs=35 | cap=wip act=(320,360) d=2.62 a=1 | sp=preview:active d=2.6 age=6 dtg=15.22 region=0_7
ep=1659 s=35 7512ms [sel=3 cap=7389 rest=120] sg=2->2 mode=NONE win=8 obs=36 | cap=wip act=(320,360) d=2.37 a=1 | sp=preview:active d=2.4 age=7 dtg=15.47 region=0_7
ep=1659 s=36 9096ms [sel=3 cap=8952 rest=140] sg=2->2 mode=NONE win=8 obs=37 | cap=wip act=(320,360) d=2.12 a=1 | sp=preview:active d=2.1 age=8 dtg=15.72 region=0_7
ep=1659 s=37 9647ms [sel=3 cap=9520 rest=124] sg=2->2 mode=NONE win=8 obs=38 | cap=wip act=(320,360) d=1.87 a=1 | sp=preview:active d=1.9 age=9 dtg=15.97 region=0_7
ep=1659 s=38 9503ms [sel=3 cap=9379 rest=121] sg=2->2 mode=NONE win=8 obs=39 | cap=wip act=(320,360) d=1.62 a=1 | sp=preview:active d=1.6 age=10 dtg=16.22 region=0_7
ep=1659 s=39 6532ms [sel=3 cap=6410 rest=120] sg=2->2 mode=NONE win=8 obs=40 | cap=wip act=(320,360) d=1.37 a=1 | sp=preview:active d=1.4 age=11 dtg=16.47 region=0_7
ep=1659 s=40 9117ms [sel=2374 cap=6625 rest=118] sg=2->2 mode=NONE win=8 obs=41 | cap=wip act=(320,360) d=2.97 a=3 | sp=som:active d=3.0 age=0 som=2/6 dtg=16.47 region=0_7
ep=1659 s=41 10398ms [sel=3 cap=10275 rest=120] sg=2->2 mode=NONE win=8 obs=42 | cap=wip act=(320,360) d=2.97 a=1 | sp=som:active d=3.0 age=1 dtg=16.71 region=0_7
ep=1659 s=42 12000ms [sel=3 cap=11880 rest=118] sg=2->2 mode=NONE win=8 obs=43 | cap=wip act=(320,360) d=2.72 a=3 | sp=som:active d=2.7 age=2 dtg=16.71 region=0_7
ep=1659 s=43 5005ms [sel=4 cap=4883 rest=119] sg=2->2 mode=NONE win=8 obs=44 | cap=wip act=(320,360) d=2.72 a=1 | sp=som:active d=2.7 age=3 dtg=16.93 region=0_7
ep=1659 s=44 8844ms [sel=3 cap=8706 rest=135] sg=2->2 mode=NONE win=8 obs=45 | cap=wip act=(320,360) d=2.47 a=1 | sp=som:active d=2.5 age=4 dtg=17.14 region=0_7
ep=1659 s=45 4356ms [sel=3 cap=4226 rest=127] sg=2->2 mode=NONE win=8 obs=46 | cap=wip act=(320,360) d=2.23 a=2 | sp=som:active d=2.2 age=5 dtg=17.14 region=0_7
ep=1659 s=46 6189ms [sel=3 cap=6060 rest=126] sg=2->2 mode=NONE win=8 obs=47 | cap=wip act=(320,360) d=2.23 a=1 | sp=som:active d=2.2 age=6 dtg=17.38 region=None
ep=1659 s=47 8595ms [sel=2239 cap=6228 rest=128] sg=2->3 mode=NONE win=8 obs=48 | cap=DONE act=(320,360) d=2.13 a=2 | sp=frontier:active d=2.1 age=0 som=B/8 dtg=17.38 region=None
ep=1659 s=48 5171ms [sel=16 cap=5029 rest=126] sg=3->3 mode=NONE win=8 obs=49 | cap=wip act=(320,360) d=2.13 a=2 | sp=frontier:active d=2.1 age=1 dtg=17.38 region=None
ep=1659 s=49 16217ms [sel=16 cap=15645 rest=519] sg=3->3 mode=NONE win=8 obs=50 | cap=wip act=(320,360) d=2.13 a=2 | preview=view-/6 yaw=+0 render=37ms | sp=frontier:active d=2.1 age=2 dtg=17.38 region=None
ep=1659 s=50 17774ms [sel=17 cap=17626 rest=132] sg=3->3 mode=NONE win=8 obs=51 | cap=wip act=(320,360) d=2.13 a=2 | sp=frontier:active d=2.1 age=3 dtg=17.38 region=None
ep=1659 s=51 10193ms [sel=16 cap=10041 rest=135] sg=3->3 mode=NONE win=8 obs=52 | cap=wip act=(320,360) d=2.13 a=2 | sp=frontier:active d=2.1 age=4 dtg=17.38 region=None
ep=1659 s=52 13462ms [sel=17 cap=12878 rest=532] sg=3->3 mode=NONE win=8 obs=53 | cap=wip act=(320,360) d=2.13 a=2 | preview=view-/6 yaw=+0 render=36ms | sp=frontier:active d=2.1 age=5 dtg=17.38 region=None
ep=1659 s=53 26622ms [sel=16 cap=26469 rest=137] sg=3->3 mode=NONE win=8 obs=54 | cap=wip act=(320,360) d=2.13 a=2 | sp=frontier:active d=2.1 age=6 dtg=17.38 region=None
ep=1659 s=54 14905ms [sel=12 cap=14741 rest=152] sg=3->3 mode=NONE win=8 obs=55 | cap=wip act=(320,360) d=2.13 a=2 | sp=frontier:active d=2.1 age=7 dtg=17.38 region=None
ep=1659 s=55 16880ms [sel=7 cap=16285 rest=544] sg=3->3 mode=NONE win=8 obs=56 | cap=wip act=(320,360) d=2.13 a=2 | preview=view-/6 yaw=+0 render=44ms | sp=frontier:active d=2.1 age=8 dtg=17.38 region=None
ep=1659 s=56 6835ms [sel=3 cap=6698 rest=134] sg=3->3 mode=NONE win=8 obs=57 | cap=wip act=(320,360) d=2.13 a=1 | sp=frontier:active d=2.1 age=9 dtg=17.26 region=0_7
ep=1659 s=57 7726ms [sel=3 cap=7593 rest=130] sg=3->3 mode=NONE win=8 obs=58 | cap=wip act=(320,360) d=1.91 a=2 | sp=frontier:active d=1.9 age=10 dtg=17.26 region=0_7
ep=1659 s=58 18247ms [sel=5 cap=17683 rest=514] sg=3->None mode=NONE win=8 obs=59 | cap=DONE act=(320,360) d=1.00 a=1 | preview=view-/6 yaw=+0 render=45ms | sp=frontier:active d=1.9 age=11 dtg=17.09 region=0_7
ep=1659 s=59 128ms [sel=5 cap=0 rest=123] sg=None->None mode=NONE win=8 obs=60 | cap=- act=(320,360) d=1.00 a=1 | sp=frontier:active d=1.7 age=12 dtg=16.91 region=0_7
ep=1659 s=60 125ms [sel=5 cap=0 rest=120] sg=None->None mode=NONE win=8 obs=61 | cap=- act=(320,360) d=1.00 a=1 | sp=frontier:active d=1.4 age=13 dtg=16.74 region=0_7
ep=1659 s=61 120ms [sel=0 cap=0 rest=120] sg=None->None mode=NONE win=8 obs=62 | cap=- act=STOP | sp=frontier:active d=1.2 age=14 dtg=16.74 region=0_7
rank=2 [16/16] id=1659 steps=62 success=0.000 spl=0.000 dtg=16.74 osr=0 path_length=10.50 ndtw=0.028 sdtw=0.000
rank_summary={"count": 16, "rank": 2, "totals": {"distance_to_goal": 136.98127675056458, "ndtw": 4.631884864862208, "oracle_success": 4.0, "path_length": 286.7158448324209, "sdtw": 0.21472566533489745, "spl": 0.6585466389404973, "steps": 1957.0, "success": 2.0}}
