rank=1 physical_gpu=6 config=/data/pengyh/workspace/FreeAskAgent_R2R/outputs/para50b_20260926/freeask_config.yaml
Gym has been unmaintained since 2022 and does not support NumPy 2.0 amongst other critical functionality.
Please upgrade to Gymnasium, the maintained drop-in replacement of Gym, or contact the authors of your software and request that they upgrade.
See the migration guide at https://gymnasium.farama.org/introduction/migration_guide/ for additional information.
PluginManager::Manager: duplicate static plugin StbImageImporter, ignoring
PluginManager::Manager: duplicate static plugin GltfImporter, ignoring
PluginManager::Manager: duplicate static plugin BasisImporter, ignoring
PluginManager::Manager: duplicate static plugin AssimpImporter, ignoring
PluginManager::Manager: duplicate static plugin AnySceneImporter, ignoring
PluginManager::Manager: duplicate static plugin AnyImageImporter, ignoring
config: /data/pengyh/workspace/FreeAskAgent_R2R/outputs/para50b_20260926/freeask_config.yaml (defaults: actor, base_url, camera_height_m, camera_pitch_deg, depth_hfov, depth_max_m, depth_min_m, depth_normalize, forward_step_m, image_height, image_width, max_steps, model_path, preview_scale, preview_yaws, record_video, turn_angle_deg, waypoint_radius; env: CAPTIONER_COMPLETION_SCREEN, CAPTIONER_DECISION_BASE_URL, CAPTIONER_DECISION_MODEL, CAPTIONER_INFERENCE_ONLY_COMPLETION, CAPTIONER_OPENING_LOOK_AROUND, CAPTIONER_PREVIEW_BACKOFF_MAX_STEPS, CAPTIONER_PREVIEW_CANDIDATES, CAPTIONER_PREVIEW_GATE_BACKOFF_MAX_M, CAPTIONER_PREVIEW_GATE_BACKOFF_START_M, CAPTIONER_PREVIEW_GATE_FREE_RINGS, CAPTIONER_PREVIEW_GATE_MAX_SKIPS, CAPTIONER_PREVIEW_GATE_MIN_MOVE_M, CAPTIONER_PREVIEW_IDLE_LIMIT, CAPTIONER_PREVIEW_IDLE_RESET_M, CAPTIONER_PREVIEW_MIN_MOVE_M, CAPTIONER_PREVIEW_MIN_TURN_DEG, CAPTIONER_PREVIEW_MOVE_BACKOFF_MAX_M, CAPTIONER_STEP_DEADLINE_S, JOYAI_API_BASE, JOYAI_MODEL_NAME, VLLM_BASE_URL, VLN_ABLATE_SPATIAL, VLN_ABLATE_TEMPORAL, VLN_COMPACT_SUBGOALS, VLN_IMAGE_MAX_PIXELS, VLN_NAV_PARAMS, VLN_ROBOT_PARAMS, VLN_SOM, VLN_SPATIAL_MEMORY_PARAMS, VLN_STRUCTURED_VLM_MAX_TOKENS)
camera: 640x480 hfov=90 K=from-hfov distortion=none mount xyz=(0.0, 1.25, 0.0) rpy_deg=(0.0, -15.0, 0.0)
2026-09-26 10:01:43,554 Initializing dataset R2RVLN-v1
2026-09-26 10:01:43,560 initializing sim Sim-v0
PluginManager::Manager: duplicate static plugin StbImageImporter, ignoring
PluginManager::Manager: duplicate static plugin GltfImporter, ignoring
PluginManager::Manager: duplicate static plugin BasisImporter, ignoring
PluginManager::Manager: duplicate static plugin AssimpImporter, ignoring
PluginManager::Manager: duplicate static plugin AnySceneImporter, ignoring
PluginManager::Manager: duplicate static plugin AnyImageImporter, ignoring
2026-09-26 10:01:56,387 Initializing task VLN-v0
nDTW/SDTW on: 50 reference paths, fastdtw
PluginManager::Manager: duplicate static plugin StbImageImporter, ignoring
PluginManager::Manager: duplicate static plugin GltfImporter, ignoring
PluginManager::Manager: duplicate static plugin BasisImporter, ignoring
PluginManager::Manager: duplicate static plugin AssimpImporter, ignoring
PluginManager::Manager: duplicate static plugin AnySceneImporter, ignoring
PluginManager::Manager: duplicate static plugin AnyImageImporter, ignoring
episode=57 instruction="So turn left and walk across the kitchen hallway. When you get to a more open area, turn a bit to the right, and then walk on past the bedroom, and you'll stop in the door of the second bedroom." start_position=[12.461600303649902, 0.17162801325321198, -2.3902199268341064] goal_position=[0.3952139914035797, 0.17162801325321198, -5.582699775695801] reference_geodesic=12.97947883605957
episode=57 prepared_subgoals=3
  [1] Turn left until the across the kitchen hallway is centered ahead, then walk across the kitchen hallway
      proof: The end of the kitchen hallway is directly ahead and the open area is visible.
  [2] Turn a bit to the right, then walk past the bedroom
      proof: The bedroom has been passed and the second bedroom door is directly ahead.
  [3] Stop in front of the second bedroom door
      proof: The camera is stationary beside the second bedroom door, centered in view
ep=57 s=0 4525ms [sel=0 cap=3965 rest=522] sg=1->1 mode=NONE win=1 obs=1 | cap=wip act=TURN request=-45deg execute=-15deg x1 a=2 | preview=view-/6 yaw=+0 render=38ms dtg=12.98 region=0_19
ep=57 s=1 3494ms [sel=0 cap=3368 rest=126] sg=1->1 mode=IN_PLACE_SPIN win=2 obs=2 | cap=wip/IN_PLACE_SPIN act=TURN request=-45deg execute=-15deg x1 a=2 dtg=12.98 region=0_19
ep=57 s=2 3177ms [sel=0 cap=3077 rest=100] sg=1->1 mode=NONE win=3 obs=3 | cap=wip act=TURN request=-45deg execute=-15deg x1 a=2 dtg=12.98 region=0_19
ep=57 s=3 1669ms [sel=0 cap=1563 rest=106] sg=1->1 mode=NONE win=4 obs=4 | cap=wip act=TURN request=-45deg execute=-15deg x1 a=2 dtg=12.98 region=0_19
ep=57 s=4 4812ms [sel=2214 cap=2479 rest=119] sg=1->1 mode=NONE win=5 obs=5 | cap=wip act=(320,360) d=2.95 a=1 | sp=som:active d=3.0 age=0 som=3/8 dtg=12.73 region=0_19
ep=57 s=5 2496ms [sel=3 cap=2368 rest=125] sg=1->1 mode=NONE win=6 obs=6 | cap=wip act=(320,360) d=2.70 a=1 | sp=som:active d=2.7 age=1 dtg=12.48 region=0_19
ep=57 s=6 4085ms [sel=3 cap=3973 rest=110] sg=1->1 mode=NONE win=7 obs=7 | cap=wip act=(320,360) d=2.45 a=1 | sp=som:active d=2.5 age=2 dtg=12.23 region=0_19
ep=57 s=7 5415ms [sel=999 cap=4306 rest=111] sg=1->2 mode=NONE win=8 obs=8 | cap=DONE act=(320,360) d=1.50 a=1 | sp=som:active d=1.5 age=0 som=5/8 dtg=11.98 region=0_19
ep=57 s=8 3600ms [sel=3 cap=3489 rest=109] sg=2->2 mode=NONE win=8 obs=9 | cap=wip act=(320,360) d=1.25 a=1 | sp=som:active d=1.3 age=1 dtg=11.73 region=0_19
ep=57 s=9 3619ms [sel=3 cap=3510 rest=106] sg=2->2 mode=NONE win=8 obs=10 | cap=wip act=(320,360) d=1.00 a=1 | sp=som:active d=1.0 age=2 dtg=11.48 region=0_19
ep=57 s=10 5375ms [sel=3 cap=5266 rest=106] sg=2->2 mode=NONE win=8 obs=11 | cap=wip act=(320,360) d=0.75 a=1 | sp=som:active d=0.8 age=3 dtg=11.23 region=0_10
ep=57 s=11 4219ms [sel=3 cap=4115 rest=101] sg=2->2 mode=NONE win=8 obs=12 | cap=wip act=(320,360) d=0.50 a=1 | sp=som:active d=0.5 age=4 dtg=10.98 region=0_10
ep=57 s=12 6554ms [sel=1832 cap=4616 rest=106] sg=2->2 mode=NONE win=8 obs=13 | cap=wip act=(320,360) d=1.76 a=1 | sp=som:active d=1.8 age=0 som=5/8 dtg=10.73 region=0_10
ep=57 s=13 4233ms [sel=4 cap=4121 rest=109] sg=2->2 mode=NONE win=8 obs=14 | cap=wip act=(320,360) d=1.51 a=1 | sp=som:active d=1.5 age=1 dtg=10.48 region=0_10
ep=57 s=14 2807ms [sel=3 cap=2696 rest=108] sg=2->2 mode=NONE win=8 obs=15 | cap=wip act=(320,360) d=1.26 a=1 | sp=som:active d=1.3 age=2 dtg=10.23 region=0_10
ep=57 s=15 5315ms [sel=4 cap=5206 rest=105] sg=2->2 mode=NONE win=8 obs=16 | cap=wip act=(320,360) d=1.01 a=1 | sp=som:active d=1.0 age=3 dtg=9.98 region=0_10
ep=57 s=16 3518ms [sel=3 cap=3409 rest=106] sg=2->2 mode=NONE win=8 obs=17 | cap=wip act=(320,360) d=0.76 a=1 | sp=som:active d=0.8 age=4 dtg=9.73 region=0_10
ep=57 s=17 4823ms [sel=3 cap=4710 rest=110] sg=2->2 mode=NONE win=8 obs=18 | cap=wip act=(320,360) d=0.52 a=3 | sp=som:active d=0.5 age=5 dtg=9.73 region=0_10
ep=57 s=18 5710ms [sel=4 cap=5593 rest=113] sg=2->2 mode=NONE win=8 obs=19 | cap=wip act=(320,360) d=0.52 a=1 | sp=som:active d=0.5 age=6 dtg=9.49 region=0_10
ep=57 s=19 7062ms [sel=3920 cap=3033 rest=109] sg=2->2 mode=NONE win=8 obs=20 | cap=wip act=(320,360) d=0.56 a=2 | sp=som:active d=0.6 age=0 som=4/8 dtg=9.49 region=0_10
ep=57 s=20 5264ms [sel=3 cap=5158 rest=103] sg=2->2 mode=NONE win=8 obs=21 | cap=wip act=(320,360) d=0.56 a=1 | sp=som:active d=0.6 age=1 dtg=9.24 region=0_10
ep=57 s=21 7550ms [sel=1774 cap=5291 rest=450] sg=2->2 mode=NONE win=8 obs=22 | cap=wip act=(320,360) d=3.01 a=1 | preview=view-/6 yaw=+0 render=36ms | sp=som:active d=3.0 age=0 som=3/8 dtg=8.99 region=0_10
ep=57 s=22 6472ms [sel=3 cap=6354 rest=115] sg=2->2 mode=NONE win=8 obs=23 | cap=wip act=(320,360) d=2.76 a=1 | sp=som:active d=2.8 age=1 dtg=8.74 region=0_10
ep=57 s=23 7230ms [sel=3 cap=7116 rest=112] sg=2->2 mode=NONE win=8 obs=24 | cap=wip act=(320,360) d=2.51 a=1 | sp=som:active d=2.5 age=2 dtg=8.49 region=0_10
ep=57 s=24 7771ms [sel=3 cap=7653 rest=115] sg=2->2 mode=NONE win=8 obs=25 | cap=wip act=(320,360) d=2.26 a=1 | sp=som:active d=2.3 age=3 dtg=8.24 region=0_10
ep=57 s=25 3733ms [sel=3 cap=3614 rest=116] sg=2->2 mode=NONE win=8 obs=26 | cap=wip act=(320,360) d=2.01 a=1 | sp=som:active d=2.0 age=4 dtg=7.99 region=0_10
ep=57 s=26 3724ms [sel=4 cap=3585 rest=135] sg=2->2 mode=NONE win=8 obs=27 | cap=wip act=(320,360) d=1.76 a=1 | sp=som:active d=1.8 age=5 dtg=7.74 region=0_10
ep=57 s=27 4552ms [sel=4 cap=4434 rest=114] sg=2->2 mode=NONE win=8 obs=28 | cap=wip act=(320,360) d=1.51 a=1 | sp=som:active d=1.5 age=6 dtg=7.49 region=0_10
ep=57 s=28 4281ms [sel=4 cap=4167 rest=110] sg=2->2 mode=NONE win=8 obs=29 | cap=wip act=(320,360) d=1.26 a=1 | sp=som:active d=1.3 age=7 dtg=7.25 region=0_10
ep=57 s=29 8193ms [sel=3 cap=8080 rest=109] sg=2->2 mode=NONE win=8 obs=30 | cap=wip act=(320,360) d=1.01 a=1 | sp=som:active d=1.0 age=8 dtg=7.00 region=0_18
ep=57 s=30 5392ms [sel=3 cap=5285 rest=104] sg=2->2 mode=NONE win=8 obs=31 | cap=wip act=(320,360) d=0.76 a=1 | sp=som:active d=0.8 age=9 dtg=6.75 region=0_18
ep=57 s=31 6888ms [sel=4 cap=6770 rest=115] sg=2->2 mode=NONE win=8 obs=32 | cap=wip act=(320,360) d=0.51 a=1 | sp=som:active d=0.5 age=10 dtg=6.50 region=0_18
ep=57 s=32 6121ms [sel=1405 cap=4600 rest=116] sg=2->2 mode=NONE win=8 obs=33 | cap=wip act=(320,360) d=2.98 a=1 | sp=som:active d=3.0 age=0 som=3/8 dtg=6.26 region=0_18
ep=57 s=33 7175ms [sel=3 cap=7065 rest=106] sg=2->2 mode=NONE win=8 obs=34 | cap=wip act=(320,360) d=2.73 a=1 | sp=som:active d=2.7 age=1 dtg=6.01 region=0_18
ep=57 s=34 7688ms [sel=9 cap=7575 rest=103] sg=2->2 mode=NONE win=8 obs=35 | cap=wip act=(320,360) d=2.48 a=1 | sp=som:active d=2.5 age=2 dtg=5.77 region=0_18
ep=57 s=35 5474ms [sel=11 cap=5356 rest=108] sg=2->2 mode=NONE win=8 obs=36 | cap=wip act=(320,360) d=2.23 a=1 | sp=som:active d=2.2 age=3 dtg=5.54 region=0_18
ep=57 s=36 3846ms [sel=29 cap=3326 rest=457] sg=2->2 mode=NONE win=8 obs=37 | cap=wip act=(160,180) d=3.38 a=1 | preview=view3/6 yaw=+0 render=35ms | sp=preview:active d=3.4 age=0 dtg=5.34 region=0_18
ep=57 s=37 6975ms [sel=9 cap=6876 rest=90] sg=2->2 mode=NONE win=8 obs=38 | cap=wip act=(320,360) d=3.21 a=2 | sp=preview:active d=3.2 age=1 dtg=5.34 region=0_18
ep=57 s=38 8569ms [sel=2923 cap=5556 rest=89] sg=2->3 mode=NONE win=8 obs=39 | cap=DONE act=(320,360) d=2.26 a=2 | sp=som:active d=2.3 age=0 som=2/8 dtg=5.34 region=0_18
ep=57 s=39 9440ms [sel=3 cap=9349 rest=88] sg=3->3 mode=NONE win=8 obs=40 | cap=wip act=(320,360) d=2.26 a=1 | sp=som:active d=2.3 age=1 dtg=5.24 region=0_18
ep=57 s=40 3315ms [sel=3 cap=3217 rest=94] sg=3->3 mode=NONE win=8 obs=41 | cap=wip act=(320,360) d=2.01 a=1 | sp=som:active d=2.0 age=2 dtg=5.17 region=0_18
ep=57 s=41 14396ms [sel=6 cap=13869 rest=484] sg=3->3 mode=NONE win=8 obs=42 | cap=wip act=(320,360) d=1.77 a=1 | preview=view-/6 yaw=+0 render=38ms | sp=som:active d=1.8 age=3 dtg=5.16 region=0_18
ep=57 s=42 8930ms [sel=9 cap=8832 rest=89] sg=3->3 mode=NONE win=8 obs=43 | cap=wip act=(320,360) d=1.52 a=2 | sp=som:active d=1.5 age=4 dtg=5.16 region=0_18
ep=57 s=43 8278ms [sel=4 cap=8187 rest=88] sg=3->3 mode=NONE win=8 obs=44 | cap=wip act=(320,360) d=1.52 a=1 | sp=som:active d=1.5 age=5 dtg=5.26 region=0_18
ep=57 s=44 16202ms [sel=5 cap=15708 rest=451] sg=3->3 mode=NONE win=8 obs=45 | cap=wip act=(320,360) d=1.31 a=2 | preview=view-/6 yaw=+0 render=38ms | sp=som:active d=1.3 age=6 dtg=5.26 region=0_18
ep=57 s=45 11396ms [sel=5 cap=11317 rest=73] sg=3->3 mode=NONE win=8 obs=46 | cap=wip act=(320,360) d=1.31 a=2 | sp=som:active d=1.3 age=7 dtg=5.26 region=0_18
ep=57 s=46 4761ms [sel=5 cap=4672 rest=85] sg=3->3 mode=NONE win=8 obs=47 | cap=wip act=(320,360) d=1.31 a=1 | sp=som:active d=1.3 age=8 dtg=5.48 region=0_18
ep=57 s=47 11312ms [sel=4 cap=10884 rest=387] sg=3->3 mode=NONE win=8 obs=48 | cap=wip act=(320,360) d=1.22 a=1 | preview=view-/6 yaw=+0 render=38ms | sp=som:active d=1.2 age=9 dtg=5.70 region=0_18
ep=57 s=48 6064ms [sel=4 cap=5981 rest=78] sg=3->3 mode=NONE win=8 obs=49 | cap=wip act=(320,360) d=1.17 a=2 | sp=som:active d=1.2 age=10 dtg=5.70 region=0_18
ep=57 s=49 9343ms [sel=4 cap=9248 rest=91] sg=3->3 mode=NONE win=8 obs=50 | cap=wip act=(320,360) d=1.17 a=1 | sp=som:active d=1.2 age=11 dtg=5.95 region=0_18
ep=57 s=50 12046ms [sel=5 cap=11620 rest=385] sg=3->3 mode=NONE win=8 obs=51 | cap=wip act=(320,360) d=1.24 a=1 | preview=view-/6 yaw=+0 render=35ms | sp=som:active d=1.2 age=12 dtg=6.20 region=0_18
ep=57 s=51 8378ms [sel=6 cap=8284 rest=88] sg=3->3 mode=NONE win=8 obs=52 | cap=wip act=(320,360) d=1.36 a=3 | sp=som:active d=1.4 age=13 dtg=6.20 region=0_18
ep=57 s=52 10398ms [sel=6 cap=10309 rest=82] sg=3->3 mode=NONE win=8 obs=53 | cap=wip act=(320,360) d=1.36 a=1 | sp=som:active d=1.4 age=14 dtg=6.44 region=0_17
ep=57 s=53 13637ms [sel=19 cap=13145 rest=436] sg=3->3 mode=NONE win=8 obs=54 | cap=wip act=(320,360) d=1.45 a=3 | preview=view-/6 yaw=+0 render=36ms | sp=som:active d=1.5 age=15 dtg=6.44 region=0_17
ep=57 s=54 17761ms [sel=14 cap=17665 rest=82] sg=3->3 mode=NONE win=8 obs=55 | cap=wip act=(320,360) d=1.45 a=3 | sp=som:active d=1.5 age=16 dtg=6.44 region=0_17
ep=57 s=55 9770ms [sel=11 cap=9669 rest=90] sg=3->3 mode=NONE win=8 obs=56 | cap=wip act=(320,360) d=1.45 a=3 | sp=som:active d=1.5 age=17 dtg=6.44 region=0_17
ep=57 s=56 9627ms [sel=9 cap=9065 rest=491] sg=3->3 mode=NONE win=8 obs=57 | cap=wip act=(320,360) d=1.45 a=1 | preview=view-/6 yaw=+0 render=63ms | sp=som:active d=1.5 age=18 dtg=6.57 region=0_17
ep=57 s=57 8752ms [sel=6 cap=8655 rest=92] sg=3->3 mode=NONE win=8 obs=58 | cap=wip act=(320,360) d=1.39 a=1 | sp=som:active d=1.4 age=19 dtg=6.77 region=0_17
ep=57 s=58 5860ms [sel=7 cap=5754 rest=99] sg=3->3 mode=NONE win=8 obs=59 | cap=wip act=(320,360) d=1.38 a=1 | sp=som:active d=1.4 age=20 dtg=7.01 region=0_17
ep=57 s=59 8620ms [sel=9 cap=8518 rest=93] sg=3->3 mode=NONE win=8 obs=60 | cap=wip act=(320,360) d=1.41 a=3 | sp=som:active d=1.4 age=21 dtg=7.01 region=0_17
ep=57 s=60 12119ms [sel=45 cap=11615 rest=423] sg=3->3 mode=NONE win=8 obs=61 | cap=wip act=(320,360) d=1.41 a=3 | preview=view-/6 yaw=+0 render=35ms | sp=som:active d=1.4 age=22 dtg=7.01 region=0_17
ep=57 s=61 6079ms [sel=50 cap=5929 rest=100] sg=3->3 mode=NONE win=8 obs=62 | cap=wip act=(320,360) d=1.41 a=3 | sp=som:active d=1.4 age=23 dtg=7.01 region=0_17
ep=57 s=62 7955ms [sel=54 cap=7776 rest=126] sg=3->3 mode=NONE win=8 obs=63 | cap=wip act=(320,360) d=1.41 a=3 | sp=som:active d=1.4 age=24 dtg=7.01 region=0_17
ep=57 s=63 13808ms [sel=53 cap=13282 rest=438] sg=3->3 mode=NONE win=8 obs=64 | cap=wip act=(320,360) d=1.41 a=3 | preview=view-/6 yaw=+0 render=35ms | sp=som:active d=1.4 age=25 dtg=7.01 region=0_17
ep=57 s=64 8504ms [sel=918 cap=7487 rest=99] sg=3->3 mode=NONE win=8 obs=65 | cap=wip act=(320,360) d=3.05 a=2 | sp=som:active d=3.0 age=0 som=1/7 dtg=7.01 region=0_17
ep=57 s=65 5812ms [sel=4 cap=5706 rest=101] sg=3->3 mode=NONE win=8 obs=66 | cap=wip act=(320,360) d=3.05 a=2 | sp=som:active d=3.0 age=1 dtg=7.01 region=0_17
ep=57 s=66 11952ms [sel=3 cap=11488 rest=426] sg=3->3 mode=NONE win=8 obs=67 | cap=wip act=(320,360) d=3.05 a=1 | preview=view-/6 yaw=+0 render=35ms | sp=som:active d=3.0 age=2 dtg=7.17 region=0_2
ep=57 s=67 7285ms [sel=3 cap=7178 rest=104] sg=3->3 mode=NONE win=8 obs=68 | cap=wip act=(320,360) d=2.80 a=2 | sp=som:active d=2.8 age=3 dtg=7.17 region=0_2
ep=57 s=68 3906ms [sel=3 cap=3798 rest=105] sg=3->3 mode=NONE win=8 obs=69 | cap=wip act=(320,360) d=2.80 a=1 | sp=som:active d=2.8 age=4 dtg=7.40 region=0_2
ep=57 s=69 14105ms [sel=4 cap=13644 rest=423] sg=3->3 mode=NONE win=8 obs=70 | cap=wip act=(320,360) d=2.55 a=2 | preview=view-/6 yaw=+0 render=35ms | sp=som:active d=2.6 age=5 dtg=7.40 region=0_2
ep=57 s=70 14566ms [sel=3 cap=14457 rest=106] sg=3->3 mode=NONE win=8 obs=71 | cap=wip act=(320,360) d=2.55 a=1 | sp=som:active d=2.6 age=6 dtg=7.64 region=0_2
ep=57 s=71 13433ms [sel=4 cap=13320 rest=109] sg=3->3 mode=NONE win=8 obs=72 | cap=wip act=(320,360) d=2.32 a=1 | sp=som:active d=2.3 age=7 dtg=7.89 region=0_2
ep=57 s=72 9856ms [sel=3 cap=9380 rest=438] sg=3->3 mode=NONE win=8 obs=73 | cap=wip act=(320,360) d=2.09 a=1 | preview=view-/6 yaw=+0 render=35ms | sp=som:active d=2.1 age=8 dtg=8.14 region=0_2
ep=57 s=73 5159ms [sel=4 cap=5047 rest=108] sg=3->3 mode=NONE win=8 obs=74 | cap=wip act=(320,360) d=1.86 a=1 | sp=som:active d=1.9 age=9 dtg=8.39 region=0_2
ep=57 s=74 11320ms [sel=4 cap=11209 rest=107] sg=3->3 mode=NONE win=8 obs=75 | cap=wip act=(320,360) d=1.64 a=3 | sp=som:active d=1.6 age=10 dtg=8.39 region=0_2
ep=57 s=75 11890ms [sel=5 cap=11404 rest=446] sg=3->None mode=NONE win=8 obs=76 | cap=DONE act=(320,360) d=1.00 a=1 | preview=view-/6 yaw=+0 render=35ms | sp=som:active d=1.6 age=11 door_evts=3 dtg=8.63 region=0_2
ep=57 s=76 111ms [sel=4 cap=0 rest=107] sg=None->None mode=NONE win=8 obs=77 | cap=- act=(320,360) d=1.00 a=1 | sp=som:active d=1.4 age=12 door_evts=3 dtg=8.87 region=0_2
ep=57 s=77 106ms [sel=5 cap=0 rest=101] sg=None->None mode=NONE win=8 obs=78 | cap=- act=(320,360) d=1.00 a=1 | sp=som:active d=1.2 age=13 door_evts=4 EVT=door@(1.6,-0.1)w1.20m@s74 dtg=9.11 region=0_2
ep=57 s=78 101ms [sel=0 cap=0 rest=101] sg=None->None mode=NONE win=8 obs=79 | cap=- act=STOP | sp=som:active d=0.9 age=14 door_evts=4 dtg=9.11 region=0_2
rank=1 [1/17] id=57 steps=79 success=0.000 spl=0.000 dtg=9.11 osr=0 path_length=13.00 ndtw=0.652 sdtw=0.000
PluginManager::Manager: duplicate static plugin StbImageImporter, ignoring
PluginManager::Manager: duplicate static plugin GltfImporter, ignoring
PluginManager::Manager: duplicate static plugin BasisImporter, ignoring
PluginManager::Manager: duplicate static plugin AssimpImporter, ignoring
PluginManager::Manager: duplicate static plugin AnySceneImporter, ignoring
PluginManager::Manager: duplicate static plugin AnyImageImporter, ignoring
episode=121 instruction="So just go straight ahead and you'll end up in the kitchen area. Then you want to turn left and make your way back out of the kitchen, and that's pretty much it, just stop there." start_position=[4.5617899894714355, 0.12711000442504883, -1.0535999536514282] goal_position=[8.163310050964355, 0.12711000442504883, 0.9483100175857544] reference_geodesic=4.820854187011719
episode=121 prepared_subgoals=3
  [1] Go straight ahead toward the Stop beside the exit until the next instructed route stage begins
      proof: The Stop beside the exit is visible nearby and the camera is positioned to begin the next instructed route stage.
  [2] Turn left until the Stop beside the exit is centered ahead
      proof: The Stop beside the exit is centered in the view after turning left.
  [3] Stop beside the exit
      proof: The camera is stationary beside the exit and the exit is central in the view
ep=121 s=0 4670ms [sel=25 cap=4136 rest=470] sg=1->1 mode=NONE win=1 obs=1 | cap=wip act=(160,180) d=3.83 a=1 | preview=view3/6 yaw=+45 render=39ms | sp=preview:active d=3.8 age=0 dtg=4.58 region=0_9
ep=121 s=1 1430ms [sel=3 cap=1327 rest=100] sg=1->1 mode=NONE win=2 obs=2 | cap=wip act=(320,360) d=3.59 a=1 | sp=preview:active d=3.6 age=1 dtg=4.34 region=0_9
ep=121 s=2 4298ms [sel=4 cap=4192 rest=102] sg=1->1 mode=NONE win=3 obs=3 | cap=wip act=(320,360) d=3.35 a=1 | sp=preview:active d=3.4 age=2 dtg=4.10 region=0_9
ep=121 s=3 5233ms [sel=3 cap=5121 rest=109] sg=1->1 mode=NONE win=4 obs=4 | cap=wip act=(320,360) d=3.12 a=1 | sp=preview:active d=3.1 age=3 dtg=3.88 region=0_9
ep=121 s=4 10248ms [sel=4 cap=10130 rest=114] sg=1->1 mode=NONE win=5 obs=5 | cap=wip act=(320,360) d=2.89 a=1 | sp=preview:active d=2.9 age=4 dtg=3.71 region=0_3
ep=121 s=5 4518ms [sel=3 cap=4402 rest=113] sg=1->1 mode=NONE win=6 obs=6 | cap=wip act=(320,360) d=2.66 a=3 | sp=preview:active d=2.7 age=5 dtg=3.71 region=0_3
ep=121 s=6 10825ms [sel=3 cap=10706 rest=116] sg=1->1 mode=NONE win=7 obs=7 | cap=wip act=(320,360) d=2.66 a=1 | sp=preview:active d=2.7 age=6 dtg=3.70 region=0_3
ep=121 s=7 6209ms [sel=3 cap=6089 rest=117] sg=1->1 mode=NONE win=8 obs=8 | cap=wip act=(320,360) d=2.42 a=3 | sp=preview:active d=2.4 age=7 dtg=3.70 region=0_3
ep=121 s=8 4371ms [sel=3 cap=4241 rest=126] sg=1->1 mode=NONE win=8 obs=9 | cap=wip act=(320,360) d=2.42 a=1 | sp=preview:active d=2.4 age=8 dtg=3.80 region=0_3
ep=121 s=9 15963ms [sel=3 cap=15838 rest=122] sg=1->1 mode=NONE win=8 obs=10 | cap=wip act=(320,360) d=2.17 a=1 | sp=preview:active d=2.2 age=9 dtg=3.92 region=0_3
ep=121 s=10 4670ms [sel=3 cap=4542 rest=125] sg=1->1 mode=NONE win=8 obs=11 | cap=wip act=(320,360) d=1.92 a=1 | sp=preview:active d=1.9 age=10 dtg=4.04 region=0_3
ep=121 s=11 7780ms [sel=3 cap=7655 rest=122] sg=1->1 mode=NONE win=8 obs=12 | cap=wip act=(320,360) d=1.67 a=1 | sp=preview:active d=1.7 age=11 dtg=4.18 region=0_3
ep=121 s=12 5765ms [sel=1348 cap=4297 rest=120] sg=1->1 mode=NONE win=8 obs=13 | cap=wip act=(320,360) d=3.03 a=3 | sp=som:active d=3.0 age=0 som=4/8 dtg=4.18 region=0_3
ep=121 s=13 4343ms [sel=3 cap=4221 rest=119] sg=1->1 mode=NONE win=8 obs=14 | cap=wip act=(320,360) d=3.03 a=1 | sp=som:active d=3.0 age=1 dtg=4.38 region=0_3
ep=121 s=14 4896ms [sel=4 cap=4768 rest=124] sg=1->1 mode=NONE win=8 obs=15 | cap=wip act=(320,360) d=2.80 a=1 | sp=som:active d=2.8 age=2 dtg=4.58 region=0_3
ep=121 s=15 6252ms [sel=3 cap=6127 rest=122] sg=1->1 mode=NONE win=8 obs=16 | cap=wip act=(320,360) d=2.58 a=1 | sp=som:active d=2.6 age=3 dtg=4.78 region=0_3
ep=121 s=16 5942ms [sel=3 cap=5807 rest=132] sg=1->1 mode=NONE win=8 obs=17 | cap=wip act=(320,360) d=2.36 a=2 | sp=som:active d=2.4 age=4 dtg=4.78 region=0_3
ep=121 s=17 2187ms [sel=3 cap=2065 rest=119] sg=1->1 mode=NONE win=8 obs=18 | cap=wip act=(320,360) d=2.36 a=1 | sp=som:active d=2.4 age=5 dtg=4.97 region=0_3
ep=121 s=18 7817ms [sel=3 cap=7694 rest=120] sg=1->1 mode=NONE win=8 obs=19 | cap=wip act=(320,360) d=2.11 a=2 | sp=som:active d=2.1 age=6 dtg=4.97 region=0_3
ep=121 s=19 3437ms [sel=3 cap=3291 rest=143] sg=1->1 mode=NONE win=8 obs=20 | cap=wip act=(320,360) d=2.11 a=1 | sp=som:active d=2.1 age=7 dtg=5.16 region=0_3
ep=121 s=20 6312ms [sel=3 cap=6194 rest=115] sg=1->1 mode=NONE win=8 obs=21 | cap=wip act=(320,360) d=1.86 a=2 | sp=som:active d=1.9 age=8 dtg=5.16 region=0_3
ep=121 s=21 2666ms [sel=3 cap=2549 rest=114] sg=1->1 mode=NONE win=8 obs=22 | cap=wip act=(320,360) d=1.86 a=1 | sp=som:active d=1.9 age=9 dtg=5.37 region=0_3
ep=121 s=22 4063ms [sel=3 cap=3948 rest=112] sg=1->1 mode=NONE win=8 obs=23 | cap=wip act=(320,360) d=1.62 a=1 | sp=som:active d=1.6 age=10 dtg=5.60 region=0_3
ep=121 s=23 5592ms [sel=3 cap=5472 rest=117] sg=1->1 mode=NONE win=8 obs=24 | cap=wip act=(320,360) d=1.38 a=1 | sp=som:active d=1.4 age=11 dtg=5.84 region=0_3
ep=121 s=24 5789ms [sel=3 cap=5676 rest=110] sg=1->1 mode=NONE win=8 obs=25 | cap=wip act=(320,360) d=1.15 a=3 | sp=som:active d=1.2 age=12 dtg=5.84 region=0_3
ep=121 s=25 3767ms [sel=4 cap=3651 rest=113] sg=1->1 mode=NONE win=8 obs=26 | cap=wip act=(320,360) d=1.15 a=1 | sp=som:active d=1.2 age=13 dtg=6.09 region=0_3
ep=121 s=26 2956ms [sel=3 cap=2843 rest=111] sg=1->1 mode=NONE win=8 obs=27 | cap=wip act=(320,360) d=0.91 a=3 | sp=som:active d=0.9 age=14 dtg=6.09 region=0_3
ep=121 s=27 4135ms [sel=3 cap=3993 rest=140] sg=1->1 mode=NONE win=8 obs=28 | cap=wip act=(320,360) d=0.91 a=1 | sp=som:active d=0.9 age=15 dtg=6.33 region=0_3
ep=121 s=28 3681ms [sel=3 cap=3563 rest=116] sg=1->1 mode=NONE win=8 obs=29 | cap=wip act=(320,360) d=0.66 a=1 | sp=som:active d=0.7 age=16 dtg=6.58 region=0_3
ep=121 s=29 7930ms [sel=1789 cap=6034 rest=108] sg=1->1 mode=NONE win=8 obs=30 | cap=wip act=(320,360) d=1.23 a=1 | sp=som:active d=1.2 age=0 som=4/8 dtg=6.82 region=0_3
ep=121 s=30 5870ms [sel=5 cap=5757 rest=108] sg=1->1 mode=NONE win=8 obs=31 | cap=wip act=(320,360) d=0.99 a=1 | sp=som:active d=1.0 age=1 dtg=6.96 region=0_3
ep=121 s=31 4248ms [sel=3 cap=4124 rest=121] sg=1->1 mode=NONE win=8 obs=32 | cap=wip act=(320,360) d=0.75 a=2 | sp=som:active d=0.8 age=2 dtg=6.96 region=0_3
ep=121 s=32 8049ms [sel=3 cap=7938 rest=109] sg=1->1 mode=NONE win=8 obs=33 | cap=wip act=(320,360) d=0.75 a=1 | sp=som:active d=0.8 age=3 dtg=7.05 region=0_3
ep=121 s=33 5912ms [sel=3 cap=5808 rest=101] sg=1->1 mode=NONE win=8 obs=34 | cap=wip act=(320,360) d=0.51 a=1 | sp=som:active d=0.5 age=4 dtg=7.16 region=0_3
ep=121 s=34 12038ms [sel=2301 cap=9639 rest=98] sg=1->1 mode=NONE win=8 obs=35 | cap=wip act=(320,360) d=2.43 a=2 | sp=som:active d=2.4 age=0 som=4/8 dtg=7.16 region=0_3
ep=121 s=35 5644ms [sel=3 cap=5531 rest=110] sg=1->1 mode=NONE win=8 obs=36 | cap=wip act=(320,360) d=2.43 a=1 | sp=som:active d=2.4 age=1 dtg=7.23 region=0_3
ep=121 s=36 9619ms [sel=3 cap=9502 rest=114] sg=1->1 mode=NONE win=8 obs=37 | cap=wip act=(320,360) d=2.19 a=1 | sp=som:active d=2.2 age=2 dtg=7.36 region=0_3
ep=121 s=37 5657ms [sel=3 cap=5521 rest=133] sg=1->1 mode=NONE win=8 obs=38 | cap=wip act=(320,360) d=1.95 a=1 | sp=som:active d=1.9 age=3 dtg=7.53 region=0_3
ep=121 s=38 5581ms [sel=3 cap=5470 rest=109] sg=1->1 mode=NONE win=8 obs=39 | cap=wip act=(320,360) d=1.71 a=1 | sp=som:active d=1.7 age=4 dtg=7.74 region=0_3
ep=121 s=39 8135ms [sel=3 cap=7993 rest=140] sg=1->1 mode=NONE win=8 obs=40 | cap=wip act=(320,360) d=1.48 a=1 | sp=som:active d=1.5 age=5 dtg=7.96 region=0_3
ep=121 s=40 3392ms [sel=3 cap=3281 rest=108] sg=1->1 mode=NONE win=8 obs=41 | cap=wip act=(320,360) d=1.25 a=3 | sp=som:active d=1.3 age=6 dtg=7.96 region=0_3
ep=121 s=41 4583ms [sel=3 cap=4468 rest=113] sg=1->1 mode=NONE win=8 obs=42 | cap=wip act=(320,360) d=1.25 a=3 | sp=som:active d=1.3 age=7 dtg=7.96 region=0_3
ep=121 s=42 4154ms [sel=3 cap=4034 rest=117] sg=1->1 mode=NONE win=8 obs=43 | cap=wip act=(320,360) d=1.25 a=1 | sp=som:active d=1.3 age=8 dtg=8.21 region=0_4
ep=121 s=43 6601ms [sel=7 cap=6044 rest=514] sg=1->1 mode=NONE win=8 obs=44 | cap=wip act=(160,180) d=1.00 a=1 | preview=view0/6 yaw=-180 render=36ms | sp=som:active d=1.0 age=9 dtg=8.46 region=0_4
ep=121 s=44 4117ms [sel=3 cap=3988 rest=126] sg=1->1 mode=NONE win=8 obs=45 | cap=wip act=(320,360) d=0.75 a=1 | sp=som:active d=0.8 age=10 dtg=8.71 region=0_4
ep=121 s=45 5675ms [sel=3 cap=5553 rest=119] sg=1->1 mode=NONE win=8 obs=46 | cap=wip act=(320,360) d=0.50 a=1 | sp=som:active d=0.5 age=11 dtg=8.96 region=0_4
ep=121 s=46 6904ms [sel=1731 cap=5057 rest=116] sg=1->1 mode=NONE win=8 obs=47 | cap=wip act=(320,360) d=1.50 a=3 | sp=som:active d=1.5 age=0 som=2/7 dtg=8.96 region=0_4
ep=121 s=47 4594ms [sel=3 cap=4470 rest=122] sg=1->1 mode=NONE win=8 obs=48 | cap=wip act=(320,360) d=1.50 a=1 | sp=som:active d=1.5 age=1 dtg=9.20 region=0_4
ep=121 s=48 5300ms [sel=3 cap=5181 rest=116] sg=1->1 mode=NONE win=8 obs=49 | cap=wip act=(320,360) d=1.25 a=1 | sp=som:active d=1.2 age=2 dtg=9.44 region=0_4
ep=121 s=49 3963ms [sel=57 cap=3392 rest=478] sg=1->1 mode=NONE win=8 obs=50 | cap=wip act=(160,180) d=5.38 a=2 | preview=view0/6 yaw=-180 render=36ms | sp=preview:active d=5.4 age=0 dtg=9.44 region=0_4
ep=121 s=50 4645ms [sel=40 cap=4495 rest=110] sg=1->1 mode=NONE win=8 obs=51 | cap=wip act=(320,360) d=5.38 a=2 | sp=preview:active d=5.4 age=1 dtg=9.44 region=0_4
ep=121 s=51 5351ms [sel=40 cap=5196 rest=115] sg=1->1 mode=NONE win=8 obs=52 | cap=wip act=(320,360) d=5.38 a=2 | sp=preview:active d=5.4 age=2 dtg=9.44 region=0_4
ep=121 s=52 4619ms [sel=40 cap=4461 rest=118] sg=1->1 mode=NONE win=8 obs=53 | cap=wip act=(320,360) d=5.38 a=2 | sp=preview:active d=5.4 age=3 dtg=9.44 region=0_4
ep=121 s=53 5084ms [sel=66 cap=4477 rest=504] sg=1->1 mode=NONE win=8 obs=54 | cap=wip act=(160,180) d=3.48 a=2 | preview=view1/6 yaw=-75 render=37ms | sp=preview:active d=3.5 age=0 dtg=9.44 region=0_4
ep=121 s=54 6899ms [sel=27 cap=6737 rest=136] sg=1->1 mode=NONE win=8 obs=55 | cap=wip act=(320,360) d=3.48 a=2 | sp=preview:active d=3.5 age=1 dtg=9.44 region=0_4
ep=121 s=55 6874ms [sel=28 cap=6721 rest=125] sg=1->1 mode=NONE win=8 obs=56 | cap=wip act=(320,360) d=3.48 a=2 | sp=preview:active d=3.5 age=2 dtg=9.44 region=0_4
ep=121 s=56 3928ms [sel=3 cap=3803 rest=122] sg=1->1 mode=NONE win=8 obs=57 | cap=wip act=(320,360) d=3.48 a=2 | sp=preview:active d=3.5 age=3 dtg=9.44 region=0_4
ep=121 s=57 4962ms [sel=3 cap=4836 rest=123] sg=1->1 mode=NONE win=8 obs=58 | cap=wip act=(320,360) d=3.48 a=2 | sp=preview:active d=3.5 age=4 dtg=9.44 region=0_4
ep=121 s=58 8003ms [sel=3 cap=7874 rest=126] sg=1->1 mode=NONE win=8 obs=59 | cap=wip act=(320,360) d=3.48 a=1 | sp=preview:active d=3.5 age=5 dtg=9.32 region=0_4
ep=121 s=59 7193ms [sel=0 cap=7074 rest=120] sg=1->2 mode=NONE win=8 obs=60 | cap=DONE act=TURN request=-45deg execute=-15deg x1 a=2 | sp=preview:active d=3.2 age=6 door_evts=1 dtg=9.32 region=0_4
ep=121 s=60 3833ms [sel=0 cap=3710 rest=123] sg=2->2 mode=NONE win=8 obs=61 | cap=wip act=TURN request=-45deg execute=-15deg x1 a=2 | sp=- door_evts=1 dtg=9.32 region=0_4
ep=121 s=61 8067ms [sel=0 cap=7945 rest=122] sg=2->2 mode=NONE win=8 obs=62 | cap=wip act=TURN request=-45deg execute=-15deg x1 a=2 | sp=- door_evts=1 dtg=9.32 region=0_4
ep=121 s=62 5344ms [sel=0 cap=5225 rest=119] sg=2->2 mode=NONE win=8 obs=63 | cap=wip act=TURN request=-45deg execute=-15deg x1 a=2 | sp=- door_evts=1 dtg=9.32 region=0_4
ep=121 s=63 8001ms [sel=2041 cap=5849 rest=111] sg=2->2 mode=NONE win=8 obs=64 | cap=wip act=(320,360) d=3.02 a=1 | sp=som:active d=3.0 age=0 som=5/8 dtg=9.07 region=0_4
ep=121 s=64 4033ms [sel=5 cap=3911 rest=116] sg=2->2 mode=NONE win=8 obs=65 | cap=wip act=(320,360) d=2.78 a=1 | sp=som:active d=2.8 age=1 dtg=8.82 region=0_4
ep=121 s=65 4430ms [sel=3 cap=4305 rest=123] sg=2->2 mode=NONE win=8 obs=66 | cap=wip act=(320,360) d=2.54 a=1 | sp=som:active d=2.5 age=2 dtg=8.57 region=0_4
ep=121 s=66 5695ms [sel=4 cap=5577 rest=115] sg=2->2 mode=NONE win=8 obs=67 | cap=wip act=(320,360) d=2.30 a=1 | sp=som:active d=2.3 age=3 dtg=8.32 region=0_4
ep=121 s=67 3578ms [sel=3 cap=3459 rest=117] sg=2->2 mode=NONE win=8 obs=68 | cap=wip act=(320,360) d=2.07 a=2 | sp=som:active d=2.1 age=4 dtg=8.32 region=0_4
ep=121 s=68 5481ms [sel=3 cap=5366 rest=112] sg=2->2 mode=NONE win=8 obs=69 | cap=wip act=(320,360) d=2.07 a=1 | sp=som:active d=2.1 age=5 dtg=8.07 region=0_4
ep=121 s=69 6212ms [sel=4 cap=6096 rest=113] sg=2->2 mode=NONE win=8 obs=70 | cap=wip act=(320,360) d=1.82 a=1 | sp=som:active d=1.8 age=6 dtg=7.83 region=0_3
ep=121 s=70 5620ms [sel=3 cap=5495 rest=121] sg=2->2 mode=NONE win=8 obs=71 | cap=wip act=(320,360) d=1.57 a=1 | sp=som:active d=1.6 age=7 dtg=7.59 region=0_3
ep=121 s=71 8137ms [sel=3 cap=8009 rest=124] sg=2->2 mode=NONE win=8 obs=72 | cap=wip act=(320,360) d=1.32 a=2 | sp=som:active d=1.3 age=8 dtg=7.59 region=0_3
ep=121 s=72 4864ms [sel=4 cap=4741 rest=119] sg=2->2 mode=NONE win=8 obs=73 | cap=wip act=(320,360) d=1.32 a=1 | sp=som:active d=1.3 age=9 dtg=7.38 region=0_3
ep=121 s=73 8125ms [sel=4 cap=8002 rest=119] sg=2->2 mode=NONE win=8 obs=74 | cap=wip act=(320,360) d=1.07 a=1 | sp=som:active d=1.1 age=10 dtg=7.21 region=0_3
ep=121 s=74 2984ms [sel=4 cap=2863 rest=117] sg=2->2 mode=NONE win=8 obs=75 | cap=wip act=(320,360) d=0.83 a=1 | sp=som:active d=0.8 age=11 dtg=7.11 region=0_3
ep=121 s=75 6469ms [sel=3 cap=6355 rest=111] sg=2->2 mode=NONE win=8 obs=76 | cap=wip act=(320,360) d=0.58 a=1 | sp=som:active d=0.6 age=12 dtg=7.05 region=0_3
ep=121 s=76 8592ms [sel=3453 cap=4612 rest=489] sg=2->2 mode=NONE win=8 obs=77 | cap=wip act=(320,360) d=3.05 a=1 | preview=view-/6 yaw=+0 render=38ms | sp=som:active d=3.0 age=0 som=2/8 dtg=7.01 region=0_3
ep=121 s=77 9491ms [sel=3 cap=9376 rest=112] sg=2->2 mode=NONE win=8 obs=78 | cap=wip act=(320,360) d=2.80 a=3 | sp=som:active d=2.8 age=1 dtg=7.01 region=0_3
ep=121 s=78 5294ms [sel=3 cap=5172 rest=119] sg=2->2 mode=NONE win=8 obs=79 | cap=wip act=(320,360) d=2.80 a=1 | sp=som:active d=2.8 age=2 dtg=6.92 region=0_3
ep=121 s=79 6175ms [sel=3 cap=6055 rest=118] sg=2->2 mode=NONE win=8 obs=80 | cap=wip act=(320,360) d=2.55 a=1 | sp=som:active d=2.6 age=3 dtg=6.69 region=0_3
ep=121 s=80 4157ms [sel=3 cap=4009 rest=145] sg=2->2 mode=NONE win=8 obs=81 | cap=wip act=(320,360) d=2.30 a=1 | sp=som:active d=2.3 age=4 dtg=6.44 region=0_3
ep=121 s=81 5008ms [sel=4 cap=4882 rest=122] sg=2->2 mode=NONE win=8 obs=82 | cap=wip act=(320,360) d=2.06 a=1 | sp=som:active d=2.1 age=5 dtg=6.20 region=0_3
ep=121 s=82 5847ms [sel=3 cap=5729 rest=115] sg=2->2 mode=NONE win=8 obs=83 | cap=wip act=(320,360) d=1.81 a=1 | sp=som:active d=1.8 age=6 dtg=5.95 region=0_3
ep=121 s=83 5934ms [sel=4 cap=5395 rest=498] sg=2->2 mode=NONE win=8 obs=84 | cap=wip act=(320,360) d=1.56 a=1 | preview=view-/6 yaw=+0 render=38ms | sp=som:active d=1.6 age=7 dtg=5.71 region=0_3
ep=121 s=84 5140ms [sel=3 cap=5021 rest=116] sg=2->2 mode=NONE win=8 obs=85 | cap=wip act=(320,360) d=1.32 a=2 | sp=som:active d=1.3 age=8 dtg=5.71 region=0_3
ep=121 s=85 5446ms [sel=4 cap=5338 rest=104] sg=2->2 mode=NONE win=8 obs=86 | cap=wip act=(320,360) d=1.32 a=1 | sp=som:active d=1.3 age=9 dtg=5.51 region=0_3
ep=121 s=86 4430ms [sel=3 cap=3923 rest=465] sg=2->2 mode=NONE win=8 obs=87 | cap=wip act=(320,360) d=1.07 a=1 | preview=view-/6 yaw=+0 render=40ms | sp=som:active d=1.1 age=10 dtg=5.34 region=0_3
ep=121 s=87 4790ms [sel=4 cap=4680 rest=106] sg=2->2 mode=NONE win=8 obs=88 | cap=wip act=(320,360) d=0.82 a=1 | sp=som:active d=0.8 age=11 dtg=5.23 region=0_3
ep=121 s=88 4755ms [sel=4 cap=4643 rest=109] sg=2->2 mode=NONE win=8 obs=89 | cap=wip act=(320,360) d=0.57 a=1 | sp=som:active d=0.6 age=12 dtg=5.17 region=0_3
ep=121 s=89 4917ms [sel=1033 cap=3780 rest=104] sg=2->2 mode=NONE win=8 obs=90 | cap=wip act=(320,360) d=2.83 a=3 | sp=som:active d=2.8 age=0 som=2/8 dtg=5.17 region=0_3
ep=121 s=90 6002ms [sel=4 cap=5890 rest=108] sg=2->2 mode=NONE win=8 obs=91 | cap=wip act=(320,360) d=2.83 a=3 | sp=som:active d=2.8 age=1 dtg=5.17 region=0_3
ep=121 s=91 4141ms [sel=3 cap=4020 rest=117] sg=2->2 mode=NONE win=8 obs=92 | cap=wip act=(320,360) d=2.83 a=1 | sp=som:active d=2.8 age=2 dtg=5.02 region=0_3
ep=121 s=92 6003ms [sel=45 cap=5427 rest=493] sg=2->2 mode=NONE win=8 obs=93 | cap=wip act=(160,180) d=3.63 a=3 | preview=view0/6 yaw=-180 render=38ms | sp=preview:active d=3.6 age=0 dtg=5.02 region=0_3
ep=121 s=93 6686ms [sel=29 cap=6544 rest=114] sg=2->2 mode=NONE win=8 obs=94 | cap=wip act=(320,360) d=3.63 a=3 | sp=preview:active d=3.6 age=1 dtg=5.02 region=0_3
ep=121 s=94 2943ms [sel=29 cap=2798 rest=117] sg=2->2 mode=NONE win=8 obs=95 | cap=wip act=(320,360) d=3.63 a=3 | sp=preview:active d=3.6 age=2 dtg=5.02 region=0_3
ep=121 s=95 4011ms [sel=29 cap=3868 rest=114] sg=2->2 mode=NONE win=8 obs=96 | cap=wip act=(320,360) d=3.63 a=3 | sp=preview:active d=3.6 age=3 dtg=5.02 region=0_3
ep=121 s=96 7447ms [sel=29 cap=7305 rest=113] sg=2->2 mode=NONE win=8 obs=97 | cap=wip act=(320,360) d=3.63 a=3 | sp=preview:active d=3.6 age=4 dtg=5.02 region=0_3
ep=121 s=97 3492ms [sel=28 cap=3340 rest=123] sg=2->2 mode=NONE win=8 obs=98 | cap=wip act=(320,360) d=3.63 a=3 | sp=preview:active d=3.6 age=5 dtg=5.02 region=0_3
ep=121 s=98 9775ms [sel=27 cap=9620 rest=128] sg=2->2 mode=NONE win=8 obs=99 | cap=wip act=(320,360) d=3.63 a=3 | sp=preview:active d=3.6 age=6 dtg=5.02 region=0_3
ep=121 s=99 4975ms [sel=24 cap=4823 rest=128] sg=2->2 mode=NONE win=8 obs=100 | cap=wip act=(320,360) d=3.63 a=3 | sp=preview:active d=3.6 age=7 dtg=5.02 region=0_3
ep=121 s=100 5561ms [sel=4 cap=5427 rest=130] sg=2->2 mode=NONE win=8 obs=101 | cap=wip act=(320,360) d=3.63 a=3 | sp=preview:active d=3.6 age=8 dtg=5.02 region=0_3
ep=121 s=101 5701ms [sel=2265 cap=3312 rest=124] sg=2->3 mode=NONE win=8 obs=102 | cap=DONE act=(320,360) d=3.04 a=1 | sp=som:active d=3.0 age=0 som=4/8 dtg=4.99 region=0_3
ep=121 s=102 5016ms [sel=4 cap=4887 rest=126] sg=3->3 mode=NONE win=8 obs=103 | cap=wip act=(320,360) d=2.81 a=3 | sp=som:active d=2.8 age=1 dtg=4.99 region=0_3
ep=121 s=103 12372ms [sel=3 cap=11749 rest=547] sg=3->3 mode=NONE win=8 obs=104 | cap=wip act=(320,360) d=2.81 a=3 | preview=view-/6 yaw=+0 render=73ms | sp=som:active d=2.8 age=2 dtg=4.99 region=0_3
ep=121 s=104 8028ms [sel=3 cap=7905 rest=120] sg=3->3 mode=NONE win=8 obs=105 | cap=wip act=(320,360) d=2.81 a=1 | sp=som:active d=2.8 age=3 dtg=5.12 region=0_3
ep=121 s=105 2333ms [sel=3 cap=2208 rest=122] sg=3->3 mode=NONE win=8 obs=106 | cap=wip act=(320,360) d=2.56 a=1 | sp=som:active d=2.6 age=4 dtg=5.30 region=0_3
ep=121 s=106 11670ms [sel=3 cap=11130 rest=500] sg=3->3 mode=NONE win=8 obs=107 | cap=wip act=(320,360) d=2.31 a=1 | preview=view-/6 yaw=+0 render=37ms | sp=som:active d=2.3 age=5 dtg=5.51 region=0_3
ep=121 s=107 7180ms [sel=3 cap=7061 rest=116] sg=3->3 mode=NONE win=8 obs=108 | cap=wip act=(320,360) d=2.06 a=1 | sp=som:active d=2.1 age=6 dtg=5.74 region=0_3
ep=121 s=108 11485ms [sel=4 cap=11360 rest=121] sg=3->3 mode=NONE win=8 obs=109 | cap=wip act=(320,360) d=1.81 a=1 | sp=som:active d=1.8 age=7 dtg=5.98 region=0_3
ep=121 s=109 14160ms [sel=4 cap=13623 rest=496] sg=3->3 mode=NONE win=8 obs=110 | cap=wip act=(320,360) d=1.57 a=1 | preview=view-/6 yaw=+0 render=38ms | sp=som:active d=1.6 age=8 dtg=6.22 region=0_3
ep=121 s=110 6616ms [sel=3 cap=6501 rest=112] sg=3->3 mode=NONE win=8 obs=111 | cap=wip act=(320,360) d=1.32 a=2 | sp=som:active d=1.3 age=9 dtg=6.22 region=0_3
ep=121 s=111 12022ms [sel=3 cap=11907 rest=112] sg=3->3 mode=NONE win=8 obs=112 | cap=wip act=(320,360) d=1.32 a=1 | sp=som:active d=1.3 age=10 dtg=6.45 region=0_3
ep=121 s=112 11474ms [sel=3 cap=10948 rest=486] sg=3->3 mode=NONE win=8 obs=113 | cap=wip act=(320,360) d=1.07 a=1 | preview=view-/6 yaw=+0 render=37ms | sp=som:active d=1.1 age=11 dtg=6.68 region=0_3
ep=121 s=113 6271ms [sel=3 cap=6158 rest=111] sg=3->3 mode=NONE win=8 obs=114 | cap=wip act=(320,360) d=0.82 a=1 | sp=som:active d=0.8 age=12 dtg=6.80 region=0_3
ep=121 s=114 8144ms [sel=3 cap=8029 rest=112] sg=3->3 mode=NONE win=8 obs=115 | cap=wip act=(320,360) d=0.58 a=1 | sp=som:active d=0.6 age=13 dtg=6.82 region=0_3
ep=121 s=115 10225ms [sel=5 cap=9696 rest=489] sg=3->None mode=NONE win=8 obs=116 | cap=DONE act=(320,360) d=1.00 a=1 | preview=view-/6 yaw=+0 render=35ms | sp=som:reached d=0.3 age=14 door_evts=1 dtg=6.87 region=0_3
ep=121 s=116 125ms [sel=5 cap=0 rest=120] sg=None->None mode=NONE win=8 obs=117 | cap=- act=(320,360) d=1.00 a=1 | sp=som:reached d=0.3 age=15 door_evts=1 dtg=6.94 region=0_3
ep=121 s=117 126ms [sel=6 cap=0 rest=121] sg=None->None mode=NONE win=8 obs=118 | cap=- act=(320,360) d=1.00 a=1 | sp=som:reached d=0.3 age=16 door_evts=1 dtg=7.09 region=0_3
ep=121 s=118 111ms [sel=0 cap=0 rest=111] sg=None->None mode=NONE win=8 obs=119 | cap=- act=STOP | sp=som:reached d=0.3 age=17 door_evts=1 dtg=7.09 region=0_3
rank=1 [2/17] id=121 steps=119 success=0.000 spl=0.000 dtg=7.09 osr=0 path_length=18.50 ndtw=0.015 sdtw=0.000
PluginManager::Manager: duplicate static plugin StbImageImporter, ignoring
PluginManager::Manager: duplicate static plugin GltfImporter, ignoring
PluginManager::Manager: duplicate static plugin BasisImporter, ignoring
PluginManager::Manager: duplicate static plugin AssimpImporter, ignoring
PluginManager::Manager: duplicate static plugin AnySceneImporter, ignoring
PluginManager::Manager: duplicate static plugin AnyImageImporter, ignoring
episode=146 instruction="Okay so walk along the backside of the couches, you'll go past a hanging wall clock, and that takes you into the next room. Then keep heading down the hallway, going past the shelf that's got decorations on it underneath a mirror, and turn the corner, and just carry on past that hanging art piece, the one that looks a bit like an eye exam test." start_position=[10.112000465393066, 0.17162801325321198, -0.19209399819374084] goal_position=[3.9526500701904297, 0.17162801325321198, -2.1764400005340576] reference_geodesic=7.243781566619873
episode=146 prepared_subgoals=4
  [1] Walk along the backside of the couches
      proof: The hanging wall clock is directly ahead and within a step.
  [2] Enter the next room through the wall clock's location
      proof: The room beyond the clock is central in the view.
  [3] Walk down the hallway
      proof: The shelf with decorations under the mirror is directly ahead and within a step.
  [4] Turn the corner at the shelf, then walk past the hanging art piece
      proof: The art piece is behind and the hallway beyond it fills the view
ep=146 s=0 6345ms [sel=25 cap=5779 rest=504] sg=1->1 mode=NONE win=1 obs=1 | cap=wip act=(160,180) d=3.55 a=2 | preview=view1/6 yaw=-45 render=37ms | sp=preview:active d=3.6 age=0 dtg=7.24 region=0_17
ep=146 s=1 3677ms [sel=6 cap=3575 rest=96] sg=1->1 mode=NONE win=2 obs=2 | cap=wip act=TURN request=-45deg execute=-15deg x1 a=2 | sp=preview:active d=3.6 age=1 dtg=7.24 region=0_17
ep=146 s=2 2250ms [sel=4 cap=2149 rest=97] sg=1->1 mode=NONE win=3 obs=3 | cap=wip act=(320,360) d=3.55 a=2 | sp=preview:active d=3.6 age=2 dtg=7.24 region=0_17
ep=146 s=3 3654ms [sel=3 cap=3560 rest=91] sg=1->1 mode=NONE win=4 obs=4 | cap=wip act=(320,360) d=3.55 a=2 | sp=preview:active d=3.6 age=3 dtg=7.24 region=0_17
ep=146 s=4 3891ms [sel=3 cap=3800 rest=88] sg=1->1 mode=NONE win=5 obs=5 | cap=wip act=(320,360) d=3.55 a=1 | sp=preview:active d=3.6 age=4 dtg=6.99 region=0_17
ep=146 s=5 3201ms [sel=3 cap=3110 rest=87] sg=1->1 mode=NONE win=6 obs=6 | cap=wip act=(320,360) d=3.30 a=1 | sp=preview:active d=3.3 age=5 dtg=6.75 region=0_17
ep=146 s=6 3948ms [sel=3 cap=3855 rest=91] sg=1->1 mode=NONE win=7 obs=7 | cap=wip act=(320,360) d=3.05 a=1 | sp=preview:active d=3.1 age=6 dtg=6.50 region=0_17
ep=146 s=7 4534ms [sel=3 cap=4440 rest=91] sg=1->1 mode=NONE win=8 obs=8 | cap=wip act=(320,360) d=2.80 a=1 | sp=preview:active d=2.8 age=7 dtg=6.25 region=0_17
ep=146 s=8 5042ms [sel=3 cap=4951 rest=89] sg=1->1 mode=NONE win=8 obs=9 | cap=wip act=(320,360) d=2.55 a=1 | sp=preview:active d=2.6 age=8 dtg=6.00 region=0_17
ep=146 s=9 3163ms [sel=3 cap=3069 rest=91] sg=1->1 mode=NONE win=8 obs=10 | cap=wip act=(320,360) d=2.30 a=1 | sp=preview:active d=2.3 age=9 dtg=5.75 region=0_17
ep=146 s=10 8181ms [sel=20 cap=7661 rest=466] sg=1->1 mode=NONE win=8 obs=11 | cap=wip act=(160,180) d=3.45 a=1 | preview=view3/6 yaw=+0 render=35ms | sp=preview:active d=3.5 age=0 dtg=5.50 region=0_17
ep=146 s=11 7096ms [sel=3 cap=6994 rest=99] sg=1->1 mode=NONE win=8 obs=12 | cap=wip act=(320,360) d=3.20 a=1 | sp=preview:active d=3.2 age=1 dtg=5.25 region=0_17
ep=146 s=12 5273ms [sel=3 cap=5169 rest=101] sg=1->1 mode=NONE win=8 obs=13 | cap=wip act=(320,360) d=2.95 a=1 | sp=preview:active d=3.0 age=2 dtg=5.01 region=0_17
ep=146 s=13 6264ms [sel=3 cap=6160 rest=101] sg=1->1 mode=NONE win=8 obs=14 | cap=wip act=(320,360) d=2.70 a=1 | sp=preview:active d=2.7 age=3 dtg=4.76 region=0_17
ep=146 s=14 5980ms [sel=3 cap=5872 rest=105] sg=1->1 mode=NONE win=8 obs=15 | cap=wip act=(320,360) d=2.45 a=1 | sp=preview:active d=2.5 age=4 dtg=4.51 region=0_17
ep=146 s=15 4300ms [sel=3 cap=4193 rest=104] sg=1->1 mode=NONE win=8 obs=16 | cap=wip act=(320,360) d=2.21 a=1 | sp=preview:active d=2.2 age=5 dtg=4.27 region=0_17
ep=146 s=16 5266ms [sel=3 cap=5160 rest=103] sg=1->1 mode=NONE win=8 obs=17 | cap=wip act=(320,360) d=1.96 a=1 | sp=preview:active d=2.0 age=6 dtg=4.02 region=0_17
ep=146 s=17 9498ms [sel=3 cap=9386 rest=108] sg=1->1 mode=NONE win=8 obs=18 | cap=wip act=(320,360) d=1.71 a=1 | sp=preview:active d=1.7 age=7 dtg=3.78 region=0_17
ep=146 s=18 3696ms [sel=3 cap=3588 rest=104] sg=1->1 mode=NONE win=8 obs=19 | cap=wip act=(320,360) d=1.46 a=1 | sp=preview:active d=1.5 age=8 dtg=3.53 region=0_17
ep=146 s=19 5977ms [sel=3 cap=5847 rest=127] sg=1->1 mode=NONE win=8 obs=20 | cap=wip act=(320,360) d=1.21 a=1 | sp=preview:active d=1.2 age=9 dtg=3.29 region=0_17
ep=146 s=20 3920ms [sel=3 cap=3816 rest=100] sg=1->1 mode=NONE win=8 obs=21 | cap=wip act=(320,360) d=0.96 a=1 | sp=preview:active d=1.0 age=10 dtg=3.05 region=0_17
ep=146 s=21 6217ms [sel=3 cap=6111 rest=103] sg=1->1 mode=NONE win=8 obs=22 | cap=wip act=(320,360) d=0.72 a=1 | sp=preview:active d=0.7 age=11 dtg=2.82 region=0_17
ep=146 s=22 8083ms [sel=948 cap=7037 rest=98] sg=1->1 mode=NONE win=8 obs=23 | cap=wip act=(320,360) d=2.97 a=1 | sp=som:active d=3.0 age=0 som=2/7 dtg=2.60 region=0_17
ep=146 s=23 3845ms [sel=3 cap=3757 rest=85] sg=1->1 mode=NONE win=8 obs=24 | cap=wip act=(320,360) d=2.72 a=1 | sp=som:active d=2.7 age=1 dtg=2.39 region=0_17
ep=146 s=24 5127ms [sel=3 cap=5039 rest=85] sg=1->1 mode=NONE win=8 obs=25 | cap=wip act=(320,360) d=2.47 a=1 | sp=som:active d=2.5 age=2 dtg=2.21 region=0_17
ep=146 s=25 2927ms [sel=3 cap=2842 rest=82] sg=1->1 mode=NONE win=8 obs=26 | cap=wip act=(320,360) d=2.23 a=1 | sp=som:active d=2.2 age=3 dtg=2.09 region=0_17
ep=146 s=26 8631ms [sel=3 cap=8548 rest=81] sg=1->1 mode=NONE win=8 obs=27 | cap=wip act=(320,360) d=1.98 a=1 | sp=som:active d=2.0 age=4 dtg=2.03 region=0_17
ep=146 s=27 3977ms [sel=3 cap=3889 rest=85] sg=1->1 mode=NONE win=8 obs=28 | cap=wip act=(320,360) d=1.74 a=1 | sp=som:active d=1.7 age=5 dtg=1.99 region=0_17
ep=146 s=28 8953ms [sel=3 cap=8867 rest=84] sg=1->1 mode=NONE win=8 obs=29 | cap=wip act=(320,360) d=1.49 a=1 | sp=som:active d=1.5 age=6 dtg=1.99 region=0_17
ep=146 s=29 8435ms [sel=3 cap=8345 rest=87] sg=1->1 mode=NONE win=8 obs=30 | cap=wip act=(320,360) d=1.25 a=1 | sp=som:active d=1.2 age=7 dtg=2.01 region=0_17
ep=146 s=30 6872ms [sel=3 cap=6780 rest=89] sg=1->1 mode=NONE win=8 obs=31 | cap=wip act=(320,360) d=1.01 a=2 | sp=som:active d=1.0 age=8 dtg=2.01 region=0_17
ep=146 s=31 7387ms [sel=3 cap=7295 rest=89] sg=1->1 mode=NONE win=8 obs=32 | cap=wip act=(320,360) d=1.01 a=1 | sp=som:active d=1.0 age=9 dtg=2.13 region=0_17
ep=146 s=32 3587ms [sel=3 cap=3491 rest=93] sg=1->1 mode=NONE win=8 obs=33 | cap=wip act=(320,360) d=0.76 a=1 | sp=som:active d=0.8 age=10 dtg=2.28 region=0_17
ep=146 s=33 2323ms [sel=3 cap=2232 rest=89] sg=1->1 mode=NONE win=8 obs=34 | cap=wip act=(320,360) d=0.52 a=1 | sp=som:active d=0.5 age=11 dtg=2.47 region=0_2
ep=146 s=34 6318ms [sel=1820 cap=4412 rest=86] sg=1->1 mode=NONE win=8 obs=35 | cap=wip act=(320,360) d=0.64 a=1 | sp=som:active d=0.6 age=0 som=1/6 dtg=2.68 region=0_2
ep=146 s=35 5482ms [sel=884 cap=4512 rest=86] sg=1->1 mode=NONE win=8 obs=36 | cap=wip act=(320,360) d=0.59 a=3 | sp=som:active d=0.6 age=0 som=1/6 dtg=2.68 region=0_2
ep=146 s=36 6023ms [sel=3 cap=5922 rest=98] sg=1->1 mode=NONE win=8 obs=37 | cap=wip act=(320,360) d=0.59 a=1 | sp=som:active d=0.6 age=1 dtg=2.88 region=0_2
ep=146 s=37 5094ms [sel=1279 cap=3714 rest=102] sg=1->1 mode=NONE win=8 obs=38 | cap=wip act=(320,360) d=0.64 a=1 | sp=som:active d=0.6 age=0 som=1/6 dtg=3.08 region=0_2
ep=146 s=38 4693ms [sel=2169 cap=2421 rest=103] sg=1->1 mode=NONE win=8 obs=39 | cap=wip act=(320,360) d=1.48 a=1 | sp=som:active d=1.5 age=0 som=2/6 dtg=3.30 region=0_2
ep=146 s=39 6982ms [sel=3 cap=6875 rest=103] sg=1->1 mode=NONE win=8 obs=40 | cap=wip act=(320,360) d=1.23 a=1 | sp=som:active d=1.2 age=1 dtg=3.53 region=0_2
ep=146 s=40 6835ms [sel=4 cap=6728 rest=104] sg=1->1 mode=NONE win=8 obs=41 | cap=wip act=(320,360) d=0.98 a=1 | sp=som:active d=1.0 age=2 dtg=3.76 region=0_2
ep=146 s=41 4379ms [sel=3 cap=4265 rest=111] sg=1->1 mode=NONE win=8 obs=42 | cap=wip act=(320,360) d=0.73 a=1 | sp=som:active d=0.7 age=3 dtg=4.00 region=0_2
ep=146 s=42 6674ms [sel=2087 cap=4489 rest=99] sg=1->2 mode=NONE win=8 obs=43 | cap=DONE act=(320,360) d=2.17 a=1 | sp=som:active d=2.2 age=0 som=3/5 dtg=4.23 region=0_2
ep=146 s=43 6671ms [sel=3 cap=6572 rest=95] sg=2->2 mode=NONE win=8 obs=44 | cap=wip act=(320,360) d=1.93 a=3 | sp=som:active d=1.9 age=1 dtg=4.23 region=0_2
ep=146 s=44 6647ms [sel=3 cap=6544 rest=100] sg=2->2 mode=NONE win=8 obs=45 | cap=wip act=(320,360) d=1.93 a=1 | sp=som:active d=1.9 age=2 dtg=4.45 region=0_2
ep=146 s=45 3349ms [sel=4 cap=3249 rest=96] sg=2->2 mode=NONE win=8 obs=46 | cap=wip act=(320,360) d=1.68 a=1 | sp=som:active d=1.7 age=3 dtg=4.67 region=0_2
ep=146 s=46 2790ms [sel=3 cap=2687 rest=100] sg=2->2 mode=NONE win=8 obs=47 | cap=wip act=(320,360) d=1.43 a=1 | sp=som:active d=1.4 age=4 dtg=4.89 region=0_2
ep=146 s=47 3804ms [sel=3 cap=3696 rest=105] sg=2->2 mode=NONE win=8 obs=48 | cap=wip act=(320,360) d=1.18 a=1 | sp=som:active d=1.2 age=5 dtg=5.12 region=0_2
ep=146 s=48 3456ms [sel=4 cap=3341 rest=111] sg=2->2 mode=NONE win=8 obs=49 | cap=wip act=(320,360) d=0.94 a=1 | sp=som:active d=0.9 age=6 dtg=5.35 region=0_2
ep=146 s=49 2908ms [sel=3 cap=2785 rest=120] sg=2->2 mode=NONE win=8 obs=50 | cap=wip act=(320,360) d=0.69 a=1 | sp=som:active d=0.7 age=7 dtg=5.59 region=0_2
ep=146 s=50 4958ms [sel=1872 cap=2968 rest=118] sg=2->2 mode=NONE win=8 obs=51 | cap=wip act=(320,360) d=4.68 a=3 | sp=frontier:active d=4.7 age=0 som=2/3 dtg=5.59 region=0_2
ep=146 s=51 4391ms [sel=38 cap=4236 rest=116] sg=2->2 mode=NONE win=8 obs=52 | cap=wip act=(320,360) d=4.68 a=3 | sp=frontier:active d=4.7 age=1 dtg=5.59 region=0_2
ep=146 s=52 4396ms [sel=39 cap=4249 rest=108] sg=2->2 mode=NONE win=8 obs=53 | cap=wip act=(320,360) d=4.68 a=3 | sp=frontier:active d=4.7 age=2 dtg=5.59 region=0_2
ep=146 s=53 4757ms [sel=43 cap=4602 rest=111] sg=2->2 mode=NONE win=8 obs=54 | cap=wip act=(320,360) d=4.68 a=3 | sp=frontier:active d=4.7 age=3 dtg=5.59 region=0_2
ep=146 s=54 5258ms [sel=39 cap=5124 rest=95] sg=2->2 mode=NONE win=8 obs=55 | cap=wip act=(320,360) d=4.68 a=3 | sp=frontier:active d=4.7 age=4 dtg=5.59 region=0_2
ep=146 s=55 4948ms [sel=41 cap=4832 rest=76] sg=2->2 mode=NONE win=8 obs=56 | cap=wip act=(320,360) d=4.68 a=3 | sp=frontier:active d=4.7 age=5 dtg=5.59 region=0_2
ep=146 s=56 8417ms [sel=38 cap=8290 rest=88] sg=2->2 mode=NONE win=8 obs=57 | cap=wip act=(320,360) d=4.68 a=3 | sp=frontier:active d=4.7 age=6 dtg=5.59 region=0_2
ep=146 s=57 6342ms [sel=45 cap=5852 rest=409] sg=2->2 mode=NONE win=8 obs=58 | cap=wip act=(160,180) d=3.52 a=3 | preview=view4/6 yaw=+75 render=35ms | sp=preview:active d=3.5 age=0 dtg=5.59 region=0_2
ep=146 s=58 5576ms [sel=22 cap=5458 rest=95] sg=2->2 mode=NONE win=8 obs=59 | cap=wip act=(320,360) d=3.52 a=3 | sp=preview:active d=3.5 age=1 dtg=5.59 region=0_2
ep=146 s=59 3110ms [sel=4 cap=3010 rest=96] sg=2->2 mode=NONE win=8 obs=60 | cap=wip act=(320,360) d=3.52 a=3 | sp=preview:active d=3.5 age=2 dtg=5.59 region=0_2
ep=146 s=60 7808ms [sel=18 cap=7331 rest=423] sg=2->2 mode=NONE win=8 obs=61 | cap=wip act=PREVIEW a=2 | preview=view3/6 yaw=-0 render=36ms | sp=preview:active d=3.6 age=0 dtg=5.59 region=0_2
ep=146 s=61 5533ms [sel=1921 cap=3516 rest=96] sg=2->2 mode=NONE win=8 obs=62 | cap=wip act=(320,360) d=3.04 a=3 | sp=som:active d=3.0 age=0 som=5/6 dtg=5.59 region=0_2
ep=146 s=62 3520ms [sel=3 cap=3421 rest=96] sg=2->2 mode=NONE win=8 obs=63 | cap=wip act=(320,360) d=3.04 a=1 | sp=som:active d=3.0 age=1 dtg=5.35 region=0_2
ep=146 s=63 4055ms [sel=4 cap=3953 rest=99] sg=2->2 mode=NONE win=8 obs=64 | cap=wip act=(320,360) d=2.81 a=3 | sp=som:active d=2.8 age=2 dtg=5.35 region=0_2
ep=146 s=64 4409ms [sel=3 cap=4301 rest=105] sg=2->2 mode=NONE win=8 obs=65 | cap=wip act=(320,360) d=2.81 a=3 | sp=som:active d=2.8 age=3 dtg=5.35 region=0_2
ep=146 s=65 4174ms [sel=3 cap=4069 rest=102] sg=2->2 mode=NONE win=8 obs=66 | cap=wip act=(320,360) d=2.81 a=1 | sp=som:active d=2.8 age=4 dtg=5.11 region=0_2
ep=146 s=66 4105ms [sel=3 cap=3977 rest=125] sg=2->2 mode=NONE win=8 obs=67 | cap=wip act=(320,360) d=2.56 a=1 | sp=som:active d=2.6 age=5 dtg=4.87 region=0_2
ep=146 s=67 4568ms [sel=3 cap=4464 rest=101] sg=2->2 mode=NONE win=8 obs=68 | cap=wip act=(320,360) d=2.31 a=1 | sp=som:active d=2.3 age=6 dtg=4.64 region=0_2
ep=146 s=68 4585ms [sel=3 cap=4483 rest=100] sg=2->2 mode=NONE win=8 obs=69 | cap=wip act=(320,360) d=2.06 a=1 | sp=som:active d=2.1 age=7 dtg=4.42 region=0_2
ep=146 s=69 4008ms [sel=3 cap=3908 rest=97] sg=2->2 mode=NONE win=8 obs=70 | cap=wip act=(320,360) d=1.82 a=1 | sp=som:active d=1.8 age=8 dtg=4.20 region=0_2
ep=146 s=70 4604ms [sel=4 cap=4504 rest=97] sg=2->2 mode=NONE win=8 obs=71 | cap=wip act=(320,360) d=1.57 a=1 | sp=som:active d=1.6 age=9 dtg=3.98 region=0_2
ep=146 s=71 5879ms [sel=3 cap=5771 rest=105] sg=2->2 mode=NONE win=8 obs=72 | cap=wip act=(320,360) d=1.33 a=2 | sp=som:active d=1.3 age=10 dtg=3.98 region=0_2
ep=146 s=72 4027ms [sel=3 cap=3914 rest=111] sg=2->2 mode=NONE win=8 obs=73 | cap=wip act=(320,360) d=1.33 a=1 | sp=som:active d=1.3 age=11 dtg=3.75 region=0_2
ep=146 s=73 5364ms [sel=3 cap=5273 rest=89] sg=2->2 mode=NONE win=8 obs=74 | cap=wip act=(320,360) d=1.08 a=1 | sp=som:active d=1.1 age=12 dtg=3.51 region=0_2
ep=146 s=74 3911ms [sel=3 cap=3824 rest=84] sg=2->2 mode=NONE win=8 obs=75 | cap=wip act=(320,360) d=0.83 a=1 | sp=som:active d=0.8 age=13 dtg=3.28 region=0_2
ep=146 s=75 4604ms [sel=3 cap=4517 rest=85] sg=2->2 mode=NONE win=8 obs=76 | cap=wip act=(320,360) d=0.58 a=1 | sp=som:active d=0.6 age=14 dtg=3.06 region=0_2
ep=146 s=76 6468ms [sel=2069 cap=4314 rest=85] sg=2->2 mode=NONE win=8 obs=77 | cap=wip act=(320,360) d=3.05 a=1 | sp=som:active d=3.0 age=0 som=4/6 dtg=2.85 region=0_2
ep=146 s=77 2490ms [sel=3 cap=2403 rest=85] sg=2->2 mode=NONE win=8 obs=78 | cap=wip act=(320,360) d=2.80 a=1 | sp=som:active d=2.8 age=1 dtg=2.65 region=0_2
ep=146 s=78 3134ms [sel=3 cap=3046 rest=85] sg=2->2 mode=NONE win=8 obs=79 | cap=wip act=(320,360) d=2.55 a=1 | sp=som:active d=2.5 age=2 dtg=2.47 region=0_2
ep=146 s=79 8277ms [sel=3 cap=8182 rest=92] sg=2->2 mode=NONE win=8 obs=80 | cap=wip act=(320,360) d=2.30 a=1 | sp=som:active d=2.3 age=3 dtg=2.33 region=0_17
ep=146 s=80 5638ms [sel=19 cap=5172 rest=411] sg=2->2 mode=NONE win=8 obs=81 | cap=wip act=(160,180) d=3.43 a=1 | preview=view3/6 yaw=+0 render=36ms | sp=preview:active d=3.4 age=0 dtg=2.25 region=0_17
ep=146 s=81 4286ms [sel=3 cap=4193 rest=90] sg=2->2 mode=NONE win=8 obs=82 | cap=wip act=(320,360) d=3.18 a=1 | sp=preview:active d=3.2 age=1 dtg=2.20 region=0_17
ep=146 s=82 5650ms [sel=3 cap=5551 rest=96] sg=2->2 mode=NONE win=8 obs=83 | cap=wip act=(320,360) d=2.93 a=1 | sp=preview:active d=2.9 age=2 dtg=2.18 region=0_17
ep=146 s=83 4114ms [sel=3 cap=4008 rest=103] sg=2->2 mode=NONE win=8 obs=84 | cap=wip act=(320,360) d=2.69 a=1 | sp=preview:active d=2.7 age=3 dtg=2.19 region=0_17
ep=146 s=84 4093ms [sel=4 cap=3975 rest=114] sg=2->2 mode=NONE win=8 obs=85 | cap=wip act=(320,360) d=2.44 a=1 | sp=preview:active d=2.4 age=4 dtg=2.22 region=0_17
ep=146 s=85 3530ms [sel=3 cap=3416 rest=112] sg=2->2 mode=NONE win=8 obs=86 | cap=wip act=(320,360) d=2.19 a=1 | sp=preview:active d=2.2 age=5 dtg=2.28 region=0_17
ep=146 s=86 3742ms [sel=3 cap=3632 rest=107] sg=2->2 mode=NONE win=8 obs=87 | cap=wip act=(320,360) d=1.94 a=1 | sp=preview:active d=1.9 age=6 dtg=2.39 region=0_17
ep=146 s=87 4658ms [sel=3 cap=4548 rest=107] sg=2->2 mode=NONE win=8 obs=88 | cap=wip act=(320,360) d=1.69 a=1 | sp=preview:active d=1.7 age=7 dtg=2.54 region=0_17
ep=146 s=88 3966ms [sel=3 cap=3854 rest=110] sg=2->2 mode=NONE win=8 obs=89 | cap=wip act=(320,360) d=1.45 a=1 | sp=preview:active d=1.4 age=8 dtg=2.73 region=0_17
ep=146 s=89 5519ms [sel=3 cap=5407 rest=109] sg=2->2 mode=NONE win=8 obs=90 | cap=wip act=(320,360) d=1.20 a=1 | sp=preview:active d=1.2 age=9 dtg=2.93 region=0_17
ep=146 s=90 4158ms [sel=3 cap=4051 rest=104] sg=2->2 mode=NONE win=8 obs=91 | cap=wip act=(320,360) d=0.96 a=1 | sp=preview:active d=1.0 age=10 dtg=3.15 region=0_17
ep=146 s=91 5552ms [sel=3 cap=5447 rest=102] sg=2->2 mode=NONE win=8 obs=92 | cap=wip act=(320,360) d=0.72 a=2 | sp=preview:active d=0.7 age=11 dtg=3.15 region=0_17
ep=146 s=92 5446ms [sel=1299 cap=4045 rest=103] sg=2->2 mode=NONE win=8 obs=93 | cap=wip act=(320,360) d=2.98 a=1 | sp=som:active d=3.0 age=0 som=1/8 dtg=3.35 region=0_17
ep=146 s=93 3073ms [sel=3 cap=2964 rest=106] sg=2->2 mode=NONE win=8 obs=94 | cap=wip act=(320,360) d=2.74 a=3 | sp=som:active d=2.7 age=1 dtg=3.35 region=0_17
ep=146 s=94 4148ms [sel=3 cap=4043 rest=103] sg=2->2 mode=NONE win=8 obs=95 | cap=wip act=(320,360) d=2.74 a=1 | sp=som:active d=2.7 age=2 dtg=3.59 region=0_17
ep=146 s=95 4652ms [sel=3 cap=4548 rest=101] sg=2->2 mode=NONE win=8 obs=96 | cap=wip act=(320,360) d=2.49 a=1 | sp=som:active d=2.5 age=3 dtg=3.82 region=0_17
ep=146 s=96 4407ms [sel=3 cap=4304 rest=100] sg=2->2 mode=NONE win=8 obs=97 | cap=wip act=(320,360) d=2.24 a=1 | sp=som:active d=2.2 age=4 dtg=4.07 region=0_17
ep=146 s=97 2923ms [sel=3 cap=2821 rest=99] sg=2->2 mode=NONE win=8 obs=98 | cap=wip act=(320,360) d=1.99 a=1 | sp=som:active d=2.0 age=5 dtg=4.31 region=0_17
ep=146 s=98 3077ms [sel=4 cap=2978 rest=95] sg=2->2 mode=NONE win=8 obs=99 | cap=wip act=(320,360) d=1.74 a=1 | sp=som:active d=1.7 age=6 dtg=4.55 region=0_17
ep=146 s=99 5206ms [sel=3 cap=5109 rest=95] sg=2->2 mode=NONE win=8 obs=100 | cap=wip act=(320,360) d=1.49 a=1 | sp=som:active d=1.5 age=7 dtg=4.80 region=0_17
ep=146 s=100 5406ms [sel=1307 cap=3996 rest=103] sg=2->2 mode=NONE win=8 obs=101 | cap=wip act=(320,360) d=3.05 a=1 | sp=som:active d=3.0 age=0 som=1/8 dtg=5.04 region=0_17
ep=146 s=101 2263ms [sel=4 cap=2152 rest=108] sg=2->2 mode=NONE win=8 obs=102 | cap=wip act=(320,360) d=2.80 a=1 | sp=som:active d=2.8 age=1 dtg=5.29 region=0_17
ep=146 s=102 4434ms [sel=3 cap=4319 rest=112] sg=2->2 mode=NONE win=8 obs=103 | cap=wip act=(320,360) d=2.55 a=2 | sp=som:active d=2.5 age=2 dtg=5.29 region=0_17
ep=146 s=103 6782ms [sel=4 cap=6669 rest=109] sg=2->2 mode=NONE win=8 obs=104 | cap=wip act=(320,360) d=2.55 a=1 | sp=som:active d=2.5 age=3 dtg=5.52 region=0_17
ep=146 s=104 4581ms [sel=3 cap=4461 rest=117] sg=2->2 mode=NONE win=8 obs=105 | cap=wip act=(320,360) d=2.30 a=1 | sp=som:active d=2.3 age=4 dtg=5.75 region=0_17
ep=146 s=105 3433ms [sel=3 cap=3324 rest=106] sg=2->2 mode=NONE win=8 obs=106 | cap=wip act=(320,360) d=2.06 a=1 | sp=som:active d=2.1 age=5 dtg=5.98 region=0_17
ep=146 s=106 4809ms [sel=4 cap=4693 rest=112] sg=2->2 mode=NONE win=8 obs=107 | cap=wip act=(320,360) d=1.81 a=1 | sp=som:active d=1.8 age=6 dtg=6.22 region=0_17
ep=146 s=107 4278ms [sel=4 cap=4167 rest=107] sg=2->2 mode=NONE win=8 obs=108 | cap=wip act=(320,360) d=1.57 a=1 | sp=som:active d=1.6 age=7 dtg=6.46 region=0_17
ep=146 s=108 4872ms [sel=3 cap=4761 rest=108] sg=2->2 mode=NONE win=8 obs=109 | cap=wip act=(320,360) d=1.33 a=3 | sp=som:active d=1.3 age=8 dtg=6.46 region=0_17
ep=146 s=109 4652ms [sel=3 cap=4539 rest=109] sg=2->2 mode=NONE win=8 obs=110 | cap=wip act=(320,360) d=1.33 a=1 | sp=som:active d=1.3 age=9 dtg=6.71 region=0_17
ep=146 s=110 4498ms [sel=3 cap=4389 rest=106] sg=2->2 mode=NONE win=8 obs=111 | cap=wip act=(320,360) d=1.08 a=1 | sp=som:active d=1.1 age=10 dtg=6.96 region=0_17
ep=146 s=111 6078ms [sel=3 cap=5967 rest=108] sg=2->2 mode=NONE win=8 obs=112 | cap=wip act=(320,360) d=0.83 a=1 | sp=som:active d=0.8 age=11 dtg=7.21 region=0_17
ep=146 s=112 6266ms [sel=1192 cap=4964 rest=110] sg=2->3 mode=NONE win=8 obs=113 | cap=DONE act=(320,360) d=2.98 a=1 | sp=som:active d=3.0 age=0 som=3/8 dtg=7.46 region=0_17
ep=146 s=113 3729ms [sel=3 cap=3614 rest=112] sg=3->3 mode=NONE win=8 obs=114 | cap=wip act=(320,360) d=2.73 a=1 | sp=som:active d=2.7 age=1 dtg=7.71 region=0_17
ep=146 s=114 4809ms [sel=4 cap=4695 rest=110] sg=3->3 mode=NONE win=8 obs=115 | cap=wip act=(320,360) d=2.48 a=1 | sp=som:active d=2.5 age=2 dtg=7.95 region=0_19
ep=146 s=115 5140ms [sel=3 cap=5022 rest=116] sg=3->3 mode=NONE win=8 obs=116 | cap=wip act=(320,360) d=2.23 a=1 | sp=som:active d=2.2 age=3 dtg=8.20 region=0_19
ep=146 s=116 5736ms [sel=3 cap=5625 rest=108] sg=3->3 mode=NONE win=8 obs=117 | cap=wip act=(320,360) d=1.98 a=1 | sp=som:active d=2.0 age=4 dtg=8.45 region=0_19
ep=146 s=117 4982ms [sel=3 cap=4869 rest=110] sg=3->3 mode=NONE win=8 obs=118 | cap=wip act=(320,360) d=1.73 a=1 | sp=som:active d=1.7 age=5 dtg=8.70 region=0_19
ep=146 s=118 4460ms [sel=4 cap=4347 rest=109] sg=3->3 mode=NONE win=8 obs=119 | cap=wip act=(320,360) d=1.48 a=1 | sp=som:active d=1.5 age=6 dtg=8.95 region=0_19
ep=146 s=119 6212ms [sel=3 cap=6092 rest=117] sg=3->3 mode=NONE win=8 obs=120 | cap=wip act=(320,360) d=1.23 a=1 | sp=som:active d=1.2 age=7 dtg=9.20 region=0_19
ep=146 s=120 4936ms [sel=3 cap=4820 rest=113] sg=3->3 mode=NONE win=8 obs=121 | cap=wip act=(320,360) d=0.98 a=1 | sp=som:active d=1.0 age=8 dtg=9.45 region=0_19
ep=146 s=121 5421ms [sel=3 cap=5306 rest=112] sg=3->3 mode=NONE win=8 obs=122 | cap=wip act=(320,360) d=0.73 a=1 | sp=som:active d=0.7 age=9 dtg=9.70 region=0_19
ep=146 s=122 6643ms [sel=1580 cap=4951 rest=112] sg=3->3 mode=NONE win=8 obs=123 | cap=wip act=(320,360) d=3.00 a=1 | sp=som:active d=3.0 age=0 som=2/8 dtg=9.95 region=0_19
ep=146 s=123 4121ms [sel=3 cap=4002 rest=116] sg=3->3 mode=NONE win=8 obs=124 | cap=wip act=(320,360) d=2.75 a=3 | sp=som:active d=2.7 age=1 dtg=9.95 region=0_19
ep=146 s=124 4582ms [sel=4 cap=4465 rest=113] sg=3->3 mode=NONE win=8 obs=125 | cap=wip act=(320,360) d=2.75 a=1 | sp=som:active d=2.7 age=2 dtg=9.94 region=0_19
ep=146 s=125 4601ms [sel=4 cap=4481 rest=117] sg=3->3 mode=NONE win=8 obs=126 | cap=wip act=(320,360) d=2.50 a=1 | sp=som:active d=2.5 age=3 dtg=10.14 region=0_9
ep=146 s=126 4832ms [sel=5 cap=4706 rest=121] sg=3->3 mode=NONE win=8 obs=127 | cap=wip act=(320,360) d=2.25 a=1 | sp=som:active d=2.3 age=4 dtg=10.35 region=0_9
ep=146 s=127 3827ms [sel=4 cap=3702 rest=122] sg=3->3 mode=NONE win=8 obs=128 | cap=wip act=(320,360) d=2.01 a=1 | sp=som:active d=2.0 age=5 dtg=10.56 region=0_9
ep=146 s=128 4353ms [sel=3 cap=4227 rest=123] sg=3->3 mode=NONE win=8 obs=129 | cap=wip act=(320,360) d=1.76 a=1 | sp=som:active d=1.8 age=6 dtg=10.79 region=0_9
ep=146 s=129 4361ms [sel=4 cap=4234 rest=123] sg=3->3 mode=NONE win=8 obs=130 | cap=wip act=(320,360) d=1.52 a=1 | sp=som:active d=1.5 age=7 dtg=11.01 region=0_9
ep=146 s=130 4701ms [sel=3 cap=4574 rest=124] sg=3->3 mode=NONE win=8 obs=131 | cap=wip act=(320,360) d=1.28 a=2 | sp=som:active d=1.3 age=8 dtg=11.01 region=0_9
ep=146 s=131 2607ms [sel=3 cap=2480 rest=124] sg=3->3 mode=NONE win=8 obs=132 | cap=wip act=(320,360) d=1.28 a=1 | sp=som:active d=1.3 age=9 dtg=11.21 region=0_9
ep=146 s=132 3312ms [sel=4 cap=3188 rest=120] sg=3->3 mode=NONE win=8 obs=133 | cap=wip act=(320,360) d=1.03 a=1 | sp=som:active d=1.0 age=10 dtg=11.41 region=0_9
ep=146 s=133 4637ms [sel=4 cap=4499 rest=135] sg=3->3 mode=NONE win=8 obs=134 | cap=wip act=(320,360) d=0.78 a=1 | sp=som:active d=0.8 age=11 dtg=11.63 region=0_9
ep=146 s=134 5610ms [sel=4 cap=5487 rest=119] sg=3->3 mode=NONE win=8 obs=135 | cap=wip act=(320,360) d=0.53 a=1 | sp=som:active d=0.5 age=12 dtg=11.85 region=0_9
ep=146 s=135 7808ms [sel=1287 cap=6400 rest=120] sg=3->3 mode=NONE win=8 obs=136 | cap=wip act=(320,360) d=2.08 a=1 | sp=som:active d=2.1 age=0 som=2/7 dtg=12.08 region=0_9
ep=146 s=136 3066ms [sel=3 cap=2950 rest=113] sg=3->3 mode=NONE win=8 obs=137 | cap=wip act=(320,360) d=1.83 a=1 | sp=som:active d=1.8 age=1 dtg=12.32 region=0_9
ep=146 s=137 4961ms [sel=3 cap=4841 rest=117] sg=3->3 mode=NONE win=8 obs=138 | cap=wip act=(320,360) d=1.58 a=1 | sp=som:active d=1.6 age=2 dtg=12.57 region=0_9
ep=146 s=138 4793ms [sel=3 cap=4675 rest=115] sg=3->3 mode=NONE win=8 obs=139 | cap=wip act=(320,360) d=1.33 a=1 | sp=som:active d=1.3 age=3 dtg=12.81 region=0_9
ep=146 s=139 5711ms [sel=621 cap=4978 rest=112] sg=3->4 mode=NONE win=8 obs=140 | cap=DONE act=(320,360) d=1.08 a=1 | sp=som:active d=1.1 age=0 som=2/5 dtg=13.06 region=0_9
ep=146 s=140 4998ms [sel=3 cap=4883 rest=113] sg=4->4 mode=NONE win=8 obs=141 | cap=wip act=(320,360) d=0.83 a=1 | sp=som:active d=0.8 age=1 dtg=13.31 region=0_9
ep=146 s=141 4747ms [sel=4 cap=4626 rest=117] sg=4->4 mode=NONE win=8 obs=142 | cap=wip act=(320,360) d=0.58 a=1 | sp=som:active d=0.6 age=2 dtg=13.55 region=0_9
ep=146 s=142 8556ms [sel=1206 cap=7215 rest=135] sg=4->4 mode=NONE win=8 obs=143 | cap=wip act=(311,424) d=1.16 a=1 | sp=straight_ahead:reached d=0.3 age=0 som=1/4 dtg=13.80 region=0_9
ep=146 s=143 5137ms [sel=82 cap=4901 rest=154] sg=4->4 mode=NONE win=8 obs=144 | cap=wip act=(320,360) d=2.09 a=2 | sp=frontier:active d=2.1 age=0 dtg=13.80 region=0_9
ep=146 s=144 10116ms [sel=53 cap=9921 rest=142] sg=4->4 mode=NONE win=8 obs=145 | cap=wip act=(320,360) d=2.09 a=2 | sp=frontier:active d=2.1 age=1 dtg=13.80 region=0_9
ep=146 s=145 3095ms [sel=55 cap=2890 rest=149] sg=4->4 mode=NONE win=8 obs=146 | cap=wip act=(320,360) d=2.09 a=2 | sp=frontier:active d=2.1 age=2 dtg=13.80 region=0_9
ep=146 s=146 6433ms [sel=57 cap=6239 rest=137] sg=4->4 mode=NONE win=8 obs=147 | cap=wip act=(320,360) d=2.09 a=2 | sp=frontier:active d=2.1 age=3 dtg=13.80 region=0_9
ep=146 s=147 9033ms [sel=53 cap=8849 rest=131] sg=4->4 mode=NONE win=8 obs=148 | cap=wip act=(320,360) d=2.09 a=2 | sp=frontier:active d=2.1 age=4 dtg=13.80 region=0_9
ep=146 s=148 3438ms [sel=79 cap=2857 rest=467] sg=4->4 mode=NONE win=8 obs=149 | cap=wip act=(320,360) d=2.09 a=2 | preview=view-/6 yaw=+0 render=35ms | sp=frontier:active d=2.1 age=5 dtg=13.80 region=0_9
ep=146 s=149 4882ms [sel=48 cap=4711 rest=123] sg=4->4 mode=NONE win=8 obs=150 | cap=wip act=(320,360) d=2.09 a=2 | sp=frontier:active d=2.1 age=6 dtg=13.80 region=0_9
ep=146 s=150 2636ms [sel=56 cap=2450 rest=130] sg=4->4 mode=NONE win=8 obs=151 | cap=wip act=(320,360) d=2.09 a=2 | sp=frontier:active d=2.1 age=7 dtg=13.80 region=0_9
ep=146 s=151 5273ms [sel=30 cap=5119 rest=124] sg=4->4 mode=NONE win=8 obs=152 | cap=wip act=(320,360) d=2.09 a=2 | sp=frontier:active d=2.1 age=8 dtg=13.80 region=0_9
ep=146 s=152 6844ms [sel=19 cap=6717 rest=108] sg=4->4 mode=NONE win=8 obs=153 | cap=wip act=(320,360) d=2.09 a=2 | sp=frontier:active d=2.1 age=9 dtg=13.80 region=0_9
ep=146 s=153 6771ms [sel=6 cap=6654 rest=112] sg=4->4 mode=NONE win=8 obs=154 | cap=wip act=(320,360) d=2.09 a=2 | sp=frontier:active d=2.1 age=10 dtg=13.80 region=0_9
ep=146 s=154 6495ms [sel=10 cap=6368 rest=117] sg=4->4 mode=NONE win=8 obs=155 | cap=wip act=(320,360) d=2.09 a=1 | sp=frontier:active d=2.1 age=11 dtg=13.56 region=0_9
ep=146 s=155 4437ms [sel=12 cap=4310 rest=116] sg=4->4 mode=NONE win=8 obs=156 | cap=wip act=(320,360) d=1.99 a=2 | sp=frontier:active d=2.0 age=12 dtg=13.56 region=0_9
ep=146 s=156 5883ms [sel=18 cap=5747 rest=118] sg=4->4 mode=NONE win=8 obs=157 | cap=wip act=(320,360) d=1.99 a=1 | sp=frontier:active d=2.0 age=13 dtg=13.31 region=0_9
ep=146 s=157 4620ms [sel=21 cap=4486 rest=113] sg=4->4 mode=NONE win=8 obs=158 | cap=wip act=(320,360) d=1.98 a=1 | sp=frontier:active d=2.0 age=14 dtg=13.06 region=0_9
ep=146 s=158 4171ms [sel=21 cap=4032 rest=118] sg=4->4 mode=NONE win=8 obs=159 | cap=wip act=(320,360) d=2.00 a=1 | sp=frontier:active d=2.0 age=15 dtg=12.81 region=0_9
ep=146 s=159 6190ms [sel=23 cap=6045 rest=123] sg=4->4 mode=NONE win=8 obs=160 | cap=wip act=(320,360) d=2.06 a=1 | sp=frontier:active d=2.1 age=16 dtg=12.56 region=0_9
ep=146 s=160 3512ms [sel=23 cap=3372 rest=117] sg=4->4 mode=NONE win=8 obs=161 | cap=wip act=(320,360) d=2.14 a=1 | sp=frontier:active d=2.1 age=17 dtg=12.32 region=0_9
ep=146 s=161 4567ms [sel=26 cap=4426 rest=115] sg=4->4 mode=NONE win=8 obs=162 | cap=wip act=(320,360) d=2.25 a=1 | sp=frontier:active d=2.2 age=18 dtg=12.07 region=0_9
ep=146 s=162 5347ms [sel=26 cap=5202 rest=119] sg=4->4 mode=NONE win=8 obs=163 | cap=wip act=(320,360) d=2.38 a=1 | sp=frontier:active d=2.4 age=19 dtg=11.83 region=0_9
ep=146 s=163 4918ms [sel=28 cap=4750 rest=140] sg=4->4 mode=NONE win=8 obs=164 | cap=wip act=(320,360) d=2.53 a=1 | sp=frontier:active d=2.5 age=20 dtg=11.60 region=0_9
ep=146 s=164 3899ms [sel=29 cap=3759 rest=111] sg=4->4 mode=NONE win=8 obs=165 | cap=wip act=(320,360) d=2.69 a=1 | sp=frontier:active d=2.7 age=21 dtg=11.39 region=0_9
ep=146 s=165 3397ms [sel=29 cap=3258 rest=109] sg=4->4 mode=NONE win=8 obs=166 | cap=wip act=(320,360) d=2.86 a=1 | sp=frontier:active d=2.9 age=22 dtg=11.18 region=0_9
ep=146 s=166 4627ms [sel=30 cap=4485 rest=111] sg=4->4 mode=NONE win=8 obs=167 | cap=wip act=(320,360) d=3.05 a=3 | sp=frontier:active d=3.0 age=23 dtg=11.18 region=0_9
ep=146 s=167 7259ms [sel=2110 cap=5013 rest=136] sg=4->4 mode=NONE win=8 obs=168 | cap=wip act=(320,360) d=2.61 a=2 | sp=som:active d=2.6 age=0 som=4/8 dtg=11.18 region=0_9
ep=146 s=168 4004ms [sel=3 cap=3898 rest=103] sg=4->4 mode=NONE win=8 obs=169 | cap=wip act=(320,360) d=2.61 a=1 | sp=som:active d=2.6 age=1 dtg=10.98 region=0_9
ep=146 s=169 14355ms [sel=3 cap=13782 rest=534] sg=4->4 mode=NONE win=8 obs=170 | cap=wip act=(320,360) d=2.36 a=3 | preview=view-/6 yaw=+0 render=36ms | sp=som:active d=2.4 age=2 dtg=10.98 region=0_9
ep=146 s=170 7518ms [sel=4 cap=7412 rest=102] sg=4->4 mode=NONE win=8 obs=171 | cap=wip act=(320,360) d=2.36 a=1 | sp=som:active d=2.4 age=3 dtg=10.75 region=0_9
ep=146 s=171 6316ms [sel=4 cap=6208 rest=104] sg=4->4 mode=NONE win=8 obs=172 | cap=wip act=(320,360) d=2.11 a=1 | sp=som:active d=2.1 age=4 dtg=10.53 region=0_9
ep=146 s=172 11614ms [sel=4 cap=11033 rest=539] sg=4->4 mode=NONE win=8 obs=173 | cap=wip act=(320,360) d=1.87 a=1 | preview=view-/6 yaw=+0 render=38ms | sp=som:active d=1.9 age=5 dtg=10.31 region=0_9
ep=146 s=173 8109ms [sel=3 cap=8002 rest=104] sg=4->4 mode=NONE win=8 obs=174 | cap=wip act=(320,360) d=1.62 a=2 | sp=som:active d=1.6 age=6 dtg=10.31 region=0_9
ep=146 s=174 12527ms [sel=3 cap=12419 rest=104] sg=4->4 mode=NONE win=8 obs=175 | cap=wip act=(320,360) d=1.62 a=1 | sp=som:active d=1.6 age=7 dtg=10.14 region=0_9
ep=146 s=175 8725ms [sel=903 cap=7271 rest=514] sg=4->None mode=NONE win=8 obs=176 | cap=DONE act=(320,360) d=1.00 a=1 | preview=view-/6 yaw=+0 render=38ms | sp=som:active d=1.4 age=8 ovr=1 door_evts=3 dtg=9.99 region=0_19
ep=146 s=176 102ms [sel=4 cap=0 rest=97] sg=None->None mode=NONE win=8 obs=177 | cap=- act=(320,360) d=1.00 a=1 | sp=som:active d=1.1 age=9 ovr=1 door_evts=3 dtg=9.94 region=0_19
ep=146 s=177 104ms [sel=4 cap=0 rest=100] sg=None->None mode=NONE win=8 obs=178 | cap=- act=(320,360) d=1.00 a=1 | sp=som:active d=0.9 age=10 ovr=1 door_evts=3 dtg=9.69 region=0_19
ep=146 s=178 98ms [sel=0 cap=0 rest=98] sg=None->None mode=NONE win=8 obs=179 | cap=- act=STOP | sp=som:active d=0.6 age=11 ovr=1 door_evts=3 dtg=9.69 region=0_19
rank=1 [3/17] id=146 steps=179 success=0.000 spl=0.000 dtg=9.69 osr=1 path_length=33.50 ndtw=0.001 sdtw=0.000
episode=247 instruction="So just go straight on to the hallway that's on the right. Then turn right and follow that hallway along, and once you're at the end of the hallway turn slightly left and head into the living room, and stop at the couch." start_position=[1.6058199405670166, 0.17162801325321198, -3.821429967880249] goal_position=[6.924980163574219, 0.17162801325321198, 1.1728399991989136] reference_geodesic=7.783293724060059
episode=247 prepared_subgoals=3
  [1] Go straight ahead to the hallway on the right
      proof: The ahead to the hallway on the right is beside or directly ahead of the camera, within a step; the camera has not yet turned right.
  [2] Turn right at the hallway junction, then follow the hallway to its end
      proof: The end of the hallway is directly ahead, and the living room is visible beyond it.
  [3] Turn slightly left into the living room, then stop beside the couch
      proof: The couch is directly beside or ahead of the camera, within a step, and the camera has stopped
ep=247 s=0 9845ms [sel=5 cap=9343 rest=456] sg=1->1 mode=NONE win=1 obs=1 | cap=wip act=PREVIEW a=2 | preview=view3/6 yaw=+45 render=41ms dtg=7.78 region=0_18
ep=247 s=1 6594ms [sel=3934 cap=2556 rest=104] sg=1->1 mode=NONE win=2 obs=2 | cap=wip act=(320,360) d=2.95 a=3 | sp=som:active d=3.0 age=0 som=3/7 dtg=7.78 region=0_18
ep=247 s=2 7923ms [sel=6 cap=7814 rest=103] sg=1->1 mode=NONE win=3 obs=3 | cap=wip act=(320,360) d=2.95 a=3 | sp=som:active d=3.0 age=1 dtg=7.78 region=0_18
ep=247 s=3 5503ms [sel=6 cap=5397 rest=101] sg=1->1 mode=NONE win=4 obs=4 | cap=wip act=(320,360) d=2.95 a=3 | sp=som:active d=3.0 age=2 dtg=7.78 region=0_18
ep=247 s=4 5917ms [sel=34 cap=5378 rest=469] sg=1->1 mode=NONE win=5 obs=5 | cap=wip act=(160,180) d=2.45 a=3 | preview=view1/6 yaw=-60 render=36ms | sp=preview:active d=2.5 age=0 dtg=7.78 region=0_18
ep=247 s=5 7988ms [sel=6 cap=7877 rest=105] sg=1->1 mode=NONE win=6 obs=6 | cap=wip act=(320,360) d=2.45 a=3 | sp=preview:active d=2.5 age=1 dtg=7.78 region=0_18
ep=247 s=6 5910ms [sel=6 cap=5797 rest=107] sg=1->1 mode=NONE win=7 obs=7 | cap=wip act=(320,360) d=2.45 a=3 | sp=preview:active d=2.5 age=2 dtg=7.78 region=0_18
ep=247 s=7 6079ms [sel=6 cap=5970 rest=104] sg=1->1 mode=NONE win=8 obs=8 | cap=wip act=(320,360) d=2.45 a=3 | sp=preview:active d=2.5 age=3 dtg=7.78 region=0_18
ep=247 s=8 3367ms [sel=6 cap=3258 rest=103] sg=1->1 mode=NONE win=8 obs=9 | cap=wip act=(320,360) d=2.45 a=3 | sp=preview:active d=2.5 age=4 dtg=7.78 region=0_18
ep=247 s=9 5487ms [sel=6 cap=5379 rest=102] sg=1->1 mode=NONE win=8 obs=10 | cap=wip act=(320,360) d=2.45 a=3 | sp=preview:active d=2.5 age=5 dtg=7.78 region=0_18
ep=247 s=10 3569ms [sel=8 cap=3039 rest=485] sg=1->1 mode=NONE win=8 obs=11 | cap=wip act=(320,360) d=2.45 a=3 | preview=view-/6 yaw=+0 render=37ms | sp=preview:active d=2.5 age=6 dtg=7.78 region=0_18
ep=247 s=11 2463ms [sel=4 cap=2367 rest=93] sg=1->1 mode=NONE win=8 obs=12 | cap=wip act=(320,360) d=2.45 a=3 | sp=preview:active d=2.5 age=7 dtg=7.78 region=0_18
ep=247 s=12 2617ms [sel=4 cap=2517 rest=96] sg=1->1 mode=NONE win=8 obs=13 | cap=wip act=(320,360) d=2.45 a=1 | sp=preview:active d=2.5 age=8 dtg=7.54 region=0_18
ep=247 s=13 2692ms [sel=4 cap=2600 rest=88] sg=1->1 mode=NONE win=8 obs=14 | cap=wip act=(320,360) d=2.70 a=1 | sp=preview:active d=2.7 age=9 dtg=7.30 region=0_18
ep=247 s=14 3237ms [sel=4 cap=3118 rest=115] sg=1->1 mode=NONE win=8 obs=15 | cap=wip act=(320,360) d=2.95 a=1 | sp=preview:active d=3.0 age=10 dtg=7.07 region=0_18
ep=247 s=15 3840ms [sel=4 cap=3720 rest=116] sg=1->1 mode=NONE win=8 obs=16 | cap=wip act=(320,360) d=3.20 a=1 | sp=preview:active d=3.2 age=11 dtg=6.85 region=0_18
ep=247 s=16 4087ms [sel=22 cap=3971 rest=94] sg=1->1 mode=NONE win=8 obs=17 | cap=wip act=(320,360) d=3.45 a=1 | sp=preview:active d=3.5 age=12 dtg=6.66 region=0_18
ep=247 s=17 3226ms [sel=7 cap=3131 rest=88] sg=1->1 mode=NONE win=8 obs=18 | cap=wip act=(320,360) d=3.70 a=3 | sp=preview:active d=3.7 age=13 dtg=6.66 region=0_18
ep=247 s=18 3332ms [sel=5 cap=3242 rest=86] sg=1->1 mode=NONE win=8 obs=19 | cap=wip act=(320,360) d=3.70 a=1 | sp=preview:active d=3.7 age=14 dtg=6.46 region=0_18
ep=247 s=19 7324ms [sel=8 cap=7224 rest=92] sg=1->1 mode=NONE win=8 obs=20 | cap=wip act=(320,360) d=3.94 a=3 | sp=preview:active d=3.9 age=15 dtg=6.46 region=0_18
ep=247 s=20 3480ms [sel=4 cap=3385 rest=91] sg=1->1 mode=NONE win=8 obs=21 | cap=wip act=(320,360) d=3.94 a=1 | sp=preview:active d=3.9 age=16 dtg=6.25 region=0_18
ep=247 s=21 4878ms [sel=4 cap=4784 rest=89] sg=1->1 mode=NONE win=8 obs=22 | cap=wip act=(320,360) d=4.16 a=1 | sp=preview:active d=4.2 age=17 dtg=6.06 region=0_18
ep=247 s=22 1604ms [sel=5 cap=1511 rest=87] sg=1->1 mode=NONE win=8 obs=23 | cap=wip act=(320,360) d=4.38 a=3 | sp=preview:active d=4.4 age=18 dtg=6.06 region=0_18
ep=247 s=23 4183ms [sel=19 cap=4075 rest=89] sg=1->1 mode=NONE win=8 obs=24 | cap=wip act=(320,360) d=4.38 a=1 | sp=preview:active d=4.4 age=19 dtg=5.84 region=0_18
ep=247 s=24 6148ms [sel=974 cap=5087 rest=88] sg=1->1 mode=NONE win=8 obs=25 | cap=wip act=(320,360) d=3.05 a=3 | sp=som:active d=3.1 age=0 som=3/8 dtg=5.84 region=0_18
ep=247 s=25 4923ms [sel=3 cap=4827 rest=93] sg=1->1 mode=NONE win=8 obs=26 | cap=wip act=(320,360) d=3.05 a=1 | sp=som:active d=3.1 age=1 dtg=5.60 region=0_18
ep=247 s=26 4481ms [sel=3 cap=4383 rest=95] sg=1->1 mode=NONE win=8 obs=27 | cap=wip act=(320,360) d=2.81 a=3 | sp=som:active d=2.8 age=2 dtg=5.60 region=0_18
ep=247 s=27 5675ms [sel=3 cap=5573 rest=99] sg=1->1 mode=NONE win=8 obs=28 | cap=wip act=(320,360) d=2.81 a=1 | sp=som:active d=2.8 age=3 dtg=5.35 region=0_18
ep=247 s=28 6854ms [sel=3 cap=6755 rest=97] sg=1->1 mode=NONE win=8 obs=29 | cap=wip act=(320,360) d=2.56 a=1 | sp=som:active d=2.6 age=4 dtg=5.10 region=0_18
ep=247 s=29 5170ms [sel=3 cap=5077 rest=90] sg=1->1 mode=NONE win=8 obs=30 | cap=wip act=(320,360) d=2.31 a=3 | sp=som:active d=2.3 age=5 dtg=5.10 region=0_18
ep=247 s=30 4406ms [sel=5 cap=4303 rest=99] sg=1->1 mode=NONE win=8 obs=31 | cap=wip act=(320,360) d=2.31 a=1 | sp=som:active d=2.3 age=6 dtg=4.85 region=0_18
ep=247 s=31 4544ms [sel=3 cap=4444 rest=97] sg=1->1 mode=NONE win=8 obs=32 | cap=wip act=(320,360) d=2.07 a=1 | sp=som:active d=2.1 age=7 dtg=4.61 region=0_18
ep=247 s=32 3379ms [sel=3 cap=3295 rest=81] sg=1->1 mode=NONE win=8 obs=33 | cap=wip act=(320,360) d=1.83 a=1 | sp=som:active d=1.8 age=8 dtg=4.38 region=0_18
ep=247 s=33 4846ms [sel=3 cap=4763 rest=80] sg=1->1 mode=NONE win=8 obs=34 | cap=wip act=(320,360) d=1.59 a=1 | sp=som:active d=1.6 age=9 dtg=4.15 region=0_18
ep=247 s=34 5794ms [sel=0 cap=5712 rest=82] sg=1->2 mode=NONE win=8 obs=35 | cap=DONE act=TURN request=+45deg execute=+15deg x1 a=3 | sp=som:active d=1.4 age=10 door_evts=1 dtg=4.15 region=0_18
ep=247 s=35 4481ms [sel=0 cap=4402 rest=79] sg=2->2 mode=NONE win=8 obs=36 | cap=wip act=TURN request=+45deg execute=+15deg x1 a=3 | sp=- door_evts=1 dtg=4.15 region=0_18
ep=247 s=36 4666ms [sel=0 cap=4596 rest=71] sg=2->2 mode=NONE win=8 obs=37 | cap=wip act=TURN request=+45deg execute=+15deg x1 a=3 | sp=- door_evts=1 dtg=4.15 region=0_18
ep=247 s=37 3017ms [sel=0 cap=2948 rest=68] sg=2->2 mode=NONE win=8 obs=38 | cap=wip act=TURN request=+45deg execute=+15deg x1 a=3 | sp=- door_evts=1 dtg=4.15 region=0_18
ep=247 s=38 3141ms [sel=0 cap=3073 rest=68] sg=2->2 mode=NONE win=8 obs=39 | cap=wip act=TURN request=+45deg execute=+15deg x1 a=3 | sp=- door_evts=1 dtg=4.15 region=0_18
ep=247 s=39 7050ms [sel=1180 cap=5796 rest=74] sg=2->2 mode=NONE win=8 obs=40 | cap=wip act=(320,360) d=1.11 a=2 | sp=som:active d=1.1 age=0 som=2/8 dtg=4.15 region=0_18
ep=247 s=40 4588ms [sel=9 cap=4512 rest=68] sg=2->2 mode=NONE win=8 obs=41 | cap=wip act=(320,360) d=1.11 a=2 | sp=som:active d=1.1 age=1 dtg=4.15 region=0_18
ep=247 s=41 4006ms [sel=4 cap=3933 rest=69] sg=2->2 mode=NONE win=8 obs=42 | cap=wip act=(320,360) d=1.11 a=2 | sp=som:active d=1.1 age=2 dtg=4.15 region=0_18
ep=247 s=42 5042ms [sel=4 cap=4967 rest=71] sg=2->2 mode=NONE win=8 obs=43 | cap=wip act=(320,360) d=1.11 a=2 | sp=som:active d=1.1 age=3 dtg=4.15 region=0_18
ep=247 s=43 5303ms [sel=4 cap=5219 rest=79] sg=2->2 mode=NONE win=8 obs=44 | cap=wip act=(320,360) d=1.11 a=1 | sp=som:active d=1.1 age=4 dtg=3.98 region=0_18
ep=247 s=44 3968ms [sel=4 cap=3886 rest=79] sg=2->2 mode=NONE win=8 obs=45 | cap=wip act=(320,360) d=1.08 a=1 | sp=som:active d=1.1 age=5 dtg=3.87 region=0_18
ep=247 s=45 6047ms [sel=4 cap=5965 rest=78] sg=2->2 mode=NONE win=8 obs=46 | cap=wip act=(320,360) d=1.11 a=1 | sp=som:active d=1.1 age=6 dtg=3.78 region=0_18
ep=247 s=46 6034ms [sel=6 cap=5953 rest=74] sg=2->2 mode=NONE win=8 obs=47 | cap=wip act=(320,360) d=1.19 a=1 | sp=som:active d=1.2 age=7 dtg=3.71 region=0_17
ep=247 s=47 8069ms [sel=9 cap=7992 rest=68] sg=2->2 mode=NONE win=8 obs=48 | cap=wip act=(320,360) d=1.32 a=3 | sp=som:active d=1.3 age=8 dtg=3.71 region=0_17
ep=247 s=48 3990ms [sel=5 cap=3911 rest=74] sg=2->2 mode=NONE win=8 obs=49 | cap=wip act=(320,360) d=1.32 a=3 | sp=som:active d=1.3 age=9 dtg=3.71 region=0_17
ep=247 s=49 6003ms [sel=23 cap=5893 rest=88] sg=2->2 mode=NONE win=8 obs=50 | cap=wip act=(320,360) d=1.32 a=3 | sp=som:active d=1.3 age=10 dtg=3.71 region=0_17
ep=247 s=50 2860ms [sel=33 cap=2715 rest=112] sg=2->2 mode=NONE win=8 obs=51 | cap=wip act=(320,360) d=1.32 a=3 | sp=som:active d=1.3 age=11 dtg=3.71 region=0_17
ep=247 s=51 4623ms [sel=33 cap=4505 rest=85] sg=2->2 mode=NONE win=8 obs=52 | cap=wip act=(320,360) d=1.32 a=3 | sp=som:active d=1.3 age=12 dtg=3.71 region=0_17
ep=247 s=52 5776ms [sel=34 cap=5658 rest=83] sg=2->2 mode=NONE win=8 obs=53 | cap=wip act=(320,360) d=1.32 a=3 | sp=som:active d=1.3 age=13 dtg=3.71 region=0_17
ep=247 s=53 3266ms [sel=33 cap=3148 rest=84] sg=2->2 mode=NONE win=8 obs=54 | cap=wip act=(320,360) d=1.32 a=3 | sp=som:active d=1.3 age=14 dtg=3.71 region=0_17
ep=247 s=54 4448ms [sel=32 cap=4335 rest=81] sg=2->2 mode=NONE win=8 obs=55 | cap=wip act=(320,360) d=1.32 a=3 | sp=som:active d=1.3 age=15 dtg=3.71 region=0_17
ep=247 s=55 5394ms [sel=32 cap=5279 rest=83] sg=2->2 mode=NONE win=8 obs=56 | cap=wip act=(320,360) d=1.32 a=3 | sp=som:active d=1.3 age=16 dtg=3.71 region=0_17
ep=247 s=56 4437ms [sel=21 cap=4335 rest=81] sg=2->2 mode=NONE win=8 obs=57 | cap=wip act=(320,360) d=1.32 a=3 | sp=som:active d=1.3 age=17 dtg=3.71 region=0_17
ep=247 s=57 1743ms [sel=21 cap=1638 rest=84] sg=2->2 mode=NONE win=8 obs=58 | cap=wip act=(320,360) d=1.32 a=3 | sp=som:active d=1.3 age=18 dtg=3.71 region=0_17
ep=247 s=58 4900ms [sel=22 cap=4794 rest=84] sg=2->2 mode=NONE win=8 obs=59 | cap=wip act=(320,360) d=1.32 a=1 | sp=som:active d=1.3 age=19 dtg=3.84 region=0_18
ep=247 s=59 4288ms [sel=2154 cap=2052 rest=83] sg=2->2 mode=NONE win=8 obs=60 | cap=wip act=(320,360) d=2.96 a=3 | sp=som:active d=3.0 age=0 som=3/8 dtg=3.84 region=0_18
ep=247 s=60 2594ms [sel=7 cap=2495 rest=91] sg=2->2 mode=NONE win=8 obs=61 | cap=wip act=(320,360) d=2.96 a=1 | sp=som:active d=3.0 age=1 dtg=3.92 region=0_18
ep=247 s=61 4821ms [sel=5 cap=4715 rest=101] sg=2->2 mode=NONE win=8 obs=62 | cap=wip act=(320,360) d=2.72 a=1 | sp=som:active d=2.7 age=2 dtg=4.03 region=0_18
ep=247 s=62 6177ms [sel=3 cap=6060 rest=113] sg=2->2 mode=NONE win=8 obs=63 | cap=wip act=(320,360) d=2.49 a=1 | sp=som:active d=2.5 age=3 dtg=4.19 region=0_18
ep=247 s=63 5566ms [sel=1697 cap=3769 rest=99] sg=2->3 mode=NONE win=8 obs=64 | cap=DONE act=(320,360) d=3.05 a=2 | sp=som:active d=3.1 age=0 som=3/8 dtg=4.19 region=0_18
ep=247 s=64 4830ms [sel=3 cap=4730 rest=97] sg=3->3 mode=NONE win=8 obs=65 | cap=wip act=(320,360) d=3.05 a=1 | sp=som:active d=3.1 age=1 dtg=4.41 region=0_18
ep=247 s=65 13470ms [sel=3 cap=12965 rest=461] sg=3->3 mode=NONE win=8 obs=66 | cap=wip act=(320,360) d=2.81 a=1 | preview=view-/6 yaw=+0 render=41ms | sp=som:active d=2.8 age=2 dtg=4.64 region=0_18
ep=247 s=66 8090ms [sel=3 cap=7989 rest=98] sg=3->3 mode=NONE win=8 obs=67 | cap=wip act=(320,360) d=2.57 a=1 | sp=som:active d=2.6 age=3 dtg=4.88 region=0_18
ep=247 s=67 4040ms [sel=3 cap=3945 rest=92] sg=3->3 mode=NONE win=8 obs=68 | cap=wip act=(320,360) d=2.34 a=1 | sp=som:active d=2.3 age=4 dtg=5.12 region=0_18
ep=247 s=68 13503ms [sel=3 cap=12922 rest=510] sg=3->3 mode=NONE win=8 obs=69 | cap=wip act=(320,360) d=2.11 a=1 | preview=view-/6 yaw=+0 render=68ms | sp=som:active d=2.1 age=5 dtg=5.36 region=0_18
ep=247 s=69 6702ms [sel=4 cap=6598 rest=100] sg=3->3 mode=NONE win=8 obs=70 | cap=wip act=(320,360) d=1.88 a=2 | sp=som:active d=1.9 age=6 dtg=5.36 region=0_18
ep=247 s=70 3389ms [sel=3 cap=3274 rest=112] sg=3->3 mode=NONE win=8 obs=71 | cap=wip act=(320,360) d=1.88 a=1 | sp=som:active d=1.9 age=7 dtg=5.61 region=0_18
ep=247 s=71 9784ms [sel=4 cap=9266 rest=478] sg=3->3 mode=NONE win=8 obs=72 | cap=wip act=(320,360) d=1.64 a=2 | preview=view-/6 yaw=+0 render=37ms | sp=som:active d=1.6 age=8 dtg=5.61 region=0_18
ep=247 s=72 7035ms [sel=3 cap=6925 rest=107] sg=3->3 mode=NONE win=8 obs=73 | cap=wip act=(320,360) d=1.64 a=1 | sp=som:active d=1.6 age=9 dtg=5.85 region=0_18
ep=247 s=73 5543ms [sel=4 cap=5429 rest=110] sg=3->3 mode=NONE win=8 obs=74 | cap=wip act=(320,360) d=1.39 a=1 | sp=som:active d=1.4 age=10 dtg=6.10 region=0_18
ep=247 s=74 10413ms [sel=5 cap=9864 rest=506] sg=3->None mode=NONE win=8 obs=75 | cap=DONE act=(320,360) d=1.00 a=1 | preview=view-/6 yaw=+0 render=38ms | sp=som:active d=1.1 age=11 door_evts=1 dtg=6.34 region=0_18
ep=247 s=75 112ms [sel=4 cap=0 rest=108] sg=None->None mode=NONE win=8 obs=76 | cap=- act=(320,360) d=1.00 a=1 | sp=som:active d=0.9 age=12 door_evts=1 dtg=6.58 region=0_18
ep=247 s=76 113ms [sel=4 cap=0 rest=109] sg=None->None mode=NONE win=8 obs=77 | cap=- act=(320,360) d=1.00 a=1 | sp=som:active d=0.6 age=13 door_evts=1 dtg=6.83 region=0_18
ep=247 s=77 109ms [sel=0 cap=0 rest=109] sg=None->None mode=NONE win=8 obs=78 | cap=- act=STOP | sp=som:reached d=0.4 age=14 door_evts=1 dtg=6.83 region=0_18
rank=1 [4/17] id=247 steps=78 success=0.000 spl=0.000 dtg=6.83 osr=0 path_length=8.75 ndtw=0.621 sdtw=0.000
PluginManager::Manager: duplicate static plugin StbImageImporter, ignoring
PluginManager::Manager: duplicate static plugin GltfImporter, ignoring
PluginManager::Manager: duplicate static plugin BasisImporter, ignoring
PluginManager::Manager: duplicate static plugin AssimpImporter, ignoring
PluginManager::Manager: duplicate static plugin AnySceneImporter, ignoring
PluginManager::Manager: duplicate static plugin AnyImageImporter, ignoring
episode=377 instruction="So head on out of the bathroom, and then take a right. Walk on down the hallway and into the entry way, and you'll stop next to the console table on the right, and there's the banister to the stairs on the right as well." start_position=[7.335969924926758, 0.024399995803833008, -4.526760101318359] goal_position=[0.5773000121116638, 0.024399995803833008, -1.52606999874115] reference_geodesic=7.655391693115234
episode=377 prepared_subgoals=6
  [1] Exit the bathroom
      proof: The camera has passed the bathroom threshold and the hallway is central in the view.
  [2] Turn right at the bathroom exit
      proof: After turning right, the hallway extends directly ahead and the entry way is visible ahead.
  [3] Walk down the hallway to the entry way
      proof: The entry way is directly ahead, within a step.
  [4] Enter the entry way
      proof: The camera has crossed the entry way threshold and the interior of the entry way is central in the view.
  [5] Walk to the console table on the right
      proof: The console table is beside or directly ahead of the camera, within a step.
  [6] Stop beside the console table
      proof: The camera is stationary beside the console table and the banister to the stairs is visible on the right
ep=377 s=0 6658ms [sel=2094 cap=4145 rest=377] sg=1->1 mode=NONE win=1 obs=1 | cap=wip act=(320,360) d=3.02 a=1 | preview=view-/6 yaw=+0 render=42ms | sp=som:active d=3.0 age=0 som=3/7 dtg=7.52 region=1_15
ep=377 s=1 4794ms [sel=3 cap=4698 rest=93] sg=1->1 mode=NONE win=2 obs=2 | cap=wip act=(320,360) d=2.78 a=1 | sp=som:active d=2.8 age=1 dtg=7.47 region=1_15
ep=377 s=2 4919ms [sel=3 cap=4822 rest=93] sg=1->1 mode=NONE win=3 obs=3 | cap=wip act=(320,360) d=2.53 a=1 | sp=som:active d=2.5 age=2 dtg=7.43 region=1_15
ep=377 s=3 5569ms [sel=3 cap=5474 rest=92] sg=1->1 mode=NONE win=4 obs=4 | cap=wip act=(320,360) d=2.29 a=3 | sp=som:active d=2.3 age=3 dtg=7.43 region=1_15
ep=377 s=4 3605ms [sel=3 cap=3505 rest=96] sg=1->1 mode=NONE win=5 obs=5 | cap=wip act=(320,360) d=2.29 a=1 | sp=som:active d=2.3 age=4 dtg=7.34 region=1_15
ep=377 s=5 3292ms [sel=4 cap=3197 rest=91] sg=1->1 mode=NONE win=6 obs=6 | cap=wip act=(320,360) d=2.04 a=1 | sp=som:active d=2.0 age=5 dtg=7.27 region=1_15
ep=377 s=6 3623ms [sel=3 cap=3529 rest=91] sg=1->1 mode=NONE win=7 obs=7 | cap=wip act=(320,360) d=1.79 a=3 | sp=som:active d=1.8 age=6 dtg=7.27 region=1_15
ep=377 s=7 6173ms [sel=3 cap=6069 rest=101] sg=1->1 mode=NONE win=8 obs=8 | cap=wip act=(320,360) d=1.79 a=1 | sp=som:active d=1.8 age=7 dtg=7.17 region=1_15
ep=377 s=8 8161ms [sel=67 cap=7575 rest=483] sg=1->1 mode=NONE win=8 obs=9 | cap=wip act=(160,180) d=5.47 a=3 | preview=view4/6 yaw=+45 render=37ms | sp=preview:active d=5.5 age=0 dtg=7.17 region=1_15
ep=377 s=9 6324ms [sel=0 cap=6221 rest=103] sg=1->2 mode=NONE win=8 obs=10 | cap=DONE act=TURN request=+45deg execute=+15deg x1 a=3 | sp=preview:active d=5.5 age=1 dtg=7.17 region=1_15
ep=377 s=10 6019ms [sel=911 cap=5008 rest=100] sg=2->3 mode=NONE win=8 obs=11 | cap=DONE act=(320,360) d=1.20 a=2 | sp=som:active d=1.2 age=0 som=3/8 dtg=7.17 region=1_15
ep=377 s=11 5714ms [sel=3 cap=5609 rest=102] sg=3->3 mode=NONE win=8 obs=12 | cap=wip act=(320,360) d=1.20 a=1 | sp=som:active d=1.2 age=1 dtg=7.05 region=1_15
ep=377 s=12 3249ms [sel=3 cap=3146 rest=100] sg=3->3 mode=NONE win=8 obs=13 | cap=wip act=(320,360) d=0.95 a=1 | sp=som:active d=1.0 age=2 dtg=6.96 region=1_15
ep=377 s=13 5485ms [sel=3 cap=5377 rest=105] sg=3->3 mode=NONE win=8 obs=14 | cap=wip act=(320,360) d=0.70 a=1 | sp=som:active d=0.7 age=3 dtg=6.92 region=1_15
ep=377 s=14 7014ms [sel=1321 cap=5588 rest=105] sg=3->3 mode=NONE win=8 obs=15 | cap=wip act=(320,360) d=1.26 a=2 | sp=som:active d=1.3 age=0 som=2/5 dtg=6.92 region=1_15
ep=377 s=15 6770ms [sel=3 cap=6662 rest=104] sg=3->3 mode=NONE win=8 obs=16 | cap=wip act=(320,360) d=1.26 a=1 | sp=som:active d=1.3 age=1 dtg=7.00 region=1_12
ep=377 s=16 6361ms [sel=4 cap=6251 rest=106] sg=3->3 mode=NONE win=8 obs=17 | cap=wip act=(320,360) d=1.01 a=1 | sp=som:active d=1.0 age=2 dtg=7.12 region=1_12
ep=377 s=17 4555ms [sel=3 cap=4449 rest=104] sg=3->3 mode=NONE win=8 obs=18 | cap=wip act=(320,360) d=0.77 a=2 | sp=som:active d=0.8 age=3 dtg=7.12 region=1_12
ep=377 s=18 4796ms [sel=3 cap=4690 rest=103] sg=3->3 mode=NONE win=8 obs=19 | cap=wip act=(320,360) d=0.77 a=1 | sp=som:active d=0.8 age=4 dtg=7.31 region=1_12
ep=377 s=19 4963ms [sel=1028 cap=3832 rest=103] sg=3->4 mode=NONE win=8 obs=20 | cap=DONE act=(320,360) d=0.65 a=1 | sp=som:active d=0.6 age=0 som=4/7 dtg=7.52 region=1_12
ep=377 s=20 4491ms [sel=1816 cap=2568 rest=106] sg=4->4 mode=NONE win=8 obs=21 | cap=wip act=(320,360) d=0.66 a=2 | sp=som:active d=0.7 age=0 som=3/6 dtg=7.52 region=1_12
ep=377 s=21 2826ms [sel=3 cap=2718 rest=106] sg=4->4 mode=NONE win=8 obs=22 | cap=wip act=(320,360) d=0.66 a=1 | sp=som:active d=0.7 age=1 dtg=7.76 region=1_12
ep=377 s=22 4232ms [sel=1395 cap=2734 rest=103] sg=4->4 mode=NONE win=8 obs=23 | cap=wip act=(320,360) d=0.61 a=1 | sp=som:active d=0.6 age=0 som=5/8 dtg=8.01 region=1_12
ep=377 s=23 4989ms [sel=1644 cap=3241 rest=104] sg=4->4 mode=NONE win=8 obs=24 | cap=wip act=(320,360) d=0.68 a=1 | sp=som:active d=0.7 age=0 som=4/7 dtg=8.25 region=1_12
ep=377 s=24 6008ms [sel=1448 cap=4455 rest=105] sg=4->4 mode=NONE win=8 obs=25 | cap=wip act=(320,360) d=3.14 a=2 | sp=frontier:active d=3.1 age=0 som=4/7 dtg=8.25 region=1_12
ep=377 s=25 3171ms [sel=9 cap=3059 rest=103] sg=4->4 mode=NONE win=8 obs=26 | cap=wip act=(320,360) d=3.14 a=2 | sp=frontier:active d=3.1 age=1 dtg=8.25 region=1_12
ep=377 s=26 4982ms [sel=1114 cap=3753 rest=116] sg=4->5 mode=NONE win=8 obs=27 | cap=DONE act=(320,360) d=1.82 a=3 | sp=som:active d=1.8 age=0 som=4/6 dtg=8.25 region=1_12
ep=377 s=27 2640ms [sel=3 cap=2531 rest=106] sg=5->5 mode=NONE win=8 obs=28 | cap=wip act=(320,360) d=1.82 a=1 | sp=som:active d=1.8 age=1 dtg=8.50 region=1_12
ep=377 s=28 5327ms [sel=4 cap=5218 rest=106] sg=5->5 mode=NONE win=8 obs=29 | cap=wip act=(320,360) d=1.57 a=3 | sp=som:active d=1.6 age=2 dtg=8.50 region=1_12
ep=377 s=29 4283ms [sel=3 cap=3779 rest=462] sg=5->5 mode=NONE win=8 obs=30 | cap=wip act=(320,360) d=1.57 a=1 | preview=view-/6 yaw=+0 render=39ms | sp=som:active d=1.6 age=3 dtg=8.75 region=1_12
ep=377 s=30 4307ms [sel=3 cap=4209 rest=95] sg=5->5 mode=NONE win=8 obs=31 | cap=wip act=(320,360) d=1.32 a=1 | sp=som:active d=1.3 age=4 dtg=8.99 region=1_12
ep=377 s=31 4880ms [sel=3 cap=4781 rest=96] sg=5->5 mode=NONE win=8 obs=32 | cap=wip act=(320,360) d=1.07 a=1 | sp=som:active d=1.1 age=5 dtg=9.24 region=1_12
ep=377 s=32 5793ms [sel=3 cap=5692 rest=98] sg=5->5 mode=NONE win=8 obs=33 | cap=wip act=(320,360) d=0.83 a=1 | sp=som:active d=0.8 age=6 dtg=9.49 region=1_12
ep=377 s=33 5375ms [sel=1184 cap=4087 rest=103] sg=5->6 mode=NONE win=8 obs=34 | cap=DONE act=(320,360) d=0.56 a=1 | sp=frontier:active d=0.6 age=0 som=2/4 dtg=9.74 region=1_12
ep=377 s=34 4763ms [sel=1597 cap=3066 rest=99] sg=6->6 mode=NONE win=8 obs=35 | cap=wip act=(309,407) d=1.24 a=1 | sp=straight_ahead:reached d=0.3 age=0 som=2/4 dtg=9.98 region=1_12
ep=377 s=35 10720ms [sel=56 cap=10244 rest=384] sg=6->6 mode=NONE win=8 obs=36 | cap=wip act=(306,468) d=1.00 a=1 | preview=view-/6 yaw=+0 render=37ms | sp=straight_ahead:reached d=0.1 age=0 dtg=10.23 region=1_12
ep=377 s=36 4919ms [sel=193 cap=4616 rest=110] sg=6->6 mode=NONE win=8 obs=37 | cap=wip act=TURN request=-45deg execute=-15deg x1 a=2 | sp=straight_ahead:reached d=0.1 age=1 dtg=10.23 region=1_12
ep=377 s=37 5357ms [sel=0 cap=5249 rest=108] sg=6->6 mode=NONE win=8 obs=38 | cap=wip act=TURN request=-45deg execute=-15deg x1 a=2 dtg=10.23 region=1_12
ep=377 s=38 12097ms [sel=0 cap=11675 rest=385] sg=6->6 mode=NONE win=8 obs=39 | cap=wip act=TURN request=-45deg execute=-15deg x1 a=2 | preview=view-/6 yaw=+0 render=37ms dtg=10.23 region=1_12
ep=377 s=39 10678ms [sel=0 cap=10587 rest=90] sg=6->6 mode=NONE win=8 obs=40 | cap=wip act=TURN request=-45deg execute=-15deg x1 a=2 dtg=10.23 region=1_12
ep=377 s=40 6838ms [sel=0 cap=6742 rest=95] sg=6->6 mode=NONE win=8 obs=41 | cap=wip act=TURN request=-45deg execute=-15deg x1 a=2 dtg=10.23 region=1_12
ep=377 s=41 7611ms [sel=0 cap=7504 rest=107] sg=6->6 mode=NONE win=8 obs=42 | cap=wip act=TURN request=-45deg execute=-15deg x1 a=2 dtg=10.23 region=1_12
ep=377 s=42 8428ms [sel=0 cap=8323 rest=105] sg=6->6 mode=NONE win=8 obs=43 | cap=wip act=TURN request=-45deg execute=-15deg x1 a=2 dtg=10.23 region=1_12
ep=377 s=43 11244ms [sel=0 cap=10775 rest=432] sg=6->6 mode=NONE win=8 obs=44 | cap=wip act=TURN request=-45deg execute=-15deg x1 a=2 | preview=view-/6 yaw=+0 render=37ms dtg=10.23 region=1_12
ep=377 s=44 5887ms [sel=0 cap=5771 rest=116] sg=6->6 mode=NONE win=8 obs=45 | cap=wip act=TURN request=-45deg execute=-15deg x1 a=2 dtg=10.23 region=1_12
ep=377 s=45 5538ms [sel=0 cap=5423 rest=115] sg=6->6 mode=NONE win=8 obs=46 | cap=wip act=TURN request=-45deg execute=-15deg x1 a=2 dtg=10.23 region=1_12
ep=377 s=46 11169ms [sel=67 cap=10606 rest=454] sg=6->6 mode=NONE win=8 obs=47 | cap=wip act=(320,360) d=4.89 a=1 | preview=view-/6 yaw=+0 render=41ms | sp=frontier:active d=4.9 age=0 dtg=10.03 region=1_12
ep=377 s=47 6543ms [sel=20 cap=6409 rest=113] sg=6->6 mode=NONE win=8 obs=48 | cap=wip act=(320,360) d=4.64 a=2 | sp=frontier:active d=4.6 age=1 dtg=10.03 region=1_12
ep=377 s=48 5866ms [sel=20 cap=5738 rest=108] sg=6->6 mode=NONE win=8 obs=49 | cap=wip act=(320,360) d=4.64 a=1 | sp=frontier:active d=4.6 age=2 dtg=9.81 region=1_12
ep=377 s=49 10276ms [sel=19 cap=9733 rest=486] sg=6->6 mode=NONE win=8 obs=50 | cap=wip act=(320,360) d=4.39 a=2 | preview=view-/6 yaw=+0 render=37ms | sp=frontier:active d=4.4 age=3 dtg=9.81 region=1_12
ep=377 s=50 7973ms [sel=18 cap=7850 rest=105] sg=6->6 mode=NONE win=8 obs=51 | cap=wip act=(320,360) d=4.39 a=1 | sp=frontier:active d=4.4 age=4 dtg=9.56 region=1_12
ep=377 s=51 7127ms [sel=16 cap=7009 rest=102] sg=6->6 mode=NONE win=8 obs=52 | cap=wip act=(320,360) d=4.17 a=1 | sp=frontier:active d=4.2 age=5 dtg=9.32 region=1_12
ep=377 s=52 21192ms [sel=15 cap=20683 rest=457] sg=6->6 mode=NONE win=8 obs=53 | cap=wip act=(320,360) d=3.95 a=1 | preview=view-/6 yaw=+0 render=38ms | sp=frontier:active d=3.9 age=6 dtg=9.07 region=1_12
ep=377 s=53 4528ms [sel=13 cap=4414 rest=101] sg=6->6 mode=NONE win=8 obs=54 | cap=wip act=(320,360) d=3.73 a=1 | sp=frontier:active d=3.7 age=7 dtg=8.83 region=1_12
ep=377 s=54 7147ms [sel=13 cap=7034 rest=100] sg=6->6 mode=NONE win=8 obs=55 | cap=wip act=(320,360) d=3.52 a=1 | sp=frontier:active d=3.5 age=8 dtg=8.59 region=1_12
ep=377 s=55 8582ms [sel=11 cap=8047 rest=485] sg=6->6 mode=NONE win=8 obs=56 | cap=wip act=(320,360) d=3.32 a=1 | preview=view-/6 yaw=+0 render=38ms | sp=frontier:active d=3.3 age=9 dtg=8.35 region=1_12
ep=377 s=56 4309ms [sel=9 cap=4197 rest=103] sg=6->6 mode=NONE win=8 obs=57 | cap=wip act=(320,360) d=3.12 a=1 | sp=frontier:active d=3.1 age=10 dtg=8.11 region=1_12
ep=377 s=57 4150ms [sel=7 cap=4040 rest=103] sg=6->6 mode=NONE win=8 obs=58 | cap=wip act=(320,360) d=2.93 a=1 | sp=frontier:active d=2.9 age=11 dtg=7.87 region=1_12
ep=377 s=58 6922ms [sel=5 cap=6813 rest=104] sg=6->6 mode=NONE win=8 obs=59 | cap=wip act=(320,360) d=2.75 a=1 | sp=frontier:active d=2.8 age=12 dtg=7.64 region=1_12
ep=377 s=59 7338ms [sel=1222 cap=6016 rest=99] sg=6->6 mode=NONE win=8 obs=60 | cap=wip act=(320,360) d=2.72 a=3 | sp=som:active d=2.7 age=0 som=5/8 dtg=7.64 region=1_12
ep=377 s=60 5808ms [sel=3 cap=5702 rest=102] sg=6->6 mode=NONE win=8 obs=61 | cap=wip act=(320,360) d=2.72 a=1 | sp=som:active d=2.7 age=1 dtg=7.45 region=1_12
ep=377 s=61 22765ms [sel=3 cap=22202 rest=525] sg=6->6 mode=NONE win=8 obs=62 | cap=wip act=(320,360) d=2.47 a=1 | preview=view-/6 yaw=+0 render=35ms | sp=som:active d=2.5 age=2 dtg=7.28 region=1_12
ep=377 s=62 5886ms [sel=3 cap=5781 rest=102] sg=6->6 mode=NONE win=8 obs=63 | cap=wip act=(320,360) d=2.22 a=1 | sp=som:active d=2.2 age=3 dtg=7.13 region=1_12
ep=377 s=63 11623ms [sel=3 cap=11516 rest=104] sg=6->6 mode=NONE win=8 obs=64 | cap=wip act=(320,360) d=1.97 a=1 | sp=som:active d=2.0 age=4 dtg=7.02 region=1_15
ep=377 s=64 3194ms [sel=3 cap=2656 rest=497] sg=6->6 mode=NONE win=8 obs=65 | cap=wip act=(320,360) d=1.72 a=1 | preview=view-/6 yaw=+0 render=37ms | sp=som:active d=1.7 age=5 dtg=6.94 region=1_15
ep=377 s=65 3470ms [sel=4 cap=3369 rest=97] sg=6->6 mode=NONE win=8 obs=66 | cap=wip act=(320,360) d=1.47 a=1 | sp=som:active d=1.5 age=6 dtg=6.92 region=1_15
ep=377 s=66 3281ms [sel=3 cap=3185 rest=92] sg=6->6 mode=NONE win=8 obs=67 | cap=wip act=(320,360) d=1.22 a=1 | sp=som:active d=1.2 age=7 dtg=6.95 region=1_15
ep=377 s=67 4822ms [sel=3 cap=4726 rest=93] sg=6->6 mode=NONE win=8 obs=68 | cap=wip act=(320,360) d=0.98 a=1 | sp=som:active d=1.0 age=8 dtg=7.01 region=1_15
ep=377 s=68 5550ms [sel=3 cap=5452 rest=95] sg=6->6 mode=NONE win=8 obs=69 | cap=wip act=(320,360) d=0.73 a=1 | sp=som:active d=0.7 age=9 dtg=7.10 region=1_15
ep=377 s=69 11591ms [sel=2753 cap=8337 rest=464] sg=6->6 mode=NONE win=8 obs=70 | cap=wip act=(320,360) d=1.07 a=3 | preview=view-/6 yaw=+0 render=38ms | sp=som:active d=1.1 age=0 som=5/8 dtg=7.10 region=1_15
ep=377 s=70 14994ms [sel=3 cap=14889 rest=102] sg=6->6 mode=NONE win=8 obs=71 | cap=wip act=(320,360) d=1.07 a=1 | sp=som:active d=1.1 age=1 dtg=7.26 region=1_15
ep=377 s=71 7379ms [sel=3 cap=7277 rest=100] sg=6->6 mode=NONE win=8 obs=72 | cap=wip act=(320,360) d=0.83 a=1 | sp=som:active d=0.8 age=2 dtg=7.43 region=1_15
ep=377 s=72 9862ms [sel=3 cap=9375 rest=432] sg=6->6 mode=NONE win=8 obs=73 | cap=wip act=(320,360) d=0.59 a=2 | preview=view-/6 yaw=+0 render=52ms | sp=som:active d=0.6 age=3 dtg=7.43 region=1_15
ep=377 s=73 2944ms [sel=3 cap=2845 rest=96] sg=6->6 mode=NONE win=8 obs=74 | cap=wip act=(320,360) d=0.59 a=1 | sp=som:active d=0.6 age=4 dtg=7.59 region=1_14
ep=377 s=74 7053ms [sel=1630 cap=5330 rest=93] sg=6->6 mode=NONE win=8 obs=75 | cap=wip act=(320,360) d=0.63 a=2 | sp=som:active d=0.6 age=0 som=3/6 dtg=7.59 region=1_14
ep=377 s=75 19544ms [sel=5 cap=19085 rest=415] sg=6->6 mode=NONE win=8 obs=76 | cap=wip act=(320,360) d=0.63 a=1 | preview=view-/6 yaw=+0 render=39ms | sp=som:active d=0.6 age=1 dtg=7.78 region=1_14
ep=377 s=76 9282ms [sel=2435 cap=6731 rest=116] sg=6->6 mode=NONE win=8 obs=77 | cap=wip act=(320,360) d=1.50 a=1 | sp=som:active d=1.5 age=0 som=2/6 dtg=7.99 region=1_14
ep=377 s=77 5870ms [sel=3 cap=5766 rest=101] sg=6->6 mode=NONE win=8 obs=78 | cap=wip act=(320,360) d=1.26 a=3 | sp=som:active d=1.3 age=1 dtg=7.99 region=1_14
ep=377 s=78 9897ms [sel=3 cap=9487 rest=370] sg=6->6 mode=NONE win=8 obs=79 | cap=wip act=(320,360) d=1.26 a=1 | preview=view-/6 yaw=+0 render=38ms | sp=som:active d=1.3 age=2 dtg=8.24 region=1_14
ep=377 s=79 11716ms [sel=3 cap=11602 rest=111] sg=6->6 mode=NONE win=8 obs=80 | cap=wip act=(320,360) d=1.01 a=1 | sp=som:active d=1.0 age=3 dtg=8.49 region=1_14
ep=377 s=80 4817ms [sel=3 cap=4697 rest=117] sg=6->6 mode=NONE win=8 obs=81 | cap=wip act=(320,360) d=0.76 a=1 | sp=som:active d=0.8 age=4 dtg=8.73 region=1_14
ep=377 s=81 20583ms [sel=3 cap=20101 rest=440] sg=6->6 mode=NONE win=8 obs=82 | cap=wip act=(320,360) d=0.51 a=1 | preview=view-/6 yaw=+0 render=40ms | sp=som:active d=0.5 age=5 dtg=8.98 region=1_14
ep=377 s=82 9878ms [sel=3163 cap=6604 rest=111] sg=6->6 mode=NONE win=8 obs=83 | cap=wip act=(320,360) d=1.51 a=3 | sp=som:active d=1.5 age=0 som=3/5 dtg=8.98 region=1_14
ep=377 s=83 9750ms [sel=6 cap=9629 rest=115] sg=6->6 mode=NONE win=8 obs=84 | cap=wip act=(320,360) d=1.51 a=3 | sp=som:active d=1.5 age=1 dtg=8.98 region=1_14
ep=377 s=84 16487ms [sel=4 cap=15996 rest=450] sg=6->6 mode=NONE win=8 obs=85 | cap=wip act=(320,360) d=1.51 a=3 | preview=view-/6 yaw=+0 render=38ms | sp=som:active d=1.5 age=2 dtg=8.98 region=1_14
ep=377 s=85 8527ms [sel=4 cap=8414 rest=109] sg=6->6 mode=NONE win=8 obs=86 | cap=wip act=(320,360) d=1.51 a=1 | sp=som:active d=1.5 age=3 dtg=9.18 region=1_14
ep=377 s=86 16200ms [sel=5 cap=16074 rest=121] sg=6->6 mode=NONE win=8 obs=87 | cap=wip act=(320,360) d=1.27 a=1 | sp=som:active d=1.3 age=4 dtg=9.39 region=1_14
ep=377 s=87 8369ms [sel=4 cap=8253 rest=112] sg=6->6 mode=NONE win=8 obs=88 | cap=wip act=(320,360) d=1.02 a=3 | sp=som:active d=1.0 age=5 dtg=9.39 region=1_14
ep=377 s=88 11387ms [sel=3 cap=10891 rest=458] sg=6->6 mode=NONE win=8 obs=89 | cap=wip act=(320,360) d=1.02 a=1 | preview=view-/6 yaw=+0 render=35ms | sp=som:active d=1.0 age=6 dtg=9.59 region=1_14
ep=377 s=89 5815ms [sel=4 cap=5707 rest=105] sg=6->6 mode=NONE win=8 obs=90 | cap=wip act=(320,360) d=0.77 a=1 | sp=som:active d=0.8 age=7 dtg=9.80 region=1_14
ep=377 s=90 8913ms [sel=3 cap=8805 rest=105] sg=6->6 mode=NONE win=8 obs=91 | cap=wip act=(320,360) d=0.52 a=1 | sp=som:active d=0.5 age=8 dtg=10.04 region=1_14
ep=377 s=91 16539ms [sel=44 cap=15953 rest=456] sg=6->6 mode=NONE win=8 obs=92 | cap=wip act=(320,360) d=1.66 a=2 | preview=view-/6 yaw=+0 render=87ms | sp=frontier:active d=1.7 age=0 dtg=10.04 region=1_14
ep=377 s=92 9415ms [sel=15 cap=9292 rest=108] sg=6->6 mode=NONE win=8 obs=93 | cap=wip act=(320,360) d=1.66 a=2 | sp=frontier:active d=1.7 age=1 dtg=10.04 region=1_14
ep=377 s=93 4281ms [sel=15 cap=4150 rest=116] sg=6->6 mode=NONE win=8 obs=94 | cap=wip act=(320,360) d=1.66 a=2 | sp=frontier:active d=1.7 age=2 dtg=10.04 region=1_14
ep=377 s=94 14071ms [sel=15 cap=13600 rest=421] sg=6->6 mode=NONE win=8 obs=95 | cap=wip act=(320,360) d=1.66 a=2 | preview=view-/6 yaw=+0 render=35ms | sp=frontier:active d=1.7 age=3 dtg=10.04 region=1_14
ep=377 s=95 9373ms [sel=15 cap=9241 rest=117] sg=6->6 mode=NONE win=8 obs=96 | cap=wip act=(320,360) d=1.66 a=2 | sp=frontier:active d=1.7 age=4 dtg=10.04 region=1_14
ep=377 s=96 5125ms [sel=15 cap=5000 rest=110] sg=6->6 mode=NONE win=8 obs=97 | cap=wip act=(320,360) d=1.66 a=2 | sp=frontier:active d=1.7 age=5 dtg=10.04 region=1_14
ep=377 s=97 21287ms [sel=15 cap=20796 rest=437] sg=6->6 mode=NONE win=8 obs=98 | cap=wip act=(320,360) d=1.66 a=2 | preview=view-/6 yaw=+0 render=40ms | sp=frontier:active d=1.7 age=6 dtg=10.04 region=1_14
ep=377 s=98 16802ms [sel=15 cap=16661 rest=126] sg=6->6 mode=NONE win=8 obs=99 | cap=wip act=(320,360) d=1.66 a=2 | sp=frontier:active d=1.7 age=7 dtg=10.04 region=1_14
ep=377 s=99 8204ms [sel=16 cap=8062 rest=126] sg=6->6 mode=NONE win=8 obs=100 | cap=wip act=(320,360) d=1.66 a=2 | sp=frontier:active d=1.7 age=8 dtg=10.04 region=1_14
ep=377 s=100 15574ms [sel=4 cap=15046 rest=489] sg=6->6 mode=NONE win=8 obs=101 | cap=wip act=(320,360) d=1.66 a=2 | preview=view-/6 yaw=+0 render=37ms | sp=frontier:active d=1.7 age=9 dtg=10.04 region=1_14
ep=377 s=101 9341ms [sel=3 cap=9233 rest=104] sg=6->6 mode=NONE win=8 obs=102 | cap=wip act=(320,360) d=1.66 a=1 | sp=frontier:active d=1.7 age=10 dtg=9.89 region=1_14
ep=377 s=102 8954ms [sel=3 cap=8837 rest=115] sg=6->6 mode=NONE win=8 obs=103 | cap=wip act=(320,360) d=1.42 a=2 | sp=frontier:active d=1.4 age=11 dtg=9.89 region=1_14
ep=377 s=103 17044ms [sel=4 cap=16526 rest=473] sg=6->6 mode=NONE win=8 obs=104 | cap=wip act=(320,360) d=1.42 a=2 | preview=view-/6 yaw=+0 render=42ms | sp=frontier:active d=1.4 age=12 dtg=9.89 region=1_14
ep=377 s=104 5701ms [sel=3 cap=5596 rest=102] sg=6->6 mode=NONE win=8 obs=105 | cap=wip act=(320,360) d=1.42 a=1 | sp=frontier:active d=1.4 age=13 dtg=9.68 region=1_14
ep=377 s=105 3782ms [sel=5 cap=3670 rest=106] sg=6->6 mode=NONE win=8 obs=106 | cap=wip act=(320,360) d=1.17 a=1 | sp=frontier:active d=1.2 age=14 dtg=9.50 region=1_14
ep=377 s=106 14268ms [sel=131 cap=13633 rest=464] sg=6->6 mode=NONE win=8 obs=107 | cap=wip act=(320,360) d=2.88 a=2 | preview=view-/6 yaw=+0 render=40ms | sp=frontier:active d=2.9 age=0 dtg=9.50 region=1_14
ep=377 s=107 8217ms [sel=23 cap=8082 rest=112] sg=6->6 mode=NONE win=8 obs=108 | cap=wip act=(320,360) d=2.88 a=1 | sp=frontier:active d=2.9 age=1 dtg=9.30 region=1_14
ep=377 s=108 9394ms [sel=25 cap=9267 rest=102] sg=6->6 mode=NONE win=8 obs=109 | cap=wip act=(320,360) d=2.78 a=2 | sp=frontier:active d=2.8 age=2 dtg=9.30 region=1_14
ep=377 s=109 12508ms [sel=18 cap=11977 rest=473] sg=6->6 mode=NONE win=8 obs=110 | cap=wip act=(320,360) d=2.78 a=1 | preview=view-/6 yaw=+0 render=39ms | sp=frontier:active d=2.8 age=3 dtg=9.07 region=1_14
ep=377 s=110 6273ms [sel=9 cap=6168 rest=97] sg=6->6 mode=NONE win=8 obs=111 | cap=wip act=(320,360) d=2.77 a=2 | sp=frontier:active d=2.8 age=4 dtg=9.07 region=1_14
ep=377 s=111 8559ms [sel=16 cap=8446 rest=97] sg=6->6 mode=NONE win=8 obs=112 | cap=wip act=(320,360) d=2.77 a=1 | sp=frontier:active d=2.8 age=5 dtg=8.82 region=1_14
ep=377 s=112 11847ms [sel=14 cap=11373 rest=422] sg=6->6 mode=NONE win=8 obs=113 | cap=wip act=(320,360) d=2.85 a=2 | preview=view-/6 yaw=+0 render=37ms | sp=frontier:active d=2.9 age=6 dtg=8.82 region=1_14
ep=377 s=113 9852ms [sel=28 cap=9731 rest=94] sg=6->6 mode=NONE win=8 obs=114 | cap=wip act=(320,360) d=2.85 a=1 | sp=frontier:active d=2.9 age=7 dtg=8.57 region=1_14
ep=377 s=114 5951ms [sel=30 cap=5816 rest=105] sg=6->6 mode=NONE win=8 obs=115 | cap=wip act=(320,360) d=3.01 a=1 | sp=frontier:active d=3.0 age=8 dtg=8.33 region=1_14
ep=377 s=115 5720ms [sel=36 cap=5579 rest=104] sg=6->6 mode=NONE win=8 obs=116 | cap=wip act=(320,360) d=3.17 a=1 | sp=frontier:active d=3.2 age=9 dtg=8.08 region=1_14
ep=377 s=116 10775ms [sel=33 cap=10308 rest=396] sg=6->6 mode=NONE win=8 obs=117 | cap=wip act=(320,360) d=3.35 a=1 | preview=view-/6 yaw=+0 render=38ms | sp=frontier:active d=3.3 age=10 dtg=7.83 region=1_14
ep=377 s=117 10681ms [sel=36 cap=10541 rest=104] sg=6->6 mode=NONE win=8 obs=118 | cap=wip act=(320,360) d=3.53 a=2 | sp=frontier:active d=3.5 age=11 dtg=7.83 region=1_14
ep=377 s=118 9444ms [sel=39 cap=9296 rest=108] sg=6->6 mode=NONE win=8 obs=119 | cap=wip act=(320,360) d=3.53 a=1 | sp=frontier:active d=3.5 age=12 dtg=7.61 region=1_14
ep=377 s=119 12777ms [sel=40 cap=12243 rest=453] sg=6->6 mode=NONE win=8 obs=120 | cap=wip act=(320,360) d=3.76 a=1 | preview=view-/6 yaw=+0 render=41ms | sp=frontier:active d=3.8 age=13 dtg=7.44 region=1_15
ep=377 s=120 5835ms [sel=41 cap=5691 rest=102] sg=6->6 mode=NONE win=8 obs=121 | cap=wip act=(320,360) d=3.98 a=3 | sp=frontier:active d=4.0 age=14 dtg=7.44 region=1_15
ep=377 s=121 3278ms [sel=39 cap=3133 rest=106] sg=6->6 mode=NONE win=8 obs=122 | cap=wip act=(320,360) d=3.98 a=3 | sp=frontier:active d=4.0 age=15 dtg=7.44 region=1_15
ep=377 s=122 11542ms [sel=36 cap=11048 rest=419] sg=6->6 mode=NONE win=8 obs=123 | cap=wip act=(320,360) d=3.98 a=1 | preview=view-/6 yaw=+0 render=39ms | sp=frontier:active d=4.0 age=16 dtg=7.26 region=1_15
ep=377 s=123 8266ms [sel=38 cap=8123 rest=105] sg=6->6 mode=NONE win=8 obs=124 | cap=wip act=(320,360) d=4.14 a=3 | sp=frontier:active d=4.1 age=17 dtg=7.26 region=1_15
ep=377 s=124 6517ms [sel=26 cap=6375 rest=115] sg=6->6 mode=NONE win=8 obs=125 | cap=wip act=(320,360) d=4.14 a=3 | sp=frontier:active d=4.1 age=18 dtg=7.26 region=1_15
ep=377 s=125 16717ms [sel=13 cap=16197 rest=470] sg=6->6 mode=NONE win=8 obs=126 | cap=wip act=(320,360) d=4.14 a=1 | preview=view-/6 yaw=+0 render=37ms | sp=frontier:active d=4.1 age=19 dtg=7.02 region=1_15
ep=377 s=126 8676ms [sel=11 cap=8558 rest=107] sg=6->6 mode=NONE win=8 obs=127 | cap=wip act=(320,360) d=4.19 a=3 | sp=frontier:active d=4.2 age=20 dtg=7.02 region=1_15
ep=377 s=127 16176ms [sel=44 cap=16026 rest=106] sg=6->6 mode=NONE win=8 obs=128 | cap=wip act=(320,360) d=3.51 a=1 | sp=frontier:active d=3.5 age=0 dtg=6.78 region=1_15
ep=377 s=128 7932ms [sel=3 cap=7422 rest=471] sg=6->6 mode=NONE win=8 obs=129 | cap=wip act=(320,360) d=3.29 a=1 | preview=view-/6 yaw=+0 render=36ms | sp=frontier:active d=3.3 age=1 dtg=6.53 region=1_15
ep=377 s=129 7917ms [sel=4 cap=7806 rest=107] sg=6->6 mode=NONE win=8 obs=130 | cap=wip act=(320,360) d=3.08 a=1 | sp=frontier:active d=3.1 age=2 dtg=6.28 region=1_15
ep=377 s=130 8556ms [sel=4 cap=8451 rest=102] sg=6->6 mode=NONE win=8 obs=131 | cap=wip act=(320,360) d=2.87 a=3 | sp=frontier:active d=2.9 age=3 dtg=6.28 region=1_15
ep=377 s=131 14950ms [sel=4 cap=14462 rest=447] sg=6->6 mode=NONE win=8 obs=132 | cap=wip act=(320,360) d=2.87 a=1 | preview=view-/6 yaw=+0 render=37ms | sp=frontier:active d=2.9 age=4 dtg=6.03 region=1_15
ep=377 s=132 5703ms [sel=3 cap=5603 rest=98] sg=6->6 mode=NONE win=8 obs=133 | cap=wip act=(320,360) d=2.64 a=1 | sp=frontier:active d=2.6 age=5 dtg=5.79 region=1_15
ep=377 s=133 6275ms [sel=3 cap=6163 rest=109] sg=6->6 mode=NONE win=8 obs=134 | cap=wip act=(320,360) d=2.41 a=1 | sp=frontier:active d=2.4 age=6 dtg=5.54 region=1_15
ep=377 s=134 14440ms [sel=4 cap=13949 rest=449] sg=6->6 mode=NONE win=8 obs=135 | cap=wip act=(320,360) d=2.18 a=1 | preview=view-/6 yaw=+0 render=38ms | sp=frontier:active d=2.2 age=7 dtg=5.30 region=1_15
ep=377 s=135 10556ms [sel=3 cap=10441 rest=112] sg=6->6 mode=NONE win=8 obs=136 | cap=wip act=(320,360) d=1.96 a=1 | sp=frontier:active d=2.0 age=8 dtg=5.06 region=1_15
ep=377 s=136 7800ms [sel=4 cap=7681 rest=116] sg=6->6 mode=NONE win=8 obs=137 | cap=wip act=(320,360) d=1.75 a=1 | sp=frontier:active d=1.8 age=9 dtg=4.82 region=1_15
ep=377 s=137 16188ms [sel=3 cap=15670 rest=475] sg=6->6 mode=NONE win=8 obs=138 | cap=wip act=(320,360) d=1.56 a=1 | preview=view-/6 yaw=+0 render=40ms | sp=frontier:active d=1.6 age=10 dtg=4.59 region=1_15
ep=377 s=138 11025ms [sel=5 cap=10910 rest=111] sg=6->6 mode=NONE win=8 obs=139 | cap=wip act=(320,360) d=1.37 a=1 | sp=frontier:active d=1.4 age=11 dtg=4.36 region=1_15
ep=377 s=139 12450ms [sel=6 cap=12336 rest=108] sg=6->6 mode=NONE win=8 obs=140 | cap=wip act=(320,360) d=1.22 a=1 | sp=frontier:active d=1.2 age=12 dtg=4.13 region=1_15
ep=377 s=140 13035ms [sel=43 cap=12465 rest=490] sg=6->6 mode=NONE win=8 obs=141 | cap=wip act=(320,360) d=4.15 a=2 | preview=view-/6 yaw=+0 render=37ms | sp=frontier:active d=4.1 age=0 dtg=4.13 region=1_15
ep=377 s=141 8895ms [sel=3 cap=8783 rest=110] sg=6->6 mode=NONE win=8 obs=142 | cap=wip act=(320,360) d=4.15 a=1 | sp=frontier:active d=4.1 age=1 dtg=3.88 region=1_15
ep=377 s=142 13208ms [sel=4 cap=13090 rest=115] sg=6->6 mode=NONE win=8 obs=143 | cap=wip act=(320,360) d=3.90 a=1 | sp=frontier:active d=3.9 age=2 dtg=3.64 region=1_15
ep=377 s=143 9597ms [sel=4 cap=9468 rest=124] sg=6->6 mode=NONE win=8 obs=144 | cap=wip act=(320,360) d=3.66 a=1 | sp=frontier:active d=3.7 age=3 dtg=3.40 region=1_15
ep=377 s=144 6002ms [sel=3 cap=5865 rest=134] sg=6->6 mode=NONE win=8 obs=145 | cap=wip act=(320,360) d=3.42 a=2 | sp=frontier:active d=3.4 age=4 dtg=3.40 region=1_15
ep=377 s=145 3516ms [sel=4 cap=3352 rest=160] sg=6->6 mode=GET_NOWHERE win=8 obs=146 | cap=wip/GET_NOWHERE act=(320,360) d=3.42 a=1 | sp=frontier:active d=3.4 age=5 dtg=3.15 region=1_15
ep=377 s=146 3567ms [sel=3 cap=3402 rest=163] sg=6->6 mode=GET_NOWHERE win=8 obs=147 | cap=wip/GET_NOWHERE act=(320,360) d=3.17 a=1 | sp=frontier:active d=3.2 age=6 dtg=2.90 region=1_15
ep=377 s=147 3909ms [sel=3 cap=3778 rest=128] sg=6->6 mode=NONE win=8 obs=148 | cap=wip act=(320,360) d=2.92 a=2 | sp=frontier:active d=2.9 age=7 dtg=2.90 region=1_15
ep=377 s=148 12825ms [sel=3 cap=12235 rest=549] sg=6->6 mode=NONE win=8 obs=149 | cap=wip act=(320,360) d=2.92 a=1 | preview=view-/6 yaw=+0 render=38ms | sp=frontier:active d=2.9 age=8 dtg=2.66 region=1_15
ep=377 s=149 5780ms [sel=3 cap=5654 rest=123] sg=6->6 mode=NONE win=8 obs=150 | cap=wip act=(320,360) d=2.68 a=1 | sp=frontier:active d=2.7 age=9 dtg=2.42 region=1_11
ep=377 s=150 10185ms [sel=4 cap=10046 rest=135] sg=6->6 mode=NONE win=8 obs=151 | cap=wip act=(320,360) d=2.44 a=3 | sp=frontier:active d=2.4 age=10 dtg=2.42 region=1_11
ep=377 s=151 9539ms [sel=5 cap=9376 rest=158] sg=6->6 mode=NONE win=8 obs=152 | cap=wip act=(320,360) d=2.44 a=3 | sp=frontier:active d=2.4 age=11 dtg=2.42 region=1_11
ep=377 s=152 4594ms [sel=950 cap=3517 rest=127] sg=6->6 mode=NONE win=8 obs=153 | cap=wip act=(320,360) d=1.97 a=3 | sp=som:active d=2.0 age=0 som=4/8 dtg=2.42 region=1_11
ep=377 s=153 11306ms [sel=3 cap=10727 rest=536] sg=6->6 mode=NONE win=8 obs=154 | cap=wip act=(320,360) d=1.97 a=1 | preview=view-/6 yaw=+0 render=40ms | sp=som:active d=2.0 age=1 dtg=2.20 region=1_11
ep=377 s=154 10897ms [sel=3 cap=10770 rest=124] sg=6->6 mode=NONE win=8 obs=155 | cap=wip act=(320,360) d=1.72 a=1 | sp=som:active d=1.7 age=2 dtg=1.99 region=1_11
ep=377 s=155 7259ms [sel=3 cap=7114 rest=142] sg=6->6 mode=NONE win=8 obs=156 | cap=wip act=(320,360) d=1.48 a=1 | sp=som:active d=1.5 age=3 dtg=1.81 region=1_11
ep=377 s=156 13353ms [sel=3 cap=12741 rest=570] sg=6->6 mode=NONE win=8 obs=157 | cap=wip act=(320,360) d=1.24 a=1 | preview=view-/6 yaw=+0 render=39ms | sp=som:active d=1.2 age=4 dtg=1.67 region=1_26
ep=377 s=157 6126ms [sel=3 cap=6001 rest=123] sg=6->6 mode=NONE win=8 obs=158 | cap=wip act=(320,360) d=1.01 a=2 | sp=som:active d=1.0 age=5 dtg=1.67 region=1_26
ep=377 s=158 10876ms [sel=4 cap=10746 rest=126] sg=6->6 mode=NONE win=8 obs=159 | cap=wip act=(320,360) d=1.01 a=1 | sp=som:active d=1.0 age=6 dtg=1.50 region=1_26
ep=377 s=159 14192ms [sel=4 cap=14062 rest=127] sg=6->6 mode=NONE win=8 obs=160 | cap=wip act=(320,360) d=0.76 a=1 | sp=som:active d=0.8 age=7 dtg=1.36 region=1_26
ep=377 s=160 13178ms [sel=3 cap=12622 rest=511] sg=6->6 mode=NONE win=8 obs=161 | cap=wip act=(320,360) d=0.52 a=2 | preview=view-/6 yaw=+0 render=42ms | sp=som:active d=0.5 age=8 dtg=1.36 region=1_26
ep=377 s=161 5676ms [sel=4 cap=5527 rest=145] sg=6->6 mode=NONE win=8 obs=162 | cap=wip act=(320,360) d=0.52 a=1 | sp=som:active d=0.5 age=9 dtg=1.20 region=1_26
ep=377 s=162 6627ms [sel=1008 cap=5490 rest=129] sg=6->6 mode=NONE win=8 obs=163 | cap=wip act=(320,360) d=3.39 a=2 | sp=som:active d=3.4 age=0 som=4/8 dtg=1.20 region=1_26
ep=377 s=163 12954ms [sel=4 cap=12823 rest=127] sg=6->6 mode=NONE win=8 obs=164 | cap=wip act=(320,360) d=3.39 a=1 | sp=som:active d=3.4 age=1 dtg=1.02 region=1_26
ep=377 s=164 7110ms [sel=1294 cap=5251 rest=530] sg=6->None mode=NONE win=8 obs=165 | cap=DONE act=(320,360) d=3.45 a=2 | preview=view-/6 yaw=+0 render=35ms | sp=som:active d=3.2 age=2 ovr=1 door_evts=2 dtg=1.02 region=1_26
ep=377 s=165 127ms [sel=3 cap=0 rest=124] sg=None->None mode=NONE win=8 obs=166 | cap=- act=(320,360) d=3.45 a=1 | sp=endpoint:active d=3.5 age=1 ovr=1 door_evts=2 dtg=0.82 region=1_26
ep=377 s=166 139ms [sel=8 cap=0 rest=131] sg=None->None mode=NONE win=8 obs=167 | cap=- act=(320,360) d=3.26 a=1 | sp=endpoint:active d=3.3 age=2 ovr=1 door_evts=2 dtg=0.65 region=1_26
ep=377 s=167 138ms [sel=10 cap=0 rest=128] sg=None->None mode=NONE win=8 obs=168 | cap=- act=(320,360) d=3.09 a=2 | sp=endpoint:active d=3.1 age=3 ovr=1 door_evts=2 dtg=0.65 region=1_26
ep=377 s=168 133ms [sel=17 cap=0 rest=116] sg=None->None mode=NONE win=8 obs=169 | cap=- act=(320,360) d=3.09 a=1 | sp=endpoint:active d=3.1 age=4 ovr=1 door_evts=2 dtg=0.49 region=1_26
ep=377 s=169 131ms [sel=18 cap=0 rest=113] sg=None->None mode=NONE win=8 obs=170 | cap=- act=(320,360) d=2.97 a=3 | sp=endpoint:active d=3.0 age=5 ovr=1 door_evts=2 dtg=0.49 region=1_26
ep=377 s=170 135ms [sel=15 cap=0 rest=120] sg=None->None mode=NONE win=8 obs=171 | cap=- act=(320,360) d=2.97 a=1 | sp=endpoint:active d=3.0 age=6 ovr=1 door_evts=2 dtg=0.50 region=1_9
ep=377 s=171 135ms [sel=17 cap=0 rest=118] sg=None->None mode=NONE win=8 obs=172 | cap=- act=(320,360) d=2.82 a=1 | sp=endpoint:active d=2.8 age=7 ovr=1 door_evts=2 dtg=0.61 region=1_9
ep=377 s=172 138ms [sel=21 cap=0 rest=118] sg=None->None mode=NONE win=8 obs=173 | cap=- act=(320,360) d=2.68 a=3 | sp=endpoint:active d=2.7 age=8 ovr=1 door_evts=2 dtg=0.61 region=1_9
ep=377 s=173 132ms [sel=15 cap=0 rest=118] sg=None->None mode=NONE win=8 obs=174 | cap=- act=(320,360) d=2.68 a=3 | sp=endpoint:active d=2.7 age=9 ovr=1 door_evts=2 dtg=0.61 region=1_9
ep=377 s=174 127ms [sel=3 cap=0 rest=125] sg=None->None mode=NONE win=8 obs=175 | cap=- act=(320,360) d=2.68 a=3 | sp=endpoint:active d=2.7 age=10 ovr=1 door_evts=2 dtg=0.61 region=1_9
ep=377 s=175 122ms [sel=2 cap=0 rest=120] sg=None->None mode=NONE win=8 obs=176 | cap=- act=(320,360) d=2.68 a=1 | sp=endpoint:active d=2.7 age=11 ovr=1 door_evts=2 dtg=0.86 region=1_9
ep=377 s=176 123ms [sel=2 cap=0 rest=121] sg=None->None mode=NONE win=8 obs=177 | cap=- act=(320,360) d=2.44 a=3 | sp=endpoint:active d=2.4 age=12 ovr=1 door_evts=2 dtg=0.86 region=1_9
ep=377 s=177 122ms [sel=2 cap=0 rest=120] sg=None->None mode=NONE win=8 obs=178 | cap=- act=(320,360) d=2.44 a=1 | sp=endpoint:active d=2.4 age=13 ovr=1 door_evts=2 dtg=1.11 region=1_9
ep=377 s=178 120ms [sel=2 cap=0 rest=118] sg=None->None mode=NONE win=8 obs=179 | cap=- act=(320,360) d=2.19 a=1 | sp=endpoint:active d=2.2 age=14 ovr=1 door_evts=2 dtg=1.36 region=1_9
ep=377 s=179 117ms [sel=0 cap=0 rest=117] sg=None->None mode=NONE win=8 obs=180 | cap=- act=STOP | sp=endpoint:active d=1.9 age=15 ovr=1 door_evts=2 dtg=1.36 region=1_9
rank=1 [5/17] id=377 steps=180 success=1.000 spl=0.286 dtg=1.36 osr=1 path_length=26.78 ndtw=0.179 sdtw=0.179
PluginManager::Manager: duplicate static plugin StbImageImporter, ignoring
PluginManager::Manager: duplicate static plugin GltfImporter, ignoring
PluginManager::Manager: duplicate static plugin BasisImporter, ignoring
PluginManager::Manager: duplicate static plugin AssimpImporter, ignoring
PluginManager::Manager: duplicate static plugin AnySceneImporter, ignoring
PluginManager::Manager: duplicate static plugin AnyImageImporter, ignoring
episode=543 instruction="So head on up the stairs. Once you get to the top of the stairs, step onto the rug. And you'll stop on the rug, close to the window that's on the right." start_position=[18.24850082397461, 0.4905061721801758, 0.6487669944763184] goal_position=[20.383699417114258, 3.5271100997924805, -1.1687599420547485] reference_geodesic=7.405729293823242
episode=543 prepared_subgoals=3
  [1] Go up the stairs
      proof: The camera has passed the stairs: they are below and behind it and the upper landing fills the view.
  [2] Step onto the rug
      proof: The rug is directly underfoot and centered in the view.
  [3] Stop close to the window on the right
      proof: The window is on the right side of the view, within a step, and the camera has stopped moving
ep=543 s=0 6929ms [sel=1310 cap=5128 rest=451] sg=1->1 mode=NONE win=1 obs=1 | cap=wip act=(320,360) d=3.02 a=1 | preview=view-/6 yaw=+0 render=40ms | sp=som:active d=3.0 age=0 som=3/6 dtg=7.69 region=0_28
ep=543 s=1 2110ms [sel=3 cap=1996 rest=111] sg=1->1 mode=NONE win=2 obs=2 | cap=wip act=(320,360) d=2.77 a=2 | sp=som:active d=2.8 age=1 dtg=7.69 region=0_28
ep=543 s=2 5381ms [sel=3 cap=5266 rest=111] sg=1->1 mode=NONE win=3 obs=3 | cap=wip act=(320,360) d=2.77 a=1 | sp=som:active d=2.8 age=2 dtg=7.98 region=0_28
ep=543 s=3 5701ms [sel=3 cap=5587 rest=112] sg=1->1 mode=NONE win=4 obs=4 | cap=wip act=(320,360) d=2.53 a=2 | sp=som:active d=2.5 age=3 dtg=7.98 region=0_28
ep=543 s=4 6182ms [sel=3 cap=6065 rest=114] sg=1->1 mode=NONE win=5 obs=5 | cap=wip act=(320,360) d=2.53 a=1 | sp=som:active d=2.5 age=4 dtg=8.21 region=0_28
ep=543 s=5 7076ms [sel=1704 cap=4808 rest=501] sg=1->2 mode=NONE win=6 obs=6 | cap=DONE act=(320,360) d=2.97 a=1 | preview=view-/6 yaw=+0 render=63ms | sp=som:active d=3.0 age=0 som=2/8 dtg=8.42 region=0_12
ep=543 s=6 7586ms [sel=1594 cap=5881 rest=111] sg=2->3 mode=NONE win=7 obs=7 | cap=DONE act=(320,360) d=2.26 a=1 | sp=som:active d=2.3 age=0 som=4/8 dtg=8.64 region=0_12
ep=543 s=7 4805ms [sel=3 cap=4693 rest=110] sg=3->3 mode=NONE win=8 obs=8 | cap=wip act=(320,360) d=2.02 a=1 | sp=som:active d=2.0 age=1 dtg=8.86 region=0_12
ep=543 s=8 9697ms [sel=3 cap=9126 rest=530] sg=3->3 mode=NONE win=8 obs=9 | cap=wip act=(320,360) d=1.78 a=1 | preview=view-/6 yaw=+0 render=38ms | sp=som:active d=1.8 age=2 dtg=9.12 region=0_12
ep=543 s=9 5156ms [sel=3 cap=5044 rest=109] sg=3->3 mode=NONE win=8 obs=10 | cap=wip act=(320,360) d=1.55 a=3 | sp=som:active d=1.5 age=3 dtg=9.12 region=0_12
ep=543 s=10 7517ms [sel=3 cap=7406 rest=109] sg=3->3 mode=NONE win=8 obs=11 | cap=wip act=(320,360) d=1.55 a=1 | sp=som:active d=1.5 age=4 dtg=9.36 region=0_12
ep=543 s=11 10632ms [sel=5 cap=10060 rest=528] sg=3->None mode=NONE win=8 obs=12 | cap=DONE act=(320,360) d=1.00 a=1 | preview=view-/6 yaw=+0 render=39ms | sp=som:active d=1.3 age=5 dtg=9.61 region=0_12
ep=543 s=12 116ms [sel=4 cap=0 rest=112] sg=None->None mode=NONE win=8 obs=13 | cap=- act=(320,360) d=1.00 a=1 | sp=som:active d=1.1 age=6 dtg=9.86 region=0_12
ep=543 s=13 120ms [sel=4 cap=0 rest=116] sg=None->None mode=NONE win=8 obs=14 | cap=- act=(320,360) d=1.00 a=1 | sp=som:active d=0.8 age=7 dtg=10.11 region=0_12
ep=543 s=14 103ms [sel=0 cap=0 rest=103] sg=None->None mode=NONE win=8 obs=15 | cap=- act=STOP | sp=som:active d=0.6 age=8 dtg=10.11 region=0_12
rank=1 [6/17] id=543 steps=15 success=0.000 spl=0.000 dtg=10.11 osr=0 path_length=2.84 ndtw=0.312 sdtw=0.000
PluginManager::Manager: duplicate static plugin StbImageImporter, ignoring
PluginManager::Manager: duplicate static plugin GltfImporter, ignoring
PluginManager::Manager: duplicate static plugin BasisImporter, ignoring
PluginManager::Manager: duplicate static plugin AssimpImporter, ignoring
PluginManager::Manager: duplicate static plugin AnySceneImporter, ignoring
PluginManager::Manager: duplicate static plugin AnyImageImporter, ignoring
episode=634 instruction="So turn right and head in through the sliding door. Then keep going past the TV, it'll be on the right. Go into the kitchen from there, and wait next to the fridge." start_position=[-0.6365349888801575, -0.535740852355957, 16.356599807739258] goal_position=[0.5377020239830017, -0.535740852355957, 9.749950408935547] reference_geodesic=11.25741195678711
episode=634 prepared_subgoals=4
  [1] Turn right until the sliding door is centered ahead, then go through the sliding door
      proof: The camera has crossed the threshold and the interior of the room beyond is central in the view.
  [2] Walk past the TV
      proof: The TV is directly ahead and beside the camera, within a step.
  [3] Go into the kitchen
      proof: The camera has crossed the kitchen threshold and the kitchen interior is central in the view.
  [4] Wait next to the fridge
      proof: The fridge is directly beside or ahead of the camera, within a step and the camera is stationary
ep=634 s=0 3511ms [sel=0 cap=3024 rest=452] sg=1->1 mode=NONE win=1 obs=1 | cap=wip act=TURN request=+45deg execute=+15deg x1 a=3 | preview=view-/6 yaw=+0 render=35ms dtg=11.26 region=0_14
ep=634 s=1 3855ms [sel=0 cap=3758 rest=97] sg=1->1 mode=NONE win=2 obs=2 | cap=wip act=TURN request=+45deg execute=+15deg x1 a=3 dtg=11.26 region=0_14
ep=634 s=2 5205ms [sel=0 cap=5103 rest=102] sg=1->1 mode=NONE win=3 obs=3 | cap=wip act=TURN request=+45deg execute=+15deg x1 a=3 dtg=11.26 region=0_14
ep=634 s=3 3113ms [sel=0 cap=3009 rest=105] sg=1->1 mode=NONE win=4 obs=4 | cap=wip act=TURN request=+45deg execute=+15deg x1 a=3 dtg=11.26 region=0_14
ep=634 s=4 5066ms [sel=1560 cap=3401 rest=105] sg=1->1 mode=NONE win=5 obs=5 | cap=wip act=TURN request=+45deg execute=+15deg x1 a=3 | sp=som:active d=3.3 age=0 som=3/8 dtg=11.26 region=0_14
ep=634 s=5 3761ms [sel=5 cap=3655 rest=101] sg=1->1 mode=NONE win=6 obs=6 | cap=wip act=TURN request=+45deg execute=+15deg x1 a=3 | sp=som:active d=3.3 age=1 dtg=11.26 region=0_14
ep=634 s=6 4131ms [sel=5 cap=4010 rest=116] sg=1->1 mode=NONE win=7 obs=7 | cap=wip act=TURN request=+45deg execute=+15deg x1 a=3 | sp=som:active d=3.3 age=2 dtg=11.26 region=0_14
ep=634 s=7 5426ms [sel=4 cap=5307 rest=116] sg=1->1 mode=NONE win=8 obs=8 | cap=wip act=(320,360) d=3.25 a=3 | sp=som:active d=3.3 age=3 dtg=11.26 region=0_14
ep=634 s=8 3660ms [sel=14 cap=3525 rest=122] sg=1->1 mode=NONE win=8 obs=9 | cap=wip act=(320,360) d=3.25 a=3 | sp=som:active d=3.3 age=4 dtg=11.26 region=0_14
ep=634 s=9 3437ms [sel=5 cap=3320 rest=111] sg=1->1 mode=NONE win=8 obs=10 | cap=wip act=(320,360) d=3.25 a=1 | sp=som:active d=3.3 age=5 dtg=11.01 region=0_14
ep=634 s=10 3958ms [sel=7 cap=3835 rest=117] sg=1->1 mode=NONE win=8 obs=11 | cap=wip act=(320,360) d=3.20 a=3 | sp=som:active d=3.2 age=6 dtg=11.01 region=0_14
ep=634 s=11 4558ms [sel=11 cap=4432 rest=114] sg=1->1 mode=NONE win=8 obs=12 | cap=wip act=(320,360) d=3.20 a=1 | sp=som:active d=3.2 age=7 dtg=10.76 region=0_14
ep=634 s=12 3174ms [sel=13 cap=3049 rest=112] sg=1->1 mode=NONE win=8 obs=13 | cap=wip act=(320,360) d=3.23 a=1 | sp=som:active d=3.2 age=8 dtg=10.52 region=0_14
ep=634 s=13 4481ms [sel=15 cap=4355 rest=111] sg=1->1 mode=NONE win=8 obs=14 | cap=wip act=(320,360) d=3.28 a=1 | sp=som:active d=3.3 age=9 dtg=10.27 region=0_14
ep=634 s=14 4322ms [sel=16 cap=4197 rest=109] sg=1->1 mode=NONE win=8 obs=15 | cap=wip act=(320,360) d=3.35 a=1 | sp=som:active d=3.4 age=10 dtg=10.02 region=0_14
ep=634 s=15 5102ms [sel=17 cap=4976 rest=110] sg=1->1 mode=NONE win=8 obs=16 | cap=wip act=(320,360) d=3.44 a=1 | sp=som:active d=3.4 age=11 dtg=9.78 region=0_14
ep=634 s=16 4036ms [sel=18 cap=3909 rest=110] sg=1->1 mode=NONE win=8 obs=17 | cap=wip act=(320,360) d=3.54 a=1 | sp=som:active d=3.5 age=12 dtg=9.54 region=0_14
ep=634 s=17 4133ms [sel=19 cap=4011 rest=102] sg=1->1 mode=NONE win=8 obs=18 | cap=wip act=(320,360) d=3.65 a=2 | sp=som:active d=3.7 age=13 dtg=9.54 region=0_14
ep=634 s=18 3025ms [sel=22 cap=2890 rest=113] sg=1->1 mode=NONE win=8 obs=19 | cap=wip act=(320,360) d=3.65 a=1 | sp=som:active d=3.7 age=14 dtg=9.29 region=0_14
ep=634 s=19 6288ms [sel=18 cap=6160 rest=110] sg=1->1 mode=NONE win=8 obs=20 | cap=wip act=(320,360) d=3.72 a=1 | sp=som:active d=3.7 age=15 dtg=9.04 region=0_14
ep=634 s=20 3243ms [sel=18 cap=3115 rest=111] sg=1->1 mode=NONE win=8 obs=21 | cap=wip act=(320,360) d=3.81 a=2 | sp=som:active d=3.8 age=16 dtg=9.04 region=0_14
ep=634 s=21 3169ms [sel=17 cap=3038 rest=114] sg=1->1 mode=NONE win=8 obs=22 | cap=wip act=(320,360) d=3.81 a=1 | sp=som:active d=3.8 age=17 dtg=8.80 region=0_14
ep=634 s=22 4378ms [sel=17 cap=4243 rest=117] sg=1->1 mode=NONE win=8 obs=23 | cap=wip act=(320,360) d=3.85 a=2 | sp=som:active d=3.8 age=18 dtg=8.80 region=0_14
ep=634 s=23 7868ms [sel=16 cap=7734 rest=119] sg=1->1 mode=NONE win=8 obs=24 | cap=wip act=(320,360) d=3.85 a=1 | sp=som:active d=3.8 age=19 dtg=8.60 region=0_14
ep=634 s=24 3073ms [sel=1787 cap=1169 rest=117] sg=1->1 mode=NONE win=8 obs=25 | cap=wip act=(320,360) d=1.22 a=2 | sp=som:active d=1.2 age=0 som=3/6 dtg=8.60 region=0_14
ep=634 s=25 5664ms [sel=6 cap=5543 rest=116] sg=1->1 mode=NONE win=8 obs=26 | cap=wip act=(320,360) d=1.22 a=1 | sp=som:active d=1.2 age=1 dtg=8.47 region=0_14
ep=634 s=26 3305ms [sel=6 cap=3184 rest=115] sg=1->1 mode=NONE win=8 obs=27 | cap=wip act=(320,360) d=1.10 a=2 | sp=som:active d=1.1 age=2 dtg=8.47 region=0_14
ep=634 s=27 2556ms [sel=7 cap=2435 rest=114] sg=1->1 mode=NONE win=8 obs=28 | cap=wip act=(320,360) d=1.10 a=1 | sp=som:active d=1.1 age=3 dtg=8.39 region=0_14
ep=634 s=28 3496ms [sel=0 cap=3115 rest=381] sg=1->1 mode=NONE win=8 obs=29 | cap=wip act=TURN request=-45deg execute=-15deg x1 a=2 | sp=som:active d=1.0 age=4 dtg=8.39 region=0_14
ep=634 s=29 4976ms [sel=0 cap=4875 rest=101] sg=1->1 mode=NONE win=8 obs=30 | cap=wip act=TURN request=-45deg execute=-15deg x1 a=2 | sp=som:active d=1.0 age=5 dtg=8.39 region=0_14
ep=634 s=30 3759ms [sel=0 cap=3654 rest=105] sg=1->1 mode=NONE win=8 obs=31 | cap=wip act=TURN request=-45deg execute=-15deg x1 a=2 | sp=som:active d=1.0 age=6 dtg=8.39 region=0_14
ep=634 s=31 4089ms [sel=0 cap=3970 rest=120] sg=1->1 mode=NONE win=8 obs=32 | cap=wip act=TURN request=-45deg execute=-15deg x1 a=2 | sp=som:active d=1.0 age=7 dtg=8.39 region=0_14
ep=634 s=32 3747ms [sel=0 cap=3633 rest=114] sg=1->1 mode=NONE win=8 obs=33 | cap=wip act=TURN request=-45deg execute=-15deg x1 a=2 | sp=som:active d=1.0 age=8 dtg=8.39 region=0_14
ep=634 s=33 4926ms [sel=0 cap=4818 rest=108] sg=1->1 mode=NONE win=8 obs=34 | cap=wip act=TURN request=-45deg execute=-15deg x1 a=2 | sp=som:active d=1.0 age=9 dtg=8.39 region=0_14
ep=634 s=34 4769ms [sel=0 cap=4662 rest=107] sg=1->1 mode=NONE win=8 obs=35 | cap=wip act=TURN request=-45deg execute=-15deg x1 a=2 | sp=som:active d=1.0 age=10 dtg=8.39 region=0_14
ep=634 s=35 4137ms [sel=0 cap=4031 rest=106] sg=1->1 mode=NONE win=8 obs=36 | cap=wip act=TURN request=-45deg execute=-15deg x1 a=2 | sp=som:active d=1.0 age=11 dtg=8.39 region=0_14
ep=634 s=36 3172ms [sel=17 cap=3046 rest=109] sg=1->1 mode=NONE win=8 obs=37 | cap=wip act=(320,360) d=1.04 a=2 | sp=som:active d=1.0 age=12 dtg=8.39 region=0_14
ep=634 s=37 3800ms [sel=19 cap=3672 rest=109] sg=1->1 mode=NONE win=8 obs=38 | cap=wip act=(320,360) d=1.04 a=2 | sp=som:active d=1.0 age=13 dtg=8.39 region=0_14
ep=634 s=38 4222ms [sel=19 cap=4099 rest=104] sg=1->1 mode=NONE win=8 obs=39 | cap=wip act=(320,360) d=1.04 a=2 | sp=som:active d=1.0 age=14 dtg=8.39 region=0_14
ep=634 s=39 6148ms [sel=29 cap=6007 rest=112] sg=1->1 mode=NONE win=8 obs=40 | cap=wip act=(320,360) d=1.04 a=2 | sp=som:active d=1.0 age=15 dtg=8.39 region=0_14
ep=634 s=40 3292ms [sel=29 cap=3142 rest=121] sg=1->1 mode=NONE win=8 obs=41 | cap=wip act=(320,360) d=1.04 a=2 | sp=som:active d=1.0 age=16 dtg=8.39 region=0_14
ep=634 s=41 5226ms [sel=19 cap=5093 rest=115] sg=1->1 mode=NONE win=8 obs=42 | cap=wip act=(320,360) d=1.04 a=2 | sp=som:active d=1.0 age=17 dtg=8.39 region=0_14
ep=634 s=42 4894ms [sel=21 cap=4365 rest=473] sg=1->1 mode=NONE win=8 obs=43 | cap=wip act=(320,360) d=1.04 a=2 | preview=view-/6 yaw=+0 render=34ms | sp=som:active d=1.0 age=18 dtg=8.39 region=0_14
ep=634 s=43 4889ms [sel=15 cap=4756 rest=118] sg=1->1 mode=NONE win=8 obs=44 | cap=wip act=(320,360) d=1.04 a=2 | sp=som:active d=1.0 age=19 dtg=8.39 region=0_14
ep=634 s=44 3407ms [sel=14 cap=3266 rest=128] sg=1->1 mode=NONE win=8 obs=45 | cap=wip act=(320,360) d=1.04 a=2 | sp=som:active d=1.0 age=20 dtg=8.39 region=0_14
ep=634 s=45 6808ms [sel=1702 cap=4990 rest=116] sg=1->1 mode=NONE win=8 obs=46 | cap=wip act=(320,359) d=1.86 a=1 | sp=straight_ahead:active d=1.0 age=0 som=1/5 dtg=8.20 region=0_14
ep=634 s=46 9635ms [sel=5418 cap=4100 rest=117] sg=1->2 mode=NONE win=8 obs=47 | cap=DONE act=(320,360) d=1.36 a=3 | sp=som:active d=1.4 age=0 som=2/5 dtg=8.20 region=0_14
ep=634 s=47 6799ms [sel=12 cap=6662 rest=125] sg=2->2 mode=NONE win=8 obs=48 | cap=wip act=(320,360) d=1.36 a=3 | sp=som:active d=1.4 age=1 dtg=8.20 region=0_14
ep=634 s=48 7484ms [sel=6 cap=7353 rest=125] sg=2->2 mode=NONE win=8 obs=49 | cap=wip act=(320,360) d=1.36 a=3 | sp=som:active d=1.4 age=2 dtg=8.20 region=0_14
ep=634 s=49 4589ms [sel=127 cap=4356 rest=107] sg=2->2 mode=GET_NOWHERE win=8 obs=50 | cap=wip/GET_NOWHERE act=TURN request=+45deg execute=+15deg x1 a=3 | sp=som:active d=1.4 age=3 dtg=8.20 region=0_14
ep=634 s=50 3798ms [sel=0 cap=3701 rest=97] sg=2->2 mode=NONE win=8 obs=51 | cap=wip act=TURN request=+45deg execute=+15deg x1 a=3 | sp=som:active d=1.4 age=4 dtg=8.20 region=0_14
ep=634 s=51 3900ms [sel=0 cap=3792 rest=109] sg=2->2 mode=NONE win=8 obs=52 | cap=wip act=TURN request=+45deg execute=+15deg x1 a=3 | sp=som:active d=1.4 age=5 dtg=8.20 region=0_14
ep=634 s=52 5040ms [sel=0 cap=4922 rest=119] sg=2->2 mode=NONE win=8 obs=53 | cap=wip act=TURN request=+45deg execute=+15deg x1 a=3 | sp=som:active d=1.4 age=6 dtg=8.20 region=0_14
ep=634 s=53 4398ms [sel=0 cap=4293 rest=106] sg=2->2 mode=NONE win=8 obs=54 | cap=wip act=TURN request=+45deg execute=+15deg x1 a=3 | sp=som:active d=1.4 age=7 dtg=8.20 region=0_14
ep=634 s=54 3551ms [sel=0 cap=3442 rest=108] sg=2->2 mode=NONE win=8 obs=55 | cap=wip act=TURN request=+45deg execute=+15deg x1 a=3 | sp=som:active d=1.4 age=8 dtg=8.20 region=0_14
ep=634 s=55 5780ms [sel=0 cap=5670 rest=110] sg=2->2 mode=NONE win=8 obs=56 | cap=wip act=TURN request=+45deg execute=+15deg x1 a=3 | sp=som:active d=1.4 age=9 dtg=8.20 region=0_14
ep=634 s=56 4731ms [sel=13 cap=4613 rest=105] sg=2->2 mode=NONE win=8 obs=57 | cap=wip act=(320,360) d=1.36 a=2 | sp=som:active d=1.4 age=10 dtg=8.20 region=0_14
ep=634 s=57 7417ms [sel=14 cap=7295 rest=108] sg=2->2 mode=NONE win=8 obs=58 | cap=wip act=(320,360) d=1.36 a=1 | sp=som:active d=1.4 age=11 dtg=8.45 region=0_14
ep=634 s=58 5845ms [sel=11 cap=5730 rest=104] sg=2->2 mode=NONE win=8 obs=59 | cap=wip act=(320,360) d=1.33 a=2 | sp=som:active d=1.3 age=12 dtg=8.45 region=0_14
ep=634 s=59 6720ms [sel=11 cap=6604 rest=105] sg=2->2 mode=NONE win=8 obs=60 | cap=wip act=(320,360) d=1.33 a=2 | sp=som:active d=1.3 age=13 dtg=8.45 region=0_14
ep=634 s=60 4508ms [sel=9 cap=4396 rest=103] sg=2->2 mode=NONE win=8 obs=61 | cap=wip act=(320,360) d=1.33 a=1 | sp=som:active d=1.3 age=14 dtg=8.67 region=0_14
ep=634 s=61 3929ms [sel=13 cap=3813 rest=104] sg=2->2 mode=NONE win=8 obs=62 | cap=wip act=(320,360) d=1.23 a=2 | sp=som:active d=1.2 age=15 dtg=8.67 region=0_14
ep=634 s=62 3992ms [sel=9 cap=3875 rest=108] sg=2->2 mode=NONE win=8 obs=63 | cap=wip act=(320,360) d=1.23 a=2 | sp=som:active d=1.2 age=16 dtg=8.67 region=0_14
ep=634 s=63 4966ms [sel=7 cap=4853 rest=106] sg=2->2 mode=NONE win=8 obs=64 | cap=wip act=(320,360) d=1.23 a=1 | sp=som:active d=1.2 age=17 dtg=8.83 region=0_14
ep=634 s=64 4918ms [sel=5 cap=4806 rest=107] sg=2->2 mode=NONE win=8 obs=65 | cap=wip act=(320,360) d=1.05 a=2 | sp=som:active d=1.1 age=18 dtg=8.83 region=0_14
ep=634 s=65 7335ms [sel=3 cap=7233 rest=100] sg=2->2 mode=NONE win=8 obs=66 | cap=wip act=(320,360) d=1.05 a=2 | sp=som:active d=1.1 age=19 dtg=8.83 region=0_14
ep=634 s=66 4585ms [sel=3 cap=4047 rest=498] sg=2->2 mode=NONE win=8 obs=67 | cap=wip act=(320,360) d=1.05 a=1 | preview=view-/6 yaw=+0 render=37ms | sp=som:active d=1.1 age=20 dtg=8.92 region=0_14
ep=634 s=67 4452ms [sel=3 cap=4342 rest=107] sg=2->2 mode=NONE win=8 obs=68 | cap=wip act=(320,360) d=0.82 a=2 | sp=som:active d=0.8 age=21 dtg=8.92 region=0_14
ep=634 s=68 7288ms [sel=3 cap=7171 rest=114] sg=2->2 mode=NONE win=8 obs=69 | cap=wip act=(320,360) d=0.82 a=1 | sp=som:active d=0.8 age=22 dtg=8.98 region=0_14
ep=634 s=69 4009ms [sel=3 cap=3891 rest=114] sg=2->2 mode=NONE win=8 obs=70 | cap=wip act=(320,360) d=0.58 a=1 | sp=som:active d=0.6 age=23 dtg=9.07 region=0_14
ep=634 s=70 6486ms [sel=1341 cap=5030 rest=115] sg=2->2 mode=NONE win=8 obs=71 | cap=wip act=(320,359) d=1.68 a=1 som=2/7 dtg=9.20 region=0_14
ep=634 s=71 4513ms [sel=707 cap=3696 rest=111] sg=2->2 mode=NONE win=8 obs=72 | cap=wip act=(320,360) d=2.83 a=3 | sp=frontier:active d=2.8 age=0 som=1/6 dtg=9.20 region=0_14
ep=634 s=72 4704ms [sel=46 cap=4547 rest=111] sg=2->2 mode=NONE win=8 obs=73 | cap=wip act=(320,360) d=2.83 a=3 | sp=frontier:active d=2.8 age=1 dtg=9.20 region=0_14
ep=634 s=73 4704ms [sel=46 cap=4553 rest=105] sg=2->2 mode=NONE win=8 obs=74 | cap=wip act=(320,360) d=2.83 a=3 | sp=frontier:active d=2.8 age=2 dtg=9.20 region=0_14
ep=634 s=74 4610ms [sel=45 cap=4456 rest=108] sg=2->2 mode=NONE win=8 obs=75 | cap=wip act=(320,360) d=2.83 a=3 | sp=frontier:active d=2.8 age=3 dtg=9.20 region=0_14
ep=634 s=75 3833ms [sel=45 cap=3678 rest=111] sg=2->2 mode=NONE win=8 obs=76 | cap=wip act=(320,360) d=2.83 a=3 | sp=frontier:active d=2.8 age=4 dtg=9.20 region=0_14
ep=634 s=76 4391ms [sel=42 cap=4239 rest=109] sg=2->2 mode=NONE win=8 obs=77 | cap=wip act=(320,360) d=2.83 a=3 | sp=frontier:active d=2.8 age=5 dtg=9.20 region=0_14
ep=634 s=77 4581ms [sel=34 cap=4441 rest=106] sg=2->2 mode=NONE win=8 obs=78 | cap=wip act=(320,360) d=2.83 a=3 | sp=frontier:active d=2.8 age=6 dtg=9.20 region=0_14
ep=634 s=78 2863ms [sel=31 cap=2726 rest=106] sg=2->2 mode=NONE win=8 obs=79 | cap=wip act=(320,360) d=2.83 a=3 | sp=frontier:active d=2.8 age=7 dtg=9.20 region=0_14
ep=634 s=79 6745ms [sel=25 cap=6616 rest=104] sg=2->2 mode=NONE win=8 obs=80 | cap=wip act=(320,360) d=2.83 a=3 | sp=frontier:active d=2.8 age=8 dtg=9.20 region=0_14
ep=634 s=80 4547ms [sel=27 cap=4410 rest=111] sg=2->2 mode=NONE win=8 obs=81 | cap=wip act=(320,360) d=2.83 a=3 | sp=frontier:active d=2.8 age=9 dtg=9.20 region=0_14
ep=634 s=81 5858ms [sel=32 cap=5713 rest=113] sg=2->2 mode=NONE win=8 obs=82 | cap=wip act=(320,360) d=2.83 a=1 | sp=frontier:active d=2.8 age=10 dtg=9.20 region=0_14
ep=634 s=82 4957ms [sel=33 cap=4812 rest=112] sg=2->2 mode=NONE win=8 obs=83 | cap=wip act=(320,360) d=2.92 a=1 | sp=frontier:active d=2.9 age=11 dtg=9.23 region=0_14
ep=634 s=83 6608ms [sel=35 cap=6460 rest=113] sg=2->2 mode=NONE win=8 obs=84 | cap=wip act=(320,360) d=3.03 a=3 | sp=frontier:active d=3.0 age=12 dtg=9.23 region=0_14
ep=634 s=84 6766ms [sel=44 cap=6609 rest=113] sg=2->2 mode=NONE win=8 obs=85 | cap=wip act=(320,360) d=3.03 a=1 | sp=frontier:active d=3.0 age=13 dtg=9.24 region=0_14
ep=634 s=85 6896ms [sel=42 cap=6740 rest=114] sg=2->2 mode=NONE win=8 obs=86 | cap=wip act=(320,360) d=3.20 a=1 | sp=frontier:active d=3.2 age=14 dtg=9.28 region=0_14
ep=634 s=86 9974ms [sel=67 cap=9366 rest=505] sg=2->2 mode=NONE win=8 obs=87 | cap=wip act=(160,180) d=5.15 a=1 | preview=view1/6 yaw=-90 render=35ms | sp=preview:active d=5.2 age=0 dtg=9.35 region=0_14
ep=634 s=87 5432ms [sel=52 cap=5274 rest=105] sg=2->2 mode=NONE win=8 obs=88 | cap=wip act=(320,360) d=5.30 a=2 | sp=preview:active d=5.3 age=1 dtg=9.35 region=0_14
ep=634 s=88 3485ms [sel=46 cap=3334 rest=105] sg=2->2 mode=NONE win=8 obs=89 | cap=wip act=(320,360) d=5.30 a=1 | sp=preview:active d=5.3 age=2 dtg=9.50 region=0_14
ep=634 s=89 5018ms [sel=50 cap=4864 rest=104] sg=2->2 mode=NONE win=8 obs=90 | cap=wip act=(320,360) d=5.40 a=2 | sp=preview:active d=5.4 age=3 dtg=9.50 region=0_14
ep=634 s=90 5632ms [sel=45 cap=5486 rest=102] sg=2->2 mode=NONE win=8 obs=91 | cap=wip act=(320,360) d=5.40 a=1 | sp=preview:active d=5.4 age=4 dtg=9.72 region=0_14
ep=634 s=91 3568ms [sel=44 cap=3423 rest=101] sg=2->2 mode=NONE win=8 obs=92 | cap=wip act=(320,360) d=5.45 a=2 | sp=preview:active d=5.5 age=5 dtg=9.72 region=0_14
ep=634 s=92 3457ms [sel=39 cap=3312 rest=105] sg=2->2 mode=NONE win=8 obs=93 | cap=wip act=(320,360) d=5.45 a=1 | sp=preview:active d=5.5 age=6 dtg=9.96 region=0_14
ep=634 s=93 5602ms [sel=42 cap=5457 rest=103] sg=2->2 mode=NONE win=8 obs=94 | cap=wip act=(320,360) d=5.45 a=1 | sp=preview:active d=5.4 age=7 dtg=10.20 region=0_14
ep=634 s=94 4268ms [sel=41 cap=4124 rest=103] sg=2->2 mode=NONE win=8 obs=95 | cap=wip act=(320,360) d=5.45 a=1 | sp=preview:active d=5.5 age=8 dtg=10.45 region=0_14
ep=634 s=95 5699ms [sel=44 cap=5551 rest=104] sg=2->2 mode=NONE win=8 obs=96 | cap=wip act=(320,360) d=5.47 a=1 | sp=preview:active d=5.5 age=9 dtg=10.69 region=0_14
ep=634 s=96 4932ms [sel=44 cap=4781 rest=107] sg=2->2 mode=NONE win=8 obs=97 | cap=wip act=(320,360) d=5.50 a=2 | sp=preview:active d=5.5 age=10 dtg=10.69 region=0_14
ep=634 s=97 6958ms [sel=40 cap=6816 rest=103] sg=2->2 mode=NONE win=8 obs=98 | cap=wip act=(320,360) d=5.50 a=1 | sp=preview:active d=5.5 age=11 dtg=10.94 region=0_14
ep=634 s=98 8877ms [sel=40 cap=8739 rest=98] sg=2->2 mode=NONE win=8 obs=99 | cap=wip act=(320,360) d=5.48 a=2 | sp=preview:active d=5.5 age=12 dtg=10.94 region=0_14
ep=634 s=99 7317ms [sel=38 cap=7155 rest=123] sg=2->2 mode=NONE win=8 obs=100 | cap=wip act=(320,360) d=5.48 a=1 | sp=preview:active d=5.5 age=13 dtg=11.18 region=0_14
ep=634 s=100 5170ms [sel=41 cap=5019 rest=110] sg=2->2 mode=NONE win=8 obs=101 | cap=wip act=(320,360) d=5.40 a=1 | sp=preview:active d=5.4 age=14 dtg=11.42 region=0_14
ep=634 s=101 6266ms [sel=39 cap=6108 rest=119] sg=2->2 mode=NONE win=8 obs=102 | cap=wip act=(320,360) d=5.33 a=1 | sp=preview:active d=5.3 age=15 dtg=10.81 region=0_14
ep=634 s=102 3569ms [sel=38 cap=3423 rest=108] sg=2->2 mode=NONE win=8 obs=103 | cap=wip act=(320,360) d=5.28 a=2 | sp=preview:active d=5.3 age=16 dtg=10.81 region=0_14
ep=634 s=103 3488ms [sel=37 cap=3343 rest=108] sg=2->2 mode=NONE win=8 obs=104 | cap=wip act=(320,360) d=5.28 a=1 | sp=preview:active d=5.3 age=17 dtg=10.66 region=0_14
ep=634 s=104 6366ms [sel=53 cap=6200 rest=112] sg=2->2 mode=NONE win=8 obs=105 | cap=wip act=(320,360) d=5.17 a=2 | sp=preview:active d=5.2 age=18 dtg=10.66 region=0_14
ep=634 s=105 4950ms [sel=50 cap=4780 rest=120] sg=2->2 mode=NONE win=8 obs=106 | cap=wip act=(320,360) d=5.17 a=1 | sp=preview:active d=5.2 age=19 dtg=10.59 region=0_14
ep=634 s=106 6066ms [sel=31 cap=5922 rest=114] sg=2->2 mode=NONE win=8 obs=107 | cap=wip act=(320,360) d=5.02 a=2 | sp=preview:active d=5.0 age=20 dtg=10.59 region=0_14
ep=634 s=107 6522ms [sel=26 cap=5978 rest=481] sg=2->2 mode=NONE win=8 obs=108 | cap=wip act=(160,180) d=5.02 a=2 | preview=view1/6 yaw=-75 render=37ms | sp=preview:active d=5.0 age=0 dtg=10.59 region=0_14
ep=634 s=108 4071ms [sel=4 cap=3979 rest=88] sg=2->2 mode=NONE win=8 obs=109 | cap=wip act=(320,360) d=5.02 a=2 | sp=preview:active d=5.0 age=1 dtg=10.59 region=0_14
ep=634 s=109 5675ms [sel=4 cap=5574 rest=97] sg=2->2 mode=NONE win=8 obs=110 | cap=wip act=(320,360) d=5.02 a=1 | sp=preview:active d=5.0 age=2 dtg=10.73 region=0_14
ep=634 s=110 6907ms [sel=4 cap=6800 rest=103] sg=2->2 mode=NONE win=8 obs=111 | cap=wip act=(320,360) d=4.77 a=1 | sp=preview:active d=4.8 age=3 dtg=10.89 region=0_14
ep=634 s=111 9639ms [sel=3 cap=9540 rest=97] sg=2->2 mode=NONE win=8 obs=112 | cap=wip act=(320,360) d=4.52 a=2 | sp=preview:active d=4.5 age=4 dtg=10.89 region=0_14
ep=634 s=112 4809ms [sel=3 cap=4256 rest=515] sg=2->2 mode=NONE win=8 obs=113 | cap=wip act=(320,360) d=4.52 a=2 | preview=view-/6 yaw=+0 render=35ms | sp=preview:active d=4.5 age=5 dtg=10.89 region=0_14
ep=634 s=113 8514ms [sel=3 cap=8406 rest=105] sg=2->2 mode=NONE win=8 obs=114 | cap=wip act=(320,360) d=4.52 a=1 | sp=preview:active d=4.5 age=6 dtg=11.12 region=0_14
ep=634 s=114 5887ms [sel=3 cap=5779 rest=106] sg=2->2 mode=NONE win=8 obs=115 | cap=wip act=(320,360) d=4.29 a=1 | sp=preview:active d=4.3 age=7 dtg=11.36 region=0_14
ep=634 s=115 5905ms [sel=3 cap=5792 rest=110] sg=2->2 mode=NONE win=8 obs=116 | cap=wip act=(320,360) d=4.06 a=3 | sp=preview:active d=4.1 age=8 dtg=11.36 region=0_14
ep=634 s=116 8558ms [sel=3 cap=8453 rest=101] sg=2->2 mode=NONE win=8 obs=117 | cap=wip act=(320,360) d=4.06 a=3 | sp=preview:active d=4.1 age=9 dtg=11.36 region=0_14
ep=634 s=117 4178ms [sel=3 cap=4082 rest=93] sg=2->2 mode=NONE win=8 obs=118 | cap=wip act=(320,360) d=4.06 a=1 | sp=preview:active d=4.1 age=10 dtg=11.54 region=0_14
ep=634 s=118 4279ms [sel=3 cap=4184 rest=92] sg=2->2 mode=NONE win=8 obs=119 | cap=wip act=(320,360) d=3.81 a=1 | sp=preview:active d=3.8 age=11 dtg=11.76 region=0_14
ep=634 s=119 6752ms [sel=3 cap=6651 rest=98] sg=2->2 mode=NONE win=8 obs=120 | cap=wip act=(320,360) d=3.56 a=1 | sp=preview:active d=3.6 age=12 dtg=11.99 region=0_14
ep=634 s=120 3534ms [sel=4 cap=3436 rest=94] sg=2->2 mode=NONE win=8 obs=121 | cap=wip act=(320,360) d=3.31 a=1 | sp=preview:active d=3.3 age=13 dtg=12.23 region=0_14
ep=634 s=121 4921ms [sel=1524 cap=3305 rest=93] sg=2->2 mode=NONE win=8 obs=122 | cap=wip act=(320,360) d=2.15 a=3 | sp=som:active d=2.1 age=0 som=3/6 dtg=12.23 region=0_14
ep=634 s=122 6008ms [sel=35 cap=5456 rest=481] sg=2->2 mode=NONE win=8 obs=123 | cap=wip act=(160,180) d=2.56 a=3 | preview=view2/6 yaw=-15 render=36ms | sp=preview:active d=2.6 age=0 dtg=12.23 region=0_14
ep=634 s=123 7985ms [sel=3108 cap=4777 rest=100] sg=2->3 mode=NONE win=8 obs=124 | cap=DONE act=(320,360) d=3.02 a=3 | sp=som:active d=3.0 age=0 som=5/8 dtg=12.23 region=0_14
ep=634 s=124 3721ms [sel=3 cap=3628 rest=90] sg=3->3 mode=GET_NOWHERE win=8 obs=125 | cap=wip/GET_NOWHERE act=(320,360) d=3.02 a=1 | sp=som:active d=3.0 age=1 dtg=12.39 region=0_14
ep=634 s=125 4832ms [sel=3 cap=4739 rest=90] sg=3->3 mode=NONE win=8 obs=126 | cap=wip act=(320,360) d=2.81 a=3 | sp=som:active d=2.8 age=2 dtg=12.39 region=0_14
ep=634 s=126 6690ms [sel=3 cap=6590 rest=97] sg=3->3 mode=NONE win=8 obs=127 | cap=wip act=(320,360) d=2.81 a=1 | sp=som:active d=2.8 age=3 dtg=12.54 region=0_14
ep=634 s=127 7227ms [sel=42 cap=6657 rest=493] sg=3->3 mode=NONE win=8 obs=128 | cap=wip act=(160,180) d=2.84 a=2 | preview=view1/6 yaw=-90 render=35ms | sp=preview:active d=2.8 age=0 dtg=12.54 region=0_14
ep=634 s=128 4598ms [sel=11 cap=4493 rest=95] sg=3->3 mode=NONE win=8 obs=129 | cap=wip act=(320,360) d=2.84 a=2 | sp=preview:active d=2.8 age=1 dtg=12.54 region=0_14
ep=634 s=129 6670ms [sel=3 cap=6573 rest=94] sg=3->3 mode=NONE win=8 obs=130 | cap=wip act=(320,360) d=2.84 a=2 | sp=preview:active d=2.8 age=2 dtg=12.54 region=0_14
ep=634 s=130 4445ms [sel=3 cap=4359 rest=84] sg=3->3 mode=NONE win=8 obs=131 | cap=wip act=(320,360) d=2.84 a=1 | sp=preview:active d=2.8 age=3 dtg=12.79 region=0_14
ep=634 s=131 4836ms [sel=3 cap=4747 rest=86] sg=3->3 mode=NONE win=8 obs=132 | cap=wip act=(320,360) d=2.59 a=2 | sp=preview:active d=2.6 age=4 dtg=12.79 region=0_14
ep=634 s=132 5804ms [sel=21 cap=5276 rest=472] sg=3->3 mode=NONE win=8 obs=133 | cap=wip act=(160,180) d=2.59 a=1 | preview=view2/6 yaw=-30 render=36ms | sp=preview:active d=2.6 age=0 dtg=13.03 region=0_14
ep=634 s=133 4606ms [sel=3 cap=4511 rest=92] sg=3->3 mode=NONE win=8 obs=134 | cap=wip act=(320,360) d=2.34 a=1 | sp=preview:active d=2.3 age=1 dtg=13.28 region=0_14
ep=634 s=134 9465ms [sel=4 cap=9368 rest=94] sg=3->3 mode=NONE win=8 obs=135 | cap=wip act=(320,360) d=2.10 a=1 | sp=preview:active d=2.1 age=2 dtg=13.53 region=0_14
ep=634 s=135 6977ms [sel=3 cap=6877 rest=97] sg=3->3 mode=NONE win=8 obs=136 | cap=wip act=(320,360) d=1.85 a=1 | sp=preview:active d=1.8 age=3 dtg=13.78 region=0_14
ep=634 s=136 4057ms [sel=3 cap=3953 rest=101] sg=3->3 mode=NONE win=8 obs=137 | cap=wip act=(320,360) d=1.60 a=1 | sp=preview:active d=1.6 age=4 dtg=14.02 region=0_14
ep=634 s=137 5911ms [sel=4 cap=5811 rest=96] sg=3->3 mode=NONE win=8 obs=138 | cap=wip act=(320,360) d=1.36 a=1 | sp=preview:active d=1.4 age=5 dtg=14.27 region=0_14
ep=634 s=138 4502ms [sel=3 cap=4399 rest=99] sg=3->3 mode=NONE win=8 obs=139 | cap=wip act=(320,360) d=1.12 a=3 | sp=preview:active d=1.1 age=6 dtg=14.27 region=0_14
ep=634 s=139 4558ms [sel=3 cap=4458 rest=97] sg=3->3 mode=NONE win=8 obs=140 | cap=wip act=(320,360) d=1.12 a=1 | sp=preview:active d=1.1 age=7 dtg=14.52 region=0_14
ep=634 s=140 5413ms [sel=3 cap=5315 rest=95] sg=3->3 mode=NONE win=8 obs=141 | cap=wip act=(320,360) d=0.87 a=1 | sp=preview:active d=0.9 age=8 dtg=14.77 region=0_11
ep=634 s=141 5553ms [sel=3 cap=5454 rest=95] sg=3->3 mode=NONE win=8 obs=142 | cap=wip act=(320,360) d=0.62 a=1 | sp=preview:active d=0.6 age=9 dtg=14.98 region=0_11
ep=634 s=142 6973ms [sel=50 cap=6806 rest=117] sg=3->3 mode=NONE win=8 obs=143 | cap=wip act=(320,360) d=1.25 a=3 | sp=frontier:active d=1.3 age=0 dtg=14.98 region=0_11
ep=634 s=143 4938ms [sel=18 cap=4811 rest=109] sg=3->3 mode=NONE win=8 obs=144 | cap=wip act=(320,360) d=1.25 a=3 | sp=frontier:active d=1.3 age=1 dtg=14.98 region=0_11
ep=634 s=144 6293ms [sel=12 cap=5815 rest=432] sg=3->3 mode=NONE win=8 obs=145 | cap=wip act=(320,360) d=1.25 a=3 | preview=view-/6 yaw=+0 render=34ms | sp=frontier:active d=1.3 age=2 dtg=14.98 region=0_11
ep=634 s=145 4125ms [sel=5 cap=4020 rest=100] sg=3->3 mode=NONE win=8 obs=146 | cap=wip act=(320,360) d=1.25 a=3 | sp=frontier:active d=1.3 age=3 dtg=14.98 region=0_11
ep=634 s=146 4215ms [sel=3 cap=4106 rest=105] sg=3->3 mode=NONE win=8 obs=147 | cap=wip act=(320,360) d=1.25 a=3 | sp=frontier:active d=1.3 age=4 dtg=14.98 region=0_11
ep=634 s=147 4329ms [sel=3 cap=4220 rest=106] sg=3->3 mode=NONE win=8 obs=148 | cap=wip act=(320,360) d=1.25 a=1 | sp=frontier:active d=1.3 age=5 dtg=14.92 region=0_11
ep=634 s=148 3920ms [sel=4 cap=3813 rest=103] sg=3->3 mode=NONE win=8 obs=149 | cap=wip act=(320,360) d=1.03 a=1 | sp=frontier:active d=1.0 age=6 dtg=14.18 region=0_11
ep=634 s=149 5368ms [sel=3 cap=5259 rest=106] sg=3->3 mode=NONE win=8 obs=150 | cap=wip act=(320,360) d=0.79 a=3 | sp=frontier:active d=0.8 age=7 dtg=14.18 region=0_11
ep=634 s=150 7838ms [sel=33 cap=7335 rest=436] sg=3->3 mode=NONE win=8 obs=151 | cap=wip act=(160,180) d=3.13 a=3 | preview=view3/6 yaw=+30 render=34ms | sp=preview:active d=3.1 age=0 dtg=14.18 region=0_11
ep=634 s=151 8013ms [sel=2273 cap=5618 rest=122] sg=3->4 mode=NONE win=8 obs=152 | cap=DONE act=(320,360) d=4.40 a=1 | sp=frontier:active d=4.4 age=0 som=B/8 dtg=14.01 region=0_11
ep=634 s=152 5343ms [sel=7 cap=5213 rest=123] sg=4->4 mode=NONE win=8 obs=153 | cap=wip act=(320,360) d=4.15 a=2 | sp=frontier:active d=4.2 age=1 dtg=14.01 region=0_11
ep=634 s=153 12491ms [sel=7 cap=11971 rest=476] sg=4->4 mode=NONE win=8 obs=154 | cap=wip act=(320,360) d=4.15 a=1 | preview=view-/6 yaw=+0 render=37ms | sp=frontier:active d=4.2 age=2 dtg=13.92 region=0_11
ep=634 s=154 5494ms [sel=3 cap=5379 rest=113] sg=4->4 mode=NONE win=8 obs=155 | cap=wip act=(320,360) d=3.90 a=1 | sp=frontier:active d=3.9 age=3 dtg=13.83 region=0_11
ep=634 s=155 5195ms [sel=7 cap=5077 rest=111] sg=4->4 mode=NONE win=8 obs=156 | cap=wip act=(320,360) d=3.65 a=3 | sp=frontier:active d=3.7 age=4 dtg=13.83 region=0_11
ep=634 s=156 5565ms [sel=3 cap=5445 rest=118] sg=4->4 mode=NONE win=8 obs=157 | cap=wip act=(320,360) d=3.65 a=1 | sp=frontier:active d=3.7 age=5 dtg=13.69 region=0_11
ep=634 s=157 8650ms [sel=5 cap=8528 rest=117] sg=4->4 mode=NONE win=8 obs=158 | cap=wip act=(320,360) d=3.41 a=1 | sp=frontier:active d=3.4 age=6 dtg=13.56 region=0_11
ep=634 s=158 4656ms [sel=4 cap=4527 rest=126] sg=4->4 mode=NONE win=8 obs=159 | cap=wip act=(320,360) d=3.17 a=1 | sp=frontier:active d=3.2 age=7 dtg=13.44 region=0_11
ep=634 s=159 11123ms [sel=3 cap=10602 rest=484] sg=4->4 mode=NONE win=8 obs=160 | cap=wip act=(320,360) d=2.93 a=1 | preview=view-/6 yaw=+0 render=35ms | sp=frontier:active d=2.9 age=8 dtg=13.33 region=None
ep=634 s=160 4780ms [sel=3 cap=4662 rest=115] sg=4->4 mode=NONE win=8 obs=161 | cap=wip act=(320,360) d=2.69 a=1 | sp=frontier:active d=2.7 age=9 dtg=13.23 region=0_14
ep=634 s=161 6116ms [sel=4 cap=5993 rest=119] sg=4->4 mode=NONE win=8 obs=162 | cap=wip act=(320,360) d=2.45 a=1 | sp=frontier:active d=2.4 age=10 dtg=13.14 region=0_14
ep=634 s=162 6688ms [sel=3 cap=6565 rest=121] sg=4->4 mode=NONE win=8 obs=163 | cap=wip act=(320,360) d=2.21 a=1 | sp=frontier:active d=2.2 age=11 dtg=13.06 region=0_14
ep=634 s=163 14918ms [sel=42 cap=14321 rest=518] sg=4->4 mode=NONE win=8 obs=164 | cap=wip act=(320,360) d=2.18 a=2 | preview=view-/6 yaw=+0 render=37ms | sp=frontier:active d=2.2 age=0 dtg=13.06 region=0_14
ep=634 s=164 8493ms [sel=3 cap=8376 rest=114] sg=4->4 mode=NONE win=8 obs=165 | cap=wip act=(320,360) d=2.18 a=1 | sp=frontier:active d=2.2 age=1 dtg=13.08 region=0_14
ep=634 s=165 8371ms [sel=3 cap=8256 rest=112] sg=4->4 mode=NONE win=8 obs=166 | cap=wip act=(320,360) d=1.93 a=1 | sp=frontier:active d=1.9 age=2 dtg=13.14 region=0_14
ep=634 s=166 11847ms [sel=3 cap=11253 rest=556] sg=4->4 mode=NONE win=8 obs=167 | cap=wip act=(320,360) d=1.69 a=1 | preview=view-/6 yaw=+0 render=35ms | sp=frontier:active d=1.7 age=3 dtg=13.22 region=0_14
ep=634 s=167 13083ms [sel=3 cap=12973 rest=107] sg=4->4 mode=NONE win=8 obs=168 | cap=wip act=(320,360) d=1.44 a=1 | sp=frontier:active d=1.4 age=4 dtg=13.34 region=0_14
ep=634 s=168 7278ms [sel=4 cap=7162 rest=112] sg=4->4 mode=NONE win=8 obs=169 | cap=wip act=(320,360) d=1.20 a=1 | sp=frontier:active d=1.2 age=5 dtg=13.47 region=0_14
ep=634 s=169 25801ms [sel=4 cap=25286 rest=476] sg=4->4 mode=NONE win=8 obs=170 | cap=wip act=(320,360) d=0.96 a=1 | preview=view-/6 yaw=+0 render=35ms | sp=frontier:active d=1.0 age=6 dtg=13.53 region=0_14
ep=634 s=170 10007ms [sel=3 cap=9891 rest=113] sg=4->4 mode=NONE win=8 obs=171 | cap=wip act=(320,360) d=0.73 a=2 | sp=frontier:active d=0.7 age=7 dtg=13.53 region=0_14
ep=634 s=171 10399ms [sel=3 cap=10277 rest=119] sg=4->4 mode=NONE win=8 obs=172 | cap=wip act=(320,360) d=0.73 a=1 | sp=frontier:active d=0.7 age=8 dtg=13.59 region=0_14
ep=634 s=172 22174ms [sel=86 cap=21577 rest=476] sg=4->4 mode=NONE win=8 obs=173 | cap=wip act=(320,360) d=5.67 a=3 | preview=view-/6 yaw=+0 render=35ms | sp=frontier:active d=5.7 age=0 dtg=13.59 region=0_14
ep=634 s=173 6483ms [sel=45 cap=6321 rest=117] sg=4->4 mode=NONE win=8 obs=174 | cap=wip act=(320,360) d=5.67 a=3 | sp=frontier:active d=5.7 age=1 dtg=13.59 region=0_14
ep=634 s=174 5910ms [sel=44 cap=5729 rest=136] sg=4->4 mode=NONE win=8 obs=175 | cap=wip act=(320,360) d=5.67 a=3 | sp=frontier:active d=5.7 age=2 dtg=13.59 region=0_14
ep=634 s=175 16123ms [sel=45 cap=15545 rest=498] sg=4->4 mode=NONE win=8 obs=176 | cap=wip act=(320,360) d=5.67 a=3 | preview=view-/6 yaw=+0 render=36ms | sp=frontier:active d=5.7 age=3 dtg=13.59 region=0_14
ep=634 s=176 7984ms [sel=37 cap=7810 rest=137] sg=4->4 mode=NONE win=8 obs=177 | cap=wip act=(320,360) d=5.67 a=3 | sp=frontier:active d=5.7 age=4 dtg=13.59 region=0_14
ep=634 s=177 8971ms [sel=13 cap=8818 rest=139] sg=4->4 mode=NONE win=8 obs=178 | cap=wip act=(320,360) d=5.67 a=3 | sp=frontier:active d=5.7 age=5 dtg=13.59 region=0_14
ep=634 s=178 22549ms [sel=8 cap=21954 rest=524] sg=4->4 mode=NONE win=8 obs=179 | cap=wip act=(320,360) d=5.67 a=1 | preview=view-/6 yaw=+0 render=63ms | sp=frontier:active d=5.7 age=6 dtg=13.35 region=0_14
ep=634 s=179 8763ms [sel=7 cap=8634 rest=122] sg=4->4 mode=NONE win=8 obs=180 | cap=wip act=(320,360) d=5.43 a=3 | sp=frontier:active d=5.4 age=7 dtg=13.35 region=0_14
ep=634 s=180 8707ms [sel=10 cap=8575 rest=122] sg=4->4 mode=NONE win=8 obs=181 | cap=wip act=(320,360) d=5.43 a=1 | sp=frontier:active d=5.4 age=8 dtg=13.10 region=0_14
ep=634 s=181 21964ms [sel=5 cap=21440 rest=486] sg=4->4 mode=NONE win=8 obs=182 | cap=wip act=(320,360) d=5.18 a=1 | preview=view-/6 yaw=+0 render=35ms | sp=frontier:active d=5.2 age=9 dtg=12.85 region=0_14
ep=634 s=182 8470ms [sel=3 cap=8346 rest=121] sg=4->4 mode=NONE win=8 obs=183 | cap=wip act=(320,360) d=4.93 a=2 | sp=frontier:active d=4.9 age=10 dtg=12.85 region=0_14
ep=634 s=183 10374ms [sel=4 cap=10241 rest=129] sg=4->4 mode=NONE win=8 obs=184 | cap=wip act=(320,360) d=4.93 a=1 | sp=frontier:active d=4.9 age=11 dtg=12.62 region=0_14
ep=634 s=184 16806ms [sel=4 cap=16214 rest=553] sg=4->4 mode=NONE win=8 obs=185 | cap=wip act=(320,360) d=4.68 a=1 | preview=view-/6 yaw=+0 render=35ms | sp=frontier:active d=4.7 age=12 dtg=12.39 region=0_14
ep=634 s=185 8623ms [sel=3 cap=8497 rest=123] sg=4->4 mode=NONE win=8 obs=186 | cap=wip act=(320,360) d=4.44 a=1 | sp=frontier:active d=4.4 age=13 dtg=12.16 region=0_14
ep=634 s=186 6983ms [sel=3 cap=6857 rest=123] sg=4->4 mode=NONE win=8 obs=187 | cap=wip act=(320,360) d=4.20 a=3 | sp=frontier:active d=4.2 age=14 dtg=12.16 region=0_14
ep=634 s=187 18171ms [sel=3 cap=17633 rest=499] sg=4->4 mode=NONE win=8 obs=188 | cap=wip act=(320,360) d=4.20 a=1 | preview=view-/6 yaw=+0 render=36ms | sp=frontier:active d=4.2 age=15 dtg=11.92 region=0_14
ep=634 s=188 7562ms [sel=3 cap=7444 rest=115] sg=4->4 mode=NONE win=8 obs=189 | cap=wip act=(320,360) d=3.95 a=1 | sp=frontier:active d=3.9 age=16 dtg=11.68 region=0_14
ep=634 s=189 9664ms [sel=1798 cap=7742 rest=124] sg=4->4 mode=NONE win=8 obs=190 | cap=wip act=(320,360) d=2.80 a=1 | sp=som:active d=2.8 age=0 som=1/6 dtg=11.44 region=0_14
ep=634 s=190 20269ms [sel=3 cap=19716 rest=514] sg=4->4 mode=NONE win=8 obs=191 | cap=wip act=(320,360) d=2.55 a=1 | preview=view-/6 yaw=+0 render=36ms | sp=som:active d=2.5 age=1 dtg=11.22 region=0_14
ep=634 s=191 9294ms [sel=3 cap=9143 rest=148] sg=4->4 mode=NONE win=8 obs=192 | cap=wip act=(320,360) d=2.30 a=1 | sp=som:active d=2.3 age=2 dtg=11.01 region=0_14
ep=634 s=192 10698ms [sel=4 cap=10571 rest=122] sg=4->4 mode=NONE win=8 obs=193 | cap=wip act=(320,360) d=2.05 a=1 | sp=som:active d=2.0 age=3 dtg=10.81 region=0_14
ep=634 s=193 30686ms [sel=4 cap=0 rest=30648] sg=None->4 mode=NONE win=8 obs=194 | cap=- act=(320,360) d=1.80 a=1 | preview=view-/6 yaw=+0 render=35ms | sp=som:active d=1.8 age=4 ANALYSIS_ERROR_STAGE=decision ANALYSIS_ERROR='CaptionerOutputError: decision violates the navigation reply contract: Captioner shared step deadline exhausted' dtg=10.62 region=0_14
ep=634 s=194 10188ms [sel=3 cap=10070 rest=115] sg=4->4 mode=NONE win=8 obs=195 | cap=wip act=(320,360) d=1.55 a=1 | sp=som:active d=1.5 age=5 dtg=10.44 region=0_14
ep=634 s=195 9167ms [sel=4 cap=9046 rest=117] sg=4->4 mode=NONE win=8 obs=196 | cap=wip act=(320,360) d=1.30 a=1 | sp=som:active d=1.3 age=6 dtg=10.28 region=0_14
ep=634 s=196 30558ms [sel=3 cap=0 rest=30519] sg=None->4 mode=NONE win=8 obs=197 | cap=- act=(320,360) d=1.05 a=1 | preview=view-/6 yaw=+0 render=36ms | sp=som:active d=1.0 age=7 ANALYSIS_ERROR_STAGE=completion_confirmation ANALYSIS_ERROR='CaptionerOutputError: decision violates the navigation reply contract: Request timed out.' dtg=10.14 region=0_14
ep=634 s=197 10261ms [sel=3 cap=10150 rest=109] sg=4->4 mode=NONE win=8 obs=198 | cap=wip act=(320,360) d=0.80 a=1 | sp=som:active d=0.8 age=8 dtg=10.03 region=0_14
ep=634 s=198 12918ms [sel=3 cap=12804 rest=111] sg=4->4 mode=NONE win=8 obs=199 | cap=wip act=(320,360) d=0.55 a=1 | sp=som:active d=0.5 age=9 dtg=9.95 region=0_14
ep=634 s=199 16784ms [sel=40 cap=16203 rest=505] sg=4->4 mode=NONE win=8 obs=200 | cap=wip act=(320,360) d=1.91 a=2 | preview=view-/6 yaw=+0 render=35ms | sp=frontier:active d=1.9 age=0 dtg=9.95 region=0_14
ep=634 s=200 7638ms [sel=3 cap=7526 rest=109] sg=4->4 mode=NONE win=8 obs=201 | cap=wip act=(320,360) d=1.91 a=1 | sp=frontier:active d=1.9 age=1 dtg=9.58 region=0_14
ep=634 s=201 9375ms [sel=4 cap=9266 rest=106] sg=4->4 mode=NONE win=8 obs=202 | cap=wip act=(320,360) d=1.68 a=1 | sp=frontier:active d=1.7 age=2 dtg=9.61 region=0_14
ep=634 s=202 13134ms [sel=44 cap=12581 rest=475] sg=4->4 mode=NONE win=8 obs=203 | cap=wip act=(160,180) d=3.19 a=3 | preview=view5/6 yaw=+90 render=35ms | sp=preview:active d=3.2 age=0 dtg=9.61 region=0_14
ep=634 s=203 7266ms [sel=30 cap=7140 rest=95] sg=4->4 mode=NONE win=8 obs=204 | cap=wip act=(320,360) d=3.19 a=3 | sp=preview:active d=3.2 age=1 dtg=9.61 region=0_14
ep=634 s=204 6957ms [sel=30 cap=6816 rest=111] sg=4->4 mode=NONE win=8 obs=205 | cap=wip act=(320,360) d=3.19 a=3 | sp=preview:active d=3.2 age=2 dtg=9.61 region=0_14
ep=634 s=205 25252ms [sel=33 cap=24679 rest=505] sg=4->4 mode=NONE win=8 obs=206 | cap=wip act=(320,360) d=3.19 a=3 | preview=view-/6 yaw=+0 render=35ms | sp=preview:active d=3.2 age=3 dtg=9.61 region=0_14
ep=634 s=206 16227ms [sel=30 cap=16075 rest=122] sg=4->4 mode=NONE win=8 obs=207 | cap=wip act=(320,360) d=3.19 a=3 | sp=preview:active d=3.2 age=4 dtg=9.61 region=0_14
ep=634 s=207 10457ms [sel=15 cap=10317 rest=125] sg=4->4 mode=NONE win=8 obs=208 | cap=wip act=(320,360) d=3.19 a=3 | sp=preview:active d=3.2 age=5 dtg=9.61 region=0_14
ep=634 s=208 19087ms [sel=6 cap=18552 rest=493] sg=4->4 mode=NONE win=8 obs=209 | cap=wip act=(320,360) d=3.19 a=3 | preview=view-/6 yaw=+0 render=35ms | sp=preview:active d=3.2 age=6 dtg=9.61 region=0_14
ep=634 s=209 6229ms [sel=3 cap=6109 rest=117] sg=4->4 mode=NONE win=8 obs=210 | cap=wip act=(320,360) d=3.19 a=3 | sp=preview:active d=3.2 age=7 dtg=9.61 region=0_14
ep=634 s=210 6474ms [sel=4 cap=6345 rest=125] sg=4->4 mode=NONE win=8 obs=211 | cap=wip act=(320,360) d=3.19 a=1 | sp=preview:active d=3.2 age=8 dtg=9.48 region=0_14
ep=634 s=211 7147ms [sel=4 cap=7027 rest=117] sg=4->4 mode=NONE win=8 obs=212 | cap=wip act=(320,360) d=2.94 a=1 | sp=preview:active d=2.9 age=9 dtg=9.56 region=0_14
ep=634 s=212 21899ms [sel=5 cap=21363 rest=495] sg=4->None mode=NONE win=8 obs=213 | cap=DONE act=(320,360) d=1.00 a=1 | preview=view-/6 yaw=+0 render=35ms | sp=preview:active d=2.7 age=10 dtg=9.33 region=0_14
ep=634 s=213 118ms [sel=5 cap=0 rest=113] sg=None->None mode=NONE win=8 obs=214 | cap=- act=(320,360) d=1.00 a=1 | sp=preview:active d=2.5 age=11 dtg=9.12 region=0_14
ep=634 s=214 115ms [sel=5 cap=0 rest=110] sg=None->None mode=NONE win=8 obs=215 | cap=- act=(320,360) d=1.00 a=1 | sp=preview:active d=2.2 age=12 dtg=8.95 region=0_14
ep=634 s=215 107ms [sel=0 cap=0 rest=107] sg=None->None mode=NONE win=8 obs=216 | cap=- act=STOP | sp=preview:active d=2.0 age=13 dtg=8.95 region=0_14
rank=1 [7/17] id=634 steps=216 success=0.000 spl=0.000 dtg=8.95 osr=0 path_length=25.12 ndtw=0.064 sdtw=0.000
PluginManager::Manager: duplicate static plugin StbImageImporter, ignoring
PluginManager::Manager: duplicate static plugin GltfImporter, ignoring
PluginManager::Manager: duplicate static plugin BasisImporter, ignoring
PluginManager::Manager: duplicate static plugin AssimpImporter, ignoring
PluginManager::Manager: duplicate static plugin AnySceneImporter, ignoring
PluginManager::Manager: duplicate static plugin AnyImageImporter, ignoring
episode=655 instruction="Alright, first just get yourself out of the bedroom. Then turn left into the hallway, the one that's opposite the bookshelf. Keep going all the way to the end of that hallway. And then go left and you'll find the white couch there." start_position=[7.710249900817871, 0.17162801325321198, -4.81318998336792] goal_position=[6.924980163574219, 0.17162801325321198, 1.1728399991989136] reference_geodesic=9.51393985748291
episode=655 prepared_subgoals=3
  [1] Exit the bedroom
      proof: The camera has crossed the bedroom threshold and the hallway is central in the view.
  [2] Turn left into the hallway opposite the bookshelf, then walk to the end of the hallway
      proof: The end of the hallway is beside or directly ahead of the camera, within a step; the camera has not yet turned left.
  [3] Turn left into the room with the white couch, then stop beside the white couch
      proof: The camera is beside the white couch and it fills the view
ep=655 s=0 13076ms [sel=25 cap=12578 rest=435] sg=1->1 mode=NONE win=1 obs=1 | cap=wip act=TURN request=+45deg execute=+15deg x1 a=3 | preview=view-/6 yaw=+0 render=37ms | sp=preview:active d=3.5 age=0 dtg=9.51 region=0_5
ep=655 s=1 6395ms [sel=5 cap=6292 rest=98] sg=1->1 mode=NONE win=2 obs=2 | cap=wip act=TURN request=+45deg execute=+15deg x1 a=3 | sp=preview:active d=3.5 age=1 dtg=9.51 region=0_5
ep=655 s=2 8515ms [sel=7 cap=8411 rest=98] sg=1->1 mode=NONE win=3 obs=3 | cap=wip act=TURN request=+45deg execute=+15deg x1 a=3 | sp=preview:active d=3.5 age=2 dtg=9.51 region=0_5
ep=655 s=3 6409ms [sel=5 cap=6313 rest=91] sg=1->1 mode=NONE win=4 obs=4 | cap=wip act=TURN request=+45deg execute=+15deg x1 a=3 | sp=preview:active d=3.5 age=3 dtg=9.51 region=0_5
ep=655 s=4 6486ms [sel=6 cap=6398 rest=81] sg=1->1 mode=NONE win=5 obs=5 | cap=wip act=TURN request=+45deg execute=+15deg x1 a=3 | sp=preview:active d=3.5 age=4 dtg=9.51 region=0_5
ep=655 s=5 5367ms [sel=0 cap=5289 rest=77] sg=1->2 mode=NONE win=6 obs=6 | cap=DONE act=TURN request=-45deg execute=-15deg x1 a=2 | sp=preview:active d=3.5 age=5 dtg=9.51 region=0_5
ep=655 s=6 4790ms [sel=0 cap=4710 rest=79] sg=2->2 mode=NONE win=7 obs=7 | cap=wip act=TURN request=-45deg execute=-15deg x1 a=2 dtg=9.51 region=0_5
ep=655 s=7 6784ms [sel=0 cap=6700 rest=84] sg=2->2 mode=NONE win=8 obs=8 | cap=wip act=TURN request=-45deg execute=-15deg x1 a=2 dtg=9.51 region=0_5
ep=655 s=8 6326ms [sel=0 cap=6229 rest=96] sg=2->2 mode=NONE win=8 obs=9 | cap=wip act=TURN request=-45deg execute=-15deg x1 a=2 dtg=9.51 region=0_5
ep=655 s=9 5562ms [sel=0 cap=5464 rest=98] sg=2->2 mode=NONE win=8 obs=10 | cap=wip act=TURN request=-45deg execute=-15deg x1 a=2 dtg=9.51 region=0_5
ep=655 s=10 8229ms [sel=1278 cap=6857 rest=94] sg=2->2 mode=IN_PLACE_SPIN win=8 obs=11 | cap=wip/IN_PLACE_SPIN act=(320,360) d=1.16 a=3 | sp=som:active d=1.2 age=0 som=2/5 dtg=9.51 region=0_5
ep=655 s=11 5539ms [sel=3 cap=5438 rest=98] sg=2->2 mode=NONE win=8 obs=12 | cap=wip act=(320,360) d=1.16 a=3 | sp=som:active d=1.2 age=1 dtg=9.51 region=0_5
ep=655 s=12 7699ms [sel=3 cap=7603 rest=92] sg=2->2 mode=IN_PLACE_SPIN win=8 obs=13 | cap=wip/IN_PLACE_SPIN act=(320,360) d=1.16 a=1 | sp=som:active d=1.2 age=2 dtg=9.75 region=0_5
ep=655 s=13 6466ms [sel=3 cap=6369 rest=94] sg=2->2 mode=GET_NOWHERE win=8 obs=14 | cap=wip/GET_NOWHERE act=(320,360) d=0.91 a=1 | sp=som:active d=0.9 age=3 dtg=9.99 region=0_5
ep=655 s=14 6589ms [sel=3 cap=6491 rest=95] sg=2->2 mode=NONE win=8 obs=15 | cap=wip act=(320,360) d=0.67 a=2 | sp=som:active d=0.7 age=4 dtg=9.99 region=0_5
ep=655 s=15 8441ms [sel=4 cap=8343 rest=94] sg=2->2 mode=NONE win=8 obs=16 | cap=wip act=(320,360) d=0.67 a=1 | sp=som:active d=0.7 age=5 dtg=10.24 region=0_5
ep=655 s=16 9041ms [sel=2162 cap=6789 rest=90] sg=2->2 mode=NONE win=8 obs=17 | cap=wip act=(320,360) d=0.81 a=3 | sp=som:active d=0.8 age=0 som=1/3 dtg=10.24 region=0_5
ep=655 s=17 8209ms [sel=3 cap=8112 rest=94] sg=2->2 mode=GET_NOWHERE win=8 obs=18 | cap=wip/GET_NOWHERE act=(320,360) d=0.81 a=1 | sp=som:active d=0.8 age=1 dtg=10.48 region=0_5
ep=655 s=18 7840ms [sel=3 cap=7746 rest=92] sg=2->2 mode=GET_NOWHERE win=8 obs=19 | cap=wip/GET_NOWHERE act=(320,360) d=0.56 a=1 | sp=som:active d=0.6 age=2 dtg=10.72 region=0_5
ep=655 s=19 13027ms [sel=3555 cap=9392 rest=80] sg=2->2 mode=NONE win=8 obs=20 | cap=wip act=(320,360) d=2.64 a=2 | sp=frontier:active d=2.6 age=0 som=2/4 dtg=10.72 region=0_5
ep=655 s=20 6669ms [sel=12 cap=6570 rest=86] sg=2->2 mode=NONE win=8 obs=21 | cap=wip act=(320,360) d=2.64 a=2 | sp=frontier:active d=2.6 age=1 dtg=10.72 region=0_5
ep=655 s=21 7596ms [sel=13 cap=7494 rest=90] sg=2->2 mode=NONE win=8 obs=22 | cap=wip act=(320,360) d=2.64 a=2 | sp=frontier:active d=2.6 age=2 dtg=10.72 region=0_5
ep=655 s=22 8217ms [sel=12 cap=8111 rest=93] sg=2->2 mode=NONE win=8 obs=23 | cap=wip act=(320,360) d=2.64 a=2 | sp=frontier:active d=2.6 age=3 dtg=10.72 region=0_5
ep=655 s=23 8148ms [sel=12 cap=8039 rest=98] sg=2->2 mode=NONE win=8 obs=24 | cap=wip act=(320,360) d=2.64 a=2 | sp=frontier:active d=2.6 age=4 dtg=10.72 region=0_5
ep=655 s=24 4772ms [sel=12 cap=4656 rest=103] sg=2->2 mode=NONE win=8 obs=25 | cap=wip act=(320,360) d=2.64 a=2 | sp=frontier:active d=2.6 age=5 dtg=10.72 region=0_5
ep=655 s=25 8202ms [sel=12 cap=8087 rest=103] sg=2->2 mode=NONE win=8 obs=26 | cap=wip act=(320,360) d=2.64 a=2 | sp=frontier:active d=2.6 age=6 dtg=10.72 region=0_5
ep=655 s=26 7607ms [sel=12 cap=7497 rest=99] sg=2->2 mode=NONE win=8 obs=27 | cap=wip act=(320,360) d=2.64 a=2 | sp=frontier:active d=2.6 age=7 dtg=10.72 region=0_5
ep=655 s=27 7094ms [sel=10 cap=6990 rest=94] sg=2->2 mode=NONE win=8 obs=28 | cap=wip act=(320,360) d=2.64 a=2 | sp=frontier:active d=2.6 age=8 dtg=10.72 region=0_5
ep=655 s=28 7106ms [sel=4 cap=7008 rest=94] sg=2->2 mode=NONE win=8 obs=29 | cap=wip act=(320,360) d=2.64 a=2 | sp=frontier:active d=2.6 age=9 dtg=10.72 region=0_5
ep=655 s=29 5312ms [sel=4 cap=5212 rest=96] sg=2->2 mode=NONE win=8 obs=30 | cap=wip act=(320,360) d=2.64 a=2 | sp=frontier:active d=2.6 age=10 dtg=10.72 region=0_5
ep=655 s=30 10515ms [sel=8 cap=10415 rest=92] sg=2->2 mode=NONE win=8 obs=31 | cap=wip act=(320,360) d=2.64 a=1 | sp=frontier:active d=2.6 age=11 dtg=10.50 region=0_5
ep=655 s=31 7810ms [sel=9 cap=7712 rest=89] sg=2->2 mode=NONE win=8 obs=32 | cap=wip act=(320,360) d=2.51 a=1 | sp=frontier:active d=2.5 age=12 dtg=10.29 region=0_5
ep=655 s=32 6784ms [sel=11 cap=6687 rest=86] sg=2->2 mode=NONE win=8 obs=33 | cap=wip act=(320,360) d=2.39 a=2 | sp=frontier:active d=2.4 age=13 dtg=10.29 region=0_5
ep=655 s=33 5971ms [sel=14 cap=5879 rest=78] sg=2->2 mode=NONE win=8 obs=34 | cap=wip act=(320,360) d=2.39 a=1 | sp=frontier:active d=2.4 age=14 dtg=10.06 region=0_5
ep=655 s=34 6416ms [sel=15 cap=6331 rest=70] sg=2->2 mode=NONE win=8 obs=35 | cap=wip act=(320,360) d=2.36 a=1 | sp=frontier:active d=2.4 age=15 dtg=9.83 region=0_5
ep=655 s=35 3159ms [sel=18 cap=3072 rest=69] sg=2->2 mode=NONE win=8 obs=36 | cap=wip act=(320,360) d=2.36 a=3 | sp=frontier:active d=2.4 age=16 dtg=9.83 region=0_5
ep=655 s=36 4734ms [sel=18 cap=4638 rest=77] sg=2->2 mode=NONE win=8 obs=37 | cap=wip act=(320,360) d=2.36 a=3 | sp=frontier:active d=2.4 age=17 dtg=9.83 region=0_5
ep=655 s=37 4935ms [sel=13 cap=4840 rest=81] sg=2->2 mode=NONE win=8 obs=38 | cap=wip act=(320,360) d=2.36 a=3 | sp=frontier:active d=2.4 age=18 dtg=9.83 region=0_5
ep=655 s=38 8236ms [sel=8 cap=8142 rest=86] sg=2->2 mode=NONE win=8 obs=39 | cap=wip act=(320,360) d=2.36 a=1 | sp=frontier:active d=2.4 age=19 dtg=9.79 region=0_5
ep=655 s=39 11364ms [sel=7 cap=11277 rest=80] sg=2->2 mode=NONE win=8 obs=40 | cap=wip act=(320,360) d=2.20 a=3 | sp=frontier:active d=2.2 age=20 dtg=9.79 region=0_5
ep=655 s=40 9335ms [sel=3 cap=9247 rest=85] sg=2->2 mode=NONE win=8 obs=41 | cap=wip act=(320,360) d=2.20 a=1 | sp=frontier:active d=2.2 age=21 dtg=9.90 region=0_5
ep=655 s=41 9777ms [sel=4 cap=9689 rest=84] sg=2->2 mode=NONE win=8 obs=42 | cap=wip act=(320,360) d=2.00 a=3 | sp=frontier:active d=2.0 age=22 dtg=9.90 region=0_5
ep=655 s=42 9623ms [sel=3 cap=9534 rest=86] sg=2->2 mode=NONE win=8 obs=43 | cap=wip act=(320,360) d=2.00 a=1 | sp=frontier:active d=2.0 age=23 dtg=10.10 region=0_5
ep=655 s=43 10899ms [sel=3 cap=10810 rest=86] sg=2->2 mode=NONE win=8 obs=44 | cap=wip act=(320,360) d=1.78 a=1 | sp=frontier:active d=1.8 age=24 dtg=10.32 region=0_5
ep=655 s=44 6594ms [sel=6 cap=6492 rest=96] sg=2->2 mode=NONE win=8 obs=45 | cap=wip act=(320,360) d=1.57 a=3 | sp=frontier:active d=1.6 age=25 dtg=10.32 region=0_5
ep=655 s=45 8230ms [sel=1098 cap=7039 rest=93] sg=2->2 mode=NONE win=8 obs=46 | cap=wip act=(320,360) d=1.51 a=1 | sp=som:active d=1.5 age=0 som=2/6 dtg=10.56 region=0_5
ep=655 s=46 7201ms [sel=4 cap=7096 rest=101] sg=2->2 mode=NONE win=8 obs=47 | cap=wip act=(320,360) d=1.27 a=1 | sp=som:active d=1.3 age=1 dtg=10.81 region=0_5
ep=655 s=47 8068ms [sel=3 cap=7953 rest=113] sg=2->2 mode=NONE win=8 obs=48 | cap=wip act=(320,360) d=1.03 a=1 | sp=som:active d=1.0 age=2 dtg=11.06 region=0_5
ep=655 s=48 8370ms [sel=3 cap=8269 rest=99] sg=2->2 mode=NONE win=8 obs=49 | cap=wip act=(320,360) d=0.80 a=1 | sp=som:active d=0.8 age=3 dtg=11.31 region=0_5
ep=655 s=49 7937ms [sel=3 cap=7840 rest=94] sg=2->2 mode=NONE win=8 obs=50 | cap=wip act=(320,360) d=0.58 a=3 | sp=som:active d=0.6 age=4 dtg=11.31 region=0_5
ep=655 s=50 6654ms [sel=3 cap=6544 rest=107] sg=2->2 mode=NONE win=8 obs=51 | cap=wip act=(320,360) d=0.58 a=3 | sp=som:active d=0.6 age=5 dtg=11.31 region=0_5
ep=655 s=51 8425ms [sel=3 cap=8315 rest=108] sg=2->2 mode=NONE win=8 obs=52 | cap=wip act=(320,360) d=0.58 a=1 | sp=som:active d=0.6 age=6 dtg=11.54 region=0_5
ep=655 s=52 7554ms [sel=2084 cap=5363 rest=107] sg=2->2 mode=NONE win=8 obs=53 | cap=wip act=(320,360) d=1.23 a=3 | sp=frontier:active d=1.2 age=0 som=1/4 dtg=11.54 region=0_5
ep=655 s=53 7514ms [sel=3 cap=7403 rest=108] sg=2->2 mode=NONE win=8 obs=54 | cap=wip act=(320,360) d=1.23 a=1 | sp=frontier:active d=1.2 age=1 dtg=11.74 region=0_5
ep=655 s=54 7169ms [sel=4 cap=7054 rest=111] sg=2->2 mode=NONE win=8 obs=55 | cap=wip act=(320,360) d=1.02 a=3 | sp=frontier:active d=1.0 age=2 dtg=11.74 region=0_5
ep=655 s=55 10799ms [sel=3 cap=10688 rest=108] sg=2->2 mode=NONE win=8 obs=56 | cap=wip act=(320,360) d=1.02 a=1 | sp=frontier:active d=1.0 age=3 dtg=11.94 region=0_5
ep=655 s=56 6211ms [sel=3 cap=6101 rest=107] sg=2->2 mode=NONE win=8 obs=57 | cap=wip act=(320,360) d=0.81 a=3 | sp=frontier:active d=0.8 age=4 dtg=11.94 region=0_5
ep=655 s=57 6045ms [sel=3 cap=5932 rest=110] sg=2->2 mode=NONE win=8 obs=58 | cap=wip act=(320,360) d=0.81 a=1 | sp=frontier:active d=0.8 age=5 dtg=12.16 region=0_5
ep=655 s=58 7992ms [sel=3 cap=7882 rest=107] sg=2->2 mode=NONE win=8 obs=59 | cap=wip act=(320,360) d=0.57 a=3 | sp=frontier:active d=0.6 age=6 dtg=12.16 region=0_5
ep=655 s=59 4273ms [sel=3 cap=4175 rest=95] sg=2->2 mode=NONE win=8 obs=60 | cap=wip act=(320,360) d=0.57 a=1 | sp=frontier:active d=0.6 age=7 dtg=12.39 region=0_5
ep=655 s=60 8074ms [sel=3401 cap=4580 rest=93] sg=2->2 mode=NONE win=8 obs=61 | cap=wip act=(320,360) d=2.98 a=3 | sp=frontier:active d=3.0 age=0 som=1/4 dtg=12.39 region=0_5
ep=655 s=61 9232ms [sel=42 cap=9094 rest=95] sg=2->2 mode=NONE win=8 obs=62 | cap=wip act=(320,360) d=2.98 a=3 | sp=frontier:active d=3.0 age=1 dtg=12.39 region=0_5
ep=655 s=62 9626ms [sel=27 cap=9505 rest=94] sg=2->2 mode=NONE win=8 obs=63 | cap=wip act=(320,360) d=2.98 a=3 | sp=frontier:active d=3.0 age=2 dtg=12.39 region=0_5
ep=655 s=63 9296ms [sel=27 cap=9164 rest=105] sg=2->2 mode=NONE win=8 obs=64 | cap=wip act=(320,360) d=2.98 a=3 | sp=frontier:active d=3.0 age=3 dtg=12.39 region=0_5
ep=655 s=64 9978ms [sel=27 cap=9816 rest=135] sg=2->2 mode=NONE win=8 obs=65 | cap=wip act=(320,360) d=2.98 a=3 | sp=frontier:active d=3.0 age=4 dtg=12.39 region=0_5
ep=655 s=65 9289ms [sel=23 cap=8714 rest=480] sg=2->2 mode=NONE win=8 obs=66 | cap=wip act=(320,360) d=2.98 a=3 | preview=view-/6 yaw=+0 render=73ms | sp=frontier:active d=3.0 age=5 dtg=12.39 region=0_5
ep=655 s=66 8089ms [sel=15 cap=7981 rest=93] sg=2->2 mode=NONE win=8 obs=67 | cap=wip act=(320,360) d=2.98 a=3 | sp=frontier:active d=3.0 age=6 dtg=12.39 region=0_5
ep=655 s=67 7943ms [sel=12 cap=7836 rest=95] sg=2->2 mode=NONE win=8 obs=68 | cap=wip act=(320,360) d=2.98 a=3 | sp=frontier:active d=3.0 age=7 dtg=12.39 region=0_5
ep=655 s=68 10002ms [sel=9 cap=9896 rest=97] sg=2->2 mode=NONE win=8 obs=69 | cap=wip act=(320,360) d=2.98 a=3 | sp=frontier:active d=3.0 age=8 dtg=12.39 region=0_5
ep=655 s=69 11439ms [sel=3 cap=11342 rest=95] sg=2->2 mode=NONE win=8 obs=70 | cap=wip act=(320,360) d=2.98 a=3 | sp=frontier:active d=3.0 age=9 dtg=12.39 region=0_5
ep=655 s=70 16178ms [sel=7 cap=16074 rest=97] sg=2->2 mode=NONE win=8 obs=71 | cap=wip act=(320,360) d=2.98 a=3 | sp=frontier:active d=3.0 age=10 dtg=12.39 region=0_5
ep=655 s=71 14114ms [sel=14 cap=14005 rest=96] sg=2->2 mode=NONE win=8 obs=72 | cap=wip act=(320,360) d=2.98 a=1 | sp=frontier:active d=3.0 age=11 dtg=12.14 region=0_5
ep=655 s=72 7247ms [sel=16 cap=7134 rest=96] sg=2->2 mode=NONE win=8 obs=73 | cap=wip act=(320,360) d=2.87 a=1 | sp=frontier:active d=2.9 age=12 dtg=11.90 region=0_5
ep=655 s=73 10834ms [sel=17 cap=10720 rest=97] sg=2->2 mode=NONE win=8 obs=74 | cap=wip act=(320,360) d=2.78 a=2 | sp=frontier:active d=2.8 age=13 dtg=11.90 region=0_5
ep=655 s=74 8286ms [sel=13 cap=8177 rest=96] sg=2->2 mode=NONE win=8 obs=75 | cap=wip act=(320,360) d=2.78 a=1 | sp=frontier:active d=2.8 age=14 dtg=11.68 region=0_5
ep=655 s=75 8753ms [sel=15 cap=8641 rest=97] sg=2->2 mode=NONE win=8 obs=76 | cap=wip act=(320,360) d=2.65 a=2 | sp=frontier:active d=2.6 age=15 dtg=11.68 region=0_5
ep=655 s=76 6313ms [sel=7 cap=6177 rest=129] sg=2->2 mode=NONE win=8 obs=77 | cap=wip act=(320,360) d=2.65 a=1 | sp=frontier:active d=2.6 age=16 dtg=11.48 region=0_5
ep=655 s=77 11897ms [sel=12 cap=11781 rest=104] sg=2->2 mode=NONE win=8 obs=78 | cap=wip act=(320,360) d=2.48 a=2 | sp=frontier:active d=2.5 age=17 dtg=11.48 region=0_5
ep=655 s=78 11737ms [sel=3 cap=11640 rest=95] sg=2->2 mode=NONE win=8 obs=79 | cap=wip act=(320,360) d=2.48 a=2 | sp=frontier:active d=2.5 age=18 dtg=11.48 region=0_5
ep=655 s=79 17933ms [sel=3 cap=17832 rest=98] sg=2->2 mode=NONE win=8 obs=80 | cap=wip act=(320,360) d=2.48 a=1 | sp=frontier:active d=2.5 age=19 dtg=11.23 region=0_5
ep=655 s=80 10787ms [sel=3 cap=10690 rest=95] sg=2->2 mode=NONE win=8 obs=81 | cap=wip act=(320,360) d=2.25 a=1 | sp=frontier:active d=2.2 age=20 dtg=10.98 region=0_5
ep=655 s=81 9130ms [sel=3 cap=9041 rest=86] sg=2->2 mode=NONE win=8 obs=82 | cap=wip act=(320,360) d=2.01 a=2 | sp=frontier:active d=2.0 age=21 dtg=10.98 region=0_5
ep=655 s=82 9537ms [sel=3 cap=9450 rest=84] sg=2->2 mode=NONE win=8 obs=83 | cap=wip act=(320,360) d=2.01 a=1 | sp=frontier:active d=2.0 age=22 dtg=10.73 region=0_5
ep=655 s=83 13459ms [sel=3 cap=13020 rest=395] sg=2->2 mode=NONE win=8 obs=84 | cap=wip act=(320,360) d=1.77 a=1 | preview=view-/6 yaw=+0 render=40ms | sp=frontier:active d=1.8 age=23 dtg=10.49 region=0_5
ep=655 s=84 19670ms [sel=36 cap=19550 rest=84] sg=2->2 mode=NONE win=8 obs=85 | cap=wip act=(320,360) d=2.15 a=1 | sp=frontier:active d=2.1 age=0 dtg=10.24 region=0_5
ep=655 s=85 17460ms [sel=10 cap=17367 rest=83] sg=2->2 mode=NONE win=8 obs=86 | cap=wip act=(320,360) d=2.01 a=1 | sp=frontier:active d=2.0 age=1 dtg=10.00 region=0_5
ep=655 s=86 12552ms [sel=12 cap=12455 rest=85] sg=2->2 mode=NONE win=8 obs=87 | cap=wip act=(320,360) d=1.89 a=2 | sp=frontier:active d=1.9 age=2 dtg=10.00 region=0_5
ep=655 s=87 17789ms [sel=9 cap=17690 rest=90] sg=2->2 mode=NONE win=8 obs=88 | cap=wip act=(320,360) d=1.89 a=2 | sp=frontier:active d=1.9 age=3 dtg=10.00 region=0_5
ep=655 s=88 15983ms [sel=3 cap=15893 rest=87] sg=2->2 mode=NONE win=8 obs=89 | cap=wip act=(320,360) d=1.89 a=1 | sp=frontier:active d=1.9 age=4 dtg=9.84 region=0_5
ep=655 s=89 13227ms [sel=7 cap=13136 rest=84] sg=2->2 mode=NONE win=8 obs=90 | cap=wip act=(320,360) d=1.69 a=2 | sp=frontier:active d=1.7 age=5 dtg=9.84 region=0_5
ep=655 s=90 15575ms [sel=5 cap=15483 rest=87] sg=2->2 mode=NONE win=8 obs=91 | cap=wip act=(320,360) d=1.69 a=1 | sp=frontier:active d=1.7 age=6 dtg=9.82 region=0_5
ep=655 s=91 13260ms [sel=3 cap=13161 rest=96] sg=2->2 mode=NONE win=8 obs=92 | cap=wip act=(320,360) d=1.47 a=2 | sp=frontier:active d=1.5 age=7 dtg=9.82 region=0_5
ep=655 s=92 16561ms [sel=3 cap=16462 rest=96] sg=2->2 mode=NONE win=8 obs=93 | cap=wip act=(320,360) d=1.47 a=2 | sp=frontier:active d=1.5 age=8 dtg=9.82 region=0_5
ep=655 s=93 13269ms [sel=3 cap=13142 rest=123] sg=2->2 mode=NONE win=8 obs=94 | cap=wip act=(320,360) d=1.47 a=1 | sp=frontier:active d=1.5 age=9 dtg=9.98 region=0_5
ep=655 s=94 12800ms [sel=3 cap=12696 rest=101] sg=2->2 mode=NONE win=8 obs=95 | cap=wip act=(320,360) d=1.22 a=1 | sp=frontier:active d=1.2 age=10 dtg=10.17 region=0_5
ep=655 s=95 15372ms [sel=3 cap=15269 rest=100] sg=2->2 mode=NONE win=8 obs=96 | cap=wip act=(320,360) d=0.97 a=1 | sp=frontier:active d=1.0 age=11 dtg=10.37 region=0_5
ep=655 s=96 12499ms [sel=4 cap=12398 rest=98] sg=2->2 mode=NONE win=8 obs=97 | cap=wip act=(320,360) d=0.72 a=1 | sp=frontier:active d=0.7 age=12 dtg=10.59 region=0_5
ep=655 s=97 13416ms [sel=63 cap=13261 rest=92] sg=2->2 mode=NONE win=8 obs=98 | cap=wip act=(320,360) d=4.78 a=3 | sp=frontier:active d=4.8 age=0 dtg=10.59 region=0_5
ep=655 s=98 14423ms [sel=36 cap=14291 rest=95] sg=2->2 mode=NONE win=8 obs=99 | cap=wip act=(320,360) d=4.78 a=3 | sp=frontier:active d=4.8 age=1 dtg=10.59 region=0_5
ep=655 s=99 12206ms [sel=35 cap=12069 rest=102] sg=2->2 mode=NONE win=8 obs=100 | cap=wip act=(320,360) d=4.78 a=3 | sp=frontier:active d=4.8 age=2 dtg=10.59 region=0_5
ep=655 s=100 15771ms [sel=36 cap=15629 rest=106] sg=2->2 mode=NONE win=8 obs=101 | cap=wip act=(320,360) d=4.78 a=3 | sp=frontier:active d=4.8 age=3 dtg=10.59 region=0_5
ep=655 s=101 10090ms [sel=36 cap=9941 rest=112] sg=2->2 mode=NONE win=8 obs=102 | cap=wip act=(320,360) d=4.78 a=3 | sp=frontier:active d=4.8 age=4 dtg=10.59 region=0_5
ep=655 s=102 9179ms [sel=36 cap=9033 rest=110] sg=2->2 mode=GET_NOWHERE win=8 obs=103 | cap=wip/GET_NOWHERE act=(320,360) d=4.78 a=3 | sp=frontier:active d=4.8 age=5 dtg=10.59 region=0_5
ep=655 s=103 16190ms [sel=37 cap=16043 rest=110] sg=2->2 mode=NONE win=8 obs=104 | cap=wip act=(320,360) d=4.78 a=3 | sp=frontier:active d=4.8 age=6 dtg=10.59 region=0_5
ep=655 s=104 16800ms [sel=35 cap=16657 rest=108] sg=2->2 mode=NONE win=8 obs=105 | cap=wip act=(320,360) d=4.78 a=3 | sp=frontier:active d=4.8 age=7 dtg=10.59 region=0_5
ep=655 s=105 11284ms [sel=3 cap=11171 rest=110] sg=2->2 mode=NONE win=8 obs=106 | cap=wip act=(320,360) d=4.78 a=3 | sp=frontier:active d=4.8 age=8 dtg=10.59 region=0_5
ep=655 s=106 11987ms [sel=3 cap=11866 rest=118] sg=2->2 mode=NONE win=8 obs=107 | cap=wip act=(320,360) d=4.78 a=3 | sp=frontier:active d=4.8 age=9 dtg=10.59 region=0_5
ep=655 s=107 11025ms [sel=4 cap=10929 rest=91] sg=2->2 mode=NONE win=8 obs=108 | cap=wip act=(320,360) d=4.78 a=1 | sp=frontier:active d=4.8 age=10 dtg=10.34 region=0_5
ep=655 s=108 12548ms [sel=3 cap=12457 rest=88] sg=2->2 mode=NONE win=8 obs=109 | cap=wip act=(320,360) d=4.53 a=1 | sp=frontier:active d=4.5 age=11 dtg=10.09 region=0_5
ep=655 s=109 13451ms [sel=57 cap=13316 rest=78] sg=2->2 mode=NONE win=8 obs=110 | cap=wip act=(320,360) d=4.62 a=1 | sp=frontier:active d=4.6 age=0 dtg=9.84 region=0_5
ep=655 s=110 12220ms [sel=4 cap=12135 rest=81] sg=2->2 mode=NONE win=8 obs=111 | cap=wip act=(320,360) d=4.37 a=1 | sp=frontier:active d=4.4 age=1 dtg=9.59 region=0_5
ep=655 s=111 10004ms [sel=4 cap=9916 rest=85] sg=2->2 mode=NONE win=8 obs=112 | cap=wip act=(320,360) d=4.12 a=1 | sp=frontier:active d=4.1 age=2 dtg=9.34 region=0_5
ep=655 s=112 8126ms [sel=3 cap=8034 rest=89] sg=2->2 mode=NONE win=8 obs=113 | cap=wip act=(320,360) d=3.87 a=1 | sp=frontier:active d=3.9 age=3 dtg=9.09 region=0_5
ep=655 s=113 9485ms [sel=3 cap=9399 rest=83] sg=2->2 mode=NONE win=8 obs=114 | cap=wip act=(320,360) d=3.62 a=1 | sp=frontier:active d=3.6 age=4 dtg=8.84 region=0_5
ep=655 s=114 11515ms [sel=3 cap=11419 rest=94] sg=2->2 mode=NONE win=8 obs=115 | cap=wip act=(320,360) d=3.37 a=1 | sp=frontier:active d=3.4 age=5 dtg=8.59 region=0_5
ep=655 s=115 13311ms [sel=3 cap=13216 rest=92] sg=2->2 mode=NONE win=8 obs=116 | cap=wip act=(320,360) d=3.12 a=1 | sp=frontier:active d=3.1 age=6 dtg=8.34 region=0_5
ep=655 s=116 10729ms [sel=3 cap=10638 rest=88] sg=2->2 mode=NONE win=8 obs=117 | cap=wip act=(320,360) d=2.88 a=1 | sp=frontier:active d=2.9 age=7 dtg=8.09 region=0_18
ep=655 s=117 13295ms [sel=3 cap=13202 rest=90] sg=2->2 mode=NONE win=8 obs=118 | cap=wip act=(320,360) d=2.63 a=1 | sp=frontier:active d=2.6 age=8 dtg=7.84 region=0_18
ep=655 s=118 8026ms [sel=4 cap=7935 rest=88] sg=2->2 mode=NONE win=8 obs=119 | cap=wip act=(320,360) d=2.38 a=1 | sp=frontier:active d=2.4 age=9 dtg=7.59 region=0_18
ep=655 s=119 13850ms [sel=4 cap=13756 rest=90] sg=2->2 mode=NONE win=8 obs=120 | cap=wip act=(320,360) d=2.13 a=3 | sp=frontier:active d=2.1 age=10 dtg=7.59 region=0_18
ep=655 s=120 11231ms [sel=3 cap=11144 rest=84] sg=2->2 mode=NONE win=8 obs=121 | cap=wip act=(320,360) d=2.13 a=1 | sp=frontier:active d=2.1 age=11 dtg=7.35 region=0_18
ep=655 s=121 4981ms [sel=3 cap=4896 rest=81] sg=2->2 mode=NONE win=8 obs=122 | cap=wip act=(320,360) d=1.91 a=2 | sp=frontier:active d=1.9 age=12 dtg=7.35 region=0_18
ep=655 s=122 10915ms [sel=3925 cap=6901 rest=88] sg=2->2 mode=NONE win=8 obs=123 | cap=wip act=(320,360) d=3.02 a=3 | sp=som:active d=3.0 age=0 som=2/7 dtg=7.35 region=0_18
ep=655 s=123 14927ms [sel=3 cap=14843 rest=81] sg=2->2 mode=NONE win=8 obs=124 | cap=wip act=(320,360) d=3.02 a=1 | sp=som:active d=3.0 age=1 dtg=7.12 region=0_18
ep=655 s=124 11516ms [sel=4 cap=11426 rest=86] sg=2->2 mode=NONE win=8 obs=125 | cap=wip act=(320,360) d=2.77 a=1 | sp=som:active d=2.8 age=2 dtg=6.91 region=0_18
ep=655 s=125 10438ms [sel=3 cap=10330 rest=104] sg=2->2 mode=NONE win=8 obs=126 | cap=wip act=(320,360) d=2.53 a=2 | sp=som:active d=2.5 age=3 dtg=6.91 region=0_18
ep=655 s=126 12232ms [sel=3 cap=12141 rest=88] sg=2->2 mode=NONE win=8 obs=127 | cap=wip act=(320,360) d=2.53 a=1 | sp=som:active d=2.5 age=4 dtg=6.68 region=0_18
ep=655 s=127 11584ms [sel=3 cap=11487 rest=94] sg=2->2 mode=NONE win=8 obs=128 | cap=wip act=(320,360) d=2.28 a=1 | sp=som:active d=2.3 age=5 dtg=6.47 region=0_18
ep=655 s=128 9864ms [sel=3 cap=9767 rest=95] sg=2->2 mode=NONE win=8 obs=129 | cap=wip act=(320,360) d=2.03 a=1 | sp=som:active d=2.0 age=6 dtg=6.34 region=0_18
ep=655 s=129 16666ms [sel=3 cap=16570 rest=93] sg=2->2 mode=NONE win=8 obs=130 | cap=wip act=(320,360) d=1.78 a=1 | sp=som:active d=1.8 age=7 dtg=6.28 region=0_18
ep=655 s=130 12636ms [sel=4 cap=12538 rest=94] sg=2->2 mode=NONE win=8 obs=131 | cap=wip act=(320,360) d=1.54 a=1 | sp=som:active d=1.5 age=8 dtg=6.25 region=0_18
ep=655 s=131 10574ms [sel=4 cap=10313 rest=258] sg=2->2 mode=NONE win=8 obs=132 | cap=wip act=(320,360) d=1.29 a=3 | sp=som:active d=1.3 age=9 dtg=6.25 region=0_18
ep=655 s=132 10279ms [sel=3 cap=10180 rest=95] sg=2->2 mode=NONE win=8 obs=133 | cap=wip act=(320,360) d=1.29 a=1 | sp=som:active d=1.3 age=10 dtg=6.29 region=0_18
ep=655 s=133 11823ms [sel=3 cap=11729 rest=92] sg=2->2 mode=NONE win=8 obs=134 | cap=wip act=(320,360) d=1.04 a=1 | sp=som:active d=1.0 age=11 dtg=6.36 region=0_18
ep=655 s=134 11900ms [sel=3 cap=11805 rest=92] sg=2->2 mode=NONE win=8 obs=135 | cap=wip act=(320,360) d=0.79 a=1 | sp=som:active d=0.8 age=12 dtg=6.45 region=0_18
ep=655 s=135 14482ms [sel=3 cap=14384 rest=95] sg=2->2 mode=NONE win=8 obs=136 | cap=wip act=(320,360) d=0.55 a=1 | sp=som:active d=0.5 age=13 dtg=6.58 region=0_18
ep=655 s=136 12621ms [sel=45 cap=12482 rest=94] sg=2->2 mode=NONE win=8 obs=137 | cap=wip act=(320,360) d=2.92 a=1 | sp=frontier:active d=2.9 age=0 dtg=6.76 region=0_18
ep=655 s=137 16132ms [sel=3 cap=16028 rest=100] sg=2->2 mode=NONE win=8 obs=138 | cap=wip act=(320,360) d=2.67 a=1 | sp=frontier:active d=2.7 age=1 dtg=6.97 region=0_18
ep=655 s=138 16211ms [sel=3 cap=16107 rest=101] sg=2->2 mode=NONE win=8 obs=139 | cap=wip act=(320,360) d=2.42 a=1 | sp=frontier:active d=2.4 age=2 dtg=7.20 region=0_18
ep=655 s=139 12978ms [sel=3 cap=12873 rest=102] sg=2->2 mode=NONE win=8 obs=140 | cap=wip act=(320,360) d=2.17 a=1 | sp=frontier:active d=2.2 age=3 dtg=7.44 region=0_18
ep=655 s=140 15118ms [sel=21 cap=15000 rest=97] sg=2->2 mode=NONE win=8 obs=141 | cap=wip act=(320,360) d=1.93 a=1 | sp=frontier:active d=1.9 age=4 dtg=7.68 region=0_18
ep=655 s=141 14461ms [sel=6 cap=14354 rest=101] sg=2->2 mode=NONE win=8 obs=142 | cap=wip act=(320,360) d=1.68 a=1 | sp=frontier:active d=1.7 age=5 dtg=7.93 region=0_18
ep=655 s=142 11840ms [sel=5 cap=11733 rest=102] sg=2->2 mode=NONE win=8 obs=143 | cap=wip act=(320,360) d=1.44 a=2 | sp=frontier:active d=1.4 age=6 dtg=7.93 region=0_18
ep=655 s=143 9250ms [sel=4 cap=9148 rest=99] sg=2->2 mode=NONE win=8 obs=144 | cap=wip act=(320,360) d=1.44 a=1 | sp=frontier:active d=1.4 age=7 dtg=8.15 region=0_1
ep=655 s=144 7571ms [sel=8 cap=7449 rest=114] sg=2->2 mode=NONE win=8 obs=145 | cap=wip act=(320,360) d=1.23 a=1 | sp=frontier:active d=1.2 age=8 dtg=8.39 region=0_1
ep=655 s=145 7979ms [sel=3 cap=7869 rest=107] sg=2->2 mode=NONE win=8 obs=146 | cap=wip act=(320,360) d=1.04 a=1 | sp=frontier:active d=1.0 age=9 dtg=8.62 region=0_1
ep=655 s=146 8517ms [sel=3 cap=8406 rest=108] sg=2->2 mode=NONE win=8 obs=147 | cap=wip act=(320,360) d=0.87 a=3 | sp=frontier:active d=0.9 age=10 dtg=8.62 region=0_1
ep=655 s=147 9325ms [sel=3 cap=9219 rest=103] sg=2->2 mode=NONE win=8 obs=148 | cap=wip act=(320,360) d=0.87 a=3 | sp=frontier:active d=0.9 age=11 dtg=8.62 region=0_1
ep=655 s=148 15482ms [sel=3 cap=15380 rest=99] sg=2->2 mode=NONE win=8 obs=149 | cap=wip act=(320,360) d=0.87 a=1 | sp=frontier:active d=0.9 age=12 dtg=8.87 region=0_1
ep=655 s=149 14929ms [sel=3 cap=14826 rest=99] sg=2->2 mode=NONE win=8 obs=150 | cap=wip act=(320,360) d=0.65 a=1 | sp=frontier:active d=0.7 age=13 dtg=9.11 region=0_1
ep=655 s=150 12555ms [sel=2979 cap=9478 rest=99] sg=2->2 mode=NONE win=8 obs=151 | cap=wip act=(320,360) d=1.99 a=1 | sp=som:active d=2.0 age=0 som=2/7 dtg=9.36 region=0_1
ep=655 s=151 8743ms [sel=3 cap=8647 rest=94] sg=2->2 mode=NONE win=8 obs=152 | cap=wip act=(320,360) d=1.75 a=2 | sp=som:active d=1.7 age=1 dtg=9.36 region=0_1
ep=655 s=152 7921ms [sel=3 cap=7818 rest=100] sg=2->2 mode=NONE win=8 obs=153 | cap=wip act=(320,360) d=1.75 a=1 | sp=som:active d=1.7 age=2 dtg=9.61 region=0_1
ep=655 s=153 9532ms [sel=3 cap=9431 rest=98] sg=2->2 mode=NONE win=8 obs=154 | cap=wip act=(320,360) d=1.50 a=1 | sp=som:active d=1.5 age=3 dtg=9.86 region=0_1
ep=655 s=154 7832ms [sel=3 cap=7733 rest=97] sg=2->2 mode=NONE win=8 obs=155 | cap=wip act=(320,360) d=1.25 a=1 | sp=som:active d=1.2 age=4 dtg=10.11 region=0_1
ep=655 s=155 10219ms [sel=3 cap=10120 rest=96] sg=2->2 mode=NONE win=8 obs=156 | cap=wip act=(320,360) d=1.00 a=1 | sp=som:active d=1.0 age=5 dtg=10.36 region=0_1
ep=655 s=156 7062ms [sel=3 cap=6960 rest=98] sg=2->2 mode=NONE win=8 obs=157 | cap=wip act=(320,360) d=0.75 a=1 | sp=som:active d=0.7 age=6 dtg=10.60 region=0_1
ep=655 s=157 10047ms [sel=4066 cap=5879 rest=102] sg=2->2 mode=NONE win=8 obs=158 | cap=wip act=(320,360) d=1.54 a=2 | sp=som:active d=1.5 age=0 som=2/5 dtg=10.60 region=0_1
ep=655 s=158 10830ms [sel=24 cap=10695 rest=112] sg=2->2 mode=NONE win=8 obs=159 | cap=wip act=(320,360) d=1.54 a=2 | sp=som:active d=1.5 age=1 dtg=10.60 region=0_1
ep=655 s=159 25663ms [sel=24 cap=25523 rest=116] sg=2->2 mode=NONE win=8 obs=160 | cap=wip act=(320,360) d=1.54 a=1 | sp=som:active d=1.5 age=2 dtg=10.81 region=0_1
ep=655 s=160 7763ms [sel=25 cap=7625 rest=113] sg=2->2 mode=GET_NOWHERE win=8 obs=161 | cap=wip/GET_NOWHERE act=(320,360) d=1.29 a=1 | sp=som:active d=1.3 age=3 dtg=11.02 region=0_1
ep=655 s=161 16052ms [sel=57 cap=15883 rest=112] sg=2->2 mode=NONE win=8 obs=162 | cap=wip act=(320,360) d=1.03 a=1 | sp=frontier:active d=1.0 age=0 dtg=11.24 region=0_1
ep=655 s=162 8921ms [sel=6 cap=8804 rest=111] sg=2->2 mode=NONE win=8 obs=163 | cap=wip act=(320,360) d=0.80 a=2 | sp=frontier:active d=0.8 age=1 dtg=11.24 region=0_1
ep=655 s=163 19895ms [sel=5 cap=19764 rest=126] sg=2->2 mode=NONE win=8 obs=164 | cap=wip act=(320,360) d=0.80 a=1 | sp=frontier:active d=0.8 age=2 dtg=11.48 region=0_1
ep=655 s=164 13639ms [sel=6 cap=13129 rest=469] sg=2->2 mode=NONE win=8 obs=165 | cap=wip act=(320,360) d=0.55 a=2 | preview=view-/6 yaw=+0 render=36ms | sp=frontier:active d=0.6 age=3 dtg=11.48 region=0_1
ep=655 s=165 11640ms [sel=5 cap=11519 rest=115] sg=2->2 mode=NONE win=8 obs=166 | cap=wip act=(320,360) d=0.55 a=1 | sp=frontier:active d=0.6 age=4 dtg=11.72 region=0_1
ep=655 s=166 16216ms [sel=8551 cap=7553 rest=111] sg=2->2 mode=NONE win=8 obs=167 | cap=wip act=(320,360) d=1.00 a=2 | sp=som:active d=1.0 age=0 som=1/4 dtg=11.72 region=0_1
ep=655 s=167 19238ms [sel=3 cap=19131 rest=105] sg=2->2 mode=NONE win=8 obs=168 | cap=wip act=(320,360) d=1.00 a=1 | sp=som:active d=1.0 age=1 dtg=11.96 region=0_1
ep=655 s=168 13161ms [sel=3 cap=13057 rest=101] sg=2->2 mode=NONE win=8 obs=169 | cap=wip act=(320,360) d=0.75 a=1 | sp=som:active d=0.7 age=2 dtg=12.20 region=0_1
ep=655 s=169 14021ms [sel=4371 cap=9547 rest=104] sg=2->2 mode=NONE win=8 obs=170 | cap=wip act=(320,360) d=2.49 a=2 | sp=frontier:active d=2.5 age=0 som=2/4 dtg=12.20 region=0_1
ep=655 s=170 18580ms [sel=31 cap=18446 rest=102] sg=2->2 mode=NONE win=8 obs=171 | cap=wip act=(320,360) d=2.49 a=2 | sp=frontier:active d=2.5 age=1 dtg=12.20 region=0_1
ep=655 s=171 14767ms [sel=33 cap=14637 rest=97] sg=2->2 mode=NONE win=8 obs=172 | cap=wip act=(320,360) d=2.49 a=2 | sp=frontier:active d=2.5 age=2 dtg=12.20 region=0_1
ep=655 s=172 19109ms [sel=35 cap=18973 rest=102] sg=2->2 mode=NONE win=8 obs=173 | cap=wip act=(320,360) d=2.49 a=2 | sp=frontier:active d=2.5 age=3 dtg=12.20 region=0_1
ep=655 s=173 20494ms [sel=34 cap=20351 rest=109] sg=2->2 mode=NONE win=8 obs=174 | cap=wip act=(320,360) d=2.49 a=2 | sp=frontier:active d=2.5 age=4 dtg=12.20 region=0_1
ep=655 s=174 10981ms [sel=29 cap=10836 rest=116] sg=2->2 mode=NONE win=8 obs=175 | cap=wip act=(320,360) d=2.49 a=2 | sp=frontier:active d=2.5 age=5 dtg=12.20 region=0_1
ep=655 s=175 17303ms [sel=24 cap=17166 rest=113] sg=2->2 mode=NONE win=8 obs=176 | cap=wip act=(320,360) d=2.49 a=2 | sp=frontier:active d=2.5 age=6 dtg=12.20 region=0_1
ep=655 s=176 16041ms [sel=20 cap=15909 rest=112] sg=2->2 mode=NONE win=8 obs=177 | cap=wip act=(320,360) d=2.49 a=2 | sp=frontier:active d=2.5 age=7 dtg=12.20 region=0_1
ep=655 s=177 10469ms [sel=13 cap=10352 rest=104] sg=2->2 mode=NONE win=8 obs=178 | cap=wip act=(320,360) d=2.49 a=2 | sp=frontier:active d=2.5 age=8 dtg=12.20 region=0_1
ep=655 s=178 14560ms [sel=8 cap=14450 rest=101] sg=2->2 mode=NONE win=8 obs=179 | cap=wip act=(320,360) d=2.49 a=2 | sp=frontier:active d=2.5 age=9 dtg=12.20 region=0_1
ep=655 s=179 8352ms [sel=11 cap=8242 rest=100] sg=2->2 mode=NONE win=8 obs=180 | cap=wip act=(320,360) d=2.49 a=2 | sp=frontier:active d=2.5 age=10 dtg=12.20 region=0_1
ep=655 s=180 17961ms [sel=15 cap=17848 rest=98] sg=2->2 mode=NONE win=8 obs=181 | cap=wip act=(320,360) d=2.49 a=1 | sp=frontier:active d=2.5 age=11 dtg=11.96 region=0_1
ep=655 s=181 14767ms [sel=15 cap=14657 rest=94] sg=2->2 mode=NONE win=8 obs=182 | cap=wip act=(320,360) d=2.39 a=2 | sp=frontier:active d=2.4 age=12 dtg=11.96 region=0_1
ep=655 s=182 18090ms [sel=22 cap=17976 rest=92] sg=2->2 mode=NONE win=8 obs=183 | cap=wip act=(320,360) d=2.39 a=1 | sp=frontier:active d=2.4 age=13 dtg=11.71 region=0_1
ep=655 s=183 12006ms [sel=24 cap=11896 rest=87] sg=2->2 mode=NONE win=8 obs=184 | cap=wip act=(320,360) d=2.38 a=1 | sp=frontier:active d=2.4 age=14 dtg=11.48 region=0_1
ep=655 s=184 13684ms [sel=24 cap=13578 rest=82] sg=2->2 mode=NONE win=8 obs=185 | cap=wip act=(320,360) d=2.40 a=3 | sp=frontier:active d=2.4 age=15 dtg=11.48 region=0_1
ep=655 s=185 15268ms [sel=40 cap=14742 rest=446] sg=2->2 mode=NONE win=8 obs=186 | cap=wip act=(160,180) d=3.77 a=3 | preview=view3/6 yaw=+30 render=40ms | sp=preview:active d=3.8 age=0 dtg=11.48 region=0_1
ep=655 s=186 9980ms [sel=8 cap=9877 rest=94] sg=2->2 mode=NONE win=8 obs=187 | cap=wip act=(320,360) d=3.77 a=1 | sp=preview:active d=3.8 age=1 dtg=11.24 region=0_1
ep=655 s=187 9997ms [sel=11 cap=9881 rest=105] sg=2->2 mode=NONE win=8 obs=188 | cap=wip act=(320,360) d=3.57 a=3 | sp=preview:active d=3.6 age=2 dtg=11.24 region=0_1
ep=655 s=188 8424ms [sel=3 cap=8321 rest=100] sg=2->2 mode=NONE win=8 obs=189 | cap=wip act=(320,360) d=3.57 a=1 | sp=preview:active d=3.6 age=3 dtg=11.02 region=0_1
ep=655 s=189 13150ms [sel=3 cap=13051 rest=96] sg=2->2 mode=NONE win=8 obs=190 | cap=wip act=(320,360) d=3.34 a=3 | sp=preview:active d=3.3 age=4 dtg=11.02 region=0_1
ep=655 s=190 8485ms [sel=4 cap=8380 rest=101] sg=2->2 mode=NONE win=8 obs=191 | cap=wip act=(320,360) d=3.34 a=1 | sp=preview:active d=3.3 age=5 dtg=10.79 region=0_1
ep=655 s=191 8709ms [sel=3 cap=8596 rest=111] sg=2->2 mode=NONE win=8 obs=192 | cap=wip act=(320,360) d=3.10 a=3 | sp=preview:active d=3.1 age=6 dtg=10.79 region=0_1
ep=655 s=192 11819ms [sel=3 cap=11715 rest=102] sg=2->2 mode=NONE win=8 obs=193 | cap=wip act=(320,360) d=3.10 a=1 | sp=preview:active d=3.1 age=7 dtg=10.54 region=0_1
ep=655 s=193 8670ms [sel=3 cap=8563 rest=104] sg=2->2 mode=NONE win=8 obs=194 | cap=wip act=(320,360) d=2.85 a=1 | sp=preview:active d=2.9 age=8 dtg=10.29 region=0_1
ep=655 s=194 9784ms [sel=3 cap=9674 rest=106] sg=2->2 mode=NONE win=8 obs=195 | cap=wip act=(320,360) d=2.60 a=1 | sp=preview:active d=2.6 age=9 dtg=10.04 region=0_1
ep=655 s=195 16883ms [sel=4 cap=16775 rest=105] sg=2->2 mode=NONE win=8 obs=196 | cap=wip act=(320,360) d=2.35 a=1 | sp=preview:active d=2.4 age=10 dtg=9.79 region=0_1
ep=655 s=196 9861ms [sel=3 cap=9739 rest=119] sg=2->2 mode=NONE win=8 obs=197 | cap=wip act=(320,360) d=2.10 a=1 | sp=preview:active d=2.1 age=11 dtg=9.54 region=0_1
ep=655 s=197 9382ms [sel=4 cap=9247 rest=131] sg=2->2 mode=NONE win=8 obs=198 | cap=wip act=(320,360) d=1.85 a=1 | sp=preview:active d=1.9 age=12 dtg=9.29 region=0_1
ep=655 s=198 10853ms [sel=3 cap=10746 rest=104] sg=2->2 mode=NONE win=8 obs=199 | cap=wip act=(320,360) d=1.60 a=1 | sp=preview:active d=1.6 age=13 dtg=9.04 region=0_1
ep=655 s=199 13704ms [sel=3711 cap=9901 rest=93] sg=2->2 mode=NONE win=8 obs=200 | cap=wip act=(320,360) d=2.95 a=1 | sp=som:active d=3.0 age=0 som=5/8 dtg=8.79 region=0_1
ep=655 s=200 11627ms [sel=3 cap=11531 rest=93] sg=2->2 mode=NONE win=8 obs=201 | cap=wip act=(320,360) d=2.70 a=1 | sp=som:active d=2.7 age=1 dtg=8.54 region=0_1
ep=655 s=201 8254ms [sel=3 cap=8160 rest=91] sg=2->2 mode=NONE win=8 obs=202 | cap=wip act=(320,360) d=2.45 a=2 | sp=som:active d=2.5 age=2 dtg=8.54 region=0_1
ep=655 s=202 9108ms [sel=3 cap=9008 rest=97] sg=2->2 mode=NONE win=8 obs=203 | cap=wip act=(320,360) d=2.45 a=1 | sp=som:active d=2.5 age=3 dtg=8.30 region=0_1
ep=655 s=203 10849ms [sel=3 cap=10746 rest=101] sg=2->2 mode=NONE win=8 obs=204 | cap=wip act=(320,360) d=2.21 a=1 | sp=som:active d=2.2 age=4 dtg=8.07 region=0_1
ep=655 s=204 18429ms [sel=4 cap=18326 rest=99] sg=2->2 mode=NONE win=8 obs=205 | cap=wip act=(320,360) d=1.96 a=1 | sp=som:active d=2.0 age=5 dtg=7.85 region=0_18
ep=655 s=205 12610ms [sel=3 cap=12504 rest=103] sg=2->2 mode=NONE win=8 obs=206 | cap=wip act=(320,360) d=1.72 a=3 | sp=som:active d=1.7 age=6 dtg=7.85 region=0_18
ep=655 s=206 21185ms [sel=3 cap=21084 rest=98] sg=2->2 mode=NONE win=8 obs=207 | cap=wip act=(320,360) d=1.72 a=1 | sp=som:active d=1.7 age=7 dtg=7.60 region=0_18
ep=655 s=207 13288ms [sel=3 cap=13187 rest=98] sg=2->2 mode=NONE win=8 obs=208 | cap=wip act=(320,360) d=1.47 a=1 | sp=som:active d=1.5 age=8 dtg=7.36 region=0_18
ep=655 s=208 10978ms [sel=3 cap=10880 rest=95] sg=2->2 mode=NONE win=8 obs=209 | cap=wip act=(320,360) d=1.22 a=1 | sp=som:active d=1.2 age=9 dtg=7.13 region=0_18
ep=655 s=209 12609ms [sel=3 cap=12509 rest=98] sg=2->2 mode=NONE win=8 obs=210 | cap=wip act=(320,360) d=0.97 a=1 | sp=som:active d=1.0 age=10 dtg=6.90 region=0_18
ep=655 s=210 10126ms [sel=3 cap=10027 rest=96] sg=2->2 mode=NONE win=8 obs=211 | cap=wip act=(320,360) d=0.72 a=1 | sp=som:active d=0.7 age=11 dtg=6.70 region=0_18
ep=655 s=211 10897ms [sel=41 cap=10755 rest=101] sg=2->2 mode=NONE win=8 obs=212 | cap=wip act=(320,360) d=3.31 a=3 | sp=frontier:active d=3.3 age=0 dtg=6.70 region=0_18
ep=655 s=212 10253ms [sel=3 cap=10157 rest=93] sg=2->2 mode=NONE win=8 obs=213 | cap=wip act=(320,360) d=3.31 a=1 | sp=frontier:active d=3.3 age=1 dtg=6.49 region=0_18
ep=655 s=213 12543ms [sel=4 cap=12446 rest=93] sg=2->2 mode=NONE win=8 obs=214 | cap=wip act=(320,360) d=3.06 a=1 | sp=frontier:active d=3.1 age=2 dtg=6.31 region=0_18
ep=655 s=214 16359ms [sel=3 cap=16256 rest=100] sg=2->2 mode=NONE win=8 obs=215 | cap=wip act=(320,360) d=2.82 a=3 | sp=frontier:active d=2.8 age=3 dtg=6.31 region=0_18
ep=655 s=215 9011ms [sel=3 cap=8911 rest=96] sg=2->2 mode=NONE win=8 obs=216 | cap=wip act=(320,360) d=2.82 a=1 | sp=frontier:active d=2.8 age=4 dtg=6.12 region=0_18
ep=655 s=216 9802ms [sel=3 cap=9707 rest=92] sg=2->2 mode=NONE win=8 obs=217 | cap=wip act=(320,360) d=2.57 a=3 | sp=frontier:active d=2.6 age=5 dtg=6.12 region=0_18
ep=655 s=217 11032ms [sel=3 cap=10937 rest=92] sg=2->2 mode=NONE win=8 obs=218 | cap=wip act=(320,360) d=2.57 a=1 | sp=frontier:active d=2.6 age=6 dtg=5.89 region=0_18
ep=655 s=218 12632ms [sel=3 cap=12537 rest=92] sg=2->2 mode=NONE win=8 obs=219 | cap=wip act=(320,360) d=2.33 a=1 | sp=frontier:active d=2.3 age=7 dtg=5.68 region=0_18
ep=655 s=219 10885ms [sel=3 cap=10788 rest=94] sg=2->2 mode=NONE win=8 obs=220 | cap=wip act=(320,360) d=2.09 a=1 | sp=frontier:active d=2.1 age=8 dtg=5.47 region=0_18
ep=655 s=220 12102ms [sel=3 cap=11999 rest=100] sg=2->2 mode=NONE win=8 obs=221 | cap=wip act=(320,360) d=1.86 a=3 | sp=frontier:active d=1.9 age=9 dtg=5.47 region=0_18
ep=655 s=221 10384ms [sel=5 cap=10279 rest=101] sg=2->2 mode=NONE win=8 obs=222 | cap=wip act=(320,360) d=1.86 a=1 | sp=frontier:active d=1.9 age=10 dtg=5.24 region=0_18
ep=655 s=222 10532ms [sel=8 cap=10420 rest=104] sg=2->2 mode=NONE win=8 obs=223 | cap=wip act=(320,360) d=1.68 a=1 | sp=frontier:active d=1.7 age=11 dtg=5.01 region=0_18
ep=655 s=223 9763ms [sel=11 cap=9651 rest=101] sg=2->2 mode=NONE win=8 obs=224 | cap=wip act=(320,360) d=1.51 a=2 | sp=frontier:active d=1.5 age=12 dtg=5.01 region=0_18
ep=655 s=224 13608ms [sel=3 cap=13491 rest=114] sg=2->2 mode=NONE win=8 obs=225 | cap=wip act=(320,360) d=1.51 a=2 | sp=frontier:active d=1.5 age=13 dtg=5.01 region=0_18
ep=655 s=225 10991ms [sel=3 cap=10878 rest=110] sg=2->2 mode=NONE win=8 obs=226 | cap=wip act=(320,360) d=1.51 a=2 | sp=frontier:active d=1.5 age=14 dtg=5.01 region=0_18
ep=655 s=226 12976ms [sel=45 cap=12815 rest=117] sg=2->2 mode=NONE win=8 obs=227 | cap=wip act=(320,360) d=4.51 a=1 | sp=frontier:active d=4.5 age=0 dtg=4.94 region=0_18
ep=655 s=227 14700ms [sel=3 cap=14587 rest=110] sg=2->2 mode=NONE win=8 obs=228 | cap=wip act=(320,360) d=4.27 a=1 | sp=frontier:active d=4.3 age=1 dtg=4.96 region=0_18
ep=655 s=228 13101ms [sel=3 cap=12989 rest=109] sg=2->2 mode=NONE win=8 obs=229 | cap=wip act=(320,360) d=4.02 a=2 | sp=frontier:active d=4.0 age=2 dtg=4.96 region=0_18
ep=655 s=229 12375ms [sel=3 cap=12258 rest=113] sg=2->2 mode=NONE win=8 obs=230 | cap=wip act=(320,360) d=4.02 a=1 | sp=frontier:active d=4.0 age=3 dtg=5.15 region=0_18
ep=655 s=230 13678ms [sel=3 cap=13564 rest=111] sg=2->2 mode=NONE win=8 obs=231 | cap=wip act=(320,360) d=3.77 a=1 | sp=frontier:active d=3.8 age=4 dtg=5.37 region=0_18
ep=655 s=231 21600ms [sel=11844 cap=9649 rest=107] sg=2->2 mode=NONE win=8 obs=232 | cap=wip act=(320,360) d=3.01 a=1 | sp=som:active d=3.0 age=0 som=4/8 dtg=5.61 region=0_18
ep=655 s=232 14054ms [sel=4 cap=13927 rest=124] sg=2->2 mode=NONE win=8 obs=233 | cap=wip act=(320,360) d=2.76 a=1 | sp=som:active d=2.8 age=1 dtg=5.85 region=0_18
ep=655 s=233 8794ms [sel=4 cap=8671 rest=119] sg=2->2 mode=NONE win=8 obs=234 | cap=wip act=(320,360) d=2.51 a=1 | sp=som:active d=2.5 age=2 dtg=6.09 region=0_18
ep=655 s=234 8662ms [sel=3 cap=8550 rest=110] sg=2->2 mode=NONE win=8 obs=235 | cap=wip act=(320,360) d=2.26 a=1 | sp=som:active d=2.3 age=3 dtg=6.34 region=0_18
ep=655 s=235 11433ms [sel=3 cap=11319 rest=111] sg=2->2 mode=NONE win=8 obs=236 | cap=wip act=(320,360) d=2.01 a=1 | sp=som:active d=2.0 age=4 dtg=6.59 region=0_18
ep=655 s=236 10912ms [sel=3 cap=10796 rest=113] sg=2->2 mode=NONE win=8 obs=237 | cap=wip act=(320,360) d=1.76 a=1 | sp=som:active d=1.8 age=5 dtg=6.83 region=0_10
ep=655 s=237 8731ms [sel=4 cap=8612 rest=116] sg=2->2 mode=NONE win=8 obs=238 | cap=wip act=(320,360) d=1.51 a=1 | sp=som:active d=1.5 age=6 dtg=7.08 region=0_10
ep=655 s=238 14393ms [sel=3 cap=14274 rest=115] sg=2->2 mode=NONE win=8 obs=239 | cap=wip act=(320,360) d=1.26 a=1 | sp=som:active d=1.3 age=7 dtg=7.33 region=0_10
ep=655 s=239 12870ms [sel=3 cap=12742 rest=125] sg=2->2 mode=NONE win=8 obs=240 | cap=wip act=(320,360) d=1.01 a=1 | sp=som:active d=1.0 age=8 dtg=7.58 region=0_10
ep=655 s=240 9728ms [sel=3 cap=9610 rest=115] sg=2->2 mode=NONE win=8 obs=241 | cap=wip act=(320,360) d=0.77 a=1 | sp=som:active d=0.8 age=9 dtg=7.83 region=0_10
ep=655 s=241 5441ms [sel=3 cap=5322 rest=116] sg=2->2 mode=NONE win=8 obs=242 | cap=wip act=(320,360) d=0.52 a=1 | sp=som:active d=0.5 age=10 dtg=8.08 region=0_10
ep=655 s=242 10566ms [sel=2243 cap=8181 rest=141] sg=2->2 mode=NONE win=8 obs=243 | cap=wip act=(320,360) d=2.96 a=1 | sp=som:active d=3.0 age=0 som=2/7 dtg=8.33 region=0_10
ep=655 s=243 16401ms [sel=3 cap=16286 rest=111] sg=2->2 mode=NONE win=8 obs=244 | cap=wip act=(320,360) d=2.71 a=1 | sp=som:active d=2.7 age=1 dtg=8.58 region=0_10
ep=655 s=244 13249ms [sel=4 cap=13131 rest=115] sg=2->2 mode=NONE win=8 obs=245 | cap=wip act=(320,360) d=2.46 a=1 | sp=som:active d=2.5 age=2 dtg=8.83 region=0_10
ep=655 s=245 16635ms [sel=4 cap=16519 rest=112] sg=2->2 mode=NONE win=8 obs=246 | cap=wip act=(320,360) d=2.21 a=1 | sp=som:active d=2.2 age=3 dtg=9.08 region=0_10
ep=655 s=246 11348ms [sel=3 cap=11235 rest=110] sg=2->2 mode=NONE win=8 obs=247 | cap=wip act=(320,360) d=1.96 a=1 | sp=som:active d=2.0 age=4 dtg=9.33 region=0_10
ep=655 s=247 9369ms [sel=3 cap=9260 rest=106] sg=2->2 mode=NONE win=8 obs=248 | cap=wip act=(320,360) d=1.71 a=1 | sp=som:active d=1.7 age=5 dtg=9.58 region=0_10
ep=655 s=248 14978ms [sel=3 cap=14861 rest=114] sg=2->2 mode=NONE win=8 obs=249 | cap=wip act=(320,360) d=1.46 a=1 | sp=som:active d=1.5 age=6 dtg=9.83 region=0_10
ep=655 s=249 11897ms [sel=3 cap=11782 rest=111] sg=2->2 mode=NONE win=8 obs=250 | cap=wip act=(320,360) d=1.21 a=1 | sp=som:active d=1.2 age=7 dtg=10.07 region=0_10
ep=655 s=250 16408ms [sel=3 cap=16292 rest=113] sg=2->2 mode=NONE win=8 obs=251 | cap=wip act=(320,360) d=0.96 a=1 | sp=som:active d=1.0 age=8 dtg=8.57 region=0_10
ep=655 s=251 9877ms [sel=3 cap=9768 rest=106] sg=2->2 mode=NONE win=8 obs=252 | cap=wip act=(320,360) d=0.72 a=1 | sp=som:active d=0.7 age=9 dtg=8.33 region=0_10
ep=655 s=252 13046ms [sel=57 cap=12879 rest=110] sg=2->2 mode=NONE win=8 obs=253 | cap=wip act=(320,360) d=3.90 a=3 | sp=frontier:active d=3.9 age=0 dtg=8.33 region=0_10
ep=655 s=253 11286ms [sel=3 cap=11172 rest=112] sg=2->2 mode=NONE win=8 obs=254 | cap=wip act=(320,360) d=3.90 a=3 | sp=frontier:active d=3.9 age=1 dtg=8.33 region=0_10
ep=655 s=254 13988ms [sel=4 cap=13871 rest=114] sg=2->2 mode=NONE win=8 obs=255 | cap=wip act=(320,360) d=3.90 a=1 | sp=frontier:active d=3.9 age=2 dtg=8.08 region=0_10
ep=655 s=255 8555ms [sel=4 cap=8441 rest=109] sg=2->2 mode=NONE win=8 obs=256 | cap=wip act=(320,360) d=3.65 a=1 | sp=frontier:active d=3.6 age=3 dtg=7.84 region=0_19
ep=655 s=256 16346ms [sel=3 cap=16233 rest=110] sg=2->2 mode=NONE win=8 obs=257 | cap=wip act=(320,360) d=3.40 a=2 | sp=frontier:active d=3.4 age=4 dtg=7.84 region=0_19
ep=655 s=257 14370ms [sel=4 cap=14257 rest=108] sg=2->2 mode=NONE win=8 obs=258 | cap=wip act=(320,360) d=3.40 a=1 | sp=frontier:active d=3.4 age=5 dtg=7.59 region=0_19
ep=655 s=258 13516ms [sel=3 cap=13402 rest=111] sg=2->2 mode=NONE win=8 obs=259 | cap=wip act=(320,360) d=3.16 a=2 | sp=frontier:active d=3.2 age=6 dtg=7.59 region=0_19
ep=655 s=259 11043ms [sel=3 cap=10936 rest=105] sg=2->2 mode=NONE win=8 obs=260 | cap=wip act=(320,360) d=3.16 a=1 | sp=frontier:active d=3.2 age=7 dtg=7.36 region=0_19
ep=655 s=260 10169ms [sel=3 cap=10061 rest=105] sg=2->2 mode=NONE win=8 obs=261 | cap=wip act=(320,360) d=2.94 a=1 | sp=frontier:active d=2.9 age=8 dtg=7.15 region=0_19
ep=655 s=261 10231ms [sel=3 cap=10123 rest=105] sg=2->2 mode=NONE win=8 obs=262 | cap=wip act=(320,360) d=2.72 a=1 | sp=frontier:active d=2.7 age=9 dtg=7.01 region=0_19
ep=655 s=262 17416ms [sel=4 cap=17310 rest=102] sg=2->2 mode=NONE win=8 obs=263 | cap=wip act=(320,360) d=2.52 a=3 | sp=frontier:active d=2.5 age=10 dtg=7.01 region=0_19
ep=655 s=263 13760ms [sel=4 cap=13643 rest=113] sg=2->2 mode=NONE win=8 obs=264 | cap=wip act=(320,360) d=2.52 a=3 | sp=frontier:active d=2.5 age=11 dtg=7.01 region=0_19
ep=655 s=264 7564ms [sel=3 cap=7450 rest=111] sg=2->2 mode=NONE win=8 obs=265 | cap=wip act=(320,360) d=2.52 a=1 | sp=frontier:active d=2.5 age=12 dtg=6.88 region=0_19
ep=655 s=265 13098ms [sel=3 cap=12984 rest=111] sg=2->2 mode=NONE win=8 obs=266 | cap=wip act=(320,360) d=2.27 a=1 | sp=frontier:active d=2.3 age=13 dtg=6.80 region=0_19
ep=655 s=266 49548ms [sel=41684 cap=7755 rest=109] sg=2->2 mode=NONE win=8 obs=267 | cap=wip act=(320,360) d=3.27 a=3 | sp=som:active d=3.3 age=0 som=4/8 dtg=6.80 region=0_19
ep=655 s=267 12184ms [sel=3 cap=12075 rest=106] sg=2->2 mode=NONE win=8 obs=268 | cap=wip act=(320,360) d=3.27 a=1 | sp=som:active d=3.3 age=1 dtg=6.71 region=0_19
ep=655 s=268 13382ms [sel=3 cap=13272 rest=106] sg=2->2 mode=NONE win=8 obs=269 | cap=wip act=(320,360) d=3.02 a=1 | sp=som:active d=3.0 age=2 dtg=6.66 region=0_19
ep=655 s=269 11029ms [sel=3 cap=10920 rest=107] sg=2->2 mode=NONE win=8 obs=270 | cap=wip act=(320,360) d=2.78 a=1 | sp=som:active d=2.8 age=3 dtg=6.66 region=0_19
ep=655 s=270 12233ms [sel=22 cap=11648 rest=528] sg=2->2 mode=NONE win=8 obs=271 | cap=wip act=(160,180) d=3.43 a=1 | preview=view3/6 yaw=+0 render=35ms | sp=preview:active d=3.4 age=0 dtg=6.72 region=0_19
ep=655 s=271 11843ms [sel=3 cap=11729 rest=111] sg=2->2 mode=NONE win=8 obs=272 | cap=wip act=(320,360) d=3.20 a=1 | sp=preview:active d=3.2 age=1 dtg=6.82 region=0_9
ep=655 s=272 12830ms [sel=3 cap=12714 rest=114] sg=2->2 mode=NONE win=8 obs=273 | cap=wip act=(320,360) d=2.97 a=1 | sp=preview:active d=3.0 age=2 dtg=6.96 region=0_9
ep=655 s=273 10483ms [sel=4 cap=10362 rest=117] sg=2->2 mode=NONE win=8 obs=274 | cap=wip act=(320,360) d=2.75 a=1 | sp=preview:active d=2.8 age=3 dtg=7.10 region=0_9
ep=655 s=274 9982ms [sel=4 cap=9856 rest=121] sg=2->2 mode=NONE win=8 obs=275 | cap=wip act=(320,360) d=2.54 a=1 | sp=preview:active d=2.5 age=4 dtg=7.25 region=0_9
ep=655 s=275 5850ms [sel=3 cap=5727 rest=120] sg=2->2 mode=NONE win=8 obs=276 | cap=wip act=(320,360) d=2.33 a=1 | sp=preview:active d=2.3 age=5 dtg=7.40 region=0_9
ep=655 s=276 3869ms [sel=3 cap=3742 rest=124] sg=2->2 mode=NONE win=8 obs=277 | cap=wip act=(320,360) d=2.12 a=2 | sp=preview:active d=2.1 age=6 dtg=7.40 region=0_9
ep=655 s=277 8461ms [sel=3 cap=8339 rest=120] sg=2->2 mode=NONE win=8 obs=278 | cap=wip act=(320,360) d=2.12 a=1 | sp=preview:active d=2.1 age=7 dtg=7.61 region=0_9
ep=655 s=278 9590ms [sel=4 cap=9461 rest=125] sg=2->2 mode=NONE win=8 obs=279 | cap=wip act=(320,360) d=1.90 a=2 | sp=preview:active d=1.9 age=8 dtg=7.61 region=0_9
ep=655 s=279 22662ms [sel=3 cap=22537 rest=122] sg=2->2 mode=NONE win=8 obs=280 | cap=wip act=(320,360) d=1.90 a=1 | sp=preview:active d=1.9 age=9 dtg=7.84 region=0_9
ep=655 s=280 10538ms [sel=64 cap=10349 rest=126] sg=2->2 mode=NONE win=8 obs=281 | cap=wip act=(320,360) d=2.95 a=1 | sp=frontier:active d=3.0 age=0 dtg=8.08 region=0_9
ep=655 s=281 17134ms [sel=4 cap=17005 rest=125] sg=2->2 mode=GET_NOWHERE win=8 obs=282 | cap=wip/GET_NOWHERE act=(320,360) d=2.71 a=2 | sp=frontier:active d=2.7 age=1 dtg=8.08 region=0_9
ep=655 s=282 12672ms [sel=3 cap=12537 rest=132] sg=2->2 mode=NONE win=8 obs=283 | cap=wip act=(320,360) d=2.71 a=1 | sp=frontier:active d=2.7 age=2 dtg=8.33 region=0_9
ep=655 s=283 14033ms [sel=3 cap=13903 rest=127] sg=2->2 mode=NONE win=8 obs=284 | cap=wip act=(320,360) d=2.46 a=1 | sp=frontier:active d=2.5 age=3 dtg=8.58 region=0_9
ep=655 s=284 15819ms [sel=3 cap=15687 rest=129] sg=2->2 mode=NONE win=8 obs=285 | cap=wip act=(320,360) d=2.21 a=1 | sp=frontier:active d=2.2 age=4 dtg=8.83 region=0_9
ep=655 s=285 10019ms [sel=0 cap=9890 rest=130] sg=2->3 mode=NONE win=8 obs=286 | cap=DONE act=TURN request=-45deg execute=-15deg x1 a=2 | sp=frontier:active d=2.0 age=5 ovr=4 door_evts=7 dtg=8.83 region=0_9
ep=655 s=286 7546ms [sel=0 cap=7416 rest=130] sg=3->3 mode=NONE win=8 obs=287 | cap=wip act=TURN request=-45deg execute=-15deg x1 a=2 | sp=- ovr=4 door_evts=7 dtg=8.83 region=0_9
ep=655 s=287 22841ms [sel=0 cap=22315 rest=490] sg=3->3 mode=NONE win=8 obs=288 | cap=wip act=TURN request=-45deg execute=-15deg x1 a=2 | preview=view-/6 yaw=+0 render=36ms | sp=- ovr=4 door_evts=7 dtg=8.83 region=0_9
ep=655 s=288 11674ms [sel=0 cap=11550 rest=123] sg=3->3 mode=NONE win=8 obs=289 | cap=wip act=TURN request=-45deg execute=-15deg x1 a=2 | sp=- ovr=4 door_evts=7 dtg=8.83 region=0_9
ep=655 s=289 12567ms [sel=0 cap=12443 rest=125] sg=3->3 mode=NONE win=8 obs=290 | cap=wip act=TURN request=-45deg execute=-15deg x1 a=2 | sp=- ovr=4 door_evts=7 dtg=8.83 region=0_9
ep=655 s=290 21522ms [sel=87 cap=20903 rest=496] sg=3->3 mode=NONE win=8 obs=291 | cap=wip act=(320,360) d=2.97 a=2 | preview=view-/6 yaw=+0 render=36ms | sp=frontier:active d=3.0 age=0 dtg=8.83 region=0_9
ep=655 s=291 28425ms [sel=21 cap=28286 rest=119] sg=3->3 mode=NONE win=8 obs=292 | cap=wip act=(320,360) d=2.97 a=2 | sp=frontier:active d=3.0 age=1 dtg=8.83 region=0_9
ep=655 s=292 30167ms [sel=27 cap=0 rest=30140] sg=None->3 mode=NONE win=8 obs=293 | cap=- act=(320,360) d=2.97 a=2 | sp=frontier:active d=3.0 age=2 ANALYSIS_ERROR_STAGE=decision ANALYSIS_ERROR='CaptionerInferenceError: Captioner model inference failed' dtg=8.83 region=0_9
ep=655 s=293 29816ms [sel=30 cap=29249 rest=501] sg=3->3 mode=NONE win=8 obs=294 | cap=wip act=(320,360) d=2.97 a=2 | preview=view-/6 yaw=+0 render=36ms | sp=frontier:active d=3.0 age=3 dtg=8.83 region=0_9
ep=655 s=294 26419ms [sel=19 cap=26285 rest=114] sg=3->3 mode=NONE win=8 obs=295 | cap=wip act=(320,360) d=2.97 a=2 | sp=frontier:active d=3.0 age=4 dtg=8.83 region=0_9
ep=655 s=295 25883ms [sel=23 cap=25749 rest=111] sg=3->3 mode=NONE win=8 obs=296 | cap=wip act=(320,360) d=2.97 a=2 | sp=frontier:active d=3.0 age=5 dtg=8.83 region=0_9
ep=655 s=296 19560ms [sel=26 cap=18994 rest=502] sg=3->3 mode=NONE win=8 obs=297 | cap=wip act=(320,360) d=2.97 a=1 | preview=view-/6 yaw=+0 render=37ms | sp=frontier:active d=3.0 age=6 dtg=8.59 region=0_9
ep=655 s=297 10616ms [sel=44 cap=10466 rest=107] sg=3->3 mode=NONE win=8 obs=298 | cap=wip act=(320,360) d=3.08 a=2 | sp=frontier:active d=3.1 age=7 dtg=8.59 region=0_9
ep=655 s=298 23041ms [sel=32 cap=22893 rest=117] sg=3->3 mode=NONE win=8 obs=299 | cap=wip act=(320,360) d=3.08 a=1 | sp=frontier:active d=3.1 age=8 dtg=8.34 region=0_9
ep=655 s=299 25361ms [sel=33 cap=24790 rest=504] sg=3->3 mode=NONE win=8 obs=300 | cap=wip act=(320,360) d=3.25 a=1 | preview=view-/6 yaw=+0 render=35ms | sp=frontier:active d=3.3 age=9 dtg=8.09 region=0_9
ep=655 s=300 22276ms [sel=33 cap=22140 rest=103] sg=3->3 mode=NONE win=8 obs=301 | cap=wip act=(320,360) d=3.44 a=3 | sp=frontier:active d=3.4 age=10 dtg=8.09 region=0_9
ep=655 s=301 27011ms [sel=31 cap=26875 rest=106] sg=3->3 mode=NONE win=8 obs=302 | cap=wip act=(320,360) d=3.44 a=1 | sp=frontier:active d=3.4 age=11 dtg=7.85 region=0_9
ep=655 s=302 22134ms [sel=34 cap=21528 rest=537] sg=3->3 mode=NONE win=8 obs=303 | cap=wip act=(320,360) d=3.58 a=3 | preview=view-/6 yaw=+0 render=35ms | sp=frontier:active d=3.6 age=12 dtg=7.85 region=0_9
ep=655 s=303 21875ms [sel=30 cap=21744 rest=101] sg=3->3 mode=NONE win=8 obs=304 | cap=wip act=(320,360) d=3.58 a=3 | sp=frontier:active d=3.6 age=13 dtg=7.85 region=0_9
ep=655 s=304 12814ms [sel=26 cap=12685 rest=103] sg=3->3 mode=NONE win=8 obs=305 | cap=wip act=(320,360) d=3.58 a=1 | sp=frontier:active d=3.6 age=14 dtg=7.69 region=0_9
ep=655 s=305 30616ms [sel=28 cap=0 rest=30552] sg=None->3 mode=NONE win=8 obs=306 | cap=- act=(320,360) d=3.63 a=3 | preview=view-/6 yaw=+0 render=36ms | sp=frontier:active d=3.6 age=15 ANALYSIS_ERROR_STAGE=decision ANALYSIS_ERROR='CaptionerInferenceError: Captioner model inference failed' dtg=7.69 region=0_9
ep=655 s=306 21582ms [sel=23 cap=21455 rest=104] sg=3->3 mode=NONE win=8 obs=307 | cap=wip act=(320,360) d=3.63 a=3 | sp=frontier:active d=3.6 age=16 dtg=7.69 region=0_9
ep=655 s=307 26117ms [sel=21 cap=25987 rest=109] sg=3->3 mode=NONE win=8 obs=308 | cap=wip act=(320,360) d=3.63 a=1 | sp=frontier:active d=3.6 age=17 dtg=7.66 region=0_9
ep=655 s=308 30560ms [sel=21 cap=0 rest=30504] sg=None->3 mode=NONE win=8 obs=309 | cap=- act=(320,360) d=3.55 a=1 | preview=view-/6 yaw=+0 render=35ms | sp=frontier:active d=3.6 age=18 ANALYSIS_ERROR_STAGE=completion_confirmation ANALYSIS_ERROR='CaptionerOutputError: decision violates the navigation reply contract: Request timed out.' dtg=7.63 region=0_9
ep=655 s=309 16445ms [sel=22 cap=16285 rest=137] sg=3->3 mode=NONE win=8 obs=310 | cap=wip act=(320,360) d=3.50 a=3 | sp=frontier:active d=3.5 age=19 dtg=7.63 region=0_9
ep=655 s=310 24811ms [sel=57 cap=24641 rest=112] sg=3->3 mode=NONE win=8 obs=311 | cap=wip act=(320,360) d=3.29 a=2 | sp=frontier:active d=3.3 age=0 dtg=7.63 region=0_9
ep=655 s=311 26689ms [sel=3 cap=26136 rest=514] sg=3->3 mode=NONE win=8 obs=312 | cap=wip act=(320,360) d=3.29 a=1 | preview=view-/6 yaw=+0 render=35ms | sp=frontier:active d=3.3 age=1 dtg=7.62 region=0_9
ep=655 s=312 6927ms [sel=3 cap=6819 rest=106] sg=3->3 mode=NONE win=8 obs=313 | cap=wip act=(320,360) d=3.04 a=2 | sp=frontier:active d=3.0 age=2 dtg=7.62 region=0_9
ep=655 s=313 13117ms [sel=3 cap=13002 rest=112] sg=3->3 mode=NONE win=8 obs=314 | cap=wip act=(320,360) d=3.04 a=1 | sp=frontier:active d=3.0 age=3 dtg=7.56 region=0_9
ep=655 s=314 10633ms [sel=3 cap=10511 rest=119] sg=3->3 mode=NONE win=8 obs=315 | cap=wip act=(320,360) d=2.80 a=1 | sp=frontier:active d=2.8 age=4 dtg=7.52 region=0_9
ep=655 s=315 21892ms [sel=3 cap=21316 rest=534] sg=3->3 mode=NONE win=8 obs=316 | cap=wip act=(320,360) d=2.57 a=1 | preview=view-/6 yaw=+0 render=39ms | sp=frontier:active d=2.6 age=5 dtg=7.51 region=0_9
ep=655 s=316 25464ms [sel=3 cap=25347 rest=115] sg=3->3 mode=NONE win=8 obs=317 | cap=wip act=(320,360) d=2.34 a=1 | sp=frontier:active d=2.3 age=6 dtg=7.54 region=0_9
ep=655 s=317 20155ms [sel=3 cap=20032 rest=120] sg=3->3 mode=NONE win=8 obs=318 | cap=wip act=(320,360) d=2.12 a=2 | sp=frontier:active d=2.1 age=7 dtg=7.54 region=0_9
ep=655 s=318 25856ms [sel=5 cap=25730 rest=121] sg=3->3 mode=NONE win=8 obs=319 | cap=wip act=(320,360) d=2.12 a=1 | sp=frontier:active d=2.1 age=8 dtg=7.53 region=0_9
ep=655 s=319 19129ms [sel=8 cap=18997 rest=124] sg=3->3 mode=NONE win=8 obs=320 | cap=wip act=(320,360) d=1.94 a=1 | sp=frontier:active d=1.9 age=9 dtg=7.55 region=0_9
ep=655 s=320 20125ms [sel=7 cap=19999 rest=118] sg=3->3 mode=NONE win=8 obs=321 | cap=wip act=(320,360) d=1.78 a=1 | sp=frontier:active d=1.8 age=10 dtg=7.60 region=0_19
ep=655 s=321 21704ms [sel=7 cap=21600 rest=97] sg=3->3 mode=NONE win=8 obs=322 | cap=wip act=(320,360) d=1.65 a=1 | sp=frontier:active d=1.6 age=11 dtg=7.68 region=0_19
ep=655 s=322 10567ms [sel=9 cap=10463 rest=95] sg=3->3 mode=NONE win=8 obs=323 | cap=wip act=(320,360) d=1.54 a=3 | sp=frontier:active d=1.5 age=12 dtg=7.68 region=0_19
ep=655 s=323 13422ms [sel=6 cap=13321 rest=95] sg=3->3 mode=NONE win=8 obs=324 | cap=wip act=(320,360) d=1.54 a=1 | sp=frontier:active d=1.5 age=13 dtg=7.84 region=0_19
ep=655 s=324 20088ms [sel=58 cap=19510 rest=484] sg=3->3 mode=NONE win=8 obs=325 | cap=wip act=(320,360) d=3.28 a=1 | preview=view-/6 yaw=+0 render=35ms | sp=frontier:active d=3.3 age=0 dtg=8.01 region=0_19
ep=655 s=325 20151ms [sel=3 cap=20045 rest=103] sg=3->3 mode=NONE win=8 obs=326 | cap=wip act=(320,360) d=3.03 a=1 | sp=frontier:active d=3.0 age=1 dtg=8.19 region=0_19
ep=655 s=326 21289ms [sel=3 cap=21189 rest=97] sg=3->3 mode=NONE win=8 obs=327 | cap=wip act=(320,360) d=2.79 a=1 | sp=frontier:active d=2.8 age=2 dtg=8.39 region=0_19
ep=655 s=327 14644ms [sel=4 cap=14162 rest=443] sg=3->3 mode=NONE win=8 obs=328 | cap=wip act=(320,360) d=2.54 a=1 | preview=view-/6 yaw=+0 render=35ms | sp=frontier:active d=2.5 age=3 dtg=8.59 region=0_19
ep=655 s=328 7097ms [sel=3 cap=6993 rest=101] sg=3->3 mode=NONE win=8 obs=329 | cap=wip act=(320,360) d=2.29 a=1 | sp=frontier:active d=2.3 age=4 dtg=8.80 region=0_19
ep=655 s=329 9111ms [sel=3 cap=9002 rest=107] sg=3->3 mode=NONE win=8 obs=330 | cap=wip act=(320,360) d=2.04 a=1 | sp=frontier:active d=2.0 age=5 dtg=9.03 region=0_19
ep=655 s=330 10531ms [sel=3 cap=10407 rest=122] sg=3->3 mode=NONE win=8 obs=331 | cap=wip act=(320,360) d=1.80 a=1 | sp=frontier:active d=1.8 age=6 dtg=9.27 region=0_19
ep=655 s=331 15996ms [sel=3 cap=15894 rest=99] sg=3->3 mode=NONE win=8 obs=332 | cap=wip act=(320,360) d=1.55 a=2 | sp=frontier:active d=1.6 age=7 dtg=9.27 region=0_19
ep=655 s=332 12884ms [sel=3 cap=12777 rest=105] sg=3->3 mode=NONE win=8 obs=333 | cap=wip act=(320,360) d=1.55 a=1 | sp=frontier:active d=1.6 age=8 dtg=9.51 region=0_19
ep=655 s=333 16799ms [sel=6 cap=16680 rest=113] sg=3->3 mode=NONE win=8 obs=334 | cap=wip act=(320,360) d=1.33 a=1 | sp=frontier:active d=1.3 age=9 dtg=9.75 region=0_19
ep=655 s=334 9181ms [sel=3 cap=9058 rest=120] sg=3->3 mode=NONE win=8 obs=335 | cap=wip act=(320,360) d=1.13 a=3 | sp=frontier:active d=1.1 age=10 dtg=9.75 region=0_19
ep=655 s=335 8719ms [sel=4 cap=8600 rest=116] sg=3->3 mode=NONE win=8 obs=336 | cap=wip act=(320,360) d=1.13 a=1 | sp=frontier:active d=1.1 age=11 dtg=10.00 region=0_19
ep=655 s=336 9130ms [sel=4 cap=9004 rest=122] sg=3->3 mode=NONE win=8 obs=337 | cap=wip act=(320,360) d=0.91 a=3 | sp=frontier:active d=0.9 age=12 dtg=10.00 region=0_19
ep=655 s=337 13175ms [sel=4 cap=13059 rest=113] sg=3->3 mode=NONE win=8 obs=338 | cap=wip act=(320,360) d=0.91 a=1 | sp=frontier:active d=0.9 age=13 dtg=10.24 region=0_12
ep=655 s=338 26711ms [sel=20408 cap=6187 rest=115] sg=3->3 mode=NONE win=8 obs=339 | cap=wip act=(320,360) d=1.66 a=1 | sp=som:active d=1.7 age=0 som=4/7 dtg=10.48 region=0_12
ep=655 s=339 10818ms [sel=3 cap=10695 rest=119] sg=3->3 mode=NONE win=8 obs=340 | cap=wip act=(320,360) d=1.42 a=3 | sp=som:active d=1.4 age=1 dtg=10.48 region=0_12
ep=655 s=340 16558ms [sel=3 cap=16060 rest=458] sg=3->3 mode=NONE win=8 obs=341 | cap=wip act=(320,360) d=1.42 a=1 | preview=view-/6 yaw=+0 render=37ms | sp=som:active d=1.4 age=2 dtg=10.71 region=0_12
ep=655 s=341 9336ms [sel=3 cap=9235 rest=99] sg=3->3 mode=NONE win=8 obs=342 | cap=wip act=(320,360) d=1.17 a=1 | sp=som:active d=1.2 age=3 dtg=10.94 region=0_12
ep=655 s=342 12316ms [sel=3 cap=12208 rest=105] sg=3->3 mode=GET_NOWHERE win=8 obs=343 | cap=wip/GET_NOWHERE act=(320,360) d=0.92 a=1 | sp=som:active d=0.9 age=4 dtg=11.18 region=0_12
ep=655 s=343 9646ms [sel=3 cap=9532 rest=111] sg=3->3 mode=NONE win=8 obs=344 | cap=wip act=(320,360) d=0.67 a=1 | sp=som:active d=0.7 age=5 dtg=11.42 region=0_12
ep=655 s=344 14340ms [sel=49 cap=13838 rest=415] sg=3->3 mode=NONE win=8 obs=345 | cap=wip act=(320,360) d=1.04 a=1 | preview=view-/6 yaw=+0 render=37ms | sp=frontier:active d=1.0 age=0 dtg=11.67 region=0_12
ep=655 s=345 10329ms [sel=3 cap=10215 rest=111] sg=3->3 mode=NONE win=8 obs=346 | cap=wip act=(320,360) d=0.79 a=1 | sp=frontier:active d=0.8 age=1 dtg=11.92 region=0_12
ep=655 s=346 12604ms [sel=3 cap=12488 rest=113] sg=3->3 mode=NONE win=8 obs=347 | cap=wip act=(320,360) d=0.55 a=2 | sp=frontier:active d=0.5 age=2 dtg=11.92 region=0_12
ep=655 s=347 11823ms [sel=3 cap=11704 rest=116] sg=3->3 mode=NONE win=8 obs=348 | cap=wip act=(320,360) d=0.55 a=1 | sp=frontier:active d=0.5 age=3 dtg=12.17 region=0_12
ep=655 s=348 13076ms [sel=115 cap=12839 rest=123] sg=3->3 mode=NONE win=8 obs=349 | cap=wip act=(320,360) d=3.48 a=2 | sp=frontier:active d=3.5 age=0 dtg=12.17 region=0_12
ep=655 s=349 6250ms [sel=32 cap=5789 rest=392] sg=3->3 mode=NONE win=8 obs=350 | cap=wip act=(320,360) d=3.48 a=2 | preview=view-/6 yaw=+0 render=37ms | sp=frontier:active d=3.5 age=1 dtg=12.17 region=0_12
ep=655 s=350 8356ms [sel=32 cap=8218 rest=106] sg=3->3 mode=NONE win=8 obs=351 | cap=wip act=(320,360) d=3.48 a=2 | sp=frontier:active d=3.5 age=2 dtg=12.17 region=0_12
ep=655 s=351 8793ms [sel=33 cap=8655 rest=104] sg=3->3 mode=NONE win=8 obs=352 | cap=wip act=(320,360) d=3.48 a=2 | sp=frontier:active d=3.5 age=3 dtg=12.17 region=0_12
ep=655 s=352 10295ms [sel=32 cap=10165 rest=98] sg=3->3 mode=NONE win=8 obs=353 | cap=wip act=(320,360) d=3.48 a=2 | sp=frontier:active d=3.5 age=4 dtg=12.17 region=0_12
ep=655 s=353 5558ms [sel=35 cap=5431 rest=92] sg=3->3 mode=NONE win=8 obs=354 | cap=wip act=(320,360) d=3.48 a=2 | sp=frontier:active d=3.5 age=5 dtg=12.17 region=0_12
ep=655 s=354 11178ms [sel=32 cap=11051 rest=95] sg=3->3 mode=NONE win=8 obs=355 | cap=wip act=(320,360) d=3.48 a=2 | sp=frontier:active d=3.5 age=6 dtg=12.17 region=0_12
ep=655 s=355 14512ms [sel=49 cap=14029 rest=399] sg=3->3 mode=NONE win=8 obs=356 | cap=wip act=(320,360) d=3.48 a=2 | preview=view-/6 yaw=+0 render=35ms | sp=frontier:active d=3.5 age=7 dtg=12.17 region=0_12
ep=655 s=356 12170ms [sel=32 cap=12027 rest=111] sg=3->3 mode=NONE win=8 obs=357 | cap=wip act=(320,360) d=3.48 a=2 | sp=frontier:active d=3.5 age=8 dtg=12.17 region=0_12
ep=655 s=357 13735ms [sel=18 cap=13615 rest=102] sg=3->3 mode=NONE win=8 obs=358 | cap=wip act=(320,360) d=3.48 a=2 | sp=frontier:active d=3.5 age=9 dtg=12.17 region=0_12
ep=655 s=358 17594ms [sel=9 cap=17141 rest=406] sg=3->3 mode=NONE win=8 obs=359 | cap=wip act=(320,360) d=3.48 a=2 | preview=view-/6 yaw=+0 render=38ms | sp=frontier:active d=3.5 age=10 dtg=12.17 region=0_12
ep=655 s=359 17312ms [sel=3 cap=17215 rest=94] sg=3->3 mode=NONE win=8 obs=360 | cap=wip act=(320,360) d=3.48 a=1 | sp=frontier:active d=3.5 age=11 dtg=11.92 region=0_12
ep=655 s=360 10781ms [sel=4 cap=10674 rest=103] sg=3->3 mode=NONE win=8 obs=361 | cap=wip act=(320,360) d=3.27 a=1 | sp=frontier:active d=3.3 age=12 dtg=11.67 region=0_12
ep=655 s=361 22036ms [sel=3 cap=21588 rest=410] sg=3->3 mode=NONE win=8 obs=362 | cap=wip act=(320,360) d=3.07 a=1 | preview=view-/6 yaw=+0 render=34ms | sp=frontier:active d=3.1 age=13 dtg=11.43 region=0_12
ep=655 s=362 22907ms [sel=6 cap=22787 rest=114] sg=3->3 mode=NONE win=8 obs=363 | cap=wip act=(320,360) d=2.88 a=1 | sp=frontier:active d=2.9 age=14 dtg=11.19 region=0_12
ep=655 s=363 24270ms [sel=52 cap=24114 rest=104] sg=3->3 mode=NONE win=8 obs=364 | cap=wip act=(320,360) d=2.70 a=1 | sp=frontier:active d=2.7 age=0 dtg=10.96 region=0_12
ep=655 s=364 18041ms [sel=13 cap=17546 rest=441] sg=3->3 mode=NONE win=8 obs=365 | cap=wip act=(320,360) d=2.53 a=1 | preview=view-/6 yaw=+0 render=41ms | sp=frontier:active d=2.5 age=1 dtg=10.73 region=0_12
ep=655 s=365 13884ms [sel=10 cap=13764 rest=110] sg=3->3 mode=NONE win=8 obs=366 | cap=wip act=(320,360) d=2.37 a=1 | sp=frontier:active d=2.4 age=2 dtg=10.50 region=0_12
ep=655 s=366 9963ms [sel=13 cap=9848 rest=101] sg=3->3 mode=NONE win=8 obs=367 | cap=wip act=(320,360) d=2.23 a=1 | sp=frontier:active d=2.2 age=3 dtg=10.29 region=0_12
ep=655 s=367 10748ms [sel=14 cap=10638 rest=96] sg=3->3 mode=NONE win=8 obs=368 | cap=wip act=(320,360) d=2.11 a=2 | sp=frontier:active d=2.1 age=4 dtg=10.29 region=0_12
ep=655 s=368 9289ms [sel=11 cap=9179 rest=99] sg=3->3 mode=NONE win=8 obs=369 | cap=wip act=(320,360) d=2.11 a=2 | sp=frontier:active d=2.1 age=5 dtg=10.29 region=0_12
ep=655 s=369 8597ms [sel=3 cap=8501 rest=94] sg=3->3 mode=NONE win=8 obs=370 | cap=wip act=(320,360) d=2.11 a=1 | sp=frontier:active d=2.1 age=6 dtg=10.04 region=0_19
ep=655 s=370 11859ms [sel=4 cap=11760 rest=95] sg=3->3 mode=NONE win=8 obs=371 | cap=wip act=(320,360) d=1.90 a=2 | sp=frontier:active d=1.9 age=7 dtg=10.04 region=0_19
ep=655 s=371 9491ms [sel=3 cap=9398 rest=90] sg=3->3 mode=NONE win=8 obs=372 | cap=wip act=(320,360) d=1.90 a=1 | sp=frontier:active d=1.9 age=8 dtg=9.80 region=0_19
ep=655 s=372 12358ms [sel=3 cap=11857 rest=462] sg=3->3 mode=NONE win=8 obs=373 | cap=wip act=(320,360) d=1.68 a=2 | preview=view-/6 yaw=+0 render=36ms | sp=frontier:active d=1.7 age=9 dtg=9.80 region=0_19
ep=655 s=373 11331ms [sel=4 cap=11227 rest=100] sg=3->3 mode=NONE win=8 obs=374 | cap=wip act=(320,360) d=1.68 a=1 | sp=frontier:active d=1.7 age=10 dtg=9.59 region=0_19
ep=655 s=374 9314ms [sel=3 cap=9212 rest=99] sg=3->3 mode=NONE win=8 obs=375 | cap=wip act=(320,360) d=1.43 a=2 | sp=frontier:active d=1.4 age=11 dtg=9.59 region=0_19
ep=655 s=375 11224ms [sel=3 cap=11120 rest=101] sg=3->3 mode=NONE win=8 obs=376 | cap=wip act=(320,360) d=1.43 a=1 | sp=frontier:active d=1.4 age=12 dtg=9.46 region=0_19
ep=655 s=376 10472ms [sel=3 cap=10368 rest=100] sg=3->3 mode=NONE win=8 obs=377 | cap=wip act=(320,360) d=1.18 a=1 | sp=frontier:active d=1.2 age=13 dtg=9.38 region=0_19
ep=655 s=377 6343ms [sel=3 cap=6217 rest=123] sg=3->3 mode=NONE win=8 obs=378 | cap=wip act=(320,360) d=0.93 a=1 | sp=frontier:active d=0.9 age=14 dtg=9.34 region=0_19
ep=655 s=378 19168ms [sel=12069 cap=6996 rest=103] sg=3->3 mode=NONE win=8 obs=379 | cap=wip act=(320,360) d=2.75 a=1 | sp=som:active d=2.8 age=0 som=2/8 dtg=9.31 region=0_19
ep=655 s=379 7790ms [sel=12 cap=7665 rest=113] sg=3->3 mode=NONE win=8 obs=380 | cap=wip act=(320,360) d=2.51 a=1 | sp=som:active d=2.5 age=1 dtg=9.30 region=0_19
ep=655 s=380 8622ms [sel=11 cap=8501 rest=110] sg=3->3 mode=NONE win=8 obs=381 | cap=wip act=(320,360) d=2.27 a=1 | sp=som:active d=2.3 age=2 dtg=9.30 region=None
ep=655 s=381 8807ms [sel=6 cap=8693 rest=108] sg=3->3 mode=NONE win=8 obs=382 | cap=wip act=(320,360) d=2.03 a=1 | sp=som:active d=2.0 age=3 dtg=9.41 region=0_8
ep=655 s=382 8338ms [sel=4 cap=8224 rest=110] sg=3->3 mode=NONE win=8 obs=383 | cap=wip act=(320,360) d=1.79 a=1 | sp=som:active d=1.8 age=4 dtg=9.59 region=0_8
ep=655 s=383 14546ms [sel=3 cap=14051 rest=456] sg=3->3 mode=NONE win=8 obs=384 | cap=wip act=(320,360) d=1.56 a=2 | preview=view-/6 yaw=+0 render=36ms | sp=som:active d=1.6 age=5 dtg=9.59 region=0_8
ep=655 s=384 7510ms [sel=3 cap=7397 rest=110] sg=3->3 mode=NONE win=8 obs=385 | cap=wip act=(320,360) d=1.56 a=1 | sp=som:active d=1.6 age=6 dtg=9.83 region=0_8
ep=655 s=385 10982ms [sel=4 cap=10858 rest=120] sg=3->3 mode=NONE win=8 obs=386 | cap=wip act=(320,360) d=1.31 a=1 | sp=som:active d=1.3 age=7 dtg=10.07 region=0_8
ep=655 s=386 10280ms [sel=3 cap=10148 rest=129] sg=3->3 mode=NONE win=8 obs=387 | cap=wip act=(320,360) d=1.07 a=1 | sp=som:active d=1.1 age=8 dtg=10.32 region=0_8
ep=655 s=387 11225ms [sel=3 cap=11095 rest=128] sg=3->3 mode=NONE win=8 obs=388 | cap=wip act=(320,360) d=0.82 a=1 | sp=som:active d=0.8 age=9 dtg=10.57 region=0_8
ep=655 s=388 10027ms [sel=3 cap=9905 rest=120] sg=3->3 mode=NONE win=8 obs=389 | cap=wip act=(320,360) d=0.59 a=2 | sp=som:active d=0.6 age=10 dtg=10.57 region=0_8
ep=655 s=389 11527ms [sel=3 cap=11415 rest=109] sg=3->3 mode=NONE win=8 obs=390 | cap=wip act=(320,360) d=0.59 a=1 | sp=som:active d=0.6 age=11 dtg=10.81 region=0_8
ep=655 s=390 28558ms [sel=55 cap=27898 rest=543] sg=3->3 mode=NONE win=8 obs=391 | cap=wip act=(320,360) d=2.14 a=1 | preview=view-/6 yaw=+0 render=63ms | sp=frontier:active d=2.1 age=0 dtg=11.06 region=0_8
ep=655 s=391 15372ms [sel=3 cap=15245 rest=125] sg=3->3 mode=NONE win=8 obs=392 | cap=wip act=(320,360) d=1.90 a=3 | sp=frontier:active d=1.9 age=1 dtg=11.06 region=0_8
ep=655 s=392 9006ms [sel=3 cap=8881 rest=122] sg=3->3 mode=NONE win=8 obs=393 | cap=wip act=(320,360) d=1.90 a=1 | sp=frontier:active d=1.9 age=2 dtg=11.31 region=0_8
ep=655 s=393 15690ms [sel=4 cap=15124 rest=528] sg=3->3 mode=NONE win=8 obs=394 | cap=wip act=(320,360) d=1.70 a=1 | preview=view-/6 yaw=+0 render=34ms | sp=frontier:active d=1.7 age=3 dtg=11.56 region=0_8
ep=655 s=394 22447ms [sel=5 cap=22318 rest=125] sg=3->3 mode=NONE win=8 obs=395 | cap=wip act=(320,360) d=1.52 a=2 | sp=frontier:active d=1.5 age=4 dtg=11.56 region=0_8
ep=655 s=395 23052ms [sel=3 cap=22924 rest=125] sg=3->3 mode=NONE win=8 obs=396 | cap=wip act=(320,360) d=1.52 a=1 | sp=frontier:active d=1.5 age=5 dtg=11.80 region=0_8
ep=655 s=396 23817ms [sel=3 cap=23266 rest=513] sg=3->3 mode=NONE win=8 obs=397 | cap=wip act=(320,360) d=1.31 a=2 | preview=view-/6 yaw=+0 render=36ms | sp=frontier:active d=1.3 age=6 dtg=11.80 region=0_8
ep=655 s=397 21229ms [sel=3 cap=21103 rest=123] sg=3->3 mode=NONE win=8 obs=398 | cap=wip act=(320,360) d=1.31 a=1 | sp=frontier:active d=1.3 age=7 dtg=12.04 region=0_8
ep=655 s=398 17075ms [sel=3 cap=16942 rest=130] sg=3->3 mode=NONE win=8 obs=399 | cap=wip act=(320,360) d=1.08 a=1 | sp=frontier:active d=1.1 age=8 dtg=12.28 region=0_8
ep=655 s=399 25986ms [sel=3 cap=25407 rest=539] sg=3->3 mode=NONE win=8 obs=400 | cap=wip act=(320,360) d=0.86 a=2 | preview=view-/6 yaw=+0 render=37ms | sp=frontier:active d=0.9 age=9 dtg=12.28 region=0_8
ep=655 s=400 14990ms [sel=3 cap=14860 rest=128] sg=3->3 mode=NONE win=8 obs=401 | cap=wip act=(320,360) d=0.86 a=1 | sp=frontier:active d=0.9 age=10 dtg=12.49 region=0_8
ep=655 s=401 7007ms [sel=3 cap=6875 rest=129] sg=3->3 mode=NONE win=8 obs=402 | cap=wip act=(320,360) d=0.63 a=2 | sp=frontier:active d=0.6 age=11 dtg=12.49 region=0_8
ep=655 s=402 15848ms [sel=3 cap=15290 rest=519] sg=3->3 mode=NONE win=8 obs=403 | cap=wip act=(320,360) d=0.63 a=2 | preview=view-/6 yaw=+0 render=36ms | sp=frontier:active d=0.6 age=12 dtg=12.49 region=0_8
ep=655 s=403 20975ms [sel=3 cap=20845 rest=127] sg=3->3 mode=NONE win=8 obs=404 | cap=wip act=(320,360) d=0.63 a=1 | sp=frontier:active d=0.6 age=13 dtg=12.64 region=0_8
ep=655 s=404 22851ms [sel=13723 cap=8969 rest=159] sg=3->3 mode=NONE win=8 obs=405 | cap=wip act=(320,360) d=1.58 a=2 | sp=som:active d=1.6 age=0 som=2/7 dtg=12.64 region=0_8
ep=655 s=405 16224ms [sel=3 cap=15672 rest=513] sg=3->3 mode=NONE win=8 obs=406 | cap=wip act=(320,360) d=1.58 a=2 | preview=view-/6 yaw=+0 render=36ms | sp=som:active d=1.6 age=1 dtg=12.64 region=0_8
ep=655 s=406 19043ms [sel=4 cap=18930 rest=109] sg=3->3 mode=NONE win=8 obs=407 | cap=wip act=(320,360) d=1.58 a=1 | sp=som:active d=1.6 age=2 dtg=12.74 region=0_8
ep=655 s=407 9956ms [sel=3 cap=9847 rest=106] sg=3->3 mode=NONE win=8 obs=408 | cap=wip act=(320,360) d=1.33 a=1 | sp=som:active d=1.3 age=3 dtg=12.89 region=0_8
ep=655 s=408 23721ms [sel=4 cap=23190 rest=492] sg=3->3 mode=NONE win=8 obs=409 | cap=wip act=(320,360) d=1.08 a=1 | preview=view-/6 yaw=+0 render=35ms | sp=som:active d=1.1 age=4 dtg=13.07 region=0_8
ep=655 s=409 12735ms [sel=3 cap=12615 rest=117] sg=3->3 mode=NONE win=8 obs=410 | cap=wip act=(320,360) d=0.83 a=1 | sp=som:active d=0.8 age=5 dtg=13.28 region=0_8
ep=655 s=410 11727ms [sel=3 cap=11610 rest=114] sg=3->3 mode=NONE win=8 obs=411 | cap=wip act=(320,360) d=0.59 a=3 | sp=som:active d=0.6 age=6 dtg=13.28 region=0_8
ep=655 s=411 19853ms [sel=3 cap=19347 rest=461] sg=3->3 mode=NONE win=8 obs=412 | cap=wip act=(320,360) d=0.59 a=1 | preview=view-/6 yaw=+0 render=42ms | sp=som:active d=0.6 age=7 dtg=13.51 region=0_8
ep=655 s=412 21523ms [sel=66 cap=21344 rest=113] sg=3->3 mode=NONE win=8 obs=413 | cap=wip act=(320,360) d=1.32 a=2 | sp=frontier:active d=1.3 age=0 dtg=13.51 region=0_8
ep=655 s=413 21886ms [sel=7 cap=21736 rest=142] sg=3->3 mode=NONE win=8 obs=414 | cap=wip act=(320,360) d=1.32 a=2 | sp=frontier:active d=1.3 age=1 dtg=13.51 region=0_8
ep=655 s=414 28183ms [sel=10 cap=27668 rest=471] sg=3->3 mode=NONE win=8 obs=415 | cap=wip act=(320,360) d=1.32 a=2 | preview=view-/6 yaw=+0 render=34ms | sp=frontier:active d=1.3 age=2 dtg=13.51 region=0_8
ep=655 s=415 21827ms [sel=10 cap=21703 rest=114] sg=3->3 mode=NONE win=8 obs=416 | cap=wip act=(320,360) d=1.32 a=1 | sp=frontier:active d=1.3 age=3 dtg=13.65 region=0_8
ep=655 s=416 12290ms [sel=9 cap=12164 rest=116] sg=3->3 mode=NONE win=8 obs=417 | cap=wip act=(320,360) d=1.08 a=1 | sp=frontier:active d=1.1 age=4 dtg=13.81 region=0_8
ep=655 s=417 18101ms [sel=5 cap=17555 rest=505] sg=3->3 mode=NONE win=8 obs=418 | cap=wip act=(320,360) d=0.84 a=2 | preview=view-/6 yaw=+0 render=35ms | sp=frontier:active d=0.8 age=5 dtg=13.81 region=0_8
ep=655 s=418 11580ms [sel=5 cap=11459 rest=116] sg=3->3 mode=NONE win=8 obs=419 | cap=wip act=(320,360) d=0.84 a=1 | sp=frontier:active d=0.8 age=6 dtg=13.97 region=0_8
ep=655 s=419 10120ms [sel=5 cap=9997 rest=117] sg=3->3 mode=NONE win=8 obs=420 | cap=wip act=(320,360) d=0.59 a=1 | sp=frontier:active d=0.6 age=7 dtg=14.20 region=0_6
ep=655 s=420 15203ms [sel=5 cap=14706 rest=457] sg=3->None mode=NONE win=8 obs=421 | cap=DONE act=(320,360) d=1.00 a=1 | preview=view-/6 yaw=+0 render=35ms | sp=frontier:reached d=0.3 age=8 ovr=5 door_evts=9 dtg=14.44 region=0_6
ep=655 s=421 120ms [sel=5 cap=0 rest=115] sg=None->None mode=NONE win=8 obs=422 | cap=- act=(320,360) d=1.00 a=1 | sp=frontier:reached d=0.3 age=9 ovr=5 door_evts=9 dtg=14.68 region=0_6
ep=655 s=422 120ms [sel=4 cap=0 rest=115] sg=None->None mode=NONE win=8 obs=423 | cap=- act=(320,360) d=1.00 a=1 | sp=frontier:reached d=0.3 age=10 ovr=5 door_evts=10 EVT=door@(15.7,-6.7)w1.20m@s419 dtg=14.93 region=0_6
ep=655 s=423 117ms [sel=0 cap=0 rest=117] sg=None->None mode=NONE win=8 obs=424 | cap=- act=STOP | sp=frontier:reached d=0.3 age=11 ovr=5 door_evts=10 dtg=14.93 region=0_6
rank=1 [8/17] id=655 steps=424 success=0.000 spl=0.000 dtg=14.93 osr=0 path_length=61.30 ndtw=0.000 sdtw=0.000
PluginManager::Manager: duplicate static plugin StbImageImporter, ignoring
PluginManager::Manager: duplicate static plugin GltfImporter, ignoring
PluginManager::Manager: duplicate static plugin BasisImporter, ignoring
PluginManager::Manager: duplicate static plugin AssimpImporter, ignoring
PluginManager::Manager: duplicate static plugin AnySceneImporter, ignoring
PluginManager::Manager: duplicate static plugin AnyImageImporter, ignoring
episode=779 instruction="So walk across the room to the other end of the table. Then head out through those 2 small wood doors in front of you, and once you're out turn left, and walk on down the hallway. Turn right and go through the entryway that's before the ovens, and stop once you're facing the long hallway." start_position=[8.830309867858887, 0.12711000442504883, 7.1839399337768555] goal_position=[4.586249828338623, 0.12711000442504883, -0.1209309995174408] reference_geodesic=12.42693042755127
episode=779 prepared_subgoals=5
  [1] Walk across the room to the other end of the table
      proof: The table's far end is directly ahead of the camera, within a step.
  [2] Exit through the two small wood doors in front of you
      proof: The camera has passed through the doors and the space beyond is central in the view.
  [3] Turn left after exiting the doors, then walk down the hallway
      proof: The camera has passed the hallway: it is behind or below the camera and the space beyond it fills the view; the camera has not yet turned right.
  [4] Turn right at the hallway end, then enter the entryway before the ovens
      proof: The camera has crossed the entryway threshold and the interior beyond is central in the view.
  [5] Stop facing the long hallway
      proof: The long hallway is directly ahead of the camera, within a step
ep=779 s=0 9721ms [sel=24 cap=9170 rest=487] sg=1->1 mode=NONE win=1 obs=1 | cap=wip act=TURN request=+45deg execute=+15deg x1 a=3 | preview=view-/6 yaw=+0 render=41ms | sp=preview:active d=3.0 age=0 dtg=12.43 region=0_2
ep=779 s=1 5920ms [sel=5 cap=5791 rest=123] sg=1->1 mode=NONE win=2 obs=2 | cap=wip act=TURN request=+45deg execute=+15deg x1 a=3 | sp=preview:active d=3.0 age=1 dtg=12.43 region=0_2
ep=779 s=2 6269ms [sel=5 cap=6142 rest=122] sg=1->1 mode=NONE win=3 obs=3 | cap=wip act=TURN request=+45deg execute=+15deg x1 a=3 | sp=preview:active d=3.0 age=2 dtg=12.43 region=0_2
ep=779 s=3 5528ms [sel=4 cap=5406 rest=118] sg=1->1 mode=GET_NOWHERE win=4 obs=4 | cap=wip/GET_NOWHERE act=(320,360) d=2.98 a=3 | sp=preview:active d=3.0 age=3 dtg=12.43 region=0_2
ep=779 s=4 5164ms [sel=3 cap=5046 rest=115] sg=1->1 mode=NONE win=5 obs=5 | cap=wip act=(320,360) d=2.98 a=3 | sp=preview:active d=3.0 age=4 dtg=12.43 region=0_2
ep=779 s=5 7059ms [sel=7 cap=6940 rest=112] sg=1->1 mode=NONE win=6 obs=6 | cap=wip act=(320,360) d=2.98 a=1 | sp=preview:active d=3.0 age=5 dtg=11.11 region=0_2
ep=779 s=6 5170ms [sel=10 cap=5039 rest=121] sg=1->1 mode=NONE win=7 obs=7 | cap=wip act=(320,360) d=2.82 a=1 | sp=preview:active d=2.8 age=6 dtg=10.95 region=0_2
ep=779 s=7 19983ms [sel=13 cap=19853 rest=118] sg=1->1 mode=NONE win=8 obs=8 | cap=wip act=(320,360) d=2.66 a=2 | sp=preview:active d=2.7 age=7 dtg=10.95 region=0_2
ep=779 s=8 7371ms [sel=3 cap=7254 rest=114] sg=1->1 mode=NONE win=8 obs=9 | cap=wip act=(320,360) d=2.66 a=2 | sp=preview:active d=2.7 age=8 dtg=10.95 region=0_2
ep=779 s=9 10154ms [sel=3 cap=10031 rest=120] sg=1->1 mode=NONE win=8 obs=10 | cap=wip act=(320,360) d=2.66 a=1 | sp=preview:active d=2.7 age=9 dtg=10.73 region=0_2
ep=779 s=10 8283ms [sel=3 cap=8137 rest=142] sg=1->1 mode=NONE win=8 obs=11 | cap=wip act=(320,360) d=2.44 a=2 | sp=preview:active d=2.4 age=10 dtg=10.73 region=0_2
ep=779 s=11 8733ms [sel=3 cap=8606 rest=124] sg=1->1 mode=NONE win=8 obs=12 | cap=wip act=(320,360) d=2.44 a=1 | sp=preview:active d=2.4 age=11 dtg=10.49 region=0_2
ep=779 s=12 11565ms [sel=25 cap=10989 rest=513] sg=1->1 mode=NONE win=8 obs=13 | cap=wip act=(160,180) d=3.82 a=1 | preview=view3/6 yaw=+0 render=39ms | sp=preview:active d=3.8 age=0 dtg=10.26 region=0_2
ep=779 s=13 5444ms [sel=3 cap=5314 rest=127] sg=1->1 mode=NONE win=8 obs=14 | cap=wip act=(320,360) d=3.60 a=1 | sp=preview:active d=3.6 age=1 dtg=10.06 region=0_2
ep=779 s=14 18086ms [sel=10412 cap=7552 rest=122] sg=1->2 mode=NONE win=8 obs=15 | cap=DONE act=(320,360) d=2.98 a=1 | sp=som:active d=3.0 age=0 som=1/8 dtg=9.91 region=0_2
ep=779 s=15 6681ms [sel=3 cap=6553 rest=125] sg=2->2 mode=NONE win=8 obs=16 | cap=wip act=(320,360) d=2.77 a=2 | sp=som:active d=2.8 age=1 dtg=9.91 region=0_2
ep=779 s=16 8319ms [sel=3 cap=8191 rest=126] sg=2->2 mode=NONE win=8 obs=17 | cap=wip act=(320,360) d=2.77 a=1 | sp=som:active d=2.8 age=2 dtg=9.74 region=0_2
ep=779 s=17 5915ms [sel=3 cap=5788 rest=124] sg=2->2 mode=NONE win=8 obs=18 | cap=wip act=(320,360) d=2.54 a=2 | sp=som:active d=2.5 age=3 dtg=9.74 region=0_2
ep=779 s=18 6996ms [sel=3 cap=6865 rest=128] sg=2->2 mode=NONE win=8 obs=19 | cap=wip act=(320,360) d=2.54 a=1 | sp=som:active d=2.5 age=4 dtg=9.54 region=0_2
ep=779 s=19 5340ms [sel=4 cap=5210 rest=125] sg=2->2 mode=NONE win=8 obs=20 | cap=wip act=(320,360) d=2.29 a=1 | sp=som:active d=2.3 age=5 dtg=9.35 region=0_2
ep=779 s=20 5987ms [sel=0 cap=5863 rest=124] sg=2->3 mode=NONE win=8 obs=21 | cap=DONE act=TURN request=-45deg execute=-15deg x1 a=2 | sp=som:active d=2.0 age=6 door_evts=1 dtg=9.35 region=0_2
ep=779 s=21 5644ms [sel=0 cap=5521 rest=123] sg=3->3 mode=NONE win=8 obs=22 | cap=wip act=TURN request=-45deg execute=-15deg x1 a=2 | sp=- door_evts=1 dtg=9.35 region=0_2
ep=779 s=22 9586ms [sel=0 cap=9466 rest=120] sg=3->3 mode=NONE win=8 obs=23 | cap=wip act=TURN request=-45deg execute=-15deg x1 a=2 | sp=- door_evts=1 dtg=9.35 region=0_2
ep=779 s=23 6316ms [sel=0 cap=6196 rest=120] sg=3->3 mode=NONE win=8 obs=24 | cap=wip act=TURN request=-45deg execute=-15deg x1 a=2 | sp=- door_evts=1 dtg=9.35 region=0_2
ep=779 s=24 11220ms [sel=4821 cap=6274 rest=125] sg=3->3 mode=NONE win=8 obs=25 | cap=wip act=(320,360) d=3.03 a=3 | sp=som:active d=3.0 age=0 som=4/8 dtg=9.35 region=0_2
ep=779 s=25 5815ms [sel=4 cap=5687 rest=124] sg=3->3 mode=NONE win=8 obs=26 | cap=wip act=(320,360) d=3.03 a=3 | sp=som:active d=3.0 age=1 dtg=9.35 region=0_2
ep=779 s=26 5819ms [sel=4 cap=5695 rest=120] sg=3->3 mode=NONE win=8 obs=27 | cap=wip act=(320,360) d=3.03 a=1 | sp=som:active d=3.0 age=2 dtg=9.11 region=0_2
ep=779 s=27 7734ms [sel=3 cap=7611 rest=119] sg=3->3 mode=NONE win=8 obs=28 | cap=wip act=(320,360) d=2.78 a=1 | sp=som:active d=2.8 age=3 dtg=8.87 region=0_2
ep=779 s=28 5602ms [sel=3 cap=5481 rest=118] sg=3->3 mode=NONE win=8 obs=29 | cap=wip act=(320,360) d=2.53 a=1 | sp=som:active d=2.5 age=4 dtg=8.63 region=0_2
ep=779 s=29 5069ms [sel=3 cap=4951 rest=115] sg=3->3 mode=NONE win=8 obs=30 | cap=wip act=(320,360) d=2.28 a=1 | sp=som:active d=2.3 age=5 dtg=8.40 region=0_2
ep=779 s=30 8531ms [sel=3 cap=8415 rest=112] sg=3->3 mode=NONE win=8 obs=31 | cap=wip act=(320,360) d=2.04 a=1 | sp=som:active d=2.0 age=6 dtg=8.18 region=0_2
ep=779 s=31 9087ms [sel=3 cap=8968 rest=115] sg=3->3 mode=NONE win=8 obs=32 | cap=wip act=(320,360) d=1.79 a=1 | sp=som:active d=1.8 age=7 dtg=7.97 region=0_2
ep=779 s=32 6888ms [sel=3 cap=6777 rest=108] sg=3->3 mode=NONE win=8 obs=33 | cap=wip act=(320,360) d=1.55 a=1 | sp=som:active d=1.5 age=8 dtg=7.80 region=0_2
ep=779 s=33 9367ms [sel=3 cap=9253 rest=111] sg=3->3 mode=NONE win=8 obs=34 | cap=wip act=(320,360) d=1.31 a=1 | sp=som:active d=1.3 age=9 dtg=7.66 region=0_2
ep=779 s=34 3541ms [sel=3 cap=3424 rest=114] sg=3->3 mode=NONE win=8 obs=35 | cap=wip act=(320,360) d=1.07 a=2 | sp=som:active d=1.1 age=10 dtg=7.66 region=0_2
ep=779 s=35 7046ms [sel=3 cap=6927 rest=116] sg=3->3 mode=NONE win=8 obs=36 | cap=wip act=(320,360) d=1.07 a=1 | sp=som:active d=1.1 age=11 dtg=7.48 region=0_2
ep=779 s=36 7008ms [sel=3 cap=6888 rest=117] sg=3->3 mode=NONE win=8 obs=37 | cap=wip act=(320,360) d=0.82 a=1 | sp=som:active d=0.8 age=12 dtg=7.32 region=0_2
ep=779 s=37 6164ms [sel=3 cap=6043 rest=118] sg=3->3 mode=NONE win=8 obs=38 | cap=wip act=(320,360) d=0.57 a=1 | sp=som:active d=0.6 age=13 dtg=7.18 region=0_2
ep=779 s=38 12034ms [sel=52 cap=11869 rest=114] sg=3->3 mode=NONE win=8 obs=39 | cap=wip act=(320,360) d=2.89 a=2 | sp=frontier:active d=2.9 age=0 dtg=7.18 region=0_2
ep=779 s=39 15575ms [sel=3 cap=15453 rest=119] sg=3->3 mode=NONE win=8 obs=40 | cap=wip act=(320,360) d=2.89 a=1 | sp=frontier:active d=2.9 age=1 dtg=7.00 region=0_2
ep=779 s=40 7144ms [sel=3 cap=7029 rest=112] sg=3->3 mode=NONE win=8 obs=41 | cap=wip act=(320,360) d=2.64 a=1 | sp=frontier:active d=2.6 age=2 dtg=6.84 region=0_2
ep=779 s=41 7297ms [sel=4 cap=7175 rest=119] sg=3->3 mode=NONE win=8 obs=42 | cap=wip act=(320,360) d=2.39 a=1 | sp=frontier:active d=2.4 age=3 dtg=6.70 region=0_2
ep=779 s=42 5917ms [sel=3 cap=5787 rest=127] sg=3->3 mode=NONE win=8 obs=43 | cap=wip act=(320,360) d=2.15 a=3 | sp=frontier:active d=2.1 age=4 dtg=6.70 region=0_2
ep=779 s=43 16166ms [sel=3 cap=16042 rest=121] sg=3->3 mode=NONE win=8 obs=44 | cap=wip act=(320,360) d=2.15 a=1 | sp=frontier:active d=2.1 age=5 dtg=6.43 region=0_12
ep=779 s=44 6462ms [sel=3 cap=6346 rest=113] sg=3->3 mode=NONE win=8 obs=45 | cap=wip act=(320,360) d=1.93 a=1 | sp=frontier:active d=1.9 age=6 dtg=6.23 region=0_12
ep=779 s=45 9341ms [sel=4 cap=9225 rest=112] sg=3->3 mode=NONE win=8 obs=46 | cap=wip act=(320,360) d=1.71 a=2 | sp=frontier:active d=1.7 age=7 dtg=6.23 region=0_12
ep=779 s=46 4035ms [sel=3 cap=3916 rest=116] sg=3->3 mode=NONE win=8 obs=47 | cap=wip act=(320,360) d=1.71 a=1 | sp=frontier:active d=1.7 age=8 dtg=6.01 region=0_12
ep=779 s=47 9987ms [sel=3 cap=9861 rest=123] sg=3->3 mode=NONE win=8 obs=48 | cap=wip act=(320,360) d=1.48 a=1 | sp=frontier:active d=1.5 age=9 dtg=5.82 region=0_12
ep=779 s=48 7922ms [sel=3 cap=7804 rest=115] sg=3->3 mode=NONE win=8 obs=49 | cap=wip act=(320,360) d=1.24 a=2 | sp=frontier:active d=1.2 age=10 dtg=5.82 region=0_12
ep=779 s=49 10387ms [sel=3 cap=10266 rest=118] sg=3->3 mode=NONE win=8 obs=50 | cap=wip act=(320,360) d=1.24 a=1 | sp=frontier:active d=1.2 age=11 dtg=5.60 region=0_12
ep=779 s=50 10862ms [sel=3 cap=10751 rest=109] sg=3->3 mode=NONE win=8 obs=51 | cap=wip act=(320,360) d=1.00 a=1 | sp=frontier:active d=1.0 age=12 dtg=5.39 region=0_12
ep=779 s=51 12455ms [sel=3551 cap=8796 rest=108] sg=3->3 mode=NONE win=8 obs=52 | cap=wip act=(320,360) d=1.81 a=1 | sp=som:active d=1.8 age=0 som=5/8 dtg=5.18 region=0_12
ep=779 s=52 6682ms [sel=3 cap=6571 rest=108] sg=3->3 mode=NONE win=8 obs=53 | cap=wip act=(320,360) d=1.56 a=1 | sp=som:active d=1.6 age=1 dtg=4.97 region=0_12
ep=779 s=53 6396ms [sel=3 cap=6284 rest=109] sg=3->3 mode=NONE win=8 obs=54 | cap=wip act=(320,360) d=1.32 a=1 | sp=som:active d=1.3 age=2 dtg=4.77 region=0_12
ep=779 s=54 6926ms [sel=3 cap=6811 rest=112] sg=3->3 mode=NONE win=8 obs=55 | cap=wip act=(320,360) d=1.08 a=1 | sp=som:active d=1.1 age=3 dtg=4.58 region=0_12
ep=779 s=55 16143ms [sel=3 cap=16029 rest=112] sg=3->3 mode=NONE win=8 obs=56 | cap=wip act=(320,360) d=0.84 a=2 | sp=som:active d=0.8 age=4 dtg=4.58 region=0_12
ep=779 s=56 9674ms [sel=3 cap=9555 rest=116] sg=3->3 mode=NONE win=8 obs=57 | cap=wip act=(320,360) d=0.84 a=1 | sp=som:active d=0.8 age=5 dtg=4.35 region=0_12
ep=779 s=57 9858ms [sel=3 cap=9737 rest=119] sg=3->3 mode=NONE win=8 obs=58 | cap=wip act=(320,360) d=0.59 a=1 | sp=som:active d=0.6 age=6 dtg=4.13 region=0_12
ep=779 s=58 11240ms [sel=72 cap=11051 rest=117] sg=3->3 mode=NONE win=8 obs=59 | cap=wip act=(320,360) d=3.11 a=2 | sp=frontier:active d=3.1 age=0 dtg=4.13 region=0_12
ep=779 s=59 7356ms [sel=25 cap=7215 rest=116] sg=3->3 mode=NONE win=8 obs=60 | cap=wip act=(320,360) d=3.11 a=2 | sp=frontier:active d=3.1 age=1 dtg=4.13 region=0_12
ep=779 s=60 4520ms [sel=3 cap=4399 rest=118] sg=3->3 mode=NONE win=8 obs=61 | cap=wip act=(320,360) d=3.11 a=2 | sp=frontier:active d=3.1 age=2 dtg=4.13 region=0_12
ep=779 s=61 6838ms [sel=3 cap=6725 rest=111] sg=3->3 mode=NONE win=8 obs=62 | cap=wip act=(320,360) d=3.11 a=2 | sp=frontier:active d=3.1 age=3 dtg=4.13 region=0_12
ep=779 s=62 8077ms [sel=3 cap=7958 rest=116] sg=3->3 mode=NONE win=8 obs=63 | cap=wip act=(320,360) d=3.11 a=1 | sp=frontier:active d=3.1 age=4 dtg=3.92 region=0_12
ep=779 s=63 8222ms [sel=3 cap=8101 rest=118] sg=3->3 mode=NONE win=8 obs=64 | cap=wip act=(320,360) d=2.86 a=1 | sp=frontier:active d=2.9 age=5 dtg=3.72 region=0_12
ep=779 s=64 5939ms [sel=4 cap=5821 rest=115] sg=3->3 mode=NONE win=8 obs=65 | cap=wip act=(320,360) d=2.61 a=2 | sp=frontier:active d=2.6 age=6 dtg=3.72 region=0_12
ep=779 s=65 8215ms [sel=4 cap=8095 rest=116] sg=3->3 mode=NONE win=8 obs=66 | cap=wip act=(320,360) d=2.61 a=1 | sp=frontier:active d=2.6 age=7 dtg=3.57 region=0_12
ep=779 s=66 8312ms [sel=3 cap=8193 rest=115] sg=3->3 mode=NONE win=8 obs=67 | cap=wip act=(320,360) d=2.37 a=1 | sp=frontier:active d=2.4 age=8 dtg=3.43 region=0_12
ep=779 s=67 7664ms [sel=3 cap=7543 rest=118] sg=3->3 mode=NONE win=8 obs=68 | cap=wip act=(320,360) d=2.13 a=3 | sp=frontier:active d=2.1 age=9 dtg=3.43 region=0_12
ep=779 s=68 9860ms [sel=3 cap=9742 rest=115] sg=3->3 mode=NONE win=8 obs=69 | cap=wip act=(320,360) d=2.13 a=1 | sp=frontier:active d=2.1 age=10 dtg=3.26 region=None
ep=779 s=69 14274ms [sel=3 cap=14148 rest=122] sg=3->3 mode=NONE win=8 obs=70 | cap=wip act=(320,360) d=1.89 a=1 | sp=frontier:active d=1.9 age=11 dtg=3.10 region=0_3
ep=779 s=70 8117ms [sel=3 cap=7991 rest=123] sg=3->3 mode=NONE win=8 obs=71 | cap=wip act=(320,360) d=1.64 a=1 | sp=frontier:active d=1.6 age=12 dtg=2.96 region=0_3
ep=779 s=71 12320ms [sel=4 cap=12187 rest=130] sg=3->3 mode=NONE win=8 obs=72 | cap=wip act=(320,360) d=1.39 a=1 | sp=frontier:active d=1.4 age=13 dtg=2.84 region=0_3
ep=779 s=72 10582ms [sel=52 cap=10408 rest=123] sg=3->3 mode=NONE win=8 obs=73 | cap=wip act=(320,360) d=3.08 a=1 | sp=frontier:active d=3.1 age=0 dtg=2.74 region=0_3
ep=779 s=73 14549ms [sel=8 cap=14417 rest=123] sg=3->3 mode=NONE win=8 obs=74 | cap=wip act=(320,360) d=2.86 a=1 | sp=frontier:active d=2.9 age=1 dtg=2.67 region=0_3
ep=779 s=74 9944ms [sel=13 cap=9811 rest=120] sg=3->3 mode=NONE win=8 obs=75 | cap=wip act=(320,360) d=2.65 a=2 | sp=frontier:active d=2.6 age=2 dtg=2.67 region=0_3
ep=779 s=75 16405ms [sel=0 cap=16283 rest=122] sg=3->4 mode=NONE win=8 obs=76 | cap=DONE act=TURN request=+45deg execute=+15deg x1 a=3 | sp=frontier:active d=2.6 age=3 door_evts=1 dtg=2.67 region=0_3
ep=779 s=76 10049ms [sel=0 cap=9927 rest=122] sg=4->4 mode=NONE win=8 obs=77 | cap=wip act=TURN request=+45deg execute=+15deg x1 a=3 | sp=- door_evts=1 dtg=2.67 region=0_3
ep=779 s=77 9236ms [sel=0 cap=9116 rest=119] sg=4->4 mode=NONE win=8 obs=78 | cap=wip act=TURN request=+45deg execute=+15deg x1 a=3 | sp=- door_evts=1 dtg=2.67 region=0_3
ep=779 s=78 9702ms [sel=0 cap=9593 rest=109] sg=4->4 mode=NONE win=8 obs=79 | cap=wip act=TURN request=+45deg execute=+15deg x1 a=3 | sp=- door_evts=1 dtg=2.67 region=0_3
ep=779 s=79 12964ms [sel=53 cap=12771 rest=140] sg=4->4 mode=NONE win=8 obs=80 | cap=wip act=(320,360) d=3.36 a=1 | sp=frontier:active d=3.4 age=0 dtg=2.46 region=0_3
ep=779 s=80 8976ms [sel=3 cap=8859 rest=114] sg=4->4 mode=NONE win=8 obs=81 | cap=wip act=(320,360) d=3.12 a=1 | sp=frontier:active d=3.1 age=1 dtg=2.26 region=0_3
ep=779 s=81 17209ms [sel=3 cap=17092 rest=114] sg=4->4 mode=NONE win=8 obs=82 | cap=wip act=(320,360) d=2.90 a=1 | sp=frontier:active d=2.9 age=2 dtg=2.08 region=0_3
ep=779 s=82 8706ms [sel=3 cap=8569 rest=134] sg=4->4 mode=NONE win=8 obs=83 | cap=wip act=(320,360) d=2.67 a=1 | sp=frontier:active d=2.7 age=3 dtg=1.91 region=0_3
ep=779 s=83 16576ms [sel=3 cap=16464 rest=109] sg=4->4 mode=NONE win=8 obs=84 | cap=wip act=(320,360) d=2.45 a=2 | sp=frontier:active d=2.4 age=4 dtg=1.91 region=0_3
ep=779 s=84 9399ms [sel=3 cap=9286 rest=110] sg=4->4 mode=NONE win=8 obs=85 | cap=wip act=(320,360) d=2.45 a=1 | sp=frontier:active d=2.4 age=5 dtg=1.83 region=0_3
ep=779 s=85 12948ms [sel=3 cap=12834 rest=111] sg=4->4 mode=NONE win=8 obs=86 | cap=wip act=(320,360) d=2.21 a=1 | sp=frontier:active d=2.2 age=6 dtg=1.77 region=0_3
ep=779 s=86 10882ms [sel=3 cap=10765 rest=114] sg=4->4 mode=NONE win=8 obs=87 | cap=wip act=(320,360) d=1.97 a=1 | sp=frontier:active d=2.0 age=7 dtg=1.75 region=0_3
ep=779 s=87 10336ms [sel=58 cap=10164 rest=115] sg=4->5 mode=NONE win=8 obs=88 | cap=DONE act=(320,360) d=4.77 a=1 | sp=frontier:active d=4.8 age=0 dtg=1.77 region=0_3
ep=779 s=88 8603ms [sel=3 cap=8486 rest=114] sg=5->5 mode=NONE win=8 obs=89 | cap=wip act=(320,360) d=4.53 a=1 | sp=frontier:active d=4.5 age=1 dtg=1.82 region=0_3
ep=779 s=89 15692ms [sel=6 cap=15137 rest=511] sg=5->None mode=NONE win=8 obs=90 | cap=DONE act=(320,360) d=1.00 a=1 | preview=view-/6 yaw=+0 render=37ms | sp=frontier:active d=4.3 age=2 door_evts=1 dtg=1.90 region=0_3
ep=779 s=90 114ms [sel=5 cap=0 rest=109] sg=None->None mode=NONE win=8 obs=91 | cap=- act=(320,360) d=1.00 a=1 | sp=frontier:active d=4.0 age=3 door_evts=1 dtg=2.01 region=0_3
ep=779 s=91 112ms [sel=5 cap=0 rest=107] sg=None->None mode=NONE win=8 obs=92 | cap=- act=(320,360) d=1.00 a=1 | sp=frontier:active d=3.8 age=4 door_evts=1 dtg=2.14 region=0_3
ep=779 s=92 112ms [sel=0 cap=0 rest=112] sg=None->None mode=NONE win=8 obs=93 | cap=- act=STOP | sp=frontier:active d=3.5 age=5 door_evts=1 dtg=2.14 region=0_3
rank=1 [9/17] id=779 steps=93 success=1.000 spl=0.857 dtg=2.14 osr=1 path_length=14.50 ndtw=0.739 sdtw=0.739
PluginManager::Manager: duplicate static plugin StbImageImporter, ignoring
PluginManager::Manager: duplicate static plugin GltfImporter, ignoring
PluginManager::Manager: duplicate static plugin BasisImporter, ignoring
PluginManager::Manager: duplicate static plugin AssimpImporter, ignoring
PluginManager::Manager: duplicate static plugin AnySceneImporter, ignoring
PluginManager::Manager: duplicate static plugin AnyImageImporter, ignoring
episode=1117 instruction="So just walk along beside the pool and head toward the bar that's straight in front of you." start_position=[-0.944907009601593, 0.04610800743103027, 5.948919773101807] goal_position=[0.8089100122451782, 0.04610800743103027, -2.4403700828552246] reference_geodesic=8.570651054382324
episode=1117 prepared_subgoals=3
  [1] Walk along beside the pool
      proof: The pool is directly beside the camera, within a step.
  [2] Head toward the bar straight ahead
      proof: The bar is directly ahead of the camera, within a step.
  [3] Stop beside the bar
      proof: The camera is beside the bar, and the bar is central in the view
ep=1117 s=0 12882ms [sel=18 cap=12322 rest=506] sg=1->1 mode=NONE win=1 obs=1 | cap=wip act=(160,180) d=3.34 a=1 | preview=view2/6 yaw=+0 render=36ms | sp=preview:active d=3.3 age=0 dtg=8.33 region=0_9
ep=1117 s=1 6544ms [sel=3 cap=6425 rest=116] sg=1->1 mode=NONE win=2 obs=2 | cap=wip act=(320,360) d=3.09 a=1 | sp=preview:active d=3.1 age=1 dtg=8.08 region=0_9
ep=1117 s=2 8079ms [sel=3 cap=7956 rest=120] sg=1->1 mode=NONE win=3 obs=3 | cap=wip act=(320,360) d=2.85 a=3 | sp=preview:active d=2.9 age=2 dtg=8.08 region=0_9
ep=1117 s=3 9679ms [sel=3 cap=9566 rest=110] sg=1->1 mode=GET_NOWHERE win=4 obs=4 | cap=wip/GET_NOWHERE act=(320,360) d=2.85 a=1 | sp=preview:active d=2.9 age=3 dtg=7.83 region=0_9
ep=1117 s=4 7326ms [sel=3 cap=7209 rest=114] sg=1->1 mode=NONE win=5 obs=5 | cap=wip act=(320,360) d=2.60 a=1 | sp=preview:active d=2.6 age=4 dtg=7.58 region=0_9
ep=1117 s=5 19511ms [sel=3 cap=19399 rest=109] sg=1->1 mode=NONE win=6 obs=6 | cap=wip act=(320,360) d=2.35 a=1 | sp=preview:active d=2.4 age=5 dtg=7.33 region=0_9
ep=1117 s=6 7768ms [sel=3 cap=7639 rest=126] sg=1->1 mode=NONE win=7 obs=7 | cap=wip act=(320,360) d=2.10 a=1 | sp=preview:active d=2.1 age=6 dtg=7.08 region=0_9
ep=1117 s=7 13409ms [sel=3 cap=13294 rest=112] sg=1->1 mode=NONE win=8 obs=8 | cap=wip act=(320,360) d=1.85 a=2 | sp=preview:active d=1.9 age=7 dtg=7.08 region=0_9
ep=1117 s=8 8711ms [sel=3 cap=8593 rest=115] sg=1->1 mode=NONE win=8 obs=9 | cap=wip act=(320,360) d=1.85 a=1 | sp=preview:active d=1.9 age=8 dtg=6.84 region=0_9
ep=1117 s=9 9823ms [sel=3 cap=9706 rest=114] sg=1->1 mode=NONE win=8 obs=10 | cap=wip act=(320,360) d=1.61 a=1 | sp=preview:active d=1.6 age=9 dtg=6.60 region=0_9
ep=1117 s=10 10084ms [sel=3 cap=9966 rest=114] sg=1->1 mode=NONE win=8 obs=11 | cap=wip act=(320,360) d=1.37 a=3 | sp=preview:active d=1.4 age=10 dtg=6.60 region=0_9
ep=1117 s=11 5343ms [sel=3 cap=5226 rest=113] sg=1->1 mode=NONE win=8 obs=12 | cap=wip act=(320,360) d=1.37 a=1 | sp=preview:active d=1.4 age=11 dtg=6.35 region=0_9
ep=1117 s=12 10677ms [sel=54 cap=10508 rest=115] sg=1->2 mode=NONE win=8 obs=13 | cap=DONE act=(320,360) d=4.46 a=3 | sp=frontier:active d=4.5 age=0 dtg=6.35 region=0_9
ep=1117 s=13 7694ms [sel=3 cap=7578 rest=113] sg=2->2 mode=NONE win=8 obs=14 | cap=wip act=(320,360) d=4.46 a=1 | sp=frontier:active d=4.5 age=1 dtg=6.11 region=0_12
ep=1117 s=14 6987ms [sel=3 cap=6869 rest=115] sg=2->2 mode=NONE win=8 obs=15 | cap=wip act=(320,360) d=4.22 a=1 | sp=frontier:active d=4.2 age=2 dtg=5.87 region=0_12
ep=1117 s=15 7546ms [sel=3 cap=7425 rest=117] sg=2->2 mode=NONE win=8 obs=16 | cap=wip act=(320,360) d=3.99 a=2 | sp=frontier:active d=4.0 age=3 dtg=5.87 region=0_12
ep=1117 s=16 5437ms [sel=3 cap=5319 rest=115] sg=2->2 mode=NONE win=8 obs=17 | cap=wip act=(320,360) d=3.99 a=1 | sp=frontier:active d=4.0 age=4 dtg=5.62 region=0_12
ep=1117 s=17 4146ms [sel=3 cap=4031 rest=112] sg=2->2 mode=NONE win=8 obs=18 | cap=wip act=(320,360) d=3.74 a=1 | sp=frontier:active d=3.7 age=5 dtg=5.37 region=0_12
ep=1117 s=18 6944ms [sel=3 cap=6826 rest=115] sg=2->2 mode=NONE win=8 obs=19 | cap=wip act=(320,360) d=3.49 a=2 | sp=frontier:active d=3.5 age=6 dtg=5.37 region=0_12
ep=1117 s=19 8249ms [sel=4 cap=8126 rest=119] sg=2->2 mode=NONE win=8 obs=20 | cap=wip act=(320,360) d=3.49 a=1 | sp=frontier:active d=3.5 age=7 dtg=5.12 region=0_12
ep=1117 s=20 11083ms [sel=43 cap=10911 rest=129] sg=2->3 mode=NONE win=8 obs=21 | cap=DONE act=(320,360) d=4.74 a=3 | sp=frontier:active d=4.7 age=0 dtg=5.12 region=0_12
ep=1117 s=21 8895ms [sel=4 cap=8777 rest=114] sg=3->3 mode=NONE win=8 obs=22 | cap=wip act=(320,360) d=4.74 a=1 | sp=frontier:active d=4.7 age=1 dtg=4.88 region=0_12
ep=1117 s=22 16613ms [sel=5 cap=16024 rest=549] sg=3->None mode=NONE win=8 obs=23 | cap=DONE act=(320,360) d=1.00 a=1 | preview=view-/6 yaw=+0 render=35ms | sp=frontier:active d=4.5 age=2 door_evts=1 dtg=4.63 region=0_12
ep=1117 s=23 121ms [sel=4 cap=0 rest=117] sg=None->None mode=NONE win=8 obs=24 | cap=- act=(320,360) d=1.00 a=1 | sp=frontier:active d=4.2 age=3 door_evts=1 dtg=4.38 region=0_12
ep=1117 s=24 117ms [sel=5 cap=0 rest=113] sg=None->None mode=NONE win=8 obs=25 | cap=- act=(320,360) d=1.00 a=1 | sp=frontier:active d=4.0 age=4 door_evts=1 dtg=4.13 region=0_12
ep=1117 s=25 111ms [sel=0 cap=0 rest=111] sg=None->None mode=NONE win=8 obs=26 | cap=- act=STOP | sp=frontier:active d=3.7 age=5 door_evts=1 dtg=4.13 region=0_12
rank=1 [10/17] id=1117 steps=26 success=0.000 spl=0.000 dtg=4.13 osr=0 path_length=4.50 ndtw=0.736 sdtw=0.000
PluginManager::Manager: duplicate static plugin StbImageImporter, ignoring
PluginManager::Manager: duplicate static plugin GltfImporter, ignoring
PluginManager::Manager: duplicate static plugin BasisImporter, ignoring
PluginManager::Manager: duplicate static plugin AssimpImporter, ignoring
PluginManager::Manager: duplicate static plugin AnySceneImporter, ignoring
PluginManager::Manager: duplicate static plugin AnyImageImporter, ignoring
episode=1197 instruction="So head on out of the bedroom and make your way down the hallway, and you'll go past a little living area that's on the right. Then go through the door and you'll be in the next bedroom." start_position=[7.401979923248291, 0.17162801325321198, -7.317160129547119] goal_position=[0.2081959992647171, 0.17162801325321198, -3.8352599143981934] reference_geodesic=9.805902481079102
episode=1197 prepared_subgoals=4
  [1] Exit the bedroom
      proof: The camera has crossed the bedroom threshold and the hallway is central in the view.
  [2] Walk down the hallway
      proof: The camera has passed the hallway: it is behind or below the camera and the space beyond it fills the view; the camera has not yet turned right.
  [3] Turn right at the hallway end, then walk past the living area
      proof: The living area is behind and to the left, and the next doorway is ahead and central.
  [4] Enter the next bedroom
      proof: The camera has crossed the threshold and the next bedroom is central in the view
ep=1197 s=0 15137ms [sel=28 cap=14666 rest=406] sg=1->1 mode=NONE win=1 obs=1 | cap=wip act=(320,360) d=1.16 a=3 | preview=view-/6 yaw=+0 render=37ms | sp=frontier:active d=1.2 age=0 dtg=9.81 region=0_5
ep=1197 s=1 12280ms [sel=6 cap=12155 rest=120] sg=1->1 mode=NONE win=2 obs=2 | cap=wip act=(320,360) d=1.16 a=3 | sp=frontier:active d=1.2 age=1 dtg=9.81 region=0_5
ep=1197 s=2 15295ms [sel=6 cap=15175 rest=114] sg=1->1 mode=NONE win=3 obs=3 | cap=wip act=(320,360) d=1.16 a=3 | sp=frontier:active d=1.2 age=2 dtg=9.81 region=0_5
ep=1197 s=3 9537ms [sel=6 cap=9422 rest=109] sg=1->1 mode=NONE win=4 obs=4 | cap=wip act=(320,360) d=1.16 a=3 | sp=frontier:active d=1.2 age=3 dtg=9.81 region=0_5
ep=1197 s=4 5588ms [sel=4 cap=5474 rest=111] sg=1->1 mode=NONE win=5 obs=5 | cap=wip act=(320,360) d=1.16 a=3 | sp=frontier:active d=1.2 age=4 dtg=9.81 region=0_5
ep=1197 s=5 8812ms [sel=3 cap=8703 rest=106] sg=1->1 mode=NONE win=6 obs=6 | cap=wip act=(320,360) d=1.16 a=3 | sp=frontier:active d=1.2 age=5 dtg=9.81 region=0_5
ep=1197 s=6 6226ms [sel=5 cap=6122 rest=98] sg=1->1 mode=NONE win=7 obs=7 | cap=wip act=(320,360) d=1.16 a=1 | sp=frontier:active d=1.2 age=6 dtg=9.83 region=0_5
ep=1197 s=7 11591ms [sel=3 cap=11493 rest=96] sg=1->1 mode=NONE win=8 obs=8 | cap=wip act=(320,360) d=0.91 a=2 | sp=frontier:active d=0.9 age=7 dtg=9.83 region=0_5
ep=1197 s=8 9996ms [sel=3 cap=9890 rest=104] sg=1->1 mode=NONE win=8 obs=9 | cap=wip act=(320,360) d=0.91 a=1 | sp=frontier:active d=0.9 age=8 dtg=9.93 region=0_5
ep=1197 s=9 8159ms [sel=3 cap=8054 rest=102] sg=1->1 mode=NONE win=8 obs=10 | cap=wip act=(320,360) d=0.66 a=1 | sp=frontier:active d=0.7 age=9 dtg=10.10 region=0_5
ep=1197 s=10 11164ms [sel=34 cap=11027 rest=102] sg=1->1 mode=NONE win=8 obs=11 | cap=wip act=(320,360) d=3.00 a=3 | sp=frontier:active d=3.0 age=0 dtg=10.10 region=0_5
ep=1197 s=11 9696ms [sel=8 cap=9598 rest=90] sg=1->1 mode=NONE win=8 obs=12 | cap=wip act=(320,360) d=3.00 a=3 | sp=frontier:active d=3.0 age=1 dtg=10.10 region=0_5
ep=1197 s=12 9924ms [sel=8 cap=9801 rest=115] sg=1->1 mode=NONE win=8 obs=13 | cap=wip act=(320,360) d=3.00 a=3 | sp=frontier:active d=3.0 age=2 dtg=10.10 region=0_5
ep=1197 s=13 11434ms [sel=8 cap=11329 rest=97] sg=1->1 mode=NONE win=8 obs=14 | cap=wip act=(320,360) d=3.00 a=3 | sp=frontier:active d=3.0 age=3 dtg=10.10 region=0_5
ep=1197 s=14 10624ms [sel=8 cap=10144 rest=437] sg=1->1 mode=NONE win=8 obs=15 | cap=wip act=(320,360) d=3.00 a=3 | preview=view-/6 yaw=+0 render=36ms | sp=frontier:active d=3.0 age=4 dtg=10.10 region=0_5
ep=1197 s=15 10259ms [sel=8 cap=10149 rest=102] sg=1->1 mode=NONE win=8 obs=16 | cap=wip act=(320,360) d=3.00 a=3 | sp=frontier:active d=3.0 age=5 dtg=10.10 region=0_5
ep=1197 s=16 10168ms [sel=8 cap=10064 rest=96] sg=1->1 mode=NONE win=8 obs=17 | cap=wip act=(320,360) d=3.00 a=3 | sp=frontier:active d=3.0 age=6 dtg=10.10 region=0_5
ep=1197 s=17 13682ms [sel=8 cap=13185 rest=454] sg=1->1 mode=NONE win=8 obs=18 | cap=wip act=(320,360) d=3.00 a=3 | preview=view-/6 yaw=+0 render=36ms | sp=frontier:active d=3.0 age=7 dtg=10.10 region=0_5
ep=1197 s=18 9828ms [sel=7 cap=9726 rest=95] sg=1->1 mode=NONE win=8 obs=19 | cap=wip act=(320,360) d=3.00 a=3 | sp=frontier:active d=3.0 age=8 dtg=10.10 region=0_5
ep=1197 s=19 9495ms [sel=3 cap=9395 rest=97] sg=1->1 mode=NONE win=8 obs=20 | cap=wip act=(320,360) d=3.00 a=3 | sp=frontier:active d=3.0 age=9 dtg=10.10 region=0_5
ep=1197 s=20 13921ms [sel=3 cap=13822 rest=97] sg=1->1 mode=NONE win=8 obs=21 | cap=wip act=(320,360) d=3.00 a=1 | sp=frontier:active d=3.0 age=10 dtg=9.85 region=0_5
ep=1197 s=21 7681ms [sel=4 cap=7581 rest=96] sg=1->1 mode=NONE win=8 obs=22 | cap=wip act=(320,360) d=2.81 a=1 | sp=frontier:active d=2.8 age=11 dtg=9.63 region=0_5
ep=1197 s=22 8012ms [sel=6 cap=7909 rest=97] sg=1->1 mode=NONE win=8 obs=23 | cap=wip act=(320,360) d=2.63 a=2 | sp=frontier:active d=2.6 age=12 dtg=9.63 region=0_5
ep=1197 s=23 11347ms [sel=4 cap=11250 rest=94] sg=1->1 mode=NONE win=8 obs=24 | cap=wip act=(320,360) d=2.63 a=1 | sp=frontier:active d=2.6 age=13 dtg=9.39 region=0_5
ep=1197 s=24 8133ms [sel=4 cap=8033 rest=96] sg=1->1 mode=NONE win=8 obs=25 | cap=wip act=(320,360) d=2.41 a=2 | sp=frontier:active d=2.4 age=14 dtg=9.39 region=0_5
ep=1197 s=25 9356ms [sel=4 cap=9238 rest=113] sg=1->1 mode=NONE win=8 obs=26 | cap=wip act=(320,360) d=2.41 a=1 | sp=frontier:active d=2.4 age=15 dtg=9.14 region=0_5
ep=1197 s=26 5490ms [sel=3 cap=5395 rest=92] sg=1->1 mode=NONE win=8 obs=27 | cap=wip act=(320,360) d=2.17 a=1 | sp=frontier:active d=2.2 age=16 dtg=8.89 region=0_5
ep=1197 s=27 11036ms [sel=3 cap=10954 rest=79] sg=1->1 mode=NONE win=8 obs=28 | cap=wip act=(320,360) d=1.94 a=2 | sp=frontier:active d=1.9 age=17 dtg=8.89 region=0_5
ep=1197 s=28 21283ms [sel=12432 cap=8768 rest=83] sg=1->2 mode=NONE win=8 obs=29 | cap=DONE act=(320,360) d=2.13 a=1 | sp=som:active d=2.1 age=0 som=4/6 dtg=8.65 region=0_5
ep=1197 s=29 9922ms [sel=3 cap=9837 rest=83] sg=2->2 mode=NONE win=8 obs=30 | cap=wip act=(320,360) d=1.88 a=1 | sp=som:active d=1.9 age=1 dtg=8.40 region=0_5
ep=1197 s=30 12238ms [sel=3 cap=12152 rest=84] sg=2->2 mode=NONE win=8 obs=31 | cap=wip act=(320,360) d=1.63 a=1 | sp=som:active d=1.6 age=2 dtg=8.15 region=0_5
ep=1197 s=31 11737ms [sel=3 cap=11648 rest=86] sg=2->2 mode=NONE win=8 obs=32 | cap=wip act=(320,360) d=1.38 a=1 | sp=som:active d=1.4 age=3 dtg=7.91 region=0_5
ep=1197 s=32 12229ms [sel=3 cap=12143 rest=82] sg=2->2 mode=NONE win=8 obs=33 | cap=wip act=(320,360) d=1.13 a=1 | sp=som:active d=1.1 age=4 dtg=7.68 region=0_5
ep=1197 s=33 10710ms [sel=3 cap=10629 rest=78] sg=2->2 mode=NONE win=8 obs=34 | cap=wip act=(320,360) d=0.88 a=1 | sp=som:active d=0.9 age=5 dtg=7.48 region=0_5
ep=1197 s=34 9107ms [sel=3 cap=9033 rest=72] sg=2->2 mode=NONE win=8 obs=35 | cap=wip act=(320,360) d=0.63 a=1 | sp=som:active d=0.6 age=6 dtg=7.36 region=0_5
ep=1197 s=35 18003ms [sel=8837 cap=9094 rest=72] sg=2->2 mode=NONE win=8 obs=36 | cap=wip act=(320,360) d=0.64 a=3 | sp=som:active d=0.6 age=0 som=1/4 dtg=7.36 region=0_5
ep=1197 s=36 14774ms [sel=4 cap=14694 rest=77] sg=2->2 mode=NONE win=8 obs=37 | cap=wip act=(320,360) d=0.64 a=3 | sp=som:active d=0.6 age=1 dtg=7.36 region=0_5
ep=1197 s=37 6047ms [sel=3 cap=5947 rest=97] sg=2->2 mode=NONE win=8 obs=38 | cap=wip act=(320,360) d=0.64 a=3 | sp=som:active d=0.6 age=2 dtg=7.36 region=0_5
ep=1197 s=38 10927ms [sel=3 cap=10819 rest=105] sg=2->2 mode=NONE win=8 obs=39 | cap=wip act=(320,360) d=0.64 a=1 | sp=som:active d=0.6 age=3 dtg=7.17 region=0_5
ep=1197 s=39 17992ms [sel=8739 cap=9149 rest=104] sg=2->2 mode=NONE win=8 obs=40 | cap=wip act=(320,360) d=3.50 a=3 | sp=frontier:active d=3.5 age=0 som=1/7 dtg=7.17 region=0_5
ep=1197 s=40 7639ms [sel=9 cap=7544 rest=86] sg=2->2 mode=NONE win=8 obs=41 | cap=wip act=(320,360) d=3.50 a=1 | sp=frontier:active d=3.5 age=1 dtg=6.94 region=0_5
ep=1197 s=41 11696ms [sel=10 cap=11603 rest=84] sg=2->2 mode=NONE win=8 obs=42 | cap=wip act=(320,360) d=3.30 a=1 | sp=frontier:active d=3.3 age=2 dtg=6.72 region=0_5
ep=1197 s=42 7386ms [sel=10 cap=7290 rest=86] sg=2->2 mode=NONE win=8 obs=43 | cap=wip act=(320,360) d=3.10 a=3 | sp=frontier:active d=3.1 age=3 dtg=6.72 region=0_5
ep=1197 s=43 15450ms [sel=9 cap=15348 rest=93] sg=2->2 mode=NONE win=8 obs=44 | cap=wip act=(320,360) d=3.10 a=1 | sp=frontier:active d=3.1 age=4 dtg=6.48 region=0_5
ep=1197 s=44 9402ms [sel=6 cap=9274 rest=122] sg=2->2 mode=NONE win=8 obs=45 | cap=wip act=(320,360) d=2.87 a=3 | sp=frontier:active d=2.9 age=5 dtg=6.48 region=0_5
ep=1197 s=45 20134ms [sel=6 cap=20022 rest=107] sg=2->2 mode=NONE win=8 obs=46 | cap=wip act=(320,360) d=2.87 a=1 | sp=frontier:active d=2.9 age=6 dtg=6.23 region=0_18
ep=1197 s=46 8902ms [sel=3 cap=8808 rest=91] sg=2->2 mode=NONE win=8 obs=47 | cap=wip act=(320,360) d=2.62 a=1 | sp=frontier:active d=2.6 age=7 dtg=5.98 region=0_18
ep=1197 s=47 10440ms [sel=3 cap=10350 rest=87] sg=2->2 mode=NONE win=8 obs=48 | cap=wip act=(320,360) d=2.38 a=1 | sp=frontier:active d=2.4 age=8 dtg=5.73 region=0_18
ep=1197 s=48 9070ms [sel=3 cap=8983 rest=84] sg=2->2 mode=NONE win=8 obs=49 | cap=wip act=(320,360) d=2.14 a=1 | sp=frontier:active d=2.1 age=9 dtg=5.48 region=0_18
ep=1197 s=49 5893ms [sel=3 cap=5810 rest=80] sg=2->2 mode=NONE win=8 obs=50 | cap=wip act=(320,360) d=1.90 a=1 | sp=frontier:active d=1.9 age=10 dtg=5.23 region=0_18
ep=1197 s=50 14541ms [sel=3 cap=14452 rest=86] sg=2->2 mode=NONE win=8 obs=51 | cap=wip act=(320,360) d=1.66 a=1 | sp=frontier:active d=1.7 age=11 dtg=4.98 region=0_18
ep=1197 s=51 15009ms [sel=8 cap=14539 rest=427] sg=2->2 mode=NONE win=8 obs=52 | cap=wip act=(160,180) d=1.42 a=1 | preview=view3/6 yaw=+0 render=35ms | sp=frontier:active d=1.4 age=12 dtg=4.73 region=0_18
ep=1197 s=52 6811ms [sel=3 cap=6718 rest=90] sg=2->2 mode=NONE win=8 obs=53 | cap=wip act=(320,360) d=1.19 a=3 | sp=frontier:active d=1.2 age=13 dtg=4.73 region=0_18
ep=1197 s=53 10235ms [sel=41 cap=10100 rest=95] sg=2->2 mode=NONE win=8 obs=54 | cap=wip act=(320,360) d=2.66 a=1 | sp=frontier:active d=2.7 age=0 dtg=4.49 region=0_18
ep=1197 s=54 8653ms [sel=10 cap=8154 rest=453] sg=2->2 mode=NONE win=8 obs=55 | cap=wip act=(320,360) d=2.48 a=3 | preview=view-/6 yaw=+0 render=36ms | sp=frontier:active d=2.5 age=1 dtg=4.49 region=0_18
ep=1197 s=55 6823ms [sel=4 cap=6715 rest=104] sg=2->2 mode=NONE win=8 obs=56 | cap=wip act=(320,360) d=2.48 a=1 | sp=frontier:active d=2.5 age=2 dtg=4.29 region=0_18
ep=1197 s=56 10567ms [sel=0 cap=10464 rest=103] sg=2->3 mode=NONE win=8 obs=57 | cap=DONE act=TURN request=+45deg execute=+15deg x1 a=3 | sp=frontier:active d=2.3 age=3 door_evts=1 dtg=4.29 region=0_18
ep=1197 s=57 4306ms [sel=0 cap=4198 rest=109] sg=3->3 mode=NONE win=8 obs=58 | cap=wip act=TURN request=+45deg execute=+15deg x1 a=3 | sp=- door_evts=1 dtg=4.29 region=0_18
ep=1197 s=58 6633ms [sel=0 cap=6523 rest=110] sg=3->3 mode=NONE win=8 obs=59 | cap=wip act=TURN request=+45deg execute=+15deg x1 a=3 | sp=- door_evts=1 dtg=4.29 region=0_18
ep=1197 s=59 4683ms [sel=0 cap=4580 rest=103] sg=3->3 mode=NONE win=8 obs=60 | cap=wip act=TURN request=+45deg execute=+15deg x1 a=3 | sp=- door_evts=1 dtg=4.29 region=0_18
ep=1197 s=60 25603ms [sel=17546 cap=7965 rest=92] sg=3->3 mode=NONE win=8 obs=61 | cap=wip act=(320,360) d=2.77 a=2 | sp=som:active d=2.8 age=0 som=5/8 dtg=4.29 region=0_18
ep=1197 s=61 11234ms [sel=4 cap=11129 rest=102] sg=3->3 mode=NONE win=8 obs=62 | cap=wip act=(320,360) d=2.77 a=2 | sp=som:active d=2.8 age=1 dtg=4.29 region=0_18
ep=1197 s=62 12273ms [sel=4 cap=12162 rest=108] sg=3->3 mode=NONE win=8 obs=63 | cap=wip act=(320,360) d=2.77 a=1 | sp=som:active d=2.8 age=2 dtg=4.20 region=0_18
ep=1197 s=63 8738ms [sel=4 cap=8621 rest=114] sg=3->3 mode=NONE win=8 obs=64 | cap=wip act=(320,360) d=2.70 a=2 | sp=som:active d=2.7 age=3 dtg=4.20 region=0_18
ep=1197 s=64 7092ms [sel=4 cap=6975 rest=113] sg=3->3 mode=NONE win=8 obs=65 | cap=wip act=(320,360) d=2.70 a=1 | sp=som:active d=2.7 age=4 dtg=4.07 region=0_18
ep=1197 s=65 9449ms [sel=14 cap=9326 rest=109] sg=3->3 mode=NONE win=8 obs=66 | cap=wip act=(320,360) d=2.73 a=1 | sp=som:active d=2.7 age=5 dtg=3.95 region=0_16
ep=1197 s=66 6576ms [sel=8 cap=6461 rest=107] sg=3->3 mode=NONE win=8 obs=67 | cap=wip act=(320,360) d=2.78 a=3 | sp=som:active d=2.8 age=6 dtg=3.95 region=0_16
ep=1197 s=67 7167ms [sel=11 cap=7046 rest=110] sg=3->3 mode=NONE win=8 obs=68 | cap=wip act=(320,360) d=2.78 a=1 | sp=som:active d=2.8 age=7 dtg=3.91 region=0_16
ep=1197 s=68 6292ms [sel=6 cap=6169 rest=117] sg=3->3 mode=NONE win=8 obs=69 | cap=wip act=(320,360) d=2.78 a=3 | sp=som:active d=2.8 age=8 dtg=3.91 region=0_16
ep=1197 s=69 5482ms [sel=33 cap=5331 rest=118] sg=3->3 mode=NONE win=8 obs=70 | cap=wip act=(320,360) d=2.78 a=3 | sp=som:active d=2.8 age=9 dtg=3.91 region=0_16
ep=1197 s=70 7698ms [sel=56 cap=7522 rest=119] sg=3->3 mode=NONE win=8 obs=71 | cap=wip act=(320,360) d=2.78 a=3 | sp=som:active d=2.8 age=10 dtg=3.91 region=0_16
ep=1197 s=71 11521ms [sel=33 cap=11359 rest=128] sg=3->3 mode=NONE win=8 obs=72 | cap=wip act=(320,360) d=2.78 a=3 | sp=som:active d=2.8 age=11 dtg=3.91 region=0_16
ep=1197 s=72 7943ms [sel=33 cap=7788 rest=122] sg=3->3 mode=NONE win=8 obs=73 | cap=wip act=(320,360) d=2.78 a=3 | sp=som:active d=2.8 age=12 dtg=3.91 region=0_16
ep=1197 s=73 12119ms [sel=34 cap=11961 rest=125] sg=3->3 mode=NONE win=8 obs=74 | cap=wip act=(320,360) d=2.78 a=3 | sp=som:active d=2.8 age=13 dtg=3.91 region=0_16
ep=1197 s=74 8038ms [sel=33 cap=7885 rest=120] sg=3->3 mode=NONE win=8 obs=75 | cap=wip act=(320,360) d=2.78 a=3 | sp=som:active d=2.8 age=14 dtg=3.91 region=0_16
ep=1197 s=75 10530ms [sel=28 cap=10391 rest=111] sg=3->3 mode=NONE win=8 obs=76 | cap=wip act=(320,360) d=2.78 a=3 | sp=som:active d=2.8 age=15 dtg=3.91 region=0_16
ep=1197 s=76 11008ms [sel=23 cap=10883 rest=102] sg=3->3 mode=NONE win=8 obs=77 | cap=wip act=(320,360) d=2.78 a=3 | sp=som:active d=2.8 age=16 dtg=3.91 region=0_16
ep=1197 s=77 14676ms [sel=24 cap=14556 rest=96] sg=3->3 mode=NONE win=8 obs=78 | cap=wip act=(320,360) d=2.78 a=3 | sp=som:active d=2.8 age=17 dtg=3.91 region=0_16
ep=1197 s=78 14647ms [sel=26 cap=14528 rest=94] sg=3->3 mode=NONE win=8 obs=79 | cap=wip act=(320,360) d=2.78 a=3 | sp=som:active d=2.8 age=18 dtg=3.91 region=0_16
ep=1197 s=79 11682ms [sel=28 cap=11568 rest=86] sg=3->3 mode=NONE win=8 obs=80 | cap=wip act=(320,360) d=2.78 a=1 | sp=som:active d=2.8 age=19 dtg=4.01 region=0_16
ep=1197 s=80 10863ms [sel=56 cap=10725 rest=82] sg=3->3 mode=NONE win=8 obs=81 | cap=wip act=(320,360) d=2.52 a=3 | sp=frontier:active d=2.5 age=0 dtg=4.01 region=0_16
ep=1197 s=81 6686ms [sel=3 cap=6596 rest=87] sg=3->3 mode=NONE win=8 obs=82 | cap=wip act=(320,360) d=2.52 a=3 | sp=frontier:active d=2.5 age=1 dtg=4.01 region=0_16
ep=1197 s=82 7397ms [sel=3 cap=7310 rest=84] sg=3->3 mode=NONE win=8 obs=83 | cap=wip act=(320,360) d=2.52 a=1 | sp=frontier:active d=2.5 age=2 dtg=4.00 region=0_18
ep=1197 s=83 12911ms [sel=3 cap=12824 rest=84] sg=3->3 mode=NONE win=8 obs=84 | cap=wip act=(320,360) d=2.27 a=3 | sp=frontier:active d=2.3 age=3 dtg=4.00 region=0_18
ep=1197 s=84 8496ms [sel=3 cap=8414 rest=79] sg=3->3 mode=NONE win=8 obs=85 | cap=wip act=(320,360) d=2.27 a=1 | sp=frontier:active d=2.3 age=4 dtg=3.95 region=0_18
ep=1197 s=85 10560ms [sel=3 cap=10477 rest=81] sg=3->3 mode=NONE win=8 obs=86 | cap=wip act=(320,360) d=2.02 a=1 | sp=frontier:active d=2.0 age=5 dtg=3.92 region=0_18
ep=1197 s=86 10503ms [sel=3 cap=10418 rest=82] sg=3->3 mode=NONE win=8 obs=87 | cap=wip act=(320,360) d=1.78 a=1 | sp=frontier:active d=1.8 age=6 dtg=3.90 region=0_18
ep=1197 s=87 7845ms [sel=4 cap=7750 rest=92] sg=3->3 mode=NONE win=8 obs=88 | cap=wip act=(320,360) d=1.53 a=1 | sp=frontier:active d=1.5 age=7 dtg=3.90 region=0_18
ep=1197 s=88 7446ms [sel=3 cap=7357 rest=86] sg=3->3 mode=NONE win=8 obs=89 | cap=wip act=(320,360) d=1.29 a=1 | sp=frontier:active d=1.3 age=8 dtg=3.92 region=0_18
ep=1197 s=89 10824ms [sel=3 cap=10727 rest=95] sg=3->3 mode=NONE win=8 obs=90 | cap=wip act=(320,360) d=1.05 a=1 | sp=frontier:active d=1.1 age=9 dtg=3.95 region=0_18
ep=1197 s=90 13265ms [sel=69 cap=12726 rest=434] sg=3->3 mode=NONE win=8 obs=91 | cap=wip act=(160,180) d=5.31 a=3 | preview=view5/6 yaw=+90 render=36ms | sp=preview:active d=5.3 age=0 dtg=3.95 region=0_18
ep=1197 s=91 11554ms [sel=42 cap=11419 rest=94] sg=3->3 mode=NONE win=8 obs=92 | cap=wip act=(320,360) d=5.31 a=3 | sp=preview:active d=5.3 age=1 dtg=3.95 region=0_18
ep=1197 s=92 6617ms [sel=42 cap=6484 rest=91] sg=3->3 mode=NONE win=8 obs=93 | cap=wip act=(320,360) d=5.31 a=3 | sp=preview:active d=5.3 age=2 dtg=3.95 region=0_18
ep=1197 s=93 10528ms [sel=49 cap=10398 rest=81] sg=3->3 mode=NONE win=8 obs=94 | cap=wip act=(320,360) d=5.31 a=3 | sp=preview:active d=5.3 age=3 dtg=3.95 region=0_18
ep=1197 s=94 11174ms [sel=56 cap=11032 rest=86] sg=3->3 mode=NONE win=8 obs=95 | cap=wip act=(320,360) d=5.31 a=3 | sp=preview:active d=5.3 age=4 dtg=3.95 region=0_18
ep=1197 s=95 16352ms [sel=45 cap=16215 rest=92] sg=3->3 mode=NONE win=8 obs=96 | cap=wip act=(320,360) d=5.31 a=3 | sp=preview:active d=5.3 age=5 dtg=3.95 region=0_18
ep=1197 s=96 7744ms [sel=11 cap=7646 rest=86] sg=3->3 mode=NONE win=8 obs=97 | cap=wip act=(320,360) d=5.31 a=3 | sp=preview:active d=5.3 age=6 dtg=3.95 region=0_18
ep=1197 s=97 9126ms [sel=11 cap=9023 rest=91] sg=3->3 mode=NONE win=8 obs=98 | cap=wip act=(320,360) d=5.31 a=3 | sp=preview:active d=5.3 age=7 dtg=3.95 region=0_18
ep=1197 s=98 7659ms [sel=11 cap=7553 rest=95] sg=3->3 mode=NONE win=8 obs=99 | cap=wip act=(320,360) d=5.31 a=1 | sp=preview:active d=5.3 age=8 dtg=3.72 region=0_18
ep=1197 s=99 13721ms [sel=9 cap=13612 rest=101] sg=3->3 mode=NONE win=8 obs=100 | cap=wip act=(320,360) d=5.06 a=1 | sp=preview:active d=5.1 age=9 dtg=3.48 region=0_18
ep=1197 s=100 6324ms [sel=8 cap=6184 rest=132] sg=3->3 mode=NONE win=8 obs=101 | cap=wip act=(320,360) d=4.81 a=1 | sp=preview:active d=4.8 age=10 dtg=3.26 region=0_18
ep=1197 s=101 11409ms [sel=30 cap=11276 rest=104] sg=3->3 mode=NONE win=8 obs=102 | cap=wip act=(320,360) d=4.56 a=1 | sp=preview:active d=4.6 age=11 dtg=3.03 region=0_18
ep=1197 s=102 9425ms [sel=27 cap=9290 rest=108] sg=3->3 mode=NONE win=8 obs=103 | cap=wip act=(320,360) d=4.31 a=2 | sp=preview:active d=4.3 age=12 dtg=3.03 region=0_18
ep=1197 s=103 8448ms [sel=6 cap=8343 rest=98] sg=3->3 mode=NONE win=8 obs=104 | cap=wip act=(320,360) d=4.31 a=1 | sp=preview:active d=4.3 age=13 dtg=2.79 region=0_18
ep=1197 s=104 9968ms [sel=5 cap=9867 rest=97] sg=3->3 mode=NONE win=8 obs=105 | cap=wip act=(320,360) d=4.06 a=2 | sp=preview:active d=4.1 age=14 dtg=2.79 region=0_18
ep=1197 s=105 8066ms [sel=26 cap=7947 rest=93] sg=3->3 mode=NONE win=8 obs=106 | cap=wip act=(320,360) d=4.06 a=1 | sp=preview:active d=4.1 age=15 dtg=2.54 region=0_18
ep=1197 s=106 6954ms [sel=24 cap=6830 rest=99] sg=3->3 mode=NONE win=8 obs=107 | cap=wip act=(320,360) d=3.84 a=1 | sp=preview:active d=3.8 age=16 dtg=2.29 region=0_18
ep=1197 s=107 7382ms [sel=4 cap=7276 rest=102] sg=3->3 mode=NONE win=8 obs=108 | cap=wip act=(320,360) d=3.62 a=1 | sp=preview:active d=3.6 age=17 dtg=2.04 region=0_18
ep=1197 s=108 6698ms [sel=23 cap=6575 rest=100] sg=3->3 mode=NONE win=8 obs=109 | cap=wip act=(320,360) d=3.41 a=1 | sp=preview:active d=3.4 age=18 dtg=1.79 region=0_18
ep=1197 s=109 14204ms [sel=4628 cap=9476 rest=100] sg=3->3 mode=NONE win=8 obs=110 | cap=wip act=(320,360) d=2.95 a=1 | sp=som:active d=2.9 age=0 som=2/8 dtg=1.54 region=0_18
ep=1197 s=110 10187ms [sel=3 cap=10084 rest=99] sg=3->3 mode=NONE win=8 obs=111 | cap=wip act=(320,360) d=2.70 a=1 | sp=som:active d=2.7 age=1 dtg=1.29 region=0_18
ep=1197 s=111 9027ms [sel=3 cap=8926 rest=98] sg=3->3 mode=NONE win=8 obs=112 | cap=wip act=(320,360) d=2.45 a=1 | sp=som:active d=2.4 age=2 dtg=1.04 region=0_1
ep=1197 s=112 9509ms [sel=4 cap=9397 rest=107] sg=3->3 mode=NONE win=8 obs=113 | cap=wip act=(320,360) d=2.20 a=1 | sp=som:active d=2.2 age=3 dtg=0.79 region=0_1
ep=1197 s=113 21381ms [sel=7 cap=20920 rest=420] sg=3->3 mode=NONE win=8 obs=114 | cap=wip act=(160,180) d=1.95 a=1 | preview=view1/6 yaw=-90 render=35ms | sp=som:active d=1.9 age=4 dtg=0.54 region=0_1
ep=1197 s=114 8704ms [sel=5 cap=8593 rest=106] sg=3->3 mode=NONE win=8 obs=115 | cap=wip act=(320,360) d=1.70 a=1 | sp=som:active d=1.7 age=5 dtg=0.30 region=0_1
ep=1197 s=115 8875ms [sel=3 cap=8771 rest=101] sg=3->3 mode=NONE win=8 obs=116 | cap=wip act=(320,360) d=1.45 a=1 | sp=som:active d=1.4 age=6 dtg=0.07 region=0_1
ep=1197 s=116 6583ms [sel=4 cap=6476 rest=104] sg=3->3 mode=NONE win=8 obs=117 | cap=wip act=(320,360) d=1.20 a=1 | sp=som:active d=1.2 age=7 dtg=0.22 region=0_1
ep=1197 s=117 9796ms [sel=3 cap=9692 rest=101] sg=3->3 mode=NONE win=8 obs=118 | cap=wip act=(320,360) d=0.95 a=1 | sp=som:active d=0.9 age=8 dtg=0.46 region=0_1
ep=1197 s=118 16546ms [sel=45 cap=16404 rest=97] sg=3->4 mode=NONE win=8 obs=119 | cap=DONE act=(320,360) d=2.47 a=1 | sp=frontier:active d=2.5 age=0 dtg=0.71 region=0_1
ep=1197 s=119 14764ms [sel=3 cap=14660 rest=100] sg=4->4 mode=NONE win=8 obs=120 | cap=wip act=(320,360) d=2.24 a=2 | sp=frontier:active d=2.2 age=1 dtg=0.71 region=0_1
ep=1197 s=120 10141ms [sel=3 cap=10028 rest=110] sg=4->4 mode=NONE win=8 obs=121 | cap=wip act=(320,360) d=2.24 a=1 | sp=frontier:active d=2.2 age=2 dtg=0.96 region=0_1
ep=1197 s=121 6930ms [sel=3 cap=6799 rest=128] sg=4->4 mode=NONE win=8 obs=122 | cap=wip act=(320,360) d=1.99 a=1 | sp=frontier:active d=2.0 age=3 dtg=1.21 region=0_1
ep=1197 s=122 11592ms [sel=23 cap=11456 rest=113] sg=4->4 mode=NONE win=8 obs=123 | cap=wip act=(320,360) d=1.75 a=1 | sp=frontier:active d=1.7 age=4 dtg=1.46 region=0_1
ep=1197 s=123 22982ms [sel=6 cap=22482 rest=459] sg=4->None mode=NONE win=8 obs=124 | cap=DONE act=(320,360) d=1.00 a=1 | preview=view-/6 yaw=+0 render=35ms | sp=frontier:active d=1.5 age=5 door_evts=2 dtg=1.71 region=0_1
ep=1197 s=124 149ms [sel=5 cap=0 rest=144] sg=None->None mode=NONE win=8 obs=125 | cap=- act=(320,360) d=1.00 a=1 | sp=frontier:active d=1.3 age=6 door_evts=2 dtg=1.96 region=0_1
ep=1197 s=125 138ms [sel=7 cap=0 rest=131] sg=None->None mode=NONE win=8 obs=126 | cap=- act=(320,360) d=1.00 a=1 | sp=frontier:active d=1.0 age=7 door_evts=2 dtg=2.21 region=0_1
ep=1197 s=126 117ms [sel=0 cap=0 rest=117] sg=None->None mode=NONE win=8 obs=127 | cap=- act=STOP | sp=frontier:active d=0.8 age=8 door_evts=2 dtg=2.21 region=0_1
rank=1 [11/17] id=1197 steps=127 success=1.000 spl=0.603 dtg=2.21 osr=1 path_length=16.25 ndtw=0.788 sdtw=0.788
PluginManager::Manager: duplicate static plugin StbImageImporter, ignoring
PluginManager::Manager: duplicate static plugin GltfImporter, ignoring
PluginManager::Manager: duplicate static plugin BasisImporter, ignoring
PluginManager::Manager: duplicate static plugin AssimpImporter, ignoring
PluginManager::Manager: duplicate static plugin AnySceneImporter, ignoring
PluginManager::Manager: duplicate static plugin AnyImageImporter, ignoring
episode=1266 instruction='So walk on past the dining table, and then turn right, which takes you into the hallway. From there turn left and head down the hall, and stop when you get to the sofa.' start_position=[12.147899627685547, 0.12711000442504883, 4.2323198318481445] goal_position=[0.04092890024185181, 0.12711000442504883, 1.0015300512313843] reference_geodesic=12.795890808105469
episode=1266 prepared_subgoals=2
  [1] Walk past the dining table
      proof: The dining table is beside or directly ahead of the camera, within a step; the camera has not yet turned right.
  [2] Turn right into the hallway, then turn left down the hall, then stop beside the sofa
      proof: The sofa is directly beside or ahead of the camera, within a step, and the camera has stopped
ep=1266 s=0 26043ms [sel=45 cap=25442 rest=519] sg=1->1 mode=NONE win=1 obs=1 | cap=wip act=(160,180) d=4.26 a=3 | preview=view2/6 yaw=+0 render=38ms | sp=preview:active d=4.3 age=0 dtg=12.80 region=0_1
ep=1266 s=1 10770ms [sel=3 cap=10649 rest=118] sg=1->1 mode=NONE win=2 obs=2 | cap=wip act=(320,360) d=4.26 a=1 | sp=preview:active d=4.3 age=1 dtg=12.60 region=0_1
ep=1266 s=2 7025ms [sel=3 cap=6904 rest=119] sg=1->1 mode=NONE win=3 obs=3 | cap=wip act=(320,360) d=4.04 a=3 | sp=preview:active d=4.0 age=2 dtg=12.60 region=0_1
ep=1266 s=3 8510ms [sel=3 cap=8390 rest=116] sg=1->1 mode=NONE win=4 obs=4 | cap=wip act=(320,360) d=4.04 a=1 | sp=preview:active d=4.0 age=3 dtg=12.38 region=0_1
ep=1266 s=4 8036ms [sel=3 cap=7880 rest=154] sg=1->1 mode=NONE win=5 obs=5 | cap=wip act=(320,360) d=3.80 a=1 | sp=preview:active d=3.8 age=4 dtg=12.16 region=0_2
ep=1266 s=5 11299ms [sel=3 cap=11173 rest=123] sg=1->1 mode=NONE win=6 obs=6 | cap=wip act=(320,360) d=3.56 a=3 | sp=preview:active d=3.6 age=5 dtg=12.16 region=0_2
ep=1266 s=6 19002ms [sel=8 cap=18442 rest=514] sg=1->1 mode=NONE win=7 obs=7 | cap=wip act=(160,180) d=3.56 a=1 | preview=view3/6 yaw=+30 render=38ms | sp=preview:active d=3.6 age=6 dtg=11.91 region=0_2
ep=1266 s=7 11517ms [sel=4 cap=11395 rest=118] sg=1->1 mode=NONE win=8 obs=8 | cap=wip act=(320,360) d=3.31 a=1 | sp=preview:active d=3.3 age=7 dtg=11.67 region=0_2
ep=1266 s=8 11880ms [sel=3 cap=11755 rest=122] sg=1->1 mode=NONE win=8 obs=9 | cap=wip act=(320,360) d=3.06 a=3 | sp=preview:active d=3.1 age=8 dtg=11.67 region=0_2
ep=1266 s=9 18028ms [sel=3 cap=17907 rest=117] sg=1->1 mode=NONE win=8 obs=10 | cap=wip act=(320,360) d=3.06 a=1 | sp=preview:active d=3.1 age=9 dtg=11.42 region=0_2
ep=1266 s=10 12892ms [sel=3 cap=12349 rest=504] sg=1->1 mode=NONE win=8 obs=11 | cap=wip act=(320,360) d=2.81 a=1 | preview=view-/6 yaw=+0 render=36ms | sp=preview:active d=2.8 age=10 dtg=11.17 region=0_2
ep=1266 s=11 9926ms [sel=4 cap=9807 rest=116] sg=1->1 mode=NONE win=8 obs=12 | cap=wip act=(320,360) d=2.57 a=1 | sp=preview:active d=2.6 age=11 dtg=10.92 region=0_2
ep=1266 s=12 7028ms [sel=3 cap=6914 rest=110] sg=1->1 mode=NONE win=8 obs=13 | cap=wip act=(320,360) d=2.33 a=1 | sp=preview:active d=2.3 age=12 dtg=10.67 region=0_2
ep=1266 s=13 15522ms [sel=6066 cap=9347 rest=110] sg=1->1 mode=NONE win=8 obs=14 | cap=wip act=(320,360) d=3.38 a=3 | sp=som:active d=3.4 age=0 som=3/8 dtg=10.67 region=0_2
ep=1266 s=14 6700ms [sel=3 cap=6588 rest=109] sg=1->1 mode=NONE win=8 obs=15 | cap=wip act=(320,360) d=3.38 a=1 | sp=som:active d=3.4 age=1 dtg=10.43 region=0_2
ep=1266 s=15 8424ms [sel=3 cap=8314 rest=107] sg=1->1 mode=NONE win=8 obs=16 | cap=wip act=(320,360) d=3.13 a=1 | sp=som:active d=3.1 age=2 dtg=10.19 region=0_2
ep=1266 s=16 7037ms [sel=3 cap=6928 rest=105] sg=1->1 mode=NONE win=8 obs=17 | cap=wip act=(320,360) d=2.88 a=2 | sp=som:active d=2.9 age=3 dtg=10.19 region=0_2
ep=1266 s=17 12846ms [sel=3 cap=12744 rest=99] sg=1->1 mode=NONE win=8 obs=18 | cap=wip act=(320,360) d=2.88 a=1 | sp=som:active d=2.9 age=4 dtg=9.94 region=0_2
ep=1266 s=18 8303ms [sel=3 cap=8198 rest=102] sg=1->1 mode=NONE win=8 obs=19 | cap=wip act=(320,360) d=2.64 a=2 | sp=som:active d=2.6 age=5 dtg=9.94 region=0_2
ep=1266 s=19 12382ms [sel=3 cap=12246 rest=134] sg=1->1 mode=NONE win=8 obs=20 | cap=wip act=(320,360) d=2.64 a=1 | sp=som:active d=2.6 age=6 dtg=9.70 region=0_2
ep=1266 s=20 8871ms [sel=3 cap=8760 rest=107] sg=1->1 mode=NONE win=8 obs=21 | cap=wip act=(320,360) d=2.41 a=1 | sp=som:active d=2.4 age=7 dtg=9.46 region=0_2
ep=1266 s=21 9236ms [sel=0 cap=9130 rest=106] sg=1->2 mode=NONE win=8 obs=22 | cap=DONE act=TURN request=+45deg execute=+15deg x1 a=3 | sp=som:active d=2.2 age=8 door_evts=1 EVT=door@(9.5,3.2)w1.00m@s18 dtg=9.46 region=0_2
ep=1266 s=22 8437ms [sel=0 cap=8324 rest=113] sg=2->2 mode=NONE win=8 obs=23 | cap=wip act=TURN request=+45deg execute=+15deg x1 a=3 | sp=- door_evts=1 dtg=9.46 region=0_2
ep=1266 s=23 9671ms [sel=0 cap=9560 rest=111] sg=2->2 mode=NONE win=8 obs=24 | cap=wip act=TURN request=+45deg execute=+15deg x1 a=3 | sp=- door_evts=1 dtg=9.46 region=0_2
ep=1266 s=24 10036ms [sel=0 cap=9923 rest=113] sg=2->2 mode=NONE win=8 obs=25 | cap=wip act=TURN request=+45deg execute=+15deg x1 a=3 | sp=- door_evts=1 dtg=9.46 region=0_2
ep=1266 s=25 12088ms [sel=4428 cap=7556 rest=104] sg=2->2 mode=NONE win=8 obs=26 | cap=wip act=(320,360) d=1.32 a=2 | sp=som:active d=1.3 age=0 som=3/8 dtg=9.46 region=0_2
ep=1266 s=26 13698ms [sel=46 cap=13149 rest=465] sg=2->2 mode=NONE win=8 obs=27 | cap=wip act=(160,180) d=3.62 a=3 | preview=view5/6 yaw=+105 render=38ms | sp=preview:active d=3.6 age=0 dtg=9.46 region=0_2
ep=1266 s=27 10443ms [sel=30 cap=10312 rest=100] sg=2->2 mode=NONE win=8 obs=28 | cap=wip act=(320,360) d=3.62 a=3 | sp=preview:active d=3.6 age=1 dtg=9.46 region=0_2
ep=1266 s=28 11834ms [sel=33 cap=11702 rest=98] sg=2->2 mode=NONE win=8 obs=29 | cap=wip act=(320,360) d=3.62 a=3 | sp=preview:active d=3.6 age=2 dtg=9.46 region=0_2
ep=1266 s=29 11588ms [sel=29 cap=11449 rest=109] sg=2->2 mode=NONE win=8 obs=30 | cap=wip act=(320,360) d=3.62 a=3 | sp=preview:active d=3.6 age=3 dtg=9.46 region=0_2
ep=1266 s=30 14974ms [sel=28 cap=14839 rest=107] sg=2->2 mode=NONE win=8 obs=31 | cap=wip act=(320,360) d=3.62 a=3 | sp=preview:active d=3.6 age=4 dtg=9.46 region=0_2
ep=1266 s=31 14675ms [sel=33 cap=14156 rest=449] sg=2->2 mode=NONE win=8 obs=32 | cap=wip act=(160,180) d=3.62 a=3 | preview=view3/6 yaw=+30 render=37ms | sp=preview:active d=3.6 age=5 dtg=9.46 region=0_2
ep=1266 s=32 10404ms [sel=17 cap=10282 rest=106] sg=2->2 mode=NONE win=8 obs=33 | cap=wip act=(320,360) d=3.62 a=3 | sp=preview:active d=3.6 age=6 dtg=9.46 region=0_2
ep=1266 s=33 6979ms [sel=3 cap=6867 rest=108] sg=2->2 mode=NONE win=8 obs=34 | cap=wip act=(320,360) d=3.62 a=3 | sp=preview:active d=3.6 age=7 dtg=9.46 region=0_2
ep=1266 s=34 10493ms [sel=6 cap=9980 rest=470] sg=2->None mode=NONE win=8 obs=35 | cap=DONE act=(320,360) d=1.00 a=1 | preview=view-/6 yaw=+0 render=38ms | sp=preview:active d=3.6 age=8 door_evts=1 dtg=9.67 region=0_2
ep=1266 s=35 131ms [sel=7 cap=0 rest=124] sg=None->None mode=NONE win=8 obs=36 | cap=- act=(320,360) d=1.00 a=1 | sp=preview:active d=3.4 age=9 door_evts=1 dtg=9.91 region=0_2
ep=1266 s=36 116ms [sel=5 cap=0 rest=111] sg=None->None mode=NONE win=8 obs=37 | cap=- act=(320,360) d=1.00 a=1 | sp=preview:active d=3.1 age=10 door_evts=1 dtg=10.15 region=0_2
ep=1266 s=37 111ms [sel=0 cap=0 rest=111] sg=None->None mode=NONE win=8 obs=38 | cap=- act=STOP | sp=preview:active d=2.9 age=11 door_evts=1 dtg=10.15 region=0_2
rank=1 [12/17] id=1266 steps=38 success=0.000 spl=0.000 dtg=10.15 osr=0 path_length=4.25 ndtw=0.335 sdtw=0.000
PluginManager::Manager: duplicate static plugin StbImageImporter, ignoring
PluginManager::Manager: duplicate static plugin GltfImporter, ignoring
PluginManager::Manager: duplicate static plugin BasisImporter, ignoring
PluginManager::Manager: duplicate static plugin AssimpImporter, ignoring
PluginManager::Manager: duplicate static plugin AnySceneImporter, ignoring
PluginManager::Manager: duplicate static plugin AnyImageImporter, ignoring
episode=1311 instruction="So move forward and then turn right when you go past that sign on the wall, which is to the right of the large painting of a man. Then just keep walking forward and head out through the last door on the left, and that's where you stop." start_position=[23.715499877929688, 0.00952601432800293, 5.087309837341309] goal_position=[29.113500595092773, 0.00952601432800293, -3.043450117111206] reference_geodesic=13.924505233764648
episode=1311 prepared_subgoals=4
  [1] Move forward to the sign on the wall
      proof: The sign on the wall is beside or directly ahead of the camera, within a step; the camera has not yet turned right.
  [2] Turn right at the sign, then walk forward past the painting
      proof: The painting is behind and to the left, and the next doorway is ahead.
  [3] Enter the last door on the left
      proof: The camera has crossed the threshold and the destination room is central in the view.
  [4] Stop beside the door
      proof: The camera is stationary beside the final door, with the door frame centered in the view
ep=1311 s=0 15338ms [sel=27 cap=14755 rest=515] sg=1->1 mode=NONE win=1 obs=1 | cap=wip act=(160,180) d=4.65 a=3 | preview=view2/6 yaw=+0 render=40ms | sp=preview:active d=4.7 age=0 dtg=13.92 region=0_4
ep=1311 s=1 8204ms [sel=3 cap=8091 rest=109] sg=1->1 mode=NONE win=2 obs=2 | cap=wip act=(320,360) d=4.65 a=3 | sp=preview:active d=4.7 age=1 dtg=13.92 region=0_4
ep=1311 s=2 9376ms [sel=3 cap=9265 rest=108] sg=1->1 mode=NONE win=3 obs=3 | cap=wip act=(320,360) d=4.65 a=1 | sp=preview:active d=4.7 age=2 dtg=14.11 region=0_4
ep=1311 s=3 11667ms [sel=3 cap=11553 rest=111] sg=1->1 mode=NONE win=4 obs=4 | cap=wip act=(320,360) d=4.41 a=1 | sp=preview:active d=4.4 age=3 dtg=12.82 region=0_4
ep=1311 s=4 15061ms [sel=4 cap=14938 rest=119] sg=1->1 mode=NONE win=5 obs=5 | cap=wip act=(320,360) d=4.16 a=3 | sp=preview:active d=4.2 age=4 dtg=12.82 region=0_4
ep=1311 s=5 9845ms [sel=3 cap=9734 rest=108] sg=1->1 mode=NONE win=6 obs=6 | cap=wip act=(320,360) d=4.16 a=1 | sp=preview:active d=4.2 age=5 dtg=12.57 region=0_4
ep=1311 s=6 6669ms [sel=3 cap=6561 rest=105] sg=1->1 mode=NONE win=7 obs=7 | cap=wip act=(320,360) d=3.94 a=2 | sp=preview:active d=3.9 age=6 dtg=12.57 region=0_4
ep=1311 s=7 8792ms [sel=3 cap=8681 rest=108] sg=1->1 mode=NONE win=8 obs=8 | cap=wip act=(320,360) d=3.94 a=1 | sp=preview:active d=3.9 age=7 dtg=12.32 region=0_4
ep=1311 s=8 6730ms [sel=3 cap=6619 rest=108] sg=1->1 mode=NONE win=8 obs=9 | cap=wip act=(320,360) d=3.69 a=2 | sp=preview:active d=3.7 age=8 dtg=12.32 region=0_4
ep=1311 s=9 6638ms [sel=3 cap=6524 rest=111] sg=1->1 mode=NONE win=8 obs=10 | cap=wip act=(320,360) d=3.69 a=1 | sp=preview:active d=3.7 age=9 dtg=12.10 region=0_4
ep=1311 s=10 9020ms [sel=3 cap=8909 rest=109] sg=1->1 mode=NONE win=8 obs=11 | cap=wip act=(320,360) d=3.44 a=1 | sp=preview:active d=3.4 age=10 dtg=11.90 region=0_4
ep=1311 s=11 6345ms [sel=3 cap=6233 rest=110] sg=1->1 mode=NONE win=8 obs=12 | cap=wip act=(320,360) d=3.19 a=2 | sp=preview:active d=3.2 age=11 dtg=11.90 region=0_4
ep=1311 s=12 11434ms [sel=3 cap=11316 rest=115] sg=1->1 mode=NONE win=8 obs=13 | cap=wip act=(320,360) d=3.19 a=1 | sp=preview:active d=3.2 age=12 dtg=11.77 region=0_4
ep=1311 s=13 10295ms [sel=42 cap=10142 rest=110] sg=1->1 mode=NONE win=8 obs=14 | cap=wip act=(320,360) d=3.63 a=1 | sp=frontier:active d=3.6 age=0 dtg=11.70 region=0_4
ep=1311 s=14 8479ms [sel=3 cap=8366 rest=111] sg=1->1 mode=NONE win=8 obs=15 | cap=wip act=(320,360) d=3.38 a=1 | sp=frontier:active d=3.4 age=1 dtg=11.69 region=0_4
ep=1311 s=15 15065ms [sel=3 cap=14950 rest=111] sg=1->1 mode=NONE win=8 obs=16 | cap=wip act=(320,360) d=3.14 a=1 | sp=frontier:active d=3.1 age=2 dtg=11.70 region=0_4
ep=1311 s=16 7893ms [sel=3 cap=7776 rest=115] sg=1->1 mode=NONE win=8 obs=17 | cap=wip act=(320,360) d=2.89 a=1 | sp=frontier:active d=2.9 age=3 dtg=11.74 region=0_4
ep=1311 s=17 10706ms [sel=3 cap=10588 rest=115] sg=1->1 mode=NONE win=8 obs=18 | cap=wip act=(320,360) d=2.64 a=1 | sp=frontier:active d=2.6 age=4 dtg=11.79 region=0_4
ep=1311 s=18 6253ms [sel=3 cap=6132 rest=118] sg=1->1 mode=NONE win=8 obs=19 | cap=wip act=(320,360) d=2.40 a=1 | sp=frontier:active d=2.4 age=5 dtg=11.87 region=0_4
ep=1311 s=19 8492ms [sel=3 cap=8369 rest=120] sg=1->1 mode=NONE win=8 obs=20 | cap=wip act=(320,360) d=2.16 a=1 | sp=frontier:active d=2.2 age=6 dtg=11.96 region=0_4
ep=1311 s=20 7587ms [sel=3 cap=7014 rest=534] sg=1->1 mode=NONE win=8 obs=21 | cap=wip act=(320,360) d=1.92 a=1 | preview=view-/6 yaw=+0 render=37ms | sp=frontier:active d=1.9 age=7 dtg=12.07 region=0_4
ep=1311 s=21 6647ms [sel=3 cap=6519 rest=125] sg=1->1 mode=NONE win=8 obs=22 | cap=wip act=(320,360) d=1.68 a=1 | sp=frontier:active d=1.7 age=8 dtg=12.19 region=0_4
ep=1311 s=22 9728ms [sel=3 cap=9598 rest=127] sg=1->1 mode=NONE win=8 obs=23 | cap=wip act=(320,360) d=1.44 a=1 | sp=frontier:active d=1.4 age=9 dtg=12.25 region=0_4
ep=1311 s=23 8596ms [sel=3 cap=8467 rest=126] sg=1->1 mode=NONE win=8 obs=24 | cap=wip act=(320,360) d=1.28 a=1 | sp=frontier:active d=1.3 age=10 dtg=12.39 region=0_4
ep=1311 s=24 16701ms [sel=3 cap=16588 rest=110] sg=1->1 mode=NONE win=8 obs=25 | cap=wip act=(320,360) d=1.06 a=1 | sp=frontier:active d=1.1 age=11 dtg=12.55 region=0_4
ep=1311 s=25 12358ms [sel=5727 cap=6521 rest=110] sg=1->1 mode=NONE win=8 obs=26 | cap=wip act=(320,360) d=1.33 a=1 | sp=som:active d=1.3 age=0 som=2/6 dtg=12.74 region=0_4
ep=1311 s=26 7448ms [sel=3 cap=7336 rest=109] sg=1->1 mode=NONE win=8 obs=27 | cap=wip act=(320,360) d=1.08 a=2 | sp=som:active d=1.1 age=1 dtg=12.74 region=0_4
ep=1311 s=27 9549ms [sel=3 cap=9440 rest=106] sg=1->1 mode=NONE win=8 obs=28 | cap=wip act=(320,360) d=1.08 a=1 | sp=som:active d=1.1 age=2 dtg=12.98 region=0_4
ep=1311 s=28 13369ms [sel=3 cap=13265 rest=102] sg=1->1 mode=NONE win=8 obs=29 | cap=wip act=(320,360) d=0.83 a=1 | sp=som:active d=0.8 age=3 dtg=13.22 region=0_4
ep=1311 s=29 10606ms [sel=3 cap=10098 rest=468] sg=1->1 mode=NONE win=8 obs=30 | cap=wip act=(320,360) d=0.58 a=1 | preview=view-/6 yaw=+0 render=37ms | sp=som:active d=0.6 age=4 dtg=13.46 region=0_4
ep=1311 s=30 10294ms [sel=55 cap=10134 rest=104] sg=1->1 mode=NONE win=8 obs=31 | cap=wip act=(320,360) d=2.46 a=2 | sp=frontier:active d=2.5 age=0 dtg=13.46 region=0_4
ep=1311 s=31 17693ms [sel=12 cap=17567 rest=114] sg=1->1 mode=NONE win=8 obs=32 | cap=wip act=(320,360) d=2.46 a=2 | sp=frontier:active d=2.5 age=1 dtg=13.46 region=0_4
ep=1311 s=32 11995ms [sel=4 cap=11895 rest=96] sg=1->1 mode=NONE win=8 obs=33 | cap=wip act=(320,360) d=2.46 a=2 | sp=frontier:active d=2.5 age=2 dtg=13.46 region=0_4
ep=1311 s=33 16533ms [sel=3 cap=16447 rest=84] sg=1->1 mode=NONE win=8 obs=34 | cap=wip act=(320,360) d=2.46 a=2 | sp=frontier:active d=2.5 age=3 dtg=13.46 region=0_4
ep=1311 s=34 10959ms [sel=3 cap=10870 rest=86] sg=1->1 mode=NONE win=8 obs=35 | cap=wip act=(320,360) d=2.46 a=1 | sp=frontier:active d=2.5 age=4 dtg=13.63 region=0_4
ep=1311 s=35 8742ms [sel=3 cap=8655 rest=84] sg=1->1 mode=NONE win=8 obs=36 | cap=wip act=(320,360) d=2.21 a=1 | sp=frontier:active d=2.2 age=5 dtg=13.83 region=0_4
ep=1311 s=36 6556ms [sel=4 cap=6470 rest=82] sg=1->1 mode=NONE win=8 obs=37 | cap=wip act=(320,360) d=1.99 a=1 | sp=frontier:active d=2.0 age=6 dtg=14.11 region=0_4
ep=1311 s=37 10361ms [sel=3 cap=10275 rest=83] sg=1->1 mode=NONE win=8 obs=38 | cap=wip act=(320,360) d=1.78 a=2 | sp=frontier:active d=1.8 age=7 dtg=14.11 region=0_4
ep=1311 s=38 9055ms [sel=3 cap=8965 rest=87] sg=1->1 mode=NONE win=8 obs=39 | cap=wip act=(320,360) d=1.78 a=1 | sp=frontier:active d=1.8 age=8 dtg=14.35 region=0_4
ep=1311 s=39 13121ms [sel=4 cap=13032 rest=85] sg=1->1 mode=NONE win=8 obs=40 | cap=wip act=(320,360) d=1.55 a=2 | sp=frontier:active d=1.5 age=9 dtg=14.35 region=0_4
ep=1311 s=40 10803ms [sel=3 cap=10712 rest=88] sg=1->1 mode=NONE win=8 obs=41 | cap=wip act=(320,360) d=1.55 a=1 | sp=frontier:active d=1.5 age=10 dtg=14.52 region=0_4
ep=1311 s=41 9014ms [sel=4 cap=8926 rest=84] sg=1->1 mode=NONE win=8 obs=42 | cap=wip act=(320,360) d=1.39 a=2 | sp=frontier:active d=1.4 age=11 dtg=14.52 region=0_4
ep=1311 s=42 12519ms [sel=4 cap=12432 rest=83] sg=1->1 mode=NONE win=8 obs=43 | cap=wip act=(320,360) d=1.39 a=1 | sp=frontier:active d=1.4 age=12 dtg=14.52 region=0_4
ep=1311 s=43 15967ms [sel=0 cap=15726 rest=241] sg=1->1 mode=GET_NOWHERE win=8 obs=44 | cap=wip/GET_NOWHERE act=TURN request=-45deg execute=-15deg x1 a=2 | sp=frontier:active d=1.4 age=13 dtg=14.52 region=0_4
ep=1311 s=44 12030ms [sel=0 cap=11946 rest=84] sg=1->1 mode=NONE win=8 obs=45 | cap=wip act=TURN request=-45deg execute=-15deg x1 a=2 | sp=frontier:active d=1.4 age=14 dtg=14.52 region=0_4
ep=1311 s=45 17446ms [sel=0 cap=17353 rest=92] sg=1->1 mode=NONE win=8 obs=46 | cap=wip act=TURN request=-45deg execute=-15deg x1 a=2 | sp=frontier:active d=1.4 age=15 dtg=14.52 region=0_4
ep=1311 s=46 13056ms [sel=0 cap=12950 rest=106] sg=1->1 mode=NONE win=8 obs=47 | cap=wip act=TURN request=-45deg execute=-15deg x1 a=2 | sp=frontier:active d=1.4 age=16 dtg=14.52 region=0_4
ep=1311 s=47 8273ms [sel=0 cap=8161 rest=111] sg=1->1 mode=NONE win=8 obs=48 | cap=wip act=TURN request=-45deg execute=-15deg x1 a=2 | sp=frontier:active d=1.4 age=17 dtg=14.52 region=0_4
ep=1311 s=48 9189ms [sel=0 cap=9079 rest=110] sg=1->1 mode=NONE win=8 obs=49 | cap=wip act=TURN request=-45deg execute=-15deg x1 a=2 | sp=frontier:active d=1.4 age=18 dtg=14.52 region=0_4
ep=1311 s=49 9614ms [sel=0 cap=9497 rest=118] sg=1->1 mode=NONE win=8 obs=50 | cap=wip act=TURN request=-45deg execute=-15deg x1 a=2 | sp=frontier:active d=1.4 age=19 dtg=14.52 region=0_4
ep=1311 s=50 9226ms [sel=7 cap=9101 rest=118] sg=1->1 mode=NONE win=8 obs=51 | cap=wip act=(320,360) d=1.39 a=1 | sp=frontier:active d=1.4 age=20 dtg=14.30 region=0_4
ep=1311 s=51 8483ms [sel=9 cap=8355 rest=119] sg=1->1 mode=NONE win=8 obs=52 | cap=wip act=(320,360) d=1.59 a=3 | sp=frontier:active d=1.6 age=21 dtg=14.30 region=0_4
ep=1311 s=52 5832ms [sel=9 cap=5705 rest=118] sg=1->1 mode=NONE win=8 obs=53 | cap=wip act=(320,360) d=1.59 a=3 | sp=frontier:active d=1.6 age=22 dtg=14.30 region=0_4
ep=1311 s=53 12606ms [sel=9 cap=12482 rest=115] sg=1->1 mode=NONE win=8 obs=54 | cap=wip act=(320,360) d=1.59 a=1 | sp=frontier:active d=1.6 age=23 dtg=14.17 region=0_4
ep=1311 s=54 11930ms [sel=9 cap=11806 rest=114] sg=1->1 mode=NONE win=8 obs=55 | cap=wip act=(320,360) d=1.72 a=3 | sp=frontier:active d=1.7 age=24 dtg=14.17 region=0_4
ep=1311 s=55 6971ms [sel=9 cap=6856 rest=106] sg=1->1 mode=NONE win=8 obs=56 | cap=wip act=(320,360) d=1.72 a=1 | sp=frontier:active d=1.7 age=25 dtg=14.10 region=0_4
ep=1311 s=56 13247ms [sel=0 cap=13043 rest=204] sg=1->1 mode=NONE win=8 obs=57 | cap=wip act=TURN request=-45deg execute=-15deg x1 a=2 | sp=frontier:stale d=1.8 age=26 dtg=14.10 region=0_4
ep=1311 s=57 17019ms [sel=0 cap=16504 rest=478] sg=1->1 mode=NONE win=8 obs=58 | cap=wip act=TURN request=-45deg execute=-15deg x1 a=2 | preview=view-/6 yaw=+0 render=37ms | sp=frontier:stale d=1.8 age=27 dtg=14.10 region=0_4
ep=1311 s=58 11631ms [sel=0 cap=11513 rest=118] sg=1->1 mode=NONE win=8 obs=59 | cap=wip act=TURN request=-45deg execute=-15deg x1 a=2 | sp=frontier:stale d=1.8 age=28 dtg=14.10 region=0_4
ep=1311 s=59 8948ms [sel=0 cap=8830 rest=118] sg=1->1 mode=NONE win=8 obs=60 | cap=wip act=TURN request=-45deg execute=-15deg x1 a=2 | sp=frontier:stale d=1.8 age=29 dtg=14.10 region=0_4
ep=1311 s=60 11540ms [sel=0 cap=11416 rest=124] sg=1->1 mode=NONE win=8 obs=61 | cap=wip act=TURN request=-45deg execute=-15deg x1 a=2 | sp=frontier:stale d=1.8 age=30 dtg=14.10 region=0_4
ep=1311 s=61 19475ms [sel=0 cap=19351 rest=124] sg=1->1 mode=NONE win=8 obs=62 | cap=wip act=TURN request=-45deg execute=-15deg x1 a=2 | sp=frontier:stale d=1.8 age=31 dtg=14.10 region=0_4
ep=1311 s=62 11430ms [sel=53 cap=11249 rest=127] sg=1->1 mode=NONE win=8 obs=63 | cap=wip act=(320,360) d=3.62 a=1 | sp=frontier:active d=3.6 age=0 dtg=13.94 region=0_4
ep=1311 s=63 14373ms [sel=9 cap=14239 rest=124] sg=1->1 mode=NONE win=8 obs=64 | cap=wip act=(320,360) d=3.38 a=3 | sp=frontier:active d=3.4 age=1 dtg=13.94 region=0_4
ep=1311 s=64 8385ms [sel=9 cap=8255 rest=121] sg=1->1 mode=NONE win=8 obs=65 | cap=wip act=(320,360) d=3.38 a=1 | sp=frontier:active d=3.4 age=2 dtg=13.76 region=0_4
ep=1311 s=65 10989ms [sel=7 cap=10855 rest=127] sg=1->1 mode=NONE win=8 obs=66 | cap=wip act=(320,360) d=3.13 a=3 | sp=frontier:active d=3.1 age=3 dtg=13.76 region=0_4
ep=1311 s=66 7189ms [sel=7 cap=7063 rest=119] sg=1->1 mode=NONE win=8 obs=67 | cap=wip act=(320,360) d=3.13 a=3 | sp=frontier:active d=3.1 age=4 dtg=13.76 region=0_4
ep=1311 s=67 20250ms [sel=8 cap=20125 rest=118] sg=1->1 mode=NONE win=8 obs=68 | cap=wip act=(320,360) d=3.13 a=1 | sp=frontier:active d=3.1 age=5 dtg=13.52 region=0_4
ep=1311 s=68 13120ms [sel=5 cap=12993 rest=122] sg=1->1 mode=NONE win=8 obs=69 | cap=wip act=(320,360) d=2.94 a=2 | sp=frontier:active d=2.9 age=6 dtg=13.52 region=0_4
ep=1311 s=69 9220ms [sel=3 cap=9099 rest=118] sg=1->1 mode=NONE win=8 obs=70 | cap=wip act=(320,360) d=2.94 a=1 | sp=frontier:active d=2.9 age=7 dtg=13.33 region=0_4
ep=1311 s=70 14040ms [sel=5 cap=13916 rest=119] sg=1->1 mode=NONE win=8 obs=71 | cap=wip act=(320,360) d=2.73 a=1 | sp=frontier:active d=2.7 age=8 dtg=12.96 region=0_4
ep=1311 s=71 11419ms [sel=3 cap=11291 rest=126] sg=1->1 mode=NONE win=8 obs=72 | cap=wip act=(320,360) d=2.52 a=1 | sp=frontier:active d=2.5 age=9 dtg=12.73 region=0_4
ep=1311 s=72 7525ms [sel=3 cap=7408 rest=114] sg=1->1 mode=NONE win=8 obs=73 | cap=wip act=(320,360) d=2.32 a=1 | sp=frontier:active d=2.3 age=10 dtg=12.51 region=0_4
ep=1311 s=73 6009ms [sel=7 cap=5883 rest=119] sg=1->1 mode=NONE win=8 obs=74 | cap=wip act=(320,360) d=2.13 a=1 | sp=frontier:active d=2.1 age=11 dtg=12.28 region=0_4
ep=1311 s=74 8792ms [sel=6 cap=8672 rest=113] sg=1->1 mode=NONE win=8 obs=75 | cap=wip act=(320,360) d=1.95 a=1 | sp=frontier:active d=1.9 age=12 dtg=12.06 region=0_4
ep=1311 s=75 7819ms [sel=7 cap=7697 rest=115] sg=1->1 mode=NONE win=8 obs=76 | cap=wip act=(320,360) d=1.79 a=1 | sp=frontier:active d=1.8 age=13 dtg=11.85 region=0_4
ep=1311 s=76 15065ms [sel=9 cap=14941 rest=115] sg=1->1 mode=NONE win=8 obs=77 | cap=wip act=(320,360) d=1.65 a=1 | sp=frontier:active d=1.7 age=14 dtg=11.63 region=0_4
ep=1311 s=77 11443ms [sel=50 cap=11276 rest=117] sg=1->1 mode=GET_NOWHERE win=8 obs=78 | cap=wip/GET_NOWHERE act=(320,360) d=4.59 a=3 | sp=frontier:active d=4.6 age=0 dtg=11.63 region=0_4
ep=1311 s=78 8246ms [sel=3 cap=8134 rest=109] sg=1->1 mode=NONE win=8 obs=79 | cap=wip act=(320,360) d=4.59 a=1 | sp=frontier:active d=4.6 age=1 dtg=11.39 region=0_4
ep=1311 s=79 17491ms [sel=3 cap=17382 rest=106] sg=1->1 mode=NONE win=8 obs=80 | cap=wip act=(320,360) d=4.34 a=1 | sp=frontier:active d=4.3 age=2 dtg=11.15 region=0_4
ep=1311 s=80 12867ms [sel=3 cap=12758 rest=106] sg=1->1 mode=NONE win=8 obs=81 | cap=wip act=(320,360) d=4.09 a=1 | sp=frontier:active d=4.1 age=3 dtg=10.91 region=0_4
ep=1311 s=81 17163ms [sel=3 cap=17045 rest=115] sg=1->1 mode=NONE win=8 obs=82 | cap=wip act=(320,360) d=3.84 a=1 | sp=frontier:active d=3.8 age=4 dtg=10.68 region=0_4
ep=1311 s=82 10869ms [sel=3 cap=10755 rest=111] sg=1->1 mode=NONE win=8 obs=83 | cap=wip act=(320,360) d=3.59 a=1 | sp=frontier:active d=3.6 age=5 dtg=10.44 region=0_4
ep=1311 s=83 10662ms [sel=3 cap=10545 rest=114] sg=1->1 mode=NONE win=8 obs=84 | cap=wip act=(320,360) d=3.34 a=1 | sp=frontier:active d=3.3 age=6 dtg=10.21 region=0_4
ep=1311 s=84 13420ms [sel=4 cap=13300 rest=116] sg=1->1 mode=NONE win=8 obs=85 | cap=wip act=(320,360) d=3.09 a=1 | sp=frontier:active d=3.1 age=7 dtg=9.97 region=0_4
ep=1311 s=85 10721ms [sel=3 cap=10573 rest=146] sg=1->1 mode=NONE win=8 obs=86 | cap=wip act=(320,360) d=2.85 a=1 | sp=frontier:active d=2.8 age=8 dtg=9.74 region=0_4
ep=1311 s=86 10238ms [sel=3 cap=10123 rest=112] sg=1->1 mode=NONE win=8 obs=87 | cap=wip act=(320,360) d=2.60 a=1 | sp=frontier:active d=2.6 age=9 dtg=9.51 region=0_4
ep=1311 s=87 10884ms [sel=3 cap=10766 rest=114] sg=1->1 mode=NONE win=8 obs=88 | cap=wip act=(320,360) d=2.35 a=1 | sp=frontier:active d=2.4 age=10 dtg=9.28 region=0_4
ep=1311 s=88 8227ms [sel=3 cap=8106 rest=118] sg=1->1 mode=NONE win=8 obs=89 | cap=wip act=(320,360) d=2.11 a=2 | sp=frontier:active d=2.1 age=11 dtg=9.28 region=0_4
ep=1311 s=89 44840ms [sel=35230 cap=9498 rest=112] sg=1->1 mode=NONE win=8 obs=90 | cap=wip act=(320,360) d=2.97 a=1 | sp=som:active d=3.0 age=0 som=2/8 dtg=9.08 region=0_4
ep=1311 s=90 6971ms [sel=3 cap=6852 rest=115] sg=1->1 mode=NONE win=8 obs=91 | cap=wip act=(320,360) d=2.72 a=3 | sp=som:active d=2.7 age=1 dtg=9.08 region=0_4
ep=1311 s=91 9871ms [sel=3 cap=9747 rest=120] sg=1->1 mode=NONE win=8 obs=92 | cap=wip act=(320,360) d=2.72 a=1 | sp=som:active d=2.7 age=2 dtg=8.86 region=0_4
ep=1311 s=92 8335ms [sel=3 cap=8214 rest=117] sg=1->1 mode=NONE win=8 obs=93 | cap=wip act=(320,360) d=2.47 a=1 | sp=som:active d=2.5 age=3 dtg=8.63 region=0_4
ep=1311 s=93 16954ms [sel=3 cap=16833 rest=118] sg=1->1 mode=NONE win=8 obs=94 | cap=wip act=(320,360) d=2.23 a=1 | sp=som:active d=2.2 age=4 dtg=8.41 region=0_4
ep=1311 s=94 12314ms [sel=3 cap=12194 rest=117] sg=1->1 mode=NONE win=8 obs=95 | cap=wip act=(320,360) d=1.98 a=1 | sp=som:active d=2.0 age=5 dtg=8.18 region=0_4
ep=1311 s=95 12999ms [sel=3 cap=12875 rest=122] sg=1->1 mode=NONE win=8 obs=96 | cap=wip act=(320,360) d=1.74 a=1 | sp=som:active d=1.7 age=6 dtg=7.96 region=0_4
ep=1311 s=96 8421ms [sel=3 cap=8304 rest=114] sg=1->1 mode=NONE win=8 obs=97 | cap=wip act=(320,360) d=1.50 a=1 | sp=som:active d=1.5 age=7 dtg=7.75 region=0_4
ep=1311 s=97 7578ms [sel=4 cap=7453 rest=121] sg=1->1 mode=NONE win=8 obs=98 | cap=wip act=(320,360) d=1.27 a=2 | sp=som:active d=1.3 age=8 dtg=7.75 region=0_4
ep=1311 s=98 9659ms [sel=3 cap=9527 rest=129] sg=1->1 mode=NONE win=8 obs=99 | cap=wip act=(320,360) d=1.27 a=1 | sp=som:active d=1.3 age=9 dtg=7.57 region=0_4
ep=1311 s=99 10804ms [sel=3 cap=10680 rest=121] sg=1->1 mode=NONE win=8 obs=100 | cap=wip act=(320,360) d=1.02 a=1 | sp=som:active d=1.0 age=10 dtg=7.40 region=0_4
ep=1311 s=100 8382ms [sel=4 cap=8254 rest=124] sg=1->1 mode=GET_NOWHERE win=8 obs=101 | cap=wip/GET_NOWHERE act=(320,360) d=0.77 a=1 | sp=som:active d=0.8 age=11 dtg=7.24 region=0_4
ep=1311 s=101 11727ms [sel=5 cap=11597 rest=125] sg=1->1 mode=NONE win=8 obs=102 | cap=wip act=(320,360) d=0.53 a=2 | sp=som:active d=0.5 age=12 dtg=7.24 region=0_4
ep=1311 s=102 9334ms [sel=4 cap=9208 rest=123] sg=1->1 mode=NONE win=8 obs=103 | cap=wip act=(320,360) d=0.53 a=1 | sp=som:active d=0.5 age=13 dtg=7.15 region=0_4
ep=1311 s=103 14491ms [sel=5424 cap=8945 rest=122] sg=1->1 mode=NONE win=8 obs=104 | cap=wip act=(320,360) d=1.53 a=3 | sp=frontier:active d=1.5 age=0 som=2/6 dtg=7.15 region=0_4
ep=1311 s=104 10807ms [sel=9 cap=10645 rest=153] sg=1->1 mode=NONE win=8 obs=105 | cap=wip act=(320,360) d=1.53 a=3 | sp=frontier:active d=1.5 age=1 dtg=7.15 region=0_4
ep=1311 s=105 13117ms [sel=5 cap=12951 rest=161] sg=1->1 mode=NONE win=8 obs=106 | cap=wip act=(320,360) d=1.53 a=3 | sp=frontier:active d=1.5 age=2 dtg=7.15 region=0_4
ep=1311 s=106 13500ms [sel=4 cap=13341 rest=155] sg=1->1 mode=NONE win=8 obs=107 | cap=wip act=(320,360) d=1.53 a=1 | sp=frontier:active d=1.5 age=3 dtg=6.92 region=0_4
ep=1311 s=107 7987ms [sel=3 cap=7845 rest=139] sg=1->1 mode=NONE win=8 obs=108 | cap=wip act=(320,360) d=1.29 a=1 | sp=frontier:active d=1.3 age=4 dtg=6.69 region=0_4
ep=1311 s=108 10119ms [sel=3 cap=9962 rest=155] sg=1->1 mode=NONE win=8 obs=109 | cap=wip act=(320,360) d=1.05 a=3 | sp=frontier:active d=1.0 age=5 dtg=6.69 region=0_4
ep=1311 s=109 8960ms [sel=3 cap=8840 rest=117] sg=1->1 mode=NONE win=8 obs=110 | cap=wip act=(320,360) d=1.05 a=1 | sp=frontier:active d=1.0 age=6 dtg=6.45 region=0_4
ep=1311 s=110 16357ms [sel=3 cap=16237 rest=118] sg=1->1 mode=NONE win=8 obs=111 | cap=wip act=(320,360) d=0.80 a=1 | sp=frontier:active d=0.8 age=7 dtg=6.20 region=0_4
ep=1311 s=111 11149ms [sel=4 cap=10992 rest=153] sg=1->1 mode=NONE win=8 obs=112 | cap=wip act=(320,360) d=0.55 a=3 | sp=frontier:active d=0.5 age=8 dtg=6.20 region=0_4
ep=1311 s=112 7884ms [sel=3 cap=7767 rest=114] sg=1->1 mode=NONE win=8 obs=113 | cap=wip act=(320,360) d=0.55 a=1 | sp=frontier:active d=0.5 age=9 dtg=5.95 region=0_4
ep=1311 s=113 16709ms [sel=46 cap=16548 rest=116] sg=1->1 mode=NONE win=8 obs=114 | cap=wip act=(320,360) d=2.59 a=1 | sp=frontier:active d=2.6 age=0 dtg=5.70 region=0_4
ep=1311 s=114 14520ms [sel=3 cap=14401 rest=115] sg=1->1 mode=NONE win=8 obs=115 | cap=wip act=(320,360) d=2.34 a=1 | sp=frontier:active d=2.3 age=1 dtg=5.45 region=0_4
ep=1311 s=115 12437ms [sel=4 cap=12318 rest=115] sg=1->1 mode=NONE win=8 obs=116 | cap=wip act=(320,360) d=2.09 a=1 | sp=frontier:active d=2.1 age=2 dtg=5.20 region=0_4
ep=1311 s=116 11748ms [sel=3 cap=11627 rest=118] sg=1->1 mode=NONE win=8 obs=117 | cap=wip act=(320,360) d=1.84 a=1 | sp=frontier:active d=1.8 age=3 dtg=4.95 region=0_4
ep=1311 s=117 3490ms [sel=4 cap=3370 rest=116] sg=1->1 mode=NONE win=8 obs=118 | cap=wip act=(320,360) d=1.59 a=1 | sp=frontier:active d=1.6 age=4 dtg=4.70 region=0_4
ep=1311 s=118 4463ms [sel=3 cap=4344 rest=115] sg=1->1 mode=NONE win=8 obs=119 | cap=wip act=(320,360) d=1.34 a=1 | sp=frontier:active d=1.3 age=5 dtg=4.46 region=0_4
ep=1311 s=119 12282ms [sel=4 cap=12160 rest=118] sg=1->1 mode=NONE win=8 obs=120 | cap=wip act=(320,360) d=1.09 a=1 | sp=frontier:active d=1.1 age=6 dtg=4.21 region=0_4
ep=1311 s=120 9305ms [sel=3 cap=9182 rest=119] sg=1->1 mode=NONE win=8 obs=121 | cap=wip act=(320,360) d=0.84 a=1 | sp=frontier:active d=0.8 age=7 dtg=3.96 region=0_4
ep=1311 s=121 10357ms [sel=4 cap=10235 rest=118] sg=1->1 mode=NONE win=8 obs=122 | cap=wip act=(320,360) d=0.59 a=1 | sp=frontier:active d=0.6 age=8 dtg=3.71 region=0_4
ep=1311 s=122 12683ms [sel=3500 cap=9058 rest=124] sg=1->1 mode=NONE win=8 obs=123 | cap=wip act=(320,360) d=3.04 a=1 | sp=som:active d=3.0 age=0 som=2/7 dtg=3.46 region=0_4
ep=1311 s=123 11808ms [sel=3 cap=11689 rest=116] sg=1->1 mode=NONE win=8 obs=124 | cap=wip act=(320,360) d=2.79 a=1 | sp=som:active d=2.8 age=1 dtg=3.21 region=0_4
ep=1311 s=124 11700ms [sel=3 cap=11581 rest=115] sg=1->1 mode=NONE win=8 obs=125 | cap=wip act=(320,360) d=2.54 a=1 | sp=som:active d=2.5 age=2 dtg=2.97 region=0_4
ep=1311 s=125 11595ms [sel=3 cap=11478 rest=114] sg=1->1 mode=NONE win=8 obs=126 | cap=wip act=(320,360) d=2.29 a=1 | sp=som:active d=2.3 age=3 dtg=2.73 region=0_4
ep=1311 s=126 12263ms [sel=3 cap=12149 rest=111] sg=1->1 mode=NONE win=8 obs=127 | cap=wip act=(320,360) d=2.04 a=1 | sp=som:active d=2.0 age=4 dtg=2.49 region=0_4
ep=1311 s=127 19537ms [sel=10003 cap=9420 rest=113] sg=1->1 mode=NONE win=8 obs=128 | cap=wip act=(320,360) d=2.99 a=1 | sp=som:active d=3.0 age=0 som=3/8 dtg=2.27 region=0_4
ep=1311 s=128 7779ms [sel=3 cap=7665 rest=111] sg=1->1 mode=NONE win=8 obs=129 | cap=wip act=(320,360) d=2.74 a=1 | sp=som:active d=2.7 age=1 dtg=2.07 region=0_4
ep=1311 s=129 9860ms [sel=3 cap=9751 rest=106] sg=1->1 mode=NONE win=8 obs=130 | cap=wip act=(320,360) d=2.49 a=1 | sp=som:active d=2.5 age=2 dtg=1.90 region=0_4
ep=1311 s=130 8457ms [sel=3 cap=8347 rest=108] sg=1->1 mode=NONE win=8 obs=131 | cap=wip act=(320,360) d=2.24 a=1 | sp=som:active d=2.2 age=3 dtg=1.75 region=0_4
ep=1311 s=131 14279ms [sel=3 cap=14167 rest=109] sg=1->1 mode=NONE win=8 obs=132 | cap=wip act=(320,360) d=1.99 a=1 | sp=som:active d=2.0 age=4 dtg=1.63 region=0_4
ep=1311 s=132 8933ms [sel=3 cap=8818 rest=112] sg=1->1 mode=NONE win=8 obs=133 | cap=wip act=(320,360) d=1.74 a=1 | sp=som:active d=1.7 age=5 dtg=1.54 region=0_4
ep=1311 s=133 11578ms [sel=3 cap=11461 rest=115] sg=1->1 mode=NONE win=8 obs=134 | cap=wip act=(320,360) d=1.49 a=1 | sp=som:active d=1.5 age=6 dtg=1.49 region=0_4
ep=1311 s=134 9561ms [sel=3 cap=9442 rest=115] sg=1->1 mode=NONE win=8 obs=135 | cap=wip act=(320,360) d=1.24 a=1 | sp=som:active d=1.2 age=7 dtg=1.48 region=0_4
ep=1311 s=135 12791ms [sel=3 cap=12671 rest=117] sg=1->1 mode=NONE win=8 obs=136 | cap=wip act=(320,360) d=0.99 a=1 | sp=som:active d=1.0 age=8 dtg=1.51 region=0_4
ep=1311 s=136 6235ms [sel=3 cap=6112 rest=120] sg=1->1 mode=NONE win=8 obs=137 | cap=wip act=(320,360) d=0.75 a=1 | sp=som:active d=0.7 age=9 dtg=1.58 region=0_4
ep=1311 s=137 11423ms [sel=51 cap=11252 rest=121] sg=1->1 mode=NONE win=8 obs=138 | cap=wip act=(320,360) d=2.49 a=1 | sp=frontier:active d=2.5 age=0 dtg=1.69 region=0_4
ep=1311 s=138 12376ms [sel=3 cap=12255 rest=118] sg=1->1 mode=NONE win=8 obs=139 | cap=wip act=(320,360) d=2.24 a=1 | sp=frontier:active d=2.2 age=1 dtg=1.82 region=0_4
ep=1311 s=139 9007ms [sel=3 cap=8885 rest=119] sg=1->1 mode=NONE win=8 obs=140 | cap=wip act=(320,360) d=1.99 a=1 | sp=frontier:active d=2.0 age=2 dtg=1.98 region=0_4
ep=1311 s=140 8117ms [sel=4 cap=7577 rest=500] sg=1->1 mode=NONE win=8 obs=141 | cap=wip act=(320,360) d=1.74 a=1 | preview=view-/6 yaw=+0 render=37ms | sp=frontier:active d=1.7 age=3 dtg=2.17 region=0_4
ep=1311 s=141 10834ms [sel=3 cap=10715 rest=115] sg=1->1 mode=NONE win=8 obs=142 | cap=wip act=(320,360) d=1.49 a=1 | sp=frontier:active d=1.5 age=4 dtg=2.38 region=0_4
ep=1311 s=142 8710ms [sel=3 cap=8596 rest=111] sg=1->1 mode=NONE win=8 obs=143 | cap=wip act=(320,360) d=1.24 a=1 | sp=frontier:active d=1.2 age=5 dtg=2.60 region=0_4
ep=1311 s=143 14105ms [sel=3 cap=13569 rest=497] sg=1->1 mode=NONE win=8 obs=144 | cap=wip act=(320,360) d=0.99 a=1 | preview=view-/6 yaw=+0 render=36ms | sp=frontier:active d=1.0 age=6 dtg=2.84 region=0_4
ep=1311 s=144 12555ms [sel=3 cap=12442 rest=110] sg=1->1 mode=NONE win=8 obs=145 | cap=wip act=(320,360) d=0.74 a=1 | sp=frontier:active d=0.7 age=7 dtg=3.09 region=0_4
ep=1311 s=145 11309ms [sel=115 cap=11087 rest=107] sg=1->1 mode=NONE win=8 obs=146 | cap=wip act=(320,360) d=4.17 a=3 | sp=frontier:active d=4.2 age=0 dtg=3.09 region=0_4
ep=1311 s=146 13521ms [sel=55 cap=12940 rest=490] sg=1->1 mode=NONE win=8 obs=147 | cap=wip act=(320,360) d=4.17 a=3 | preview=view-/6 yaw=+0 render=36ms | sp=frontier:active d=4.2 age=1 dtg=3.09 region=0_4
ep=1311 s=147 14621ms [sel=39 cap=14466 rest=116] sg=1->1 mode=NONE win=8 obs=148 | cap=wip act=(320,360) d=4.17 a=3 | sp=frontier:active d=4.2 age=2 dtg=3.09 region=0_4
ep=1311 s=148 11166ms [sel=29 cap=11022 rest=114] sg=1->1 mode=NONE win=8 obs=149 | cap=wip act=(320,360) d=4.17 a=3 | sp=frontier:active d=4.2 age=3 dtg=3.09 region=0_4
ep=1311 s=149 15813ms [sel=3 cap=15266 rest=509] sg=1->1 mode=NONE win=8 obs=150 | cap=wip act=(320,360) d=4.17 a=3 | preview=view-/6 yaw=+0 render=36ms | sp=frontier:active d=4.2 age=4 dtg=3.09 region=0_4
ep=1311 s=150 12052ms [sel=3 cap=11938 rest=110] sg=1->1 mode=NONE win=8 obs=151 | cap=wip act=(320,360) d=4.17 a=3 | sp=frontier:active d=4.2 age=5 dtg=3.09 region=0_4
ep=1311 s=151 19206ms [sel=6 cap=19094 rest=106] sg=1->1 mode=NONE win=8 obs=152 | cap=wip act=(320,360) d=4.17 a=1 | sp=frontier:active d=4.2 age=6 dtg=3.16 region=0_4
ep=1311 s=152 12005ms [sel=7 cap=11890 rest=108] sg=1->1 mode=NONE win=8 obs=153 | cap=wip act=(320,360) d=3.99 a=1 | sp=frontier:active d=4.0 age=7 dtg=3.28 region=0_4
ep=1311 s=153 9590ms [sel=8 cap=9476 rest=106] sg=1->1 mode=NONE win=8 obs=154 | cap=wip act=(320,360) d=3.82 a=1 | sp=frontier:active d=3.8 age=8 dtg=3.42 region=0_4
ep=1311 s=154 10112ms [sel=15 cap=9992 rest=106] sg=1->1 mode=NONE win=8 obs=155 | cap=wip act=(320,360) d=3.66 a=1 | sp=frontier:active d=3.7 age=9 dtg=3.58 region=0_4
ep=1311 s=155 7222ms [sel=10 cap=7104 rest=109] sg=1->1 mode=NONE win=8 obs=156 | cap=wip act=(320,360) d=3.52 a=3 | sp=frontier:active d=3.5 age=10 dtg=3.58 region=0_4
ep=1311 s=156 8413ms [sel=14 cap=8295 rest=104] sg=1->1 mode=NONE win=8 obs=157 | cap=wip act=(320,360) d=3.52 a=1 | sp=frontier:active d=3.5 age=11 dtg=3.70 region=0_4
ep=1311 s=157 13987ms [sel=16 cap=13868 rest=103] sg=1->1 mode=NONE win=8 obs=158 | cap=wip act=(320,360) d=3.44 a=1 | sp=frontier:active d=3.4 age=12 dtg=3.83 region=0_4
ep=1311 s=158 9101ms [sel=15 cap=8984 rest=102] sg=1->1 mode=NONE win=8 obs=159 | cap=wip act=(320,360) d=3.38 a=2 | sp=frontier:active d=3.4 age=13 dtg=3.83 region=0_4
ep=1311 s=159 13782ms [sel=10 cap=13668 rest=103] sg=1->1 mode=NONE win=8 obs=160 | cap=wip act=(320,360) d=3.38 a=1 | sp=frontier:active d=3.4 age=14 dtg=4.03 region=0_4
ep=1311 s=160 5492ms [sel=12 cap=5378 rest=102] sg=1->1 mode=NONE win=8 obs=161 | cap=wip act=(320,360) d=3.28 a=1 | sp=frontier:active d=3.3 age=15 dtg=4.23 region=0_4
ep=1311 s=161 12571ms [sel=12 cap=12454 rest=104] sg=1->1 mode=NONE win=8 obs=162 | cap=wip act=(320,360) d=3.19 a=2 | sp=frontier:active d=3.2 age=16 dtg=4.23 region=0_4
ep=1311 s=162 11958ms [sel=9 cap=11840 rest=110] sg=1->1 mode=NONE win=8 obs=163 | cap=wip act=(320,360) d=3.19 a=1 | sp=frontier:active d=3.2 age=17 dtg=4.47 region=0_4
ep=1311 s=163 7451ms [sel=10 cap=7328 rest=112] sg=1->1 mode=NONE win=8 obs=164 | cap=wip act=(320,360) d=3.06 a=2 | sp=frontier:active d=3.1 age=18 dtg=4.47 region=0_4
ep=1311 s=164 8211ms [sel=5 cap=8086 rest=119] sg=1->1 mode=NONE win=8 obs=165 | cap=wip act=(320,360) d=3.06 a=1 | sp=frontier:active d=3.1 age=19 dtg=4.72 region=0_4
ep=1311 s=165 8923ms [sel=7 cap=8801 rest=115] sg=1->1 mode=NONE win=8 obs=166 | cap=wip act=(320,360) d=2.89 a=1 | sp=frontier:active d=2.9 age=20 dtg=4.96 region=0_4
ep=1311 s=166 10787ms [sel=67 cap=10602 rest=118] sg=1->1 mode=NONE win=8 obs=167 | cap=wip act=(320,360) d=3.12 a=1 | sp=frontier:active d=3.1 age=0 dtg=5.21 region=0_4
ep=1311 s=167 14290ms [sel=3 cap=14170 rest=117] sg=1->1 mode=NONE win=8 obs=168 | cap=wip act=(320,360) d=2.90 a=2 | sp=frontier:active d=2.9 age=1 dtg=5.21 region=0_4
ep=1311 s=168 8328ms [sel=3 cap=7720 rest=569] sg=1->1 mode=NONE win=8 obs=169 | cap=wip act=(320,360) d=2.90 a=1 | preview=view-/6 yaw=+0 render=36ms | sp=frontier:active d=2.9 age=2 dtg=5.46 region=0_4
ep=1311 s=169 13370ms [sel=3 cap=13246 rest=121] sg=1->1 mode=NONE win=8 obs=170 | cap=wip act=(320,360) d=2.67 a=1 | sp=frontier:active d=2.7 age=3 dtg=5.70 region=0_4
ep=1311 s=170 8757ms [sel=3 cap=8630 rest=124] sg=1->1 mode=NONE win=8 obs=171 | cap=wip act=(320,360) d=2.43 a=3 | sp=frontier:active d=2.4 age=4 dtg=5.70 region=0_4
ep=1311 s=171 24498ms [sel=56 cap=23850 rest=556] sg=1->1 mode=NONE win=8 obs=172 | cap=wip act=(160,180) d=4.08 a=3 | preview=view2/6 yaw=-15 render=36ms | sp=preview:active d=4.1 age=0 dtg=5.70 region=0_4
ep=1311 s=172 14329ms [sel=3 cap=14196 rest=130] sg=1->1 mode=NONE win=8 obs=173 | cap=wip act=(320,360) d=4.08 a=1 | sp=preview:active d=4.1 age=1 dtg=5.94 region=0_4
ep=1311 s=173 11791ms [sel=3 cap=11669 rest=119] sg=1->1 mode=NONE win=8 obs=174 | cap=wip act=(320,360) d=3.84 a=3 | sp=preview:active d=3.8 age=2 dtg=5.94 region=0_4
ep=1311 s=174 14093ms [sel=38 cap=13470 rest=550] sg=1->1 mode=NONE win=8 obs=175 | cap=wip act=(160,180) d=3.47 a=3 | preview=view3/6 yaw=+15 render=36ms | sp=preview:active d=3.5 age=0 dtg=5.94 region=0_4
ep=1311 s=175 9168ms [sel=3 cap=9023 rest=142] sg=1->1 mode=NONE win=8 obs=176 | cap=wip act=(320,360) d=3.47 a=3 | sp=preview:active d=3.5 age=1 dtg=5.94 region=0_4
ep=1311 s=176 10798ms [sel=3 cap=10674 rest=121] sg=1->1 mode=NONE win=8 obs=177 | cap=wip act=(320,360) d=3.47 a=3 | sp=preview:active d=3.5 age=2 dtg=5.94 region=0_4
ep=1311 s=177 17672ms [sel=21 cap=17023 rest=562] sg=1->1 mode=NONE win=8 obs=178 | cap=wip act=(160,180) d=3.81 a=2 | preview=view3/6 yaw=+0 render=66ms | sp=preview:active d=3.8 age=0 dtg=5.94 region=0_4
ep=1311 s=178 15388ms [sel=3 cap=15269 rest=116] sg=1->1 mode=NONE win=8 obs=179 | cap=wip act=(320,360) d=3.81 a=2 | sp=preview:active d=3.8 age=1 dtg=5.94 region=0_4
ep=1311 s=179 10461ms [sel=3 cap=10337 rest=121] sg=1->1 mode=NONE win=8 obs=180 | cap=wip act=(320,360) d=3.81 a=1 | sp=preview:active d=3.8 age=2 dtg=6.11 region=0_4
ep=1311 s=180 16037ms [sel=44 cap=15412 rest=544] sg=1->1 mode=NONE win=8 obs=181 | cap=wip act=(160,180) d=3.47 a=3 | preview=view4/6 yaw=+75 render=37ms | sp=preview:active d=3.5 age=0 dtg=6.11 region=0_4
ep=1311 s=181 14902ms [sel=25 cap=14761 rest=116] sg=1->1 mode=NONE win=8 obs=182 | cap=wip act=(320,360) d=3.47 a=3 | sp=preview:active d=3.5 age=1 dtg=6.11 region=0_4
ep=1311 s=182 18905ms [sel=26 cap=18769 rest=110] sg=1->1 mode=NONE win=8 obs=183 | cap=wip act=(320,360) d=3.47 a=3 | sp=preview:active d=3.5 age=2 dtg=6.11 region=0_4
ep=1311 s=183 15070ms [sel=24 cap=14475 rest=534] sg=1->1 mode=NONE win=8 obs=184 | cap=wip act=(320,360) d=3.47 a=3 | preview=view-/6 yaw=+0 render=37ms | sp=preview:active d=3.5 age=3 dtg=6.11 region=0_4
ep=1311 s=184 12274ms [sel=14 cap=12159 rest=101] sg=1->1 mode=WALL_STUCK win=8 obs=185 | cap=wip/WALL_STUCK act=(320,360) d=3.47 a=3 | sp=preview:active d=3.5 age=4 dtg=6.11 region=0_4
ep=1311 s=185 12595ms [sel=3 cap=12490 rest=103] sg=1->1 mode=WALL_STUCK win=8 obs=186 | cap=wip/WALL_STUCK act=(320,360) d=3.47 a=3 | sp=preview:active d=3.5 age=5 dtg=6.11 region=0_4
ep=1311 s=186 17764ms [sel=17 cap=17191 rest=518] sg=1->1 mode=WALL_STUCK win=8 obs=187 | cap=wip/WALL_STUCK act=PREVIEW a=2 | preview=view2/6 yaw=-15 render=38ms | sp=preview:active d=3.5 age=0 dtg=6.11 region=0_4
ep=1311 s=187 12660ms [sel=5366 cap=7187 rest=107] sg=1->1 mode=NONE win=8 obs=188 | cap=wip act=(320,360) d=3.17 a=3 | sp=som:active d=3.2 age=0 som=3/8 dtg=6.11 region=0_4
ep=1311 s=188 9127ms [sel=3 cap=9021 rest=103] sg=1->1 mode=NONE win=8 obs=189 | cap=wip act=(320,360) d=3.17 a=1 | sp=som:active d=3.2 age=1 dtg=5.93 region=0_4
ep=1311 s=189 13117ms [sel=3 cap=13012 rest=102] sg=1->1 mode=NONE win=8 obs=190 | cap=wip act=(320,360) d=2.92 a=1 | sp=som:active d=2.9 age=2 dtg=5.75 region=0_4
ep=1311 s=190 11725ms [sel=4 cap=11618 rest=103] sg=1->1 mode=NONE win=8 obs=191 | cap=wip act=(320,360) d=2.68 a=3 | sp=som:active d=2.7 age=3 dtg=5.75 region=0_4
ep=1311 s=191 11991ms [sel=3 cap=11879 rest=109] sg=1->1 mode=NONE win=8 obs=192 | cap=wip act=(320,360) d=2.68 a=1 | sp=som:active d=2.7 age=4 dtg=5.54 region=0_4
ep=1311 s=192 17911ms [sel=22 cap=17319 rest=533] sg=1->1 mode=NONE win=8 obs=193 | cap=wip act=(160,180) d=4.08 a=1 | preview=view2/6 yaw=-45 render=37ms | sp=preview:active d=4.1 age=0 dtg=5.33 region=0_4
ep=1311 s=193 9037ms [sel=3 cap=8917 rest=118] sg=1->1 mode=NONE win=8 obs=194 | cap=wip act=(320,360) d=3.83 a=3 | sp=preview:active d=3.8 age=1 dtg=5.33 region=0_4
ep=1311 s=194 8414ms [sel=3 cap=8291 rest=120] sg=1->1 mode=NONE win=8 obs=195 | cap=wip act=(320,360) d=3.83 a=1 | sp=preview:active d=3.8 age=2 dtg=5.10 region=0_4
ep=1311 s=195 9536ms [sel=3 cap=9408 rest=125] sg=1->1 mode=NONE win=8 obs=196 | cap=wip act=(320,360) d=3.61 a=1 | sp=preview:active d=3.6 age=3 dtg=4.87 region=0_4
ep=1311 s=196 13419ms [sel=82 cap=13221 rest=116] sg=1->1 mode=NONE win=8 obs=197 | cap=wip act=(320,360) d=6.38 a=1 | sp=frontier:active d=6.4 age=0 dtg=4.63 region=0_4
ep=1311 s=197 9838ms [sel=10 cap=9708 rest=120] sg=1->1 mode=NONE win=8 obs=198 | cap=wip act=(320,360) d=6.14 a=3 | sp=frontier:active d=6.1 age=1 dtg=4.63 region=0_4
ep=1311 s=198 10406ms [sel=10 cap=10282 rest=114] sg=1->1 mode=NONE win=8 obs=199 | cap=wip act=(320,360) d=6.14 a=1 | sp=frontier:active d=6.1 age=2 dtg=4.39 region=0_4
ep=1311 s=199 10093ms [sel=8 cap=9972 rest=113] sg=1->1 mode=NONE win=8 obs=200 | cap=wip act=(320,360) d=5.89 a=1 | sp=frontier:active d=5.9 age=3 dtg=4.14 region=0_4
ep=1311 s=200 10152ms [sel=6 cap=10032 rest=115] sg=1->1 mode=NONE win=8 obs=201 | cap=wip act=(320,360) d=5.64 a=1 | sp=frontier:active d=5.6 age=4 dtg=3.89 region=0_4
ep=1311 s=201 5930ms [sel=6 cap=5794 rest=130] sg=1->1 mode=NONE win=8 obs=202 | cap=wip act=(320,360) d=5.40 a=1 | sp=frontier:active d=5.4 age=5 dtg=3.64 region=0_4
ep=1311 s=202 15681ms [sel=22 cap=15085 rest=538] sg=1->1 mode=NONE win=8 obs=203 | cap=wip act=(160,180) d=3.33 a=1 | preview=view3/6 yaw=+0 render=36ms | sp=preview:active d=3.3 age=0 dtg=3.40 region=0_4
ep=1311 s=203 8542ms [sel=4 cap=8421 rest=117] sg=1->1 mode=NONE win=8 obs=204 | cap=wip act=(320,360) d=3.08 a=1 | sp=preview:active d=3.1 age=1 dtg=3.15 region=0_4
ep=1311 s=204 18841ms [sel=3 cap=18718 rest=120] sg=1->1 mode=NONE win=8 obs=205 | cap=wip act=(320,360) d=2.84 a=3 | sp=preview:active d=2.8 age=2 dtg=3.15 region=0_4
ep=1311 s=205 16469ms [sel=21 cap=15875 rest=536] sg=1->1 mode=NONE win=8 obs=206 | cap=wip act=(160,180) d=3.49 a=3 | preview=view2/6 yaw=-15 render=38ms | sp=preview:active d=3.5 age=0 dtg=3.15 region=0_4
ep=1311 s=206 4981ms [sel=3 cap=4865 rest=114] sg=1->1 mode=NONE win=8 obs=207 | cap=wip act=(320,360) d=3.49 a=1 | sp=preview:active d=3.5 age=1 dtg=2.92 region=0_4
ep=1311 s=207 8430ms [sel=3 cap=8314 rest=114] sg=1->1 mode=NONE win=8 obs=208 | cap=wip act=(320,360) d=3.24 a=2 | sp=preview:active d=3.2 age=2 dtg=2.92 region=0_4
ep=1311 s=208 5099ms [sel=3 cap=4980 rest=117] sg=1->1 mode=NONE win=8 obs=209 | cap=wip act=(320,360) d=3.24 a=1 | sp=preview:active d=3.2 age=3 dtg=2.67 region=0_4
ep=1311 s=209 9561ms [sel=3 cap=9437 rest=120] sg=1->1 mode=NONE win=8 obs=210 | cap=wip act=(320,360) d=2.99 a=1 | sp=preview:active d=3.0 age=4 dtg=2.42 region=0_4
ep=1311 s=210 6856ms [sel=3 cap=6731 rest=122] sg=1->1 mode=NONE win=8 obs=211 | cap=wip act=(320,360) d=2.74 a=1 | sp=preview:active d=2.7 age=5 dtg=2.17 region=0_4
ep=1311 s=211 9795ms [sel=3 cap=9672 rest=121] sg=1->1 mode=NONE win=8 obs=212 | cap=wip act=(320,360) d=2.49 a=3 | sp=preview:active d=2.5 age=6 dtg=2.17 region=0_4
ep=1311 s=212 7615ms [sel=3 cap=7496 rest=116] sg=1->1 mode=NONE win=8 obs=213 | cap=wip act=(320,360) d=2.49 a=1 | sp=preview:active d=2.5 age=7 dtg=1.94 region=0_4
ep=1311 s=213 7056ms [sel=3 cap=6934 rest=119] sg=1->1 mode=NONE win=8 obs=214 | cap=wip act=(320,360) d=2.25 a=2 | sp=preview:active d=2.3 age=8 dtg=1.94 region=0_4
ep=1311 s=214 8846ms [sel=3 cap=8726 rest=118] sg=1->1 mode=NONE win=8 obs=215 | cap=wip act=(320,360) d=2.25 a=1 | sp=preview:active d=2.3 age=9 dtg=1.70 region=0_4
ep=1311 s=215 10679ms [sel=3 cap=10561 rest=115] sg=1->1 mode=NONE win=8 obs=216 | cap=wip act=(320,360) d=2.00 a=2 | sp=preview:active d=2.0 age=10 dtg=1.70 region=0_4
ep=1311 s=216 16690ms [sel=3 cap=16562 rest=125] sg=1->1 mode=NONE win=8 obs=217 | cap=wip act=(320,360) d=2.00 a=1 | sp=preview:active d=2.0 age=11 dtg=1.45 region=0_4
ep=1311 s=217 14040ms [sel=5274 cap=8638 rest=129] sg=1->1 mode=NONE win=8 obs=218 | cap=wip act=(320,360) d=2.97 a=1 | sp=som:active d=3.0 age=0 som=4/8 dtg=1.20 region=0_4
ep=1311 s=218 7998ms [sel=3 cap=7877 rest=118] sg=1->1 mode=NONE win=8 obs=219 | cap=wip act=(320,360) d=2.72 a=1 | sp=som:active d=2.7 age=1 dtg=0.95 region=0_4
ep=1311 s=219 6671ms [sel=3 cap=6081 rest=549] sg=1->1 mode=NONE win=8 obs=220 | cap=wip act=(320,360) d=2.47 a=1 | preview=view-/6 yaw=+0 render=38ms | sp=som:active d=2.5 age=2 dtg=0.70 region=0_4
ep=1311 s=220 7982ms [sel=3 cap=7853 rest=127] sg=1->1 mode=NONE win=8 obs=221 | cap=wip act=(320,360) d=2.22 a=3 | sp=som:active d=2.2 age=3 dtg=0.70 region=0_4
ep=1311 s=221 14117ms [sel=3 cap=13992 rest=121] sg=1->1 mode=NONE win=8 obs=222 | cap=wip act=(320,360) d=2.22 a=1 | sp=som:active d=2.2 age=4 dtg=0.46 region=0_4
ep=1311 s=222 11219ms [sel=3 cap=11092 rest=124] sg=1->1 mode=NONE win=8 obs=223 | cap=wip act=(320,360) d=1.97 a=1 | sp=som:active d=2.0 age=5 dtg=0.22 region=0_14
ep=1311 s=223 13176ms [sel=3 cap=13048 rest=124] sg=1->1 mode=NONE win=8 obs=224 | cap=wip act=(320,360) d=1.73 a=1 | sp=som:active d=1.7 age=6 dtg=0.11 region=0_14
ep=1311 s=224 9559ms [sel=3 cap=9435 rest=122] sg=1->1 mode=NONE win=8 obs=225 | cap=wip act=(320,360) d=1.48 a=1 | sp=som:active d=1.5 age=7 dtg=0.32 region=0_14
ep=1311 s=225 10112ms [sel=3 cap=9988 rest=121] sg=1->1 mode=NONE win=8 obs=226 | cap=wip act=(320,360) d=1.23 a=2 | sp=som:active d=1.2 age=8 dtg=0.32 region=0_14
ep=1311 s=226 11898ms [sel=3 cap=11764 rest=131] sg=1->1 mode=NONE win=8 obs=227 | cap=wip act=(320,360) d=1.23 a=1 | sp=som:active d=1.2 age=9 dtg=0.55 region=None
ep=1311 s=227 11346ms [sel=3 cap=11223 rest=121] sg=1->1 mode=NONE win=8 obs=228 | cap=wip act=(320,360) d=0.99 a=1 | sp=som:active d=1.0 age=10 dtg=0.79 region=0_5
ep=1311 s=228 14724ms [sel=3 cap=14600 rest=121] sg=1->1 mode=NONE win=8 obs=229 | cap=wip act=(320,360) d=0.74 a=1 | sp=som:active d=0.7 age=11 dtg=1.03 region=0_5
ep=1311 s=229 11783ms [sel=90 cap=11572 rest=122] sg=1->1 mode=NONE win=8 obs=230 | cap=wip act=(320,359) d=2.05 a=1 | sp=straight_ahead:active d=1.8 age=0 dtg=1.28 region=0_5
ep=1311 s=230 6915ms [sel=4 cap=6789 rest=123] sg=1->1 mode=NONE win=8 obs=231 | cap=wip act=(320,360) d=1.54 a=1 | sp=straight_ahead:active d=1.5 age=1 dtg=1.53 region=0_5
ep=1311 s=231 10649ms [sel=3 cap=10521 rest=125] sg=1->1 mode=NONE win=8 obs=232 | cap=wip act=(320,360) d=1.29 a=1 | sp=straight_ahead:active d=1.3 age=2 dtg=1.78 region=0_5
ep=1311 s=232 4270ms [sel=3 cap=4143 rest=124] sg=1->1 mode=NONE win=8 obs=233 | cap=wip act=(320,360) d=1.04 a=1 | sp=straight_ahead:active d=1.0 age=3 dtg=2.03 region=0_5
ep=1311 s=233 11877ms [sel=3 cap=11739 rest=135] sg=1->1 mode=NONE win=8 obs=234 | cap=wip act=(320,360) d=0.79 a=1 | sp=straight_ahead:active d=0.8 age=4 dtg=2.28 region=0_5
ep=1311 s=234 6189ms [sel=3 cap=6057 rest=129] sg=1->1 mode=NONE win=8 obs=235 | cap=wip act=(320,360) d=0.54 a=1 | sp=straight_ahead:active d=0.5 age=5 dtg=2.53 region=0_5
ep=1311 s=235 9398ms [sel=3847 cap=5420 rest=131] sg=1->1 mode=NONE win=8 obs=236 | cap=wip act=(320,360) d=2.63 a=3 | sp=som:active d=2.6 age=0 som=1/8 dtg=2.53 region=0_5
ep=1311 s=236 8690ms [sel=3 cap=8566 rest=122] sg=1->1 mode=NONE win=8 obs=237 | cap=wip act=(320,360) d=2.63 a=1 | sp=som:active d=2.6 age=1 dtg=2.77 region=0_5
ep=1311 s=237 6084ms [sel=3 cap=5957 rest=123] sg=1->1 mode=NONE win=8 obs=238 | cap=wip act=(320,360) d=2.38 a=1 | sp=som:active d=2.4 age=2 dtg=3.02 region=0_5
ep=1311 s=238 20075ms [sel=19 cap=19484 rest=535] sg=1->1 mode=NONE win=8 obs=239 | cap=wip act=(160,180) d=3.01 a=1 | preview=view3/6 yaw=+0 render=36ms | sp=preview:active d=3.0 age=0 dtg=3.26 region=0_5
ep=1311 s=239 11064ms [sel=3 cap=10934 rest=127] sg=1->1 mode=NONE win=8 obs=240 | cap=wip act=(320,360) d=2.76 a=1 | sp=preview:active d=2.8 age=1 dtg=3.51 region=0_5
ep=1311 s=240 8886ms [sel=4 cap=8758 rest=125] sg=1->1 mode=NONE win=8 obs=241 | cap=wip act=(320,360) d=2.51 a=1 | sp=preview:active d=2.5 age=2 dtg=3.76 region=0_5
ep=1311 s=241 17205ms [sel=35 cap=16615 rest=518] sg=1->1 mode=NONE win=8 obs=242 | cap=wip act=(160,180) d=3.70 a=1 | preview=view3/6 yaw=+0 render=37ms | sp=preview:active d=3.7 age=0 dtg=4.01 region=0_5
ep=1311 s=242 7189ms [sel=4 cap=7056 rest=129] sg=1->1 mode=NONE win=8 obs=243 | cap=wip act=(320,360) d=3.51 a=3 | sp=preview:active d=3.5 age=1 dtg=4.01 region=0_5
ep=1311 s=243 22213ms [sel=4 cap=22084 rest=125] sg=1->1 mode=NONE win=8 obs=244 | cap=wip act=(320,360) d=3.51 a=3 | sp=preview:active d=3.5 age=2 dtg=4.01 region=0_5
ep=1311 s=244 15594ms [sel=35 cap=14984 rest=534] sg=1->1 mode=NONE win=8 obs=245 | cap=wip act=(160,180) d=3.62 a=2 | preview=view2/6 yaw=-30 render=40ms | sp=preview:active d=3.6 age=0 dtg=4.01 region=0_5
ep=1311 s=245 8262ms [sel=4 cap=8134 rest=124] sg=1->1 mode=NONE win=8 obs=246 | cap=wip act=(320,360) d=3.62 a=1 | sp=preview:active d=3.6 age=1 dtg=4.24 region=0_5
ep=1311 s=246 8409ms [sel=4 cap=8279 rest=126] sg=1->1 mode=NONE win=8 obs=247 | cap=wip act=(320,360) d=3.48 a=1 | sp=preview:active d=3.5 age=2 dtg=4.48 region=0_5
ep=1311 s=247 12435ms [sel=20 cap=11861 rest=516] sg=1->1 mode=NONE win=8 obs=248 | cap=wip act=(160,180) d=0.61 a=2 | preview=view2/6 yaw=-30 render=38ms | sp=preview:active d=0.6 age=0 dtg=4.48 region=0_5
ep=1311 s=248 8917ms [sel=3 cap=8787 rest=127] sg=1->1 mode=NONE win=8 obs=249 | cap=wip act=(320,360) d=0.61 a=2 | sp=preview:active d=0.6 age=1 dtg=4.48 region=0_5
ep=1311 s=249 7677ms [sel=3 cap=7545 rest=129] sg=1->1 mode=NONE win=8 obs=250 | cap=wip act=(320,360) d=0.61 a=1 | sp=preview:active d=0.6 age=2 dtg=4.72 region=0_5
ep=1311 s=250 11027ms [sel=16 cap=10445 rest=529] sg=1->1 mode=NONE win=8 obs=251 | cap=wip act=PREVIEW a=2 | preview=view2/6 yaw=-15 render=37ms | sp=preview:reached d=0.4 age=0 dtg=4.72 region=0_5
ep=1311 s=251 16414ms [sel=8038 cap=8244 rest=131] sg=1->1 mode=NONE win=8 obs=252 | cap=wip act=(320,360) d=2.31 a=3 | sp=som:active d=2.3 age=0 som=2/8 dtg=4.72 region=0_5
ep=1311 s=252 14746ms [sel=3 cap=14614 rest=129] sg=1->1 mode=NONE win=8 obs=253 | cap=wip act=(320,360) d=2.31 a=3 | sp=som:active d=2.3 age=1 dtg=4.72 region=0_5
ep=1311 s=253 12496ms [sel=3 cap=11953 rest=503] sg=1->1 mode=NONE win=8 obs=254 | cap=wip act=(320,360) d=2.31 a=1 | preview=view-/6 yaw=+0 render=37ms | sp=som:active d=2.3 age=2 dtg=4.97 region=0_5
ep=1311 s=254 15334ms [sel=8143 cap=7063 rest=127] sg=1->1 mode=NONE win=8 obs=255 | cap=wip act=(320,360) d=2.06 a=3 | sp=som:active d=2.1 age=0 som=2/7 dtg=4.97 region=0_5
ep=1311 s=255 6057ms [sel=3 cap=5926 rest=128] sg=1->1 mode=NONE win=8 obs=256 | cap=wip act=(320,360) d=2.06 a=1 | sp=som:active d=2.1 age=1 dtg=5.21 region=0_5
ep=1311 s=256 10523ms [sel=3 cap=10392 rest=128] sg=1->1 mode=NONE win=8 obs=257 | cap=wip act=(320,360) d=1.81 a=1 | sp=som:active d=1.8 age=2 dtg=5.44 region=0_5
ep=1311 s=257 12199ms [sel=3 cap=12070 rest=126] sg=1->1 mode=NONE win=8 obs=258 | cap=wip act=(320,360) d=1.57 a=1 | sp=som:active d=1.6 age=3 dtg=5.68 region=0_5
ep=1311 s=258 8625ms [sel=3 cap=8492 rest=130] sg=1->1 mode=NONE win=8 obs=259 | cap=wip act=(320,360) d=1.32 a=1 | sp=som:active d=1.3 age=4 dtg=5.92 region=0_5
ep=1311 s=259 9536ms [sel=3 cap=9400 rest=133] sg=1->1 mode=NONE win=8 obs=260 | cap=wip act=(320,360) d=1.08 a=1 | sp=som:active d=1.1 age=5 dtg=6.16 region=0_5
ep=1311 s=260 17297ms [sel=55 cap=16700 rest=504] sg=1->1 mode=NONE win=8 obs=261 | cap=wip act=(160,180) d=3.41 a=3 | preview=view0/6 yaw=-180 render=38ms | sp=preview:active d=3.4 age=0 dtg=6.16 region=0_5
ep=1311 s=261 8275ms [sel=8 cap=8141 rest=126] sg=1->1 mode=NONE win=8 obs=262 | cap=wip act=(320,360) d=3.41 a=3 | sp=preview:active d=3.4 age=1 dtg=6.16 region=0_5
ep=1311 s=262 9991ms [sel=6 cap=9858 rest=127] sg=1->1 mode=NONE win=8 obs=263 | cap=wip act=(320,360) d=3.41 a=3 | sp=preview:active d=3.4 age=2 dtg=6.16 region=0_5
ep=1311 s=263 7940ms [sel=5 cap=7810 rest=125] sg=1->1 mode=NONE win=8 obs=264 | cap=wip act=(320,360) d=3.41 a=3 | sp=preview:active d=3.4 age=3 dtg=6.16 region=0_5
ep=1311 s=264 8731ms [sel=4 cap=8603 rest=125] sg=1->1 mode=NONE win=8 obs=265 | cap=wip act=(320,360) d=3.41 a=1 | sp=preview:active d=3.4 age=4 dtg=6.23 region=0_5
ep=1311 s=265 5362ms [sel=4 cap=5237 rest=122] sg=1->1 mode=NONE win=8 obs=266 | cap=wip act=(320,360) d=3.66 a=1 | sp=preview:active d=3.7 age=5 dtg=6.30 region=0_5
ep=1311 s=266 11134ms [sel=4 cap=11008 rest=122] sg=1->1 mode=NONE win=8 obs=267 | cap=wip act=(320,360) d=3.91 a=1 | sp=preview:active d=3.9 age=6 dtg=6.55 region=0_5
ep=1311 s=267 14862ms [sel=5 cap=14732 rest=125] sg=1->1 mode=NONE win=8 obs=268 | cap=wip act=(320,360) d=4.16 a=2 | sp=preview:active d=4.2 age=7 dtg=6.55 region=0_5
ep=1311 s=268 11051ms [sel=4 cap=10924 rest=123] sg=1->1 mode=NONE win=8 obs=269 | cap=wip act=(320,360) d=4.16 a=1 | sp=preview:active d=4.2 age=8 dtg=6.53 region=0_5
ep=1311 s=269 3387ms [sel=4 cap=3260 rest=124] sg=1->1 mode=NONE win=8 obs=270 | cap=wip act=(320,360) d=4.39 a=1 | sp=preview:active d=4.4 age=9 dtg=6.69 region=0_5
ep=1311 s=270 10849ms [sel=4 cap=10720 rest=125] sg=1->1 mode=NONE win=8 obs=271 | cap=wip act=(320,360) d=4.63 a=1 | sp=preview:active d=4.6 age=10 dtg=6.85 region=0_5
ep=1311 s=271 8718ms [sel=6 cap=8590 rest=122] sg=1->1 mode=NONE win=8 obs=272 | cap=wip act=(320,360) d=4.87 a=2 | sp=preview:active d=4.9 age=11 dtg=6.85 region=0_5
ep=1311 s=272 7668ms [sel=29 cap=7514 rest=125] sg=1->1 mode=NONE win=8 obs=273 | cap=wip act=(320,360) d=4.87 a=1 | sp=preview:active d=4.9 age=12 dtg=7.06 region=0_5
ep=1311 s=273 8705ms [sel=6 cap=8574 rest=126] sg=1->1 mode=NONE win=8 obs=274 | cap=wip act=(320,360) d=5.09 a=1 | sp=preview:active d=5.1 age=13 dtg=7.27 region=0_5
ep=1311 s=274 8968ms [sel=7 cap=8832 rest=129] sg=1->1 mode=NONE win=8 obs=275 | cap=wip act=(320,360) d=5.31 a=2 | sp=preview:active d=5.3 age=14 dtg=7.27 region=0_5
ep=1311 s=275 7584ms [sel=4 cap=7458 rest=122] sg=1->1 mode=NONE win=8 obs=276 | cap=wip act=(320,360) d=5.31 a=1 | sp=preview:active d=5.3 age=15 dtg=7.51 region=0_5
ep=1311 s=276 9300ms [sel=5 cap=9167 rest=128] sg=1->1 mode=NONE win=8 obs=277 | cap=wip act=(320,360) d=5.50 a=2 | sp=preview:active d=5.5 age=16 dtg=7.51 region=0_5
ep=1311 s=277 10889ms [sel=4 cap=10755 rest=130] sg=1->1 mode=NONE win=8 obs=278 | cap=wip act=(320,360) d=5.50 a=1 | sp=preview:active d=5.5 age=17 dtg=7.76 region=0_13
ep=1311 s=278 14149ms [sel=4 cap=14017 rest=128] sg=1->1 mode=NONE win=8 obs=279 | cap=wip act=(320,360) d=5.64 a=1 | sp=preview:active d=5.6 age=18 dtg=8.01 region=0_13
ep=1311 s=279 15447ms [sel=32 cap=15287 rest=128] sg=1->1 mode=NONE win=8 obs=280 | cap=wip act=(320,360) d=5.79 a=2 | sp=preview:active d=5.8 age=19 dtg=8.01 region=0_13
ep=1311 s=280 16939ms [sel=7146 cap=9659 rest=133] sg=1->1 mode=NONE win=8 obs=281 | cap=wip act=(320,360) d=3.03 a=3 | sp=som:active d=3.0 age=0 som=5/8 dtg=8.01 region=0_13
ep=1311 s=281 10830ms [sel=3 cap=10703 rest=124] sg=1->1 mode=NONE win=8 obs=282 | cap=wip act=(320,360) d=3.03 a=1 | sp=som:active d=3.0 age=1 dtg=8.26 region=0_13
ep=1311 s=282 9683ms [sel=3 cap=9559 rest=121] sg=1->1 mode=NONE win=8 obs=283 | cap=wip act=(320,360) d=2.78 a=1 | sp=som:active d=2.8 age=2 dtg=8.51 region=0_6
ep=1311 s=283 14597ms [sel=3 cap=14443 rest=150] sg=1->1 mode=NONE win=8 obs=284 | cap=wip act=(320,360) d=2.53 a=1 | sp=som:active d=2.5 age=3 dtg=8.76 region=0_6
ep=1311 s=284 9514ms [sel=3 cap=9388 rest=123] sg=1->1 mode=NONE win=8 obs=285 | cap=wip act=(320,360) d=2.28 a=1 | sp=som:active d=2.3 age=4 dtg=9.01 region=0_6
ep=1311 s=285 8990ms [sel=3 cap=8863 rest=124] sg=1->1 mode=NONE win=8 obs=286 | cap=wip act=(320,360) d=2.03 a=1 | sp=som:active d=2.0 age=5 dtg=9.26 region=0_6
ep=1311 s=286 9960ms [sel=3 cap=9833 rest=124] sg=1->1 mode=NONE win=8 obs=287 | cap=wip act=(320,360) d=1.78 a=1 | sp=som:active d=1.8 age=6 dtg=9.51 region=0_6
ep=1311 s=287 6040ms [sel=4 cap=5910 rest=127] sg=1->1 mode=NONE win=8 obs=288 | cap=wip act=(320,360) d=1.54 a=1 | sp=som:active d=1.5 age=7 dtg=9.76 region=0_6
ep=1311 s=288 10253ms [sel=3 cap=10123 rest=128] sg=1->1 mode=NONE win=8 obs=289 | cap=wip act=(320,360) d=1.29 a=1 | sp=som:active d=1.3 age=8 dtg=10.01 region=0_6
ep=1311 s=289 9568ms [sel=3 cap=9439 rest=127] sg=1->1 mode=NONE win=8 obs=290 | cap=wip act=(320,360) d=1.05 a=1 | sp=som:active d=1.0 age=9 dtg=10.26 region=0_6
ep=1311 s=290 5801ms [sel=3 cap=5673 rest=126] sg=1->1 mode=NONE win=8 obs=291 | cap=wip act=(320,360) d=0.80 a=3 | sp=som:active d=0.8 age=10 dtg=10.26 region=0_6
ep=1311 s=291 13388ms [sel=3 cap=13248 rest=137] sg=1->1 mode=NONE win=8 obs=292 | cap=wip act=(320,360) d=0.80 a=1 | sp=som:active d=0.8 age=11 dtg=10.50 region=0_6
ep=1311 s=292 6823ms [sel=3 cap=6684 rest=136] sg=1->1 mode=NONE win=8 obs=293 | cap=wip act=(320,360) d=0.56 a=1 | sp=som:active d=0.6 age=12 dtg=10.74 region=0_6
ep=1311 s=293 10466ms [sel=2865 cap=7456 rest=146] sg=1->1 mode=NONE win=8 obs=294 | cap=wip act=(320,360) d=3.58 a=1 | sp=frontier:active d=3.6 age=0 som=5/8 dtg=10.98 region=0_6
ep=1311 s=294 9479ms [sel=43 cap=8904 rest=496] sg=1->1 mode=NONE win=8 obs=295 | cap=wip act=(320,360) d=3.34 a=1 | preview=view-/6 yaw=+0 render=37ms | sp=frontier:active d=3.3 age=1 dtg=11.22 region=0_6
ep=1311 s=295 9225ms [sel=42 cap=9045 rest=138] sg=1->1 mode=NONE win=8 obs=296 | cap=wip act=(320,360) d=3.10 a=2 | sp=frontier:active d=3.1 age=2 dtg=11.22 region=0_6
ep=1311 s=296 7399ms [sel=43 cap=7217 rest=139] sg=1->1 mode=NONE win=8 obs=297 | cap=wip act=(320,360) d=3.10 a=1 | sp=frontier:active d=3.1 age=3 dtg=11.47 region=0_6
ep=1311 s=297 11362ms [sel=35 cap=11196 rest=131] sg=1->1 mode=NONE win=8 obs=298 | cap=wip act=(320,360) d=2.85 a=1 | sp=frontier:active d=2.8 age=4 dtg=11.68 region=0_6
ep=1311 s=298 9057ms [sel=10 cap=8914 rest=134] sg=1->1 mode=NONE win=8 obs=299 | cap=wip act=(320,360) d=1.34 a=3 | sp=frontier:active d=1.3 age=5 dtg=11.68 region=0_6
ep=1311 s=299 17029ms [sel=12 cap=16884 rest=132] sg=1->1 mode=NONE win=8 obs=300 | cap=wip act=(320,360) d=1.34 a=1 | sp=frontier:active d=1.3 age=6 dtg=11.75 region=0_6
ep=1311 s=300 8758ms [sel=12 cap=8610 rest=136] sg=1->1 mode=NONE win=8 obs=301 | cap=wip act=(320,360) d=1.27 a=1 | sp=frontier:active d=1.3 age=7 dtg=11.75 region=0_6
ep=1311 s=301 9658ms [sel=0 cap=9289 rest=369] sg=1->1 mode=NONE win=8 obs=302 | cap=wip act=TURN request=-45deg execute=-15deg x1 a=2 | sp=frontier:active d=1.3 age=8 ovr=4 dtg=11.75 region=0_6
ep=1311 s=302 9328ms [sel=0 cap=9190 rest=138] sg=1->1 mode=NONE win=8 obs=303 | cap=wip act=TURN request=-45deg execute=-15deg x1 a=2 | sp=frontier:active d=1.3 age=9 ovr=4 dtg=11.75 region=0_6
ep=1311 s=303 12669ms [sel=0 cap=12534 rest=135] sg=1->1 mode=NONE win=8 obs=304 | cap=wip act=TURN request=-45deg execute=-15deg x1 a=2 | sp=frontier:active d=1.3 age=10 ovr=4 dtg=11.75 region=0_6
ep=1311 s=304 13622ms [sel=0 cap=13482 rest=140] sg=1->1 mode=NONE win=8 obs=305 | cap=wip act=TURN request=-45deg execute=-15deg x1 a=2 | sp=frontier:active d=1.3 age=11 ovr=4 dtg=11.75 region=0_6
ep=1311 s=305 13598ms [sel=0 cap=13470 rest=128] sg=1->1 mode=NONE win=8 obs=306 | cap=wip act=TURN request=-45deg execute=-15deg x1 a=2 | sp=frontier:active d=1.3 age=12 ovr=4 dtg=11.75 region=0_6
ep=1311 s=306 12713ms [sel=0 cap=12163 rest=514] sg=1->1 mode=NONE win=8 obs=307 | cap=wip act=TURN request=-45deg execute=-15deg x1 a=2 | preview=view-/6 yaw=+0 render=37ms | sp=frontier:active d=1.3 age=13 ovr=4 dtg=11.75 region=0_6
ep=1311 s=307 10720ms [sel=0 cap=10593 rest=127] sg=1->1 mode=NONE win=8 obs=308 | cap=wip act=TURN request=-45deg execute=-15deg x1 a=2 | sp=frontier:active d=1.3 age=14 ovr=4 dtg=11.75 region=0_6
ep=1311 s=308 13208ms [sel=35 cap=13043 rest=130] sg=1->1 mode=NONE win=8 obs=309 | cap=wip act=(320,360) d=1.27 a=3 | sp=frontier:active d=1.3 age=15 dtg=11.75 region=0_6
ep=1311 s=309 22390ms [sel=13636 cap=8626 rest=129] sg=1->1 mode=NONE win=8 obs=310 | cap=wip act=(320,360) d=2.55 a=2 | sp=som:active d=2.6 age=0 som=3/7 dtg=11.75 region=0_6
ep=1311 s=310 9287ms [sel=7 cap=9153 rest=127] sg=1->1 mode=NONE win=8 obs=311 | cap=wip act=(320,360) d=2.55 a=1 | sp=som:active d=2.6 age=1 dtg=11.76 region=0_6
ep=1311 s=311 13093ms [sel=3 cap=12963 rest=127] sg=1->1 mode=NONE win=8 obs=312 | cap=wip act=(320,360) d=2.31 a=2 | sp=som:active d=2.3 age=2 dtg=11.76 region=0_6
ep=1311 s=312 10423ms [sel=3 cap=10291 rest=129] sg=1->1 mode=NONE win=8 obs=313 | cap=wip act=(320,360) d=2.31 a=1 | sp=som:active d=2.3 age=3 dtg=11.70 region=0_6
ep=1311 s=313 11830ms [sel=3 cap=11697 rest=130] sg=1->1 mode=NONE win=8 obs=314 | cap=wip act=(320,360) d=2.09 a=1 | sp=som:active d=2.1 age=4 dtg=11.65 region=0_6
ep=1311 s=314 12180ms [sel=4 cap=12042 rest=134] sg=1->1 mode=NONE win=8 obs=315 | cap=wip act=(320,360) d=1.89 a=1 | sp=som:active d=1.9 age=5 dtg=11.64 region=0_6
ep=1311 s=315 14441ms [sel=4 cap=14307 rest=130] sg=1->1 mode=NONE win=8 obs=316 | cap=wip act=(320,360) d=1.69 a=1 | sp=som:active d=1.7 age=6 dtg=11.76 region=0_6
ep=1311 s=316 9257ms [sel=5 cap=9125 rest=127] sg=1->1 mode=NONE win=8 obs=317 | cap=wip act=(320,360) d=1.52 a=1 | sp=som:active d=1.5 age=7 dtg=11.69 region=0_6
ep=1311 s=317 8526ms [sel=7 cap=8359 rest=160] sg=1->1 mode=NONE win=8 obs=318 | cap=wip act=(320,360) d=1.36 a=1 | sp=som:active d=1.4 age=8 dtg=11.69 region=0_6
ep=1311 s=318 10587ms [sel=8 cap=10454 rest=125] sg=1->1 mode=NONE win=8 obs=319 | cap=wip act=(320,360) d=1.24 a=2 | sp=som:active d=1.2 age=9 dtg=11.69 region=0_6
ep=1311 s=319 13683ms [sel=9 cap=13549 rest=125] sg=1->1 mode=NONE win=8 obs=320 | cap=wip act=(320,360) d=1.24 a=1 | sp=som:active d=1.2 age=10 dtg=11.65 region=0_6
ep=1311 s=320 9174ms [sel=11 cap=9036 rest=127] sg=1->1 mode=NONE win=8 obs=321 | cap=wip act=(320,360) d=1.22 a=3 | sp=som:active d=1.2 age=11 dtg=11.65 region=0_6
ep=1311 s=321 9827ms [sel=9 cap=9691 rest=127] sg=1->1 mode=NONE win=8 obs=322 | cap=wip act=(320,360) d=1.22 a=1 | sp=som:active d=1.2 age=12 dtg=11.70 region=0_6
ep=1311 s=322 13411ms [sel=4835 cap=8451 rest=126] sg=1->1 mode=NONE win=8 obs=323 | cap=wip act=(320,360) d=3.03 a=1 | sp=som:active d=3.0 age=0 som=5/8 dtg=11.79 region=0_6
ep=1311 s=323 8984ms [sel=4 cap=8851 rest=129] sg=1->1 mode=NONE win=8 obs=324 | cap=wip act=(320,360) d=2.79 a=1 | sp=som:active d=2.8 age=1 dtg=11.91 region=0_6
ep=1311 s=324 8174ms [sel=3 cap=8041 rest=131] sg=1->1 mode=NONE win=8 obs=325 | cap=wip act=(320,360) d=2.55 a=1 | sp=som:active d=2.5 age=2 dtg=12.06 region=0_6
ep=1311 s=325 10207ms [sel=3 cap=10074 rest=130] sg=1->1 mode=NONE win=8 obs=326 | cap=wip act=(320,360) d=2.31 a=1 | sp=som:active d=2.3 age=3 dtg=12.40 region=0_6
ep=1311 s=326 13991ms [sel=3 cap=13858 rest=130] sg=1->1 mode=NONE win=8 obs=327 | cap=wip act=(320,360) d=2.07 a=3 | sp=som:active d=2.1 age=4 dtg=12.40 region=0_6
ep=1311 s=327 13096ms [sel=3 cap=12963 rest=130] sg=1->1 mode=NONE win=8 obs=328 | cap=wip act=(320,360) d=2.07 a=1 | sp=som:active d=2.1 age=5 dtg=12.51 region=0_6
ep=1311 s=328 10341ms [sel=4 cap=10200 rest=137] sg=1->1 mode=NONE win=8 obs=329 | cap=wip act=(320,360) d=1.82 a=1 | sp=som:active d=1.8 age=6 dtg=12.65 region=0_6
ep=1311 s=329 12067ms [sel=3 cap=11926 rest=138] sg=1->1 mode=NONE win=8 obs=330 | cap=wip act=(320,360) d=1.57 a=1 | sp=som:active d=1.6 age=7 dtg=12.82 region=0_6
ep=1311 s=330 10292ms [sel=3 cap=10153 rest=136] sg=1->1 mode=NONE win=8 obs=331 | cap=wip act=(320,360) d=1.32 a=1 | sp=som:active d=1.3 age=8 dtg=13.01 region=0_12
ep=1311 s=331 11724ms [sel=3 cap=11583 rest=138] sg=1->1 mode=NONE win=8 obs=332 | cap=wip act=(320,360) d=1.07 a=1 | sp=som:active d=1.1 age=9 dtg=13.20 region=0_12
ep=1311 s=332 7728ms [sel=3 cap=7585 rest=140] sg=1->1 mode=NONE win=8 obs=333 | cap=wip act=(320,360) d=0.82 a=1 | sp=som:active d=0.8 age=10 dtg=13.41 region=0_12
ep=1311 s=333 13806ms [sel=3 cap=13667 rest=136] sg=1->1 mode=NONE win=8 obs=334 | cap=wip act=(320,360) d=0.57 a=1 | sp=som:active d=0.6 age=11 dtg=13.63 region=None
ep=1311 s=334 11050ms [sel=82 cap=10834 rest=134] sg=1->1 mode=NONE win=8 obs=335 | cap=wip act=(320,360) d=2.79 a=3 | sp=frontier:active d=2.8 age=0 dtg=13.63 region=None
ep=1311 s=335 12234ms [sel=3 cap=12101 rest=130] sg=1->1 mode=NONE win=8 obs=336 | cap=wip act=(320,360) d=2.79 a=3 | sp=frontier:active d=2.8 age=1 dtg=13.63 region=None
ep=1311 s=336 13121ms [sel=3 cap=12987 rest=131] sg=1->1 mode=NONE win=8 obs=337 | cap=wip act=(320,360) d=2.79 a=1 | sp=frontier:active d=2.8 age=2 dtg=13.88 region=0_7
ep=1311 s=337 15591ms [sel=3 cap=15457 rest=131] sg=1->1 mode=NONE win=8 obs=338 | cap=wip act=(320,360) d=2.54 a=1 | sp=frontier:active d=2.5 age=3 dtg=14.13 region=0_7
ep=1311 s=338 13933ms [sel=3 cap=13375 rest=519] sg=1->1 mode=NONE win=8 obs=339 | cap=wip act=(320,360) d=2.29 a=1 | preview=view-/6 yaw=+0 render=37ms | sp=frontier:active d=2.3 age=4 dtg=14.38 region=0_7
ep=1311 s=339 6995ms [sel=3 cap=6861 rest=130] sg=1->1 mode=NONE win=8 obs=340 | cap=wip act=(320,360) d=2.04 a=1 | sp=frontier:active d=2.0 age=5 dtg=14.63 region=0_7
ep=1311 s=340 8208ms [sel=3 cap=8073 rest=133] sg=1->1 mode=NONE win=8 obs=341 | cap=wip act=(320,360) d=1.79 a=1 | sp=frontier:active d=1.8 age=6 dtg=14.88 region=0_7
ep=1311 s=341 11078ms [sel=3 cap=10943 rest=132] sg=1->1 mode=NONE win=8 obs=342 | cap=wip act=(320,360) d=1.55 a=1 | sp=frontier:active d=1.5 age=7 dtg=15.13 region=0_7
ep=1311 s=342 7382ms [sel=4 cap=7248 rest=130] sg=1->1 mode=NONE win=8 obs=343 | cap=wip act=(320,360) d=1.30 a=1 | sp=frontier:active d=1.3 age=8 dtg=15.38 region=0_7
ep=1311 s=343 12990ms [sel=3 cap=12856 rest=131] sg=1->1 mode=NONE win=8 obs=344 | cap=wip act=(320,360) d=1.05 a=1 | sp=frontier:active d=1.1 age=9 dtg=15.63 region=0_7
ep=1311 s=344 11158ms [sel=3 cap=11026 rest=129] sg=1->1 mode=NONE win=8 obs=345 | cap=wip act=(320,360) d=0.81 a=2 | sp=frontier:active d=0.8 age=10 dtg=15.63 region=0_7
ep=1311 s=345 14735ms [sel=3 cap=14175 rest=522] sg=1->1 mode=NONE win=8 obs=346 | cap=wip act=(320,360) d=0.81 a=1 | preview=view-/6 yaw=+0 render=36ms | sp=frontier:active d=0.8 age=11 dtg=15.87 region=0_7
ep=1311 s=346 15845ms [sel=9400 cap=6313 rest=132] sg=1->1 mode=NONE win=8 obs=347 | cap=wip act=(320,360) d=2.79 a=1 | sp=som:active d=2.8 age=0 som=4/8 dtg=16.17 region=0_7
ep=1311 s=347 8497ms [sel=3 cap=8363 rest=131] sg=1->1 mode=NONE win=8 obs=348 | cap=wip act=(320,360) d=2.54 a=2 | sp=som:active d=2.5 age=1 dtg=16.17 region=0_7
ep=1311 s=348 6875ms [sel=3 cap=6738 rest=134] sg=1->1 mode=NONE win=8 obs=349 | cap=wip act=(320,360) d=2.54 a=1 | sp=som:active d=2.5 age=2 dtg=16.38 region=0_7
ep=1311 s=349 9480ms [sel=3 cap=9345 rest=132] sg=1->1 mode=NONE win=8 obs=350 | cap=wip act=(320,360) d=2.30 a=1 | sp=som:active d=2.3 age=3 dtg=16.59 region=0_7
ep=1311 s=350 11783ms [sel=3 cap=11650 rest=130] sg=1->1 mode=NONE win=8 obs=351 | cap=wip act=(320,360) d=2.06 a=1 | sp=som:active d=2.1 age=4 dtg=16.83 region=0_7
ep=1311 s=351 11116ms [sel=3 cap=10984 rest=129] sg=1->1 mode=NONE win=8 obs=352 | cap=wip act=(320,360) d=1.81 a=1 | sp=som:active d=1.8 age=5 dtg=17.48 region=0_7
ep=1311 s=352 6309ms [sel=3 cap=6176 rest=131] sg=1->1 mode=NONE win=8 obs=353 | cap=wip act=(320,360) d=1.57 a=1 | sp=som:active d=1.6 age=6 dtg=17.48 region=0_7
ep=1311 s=353 8065ms [sel=4 cap=7919 rest=142] sg=1->1 mode=NONE win=8 obs=354 | cap=wip act=(320,360) d=1.34 a=3 | sp=som:active d=1.3 age=7 dtg=17.48 region=0_7
ep=1311 s=354 5946ms [sel=3 cap=5804 rest=138] sg=1->1 mode=NONE win=8 obs=355 | cap=wip act=(320,360) d=1.34 a=1 | sp=som:active d=1.3 age=8 dtg=17.65 region=0_7
ep=1311 s=355 14360ms [sel=3 cap=14206 rest=151] sg=1->1 mode=NONE win=8 obs=356 | cap=wip act=(320,360) d=1.09 a=1 | sp=som:active d=1.1 age=9 dtg=17.86 region=0_7
ep=1311 s=356 9102ms [sel=3 cap=8968 rest=131] sg=1->1 mode=NONE win=8 obs=357 | cap=wip act=(320,360) d=0.84 a=1 | sp=som:active d=0.8 age=10 dtg=18.08 region=0_7
ep=1311 s=357 8679ms [sel=4 cap=8540 rest=134] sg=1->1 mode=NONE win=8 obs=358 | cap=wip act=(320,360) d=0.60 a=1 | sp=som:active d=0.6 age=11 dtg=18.32 region=0_7
ep=1311 s=358 9705ms [sel=2520 cap=7053 rest=132] sg=1->1 mode=NONE win=8 obs=359 | cap=wip act=(320,360) d=1.49 a=2 | sp=som:active d=1.5 age=0 som=3/8 dtg=18.32 region=0_7
ep=1311 s=359 12193ms [sel=44 cap=12006 rest=144] sg=1->1 mode=NONE win=8 obs=360 | cap=wip act=(320,360) d=1.49 a=2 | sp=som:active d=1.5 age=1 dtg=18.32 region=0_7
ep=1311 s=360 11982ms [sel=27 cap=11814 rest=141] sg=1->1 mode=NONE win=8 obs=361 | cap=wip act=(320,360) d=1.49 a=2 | sp=som:active d=1.5 age=2 dtg=18.32 region=0_7
ep=1311 s=361 9691ms [sel=27 cap=9532 rest=133] sg=1->1 mode=NONE win=8 obs=362 | cap=wip act=(320,360) d=1.49 a=2 | sp=som:active d=1.5 age=3 dtg=18.32 region=0_7
ep=1311 s=362 14057ms [sel=23 cap=13908 rest=125] sg=1->1 mode=NONE win=8 obs=363 | cap=wip act=(320,360) d=1.49 a=2 | sp=som:active d=1.5 age=4 dtg=18.32 region=0_7
ep=1311 s=363 7447ms [sel=23 cap=7294 rest=130] sg=1->1 mode=NONE win=8 obs=364 | cap=wip act=(320,360) d=1.49 a=2 | sp=som:active d=1.5 age=5 dtg=18.32 region=0_7
ep=1311 s=364 7822ms [sel=29 cap=7665 rest=129] sg=1->1 mode=NONE win=8 obs=365 | cap=wip act=(320,360) d=1.49 a=2 | sp=som:active d=1.5 age=6 dtg=18.32 region=0_7
ep=1311 s=365 9656ms [sel=30 cap=9492 rest=133] sg=1->1 mode=NONE win=8 obs=366 | cap=wip act=(320,360) d=1.49 a=2 | sp=som:active d=1.5 age=7 dtg=18.32 region=0_7
ep=1311 s=366 7859ms [sel=27 cap=7688 rest=144] sg=1->1 mode=NONE win=8 obs=367 | cap=wip act=(320,360) d=1.49 a=2 | sp=som:active d=1.5 age=8 dtg=18.32 region=0_7
ep=1311 s=367 9446ms [sel=53 cap=9256 rest=136] sg=1->1 mode=NONE win=8 obs=368 | cap=wip act=(320,360) d=1.49 a=2 | sp=som:active d=1.5 age=9 dtg=18.32 region=0_7
ep=1311 s=368 10434ms [sel=25 cap=10280 rest=128] sg=1->1 mode=NONE win=8 obs=369 | cap=wip act=(320,360) d=1.49 a=2 | sp=som:active d=1.5 age=10 dtg=18.32 region=0_7
ep=1311 s=369 10272ms [sel=26 cap=10104 rest=143] sg=1->1 mode=NONE win=8 obs=370 | cap=wip act=(320,360) d=1.49 a=2 | sp=som:active d=1.5 age=11 dtg=18.32 region=0_7
ep=1311 s=370 10899ms [sel=28 cap=10737 rest=134] sg=1->1 mode=NONE win=8 obs=371 | cap=wip act=(320,360) d=1.49 a=1 | sp=som:active d=1.5 age=12 dtg=18.08 region=0_7
ep=1311 s=371 5219ms [sel=31 cap=5056 rest=132] sg=1->1 mode=NONE win=8 obs=372 | cap=wip act=(320,360) d=1.73 a=1 | sp=som:active d=1.7 age=13 dtg=17.86 region=0_7
ep=1311 s=372 7667ms [sel=33 cap=7501 rest=132] sg=1->1 mode=NONE win=8 obs=373 | cap=wip act=(320,360) d=1.98 a=1 | sp=som:active d=2.0 age=14 dtg=17.65 region=0_7
ep=1311 s=373 6520ms [sel=35 cap=6355 rest=130] sg=1->1 mode=NONE win=8 obs=374 | cap=wip act=(320,360) d=2.23 a=2 | sp=som:active d=2.2 age=15 dtg=17.65 region=0_7
ep=1311 s=374 7385ms [sel=39 cap=7211 rest=135] sg=1->1 mode=NONE win=8 obs=375 | cap=wip act=(320,360) d=2.23 a=1 | sp=som:active d=2.2 age=16 dtg=17.54 region=0_7
ep=1311 s=375 9748ms [sel=43 cap=9550 rest=154] sg=1->1 mode=NONE win=8 obs=376 | cap=wip act=(320,360) d=2.48 a=1 | sp=som:active d=2.5 age=17 dtg=17.54 region=0_7
ep=1311 s=376 12509ms [sel=35 cap=12334 rest=141] sg=1->1 mode=NONE win=8 obs=377 | cap=wip act=(320,360) d=2.73 a=1 | sp=som:active d=2.7 age=18 dtg=16.84 region=0_7
ep=1311 s=377 7028ms [sel=37 cap=6852 rest=139] sg=1->1 mode=NONE win=8 obs=378 | cap=wip act=(320,360) d=2.97 a=1 | sp=som:active d=3.0 age=19 dtg=16.60 region=0_7
ep=1311 s=378 13565ms [sel=3617 cap=9808 rest=140] sg=1->1 mode=NONE win=8 obs=379 | cap=wip act=(320,360) d=3.09 a=1 | sp=som:active d=3.1 age=0 som=4/8 dtg=16.39 region=0_7
ep=1311 s=379 12510ms [sel=3 cap=12371 rest=136] sg=1->1 mode=NONE win=8 obs=380 | cap=wip act=(320,360) d=2.86 a=3 | sp=som:active d=2.9 age=1 dtg=16.39 region=0_7
ep=1311 s=380 10254ms [sel=4 cap=10111 rest=140] sg=1->1 mode=NONE win=8 obs=381 | cap=wip act=(320,360) d=2.86 a=1 | sp=som:active d=2.9 age=2 dtg=16.17 region=0_7
ep=1311 s=381 6806ms [sel=3 cap=6667 rest=136] sg=1->1 mode=NONE win=8 obs=382 | cap=wip act=(320,360) d=2.61 a=1 | sp=som:active d=2.6 age=3 dtg=15.87 region=0_7
ep=1311 s=382 13727ms [sel=4683 cap=8912 rest=132] sg=1->1 mode=NONE win=8 obs=383 | cap=wip act=(320,360) d=1.68 a=2 | sp=frontier:active d=1.7 age=0 som=B/8 dtg=15.87 region=0_7
ep=1311 s=383 12976ms [sel=17 cap=12827 rest=132] sg=1->1 mode=NONE win=8 obs=384 | cap=wip act=(320,360) d=1.68 a=2 | sp=frontier:active d=1.7 age=1 dtg=15.87 region=0_7
ep=1311 s=384 9007ms [sel=18 cap=8856 rest=133] sg=1->1 mode=NONE win=8 obs=385 | cap=wip act=(320,360) d=1.68 a=2 | sp=frontier:active d=1.7 age=2 dtg=15.87 region=0_7
ep=1311 s=385 8893ms [sel=18 cap=8744 rest=131] sg=1->1 mode=NONE win=8 obs=386 | cap=wip act=(320,360) d=1.68 a=2 | sp=frontier:active d=1.7 age=3 dtg=15.87 region=0_7
ep=1311 s=386 9419ms [sel=19 cap=9263 rest=137] sg=1->1 mode=NONE win=8 obs=387 | cap=wip act=(320,360) d=1.68 a=2 | sp=frontier:active d=1.7 age=4 dtg=15.87 region=0_7
ep=1311 s=387 11322ms [sel=5 cap=11187 rest=131] sg=1->1 mode=NONE win=8 obs=388 | cap=wip act=(320,360) d=1.68 a=2 | sp=frontier:active d=1.7 age=5 dtg=15.87 region=0_7
ep=1311 s=388 8998ms [sel=3 cap=8867 rest=128] sg=1->1 mode=NONE win=8 obs=389 | cap=wip act=(320,360) d=1.68 a=2 | sp=frontier:active d=1.7 age=6 dtg=15.87 region=0_7
ep=1311 s=389 8219ms [sel=3 cap=8093 rest=123] sg=1->1 mode=NONE win=8 obs=390 | cap=wip act=(320,360) d=1.68 a=1 | sp=frontier:active d=1.7 age=7 dtg=16.00 region=0_7
ep=1311 s=390 10699ms [sel=3 cap=10569 rest=127] sg=1->1 mode=NONE win=8 obs=391 | cap=wip act=(320,360) d=1.43 a=1 | sp=frontier:active d=1.4 age=8 dtg=16.13 region=0_7
ep=1311 s=391 10757ms [sel=3 cap=10630 rest=124] sg=1->1 mode=NONE win=8 obs=392 | cap=wip act=(320,360) d=1.19 a=1 | sp=frontier:active d=1.2 age=9 dtg=16.27 region=0_7
ep=1311 s=392 6227ms [sel=3 cap=6098 rest=126] sg=1->1 mode=NONE win=8 obs=393 | cap=wip act=(320,360) d=0.95 a=1 | sp=frontier:active d=1.0 age=10 dtg=16.43 region=0_7
ep=1311 s=393 8554ms [sel=3 cap=8428 rest=123] sg=1->1 mode=NONE win=8 obs=394 | cap=wip act=(320,360) d=0.73 a=1 | sp=frontier:active d=0.7 age=11 dtg=16.60 region=0_7
ep=1311 s=394 5390ms [sel=3 cap=5250 rest=137] sg=1->1 mode=NONE win=8 obs=395 | cap=wip act=(320,360) d=0.52 a=2 | sp=frontier:active d=0.5 age=12 dtg=16.60 region=0_7
ep=1311 s=395 9391ms [sel=4 cap=9247 rest=140] sg=1->1 mode=NONE win=8 obs=396 | cap=wip act=(320,360) d=0.52 a=2 | sp=frontier:active d=0.5 age=13 dtg=16.60 region=0_7
ep=1311 s=396 3955ms [sel=4 cap=3823 rest=128] sg=1->1 mode=NONE win=8 obs=397 | cap=wip act=(320,360) d=0.52 a=1 | sp=frontier:active d=0.5 age=14 dtg=16.85 region=0_7
ep=1311 s=397 12476ms [sel=5820 cap=6530 rest=126] sg=1->1 mode=NONE win=8 obs=398 | cap=wip act=(320,360) d=2.69 a=2 | sp=frontier:active d=2.7 age=0 som=2/5 dtg=16.85 region=0_7
ep=1311 s=398 6218ms [sel=34 cap=6052 rest=132] sg=1->1 mode=NONE win=8 obs=399 | cap=wip act=(320,360) d=2.69 a=2 | sp=frontier:active d=2.7 age=1 dtg=16.85 region=0_7
ep=1311 s=399 16134ms [sel=38 cap=15968 rest=127] sg=1->1 mode=NONE win=8 obs=400 | cap=wip act=(320,360) d=2.69 a=2 | sp=frontier:active d=2.7 age=2 dtg=16.85 region=0_7
ep=1311 s=400 22138ms [sel=45 cap=21954 rest=139] sg=1->1 mode=NONE win=8 obs=401 | cap=wip act=(320,360) d=2.69 a=2 | sp=frontier:active d=2.7 age=3 dtg=16.85 region=0_7
ep=1311 s=401 8680ms [sel=24 cap=8527 rest=129] sg=1->1 mode=NONE win=8 obs=402 | cap=wip act=(320,360) d=2.69 a=2 | sp=frontier:active d=2.7 age=4 dtg=16.85 region=0_7
ep=1311 s=402 7350ms [sel=20 cap=7192 rest=138] sg=1->1 mode=NONE win=8 obs=403 | cap=wip act=(320,360) d=2.69 a=2 | sp=frontier:active d=2.7 age=5 dtg=16.85 region=0_7
ep=1311 s=403 10726ms [sel=18 cap=10580 rest=128] sg=1->1 mode=NONE win=8 obs=404 | cap=wip act=(320,360) d=2.69 a=2 | sp=frontier:active d=2.7 age=6 dtg=16.85 region=0_7
ep=1311 s=404 14735ms [sel=39 cap=14162 rest=497] sg=1->1 mode=NONE win=8 obs=405 | cap=wip act=(160,180) d=4.39 a=2 | preview=view2/6 yaw=-30 render=38ms | sp=preview:active d=4.4 age=0 dtg=16.85 region=0_7
ep=1311 s=405 7562ms [sel=12 cap=7404 rest=145] sg=1->1 mode=NONE win=8 obs=406 | cap=wip act=(320,360) d=4.39 a=2 | sp=preview:active d=4.4 age=1 dtg=16.85 region=0_7
ep=1311 s=406 8109ms [sel=7 cap=7967 rest=135] sg=1->1 mode=NONE win=8 obs=407 | cap=wip act=(320,360) d=4.39 a=2 | sp=preview:active d=4.4 age=2 dtg=16.85 region=0_7
ep=1311 s=407 15106ms [sel=7 cap=14480 rest=544] sg=1->1 mode=NONE win=8 obs=408 | cap=wip act=(320,360) d=4.39 a=1 | preview=view-/6 yaw=+0 render=74ms | sp=preview:active d=4.4 age=3 dtg=16.67 region=0_7
ep=1311 s=408 7366ms [sel=7 cap=7232 rest=127] sg=1->1 mode=NONE win=8 obs=409 | cap=wip act=(320,360) d=4.14 a=2 | sp=preview:active d=4.1 age=4 dtg=16.67 region=0_7
ep=1311 s=409 8732ms [sel=9 cap=8591 rest=132] sg=1->1 mode=NONE win=8 obs=410 | cap=wip act=(320,360) d=4.14 a=1 | sp=preview:active d=4.1 age=5 dtg=16.46 region=0_7
ep=1311 s=410 7981ms [sel=3 cap=7434 rest=506] sg=1->1 mode=NONE win=8 obs=411 | cap=wip act=(320,360) d=3.91 a=1 | preview=view-/6 yaw=+0 render=38ms | sp=preview:active d=3.9 age=6 dtg=16.26 region=0_7
ep=1311 s=411 16545ms [sel=3 cap=16402 rest=139] sg=1->1 mode=NONE win=8 obs=412 | cap=wip act=(320,360) d=3.69 a=1 | sp=preview:active d=3.7 age=7 dtg=16.07 region=0_7
ep=1311 s=412 8047ms [sel=3 cap=7913 rest=131] sg=1->1 mode=NONE win=8 obs=413 | cap=wip act=(320,360) d=3.47 a=1 | sp=preview:active d=3.5 age=8 dtg=15.88 region=0_7
ep=1311 s=413 7343ms [sel=3 cap=6765 rest=538] sg=1->1 mode=NONE win=8 obs=414 | cap=wip act=(320,360) d=3.26 a=1 | preview=view-/6 yaw=+0 render=37ms | sp=preview:active d=3.3 age=9 dtg=15.70 region=0_7
ep=1311 s=414 11978ms [sel=11 cap=11836 rest=131] sg=1->1 mode=NONE win=8 obs=415 | cap=wip act=(320,360) d=3.05 a=1 | sp=preview:active d=3.1 age=10 dtg=15.53 region=0_7
ep=1311 s=415 13087ms [sel=16 cap=12940 rest=131] sg=1->1 mode=NONE win=8 obs=416 | cap=wip act=(320,360) d=2.86 a=3 | sp=preview:active d=2.9 age=11 dtg=15.53 region=0_7
ep=1311 s=416 20043ms [sel=45 cap=19427 rest=535] sg=1->1 mode=NONE win=8 obs=417 | cap=wip act=(160,180) d=3.59 a=2 | preview=view1/6 yaw=-60 render=37ms | sp=preview:active d=3.6 age=0 dtg=15.53 region=0_7
ep=1311 s=417 7633ms [sel=33 cap=7469 rest=132] sg=1->1 mode=NONE win=8 obs=418 | cap=wip act=(320,360) d=3.59 a=2 | sp=preview:active d=3.6 age=1 dtg=15.53 region=0_7
ep=1311 s=418 12416ms [sel=22 cap=12264 rest=131] sg=1->1 mode=NONE win=8 obs=419 | cap=wip act=(320,360) d=3.59 a=2 | sp=preview:active d=3.6 age=2 dtg=15.53 region=0_7
ep=1311 s=419 14104ms [sel=19 cap=13510 rest=536] sg=1->1 mode=NONE win=8 obs=420 | cap=wip act=(160,180) d=3.60 a=2 | preview=view1/6 yaw=-45 render=39ms | sp=preview:active d=3.6 age=0 dtg=15.53 region=0_7
ep=1311 s=420 8062ms [sel=3 cap=7929 rest=130] sg=1->1 mode=NONE win=8 obs=421 | cap=wip act=(320,360) d=3.60 a=1 | sp=preview:active d=3.6 age=1 dtg=15.28 region=0_7
ep=1311 s=421 15713ms [sel=4 cap=15578 rest=131] sg=1->1 mode=NONE win=8 obs=422 | cap=wip act=(320,360) d=3.36 a=1 | sp=preview:active d=3.4 age=2 dtg=15.03 region=0_7
ep=1311 s=422 18500ms [sel=13 cap=17920 rest=529] sg=1->1 mode=NONE win=8 obs=423 | cap=wip act=PREVIEW a=2 | preview=view1/6 yaw=-75 render=38ms | sp=preview:reached d=0.4 age=0 dtg=15.03 region=0_7
ep=1311 s=423 14636ms [sel=80 cap=14426 rest=130] sg=1->1 mode=NONE win=8 obs=424 | cap=wip act=(320,360) d=4.69 a=3 | sp=frontier:active d=4.7 age=0 dtg=15.03 region=0_7
ep=1311 s=424 6887ms [sel=3 cap=6755 rest=129] sg=1->1 mode=NONE win=8 obs=425 | cap=wip act=(320,360) d=4.69 a=3 | sp=frontier:active d=4.7 age=1 dtg=15.03 region=0_7
ep=1311 s=425 10225ms [sel=3 cap=10090 rest=132] sg=1->1 mode=NONE win=8 obs=426 | cap=wip act=(320,360) d=4.69 a=1 | sp=frontier:active d=4.7 age=2 dtg=14.79 region=0_7
ep=1311 s=426 11087ms [sel=3 cap=10958 rest=126] sg=1->1 mode=NONE win=8 obs=427 | cap=wip act=(320,360) d=4.45 a=1 | sp=frontier:active d=4.5 age=3 dtg=14.56 region=0_7
ep=1311 s=427 17925ms [sel=3 cap=17797 rest=126] sg=1->1 mode=NONE win=8 obs=428 | cap=wip act=(320,360) d=4.22 a=1 | sp=frontier:active d=4.2 age=4 dtg=14.33 region=0_7
ep=1311 s=428 9044ms [sel=3 cap=8903 rest=138] sg=1->1 mode=NONE win=8 obs=429 | cap=wip act=(320,360) d=3.98 a=2 | sp=frontier:active d=4.0 age=5 dtg=14.33 region=0_7
ep=1311 s=429 8992ms [sel=3 cap=8835 rest=154] sg=1->1 mode=NONE win=8 obs=430 | cap=wip act=(320,360) d=3.98 a=1 | sp=frontier:active d=4.0 age=6 dtg=14.08 region=0_7
ep=1311 s=430 11692ms [sel=3 cap=11566 rest=124] sg=1->1 mode=NONE win=8 obs=431 | cap=wip act=(320,360) d=3.73 a=1 | sp=frontier:active d=3.7 age=7 dtg=13.84 region=0_7
ep=1311 s=431 8795ms [sel=3 cap=8664 rest=128] sg=1->1 mode=NONE win=8 obs=432 | cap=wip act=(320,360) d=3.48 a=1 | sp=frontier:active d=3.5 age=8 dtg=13.59 region=0_7
ep=1311 s=432 7462ms [sel=3 cap=7321 rest=138] sg=1->1 mode=NONE win=8 obs=433 | cap=wip act=(320,360) d=3.24 a=2 | sp=frontier:active d=3.2 age=9 dtg=13.59 region=0_7
ep=1311 s=433 8395ms [sel=3 cap=8256 rest=136] sg=1->1 mode=NONE win=8 obs=434 | cap=wip act=(320,360) d=3.24 a=1 | sp=frontier:active d=3.2 age=10 dtg=13.34 region=0_12
ep=1311 s=434 7780ms [sel=3 cap=7633 rest=143] sg=1->1 mode=NONE win=8 obs=435 | cap=wip act=(320,360) d=2.99 a=1 | sp=frontier:active d=3.0 age=11 dtg=13.09 region=0_12
ep=1311 s=435 17773ms [sel=8525 cap=9106 rest=142] sg=1->1 mode=NONE win=8 obs=436 | cap=wip act=(320,360) d=2.04 a=2 | sp=som:active d=2.0 age=0 som=2/8 dtg=13.09 region=0_12
ep=1311 s=436 7589ms [sel=3 cap=7456 rest=130] sg=1->1 mode=NONE win=8 obs=437 | cap=wip act=(320,360) d=2.04 a=1 | sp=som:active d=2.0 age=1 dtg=12.86 region=0_12
ep=1311 s=437 5000ms [sel=3 cap=4864 rest=133] sg=1->1 mode=NONE win=8 obs=438 | cap=wip act=(320,360) d=1.84 a=1 | sp=som:active d=1.8 age=2 dtg=12.63 region=0_12
ep=1311 s=438 7745ms [sel=6 cap=7614 rest=126] sg=1->1 mode=NONE win=8 obs=439 | cap=wip act=(320,360) d=1.65 a=1 | sp=som:active d=1.7 age=3 dtg=12.42 region=0_6
ep=1311 s=439 13368ms [sel=7 cap=13235 rest=126] sg=1->1 mode=NONE win=8 obs=440 | cap=wip act=(320,360) d=1.48 a=3 | sp=som:active d=1.5 age=4 dtg=12.42 region=0_6
ep=1311 s=440 10349ms [sel=3 cap=10222 rest=124] sg=1->1 mode=NONE win=8 obs=441 | cap=wip act=(320,360) d=1.48 a=1 | sp=som:active d=1.5 age=5 dtg=12.19 region=0_6
ep=1311 s=441 7836ms [sel=5 cap=7706 rest=126] sg=1->1 mode=NONE win=8 obs=442 | cap=wip act=(320,360) d=1.29 a=3 | sp=som:active d=1.3 age=6 dtg=12.19 region=0_6
ep=1311 s=442 13057ms [sel=3 cap=12925 rest=129] sg=1->1 mode=NONE win=8 obs=443 | cap=wip act=(320,360) d=1.29 a=1 | sp=som:active d=1.3 age=7 dtg=11.94 region=0_6
ep=1311 s=443 9956ms [sel=3 cap=9823 rest=130] sg=1->1 mode=NONE win=8 obs=444 | cap=wip act=(320,360) d=1.07 a=3 | sp=som:active d=1.1 age=8 dtg=11.94 region=0_6
ep=1311 s=444 5674ms [sel=3 cap=5542 rest=130] sg=1->1 mode=NONE win=8 obs=445 | cap=wip act=(320,360) d=1.07 a=1 | sp=som:active d=1.1 age=9 dtg=11.69 region=0_6
ep=1311 s=445 11235ms [sel=3 cap=11100 rest=132] sg=1->1 mode=NONE win=8 obs=446 | cap=wip act=(320,360) d=0.84 a=3 | sp=som:active d=0.8 age=10 dtg=11.69 region=0_6
ep=1311 s=446 6023ms [sel=3 cap=5886 rest=134] sg=1->1 mode=NONE win=8 obs=447 | cap=wip act=(320,360) d=0.84 a=1 | sp=som:active d=0.8 age=11 dtg=11.46 region=0_6
ep=1311 s=447 7786ms [sel=4 cap=7649 rest=133] sg=1->1 mode=NONE win=8 obs=448 | cap=wip act=(320,360) d=0.59 a=1 | sp=som:active d=0.6 age=12 dtg=11.27 region=0_6
ep=1311 s=448 11027ms [sel=2760 cap=8133 rest=134] sg=1->1 mode=NONE win=8 obs=449 | cap=wip act=(320,360) d=3.10 a=2 | sp=som:active d=3.1 age=0 som=4/8 dtg=11.27 region=0_6
ep=1311 s=449 13056ms [sel=29 cap=12495 rest=488] sg=1->1 mode=NONE win=8 obs=450 | cap=wip act=(320,360) d=3.10 a=2 | preview=view-/6 yaw=+0 render=44ms | sp=som:active d=3.1 age=1 dtg=11.27 region=0_6
ep=1311 s=450 9439ms [sel=30 cap=9272 rest=137] sg=1->1 mode=NONE win=8 obs=451 | cap=wip act=(320,360) d=3.10 a=2 | sp=som:active d=3.1 age=2 dtg=11.27 region=0_6
ep=1311 s=451 9729ms [sel=25 cap=9574 rest=131] sg=1->1 mode=NONE win=8 obs=452 | cap=wip act=(320,360) d=3.10 a=2 | sp=som:active d=3.1 age=3 dtg=11.27 region=0_6
ep=1311 s=452 8060ms [sel=26 cap=7908 rest=126] sg=1->1 mode=NONE win=8 obs=453 | cap=wip act=(320,360) d=3.10 a=2 | sp=som:active d=3.1 age=4 dtg=11.27 region=0_6
ep=1311 s=453 8135ms [sel=32 cap=7975 rest=128] sg=1->1 mode=NONE win=8 obs=454 | cap=wip act=(320,360) d=3.10 a=2 | sp=som:active d=3.1 age=5 dtg=11.27 region=0_6
ep=1311 s=454 9885ms [sel=38 cap=9718 rest=128] sg=1->1 mode=NONE win=8 obs=455 | cap=wip act=(320,360) d=3.10 a=2 | sp=som:active d=3.1 age=6 dtg=11.27 region=0_6
ep=1311 s=455 12435ms [sel=39 cap=12265 rest=131] sg=1->1 mode=NONE win=8 obs=456 | cap=wip act=(320,360) d=3.10 a=2 | sp=som:active d=3.1 age=7 dtg=11.27 region=0_6
ep=1311 s=456 6797ms [sel=45 cap=6625 rest=127] sg=1->1 mode=NONE win=8 obs=457 | cap=wip act=(320,360) d=3.10 a=2 | sp=som:active d=3.1 age=8 dtg=11.27 region=0_6
ep=1311 s=457 11899ms [sel=51 cap=11716 rest=132] sg=1->1 mode=NONE win=8 obs=458 | cap=wip act=(320,360) d=3.10 a=1 | sp=som:active d=3.1 age=9 dtg=11.34 region=0_6
ep=1311 s=458 13758ms [sel=55 cap=13571 rest=132] sg=1->1 mode=NONE win=8 obs=459 | cap=wip act=(320,360) d=3.31 a=3 | sp=som:active d=3.3 age=10 dtg=11.34 region=0_6
ep=1311 s=459 8904ms [sel=48 cap=8308 rest=513] sg=1->1 mode=NONE win=8 obs=460 | cap=wip act=(320,360) d=3.31 a=1 | preview=view-/6 yaw=+0 render=35ms | sp=som:active d=3.3 age=11 dtg=11.53 region=0_6
ep=1311 s=460 6109ms [sel=55 cap=5918 rest=136] sg=1->1 mode=NONE win=8 obs=461 | cap=wip act=(320,360) d=3.49 a=3 | sp=som:active d=3.5 age=12 dtg=11.53 region=0_6
ep=1311 s=461 8049ms [sel=40 cap=7877 rest=131] sg=1->1 mode=NONE win=8 obs=462 | cap=wip act=(320,360) d=3.49 a=3 | sp=som:active d=3.5 age=13 dtg=11.53 region=0_6
ep=1311 s=462 9083ms [sel=36 cap=8919 rest=128] sg=1->1 mode=NONE win=8 obs=463 | cap=wip act=(320,360) d=3.49 a=3 | sp=som:active d=3.5 age=14 dtg=11.53 region=0_6
ep=1311 s=463 8554ms [sel=33 cap=8393 rest=128] sg=1->1 mode=NONE win=8 obs=464 | cap=wip act=(320,360) d=3.49 a=1 | sp=som:active d=3.5 age=15 dtg=11.29 region=0_6
ep=1311 s=464 15433ms [sel=32 cap=15271 rest=130] sg=1->1 mode=NONE win=8 obs=465 | cap=wip act=(320,360) d=3.51 a=1 | sp=som:active d=3.5 age=16 dtg=11.08 region=0_6
ep=1311 s=465 10530ms [sel=38 cap=10361 rest=131] sg=1->1 mode=NONE win=8 obs=466 | cap=wip act=(320,360) d=3.55 a=1 | sp=som:active d=3.5 age=17 dtg=10.90 region=0_6
ep=1311 s=466 12203ms [sel=39 cap=12032 rest=133] sg=1->1 mode=NONE win=8 obs=467 | cap=wip act=(320,360) d=3.60 a=1 | sp=som:active d=3.6 age=18 dtg=10.79 region=0_6
ep=1311 s=467 15710ms [sel=42 cap=15535 rest=132] sg=1->1 mode=NONE win=8 obs=468 | cap=wip act=(320,360) d=3.67 a=3 | sp=som:active d=3.7 age=19 dtg=10.79 region=0_6
ep=1311 s=468 12831ms [sel=96 cap=12609 rest=127] sg=1->1 mode=NONE win=8 obs=469 | cap=wip act=(320,360) d=2.06 a=2 | sp=frontier:active d=2.1 age=0 dtg=10.79 region=0_6
ep=1311 s=469 8100ms [sel=7 cap=7962 rest=131] sg=1->1 mode=NONE win=8 obs=470 | cap=wip act=(320,360) d=2.06 a=2 | sp=frontier:active d=2.1 age=1 dtg=10.79 region=0_6
ep=1311 s=470 11719ms [sel=3 cap=11588 rest=128] sg=1->1 mode=NONE win=8 obs=471 | cap=wip act=(320,360) d=2.06 a=2 | sp=frontier:active d=2.1 age=2 dtg=10.79 region=0_6
ep=1311 s=471 8481ms [sel=3 cap=8348 rest=130] sg=1->1 mode=NONE win=8 obs=472 | cap=wip act=(320,360) d=2.06 a=1 | sp=frontier:active d=2.1 age=3 dtg=10.87 region=0_6
ep=1311 s=472 15817ms [sel=3 cap=15679 rest=135] sg=1->1 mode=NONE win=8 obs=473 | cap=wip act=(320,360) d=1.81 a=1 | sp=frontier:active d=1.8 age=4 dtg=10.98 region=0_6
ep=1311 s=473 4835ms [sel=3 cap=4698 rest=134] sg=1->1 mode=NONE win=8 obs=474 | cap=wip act=(320,360) d=1.57 a=1 | sp=frontier:active d=1.6 age=5 dtg=11.18 region=0_6
ep=1311 s=474 15004ms [sel=3 cap=14868 rest=133] sg=1->1 mode=NONE win=8 obs=475 | cap=wip act=(320,360) d=1.33 a=2 | sp=frontier:active d=1.3 age=6 dtg=11.18 region=0_6
ep=1311 s=475 9422ms [sel=3 cap=9281 rest=138] sg=1->1 mode=NONE win=8 obs=476 | cap=wip act=(320,360) d=1.33 a=1 | sp=frontier:active d=1.3 age=7 dtg=11.23 region=0_6
ep=1311 s=476 11078ms [sel=4707 cap=6239 rest=133] sg=1->1 mode=NONE win=8 obs=477 | cap=wip act=(320,360) d=0.89 a=3 | sp=som:active d=0.9 age=0 som=5/8 dtg=11.23 region=0_6
ep=1311 s=477 6951ms [sel=5 cap=6813 rest=133] sg=1->1 mode=NONE win=8 obs=478 | cap=wip act=(320,360) d=0.89 a=3 | sp=som:active d=0.9 age=1 dtg=11.23 region=0_6
ep=1311 s=478 10791ms [sel=3 cap=10625 rest=163] sg=1->1 mode=NONE win=8 obs=479 | cap=wip act=(320,360) d=0.89 a=1 | sp=som:active d=0.9 age=2 dtg=11.31 region=0_6
ep=1311 s=479 13408ms [sel=3 cap=13270 rest=136] sg=1->1 mode=NONE win=8 obs=480 | cap=wip act=(320,360) d=0.65 a=1 | sp=som:active d=0.7 age=3 dtg=11.40 region=0_6
ep=1311 s=480 14112ms [sel=4976 cap=9001 rest=135] sg=1->1 mode=NONE win=8 obs=481 | cap=wip act=(320,360) d=0.64 a=2 | sp=frontier:active d=0.6 age=0 som=2/6 dtg=11.40 region=0_6
ep=1311 s=481 7908ms [sel=3 cap=7770 rest=135] sg=1->1 mode=NONE win=8 obs=482 | cap=wip act=(320,360) d=0.64 a=2 | sp=frontier:active d=0.6 age=1 dtg=11.40 region=0_6
ep=1311 s=482 14848ms [sel=3 cap=14710 rest=135] sg=1->1 mode=NONE win=8 obs=483 | cap=wip act=(320,360) d=0.64 a=2 | sp=frontier:active d=0.6 age=2 dtg=11.40 region=0_6
ep=1311 s=483 7232ms [sel=3 cap=7097 rest=132] sg=1->1 mode=NONE win=8 obs=484 | cap=wip act=(320,360) d=0.64 a=1 | sp=frontier:active d=0.6 age=3 dtg=11.64 region=0_6
ep=1311 s=484 16418ms [sel=6544 cap=9739 rest=136] sg=1->1 mode=NONE win=8 obs=485 | cap=wip act=(320,360) d=1.54 a=1 | sp=frontier:active d=1.5 age=0 som=5/7 dtg=11.88 region=0_6
ep=1311 s=485 15335ms [sel=106 cap=15090 rest=139] sg=1->1 mode=NONE win=8 obs=486 | cap=wip act=(320,360) d=1.29 a=3 | sp=frontier:active d=1.3 age=0 dtg=11.88 region=0_6
ep=1311 s=486 14008ms [sel=326 cap=13542 rest=140] sg=1->1 mode=NONE win=8 obs=487 | cap=wip act=TURN request=+45deg execute=+15deg x1 a=3 | sp=frontier:reached d=0.4 age=1 ovr=7 door_evts=1 dtg=11.88 region=0_6
ep=1311 s=487 9568ms [sel=0 cap=9429 rest=139] sg=1->1 mode=NONE win=8 obs=488 | cap=wip act=TURN request=+45deg execute=+15deg x1 a=3 | sp=- ovr=7 door_evts=1 dtg=11.88 region=0_6
ep=1311 s=488 12145ms [sel=0 cap=12006 rest=139] sg=1->1 mode=NONE win=8 obs=489 | cap=wip act=TURN request=+45deg execute=+15deg x1 a=3 | sp=- ovr=7 door_evts=1 dtg=11.88 region=0_6
ep=1311 s=489 16975ms [sel=0 cap=16831 rest=144] sg=1->1 mode=NONE win=8 obs=490 | cap=wip act=TURN request=+45deg execute=+15deg x1 a=3 | sp=- ovr=7 door_evts=1 dtg=11.88 region=0_6
ep=1311 s=490 11004ms [sel=0 cap=10862 rest=142] sg=1->1 mode=NONE win=8 obs=491 | cap=wip act=TURN request=+45deg execute=+15deg x1 a=3 | sp=- ovr=7 door_evts=1 dtg=11.88 region=0_6
ep=1311 s=491 17264ms [sel=0 cap=17129 rest=135] sg=1->1 mode=NONE win=8 obs=492 | cap=wip act=TURN request=+45deg execute=+15deg x1 a=3 | sp=- ovr=7 door_evts=1 dtg=11.88 region=0_6
ep=1311 s=492 12430ms [sel=0 cap=12302 rest=128] sg=1->1 mode=NONE win=8 obs=493 | cap=wip act=TURN request=+45deg execute=+15deg x1 a=3 | sp=- ovr=7 door_evts=1 dtg=11.88 region=0_6
ep=1311 s=493 7651ms [sel=0 cap=7521 rest=130] sg=1->1 mode=NONE win=8 obs=494 | cap=wip act=TURN request=+45deg execute=+15deg x1 a=3 | sp=- ovr=7 door_evts=1 dtg=11.88 region=0_6
ep=1311 s=494 9308ms [sel=0 cap=9178 rest=130] sg=1->1 mode=NONE win=8 obs=495 | cap=wip act=TURN request=+45deg execute=+15deg x1 a=3 | sp=- ovr=7 door_evts=1 dtg=11.88 region=0_6
ep=1311 s=495 15294ms [sel=137 cap=15021 rest=136] sg=1->1 mode=NONE win=8 obs=496 | cap=wip act=(320,360) d=5.34 a=3 | sp=frontier:active d=5.3 age=0 dtg=11.88 region=0_6
ep=1311 s=496 9877ms [sel=11 cap=9733 rest=133] sg=1->1 mode=NONE win=8 obs=497 | cap=wip act=(320,360) d=5.34 a=1 | sp=frontier:active d=5.3 age=1 dtg=11.63 region=0_6
ep=1311 s=497 13572ms [sel=17 cap=13001 rest=515] sg=1->1 mode=NONE win=8 obs=498 | cap=wip act=(160,180) d=3.25 a=1 | preview=view3/6 yaw=+0 render=39ms | sp=preview:active d=3.2 age=0 dtg=11.38 region=0_6
ep=1311 s=498 6049ms [sel=3 cap=5919 rest=126] sg=1->1 mode=NONE win=8 obs=499 | cap=wip act=(320,360) d=3.00 a=2 | sp=preview:active d=3.0 age=1 dtg=11.38 region=0_6
ep=1311 s=499 6075ms [sel=3 cap=5940 rest=132] sg=1->1 mode=NONE win=8 obs=500 | cap=wip act=(320,360) d=3.00 a=1 | sp=preview:active d=3.0 age=2 dtg=11.13 region=0_6
rank=1 [13/17] id=1311 steps=500 success=0.000 spl=0.000 dtg=11.13 osr=1 path_length=72.68 ndtw=0.000 sdtw=0.000
PluginManager::Manager: duplicate static plugin StbImageImporter, ignoring
PluginManager::Manager: duplicate static plugin GltfImporter, ignoring
PluginManager::Manager: duplicate static plugin BasisImporter, ignoring
PluginManager::Manager: duplicate static plugin AssimpImporter, ignoring
PluginManager::Manager: duplicate static plugin AnySceneImporter, ignoring
PluginManager::Manager: duplicate static plugin AnyImageImporter, ignoring
episode=1432 instruction='So walk on past the couch, and then go left through the room and into the hallway. From there head past the microwave, out of the room, and stop.' start_position=[-8.167019844055176, 0.12711000442504883, 1.7849500179290771] goal_position=[0.07810050249099731, 0.12711000442504883, -1.0452899932861328] reference_geodesic=9.276449203491211
episode=1432 prepared_subgoals=5
  [1] Walk past the couch
      proof: The couch is beside or directly ahead of the camera, within a step; the camera has not yet turned left.
  [2] Turn left through the room, then walk through the hallway
      proof: The hallway has been passed and the space beyond it fills the view.
  [3] Walk past the microwave
      proof: The microwave is directly behind the camera and the space beyond it fills the view.
  [4] Exit the room
      proof: The camera has crossed the threshold and the area outside the room is central in the view.
  [5] Stop beside the exit
      proof: The camera is stationary beside the exit and the exit area fills the view
ep=1432 s=0 13246ms [sel=6 cap=12669 rest=528] sg=1->1 mode=NONE win=1 obs=1 | cap=wip act=PREVIEW a=2 | preview=view1/6 yaw=-45 render=42ms dtg=9.28 region=0_7
ep=1432 s=1 7544ms [sel=1440 cap=5988 rest=116] sg=1->1 mode=NONE win=2 obs=2 | cap=wip act=(320,360) d=1.35 a=2 | sp=frontier:active d=1.4 age=0 som=5/7 dtg=9.28 region=0_7
ep=1432 s=2 16738ms [sel=3 cap=16609 rest=126] sg=1->1 mode=IN_PLACE_SPIN win=3 obs=3 | cap=wip/IN_PLACE_SPIN act=(320,360) d=1.35 a=2 | sp=frontier:active d=1.4 age=1 dtg=9.28 region=0_7
ep=1432 s=3 12090ms [sel=3 cap=11974 rest=113] sg=1->1 mode=IN_PLACE_SPIN win=4 obs=4 | cap=wip/IN_PLACE_SPIN act=(320,360) d=1.35 a=1 | sp=frontier:active d=1.4 age=2 dtg=9.24 region=0_7
ep=1432 s=4 15255ms [sel=13 cap=14678 rest=528] sg=1->1 mode=IN_PLACE_SPIN win=5 obs=5 | cap=wip/IN_PLACE_SPIN act=PREVIEW a=2 | preview=view2/6 yaw=-45 render=36ms dtg=9.24 region=0_7
ep=1432 s=5 9864ms [sel=3688 cap=6059 rest=116] sg=1->1 mode=IN_PLACE_SPIN win=6 obs=6 | cap=wip/IN_PLACE_SPIN act=(320,360) d=1.23 a=1 | sp=som:active d=1.2 age=0 som=4/8 dtg=9.23 region=0_7
ep=1432 s=6 8374ms [sel=0 cap=8147 rest=227] sg=1->1 mode=IN_PLACE_SPIN win=7 obs=7 | cap=wip/IN_PLACE_SPIN act=TURN request=+45deg execute=+15deg x1 a=3 | sp=som:active d=1.2 age=1 dtg=9.23 region=0_7
ep=1432 s=7 12891ms [sel=0 cap=12356 rest=497] sg=1->1 mode=IN_PLACE_SPIN win=8 obs=8 | cap=wip/IN_PLACE_SPIN act=TURN request=+45deg execute=+15deg x1 a=3 | preview=view-/6 yaw=+0 render=38ms | sp=som:active d=1.2 age=2 dtg=9.23 region=0_7
ep=1432 s=8 9082ms [sel=0 cap=8967 rest=115] sg=1->1 mode=IN_PLACE_SPIN win=8 obs=9 | cap=wip/IN_PLACE_SPIN act=TURN request=+45deg execute=+15deg x1 a=3 | sp=som:active d=1.2 age=3 dtg=9.23 region=0_7
ep=1432 s=9 10556ms [sel=0 cap=10441 rest=115] sg=1->1 mode=IN_PLACE_SPIN win=8 obs=10 | cap=wip/IN_PLACE_SPIN act=TURN request=+45deg execute=+15deg x1 a=3 | sp=som:active d=1.2 age=4 dtg=9.23 region=0_7
ep=1432 s=10 6945ms [sel=0 cap=6412 rest=496] sg=1->1 mode=IN_PLACE_SPIN win=8 obs=11 | cap=wip/IN_PLACE_SPIN act=TURN request=+45deg execute=+15deg x1 a=3 | preview=view-/6 yaw=+0 render=37ms | sp=som:active d=1.2 age=5 dtg=9.23 region=0_7
ep=1432 s=11 8979ms [sel=0 cap=8861 rest=118] sg=1->1 mode=IN_PLACE_SPIN win=8 obs=12 | cap=wip/IN_PLACE_SPIN act=TURN request=+45deg execute=+15deg x1 a=3 | sp=som:active d=1.2 age=6 dtg=9.23 region=0_7
ep=1432 s=12 10903ms [sel=14 cap=10772 rest=118] sg=1->1 mode=NONE win=8 obs=13 | cap=wip act=(320,360) d=1.22 a=3 | sp=som:active d=1.2 age=7 dtg=9.23 region=0_7
ep=1432 s=13 13115ms [sel=3742 cap=9256 rest=116] sg=1->1 mode=NONE win=8 obs=14 | cap=wip act=TURN request=-45deg execute=-15deg x1 a=2 | sp=som:reached d=0.4 age=8 som=4/7 dtg=9.23 region=0_7
ep=1432 s=14 11273ms [sel=3513 cap=7645 rest=116] sg=1->1 mode=NONE win=8 obs=15 | cap=wip act=(320,359) d=2.26 a=1 | sp=straight_ahead:reached d=0.3 age=0 som=3/7 dtg=9.48 region=0_7
ep=1432 s=15 10283ms [sel=54 cap=10118 rest=111] sg=1->1 mode=NONE win=8 obs=16 | cap=wip act=(320,359) d=2.26 a=1 | sp=straight_ahead:reached d=0.3 age=0 dtg=9.73 region=0_7
ep=1432 s=16 11715ms [sel=2015 cap=9588 rest=111] sg=1->1 mode=NONE win=8 obs=17 | cap=wip act=(320,360) d=2.70 a=1 | sp=som:active d=2.7 age=0 som=2/6 dtg=9.98 region=0_7
ep=1432 s=17 10675ms [sel=22 cap=10547 rest=107] sg=1->1 mode=NONE win=8 obs=18 | cap=wip act=(320,360) d=2.47 a=2 | sp=som:active d=2.5 age=1 dtg=9.98 region=0_7
ep=1432 s=18 18861ms [sel=21 cap=18725 rest=115] sg=1->1 mode=IN_PLACE_SPIN win=8 obs=19 | cap=wip/IN_PLACE_SPIN act=(320,360) d=2.47 a=1 | sp=som:active d=2.5 age=2 dtg=9.90 region=0_7
ep=1432 s=19 8702ms [sel=16 cap=8541 rest=145] sg=1->1 mode=NONE win=8 obs=20 | cap=wip act=(320,360) d=2.23 a=1 | sp=som:active d=2.2 age=3 dtg=9.85 region=0_7
ep=1432 s=20 10452ms [sel=10 cap=10323 rest=119] sg=1->1 mode=NONE win=8 obs=21 | cap=wip act=(320,360) d=1.98 a=1 | sp=som:active d=2.0 age=4 dtg=9.84 region=0_7
ep=1432 s=21 8829ms [sel=5 cap=8720 rest=104] sg=1->1 mode=NONE win=8 obs=22 | cap=wip act=(320,360) d=1.74 a=3 | sp=som:active d=1.7 age=5 dtg=9.84 region=0_7
ep=1432 s=22 6632ms [sel=8 cap=6520 rest=104] sg=1->1 mode=NONE win=8 obs=23 | cap=wip act=(320,360) d=1.74 a=1 | sp=som:active d=1.7 age=6 dtg=10.00 region=0_7
ep=1432 s=23 5784ms [sel=3 cap=5677 rest=104] sg=1->1 mode=NONE win=8 obs=24 | cap=wip act=(320,360) d=1.52 a=1 | sp=som:active d=1.5 age=7 dtg=10.21 region=0_7
ep=1432 s=24 9326ms [sel=3 cap=9223 rest=100] sg=1->1 mode=NONE win=8 obs=25 | cap=wip act=(320,360) d=1.32 a=1 | sp=som:active d=1.3 age=8 dtg=10.44 region=0_7
ep=1432 s=25 6058ms [sel=4 cap=5960 rest=94] sg=1->1 mode=NONE win=8 obs=26 | cap=wip act=(320,360) d=1.14 a=2 | sp=som:active d=1.1 age=9 dtg=10.44 region=0_7
ep=1432 s=26 10371ms [sel=4 cap=10268 rest=100] sg=1->1 mode=NONE win=8 obs=27 | cap=wip act=(320,360) d=1.14 a=1 | sp=som:active d=1.1 age=10 dtg=10.61 region=0_7
ep=1432 s=27 8172ms [sel=3 cap=7664 rest=469] sg=1->1 mode=NONE win=8 obs=28 | cap=wip act=(320,360) d=0.94 a=2 | preview=view-/6 yaw=+0 render=37ms | sp=som:active d=0.9 age=11 dtg=10.61 region=0_7
ep=1432 s=28 12085ms [sel=3 cap=11979 rest=103] sg=1->1 mode=NONE win=8 obs=29 | cap=wip act=(320,360) d=0.94 a=2 | sp=som:active d=0.9 age=12 dtg=10.61 region=0_7
ep=1432 s=29 16296ms [sel=4 cap=16188 rest=103] sg=1->1 mode=NONE win=8 obs=30 | cap=wip act=(320,360) d=0.94 a=1 | sp=som:active d=0.9 age=13 dtg=10.46 region=0_7
ep=1432 s=30 11120ms [sel=29 cap=10527 rest=526] sg=1->1 mode=NONE win=8 obs=31 | cap=wip act=(160,180) d=1.64 a=3 | preview=view0/6 yaw=-165 render=39ms | sp=preview:active d=1.6 age=0 dtg=10.46 region=0_7
ep=1432 s=31 8853ms [sel=14 cap=8735 rest=104] sg=1->1 mode=NONE win=8 obs=32 | cap=wip act=(320,360) d=1.64 a=3 | sp=preview:active d=1.6 age=1 dtg=10.46 region=0_7
ep=1432 s=32 14528ms [sel=14 cap=14411 rest=103] sg=1->1 mode=NONE win=8 obs=33 | cap=wip act=(320,360) d=1.64 a=3 | sp=preview:active d=1.6 age=2 dtg=10.46 region=0_7
ep=1432 s=33 9054ms [sel=14 cap=8936 rest=104] sg=1->1 mode=NONE win=8 obs=34 | cap=wip act=(320,360) d=1.64 a=3 | sp=preview:active d=1.6 age=3 dtg=10.46 region=0_7
ep=1432 s=34 15837ms [sel=16 cap=15684 rest=137] sg=1->1 mode=NONE win=8 obs=35 | cap=wip act=(320,360) d=1.64 a=3 | sp=preview:active d=1.6 age=4 dtg=10.46 region=0_7
ep=1432 s=35 8834ms [sel=0 cap=8701 rest=133] sg=1->2 mode=NONE win=8 obs=36 | cap=DONE act=TURN request=-45deg execute=-15deg x1 a=2 | sp=preview:active d=1.6 age=5 dtg=10.46 region=0_7
ep=1432 s=36 9326ms [sel=0 cap=9191 rest=135] sg=2->2 mode=NONE win=8 obs=37 | cap=wip act=TURN request=-45deg execute=-15deg x1 a=2 dtg=10.46 region=0_7
ep=1432 s=37 12299ms [sel=0 cap=11753 rest=500] sg=2->2 mode=NONE win=8 obs=38 | cap=wip act=TURN request=-45deg execute=-15deg x1 a=2 | preview=view-/6 yaw=+0 render=47ms dtg=10.46 region=0_7
ep=1432 s=38 7120ms [sel=0 cap=7016 rest=104] sg=2->2 mode=NONE win=8 obs=39 | cap=wip act=TURN request=-45deg execute=-15deg x1 a=2 dtg=10.46 region=0_7
ep=1432 s=39 11007ms [sel=0 cap=10903 rest=104] sg=2->2 mode=NONE win=8 obs=40 | cap=wip act=TURN request=-45deg execute=-15deg x1 a=2 dtg=10.46 region=0_7
ep=1432 s=40 13498ms [sel=33 cap=13366 rest=99] sg=2->2 mode=NONE win=8 obs=41 | cap=wip act=(320,360) d=0.60 a=2 | sp=frontier:active d=0.6 age=0 dtg=10.46 region=0_7
ep=1432 s=41 8540ms [sel=4 cap=8432 rest=104] sg=2->2 mode=NONE win=8 obs=42 | cap=wip act=(320,360) d=0.60 a=2 | sp=frontier:active d=0.6 age=1 dtg=10.46 region=0_7
ep=1432 s=42 9559ms [sel=3 cap=9445 rest=111] sg=2->2 mode=NONE win=8 obs=43 | cap=wip act=(320,360) d=0.60 a=1 | sp=frontier:active d=0.6 age=2 dtg=10.26 region=0_7
ep=1432 s=43 14325ms [sel=51 cap=14163 rest=111] sg=2->2 mode=NONE win=8 obs=44 | cap=wip act=(297,348) d=2.03 a=1 | sp=straight_ahead:reached d=0.4 age=0 dtg=10.11 region=0_7
ep=1432 s=44 16527ms [sel=230 cap=16187 rest=109] sg=2->2 mode=NONE win=8 obs=45 | cap=wip act=TURN request=-45deg execute=-15deg x1 a=2 | sp=straight_ahead:reached d=0.4 age=1 dtg=10.11 region=0_7
ep=1432 s=45 8728ms [sel=0 cap=8617 rest=111] sg=2->2 mode=NONE win=8 obs=46 | cap=wip act=TURN request=-45deg execute=-15deg x1 a=2 dtg=10.11 region=0_7
ep=1432 s=46 7875ms [sel=0 cap=7765 rest=110] sg=2->2 mode=NONE win=8 obs=47 | cap=wip act=TURN request=-45deg execute=-15deg x1 a=2 dtg=10.11 region=0_7
ep=1432 s=47 9842ms [sel=0 cap=9726 rest=117] sg=2->2 mode=NONE win=8 obs=48 | cap=wip act=TURN request=-45deg execute=-15deg x1 a=2 dtg=10.11 region=0_7
ep=1432 s=48 15755ms [sel=6788 cap=8849 rest=119] sg=2->2 mode=NONE win=8 obs=49 | cap=wip act=(320,360) d=3.01 a=1 | sp=som:active d=3.0 age=0 som=3/7 dtg=9.86 region=0_7
ep=1432 s=49 6210ms [sel=8 cap=6083 rest=119] sg=2->2 mode=NONE win=8 obs=50 | cap=wip act=(320,360) d=2.76 a=1 | sp=som:active d=2.8 age=1 dtg=9.61 region=0_7
ep=1432 s=50 9137ms [sel=6 cap=9015 rest=116] sg=2->2 mode=NONE win=8 obs=51 | cap=wip act=(320,360) d=2.52 a=1 | sp=som:active d=2.5 age=2 dtg=9.37 region=0_7
ep=1432 s=51 7186ms [sel=6 cap=7064 rest=116] sg=2->2 mode=NONE win=8 obs=52 | cap=wip act=(320,360) d=2.28 a=1 | sp=som:active d=2.3 age=3 dtg=9.14 region=0_7
ep=1432 s=52 10473ms [sel=3 cap=10356 rest=114] sg=2->2 mode=NONE win=8 obs=53 | cap=wip act=(320,360) d=2.03 a=1 | sp=som:active d=2.0 age=4 dtg=8.90 region=0_7
ep=1432 s=53 8937ms [sel=3 cap=8813 rest=121] sg=2->2 mode=NONE win=8 obs=54 | cap=wip act=(320,360) d=1.79 a=1 | sp=som:active d=1.8 age=5 dtg=8.67 region=0_7
ep=1432 s=54 10197ms [sel=3 cap=10075 rest=119] sg=2->2 mode=NONE win=8 obs=55 | cap=wip act=(320,360) d=1.56 a=2 | sp=som:active d=1.6 age=6 dtg=8.67 region=0_7
ep=1432 s=55 8977ms [sel=3 cap=8841 rest=133] sg=2->2 mode=NONE win=8 obs=56 | cap=wip act=(320,360) d=1.56 a=1 | sp=som:active d=1.6 age=7 dtg=8.42 region=0_7
ep=1432 s=56 5750ms [sel=3 cap=5612 rest=135] sg=2->2 mode=NONE win=8 obs=57 | cap=wip act=(320,360) d=1.31 a=1 | sp=som:active d=1.3 age=8 dtg=8.18 region=0_7
ep=1432 s=57 7207ms [sel=3 cap=7095 rest=110] sg=2->2 mode=NONE win=8 obs=58 | cap=wip act=(320,360) d=1.06 a=1 | sp=som:active d=1.1 age=9 dtg=7.93 region=0_7
ep=1432 s=58 7964ms [sel=3 cap=7849 rest=112] sg=2->2 mode=NONE win=8 obs=59 | cap=wip act=(320,360) d=0.81 a=1 | sp=som:active d=0.8 age=10 dtg=7.68 region=0_7
ep=1432 s=59 8603ms [sel=3 cap=8488 rest=111] sg=2->2 mode=NONE win=8 obs=60 | cap=wip act=(320,360) d=0.57 a=1 | sp=som:active d=0.6 age=11 dtg=7.44 region=0_7
ep=1432 s=60 11941ms [sel=2269 cap=9559 rest=113] sg=2->2 mode=NONE win=8 obs=61 | cap=wip act=(320,360) d=3.27 a=1 | sp=som:active d=3.3 age=0 som=2/7 dtg=7.19 region=0_7
ep=1432 s=61 8683ms [sel=4 cap=8568 rest=111] sg=2->2 mode=NONE win=8 obs=62 | cap=wip act=(320,360) d=3.02 a=1 | sp=som:active d=3.0 age=1 dtg=6.95 region=0_7
ep=1432 s=62 8397ms [sel=3 cap=8286 rest=108] sg=2->2 mode=NONE win=8 obs=63 | cap=wip act=(320,360) d=2.78 a=2 | sp=som:active d=2.8 age=2 dtg=6.95 region=0_7
ep=1432 s=63 12652ms [sel=3 cap=12534 rest=115] sg=2->2 mode=NONE win=8 obs=64 | cap=wip act=(320,360) d=2.78 a=1 | sp=som:active d=2.8 age=3 dtg=6.70 region=0_7
ep=1432 s=64 9703ms [sel=3 cap=9592 rest=109] sg=2->2 mode=NONE win=8 obs=65 | cap=wip act=(320,360) d=2.53 a=1 | sp=som:active d=2.5 age=4 dtg=6.45 region=0_7
ep=1432 s=65 13699ms [sel=3 cap=13590 rest=106] sg=2->2 mode=NONE win=8 obs=66 | cap=wip act=(320,360) d=2.28 a=1 | sp=som:active d=2.3 age=5 dtg=6.20 region=0_7
ep=1432 s=66 11057ms [sel=4 cap=10940 rest=113] sg=2->2 mode=NONE win=8 obs=67 | cap=wip act=(320,360) d=2.03 a=1 | sp=som:active d=2.0 age=6 dtg=5.95 region=0_7
ep=1432 s=67 10465ms [sel=3 cap=10354 rest=108] sg=2->2 mode=NONE win=8 obs=68 | cap=wip act=(320,360) d=1.78 a=1 | sp=som:active d=1.8 age=7 dtg=5.70 region=0_7
ep=1432 s=68 9117ms [sel=8 cap=8555 rest=518] sg=2->2 mode=NONE win=8 obs=69 | cap=wip act=(160,180) d=1.54 a=1 | preview=view4/6 yaw=+45 render=36ms | sp=som:active d=1.5 age=8 dtg=5.45 region=0_7
ep=1432 s=69 6287ms [sel=3 cap=6166 rest=118] sg=2->2 mode=NONE win=8 obs=70 | cap=wip act=(320,360) d=1.29 a=2 | sp=som:active d=1.3 age=9 dtg=5.45 region=0_7
ep=1432 s=70 4190ms [sel=3 cap=4074 rest=114] sg=2->2 mode=NONE win=8 obs=71 | cap=wip act=(320,360) d=1.29 a=1 | sp=som:active d=1.3 age=10 dtg=5.22 region=0_7
ep=1432 s=71 7462ms [sel=3 cap=7351 rest=108] sg=2->2 mode=NONE win=8 obs=72 | cap=wip act=(320,360) d=1.08 a=1 | sp=som:active d=1.1 age=11 dtg=5.02 region=0_8
ep=1432 s=72 7145ms [sel=3 cap=7038 rest=105] sg=2->2 mode=NONE win=8 obs=73 | cap=wip act=(320,360) d=0.88 a=1 | sp=som:active d=0.9 age=12 dtg=4.89 region=0_8
ep=1432 s=73 14060ms [sel=4303 cap=9652 rest=105] sg=2->3 mode=NONE win=8 obs=74 | cap=DONE act=(320,360) d=1.07 a=2 | sp=som:active d=1.1 age=0 som=1/5 dtg=4.89 region=0_8
ep=1432 s=74 14034ms [sel=3 cap=13921 rest=109] sg=3->3 mode=NONE win=8 obs=75 | cap=wip act=(320,360) d=1.07 a=2 | sp=som:active d=1.1 age=1 dtg=4.89 region=0_8
ep=1432 s=75 8486ms [sel=3 cap=7935 rest=512] sg=3->3 mode=NONE win=8 obs=76 | cap=wip act=(320,360) d=1.07 a=2 | preview=view-/6 yaw=+0 render=36ms | sp=som:active d=1.1 age=2 dtg=4.89 region=0_8
ep=1432 s=76 14339ms [sel=3 cap=14220 rest=115] sg=3->3 mode=NONE win=8 obs=77 | cap=wip act=(320,360) d=1.07 a=1 | sp=som:active d=1.1 age=3 dtg=5.01 region=0_8
ep=1432 s=77 9606ms [sel=3 cap=9489 rest=113] sg=3->3 mode=NONE win=8 obs=78 | cap=wip act=(320,360) d=0.82 a=1 | sp=som:active d=0.8 age=4 dtg=5.17 region=0_8
ep=1432 s=78 14417ms [sel=8 cap=13840 rest=510] sg=3->3 mode=NONE win=8 obs=79 | cap=wip act=(160,180) d=0.57 a=1 | preview=view0/6 yaw=-180 render=60ms | sp=som:active d=0.6 age=5 dtg=5.33 region=0_8
ep=1432 s=79 14954ms [sel=75 cap=14762 rest=117] sg=3->3 mode=NONE win=8 obs=80 | cap=wip act=(320,360) d=4.37 a=2 | sp=frontier:active d=4.4 age=0 dtg=5.33 region=0_8
ep=1432 s=80 6720ms [sel=44 cap=6557 rest=119] sg=3->3 mode=NONE win=8 obs=81 | cap=wip act=(320,360) d=4.37 a=2 | sp=frontier:active d=4.4 age=1 dtg=5.33 region=0_8
ep=1432 s=81 8060ms [sel=42 cap=7893 rest=125] sg=3->3 mode=NONE win=8 obs=82 | cap=wip act=(320,360) d=4.37 a=2 | sp=frontier:active d=4.4 age=2 dtg=5.33 region=0_8
ep=1432 s=82 6926ms [sel=42 cap=6767 rest=117] sg=3->3 mode=NONE win=8 obs=83 | cap=wip act=(320,360) d=4.37 a=2 | sp=frontier:active d=4.4 age=3 dtg=5.33 region=0_8
ep=1432 s=83 6572ms [sel=39 cap=6393 rest=140] sg=3->3 mode=NONE win=8 obs=84 | cap=wip act=(320,360) d=4.37 a=2 | sp=frontier:active d=4.4 age=4 dtg=5.33 region=0_8
ep=1432 s=84 15598ms [sel=31 cap=15449 rest=117] sg=3->3 mode=NONE win=8 obs=85 | cap=wip act=(320,360) d=4.37 a=2 | sp=frontier:active d=4.4 age=5 dtg=5.33 region=0_8
ep=1432 s=85 7646ms [sel=20 cap=7508 rest=118] sg=3->3 mode=NONE win=8 obs=86 | cap=wip act=(320,360) d=4.37 a=2 | sp=frontier:active d=4.4 age=6 dtg=5.33 region=0_8
ep=1432 s=86 12123ms [sel=29 cap=11566 rest=491] sg=3->3 mode=NONE win=8 obs=87 | cap=wip act=(160,180) d=1.63 a=2 | preview=view0/6 yaw=-165 render=37ms | sp=preview:active d=1.6 age=0 dtg=5.33 region=0_8
ep=1432 s=87 18194ms [sel=14 cap=18055 rest=125] sg=3->3 mode=NONE win=8 obs=88 | cap=wip act=(320,360) d=1.63 a=2 | sp=preview:active d=1.6 age=1 dtg=5.33 region=0_8
ep=1432 s=88 5790ms [sel=14 cap=5662 rest=114] sg=3->3 mode=NONE win=8 obs=89 | cap=wip act=(320,360) d=1.63 a=2 | sp=preview:active d=1.6 age=2 dtg=5.33 region=0_8
ep=1432 s=89 12592ms [sel=14 cap=12458 rest=120] sg=3->3 mode=NONE win=8 obs=90 | cap=wip act=(320,360) d=1.63 a=2 | sp=preview:active d=1.6 age=3 dtg=5.33 region=0_8
ep=1432 s=90 5883ms [sel=21 cap=5711 rest=151] sg=3->3 mode=NONE win=8 obs=91 | cap=wip act=(320,360) d=1.63 a=2 | sp=preview:active d=1.6 age=4 dtg=5.33 region=0_8
ep=1432 s=91 11217ms [sel=8 cap=11086 rest=122] sg=3->3 mode=NONE win=8 obs=92 | cap=wip act=(320,360) d=1.63 a=2 | sp=preview:active d=1.6 age=5 dtg=5.33 region=0_8
ep=1432 s=92 4596ms [sel=3 cap=4481 rest=112] sg=3->3 mode=NONE win=8 obs=93 | cap=wip act=(320,360) d=1.63 a=2 | sp=preview:active d=1.6 age=6 dtg=5.33 region=0_8
ep=1432 s=93 5097ms [sel=3 cap=4989 rest=105] sg=3->3 mode=NONE win=8 obs=94 | cap=wip act=(320,360) d=1.63 a=1 | sp=preview:active d=1.6 age=7 dtg=5.09 region=0_8
ep=1432 s=94 5661ms [sel=3 cap=5550 rest=108] sg=3->3 mode=NONE win=8 obs=95 | cap=wip act=(320,360) d=1.40 a=2 | sp=preview:active d=1.4 age=8 dtg=5.09 region=0_8
ep=1432 s=95 9545ms [sel=3 cap=9433 rest=109] sg=3->3 mode=NONE win=8 obs=96 | cap=wip act=(320,360) d=1.40 a=1 | sp=preview:active d=1.4 age=9 dtg=4.84 region=0_8
ep=1432 s=96 8360ms [sel=3 cap=8246 rest=111] sg=3->3 mode=NONE win=8 obs=97 | cap=wip act=(320,360) d=1.15 a=1 | sp=preview:active d=1.2 age=10 dtg=4.59 region=0_8
ep=1432 s=97 7048ms [sel=3 cap=6939 rest=106] sg=3->3 mode=NONE win=8 obs=98 | cap=wip act=(320,360) d=0.91 a=1 | sp=preview:active d=0.9 age=11 dtg=4.34 region=0_8
ep=1432 s=98 7580ms [sel=3 cap=7469 rest=108] sg=3->3 mode=NONE win=8 obs=99 | cap=wip act=(320,360) d=0.67 a=1 | sp=preview:active d=0.7 age=12 dtg=4.09 region=0_8
ep=1432 s=99 12785ms [sel=3321 cap=9351 rest=113] sg=3->3 mode=NONE win=8 obs=100 | cap=wip act=(320,360) d=3.38 a=3 | sp=som:active d=3.4 age=0 som=1/7 dtg=4.09 region=0_8
ep=1432 s=100 6395ms [sel=25 cap=6256 rest=113] sg=3->3 mode=NONE win=8 obs=101 | cap=wip act=(320,360) d=3.38 a=3 | sp=som:active d=3.4 age=1 dtg=4.09 region=0_8
ep=1432 s=101 6528ms [sel=20 cap=6406 rest=101] sg=3->3 mode=NONE win=8 obs=102 | cap=wip act=(320,360) d=3.38 a=3 | sp=som:active d=3.4 age=2 dtg=4.09 region=0_8
ep=1432 s=102 12041ms [sel=18 cap=11924 rest=99] sg=3->3 mode=NONE win=8 obs=103 | cap=wip act=(320,360) d=3.38 a=3 | sp=som:active d=3.4 age=3 dtg=4.09 region=0_8
ep=1432 s=103 11732ms [sel=20 cap=11595 rest=116] sg=3->3 mode=NONE win=8 obs=104 | cap=wip act=(320,360) d=3.38 a=3 | sp=som:active d=3.4 age=4 dtg=4.09 region=0_8
ep=1432 s=104 14227ms [sel=27 cap=14092 rest=109] sg=3->3 mode=NONE win=8 obs=105 | cap=wip act=(320,360) d=3.38 a=3 | sp=som:active d=3.4 age=5 dtg=4.09 region=0_8
ep=1432 s=105 9414ms [sel=31 cap=9280 rest=102] sg=3->3 mode=NONE win=8 obs=106 | cap=wip act=(320,360) d=3.38 a=3 | sp=som:active d=3.4 age=6 dtg=4.09 region=0_8
ep=1432 s=106 15340ms [sel=34 cap=15195 rest=111] sg=3->3 mode=NONE win=8 obs=107 | cap=wip act=(320,360) d=3.38 a=3 | sp=som:active d=3.4 age=7 dtg=4.09 region=0_8
ep=1432 s=107 18620ms [sel=36 cap=18463 rest=120] sg=3->3 mode=NONE win=8 obs=108 | cap=wip act=(320,360) d=3.38 a=3 | sp=som:active d=3.4 age=8 dtg=4.09 region=0_8
ep=1432 s=108 16381ms [sel=37 cap=15833 rest=474] sg=3->3 mode=NONE win=8 obs=109 | cap=wip act=(320,360) d=3.38 a=3 | preview=view-/6 yaw=+0 render=36ms | sp=som:active d=3.4 age=9 dtg=4.09 region=0_8
ep=1432 s=109 16140ms [sel=37 cap=15977 rest=126] sg=3->3 mode=NONE win=8 obs=110 | cap=wip act=(320,360) d=3.38 a=3 | sp=som:active d=3.4 age=10 dtg=4.09 region=0_8
ep=1432 s=110 15300ms [sel=38 cap=15154 rest=109] sg=3->3 mode=NONE win=8 obs=111 | cap=wip act=(320,360) d=3.38 a=1 | sp=som:active d=3.4 age=11 dtg=4.34 region=0_8
ep=1432 s=111 7383ms [sel=43 cap=7228 rest=112] sg=3->3 mode=NONE win=8 obs=112 | cap=wip act=(320,360) d=3.63 a=1 | sp=som:active d=3.6 age=12 dtg=4.59 region=0_8
ep=1432 s=112 13690ms [sel=41 cap=13533 rest=116] sg=3->3 mode=NONE win=8 obs=113 | cap=wip act=(320,360) d=3.87 a=2 | sp=som:active d=3.9 age=13 dtg=4.59 region=0_8
ep=1432 s=113 12560ms [sel=38 cap=11986 rest=498] sg=3->3 mode=NONE win=8 obs=114 | cap=wip act=(320,360) d=3.87 a=2 | preview=view-/6 yaw=+0 render=38ms | sp=som:active d=3.9 age=14 dtg=4.59 region=0_8
ep=1432 s=114 9743ms [sel=38 cap=9590 rest=114] sg=3->3 mode=NONE win=8 obs=115 | cap=wip act=(320,360) d=3.87 a=2 | sp=som:active d=3.9 age=15 dtg=4.59 region=0_8
ep=1432 s=115 22392ms [sel=36 cap=22238 rest=118] sg=3->3 mode=NONE win=8 obs=116 | cap=wip act=(320,360) d=3.87 a=1 | sp=som:active d=3.9 age=16 dtg=4.75 region=0_8
ep=1432 s=116 13606ms [sel=40 cap=13448 rest=118] sg=3->3 mode=NONE win=8 obs=117 | cap=wip act=(320,360) d=4.02 a=1 | sp=som:active d=4.0 age=17 dtg=4.95 region=0_8
ep=1432 s=117 14659ms [sel=39 cap=14499 rest=121] sg=3->4 mode=NONE win=8 obs=118 | cap=DONE act=(320,360) d=4.24 a=1 | sp=frontier:active d=4.2 age=0 dtg=5.17 region=0_8
ep=1432 s=118 8872ms [sel=3 cap=8746 rest=123] sg=4->4 mode=NONE win=8 obs=119 | cap=wip act=(320,360) d=4.00 a=3 | sp=frontier:active d=4.0 age=1 dtg=5.17 region=0_8
ep=1432 s=119 17775ms [sel=3 cap=17646 rest=126] sg=4->4 mode=WALL_STUCK win=8 obs=120 | cap=wip/WALL_STUCK act=(320,360) d=4.00 a=1 | sp=frontier:active d=4.0 age=2 dtg=5.42 region=0_7
ep=1432 s=120 13025ms [sel=3 cap=12900 rest=121] sg=4->4 mode=GET_NOWHERE win=8 obs=121 | cap=wip/GET_NOWHERE act=(320,360) d=3.75 a=1 | sp=frontier:active d=3.8 age=3 dtg=5.67 region=0_7
ep=1432 s=121 13810ms [sel=3 cap=13686 rest=120] sg=4->4 mode=GET_NOWHERE win=8 obs=122 | cap=wip/GET_NOWHERE act=(320,360) d=3.50 a=2 | sp=frontier:active d=3.5 age=4 dtg=5.67 region=0_7
ep=1432 s=122 9588ms [sel=3 cap=9461 rest=123] sg=4->4 mode=GET_NOWHERE win=8 obs=123 | cap=wip/GET_NOWHERE act=(320,360) d=3.50 a=2 | sp=frontier:active d=3.5 age=5 dtg=5.67 region=0_7
ep=1432 s=123 10219ms [sel=4 cap=10097 rest=118] sg=4->4 mode=NONE win=8 obs=124 | cap=wip act=(320,360) d=3.50 a=1 | sp=frontier:active d=3.5 age=6 dtg=5.89 region=0_7
ep=1432 s=124 5079ms [sel=3 cap=4956 rest=119] sg=4->4 mode=NONE win=8 obs=125 | cap=wip act=(320,360) d=3.29 a=1 | sp=frontier:active d=3.3 age=7 dtg=6.11 region=0_7
ep=1432 s=125 16785ms [sel=3 cap=16662 rest=119] sg=4->4 mode=NONE win=8 obs=126 | cap=wip act=(320,360) d=3.09 a=1 | sp=frontier:active d=3.1 age=8 dtg=6.35 region=0_7
ep=1432 s=126 10650ms [sel=5 cap=10523 rest=123] sg=4->4 mode=NONE win=8 obs=127 | cap=wip act=(320,360) d=2.90 a=1 | sp=frontier:active d=2.9 age=9 dtg=6.58 region=0_7
ep=1432 s=127 11407ms [sel=6 cap=11288 rest=114] sg=4->4 mode=NONE win=8 obs=128 | cap=wip act=(320,360) d=2.72 a=3 | sp=frontier:active d=2.7 age=10 dtg=6.58 region=0_7
ep=1432 s=128 11484ms [sel=4 cap=11351 rest=129] sg=4->4 mode=NONE win=8 obs=129 | cap=wip act=(320,360) d=2.72 a=1 | sp=frontier:active d=2.7 age=11 dtg=6.83 region=0_7
ep=1432 s=129 12220ms [sel=5 cap=11624 rest=520] sg=4->4 mode=NONE win=8 obs=130 | cap=wip act=(320,360) d=2.51 a=2 | preview=view-/6 yaw=+0 render=72ms | sp=frontier:active d=2.5 age=12 dtg=6.83 region=0_7
ep=1432 s=130 10029ms [sel=6 cap=9887 rest=136] sg=4->4 mode=NONE win=8 obs=131 | cap=wip act=(320,360) d=2.51 a=1 | sp=frontier:active d=2.5 age=13 dtg=7.07 region=0_7
ep=1432 s=131 7061ms [sel=8 cap=6910 rest=143] sg=4->4 mode=NONE win=8 obs=132 | cap=wip act=(320,360) d=2.34 a=1 | sp=frontier:active d=2.3 age=14 dtg=7.32 region=0_7
ep=1432 s=132 11869ms [sel=49 cap=11256 rest=528] sg=4->4 mode=NONE win=8 obs=133 | cap=wip act=(160,180) d=4.43 a=2 | preview=view1/6 yaw=-90 render=37ms | sp=preview:active d=4.4 age=0 dtg=7.32 region=0_7
ep=1432 s=133 4671ms [sel=55 cap=4496 rest=119] sg=4->4 mode=NONE win=8 obs=134 | cap=wip act=(320,360) d=4.43 a=2 | sp=preview:active d=4.4 age=1 dtg=7.32 region=0_7
ep=1432 s=134 8553ms [sel=51 cap=8382 rest=120] sg=4->4 mode=NONE win=8 obs=135 | cap=wip act=(320,360) d=4.43 a=2 | sp=preview:active d=4.4 age=2 dtg=7.32 region=0_7
ep=1432 s=135 9560ms [sel=34 cap=9415 rest=111] sg=4->4 mode=NONE win=8 obs=136 | cap=wip act=(320,360) d=4.43 a=2 | sp=preview:active d=4.4 age=3 dtg=7.32 region=0_7
ep=1432 s=136 7208ms [sel=54 cap=7041 rest=113] sg=4->4 mode=NONE win=8 obs=137 | cap=wip act=(320,360) d=4.43 a=2 | sp=preview:active d=4.4 age=4 dtg=7.32 region=0_7
ep=1432 s=137 8076ms [sel=31 cap=7919 rest=126] sg=4->4 mode=NONE win=8 obs=138 | cap=wip act=(320,360) d=4.43 a=2 | sp=preview:active d=4.4 age=5 dtg=7.32 region=0_7
ep=1432 s=138 3259ms [sel=11 cap=3136 rest=112] sg=4->4 mode=NONE win=8 obs=139 | cap=wip act=(320,360) d=4.43 a=2 | sp=preview:active d=4.4 age=6 dtg=7.32 region=0_7
ep=1432 s=139 6271ms [sel=3 cap=6151 rest=117] sg=4->4 mode=NONE win=8 obs=140 | cap=wip act=(320,360) d=4.43 a=2 | sp=preview:active d=4.4 age=7 dtg=7.32 region=0_7
ep=1432 s=140 14138ms [sel=4316 cap=9709 rest=113] sg=4->5 mode=NONE win=8 obs=141 | cap=DONE act=(320,359) d=2.23 a=1 | sp=straight_ahead:active d=1.8 age=0 som=1/6 dtg=7.15 region=0_7
ep=1432 s=141 7957ms [sel=3 cap=7841 rest=113] sg=5->5 mode=NONE win=8 obs=142 | cap=wip act=(320,360) d=1.52 a=2 | sp=straight_ahead:active d=1.5 age=1 dtg=7.15 region=0_7
ep=1432 s=142 25244ms [sel=3 cap=24696 rest=507] sg=5->5 mode=NONE win=8 obs=143 | cap=wip act=(320,360) d=1.52 a=1 | preview=view-/6 yaw=+0 render=39ms | sp=straight_ahead:active d=1.5 age=2 dtg=6.95 region=0_7
ep=1432 s=143 11965ms [sel=3 cap=11854 rest=109] sg=5->5 mode=NONE win=8 obs=144 | cap=wip act=(320,360) d=1.27 a=1 | sp=straight_ahead:active d=1.3 age=3 dtg=6.76 region=0_7
ep=1432 s=144 14459ms [sel=3 cap=14343 rest=114] sg=5->5 mode=NONE win=8 obs=145 | cap=wip act=(320,360) d=1.02 a=1 | sp=straight_ahead:active d=1.0 age=4 dtg=6.46 region=0_7
ep=1432 s=145 25742ms [sel=3 cap=25139 rest=556] sg=5->5 mode=NONE win=8 obs=146 | cap=wip act=(320,360) d=0.77 a=1 | preview=view-/6 yaw=+0 render=44ms | sp=straight_ahead:active d=0.8 age=5 dtg=6.21 region=0_7
ep=1432 s=146 15631ms [sel=4 cap=15521 rest=106] sg=5->5 mode=NONE win=8 obs=147 | cap=wip act=(320,360) d=0.52 a=1 | sp=straight_ahead:active d=0.5 age=6 dtg=5.97 region=0_7
ep=1432 s=147 16717ms [sel=36 cap=16571 rest=109] sg=5->5 mode=NONE win=8 obs=148 | cap=wip act=(320,360) d=1.61 a=1 | sp=frontier:active d=1.6 age=0 dtg=5.74 region=0_7
ep=1432 s=148 23009ms [sel=3 cap=22468 rest=501] sg=5->5 mode=NONE win=8 obs=149 | cap=wip act=(320,360) d=1.36 a=1 | preview=view-/6 yaw=+0 render=37ms | sp=frontier:active d=1.4 age=1 dtg=5.51 region=0_6
ep=1432 s=149 18175ms [sel=3 cap=18054 rest=118] sg=5->5 mode=NONE win=8 obs=150 | cap=wip act=(320,360) d=1.12 a=1 | sp=frontier:active d=1.1 age=2 dtg=5.28 region=0_6
ep=1432 s=150 27881ms [sel=3 cap=27760 rest=118] sg=5->5 mode=NONE win=8 obs=151 | cap=wip act=(320,360) d=0.87 a=1 | sp=frontier:active d=0.9 age=3 dtg=5.06 region=0_6
ep=1432 s=151 18180ms [sel=4 cap=17671 rest=468] sg=5->5 mode=NONE win=8 obs=152 | cap=wip act=(320,360) d=0.63 a=3 | preview=view-/6 yaw=+0 render=37ms | sp=frontier:active d=0.6 age=4 dtg=5.06 region=0_6
ep=1432 s=152 8756ms [sel=3 cap=8636 rest=118] sg=5->5 mode=NONE win=8 obs=153 | cap=wip act=(320,360) d=0.63 a=1 | sp=frontier:active d=0.6 age=5 dtg=4.82 region=0_6
ep=1432 s=153 10713ms [sel=3972 cap=6625 rest=117] sg=5->5 mode=NONE win=8 obs=154 | cap=wip act=(320,360) d=2.98 a=3 | sp=som:active d=3.0 age=0 som=5/7 dtg=4.82 region=0_6
ep=1432 s=154 21929ms [sel=3 cap=21393 rest=497] sg=5->5 mode=NONE win=8 obs=155 | cap=wip act=(320,360) d=2.98 a=1 | preview=view-/6 yaw=+0 render=35ms | sp=som:active d=3.0 age=1 dtg=4.57 region=0_6
ep=1432 s=155 7855ms [sel=5 cap=7732 rest=117] sg=5->5 mode=NONE win=8 obs=156 | cap=wip act=(320,360) d=2.73 a=3 | sp=som:active d=2.7 age=2 dtg=4.57 region=0_6
ep=1432 s=156 14071ms [sel=3 cap=13936 rest=132] sg=5->5 mode=NONE win=8 obs=157 | cap=wip act=(320,360) d=2.73 a=1 | sp=som:active d=2.7 age=3 dtg=4.33 region=0_6
ep=1432 s=157 19974ms [sel=5 cap=19466 rest=466] sg=5->5 mode=NONE win=8 obs=158 | cap=wip act=(320,360) d=2.49 a=1 | preview=view-/6 yaw=+0 render=38ms | sp=som:active d=2.5 age=4 dtg=4.09 region=0_6
ep=1432 s=158 20883ms [sel=3 cap=20753 rest=128] sg=5->5 mode=NONE win=8 obs=159 | cap=wip act=(320,360) d=2.24 a=1 | sp=som:active d=2.2 age=5 dtg=3.85 region=0_6
ep=1432 s=159 18170ms [sel=3 cap=18049 rest=118] sg=5->5 mode=NONE win=8 obs=160 | cap=wip act=(320,360) d=2.00 a=1 | sp=som:active d=2.0 age=6 dtg=3.62 region=0_6
ep=1432 s=160 27155ms [sel=4 cap=26589 rest=524] sg=5->5 mode=NONE win=8 obs=161 | cap=wip act=(320,360) d=1.76 a=2 | preview=view-/6 yaw=+0 render=38ms | sp=som:active d=1.8 age=7 dtg=3.62 region=0_6
ep=1432 s=161 11308ms [sel=3 cap=11194 rest=112] sg=5->5 mode=NONE win=8 obs=162 | cap=wip act=(320,360) d=1.76 a=1 | sp=som:active d=1.8 age=8 dtg=3.38 region=0_6
ep=1432 s=162 10549ms [sel=5 cap=10431 rest=112] sg=5->5 mode=NONE win=8 obs=163 | cap=wip act=(320,360) d=1.51 a=1 | sp=som:active d=1.5 age=9 dtg=3.14 region=0_6
ep=1432 s=163 21557ms [sel=3 cap=21047 rest=470] sg=5->5 mode=NONE win=8 obs=164 | cap=wip act=(320,360) d=1.26 a=1 | preview=view-/6 yaw=+0 render=38ms | sp=som:active d=1.3 age=10 dtg=2.90 region=0_6
ep=1432 s=164 16047ms [sel=4 cap=15930 rest=113] sg=5->5 mode=NONE win=8 obs=165 | cap=wip act=(320,360) d=1.01 a=1 | sp=som:active d=1.0 age=11 dtg=2.67 region=0_6
ep=1432 s=165 14745ms [sel=3 cap=14627 rest=115] sg=5->5 mode=NONE win=8 obs=166 | cap=wip act=(320,360) d=0.76 a=1 | sp=som:active d=0.8 age=12 dtg=2.46 region=0_6
ep=1432 s=166 24758ms [sel=3 cap=24184 rest=530] sg=5->5 mode=NONE win=8 obs=167 | cap=wip act=(320,360) d=0.51 a=1 | preview=view-/6 yaw=+0 render=42ms | sp=som:active d=0.5 age=13 dtg=2.32 region=0_6
ep=1432 s=167 22264ms [sel=56 cap=22091 rest=118] sg=5->5 mode=NONE win=8 obs=168 | cap=wip act=(320,360) d=3.13 a=2 | sp=frontier:active d=3.1 age=0 dtg=2.32 region=0_6
ep=1432 s=168 13042ms [sel=4 cap=12921 rest=117] sg=5->5 mode=NONE win=8 obs=169 | cap=wip act=(320,360) d=3.13 a=1 | sp=frontier:active d=3.1 age=1 dtg=2.19 region=0_6
ep=1432 s=169 22368ms [sel=4 cap=21801 rest=526] sg=5->5 mode=NONE win=8 obs=170 | cap=wip act=(320,360) d=2.90 a=1 | preview=view-/6 yaw=+0 render=37ms | sp=frontier:active d=2.9 age=2 dtg=2.09 region=0_6
ep=1432 s=170 14348ms [sel=3 cap=14231 rest=114] sg=5->5 mode=NONE win=8 obs=171 | cap=wip act=(320,360) d=2.68 a=1 | sp=frontier:active d=2.7 age=3 dtg=2.02 region=0_6
ep=1432 s=171 18583ms [sel=4 cap=18464 rest=115] sg=5->5 mode=NONE win=8 obs=172 | cap=wip act=(320,360) d=2.46 a=1 | sp=frontier:active d=2.5 age=4 dtg=1.98 region=0_6
ep=1432 s=172 25979ms [sel=3 cap=25455 rest=483] sg=5->5 mode=NONE win=8 obs=173 | cap=wip act=(320,360) d=2.24 a=3 | preview=view-/6 yaw=+0 render=38ms | sp=frontier:active d=2.2 age=5 dtg=1.98 region=0_6
ep=1432 s=173 17035ms [sel=7 cap=16920 rest=108] sg=5->5 mode=NONE win=8 obs=174 | cap=wip act=(320,360) d=2.24 a=1 | sp=frontier:active d=2.2 age=6 dtg=2.04 region=0_3
ep=1432 s=174 19015ms [sel=15 cap=18885 rest=115] sg=5->5 mode=NONE win=8 obs=175 | cap=wip act=(320,360) d=2.09 a=1 | sp=frontier:active d=2.1 age=7 dtg=2.15 region=0_3
ep=1432 s=175 14730ms [sel=7 cap=14185 rest=501] sg=5->5 mode=NONE win=8 obs=176 | cap=wip act=(320,360) d=1.95 a=1 | preview=view-/6 yaw=+0 render=37ms | sp=frontier:active d=1.9 age=8 dtg=2.33 region=0_3
ep=1432 s=176 10407ms [sel=4 cap=10288 rest=115] sg=5->5 mode=NONE win=8 obs=177 | cap=wip act=(320,360) d=1.83 a=1 | sp=frontier:active d=1.8 age=9 dtg=2.53 region=0_3
ep=1432 s=177 8253ms [sel=4 cap=8130 rest=119] sg=5->5 mode=NONE win=8 obs=178 | cap=wip act=(320,360) d=1.75 a=1 | sp=frontier:active d=1.7 age=10 dtg=2.76 region=0_3
ep=1432 s=178 28883ms [sel=4 cap=28322 rest=519] sg=5->5 mode=NONE win=8 obs=179 | cap=wip act=(320,360) d=1.70 a=1 | preview=view-/6 yaw=+0 render=38ms | sp=frontier:active d=1.7 age=11 dtg=2.99 region=0_3
ep=1432 s=179 27180ms [sel=4 cap=27064 rest=113] sg=5->5 mode=NONE win=8 obs=180 | cap=wip act=(320,360) d=1.68 a=1 | sp=frontier:active d=1.7 age=12 dtg=3.22 region=0_3
ep=1432 s=180 19045ms [sel=5 cap=18924 rest=116] sg=5->5 mode=NONE win=8 obs=181 | cap=wip act=(320,360) d=1.70 a=1 | sp=frontier:active d=1.7 age=13 dtg=3.46 region=0_3
ep=1432 s=181 30541ms [sel=4 cap=29995 rest=503] sg=5->5 mode=NONE win=8 obs=182 | cap=wip act=(320,360) d=1.75 a=1 | preview=view-/6 yaw=+0 render=38ms | sp=frontier:active d=1.8 age=14 dtg=3.71 region=0_3
ep=1432 s=182 17687ms [sel=13 cap=17559 rest=115] sg=5->5 mode=NONE win=8 obs=183 | cap=wip act=(320,360) d=1.84 a=2 | sp=frontier:active d=1.8 age=15 dtg=3.71 region=0_3
ep=1432 s=183 23506ms [sel=4 cap=23385 rest=117] sg=5->5 mode=NONE win=8 obs=184 | cap=wip act=(320,360) d=1.84 a=1 | sp=frontier:active d=1.8 age=16 dtg=3.93 region=0_3
ep=1432 s=184 25495ms [sel=4 cap=24965 rest=490] sg=5->5 mode=NONE win=8 obs=185 | cap=wip act=(320,360) d=1.90 a=1 | preview=view-/6 yaw=+0 render=36ms | sp=frontier:active d=1.9 age=17 dtg=4.16 region=0_3
ep=1432 s=185 13394ms [sel=4 cap=13276 rest=115] sg=5->5 mode=NONE win=8 obs=186 | cap=wip act=(320,360) d=1.99 a=1 | sp=frontier:active d=2.0 age=18 dtg=4.40 region=0_3
ep=1432 s=186 8183ms [sel=4 cap=8072 rest=106] sg=5->5 mode=NONE win=8 obs=187 | cap=wip act=(320,360) d=2.10 a=3 | sp=frontier:active d=2.1 age=19 dtg=4.40 region=0_3
ep=1432 s=187 20182ms [sel=4 cap=19682 rest=460] sg=5->5 mode=NONE win=8 obs=188 | cap=wip act=(320,360) d=2.10 a=1 | preview=view-/6 yaw=+0 render=36ms | sp=frontier:active d=2.1 age=20 dtg=4.65 region=0_3
ep=1432 s=188 28277ms [sel=4 cap=28166 rest=107] sg=5->5 mode=NONE win=8 obs=189 | cap=wip act=(320,360) d=2.28 a=1 | sp=frontier:active d=2.3 age=21 dtg=4.90 region=0_3
ep=1432 s=189 21498ms [sel=49 cap=21345 rest=104] sg=5->5 mode=NONE win=8 obs=190 | cap=wip act=(320,360) d=2.48 a=1 | sp=frontier:active d=2.5 age=0 dtg=5.15 region=0_3
ep=1432 s=190 19918ms [sel=3 cap=19810 rest=105] sg=5->5 mode=NONE win=8 obs=191 | cap=wip act=(320,360) d=2.24 a=1 | sp=frontier:active d=2.2 age=1 dtg=5.55 region=0_3
ep=1432 s=191 12969ms [sel=6 cap=12423 rest=505] sg=5->5 mode=NONE win=8 obs=192 | cap=wip act=(320,360) d=2.00 a=1 | preview=view-/6 yaw=+0 render=35ms | sp=frontier:active d=2.0 age=2 dtg=5.60 region=0_3
ep=1432 s=192 8770ms [sel=6 cap=8657 rest=107] sg=5->5 mode=NONE win=8 obs=193 | cap=wip act=(320,360) d=1.76 a=1 | sp=frontier:active d=1.8 age=3 dtg=5.70 region=0_3
ep=1432 s=193 14315ms [sel=5 cap=14196 rest=113] sg=5->5 mode=NONE win=8 obs=194 | cap=wip act=(320,360) d=1.53 a=1 | sp=frontier:active d=1.5 age=4 dtg=5.83 region=0_3
ep=1432 s=194 17436ms [sel=3 cap=16899 rest=498] sg=5->5 mode=NONE win=8 obs=195 | cap=wip act=(320,360) d=1.30 a=1 | preview=view-/6 yaw=+0 render=37ms | sp=frontier:active d=1.3 age=5 dtg=6.01 region=0_3
ep=1432 s=195 8657ms [sel=3 cap=8541 rest=113] sg=5->5 mode=NONE win=8 obs=196 | cap=wip act=(320,360) d=1.09 a=1 | sp=frontier:active d=1.1 age=6 dtg=6.23 region=0_3
ep=1432 s=196 9615ms [sel=3 cap=9502 rest=110] sg=5->5 mode=NONE win=8 obs=197 | cap=wip act=(320,360) d=0.89 a=2 | sp=frontier:active d=0.9 age=7 dtg=6.23 region=0_3
ep=1432 s=197 18834ms [sel=3 cap=18270 rest=523] sg=5->5 mode=NONE win=8 obs=198 | cap=wip act=(320,360) d=0.89 a=2 | preview=view-/6 yaw=+0 render=38ms | sp=frontier:active d=0.9 age=8 dtg=6.23 region=0_3
ep=1432 s=198 11494ms [sel=3 cap=11334 rest=157] sg=5->5 mode=NONE win=8 obs=199 | cap=wip act=(320,360) d=0.89 a=1 | sp=frontier:active d=0.9 age=9 dtg=6.41 region=0_3
ep=1432 s=199 15185ms [sel=3 cap=15047 rest=135] sg=5->5 mode=NONE win=8 obs=200 | cap=wip act=(320,360) d=0.64 a=1 | sp=frontier:active d=0.6 age=10 dtg=6.61 region=0_3
ep=1432 s=200 21115ms [sel=5 cap=20549 rest=525] sg=5->None mode=NONE win=8 obs=201 | cap=DONE act=(320,360) d=1.00 a=1 | preview=view-/6 yaw=+0 render=36ms | sp=frontier:reached d=0.4 age=11 ovr=1 door_evts=1 dtg=6.83 region=0_3
ep=1432 s=201 164ms [sel=5 cap=0 rest=159] sg=None->None mode=NONE win=8 obs=202 | cap=- act=(320,360) d=1.00 a=1 | sp=frontier:reached d=0.4 age=12 ovr=1 door_evts=1 dtg=7.07 region=0_3
ep=1432 s=202 129ms [sel=4 cap=0 rest=125] sg=None->None mode=NONE win=8 obs=203 | cap=- act=STOP | sp=frontier:reached d=0.4 age=13 ovr=1 door_evts=1 dtg=7.07 region=0_3
rank=1 [14/17] id=1432 steps=203 success=0.000 spl=0.000 dtg=7.07 osr=1 path_length=27.27 ndtw=0.122 sdtw=0.000
episode=1498 instruction='So head on out of the bathroom. Then turn right and go down the hallway until you get to the kitchen, and at that point turn left. And just wait there.' start_position=[3.0244500637054443, 0.12711000442504883, -3.272550106048584] goal_position=[8.163310050964355, 0.12711000442504883, 0.9483100175857544] reference_geodesic=7.761274814605713
episode=1498 prepared_subgoals=4
  [1] Exit the bathroom
      proof: The camera has passed the bathroom threshold and the hallway is central in the view.
  [2] Turn right at the bathroom doorway, then walk down the hallway to the kitchen doorway
      proof: The camera has passed the hallway to the kitchen doorway: it is behind or below the camera and the space beyond it fills the view; the camera has not yet turned left.
  [3] Turn left at the kitchen doorway, then enter the kitchen
      proof: The camera has crossed the kitchen threshold and the kitchen interior is central in the view.
  [4] Stop beside the kitchen counter
      proof: The camera is stationary beside the kitchen counter, with the counter filling the central view
ep=1498 s=0 18234ms [sel=14 cap=17768 rest=415] sg=1->1 mode=NONE win=1 obs=1 | cap=wip act=PREVIEW a=2 | preview=view3/6 yaw=+45 render=37ms | sp=preview:reached d=0.5 age=0 dtg=7.76 region=0_10
ep=1498 s=1 14282ms [sel=43 cap=14127 rest=112] sg=1->1 mode=NONE win=2 obs=2 | cap=wip act=(320,360) d=2.90 a=3 | sp=frontier:active d=2.9 age=0 dtg=7.76 region=0_10
ep=1498 s=2 13545ms [sel=18 cap=13437 rest=90] sg=1->1 mode=NONE win=3 obs=3 | cap=wip act=(320,360) d=2.90 a=3 | sp=frontier:active d=2.9 age=1 dtg=7.76 region=0_10
ep=1498 s=3 4647ms [sel=18 cap=4534 rest=95] sg=1->1 mode=NONE win=4 obs=4 | cap=wip act=(320,360) d=2.90 a=3 | sp=frontier:active d=2.9 age=2 dtg=7.76 region=0_10
ep=1498 s=4 13000ms [sel=18 cap=12888 rest=94] sg=1->1 mode=NONE win=5 obs=5 | cap=wip act=(320,360) d=2.90 a=3 | sp=frontier:active d=2.9 age=3 dtg=7.76 region=0_10
ep=1498 s=5 8816ms [sel=18 cap=8700 rest=97] sg=1->1 mode=NONE win=6 obs=6 | cap=wip act=(320,360) d=2.90 a=3 | sp=frontier:active d=2.9 age=4 dtg=7.76 region=0_10
ep=1498 s=6 12058ms [sel=17 cap=11948 rest=93] sg=1->1 mode=NONE win=7 obs=7 | cap=wip act=(320,360) d=2.90 a=3 | sp=frontier:active d=2.9 age=5 dtg=7.76 region=0_10
ep=1498 s=7 12624ms [sel=21 cap=12157 rest=409] sg=1->1 mode=NONE win=8 obs=8 | cap=wip act=(320,360) d=2.90 a=3 | preview=view-/6 yaw=+0 render=38ms | sp=frontier:active d=2.9 age=6 dtg=7.76 region=0_10
ep=1498 s=8 7157ms [sel=17 cap=7055 rest=85] sg=1->1 mode=NONE win=8 obs=9 | cap=wip act=(320,360) d=2.90 a=3 | sp=frontier:active d=2.9 age=7 dtg=7.76 region=0_10
ep=1498 s=9 5714ms [sel=0 cap=5612 rest=102] sg=1->2 mode=NONE win=8 obs=10 | cap=DONE act=TURN request=+45deg execute=+15deg x1 a=3 | sp=frontier:active d=2.9 age=8 dtg=7.76 region=0_10
ep=1498 s=10 7453ms [sel=0 cap=7342 rest=112] sg=2->2 mode=WALL_STUCK win=8 obs=11 | cap=wip/WALL_STUCK act=TURN request=+45deg execute=+15deg x1 a=3 dtg=7.76 region=0_10
ep=1498 s=11 6917ms [sel=0 cap=6810 rest=107] sg=2->2 mode=NONE win=8 obs=12 | cap=wip act=TURN request=+45deg execute=+15deg x1 a=3 dtg=7.76 region=0_10
ep=1498 s=12 5846ms [sel=0 cap=5741 rest=105] sg=2->2 mode=NONE win=8 obs=13 | cap=wip act=TURN request=+45deg execute=+15deg x1 a=3 dtg=7.76 region=0_10
ep=1498 s=13 10117ms [sel=21 cap=9984 rest=113] sg=2->2 mode=NONE win=8 obs=14 | cap=wip act=(320,360) d=0.51 a=2 | sp=frontier:active d=0.5 age=0 dtg=7.76 region=0_10
ep=1498 s=14 7538ms [sel=3 cap=7432 rest=104] sg=2->2 mode=NONE win=8 obs=15 | cap=wip act=(320,360) d=0.51 a=2 | sp=frontier:active d=0.5 age=1 dtg=7.76 region=0_10
ep=1498 s=15 9215ms [sel=3 cap=9103 rest=109] sg=2->2 mode=NONE win=8 obs=16 | cap=wip act=(320,360) d=0.51 a=2 | sp=frontier:active d=0.5 age=2 dtg=7.76 region=0_10
ep=1498 s=16 14075ms [sel=3 cap=13962 rest=110] sg=2->2 mode=NONE win=8 obs=17 | cap=wip act=(320,360) d=0.51 a=1 | sp=frontier:active d=0.5 age=3 dtg=7.51 region=0_10
ep=1498 s=17 10715ms [sel=4259 cap=6341 rest=115] sg=2->2 mode=NONE win=8 obs=18 | cap=wip act=(320,359) d=2.22 a=1 | sp=straight_ahead:reached d=0.5 age=0 som=4/6 dtg=7.26 region=0_10
ep=1498 s=18 10346ms [sel=2409 cap=7832 rest=105] sg=2->2 mode=NONE win=8 obs=19 | cap=wip act=(320,359) d=2.05 a=1 | sp=straight_ahead:reached d=0.4 age=0 som=2/4 dtg=7.01 region=0_10
ep=1498 s=19 15200ms [sel=11671 cap=3064 rest=422] sg=2->2 mode=NONE win=8 obs=20 | cap=wip act=(320,360) d=1.26 a=2 | preview=view-/6 yaw=+0 render=44ms | sp=som:active d=1.3 age=0 som=2/5 dtg=7.01 region=0_10
ep=1498 s=20 7363ms [sel=6 cap=7272 rest=86] sg=2->2 mode=NONE win=8 obs=21 | cap=wip act=(320,360) d=1.26 a=1 | sp=som:active d=1.3 age=1 dtg=6.79 region=0_9
ep=1498 s=21 7764ms [sel=4 cap=7681 rest=80] sg=2->2 mode=NONE win=8 obs=22 | cap=wip act=(320,360) d=1.07 a=1 | sp=som:active d=1.1 age=2 dtg=6.59 region=0_9
ep=1498 s=22 8810ms [sel=6 cap=8726 rest=78] sg=2->2 mode=NONE win=8 obs=23 | cap=wip act=(320,360) d=0.90 a=3 | sp=som:active d=0.9 age=3 dtg=6.59 region=0_9
ep=1498 s=23 14487ms [sel=3 cap=14396 rest=87] sg=2->2 mode=NONE win=8 obs=24 | cap=wip act=(320,360) d=0.90 a=1 | sp=som:active d=0.9 age=4 dtg=6.42 region=0_9
ep=1498 s=24 7737ms [sel=4 cap=7649 rest=85] sg=2->2 mode=NONE win=8 obs=25 | cap=wip act=(320,360) d=0.73 a=3 | sp=som:active d=0.7 age=5 dtg=6.42 region=0_9
ep=1498 s=25 7516ms [sel=0 cap=7423 rest=93] sg=2->3 mode=NONE win=8 obs=26 | cap=DONE act=TURN request=-45deg execute=-15deg x1 a=2 | sp=som:active d=0.7 age=6 dtg=6.42 region=0_9
ep=1498 s=26 4921ms [sel=0 cap=4833 rest=88] sg=3->3 mode=NONE win=8 obs=27 | cap=wip act=TURN request=-45deg execute=-15deg x1 a=2 dtg=6.42 region=0_9
ep=1498 s=27 4464ms [sel=0 cap=4384 rest=80] sg=3->3 mode=NONE win=8 obs=28 | cap=wip act=TURN request=-45deg execute=-15deg x1 a=2 dtg=6.42 region=0_9
ep=1498 s=28 10676ms [sel=0 cap=10604 rest=71] sg=3->3 mode=NONE win=8 obs=29 | cap=wip act=TURN request=-45deg execute=-15deg x1 a=2 dtg=6.42 region=0_9
ep=1498 s=29 8672ms [sel=0 cap=8186 rest=447] sg=3->3 mode=NONE win=8 obs=30 | cap=wip act=TURN request=-45deg execute=-15deg x1 a=2 | preview=view-/6 yaw=+0 render=39ms dtg=6.42 region=0_9
ep=1498 s=30 8861ms [sel=4291 cap=4480 rest=89] sg=3->3 mode=NONE win=8 obs=31 | cap=wip act=(320,360) d=4.78 a=2 | sp=frontier:active d=4.8 age=0 som=3/6 dtg=6.42 region=0_9
ep=1498 s=31 8814ms [sel=7 cap=8720 rest=87] sg=3->3 mode=NONE win=8 obs=32 | cap=wip act=(320,360) d=4.78 a=2 | sp=frontier:active d=4.8 age=1 dtg=6.42 region=0_9
ep=1498 s=32 14133ms [sel=27 cap=13609 rest=461] sg=3->3 mode=NONE win=8 obs=33 | cap=wip act=(160,180) d=1.90 a=3 | preview=view0/6 yaw=-165 render=37ms | sp=preview:active d=1.9 age=0 dtg=6.42 region=0_9
ep=1498 s=33 7656ms [sel=14 cap=7552 rest=89] sg=3->3 mode=NONE win=8 obs=34 | cap=wip act=(320,360) d=1.90 a=3 | sp=preview:active d=1.9 age=1 dtg=6.42 region=0_9
ep=1498 s=34 9265ms [sel=15 cap=9161 rest=88] sg=3->3 mode=NONE win=8 obs=35 | cap=wip act=(320,360) d=1.90 a=3 | sp=preview:active d=1.9 age=2 dtg=6.42 region=0_9
ep=1498 s=35 14448ms [sel=14 cap=14355 rest=79] sg=3->3 mode=NONE win=8 obs=36 | cap=wip act=(320,360) d=1.90 a=3 | sp=preview:active d=1.9 age=3 dtg=6.42 region=0_9
ep=1498 s=36 8912ms [sel=14 cap=8827 rest=71] sg=3->3 mode=NONE win=8 obs=37 | cap=wip act=(320,360) d=1.90 a=3 | sp=preview:active d=1.9 age=4 dtg=6.42 region=0_9
ep=1498 s=37 9893ms [sel=14 cap=9802 rest=77] sg=3->3 mode=NONE win=8 obs=38 | cap=wip act=(320,360) d=1.90 a=3 | sp=preview:active d=1.9 age=5 dtg=6.42 region=0_9
ep=1498 s=38 9233ms [sel=13 cap=9138 rest=83] sg=3->3 mode=NONE win=8 obs=39 | cap=wip act=(320,360) d=1.90 a=3 | sp=preview:active d=1.9 age=6 dtg=6.42 region=0_9
ep=1498 s=39 18638ms [sel=12 cap=18532 rest=94] sg=3->3 mode=NONE win=8 obs=40 | cap=wip act=(320,360) d=1.90 a=3 | sp=preview:active d=1.9 age=7 dtg=6.42 region=0_9
ep=1498 s=40 9204ms [sel=10 cap=9097 rest=96] sg=3->3 mode=NONE win=8 obs=41 | cap=wip act=(320,360) d=1.90 a=3 | sp=preview:active d=1.9 age=8 dtg=6.42 region=0_9
ep=1498 s=41 9564ms [sel=8 cap=9464 rest=91] sg=3->3 mode=NONE win=8 obs=42 | cap=wip act=(320,360) d=1.90 a=1 | sp=preview:active d=1.9 age=9 dtg=6.17 region=0_9
ep=1498 s=42 6466ms [sel=9 cap=6360 rest=98] sg=3->3 mode=NONE win=8 obs=43 | cap=wip act=(320,360) d=1.90 a=1 | sp=preview:active d=1.9 age=10 dtg=5.92 region=0_9
ep=1498 s=43 8995ms [sel=5 cap=8892 rest=98] sg=3->3 mode=NONE win=8 obs=44 | cap=wip act=(320,360) d=1.93 a=1 | sp=preview:active d=1.9 age=11 dtg=5.67 region=0_9
ep=1498 s=44 5995ms [sel=6 cap=5893 rest=95] sg=3->3 mode=NONE win=8 obs=45 | cap=wip act=(320,360) d=2.00 a=3 | sp=preview:active d=2.0 age=12 dtg=5.67 region=0_9
ep=1498 s=45 5193ms [sel=4 cap=5094 rest=94] sg=3->3 mode=NONE win=8 obs=46 | cap=wip act=(320,360) d=2.00 a=3 | sp=preview:active d=2.0 age=13 dtg=5.67 region=0_9
ep=1498 s=46 8258ms [sel=3 cap=8158 rest=96] sg=3->3 mode=NONE win=8 obs=47 | cap=wip act=(320,360) d=2.00 a=1 | sp=preview:active d=2.0 age=14 dtg=5.44 region=0_9
ep=1498 s=47 13788ms [sel=6892 cap=6796 rest=99] sg=3->4 mode=NONE win=8 obs=48 | cap=DONE act=(320,360) d=1.14 a=1 | sp=som:active d=1.1 age=0 som=5/7 dtg=5.22 region=0_9
ep=1498 s=48 9463ms [sel=7 cap=9357 rest=100] sg=4->4 mode=NONE win=8 obs=49 | cap=wip act=(320,360) d=0.96 a=3 | sp=som:active d=1.0 age=1 dtg=5.22 region=0_9
ep=1498 s=49 21904ms [sel=5 cap=21432 rest=429] sg=4->None mode=NONE win=8 obs=50 | cap=DONE act=(320,360) d=1.00 a=1 | preview=view-/6 yaw=+0 render=38ms | sp=som:active d=1.0 age=2 door_evts=1 dtg=5.05 region=0_9
ep=1498 s=50 104ms [sel=4 cap=0 rest=100] sg=None->None mode=NONE win=8 obs=51 | cap=- act=(320,360) d=1.00 a=1 | sp=som:active d=0.8 age=3 door_evts=1 dtg=4.89 region=0_9
ep=1498 s=51 97ms [sel=3 cap=0 rest=94] sg=None->None mode=NONE win=8 obs=52 | cap=- act=STOP | sp=som:active d=0.6 age=4 door_evts=1 dtg=4.89 region=0_9
rank=1 [15/17] id=1498 steps=52 success=0.000 spl=0.000 dtg=4.89 osr=0 path_length=3.25 ndtw=0.621 sdtw=0.000
PluginManager::Manager: duplicate static plugin StbImageImporter, ignoring
PluginManager::Manager: duplicate static plugin GltfImporter, ignoring
PluginManager::Manager: duplicate static plugin BasisImporter, ignoring
PluginManager::Manager: duplicate static plugin AssimpImporter, ignoring
PluginManager::Manager: duplicate static plugin AnySceneImporter, ignoring
PluginManager::Manager: duplicate static plugin AnyImageImporter, ignoring
episode=1612 instruction="Okay so the door that leads outside should be behind you, and from there just move forward. Then turn left and head on down the corridor, the one that's got the eye chart toward your right. Keep going and you'll pass the half bath on your left and the kitchen on your right, and then turn left. The bedroom's ahead of you, so go on in through the leftmost door in the opposite wall." start_position=[1.9288300275802612, 0.17162801325321198, -0.08426710218191147] goal_position=[0.2081959992647171, 0.17162801325321198, -3.8352599143981934] reference_geodesic=7.5740742683410645
episode=1612 prepared_subgoals=4
  [1] Move forward from the door that leads outside
      proof: The from the door that leads outside is beside or directly ahead of the camera, within a step; the camera has not yet turned left.
  [2] Turn left at the corridor, then walk down the corridor past the half bath on the left
      proof: The half bath is directly to the left, within a step, and the corridor continues ahead.
  [3] Pass the kitchen on the right
      proof: The kitchen on the right is beside or directly ahead of the camera, within a step; the camera has not yet turned left.
  [4] Turn left at the end of the corridor, then enter the bedroom through the leftmost door in the opposite wall
      proof: The bedroom interior is central in the view after crossing the threshold
ep=1612 s=0 14191ms [sel=5 cap=13768 rest=381] sg=1->1 mode=NONE win=1 obs=1 | cap=wip act=PREVIEW a=2 | preview=view0/6 yaw=-90 render=36ms dtg=7.57 region=0_2
ep=1612 s=1 10515ms [sel=37 cap=10409 rest=69] sg=1->1 mode=NONE win=2 obs=2 | cap=wip act=(320,360) d=4.33 a=2 | sp=frontier:active d=4.3 age=0 dtg=7.57 region=0_2
ep=1612 s=2 8938ms [sel=3 cap=8861 rest=74] sg=1->1 mode=NONE win=3 obs=3 | cap=wip act=(320,360) d=4.33 a=2 | sp=frontier:active d=4.3 age=1 dtg=7.57 region=0_2
ep=1612 s=3 11196ms [sel=3 cap=11116 rest=77] sg=1->1 mode=NONE win=4 obs=4 | cap=wip act=(320,360) d=4.33 a=1 | sp=frontier:active d=4.3 age=2 dtg=7.38 region=0_2
ep=1612 s=4 4285ms [sel=3 cap=4202 rest=80] sg=1->1 mode=NONE win=5 obs=5 | cap=wip act=(320,360) d=4.08 a=2 | sp=frontier:active d=4.1 age=3 dtg=7.38 region=0_2
ep=1612 s=5 8213ms [sel=3 cap=8130 rest=80] sg=1->1 mode=NONE win=6 obs=6 | cap=wip act=(320,360) d=4.08 a=1 | sp=frontier:active d=4.1 age=4 dtg=7.17 region=0_2
ep=1612 s=6 6077ms [sel=3 cap=5993 rest=81] sg=1->1 mode=NONE win=7 obs=7 | cap=wip act=(320,360) d=3.84 a=1 | sp=frontier:active d=3.8 age=5 dtg=6.97 region=0_2
ep=1612 s=7 13833ms [sel=3 cap=13746 rest=83] sg=1->1 mode=NONE win=8 obs=8 | cap=wip act=(320,360) d=3.60 a=1 | sp=frontier:active d=3.6 age=6 dtg=6.80 region=0_17
ep=1612 s=8 10406ms [sel=3 cap=10320 rest=83] sg=1->1 mode=NONE win=8 obs=9 | cap=wip act=(320,360) d=3.35 a=1 | sp=frontier:active d=3.4 age=7 dtg=6.66 region=0_17
ep=1612 s=9 16645ms [sel=3 cap=16558 rest=84] sg=1->1 mode=NONE win=8 obs=10 | cap=wip act=(320,360) d=3.11 a=1 | sp=frontier:active d=3.1 age=8 dtg=6.59 region=0_17
ep=1612 s=10 9403ms [sel=3 cap=9295 rest=105] sg=1->1 mode=NONE win=8 obs=11 | cap=wip act=(320,360) d=2.87 a=1 | sp=frontier:active d=2.9 age=9 dtg=6.58 region=0_17
ep=1612 s=11 18464ms [sel=3 cap=18371 rest=91] sg=1->1 mode=NONE win=8 obs=12 | cap=wip act=(320,360) d=2.63 a=1 | sp=frontier:active d=2.6 age=10 dtg=6.60 region=0_17
ep=1612 s=12 8806ms [sel=4 cap=8703 rest=99] sg=1->1 mode=NONE win=8 obs=13 | cap=wip act=(320,360) d=2.39 a=1 | sp=frontier:active d=2.4 age=11 dtg=6.64 region=0_17
ep=1612 s=13 10520ms [sel=3330 cap=7084 rest=107] sg=1->1 mode=NONE win=8 obs=14 | cap=wip act=(320,360) d=3.01 a=1 | sp=som:active d=3.0 age=0 som=3/8 dtg=6.70 region=0_17
ep=1612 s=14 9229ms [sel=3 cap=9121 rest=105] sg=1->1 mode=NONE win=8 obs=15 | cap=wip act=(320,360) d=2.76 a=1 | sp=som:active d=2.8 age=1 dtg=6.77 region=0_17
ep=1612 s=15 11282ms [sel=3 cap=11175 rest=104] sg=1->1 mode=NONE win=8 obs=16 | cap=wip act=(320,360) d=2.51 a=1 | sp=som:active d=2.5 age=2 dtg=6.89 region=0_17
ep=1612 s=16 13424ms [sel=3 cap=13318 rest=103] sg=1->1 mode=NONE win=8 obs=17 | cap=wip act=(320,360) d=2.26 a=1 | sp=som:active d=2.3 age=3 dtg=7.05 region=0_17
ep=1612 s=17 12137ms [sel=3 cap=12028 rest=106] sg=1->1 mode=NONE win=8 obs=18 | cap=wip act=(320,360) d=2.01 a=1 | sp=som:active d=2.0 age=4 dtg=7.24 region=0_17
ep=1612 s=18 10728ms [sel=3 cap=10624 rest=101] sg=1->1 mode=NONE win=8 obs=19 | cap=wip act=(320,360) d=1.76 a=1 | sp=som:active d=1.8 age=5 dtg=7.45 region=0_17
ep=1612 s=19 14075ms [sel=3 cap=13962 rest=110] sg=1->1 mode=NONE win=8 obs=20 | cap=wip act=(320,360) d=1.51 a=1 | sp=som:active d=1.5 age=6 dtg=7.68 region=0_17
ep=1612 s=20 14505ms [sel=3 cap=14403 rest=99] sg=1->1 mode=NONE win=8 obs=21 | cap=wip act=(320,360) d=1.26 a=1 | sp=som:active d=1.3 age=7 dtg=7.91 region=0_17
ep=1612 s=21 15014ms [sel=3 cap=14917 rest=94] sg=1->1 mode=NONE win=8 obs=22 | cap=wip act=(320,360) d=1.02 a=1 | sp=som:active d=1.0 age=8 dtg=8.14 region=0_17
ep=1612 s=22 6843ms [sel=3 cap=6751 rest=90] sg=1->1 mode=NONE win=8 obs=23 | cap=wip act=(320,360) d=0.77 a=1 | sp=som:active d=0.8 age=9 dtg=8.38 region=0_17
ep=1612 s=23 8502ms [sel=3 cap=8407 rest=92] sg=1->1 mode=NONE win=8 obs=24 | cap=wip act=(320,360) d=0.52 a=1 | sp=som:active d=0.5 age=10 dtg=8.62 region=0_17
ep=1612 s=24 11960ms [sel=35 cap=11833 rest=92] sg=1->1 mode=NONE win=8 obs=25 | cap=wip act=(320,360) d=4.56 a=1 | sp=frontier:active d=4.6 age=0 dtg=8.86 region=0_17
ep=1612 s=25 11563ms [sel=4 cap=11470 rest=90] sg=1->1 mode=NONE win=8 obs=26 | cap=wip act=(320,360) d=4.31 a=1 | sp=frontier:active d=4.3 age=1 dtg=9.10 region=0_17
ep=1612 s=26 15672ms [sel=3 cap=15572 rest=98] sg=1->1 mode=NONE win=8 obs=27 | cap=wip act=(320,360) d=4.06 a=1 | sp=frontier:active d=4.1 age=2 dtg=9.35 region=0_17
ep=1612 s=27 10945ms [sel=3 cap=10845 rest=96] sg=1->1 mode=NONE win=8 obs=28 | cap=wip act=(320,360) d=3.81 a=1 | sp=frontier:active d=3.8 age=3 dtg=9.59 region=0_17
ep=1612 s=28 18265ms [sel=3 cap=18129 rest=133] sg=1->1 mode=NONE win=8 obs=29 | cap=wip act=(320,360) d=3.56 a=1 | sp=frontier:active d=3.6 age=4 dtg=9.84 region=0_17
ep=1612 s=29 15837ms [sel=4 cap=15732 rest=101] sg=1->1 mode=NONE win=8 obs=30 | cap=wip act=(320,360) d=3.31 a=1 | sp=frontier:active d=3.3 age=5 dtg=10.09 region=0_17
ep=1612 s=30 8996ms [sel=3 cap=8888 rest=105] sg=1->1 mode=NONE win=8 obs=31 | cap=wip act=(320,360) d=3.06 a=1 | sp=frontier:active d=3.1 age=6 dtg=10.33 region=0_17
ep=1612 s=31 6536ms [sel=3 cap=6425 rest=108] sg=1->1 mode=NONE win=8 obs=32 | cap=wip act=(320,360) d=2.81 a=1 | sp=frontier:active d=2.8 age=7 dtg=10.58 region=0_17
ep=1612 s=32 11054ms [sel=3 cap=10950 rest=101] sg=1->1 mode=NONE win=8 obs=33 | cap=wip act=(320,360) d=2.56 a=1 | sp=frontier:active d=2.6 age=8 dtg=10.83 region=0_17
ep=1612 s=33 10993ms [sel=3 cap=10886 rest=103] sg=1->1 mode=NONE win=8 obs=34 | cap=wip act=(320,360) d=2.31 a=1 | sp=frontier:active d=2.3 age=9 dtg=11.08 region=0_17
ep=1612 s=34 13973ms [sel=20 cap=13396 rest=523] sg=1->1 mode=NONE win=8 obs=35 | cap=wip act=(160,180) d=3.37 a=1 | preview=view3/6 yaw=+0 render=34ms | sp=preview:active d=3.4 age=0 dtg=11.32 region=0_17
ep=1612 s=35 11107ms [sel=0 cap=11000 rest=107] sg=1->2 mode=NONE win=8 obs=36 | cap=DONE act=TURN request=-45deg execute=-15deg x1 a=2 | sp=preview:active d=3.1 age=1 door_evts=1 dtg=11.32 region=0_17
ep=1612 s=36 9851ms [sel=0 cap=9746 rest=105] sg=2->2 mode=NONE win=8 obs=37 | cap=wip act=TURN request=-45deg execute=-15deg x1 a=2 | sp=- door_evts=1 dtg=11.32 region=0_17
ep=1612 s=37 16377ms [sel=0 cap=16275 rest=103] sg=2->2 mode=GET_NOWHERE win=8 obs=38 | cap=wip/GET_NOWHERE act=TURN request=-45deg execute=-15deg x1 a=2 | sp=- door_evts=1 dtg=11.32 region=0_17
ep=1612 s=38 12526ms [sel=0 cap=12424 rest=102] sg=2->2 mode=NONE win=8 obs=39 | cap=wip act=TURN request=-45deg execute=-15deg x1 a=2 | sp=- door_evts=1 dtg=11.32 region=0_17
ep=1612 s=39 18137ms [sel=58 cap=17974 rest=106] sg=2->2 mode=NONE win=8 obs=40 | cap=wip act=(320,360) d=2.89 a=3 | sp=frontier:active d=2.9 age=0 dtg=11.32 region=0_17
ep=1612 s=40 10452ms [sel=3 cap=10348 rest=102] sg=2->2 mode=NONE win=8 obs=41 | cap=wip act=(320,360) d=2.89 a=3 | sp=frontier:active d=2.9 age=1 dtg=11.32 region=0_17
ep=1612 s=41 11629ms [sel=3 cap=11522 rest=104] sg=2->2 mode=NONE win=8 obs=42 | cap=wip act=(320,360) d=2.89 a=1 | sp=frontier:active d=2.9 age=2 dtg=11.53 region=0_17
ep=1612 s=42 10171ms [sel=4 cap=10060 rest=107] sg=2->2 mode=NONE win=8 obs=43 | cap=wip act=(320,360) d=2.65 a=1 | sp=frontier:active d=2.6 age=3 dtg=11.73 region=0_17
ep=1612 s=43 10300ms [sel=3 cap=10194 rest=103] sg=2->2 mode=NONE win=8 obs=44 | cap=wip act=(320,360) d=2.40 a=3 | sp=frontier:active d=2.4 age=4 dtg=11.73 region=0_17
ep=1612 s=44 12849ms [sel=3 cap=12740 rest=106] sg=2->2 mode=NONE win=8 obs=45 | cap=wip act=(320,360) d=2.40 a=1 | sp=frontier:active d=2.4 age=5 dtg=11.97 region=0_17
ep=1612 s=45 10901ms [sel=3 cap=10790 rest=108] sg=2->2 mode=NONE win=8 obs=46 | cap=wip act=(320,360) d=2.15 a=3 | sp=frontier:active d=2.2 age=6 dtg=11.97 region=0_17
ep=1612 s=46 10327ms [sel=3 cap=10220 rest=104] sg=2->2 mode=NONE win=8 obs=47 | cap=wip act=(320,360) d=2.15 a=1 | sp=frontier:active d=2.2 age=7 dtg=12.22 region=0_17
ep=1612 s=47 7309ms [sel=3 cap=7201 rest=104] sg=2->2 mode=NONE win=8 obs=48 | cap=wip act=(320,360) d=1.92 a=1 | sp=frontier:active d=1.9 age=8 dtg=12.47 region=0_19
ep=1612 s=48 13078ms [sel=3 cap=12971 rest=103] sg=2->2 mode=NONE win=8 obs=49 | cap=wip act=(320,360) d=1.69 a=1 | sp=frontier:active d=1.7 age=9 dtg=12.72 region=0_19
ep=1612 s=49 10378ms [sel=4 cap=10271 rest=103] sg=2->2 mode=NONE win=8 obs=50 | cap=wip act=(320,360) d=1.46 a=1 | sp=frontier:active d=1.5 age=10 dtg=12.97 region=0_19
ep=1612 s=50 10259ms [sel=3 cap=10150 rest=106] sg=2->2 mode=NONE win=8 obs=51 | cap=wip act=(320,360) d=1.25 a=1 | sp=frontier:active d=1.2 age=11 dtg=13.22 region=0_19
ep=1612 s=51 11770ms [sel=4 cap=11665 rest=100] sg=2->2 mode=NONE win=8 obs=52 | cap=wip act=(320,360) d=1.05 a=2 | sp=frontier:active d=1.1 age=12 dtg=13.22 region=0_19
ep=1612 s=52 13309ms [sel=3 cap=13199 rest=106] sg=2->2 mode=NONE win=8 obs=53 | cap=wip act=(320,360) d=1.05 a=1 | sp=frontier:active d=1.1 age=13 dtg=13.46 region=0_19
ep=1612 s=53 11462ms [sel=4229 cap=7128 rest=106] sg=2->2 mode=NONE win=8 obs=54 | cap=wip act=(320,360) d=3.23 a=2 | sp=som:active d=3.2 age=0 som=2/8 dtg=13.46 region=0_19
ep=1612 s=54 7995ms [sel=3 cap=7893 rest=99] sg=2->2 mode=NONE win=8 obs=55 | cap=wip act=(320,360) d=3.23 a=1 | sp=som:active d=3.2 age=1 dtg=13.67 region=0_19
ep=1612 s=55 11314ms [sel=3 cap=11211 rest=100] sg=2->2 mode=NONE win=8 obs=56 | cap=wip act=(320,360) d=2.98 a=1 | sp=som:active d=3.0 age=2 dtg=13.88 region=0_19
ep=1612 s=56 7838ms [sel=3 cap=7733 rest=102] sg=2->2 mode=NONE win=8 obs=57 | cap=wip act=(320,360) d=2.73 a=1 | sp=som:active d=2.7 age=3 dtg=14.11 region=0_19
ep=1612 s=57 4605ms [sel=4 cap=4496 rest=106] sg=2->2 mode=NONE win=8 obs=58 | cap=wip act=(320,360) d=2.48 a=1 | sp=som:active d=2.5 age=4 dtg=14.36 region=0_19
ep=1612 s=58 11567ms [sel=4 cap=11457 rest=105] sg=2->2 mode=NONE win=8 obs=59 | cap=wip act=(320,360) d=2.23 a=1 | sp=som:active d=2.2 age=5 dtg=13.31 region=0_19
ep=1612 s=59 10740ms [sel=3 cap=10626 rest=111] sg=2->2 mode=NONE win=8 obs=60 | cap=wip act=(320,360) d=1.98 a=1 | sp=som:active d=2.0 age=6 dtg=13.40 region=0_9
ep=1612 s=60 10019ms [sel=3 cap=9908 rest=108] sg=2->2 mode=NONE win=8 obs=61 | cap=wip act=(320,360) d=1.73 a=1 | sp=som:active d=1.7 age=7 dtg=13.54 region=0_9
ep=1612 s=61 10202ms [sel=3 cap=10085 rest=114] sg=2->2 mode=NONE win=8 obs=62 | cap=wip act=(320,360) d=1.48 a=1 | sp=som:active d=1.5 age=8 dtg=13.70 region=0_9
ep=1612 s=62 12498ms [sel=3 cap=12382 rest=113] sg=2->2 mode=NONE win=8 obs=63 | cap=wip act=(320,360) d=1.23 a=1 | sp=som:active d=1.2 age=9 dtg=13.88 region=0_9
ep=1612 s=63 12383ms [sel=3 cap=12265 rest=116] sg=2->2 mode=NONE win=8 obs=64 | cap=wip act=(320,360) d=0.98 a=1 | sp=som:active d=1.0 age=10 dtg=14.07 region=0_9
ep=1612 s=64 13265ms [sel=3 cap=13148 rest=114] sg=2->2 mode=NONE win=8 obs=65 | cap=wip act=(320,360) d=0.74 a=1 | sp=som:active d=0.7 age=11 dtg=14.27 region=0_9
ep=1612 s=65 18007ms [sel=8700 cap=9194 rest=114] sg=2->2 mode=NONE win=8 obs=66 | cap=wip act=(320,360) d=1.39 a=1 | sp=som:active d=1.4 age=0 som=2/7 dtg=14.48 region=0_9
ep=1612 s=66 6854ms [sel=3 cap=6736 rest=115] sg=2->2 mode=NONE win=8 obs=67 | cap=wip act=(320,360) d=1.15 a=3 | sp=som:active d=1.2 age=1 dtg=14.48 region=0_9
ep=1612 s=67 17991ms [sel=3 cap=17874 rest=113] sg=2->2 mode=NONE win=8 obs=68 | cap=wip act=(320,360) d=1.15 a=1 | sp=som:active d=1.2 age=2 dtg=14.71 region=0_9
ep=1612 s=68 7490ms [sel=3 cap=7371 rest=115] sg=2->2 mode=NONE win=8 obs=69 | cap=wip act=(320,360) d=0.91 a=1 | sp=som:active d=0.9 age=3 dtg=14.95 region=0_9
ep=1612 s=69 16037ms [sel=3 cap=15919 rest=115] sg=2->2 mode=NONE win=8 obs=70 | cap=wip act=(320,360) d=0.66 a=1 | sp=som:active d=0.7 age=4 dtg=15.19 region=0_9
ep=1612 s=70 4391ms [sel=1851 cap=2428 rest=112] sg=2->2 mode=NONE win=8 obs=71 | cap=wip act=(320,360) d=2.15 a=1 | sp=som:active d=2.1 age=0 som=2/6 dtg=15.42 region=0_9
ep=1612 s=71 9667ms [sel=3 cap=9550 rest=114] sg=2->2 mode=NONE win=8 obs=72 | cap=wip act=(320,360) d=1.90 a=3 | sp=som:active d=1.9 age=1 dtg=15.42 region=0_9
ep=1612 s=72 8501ms [sel=4 cap=8379 rest=118] sg=2->2 mode=NONE win=8 obs=73 | cap=wip act=(320,360) d=1.90 a=1 | sp=som:active d=1.9 age=2 dtg=15.67 region=0_9
ep=1612 s=73 14520ms [sel=3 cap=14392 rest=125] sg=2->2 mode=NONE win=8 obs=74 | cap=wip act=(320,360) d=1.65 a=1 | sp=som:active d=1.7 age=3 dtg=15.92 region=0_9
ep=1612 s=74 13855ms [sel=3 cap=13711 rest=142] sg=2->2 mode=NONE win=8 obs=75 | cap=wip act=(320,360) d=1.41 a=1 | sp=som:active d=1.4 age=4 dtg=16.17 region=0_9
ep=1612 s=75 6722ms [sel=3 cap=6607 rest=112] sg=2->2 mode=NONE win=8 obs=76 | cap=wip act=(320,360) d=1.16 a=1 | sp=som:active d=1.2 age=5 dtg=16.42 region=0_9
ep=1612 s=76 9436ms [sel=3 cap=9318 rest=115] sg=2->2 mode=NONE win=8 obs=77 | cap=wip act=(320,360) d=0.92 a=1 | sp=som:active d=0.9 age=6 dtg=16.67 region=0_9
ep=1612 s=77 9626ms [sel=3 cap=9517 rest=106] sg=2->2 mode=NONE win=8 obs=78 | cap=wip act=(320,360) d=0.69 a=2 | sp=som:active d=0.7 age=7 dtg=16.67 region=0_9
ep=1612 s=78 7541ms [sel=3 cap=7418 rest=120] sg=2->2 mode=NONE win=8 obs=79 | cap=wip act=(320,360) d=0.69 a=1 | sp=som:active d=0.7 age=8 dtg=16.91 region=0_9
ep=1612 s=79 13258ms [sel=92 cap=13044 rest=122] sg=2->2 mode=NONE win=8 obs=80 | cap=wip act=(320,360) d=2.32 a=3 | sp=frontier:active d=2.3 age=0 dtg=16.91 region=0_9
ep=1612 s=80 12351ms [sel=54 cap=12186 rest=111] sg=2->2 mode=NONE win=8 obs=81 | cap=wip act=(320,360) d=2.32 a=3 | sp=frontier:active d=2.3 age=1 dtg=16.91 region=0_9
ep=1612 s=81 11558ms [sel=45 cap=11015 rest=461] sg=2->2 mode=NONE win=8 obs=82 | cap=wip act=(160,180) d=3.41 a=3 | preview=view5/6 yaw=+165 render=36ms | sp=preview:active d=3.4 age=0 dtg=16.91 region=0_9
ep=1612 s=82 8150ms [sel=29 cap=7990 rest=131] sg=2->2 mode=NONE win=8 obs=83 | cap=wip act=(320,360) d=3.41 a=3 | sp=preview:active d=3.4 age=1 dtg=16.91 region=0_9
ep=1612 s=83 22535ms [sel=29 cap=22385 rest=120] sg=2->2 mode=NONE win=8 obs=84 | cap=wip act=(320,360) d=3.41 a=3 | sp=preview:active d=3.4 age=2 dtg=16.91 region=0_9
ep=1612 s=84 12749ms [sel=30 cap=12599 rest=120] sg=2->2 mode=NONE win=8 obs=85 | cap=wip act=(320,360) d=3.41 a=3 | sp=preview:active d=3.4 age=3 dtg=16.91 region=0_9
ep=1612 s=85 12854ms [sel=31 cap=12706 rest=117] sg=2->2 mode=NONE win=8 obs=86 | cap=wip act=(320,360) d=3.41 a=3 | sp=preview:active d=3.4 age=4 dtg=16.91 region=0_9
ep=1612 s=86 4669ms [sel=30 cap=4528 rest=112] sg=2->2 mode=NONE win=8 obs=87 | cap=wip act=(320,360) d=3.41 a=3 | sp=preview:active d=3.4 age=5 dtg=16.91 region=0_9
ep=1612 s=87 10581ms [sel=30 cap=10434 rest=118] sg=2->2 mode=NONE win=8 obs=88 | cap=wip act=(320,360) d=3.41 a=3 | sp=preview:active d=3.4 age=6 dtg=16.91 region=0_9
ep=1612 s=88 2878ms [sel=29 cap=2740 rest=109] sg=2->2 mode=NONE win=8 obs=89 | cap=wip act=(320,360) d=3.41 a=3 | sp=preview:active d=3.4 age=7 dtg=16.91 region=0_9
ep=1612 s=89 7888ms [sel=25 cap=7755 rest=109] sg=2->2 mode=NONE win=8 obs=90 | cap=wip act=(320,360) d=3.41 a=3 | sp=preview:active d=3.4 age=8 dtg=16.91 region=0_9
ep=1612 s=90 13602ms [sel=5 cap=13488 rest=109] sg=2->2 mode=NONE win=8 obs=91 | cap=wip act=(320,360) d=3.41 a=3 | sp=preview:active d=3.4 age=9 dtg=16.91 region=0_9
ep=1612 s=91 9462ms [sel=6 cap=9349 rest=107] sg=2->2 mode=NONE win=8 obs=92 | cap=wip act=(320,360) d=3.41 a=1 | sp=preview:active d=3.4 age=10 dtg=16.67 region=0_9
ep=1612 s=92 10018ms [sel=3 cap=9907 rest=108] sg=2->2 mode=NONE win=8 obs=93 | cap=wip act=(320,360) d=3.17 a=1 | sp=preview:active d=3.2 age=11 dtg=16.44 region=0_9
ep=1612 s=93 4071ms [sel=3 cap=3962 rest=106] sg=2->2 mode=NONE win=8 obs=94 | cap=wip act=(320,360) d=2.93 a=3 | sp=preview:active d=2.9 age=12 dtg=16.44 region=0_9
ep=1612 s=94 9738ms [sel=3 cap=9628 rest=107] sg=2->2 mode=NONE win=8 obs=95 | cap=wip act=(320,360) d=2.93 a=1 | sp=preview:active d=2.9 age=13 dtg=16.19 region=0_9
ep=1612 s=95 11144ms [sel=3 cap=11038 rest=103] sg=2->2 mode=NONE win=8 obs=96 | cap=wip act=(320,360) d=2.68 a=1 | sp=preview:active d=2.7 age=14 dtg=15.94 region=0_9
ep=1612 s=96 13484ms [sel=3 cap=13374 rest=107] sg=2->2 mode=NONE win=8 obs=97 | cap=wip act=(320,360) d=2.43 a=1 | sp=preview:active d=2.4 age=15 dtg=15.69 region=0_9
ep=1612 s=97 11961ms [sel=3 cap=11856 rest=103] sg=2->2 mode=NONE win=8 obs=98 | cap=wip act=(320,360) d=2.18 a=1 | sp=preview:active d=2.2 age=16 dtg=15.44 region=0_9
ep=1612 s=98 5787ms [sel=3 cap=5678 rest=106] sg=2->2 mode=NONE win=8 obs=99 | cap=wip act=(320,360) d=1.94 a=1 | sp=preview:active d=1.9 age=17 dtg=15.19 region=0_9
ep=1612 s=99 15013ms [sel=3 cap=14908 rest=102] sg=2->2 mode=NONE win=8 obs=100 | cap=wip act=(320,360) d=1.69 a=1 | sp=preview:active d=1.7 age=18 dtg=14.94 region=0_9
ep=1612 s=100 8000ms [sel=4 cap=7889 rest=108] sg=2->2 mode=NONE win=8 obs=101 | cap=wip act=(320,360) d=1.44 a=1 | sp=preview:active d=1.4 age=19 dtg=14.69 region=0_9
ep=1612 s=101 10056ms [sel=3 cap=9936 rest=118] sg=2->2 mode=NONE win=8 obs=102 | cap=wip act=(320,360) d=1.19 a=1 | sp=preview:active d=1.2 age=20 dtg=14.44 region=0_9
ep=1612 s=102 10674ms [sel=54 cap=10521 rest=99] sg=2->2 mode=NONE win=8 obs=103 | cap=wip act=(320,360) d=2.74 a=3 | sp=frontier:active d=2.7 age=0 dtg=14.44 region=0_9
ep=1612 s=103 12086ms [sel=3 cap=11971 rest=111] sg=2->2 mode=NONE win=8 obs=104 | cap=wip act=(320,360) d=2.74 a=3 | sp=frontier:active d=2.7 age=1 dtg=14.44 region=0_9
ep=1612 s=104 10333ms [sel=3 cap=10216 rest=114] sg=2->2 mode=NONE win=8 obs=105 | cap=wip act=(320,360) d=2.74 a=1 | sp=frontier:active d=2.7 age=2 dtg=14.22 region=0_9
ep=1612 s=105 15116ms [sel=3 cap=14997 rest=116] sg=2->2 mode=NONE win=8 obs=106 | cap=wip act=(320,360) d=2.51 a=1 | sp=frontier:active d=2.5 age=3 dtg=13.99 region=0_9
ep=1612 s=106 7758ms [sel=3 cap=7636 rest=119] sg=2->2 mode=NONE win=8 obs=107 | cap=wip act=(320,360) d=2.27 a=1 | sp=frontier:active d=2.3 age=4 dtg=13.77 region=0_9
ep=1612 s=107 11930ms [sel=3 cap=11812 rest=115] sg=2->2 mode=NONE win=8 obs=108 | cap=wip act=(320,360) d=2.04 a=2 | sp=frontier:active d=2.0 age=5 dtg=13.77 region=0_9
ep=1612 s=108 8527ms [sel=5 cap=8411 rest=111] sg=2->2 mode=NONE win=8 obs=109 | cap=wip act=(320,360) d=2.04 a=1 | sp=frontier:active d=2.0 age=6 dtg=13.53 region=0_9
ep=1612 s=109 11776ms [sel=7 cap=11661 rest=108] sg=2->2 mode=NONE win=8 obs=110 | cap=wip act=(320,360) d=1.86 a=1 | sp=frontier:active d=1.9 age=7 dtg=13.29 region=0_9
ep=1612 s=110 12940ms [sel=8 cap=12838 rest=94] sg=2->2 mode=NONE win=8 obs=111 | cap=wip act=(320,360) d=1.69 a=1 | sp=frontier:active d=1.7 age=8 dtg=13.05 region=0_19
ep=1612 s=111 10424ms [sel=10 cap=10321 rest=92] sg=2->2 mode=NONE win=8 obs=112 | cap=wip act=(320,360) d=1.54 a=1 | sp=frontier:active d=1.5 age=9 dtg=12.80 region=0_19
ep=1612 s=112 13256ms [sel=12 cap=13151 rest=93] sg=2->2 mode=NONE win=8 obs=113 | cap=wip act=(320,360) d=1.42 a=3 | sp=frontier:active d=1.4 age=10 dtg=12.80 region=0_19
ep=1612 s=113 9471ms [sel=10 cap=9368 rest=93] sg=2->2 mode=NONE win=8 obs=114 | cap=wip act=(320,360) d=1.42 a=3 | sp=frontier:active d=1.4 age=11 dtg=12.80 region=0_19
ep=1612 s=114 17294ms [sel=3 cap=17198 rest=94] sg=2->2 mode=NONE win=8 obs=115 | cap=wip act=(320,360) d=1.42 a=3 | sp=frontier:active d=1.4 age=12 dtg=12.80 region=0_19
ep=1612 s=115 11425ms [sel=3 cap=11332 rest=91] sg=2->2 mode=NONE win=8 obs=116 | cap=wip act=(320,360) d=1.42 a=3 | sp=frontier:active d=1.4 age=13 dtg=12.80 region=0_19
ep=1612 s=116 15461ms [sel=50 cap=14911 rest=464] sg=2->2 mode=NONE win=8 obs=117 | cap=wip act=(160,180) d=4.12 a=2 | preview=view0/6 yaw=-105 render=36ms | sp=preview:active d=4.1 age=0 dtg=12.80 region=0_19
ep=1612 s=117 12549ms [sel=31 cap=12427 rest=91] sg=2->2 mode=NONE win=8 obs=118 | cap=wip act=(320,360) d=4.12 a=2 | sp=preview:active d=4.1 age=1 dtg=12.80 region=0_19
ep=1612 s=118 8740ms [sel=27 cap=8619 rest=93] sg=2->2 mode=NONE win=8 obs=119 | cap=wip act=(320,360) d=4.12 a=2 | sp=preview:active d=4.1 age=2 dtg=12.80 region=0_19
ep=1612 s=119 12220ms [sel=5 cap=12121 rest=94] sg=2->2 mode=NONE win=8 obs=120 | cap=wip act=(320,360) d=4.12 a=2 | sp=preview:active d=4.1 age=3 dtg=12.80 region=0_19
ep=1612 s=120 6054ms [sel=3 cap=5959 rest=93] sg=2->2 mode=NONE win=8 obs=121 | cap=wip act=(320,360) d=4.12 a=1 | sp=preview:active d=4.1 age=4 dtg=12.56 region=0_19
ep=1612 s=121 7441ms [sel=4 cap=7343 rest=94] sg=2->2 mode=NONE win=8 obs=122 | cap=wip act=(320,360) d=3.88 a=2 | sp=preview:active d=3.9 age=5 dtg=12.56 region=0_19
ep=1612 s=122 6028ms [sel=3 cap=5933 rest=93] sg=2->2 mode=NONE win=8 obs=123 | cap=wip act=(320,360) d=3.88 a=2 | sp=preview:active d=3.9 age=6 dtg=12.56 region=0_19
ep=1612 s=123 11138ms [sel=4 cap=11033 rest=101] sg=2->2 mode=NONE win=8 obs=124 | cap=wip act=(320,360) d=3.88 a=1 | sp=preview:active d=3.9 age=7 dtg=12.32 region=0_19
ep=1612 s=124 8515ms [sel=3 cap=8403 rest=109] sg=2->2 mode=NONE win=8 obs=125 | cap=wip act=(320,360) d=3.64 a=1 | sp=preview:active d=3.6 age=8 dtg=12.08 region=0_19
ep=1612 s=125 10434ms [sel=3 cap=10326 rest=104] sg=2->2 mode=NONE win=8 obs=126 | cap=wip act=(320,360) d=3.39 a=1 | sp=preview:active d=3.4 age=9 dtg=11.84 region=0_19
ep=1612 s=126 15123ms [sel=3 cap=15017 rest=103] sg=2->2 mode=NONE win=8 obs=127 | cap=wip act=(320,360) d=3.15 a=1 | sp=preview:active d=3.1 age=10 dtg=11.60 region=0_19
ep=1612 s=127 11442ms [sel=3 cap=11337 rest=103] sg=2->2 mode=NONE win=8 obs=128 | cap=wip act=(320,360) d=2.91 a=3 | sp=preview:active d=2.9 age=11 dtg=11.60 region=0_19
ep=1612 s=128 11148ms [sel=3 cap=11042 rest=103] sg=2->2 mode=NONE win=8 obs=129 | cap=wip act=(320,360) d=2.91 a=1 | sp=preview:active d=2.9 age=12 dtg=11.35 region=0_19
ep=1612 s=129 10618ms [sel=3 cap=10512 rest=103] sg=2->2 mode=NONE win=8 obs=130 | cap=wip act=(320,360) d=2.66 a=1 | sp=preview:active d=2.7 age=13 dtg=11.10 region=0_19
ep=1612 s=130 11442ms [sel=3 cap=11333 rest=106] sg=2->2 mode=NONE win=8 obs=131 | cap=wip act=(320,360) d=2.41 a=1 | sp=preview:active d=2.4 age=14 dtg=10.85 region=0_19
ep=1612 s=131 14384ms [sel=45 cap=14233 rest=107] sg=2->2 mode=NONE win=8 obs=132 | cap=wip act=(320,360) d=2.66 a=1 | sp=frontier:active d=2.7 age=0 dtg=10.60 region=0_10
ep=1612 s=132 9146ms [sel=3 cap=9044 rest=100] sg=2->2 mode=NONE win=8 obs=133 | cap=wip act=(320,360) d=2.41 a=1 | sp=frontier:active d=2.4 age=1 dtg=10.35 region=0_10
ep=1612 s=133 12787ms [sel=3 cap=12682 rest=102] sg=2->2 mode=NONE win=8 obs=134 | cap=wip act=(320,360) d=2.16 a=1 | sp=frontier:active d=2.2 age=2 dtg=10.10 region=0_10
ep=1612 s=134 5773ms [sel=3 cap=5668 rest=103] sg=2->2 mode=NONE win=8 obs=135 | cap=wip act=(320,360) d=1.91 a=1 | sp=frontier:active d=1.9 age=3 dtg=9.85 region=0_10
ep=1612 s=135 12598ms [sel=3 cap=12489 rest=107] sg=2->2 mode=NONE win=8 obs=136 | cap=wip act=(320,360) d=1.66 a=1 | sp=frontier:active d=1.7 age=4 dtg=9.60 region=0_10
ep=1612 s=136 8897ms [sel=3 cap=8794 rest=101] sg=2->2 mode=NONE win=8 obs=137 | cap=wip act=(320,360) d=1.41 a=1 | sp=frontier:active d=1.4 age=5 dtg=9.35 region=0_10
ep=1612 s=137 8892ms [sel=3 cap=8787 rest=103] sg=2->2 mode=NONE win=8 obs=138 | cap=wip act=(320,360) d=1.16 a=1 | sp=frontier:active d=1.2 age=6 dtg=9.10 region=0_10
ep=1612 s=138 6825ms [sel=3 cap=6722 rest=100] sg=2->2 mode=NONE win=8 obs=139 | cap=wip act=(320,360) d=0.91 a=1 | sp=frontier:active d=0.9 age=7 dtg=8.85 region=0_10
ep=1612 s=139 11773ms [sel=3 cap=11665 rest=105] sg=2->2 mode=NONE win=8 obs=140 | cap=wip act=(320,360) d=0.66 a=1 | sp=frontier:active d=0.7 age=8 dtg=8.60 region=0_10
ep=1612 s=140 13972ms [sel=4289 cap=9577 rest=105] sg=2->3 mode=NONE win=8 obs=141 | cap=DONE act=(320,360) d=3.02 a=1 | sp=som:active d=3.0 age=0 som=4/8 dtg=8.35 region=0_10
ep=1612 s=141 13464ms [sel=4 cap=13347 rest=114] sg=3->3 mode=NONE win=8 obs=142 | cap=wip act=(320,360) d=2.77 a=2 | sp=som:active d=2.8 age=1 dtg=8.35 region=0_10
ep=1612 s=142 11178ms [sel=3 cap=11053 rest=122] sg=3->3 mode=NONE win=8 obs=143 | cap=wip act=(320,360) d=2.77 a=1 | sp=som:active d=2.8 age=2 dtg=8.11 region=0_10
ep=1612 s=143 7214ms [sel=3 cap=7104 rest=107] sg=3->3 mode=NONE win=8 obs=144 | cap=wip act=(320,360) d=2.53 a=1 | sp=som:active d=2.5 age=3 dtg=7.88 region=0_10
ep=1612 s=144 14142ms [sel=3 cap=14027 rest=112] sg=3->3 mode=NONE win=8 obs=145 | cap=wip act=(320,360) d=2.28 a=1 | sp=som:active d=2.3 age=4 dtg=7.64 region=0_10
ep=1612 s=145 10252ms [sel=3 cap=10144 rest=105] sg=3->3 mode=NONE win=8 obs=146 | cap=wip act=(320,360) d=2.04 a=1 | sp=som:active d=2.0 age=5 dtg=7.41 region=0_10
ep=1612 s=146 7451ms [sel=4 cap=7339 rest=108] sg=3->3 mode=NONE win=8 obs=147 | cap=wip act=(320,360) d=1.79 a=1 | sp=som:active d=1.8 age=6 dtg=7.19 region=0_10
ep=1612 s=147 15627ms [sel=3 cap=15515 rest=109] sg=3->3 mode=NONE win=8 obs=148 | cap=wip act=(320,360) d=1.55 a=3 | sp=som:active d=1.5 age=7 dtg=7.19 region=0_10
ep=1612 s=148 10642ms [sel=3 cap=10537 rest=102] sg=3->3 mode=NONE win=8 obs=149 | cap=wip act=(320,360) d=1.55 a=1 | sp=som:active d=1.5 age=8 dtg=6.94 region=0_10
ep=1612 s=149 11005ms [sel=3 cap=10894 rest=108] sg=3->3 mode=NONE win=8 obs=150 | cap=wip act=(320,360) d=1.30 a=1 | sp=som:active d=1.3 age=9 dtg=6.70 region=0_10
ep=1612 s=150 7445ms [sel=3 cap=7337 rest=106] sg=3->3 mode=NONE win=8 obs=151 | cap=wip act=(320,360) d=1.05 a=1 | sp=som:active d=1.1 age=10 dtg=6.45 region=0_18
ep=1612 s=151 5707ms [sel=3 cap=5591 rest=114] sg=3->3 mode=NONE win=8 obs=152 | cap=wip act=(320,360) d=0.80 a=1 | sp=som:active d=0.8 age=11 dtg=6.21 region=0_18
ep=1612 s=152 8105ms [sel=3 cap=8004 rest=99] sg=3->3 mode=NONE win=8 obs=153 | cap=wip act=(320,360) d=0.55 a=1 | sp=som:active d=0.6 age=12 dtg=5.98 region=0_18
ep=1612 s=153 13014ms [sel=4447 cap=8471 rest=97] sg=3->3 mode=NONE win=8 obs=154 | cap=wip act=(320,360) d=3.00 a=1 | sp=som:active d=3.0 age=0 som=4/8 dtg=5.74 region=0_18
ep=1612 s=154 7955ms [sel=3 cap=7855 rest=97] sg=3->3 mode=NONE win=8 obs=155 | cap=wip act=(320,360) d=2.75 a=3 | sp=som:active d=2.8 age=1 dtg=5.74 region=0_18
ep=1612 s=155 9335ms [sel=4 cap=9225 rest=107] sg=3->3 mode=NONE win=8 obs=156 | cap=wip act=(320,360) d=2.75 a=1 | sp=som:active d=2.8 age=2 dtg=5.50 region=0_18
ep=1612 s=156 10619ms [sel=6 cap=10503 rest=109] sg=3->3 mode=NONE win=8 obs=157 | cap=wip act=(320,360) d=2.51 a=1 | sp=som:active d=2.5 age=3 dtg=5.25 region=0_18
ep=1612 s=157 6327ms [sel=23 cap=6205 rest=99] sg=3->3 mode=NONE win=8 obs=158 | cap=wip act=(320,360) d=2.28 a=2 | sp=som:active d=2.3 age=4 dtg=5.25 region=0_18
ep=1612 s=158 7892ms [sel=22 cap=7766 rest=104] sg=3->3 mode=NONE win=8 obs=159 | cap=wip act=(320,360) d=2.28 a=1 | sp=som:active d=2.3 age=5 dtg=5.04 region=0_18
ep=1612 s=159 10138ms [sel=22 cap=10028 rest=88] sg=3->3 mode=NONE win=8 obs=160 | cap=wip act=(320,360) d=2.03 a=1 | sp=som:active d=2.0 age=6 dtg=4.83 region=0_18
ep=1612 s=160 14329ms [sel=22 cap=14215 rest=92] sg=3->3 mode=NONE win=8 obs=161 | cap=wip act=(320,360) d=1.78 a=1 | sp=som:active d=1.8 age=7 dtg=4.64 region=0_18
ep=1612 s=161 9669ms [sel=21 cap=9561 rest=87] sg=3->3 mode=NONE win=8 obs=162 | cap=wip act=(320,360) d=1.53 a=1 | sp=som:active d=1.5 age=8 dtg=4.47 region=0_18
ep=1612 s=162 9127ms [sel=20 cap=9013 rest=94] sg=3->3 mode=NONE win=8 obs=163 | cap=wip act=(320,360) d=1.28 a=1 | sp=som:active d=1.3 age=9 dtg=4.33 region=0_18
ep=1612 s=163 10117ms [sel=0 cap=9983 rest=134] sg=3->4 mode=NONE win=8 obs=164 | cap=DONE act=TURN request=-45deg execute=-15deg x1 a=2 | sp=som:active d=1.0 age=10 ovr=1 door_evts=5 dtg=4.33 region=0_18
ep=1612 s=164 4564ms [sel=0 cap=4458 rest=106] sg=4->4 mode=NONE win=8 obs=165 | cap=wip act=TURN request=-45deg execute=-15deg x1 a=2 | sp=- ovr=1 door_evts=5 dtg=4.33 region=0_18
ep=1612 s=165 10058ms [sel=0 cap=9962 rest=97] sg=4->4 mode=NONE win=8 obs=166 | cap=wip act=TURN request=-45deg execute=-15deg x1 a=2 | sp=- ovr=1 door_evts=5 dtg=4.33 region=0_18
ep=1612 s=166 11032ms [sel=0 cap=10481 rest=517] sg=4->4 mode=NONE win=8 obs=167 | cap=wip act=TURN request=-45deg execute=-15deg x1 a=2 | preview=view-/6 yaw=+0 render=34ms | sp=- ovr=1 door_evts=5 dtg=4.33 region=0_18
ep=1612 s=167 13300ms [sel=55 cap=13154 rest=92] sg=4->4 mode=NONE win=8 obs=168 | cap=wip act=(320,360) d=2.65 a=2 | sp=frontier:active d=2.7 age=0 dtg=4.33 region=0_18
ep=1612 s=168 9779ms [sel=3 cap=9682 rest=94] sg=4->4 mode=NONE win=8 obs=169 | cap=wip act=(320,360) d=2.65 a=1 | sp=frontier:active d=2.7 age=1 dtg=4.54 region=0_18
ep=1612 s=169 10729ms [sel=4 cap=10632 rest=93] sg=4->4 mode=NONE win=8 obs=170 | cap=wip act=(320,360) d=2.42 a=2 | sp=frontier:active d=2.4 age=2 dtg=4.54 region=0_18
ep=1612 s=170 11221ms [sel=3 cap=11134 rest=84] sg=4->4 mode=NONE win=8 obs=171 | cap=wip act=(320,360) d=2.42 a=1 | sp=frontier:active d=2.4 age=3 dtg=4.78 region=0_18
ep=1612 s=171 10124ms [sel=4 cap=10038 rest=82] sg=4->4 mode=NONE win=8 obs=172 | cap=wip act=(320,360) d=2.24 a=1 | sp=frontier:active d=2.2 age=4 dtg=5.03 region=0_18
ep=1612 s=172 7842ms [sel=7 cap=7750 rest=85] sg=4->4 mode=NONE win=8 obs=173 | cap=wip act=(320,360) d=2.07 a=1 | sp=frontier:active d=2.1 age=5 dtg=5.27 region=0_18
ep=1612 s=173 9649ms [sel=9 cap=9556 rest=84] sg=4->4 mode=NONE win=8 obs=174 | cap=wip act=(320,360) d=1.91 a=1 | sp=frontier:active d=1.9 age=6 dtg=5.52 region=0_18
ep=1612 s=174 5233ms [sel=10 cap=5141 rest=83] sg=4->4 mode=NONE win=8 obs=175 | cap=wip act=(320,360) d=1.78 a=1 | sp=frontier:active d=1.8 age=7 dtg=5.77 region=None
ep=1612 s=175 9340ms [sel=11 cap=9247 rest=81] sg=4->4 mode=NONE win=8 obs=176 | cap=wip act=(320,360) d=1.67 a=3 | sp=frontier:active d=1.7 age=8 dtg=5.77 region=None
ep=1612 s=176 20131ms [sel=9 cap=20041 rest=81] sg=4->4 mode=NONE win=8 obs=177 | cap=wip act=(320,360) d=1.67 a=3 | sp=frontier:active d=1.7 age=9 dtg=5.77 region=None
ep=1612 s=177 25275ms [sel=4 cap=25191 rest=81] sg=4->4 mode=NONE win=8 obs=178 | cap=wip act=(320,360) d=1.67 a=1 | sp=frontier:active d=1.7 age=10 dtg=5.97 region=0_17
ep=1612 s=178 5815ms [sel=7 cap=5729 rest=79] sg=4->4 mode=NONE win=8 obs=179 | cap=wip act=(320,360) d=1.48 a=3 | sp=frontier:active d=1.5 age=11 dtg=5.97 region=0_17
ep=1612 s=179 10339ms [sel=4 cap=10243 rest=92] sg=4->4 mode=NONE win=8 obs=180 | cap=wip act=(320,360) d=1.48 a=1 | sp=frontier:active d=1.5 age=12 dtg=6.15 region=0_17
ep=1612 s=180 3419ms [sel=3 cap=3332 rest=84] sg=4->4 mode=NONE win=8 obs=181 | cap=wip act=(320,360) d=1.27 a=3 | sp=frontier:active d=1.3 age=13 dtg=6.15 region=0_17
ep=1612 s=181 12943ms [sel=3 cap=12849 rest=91] sg=4->4 mode=NONE win=8 obs=182 | cap=wip act=(320,360) d=1.27 a=3 | sp=frontier:active d=1.3 age=14 dtg=6.15 region=0_17
ep=1612 s=182 14985ms [sel=3 cap=14892 rest=90] sg=4->4 mode=NONE win=8 obs=183 | cap=wip act=(320,360) d=1.27 a=1 | sp=frontier:active d=1.3 age=15 dtg=6.28 region=0_17
ep=1612 s=183 14590ms [sel=3 cap=14494 rest=93] sg=4->4 mode=NONE win=8 obs=184 | cap=wip act=(320,360) d=1.02 a=1 | sp=frontier:active d=1.0 age=16 dtg=6.49 region=0_17
ep=1612 s=184 5535ms [sel=4 cap=5437 rest=95] sg=4->4 mode=NONE win=8 obs=185 | cap=wip act=(320,360) d=0.77 a=1 | sp=frontier:active d=0.8 age=17 dtg=6.72 region=0_2
ep=1612 s=185 12533ms [sel=3407 cap=9027 rest=98] sg=4->4 mode=NONE win=8 obs=186 | cap=wip act=(320,360) d=2.96 a=1 | sp=som:active d=3.0 age=0 som=2/6 dtg=6.96 region=0_2
ep=1612 s=186 10517ms [sel=3 cap=10418 rest=96] sg=4->4 mode=NONE win=8 obs=187 | cap=wip act=(320,360) d=2.71 a=1 | sp=som:active d=2.7 age=1 dtg=7.20 region=0_2
ep=1612 s=187 7568ms [sel=4 cap=7465 rest=99] sg=4->4 mode=NONE win=8 obs=188 | cap=wip act=(320,360) d=2.46 a=1 | sp=som:active d=2.5 age=2 dtg=7.44 region=0_2
ep=1612 s=188 8746ms [sel=3 cap=8636 rest=107] sg=4->4 mode=NONE win=8 obs=189 | cap=wip act=(320,360) d=2.21 a=1 | sp=som:active d=2.2 age=3 dtg=7.69 region=0_2
ep=1612 s=189 14891ms [sel=3 cap=14419 rest=430] sg=4->4 mode=NONE win=8 obs=190 | cap=wip act=(320,360) d=1.97 a=3 | preview=view-/6 yaw=+0 render=39ms | sp=som:active d=2.0 age=4 dtg=7.69 region=0_2
ep=1612 s=190 27355ms [sel=3 cap=27249 rest=104] sg=4->4 mode=NONE win=8 obs=191 | cap=wip act=(320,360) d=1.97 a=1 | sp=som:active d=2.0 age=5 dtg=7.92 region=0_2
ep=1612 s=191 27087ms [sel=3 cap=26981 rest=104] sg=4->4 mode=NONE win=8 obs=192 | cap=wip act=(320,360) d=1.72 a=1 | sp=som:active d=1.7 age=6 dtg=8.16 region=0_2
ep=1612 s=192 14593ms [sel=3 cap=14483 rest=108] sg=4->4 mode=NONE win=8 obs=193 | cap=wip act=(320,360) d=1.47 a=1 | sp=som:active d=1.5 age=7 dtg=8.39 region=0_2
ep=1612 s=193 21466ms [sel=3 cap=20977 rest=431] sg=4->4 mode=NONE win=8 obs=194 | cap=wip act=(320,360) d=1.22 a=1 | preview=view-/6 yaw=+0 render=56ms | sp=som:active d=1.2 age=8 dtg=8.63 region=0_2
ep=1612 s=194 14170ms [sel=4 cap=14074 rest=92] sg=4->4 mode=NONE win=8 obs=195 | cap=wip act=(320,360) d=0.97 a=1 | sp=som:active d=1.0 age=9 dtg=8.87 region=0_2
ep=1612 s=195 11221ms [sel=3 cap=11125 rest=94] sg=4->4 mode=NONE win=8 obs=196 | cap=wip act=(320,360) d=0.73 a=1 | sp=som:active d=0.7 age=10 dtg=9.12 region=0_2
ep=1612 s=196 20950ms [sel=71 cap=20442 rest=402] sg=4->4 mode=NONE win=8 obs=197 | cap=wip act=(320,359) d=2.08 a=1 | preview=view-/6 yaw=+0 render=35ms | sp=straight_ahead:active d=1.4 age=0 dtg=9.36 region=0_2
ep=1612 s=197 20873ms [sel=3 cap=20770 rest=100] sg=4->4 mode=NONE win=8 obs=198 | cap=wip act=(320,360) d=1.12 a=1 | sp=straight_ahead:active d=1.1 age=1 dtg=9.61 region=0_2
ep=1612 s=198 13545ms [sel=3 cap=13442 rest=100] sg=4->4 mode=NONE win=8 obs=199 | cap=wip act=(320,360) d=0.87 a=1 | sp=straight_ahead:active d=0.9 age=2 dtg=9.85 region=0_2
ep=1612 s=199 23937ms [sel=3 cap=23479 rest=412] sg=4->4 mode=NONE win=8 obs=200 | cap=wip act=(320,360) d=0.62 a=1 | preview=view-/6 yaw=+0 render=43ms | sp=straight_ahead:active d=0.6 age=3 dtg=10.10 region=0_2
ep=1612 s=200 11302ms [sel=69 cap=11117 rest=116] sg=4->4 mode=NONE win=8 obs=201 | cap=wip act=(320,459) d=1.03 a=1 | sp=straight_ahead:reached d=0.4 age=0 dtg=10.34 region=0_2
ep=1612 s=201 8616ms [sel=227 cap=8262 rest=126] sg=4->4 mode=NONE win=8 obs=202 | cap=wip act=TURN request=-45deg execute=-15deg x1 a=2 | sp=straight_ahead:reached d=0.4 age=1 ovr=1 door_evts=6 dtg=10.34 region=0_2
ep=1612 s=202 23569ms [sel=0 cap=23109 rest=425] sg=4->4 mode=NONE win=8 obs=203 | cap=wip act=TURN request=-45deg execute=-15deg x1 a=2 | preview=view-/6 yaw=+0 render=36ms | sp=- ovr=1 door_evts=6 dtg=10.34 region=0_2
ep=1612 s=203 27566ms [sel=0 cap=27402 rest=164] sg=4->4 mode=NONE win=8 obs=204 | cap=wip act=TURN request=-45deg execute=-15deg x1 a=2 | sp=- ovr=1 door_evts=6 dtg=10.34 region=0_2
ep=1612 s=204 16183ms [sel=0 cap=16068 rest=114] sg=4->4 mode=NONE win=8 obs=205 | cap=wip act=TURN request=-45deg execute=-15deg x1 a=2 | sp=- ovr=1 door_evts=6 dtg=10.34 region=0_2
ep=1612 s=205 19292ms [sel=0 cap=18867 rest=390] sg=4->4 mode=NONE win=8 obs=206 | cap=wip act=TURN request=-45deg execute=-15deg x1 a=2 | preview=view-/6 yaw=+0 render=35ms | sp=- ovr=1 door_evts=6 dtg=10.34 region=0_2
ep=1612 s=206 12241ms [sel=0 cap=12143 rest=97] sg=4->4 mode=NONE win=8 obs=207 | cap=wip act=TURN request=-45deg execute=-15deg x1 a=2 | sp=- ovr=1 door_evts=6 dtg=10.34 region=0_2
ep=1612 s=207 25267ms [sel=0 cap=25184 rest=83] sg=4->4 mode=NONE win=8 obs=208 | cap=wip act=TURN request=-45deg execute=-15deg x1 a=2 | sp=- ovr=1 door_evts=6 dtg=10.34 region=0_2
ep=1612 s=208 16920ms [sel=0 cap=16508 rest=378] sg=4->4 mode=NONE win=8 obs=209 | cap=wip act=TURN request=-45deg execute=-15deg x1 a=2 | preview=view-/6 yaw=+0 render=34ms | sp=- ovr=1 door_evts=6 dtg=10.34 region=0_2
ep=1612 s=209 28536ms [sel=0 cap=28456 rest=80] sg=4->4 mode=NONE win=8 obs=210 | cap=wip act=TURN request=-45deg execute=-15deg x1 a=2 | sp=- ovr=1 door_evts=6 dtg=10.34 region=0_2
ep=1612 s=210 14042ms [sel=0 cap=13959 rest=82] sg=4->4 mode=NONE win=8 obs=211 | cap=wip act=TURN request=-45deg execute=-15deg x1 a=2 | sp=- ovr=1 door_evts=6 dtg=10.34 region=0_2
ep=1612 s=211 11363ms [sel=0 cap=11271 rest=92] sg=4->4 mode=NONE win=8 obs=212 | cap=wip act=TURN request=-45deg execute=-15deg x1 a=2 | sp=- ovr=1 door_evts=6 dtg=10.34 region=0_2
ep=1612 s=212 6353ms [sel=0 cap=6258 rest=95] sg=4->4 mode=NONE win=8 obs=213 | cap=wip act=TURN request=-45deg execute=-15deg x1 a=2 | sp=- ovr=1 door_evts=6 dtg=10.34 region=0_2
ep=1612 s=213 12541ms [sel=3734 cap=8716 rest=91] sg=4->4 mode=NONE win=8 obs=214 | cap=wip act=(320,360) d=3.00 a=1 | sp=som:active d=3.0 age=0 som=1/6 dtg=10.10 region=0_2
ep=1612 s=214 15136ms [sel=3 cap=15035 rest=98] sg=4->4 mode=NONE win=8 obs=215 | cap=wip act=(320,360) d=2.75 a=1 | sp=som:active d=2.8 age=1 dtg=9.85 region=0_2
ep=1612 s=215 10838ms [sel=3 cap=10732 rest=103] sg=4->4 mode=NONE win=8 obs=216 | cap=wip act=(320,360) d=2.50 a=1 | sp=som:active d=2.5 age=2 dtg=9.61 region=0_2
ep=1612 s=216 15103ms [sel=3 cap=14614 rest=450] sg=4->4 mode=NONE win=8 obs=217 | cap=wip act=(320,360) d=2.25 a=1 | preview=view-/6 yaw=+0 render=35ms | sp=som:active d=2.3 age=3 dtg=9.36 region=0_2
ep=1612 s=217 11252ms [sel=3 cap=11144 rest=105] sg=4->4 mode=NONE win=8 obs=218 | cap=wip act=(320,360) d=2.00 a=1 | sp=som:active d=2.0 age=4 dtg=9.12 region=0_2
ep=1612 s=218 14613ms [sel=3 cap=14507 rest=103] sg=4->4 mode=NONE win=8 obs=219 | cap=wip act=(320,360) d=1.76 a=1 | sp=som:active d=1.8 age=5 dtg=8.87 region=0_2
ep=1612 s=219 6838ms [sel=3 cap=6732 rest=104] sg=4->4 mode=NONE win=8 obs=220 | cap=wip act=(320,360) d=1.51 a=1 | sp=som:active d=1.5 age=6 dtg=8.63 region=0_2
ep=1612 s=220 13795ms [sel=3 cap=13697 rest=95] sg=4->4 mode=NONE win=8 obs=221 | cap=wip act=(320,360) d=1.26 a=1 | sp=som:active d=1.3 age=7 dtg=8.39 region=0_2
ep=1612 s=221 11324ms [sel=3 cap=11231 rest=90] sg=4->4 mode=NONE win=8 obs=222 | cap=wip act=(320,360) d=1.02 a=1 | sp=som:active d=1.0 age=8 dtg=8.16 region=0_2
ep=1612 s=222 14704ms [sel=3 cap=14616 rest=85] sg=4->4 mode=NONE win=8 obs=223 | cap=wip act=(320,360) d=0.78 a=1 | sp=som:active d=0.8 age=9 dtg=7.92 region=0_2
ep=1612 s=223 6369ms [sel=3 cap=6281 rest=84] sg=4->4 mode=NONE win=8 obs=224 | cap=wip act=(320,360) d=0.54 a=2 | sp=som:active d=0.5 age=10 dtg=7.92 region=0_2
ep=1612 s=224 18237ms [sel=3 cap=17784 rest=415] sg=4->4 mode=NONE win=8 obs=225 | cap=wip act=(320,360) d=0.54 a=1 | preview=view-/6 yaw=+0 render=34ms | sp=som:active d=0.5 age=11 dtg=7.67 region=0_2
ep=1612 s=225 19569ms [sel=52 cap=19429 rest=88] sg=4->4 mode=NONE win=8 obs=226 | cap=wip act=(320,360) d=3.26 a=3 | sp=frontier:active d=3.3 age=0 dtg=7.67 region=0_2
ep=1612 s=226 11073ms [sel=3 cap=10984 rest=87] sg=4->4 mode=NONE win=8 obs=227 | cap=wip act=(320,360) d=3.26 a=1 | sp=frontier:active d=3.3 age=1 dtg=7.44 region=0_2
ep=1612 s=227 11766ms [sel=3 cap=11679 rest=85] sg=4->4 mode=NONE win=8 obs=228 | cap=wip act=(320,360) d=3.02 a=1 | sp=frontier:active d=3.0 age=2 dtg=7.22 region=0_2
ep=1612 s=228 17482ms [sel=3 cap=17044 rest=398] sg=4->4 mode=NONE win=8 obs=229 | cap=wip act=(320,360) d=2.78 a=1 | preview=view-/6 yaw=+0 render=37ms | sp=frontier:active d=2.8 age=3 dtg=7.01 region=0_2
ep=1612 s=229 10799ms [sel=64 cap=10649 rest=86] sg=4->4 mode=NONE win=8 obs=230 | cap=wip act=(320,360) d=4.20 a=1 | sp=frontier:active d=4.2 age=0 dtg=6.82 region=0_2
ep=1612 s=230 12892ms [sel=11 cap=12791 rest=89] sg=4->4 mode=NONE win=8 obs=231 | cap=wip act=(320,360) d=4.04 a=1 | sp=frontier:active d=4.0 age=1 dtg=6.67 region=0_17
ep=1612 s=231 14175ms [sel=14 cap=14072 rest=89] sg=4->4 mode=NONE win=8 obs=232 | cap=wip act=(320,360) d=3.88 a=1 | sp=frontier:active d=3.9 age=2 dtg=6.56 region=0_17
ep=1612 s=232 13658ms [sel=14 cap=13178 rest=431] sg=4->4 mode=NONE win=8 obs=233 | cap=wip act=(320,360) d=3.74 a=1 | preview=view-/6 yaw=+0 render=35ms | sp=frontier:active d=3.7 age=3 dtg=6.54 region=0_17
ep=1612 s=233 12092ms [sel=17 cap=11980 rest=95] sg=4->4 mode=NONE win=8 obs=234 | cap=wip act=(320,360) d=3.61 a=1 | sp=frontier:active d=3.6 age=4 dtg=6.55 region=0_17
ep=1612 s=234 9547ms [sel=17 cap=9427 rest=103] sg=4->4 mode=NONE win=8 obs=235 | cap=wip act=(320,360) d=3.49 a=1 | sp=frontier:active d=3.5 age=5 dtg=6.58 region=0_17
ep=1612 s=235 17633ms [sel=21 cap=17091 rest=487] sg=4->4 mode=NONE win=8 obs=236 | cap=wip act=(320,360) d=3.39 a=1 | preview=view-/6 yaw=+0 render=35ms | sp=frontier:active d=3.4 age=6 dtg=6.63 region=0_17
ep=1612 s=236 9138ms [sel=21 cap=9007 rest=111] sg=4->4 mode=NONE win=8 obs=237 | cap=wip act=(320,360) d=3.30 a=3 | sp=frontier:active d=3.3 age=7 dtg=6.63 region=0_17
ep=1612 s=237 13985ms [sel=17 cap=13855 rest=114] sg=4->4 mode=NONE win=8 obs=238 | cap=wip act=(320,360) d=3.30 a=1 | sp=frontier:active d=3.3 age=8 dtg=6.76 region=0_17
ep=1612 s=238 17993ms [sel=20 cap=17395 rest=540] sg=4->4 mode=NONE win=8 obs=239 | cap=wip act=(320,360) d=3.17 a=3 | preview=view-/6 yaw=+0 render=37ms | sp=frontier:active d=3.2 age=9 dtg=6.76 region=0_17
ep=1612 s=239 26130ms [sel=13 cap=26003 rest=114] sg=4->4 mode=NONE win=8 obs=240 | cap=wip act=(320,360) d=3.17 a=3 | sp=frontier:active d=3.2 age=10 dtg=6.76 region=0_17
ep=1612 s=240 11144ms [sel=3 cap=11030 rest=111] sg=4->4 mode=NONE win=8 obs=241 | cap=wip act=(320,360) d=3.17 a=1 | sp=frontier:active d=3.2 age=11 dtg=6.99 region=0_17
ep=1612 s=241 11759ms [sel=3 cap=11645 rest=112] sg=4->4 mode=NONE win=8 obs=242 | cap=wip act=(320,360) d=2.96 a=3 | sp=frontier:active d=3.0 age=12 dtg=6.99 region=0_17
ep=1612 s=242 23211ms [sel=3 cap=23082 rest=126] sg=4->4 mode=NONE win=8 obs=243 | cap=wip act=(320,360) d=2.96 a=3 | sp=frontier:active d=3.0 age=13 dtg=6.99 region=0_17
ep=1612 s=243 20035ms [sel=3 cap=19461 rest=534] sg=4->4 mode=NONE win=8 obs=244 | cap=wip act=(320,360) d=2.96 a=1 | preview=view-/6 yaw=+0 render=36ms | sp=frontier:active d=3.0 age=14 dtg=7.23 region=0_17
ep=1612 s=244 30170ms [sel=3 cap=0 rest=30167] sg=None->4 mode=NONE win=8 obs=245 | cap=- act=(320,360) d=2.71 a=2 | sp=frontier:active d=2.7 age=15 ANALYSIS_ERROR_STAGE=decision ANALYSIS_ERROR='CaptionerInferenceError: Captioner model inference failed' dtg=7.23 region=0_17
ep=1612 s=245 21535ms [sel=58 cap=21356 rest=121] sg=4->4 mode=NONE win=8 obs=246 | cap=wip act=(320,360) d=3.40 a=1 | sp=frontier:active d=3.4 age=0 dtg=7.48 region=0_17
ep=1612 s=246 14626ms [sel=3 cap=14043 rest=544] sg=4->4 mode=NONE win=8 obs=247 | cap=wip act=(320,360) d=3.16 a=2 | preview=view-/6 yaw=+0 render=36ms | sp=frontier:active d=3.2 age=1 dtg=7.48 region=0_17
ep=1612 s=247 16607ms [sel=3 cap=16487 rest=117] sg=4->4 mode=NONE win=8 obs=248 | cap=wip act=(320,360) d=3.16 a=1 | sp=frontier:active d=3.2 age=2 dtg=7.71 region=0_13
ep=1612 s=248 9198ms [sel=3 cap=9078 rest=117] sg=4->4 mode=NONE win=8 obs=249 | cap=wip act=(320,360) d=2.91 a=1 | sp=frontier:active d=2.9 age=3 dtg=7.95 region=0_13
ep=1612 s=249 14966ms [sel=3 cap=14395 rest=527] sg=4->4 mode=NONE win=8 obs=250 | cap=wip act=(320,360) d=2.66 a=1 | preview=view-/6 yaw=+0 render=41ms | sp=frontier:active d=2.7 age=4 dtg=8.19 region=0_13
ep=1612 s=250 25803ms [sel=3 cap=25681 rest=119] sg=4->4 mode=NONE win=8 obs=251 | cap=wip act=(320,360) d=2.41 a=1 | sp=frontier:active d=2.4 age=5 dtg=8.43 region=0_13
ep=1612 s=251 30185ms [sel=3 cap=0 rest=30182] sg=None->4 mode=NONE win=8 obs=252 | cap=- act=(320,360) d=2.16 a=1 | sp=frontier:active d=2.2 age=6 ANALYSIS_ERROR_STAGE=decision ANALYSIS_ERROR='CaptionerInferenceError: Captioner model inference failed' dtg=8.67 region=0_13
ep=1612 s=252 17483ms [sel=3 cap=16919 rest=522] sg=4->4 mode=NONE win=8 obs=253 | cap=wip act=(320,360) d=1.91 a=2 | preview=view-/6 yaw=+0 render=39ms | sp=frontier:active d=1.9 age=7 dtg=8.67 region=0_13
ep=1612 s=253 10866ms [sel=3 cap=10720 rest=144] sg=4->4 mode=NONE win=8 obs=254 | cap=wip act=(320,360) d=1.91 a=1 | sp=frontier:active d=1.9 age=8 dtg=8.89 region=0_13
ep=1612 s=254 21467ms [sel=3 cap=21353 rest=111] sg=4->4 mode=NONE win=8 obs=255 | cap=wip act=(320,360) d=1.67 a=1 | sp=frontier:active d=1.7 age=9 dtg=9.05 region=0_13
ep=1612 s=255 12266ms [sel=3 cap=11734 rest=493] sg=4->4 mode=NONE win=8 obs=256 | cap=wip act=(320,360) d=1.50 a=1 | preview=view-/6 yaw=+0 render=36ms | sp=frontier:active d=1.5 age=10 dtg=9.20 region=0_13
ep=1612 s=256 7505ms [sel=3 cap=7386 rest=116] sg=4->4 mode=NONE win=8 obs=257 | cap=wip act=(320,360) d=1.36 a=3 | sp=frontier:active d=1.4 age=11 dtg=9.20 region=0_13
ep=1612 s=257 9563ms [sel=3108 cap=6339 rest=116] sg=4->4 mode=NONE win=8 obs=258 | cap=wip act=(320,360) d=1.77 a=3 | sp=frontier:active d=1.8 age=0 som=B/8 dtg=9.20 region=0_13
ep=1612 s=258 17101ms [sel=17 cap=16520 rest=526] sg=4->4 mode=NONE win=8 obs=259 | cap=wip act=(320,360) d=1.77 a=3 | preview=view-/6 yaw=+0 render=38ms | sp=frontier:active d=1.8 age=1 dtg=9.20 region=0_13
ep=1612 s=259 5393ms [sel=15 cap=5261 rest=117] sg=4->4 mode=NONE win=8 obs=260 | cap=wip act=(320,360) d=1.77 a=3 | sp=frontier:active d=1.8 age=2 dtg=9.20 region=0_13
ep=1612 s=260 9922ms [sel=13 cap=9784 rest=125] sg=4->4 mode=NONE win=8 obs=261 | cap=wip act=(320,360) d=1.77 a=3 | sp=frontier:active d=1.8 age=3 dtg=9.20 region=0_13
ep=1612 s=261 9176ms [sel=14 cap=9046 rest=116] sg=4->4 mode=NONE win=8 obs=262 | cap=wip act=(320,360) d=1.77 a=3 | sp=frontier:active d=1.8 age=4 dtg=9.20 region=0_13
ep=1612 s=262 12434ms [sel=13 cap=11885 rest=501] sg=4->4 mode=NONE win=8 obs=263 | cap=wip act=(320,360) d=1.77 a=3 | preview=view-/6 yaw=+0 render=36ms | sp=frontier:active d=1.8 age=5 dtg=9.20 region=0_13
ep=1612 s=263 7946ms [sel=17 cap=7820 rest=110] sg=4->4 mode=NONE win=8 obs=264 | cap=wip act=(320,360) d=1.77 a=3 | sp=frontier:active d=1.8 age=6 dtg=9.20 region=0_13
ep=1612 s=264 8226ms [sel=13 cap=8102 rest=111] sg=4->4 mode=NONE win=8 obs=265 | cap=wip act=(320,360) d=1.77 a=3 | sp=frontier:active d=1.8 age=7 dtg=9.20 region=0_13
ep=1612 s=265 10738ms [sel=18 cap=10173 rest=512] sg=4->4 mode=NONE win=8 obs=266 | cap=wip act=(320,360) d=1.77 a=3 | preview=view-/6 yaw=+0 render=35ms | sp=frontier:active d=1.8 age=8 dtg=9.20 region=0_13
ep=1612 s=266 8608ms [sel=4 cap=8501 rest=102] sg=4->4 mode=NONE win=8 obs=267 | cap=wip act=(320,360) d=1.77 a=3 | sp=frontier:active d=1.8 age=9 dtg=9.20 region=0_13
ep=1612 s=267 18283ms [sel=3 cap=18180 rest=100] sg=4->4 mode=NONE win=8 obs=268 | cap=wip act=(320,360) d=1.77 a=3 | sp=frontier:active d=1.8 age=10 dtg=9.20 region=0_13
ep=1612 s=268 14834ms [sel=3 cap=14289 rest=507] sg=4->4 mode=NONE win=8 obs=269 | cap=wip act=(320,360) d=1.77 a=1 | preview=view-/6 yaw=+0 render=36ms | sp=frontier:active d=1.8 age=11 dtg=8.97 region=0_13
ep=1612 s=269 13463ms [sel=3 cap=13360 rest=100] sg=4->4 mode=NONE win=8 obs=270 | cap=wip act=(320,360) d=1.52 a=3 | sp=frontier:active d=1.5 age=12 dtg=8.97 region=0_13
ep=1612 s=270 12913ms [sel=3 cap=12809 rest=101] sg=4->4 mode=NONE win=8 obs=271 | cap=wip act=(320,360) d=1.52 a=1 | sp=frontier:active d=1.5 age=13 dtg=8.72 region=0_13
ep=1612 s=271 18148ms [sel=3 cap=18041 rest=104] sg=4->4 mode=NONE win=8 obs=272 | cap=wip act=(320,360) d=1.27 a=1 | sp=frontier:active d=1.3 age=14 dtg=8.47 region=0_13
ep=1612 s=272 5605ms [sel=3 cap=5502 rest=100] sg=4->4 mode=NONE win=8 obs=273 | cap=wip act=(320,360) d=1.04 a=2 | sp=frontier:active d=1.0 age=15 dtg=8.47 region=0_13
ep=1612 s=273 16272ms [sel=3 cap=15713 rest=519] sg=4->4 mode=NONE win=8 obs=274 | cap=wip act=(320,360) d=1.04 a=1 | preview=view-/6 yaw=+0 render=36ms | sp=frontier:active d=1.0 age=16 dtg=8.24 region=0_13
ep=1612 s=274 7990ms [sel=3 cap=7893 rest=94] sg=4->4 mode=NONE win=8 obs=275 | cap=wip act=(320,360) d=0.79 a=1 | sp=frontier:active d=0.8 age=17 dtg=8.02 region=0_13
ep=1612 s=275 7700ms [sel=3 cap=7609 rest=88] sg=4->4 mode=NONE win=8 obs=276 | cap=wip act=(320,360) d=0.54 a=1 | sp=frontier:active d=0.5 age=18 dtg=7.80 region=0_13
ep=1612 s=276 10655ms [sel=1306 cap=9262 rest=88] sg=4->4 mode=NONE win=8 obs=277 | cap=wip act=(320,360) d=2.97 a=3 | sp=som:active d=3.0 age=0 som=4/8 dtg=7.80 region=0_13
ep=1612 s=277 11374ms [sel=3 cap=11276 rest=95] sg=4->4 mode=NONE win=8 obs=278 | cap=wip act=(320,360) d=2.97 a=1 | sp=som:active d=3.0 age=1 dtg=7.57 region=0_13
ep=1612 s=278 15644ms [sel=3 cap=15552 rest=89] sg=4->4 mode=NONE win=8 obs=279 | cap=wip act=(320,360) d=2.73 a=3 | sp=som:active d=2.7 age=2 dtg=7.57 region=0_13
ep=1612 s=279 16494ms [sel=3 cap=15971 rest=485] sg=4->4 mode=NONE win=8 obs=280 | cap=wip act=(320,360) d=2.73 a=1 | preview=view-/6 yaw=+0 render=34ms | sp=som:active d=2.7 age=3 dtg=7.32 region=0_17
ep=1612 s=280 14090ms [sel=3 cap=13990 rest=97] sg=4->4 mode=NONE win=8 obs=281 | cap=wip act=(320,360) d=2.48 a=1 | sp=som:active d=2.5 age=4 dtg=7.07 region=0_17
ep=1612 s=281 8834ms [sel=3 cap=8735 rest=96] sg=4->4 mode=NONE win=8 obs=282 | cap=wip act=(320,360) d=2.23 a=1 | sp=som:active d=2.2 age=5 dtg=6.82 region=0_17
ep=1612 s=282 22275ms [sel=3 cap=21768 rest=470] sg=4->4 mode=NONE win=8 obs=283 | cap=wip act=(320,360) d=1.99 a=1 | preview=view-/6 yaw=+0 render=35ms | sp=som:active d=2.0 age=6 dtg=6.57 region=0_17
ep=1612 s=283 14722ms [sel=3 cap=14628 rest=90] sg=4->4 mode=NONE win=8 obs=284 | cap=wip act=(320,360) d=1.74 a=1 | sp=som:active d=1.7 age=7 dtg=6.33 region=0_17
ep=1612 s=284 9595ms [sel=3 cap=9497 rest=96] sg=4->4 mode=NONE win=8 obs=285 | cap=wip act=(320,360) d=1.49 a=1 | sp=som:active d=1.5 age=8 dtg=6.08 region=0_17
ep=1612 s=285 19963ms [sel=3 cap=19461 rest=464] sg=4->4 mode=NONE win=8 obs=286 | cap=wip act=(320,360) d=1.25 a=1 | preview=view-/6 yaw=+0 render=34ms | sp=som:active d=1.2 age=9 dtg=5.84 region=None
ep=1612 s=286 12050ms [sel=3 cap=11957 rest=90] sg=4->4 mode=NONE win=8 obs=287 | cap=wip act=(320,360) d=1.01 a=3 | sp=som:active d=1.0 age=10 dtg=5.84 region=None
ep=1612 s=287 15572ms [sel=3 cap=15471 rest=98] sg=4->4 mode=NONE win=8 obs=288 | cap=wip act=(320,360) d=1.01 a=1 | sp=som:active d=1.0 age=11 dtg=5.59 region=0_18
ep=1612 s=288 2814ms [sel=3 cap=2715 rest=97] sg=4->4 mode=NONE win=8 obs=289 | cap=wip act=(320,360) d=0.76 a=1 | sp=som:active d=0.8 age=12 dtg=5.34 region=0_18
ep=1612 s=289 6901ms [sel=4 cap=6795 rest=102] sg=4->4 mode=NONE win=8 obs=290 | cap=wip act=(320,360) d=0.51 a=1 | sp=som:active d=0.5 age=13 dtg=5.09 region=0_18
ep=1612 s=290 9499ms [sel=4013 cap=5386 rest=101] sg=4->4 mode=NONE win=8 obs=291 | cap=wip act=(320,360) d=2.99 a=1 | sp=som:active d=3.0 age=0 som=1/8 dtg=4.84 region=0_18
ep=1612 s=291 7675ms [sel=3 cap=7572 rest=101] sg=4->4 mode=NONE win=8 obs=292 | cap=wip act=(320,360) d=2.76 a=1 | sp=som:active d=2.8 age=1 dtg=4.59 region=0_18
ep=1612 s=292 18229ms [sel=3 cap=17701 rest=489] sg=4->4 mode=NONE win=8 obs=293 | cap=wip act=(320,360) d=2.54 a=1 | preview=view-/6 yaw=+0 render=36ms | sp=som:active d=2.5 age=2 dtg=4.34 region=0_18
ep=1612 s=293 9610ms [sel=3 cap=9501 rest=107] sg=4->4 mode=NONE win=8 obs=294 | cap=wip act=(320,360) d=2.32 a=3 | sp=som:active d=2.3 age=3 dtg=4.34 region=0_18
ep=1612 s=294 9898ms [sel=7 cap=9801 rest=90] sg=4->4 mode=NONE win=8 obs=295 | cap=wip act=(320,360) d=2.32 a=1 | sp=som:active d=2.3 age=4 dtg=4.11 region=0_18
ep=1612 s=295 13784ms [sel=8 cap=13682 rest=94] sg=4->4 mode=NONE win=8 obs=296 | cap=wip act=(320,360) d=2.15 a=1 | sp=som:active d=2.1 age=5 dtg=3.91 region=0_18
ep=1612 s=296 11333ms [sel=112 cap=10703 rest=484] sg=4->4 mode=NONE win=8 obs=297 | cap=wip act=(320,360) d=4.08 a=3 | preview=view-/6 yaw=+0 render=34ms | sp=frontier:active d=4.1 age=0 dtg=3.91 region=0_18
ep=1612 s=297 6912ms [sel=4 cap=6814 rest=94] sg=4->4 mode=NONE win=8 obs=298 | cap=wip act=(320,360) d=4.08 a=3 | sp=frontier:active d=4.1 age=1 dtg=3.91 region=0_18
ep=1612 s=298 8489ms [sel=3 cap=8394 rest=91] sg=4->4 mode=NONE win=8 obs=299 | cap=wip act=(320,360) d=4.08 a=1 | sp=frontier:active d=4.1 age=2 dtg=3.88 region=0_18
ep=1612 s=299 11862ms [sel=13 cap=11756 rest=93] sg=4->4 mode=NONE win=8 obs=300 | cap=wip act=(320,360) d=3.83 a=1 | sp=frontier:active d=3.8 age=3 dtg=3.92 region=0_18
ep=1612 s=300 10276ms [sel=13 cap=10170 rest=93] sg=4->4 mode=NONE win=8 obs=301 | cap=wip act=(320,360) d=3.58 a=1 | sp=frontier:active d=3.6 age=4 dtg=4.01 region=0_18
ep=1612 s=301 13571ms [sel=5 cap=13074 rest=456] sg=4->None mode=NONE win=8 obs=302 | cap=DONE act=(320,360) d=1.00 a=1 | preview=view-/6 yaw=+0 render=36ms | sp=frontier:active d=3.3 age=5 ovr=3 door_evts=7 dtg=4.12 region=0_18
ep=1612 s=302 100ms [sel=4 cap=0 rest=95] sg=None->None mode=NONE win=8 obs=303 | cap=- act=(320,360) d=1.00 a=1 | sp=frontier:active d=3.1 age=6 ovr=3 door_evts=7 dtg=4.24 region=0_18
ep=1612 s=303 98ms [sel=4 cap=0 rest=94] sg=None->None mode=NONE win=8 obs=304 | cap=- act=(320,360) d=1.00 a=1 | sp=frontier:active d=2.8 age=7 ovr=3 door_evts=7 dtg=4.37 region=0_18
ep=1612 s=304 91ms [sel=0 cap=0 rest=91] sg=None->None mode=NONE win=8 obs=305 | cap=- act=STOP | sp=frontier:active d=2.6 age=8 ovr=3 door_evts=7 dtg=4.37 region=0_18
rank=1 [16/17] id=1612 steps=305 success=0.000 spl=0.000 dtg=4.37 osr=0 path_length=50.45 ndtw=0.000 sdtw=0.000
PluginManager::Manager: duplicate static plugin StbImageImporter, ignoring
PluginManager::Manager: duplicate static plugin GltfImporter, ignoring
PluginManager::Manager: duplicate static plugin BasisImporter, ignoring
PluginManager::Manager: duplicate static plugin AssimpImporter, ignoring
PluginManager::Manager: duplicate static plugin AnySceneImporter, ignoring
PluginManager::Manager: duplicate static plugin AnyImageImporter, ignoring
episode=1741 instruction="So start off by heading over in the direction of the refrigerator, and then take a left. Head on out through the door that's next to the refrigerator. That brings you to the hallway, so go into there and stop." start_position=[-6.228819847106934, 0.15480518341064453, -14.611100196838379] goal_position=[0.004998010117560625, 0.15480518341064453, -16.973899841308594] reference_geodesic=7.01496696472168
episode=1741 prepared_subgoals=3
  [1] Head toward the refrigerator
      proof: The refrigerator is beside or directly ahead of the camera, within a step; the camera has not yet turned left.
  [2] Turn left at the refrigerator, then exit through the door next to the refrigerator
      proof: The camera has crossed the threshold and the hallway fills the view.
  [3] Enter the hallway
      proof: The hallway is central in the view and the camera has stopped beside the doorway
ep=1741 s=0 16235ms [sel=6 cap=15688 rest=501] sg=1->1 mode=NONE win=1 obs=1 | cap=wip act=PREVIEW a=2 | preview=view0/6 yaw=-90 render=40ms dtg=7.01 region=1_9
ep=1741 s=1 10302ms [sel=3144 cap=7038 rest=120] sg=1->1 mode=NONE win=2 obs=2 | cap=wip act=(320,360) d=1.15 a=2 | sp=som:active d=1.2 age=0 som=1/6 dtg=7.01 region=1_9
ep=1741 s=2 8266ms [sel=6 cap=8136 rest=124] sg=1->1 mode=NONE win=3 obs=3 | cap=wip act=(320,360) d=1.15 a=2 | sp=som:active d=1.2 age=1 dtg=7.01 region=1_9
ep=1741 s=3 7146ms [sel=6 cap=7023 rest=117] sg=1->1 mode=NONE win=4 obs=4 | cap=wip act=(320,360) d=1.15 a=2 | sp=som:active d=1.2 age=2 dtg=7.01 region=1_9
ep=1741 s=4 6406ms [sel=4 cap=6288 rest=114] sg=1->1 mode=NONE win=5 obs=5 | cap=wip act=(320,360) d=1.15 a=2 | sp=som:active d=1.2 age=3 dtg=7.01 region=1_9
ep=1741 s=5 6024ms [sel=3 cap=5912 rest=110] sg=1->1 mode=NONE win=6 obs=6 | cap=wip act=(320,360) d=1.15 a=2 | sp=som:active d=1.2 age=4 dtg=7.01 region=1_9
ep=1741 s=6 7386ms [sel=3 cap=7277 rest=107] sg=1->1 mode=WALL_STUCK win=7 obs=7 | cap=wip/WALL_STUCK act=(320,360) d=1.15 a=1 | sp=som:active d=1.2 age=5 dtg=7.05 region=1_9
ep=1741 s=7 13259ms [sel=3 cap=13147 rest=109] sg=1->1 mode=NONE win=8 obs=8 | cap=wip act=(320,360) d=0.90 a=1 | sp=som:active d=0.9 age=6 dtg=7.10 region=1_9
ep=1741 s=8 8531ms [sel=4 cap=8421 rest=107] sg=1->1 mode=NONE win=8 obs=9 | cap=wip act=(320,360) d=0.65 a=1 | sp=som:active d=0.7 age=7 dtg=7.21 region=1_9
ep=1741 s=9 11225ms [sel=52 cap=11063 rest=110] sg=1->1 mode=GET_NOWHERE win=8 obs=10 | cap=wip/GET_NOWHERE act=(320,360) d=2.88 a=1 | sp=frontier:active d=2.9 age=0 dtg=7.39 region=1_9
ep=1741 s=10 7349ms [sel=4 cap=7239 rest=106] sg=1->1 mode=NONE win=8 obs=11 | cap=wip act=(320,360) d=2.66 a=1 | sp=frontier:active d=2.7 age=1 dtg=7.61 region=1_9
ep=1741 s=11 9530ms [sel=3 cap=9418 rest=109] sg=1->1 mode=NONE win=8 obs=12 | cap=wip act=(320,360) d=2.44 a=1 | sp=frontier:active d=2.4 age=2 dtg=7.84 region=1_9
ep=1741 s=12 9839ms [sel=3 cap=9729 rest=108] sg=1->1 mode=NONE win=8 obs=13 | cap=wip act=(320,360) d=2.23 a=2 | sp=frontier:active d=2.2 age=3 dtg=7.84 region=1_9
ep=1741 s=13 6017ms [sel=4 cap=5896 rest=117] sg=1->1 mode=NONE win=8 obs=14 | cap=wip act=(320,360) d=2.23 a=1 | sp=frontier:active d=2.2 age=4 dtg=8.06 region=0_11
ep=1741 s=14 10080ms [sel=3 cap=9959 rest=119] sg=1->1 mode=NONE win=8 obs=15 | cap=wip act=(320,360) d=2.00 a=1 | sp=frontier:active d=2.0 age=5 dtg=8.29 region=0_11
ep=1741 s=15 13781ms [sel=3 cap=13230 rest=510] sg=1->1 mode=NONE win=8 obs=16 | cap=wip act=(320,360) d=1.77 a=1 | preview=view-/6 yaw=+0 render=38ms | sp=frontier:active d=1.8 age=6 dtg=8.52 region=0_11
ep=1741 s=16 8910ms [sel=3 cap=8795 rest=112] sg=1->1 mode=NONE win=8 obs=17 | cap=wip act=(320,360) d=1.54 a=2 | sp=frontier:active d=1.5 age=7 dtg=8.52 region=0_11
ep=1741 s=17 11076ms [sel=3 cap=10960 rest=113] sg=1->1 mode=NONE win=8 obs=18 | cap=wip act=(320,360) d=1.54 a=1 | sp=frontier:active d=1.5 age=8 dtg=8.74 region=1_23
ep=1741 s=18 8349ms [sel=3 cap=8229 rest=117] sg=1->1 mode=NONE win=8 obs=19 | cap=wip act=(320,360) d=1.30 a=1 | sp=frontier:active d=1.3 age=9 dtg=8.97 region=1_23
ep=1741 s=19 8040ms [sel=3 cap=7924 rest=113] sg=1->1 mode=NONE win=8 obs=20 | cap=wip act=(320,360) d=1.06 a=2 | sp=frontier:active d=1.1 age=10 dtg=8.97 region=1_23
ep=1741 s=20 9635ms [sel=3 cap=9517 rest=114] sg=1->1 mode=NONE win=8 obs=21 | cap=wip act=(320,360) d=1.06 a=1 | sp=frontier:active d=1.1 age=11 dtg=8.91 region=1_23
ep=1741 s=21 14002ms [sel=46 cap=13381 rest=535] sg=1->1 mode=NONE win=8 obs=22 | cap=wip act=(160,180) d=4.45 a=2 | preview=view3/6 yaw=+0 render=40ms | sp=preview:active d=4.4 age=0 dtg=8.91 region=1_23
ep=1741 s=22 7459ms [sel=3 cap=7339 rest=117] sg=1->1 mode=NONE win=8 obs=23 | cap=wip act=(320,360) d=4.45 a=2 | sp=preview:active d=4.4 age=1 dtg=8.91 region=1_23
ep=1741 s=23 6448ms [sel=3 cap=6326 rest=119] sg=1->1 mode=NONE win=8 obs=24 | cap=wip act=(320,360) d=4.45 a=1 | sp=preview:active d=4.4 age=2 dtg=8.68 region=1_23
ep=1741 s=24 5474ms [sel=3 cap=5353 rest=119] sg=1->1 mode=NONE win=8 obs=25 | cap=wip act=(320,360) d=4.20 a=2 | sp=preview:active d=4.2 age=3 dtg=8.68 region=1_23
ep=1741 s=25 8687ms [sel=3 cap=8563 rest=121] sg=1->1 mode=NONE win=8 obs=26 | cap=wip act=(320,360) d=4.20 a=1 | sp=preview:active d=4.2 age=4 dtg=8.44 region=1_23
ep=1741 s=26 13029ms [sel=71 cap=12373 rest=548] sg=1->1 mode=NONE win=8 obs=27 | cap=wip act=(160,180) d=3.54 a=2 | preview=view1/6 yaw=-90 render=37ms | sp=preview:active d=3.5 age=0 dtg=8.44 region=1_23
ep=1741 s=27 8405ms [sel=46 cap=8235 rest=123] sg=1->1 mode=NONE win=8 obs=28 | cap=wip act=(320,360) d=3.54 a=2 | sp=preview:active d=3.5 age=1 dtg=8.44 region=1_23
ep=1741 s=28 5122ms [sel=0 cap=4997 rest=125] sg=1->2 mode=NONE win=8 obs=29 | cap=DONE act=TURN request=-45deg execute=-15deg x1 a=2 | sp=preview:active d=3.5 age=2 door_evts=1 dtg=8.44 region=1_23
ep=1741 s=29 3086ms [sel=0 cap=2959 rest=126] sg=2->2 mode=NONE win=8 obs=30 | cap=wip act=TURN request=-45deg execute=-15deg x1 a=2 | sp=- door_evts=1 dtg=8.44 region=1_23
ep=1741 s=30 3940ms [sel=0 cap=3809 rest=130] sg=2->2 mode=NONE win=8 obs=31 | cap=wip act=TURN request=-45deg execute=-15deg x1 a=2 | sp=- door_evts=1 dtg=8.44 region=1_23
ep=1741 s=31 4887ms [sel=0 cap=4757 rest=130] sg=2->2 mode=NONE win=8 obs=32 | cap=wip act=TURN request=-45deg execute=-15deg x1 a=2 | sp=- door_evts=1 dtg=8.44 region=1_23
ep=1741 s=32 7996ms [sel=2703 cap=5167 rest=126] sg=2->2 mode=NONE win=8 obs=33 | cap=wip act=(320,360) d=3.00 a=2 | sp=som:active d=3.0 age=0 som=5/8 dtg=8.44 region=1_23
ep=1741 s=33 11244ms [sel=61 cap=10592 rest=553] sg=2->3 mode=NONE win=8 obs=34 | cap=DONE act=(320,360) d=2.86 a=2 | preview=view-/6 yaw=+0 render=38ms | sp=frontier:active d=2.9 age=0 dtg=8.44 region=1_23
ep=1741 s=34 7134ms [sel=4 cap=7007 rest=123] sg=3->3 mode=NONE win=8 obs=35 | cap=wip act=(320,360) d=2.86 a=2 | sp=frontier:active d=2.9 age=1 dtg=8.44 region=1_23
ep=1741 s=35 7495ms [sel=3 cap=7374 rest=118] sg=3->3 mode=NONE win=8 obs=36 | cap=wip act=(320,360) d=2.86 a=2 | sp=frontier:active d=2.9 age=2 dtg=8.44 region=1_23
ep=1741 s=36 2672ms [sel=9 cap=2548 rest=114] sg=3->3 mode=NONE win=8 obs=37 | cap=wip act=(320,360) d=2.86 a=1 | sp=frontier:active d=2.9 age=3 dtg=8.63 region=1_23
ep=1741 s=37 4760ms [sel=9 cap=4638 rest=114] sg=3->3 mode=NONE win=8 obs=38 | cap=wip act=(320,360) d=2.72 a=2 | sp=frontier:active d=2.7 age=4 dtg=8.63 region=1_23
ep=1741 s=38 6872ms [sel=16 cap=6743 rest=113] sg=3->3 mode=NONE win=8 obs=39 | cap=wip act=(320,360) d=2.72 a=1 | sp=frontier:active d=2.7 age=5 dtg=8.87 region=1_23
ep=1741 s=39 7438ms [sel=19 cap=7311 rest=107] sg=3->3 mode=NONE win=8 obs=40 | cap=wip act=(320,360) d=2.67 a=3 | sp=frontier:active d=2.7 age=6 dtg=8.87 region=1_23
ep=1741 s=40 7862ms [sel=13 cap=7704 rest=145] sg=3->3 mode=NONE win=8 obs=41 | cap=wip act=(320,360) d=2.67 a=1 | sp=frontier:active d=2.7 age=7 dtg=8.89 region=1_23
ep=1741 s=41 9118ms [sel=16 cap=8985 rest=117] sg=3->3 mode=NONE win=8 obs=42 | cap=wip act=(320,360) d=2.57 a=3 | sp=frontier:active d=2.6 age=8 dtg=8.89 region=1_23
ep=1741 s=42 19340ms [sel=5 cap=18745 rest=552] sg=3->None mode=NONE win=8 obs=43 | cap=DONE act=(320,360) d=1.00 a=1 | preview=view-/6 yaw=+0 render=38ms | sp=frontier:active d=2.6 age=9 door_evts=1 dtg=8.70 region=1_23
ep=1741 s=43 114ms [sel=4 cap=0 rest=110] sg=None->None mode=NONE win=8 obs=44 | cap=- act=(320,360) d=1.00 a=1 | sp=frontier:active d=2.4 age=10 door_evts=1 dtg=8.54 region=0_11
ep=1741 s=44 111ms [sel=4 cap=0 rest=107] sg=None->None mode=NONE win=8 obs=45 | cap=- act=(320,360) d=1.00 a=1 | sp=frontier:active d=2.3 age=11 door_evts=1 dtg=8.40 region=0_11
ep=1741 s=45 104ms [sel=0 cap=0 rest=104] sg=None->None mode=NONE win=8 obs=46 | cap=- act=STOP | sp=frontier:active d=2.2 age=12 door_evts=1 dtg=8.40 region=0_11
rank=1 [17/17] id=1741 steps=46 success=0.000 spl=0.000 dtg=8.40 osr=0 path_length=5.00 ndtw=0.291 sdtw=0.000
rank_summary={"count": 17, "rank": 1, "totals": {"distance_to_goal": 122.55934751033783, "ndtw": 5.477201830038861, "oracle_success": 6.0, "path_length": 387.9419755278069, "sdtw": 1.7059039115074133, "spl": 1.7463855641924337, "steps": 2680.0, "success": 3.0}}
