rank=0 physical_gpu=5 config=/data/pengyh/workspace/FreeAskAgent_R2R/outputs/para50b_20260926/freeask_config.yaml
Gym has been unmaintained since 2022 and does not support NumPy 2.0 amongst other critical functionality.
Please upgrade to Gymnasium, the maintained drop-in replacement of Gym, or contact the authors of your software and request that they upgrade.
See the migration guide at https://gymnasium.farama.org/introduction/migration_guide/ for additional information.
PluginManager::Manager: duplicate static plugin StbImageImporter, ignoring
PluginManager::Manager: duplicate static plugin GltfImporter, ignoring
PluginManager::Manager: duplicate static plugin BasisImporter, ignoring
PluginManager::Manager: duplicate static plugin AssimpImporter, ignoring
PluginManager::Manager: duplicate static plugin AnySceneImporter, ignoring
PluginManager::Manager: duplicate static plugin AnyImageImporter, ignoring
config: /data/pengyh/workspace/FreeAskAgent_R2R/outputs/para50b_20260926/freeask_config.yaml (defaults: actor, base_url, camera_height_m, camera_pitch_deg, depth_hfov, depth_max_m, depth_min_m, depth_normalize, forward_step_m, image_height, image_width, max_steps, model_path, preview_scale, preview_yaws, record_video, turn_angle_deg, waypoint_radius; env: CAPTIONER_COMPLETION_SCREEN, CAPTIONER_DECISION_BASE_URL, CAPTIONER_DECISION_MODEL, CAPTIONER_INFERENCE_ONLY_COMPLETION, CAPTIONER_OPENING_LOOK_AROUND, CAPTIONER_PREVIEW_BACKOFF_MAX_STEPS, CAPTIONER_PREVIEW_CANDIDATES, CAPTIONER_PREVIEW_GATE_BACKOFF_MAX_M, CAPTIONER_PREVIEW_GATE_BACKOFF_START_M, CAPTIONER_PREVIEW_GATE_FREE_RINGS, CAPTIONER_PREVIEW_GATE_MAX_SKIPS, CAPTIONER_PREVIEW_GATE_MIN_MOVE_M, CAPTIONER_PREVIEW_IDLE_LIMIT, CAPTIONER_PREVIEW_IDLE_RESET_M, CAPTIONER_PREVIEW_MIN_MOVE_M, CAPTIONER_PREVIEW_MIN_TURN_DEG, CAPTIONER_PREVIEW_MOVE_BACKOFF_MAX_M, CAPTIONER_STEP_DEADLINE_S, JOYAI_API_BASE, JOYAI_MODEL_NAME, VLLM_BASE_URL, VLN_ABLATE_SPATIAL, VLN_ABLATE_TEMPORAL, VLN_COMPACT_SUBGOALS, VLN_IMAGE_MAX_PIXELS, VLN_NAV_PARAMS, VLN_ROBOT_PARAMS, VLN_SOM, VLN_SPATIAL_MEMORY_PARAMS, VLN_STRUCTURED_VLM_MAX_TOKENS)
camera: 640x480 hfov=90 K=from-hfov distortion=none mount xyz=(0.0, 1.25, 0.0) rpy_deg=(0.0, -15.0, 0.0)
2026-09-26 10:01:41,484 Initializing dataset R2RVLN-v1
2026-09-26 10:01:41,490 initializing sim Sim-v0
PluginManager::Manager: duplicate static plugin StbImageImporter, ignoring
PluginManager::Manager: duplicate static plugin GltfImporter, ignoring
PluginManager::Manager: duplicate static plugin BasisImporter, ignoring
PluginManager::Manager: duplicate static plugin AssimpImporter, ignoring
PluginManager::Manager: duplicate static plugin AnySceneImporter, ignoring
PluginManager::Manager: duplicate static plugin AnyImageImporter, ignoring
2026-09-26 10:01:54,521 Initializing task VLN-v0
nDTW/SDTW on: 50 reference paths, fastdtw
PluginManager::Manager: duplicate static plugin StbImageImporter, ignoring
PluginManager::Manager: duplicate static plugin GltfImporter, ignoring
PluginManager::Manager: duplicate static plugin BasisImporter, ignoring
PluginManager::Manager: duplicate static plugin AssimpImporter, ignoring
PluginManager::Manager: duplicate static plugin AnySceneImporter, ignoring
PluginManager::Manager: duplicate static plugin AnyImageImporter, ignoring
episode=37 instruction="So you'll want to turn right here, and then just keep going straight for a while until you're basically standing in the doorway of a bedroom, and that's where you stop." start_position=[-2.035788059234619, 0.17162801325321198, -3.9434499740600586] goal_position=[6.815470218658447, 0.17162801325321198, -4.185239791870117] reference_geodesic=8.85549545288086
episode=37 prepared_subgoals=1
  [1] Turn right until the standing in the doorway of a bedroom is centered ahead, then walk straight until standing in the doorway of a bedroom
      proof: The bedroom doorway is directly ahead, within a step, and the camera is beside it
ep=37 s=0 3873ms [sel=0 cap=3395 rest=408] sg=1->1 mode=NONE win=1 obs=1 | cap=wip act=TURN request=+45deg execute=+15deg x1 a=3 | preview=view-/6 yaw=+0 render=70ms dtg=8.86 region=0_1
ep=37 s=1 1782ms [sel=0 cap=1707 rest=75] sg=1->1 mode=NONE win=2 obs=2 | cap=wip act=TURN request=+45deg execute=+15deg x1 a=3 dtg=8.86 region=0_1
ep=37 s=2 2143ms [sel=0 cap=2077 rest=66] sg=1->1 mode=NONE win=3 obs=3 | cap=wip act=TURN request=+45deg execute=+15deg x1 a=3 dtg=8.86 region=0_1
ep=37 s=3 2997ms [sel=0 cap=2927 rest=70] sg=1->1 mode=NONE win=4 obs=4 | cap=wip act=TURN request=+45deg execute=+15deg x1 a=3 dtg=8.86 region=0_1
ep=37 s=4 3580ms [sel=605 cap=2904 rest=71] sg=1->1 mode=NONE win=5 obs=5 | cap=wip act=TURN request=+45deg execute=+15deg x1 a=3 | sp=som:active d=1.5 age=0 som=1/3 dtg=8.86 region=0_1
ep=37 s=5 2422ms [sel=9 cap=2330 rest=82] sg=1->1 mode=NONE win=6 obs=6 | cap=wip act=TURN request=+45deg execute=+15deg x1 a=3 | sp=som:active d=1.5 age=1 dtg=8.86 region=0_1
ep=37 s=6 3447ms [sel=19 cap=3020 rest=373] sg=1->1 mode=NONE win=7 obs=7 | cap=wip act=TURN request=+45deg execute=+15deg x1 a=3 | preview=view-/6 yaw=+0 render=35ms | sp=preview:active d=3.3 age=0 dtg=8.86 region=0_1
ep=37 s=7 2398ms [sel=8 cap=2302 rest=89] sg=1->1 mode=NONE win=8 obs=8 | cap=wip act=(320,360) d=3.26 a=3 | sp=preview:active d=3.3 age=1 dtg=8.86 region=0_1
ep=37 s=8 4648ms [sel=6 cap=4541 rest=101] sg=1->1 mode=NONE win=8 obs=9 | cap=wip act=(320,360) d=3.26 a=3 | sp=preview:active d=3.3 age=2 dtg=8.86 region=0_1
ep=37 s=9 4023ms [sel=6 cap=3913 rest=103] sg=1->1 mode=NONE win=8 obs=10 | cap=wip act=(320,360) d=3.26 a=1 | sp=preview:active d=3.3 age=3 dtg=8.62 region=0_1
ep=37 s=10 2010ms [sel=4 cap=1901 rest=104] sg=1->1 mode=NONE win=8 obs=11 | cap=wip act=(320,360) d=3.01 a=1 | sp=preview:active d=3.0 age=4 dtg=8.38 region=0_1
ep=37 s=11 1999ms [sel=3 cap=1891 rest=105] sg=1->1 mode=NONE win=8 obs=12 | cap=wip act=(320,360) d=2.77 a=1 | sp=preview:active d=2.8 age=5 dtg=8.14 region=0_1
ep=37 s=12 2119ms [sel=3 cap=2010 rest=106] sg=1->1 mode=NONE win=8 obs=13 | cap=wip act=(320,360) d=2.53 a=1 | sp=preview:active d=2.5 age=6 dtg=7.90 region=0_1
ep=37 s=13 10777ms [sel=6 cap=10278 rest=456] sg=1->None mode=NONE win=8 obs=14 | cap=DONE act=(320,360) d=1.00 a=1 | preview=view-/6 yaw=+0 render=38ms | sp=preview:active d=2.3 age=7 dtg=7.66 region=0_1
ep=37 s=14 111ms [sel=5 cap=0 rest=106] sg=None->None mode=NONE win=8 obs=15 | cap=- act=(320,360) d=1.00 a=1 | sp=preview:active d=2.0 age=8 dtg=7.43 region=0_1
ep=37 s=15 111ms [sel=5 cap=0 rest=106] sg=None->None mode=NONE win=8 obs=16 | cap=- act=(320,360) d=1.00 a=1 | sp=preview:active d=1.8 age=9 dtg=7.19 region=0_1
ep=37 s=16 103ms [sel=0 cap=0 rest=103] sg=None->None mode=NONE win=8 obs=17 | cap=- act=STOP | sp=preview:active d=1.6 age=10 dtg=7.19 region=0_1
rank=0 [1/17] id=37 steps=17 success=0.000 spl=0.000 dtg=7.19 osr=0 path_length=1.75 ndtw=0.395 sdtw=0.000
PluginManager::Manager: duplicate static plugin StbImageImporter, ignoring
PluginManager::Manager: duplicate static plugin GltfImporter, ignoring
PluginManager::Manager: duplicate static plugin BasisImporter, ignoring
PluginManager::Manager: duplicate static plugin AssimpImporter, ignoring
PluginManager::Manager: duplicate static plugin AnySceneImporter, ignoring
PluginManager::Manager: duplicate static plugin AnyImageImporter, ignoring
episode=108 instruction='Alright, so first you want to head on into the bedroom. Then you\'ll come around the corner and go through the door, the one that\'s got that hanging letter "B" just beside it. That takes you into the hallway, so just keep walking into there. Now follow along the banister rail and you\'ll end up in the room on the right, the one with that coat rack that looks like a human figure. Last thing, walk over the rug on the floor and step into the doorway that leads to the closet.' start_position=[1.1446900367736816, 3.4365439414978027, -9.352140426635742] goal_position=[-2.9906399250030518, 3.5454914569854736, -7.188910007476807] reference_geodesic=7.423033237457275
episode=108 prepared_subgoals=4
  [1] Enter the bedroom
      proof: The camera has crossed the bedroom threshold and the bedroom interior is central in the view.
  [2] Turn right at the corner, then go through the door beside the hanging letter "B"
      proof: The door is directly ahead and the camera has passed through it into the hallway.
  [3] Follow the banister rail along the hallway
      proof: The camera has passed the end of the banister rail and the room on the right with the coat rack is central in the view.
  [4] Walk to the coat rack and step into the doorway that leads to the closet
      proof: The camera has crossed the closet doorway threshold and the closet interior is central in the view
ep=108 s=0 4368ms [sel=27 cap=3798 rest=496] sg=1->1 mode=NONE win=1 obs=1 | cap=wip act=(160,180) d=3.34 a=1 | preview=view3/6 yaw=+45 render=47ms | sp=preview:active d=3.3 age=0 dtg=7.21 region=2_17
ep=108 s=1 6205ms [sel=17 cap=6077 rest=111] sg=1->1 mode=NONE win=2 obs=2 | cap=wip act=(320,360) d=3.14 a=1 | sp=preview:active d=3.1 age=1 dtg=7.05 region=2_17
ep=108 s=2 2313ms [sel=19 cap=2184 rest=110] sg=1->1 mode=NONE win=3 obs=3 | cap=wip act=(320,360) d=2.95 a=1 | sp=preview:active d=2.9 age=2 dtg=6.93 region=2_17
ep=108 s=3 4068ms [sel=0 cap=3956 rest=111] sg=1->2 mode=NONE win=4 obs=4 | cap=DONE act=TURN request=+45deg execute=+15deg x1 a=3 | sp=preview:active d=2.8 age=3 dtg=6.93 region=2_17
ep=108 s=4 2683ms [sel=0 cap=2570 rest=113] sg=2->2 mode=NONE win=5 obs=5 | cap=wip act=TURN request=+45deg execute=+15deg x1 a=3 dtg=6.93 region=2_17
ep=108 s=5 11739ms [sel=0 cap=11146 rest=552] sg=2->2 mode=NONE win=6 obs=6 | cap=wip act=TURN request=+45deg execute=+15deg x1 a=3 | preview=view-/6 yaw=+0 render=41ms dtg=6.93 region=2_17
ep=108 s=6 2230ms [sel=0 cap=2121 rest=109] sg=2->2 mode=NONE win=7 obs=7 | cap=wip act=TURN request=+45deg execute=+15deg x1 a=3 dtg=6.93 region=2_17
ep=108 s=7 3956ms [sel=0 cap=3847 rest=109] sg=2->2 mode=NONE win=8 obs=8 | cap=wip act=TURN request=+45deg execute=+15deg x1 a=3 dtg=6.93 region=2_17
ep=108 s=8 6472ms [sel=31 cap=5833 rest=571] sg=2->2 mode=NONE win=8 obs=9 | cap=wip act=(160,180) d=3.53 a=2 | preview=view3/6 yaw=+0 render=38ms | sp=preview:active d=3.5 age=0 dtg=6.93 region=2_17
ep=108 s=9 3379ms [sel=11 cap=3261 rest=108] sg=2->2 mode=NONE win=8 obs=10 | cap=wip act=(320,360) d=3.53 a=1 | sp=preview:active d=3.5 age=1 dtg=6.68 region=2_17
ep=108 s=10 4532ms [sel=12 cap=4412 rest=108] sg=2->2 mode=NONE win=8 obs=11 | cap=wip act=(320,360) d=3.28 a=1 | sp=preview:active d=3.3 age=2 dtg=6.44 region=2_17
ep=108 s=11 6096ms [sel=30 cap=5519 rest=508] sg=2->2 mode=NONE win=8 obs=12 | cap=wip act=(160,180) d=3.30 a=1 | preview=view3/6 yaw=+0 render=39ms | sp=preview:active d=3.3 age=0 dtg=6.19 region=2_17
ep=108 s=12 3081ms [sel=11 cap=2974 rest=97] sg=2->2 mode=NONE win=8 obs=13 | cap=wip act=(320,360) d=3.05 a=1 | sp=preview:active d=3.1 age=1 dtg=5.95 region=2_17
ep=108 s=13 6406ms [sel=11 cap=6282 rest=113] sg=2->2 mode=NONE win=8 obs=14 | cap=wip act=(320,360) d=2.80 a=1 | sp=preview:active d=2.8 age=2 dtg=5.71 region=2_17
ep=108 s=14 6596ms [sel=29 cap=6050 rest=479] sg=2->2 mode=NONE win=8 obs=15 | cap=wip act=(160,180) d=3.25 a=1 | preview=view3/6 yaw=+0 render=37ms | sp=preview:active d=3.2 age=0 dtg=5.40 region=2_17
ep=108 s=15 3657ms [sel=8 cap=3518 rest=131] sg=2->2 mode=NONE win=8 obs=16 | cap=wip act=(320,360) d=3.00 a=1 | sp=preview:active d=3.0 age=1 dtg=5.21 region=1_7
ep=108 s=16 5988ms [sel=4 cap=5871 rest=113] sg=2->2 mode=NONE win=8 obs=17 | cap=wip act=(320,360) d=2.75 a=2 | sp=preview:active d=2.8 age=2 dtg=5.21 region=1_7
ep=108 s=17 5485ms [sel=3 cap=5364 rest=118] sg=2->2 mode=NONE win=8 obs=18 | cap=wip act=(320,360) d=2.75 a=1 | sp=preview:active d=2.8 age=3 dtg=5.19 region=2_24
ep=108 s=18 5716ms [sel=5 cap=5595 rest=117] sg=2->2 mode=NONE win=8 obs=19 | cap=wip act=(320,360) d=2.51 a=1 | sp=preview:active d=2.5 age=4 dtg=5.22 region=2_24
ep=108 s=19 5446ms [sel=3 cap=5329 rest=114] sg=2->2 mode=NONE win=8 obs=20 | cap=wip act=(320,360) d=2.26 a=1 | sp=preview:active d=2.3 age=5 dtg=5.26 region=2_24
ep=108 s=20 5095ms [sel=3 cap=4980 rest=112] sg=2->2 mode=NONE win=8 obs=21 | cap=wip act=(320,360) d=2.01 a=1 | sp=preview:active d=2.0 age=6 dtg=5.34 region=2_24
ep=108 s=21 4581ms [sel=4 cap=4467 rest=110] sg=2->2 mode=NONE win=8 obs=22 | cap=wip act=(320,360) d=1.76 a=1 | sp=preview:active d=1.8 age=7 dtg=5.43 region=2_24
ep=108 s=22 6415ms [sel=4 cap=6303 rest=108] sg=2->2 mode=NONE win=8 obs=23 | cap=wip act=(320,360) d=1.52 a=1 | sp=preview:active d=1.5 age=8 dtg=5.53 region=2_24
ep=108 s=23 9090ms [sel=748 cap=8234 rest=107] sg=2->3 mode=NONE win=8 obs=24 | cap=DONE act=(320,360) d=2.65 a=1 | sp=som:active d=2.6 age=0 som=2/8 dtg=5.66 region=2_24
ep=108 s=24 3372ms [sel=3 cap=3262 rest=108] sg=3->3 mode=NONE win=8 obs=25 | cap=wip act=(320,360) d=2.40 a=1 | sp=som:active d=2.4 age=1 dtg=5.86 region=2_24
ep=108 s=25 2674ms [sel=4 cap=2560 rest=111] sg=3->3 mode=NONE win=8 obs=26 | cap=wip act=(320,360) d=2.15 a=1 | sp=som:active d=2.1 age=2 dtg=6.09 region=2_24
ep=108 s=26 3107ms [sel=3 cap=2993 rest=111] sg=3->3 mode=NONE win=8 obs=27 | cap=wip act=(320,360) d=1.90 a=1 | sp=som:active d=1.9 age=3 dtg=6.33 region=2_24
ep=108 s=27 3402ms [sel=4 cap=3290 rest=109] sg=3->3 mode=NONE win=8 obs=28 | cap=wip act=(320,360) d=1.65 a=3 | sp=som:active d=1.6 age=4 dtg=6.33 region=2_24
ep=108 s=28 2309ms [sel=3 cap=2196 rest=109] sg=3->3 mode=NONE win=8 obs=29 | cap=wip act=(320,360) d=1.65 a=1 | sp=som:active d=1.6 age=5 dtg=6.55 region=2_24
ep=108 s=29 3476ms [sel=3 cap=3363 rest=110] sg=3->3 mode=NONE win=8 obs=30 | cap=wip act=(320,360) d=1.41 a=1 | sp=som:active d=1.4 age=6 dtg=6.78 region=2_24
ep=108 s=30 3343ms [sel=3 cap=3232 rest=108] sg=3->3 mode=NONE win=8 obs=31 | cap=wip act=(320,360) d=1.17 a=1 | sp=som:active d=1.2 age=7 dtg=7.01 region=2_24
ep=108 s=31 3851ms [sel=3 cap=3744 rest=104] sg=3->3 mode=NONE win=8 obs=32 | cap=wip act=(320,360) d=0.93 a=2 | sp=som:active d=0.9 age=8 dtg=7.01 region=2_24
ep=108 s=32 5091ms [sel=993 cap=3994 rest=104] sg=3->4 mode=NONE win=8 obs=33 | cap=DONE act=(320,360) d=1.09 a=3 | sp=som:active d=1.1 age=0 som=5/8 dtg=7.01 region=2_24
ep=108 s=33 3372ms [sel=4 cap=3261 rest=107] sg=4->4 mode=NONE win=8 obs=34 | cap=wip act=(320,360) d=1.09 a=1 | sp=som:active d=1.1 age=1 dtg=7.25 region=2_24
ep=108 s=34 5138ms [sel=4 cap=4596 rest=500] sg=4->4 mode=NONE win=8 obs=35 | cap=wip act=(320,360) d=0.85 a=3 | preview=view-/6 yaw=+0 render=39ms | sp=som:active d=0.8 age=2 dtg=7.25 region=2_24
ep=108 s=35 3145ms [sel=4 cap=3030 rest=111] sg=4->4 mode=NONE win=8 obs=36 | cap=wip act=(320,360) d=0.85 a=1 | sp=som:active d=0.8 age=3 dtg=7.47 region=2_24
ep=108 s=36 1732ms [sel=4 cap=1614 rest=114] sg=4->4 mode=NONE win=8 obs=37 | cap=wip act=(320,360) d=0.60 a=1 | sp=som:active d=0.6 age=4 dtg=7.70 region=2_24
ep=108 s=37 5501ms [sel=1543 cap=3803 rest=155] sg=4->4 mode=NONE win=8 obs=38 | cap=wip act=(320,360) d=1.44 a=1 | sp=som:active d=1.4 age=0 som=5/8 dtg=7.93 region=2_24
ep=108 s=38 4619ms [sel=3 cap=4083 rest=493] sg=4->4 mode=NONE win=8 obs=39 | cap=wip act=(320,360) d=1.20 a=2 | preview=view-/6 yaw=+0 render=40ms | sp=som:active d=1.2 age=1 dtg=7.93 region=2_24
ep=108 s=39 4304ms [sel=3 cap=4195 rest=106] sg=4->4 mode=NONE win=8 obs=40 | cap=wip act=(320,360) d=1.20 a=1 | sp=som:active d=1.2 age=2 dtg=8.17 region=1_11
ep=108 s=40 6072ms [sel=3 cap=5964 rest=105] sg=4->4 mode=NONE win=8 obs=41 | cap=wip act=(320,360) d=0.95 a=1 | sp=som:active d=0.9 age=3 dtg=8.42 region=1_11
ep=108 s=41 11168ms [sel=4 cap=10663 rest=464] sg=4->4 mode=NONE win=8 obs=42 | cap=wip act=(320,360) d=0.70 a=1 | preview=view-/6 yaw=+0 render=37ms | sp=som:active d=0.7 age=4 dtg=8.67 region=1_11
ep=108 s=42 5346ms [sel=1059 cap=4183 rest=104] sg=4->4 mode=NONE win=8 obs=43 | cap=wip act=(320,360) d=3.41 a=2 | sp=frontier:active d=3.4 age=0 som=5/7 dtg=8.67 region=1_11
ep=108 s=43 4802ms [sel=3 cap=4681 rest=118] sg=4->4 mode=NONE win=8 obs=44 | cap=wip act=(320,360) d=3.41 a=1 | sp=frontier:active d=3.4 age=1 dtg=8.92 region=1_11
ep=108 s=44 10337ms [sel=4 cap=9800 rest=496] sg=4->4 mode=NONE win=8 obs=45 | cap=wip act=(320,360) d=3.17 a=2 | preview=view-/6 yaw=+0 render=38ms | sp=frontier:active d=3.2 age=2 dtg=8.92 region=1_11
ep=108 s=45 5684ms [sel=3 cap=5555 rest=126] sg=4->4 mode=NONE win=8 obs=46 | cap=wip act=(320,360) d=3.17 a=1 | sp=frontier:active d=3.2 age=3 dtg=9.15 region=1_11
ep=108 s=46 7177ms [sel=3 cap=7050 rest=124] sg=4->4 mode=NONE win=8 obs=47 | cap=wip act=(320,360) d=2.92 a=1 | sp=frontier:active d=2.9 age=4 dtg=9.38 region=1_11
ep=108 s=47 10456ms [sel=3 cap=9920 rest=497] sg=4->4 mode=NONE win=8 obs=48 | cap=wip act=(320,360) d=2.67 a=1 | preview=view-/6 yaw=+0 render=37ms | sp=frontier:active d=2.7 age=5 dtg=9.61 region=1_11
ep=108 s=48 3606ms [sel=4 cap=3480 rest=121] sg=4->4 mode=NONE win=8 obs=49 | cap=wip act=(320,360) d=2.42 a=3 | sp=frontier:active d=2.4 age=6 dtg=9.61 region=1_11
ep=108 s=49 5060ms [sel=4 cap=4934 rest=122] sg=4->4 mode=NONE win=8 obs=50 | cap=wip act=(320,360) d=2.42 a=1 | sp=frontier:active d=2.4 age=7 dtg=9.86 region=1_11
ep=108 s=50 11843ms [sel=4 cap=11286 rest=514] sg=4->4 mode=NONE win=8 obs=51 | cap=wip act=(320,360) d=2.17 a=3 | preview=view-/6 yaw=+0 render=40ms | sp=frontier:active d=2.2 age=8 dtg=9.86 region=1_11
ep=108 s=51 7906ms [sel=3 cap=7788 rest=115] sg=4->4 mode=NONE win=8 obs=52 | cap=wip act=(320,360) d=2.17 a=1 | sp=frontier:active d=2.2 age=9 dtg=10.11 region=1_11
ep=108 s=52 7639ms [sel=4 cap=7525 rest=110] sg=4->4 mode=NONE win=8 obs=53 | cap=wip act=(320,360) d=1.95 a=1 | sp=frontier:active d=1.9 age=10 dtg=10.35 region=1_11
ep=108 s=53 12569ms [sel=3 cap=12035 rest=491] sg=4->4 mode=NONE win=8 obs=54 | cap=wip act=(320,360) d=1.72 a=1 | preview=view-/6 yaw=+0 render=40ms | sp=frontier:active d=1.7 age=11 dtg=10.60 region=1_11
ep=108 s=54 9793ms [sel=3 cap=9684 rest=106] sg=4->4 mode=NONE win=8 obs=55 | cap=wip act=(320,360) d=1.51 a=1 | sp=frontier:active d=1.5 age=12 dtg=10.84 region=1_11
ep=108 s=55 8471ms [sel=1046 cap=7320 rest=105] sg=4->4 mode=NONE win=8 obs=56 | cap=wip act=(320,360) d=1.41 a=1 | sp=som:active d=1.4 age=0 som=2/5 dtg=11.09 region=1_11
ep=108 s=56 13194ms [sel=5 cap=12687 rest=464] sg=4->4 mode=NONE win=8 obs=57 | cap=wip act=(320,360) d=1.16 a=1 | preview=view-/6 yaw=+0 render=37ms | sp=som:active d=1.2 age=1 dtg=11.34 region=1_11
ep=108 s=57 4404ms [sel=4 cap=4297 rest=103] sg=4->4 mode=NONE win=8 obs=58 | cap=wip act=(320,360) d=0.91 a=2 | sp=som:active d=0.9 age=2 dtg=11.34 region=1_11
ep=108 s=58 5836ms [sel=3 cap=5725 rest=108] sg=4->4 mode=NONE win=8 obs=59 | cap=wip act=(320,360) d=0.91 a=1 | sp=som:active d=0.9 age=3 dtg=11.59 region=1_11
ep=108 s=59 10668ms [sel=3 cap=10165 rest=463] sg=4->4 mode=NONE win=8 obs=60 | cap=wip act=(320,360) d=0.67 a=1 | preview=view-/6 yaw=+0 render=37ms | sp=som:active d=0.7 age=4 dtg=11.84 region=1_11
ep=108 s=60 8683ms [sel=2048 cap=6527 rest=108] sg=4->4 mode=NONE win=8 obs=61 | cap=wip act=(311,408) d=1.24 a=1 | sp=straight_ahead:active d=0.5 age=0 som=2/5 dtg=12.08 region=1_11
ep=108 s=61 11990ms [sel=70 cap=11796 rest=123] sg=4->4 mode=NONE win=8 obs=62 | cap=wip act=(294,466) d=1.01 a=1 | sp=straight_ahead:reached d=0.3 age=0 dtg=12.33 region=2_19
ep=108 s=62 17604ms [sel=81 cap=17013 rest=471] sg=4->4 mode=NONE win=8 obs=63 | cap=wip act=(320,360) d=3.54 a=2 | preview=view-/6 yaw=+0 render=39ms | sp=frontier:active d=3.5 age=0 dtg=12.33 region=2_19
ep=108 s=63 9227ms [sel=36 cap=9061 rest=130] sg=4->4 mode=NONE win=8 obs=64 | cap=wip act=(320,360) d=3.54 a=2 | sp=frontier:active d=3.5 age=1 dtg=12.33 region=2_19
ep=108 s=64 13629ms [sel=37 cap=13467 rest=126] sg=4->4 mode=NONE win=8 obs=65 | cap=wip act=(320,360) d=3.54 a=2 | sp=frontier:active d=3.5 age=2 dtg=12.33 region=2_19
ep=108 s=65 10616ms [sel=38 cap=10101 rest=439] sg=4->4 mode=NONE win=8 obs=66 | cap=wip act=(320,360) d=3.54 a=2 | preview=view-/6 yaw=+0 render=37ms | sp=frontier:active d=3.5 age=3 dtg=12.33 region=2_19
ep=108 s=66 7791ms [sel=36 cap=7638 rest=118] sg=4->4 mode=NONE win=8 obs=67 | cap=wip act=(320,360) d=3.54 a=2 | sp=frontier:active d=3.5 age=4 dtg=12.33 region=2_19
ep=108 s=67 5347ms [sel=37 cap=5200 rest=110] sg=4->4 mode=NONE win=8 obs=68 | cap=wip act=(320,360) d=3.54 a=2 | sp=frontier:active d=3.5 age=5 dtg=12.33 region=2_19
ep=108 s=68 10737ms [sel=37 cap=10584 rest=115] sg=4->4 mode=NONE win=8 obs=69 | cap=wip act=(320,360) d=3.54 a=2 | sp=frontier:active d=3.5 age=6 dtg=12.33 region=2_19
ep=108 s=69 14666ms [sel=33 cap=14513 rest=119] sg=4->4 mode=NONE win=8 obs=70 | cap=wip act=(320,360) d=3.54 a=2 | sp=frontier:active d=3.5 age=7 dtg=12.33 region=2_19
ep=108 s=70 7516ms [sel=28 cap=7371 rest=117] sg=4->4 mode=NONE win=8 obs=71 | cap=wip act=(320,360) d=3.54 a=2 | sp=frontier:active d=3.5 age=8 dtg=12.33 region=2_19
ep=108 s=71 10598ms [sel=9 cap=10069 rest=482] sg=4->4 mode=NONE win=8 obs=72 | cap=wip act=(320,360) d=3.54 a=2 | preview=view-/6 yaw=+0 render=37ms | sp=frontier:active d=3.5 age=9 dtg=12.33 region=2_19
ep=108 s=72 4658ms [sel=3 cap=4533 rest=122] sg=4->4 mode=NONE win=8 obs=73 | cap=wip act=(320,360) d=3.54 a=2 | sp=frontier:active d=3.5 age=10 dtg=12.33 region=2_19
ep=108 s=73 4744ms [sel=3 cap=4627 rest=115] sg=4->4 mode=NONE win=8 obs=74 | cap=wip act=(320,360) d=3.54 a=1 | sp=frontier:active d=3.5 age=11 dtg=12.09 region=1_11
ep=108 s=74 11607ms [sel=5 cap=11084 rest=481] sg=4->None mode=NONE win=8 obs=75 | cap=DONE act=(320,360) d=1.00 a=1 | preview=view-/6 yaw=+0 render=38ms | sp=frontier:active d=3.3 age=12 door_evts=2 dtg=11.84 region=1_11
ep=108 s=75 117ms [sel=4 cap=0 rest=113] sg=None->None mode=NONE win=8 obs=76 | cap=- act=(320,360) d=1.00 a=1 | sp=frontier:active d=3.1 age=13 door_evts=2 dtg=11.64 region=1_11
ep=108 s=76 118ms [sel=4 cap=0 rest=113] sg=None->None mode=NONE win=8 obs=77 | cap=- act=(320,360) d=1.00 a=1 | sp=frontier:active d=2.9 age=14 door_evts=2 dtg=11.48 region=1_11
ep=108 s=77 116ms [sel=0 cap=0 rest=116] sg=None->None mode=NONE win=8 obs=78 | cap=- act=STOP | sp=frontier:active d=2.7 age=15 door_evts=2 dtg=11.48 region=1_11
rank=0 [2/17] id=108 steps=78 success=0.000 spl=0.000 dtg=11.48 osr=0 path_length=12.39 ndtw=0.186 sdtw=0.000
PluginManager::Manager: duplicate static plugin StbImageImporter, ignoring
PluginManager::Manager: duplicate static plugin GltfImporter, ignoring
PluginManager::Manager: duplicate static plugin BasisImporter, ignoring
PluginManager::Manager: duplicate static plugin AssimpImporter, ignoring
PluginManager::Manager: duplicate static plugin AnySceneImporter, ignoring
PluginManager::Manager: duplicate static plugin AnyImageImporter, ignoring
episode=142 instruction="So you want to head forward into the hallway, and you should have the cabinets over on your left as you go. Once you're actually in the hallway, take a left. Then just walk on past that console table, it'll be on your right. Keep going down the hallway until it opens out into a clearing, and stop once you're just past the entry, which will be behind you at that point." start_position=[1.6312299966812134, 0.15480518341064453, -16.785999298095703] goal_position=[0.14195099472999573, 0.15480518341064453, -12.11970043182373] reference_geodesic=5.445591449737549
episode=142 prepared_subgoals=4
  [1] Go forward into the hallway
      proof: The camera has crossed the threshold into the hallway and its interior is central in the view; the camera has not yet turned left.
  [2] Turn left in the hallway, then walk past the console table
      proof: The console table is behind and to the right, and the hallway continues straight ahead.
  [3] Continue down the hallway until it opens into a clearing
      proof: The clearing is directly ahead and fills the view, with the entry visible behind.
  [4] Stop just past the entry
      proof: The entry is behind and to the left, and the camera is stopped beside the clearing's edge
ep=142 s=0 6696ms [sel=5 cap=6210 rest=442] sg=1->1 mode=NONE win=1 obs=1 | cap=wip act=PREVIEW a=2 | preview=view4/6 yaw=+90 render=38ms dtg=5.45 region=1_12
ep=142 s=1 4571ms [sel=1746 cap=2740 rest=85] sg=1->1 mode=NONE win=2 obs=2 | cap=wip act=(320,360) d=2.41 a=3 | sp=frontier:active d=2.4 age=0 som=2/8 dtg=5.45 region=1_12
ep=142 s=2 3362ms [sel=5 cap=3277 rest=80] sg=1->1 mode=NONE win=3 obs=3 | cap=wip act=TURN request=+45deg execute=+15deg x1 a=3 | sp=frontier:active d=2.4 age=1 dtg=5.45 region=1_12
ep=142 s=3 3557ms [sel=6 cap=3463 rest=88] sg=1->1 mode=NONE win=4 obs=4 | cap=wip act=TURN request=+45deg execute=+15deg x1 a=3 | sp=frontier:active d=2.4 age=2 dtg=5.45 region=1_12
ep=142 s=4 4654ms [sel=4 cap=4558 rest=91] sg=1->1 mode=NONE win=5 obs=5 | cap=wip act=TURN request=+45deg execute=+15deg x1 a=3 | sp=frontier:active d=2.4 age=3 dtg=5.45 region=1_12
ep=142 s=5 7104ms [sel=21 cap=6557 rest=488] sg=1->1 mode=NONE win=6 obs=6 | cap=wip act=(160,180) d=3.55 a=3 | preview=view3/6 yaw=+30 render=38ms | sp=preview:active d=3.6 age=0 dtg=5.45 region=1_12
ep=142 s=6 4939ms [sel=3 cap=4840 rest=96] sg=1->1 mode=NONE win=7 obs=7 | cap=wip act=(320,360) d=3.55 a=3 | sp=preview:active d=3.6 age=1 dtg=5.45 region=1_12
ep=142 s=7 4195ms [sel=3 cap=4098 rest=95] sg=1->1 mode=NONE win=8 obs=8 | cap=wip act=(320,360) d=3.55 a=1 | sp=preview:active d=3.6 age=2 dtg=5.20 region=1_12
ep=142 s=8 3694ms [sel=3 cap=3595 rest=96] sg=1->1 mode=NONE win=8 obs=9 | cap=wip act=(320,360) d=3.32 a=3 | sp=preview:active d=3.3 age=3 dtg=5.20 region=1_12
ep=142 s=9 7056ms [sel=3 cap=6951 rest=102] sg=1->1 mode=NONE win=8 obs=10 | cap=wip act=(320,360) d=3.32 a=1 | sp=preview:active d=3.3 age=4 dtg=4.97 region=1_25
ep=142 s=10 4966ms [sel=3 cap=4858 rest=106] sg=1->1 mode=NONE win=8 obs=11 | cap=wip act=(320,360) d=3.07 a=1 | sp=preview:active d=3.1 age=5 dtg=4.76 region=1_25
ep=142 s=11 5364ms [sel=4 cap=5260 rest=100] sg=1->1 mode=NONE win=8 obs=12 | cap=wip act=(320,360) d=2.82 a=1 | sp=preview:active d=2.8 age=6 dtg=4.63 region=1_25
ep=142 s=12 5239ms [sel=3 cap=5136 rest=100] sg=1->1 mode=NONE win=8 obs=13 | cap=wip act=(320,360) d=2.57 a=1 | sp=preview:active d=2.6 age=7 dtg=4.61 region=1_25
ep=142 s=13 2952ms [sel=3 cap=2849 rest=100] sg=1->1 mode=NONE win=8 obs=14 | cap=wip act=(320,360) d=2.32 a=1 | sp=preview:active d=2.3 age=8 dtg=4.60 region=1_25
ep=142 s=14 8101ms [sel=3 cap=7989 rest=108] sg=1->1 mode=NONE win=8 obs=15 | cap=wip act=(320,360) d=2.07 a=1 | sp=preview:active d=2.1 age=9 dtg=4.61 region=1_25
ep=142 s=15 8437ms [sel=3 cap=8316 rest=118] sg=1->1 mode=NONE win=8 obs=16 | cap=wip act=(320,360) d=1.82 a=1 | sp=preview:active d=1.8 age=10 dtg=4.65 region=1_25
ep=142 s=16 5747ms [sel=3 cap=5622 rest=123] sg=1->1 mode=NONE win=8 obs=17 | cap=wip act=(320,360) d=1.57 a=1 | sp=preview:active d=1.6 age=11 dtg=4.74 region=1_25
ep=142 s=17 3923ms [sel=3 cap=3796 rest=123] sg=1->1 mode=NONE win=8 obs=18 | cap=wip act=(320,360) d=1.33 a=1 | sp=preview:active d=1.3 age=12 dtg=4.92 region=1_9
ep=142 s=18 5770ms [sel=1493 cap=4148 rest=128] sg=1->1 mode=NONE win=8 obs=19 | cap=wip act=(320,360) d=2.97 a=1 | sp=som:active d=3.0 age=0 som=4/8 dtg=5.14 region=1_9
ep=142 s=19 5583ms [sel=0 cap=5462 rest=121] sg=1->2 mode=NONE win=8 obs=20 | cap=DONE act=TURN request=-45deg execute=-15deg x1 a=2 | sp=som:active d=2.7 age=1 dtg=5.14 region=1_9
ep=142 s=20 4058ms [sel=0 cap=3936 rest=122] sg=2->2 mode=NONE win=8 obs=21 | cap=wip act=TURN request=-45deg execute=-15deg x1 a=2 dtg=5.14 region=1_9
ep=142 s=21 5656ms [sel=0 cap=5526 rest=129] sg=2->2 mode=NONE win=8 obs=22 | cap=wip act=TURN request=-45deg execute=-15deg x1 a=2 dtg=5.14 region=1_9
ep=142 s=22 4194ms [sel=0 cap=4064 rest=130] sg=2->2 mode=NONE win=8 obs=23 | cap=wip act=TURN request=-45deg execute=-15deg x1 a=2 dtg=5.14 region=1_9
ep=142 s=23 6404ms [sel=0 cap=6278 rest=127] sg=2->2 mode=NONE win=8 obs=24 | cap=wip act=TURN request=-45deg execute=-15deg x1 a=2 dtg=5.14 region=1_9
ep=142 s=24 3874ms [sel=1379 cap=2371 rest=125] sg=2->2 mode=NONE win=8 obs=25 | cap=wip act=(320,360) d=2.63 a=3 | sp=som:active d=2.6 age=0 som=1/6 dtg=5.14 region=1_9
ep=142 s=25 2893ms [sel=7 cap=2348 rest=502] sg=2->2 mode=NONE win=8 obs=26 | cap=wip act=(320,360) d=2.63 a=3 | preview=view-/6 yaw=+0 render=36ms | sp=som:active d=2.6 age=1 dtg=5.14 region=1_9
ep=142 s=26 3318ms [sel=9 cap=3177 rest=132] sg=2->2 mode=NONE win=8 obs=27 | cap=wip act=(320,360) d=2.63 a=3 | sp=som:active d=2.6 age=2 dtg=5.14 region=1_9
ep=142 s=27 4888ms [sel=9 cap=4747 rest=132] sg=2->2 mode=NONE win=8 obs=28 | cap=wip act=(320,360) d=2.63 a=1 | sp=som:active d=2.6 age=3 dtg=5.31 region=1_9
ep=142 s=28 4053ms [sel=12 cap=3919 rest=123] sg=2->2 mode=NONE win=8 obs=29 | cap=wip act=(320,360) d=2.48 a=1 | sp=som:active d=2.5 age=4 dtg=5.52 region=1_9
ep=142 s=29 6983ms [sel=17 cap=6843 rest=122] sg=2->2 mode=NONE win=8 obs=30 | cap=wip act=(320,360) d=2.34 a=2 | sp=som:active d=2.3 age=5 dtg=5.52 region=1_9
ep=142 s=30 5964ms [sel=9 cap=5834 rest=121] sg=2->2 mode=NONE win=8 obs=31 | cap=wip act=(320,360) d=2.34 a=1 | sp=som:active d=2.3 age=6 dtg=5.61 region=1_9
ep=142 s=31 7313ms [sel=7 cap=7188 rest=118] sg=2->2 mode=NONE win=8 obs=32 | cap=wip act=(320,360) d=2.16 a=2 | sp=som:active d=2.2 age=7 dtg=5.61 region=1_9
ep=142 s=32 2758ms [sel=6 cap=2634 rest=118] sg=2->2 mode=NONE win=8 obs=33 | cap=wip act=(320,360) d=2.16 a=1 | sp=som:active d=2.2 age=8 dtg=5.40 region=1_9
ep=142 s=33 2208ms [sel=3 cap=2088 rest=117] sg=2->2 mode=NONE win=8 obs=34 | cap=wip act=(320,360) d=1.96 a=2 | sp=som:active d=2.0 age=9 dtg=5.40 region=1_9
ep=142 s=34 3316ms [sel=3 cap=3200 rest=113] sg=2->2 mode=NONE win=8 obs=35 | cap=wip act=(320,360) d=1.96 a=1 | sp=som:active d=2.0 age=10 dtg=5.16 region=1_9
ep=142 s=35 5025ms [sel=3 cap=4912 rest=110] sg=2->2 mode=NONE win=8 obs=36 | cap=wip act=(320,360) d=1.73 a=1 | sp=som:active d=1.7 age=11 dtg=4.92 region=1_9
ep=142 s=36 3287ms [sel=4 cap=2750 rest=497] sg=2->2 mode=NONE win=8 obs=37 | cap=wip act=(320,360) d=1.50 a=2 | preview=view-/6 yaw=+0 render=37ms | sp=som:active d=1.5 age=12 dtg=4.92 region=1_9
ep=142 s=37 6518ms [sel=3 cap=6403 rest=112] sg=2->2 mode=NONE win=8 obs=38 | cap=wip act=(320,360) d=1.50 a=1 | sp=som:active d=1.5 age=13 dtg=4.67 region=1_9
ep=142 s=38 3511ms [sel=6 cap=3394 rest=111] sg=2->2 mode=NONE win=8 obs=39 | cap=wip act=(320,360) d=1.26 a=1 | sp=som:active d=1.3 age=14 dtg=4.42 region=1_9
ep=142 s=39 7188ms [sel=3 cap=7074 rest=112] sg=2->2 mode=NONE win=8 obs=40 | cap=wip act=(320,360) d=1.02 a=1 | sp=som:active d=1.0 age=15 dtg=4.17 region=1_9
ep=142 s=40 3825ms [sel=3 cap=3712 rest=110] sg=2->2 mode=NONE win=8 obs=41 | cap=wip act=(320,360) d=0.79 a=2 | sp=som:active d=0.8 age=16 dtg=4.17 region=1_9
ep=142 s=41 4548ms [sel=3 cap=4425 rest=120] sg=2->2 mode=NONE win=8 obs=42 | cap=wip act=(320,360) d=0.79 a=1 | sp=som:active d=0.8 age=17 dtg=3.93 region=1_9
ep=142 s=42 5623ms [sel=3 cap=5505 rest=115] sg=2->2 mode=NONE win=8 obs=43 | cap=wip act=(320,360) d=0.55 a=1 | sp=som:active d=0.6 age=18 dtg=3.68 region=1_9
ep=142 s=43 8754ms [sel=3094 cap=5547 rest=113] sg=2->2 mode=NONE win=8 obs=44 | cap=wip act=(320,360) d=2.75 a=1 | sp=som:active d=2.7 age=0 som=3/8 dtg=3.44 region=1_9
ep=142 s=44 5888ms [sel=3 cap=5770 rest=115] sg=2->2 mode=NONE win=8 obs=45 | cap=wip act=(320,360) d=2.50 a=3 | sp=som:active d=2.5 age=1 dtg=3.44 region=1_9
ep=142 s=45 7934ms [sel=3 cap=7815 rest=116] sg=2->2 mode=NONE win=8 obs=46 | cap=wip act=(320,360) d=2.50 a=3 | sp=som:active d=2.5 age=2 dtg=3.44 region=1_9
ep=142 s=46 2930ms [sel=3 cap=2819 rest=108] sg=2->2 mode=NONE win=8 obs=47 | cap=wip act=(320,360) d=2.50 a=1 | sp=som:active d=2.5 age=3 dtg=3.20 region=1_9
ep=142 s=47 5079ms [sel=3 cap=4969 rest=107] sg=2->2 mode=NONE win=8 obs=48 | cap=wip act=(320,360) d=2.27 a=1 | sp=som:active d=2.3 age=4 dtg=2.97 region=1_9
ep=142 s=48 6835ms [sel=3 cap=6725 rest=108] sg=2->2 mode=NONE win=8 obs=49 | cap=wip act=(320,360) d=2.04 a=1 | sp=som:active d=2.0 age=5 dtg=2.74 region=1_9
ep=142 s=49 4382ms [sel=3 cap=4269 rest=109] sg=2->2 mode=NONE win=8 obs=50 | cap=wip act=(320,360) d=1.82 a=1 | sp=som:active d=1.8 age=6 dtg=2.54 region=1_9
ep=142 s=50 3837ms [sel=3 cap=3720 rest=114] sg=2->2 mode=NONE win=8 obs=51 | cap=wip act=(320,360) d=1.61 a=1 | sp=som:active d=1.6 age=7 dtg=2.40 region=0_11
ep=142 s=51 3569ms [sel=4 cap=3454 rest=111] sg=2->2 mode=NONE win=8 obs=52 | cap=wip act=(320,360) d=1.40 a=2 | sp=som:active d=1.4 age=8 dtg=2.40 region=0_11
ep=142 s=52 4342ms [sel=3 cap=4232 rest=107] sg=2->2 mode=NONE win=8 obs=53 | cap=wip act=(320,360) d=1.40 a=1 | sp=som:active d=1.4 age=9 dtg=2.31 region=0_11
ep=142 s=53 5290ms [sel=3 cap=5182 rest=105] sg=2->2 mode=NONE win=8 obs=54 | cap=wip act=(320,360) d=1.18 a=2 | sp=som:active d=1.2 age=10 dtg=2.31 region=0_11
ep=142 s=54 5431ms [sel=3 cap=5321 rest=106] sg=2->2 mode=NONE win=8 obs=55 | cap=wip act=(320,360) d=1.18 a=2 | sp=som:active d=1.2 age=11 dtg=2.31 region=0_11
ep=142 s=55 8465ms [sel=23 cap=7863 rest=541] sg=2->2 mode=NONE win=8 obs=56 | cap=wip act=(160,180) d=3.62 a=1 | preview=view3/6 yaw=+15 render=38ms | sp=preview:active d=3.6 age=0 dtg=2.15 region=0_11
ep=142 s=56 3089ms [sel=3 cap=2978 rest=109] sg=2->2 mode=NONE win=8 obs=57 | cap=wip act=(320,360) d=3.37 a=2 | sp=preview:active d=3.4 age=1 dtg=2.15 region=0_11
ep=142 s=57 2331ms [sel=3 cap=2211 rest=117] sg=2->2 mode=NONE win=8 obs=58 | cap=wip act=(320,360) d=3.37 a=1 | sp=preview:active d=3.4 age=2 dtg=1.95 region=1_23
ep=142 s=58 5593ms [sel=3 cap=5464 rest=126] sg=2->2 mode=NONE win=8 obs=59 | cap=wip act=(320,360) d=3.13 a=1 | sp=preview:active d=3.1 age=3 dtg=1.77 region=1_23
ep=142 s=59 5706ms [sel=3 cap=5591 rest=112] sg=2->2 mode=NONE win=8 obs=60 | cap=wip act=(320,360) d=2.88 a=1 | sp=preview:active d=2.9 age=4 dtg=1.60 region=1_23
ep=142 s=60 7264ms [sel=3 cap=7124 rest=137] sg=2->2 mode=NONE win=8 obs=61 | cap=wip act=(320,360) d=2.64 a=1 | sp=preview:active d=2.6 age=5 dtg=1.46 region=1_23
ep=142 s=61 5871ms [sel=3 cap=5763 rest=106] sg=2->2 mode=NONE win=8 obs=62 | cap=wip act=(320,360) d=2.40 a=1 | sp=preview:active d=2.4 age=6 dtg=1.36 region=1_23
ep=142 s=62 5314ms [sel=3 cap=5196 rest=115] sg=2->2 mode=NONE win=8 obs=63 | cap=wip act=(320,360) d=2.16 a=1 | sp=preview:active d=2.2 age=7 dtg=1.29 region=1_23
ep=142 s=63 7343ms [sel=31 cap=6714 rest=561] sg=2->2 mode=NONE win=8 obs=64 | cap=wip act=(160,180) d=4.75 a=3 | preview=view3/6 yaw=+0 render=38ms | sp=preview:active d=4.8 age=0 dtg=1.29 region=1_23
ep=142 s=64 3752ms [sel=3 cap=3634 rest=115] sg=2->2 mode=NONE win=8 obs=65 | cap=wip act=(320,360) d=4.75 a=1 | sp=preview:active d=4.8 age=1 dtg=1.33 region=0_31
ep=142 s=65 4520ms [sel=8 cap=4395 rest=118] sg=2->2 mode=NONE win=8 obs=66 | cap=wip act=(320,360) d=4.53 a=1 | sp=preview:active d=4.5 age=2 dtg=1.42 region=0_31
ep=142 s=66 5083ms [sel=6 cap=4961 rest=116] sg=2->2 mode=NONE win=8 obs=67 | cap=wip act=(320,360) d=4.32 a=3 | sp=preview:active d=4.3 age=3 dtg=1.42 region=0_31
ep=142 s=67 4959ms [sel=3 cap=4841 rest=116] sg=2->2 mode=NONE win=8 obs=68 | cap=wip act=(320,360) d=4.32 a=1 | sp=preview:active d=4.3 age=4 dtg=1.59 region=0_31
ep=142 s=68 3949ms [sel=4 cap=3825 rest=121] sg=2->2 mode=NONE win=8 obs=69 | cap=wip act=(320,360) d=4.08 a=1 | sp=preview:active d=4.1 age=5 dtg=1.78 region=0_31
ep=142 s=69 2183ms [sel=4 cap=2061 rest=118] sg=2->2 mode=NONE win=8 obs=70 | cap=wip act=(320,360) d=3.84 a=1 | sp=preview:active d=3.8 age=6 dtg=1.99 region=0_31
ep=142 s=70 3331ms [sel=4 cap=3206 rest=121] sg=2->2 mode=NONE win=8 obs=71 | cap=wip act=(320,360) d=3.61 a=3 | sp=preview:active d=3.6 age=7 dtg=1.99 region=0_31
ep=142 s=71 5896ms [sel=4 cap=5772 rest=121] sg=2->2 mode=NONE win=8 obs=72 | cap=wip act=(320,360) d=3.61 a=1 | sp=preview:active d=3.6 age=8 dtg=2.23 region=0_31
ep=142 s=72 3350ms [sel=4 cap=3227 rest=119] sg=2->2 mode=NONE win=8 obs=73 | cap=wip act=(320,360) d=3.36 a=1 | sp=preview:active d=3.4 age=9 dtg=2.47 region=0_31
ep=142 s=73 3996ms [sel=3 cap=3881 rest=112] sg=2->2 mode=NONE win=8 obs=74 | cap=wip act=(320,360) d=3.11 a=1 | sp=preview:active d=3.1 age=10 dtg=2.71 region=0_31
ep=142 s=74 4397ms [sel=3 cap=4282 rest=112] sg=2->2 mode=NONE win=8 obs=75 | cap=wip act=(320,360) d=2.86 a=1 | sp=preview:active d=2.9 age=11 dtg=2.96 region=0_31
ep=142 s=75 4727ms [sel=3 cap=4608 rest=116] sg=2->2 mode=NONE win=8 obs=76 | cap=wip act=(320,360) d=2.62 a=1 | sp=preview:active d=2.6 age=12 dtg=3.20 region=1_29
ep=142 s=76 6127ms [sel=2174 cap=3840 rest=114] sg=2->2 mode=NONE win=8 obs=77 | cap=wip act=(320,360) d=3.01 a=2 | sp=som:active d=3.0 age=0 som=1/8 dtg=3.20 region=1_29
ep=142 s=77 3429ms [sel=4 cap=3308 rest=117] sg=2->2 mode=NONE win=8 obs=78 | cap=wip act=(320,360) d=3.01 a=2 | sp=som:active d=3.0 age=1 dtg=3.20 region=1_29
ep=142 s=78 3332ms [sel=4 cap=3204 rest=124] sg=2->2 mode=NONE win=8 obs=79 | cap=wip act=(320,360) d=3.01 a=1 | sp=som:active d=3.0 age=2 dtg=3.39 region=1_29
ep=142 s=79 5634ms [sel=3 cap=5505 rest=126] sg=2->2 mode=NONE win=8 obs=80 | cap=wip act=(320,360) d=2.76 a=2 | sp=som:active d=2.8 age=3 dtg=3.39 region=1_29
ep=142 s=80 4358ms [sel=4 cap=4232 rest=122] sg=2->2 mode=NONE win=8 obs=81 | cap=wip act=(320,360) d=2.76 a=1 | sp=som:active d=2.8 age=4 dtg=3.55 region=1_29
ep=142 s=81 4682ms [sel=3 cap=4560 rest=119] sg=2->2 mode=NONE win=8 obs=82 | cap=wip act=(320,360) d=2.51 a=1 | sp=som:active d=2.5 age=5 dtg=3.71 region=1_29
ep=142 s=82 3840ms [sel=3 cap=3714 rest=123] sg=2->2 mode=NONE win=8 obs=83 | cap=wip act=(320,360) d=2.27 a=1 | sp=som:active d=2.3 age=6 dtg=3.89 region=1_29
ep=142 s=83 5078ms [sel=3 cap=4943 rest=132] sg=2->2 mode=NONE win=8 obs=84 | cap=wip act=(320,360) d=2.02 a=1 | sp=som:active d=2.0 age=7 dtg=4.07 region=1_29
ep=142 s=84 6261ms [sel=1285 cap=4851 rest=126] sg=2->2 mode=NONE win=8 obs=85 | cap=wip act=(320,360) d=3.02 a=3 | sp=som:active d=3.0 age=0 som=5/8 dtg=4.07 region=1_29
ep=142 s=85 3974ms [sel=3 cap=3850 rest=121] sg=2->2 mode=NONE win=8 obs=86 | cap=wip act=(320,360) d=3.02 a=3 | sp=som:active d=3.0 age=1 dtg=4.07 region=1_29
ep=142 s=86 3963ms [sel=4 cap=3840 rest=119] sg=2->2 mode=NONE win=8 obs=87 | cap=wip act=(320,360) d=3.02 a=1 | sp=som:active d=3.0 age=2 dtg=4.32 region=1_29
ep=142 s=87 5143ms [sel=3 cap=5018 rest=122] sg=2->2 mode=NONE win=8 obs=88 | cap=wip act=(320,360) d=2.78 a=3 | sp=som:active d=2.8 age=3 dtg=4.32 region=1_29
ep=142 s=88 4566ms [sel=3 cap=4446 rest=116] sg=2->2 mode=NONE win=8 obs=89 | cap=wip act=(320,360) d=2.78 a=1 | sp=som:active d=2.8 age=4 dtg=4.56 region=1_29
ep=142 s=89 4579ms [sel=3 cap=4456 rest=120] sg=2->2 mode=NONE win=8 obs=90 | cap=wip act=(320,360) d=2.53 a=1 | sp=som:active d=2.5 age=5 dtg=4.81 region=1_29
ep=142 s=90 4906ms [sel=3 cap=4780 rest=123] sg=2->2 mode=NONE win=8 obs=91 | cap=wip act=(320,360) d=2.28 a=1 | sp=som:active d=2.3 age=6 dtg=5.06 region=1_29
ep=142 s=91 3947ms [sel=3 cap=3823 rest=121] sg=2->2 mode=NONE win=8 obs=92 | cap=wip act=(320,360) d=2.03 a=1 | sp=som:active d=2.0 age=7 dtg=5.31 region=1_29
ep=142 s=92 4669ms [sel=5 cap=4538 rest=126] sg=2->2 mode=NONE win=8 obs=93 | cap=wip act=(320,360) d=1.78 a=1 | sp=som:active d=1.8 age=8 dtg=5.56 region=1_29
ep=142 s=93 3860ms [sel=3 cap=3739 rest=118] sg=2->2 mode=NONE win=8 obs=94 | cap=wip act=(320,360) d=1.53 a=1 | sp=som:active d=1.5 age=9 dtg=5.81 region=1_29
ep=142 s=94 4813ms [sel=3 cap=4695 rest=115] sg=2->2 mode=NONE win=8 obs=95 | cap=wip act=(320,360) d=1.28 a=1 | sp=som:active d=1.3 age=10 dtg=6.06 region=1_29
ep=142 s=95 5548ms [sel=5 cap=5422 rest=121] sg=2->2 mode=NONE win=8 obs=96 | cap=wip act=(320,360) d=1.03 a=1 | sp=som:active d=1.0 age=11 dtg=6.31 region=1_29
ep=142 s=96 4259ms [sel=3 cap=4140 rest=117] sg=2->2 mode=NONE win=8 obs=97 | cap=wip act=(320,360) d=0.78 a=1 | sp=som:active d=0.8 age=12 dtg=6.56 region=1_29
ep=142 s=97 3073ms [sel=3 cap=2961 rest=109] sg=2->2 mode=NONE win=8 obs=98 | cap=wip act=(320,360) d=0.53 a=1 | sp=som:active d=0.5 age=13 dtg=6.81 region=1_29
ep=142 s=98 5552ms [sel=1121 cap=4325 rest=105] sg=2->2 mode=NONE win=8 obs=99 | cap=wip act=(320,360) d=3.09 a=1 | sp=som:active d=3.1 age=0 som=3/8 dtg=7.06 region=1_29
ep=142 s=99 2400ms [sel=3 cap=2286 rest=111] sg=2->2 mode=NONE win=8 obs=100 | cap=wip act=(320,360) d=2.84 a=1 | sp=som:active d=2.8 age=1 dtg=7.31 region=1_29
ep=142 s=100 3786ms [sel=4 cap=3668 rest=114] sg=2->2 mode=NONE win=8 obs=101 | cap=wip act=(320,360) d=2.59 a=1 | sp=som:active d=2.6 age=2 dtg=7.56 region=1_29
ep=142 s=101 3597ms [sel=4 cap=3483 rest=110] sg=2->2 mode=NONE win=8 obs=102 | cap=wip act=(320,360) d=2.34 a=1 | sp=som:active d=2.3 age=3 dtg=7.81 region=1_29
ep=142 s=102 3596ms [sel=3 cap=3478 rest=115] sg=2->2 mode=NONE win=8 obs=103 | cap=wip act=(320,360) d=2.09 a=1 | sp=som:active d=2.1 age=4 dtg=8.06 region=1_29
ep=142 s=103 3517ms [sel=3 cap=3394 rest=120] sg=2->2 mode=NONE win=8 obs=104 | cap=wip act=(320,360) d=1.84 a=1 | sp=som:active d=1.8 age=5 dtg=8.31 region=1_29
ep=142 s=104 4903ms [sel=3 cap=4782 rest=119] sg=2->2 mode=NONE win=8 obs=105 | cap=wip act=(320,360) d=1.60 a=3 | sp=som:active d=1.6 age=6 dtg=8.31 region=1_29
ep=142 s=105 5171ms [sel=3 cap=5047 rest=121] sg=2->2 mode=NONE win=8 obs=106 | cap=wip act=(320,360) d=1.60 a=1 | sp=som:active d=1.6 age=7 dtg=8.55 region=1_29
ep=142 s=106 5006ms [sel=3 cap=4886 rest=116] sg=2->2 mode=NONE win=8 obs=107 | cap=wip act=(320,360) d=1.35 a=1 | sp=som:active d=1.3 age=8 dtg=8.79 region=1_29
ep=142 s=107 6920ms [sel=3 cap=6799 rest=117] sg=2->2 mode=NONE win=8 obs=108 | cap=wip act=(320,360) d=1.10 a=1 | sp=som:active d=1.1 age=9 dtg=9.03 region=1_29
ep=142 s=108 2196ms [sel=3 cap=2074 rest=119] sg=2->2 mode=NONE win=8 obs=109 | cap=wip act=(320,360) d=0.85 a=1 | sp=som:active d=0.9 age=10 dtg=9.27 region=1_29
ep=142 s=109 3669ms [sel=3 cap=3551 rest=116] sg=2->2 mode=NONE win=8 obs=110 | cap=wip act=(320,360) d=0.61 a=2 | sp=som:active d=0.6 age=11 dtg=9.27 region=1_29
ep=142 s=110 3664ms [sel=3 cap=3547 rest=114] sg=2->2 mode=NONE win=8 obs=111 | cap=wip act=(320,360) d=0.61 a=1 | sp=som:active d=0.6 age=12 dtg=9.52 region=1_29
ep=142 s=111 7886ms [sel=1726 cap=6052 rest=109] sg=2->2 mode=NONE win=8 obs=112 | cap=wip act=(320,360) d=2.97 a=1 | sp=som:active d=3.0 age=0 som=3/8 dtg=9.77 region=1_29
ep=142 s=112 2879ms [sel=4 cap=2758 rest=118] sg=2->2 mode=NONE win=8 obs=113 | cap=wip act=(320,360) d=2.72 a=1 | sp=som:active d=2.7 age=1 dtg=10.02 region=1_29
ep=142 s=113 4395ms [sel=3 cap=4275 rest=117] sg=2->2 mode=NONE win=8 obs=114 | cap=wip act=(320,360) d=2.47 a=1 | sp=som:active d=2.5 age=2 dtg=10.27 region=1_29
ep=142 s=114 4073ms [sel=3 cap=3963 rest=107] sg=2->2 mode=NONE win=8 obs=115 | cap=wip act=(320,360) d=2.22 a=1 | sp=som:active d=2.2 age=3 dtg=10.52 region=1_29
ep=142 s=115 5207ms [sel=4 cap=5093 rest=111] sg=2->2 mode=NONE win=8 obs=116 | cap=wip act=(320,360) d=1.97 a=1 | sp=som:active d=2.0 age=4 dtg=10.77 region=1_29
ep=142 s=116 3254ms [sel=4 cap=3125 rest=125] sg=2->2 mode=NONE win=8 obs=117 | cap=wip act=(320,360) d=1.72 a=1 | sp=som:active d=1.7 age=5 dtg=11.02 region=1_29
ep=142 s=117 4159ms [sel=3 cap=4048 rest=109] sg=2->2 mode=NONE win=8 obs=118 | cap=wip act=(320,360) d=1.47 a=1 | sp=som:active d=1.5 age=6 dtg=11.27 region=1_29
ep=142 s=118 4613ms [sel=5 cap=4477 rest=132] sg=2->2 mode=NONE win=8 obs=119 | cap=wip act=(320,360) d=1.23 a=1 | sp=som:active d=1.2 age=7 dtg=11.52 region=1_29
ep=142 s=119 5294ms [sel=3 cap=5186 rest=106] sg=2->2 mode=NONE win=8 obs=120 | cap=wip act=(320,360) d=0.98 a=1 | sp=som:active d=1.0 age=8 dtg=11.77 region=1_29
ep=142 s=120 5529ms [sel=4 cap=5417 rest=108] sg=2->2 mode=NONE win=8 obs=121 | cap=wip act=(320,360) d=0.73 a=1 | sp=som:active d=0.7 age=9 dtg=12.02 region=1_29
ep=142 s=121 6694ms [sel=1003 cap=5580 rest=111] sg=2->2 mode=NONE win=8 obs=122 | cap=wip act=(320,360) d=2.94 a=1 | sp=som:active d=2.9 age=0 som=5/8 dtg=12.27 region=1_29
ep=142 s=122 6392ms [sel=4 cap=6271 rest=117] sg=2->2 mode=NONE win=8 obs=123 | cap=wip act=(320,360) d=2.70 a=3 | sp=som:active d=2.7 age=1 dtg=12.27 region=1_29
ep=142 s=123 4913ms [sel=4 cap=4794 rest=115] sg=2->2 mode=NONE win=8 obs=124 | cap=wip act=(320,360) d=2.70 a=1 | sp=som:active d=2.7 age=2 dtg=12.51 region=1_29
ep=142 s=124 4583ms [sel=5 cap=4462 rest=117] sg=2->2 mode=NONE win=8 obs=125 | cap=wip act=(320,360) d=2.45 a=1 | sp=som:active d=2.4 age=3 dtg=12.76 region=1_29
ep=142 s=125 4141ms [sel=4 cap=4020 rest=117] sg=2->2 mode=NONE win=8 obs=126 | cap=wip act=(320,360) d=2.20 a=1 | sp=som:active d=2.2 age=4 dtg=13.00 region=1_29
ep=142 s=126 4216ms [sel=4 cap=4098 rest=114] sg=2->2 mode=NONE win=8 obs=127 | cap=wip act=(320,360) d=1.95 a=1 | sp=som:active d=1.9 age=5 dtg=13.24 region=1_29
ep=142 s=127 3004ms [sel=4 cap=2890 rest=110] sg=2->2 mode=NONE win=8 obs=128 | cap=wip act=(320,360) d=1.70 a=1 | sp=som:active d=1.7 age=6 dtg=13.48 region=1_29
ep=142 s=128 4603ms [sel=4 cap=4490 rest=109] sg=2->2 mode=NONE win=8 obs=129 | cap=wip act=(320,360) d=1.45 a=2 | sp=som:active d=1.4 age=7 dtg=13.48 region=1_29
ep=142 s=129 3794ms [sel=3 cap=3671 rest=120] sg=2->2 mode=NONE win=8 obs=130 | cap=wip act=(320,360) d=1.45 a=1 | sp=som:active d=1.4 age=8 dtg=13.73 region=1_29
ep=142 s=130 4829ms [sel=4 cap=4705 rest=119] sg=2->2 mode=NONE win=8 obs=131 | cap=wip act=(320,360) d=1.21 a=1 | sp=som:active d=1.2 age=9 dtg=13.98 region=1_29
ep=142 s=131 4541ms [sel=645 cap=3781 rest=116] sg=2->2 mode=NONE win=8 obs=132 | cap=wip act=(320,360) d=3.02 a=1 | sp=som:active d=3.0 age=0 som=3/8 dtg=14.23 region=1_29
ep=142 s=132 5015ms [sel=4 cap=4898 rest=114] sg=2->2 mode=NONE win=8 obs=133 | cap=wip act=(320,360) d=2.78 a=2 | sp=som:active d=2.8 age=1 dtg=14.23 region=1_29
ep=142 s=133 4170ms [sel=4 cap=4044 rest=122] sg=2->2 mode=NONE win=8 obs=134 | cap=wip act=(320,360) d=2.78 a=1 | sp=som:active d=2.8 age=2 dtg=14.47 region=1_29
ep=142 s=134 4150ms [sel=4 cap=4026 rest=120] sg=2->2 mode=NONE win=8 obs=135 | cap=wip act=(320,360) d=2.53 a=1 | sp=som:active d=2.5 age=3 dtg=14.71 region=1_29
ep=142 s=135 4554ms [sel=4 cap=4430 rest=120] sg=2->2 mode=NONE win=8 obs=136 | cap=wip act=(320,360) d=2.28 a=1 | sp=som:active d=2.3 age=4 dtg=14.95 region=1_29
ep=142 s=136 4239ms [sel=3 cap=4119 rest=117] sg=2->2 mode=NONE win=8 obs=137 | cap=wip act=(320,360) d=2.04 a=1 | sp=som:active d=2.0 age=5 dtg=15.20 region=1_29
ep=142 s=137 5195ms [sel=3 cap=5075 rest=117] sg=2->2 mode=NONE win=8 obs=138 | cap=wip act=(320,360) d=1.79 a=1 | sp=som:active d=1.8 age=6 dtg=15.44 region=1_29
ep=142 s=138 4200ms [sel=3 cap=4078 rest=119] sg=2->2 mode=NONE win=8 obs=139 | cap=wip act=(320,360) d=1.54 a=1 | sp=som:active d=1.5 age=7 dtg=15.68 region=1_29
ep=142 s=139 3214ms [sel=3 cap=3097 rest=114] sg=2->2 mode=NONE win=8 obs=140 | cap=wip act=(320,360) d=1.29 a=1 | sp=som:active d=1.3 age=8 dtg=15.92 region=1_29
ep=142 s=140 4053ms [sel=4 cap=3935 rest=114] sg=2->2 mode=NONE win=8 obs=141 | cap=wip act=(320,360) d=1.04 a=1 | sp=som:active d=1.0 age=9 dtg=16.16 region=1_29
ep=142 s=141 4227ms [sel=4 cap=4113 rest=109] sg=2->2 mode=NONE win=8 obs=142 | cap=wip act=(320,360) d=0.79 a=1 | sp=som:active d=0.8 age=10 dtg=16.41 region=1_29
ep=142 s=142 3106ms [sel=4 cap=2994 rest=107] sg=2->2 mode=NONE win=8 obs=143 | cap=wip act=(320,360) d=0.55 a=1 | sp=som:active d=0.5 age=11 dtg=16.65 region=1_29
ep=142 s=143 5789ms [sel=2053 cap=3626 rest=110] sg=2->2 mode=NONE win=8 obs=144 | cap=wip act=(320,360) d=2.47 a=2 | sp=frontier:active d=2.5 age=0 som=1/8 dtg=16.65 region=1_29
ep=142 s=144 2009ms [sel=3 cap=1897 rest=108] sg=2->2 mode=NONE win=8 obs=145 | cap=wip act=(320,360) d=2.47 a=1 | sp=frontier:active d=2.5 age=1 dtg=16.87 region=1_29
ep=142 s=145 3867ms [sel=4 cap=3752 rest=112] sg=2->2 mode=NONE win=8 obs=146 | cap=wip act=(320,360) d=2.22 a=1 | sp=frontier:active d=2.2 age=2 dtg=17.11 region=1_29
ep=142 s=146 3492ms [sel=4 cap=3380 rest=108] sg=2->2 mode=NONE win=8 obs=147 | cap=wip act=(320,360) d=1.97 a=3 | sp=frontier:active d=2.0 age=3 dtg=17.11 region=1_29
ep=142 s=147 4104ms [sel=4 cap=3984 rest=117] sg=2->2 mode=NONE win=8 obs=148 | cap=wip act=(320,360) d=1.97 a=1 | sp=frontier:active d=2.0 age=4 dtg=17.36 region=1_29
ep=142 s=148 3892ms [sel=3 cap=3771 rest=118] sg=2->2 mode=NONE win=8 obs=149 | cap=wip act=(320,360) d=1.74 a=1 | sp=frontier:active d=1.7 age=5 dtg=17.61 region=1_29
ep=142 s=149 4291ms [sel=4 cap=4167 rest=121] sg=2->2 mode=NONE win=8 obs=150 | cap=wip act=(320,360) d=1.51 a=1 | sp=frontier:active d=1.5 age=6 dtg=17.86 region=1_29
ep=142 s=150 5450ms [sel=4 cap=5324 rest=122] sg=2->2 mode=NONE win=8 obs=151 | cap=wip act=(320,360) d=1.30 a=1 | sp=frontier:active d=1.3 age=7 dtg=18.11 region=1_29
ep=142 s=151 4060ms [sel=4 cap=3936 rest=120] sg=2->2 mode=NONE win=8 obs=152 | cap=wip act=(320,360) d=1.09 a=2 | sp=frontier:active d=1.1 age=8 dtg=18.11 region=1_29
ep=142 s=152 3225ms [sel=3 cap=3083 rest=140] sg=2->2 mode=NONE win=8 obs=153 | cap=wip act=(320,360) d=1.09 a=1 | sp=frontier:active d=1.1 age=9 dtg=18.35 region=1_29
ep=142 s=153 3972ms [sel=4 cap=3850 rest=117] sg=2->2 mode=NONE win=8 obs=154 | cap=wip act=(320,360) d=0.87 a=2 | sp=frontier:active d=0.9 age=10 dtg=18.35 region=1_29
ep=142 s=154 4023ms [sel=4 cap=3901 rest=117] sg=2->2 mode=NONE win=8 obs=155 | cap=wip act=(320,360) d=0.87 a=1 | sp=frontier:active d=0.9 age=11 dtg=18.57 region=1_29
ep=142 s=155 2650ms [sel=3 cap=2526 rest=121] sg=2->2 mode=NONE win=8 obs=156 | cap=wip act=(320,360) d=0.63 a=2 | sp=frontier:active d=0.6 age=12 dtg=18.57 region=1_29
ep=142 s=156 3369ms [sel=4 cap=3247 rest=119] sg=2->2 mode=NONE win=8 obs=157 | cap=wip act=(320,360) d=0.63 a=1 | sp=frontier:active d=0.6 age=13 dtg=18.77 region=1_29
ep=142 s=157 3070ms [sel=1061 cap=1889 rest=121] sg=2->2 mode=NONE win=8 obs=158 | cap=wip act=(320,360) d=2.40 a=2 | sp=som:active d=2.4 age=0 som=4/8 dtg=18.77 region=1_29
ep=142 s=158 4843ms [sel=4 cap=4714 rest=125] sg=2->2 mode=NONE win=8 obs=159 | cap=wip act=(320,360) d=2.40 a=1 | sp=som:active d=2.4 age=1 dtg=18.97 region=1_29
ep=142 s=159 7664ms [sel=4 cap=7533 rest=127] sg=2->2 mode=NONE win=8 obs=160 | cap=wip act=(320,360) d=2.16 a=1 | sp=som:active d=2.2 age=2 dtg=19.18 region=1_29
ep=142 s=160 5381ms [sel=5 cap=5249 rest=127] sg=2->2 mode=NONE win=8 obs=161 | cap=wip act=(320,360) d=1.91 a=1 | sp=som:active d=1.9 age=3 dtg=19.40 region=1_29
ep=142 s=161 7432ms [sel=3 cap=7301 rest=128] sg=2->2 mode=NONE win=8 obs=162 | cap=wip act=(320,360) d=1.66 a=1 | sp=som:active d=1.7 age=4 dtg=19.63 region=1_29
ep=142 s=162 3576ms [sel=4 cap=3447 rest=126] sg=2->2 mode=NONE win=8 obs=163 | cap=wip act=(320,360) d=1.41 a=2 | sp=som:active d=1.4 age=5 dtg=19.63 region=1_29
ep=142 s=163 3547ms [sel=4 cap=3416 rest=127] sg=2->2 mode=NONE win=8 obs=164 | cap=wip act=(320,360) d=1.41 a=1 | sp=som:active d=1.4 age=6 dtg=19.84 region=1_29
ep=142 s=164 4371ms [sel=4 cap=4236 rest=131] sg=2->2 mode=NONE win=8 obs=165 | cap=wip act=(320,360) d=1.16 a=1 | sp=som:active d=1.2 age=7 dtg=20.05 region=1_29
ep=142 s=165 5683ms [sel=897 cap=4654 rest=132] sg=2->3 mode=NONE win=8 obs=166 | cap=DONE act=(320,360) d=2.99 a=1 | sp=som:active d=3.0 age=0 som=4/7 dtg=20.28 region=1_29
ep=142 s=166 3911ms [sel=4 cap=3776 rest=131] sg=3->3 mode=NONE win=8 obs=167 | cap=wip act=(320,360) d=2.75 a=2 | sp=som:active d=2.8 age=1 dtg=20.28 region=1_29
ep=142 s=167 5734ms [sel=4 cap=5599 rest=131] sg=3->3 mode=NONE win=8 obs=168 | cap=wip act=(320,360) d=2.75 a=1 | sp=som:active d=2.8 age=2 dtg=20.47 region=1_29
ep=142 s=168 3804ms [sel=3 cap=3668 rest=133] sg=3->3 mode=NONE win=8 obs=169 | cap=wip act=(320,360) d=2.50 a=1 | sp=som:active d=2.5 age=3 dtg=20.68 region=1_26
ep=142 s=169 3263ms [sel=4 cap=3124 rest=136] sg=3->3 mode=NONE win=8 obs=170 | cap=wip act=(320,360) d=2.25 a=1 | sp=som:active d=2.3 age=4 dtg=20.89 region=1_26
ep=142 s=170 3930ms [sel=3 cap=3792 rest=135] sg=3->3 mode=NONE win=8 obs=171 | cap=wip act=(320,360) d=2.00 a=1 | sp=som:active d=2.0 age=5 dtg=21.11 region=1_26
ep=142 s=171 3997ms [sel=4 cap=3865 rest=128] sg=3->3 mode=NONE win=8 obs=172 | cap=wip act=(320,360) d=1.75 a=1 | sp=som:active d=1.8 age=6 dtg=21.33 region=1_26
ep=142 s=172 4467ms [sel=4 cap=4338 rest=125] sg=3->3 mode=NONE win=8 obs=173 | cap=wip act=(320,360) d=1.50 a=1 | sp=som:active d=1.5 age=7 dtg=21.55 region=1_26
ep=142 s=173 4018ms [sel=4 cap=3889 rest=125] sg=3->3 mode=NONE win=8 obs=174 | cap=wip act=(320,360) d=1.25 a=1 | sp=som:active d=1.3 age=8 dtg=21.78 region=1_26
ep=142 s=174 3561ms [sel=5 cap=3430 rest=125] sg=3->3 mode=NONE win=8 obs=175 | cap=wip act=(320,360) d=1.00 a=1 | sp=som:active d=1.0 age=9 dtg=22.01 region=1_26
ep=142 s=175 4811ms [sel=4 cap=4682 rest=125] sg=3->3 mode=NONE win=8 obs=176 | cap=wip act=(320,360) d=0.75 a=1 | sp=som:active d=0.8 age=10 dtg=22.25 region=1_26
ep=142 s=176 4603ms [sel=4 cap=4467 rest=132] sg=3->3 mode=NONE win=8 obs=177 | cap=wip act=(320,360) d=0.50 a=1 | sp=som:active d=0.5 age=11 dtg=22.48 region=1_26
ep=142 s=177 6836ms [sel=2442 cap=4266 rest=128] sg=3->3 mode=NONE win=8 obs=178 | cap=wip act=(320,360) d=2.48 a=2 | sp=som:active d=2.5 age=0 som=3/8 dtg=22.48 region=1_26
ep=142 s=178 4235ms [sel=3 cap=4109 rest=123] sg=3->3 mode=NONE win=8 obs=179 | cap=wip act=(320,360) d=2.48 a=2 | sp=som:active d=2.5 age=1 dtg=22.48 region=1_26
ep=142 s=179 4423ms [sel=4 cap=4295 rest=123] sg=3->3 mode=NONE win=8 obs=180 | cap=wip act=(320,360) d=2.48 a=1 | sp=som:active d=2.5 age=2 dtg=22.65 region=1_26
ep=142 s=180 4484ms [sel=3 cap=4356 rest=125] sg=3->3 mode=NONE win=8 obs=181 | cap=wip act=(320,360) d=2.28 a=1 | sp=som:active d=2.3 age=3 dtg=22.83 region=1_26
ep=142 s=181 4856ms [sel=7 cap=4729 rest=120] sg=3->3 mode=NONE win=8 obs=182 | cap=wip act=(320,360) d=2.09 a=1 | sp=som:active d=2.1 age=4 dtg=23.03 region=1_26
ep=142 s=182 5111ms [sel=28 cap=4957 rest=125] sg=3->3 mode=NONE win=8 obs=183 | cap=wip act=(320,360) d=1.91 a=1 | sp=som:active d=1.9 age=5 dtg=23.24 region=1_26
ep=142 s=183 5843ms [sel=32 cap=5691 rest=119] sg=3->3 mode=NONE win=8 obs=184 | cap=wip act=(320,360) d=1.74 a=3 | sp=som:active d=1.7 age=6 dtg=23.24 region=1_26
ep=142 s=184 4539ms [sel=23 cap=4398 rest=118] sg=3->3 mode=NONE win=8 obs=185 | cap=wip act=(320,360) d=1.74 a=1 | sp=som:active d=1.7 age=7 dtg=23.48 region=1_26
ep=142 s=185 5608ms [sel=27 cap=5459 rest=122] sg=3->3 mode=NONE win=8 obs=186 | cap=wip act=(320,360) d=1.55 a=3 | sp=som:active d=1.6 age=8 dtg=23.48 region=1_26
ep=142 s=186 5839ms [sel=22 cap=5701 rest=116] sg=3->3 mode=NONE win=8 obs=187 | cap=wip act=(320,360) d=1.55 a=3 | sp=som:active d=1.6 age=9 dtg=23.48 region=1_26
ep=142 s=187 3316ms [sel=23 cap=3179 rest=114] sg=3->3 mode=NONE win=8 obs=188 | cap=wip act=(320,360) d=1.55 a=1 | sp=som:active d=1.6 age=10 dtg=23.72 region=1_26
ep=142 s=188 2527ms [sel=27 cap=2389 rest=111] sg=3->3 mode=NONE win=8 obs=189 | cap=wip act=(320,360) d=1.31 a=3 | sp=som:active d=1.3 age=11 dtg=23.72 region=1_26
ep=142 s=189 3155ms [sel=24 cap=3009 rest=122] sg=3->3 mode=NONE win=8 obs=190 | cap=wip act=(320,360) d=1.31 a=1 | sp=som:active d=1.3 age=12 dtg=23.94 region=1_26
ep=142 s=190 3770ms [sel=7 cap=3640 rest=123] sg=3->3 mode=NONE win=8 obs=191 | cap=wip act=(320,360) d=1.06 a=1 | sp=som:active d=1.1 age=13 dtg=24.18 region=1_26
ep=142 s=191 4639ms [sel=4 cap=4514 rest=122] sg=3->3 mode=NONE win=8 obs=192 | cap=wip act=(320,360) d=0.81 a=1 | sp=som:active d=0.8 age=14 dtg=24.42 region=1_26
ep=142 s=192 4134ms [sel=4 cap=4006 rest=124] sg=3->3 mode=NONE win=8 obs=193 | cap=wip act=(320,360) d=0.56 a=1 | sp=som:active d=0.6 age=15 dtg=24.67 region=1_26
ep=142 s=193 6698ms [sel=2798 cap=3775 rest=125] sg=3->3 mode=NONE win=8 obs=194 | cap=wip act=(320,360) d=0.71 a=3 | sp=som:active d=0.7 age=0 som=1/5 dtg=24.67 region=1_26
ep=142 s=194 2644ms [sel=5 cap=2513 rest=125] sg=3->3 mode=NONE win=8 obs=195 | cap=wip act=(320,360) d=0.71 a=1 | sp=som:active d=0.7 age=1 dtg=24.90 region=1_26
ep=142 s=195 5321ms [sel=2051 cap=3141 rest=128] sg=3->3 mode=NONE win=8 obs=196 | cap=wip act=(320,360) d=0.68 a=3 | sp=som:active d=0.7 age=0 som=1/5 dtg=24.90 region=1_26
ep=142 s=196 2533ms [sel=4 cap=2400 rest=129] sg=3->3 mode=NONE win=8 obs=197 | cap=wip act=(320,360) d=0.68 a=1 | sp=som:active d=0.7 age=1 dtg=25.12 region=1_26
ep=142 s=197 3260ms [sel=1067 cap=2076 rest=117] sg=3->3 mode=NONE win=8 obs=198 | cap=wip act=(320,360) d=2.14 a=3 | sp=frontier:active d=2.1 age=0 som=1/5 dtg=25.12 region=1_26
ep=142 s=198 2509ms [sel=5 cap=2385 rest=119] sg=3->3 mode=NONE win=8 obs=199 | cap=wip act=(320,360) d=2.14 a=3 | sp=frontier:active d=2.1 age=1 dtg=25.12 region=1_26
ep=142 s=199 8678ms [sel=4 cap=8556 rest=118] sg=3->3 mode=NONE win=8 obs=200 | cap=wip act=(320,360) d=2.14 a=1 | sp=frontier:active d=2.1 age=2 dtg=25.28 region=1_26
ep=142 s=200 3995ms [sel=4 cap=3874 rest=117] sg=3->3 mode=NONE win=8 obs=201 | cap=wip act=(320,360) d=1.92 a=3 | sp=frontier:active d=1.9 age=3 dtg=25.28 region=1_26
ep=142 s=201 3984ms [sel=7 cap=3860 rest=118] sg=3->3 mode=NONE win=8 obs=202 | cap=wip act=(320,360) d=1.92 a=1 | sp=frontier:active d=1.9 age=4 dtg=25.41 region=1_26
ep=142 s=202 6548ms [sel=3 cap=6424 rest=121] sg=3->3 mode=NONE win=8 obs=203 | cap=wip act=(320,360) d=1.69 a=1 | sp=frontier:active d=1.7 age=5 dtg=25.58 region=1_26
ep=142 s=203 6872ms [sel=3 cap=6740 rest=129] sg=3->3 mode=NONE win=8 obs=204 | cap=wip act=(320,360) d=1.45 a=3 | sp=frontier:active d=1.5 age=6 dtg=25.58 region=1_26
ep=142 s=204 7324ms [sel=4 cap=7183 rest=137] sg=3->3 mode=NONE win=8 obs=205 | cap=wip act=(320,360) d=1.45 a=1 | sp=frontier:active d=1.5 age=7 dtg=25.72 region=1_26
ep=142 s=205 5613ms [sel=4 cap=5473 rest=136] sg=3->3 mode=NONE win=8 obs=206 | cap=wip act=(320,360) d=1.21 a=1 | sp=frontier:active d=1.2 age=8 dtg=25.88 region=1_26
ep=142 s=206 6735ms [sel=3 cap=6596 rest=137] sg=3->3 mode=NONE win=8 obs=207 | cap=wip act=(320,360) d=0.96 a=1 | sp=frontier:active d=1.0 age=9 dtg=26.07 region=1_26
ep=142 s=207 6993ms [sel=4 cap=6852 rest=137] sg=3->3 mode=NONE win=8 obs=208 | cap=wip act=(320,360) d=0.72 a=1 | sp=frontier:active d=0.7 age=10 dtg=25.47 region=1_26
ep=142 s=208 4178ms [sel=1278 cap=2773 rest=127] sg=3->3 mode=NONE win=8 obs=209 | cap=wip act=(320,360) d=3.53 a=3 | sp=frontier:active d=3.5 age=0 som=1/5 dtg=25.47 region=1_26
ep=142 s=209 4027ms [sel=70 cap=3823 rest=134] sg=3->3 mode=NONE win=8 obs=210 | cap=wip act=(320,360) d=3.53 a=3 | sp=frontier:active d=3.5 age=1 dtg=25.47 region=1_26
ep=142 s=210 7242ms [sel=1731 cap=5380 rest=131] sg=3->3 mode=NONE win=8 obs=211 | cap=wip act=(320,360) d=0.99 a=1 | sp=som:active d=1.0 age=0 som=2/6 dtg=25.23 region=1_26
ep=142 s=211 4123ms [sel=4 cap=3987 rest=133] sg=3->3 mode=NONE win=8 obs=212 | cap=wip act=(320,360) d=0.74 a=1 | sp=som:active d=0.7 age=1 dtg=24.99 region=1_26
ep=142 s=212 4975ms [sel=3 cap=4834 rest=138] sg=3->3 mode=NONE win=8 obs=213 | cap=wip act=(320,360) d=0.50 a=3 | sp=som:active d=0.5 age=2 dtg=24.99 region=1_26
ep=142 s=213 5009ms [sel=3 cap=4875 rest=131] sg=3->3 mode=NONE win=8 obs=214 | cap=wip act=(320,360) d=0.50 a=1 | sp=som:active d=0.5 age=3 dtg=24.76 region=1_26
ep=142 s=214 6448ms [sel=2182 cap=4135 rest=132] sg=3->3 mode=NONE win=8 obs=215 | cap=wip act=(320,360) d=2.91 a=3 | sp=som:active d=2.9 age=0 som=5/6 dtg=24.76 region=1_26
ep=142 s=215 6423ms [sel=48 cap=6244 rest=130] sg=3->3 mode=NONE win=8 obs=216 | cap=wip act=(320,360) d=2.91 a=3 | sp=som:active d=2.9 age=1 dtg=24.76 region=1_26
ep=142 s=216 2852ms [sel=44 cap=2678 rest=131] sg=3->3 mode=NONE win=8 obs=217 | cap=wip act=(320,360) d=2.91 a=3 | sp=som:active d=2.9 age=2 dtg=24.76 region=1_26
ep=142 s=217 3511ms [sel=41 cap=3344 rest=126] sg=3->3 mode=NONE win=8 obs=218 | cap=wip act=(320,360) d=2.91 a=3 | sp=som:active d=2.9 age=3 dtg=24.76 region=1_26
ep=142 s=218 4117ms [sel=36 cap=3954 rest=127] sg=3->3 mode=NONE win=8 obs=219 | cap=wip act=(320,360) d=2.91 a=3 | sp=som:active d=2.9 age=4 dtg=24.76 region=1_26
ep=142 s=219 3187ms [sel=31 cap=3024 rest=132] sg=3->3 mode=NONE win=8 obs=220 | cap=wip act=(320,360) d=2.91 a=3 | sp=som:active d=2.9 age=5 dtg=24.76 region=1_26
ep=142 s=220 3371ms [sel=30 cap=3214 rest=127] sg=3->3 mode=NONE win=8 obs=221 | cap=wip act=(320,360) d=2.91 a=3 | sp=som:active d=2.9 age=6 dtg=24.76 region=1_26
ep=142 s=221 3997ms [sel=29 cap=3838 rest=129] sg=3->3 mode=NONE win=8 obs=222 | cap=wip act=(320,360) d=2.91 a=3 | sp=som:active d=2.9 age=7 dtg=24.76 region=1_26
ep=142 s=222 5924ms [sel=25 cap=5776 rest=123] sg=3->3 mode=NONE win=8 obs=223 | cap=wip act=(320,360) d=2.91 a=3 | sp=som:active d=2.9 age=8 dtg=24.76 region=1_26
ep=142 s=223 3387ms [sel=29 cap=3233 rest=125] sg=3->3 mode=NONE win=8 obs=224 | cap=wip act=(320,360) d=2.91 a=3 | sp=som:active d=2.9 age=9 dtg=24.76 region=1_26
ep=142 s=224 7177ms [sel=29 cap=7020 rest=128] sg=3->3 mode=NONE win=8 obs=225 | cap=wip act=(320,360) d=2.91 a=3 | sp=som:active d=2.9 age=10 dtg=24.76 region=1_26
ep=142 s=225 14804ms [sel=36 cap=14638 rest=129] sg=3->3 mode=NONE win=8 obs=226 | cap=wip act=(320,360) d=2.91 a=1 | sp=som:active d=2.9 age=11 dtg=24.98 region=1_26
ep=142 s=226 15414ms [sel=38 cap=15244 rest=132] sg=3->3 mode=NONE win=8 obs=227 | cap=wip act=(320,360) d=3.02 a=1 | sp=som:active d=3.0 age=12 dtg=25.23 region=1_26
ep=142 s=227 17680ms [sel=38 cap=17522 rest=121] sg=3->3 mode=NONE win=8 obs=228 | cap=wip act=(320,360) d=3.15 a=2 | sp=som:active d=3.2 age=13 dtg=25.23 region=1_26
ep=142 s=228 14477ms [sel=35 cap=14327 rest=116] sg=3->3 mode=NONE win=8 obs=229 | cap=wip act=(320,360) d=3.15 a=1 | sp=som:active d=3.2 age=14 dtg=26.18 region=1_26
ep=142 s=229 18189ms [sel=36 cap=18030 rest=123] sg=3->3 mode=NONE win=8 obs=230 | cap=wip act=(320,360) d=3.24 a=2 | sp=som:active d=3.2 age=15 dtg=26.18 region=1_26
ep=142 s=230 8342ms [sel=28 cap=8194 rest=121] sg=3->3 mode=NONE win=8 obs=231 | cap=wip act=(320,360) d=3.24 a=1 | sp=som:active d=3.2 age=16 dtg=25.96 region=1_26
ep=142 s=231 7234ms [sel=28 cap=7083 rest=122] sg=3->3 mode=NONE win=8 obs=232 | cap=wip act=(320,360) d=3.28 a=1 | sp=som:active d=3.3 age=17 dtg=25.75 region=1_26
ep=142 s=232 2859ms [sel=34 cap=2703 rest=122] sg=3->3 mode=NONE win=8 obs=233 | cap=wip act=(320,360) d=3.34 a=2 | sp=som:active d=3.3 age=18 dtg=25.75 region=1_26
ep=142 s=233 2769ms [sel=25 cap=2619 rest=124] sg=3->3 mode=NONE win=8 obs=234 | cap=wip act=(320,360) d=3.34 a=1 | sp=som:active d=3.3 age=19 dtg=25.54 region=1_26
ep=142 s=234 7926ms [sel=3188 cap=4610 rest=128] sg=3->3 mode=NONE win=8 obs=235 | cap=wip act=(320,360) d=2.83 a=2 | sp=som:active d=2.8 age=0 som=5/7 dtg=25.54 region=1_26
ep=142 s=235 1961ms [sel=9 cap=1819 rest=133] sg=3->3 mode=NONE win=8 obs=236 | cap=wip act=(320,360) d=2.83 a=1 | sp=som:active d=2.8 age=1 dtg=25.31 region=1_26
ep=142 s=236 4284ms [sel=1553 cap=2600 rest=132] sg=3->3 mode=NONE win=8 obs=237 | cap=wip act=(320,360) d=2.73 a=2 | sp=som:active d=2.7 age=0 som=3/7 dtg=25.31 region=1_26
ep=142 s=237 3770ms [sel=9 cap=3630 rest=130] sg=3->3 mode=NONE win=8 obs=238 | cap=wip act=(320,360) d=2.73 a=1 | sp=som:active d=2.7 age=1 dtg=25.07 region=1_26
ep=142 s=238 5448ms [sel=9 cap=5309 rest=130] sg=3->3 mode=NONE win=8 obs=239 | cap=wip act=(320,360) d=2.49 a=1 | sp=som:active d=2.5 age=2 dtg=24.82 region=1_26
ep=142 s=239 10127ms [sel=9 cap=9989 rest=129] sg=3->3 mode=NONE win=8 obs=240 | cap=wip act=(320,360) d=2.24 a=1 | sp=som:active d=2.2 age=3 dtg=24.59 region=1_26
ep=142 s=240 5715ms [sel=8 cap=5580 rest=127] sg=3->3 mode=NONE win=8 obs=241 | cap=wip act=(320,360) d=1.99 a=1 | sp=som:active d=2.0 age=4 dtg=24.37 region=1_26
ep=142 s=241 6870ms [sel=43 cap=6306 rest=484] sg=3->3 mode=NONE win=8 obs=242 | cap=wip act=(160,180) d=3.53 a=2 | preview=view1/6 yaw=-90 render=37ms | sp=preview:active d=3.5 age=0 dtg=24.37 region=1_26
ep=142 s=242 9652ms [sel=26 cap=9499 rest=127] sg=3->3 mode=NONE win=8 obs=243 | cap=wip act=(320,360) d=3.53 a=1 | sp=preview:active d=3.5 age=1 dtg=24.16 region=1_26
ep=142 s=243 5335ms [sel=24 cap=5189 rest=122] sg=3->3 mode=NONE win=8 obs=244 | cap=wip act=(320,360) d=3.39 a=2 | sp=preview:active d=3.4 age=2 dtg=24.16 region=1_26
ep=142 s=244 3444ms [sel=17 cap=3305 rest=123] sg=3->3 mode=NONE win=8 obs=245 | cap=wip act=(320,360) d=3.39 a=1 | sp=preview:active d=3.4 age=3 dtg=23.95 region=1_26
ep=142 s=245 6539ms [sel=18 cap=6393 rest=128] sg=3->3 mode=NONE win=8 obs=246 | cap=wip act=(320,360) d=3.21 a=1 | sp=preview:active d=3.2 age=4 dtg=23.78 region=1_26
ep=142 s=246 3741ms [sel=19 cap=3589 rest=133] sg=3->3 mode=NONE win=8 obs=247 | cap=wip act=(320,360) d=3.05 a=2 | sp=preview:active d=3.0 age=5 dtg=23.78 region=1_26
ep=142 s=247 4597ms [sel=4 cap=4470 rest=123] sg=3->3 mode=NONE win=8 obs=248 | cap=wip act=(320,360) d=3.05 a=2 | sp=preview:active d=3.0 age=6 dtg=23.78 region=1_26
ep=142 s=248 3747ms [sel=5 cap=3614 rest=128] sg=3->3 mode=NONE win=8 obs=249 | cap=wip act=(320,360) d=3.05 a=1 | sp=preview:active d=3.0 age=7 dtg=23.54 region=1_26
ep=142 s=249 3581ms [sel=4 cap=3450 rest=127] sg=3->3 mode=NONE win=8 obs=250 | cap=wip act=(320,360) d=2.81 a=1 | sp=preview:active d=2.8 age=8 dtg=23.30 region=1_26
ep=142 s=250 4452ms [sel=4 cap=4327 rest=121] sg=3->3 mode=NONE win=8 obs=251 | cap=wip act=(320,360) d=2.58 a=2 | sp=preview:active d=2.6 age=9 dtg=23.30 region=1_26
ep=142 s=251 3206ms [sel=4 cap=3080 rest=122] sg=3->3 mode=NONE win=8 obs=252 | cap=wip act=(320,360) d=2.58 a=1 | sp=preview:active d=2.6 age=10 dtg=23.06 region=1_26
ep=142 s=252 4806ms [sel=4 cap=4679 rest=123] sg=3->3 mode=NONE win=8 obs=253 | cap=wip act=(320,360) d=2.33 a=1 | sp=preview:active d=2.3 age=11 dtg=22.81 region=1_26
ep=142 s=253 3406ms [sel=4 cap=3278 rest=123] sg=3->3 mode=NONE win=8 obs=254 | cap=wip act=(320,360) d=2.09 a=2 | sp=preview:active d=2.1 age=12 dtg=22.81 region=1_26
ep=142 s=254 4002ms [sel=4 cap=3870 rest=128] sg=3->3 mode=NONE win=8 obs=255 | cap=wip act=(320,360) d=2.09 a=1 | sp=preview:active d=2.1 age=13 dtg=22.56 region=1_26
ep=142 s=255 6104ms [sel=25 cap=5522 rest=517] sg=3->3 mode=NONE win=8 obs=256 | cap=wip act=(160,180) d=1.29 a=3 | preview=view0/6 yaw=-180 render=40ms | sp=preview:active d=1.3 age=0 dtg=22.56 region=1_26
ep=142 s=256 3870ms [sel=13 cap=3729 rest=128] sg=3->3 mode=NONE win=8 obs=257 | cap=wip act=(320,360) d=1.29 a=3 | sp=preview:active d=1.3 age=1 dtg=22.56 region=1_26
ep=142 s=257 3051ms [sel=12 cap=2914 rest=125] sg=3->3 mode=NONE win=8 obs=258 | cap=wip act=(320,360) d=1.29 a=3 | sp=preview:active d=1.3 age=2 dtg=22.56 region=1_26
ep=142 s=258 3833ms [sel=12 cap=3680 rest=141] sg=3->3 mode=NONE win=8 obs=259 | cap=wip act=(320,360) d=1.29 a=3 | sp=preview:active d=1.3 age=3 dtg=22.56 region=1_26
ep=142 s=259 3393ms [sel=12 cap=3245 rest=136] sg=3->3 mode=NONE win=8 obs=260 | cap=wip act=(320,360) d=1.29 a=3 | sp=preview:active d=1.3 age=4 dtg=22.56 region=1_26
ep=142 s=260 8411ms [sel=12 cap=8281 rest=118] sg=3->3 mode=NONE win=8 obs=261 | cap=wip act=(320,360) d=1.29 a=3 | sp=preview:active d=1.3 age=5 dtg=22.56 region=1_26
ep=142 s=261 3014ms [sel=12 cap=2883 rest=119] sg=3->3 mode=NONE win=8 obs=262 | cap=wip act=(320,360) d=1.29 a=3 | sp=preview:active d=1.3 age=6 dtg=22.56 region=1_26
ep=142 s=262 3732ms [sel=13 cap=3600 rest=119] sg=3->3 mode=NONE win=8 obs=263 | cap=wip act=(320,360) d=1.29 a=3 | sp=preview:active d=1.3 age=7 dtg=22.56 region=1_26
ep=142 s=263 6180ms [sel=5 cap=6064 rest=112] sg=3->3 mode=NONE win=8 obs=264 | cap=wip act=(320,360) d=1.29 a=3 | sp=preview:active d=1.3 age=8 dtg=22.56 region=1_26
ep=142 s=264 2446ms [sel=3 cap=2319 rest=124] sg=3->3 mode=NONE win=8 obs=265 | cap=wip act=(320,360) d=1.29 a=3 | sp=preview:active d=1.3 age=9 dtg=22.56 region=1_26
ep=142 s=265 3195ms [sel=4 cap=3057 rest=134] sg=3->3 mode=NONE win=8 obs=266 | cap=wip act=(320,360) d=1.29 a=1 | sp=preview:active d=1.3 age=10 dtg=22.77 region=1_26
ep=142 s=266 3158ms [sel=3 cap=3035 rest=120] sg=3->3 mode=NONE win=8 obs=267 | cap=wip act=(320,360) d=1.04 a=1 | sp=preview:active d=1.0 age=11 dtg=22.98 region=1_26
ep=142 s=267 4206ms [sel=3 cap=4078 rest=125] sg=3->3 mode=NONE win=8 obs=268 | cap=wip act=(320,360) d=0.79 a=1 | sp=preview:active d=0.8 age=12 dtg=23.21 region=1_26
ep=142 s=268 3277ms [sel=4 cap=3152 rest=121] sg=3->3 mode=NONE win=8 obs=269 | cap=wip act=(320,360) d=0.54 a=1 | sp=preview:active d=0.5 age=13 dtg=23.44 region=1_26
ep=142 s=269 3865ms [sel=1750 cap=1992 rest=123] sg=3->3 mode=NONE win=8 obs=270 | cap=wip act=TURN request=+45deg execute=+15deg x1 a=3 | sp=preview:reached d=0.3 age=14 ovr=3 door_evts=2 som=3/8 dtg=23.44 region=1_26
ep=142 s=270 4010ms [sel=0 cap=3896 rest=115] sg=3->3 mode=NONE win=8 obs=271 | cap=wip act=TURN request=+45deg execute=+15deg x1 a=3 | sp=- ovr=3 door_evts=2 dtg=23.44 region=1_26
ep=142 s=271 4581ms [sel=0 cap=4455 rest=126] sg=3->3 mode=NONE win=8 obs=272 | cap=wip act=TURN request=+45deg execute=+15deg x1 a=3 | sp=- ovr=3 door_evts=2 dtg=23.44 region=1_26
ep=142 s=272 3644ms [sel=0 cap=3517 rest=127] sg=3->3 mode=NONE win=8 obs=273 | cap=wip act=TURN request=+45deg execute=+15deg x1 a=3 | sp=- ovr=3 door_evts=2 dtg=23.44 region=1_26
ep=142 s=273 3539ms [sel=0 cap=3407 rest=132] sg=3->3 mode=NONE win=8 obs=274 | cap=wip act=TURN request=+45deg execute=+15deg x1 a=3 | sp=- ovr=3 door_evts=2 dtg=23.44 region=1_26
ep=142 s=274 4693ms [sel=0 cap=4567 rest=126] sg=3->3 mode=NONE win=8 obs=275 | cap=wip act=TURN request=+45deg execute=+15deg x1 a=3 | sp=- ovr=3 door_evts=2 dtg=23.44 region=1_26
ep=142 s=275 3190ms [sel=0 cap=3065 rest=125] sg=3->3 mode=NONE win=8 obs=276 | cap=wip act=TURN request=+45deg execute=+15deg x1 a=3 | sp=- ovr=3 door_evts=2 dtg=23.44 region=1_26
ep=142 s=276 7686ms [sel=2593 cap=4960 rest=133] sg=3->3 mode=NONE win=8 obs=277 | cap=wip act=(320,360) d=3.10 a=1 | sp=som:active d=3.1 age=0 som=2/8 dtg=23.48 region=1_26
ep=142 s=277 3547ms [sel=12 cap=3400 rest=136] sg=3->3 mode=NONE win=8 obs=278 | cap=wip act=(320,360) d=2.85 a=1 | sp=som:active d=2.9 age=1 dtg=23.55 region=1_26
ep=142 s=278 5295ms [sel=12 cap=5152 rest=132] sg=3->3 mode=NONE win=8 obs=279 | cap=wip act=(320,360) d=2.61 a=1 | sp=som:active d=2.6 age=2 dtg=23.64 region=1_26
ep=142 s=279 8242ms [sel=11 cap=8088 rest=143] sg=3->3 mode=NONE win=8 obs=280 | cap=wip act=(320,360) d=2.36 a=2 | sp=som:active d=2.4 age=3 dtg=23.64 region=1_26
ep=142 s=280 4064ms [sel=11 cap=3918 rest=135] sg=3->3 mode=NONE win=8 obs=281 | cap=wip act=(320,360) d=2.36 a=1 | sp=som:active d=2.4 age=4 dtg=23.81 region=1_26
ep=142 s=281 3568ms [sel=6 cap=3430 rest=131] sg=3->3 mode=NONE win=8 obs=282 | cap=wip act=(320,360) d=2.12 a=2 | sp=som:active d=2.1 age=5 dtg=23.81 region=1_26
ep=142 s=282 4614ms [sel=7 cap=4482 rest=126] sg=3->3 mode=NONE win=8 obs=283 | cap=wip act=(320,360) d=2.12 a=1 | sp=som:active d=2.1 age=6 dtg=24.03 region=1_26
ep=142 s=283 4355ms [sel=6 cap=4191 rest=158] sg=3->3 mode=NONE win=8 obs=284 | cap=wip act=(320,360) d=1.93 a=3 | sp=som:active d=1.9 age=7 dtg=24.03 region=1_26
ep=142 s=284 4050ms [sel=4 cap=3892 rest=153] sg=3->3 mode=NONE win=8 obs=285 | cap=wip act=(320,360) d=1.93 a=1 | sp=som:active d=1.9 age=8 dtg=24.23 region=1_26
ep=142 s=285 3633ms [sel=4 cap=3503 rest=126] sg=3->3 mode=NONE win=8 obs=286 | cap=wip act=(320,360) d=1.71 a=3 | sp=som:active d=1.7 age=9 dtg=24.23 region=1_26
ep=142 s=286 3737ms [sel=4 cap=3607 rest=126] sg=3->3 mode=NONE win=8 obs=287 | cap=wip act=(320,360) d=1.71 a=1 | sp=som:active d=1.7 age=10 dtg=24.43 region=1_26
ep=142 s=287 5913ms [sel=4 cap=5785 rest=123] sg=3->3 mode=NONE win=8 obs=288 | cap=wip act=(320,360) d=1.47 a=1 | sp=som:active d=1.5 age=11 dtg=24.66 region=1_26
ep=142 s=288 4303ms [sel=5 cap=4176 rest=123] sg=3->3 mode=NONE win=8 obs=289 | cap=wip act=(320,360) d=1.24 a=1 | sp=som:active d=1.2 age=12 dtg=24.90 region=1_26
ep=142 s=289 3731ms [sel=5 cap=3611 rest=115] sg=3->3 mode=NONE win=8 obs=290 | cap=wip act=(320,360) d=1.01 a=3 | sp=som:active d=1.0 age=13 dtg=24.90 region=1_26
ep=142 s=290 4082ms [sel=3 cap=3954 rest=125] sg=3->3 mode=NONE win=8 obs=291 | cap=wip act=(320,360) d=1.01 a=1 | sp=som:active d=1.0 age=14 dtg=25.13 region=1_26
ep=142 s=291 3824ms [sel=3 cap=3695 rest=126] sg=3->3 mode=NONE win=8 obs=292 | cap=wip act=(320,360) d=0.77 a=3 | sp=som:active d=0.8 age=15 dtg=25.13 region=1_26
ep=142 s=292 3379ms [sel=4 cap=3254 rest=122] sg=3->3 mode=NONE win=8 obs=293 | cap=wip act=(320,360) d=0.77 a=1 | sp=som:active d=0.8 age=16 dtg=25.34 region=1_26
ep=142 s=293 2240ms [sel=4 cap=2106 rest=131] sg=3->3 mode=NONE win=8 obs=294 | cap=wip act=(320,360) d=0.52 a=1 | sp=som:active d=0.5 age=17 dtg=25.56 region=1_26
ep=142 s=294 4454ms [sel=608 cap=3709 rest=137] sg=3->3 mode=NONE win=8 obs=295 | cap=wip act=(320,360) d=0.62 a=1 | sp=som:active d=0.6 age=0 som=1/6 dtg=25.79 region=1_26
ep=142 s=295 5162ms [sel=1475 cap=3555 rest=132] sg=3->3 mode=NONE win=8 obs=296 | cap=wip act=(333,359) d=1.72 a=1 | sp=straight_ahead:active d=1.1 age=0 som=1/6 dtg=26.02 region=1_26
ep=142 s=296 3841ms [sel=5 cap=3689 rest=147] sg=3->3 mode=NONE win=8 obs=297 | cap=wip act=(320,360) d=0.84 a=3 | sp=straight_ahead:active d=0.8 age=1 dtg=26.02 region=1_26
ep=142 s=297 3824ms [sel=4 cap=3678 rest=143] sg=3->3 mode=NONE win=8 obs=298 | cap=wip act=(320,360) d=0.84 a=3 | sp=straight_ahead:active d=0.8 age=2 dtg=26.02 region=1_26
ep=142 s=298 2477ms [sel=3 cap=2334 rest=140] sg=3->3 mode=NONE win=8 obs=299 | cap=wip act=(320,360) d=0.84 a=1 | sp=straight_ahead:active d=0.8 age=3 dtg=26.20 region=1_26
ep=142 s=299 2026ms [sel=4 cap=1885 rest=136] sg=3->3 mode=NONE win=8 obs=300 | cap=wip act=(320,360) d=0.59 a=1 | sp=straight_ahead:active d=0.6 age=4 dtg=25.57 region=1_26
ep=142 s=300 3447ms [sel=1038 cap=2271 rest=138] sg=3->3 mode=NONE win=8 obs=301 | cap=wip act=(320,360) d=6.19 a=3 | sp=frontier:active d=6.2 age=0 som=1/6 dtg=25.57 region=1_26
ep=142 s=301 2516ms [sel=65 cap=2310 rest=141] sg=3->3 mode=NONE win=8 obs=302 | cap=wip act=(320,360) d=6.19 a=3 | sp=frontier:active d=6.2 age=1 dtg=25.57 region=1_26
ep=142 s=302 2623ms [sel=66 cap=2397 rest=161] sg=3->3 mode=NONE win=8 obs=303 | cap=wip act=(320,360) d=6.19 a=3 | sp=frontier:active d=6.2 age=2 dtg=25.57 region=1_26
ep=142 s=303 2862ms [sel=66 cap=2663 rest=133] sg=3->3 mode=NONE win=8 obs=304 | cap=wip act=(320,360) d=6.19 a=3 | sp=frontier:active d=6.2 age=3 dtg=25.57 region=1_26
ep=142 s=304 5052ms [sel=56 cap=4866 rest=130] sg=3->3 mode=NONE win=8 obs=305 | cap=wip act=(320,360) d=6.19 a=3 | sp=frontier:active d=6.2 age=4 dtg=25.57 region=1_26
ep=142 s=305 2082ms [sel=52 cap=1899 rest=132] sg=3->3 mode=NONE win=8 obs=306 | cap=wip act=(320,360) d=6.19 a=3 | sp=frontier:active d=6.2 age=5 dtg=25.57 region=1_26
ep=142 s=306 4744ms [sel=43 cap=4565 rest=136] sg=3->3 mode=NONE win=8 obs=307 | cap=wip act=(320,360) d=6.19 a=3 | sp=frontier:active d=6.2 age=6 dtg=25.57 region=1_26
ep=142 s=307 5489ms [sel=31 cap=5332 rest=126] sg=3->3 mode=NONE win=8 obs=308 | cap=wip act=(320,360) d=6.19 a=3 | sp=frontier:active d=6.2 age=7 dtg=25.57 region=1_26
ep=142 s=308 3726ms [sel=22 cap=3575 rest=129] sg=3->3 mode=NONE win=8 obs=309 | cap=wip act=(320,360) d=6.19 a=3 | sp=frontier:active d=6.2 age=8 dtg=25.57 region=1_26
ep=142 s=309 4418ms [sel=23 cap=4262 rest=133] sg=3->3 mode=NONE win=8 obs=310 | cap=wip act=(320,360) d=6.19 a=1 | sp=frontier:active d=6.2 age=9 dtg=26.15 region=1_26
ep=142 s=310 2659ms [sel=30 cap=2495 rest=135] sg=3->3 mode=NONE win=8 obs=311 | cap=wip act=(320,360) d=5.97 a=3 | sp=frontier:active d=6.0 age=10 dtg=26.15 region=1_26
ep=142 s=311 3254ms [sel=35 cap=3081 rest=137] sg=3->3 mode=NONE win=8 obs=312 | cap=wip act=(320,360) d=5.97 a=1 | sp=frontier:active d=6.0 age=11 dtg=25.90 region=1_26
ep=142 s=312 5565ms [sel=36 cap=5395 rest=133] sg=3->3 mode=NONE win=8 obs=313 | cap=wip act=(320,360) d=5.80 a=3 | sp=frontier:active d=5.8 age=12 dtg=25.90 region=1_26
ep=142 s=313 5421ms [sel=43 cap=5252 rest=126] sg=3->3 mode=NONE win=8 obs=314 | cap=wip act=(320,360) d=5.80 a=1 | sp=frontier:active d=5.8 age=13 dtg=25.66 region=1_26
ep=142 s=314 4615ms [sel=44 cap=4444 rest=127] sg=3->3 mode=NONE win=8 obs=315 | cap=wip act=(320,360) d=5.69 a=1 | sp=frontier:active d=5.7 age=14 dtg=25.45 region=1_26
ep=142 s=315 4196ms [sel=56 cap=4003 rest=137] sg=3->3 mode=NONE win=8 obs=316 | cap=wip act=(320,360) d=5.59 a=2 | sp=frontier:active d=5.6 age=15 dtg=25.45 region=1_26
ep=142 s=316 3968ms [sel=42 cap=3791 rest=135] sg=3->3 mode=NONE win=8 obs=317 | cap=wip act=(320,360) d=5.59 a=1 | sp=frontier:active d=5.6 age=16 dtg=25.22 region=1_26
ep=142 s=317 4549ms [sel=41 cap=4373 rest=135] sg=3->3 mode=NONE win=8 obs=318 | cap=wip act=(320,360) d=5.44 a=2 | sp=frontier:active d=5.4 age=17 dtg=25.22 region=1_26
ep=142 s=318 3584ms [sel=40 cap=3414 rest=129] sg=3->3 mode=NONE win=8 obs=319 | cap=wip act=(320,360) d=5.44 a=1 | sp=frontier:active d=5.4 age=18 dtg=24.97 region=1_26
ep=142 s=319 7879ms [sel=37 cap=7703 rest=139] sg=3->3 mode=NONE win=8 obs=320 | cap=wip act=(320,360) d=5.25 a=1 | sp=frontier:active d=5.3 age=19 dtg=24.73 region=1_26
ep=142 s=320 4776ms [sel=36 cap=4610 rest=130] sg=3->3 mode=NONE win=8 obs=321 | cap=wip act=(320,360) d=5.07 a=1 | sp=frontier:active d=5.1 age=20 dtg=24.49 region=1_26
ep=142 s=321 6330ms [sel=2093 cap=4110 rest=127] sg=3->3 mode=NONE win=8 obs=322 | cap=wip act=(320,360) d=2.32 a=1 | sp=som:active d=2.3 age=0 som=1/7 dtg=24.28 region=1_26
ep=142 s=322 6649ms [sel=8 cap=6519 rest=123] sg=3->3 mode=NONE win=8 obs=323 | cap=wip act=(320,360) d=2.08 a=2 | sp=som:active d=2.1 age=1 dtg=24.28 region=1_26
ep=142 s=323 7270ms [sel=11 cap=7134 rest=125] sg=3->3 mode=NONE win=8 obs=324 | cap=wip act=(320,360) d=2.08 a=1 | sp=som:active d=2.1 age=2 dtg=24.09 region=1_26
ep=142 s=324 7000ms [sel=7 cap=6866 rest=127] sg=3->3 mode=NONE win=8 obs=325 | cap=wip act=(320,360) d=1.83 a=1 | sp=som:active d=1.8 age=3 dtg=23.95 region=1_26
ep=142 s=325 4872ms [sel=38 cap=4303 rest=492] sg=3->3 mode=NONE win=8 obs=326 | cap=wip act=(160,180) d=3.40 a=2 | preview=view2/6 yaw=-45 render=39ms | sp=preview:active d=3.4 age=0 dtg=23.95 region=1_26
ep=142 s=326 3938ms [sel=20 cap=3791 rest=127] sg=3->3 mode=NONE win=8 obs=327 | cap=wip act=(320,360) d=3.40 a=2 | sp=preview:active d=3.4 age=1 dtg=23.95 region=1_26
ep=142 s=327 4183ms [sel=8 cap=4050 rest=126] sg=3->3 mode=NONE win=8 obs=328 | cap=wip act=(320,360) d=3.40 a=1 | sp=preview:active d=3.4 age=2 dtg=23.73 region=1_26
ep=142 s=328 1920ms [sel=4 cap=1791 rest=125] sg=3->3 mode=NONE win=8 obs=329 | cap=wip act=(320,360) d=3.20 a=1 | sp=preview:active d=3.2 age=3 dtg=23.53 region=1_26
ep=142 s=329 3309ms [sel=12 cap=3168 rest=130] sg=3->3 mode=NONE win=8 obs=330 | cap=wip act=(320,360) d=2.99 a=2 | sp=preview:active d=3.0 age=4 dtg=23.53 region=1_26
ep=142 s=330 2880ms [sel=4 cap=2752 rest=124] sg=3->3 mode=NONE win=8 obs=331 | cap=wip act=(320,360) d=2.99 a=2 | sp=preview:active d=3.0 age=5 dtg=23.53 region=1_26
ep=142 s=331 3835ms [sel=4 cap=3710 rest=121] sg=3->3 mode=NONE win=8 obs=332 | cap=wip act=(320,360) d=2.99 a=1 | sp=preview:active d=3.0 age=6 dtg=23.28 region=1_26
ep=142 s=332 1723ms [sel=4 cap=1593 rest=126] sg=3->3 mode=NONE win=8 obs=333 | cap=wip act=(320,360) d=2.75 a=1 | sp=preview:active d=2.7 age=7 dtg=23.04 region=1_26
ep=142 s=333 3233ms [sel=4 cap=3107 rest=122] sg=3->3 mode=NONE win=8 obs=334 | cap=wip act=(320,360) d=2.50 a=1 | sp=preview:active d=2.5 age=8 dtg=22.79 region=1_26
ep=142 s=334 3243ms [sel=4 cap=3111 rest=128] sg=3->3 mode=NONE win=8 obs=335 | cap=wip act=(320,360) d=2.25 a=2 | sp=preview:active d=2.3 age=9 dtg=22.79 region=1_26
ep=142 s=335 6277ms [sel=4 cap=6143 rest=130] sg=3->3 mode=NONE win=8 obs=336 | cap=wip act=(320,360) d=2.25 a=1 | sp=preview:active d=2.3 age=10 dtg=22.54 region=1_26
ep=142 s=336 4130ms [sel=4 cap=4005 rest=121] sg=3->3 mode=NONE win=8 obs=337 | cap=wip act=(320,360) d=2.00 a=1 | sp=preview:active d=2.0 age=11 dtg=22.29 region=1_26
ep=142 s=337 2805ms [sel=3 cap=2680 rest=122] sg=3->3 mode=NONE win=8 obs=338 | cap=wip act=(320,360) d=1.75 a=1 | sp=preview:active d=1.8 age=12 dtg=22.04 region=1_26
ep=142 s=338 3044ms [sel=3 cap=2914 rest=126] sg=3->3 mode=NONE win=8 obs=339 | cap=wip act=(320,360) d=1.51 a=1 | sp=preview:active d=1.5 age=13 dtg=21.80 region=1_26
ep=142 s=339 3292ms [sel=4 cap=3151 rest=138] sg=3->3 mode=NONE win=8 obs=340 | cap=wip act=(320,360) d=1.26 a=2 | sp=preview:active d=1.3 age=14 dtg=21.80 region=1_26
ep=142 s=340 2755ms [sel=5 cap=2621 rest=129] sg=3->3 mode=NONE win=8 obs=341 | cap=wip act=(320,360) d=1.26 a=1 | sp=preview:active d=1.3 age=15 dtg=21.61 region=1_26
ep=142 s=341 6229ms [sel=1463 cap=4640 rest=126] sg=3->3 mode=NONE win=8 obs=342 | cap=wip act=(320,360) d=3.02 a=3 | sp=som:active d=3.0 age=0 som=5/8 dtg=21.61 region=1_26
ep=142 s=342 6822ms [sel=7 cap=6686 rest=128] sg=3->3 mode=NONE win=8 obs=343 | cap=wip act=(320,360) d=3.02 a=1 | sp=som:active d=3.0 age=1 dtg=21.40 region=1_26
ep=142 s=343 3886ms [sel=4 cap=3755 rest=127] sg=3->3 mode=NONE win=8 obs=344 | cap=wip act=(320,360) d=2.79 a=3 | sp=som:active d=2.8 age=2 dtg=21.40 region=1_26
ep=142 s=344 4236ms [sel=3 cap=4103 rest=130] sg=3->3 mode=NONE win=8 obs=345 | cap=wip act=(320,360) d=2.79 a=1 | sp=som:active d=2.8 age=3 dtg=21.16 region=1_26
ep=142 s=345 6093ms [sel=4 cap=5965 rest=124] sg=3->3 mode=NONE win=8 obs=346 | cap=wip act=(320,360) d=2.55 a=3 | sp=som:active d=2.5 age=4 dtg=21.16 region=1_26
ep=142 s=346 5414ms [sel=3 cap=5282 rest=129] sg=3->3 mode=NONE win=8 obs=347 | cap=wip act=(320,360) d=2.55 a=1 | sp=som:active d=2.5 age=5 dtg=20.92 region=1_26
ep=142 s=347 4194ms [sel=3 cap=4065 rest=125] sg=3->3 mode=NONE win=8 obs=348 | cap=wip act=(320,360) d=2.30 a=1 | sp=som:active d=2.3 age=6 dtg=20.67 region=1_26
ep=142 s=348 5007ms [sel=4 cap=4883 rest=120] sg=3->3 mode=NONE win=8 obs=349 | cap=wip act=(320,360) d=2.05 a=1 | sp=som:active d=2.0 age=7 dtg=20.42 region=1_29
ep=142 s=349 2992ms [sel=3 cap=2872 rest=117] sg=3->3 mode=NONE win=8 obs=350 | cap=wip act=(320,360) d=1.80 a=1 | sp=som:active d=1.8 age=8 dtg=20.17 region=1_29
ep=142 s=350 9351ms [sel=4 cap=9224 rest=124] sg=3->3 mode=NONE win=8 obs=351 | cap=wip act=(320,360) d=1.55 a=1 | sp=som:active d=1.6 age=9 dtg=19.93 region=1_29
ep=142 s=351 12726ms [sel=19 cap=12147 rest=524] sg=3->3 mode=NONE win=8 obs=352 | cap=wip act=(160,180) d=3.39 a=1 | preview=view3/6 yaw=+0 render=36ms | sp=preview:active d=3.4 age=0 dtg=19.68 region=1_29
ep=142 s=352 3655ms [sel=3 cap=3531 rest=122] sg=3->3 mode=NONE win=8 obs=353 | cap=wip act=(320,360) d=3.14 a=1 | sp=preview:active d=3.1 age=1 dtg=19.44 region=1_29
ep=142 s=353 3707ms [sel=3 cap=3577 rest=127] sg=3->3 mode=NONE win=8 obs=354 | cap=wip act=(320,360) d=2.90 a=1 | sp=preview:active d=2.9 age=2 dtg=19.20 region=1_29
ep=142 s=354 4298ms [sel=4 cap=4172 rest=122] sg=3->3 mode=NONE win=8 obs=355 | cap=wip act=(320,360) d=2.65 a=1 | sp=preview:active d=2.6 age=3 dtg=18.96 region=1_29
ep=142 s=355 3766ms [sel=3 cap=3641 rest=122] sg=3->3 mode=NONE win=8 obs=356 | cap=wip act=(320,360) d=2.40 a=1 | sp=preview:active d=2.4 age=4 dtg=18.73 region=1_29
ep=142 s=356 6236ms [sel=3 cap=6108 rest=125] sg=3->3 mode=NONE win=8 obs=357 | cap=wip act=(320,360) d=2.15 a=1 | sp=preview:active d=2.1 age=5 dtg=18.53 region=1_29
ep=142 s=357 2947ms [sel=4 cap=2822 rest=121] sg=3->3 mode=NONE win=8 obs=358 | cap=wip act=(320,360) d=1.90 a=1 | sp=preview:active d=1.9 age=6 dtg=18.36 region=1_29
ep=142 s=358 3124ms [sel=4 cap=3002 rest=119] sg=3->3 mode=NONE win=8 obs=359 | cap=wip act=(320,360) d=1.65 a=1 | sp=preview:active d=1.6 age=7 dtg=18.27 region=1_29
ep=142 s=359 5269ms [sel=4 cap=5152 rest=114] sg=3->3 mode=NONE win=8 obs=360 | cap=wip act=(320,360) d=1.40 a=1 | sp=preview:active d=1.4 age=8 dtg=18.22 region=1_29
ep=142 s=360 4562ms [sel=3 cap=4450 rest=109] sg=3->3 mode=NONE win=8 obs=361 | cap=wip act=(320,360) d=1.15 a=1 | sp=preview:active d=1.2 age=9 dtg=18.20 region=1_29
ep=142 s=361 4941ms [sel=3 cap=4822 rest=115] sg=3->3 mode=NONE win=8 obs=362 | cap=wip act=(320,360) d=0.91 a=1 | sp=preview:active d=0.9 age=10 dtg=18.19 region=1_29
ep=142 s=362 5483ms [sel=3 cap=5344 rest=136] sg=3->3 mode=NONE win=8 obs=363 | cap=wip act=(320,360) d=0.67 a=1 | sp=preview:active d=0.7 age=11 dtg=18.19 region=1_29
ep=142 s=363 7071ms [sel=1061 cap=5906 rest=104] sg=3->3 mode=NONE win=8 obs=364 | cap=wip act=(320,360) d=3.01 a=2 | sp=som:active d=3.0 age=0 som=4/8 dtg=18.19 region=1_29
ep=142 s=364 3194ms [sel=3 cap=3082 rest=109] sg=3->3 mode=NONE win=8 obs=365 | cap=wip act=(320,360) d=3.01 a=1 | sp=som:active d=3.0 age=1 dtg=18.26 region=1_29
ep=142 s=365 4149ms [sel=3 cap=4038 rest=108] sg=3->3 mode=NONE win=8 obs=366 | cap=wip act=(320,360) d=2.77 a=1 | sp=som:active d=2.8 age=2 dtg=18.51 region=1_29
ep=142 s=366 4584ms [sel=3 cap=4477 rest=104] sg=3->3 mode=NONE win=8 obs=367 | cap=wip act=(320,360) d=2.52 a=1 | sp=som:active d=2.5 age=3 dtg=18.55 region=1_29
ep=142 s=367 6848ms [sel=3 cap=6742 rest=103] sg=3->3 mode=NONE win=8 obs=368 | cap=wip act=(320,360) d=2.27 a=1 | sp=som:active d=2.3 age=4 dtg=18.49 region=1_29
ep=142 s=368 5101ms [sel=3 cap=4990 rest=108] sg=3->3 mode=NONE win=8 obs=369 | cap=wip act=(320,360) d=2.03 a=1 | sp=som:active d=2.0 age=5 dtg=18.61 region=None
ep=142 s=369 3856ms [sel=3 cap=3745 rest=108] sg=3->3 mode=NONE win=8 obs=370 | cap=wip act=(320,360) d=1.78 a=3 | sp=som:active d=1.8 age=6 dtg=18.61 region=None
ep=142 s=370 2054ms [sel=3 cap=1946 rest=106] sg=3->3 mode=NONE win=8 obs=371 | cap=wip act=(320,360) d=1.78 a=1 | sp=som:active d=1.8 age=7 dtg=18.79 region=1_27
ep=142 s=371 2140ms [sel=3 cap=2027 rest=110] sg=3->3 mode=NONE win=8 obs=372 | cap=wip act=(320,360) d=1.53 a=1 | sp=som:active d=1.5 age=8 dtg=19.01 region=1_27
ep=142 s=372 4858ms [sel=3 cap=4724 rest=131] sg=3->3 mode=NONE win=8 obs=373 | cap=wip act=(320,360) d=1.28 a=1 | sp=som:active d=1.3 age=9 dtg=19.24 region=1_27
ep=142 s=373 2001ms [sel=3 cap=1884 rest=115] sg=3->3 mode=NONE win=8 obs=374 | cap=wip act=(320,360) d=1.03 a=1 | sp=som:active d=1.0 age=10 dtg=19.48 region=1_27
ep=142 s=374 7372ms [sel=945 cap=6321 rest=106] sg=3->3 mode=NONE win=8 obs=375 | cap=wip act=(320,360) d=2.98 a=1 | sp=som:active d=3.0 age=0 som=3/8 dtg=19.72 region=1_27
ep=142 s=375 6495ms [sel=3 cap=6385 rest=107] sg=3->3 mode=NONE win=8 obs=376 | cap=wip act=(320,360) d=2.73 a=1 | sp=som:active d=2.7 age=1 dtg=19.97 region=1_27
ep=142 s=376 1906ms [sel=3 cap=1791 rest=112] sg=3->3 mode=NONE win=8 obs=377 | cap=wip act=(320,360) d=2.48 a=1 | sp=som:active d=2.5 age=2 dtg=20.21 region=1_27
ep=142 s=377 2700ms [sel=3 cap=2583 rest=114] sg=3->3 mode=NONE win=8 obs=378 | cap=wip act=(320,360) d=2.24 a=1 | sp=som:active d=2.2 age=3 dtg=20.46 region=1_27
ep=142 s=378 5264ms [sel=3 cap=5154 rest=107] sg=3->3 mode=NONE win=8 obs=379 | cap=wip act=(320,360) d=1.99 a=1 | sp=som:active d=2.0 age=4 dtg=20.71 region=1_27
ep=142 s=379 4532ms [sel=3 cap=4422 rest=108] sg=3->3 mode=NONE win=8 obs=380 | cap=wip act=(320,360) d=1.74 a=1 | sp=som:active d=1.7 age=5 dtg=20.95 region=1_17
ep=142 s=380 4833ms [sel=3 cap=4725 rest=105] sg=3->3 mode=NONE win=8 obs=381 | cap=wip act=(320,360) d=1.49 a=1 | sp=som:active d=1.5 age=6 dtg=21.20 region=1_17
ep=142 s=381 2269ms [sel=4 cap=2152 rest=113] sg=3->3 mode=NONE win=8 obs=382 | cap=wip act=(320,360) d=1.24 a=1 | sp=som:active d=1.2 age=7 dtg=21.45 region=1_17
ep=142 s=382 5097ms [sel=4 cap=4979 rest=115] sg=3->3 mode=NONE win=8 obs=383 | cap=wip act=(320,360) d=0.99 a=1 | sp=som:active d=1.0 age=8 dtg=21.70 region=1_17
ep=142 s=383 5186ms [sel=4 cap=5070 rest=112] sg=3->3 mode=NONE win=8 obs=384 | cap=wip act=(320,360) d=0.74 a=1 | sp=som:active d=0.7 age=9 dtg=21.95 region=1_17
ep=142 s=384 9386ms [sel=3303 cap=5968 rest=115] sg=3->3 mode=NONE win=8 obs=385 | cap=wip act=(320,360) d=3.00 a=1 | sp=som:active d=3.0 age=0 som=4/8 dtg=22.20 region=1_17
ep=142 s=385 5233ms [sel=3 cap=5115 rest=114] sg=3->3 mode=NONE win=8 obs=386 | cap=wip act=(320,360) d=2.75 a=3 | sp=som:active d=2.8 age=1 dtg=22.20 region=1_17
ep=142 s=386 4621ms [sel=3 cap=4503 rest=115] sg=3->3 mode=NONE win=8 obs=387 | cap=wip act=(320,360) d=2.75 a=1 | sp=som:active d=2.8 age=2 dtg=22.44 region=1_17
ep=142 s=387 3402ms [sel=3 cap=3289 rest=110] sg=3->3 mode=NONE win=8 obs=388 | cap=wip act=(320,360) d=2.50 a=1 | sp=som:active d=2.5 age=3 dtg=22.67 region=1_17
ep=142 s=388 2955ms [sel=5 cap=2840 rest=109] sg=3->3 mode=NONE win=8 obs=389 | cap=wip act=(320,360) d=2.26 a=1 | sp=som:active d=2.3 age=4 dtg=22.91 region=1_17
ep=142 s=389 5454ms [sel=4 cap=5343 rest=107] sg=3->3 mode=NONE win=8 obs=390 | cap=wip act=(320,360) d=2.01 a=1 | sp=som:active d=2.0 age=5 dtg=23.15 region=1_17
ep=142 s=390 3428ms [sel=5 cap=3298 rest=124] sg=3->3 mode=NONE win=8 obs=391 | cap=wip act=(320,360) d=1.77 a=1 | sp=som:active d=1.8 age=6 dtg=23.39 region=1_17
ep=142 s=391 7158ms [sel=4 cap=7035 rest=119] sg=3->3 mode=NONE win=8 obs=392 | cap=wip act=(320,360) d=1.52 a=1 | sp=som:active d=1.5 age=7 dtg=23.63 region=1_17
ep=142 s=392 2855ms [sel=4 cap=2739 rest=112] sg=3->3 mode=NONE win=8 obs=393 | cap=wip act=(320,360) d=1.28 a=2 | sp=som:active d=1.3 age=8 dtg=23.63 region=1_17
ep=142 s=393 6577ms [sel=4 cap=6462 rest=111] sg=3->3 mode=NONE win=8 obs=394 | cap=wip act=(320,360) d=1.28 a=1 | sp=som:active d=1.3 age=9 dtg=23.88 region=1_17
ep=142 s=394 4307ms [sel=4 cap=4189 rest=115] sg=3->3 mode=NONE win=8 obs=395 | cap=wip act=(320,360) d=1.03 a=1 | sp=som:active d=1.0 age=10 dtg=24.13 region=1_17
ep=142 s=395 4296ms [sel=3 cap=4156 rest=137] sg=3->3 mode=NONE win=8 obs=396 | cap=wip act=(320,360) d=0.78 a=1 | sp=som:active d=0.8 age=11 dtg=24.38 region=1_17
ep=142 s=396 2612ms [sel=4 cap=2498 rest=111] sg=3->3 mode=NONE win=8 obs=397 | cap=wip act=(320,360) d=0.54 a=1 | sp=som:active d=0.5 age=12 dtg=24.63 region=1_17
ep=142 s=397 6924ms [sel=744 cap=6081 rest=99] sg=3->3 mode=NONE win=8 obs=398 | cap=wip act=(320,360) d=2.98 a=1 | sp=som:active d=3.0 age=0 som=4/8 dtg=24.88 region=1_17
ep=142 s=398 3547ms [sel=4 cap=3443 rest=100] sg=3->3 mode=NONE win=8 obs=399 | cap=wip act=(320,360) d=2.73 a=1 | sp=som:active d=2.7 age=1 dtg=25.13 region=1_17
ep=142 s=399 5154ms [sel=4 cap=5041 rest=109] sg=3->3 mode=NONE win=8 obs=400 | cap=wip act=(320,360) d=2.48 a=1 | sp=som:active d=2.5 age=2 dtg=25.38 region=1_17
ep=142 s=400 2434ms [sel=3 cap=2313 rest=118] sg=3->3 mode=NONE win=8 obs=401 | cap=wip act=(320,360) d=2.23 a=1 | sp=som:active d=2.2 age=3 dtg=25.63 region=1_17
ep=142 s=401 3747ms [sel=4 cap=3622 rest=121] sg=3->3 mode=NONE win=8 obs=402 | cap=wip act=(320,360) d=1.98 a=1 | sp=som:active d=2.0 age=4 dtg=25.88 region=1_17
ep=142 s=402 4820ms [sel=4 cap=4700 rest=116] sg=3->3 mode=NONE win=8 obs=403 | cap=wip act=(320,360) d=1.73 a=1 | sp=som:active d=1.7 age=5 dtg=26.13 region=1_17
ep=142 s=403 4737ms [sel=3 cap=4621 rest=113] sg=3->3 mode=NONE win=8 obs=404 | cap=wip act=(320,360) d=1.48 a=1 | sp=som:active d=1.5 age=6 dtg=26.38 region=1_17
ep=142 s=404 3992ms [sel=3 cap=3877 rest=112] sg=3->3 mode=NONE win=8 obs=405 | cap=wip act=(320,360) d=1.23 a=1 | sp=som:active d=1.2 age=7 dtg=26.63 region=1_17
ep=142 s=405 3813ms [sel=4 cap=3699 rest=109] sg=3->3 mode=NONE win=8 obs=406 | cap=wip act=(320,360) d=0.98 a=1 | sp=som:active d=1.0 age=8 dtg=26.88 region=1_17
ep=142 s=406 4433ms [sel=4 cap=4317 rest=112] sg=3->3 mode=NONE win=8 obs=407 | cap=wip act=(320,360) d=0.73 a=1 | sp=som:active d=0.7 age=9 dtg=27.13 region=1_16
ep=142 s=407 9579ms [sel=1262 cap=8202 rest=115] sg=3->3 mode=NONE win=8 obs=408 | cap=wip act=(320,360) d=0.58 a=1 | sp=som:active d=0.6 age=0 som=3/6 dtg=27.38 region=1_16
ep=142 s=408 7583ms [sel=1490 cap=5976 rest=116] sg=3->3 mode=NONE win=8 obs=409 | cap=wip act=(320,360) d=1.54 a=2 | sp=som:active d=1.5 age=0 som=1/5 dtg=27.38 region=1_16
ep=142 s=409 8563ms [sel=10 cap=8435 rest=118] sg=3->3 mode=NONE win=8 obs=410 | cap=wip act=(320,360) d=1.54 a=2 | sp=som:active d=1.5 age=1 dtg=27.38 region=1_16
ep=142 s=410 3506ms [sel=5 cap=3375 rest=126] sg=3->3 mode=NONE win=8 obs=411 | cap=wip act=(320,360) d=1.54 a=2 | sp=som:active d=1.5 age=2 dtg=27.38 region=1_16
ep=142 s=411 5713ms [sel=3 cap=5578 rest=132] sg=3->3 mode=NONE win=8 obs=412 | cap=wip act=(320,360) d=1.54 a=1 | sp=som:active d=1.5 age=3 dtg=27.56 region=1_16
ep=142 s=412 3285ms [sel=5 cap=3153 rest=128] sg=3->3 mode=NONE win=8 obs=413 | cap=wip act=(320,360) d=1.30 a=2 | sp=som:active d=1.3 age=4 dtg=27.56 region=1_16
ep=142 s=413 4895ms [sel=4 cap=4761 rest=129] sg=3->3 mode=NONE win=8 obs=414 | cap=wip act=(320,360) d=1.30 a=1 | sp=som:active d=1.3 age=5 dtg=27.69 region=1_16
ep=142 s=414 2507ms [sel=4 cap=2379 rest=124] sg=3->3 mode=NONE win=8 obs=415 | cap=wip act=(320,360) d=1.05 a=1 | sp=som:active d=1.1 age=6 dtg=27.83 region=1_16
ep=142 s=415 5835ms [sel=4 cap=5713 rest=117] sg=3->3 mode=NONE win=8 obs=416 | cap=wip act=(320,360) d=0.81 a=2 | sp=som:active d=0.8 age=7 dtg=27.83 region=1_16
ep=142 s=416 3314ms [sel=3 cap=3199 rest=112] sg=3->3 mode=NONE win=8 obs=417 | cap=wip act=(320,360) d=0.81 a=1 | sp=som:active d=0.8 age=8 dtg=27.91 region=1_16
ep=142 s=417 3595ms [sel=3 cap=3477 rest=115] sg=3->3 mode=NONE win=8 obs=418 | cap=wip act=(320,360) d=0.56 a=1 | sp=som:active d=0.6 age=9 dtg=27.99 region=1_16
ep=142 s=418 4239ms [sel=2024 cap=2094 rest=121] sg=3->3 mode=NONE win=8 obs=419 | cap=wip act=(320,360) d=2.99 a=2 | sp=som:active d=3.0 age=0 som=5/7 dtg=27.99 region=1_16
ep=142 s=419 3061ms [sel=3 cap=2939 rest=119] sg=3->3 mode=NONE win=8 obs=420 | cap=wip act=(320,360) d=2.99 a=1 | sp=som:active d=3.0 age=1 dtg=28.03 region=1_16
ep=142 s=420 3673ms [sel=4 cap=3535 rest=134] sg=3->3 mode=NONE win=8 obs=421 | cap=wip act=(320,360) d=2.75 a=3 | sp=som:active d=2.8 age=2 dtg=28.03 region=1_16
ep=142 s=421 2415ms [sel=4 cap=2293 rest=118] sg=3->3 mode=NONE win=8 obs=422 | cap=wip act=(320,360) d=2.75 a=1 | sp=som:active d=2.8 age=3 dtg=28.14 region=1_16
ep=142 s=422 3177ms [sel=5 cap=3045 rest=127] sg=3->3 mode=NONE win=8 obs=423 | cap=wip act=(320,360) d=2.51 a=1 | sp=som:active d=2.5 age=4 dtg=28.28 region=1_16
ep=142 s=423 5219ms [sel=4 cap=5076 rest=139] sg=3->3 mode=NONE win=8 obs=424 | cap=wip act=(320,360) d=2.26 a=1 | sp=som:active d=2.3 age=5 dtg=28.48 region=1_16
ep=142 s=424 11220ms [sel=3750 cap=7327 rest=142] sg=3->3 mode=NONE win=8 obs=425 | cap=wip act=(320,360) d=3.02 a=1 | sp=som:active d=3.0 age=0 som=5/7 dtg=28.70 region=1_16
ep=142 s=425 7564ms [sel=3 cap=7418 rest=143] sg=3->3 mode=NONE win=8 obs=426 | cap=wip act=(320,360) d=2.78 a=1 | sp=som:active d=2.8 age=1 dtg=28.94 region=1_16
ep=142 s=426 4161ms [sel=3 cap=4020 rest=138] sg=3->3 mode=NONE win=8 obs=427 | cap=wip act=(320,360) d=2.54 a=2 | sp=som:active d=2.5 age=2 dtg=28.94 region=1_16
ep=142 s=427 2090ms [sel=3 cap=1956 rest=131] sg=3->3 mode=NONE win=8 obs=428 | cap=wip act=(320,360) d=2.54 a=1 | sp=som:active d=2.5 age=3 dtg=29.16 region=1_16
ep=142 s=428 4801ms [sel=4 cap=4661 rest=136] sg=3->3 mode=NONE win=8 obs=429 | cap=wip act=(320,360) d=2.32 a=1 | sp=som:active d=2.3 age=4 dtg=29.39 region=1_16
ep=142 s=429 5655ms [sel=4 cap=5525 rest=126] sg=3->3 mode=NONE win=8 obs=430 | cap=wip act=(320,360) d=2.12 a=3 | sp=som:active d=2.1 age=5 dtg=29.39 region=1_16
ep=142 s=430 5505ms [sel=4 cap=5373 rest=128] sg=3->3 mode=NONE win=8 obs=431 | cap=wip act=(320,360) d=2.12 a=1 | sp=som:active d=2.1 age=6 dtg=29.64 region=1_16
ep=142 s=431 8010ms [sel=4 cap=7872 rest=134] sg=3->3 mode=NONE win=8 obs=432 | cap=wip act=(320,360) d=1.88 a=3 | sp=som:active d=1.9 age=7 dtg=29.64 region=1_16
ep=142 s=432 4918ms [sel=4 cap=4777 rest=137] sg=3->3 mode=NONE win=8 obs=433 | cap=wip act=(320,360) d=1.88 a=1 | sp=som:active d=1.9 age=8 dtg=29.88 region=1_16
ep=142 s=433 4464ms [sel=4 cap=4335 rest=125] sg=3->3 mode=NONE win=8 obs=434 | cap=wip act=(320,360) d=1.64 a=3 | sp=som:active d=1.6 age=9 dtg=29.88 region=1_16
ep=142 s=434 5888ms [sel=3 cap=5756 rest=128] sg=3->3 mode=NONE win=8 obs=435 | cap=wip act=(320,360) d=1.64 a=1 | sp=som:active d=1.6 age=10 dtg=30.11 region=1_16
ep=142 s=435 3451ms [sel=3 cap=3321 rest=128] sg=3->3 mode=NONE win=8 obs=436 | cap=wip act=(320,360) d=1.39 a=1 | sp=som:active d=1.4 age=11 dtg=30.35 region=1_16
ep=142 s=436 4050ms [sel=4 cap=3919 rest=127] sg=3->3 mode=NONE win=8 obs=437 | cap=wip act=(320,360) d=1.14 a=1 | sp=som:active d=1.1 age=12 dtg=30.59 region=1_16
ep=142 s=437 3209ms [sel=4 cap=3078 rest=127] sg=3->3 mode=NONE win=8 obs=438 | cap=wip act=(320,360) d=0.89 a=1 | sp=som:active d=0.9 age=13 dtg=30.83 region=1_4
ep=142 s=438 4299ms [sel=4 cap=4163 rest=133] sg=3->3 mode=NONE win=8 obs=439 | cap=wip act=(320,360) d=0.65 a=1 | sp=som:active d=0.6 age=14 dtg=31.07 region=1_4
ep=142 s=439 8045ms [sel=1205 cap=6713 rest=128] sg=3->3 mode=NONE win=8 obs=440 | cap=wip act=(320,360) d=1.59 a=1 | sp=som:active d=1.6 age=0 som=3/8 dtg=31.32 region=1_4
ep=142 s=440 9669ms [sel=2494 cap=7045 rest=131] sg=3->4 mode=NONE win=8 obs=441 | cap=DONE act=(320,360) d=3.05 a=2 | sp=frontier:active d=3.0 age=0 som=B/8 dtg=31.32 region=1_4
ep=142 s=441 5661ms [sel=26 cap=5513 rest=122] sg=4->4 mode=NONE win=8 obs=442 | cap=wip act=(320,360) d=3.05 a=2 | sp=frontier:active d=3.0 age=1 dtg=31.32 region=1_4
ep=142 s=442 14666ms [sel=29 cap=14069 rest=532] sg=4->4 mode=NONE win=8 obs=443 | cap=wip act=(320,360) d=3.05 a=2 | preview=view-/6 yaw=+0 render=37ms | sp=frontier:active d=3.0 age=2 dtg=31.32 region=1_4
ep=142 s=443 6790ms [sel=27 cap=6652 rest=110] sg=4->4 mode=NONE win=8 obs=444 | cap=wip act=(320,360) d=3.05 a=2 | sp=frontier:active d=3.0 age=3 dtg=31.32 region=1_4
ep=142 s=444 5983ms [sel=28 cap=5838 rest=118] sg=4->4 mode=NONE win=8 obs=445 | cap=wip act=(320,360) d=3.05 a=2 | sp=frontier:active d=3.0 age=4 dtg=31.32 region=1_4
ep=142 s=445 11056ms [sel=6 cap=10475 rest=536] sg=4->None mode=NONE win=8 obs=446 | cap=DONE act=(320,360) d=1.00 a=1 | preview=view-/6 yaw=+0 render=39ms | sp=frontier:active d=3.0 age=5 ovr=6 door_evts=5 dtg=31.44 region=1_4
ep=142 s=446 105ms [sel=4 cap=0 rest=101] sg=None->None mode=NONE win=8 obs=447 | cap=- act=STOP | sp=frontier:active d=3.0 age=6 ovr=6 door_evts=5 dtg=31.44 region=1_4
rank=0 [3/17] id=142 steps=447 success=0.000 spl=0.000 dtg=31.44 osr=1 path_length=73.04 ndtw=0.000 sdtw=0.000
episode=208 instruction="So walk over to the left, heading toward that right arch at the back of the room. Then go on through into the next room and stop when you get to the rug that's in front of the dining set." start_position=[-9.053759574890137, 0.15480518341064453, -24.06439971923828] goal_position=[-12.062000274658203, 0.15480518341064453, -13.065400123596191] reference_geodesic=11.571481704711914
episode=208 prepared_subgoals=4
  [1] Walk toward the right arch at the back of the room
      proof: The right arch is directly ahead of the camera, within a step.
  [2] Go through the arch into the next room
      proof: The camera has passed through the arch and the next room fills the view.
  [3] Walk to the rug in front of the dining set
      proof: The rug is directly ahead of the camera, within a step and the dining set is visible behind it.
  [4] Stop beside the rug
      proof: The camera is stationary beside the rug, with the dining set clearly visible in front or to the side
ep=208 s=0 5686ms [sel=18 cap=5138 rest=491] sg=1->1 mode=NONE win=1 obs=1 | cap=wip act=(160,180) d=1.81 a=3 | preview=view2/6 yaw=+0 render=39ms | sp=preview:active d=1.8 age=0 dtg=11.57 region=1_20
ep=208 s=1 3881ms [sel=3 cap=3772 rest=106] sg=1->1 mode=NONE win=2 obs=2 | cap=wip act=(320,360) d=1.81 a=3 | sp=preview:active d=1.8 age=1 dtg=11.57 region=1_20
ep=208 s=2 3500ms [sel=3 cap=3395 rest=102] sg=1->1 mode=NONE win=3 obs=3 | cap=wip act=(320,360) d=1.81 a=3 | sp=preview:active d=1.8 age=2 dtg=11.57 region=1_20
ep=208 s=3 3680ms [sel=3 cap=3573 rest=104] sg=1->1 mode=NONE win=4 obs=4 | cap=wip act=(320,360) d=1.81 a=1 | sp=preview:active d=1.8 age=3 dtg=11.69 region=1_20
ep=208 s=4 4403ms [sel=3 cap=4297 rest=103] sg=1->1 mode=NONE win=5 obs=5 | cap=wip act=(320,360) d=1.58 a=1 | sp=preview:active d=1.6 age=4 dtg=11.82 region=1_20
ep=208 s=5 4536ms [sel=3 cap=4436 rest=97] sg=1->1 mode=NONE win=6 obs=6 | cap=wip act=(320,360) d=1.36 a=1 | sp=preview:active d=1.4 age=5 dtg=11.95 region=1_20
ep=208 s=6 2849ms [sel=3 cap=2751 rest=94] sg=1->1 mode=NONE win=7 obs=7 | cap=wip act=(320,360) d=1.14 a=2 | sp=preview:active d=1.1 age=6 dtg=11.95 region=1_20
ep=208 s=7 4899ms [sel=3 cap=4805 rest=91] sg=1->1 mode=NONE win=8 obs=8 | cap=wip act=(320,360) d=1.14 a=1 | sp=preview:active d=1.1 age=7 dtg=12.07 region=1_20
ep=208 s=8 3250ms [sel=3 cap=3162 rest=85] sg=1->1 mode=NONE win=8 obs=9 | cap=wip act=(320,360) d=0.91 a=2 | sp=preview:active d=0.9 age=8 dtg=12.07 region=1_20
ep=208 s=9 3689ms [sel=3 cap=3599 rest=87] sg=1->1 mode=NONE win=8 obs=10 | cap=wip act=(320,360) d=0.91 a=1 | sp=preview:active d=0.9 age=9 dtg=12.19 region=1_20
ep=208 s=10 4691ms [sel=3 cap=4608 rest=80] sg=1->1 mode=NONE win=8 obs=11 | cap=wip act=(320,360) d=0.66 a=1 | sp=preview:active d=0.7 age=10 dtg=12.38 region=1_20
ep=208 s=11 4869ms [sel=1237 cap=3555 rest=78] sg=1->1 mode=NONE win=8 obs=12 | cap=wip act=(352,416) d=1.20 a=1 | sp=straight_ahead:reached d=0.4 age=0 som=3/6 dtg=12.59 region=1_20
ep=208 s=12 5471ms [sel=2136 cap=3254 rest=81] sg=1->1 mode=NONE win=8 obs=13 | cap=wip act=TURN request=+45deg execute=+15deg x1 a=3 | sp=straight_ahead:reached d=0.4 age=1 som=1/4 dtg=12.59 region=1_20
ep=208 s=13 5184ms [sel=0 cap=5096 rest=88] sg=1->1 mode=NONE win=8 obs=14 | cap=wip act=TURN request=+45deg execute=+15deg x1 a=3 dtg=12.59 region=1_20
ep=208 s=14 3828ms [sel=0 cap=3733 rest=95] sg=1->1 mode=NONE win=8 obs=15 | cap=wip act=TURN request=+45deg execute=+15deg x1 a=3 dtg=12.59 region=1_20
ep=208 s=15 4006ms [sel=0 cap=3910 rest=96] sg=1->1 mode=NONE win=8 obs=16 | cap=wip act=TURN request=+45deg execute=+15deg x1 a=3 dtg=12.59 region=1_20
ep=208 s=16 3964ms [sel=0 cap=3514 rest=414] sg=1->1 mode=NONE win=8 obs=17 | cap=wip act=TURN request=+45deg execute=+15deg x1 a=3 | preview=view-/6 yaw=+0 render=36ms dtg=12.59 region=1_20
ep=208 s=17 3272ms [sel=0 cap=3189 rest=82] sg=1->1 mode=NONE win=8 obs=18 | cap=wip act=TURN request=+45deg execute=+15deg x1 a=3 dtg=12.59 region=1_20
ep=208 s=18 5443ms [sel=0 cap=5352 rest=91] sg=1->1 mode=NONE win=8 obs=19 | cap=wip act=TURN request=+45deg execute=+15deg x1 a=3 dtg=12.59 region=1_20
ep=208 s=19 7191ms [sel=0 cap=6710 rest=440] sg=1->1 mode=NONE win=8 obs=20 | cap=wip act=TURN request=+45deg execute=+15deg x1 a=3 | preview=view-/6 yaw=+0 render=42ms dtg=12.59 region=1_20
ep=208 s=20 3428ms [sel=0 cap=3323 rest=106] sg=1->1 mode=NONE win=8 obs=21 | cap=wip act=TURN request=+45deg execute=+15deg x1 a=3 dtg=12.59 region=1_20
ep=208 s=21 6182ms [sel=0 cap=6071 rest=111] sg=1->1 mode=NONE win=8 obs=22 | cap=wip act=TURN request=+45deg execute=+15deg x1 a=3 dtg=12.59 region=1_20
ep=208 s=22 9923ms [sel=47 cap=9390 rest=449] sg=1->1 mode=NONE win=8 obs=23 | cap=wip act=(160,180) d=5.21 a=1 | preview=view2/6 yaw=-45 render=36ms | sp=preview:active d=5.2 age=0 dtg=12.48 region=1_20
ep=208 s=23 8084ms [sel=21 cap=7948 rest=116] sg=1->1 mode=NONE win=8 obs=24 | cap=wip act=(320,360) d=4.96 a=1 | sp=preview:active d=5.0 age=1 dtg=12.43 region=1_20
ep=208 s=24 2899ms [sel=23 cap=2759 rest=117] sg=1->1 mode=NONE win=8 obs=25 | cap=wip act=(320,360) d=4.71 a=1 | sp=preview:active d=4.7 age=2 dtg=12.45 region=1_20
ep=208 s=25 7349ms [sel=41 cap=6759 rest=513] sg=1->1 mode=NONE win=8 obs=26 | cap=wip act=(160,180) d=2.99 a=3 | preview=view0/6 yaw=-180 render=36ms | sp=preview:active d=3.0 age=0 dtg=12.45 region=1_20
ep=208 s=26 4164ms [sel=28 cap=4022 rest=114] sg=1->1 mode=NONE win=8 obs=27 | cap=wip act=(320,360) d=2.99 a=3 | sp=preview:active d=3.0 age=1 dtg=12.45 region=1_20
ep=208 s=27 4870ms [sel=28 cap=4727 rest=115] sg=1->1 mode=NONE win=8 obs=28 | cap=wip act=(320,360) d=2.99 a=3 | sp=preview:active d=3.0 age=2 dtg=12.45 region=1_20
ep=208 s=28 8303ms [sel=49 cap=7683 rest=533] sg=1->1 mode=NONE win=8 obs=29 | cap=wip act=(160,180) d=4.46 a=2 | preview=view1/6 yaw=-90 render=39ms | sp=preview:active d=4.5 age=0 dtg=12.45 region=1_20
ep=208 s=29 5547ms [sel=22 cap=5410 rest=115] sg=1->1 mode=NONE win=8 obs=30 | cap=wip act=(320,360) d=4.46 a=2 | sp=preview:active d=4.5 age=1 dtg=12.45 region=1_20
ep=208 s=30 4372ms [sel=22 cap=4236 rest=115] sg=1->1 mode=NONE win=8 obs=31 | cap=wip act=(320,360) d=4.46 a=1 | sp=preview:active d=4.5 age=2 dtg=12.46 region=1_20
ep=208 s=31 6570ms [sel=22 cap=6430 rest=118] sg=1->1 mode=NONE win=8 obs=32 | cap=wip act=(320,360) d=4.22 a=1 | sp=preview:active d=4.2 age=3 dtg=12.51 region=1_20
ep=208 s=32 4084ms [sel=22 cap=3949 rest=113] sg=1->1 mode=NONE win=8 obs=33 | cap=wip act=(320,360) d=3.98 a=1 | sp=preview:active d=4.0 age=4 dtg=12.57 region=1_20
ep=208 s=33 5928ms [sel=39 cap=5774 rest=115] sg=1->1 mode=NONE win=8 obs=34 | cap=wip act=(320,360) d=3.75 a=1 | sp=preview:active d=3.7 age=5 dtg=12.64 region=1_20
ep=208 s=34 6909ms [sel=22 cap=6767 rest=120] sg=1->1 mode=NONE win=8 obs=35 | cap=wip act=(320,360) d=3.51 a=1 | sp=preview:active d=3.5 age=6 dtg=12.73 region=1_20
ep=208 s=35 5210ms [sel=22 cap=5081 rest=106] sg=1->1 mode=NONE win=8 obs=36 | cap=wip act=(320,360) d=3.28 a=1 | sp=preview:active d=3.3 age=7 dtg=12.83 region=1_20
ep=208 s=36 8111ms [sel=26 cap=7984 rest=102] sg=1->1 mode=NONE win=8 obs=37 | cap=wip act=(320,360) d=3.05 a=1 | sp=preview:active d=3.0 age=8 dtg=12.95 region=1_20
ep=208 s=37 5343ms [sel=26 cap=5210 rest=107] sg=1->1 mode=NONE win=8 obs=38 | cap=wip act=(320,360) d=2.82 a=1 | sp=preview:active d=2.8 age=9 dtg=13.12 region=1_20
ep=208 s=38 5548ms [sel=26 cap=5416 rest=105] sg=1->1 mode=NONE win=8 obs=39 | cap=wip act=(320,360) d=2.59 a=1 | sp=preview:active d=2.6 age=10 dtg=13.39 region=1_20
ep=208 s=39 9931ms [sel=30 cap=9792 rest=109] sg=1->1 mode=NONE win=8 obs=40 | cap=wip act=(320,360) d=2.34 a=3 | sp=preview:active d=2.3 age=11 dtg=13.39 region=1_20
ep=208 s=40 7807ms [sel=29 cap=7664 rest=114] sg=1->1 mode=NONE win=8 obs=41 | cap=wip act=(320,360) d=2.34 a=1 | sp=preview:active d=2.3 age=12 dtg=13.64 region=1_20
ep=208 s=41 4294ms [sel=32 cap=4154 rest=108] sg=1->1 mode=NONE win=8 obs=42 | cap=wip act=(320,360) d=2.17 a=3 | sp=preview:active d=2.2 age=13 dtg=13.64 region=1_20
ep=208 s=42 4777ms [sel=25 cap=4637 rest=115] sg=1->1 mode=NONE win=8 obs=43 | cap=wip act=(320,360) d=2.17 a=1 | sp=preview:active d=2.2 age=14 dtg=13.91 region=1_20
ep=208 s=43 5846ms [sel=27 cap=5704 rest=115] sg=1->1 mode=NONE win=8 obs=44 | cap=wip act=(320,360) d=2.07 a=1 | sp=preview:active d=2.1 age=15 dtg=13.76 region=1_20
ep=208 s=44 7763ms [sel=1904 cap=5749 rest=110] sg=1->1 mode=NONE win=8 obs=45 | cap=wip act=(320,360) d=0.66 a=3 | sp=som:active d=0.7 age=0 som=1/8 dtg=13.76 region=1_20
ep=208 s=45 7650ms [sel=5 cap=7536 rest=108] sg=1->1 mode=NONE win=8 obs=46 | cap=wip act=(320,360) d=0.66 a=1 | sp=som:active d=0.7 age=1 dtg=13.58 region=1_20
ep=208 s=46 4118ms [sel=1260 cap=2763 rest=95] sg=1->1 mode=NONE win=8 obs=47 | cap=wip act=(320,360) d=2.97 a=1 | sp=som:active d=3.0 age=0 som=4/8 dtg=13.41 region=1_20
ep=208 s=47 4583ms [sel=3 cap=4491 rest=89] sg=1->1 mode=NONE win=8 obs=48 | cap=wip act=(320,360) d=2.73 a=3 | sp=som:active d=2.7 age=1 dtg=13.41 region=1_20
ep=208 s=48 3438ms [sel=3 cap=3345 rest=90] sg=1->1 mode=NONE win=8 obs=49 | cap=wip act=(320,360) d=2.73 a=3 | sp=som:active d=2.7 age=2 dtg=13.41 region=1_20
ep=208 s=49 4016ms [sel=3 cap=3917 rest=96] sg=1->1 mode=NONE win=8 obs=50 | cap=wip act=(320,360) d=2.73 a=1 | sp=som:active d=2.7 age=3 dtg=13.18 region=1_20
ep=208 s=50 3259ms [sel=3 cap=3159 rest=97] sg=1->1 mode=NONE win=8 obs=51 | cap=wip act=(320,360) d=2.49 a=1 | sp=som:active d=2.5 age=4 dtg=12.94 region=1_20
ep=208 s=51 4433ms [sel=3 cap=4334 rest=97] sg=1->1 mode=NONE win=8 obs=52 | cap=wip act=(320,360) d=2.24 a=3 | sp=som:active d=2.2 age=5 dtg=12.94 region=1_20
ep=208 s=52 6120ms [sel=3 cap=6014 rest=104] sg=1->1 mode=NONE win=8 obs=53 | cap=wip act=(320,360) d=2.24 a=1 | sp=som:active d=2.2 age=6 dtg=12.69 region=1_20
ep=208 s=53 4645ms [sel=3 cap=4536 rest=106] sg=1->1 mode=NONE win=8 obs=54 | cap=wip act=(320,360) d=2.02 a=1 | sp=som:active d=2.0 age=7 dtg=12.45 region=1_20
ep=208 s=54 1649ms [sel=3 cap=1541 rest=106] sg=1->1 mode=NONE win=8 obs=55 | cap=wip act=(320,360) d=1.81 a=2 | sp=som:active d=1.8 age=8 dtg=12.45 region=1_20
ep=208 s=55 4633ms [sel=3 cap=4519 rest=111] sg=1->1 mode=NONE win=8 obs=56 | cap=wip act=(320,360) d=1.81 a=1 | sp=som:active d=1.8 age=9 dtg=12.21 region=1_20
ep=208 s=56 3963ms [sel=3 cap=3849 rest=111] sg=1->1 mode=NONE win=8 obs=57 | cap=wip act=(320,360) d=1.57 a=2 | sp=som:active d=1.6 age=10 dtg=12.21 region=1_20
ep=208 s=57 4161ms [sel=3 cap=4050 rest=108] sg=1->1 mode=NONE win=8 obs=58 | cap=wip act=(320,360) d=1.57 a=1 | sp=som:active d=1.6 age=11 dtg=12.02 region=1_20
ep=208 s=58 3540ms [sel=3 cap=3429 rest=108] sg=1->1 mode=NONE win=8 obs=59 | cap=wip act=(320,360) d=1.32 a=1 | sp=som:active d=1.3 age=12 dtg=11.83 region=1_20
ep=208 s=59 3904ms [sel=3 cap=3793 rest=108] sg=1->1 mode=NONE win=8 obs=60 | cap=wip act=(320,360) d=1.08 a=2 | sp=som:active d=1.1 age=13 dtg=11.83 region=1_20
ep=208 s=60 14768ms [sel=3 cap=14660 rest=106] sg=1->1 mode=NONE win=8 obs=61 | cap=wip act=(320,360) d=1.08 a=1 | sp=som:active d=1.1 age=14 dtg=11.70 region=1_8
ep=208 s=61 8863ms [sel=43 cap=8264 rest=520] sg=1->1 mode=NONE win=8 obs=62 | cap=wip act=(160,180) d=3.41 a=3 | preview=view4/6 yaw=+45 render=36ms | sp=preview:active d=3.4 age=0 dtg=11.70 region=1_8
ep=208 s=62 2136ms [sel=17 cap=2010 rest=109] sg=1->1 mode=NONE win=8 obs=63 | cap=wip act=(320,360) d=3.41 a=3 | sp=preview:active d=3.4 age=1 dtg=11.70 region=1_8
ep=208 s=63 5904ms [sel=3 cap=5788 rest=113] sg=1->1 mode=NONE win=8 obs=64 | cap=wip act=(320,360) d=3.41 a=3 | sp=preview:active d=3.4 age=2 dtg=11.70 region=1_8
ep=208 s=64 4363ms [sel=3 cap=4257 rest=104] sg=1->1 mode=NONE win=8 obs=65 | cap=wip act=(320,360) d=3.41 a=1 | sp=preview:active d=3.4 age=3 dtg=11.46 region=1_8
ep=208 s=65 4338ms [sel=3 cap=4230 rest=105] sg=1->1 mode=NONE win=8 obs=66 | cap=wip act=(320,360) d=3.17 a=3 | sp=preview:active d=3.2 age=4 dtg=11.46 region=1_8
ep=208 s=66 12459ms [sel=3 cap=12351 rest=105] sg=1->1 mode=NONE win=8 obs=67 | cap=wip act=(320,360) d=3.17 a=1 | sp=preview:active d=3.2 age=5 dtg=11.21 region=1_8
ep=208 s=67 5789ms [sel=19 cap=5212 rest=520] sg=1->1 mode=NONE win=8 obs=68 | cap=wip act=(160,180) d=3.51 a=1 | preview=view3/6 yaw=+0 render=39ms | sp=preview:active d=3.5 age=0 dtg=10.96 region=0_33
ep=208 s=68 4316ms [sel=3 cap=4211 rest=102] sg=1->1 mode=NONE win=8 obs=69 | cap=wip act=(320,360) d=3.26 a=3 | sp=preview:active d=3.3 age=1 dtg=10.96 region=0_33
ep=208 s=69 4687ms [sel=3 cap=4575 rest=109] sg=1->1 mode=NONE win=8 obs=70 | cap=wip act=(320,360) d=3.26 a=1 | sp=preview:active d=3.3 age=2 dtg=10.72 region=1_20
ep=208 s=70 3543ms [sel=3 cap=3430 rest=110] sg=1->1 mode=NONE win=8 obs=71 | cap=wip act=(320,360) d=3.03 a=1 | sp=preview:active d=3.0 age=3 dtg=10.48 region=1_20
ep=208 s=71 6076ms [sel=3 cap=5964 rest=109] sg=1->1 mode=NONE win=8 obs=72 | cap=wip act=(320,360) d=2.80 a=2 | sp=preview:active d=2.8 age=4 dtg=10.48 region=1_20
ep=208 s=72 4313ms [sel=3 cap=4206 rest=104] sg=1->1 mode=NONE win=8 obs=73 | cap=wip act=(320,360) d=2.80 a=1 | sp=preview:active d=2.8 age=5 dtg=10.23 region=1_20
ep=208 s=73 3574ms [sel=4 cap=3457 rest=113] sg=1->1 mode=NONE win=8 obs=74 | cap=wip act=(320,360) d=2.56 a=1 | sp=preview:active d=2.6 age=6 dtg=9.98 region=1_20
ep=208 s=74 2426ms [sel=5 cap=2280 rest=141] sg=1->1 mode=NONE win=8 obs=75 | cap=wip act=(320,360) d=2.31 a=2 | sp=preview:active d=2.3 age=7 dtg=9.98 region=1_20
ep=208 s=75 2123ms [sel=3 cap=1976 rest=145] sg=1->1 mode=NONE win=8 obs=76 | cap=wip act=(320,360) d=2.31 a=1 | sp=preview:active d=2.3 age=8 dtg=9.74 region=1_20
ep=208 s=76 6365ms [sel=1084 cap=5157 rest=124] sg=1->1 mode=NONE win=8 obs=77 | cap=wip act=(320,360) d=2.77 a=1 | sp=som:active d=2.8 age=0 som=2/7 dtg=9.50 region=1_20
ep=208 s=77 4509ms [sel=3 cap=4399 rest=106] sg=1->1 mode=NONE win=8 obs=78 | cap=wip act=(320,360) d=2.52 a=1 | sp=som:active d=2.5 age=1 dtg=9.26 region=1_20
ep=208 s=78 2600ms [sel=4 cap=2485 rest=111] sg=1->1 mode=NONE win=8 obs=79 | cap=wip act=(320,360) d=2.27 a=1 | sp=som:active d=2.3 age=2 dtg=9.03 region=1_20
ep=208 s=79 6943ms [sel=3 cap=6824 rest=116] sg=1->1 mode=NONE win=8 obs=80 | cap=wip act=(320,360) d=2.02 a=1 | sp=som:active d=2.0 age=3 dtg=8.81 region=1_20
ep=208 s=80 6622ms [sel=4 cap=6502 rest=116] sg=1->1 mode=NONE win=8 obs=81 | cap=wip act=(320,360) d=1.77 a=1 | sp=som:active d=1.8 age=4 dtg=8.60 region=1_20
ep=208 s=81 6477ms [sel=3 cap=6364 rest=109] sg=1->1 mode=NONE win=8 obs=82 | cap=wip act=(320,360) d=1.52 a=1 | sp=som:active d=1.5 age=5 dtg=8.41 region=1_20
ep=208 s=82 8927ms [sel=4 cap=8815 rest=108] sg=1->1 mode=NONE win=8 obs=83 | cap=wip act=(320,360) d=1.28 a=1 | sp=som:active d=1.3 age=6 dtg=8.26 region=1_20
ep=208 s=83 3654ms [sel=3 cap=3519 rest=132] sg=1->1 mode=NONE win=8 obs=84 | cap=wip act=(320,360) d=1.03 a=1 | sp=som:active d=1.0 age=7 dtg=8.12 region=1_20
ep=208 s=84 3683ms [sel=4 cap=3575 rest=105] sg=1->1 mode=NONE win=8 obs=85 | cap=wip act=(320,360) d=0.79 a=1 | sp=som:active d=0.8 age=8 dtg=7.96 region=1_9
ep=208 s=85 4070ms [sel=3 cap=3962 rest=106] sg=1->1 mode=NONE win=8 obs=86 | cap=wip act=(320,360) d=0.55 a=3 | sp=som:active d=0.5 age=9 dtg=7.96 region=1_9
ep=208 s=86 2986ms [sel=3 cap=2877 rest=106] sg=1->1 mode=NONE win=8 obs=87 | cap=wip act=(320,360) d=0.55 a=1 | sp=som:active d=0.5 age=10 dtg=7.72 region=1_9
ep=208 s=87 6517ms [sel=1448 cap=4933 rest=136] sg=1->1 mode=NONE win=8 obs=88 | cap=wip act=(320,360) d=2.98 a=1 | sp=som:active d=3.0 age=0 som=3/8 dtg=7.49 region=1_9
ep=208 s=88 4321ms [sel=3 cap=4193 rest=125] sg=1->1 mode=NONE win=8 obs=89 | cap=wip act=(320,360) d=2.74 a=1 | sp=som:active d=2.7 age=1 dtg=7.25 region=1_9
ep=208 s=89 1671ms [sel=3 cap=1549 rest=119] sg=1->1 mode=NONE win=8 obs=90 | cap=wip act=(320,360) d=2.51 a=2 | sp=som:active d=2.5 age=2 dtg=7.25 region=1_9
ep=208 s=90 2077ms [sel=3 cap=1960 rest=114] sg=1->1 mode=NONE win=8 obs=91 | cap=wip act=(320,360) d=2.51 a=1 | sp=som:active d=2.5 age=3 dtg=7.07 region=1_9
ep=208 s=91 2640ms [sel=3 cap=2520 rest=117] sg=1->1 mode=NONE win=8 obs=92 | cap=wip act=(320,360) d=2.26 a=1 | sp=som:active d=2.3 age=4 dtg=6.91 region=1_9
ep=208 s=92 4411ms [sel=3 cap=4285 rest=123] sg=1->1 mode=NONE win=8 obs=93 | cap=wip act=(320,360) d=2.01 a=1 | sp=som:active d=2.0 age=5 dtg=6.76 region=1_9
ep=208 s=93 5055ms [sel=3 cap=4924 rest=129] sg=1->1 mode=NONE win=8 obs=94 | cap=wip act=(320,360) d=1.76 a=1 | sp=som:active d=1.8 age=6 dtg=6.63 region=1_9
ep=208 s=94 3014ms [sel=3 cap=2896 rest=115] sg=1->1 mode=NONE win=8 obs=95 | cap=wip act=(320,360) d=1.52 a=1 | sp=som:active d=1.5 age=7 dtg=6.50 region=1_9
ep=208 s=95 7811ms [sel=3 cap=7695 rest=114] sg=1->1 mode=NONE win=8 obs=96 | cap=wip act=(320,360) d=1.27 a=1 | sp=som:active d=1.3 age=8 dtg=6.40 region=1_9
ep=208 s=96 4727ms [sel=3 cap=4605 rest=120] sg=1->1 mode=NONE win=8 obs=97 | cap=wip act=(320,360) d=1.03 a=2 | sp=som:active d=1.0 age=9 dtg=6.40 region=1_9
ep=208 s=97 4576ms [sel=5 cap=4444 rest=127] sg=1->1 mode=NONE win=8 obs=98 | cap=wip act=(320,360) d=1.03 a=2 | sp=som:active d=1.0 age=10 dtg=6.40 region=1_9
ep=208 s=98 2347ms [sel=3 cap=2221 rest=123] sg=1->1 mode=NONE win=8 obs=99 | cap=wip act=(320,360) d=1.03 a=1 | sp=som:active d=1.0 age=11 dtg=6.46 region=1_9
ep=208 s=99 2753ms [sel=3 cap=2629 rest=121] sg=1->1 mode=NONE win=8 obs=100 | cap=wip act=(320,360) d=0.79 a=1 | sp=som:active d=0.8 age=12 dtg=6.59 region=1_9
ep=208 s=100 3439ms [sel=3 cap=3313 rest=123] sg=1->1 mode=NONE win=8 obs=101 | cap=wip act=(320,360) d=0.56 a=3 | sp=som:active d=0.6 age=13 dtg=6.59 region=1_9
ep=208 s=101 2409ms [sel=3 cap=2284 rest=122] sg=1->1 mode=NONE win=8 obs=102 | cap=wip act=(320,360) d=0.56 a=1 | sp=som:active d=0.6 age=14 dtg=6.77 region=1_9
ep=208 s=102 7151ms [sel=1752 cap=5281 rest=119] sg=1->1 mode=NONE win=8 obs=103 | cap=wip act=(320,360) d=3.24 a=3 | sp=som:active d=3.2 age=0 som=3/8 dtg=6.77 region=1_9
ep=208 s=103 7313ms [sel=3 cap=7195 rest=115] sg=1->1 mode=NONE win=8 obs=104 | cap=wip act=(320,360) d=3.24 a=1 | sp=som:active d=3.2 age=1 dtg=6.95 region=1_9
ep=208 s=104 1837ms [sel=3 cap=1716 rest=117] sg=1->1 mode=NONE win=8 obs=105 | cap=wip act=(320,360) d=2.99 a=1 | sp=som:active d=3.0 age=2 dtg=7.16 region=1_9
ep=208 s=105 2552ms [sel=3 cap=2431 rest=119] sg=1->1 mode=NONE win=8 obs=106 | cap=wip act=(320,360) d=2.74 a=1 | sp=som:active d=2.7 age=3 dtg=7.39 region=1_9
ep=208 s=106 2596ms [sel=4 cap=2475 rest=117] sg=1->1 mode=NONE win=8 obs=107 | cap=wip act=(320,360) d=2.49 a=1 | sp=som:active d=2.5 age=4 dtg=7.63 region=1_9
ep=208 s=107 2510ms [sel=3 cap=2392 rest=116] sg=1->1 mode=NONE win=8 obs=108 | cap=wip act=(320,360) d=2.25 a=1 | sp=som:active d=2.2 age=5 dtg=7.39 region=1_9
ep=208 s=108 1810ms [sel=3 cap=1695 rest=112] sg=1->1 mode=NONE win=8 obs=109 | cap=wip act=(320,360) d=2.00 a=1 | sp=som:active d=2.0 age=6 dtg=7.14 region=1_9
ep=208 s=109 3521ms [sel=3 cap=3406 rest=111] sg=1->1 mode=NONE win=8 obs=110 | cap=wip act=(320,360) d=1.76 a=1 | sp=som:active d=1.8 age=7 dtg=6.90 region=1_9
ep=208 s=110 3147ms [sel=6 cap=3029 rest=112] sg=1->1 mode=NONE win=8 obs=111 | cap=wip act=(320,360) d=1.51 a=1 | sp=som:active d=1.5 age=8 dtg=6.66 region=1_9
ep=208 s=111 2500ms [sel=6 cap=2383 rest=111] sg=1->1 mode=NONE win=8 obs=112 | cap=wip act=(320,360) d=1.27 a=1 | sp=som:active d=1.3 age=9 dtg=6.43 region=1_9
ep=208 s=112 4372ms [sel=3 cap=4257 rest=112] sg=1->1 mode=NONE win=8 obs=113 | cap=wip act=(320,360) d=1.04 a=1 | sp=som:active d=1.0 age=10 dtg=6.21 region=1_9
ep=208 s=113 4986ms [sel=3 cap=4871 rest=112] sg=1->1 mode=NONE win=8 obs=114 | cap=wip act=(320,360) d=0.81 a=2 | sp=som:active d=0.8 age=11 dtg=6.21 region=1_9
ep=208 s=114 3131ms [sel=3 cap=3009 rest=118] sg=1->1 mode=NONE win=8 obs=115 | cap=wip act=(320,360) d=0.81 a=1 | sp=som:active d=0.8 age=12 dtg=6.08 region=0_11
ep=208 s=115 2849ms [sel=3 cap=2730 rest=116] sg=1->1 mode=NONE win=8 obs=116 | cap=wip act=(320,360) d=0.57 a=1 | sp=som:active d=0.6 age=13 dtg=6.07 region=0_11
ep=208 s=116 6858ms [sel=1530 cap=5211 rest=117] sg=1->1 mode=NONE win=8 obs=117 | cap=wip act=(320,360) d=2.15 a=3 | sp=som:active d=2.1 age=0 som=5/8 dtg=6.07 region=0_11
ep=208 s=117 2569ms [sel=4 cap=2456 rest=110] sg=1->1 mode=NONE win=8 obs=118 | cap=wip act=(320,360) d=2.15 a=3 | sp=som:active d=2.1 age=1 dtg=6.07 region=0_11
ep=208 s=118 4126ms [sel=3 cap=4014 rest=109] sg=1->1 mode=NONE win=8 obs=119 | cap=wip act=(320,360) d=2.15 a=1 | sp=som:active d=2.1 age=2 dtg=5.99 region=0_11
ep=208 s=119 7817ms [sel=5 cap=7701 rest=112] sg=1->1 mode=NONE win=8 obs=120 | cap=wip act=(320,360) d=1.90 a=3 | sp=som:active d=1.9 age=3 dtg=5.99 region=0_11
ep=208 s=120 4598ms [sel=3 cap=4484 rest=111] sg=1->1 mode=NONE win=8 obs=121 | cap=wip act=(320,360) d=1.90 a=1 | sp=som:active d=1.9 age=4 dtg=5.83 region=1_23
ep=208 s=121 5359ms [sel=23 cap=4757 rest=542] sg=1->1 mode=NONE win=8 obs=122 | cap=wip act=(160,180) d=1.65 a=1 | preview=view3/6 yaw=+0 render=37ms | sp=preview:active d=1.7 age=0 dtg=5.73 region=1_23
ep=208 s=122 4277ms [sel=3 cap=4154 rest=120] sg=1->1 mode=NONE win=8 obs=123 | cap=wip act=(320,360) d=1.40 a=1 | sp=preview:active d=1.4 age=1 dtg=5.63 region=1_23
ep=208 s=123 4294ms [sel=4 cap=4180 rest=110] sg=1->1 mode=NONE win=8 obs=124 | cap=wip act=(320,360) d=1.15 a=1 | sp=preview:active d=1.2 age=2 dtg=5.56 region=1_23
ep=208 s=124 4705ms [sel=3 cap=4584 rest=118] sg=1->1 mode=NONE win=8 obs=125 | cap=wip act=(320,360) d=0.91 a=1 | sp=preview:active d=0.9 age=3 dtg=5.50 region=1_23
ep=208 s=125 3794ms [sel=3 cap=3680 rest=110] sg=1->1 mode=NONE win=8 obs=126 | cap=wip act=(320,360) d=0.66 a=1 | sp=preview:active d=0.7 age=4 dtg=5.45 region=1_23
ep=208 s=126 4843ms [sel=1621 cap=3114 rest=107] sg=1->1 mode=NONE win=8 obs=127 | cap=wip act=(320,360) d=0.63 a=3 | sp=som:active d=0.6 age=0 som=2/6 dtg=5.45 region=1_23
ep=208 s=127 4347ms [sel=7 cap=4233 rest=107] sg=1->1 mode=NONE win=8 obs=128 | cap=wip act=(320,360) d=0.63 a=3 | sp=som:active d=0.6 age=1 dtg=5.45 region=1_23
ep=208 s=128 2987ms [sel=3 cap=2872 rest=112] sg=1->1 mode=NONE win=8 obs=129 | cap=wip act=(320,360) d=0.63 a=3 | sp=som:active d=0.6 age=2 dtg=5.45 region=1_23
ep=208 s=129 2541ms [sel=3 cap=2421 rest=116] sg=1->1 mode=NONE win=8 obs=130 | cap=wip act=(320,360) d=0.63 a=3 | sp=som:active d=0.6 age=3 dtg=5.45 region=1_23
ep=208 s=130 2198ms [sel=3 cap=2092 rest=103] sg=1->1 mode=NONE win=8 obs=131 | cap=wip act=(320,360) d=0.63 a=1 | sp=som:active d=0.6 age=4 dtg=5.22 region=1_23
ep=208 s=131 4495ms [sel=2323 cap=2068 rest=104] sg=1->1 mode=NONE win=8 obs=132 | cap=wip act=(320,360) d=2.99 a=3 | sp=som:active d=3.0 age=0 som=3/8 dtg=5.22 region=1_23
ep=208 s=132 1965ms [sel=3 cap=1851 rest=112] sg=1->1 mode=NONE win=8 obs=133 | cap=wip act=(320,360) d=2.99 a=1 | sp=som:active d=3.0 age=1 dtg=4.97 region=1_23
ep=208 s=133 3518ms [sel=3 cap=3402 rest=114] sg=1->1 mode=NONE win=8 obs=134 | cap=wip act=(320,360) d=2.74 a=1 | sp=som:active d=2.7 age=2 dtg=4.73 region=1_23
ep=208 s=134 3107ms [sel=4 cap=2988 rest=115] sg=1->1 mode=NONE win=8 obs=135 | cap=wip act=(320,360) d=2.49 a=1 | sp=som:active d=2.5 age=3 dtg=4.48 region=1_22
ep=208 s=135 4194ms [sel=4 cap=4081 rest=110] sg=1->1 mode=NONE win=8 obs=136 | cap=wip act=(320,360) d=2.24 a=1 | sp=som:active d=2.2 age=4 dtg=4.23 region=1_22
ep=208 s=136 2440ms [sel=3 cap=2326 rest=111] sg=1->1 mode=NONE win=8 obs=137 | cap=wip act=(320,360) d=1.99 a=1 | sp=som:active d=2.0 age=5 dtg=3.99 region=1_22
ep=208 s=137 2996ms [sel=3 cap=2884 rest=109] sg=1->1 mode=NONE win=8 obs=138 | cap=wip act=(320,360) d=1.74 a=2 | sp=som:active d=1.7 age=6 dtg=3.99 region=1_22
ep=208 s=138 3949ms [sel=3 cap=3838 rest=108] sg=1->1 mode=NONE win=8 obs=139 | cap=wip act=(320,360) d=1.74 a=1 | sp=som:active d=1.7 age=7 dtg=3.76 region=1_22
ep=208 s=139 4497ms [sel=848 cap=3538 rest=111] sg=1->2 mode=NONE win=8 obs=140 | cap=DONE act=(320,360) d=2.95 a=3 | sp=som:active d=3.0 age=0 som=4/7 dtg=3.76 region=1_22
ep=208 s=140 4434ms [sel=3 cap=4318 rest=113] sg=2->2 mode=NONE win=8 obs=141 | cap=wip act=(320,360) d=2.95 a=3 | sp=som:active d=3.0 age=1 dtg=3.76 region=1_22
ep=208 s=141 4125ms [sel=3 cap=4006 rest=116] sg=2->2 mode=NONE win=8 obs=142 | cap=wip act=(320,360) d=2.95 a=1 | sp=som:active d=3.0 age=2 dtg=3.51 region=1_22
ep=208 s=142 4286ms [sel=3 cap=4169 rest=114] sg=2->2 mode=NONE win=8 obs=143 | cap=wip act=(320,360) d=2.70 a=3 | sp=som:active d=2.7 age=3 dtg=3.51 region=1_22
ep=208 s=143 5849ms [sel=3 cap=5732 rest=115] sg=2->2 mode=NONE win=8 obs=144 | cap=wip act=(320,360) d=2.70 a=1 | sp=som:active d=2.7 age=4 dtg=3.28 region=1_22
ep=208 s=144 2238ms [sel=3 cap=2124 rest=111] sg=2->2 mode=NONE win=8 obs=145 | cap=wip act=(320,360) d=2.46 a=1 | sp=som:active d=2.5 age=5 dtg=3.05 region=1_22
ep=208 s=145 3725ms [sel=3 cap=3614 rest=107] sg=2->2 mode=NONE win=8 obs=146 | cap=wip act=(320,360) d=2.21 a=2 | sp=som:active d=2.2 age=6 dtg=3.05 region=1_22
ep=208 s=146 5046ms [sel=3 cap=4933 rest=110] sg=2->2 mode=NONE win=8 obs=147 | cap=wip act=(320,360) d=2.21 a=1 | sp=som:active d=2.2 age=7 dtg=2.80 region=1_22
ep=208 s=147 3918ms [sel=3 cap=3801 rest=114] sg=2->2 mode=NONE win=8 obs=148 | cap=wip act=(320,360) d=1.96 a=2 | sp=som:active d=2.0 age=8 dtg=2.80 region=1_22
ep=208 s=148 5575ms [sel=3 cap=5455 rest=118] sg=2->2 mode=NONE win=8 obs=149 | cap=wip act=(320,360) d=1.96 a=1 | sp=som:active d=2.0 age=9 dtg=2.55 region=1_22
ep=208 s=149 6582ms [sel=3 cap=6457 rest=122] sg=2->2 mode=NONE win=8 obs=150 | cap=wip act=(320,360) d=1.73 a=1 | sp=som:active d=1.7 age=10 dtg=2.30 region=0_34
ep=208 s=150 3872ms [sel=4 cap=3741 rest=127] sg=2->2 mode=NONE win=8 obs=151 | cap=wip act=(320,360) d=1.50 a=1 | sp=som:active d=1.5 age=11 dtg=2.05 region=0_34
ep=208 s=151 5943ms [sel=3 cap=5817 rest=122] sg=2->2 mode=NONE win=8 obs=152 | cap=wip act=(320,360) d=1.27 a=3 | sp=som:active d=1.3 age=12 dtg=2.05 region=0_34
ep=208 s=152 4957ms [sel=3 cap=4830 rest=124] sg=2->2 mode=NONE win=8 obs=153 | cap=wip act=(320,360) d=1.27 a=1 | sp=som:active d=1.3 age=13 dtg=1.80 region=0_34
ep=208 s=153 4139ms [sel=3 cap=4009 rest=127] sg=2->2 mode=NONE win=8 obs=154 | cap=wip act=(320,360) d=1.03 a=1 | sp=som:active d=1.0 age=14 dtg=1.55 region=0_34
ep=208 s=154 6089ms [sel=3 cap=5961 rest=125] sg=2->2 mode=NONE win=8 obs=155 | cap=wip act=(320,360) d=0.80 a=3 | sp=som:active d=0.8 age=15 dtg=1.55 region=0_34
ep=208 s=155 2546ms [sel=3 cap=2411 rest=131] sg=2->2 mode=NONE win=8 obs=156 | cap=wip act=(320,360) d=0.80 a=1 | sp=som:active d=0.8 age=16 dtg=1.32 region=0_34
ep=208 s=156 4622ms [sel=3 cap=4493 rest=126] sg=2->2 mode=NONE win=8 obs=157 | cap=wip act=(320,360) d=0.55 a=1 | sp=som:active d=0.6 age=17 dtg=1.11 region=0_34
ep=208 s=157 5081ms [sel=2385 cap=2571 rest=125] sg=2->2 mode=NONE win=8 obs=158 | cap=wip act=(320,360) d=2.71 a=2 | sp=frontier:active d=2.7 age=0 som=L/8 dtg=1.11 region=0_34
ep=208 s=158 1957ms [sel=27 cap=1804 rest=126] sg=2->2 mode=NONE win=8 obs=159 | cap=wip act=(320,360) d=2.71 a=2 | sp=frontier:active d=2.7 age=1 dtg=1.11 region=0_34
ep=208 s=159 9993ms [sel=25 cap=9846 rest=122] sg=2->2 mode=NONE win=8 obs=160 | cap=wip act=(320,360) d=2.71 a=2 | sp=frontier:active d=2.7 age=2 dtg=1.11 region=0_34
ep=208 s=160 4583ms [sel=25 cap=4437 rest=121] sg=2->2 mode=NONE win=8 obs=161 | cap=wip act=(320,360) d=2.71 a=2 | sp=frontier:active d=2.7 age=3 dtg=1.11 region=0_34
ep=208 s=161 4227ms [sel=25 cap=4074 rest=128] sg=2->2 mode=NONE win=8 obs=162 | cap=wip act=(320,360) d=2.71 a=2 | sp=frontier:active d=2.7 age=4 dtg=1.11 region=0_34
ep=208 s=162 3551ms [sel=24 cap=3396 rest=130] sg=2->2 mode=NONE win=8 obs=163 | cap=wip act=(320,360) d=2.71 a=2 | sp=frontier:active d=2.7 age=5 dtg=1.11 region=0_34
ep=208 s=163 4499ms [sel=27 cap=4335 rest=137] sg=2->2 mode=NONE win=8 obs=164 | cap=wip act=(320,360) d=2.71 a=2 | sp=frontier:active d=2.7 age=6 dtg=1.11 region=0_34
ep=208 s=164 2915ms [sel=19 cap=2759 rest=137] sg=2->2 mode=NONE win=8 obs=165 | cap=wip act=(320,360) d=2.71 a=2 | sp=frontier:active d=2.7 age=7 dtg=1.11 region=0_34
ep=208 s=165 4403ms [sel=16 cap=4262 rest=125] sg=2->2 mode=NONE win=8 obs=166 | cap=wip act=(320,360) d=2.71 a=2 | sp=frontier:active d=2.7 age=8 dtg=1.11 region=0_34
ep=208 s=166 3466ms [sel=7 cap=3343 rest=116] sg=2->2 mode=NONE win=8 obs=167 | cap=wip act=(320,360) d=2.71 a=2 | sp=frontier:active d=2.7 age=9 dtg=1.11 region=0_34
ep=208 s=167 3525ms [sel=3 cap=3404 rest=119] sg=2->2 mode=NONE win=8 obs=168 | cap=wip act=(320,360) d=2.71 a=2 | sp=frontier:active d=2.7 age=10 dtg=1.11 region=0_34
ep=208 s=168 3955ms [sel=3 cap=3830 rest=122] sg=2->2 mode=NONE win=8 obs=169 | cap=wip act=(320,360) d=2.71 a=1 | sp=frontier:active d=2.7 age=11 dtg=1.29 region=0_34
ep=208 s=169 6780ms [sel=1588 cap=5073 rest=120] sg=2->3 mode=NONE win=8 obs=170 | cap=DONE act=(320,360) d=3.06 a=2 | sp=som:active d=3.1 age=0 som=3/8 dtg=1.29 region=0_34
ep=208 s=170 2540ms [sel=5 cap=2414 rest=121] sg=3->3 mode=NONE win=8 obs=171 | cap=wip act=(320,360) d=3.06 a=1 | sp=som:active d=3.1 age=1 dtg=1.52 region=0_34
ep=208 s=171 4885ms [sel=3 cap=4762 rest=119] sg=3->3 mode=NONE win=8 obs=172 | cap=wip act=(320,360) d=2.83 a=2 | sp=som:active d=2.8 age=2 dtg=1.52 region=0_34
ep=208 s=172 3319ms [sel=3 cap=3200 rest=116] sg=3->3 mode=NONE win=8 obs=173 | cap=wip act=(320,360) d=2.83 a=1 | sp=som:active d=2.8 age=3 dtg=1.77 region=0_34
ep=208 s=173 5257ms [sel=4 cap=5136 rest=117] sg=3->3 mode=NONE win=8 obs=174 | cap=wip act=(320,360) d=2.58 a=1 | sp=som:active d=2.6 age=4 dtg=2.02 region=0_34
ep=208 s=174 3468ms [sel=3 cap=3349 rest=117] sg=3->3 mode=NONE win=8 obs=175 | cap=wip act=(320,360) d=2.34 a=2 | sp=som:active d=2.3 age=5 dtg=2.02 region=0_34
ep=208 s=175 3893ms [sel=3 cap=3776 rest=114] sg=3->3 mode=NONE win=8 obs=176 | cap=wip act=(320,360) d=2.34 a=1 | sp=som:active d=2.3 age=6 dtg=2.26 region=0_34
ep=208 s=176 3817ms [sel=3 cap=3699 rest=115] sg=3->3 mode=NONE win=8 obs=177 | cap=wip act=(320,360) d=2.09 a=1 | sp=som:active d=2.1 age=7 dtg=2.51 region=0_34
ep=208 s=177 4106ms [sel=4 cap=3979 rest=123] sg=3->3 mode=NONE win=8 obs=178 | cap=wip act=(320,360) d=1.84 a=1 | sp=som:active d=1.8 age=8 dtg=2.77 region=1_22
ep=208 s=178 4509ms [sel=4 cap=4383 rest=122] sg=3->3 mode=NONE win=8 obs=179 | cap=wip act=(320,360) d=1.59 a=2 | sp=som:active d=1.6 age=9 dtg=2.77 region=1_22
ep=208 s=179 5989ms [sel=4 cap=5877 rest=108] sg=3->3 mode=NONE win=8 obs=180 | cap=wip act=(320,360) d=1.59 a=1 | sp=som:active d=1.6 age=10 dtg=3.00 region=1_22
ep=208 s=180 3234ms [sel=3 cap=3120 rest=110] sg=3->3 mode=NONE win=8 obs=181 | cap=wip act=(320,360) d=1.35 a=1 | sp=som:active d=1.4 age=11 dtg=3.23 region=1_22
ep=208 s=181 4663ms [sel=3 cap=4547 rest=113] sg=3->3 mode=NONE win=8 obs=182 | cap=wip act=(320,360) d=1.12 a=3 | sp=som:active d=1.1 age=12 dtg=3.23 region=1_22
ep=208 s=182 3216ms [sel=3 cap=3096 rest=117] sg=3->3 mode=NONE win=8 obs=183 | cap=wip act=(320,360) d=1.12 a=1 | sp=som:active d=1.1 age=13 dtg=3.48 region=1_22
ep=208 s=183 4234ms [sel=3 cap=4108 rest=124] sg=3->3 mode=NONE win=8 obs=184 | cap=wip act=(320,360) d=0.88 a=3 | sp=som:active d=0.9 age=14 dtg=3.48 region=1_22
ep=208 s=184 4247ms [sel=3 cap=4123 rest=121] sg=3->3 mode=NONE win=8 obs=185 | cap=wip act=(320,360) d=0.88 a=1 | sp=som:active d=0.9 age=15 dtg=3.72 region=1_22
ep=208 s=185 2177ms [sel=3 cap=2056 rest=118] sg=3->3 mode=NONE win=8 obs=186 | cap=wip act=(320,360) d=0.63 a=1 | sp=som:active d=0.6 age=16 dtg=3.97 region=1_22
ep=208 s=186 4310ms [sel=1343 cap=2851 rest=115] sg=3->3 mode=NONE win=8 obs=187 | cap=wip act=(320,360) d=2.75 a=2 | sp=som:active d=2.7 age=0 som=1/8 dtg=3.97 region=1_22
ep=208 s=187 3783ms [sel=3 cap=3658 rest=123] sg=3->3 mode=NONE win=8 obs=188 | cap=wip act=(320,360) d=2.75 a=2 | sp=som:active d=2.7 age=1 dtg=3.97 region=1_22
ep=208 s=188 3301ms [sel=3 cap=3177 rest=121] sg=3->3 mode=NONE win=8 obs=189 | cap=wip act=(320,360) d=2.75 a=1 | sp=som:active d=2.7 age=2 dtg=4.20 region=1_22
ep=208 s=189 3015ms [sel=3 cap=2886 rest=126] sg=3->3 mode=NONE win=8 obs=190 | cap=wip act=(320,360) d=2.50 a=1 | sp=som:active d=2.5 age=3 dtg=4.44 region=1_22
ep=208 s=190 5874ms [sel=3 cap=5740 rest=131] sg=3->3 mode=NONE win=8 obs=191 | cap=wip act=(320,360) d=2.25 a=1 | sp=som:active d=2.2 age=4 dtg=4.68 region=1_23
ep=208 s=191 5037ms [sel=3 cap=4900 rest=134] sg=3->3 mode=NONE win=8 obs=192 | cap=wip act=(320,360) d=2.00 a=1 | sp=som:active d=2.0 age=5 dtg=4.92 region=1_23
ep=208 s=192 2780ms [sel=3 cap=2647 rest=131] sg=3->3 mode=NONE win=8 obs=193 | cap=wip act=(320,360) d=1.75 a=1 | sp=som:active d=1.7 age=6 dtg=5.16 region=1_23
ep=208 s=193 5618ms [sel=3 cap=5489 rest=126] sg=3->3 mode=NONE win=8 obs=194 | cap=wip act=(320,360) d=1.50 a=1 | sp=som:active d=1.5 age=7 dtg=5.41 region=1_23
ep=208 s=194 3844ms [sel=3 cap=3715 rest=127] sg=3->3 mode=NONE win=8 obs=195 | cap=wip act=(320,360) d=1.25 a=1 | sp=som:active d=1.3 age=8 dtg=5.65 region=1_23
ep=208 s=195 2171ms [sel=3 cap=2039 rest=129] sg=3->3 mode=NONE win=8 obs=196 | cap=wip act=(320,360) d=1.00 a=1 | sp=som:active d=1.0 age=9 dtg=5.90 region=1_23
ep=208 s=196 2532ms [sel=3 cap=2398 rest=130] sg=3->3 mode=NONE win=8 obs=197 | cap=wip act=(320,360) d=0.76 a=1 | sp=som:active d=0.8 age=10 dtg=6.14 region=1_23
ep=208 s=197 2409ms [sel=3 cap=2275 rest=130] sg=3->3 mode=NONE win=8 obs=198 | cap=wip act=(320,360) d=0.51 a=2 | sp=som:active d=0.5 age=11 dtg=6.14 region=1_23
ep=208 s=198 3167ms [sel=3 cap=3030 rest=134] sg=3->3 mode=NONE win=8 obs=199 | cap=wip act=(320,360) d=0.51 a=1 | sp=som:active d=0.5 age=12 dtg=6.37 region=1_23
ep=208 s=199 5865ms [sel=681 cap=5049 rest=135] sg=3->3 mode=NONE win=8 obs=200 | cap=wip act=(320,360) d=3.05 a=3 | sp=som:active d=3.1 age=0 som=3/8 dtg=6.37 region=1_23
ep=208 s=200 2503ms [sel=3 cap=2371 rest=129] sg=3->3 mode=NONE win=8 obs=201 | cap=wip act=(320,360) d=3.05 a=1 | sp=som:active d=3.1 age=1 dtg=6.62 region=1_23
ep=208 s=201 3084ms [sel=3 cap=2955 rest=126] sg=3->3 mode=NONE win=8 obs=202 | cap=wip act=(320,360) d=2.80 a=1 | sp=som:active d=2.8 age=2 dtg=6.87 region=1_23
ep=208 s=202 3874ms [sel=3 cap=3737 rest=133] sg=3->3 mode=NONE win=8 obs=203 | cap=wip act=(320,360) d=2.55 a=1 | sp=som:active d=2.6 age=3 dtg=7.11 region=1_23
ep=208 s=203 5933ms [sel=3 cap=5800 rest=130] sg=3->3 mode=NONE win=8 obs=204 | cap=wip act=(320,360) d=2.30 a=1 | sp=som:active d=2.3 age=4 dtg=7.36 region=1_23
ep=208 s=204 4191ms [sel=3 cap=4062 rest=126] sg=3->3 mode=NONE win=8 obs=205 | cap=wip act=(320,360) d=2.05 a=1 | sp=som:active d=2.1 age=5 dtg=7.61 region=1_23
ep=208 s=205 4018ms [sel=3 cap=3886 rest=128] sg=3->3 mode=NONE win=8 obs=206 | cap=wip act=(320,360) d=1.80 a=1 | sp=som:active d=1.8 age=6 dtg=7.86 region=1_23
ep=208 s=206 3597ms [sel=3 cap=3464 rest=130] sg=3->3 mode=NONE win=8 obs=207 | cap=wip act=(320,360) d=1.55 a=1 | sp=som:active d=1.6 age=7 dtg=8.11 region=1_23
ep=208 s=207 3784ms [sel=3 cap=3659 rest=122] sg=3->3 mode=NONE win=8 obs=208 | cap=wip act=(320,360) d=1.30 a=1 | sp=som:active d=1.3 age=8 dtg=8.36 region=1_23
ep=208 s=208 4051ms [sel=3 cap=3925 rest=123] sg=3->3 mode=NONE win=8 obs=209 | cap=wip act=(320,360) d=1.05 a=1 | sp=som:active d=1.1 age=9 dtg=8.60 region=1_23
ep=208 s=209 2777ms [sel=3 cap=2654 rest=119] sg=3->3 mode=NONE win=8 obs=210 | cap=wip act=(320,360) d=0.80 a=1 | sp=som:active d=0.8 age=10 dtg=8.85 region=1_23
ep=208 s=210 3692ms [sel=4 cap=3563 rest=125] sg=3->3 mode=NONE win=8 obs=211 | cap=wip act=(320,360) d=0.56 a=1 | sp=som:active d=0.6 age=11 dtg=9.10 region=1_23
ep=208 s=211 4644ms [sel=981 cap=3546 rest=116] sg=3->3 mode=NONE win=8 obs=212 | cap=wip act=(320,360) d=3.00 a=1 | sp=som:active d=3.0 age=0 som=2/8 dtg=9.35 region=1_23
ep=208 s=212 4940ms [sel=3 cap=4821 rest=116] sg=3->3 mode=NONE win=8 obs=213 | cap=wip act=(320,360) d=2.75 a=1 | sp=som:active d=2.8 age=1 dtg=9.60 region=1_23
ep=208 s=213 5676ms [sel=3 cap=5558 rest=115] sg=3->3 mode=NONE win=8 obs=214 | cap=wip act=(320,360) d=2.50 a=1 | sp=som:active d=2.5 age=2 dtg=9.85 region=1_23
ep=208 s=214 4409ms [sel=3 cap=4288 rest=118] sg=3->3 mode=NONE win=8 obs=215 | cap=wip act=(320,360) d=2.25 a=1 | sp=som:active d=2.3 age=3 dtg=10.10 region=1_23
ep=208 s=215 5437ms [sel=3 cap=5315 rest=119] sg=3->3 mode=NONE win=8 obs=216 | cap=wip act=(320,360) d=2.00 a=1 | sp=som:active d=2.0 age=4 dtg=10.35 region=1_23
ep=208 s=216 4612ms [sel=3 cap=4487 rest=122] sg=3->3 mode=NONE win=8 obs=217 | cap=wip act=(320,360) d=1.75 a=1 | sp=som:active d=1.8 age=5 dtg=10.60 region=1_23
ep=208 s=217 3541ms [sel=3 cap=3417 rest=121] sg=3->3 mode=NONE win=8 obs=218 | cap=wip act=(320,360) d=1.50 a=1 | sp=som:active d=1.5 age=6 dtg=10.85 region=1_23
ep=208 s=218 4913ms [sel=3 cap=4787 rest=122] sg=3->3 mode=NONE win=8 obs=219 | cap=wip act=(320,360) d=1.25 a=1 | sp=som:active d=1.3 age=7 dtg=11.10 region=1_23
ep=208 s=219 4943ms [sel=677 cap=4147 rest=119] sg=3->3 mode=NONE win=8 obs=220 | cap=wip act=(320,360) d=3.22 a=1 | sp=som:active d=3.2 age=0 som=3/8 dtg=11.34 region=0_11
ep=208 s=220 3587ms [sel=3 cap=3466 rest=118] sg=3->3 mode=NONE win=8 obs=221 | cap=wip act=(320,360) d=2.97 a=3 | sp=som:active d=3.0 age=1 dtg=11.34 region=0_11
ep=208 s=221 6037ms [sel=3 cap=5916 rest=118] sg=3->3 mode=NONE win=8 obs=222 | cap=wip act=(320,360) d=2.97 a=1 | sp=som:active d=3.0 age=2 dtg=11.59 region=0_31
ep=208 s=222 3373ms [sel=3 cap=3251 rest=119] sg=3->3 mode=NONE win=8 obs=223 | cap=wip act=(320,360) d=2.74 a=1 | sp=som:active d=2.7 age=3 dtg=11.84 region=0_31
ep=208 s=223 4966ms [sel=3 cap=4839 rest=124] sg=3->3 mode=NONE win=8 obs=224 | cap=wip act=(320,360) d=2.52 a=1 | sp=som:active d=2.5 age=4 dtg=12.08 region=0_31
ep=208 s=224 5106ms [sel=52 cap=4432 rest=582] sg=3->3 mode=NONE win=8 obs=225 | cap=wip act=(160,180) d=3.58 a=3 | preview=view0/6 yaw=-180 render=39ms | sp=preview:active d=3.6 age=0 dtg=12.08 region=0_31
ep=208 s=225 5302ms [sel=31 cap=5152 rest=119] sg=3->3 mode=NONE win=8 obs=226 | cap=wip act=(320,360) d=3.58 a=3 | sp=preview:active d=3.6 age=1 dtg=12.08 region=0_31
ep=208 s=226 4976ms [sel=33 cap=4827 rest=116] sg=3->3 mode=NONE win=8 obs=227 | cap=wip act=(320,360) d=3.58 a=3 | sp=preview:active d=3.6 age=2 dtg=12.08 region=0_31
ep=208 s=227 5689ms [sel=38 cap=5525 rest=126] sg=3->3 mode=NONE win=8 obs=228 | cap=wip act=(320,360) d=3.58 a=3 | sp=preview:active d=3.6 age=3 dtg=12.08 region=0_31
ep=208 s=228 7322ms [sel=31 cap=7170 rest=121] sg=3->3 mode=NONE win=8 obs=229 | cap=wip act=(320,360) d=3.58 a=3 | sp=preview:active d=3.6 age=4 dtg=12.08 region=0_31
ep=208 s=229 3838ms [sel=31 cap=3697 rest=111] sg=3->3 mode=NONE win=8 obs=230 | cap=wip act=(320,360) d=3.58 a=3 | sp=preview:active d=3.6 age=5 dtg=12.08 region=0_31
ep=208 s=230 4662ms [sel=32 cap=4518 rest=112] sg=3->3 mode=NONE win=8 obs=231 | cap=wip act=(320,360) d=3.58 a=3 | sp=preview:active d=3.6 age=6 dtg=12.08 region=0_31
ep=208 s=231 4470ms [sel=33 cap=4324 rest=113] sg=3->3 mode=NONE win=8 obs=232 | cap=wip act=(320,360) d=3.58 a=3 | sp=preview:active d=3.6 age=7 dtg=12.08 region=0_31
ep=208 s=232 3869ms [sel=24 cap=3734 rest=111] sg=3->3 mode=NONE win=8 obs=233 | cap=wip act=(320,360) d=3.58 a=3 | sp=preview:active d=3.6 age=8 dtg=12.08 region=0_31
ep=208 s=233 7918ms [sel=3 cap=7803 rest=112] sg=3->3 mode=NONE win=8 obs=234 | cap=wip act=(320,360) d=3.58 a=3 | sp=preview:active d=3.6 age=9 dtg=12.08 region=0_31
ep=208 s=234 3374ms [sel=3 cap=3256 rest=115] sg=3->3 mode=NONE win=8 obs=235 | cap=wip act=(320,360) d=3.58 a=1 | sp=preview:active d=3.6 age=10 dtg=11.85 region=0_31
ep=208 s=235 3706ms [sel=3 cap=3588 rest=115] sg=3->3 mode=NONE win=8 obs=236 | cap=wip act=(320,360) d=3.34 a=3 | sp=preview:active d=3.3 age=11 dtg=11.85 region=0_31
ep=208 s=236 3836ms [sel=3 cap=3712 rest=121] sg=3->3 mode=NONE win=8 obs=237 | cap=wip act=(320,360) d=3.34 a=1 | sp=preview:active d=3.3 age=12 dtg=11.60 region=0_31
ep=208 s=237 3989ms [sel=3 cap=3861 rest=125] sg=3->3 mode=NONE win=8 obs=238 | cap=wip act=(320,360) d=3.09 a=1 | sp=preview:active d=3.1 age=13 dtg=11.35 region=0_11
ep=208 s=238 6315ms [sel=3 cap=6190 rest=122] sg=3->3 mode=NONE win=8 obs=239 | cap=wip act=(320,360) d=2.84 a=1 | sp=preview:active d=2.8 age=14 dtg=11.10 region=1_23
ep=208 s=239 5668ms [sel=3 cap=5548 rest=117] sg=3->3 mode=NONE win=8 obs=240 | cap=wip act=(320,360) d=2.59 a=1 | sp=preview:active d=2.6 age=15 dtg=10.85 region=1_23
ep=208 s=240 8457ms [sel=3 cap=8330 rest=124] sg=3->3 mode=NONE win=8 obs=241 | cap=wip act=(320,360) d=2.34 a=1 | sp=preview:active d=2.3 age=16 dtg=10.60 region=1_23
ep=208 s=241 7065ms [sel=3 cap=6945 rest=117] sg=3->3 mode=NONE win=8 obs=242 | cap=wip act=(320,360) d=2.09 a=1 | sp=preview:active d=2.1 age=17 dtg=10.35 region=1_23
ep=208 s=242 2883ms [sel=3 cap=2761 rest=119] sg=3->3 mode=NONE win=8 obs=243 | cap=wip act=(320,360) d=1.84 a=1 | sp=preview:active d=1.8 age=18 dtg=10.11 region=1_23
ep=208 s=243 3069ms [sel=3 cap=2947 rest=119] sg=3->3 mode=NONE win=8 obs=244 | cap=wip act=(320,360) d=1.59 a=1 | sp=preview:active d=1.6 age=19 dtg=9.86 region=1_23
ep=208 s=244 8021ms [sel=3 cap=7900 rest=119] sg=3->3 mode=NONE win=8 obs=245 | cap=wip act=(320,360) d=1.34 a=1 | sp=preview:active d=1.3 age=20 dtg=9.61 region=1_23
ep=208 s=245 7000ms [sel=3790 cap=3089 rest=121] sg=3->3 mode=NONE win=8 obs=246 | cap=wip act=(320,360) d=3.00 a=1 | sp=som:active d=3.0 age=0 som=1/8 dtg=9.36 region=1_23
ep=208 s=246 9935ms [sel=3 cap=9810 rest=121] sg=3->3 mode=NONE win=8 obs=247 | cap=wip act=(320,360) d=2.76 a=2 | sp=som:active d=2.8 age=1 dtg=9.36 region=1_23
ep=208 s=247 4538ms [sel=3 cap=4415 rest=120] sg=3->3 mode=NONE win=8 obs=248 | cap=wip act=(320,360) d=2.76 a=1 | sp=som:active d=2.8 age=2 dtg=9.13 region=1_23
ep=208 s=248 4464ms [sel=4 cap=4337 rest=122] sg=3->3 mode=NONE win=8 obs=249 | cap=wip act=(320,360) d=2.51 a=1 | sp=som:active d=2.5 age=3 dtg=8.90 region=1_23
ep=208 s=249 2978ms [sel=3 cap=2850 rest=125] sg=3->3 mode=NONE win=8 obs=250 | cap=wip act=(320,360) d=2.26 a=1 | sp=som:active d=2.3 age=4 dtg=8.67 region=1_23
ep=208 s=250 3008ms [sel=3 cap=2884 rest=121] sg=3->3 mode=NONE win=8 obs=251 | cap=wip act=(320,360) d=2.01 a=3 | sp=som:active d=2.0 age=5 dtg=8.67 region=1_23
ep=208 s=251 2907ms [sel=3 cap=2782 rest=121] sg=3->3 mode=NONE win=8 obs=252 | cap=wip act=(320,360) d=2.01 a=1 | sp=som:active d=2.0 age=6 dtg=8.43 region=1_23
ep=208 s=252 2891ms [sel=3 cap=2770 rest=118] sg=3->3 mode=NONE win=8 obs=253 | cap=wip act=(320,360) d=1.77 a=1 | sp=som:active d=1.8 age=7 dtg=8.18 region=1_23
ep=208 s=253 4276ms [sel=3 cap=4156 rest=117] sg=3->3 mode=NONE win=8 obs=254 | cap=wip act=(320,360) d=1.52 a=1 | sp=som:active d=1.5 age=8 dtg=7.93 region=1_23
ep=208 s=254 5922ms [sel=4 cap=5801 rest=117] sg=3->3 mode=NONE win=8 obs=255 | cap=wip act=(320,360) d=1.27 a=1 | sp=som:active d=1.3 age=9 dtg=7.69 region=1_23
ep=208 s=255 3540ms [sel=3 cap=3418 rest=118] sg=3->3 mode=NONE win=8 obs=256 | cap=wip act=(320,360) d=1.02 a=1 | sp=som:active d=1.0 age=10 dtg=7.44 region=1_23
ep=208 s=256 2726ms [sel=4 cap=2609 rest=114] sg=3->3 mode=NONE win=8 obs=257 | cap=wip act=(320,360) d=0.78 a=1 | sp=som:active d=0.8 age=11 dtg=7.20 region=1_23
ep=208 s=257 4819ms [sel=3 cap=4702 rest=114] sg=3->3 mode=NONE win=8 obs=258 | cap=wip act=(320,360) d=0.54 a=2 | sp=som:active d=0.5 age=12 dtg=7.20 region=1_23
ep=208 s=258 4536ms [sel=3 cap=4415 rest=118] sg=3->3 mode=NONE win=8 obs=259 | cap=wip act=(320,360) d=0.54 a=1 | sp=som:active d=0.5 age=13 dtg=6.98 region=1_23
ep=208 s=259 4463ms [sel=1550 cap=2792 rest=122] sg=3->3 mode=NONE win=8 obs=260 | cap=wip act=(320,360) d=2.99 a=1 | sp=som:active d=3.0 age=0 som=3/8 dtg=6.76 region=1_23
ep=208 s=260 3463ms [sel=3 cap=3344 rest=116] sg=3->3 mode=NONE win=8 obs=261 | cap=wip act=(320,360) d=2.76 a=3 | sp=som:active d=2.8 age=1 dtg=6.76 region=1_23
ep=208 s=261 4080ms [sel=3 cap=3963 rest=113] sg=3->3 mode=NONE win=8 obs=262 | cap=wip act=(320,360) d=2.76 a=3 | sp=som:active d=2.8 age=2 dtg=6.76 region=1_23
ep=208 s=262 4466ms [sel=3 cap=4344 rest=119] sg=3->3 mode=NONE win=8 obs=263 | cap=wip act=(320,360) d=2.76 a=1 | sp=som:active d=2.8 age=3 dtg=6.51 region=1_23
ep=208 s=263 6554ms [sel=3 cap=6438 rest=113] sg=3->3 mode=NONE win=8 obs=264 | cap=wip act=(320,360) d=2.51 a=1 | sp=som:active d=2.5 age=4 dtg=6.26 region=1_23
ep=208 s=264 4702ms [sel=4 cap=4587 rest=111] sg=3->3 mode=NONE win=8 obs=265 | cap=wip act=(320,360) d=2.26 a=1 | sp=som:active d=2.3 age=5 dtg=6.01 region=1_23
ep=208 s=265 4541ms [sel=3 cap=4431 rest=107] sg=3->3 mode=NONE win=8 obs=266 | cap=wip act=(320,360) d=2.02 a=1 | sp=som:active d=2.0 age=6 dtg=5.76 region=1_23
ep=208 s=266 3041ms [sel=3 cap=2927 rest=111] sg=3->3 mode=NONE win=8 obs=267 | cap=wip act=(320,360) d=1.77 a=1 | sp=som:active d=1.8 age=7 dtg=5.51 region=1_23
ep=208 s=267 3436ms [sel=3 cap=3300 rest=133] sg=3->3 mode=NONE win=8 obs=268 | cap=wip act=(320,360) d=1.52 a=1 | sp=som:active d=1.5 age=8 dtg=5.26 region=1_23
ep=208 s=268 7009ms [sel=696 cap=6195 rest=119] sg=3->4 mode=NONE win=8 obs=269 | cap=DONE act=(320,360) d=3.00 a=2 | sp=som:active d=3.0 age=0 som=2/7 dtg=5.26 region=1_23
ep=208 s=269 7267ms [sel=3 cap=7152 rest=112] sg=4->4 mode=NONE win=8 obs=270 | cap=wip act=(320,360) d=3.00 a=1 | sp=som:active d=3.0 age=1 dtg=5.02 region=1_23
ep=208 s=270 9253ms [sel=3 cap=8680 rest=531] sg=4->4 mode=NONE win=8 obs=271 | cap=wip act=(320,360) d=2.75 a=3 | preview=view-/6 yaw=+0 render=39ms | sp=som:active d=2.8 age=2 dtg=5.02 region=1_23
ep=208 s=271 4298ms [sel=3 cap=4181 rest=114] sg=4->4 mode=NONE win=8 obs=272 | cap=wip act=(320,360) d=2.75 a=1 | sp=som:active d=2.8 age=3 dtg=4.77 region=1_23
ep=208 s=272 5507ms [sel=4 cap=5388 rest=114] sg=4->4 mode=NONE win=8 obs=273 | cap=wip act=(320,360) d=2.50 a=1 | sp=som:active d=2.5 age=4 dtg=4.52 region=1_23
ep=208 s=273 14425ms [sel=3 cap=13846 rest=537] sg=4->4 mode=NONE win=8 obs=274 | cap=wip act=(320,360) d=2.26 a=1 | preview=view-/6 yaw=+0 render=38ms | sp=som:active d=2.3 age=5 dtg=4.27 region=1_22
ep=208 s=274 5270ms [sel=3 cap=5153 rest=114] sg=4->4 mode=NONE win=8 obs=275 | cap=wip act=(320,360) d=2.01 a=2 | sp=som:active d=2.0 age=6 dtg=4.27 region=1_22
ep=208 s=275 7750ms [sel=3 cap=7637 rest=110] sg=4->4 mode=NONE win=8 obs=276 | cap=wip act=(320,360) d=2.01 a=1 | sp=som:active d=2.0 age=7 dtg=4.03 region=1_22
ep=208 s=276 16233ms [sel=3 cap=15649 rest=544] sg=4->4 mode=NONE win=8 obs=277 | cap=wip act=(320,360) d=1.76 a=1 | preview=view-/6 yaw=+0 render=37ms | sp=som:active d=1.8 age=8 dtg=3.80 region=1_22
ep=208 s=277 7896ms [sel=3 cap=7783 rest=110] sg=4->4 mode=NONE win=8 obs=278 | cap=wip act=(320,360) d=1.51 a=1 | sp=som:active d=1.5 age=9 dtg=3.57 region=1_22
ep=208 s=278 7459ms [sel=4 cap=7339 rest=115] sg=4->4 mode=NONE win=8 obs=279 | cap=wip act=(320,360) d=1.26 a=1 | sp=som:active d=1.3 age=10 dtg=3.34 region=1_22
ep=208 s=279 11190ms [sel=6 cap=10608 rest=539] sg=4->None mode=NONE win=8 obs=280 | cap=DONE act=(320,360) d=1.00 a=1 | preview=view-/6 yaw=+0 render=37ms | sp=som:active d=1.0 age=11 ovr=3 door_evts=6 dtg=3.11 region=1_22
ep=208 s=280 125ms [sel=5 cap=0 rest=120] sg=None->None mode=NONE win=8 obs=281 | cap=- act=(320,360) d=1.00 a=1 | sp=som:active d=0.8 age=12 ovr=3 door_evts=6 dtg=2.89 region=1_22
ep=208 s=281 125ms [sel=5 cap=0 rest=120] sg=None->None mode=NONE win=8 obs=282 | cap=- act=(320,360) d=1.00 a=1 | sp=som:active d=0.5 age=13 ovr=3 door_evts=6 dtg=2.67 region=None
ep=208 s=282 122ms [sel=0 cap=0 rest=122] sg=None->None mode=NONE win=8 obs=283 | cap=- act=STOP | sp=som:reached d=0.3 age=14 ovr=3 door_evts=6 dtg=2.67 region=None
rank=0 [4/17] id=208 steps=283 success=1.000 spl=0.253 dtg=2.67 osr=1 path_length=45.65 ndtw=0.001 sdtw=0.001
PluginManager::Manager: duplicate static plugin StbImageImporter, ignoring
PluginManager::Manager: duplicate static plugin GltfImporter, ignoring
PluginManager::Manager: duplicate static plugin BasisImporter, ignoring
PluginManager::Manager: duplicate static plugin AssimpImporter, ignoring
PluginManager::Manager: duplicate static plugin AnySceneImporter, ignoring
PluginManager::Manager: duplicate static plugin AnyImageImporter, ignoring
episode=361 instruction="So head on into the kitchen, and once you've gone past the counters go to the left. Then carry straight on into that small room, the one with the sink in it. And stop next to the door." start_position=[5.932779788970947, 0.17162801325321198, -2.3794898986816406] goal_position=[11.279899597167969, 0.17162801325321198, -5.680339813232422] reference_geodesic=9.068964004516602
episode=361 prepared_subgoals=4
  [1] Enter the kitchen
      proof: The camera has crossed the kitchen threshold and the kitchen interior is central in the view.
  [2] Walk past the kitchen counters
      proof: The kitchen counters is beside or directly ahead of the camera, within a step; the camera has not yet turned left.
  [3] Turn left after the counters, then walk straight into the small room
      proof: The camera has crossed the threshold into the small room and the room's interior is central in the view.
  [4] Stop next to the door in the small room
      proof: The door is beside the camera, within a step, and the camera is stationary
ep=361 s=0 8726ms [sel=29 cap=8195 rest=466] sg=1->1 mode=NONE win=1 obs=1 | cap=wip act=(160,180) d=5.85 a=3 | preview=view4/6 yaw=+90 render=36ms | sp=preview:active d=5.9 age=0 dtg=9.07 region=0_18
ep=361 s=1 5222ms [sel=6 cap=5099 rest=117] sg=1->1 mode=GET_NOWHERE win=2 obs=2 | cap=wip/GET_NOWHERE act=(320,360) d=5.85 a=3 | sp=preview:active d=5.9 age=1 dtg=9.07 region=0_18
ep=361 s=2 3739ms [sel=6 cap=3614 rest=119] sg=1->1 mode=GET_NOWHERE win=3 obs=3 | cap=wip/GET_NOWHERE act=(320,360) d=5.85 a=3 | sp=preview:active d=5.9 age=2 dtg=9.07 region=0_18
ep=361 s=3 4777ms [sel=6 cap=4655 rest=116] sg=1->1 mode=NONE win=4 obs=4 | cap=wip act=(320,360) d=5.85 a=3 | sp=preview:active d=5.9 age=3 dtg=9.07 region=0_18
ep=361 s=4 6397ms [sel=10 cap=6276 rest=112] sg=1->1 mode=NONE win=5 obs=5 | cap=wip act=(320,360) d=5.85 a=3 | sp=preview:active d=5.9 age=4 dtg=9.07 region=0_18
ep=361 s=5 5861ms [sel=9 cap=5746 rest=105] sg=1->1 mode=NONE win=6 obs=6 | cap=wip act=(320,360) d=5.85 a=3 | sp=preview:active d=5.9 age=5 dtg=9.07 region=0_18
ep=361 s=6 4540ms [sel=10 cap=4430 rest=100] sg=1->1 mode=NONE win=7 obs=7 | cap=wip act=(320,360) d=5.85 a=1 | sp=preview:active d=5.9 age=6 dtg=8.82 region=0_18
ep=361 s=7 5462ms [sel=8 cap=5344 rest=110] sg=1->1 mode=NONE win=8 obs=8 | cap=wip act=(320,360) d=5.60 a=1 | sp=preview:active d=5.6 age=7 dtg=8.57 region=0_18
ep=361 s=8 4782ms [sel=6 cap=4674 rest=102] sg=1->1 mode=NONE win=8 obs=9 | cap=wip act=(320,360) d=5.35 a=1 | sp=preview:active d=5.4 age=8 dtg=8.32 region=0_10
ep=361 s=9 10912ms [sel=2732 cap=8075 rest=105] sg=1->2 mode=NONE win=8 obs=10 | cap=DONE act=(320,360) d=3.00 a=1 | sp=som:active d=3.0 age=0 som=3/6 dtg=8.07 region=0_10
ep=361 s=10 4232ms [sel=3 cap=4120 rest=109] sg=2->2 mode=NONE win=8 obs=11 | cap=wip act=(320,360) d=2.75 a=1 | sp=som:active d=2.8 age=1 dtg=7.82 region=0_10
ep=361 s=11 5346ms [sel=3 cap=5238 rest=105] sg=2->2 mode=NONE win=8 obs=12 | cap=wip act=(320,360) d=2.50 a=1 | sp=som:active d=2.5 age=2 dtg=7.57 region=0_10
ep=361 s=12 6036ms [sel=3 cap=5922 rest=110] sg=2->2 mode=NONE win=8 obs=13 | cap=wip act=(320,360) d=2.25 a=1 | sp=som:active d=2.3 age=3 dtg=7.33 region=0_10
ep=361 s=13 4250ms [sel=3 cap=4142 rest=105] sg=2->2 mode=NONE win=8 obs=14 | cap=wip act=(320,360) d=2.00 a=1 | sp=som:active d=2.0 age=4 dtg=7.08 region=0_10
ep=361 s=14 5322ms [sel=3 cap=5205 rest=113] sg=2->2 mode=NONE win=8 obs=15 | cap=wip act=(320,360) d=1.75 a=1 | sp=som:active d=1.8 age=5 dtg=6.83 region=0_10
ep=361 s=15 6619ms [sel=3 cap=6512 rest=105] sg=2->2 mode=NONE win=8 obs=16 | cap=wip act=(320,360) d=1.50 a=1 | sp=som:active d=1.5 age=6 dtg=6.58 region=0_10
ep=361 s=16 3843ms [sel=3 cap=3735 rest=105] sg=2->2 mode=NONE win=8 obs=17 | cap=wip act=(320,360) d=1.25 a=1 | sp=som:active d=1.3 age=7 dtg=6.33 region=0_10
ep=361 s=17 4481ms [sel=3 cap=4374 rest=104] sg=2->2 mode=NONE win=8 obs=18 | cap=wip act=(320,360) d=1.00 a=1 | sp=som:active d=1.0 age=8 dtg=6.08 region=0_10
ep=361 s=18 4067ms [sel=3 cap=3961 rest=103] sg=2->2 mode=NONE win=8 obs=19 | cap=wip act=(320,360) d=0.75 a=1 | sp=som:active d=0.8 age=9 dtg=5.84 region=0_10
ep=361 s=19 4076ms [sel=3 cap=3971 rest=102] sg=2->2 mode=NONE win=8 obs=20 | cap=wip act=(320,360) d=0.50 a=1 | sp=som:active d=0.5 age=10 dtg=5.59 region=0_10
ep=361 s=20 9036ms [sel=2908 cap=6026 rest=102] sg=2->2 mode=NONE win=8 obs=21 | cap=wip act=(320,360) d=2.96 a=1 | sp=som:active d=3.0 age=0 som=2/7 dtg=5.34 region=0_10
ep=361 s=21 5595ms [sel=3 cap=5490 rest=102] sg=2->2 mode=NONE win=8 obs=22 | cap=wip act=(320,360) d=2.71 a=1 | sp=som:active d=2.7 age=1 dtg=5.10 region=0_10
ep=361 s=22 8154ms [sel=3 cap=8047 rest=104] sg=2->2 mode=NONE win=8 obs=23 | cap=wip act=(320,360) d=2.46 a=1 | sp=som:active d=2.5 age=2 dtg=4.85 region=0_10
ep=361 s=23 10534ms [sel=21 cap=9964 rest=512] sg=2->2 mode=NONE win=8 obs=24 | cap=wip act=(160,180) d=3.41 a=1 | preview=view3/6 yaw=+0 render=38ms | sp=preview:active d=3.4 age=0 dtg=4.61 region=0_10
ep=361 s=24 3912ms [sel=3 cap=3805 rest=104] sg=2->2 mode=NONE win=8 obs=25 | cap=wip act=(320,360) d=3.16 a=1 | sp=preview:active d=3.2 age=1 dtg=4.37 region=0_10
ep=361 s=25 4184ms [sel=3 cap=4079 rest=102] sg=2->2 mode=NONE win=8 obs=26 | cap=wip act=(320,360) d=2.91 a=1 | sp=preview:active d=2.9 age=2 dtg=4.14 region=0_19
ep=361 s=26 4099ms [sel=3 cap=3997 rest=99] sg=2->2 mode=NONE win=8 obs=27 | cap=wip act=(320,360) d=2.66 a=1 | sp=preview:active d=2.7 age=3 dtg=3.92 region=0_19
ep=361 s=27 4271ms [sel=3 cap=4171 rest=97] sg=2->2 mode=NONE win=8 obs=28 | cap=wip act=(320,360) d=2.41 a=1 | sp=preview:active d=2.4 age=4 dtg=3.71 region=0_19
ep=361 s=28 6818ms [sel=21 cap=6265 rest=496] sg=2->2 mode=NONE win=8 obs=29 | cap=wip act=(160,180) d=3.48 a=1 | preview=view4/6 yaw=+45 render=36ms | sp=preview:active d=3.5 age=0 dtg=3.55 region=0_19
ep=361 s=29 3549ms [sel=3 cap=3452 rest=94] sg=2->2 mode=NONE win=8 obs=30 | cap=wip act=(320,360) d=3.23 a=1 | sp=preview:active d=3.2 age=1 dtg=3.47 region=0_19
ep=361 s=30 3928ms [sel=3 cap=3825 rest=100] sg=2->2 mode=NONE win=8 obs=31 | cap=wip act=(320,360) d=2.98 a=1 | sp=preview:active d=3.0 age=2 dtg=3.46 region=0_19
ep=361 s=31 5694ms [sel=3 cap=5125 rest=515] sg=2->2 mode=NONE win=8 obs=32 | cap=wip act=(320,360) d=2.74 a=1 | preview=view-/6 yaw=+0 render=51ms | sp=preview:active d=2.7 age=3 dtg=3.50 region=0_19
ep=361 s=32 4395ms [sel=3 cap=4287 rest=104] sg=2->2 mode=NONE win=8 obs=33 | cap=wip act=(320,360) d=2.49 a=1 | sp=preview:active d=2.5 age=4 dtg=3.59 region=0_19
ep=361 s=33 4523ms [sel=3 cap=4410 rest=110] sg=2->2 mode=NONE win=8 obs=34 | cap=wip act=(320,360) d=2.25 a=1 | sp=preview:active d=2.2 age=5 dtg=3.69 region=0_19
ep=361 s=34 4221ms [sel=3 cap=4109 rest=109] sg=2->2 mode=NONE win=8 obs=35 | cap=wip act=(320,360) d=2.00 a=1 | sp=preview:active d=2.0 age=6 dtg=3.82 region=0_9
ep=361 s=35 5028ms [sel=3 cap=4914 rest=111] sg=2->2 mode=NONE win=8 obs=36 | cap=wip act=(320,360) d=1.76 a=1 | sp=preview:active d=1.8 age=7 dtg=3.97 region=0_9
ep=361 s=36 5053ms [sel=3 cap=4935 rest=115] sg=2->2 mode=NONE win=8 obs=37 | cap=wip act=(320,360) d=1.52 a=1 | sp=preview:active d=1.5 age=8 dtg=4.16 region=0_9
ep=361 s=37 4725ms [sel=4 cap=4597 rest=124] sg=2->2 mode=NONE win=8 obs=38 | cap=wip act=(320,360) d=1.28 a=3 | sp=preview:active d=1.3 age=9 dtg=4.16 region=0_9
ep=361 s=38 3990ms [sel=63 cap=3374 rest=517] sg=2->2 mode=NONE win=8 obs=39 | cap=wip act=(160,180) d=5.57 a=3 | preview=view4/6 yaw=+75 render=36ms | sp=preview:active d=5.6 age=0 dtg=4.16 region=0_9
ep=361 s=39 8514ms [sel=41 cap=8364 rest=109] sg=2->2 mode=NONE win=8 obs=40 | cap=wip act=(320,360) d=5.57 a=3 | sp=preview:active d=5.6 age=1 dtg=4.16 region=0_9
ep=361 s=40 4162ms [sel=35 cap=4017 rest=109] sg=2->2 mode=NONE win=8 obs=41 | cap=wip act=(320,360) d=5.57 a=3 | sp=preview:active d=5.6 age=2 dtg=4.16 region=0_9
ep=361 s=41 7163ms [sel=10 cap=6600 rest=511] sg=2->2 mode=NONE win=8 obs=42 | cap=wip act=(320,360) d=5.57 a=3 | preview=view-/6 yaw=+0 render=41ms | sp=preview:active d=5.6 age=3 dtg=4.16 region=0_9
ep=361 s=42 8900ms [sel=7 cap=8788 rest=105] sg=2->2 mode=NONE win=8 obs=43 | cap=wip act=(320,360) d=5.57 a=3 | sp=preview:active d=5.6 age=4 dtg=4.16 region=0_9
ep=361 s=43 3505ms [sel=8 cap=3393 rest=104] sg=2->2 mode=NONE win=8 obs=44 | cap=wip act=(320,360) d=5.57 a=1 | sp=preview:active d=5.6 age=5 dtg=4.32 region=0_9
ep=361 s=44 6866ms [sel=24 cap=6242 rest=549] sg=2->2 mode=NONE win=8 obs=45 | cap=wip act=(160,180) d=5.32 a=1 | preview=view2/6 yaw=-15 render=51ms | sp=preview:active d=5.3 age=0 dtg=4.51 region=0_9
ep=361 s=45 2979ms [sel=4 cap=2871 rest=104] sg=2->2 mode=NONE win=8 obs=46 | cap=wip act=(320,360) d=5.07 a=1 | sp=preview:active d=5.1 age=1 dtg=4.72 region=0_9
ep=361 s=46 4063ms [sel=3 cap=3957 rest=103] sg=2->2 mode=NONE win=8 obs=47 | cap=wip act=(320,360) d=4.83 a=1 | sp=preview:active d=4.8 age=2 dtg=4.93 region=0_9
ep=361 s=47 6526ms [sel=4 cap=6416 rest=107] sg=2->2 mode=NONE win=8 obs=48 | cap=wip act=(320,360) d=4.58 a=1 | sp=preview:active d=4.6 age=3 dtg=5.15 region=0_9
ep=361 s=48 7356ms [sel=3 cap=7247 rest=106] sg=2->2 mode=NONE win=8 obs=49 | cap=wip act=(320,360) d=4.33 a=1 | sp=preview:active d=4.3 age=4 dtg=5.37 region=0_9
ep=361 s=49 6598ms [sel=3 cap=6490 rest=105] sg=2->2 mode=NONE win=8 obs=50 | cap=wip act=(320,360) d=4.08 a=1 | sp=preview:active d=4.1 age=5 dtg=5.59 region=0_9
ep=361 s=50 5032ms [sel=4 cap=4922 rest=107] sg=2->2 mode=NONE win=8 obs=51 | cap=wip act=(320,360) d=3.83 a=1 | sp=preview:active d=3.8 age=6 dtg=5.82 region=0_9
ep=361 s=51 6446ms [sel=3 cap=6339 rest=105] sg=2->2 mode=NONE win=8 obs=52 | cap=wip act=(320,360) d=3.59 a=1 | sp=preview:active d=3.6 age=7 dtg=6.05 region=0_9
ep=361 s=52 5941ms [sel=3 cap=5831 rest=107] sg=2->2 mode=NONE win=8 obs=53 | cap=wip act=(320,360) d=3.34 a=1 | sp=preview:active d=3.3 age=8 dtg=6.28 region=0_9
ep=361 s=53 3193ms [sel=3 cap=3078 rest=112] sg=2->2 mode=NONE win=8 obs=54 | cap=wip act=(320,360) d=3.09 a=1 | sp=preview:active d=3.1 age=9 dtg=6.51 region=0_9
ep=361 s=54 6656ms [sel=42 cap=6042 rest=534] sg=2->2 mode=NONE win=8 obs=55 | cap=wip act=(160,180) d=3.41 a=3 | preview=view5/6 yaw=+90 render=38ms | sp=preview:active d=3.4 age=0 dtg=6.51 region=0_9
ep=361 s=55 5224ms [sel=0 cap=5114 rest=110] sg=2->3 mode=NONE win=8 obs=56 | cap=DONE act=TURN request=-45deg execute=-15deg x1 a=2 | sp=preview:active d=3.4 age=1 door_evts=1 dtg=6.51 region=0_9
ep=361 s=56 5007ms [sel=0 cap=4897 rest=110] sg=3->3 mode=TURN_OSCILLATION win=8 obs=57 | cap=wip/TURN_OSCILLATION act=TURN request=-45deg execute=-15deg x1 a=2 | sp=- door_evts=1 dtg=6.51 region=0_9
ep=361 s=57 5010ms [sel=0 cap=4896 rest=114] sg=3->3 mode=NONE win=8 obs=58 | cap=wip act=TURN request=-45deg execute=-15deg x1 a=2 | sp=- door_evts=1 dtg=6.51 region=0_9
ep=361 s=58 5096ms [sel=0 cap=4981 rest=115] sg=3->3 mode=NONE win=8 obs=59 | cap=wip act=TURN request=-45deg execute=-15deg x1 a=2 | sp=- door_evts=1 dtg=6.51 region=0_9
ep=361 s=59 5954ms [sel=0 cap=5845 rest=109] sg=3->3 mode=NONE win=8 obs=60 | cap=wip act=TURN request=-45deg execute=-15deg x1 a=2 | sp=- door_evts=1 dtg=6.51 region=0_9
ep=361 s=60 6058ms [sel=2048 cap=3896 rest=115] sg=3->3 mode=NONE win=8 obs=61 | cap=wip act=(320,360) d=1.02 a=3 | sp=som:active d=1.0 age=0 som=5/8 dtg=6.51 region=0_9
ep=361 s=61 3131ms [sel=9 cap=3011 rest=111] sg=3->3 mode=NONE win=8 obs=62 | cap=wip act=(320,360) d=1.02 a=3 | sp=som:active d=1.0 age=1 dtg=6.51 region=0_9
ep=361 s=62 3101ms [sel=5 cap=2982 rest=114] sg=3->3 mode=NONE win=8 obs=63 | cap=wip act=(320,360) d=1.02 a=3 | sp=som:active d=1.0 age=2 dtg=6.51 region=0_9
ep=361 s=63 6821ms [sel=3 cap=6701 rest=117] sg=3->3 mode=NONE win=8 obs=64 | cap=wip act=(320,360) d=1.02 a=3 | sp=som:active d=1.0 age=3 dtg=6.51 region=0_9
ep=361 s=64 5010ms [sel=3 cap=4454 rest=515] sg=3->3 mode=NONE win=8 obs=65 | cap=wip act=(320,360) d=1.02 a=1 | preview=view-/6 yaw=+0 render=38ms | sp=som:active d=1.0 age=4 dtg=6.74 region=0_11
ep=361 s=65 8672ms [sel=4 cap=8557 rest=111] sg=3->3 mode=NONE win=8 obs=66 | cap=wip act=(320,360) d=0.78 a=1 | sp=som:active d=0.8 age=5 dtg=6.98 region=0_11
ep=361 s=66 7048ms [sel=3 cap=6930 rest=114] sg=3->3 mode=NONE win=8 obs=67 | cap=wip act=(320,360) d=0.54 a=3 | sp=som:active d=0.5 age=6 dtg=6.98 region=0_11
ep=361 s=67 9728ms [sel=34 cap=9160 rest=496] sg=3->3 mode=NONE win=8 obs=68 | cap=wip act=(160,180) d=5.78 a=3 | preview=view4/6 yaw=+75 render=38ms | sp=preview:active d=5.8 age=0 dtg=6.98 region=0_11
ep=361 s=68 5001ms [sel=13 cap=4875 rest=113] sg=3->3 mode=NONE win=8 obs=69 | cap=wip act=(320,360) d=5.78 a=1 | sp=preview:active d=5.8 age=1 dtg=7.15 region=0_11
ep=361 s=69 8245ms [sel=7 cap=8117 rest=121] sg=3->3 mode=NONE win=8 obs=70 | cap=wip act=(320,360) d=5.55 a=3 | sp=preview:active d=5.6 age=2 dtg=7.15 region=0_11
ep=361 s=70 3172ms [sel=8 cap=3058 rest=106] sg=3->3 mode=NONE win=8 obs=71 | cap=wip act=(320,360) d=5.55 a=1 | sp=preview:active d=5.6 age=3 dtg=7.27 region=0_11
ep=361 s=71 7853ms [sel=6 cap=7742 rest=105] sg=3->3 mode=NONE win=8 obs=72 | cap=wip act=(320,360) d=5.30 a=1 | sp=preview:active d=5.3 age=4 dtg=7.40 region=0_11
ep=361 s=72 8508ms [sel=26 cap=7939 rest=506] sg=3->3 mode=NONE win=8 obs=73 | cap=wip act=(160,180) d=4.98 a=1 | preview=view3/6 yaw=+0 render=37ms | sp=preview:active d=5.0 age=0 dtg=7.54 region=0_11
ep=361 s=73 4937ms [sel=4 cap=4821 rest=113] sg=3->3 mode=NONE win=8 obs=74 | cap=wip act=(320,360) d=4.73 a=1 | sp=preview:active d=4.7 age=1 dtg=7.68 region=0_11
ep=361 s=74 8729ms [sel=3 cap=8616 rest=110] sg=3->3 mode=NONE win=8 obs=75 | cap=wip act=(320,360) d=4.48 a=1 | sp=preview:active d=4.5 age=2 dtg=7.84 region=0_11
ep=361 s=75 5494ms [sel=3 cap=5385 rest=106] sg=3->3 mode=NONE win=8 obs=76 | cap=wip act=(320,360) d=4.24 a=1 | sp=preview:active d=4.2 age=3 dtg=8.00 region=0_11
ep=361 s=76 5602ms [sel=3 cap=5493 rest=105] sg=3->3 mode=NONE win=8 obs=77 | cap=wip act=(320,360) d=3.99 a=1 | sp=preview:active d=4.0 age=4 dtg=8.18 region=0_11
ep=361 s=77 7143ms [sel=3 cap=7031 rest=109] sg=3->3 mode=NONE win=8 obs=78 | cap=wip act=(320,360) d=3.75 a=1 | sp=preview:active d=3.7 age=5 dtg=8.38 region=0_11
ep=361 s=78 4433ms [sel=3 cap=4321 rest=109] sg=3->3 mode=NONE win=8 obs=79 | cap=wip act=(320,360) d=3.50 a=1 | sp=preview:active d=3.5 age=6 dtg=8.59 region=0_11
ep=361 s=79 9980ms [sel=2756 cap=7118 rest=106] sg=3->4 mode=NONE win=8 obs=80 | cap=DONE act=(320,360) d=1.60 a=1 | sp=som:active d=1.6 age=0 som=1/7 dtg=8.82 region=0_11
ep=361 s=80 5920ms [sel=3 cap=5813 rest=103] sg=4->4 mode=NONE win=8 obs=81 | cap=wip act=(320,360) d=1.36 a=1 | sp=som:active d=1.4 age=1 dtg=9.05 region=0_11
ep=361 s=81 16686ms [sel=3 cap=16154 rest=489] sg=4->4 mode=NONE win=8 obs=82 | cap=wip act=(320,360) d=1.12 a=2 | preview=view-/6 yaw=+0 render=40ms | sp=som:active d=1.1 age=2 dtg=9.05 region=0_11
ep=361 s=82 7454ms [sel=3 cap=7344 rest=107] sg=4->4 mode=NONE win=8 obs=83 | cap=wip act=(320,360) d=1.12 a=1 | sp=som:active d=1.1 age=3 dtg=9.31 region=0_11
ep=361 s=83 6383ms [sel=3 cap=6277 rest=103] sg=4->4 mode=NONE win=8 obs=84 | cap=wip act=(320,360) d=0.88 a=1 | sp=som:active d=0.9 age=4 dtg=9.56 region=0_11
ep=361 s=84 13443ms [sel=3 cap=12916 rest=487] sg=4->4 mode=NONE win=8 obs=85 | cap=wip act=(320,360) d=0.63 a=2 | preview=view-/6 yaw=+0 render=37ms | sp=som:active d=0.6 age=5 dtg=9.56 region=0_11
ep=361 s=85 18165ms [sel=3 cap=18059 rest=103] sg=4->4 mode=NONE win=8 obs=86 | cap=wip act=(320,360) d=0.63 a=1 | sp=som:active d=0.6 age=6 dtg=9.80 region=0_11
ep=361 s=86 9734ms [sel=680 cap=8943 rest=110] sg=4->4 mode=NONE win=8 obs=87 | cap=wip act=(320,360) d=1.42 a=2 | sp=frontier:active d=1.4 age=0 som=1/6 dtg=9.80 region=0_11
ep=361 s=87 13063ms [sel=13 cap=12550 rest=463] sg=4->4 mode=NONE win=8 obs=88 | cap=wip act=(320,360) d=1.42 a=2 | preview=view-/6 yaw=+0 render=37ms | sp=frontier:active d=1.4 age=1 dtg=9.80 region=0_11
ep=361 s=88 4059ms [sel=14 cap=3943 rest=103] sg=4->4 mode=NONE win=8 obs=89 | cap=wip act=(320,360) d=1.42 a=2 | sp=frontier:active d=1.4 age=2 dtg=9.80 region=0_11
ep=361 s=89 4731ms [sel=13 cap=4612 rest=106] sg=4->4 mode=NONE win=8 obs=90 | cap=wip act=(320,360) d=1.42 a=2 | sp=frontier:active d=1.4 age=3 dtg=9.80 region=0_11
ep=361 s=90 16931ms [sel=13 cap=16371 rest=510] sg=4->4 mode=NONE win=8 obs=91 | cap=wip act=(320,360) d=1.42 a=2 | preview=view-/6 yaw=+0 render=38ms | sp=frontier:active d=1.4 age=4 dtg=9.80 region=0_11
ep=361 s=91 7550ms [sel=12 cap=7433 rest=105] sg=4->4 mode=NONE win=8 obs=92 | cap=wip act=(320,360) d=1.42 a=2 | sp=frontier:active d=1.4 age=5 dtg=9.80 region=0_11
ep=361 s=92 5546ms [sel=3 cap=5440 rest=103] sg=4->4 mode=NONE win=8 obs=93 | cap=wip act=(320,360) d=1.42 a=2 | sp=frontier:active d=1.4 age=6 dtg=9.80 region=0_11
ep=361 s=93 11505ms [sel=3 cap=10975 rest=490] sg=4->4 mode=NONE win=8 obs=94 | cap=wip act=(320,360) d=1.42 a=2 | preview=view-/6 yaw=+0 render=38ms | sp=frontier:active d=1.4 age=7 dtg=9.80 region=0_11
ep=361 s=94 9592ms [sel=3 cap=9478 rest=111] sg=4->4 mode=NONE win=8 obs=95 | cap=wip act=(320,360) d=1.42 a=1 | sp=frontier:active d=1.4 age=8 dtg=9.65 region=0_11
ep=361 s=95 14482ms [sel=3 cap=14368 rest=111] sg=4->4 mode=NONE win=8 obs=96 | cap=wip act=(320,360) d=1.17 a=2 | sp=frontier:active d=1.2 age=9 dtg=9.65 region=0_11
ep=361 s=96 16615ms [sel=3 cap=16074 rest=501] sg=4->4 mode=NONE win=8 obs=97 | cap=wip act=(320,360) d=1.17 a=1 | preview=view-/6 yaw=+0 render=37ms | sp=frontier:active d=1.2 age=10 dtg=9.46 region=0_11
ep=361 s=97 5845ms [sel=3 cap=5732 rest=111] sg=4->4 mode=NONE win=8 obs=98 | cap=wip act=(320,360) d=0.94 a=1 | sp=frontier:active d=0.9 age=11 dtg=9.28 region=0_11
ep=361 s=98 12369ms [sel=3 cap=12255 rest=111] sg=4->4 mode=NONE win=8 obs=99 | cap=wip act=(320,360) d=0.71 a=3 | sp=frontier:active d=0.7 age=12 dtg=9.28 region=0_11
ep=361 s=99 11250ms [sel=3 cap=10743 rest=467] sg=4->4 mode=NONE win=8 obs=100 | cap=wip act=(320,360) d=0.71 a=1 | preview=view-/6 yaw=+0 render=37ms | sp=frontier:active d=0.7 age=13 dtg=9.18 region=0_11
ep=361 s=100 15659ms [sel=58 cap=15486 rest=115] sg=4->4 mode=NONE win=8 obs=101 | cap=wip act=(320,360) d=3.99 a=2 | sp=frontier:active d=4.0 age=0 dtg=9.18 region=0_11
ep=361 s=101 16427ms [sel=3 cap=16293 rest=131] sg=4->4 mode=NONE win=8 obs=102 | cap=wip act=(320,360) d=3.99 a=1 | sp=frontier:active d=4.0 age=1 dtg=9.05 region=0_11
ep=361 s=102 16580ms [sel=4 cap=16466 rest=110] sg=4->4 mode=NONE win=8 obs=103 | cap=wip act=(320,360) d=3.76 a=2 | sp=frontier:active d=3.8 age=2 dtg=9.05 region=0_11
ep=361 s=103 15287ms [sel=3 cap=15180 rest=105] sg=4->4 mode=NONE win=8 obs=104 | cap=wip act=(320,360) d=3.76 a=1 | sp=frontier:active d=3.8 age=3 dtg=8.88 region=0_11
ep=361 s=104 4547ms [sel=3 cap=4440 rest=104] sg=4->4 mode=NONE win=8 obs=105 | cap=wip act=(320,360) d=3.51 a=1 | sp=frontier:active d=3.5 age=4 dtg=8.72 region=0_11
ep=361 s=105 12249ms [sel=3 cap=11719 rest=491] sg=4->4 mode=NONE win=8 obs=106 | cap=wip act=(320,360) d=3.26 a=1 | preview=view-/6 yaw=+0 render=36ms | sp=frontier:active d=3.3 age=5 dtg=8.57 region=0_11
ep=361 s=106 4178ms [sel=3 cap=4064 rest=111] sg=4->4 mode=NONE win=8 obs=107 | cap=wip act=(320,360) d=3.01 a=1 | sp=frontier:active d=3.0 age=6 dtg=8.42 region=0_11
ep=361 s=107 11013ms [sel=3 cap=10898 rest=112] sg=4->4 mode=NONE win=8 obs=108 | cap=wip act=(320,360) d=2.77 a=1 | sp=frontier:active d=2.8 age=7 dtg=8.28 region=0_11
ep=361 s=108 15457ms [sel=3 cap=14948 rest=469] sg=4->4 mode=NONE win=8 obs=109 | cap=wip act=(320,360) d=2.52 a=1 | preview=view-/6 yaw=+0 render=37ms | sp=frontier:active d=2.5 age=8 dtg=8.15 region=0_11
ep=361 s=109 10406ms [sel=7 cap=10273 rest=126] sg=4->4 mode=NONE win=8 obs=110 | cap=wip act=(320,360) d=2.27 a=2 | sp=frontier:active d=2.3 age=9 dtg=8.15 region=0_11
ep=361 s=110 5366ms [sel=3 cap=5246 rest=116] sg=4->4 mode=NONE win=8 obs=111 | cap=wip act=(320,360) d=2.27 a=2 | sp=frontier:active d=2.3 age=10 dtg=8.15 region=0_11
ep=361 s=111 10416ms [sel=3 cap=9903 rest=475] sg=4->4 mode=NONE win=8 obs=112 | cap=wip act=(320,360) d=2.27 a=1 | preview=view-/6 yaw=+0 render=36ms | sp=frontier:active d=2.3 age=11 dtg=7.93 region=0_11
ep=361 s=112 5454ms [sel=1565 cap=3773 rest=115] sg=4->4 mode=NONE win=8 obs=113 | cap=wip act=(320,360) d=3.05 a=1 | sp=som:active d=3.0 age=0 som=5/8 dtg=7.71 region=0_11
ep=361 s=113 5238ms [sel=3 cap=5114 rest=120] sg=4->4 mode=NONE win=8 obs=114 | cap=wip act=(320,360) d=2.80 a=2 | sp=som:active d=2.8 age=1 dtg=7.71 region=0_11
ep=361 s=114 12804ms [sel=4 cap=12294 rest=470] sg=4->4 mode=NONE win=8 obs=115 | cap=wip act=(320,360) d=2.80 a=1 | preview=view-/6 yaw=+0 render=37ms | sp=som:active d=2.8 age=2 dtg=7.47 region=0_11
ep=361 s=115 10940ms [sel=3 cap=10821 rest=116] sg=4->4 mode=NONE win=8 obs=116 | cap=wip act=(320,360) d=2.55 a=1 | sp=som:active d=2.6 age=3 dtg=7.23 region=0_11
ep=361 s=116 8975ms [sel=3 cap=8872 rest=101] sg=4->4 mode=NONE win=8 obs=117 | cap=wip act=(320,360) d=2.30 a=1 | sp=som:active d=2.3 age=4 dtg=6.99 region=0_11
ep=361 s=117 18020ms [sel=3 cap=17480 rest=500] sg=4->4 mode=NONE win=8 obs=118 | cap=wip act=(320,360) d=2.05 a=1 | preview=view-/6 yaw=+0 render=37ms | sp=som:active d=2.1 age=5 dtg=6.76 region=0_11
ep=361 s=118 13135ms [sel=3 cap=13028 rest=104] sg=4->4 mode=NONE win=8 obs=119 | cap=wip act=(320,360) d=1.81 a=1 | sp=som:active d=1.8 age=6 dtg=6.52 region=0_9
ep=361 s=119 14606ms [sel=3 cap=14495 rest=108] sg=4->4 mode=NONE win=8 obs=120 | cap=wip act=(320,360) d=1.56 a=1 | sp=som:active d=1.6 age=7 dtg=6.29 region=0_9
ep=361 s=120 11695ms [sel=3 cap=11078 rest=548] sg=4->4 mode=NONE win=8 obs=121 | cap=wip act=(320,360) d=1.31 a=1 | preview=view-/6 yaw=+0 render=66ms | sp=som:active d=1.3 age=8 dtg=6.06 region=0_9
ep=361 s=121 6282ms [sel=3 cap=6169 rest=110] sg=4->4 mode=NONE win=8 obs=122 | cap=wip act=(320,360) d=1.07 a=1 | sp=som:active d=1.1 age=9 dtg=5.83 region=0_9
ep=361 s=122 9143ms [sel=3 cap=9037 rest=102] sg=4->4 mode=NONE win=8 obs=123 | cap=wip act=(320,360) d=0.83 a=3 | sp=som:active d=0.8 age=10 dtg=5.83 region=0_9
ep=361 s=123 8489ms [sel=3 cap=8381 rest=105] sg=4->4 mode=NONE win=8 obs=124 | cap=wip act=(320,360) d=0.83 a=1 | sp=som:active d=0.8 age=11 dtg=5.64 region=0_9
ep=361 s=124 13900ms [sel=3 cap=13290 rest=563] sg=4->4 mode=NONE win=8 obs=125 | cap=wip act=(320,360) d=0.58 a=1 | preview=view-/6 yaw=+0 render=44ms | sp=som:active d=0.6 age=12 dtg=5.45 region=0_9
ep=361 s=125 18814ms [sel=51 cap=18657 rest=106] sg=4->4 mode=NONE win=8 obs=126 | cap=wip act=(320,360) d=3.22 a=2 | sp=frontier:active d=3.2 age=0 dtg=5.45 region=0_9
ep=361 s=126 7464ms [sel=3 cap=7366 rest=95] sg=4->4 mode=NONE win=8 obs=127 | cap=wip act=(320,360) d=3.22 a=2 | sp=frontier:active d=3.2 age=1 dtg=5.45 region=0_9
ep=361 s=127 15469ms [sel=3 cap=14892 rest=537] sg=4->4 mode=NONE win=8 obs=128 | cap=wip act=(320,360) d=3.22 a=1 | preview=view-/6 yaw=+0 render=37ms | sp=frontier:active d=3.2 age=2 dtg=5.21 region=0_9
ep=361 s=128 4594ms [sel=4 cap=4480 rest=110] sg=4->4 mode=NONE win=8 obs=129 | cap=wip act=(320,360) d=2.97 a=1 | sp=frontier:active d=3.0 age=3 dtg=4.96 region=0_9
ep=361 s=129 3602ms [sel=3 cap=3491 rest=108] sg=4->4 mode=NONE win=8 obs=130 | cap=wip act=(320,360) d=2.73 a=1 | sp=frontier:active d=2.7 age=4 dtg=4.72 region=0_9
ep=361 s=130 26496ms [sel=3 cap=25898 rest=555] sg=4->4 mode=NONE win=8 obs=131 | cap=wip act=(320,360) d=2.48 a=1 | preview=view-/6 yaw=+0 render=39ms | sp=frontier:active d=2.5 age=5 dtg=4.48 region=0_9
ep=361 s=131 6345ms [sel=3 cap=6234 rest=108] sg=4->4 mode=NONE win=8 obs=132 | cap=wip act=(320,360) d=2.24 a=2 | sp=frontier:active d=2.2 age=6 dtg=4.48 region=0_9
ep=361 s=132 12382ms [sel=4 cap=12267 rest=110] sg=4->4 mode=NONE win=8 obs=133 | cap=wip act=(320,360) d=2.24 a=1 | sp=frontier:active d=2.2 age=7 dtg=4.23 region=0_9
ep=361 s=133 30589ms [sel=3 cap=0 rest=30544] sg=None->4 mode=NONE win=8 obs=134 | cap=- act=(320,360) d=2.03 a=1 | preview=view-/6 yaw=+0 render=42ms | sp=frontier:active d=2.0 age=8 ANALYSIS_ERROR_STAGE=completion_confirmation ANALYSIS_ERROR='CaptionerOutputError: decision violates the navigation reply contract: Request timed out.' dtg=3.98 region=0_9
ep=361 s=134 11206ms [sel=3 cap=11086 rest=117] sg=4->4 mode=NONE win=8 obs=135 | cap=wip act=(320,360) d=1.82 a=2 | sp=frontier:active d=1.8 age=9 dtg=3.98 region=0_9
ep=361 s=135 10863ms [sel=7 cap=10748 rest=108] sg=4->4 mode=NONE win=8 obs=136 | cap=wip act=(320,360) d=1.82 a=1 | sp=frontier:active d=1.8 age=10 dtg=3.74 region=0_19
ep=361 s=136 26291ms [sel=8 cap=25726 rest=517] sg=4->4 mode=NONE win=8 obs=137 | cap=wip act=(320,360) d=1.68 a=1 | preview=view-/6 yaw=+0 render=39ms | sp=frontier:active d=1.7 age=11 dtg=3.50 region=0_19
ep=361 s=137 20320ms [sel=10 cap=20213 rest=97] sg=4->4 mode=NONE win=8 obs=138 | cap=wip act=(320,360) d=1.57 a=3 | sp=frontier:active d=1.6 age=12 dtg=3.50 region=0_19
ep=361 s=138 8265ms [sel=6 cap=8168 rest=91] sg=4->4 mode=NONE win=8 obs=139 | cap=wip act=(320,360) d=1.57 a=1 | sp=frontier:active d=1.6 age=13 dtg=3.25 region=0_19
ep=361 s=139 26478ms [sel=7 cap=25943 rest=491] sg=4->4 mode=NONE win=8 obs=140 | cap=wip act=(320,360) d=1.43 a=3 | preview=view-/6 yaw=+0 render=37ms | sp=frontier:active d=1.4 age=14 dtg=3.25 region=0_19
ep=361 s=140 11639ms [sel=4 cap=11543 rest=92] sg=4->4 mode=NONE win=8 obs=141 | cap=wip act=(320,360) d=1.43 a=1 | sp=frontier:active d=1.4 age=15 dtg=3.01 region=0_19
ep=361 s=141 14907ms [sel=44 cap=14744 rest=119] sg=4->4 mode=NONE win=8 obs=142 | cap=wip act=(320,360) d=3.31 a=2 | sp=frontier:active d=3.3 age=0 dtg=3.01 region=0_19
ep=361 s=142 25657ms [sel=3 cap=25166 rest=451] sg=4->4 mode=NONE win=8 obs=143 | cap=wip act=(320,360) d=3.31 a=1 | preview=view-/6 yaw=+0 render=37ms | sp=frontier:active d=3.3 age=1 dtg=2.76 region=0_19
ep=361 s=143 15751ms [sel=3 cap=15654 rest=93] sg=4->4 mode=NONE win=8 obs=144 | cap=wip act=(320,360) d=3.06 a=1 | sp=frontier:active d=3.1 age=2 dtg=2.51 region=0_19
ep=361 s=144 10163ms [sel=43 cap=10021 rest=99] sg=4->4 mode=NONE win=8 obs=145 | cap=wip act=(320,360) d=2.37 a=1 | sp=frontier:active d=2.4 age=0 dtg=2.26 region=0_19
ep=361 s=145 10890ms [sel=3 cap=10789 rest=98] sg=4->4 mode=NONE win=8 obs=146 | cap=wip act=(320,360) d=2.12 a=1 | sp=frontier:active d=2.1 age=1 dtg=2.01 region=0_19
ep=361 s=146 24035ms [sel=5 cap=23513 rest=477] sg=4->None mode=NONE win=8 obs=147 | cap=DONE act=(320,360) d=1.00 a=1 | preview=view-/6 yaw=+0 render=40ms | sp=frontier:active d=1.9 age=2 ovr=1 door_evts=1 dtg=1.76 region=0_19
ep=361 s=147 101ms [sel=5 cap=0 rest=97] sg=None->None mode=NONE win=8 obs=148 | cap=- act=(320,360) d=1.00 a=1 | sp=frontier:active d=1.6 age=3 ovr=1 door_evts=1 dtg=1.51 region=0_19
ep=361 s=148 103ms [sel=5 cap=0 rest=99] sg=None->None mode=NONE win=8 obs=149 | cap=- act=(320,360) d=1.00 a=1 | sp=frontier:active d=1.4 age=4 ovr=1 door_evts=1 dtg=1.26 region=0_19
ep=361 s=149 95ms [sel=0 cap=0 rest=95] sg=None->None mode=NONE win=8 obs=150 | cap=- act=STOP | sp=frontier:active d=1.1 age=5 ovr=1 door_evts=1 dtg=1.26 region=0_19
rank=0 [5/17] id=361 steps=150 success=1.000 spl=0.365 dtg=1.26 osr=1 path_length=24.82 ndtw=0.148 sdtw=0.148
PluginManager::Manager: duplicate static plugin StbImageImporter, ignoring
PluginManager::Manager: duplicate static plugin GltfImporter, ignoring
PluginManager::Manager: duplicate static plugin BasisImporter, ignoring
PluginManager::Manager: duplicate static plugin AssimpImporter, ignoring
PluginManager::Manager: duplicate static plugin AnySceneImporter, ignoring
PluginManager::Manager: duplicate static plugin AnyImageImporter, ignoring
episode=503 instruction='Okay so first go over to the ottoman. Then from there head to the bed. After that, on to the wardrobe. And finally make your way to the glass jug.' start_position=[0.2315170019865036, 3.818061113357544, 0.36848998069763184] goal_position=[0.6354129910469055, 3.6606903076171875, 5.6090898513793945] reference_geodesic=5.258496284484863
episode=503 prepared_subgoals=4
  [1] Go to the ottoman
      proof: The ottoman is directly ahead of the camera, within a step.
  [2] Go to the bed
      proof: The bed is directly ahead of the camera, within a step.
  [3] Go to the wardrobe
      proof: The wardrobe is directly ahead of the camera, within a step.
  [4] Go to the glass jug
      proof: The glass jug is directly ahead of the camera, within a step
ep=503 s=0 14875ms [sel=6 cap=14322 rest=509] sg=1->1 mode=NONE win=1 obs=1 | cap=wip act=PREVIEW a=2 | preview=view4/6 yaw=+90 render=39ms dtg=5.26 region=2_3
ep=503 s=1 6522ms [sel=1581 cap=4812 rest=129] sg=1->1 mode=NONE win=2 obs=2 | cap=wip act=TURN request=-45deg execute=-15deg x1 a=2 | sp=frontier:active d=2.5 age=0 som=3/5 dtg=5.26 region=2_3
ep=503 s=2 8315ms [sel=5 cap=8180 rest=131] sg=1->1 mode=NONE win=3 obs=3 | cap=wip act=TURN request=-45deg execute=-15deg x1 a=2 | sp=frontier:active d=2.5 age=1 dtg=5.26 region=2_3
ep=503 s=3 8793ms [sel=9 cap=8253 rest=494] sg=1->1 mode=NONE win=4 obs=4 | cap=wip act=TURN request=-45deg execute=-15deg x1 a=2 | preview=view-/6 yaw=+0 render=37ms | sp=frontier:active d=2.5 age=2 dtg=5.26 region=2_3
ep=503 s=4 7213ms [sel=9 cap=7046 rest=158] sg=1->1 mode=NONE win=5 obs=5 | cap=wip act=TURN request=-45deg execute=-15deg x1 a=2 | sp=frontier:active d=2.5 age=3 dtg=5.26 region=2_3
ep=503 s=5 5814ms [sel=9 cap=5681 rest=124] sg=1->1 mode=NONE win=6 obs=6 | cap=wip act=TURN request=-45deg execute=-15deg x1 a=2 | sp=frontier:active d=2.5 age=4 dtg=5.26 region=2_3
ep=503 s=6 7246ms [sel=5 cap=7117 rest=124] sg=1->1 mode=NONE win=7 obs=7 | cap=wip act=TURN request=-45deg execute=-15deg x1 a=2 | sp=frontier:active d=2.5 age=5 dtg=5.26 region=2_3
ep=503 s=7 5723ms [sel=5 cap=5594 rest=125] sg=1->1 mode=NONE win=8 obs=8 | cap=wip act=TURN request=-45deg execute=-15deg x1 a=2 | sp=frontier:active d=2.5 age=6 dtg=5.26 region=2_3
ep=503 s=8 4390ms [sel=3 cap=4262 rest=125] sg=1->1 mode=NONE win=8 obs=9 | cap=wip act=(320,360) d=2.50 a=2 | sp=frontier:active d=2.5 age=7 dtg=5.26 region=2_3
ep=503 s=9 6562ms [sel=3 cap=6437 rest=122] sg=1->1 mode=GET_NOWHERE win=8 obs=10 | cap=wip/GET_NOWHERE act=(320,360) d=2.50 a=2 | sp=frontier:active d=2.5 age=8 dtg=5.26 region=2_3
ep=503 s=10 5405ms [sel=3 cap=5276 rest=126] sg=1->1 mode=NONE win=8 obs=11 | cap=wip act=(320,360) d=2.50 a=1 | sp=frontier:active d=2.5 age=9 dtg=5.05 region=2_3
ep=503 s=11 8188ms [sel=3 cap=8052 rest=133] sg=1->1 mode=NONE win=8 obs=12 | cap=wip act=(320,360) d=2.31 a=1 | sp=frontier:active d=2.3 age=10 dtg=4.85 region=2_3
ep=503 s=12 12721ms [sel=14 cap=12581 rest=126] sg=1->1 mode=NONE win=8 obs=13 | cap=wip act=(320,360) d=2.14 a=3 | sp=frontier:active d=2.1 age=11 dtg=4.85 region=2_3
ep=503 s=13 8272ms [sel=11 cap=8138 rest=124] sg=1->1 mode=NONE win=8 obs=14 | cap=wip act=(320,360) d=2.14 a=1 | sp=frontier:active d=2.1 age=12 dtg=4.71 region=2_3
ep=503 s=14 14420ms [sel=47 cap=13841 rest=495] sg=1->1 mode=NONE win=8 obs=15 | cap=wip act=(160,180) d=4.41 a=2 | preview=view1/6 yaw=-90 render=37ms | sp=preview:active d=4.4 age=0 dtg=4.71 region=2_3
ep=503 s=15 7017ms [sel=18 cap=6873 rest=126] sg=1->1 mode=NONE win=8 obs=16 | cap=wip act=(320,360) d=4.41 a=2 | sp=preview:active d=4.4 age=1 dtg=4.71 region=2_3
ep=503 s=16 7904ms [sel=4 cap=7769 rest=131] sg=1->1 mode=NONE win=8 obs=17 | cap=wip act=(320,360) d=4.41 a=1 | sp=preview:active d=4.4 age=2 dtg=4.48 region=2_3
ep=503 s=17 13253ms [sel=3 cap=13119 rest=130] sg=1->1 mode=NONE win=8 obs=18 | cap=wip act=(320,360) d=4.18 a=2 | sp=preview:active d=4.2 age=3 dtg=4.48 region=2_3
ep=503 s=18 8366ms [sel=3 cap=8236 rest=127] sg=1->1 mode=NONE win=8 obs=19 | cap=wip act=(320,360) d=4.18 a=2 | sp=preview:active d=4.2 age=4 dtg=4.48 region=2_3
ep=503 s=19 14980ms [sel=3 cap=14849 rest=128] sg=1->1 mode=NONE win=8 obs=20 | cap=wip act=(320,360) d=4.18 a=1 | sp=preview:active d=4.2 age=5 dtg=4.23 region=2_3
ep=503 s=20 6773ms [sel=3 cap=6644 rest=126] sg=1->1 mode=NONE win=8 obs=21 | cap=wip act=(320,360) d=3.93 a=1 | sp=preview:active d=3.9 age=6 dtg=3.98 region=2_3
ep=503 s=21 7269ms [sel=18 cap=6712 rest=501] sg=1->1 mode=NONE win=8 obs=22 | cap=wip act=(160,180) d=3.49 a=1 | preview=view3/6 yaw=+0 render=38ms | sp=preview:active d=3.5 age=0 dtg=3.73 region=2_3
ep=503 s=22 6122ms [sel=4 cap=5994 rest=124] sg=1->1 mode=NONE win=8 obs=23 | cap=wip act=(320,360) d=3.24 a=2 | sp=preview:active d=3.2 age=1 dtg=3.73 region=2_3
ep=503 s=23 9032ms [sel=4 cap=8900 rest=128] sg=1->1 mode=NONE win=8 obs=24 | cap=wip act=(320,360) d=3.24 a=1 | sp=preview:active d=3.2 age=2 dtg=3.50 region=2_3
ep=503 s=24 6038ms [sel=3 cap=5907 rest=128] sg=1->1 mode=NONE win=8 obs=25 | cap=wip act=(320,360) d=3.00 a=3 | sp=preview:active d=3.0 age=3 dtg=3.50 region=2_3
ep=503 s=25 10433ms [sel=19 cap=9855 rest=521] sg=1->1 mode=NONE win=8 obs=26 | cap=wip act=(160,180) d=3.79 a=1 | preview=view2/6 yaw=-15 render=38ms | sp=preview:active d=3.8 age=0 dtg=3.25 region=2_3
ep=503 s=26 4345ms [sel=3 cap=4214 rest=128] sg=1->1 mode=NONE win=8 obs=27 | cap=wip act=(320,360) d=3.55 a=1 | sp=preview:active d=3.5 age=1 dtg=3.00 region=2_3
ep=503 s=27 8690ms [sel=4 cap=8559 rest=127] sg=1->1 mode=NONE win=8 obs=28 | cap=wip act=(320,360) d=3.30 a=1 | sp=preview:active d=3.3 age=2 dtg=2.75 region=2_3
ep=503 s=28 10698ms [sel=20 cap=10138 rest=503] sg=1->1 mode=NONE win=8 obs=29 | cap=wip act=(160,180) d=3.18 a=1 | preview=view3/6 yaw=+0 render=38ms | sp=preview:active d=3.2 age=0 dtg=2.50 region=2_3
ep=503 s=29 6666ms [sel=3 cap=6518 rest=145] sg=1->1 mode=NONE win=8 obs=30 | cap=wip act=(320,360) d=2.93 a=1 | sp=preview:active d=2.9 age=1 dtg=2.26 region=2_3
ep=503 s=30 6724ms [sel=4 cap=6593 rest=127] sg=1->1 mode=NONE win=8 obs=31 | cap=wip act=(320,360) d=2.68 a=1 | sp=preview:active d=2.7 age=2 dtg=2.01 region=2_3
ep=503 s=31 5736ms [sel=3 cap=5608 rest=125] sg=1->1 mode=NONE win=8 obs=32 | cap=wip act=(320,360) d=2.43 a=1 | sp=preview:active d=2.4 age=3 dtg=1.76 region=2_2
ep=503 s=32 3779ms [sel=3 cap=3649 rest=127] sg=1->1 mode=NONE win=8 obs=33 | cap=wip act=(320,360) d=2.18 a=3 | sp=preview:active d=2.2 age=4 dtg=1.76 region=2_2
ep=503 s=33 3696ms [sel=3 cap=3560 rest=133] sg=1->1 mode=NONE win=8 obs=34 | cap=wip act=(320,360) d=2.18 a=1 | sp=preview:active d=2.2 age=5 dtg=1.51 region=2_2
ep=503 s=34 7090ms [sel=3 cap=6959 rest=129] sg=1->1 mode=NONE win=8 obs=35 | cap=wip act=(320,360) d=1.94 a=1 | sp=preview:active d=1.9 age=6 dtg=1.26 region=2_2
ep=503 s=35 6145ms [sel=3 cap=6014 rest=128] sg=1->1 mode=NONE win=8 obs=36 | cap=wip act=(320,360) d=1.69 a=1 | sp=preview:active d=1.7 age=7 dtg=1.02 region=2_2
ep=503 s=36 7546ms [sel=3 cap=7414 rest=130] sg=1->1 mode=NONE win=8 obs=37 | cap=wip act=(320,360) d=1.44 a=1 | sp=preview:active d=1.4 age=8 dtg=0.77 region=2_2
ep=503 s=37 8376ms [sel=4 cap=8240 rest=132] sg=1->1 mode=NONE win=8 obs=38 | cap=wip act=(320,360) d=1.20 a=1 | sp=preview:active d=1.2 age=9 dtg=0.52 region=2_2
ep=503 s=38 5796ms [sel=3 cap=5664 rest=129] sg=1->1 mode=NONE win=8 obs=39 | cap=wip act=(320,360) d=0.96 a=1 | sp=preview:active d=1.0 age=10 dtg=0.29 region=2_2
ep=503 s=39 16891ms [sel=32 cap=16729 rest=131] sg=1->2 mode=NONE win=8 obs=40 | cap=DONE act=(320,360) d=3.00 a=2 | sp=frontier:active d=3.0 age=0 dtg=0.29 region=2_2
ep=503 s=40 3618ms [sel=3 cap=3487 rest=128] sg=2->2 mode=NONE win=8 obs=41 | cap=wip act=(320,360) d=3.00 a=1 | sp=frontier:active d=3.0 age=1 dtg=0.06 region=2_2
ep=503 s=41 3963ms [sel=3 cap=3825 rest=135] sg=2->2 mode=NONE win=8 obs=42 | cap=wip act=(320,360) d=2.76 a=1 | sp=frontier:active d=2.8 age=2 dtg=0.23 region=2_2
ep=503 s=42 4835ms [sel=3 cap=4703 rest=129] sg=2->2 mode=NONE win=8 obs=43 | cap=wip act=(320,360) d=2.51 a=1 | sp=frontier:active d=2.5 age=3 dtg=0.47 region=2_2
ep=503 s=43 4695ms [sel=3 cap=4561 rest=131] sg=2->2 mode=NONE win=8 obs=44 | cap=wip act=(320,360) d=2.26 a=1 | sp=frontier:active d=2.3 age=4 dtg=0.72 region=2_2
ep=503 s=44 6767ms [sel=4 cap=6637 rest=127] sg=2->2 mode=NONE win=8 obs=45 | cap=wip act=(320,360) d=2.02 a=1 | sp=frontier:active d=2.0 age=5 dtg=0.97 region=2_1
ep=503 s=45 6203ms [sel=3 cap=6074 rest=127] sg=2->2 mode=NONE win=8 obs=46 | cap=wip act=(320,360) d=1.77 a=1 | sp=frontier:active d=1.8 age=6 dtg=1.22 region=2_1
ep=503 s=46 6336ms [sel=3 cap=6208 rest=125] sg=2->2 mode=NONE win=8 obs=47 | cap=wip act=(320,360) d=1.53 a=3 | sp=frontier:active d=1.5 age=7 dtg=1.22 region=2_1
ep=503 s=47 13594ms [sel=5475 cap=7989 rest=129] sg=2->3 mode=NONE win=8 obs=48 | cap=DONE act=(320,360) d=2.38 a=1 | sp=som:active d=2.4 age=0 som=3/8 dtg=1.47 region=2_1
ep=503 s=48 6210ms [sel=4 cap=6082 rest=124] sg=3->3 mode=NONE win=8 obs=49 | cap=wip act=(320,360) d=2.13 a=1 | sp=som:active d=2.1 age=1 dtg=1.71 region=2_1
ep=503 s=49 5404ms [sel=3 cap=5246 rest=155] sg=3->3 mode=NONE win=8 obs=50 | cap=wip act=(320,360) d=1.89 a=3 | sp=som:active d=1.9 age=2 dtg=1.71 region=2_1
ep=503 s=50 6190ms [sel=3 cap=6033 rest=154] sg=3->3 mode=NONE win=8 obs=51 | cap=wip act=(320,360) d=1.89 a=1 | sp=som:active d=1.9 age=3 dtg=1.94 region=2_1
ep=503 s=51 7114ms [sel=4 cap=6988 rest=123] sg=3->3 mode=NONE win=8 obs=52 | cap=wip act=(320,360) d=1.64 a=1 | sp=som:active d=1.6 age=4 dtg=2.18 region=2_1
ep=503 s=52 14955ms [sel=3 cap=14806 rest=146] sg=3->3 mode=NONE win=8 obs=53 | cap=wip act=(320,360) d=1.39 a=1 | sp=som:active d=1.4 age=5 dtg=2.42 region=2_1
ep=503 s=53 14428ms [sel=8 cap=13892 rest=490] sg=3->3 mode=NONE win=8 obs=54 | cap=wip act=(160,180) d=1.14 a=1 | preview=view4/6 yaw=+45 render=37ms | sp=som:active d=1.1 age=6 dtg=2.66 region=2_1
ep=503 s=54 5497ms [sel=4 cap=5372 rest=121] sg=3->3 mode=NONE win=8 obs=55 | cap=wip act=(320,360) d=0.89 a=1 | sp=som:active d=0.9 age=7 dtg=2.90 region=2_1
ep=503 s=55 11232ms [sel=3 cap=11108 rest=120] sg=3->3 mode=NONE win=8 obs=56 | cap=wip act=(320,360) d=0.64 a=1 | sp=som:active d=0.6 age=8 dtg=3.14 region=2_1
ep=503 s=56 8083ms [sel=29 cap=7542 rest=475] sg=3->3 mode=NONE win=8 obs=57 | cap=wip act=(160,180) d=2.13 a=3 | preview=view0/6 yaw=-180 render=36ms | sp=preview:active d=2.1 age=0 dtg=3.14 region=2_1
ep=503 s=57 3254ms [sel=18 cap=3116 rest=121] sg=3->3 mode=NONE win=8 obs=58 | cap=wip act=(320,360) d=2.13 a=3 | sp=preview:active d=2.1 age=1 dtg=3.14 region=2_1
ep=503 s=58 4333ms [sel=21 cap=4166 rest=146] sg=3->3 mode=NONE win=8 obs=59 | cap=wip act=(320,360) d=2.13 a=3 | sp=preview:active d=2.1 age=2 dtg=3.14 region=2_1
ep=503 s=59 8564ms [sel=17 cap=8431 rest=116] sg=3->3 mode=NONE win=8 obs=60 | cap=wip act=(320,360) d=2.13 a=3 | sp=preview:active d=2.1 age=3 dtg=3.14 region=2_1
ep=503 s=60 6688ms [sel=17 cap=6553 rest=119] sg=3->3 mode=NONE win=8 obs=61 | cap=wip act=(320,360) d=2.13 a=3 | sp=preview:active d=2.1 age=4 dtg=3.14 region=2_1
ep=503 s=61 8548ms [sel=17 cap=8409 rest=122] sg=3->3 mode=NONE win=8 obs=62 | cap=wip act=(320,360) d=2.13 a=3 | sp=preview:active d=2.1 age=5 dtg=3.14 region=2_1
ep=503 s=62 7546ms [sel=17 cap=7404 rest=125] sg=3->3 mode=NONE win=8 obs=63 | cap=wip act=(320,360) d=2.13 a=3 | sp=preview:active d=2.1 age=6 dtg=3.14 region=2_1
ep=503 s=63 11896ms [sel=45 cap=11729 rest=122] sg=3->4 mode=NONE win=8 obs=64 | cap=DONE act=(320,360) d=2.03 a=3 | sp=frontier:active d=2.0 age=0 dtg=3.14 region=2_1
ep=503 s=64 7294ms [sel=3 cap=7140 rest=150] sg=4->4 mode=NONE win=8 obs=65 | cap=wip act=(320,360) d=2.03 a=3 | sp=frontier:active d=2.0 age=1 dtg=3.14 region=2_1
ep=503 s=65 4856ms [sel=3 cap=4718 rest=135] sg=4->4 mode=NONE win=8 obs=66 | cap=wip act=(320,360) d=2.03 a=3 | sp=frontier:active d=2.0 age=2 dtg=3.14 region=2_1
ep=503 s=66 7527ms [sel=3 cap=7360 rest=163] sg=4->4 mode=NONE win=8 obs=67 | cap=wip act=(320,360) d=2.03 a=1 | sp=frontier:active d=2.0 age=3 dtg=2.90 region=2_1
ep=503 s=67 7681ms [sel=3 cap=7550 rest=128] sg=4->4 mode=NONE win=8 obs=68 | cap=wip act=(320,360) d=1.78 a=1 | sp=frontier:active d=1.8 age=4 dtg=2.67 region=2_1
ep=503 s=68 6756ms [sel=4 cap=6627 rest=125] sg=4->4 mode=NONE win=8 obs=69 | cap=wip act=(320,360) d=1.53 a=1 | sp=frontier:active d=1.5 age=5 dtg=2.44 region=2_1
ep=503 s=69 5345ms [sel=3 cap=5217 rest=125] sg=4->4 mode=NONE win=8 obs=70 | cap=wip act=(320,360) d=1.28 a=1 | sp=frontier:active d=1.3 age=6 dtg=2.21 region=2_1
ep=503 s=70 16243ms [sel=3 cap=15687 rest=515] sg=4->4 mode=NONE win=8 obs=71 | cap=wip act=(320,360) d=1.03 a=1 | preview=view-/6 yaw=+0 render=38ms | sp=frontier:active d=1.0 age=7 dtg=1.98 region=2_1
ep=503 s=71 7683ms [sel=4 cap=7550 rest=129] sg=4->4 mode=NONE win=8 obs=72 | cap=wip act=(320,360) d=0.79 a=1 | sp=frontier:active d=0.8 age=8 dtg=1.77 region=2_1
ep=503 s=72 6886ms [sel=3 cap=6743 rest=140] sg=4->4 mode=NONE win=8 obs=73 | cap=wip act=(320,360) d=0.54 a=1 | sp=frontier:active d=0.5 age=9 dtg=1.56 region=2_1
ep=503 s=73 26214ms [sel=34 cap=25661 rest=481] sg=4->4 mode=NONE win=8 obs=74 | cap=wip act=(320,360) d=3.34 a=3 | preview=view-/6 yaw=+0 render=37ms | sp=frontier:active d=3.3 age=0 dtg=1.56 region=2_1
ep=503 s=74 14490ms [sel=3 cap=14351 rest=137] sg=4->4 mode=NONE win=8 obs=75 | cap=wip act=(320,360) d=3.34 a=3 | sp=frontier:active d=3.3 age=1 dtg=1.56 region=2_1
ep=503 s=75 15552ms [sel=3 cap=15415 rest=134] sg=4->4 mode=NONE win=8 obs=76 | cap=wip act=(320,360) d=3.34 a=1 | sp=frontier:active d=3.3 age=2 dtg=1.31 region=2_1
ep=503 s=76 8956ms [sel=3 cap=8428 rest=485] sg=4->4 mode=NONE win=8 obs=77 | cap=wip act=(320,360) d=3.10 a=3 | preview=view-/6 yaw=+0 render=41ms | sp=frontier:active d=3.1 age=3 dtg=1.31 region=2_1
ep=503 s=77 9265ms [sel=4 cap=9121 rest=140] sg=4->4 mode=NONE win=8 obs=78 | cap=wip act=(320,360) d=3.10 a=1 | sp=frontier:active d=3.1 age=4 dtg=1.06 region=2_1
ep=503 s=78 14739ms [sel=3 cap=14603 rest=133] sg=4->4 mode=NONE win=8 obs=79 | cap=wip act=(320,360) d=2.89 a=1 | sp=frontier:active d=2.9 age=5 dtg=0.82 region=2_2
ep=503 s=79 16632ms [sel=3 cap=16095 rest=495] sg=4->4 mode=NONE win=8 obs=80 | cap=wip act=(320,360) d=2.69 a=2 | preview=view-/6 yaw=+0 render=39ms | sp=frontier:active d=2.7 age=6 dtg=0.82 region=2_2
ep=503 s=80 10704ms [sel=3 cap=10568 rest=133] sg=4->4 mode=NONE win=8 obs=81 | cap=wip act=(320,360) d=2.69 a=1 | sp=frontier:active d=2.7 age=7 dtg=0.57 region=2_2
ep=503 s=81 6550ms [sel=3 cap=6415 rest=132] sg=4->4 mode=NONE win=8 obs=82 | cap=wip act=(320,360) d=2.47 a=1 | sp=frontier:active d=2.5 age=8 dtg=0.32 region=2_2
ep=503 s=82 6782ms [sel=3 cap=6650 rest=129] sg=4->4 mode=NONE win=8 obs=83 | cap=wip act=(320,360) d=2.24 a=2 | sp=frontier:active d=2.2 age=9 dtg=0.32 region=2_2
ep=503 s=83 10523ms [sel=3 cap=10390 rest=130] sg=4->4 mode=NONE win=8 obs=84 | cap=wip act=(320,360) d=2.24 a=1 | sp=frontier:active d=2.2 age=10 dtg=0.14 region=2_2
ep=503 s=84 5356ms [sel=3 cap=5222 rest=131] sg=4->4 mode=NONE win=8 obs=85 | cap=wip act=(320,360) d=2.00 a=1 | sp=frontier:active d=2.0 age=11 dtg=0.25 region=2_2
ep=503 s=85 5775ms [sel=3 cap=5640 rest=132] sg=4->4 mode=NONE win=8 obs=86 | cap=wip act=(320,360) d=1.76 a=1 | sp=frontier:active d=1.8 age=12 dtg=0.48 region=2_2
ep=503 s=86 11232ms [sel=3 cap=10709 rest=482] sg=4->4 mode=NONE win=8 obs=87 | cap=wip act=(320,360) d=1.52 a=1 | preview=view-/6 yaw=+0 render=39ms | sp=frontier:active d=1.5 age=13 dtg=0.72 region=2_2
ep=503 s=87 11080ms [sel=31 cap=10919 rest=131] sg=4->4 mode=NONE win=8 obs=88 | cap=wip act=(320,360) d=3.11 a=1 | sp=frontier:active d=3.1 age=0 dtg=0.97 region=2_2
ep=503 s=88 7349ms [sel=3 cap=7217 rest=129] sg=4->4 mode=NONE win=8 obs=89 | cap=wip act=(320,360) d=2.86 a=3 | sp=frontier:active d=2.9 age=1 dtg=0.97 region=2_2
ep=503 s=89 6151ms [sel=3 cap=6012 rest=136] sg=4->4 mode=NONE win=8 obs=90 | cap=wip act=(320,360) d=2.86 a=1 | sp=frontier:active d=2.9 age=2 dtg=1.20 region=2_2
ep=503 s=90 5904ms [sel=4 cap=5766 rest=134] sg=4->4 mode=NONE win=8 obs=91 | cap=wip act=(320,360) d=2.61 a=1 | sp=frontier:active d=2.6 age=3 dtg=1.44 region=2_2
ep=503 s=91 8614ms [sel=3 cap=8472 rest=139] sg=4->4 mode=NONE win=8 obs=92 | cap=wip act=(320,360) d=2.36 a=1 | sp=frontier:active d=2.4 age=4 dtg=1.69 region=2_2
ep=503 s=92 4414ms [sel=3 cap=4281 rest=131] sg=4->4 mode=NONE win=8 obs=93 | cap=wip act=(320,360) d=2.12 a=2 | sp=frontier:active d=2.1 age=5 dtg=1.69 region=2_2
ep=503 s=93 10855ms [sel=3 cap=10710 rest=142] sg=4->4 mode=NONE win=8 obs=94 | cap=wip act=(320,360) d=2.12 a=1 | sp=frontier:active d=2.1 age=6 dtg=1.93 region=1_5
ep=503 s=94 14831ms [sel=3 cap=14296 rest=494] sg=4->4 mode=NONE win=8 obs=95 | cap=wip act=(320,360) d=1.87 a=1 | preview=view-/6 yaw=+0 render=38ms | sp=frontier:active d=1.9 age=7 dtg=2.18 region=2_3
ep=503 s=95 14874ms [sel=3 cap=14738 rest=133] sg=4->4 mode=NONE win=8 obs=96 | cap=wip act=(320,360) d=1.62 a=1 | sp=frontier:active d=1.6 age=8 dtg=2.43 region=2_3
ep=503 s=96 7020ms [sel=4 cap=6841 rest=175] sg=4->4 mode=NONE win=8 obs=97 | cap=wip act=(320,360) d=1.37 a=1 | sp=frontier:active d=1.4 age=9 dtg=2.68 region=2_3
ep=503 s=97 29607ms [sel=3 cap=28956 rest=581] sg=4->4 mode=NONE win=8 obs=98 | cap=wip act=(320,360) d=1.12 a=1 | preview=view-/6 yaw=+0 render=68ms | sp=frontier:active d=1.1 age=10 dtg=2.93 region=2_3
ep=503 s=98 12457ms [sel=4 cap=12325 rest=129] sg=4->4 mode=NONE win=8 obs=99 | cap=wip act=(320,360) d=0.88 a=1 | sp=frontier:active d=0.9 age=11 dtg=3.18 region=2_3
ep=503 s=99 13826ms [sel=31 cap=13666 rest=129] sg=4->4 mode=NONE win=8 obs=100 | cap=wip act=(320,360) d=0.64 a=1 | sp=frontier:active d=0.6 age=0 dtg=3.43 region=2_3
ep=503 s=100 30624ms [sel=47 cap=0 rest=30531] sg=None->4 mode=NONE win=8 obs=101 | cap=- act=(320,360) d=1.70 a=2 | preview=view-/6 yaw=+0 render=46ms | sp=frontier:active d=1.7 age=0 ANALYSIS_ERROR_STAGE=completion_confirmation ANALYSIS_ERROR='CaptionerOutputError: decision violates the navigation reply contract: Request timed out.' dtg=3.43 region=2_3
ep=503 s=101 20045ms [sel=14 cap=19901 rest=130] sg=4->4 mode=NONE win=8 obs=102 | cap=wip act=(320,360) d=1.70 a=2 | sp=frontier:active d=1.7 age=1 dtg=3.43 region=2_3
ep=503 s=102 25104ms [sel=13 cap=24963 rest=128] sg=4->4 mode=NONE win=8 obs=103 | cap=wip act=(320,360) d=1.70 a=2 | sp=frontier:active d=1.7 age=2 dtg=3.43 region=2_3
ep=503 s=103 23575ms [sel=13 cap=23028 rest=495] sg=4->4 mode=NONE win=8 obs=104 | cap=wip act=(320,360) d=1.70 a=2 | preview=view-/6 yaw=+0 render=38ms | sp=frontier:active d=1.7 age=3 dtg=3.43 region=2_3
ep=503 s=104 14635ms [sel=16 cap=14494 rest=126] sg=4->4 mode=NONE win=8 obs=105 | cap=wip act=(320,360) d=1.70 a=2 | sp=frontier:active d=1.7 age=4 dtg=3.43 region=2_3
ep=503 s=105 13199ms [sel=14 cap=13055 rest=129] sg=4->4 mode=NONE win=8 obs=106 | cap=wip act=(320,360) d=1.70 a=2 | sp=frontier:active d=1.7 age=5 dtg=3.43 region=2_3
ep=503 s=106 19552ms [sel=14 cap=18939 rest=564] sg=4->4 mode=NONE win=8 obs=107 | cap=wip act=(320,360) d=1.70 a=2 | preview=view-/6 yaw=+0 render=35ms | sp=frontier:active d=1.7 age=6 dtg=3.43 region=2_3
ep=503 s=107 10606ms [sel=12 cap=10469 rest=125] sg=4->4 mode=NONE win=8 obs=108 | cap=wip act=(320,360) d=1.70 a=2 | sp=frontier:active d=1.7 age=7 dtg=3.43 region=2_3
ep=503 s=108 10547ms [sel=3 cap=10414 rest=130] sg=4->4 mode=NONE win=8 obs=109 | cap=wip act=(320,360) d=1.70 a=2 | sp=frontier:active d=1.7 age=8 dtg=3.43 region=2_3
ep=503 s=109 30581ms [sel=3 cap=0 rest=30539] sg=None->4 mode=NONE win=8 obs=110 | cap=- act=(320,360) d=1.70 a=2 | preview=view-/6 yaw=+0 render=38ms | sp=frontier:active d=1.7 age=9 ANALYSIS_ERROR_STAGE=decision ANALYSIS_ERROR='CaptionerInferenceError: Captioner model inference failed' dtg=3.43 region=2_3
ep=503 s=110 16159ms [sel=3 cap=16020 rest=136] sg=4->4 mode=NONE win=8 obs=111 | cap=wip act=(320,360) d=1.70 a=1 | sp=frontier:active d=1.7 age=10 dtg=3.22 region=2_3
ep=503 s=111 16572ms [sel=3 cap=16442 rest=127] sg=4->4 mode=NONE win=8 obs=112 | cap=wip act=(320,360) d=1.45 a=1 | sp=frontier:active d=1.5 age=11 dtg=3.01 region=2_3
ep=503 s=112 30575ms [sel=4 cap=0 rest=30534] sg=None->4 mode=NONE win=8 obs=113 | cap=- act=(320,360) d=1.20 a=1 | preview=view-/6 yaw=+0 render=37ms | sp=frontier:active d=1.2 age=12 ANALYSIS_ERROR_STAGE=decision ANALYSIS_ERROR='CaptionerInferenceError: Captioner model inference failed' dtg=2.80 region=2_3
ep=503 s=113 12017ms [sel=5 cap=11882 rest=130] sg=4->4 mode=NONE win=8 obs=114 | cap=wip act=(320,360) d=0.96 a=2 | sp=frontier:active d=1.0 age=13 dtg=2.80 region=2_3
ep=503 s=114 13928ms [sel=4 cap=13784 rest=141] sg=4->4 mode=NONE win=8 obs=115 | cap=wip act=(320,360) d=0.96 a=1 | sp=frontier:active d=1.0 age=14 dtg=2.57 region=2_3
ep=503 s=115 30534ms [sel=3 cap=0 rest=30496] sg=None->4 mode=NONE win=8 obs=116 | cap=- act=(320,360) d=0.71 a=1 | preview=view-/6 yaw=+0 render=36ms | sp=frontier:active d=0.7 age=15 ANALYSIS_ERROR_STAGE=completion_confirmation ANALYSIS_ERROR='CaptionerOutputError: decision violates the navigation reply contract: Request timed out.' dtg=2.34 region=2_3
ep=503 s=116 16983ms [sel=34 cap=16817 rest=131] sg=4->4 mode=NONE win=8 obs=117 | cap=wip act=(320,360) d=3.42 a=2 | sp=frontier:active d=3.4 age=0 dtg=2.34 region=2_3
ep=503 s=117 14556ms [sel=3 cap=14424 rest=129] sg=4->4 mode=NONE win=8 obs=118 | cap=wip act=(320,360) d=3.42 a=2 | sp=frontier:active d=3.4 age=1 dtg=2.34 region=2_3
ep=503 s=118 30501ms [sel=3 cap=0 rest=30461] sg=None->4 mode=NONE win=8 obs=119 | cap=- act=(320,360) d=3.42 a=1 | preview=view-/6 yaw=+0 render=36ms | sp=frontier:active d=3.4 age=2 ANALYSIS_ERROR_STAGE=completion_confirmation ANALYSIS_ERROR='CaptionerOutputError: decision violates the navigation reply contract: Request timed out.' dtg=2.09 region=2_3
ep=503 s=119 30084ms [sel=4 cap=29946 rest=134] sg=4->4 mode=NONE win=8 obs=120 | cap=wip act=(320,360) d=3.19 a=2 | sp=frontier:active d=3.2 age=3 dtg=2.09 region=2_3
ep=503 s=120 15676ms [sel=4 cap=15546 rest=126] sg=4->4 mode=NONE win=8 obs=121 | cap=wip act=(320,360) d=3.19 a=1 | sp=frontier:active d=3.2 age=4 dtg=1.86 region=1_5
ep=503 s=121 30539ms [sel=3 cap=0 rest=30499] sg=None->4 mode=NONE win=8 obs=122 | cap=- act=(320,360) d=2.99 a=3 | preview=view-/6 yaw=+0 render=37ms | sp=frontier:active d=3.0 age=5 ANALYSIS_ERROR_STAGE=decision ANALYSIS_ERROR='CaptionerInferenceError: Captioner model inference failed' dtg=1.86 region=1_5
ep=503 s=122 24518ms [sel=3 cap=24385 rest=130] sg=4->4 mode=NONE win=8 obs=123 | cap=wip act=(320,360) d=2.99 a=1 | sp=frontier:active d=3.0 age=6 dtg=1.61 region=2_2
ep=503 s=123 18409ms [sel=3 cap=18279 rest=127] sg=4->4 mode=NONE win=8 obs=124 | cap=wip act=(320,360) d=2.77 a=1 | sp=frontier:active d=2.8 age=7 dtg=1.36 region=2_2
ep=503 s=124 30552ms [sel=3 cap=0 rest=30509] sg=None->4 mode=NONE win=8 obs=125 | cap=- act=(320,360) d=2.55 a=3 | preview=view-/6 yaw=+0 render=40ms | sp=frontier:active d=2.5 age=8 ANALYSIS_ERROR_STAGE=decision ANALYSIS_ERROR='CaptionerInferenceError: Captioner model inference failed' dtg=1.36 region=2_2
ep=503 s=125 18186ms [sel=4 cap=18048 rest=134] sg=4->4 mode=NONE win=8 obs=126 | cap=wip act=(320,360) d=2.55 a=1 | sp=frontier:active d=2.5 age=9 dtg=1.12 region=2_2
ep=503 s=126 20460ms [sel=3 cap=20313 rest=144] sg=4->4 mode=NONE win=8 obs=127 | cap=wip act=(320,360) d=2.31 a=1 | sp=frontier:active d=2.3 age=10 dtg=0.87 region=2_2
ep=503 s=127 26364ms [sel=3 cap=25830 rest=493] sg=4->4 mode=NONE win=8 obs=128 | cap=wip act=(320,360) d=2.07 a=1 | preview=view-/6 yaw=+0 render=38ms | sp=frontier:active d=2.1 age=11 dtg=0.62 region=2_2
ep=503 s=128 10398ms [sel=3 cap=10227 rest=169] sg=4->4 mode=NONE win=8 obs=129 | cap=wip act=(320,360) d=1.83 a=1 | sp=frontier:active d=1.8 age=12 dtg=0.38 region=2_2
ep=503 s=129 11610ms [sel=35 cap=11434 rest=141] sg=4->4 mode=NONE win=8 obs=130 | cap=wip act=(320,360) d=2.91 a=2 | sp=frontier:active d=2.9 age=0 dtg=0.38 region=2_2
ep=503 s=130 30591ms [sel=3 cap=29979 rest=544] sg=4->4 mode=NONE win=8 obs=131 | cap=wip act=(320,360) d=2.91 a=1 | preview=view-/6 yaw=+0 render=65ms | sp=frontier:active d=2.9 age=1 dtg=0.13 region=2_2
ep=503 s=131 15172ms [sel=3 cap=14998 rest=171] sg=4->4 mode=NONE win=8 obs=132 | cap=wip act=(320,360) d=2.67 a=1 | sp=frontier:active d=2.7 age=2 dtg=0.12 region=2_2
ep=503 s=132 11849ms [sel=3 cap=11677 rest=169] sg=4->4 mode=NONE win=8 obs=133 | cap=wip act=(320,360) d=2.42 a=2 | sp=frontier:active d=2.4 age=3 dtg=0.12 region=2_2
ep=503 s=133 30742ms [sel=4 cap=0 rest=30699] sg=None->4 mode=NONE win=8 obs=134 | cap=- act=(320,360) d=2.42 a=1 | preview=view-/6 yaw=+0 render=39ms | sp=frontier:active d=2.4 age=4 ANALYSIS_ERROR_STAGE=decision ANALYSIS_ERROR='CaptionerOutputError: decision violates the navigation reply contract: Captioner shared step deadline exhausted' dtg=0.37 region=2_2
ep=503 s=134 22394ms [sel=3 cap=22256 rest=134] sg=4->4 mode=NONE win=8 obs=135 | cap=wip act=(320,360) d=2.17 a=3 | sp=frontier:active d=2.2 age=5 dtg=0.37 region=2_2
ep=503 s=135 14512ms [sel=3 cap=14378 rest=131] sg=4->4 mode=NONE win=8 obs=136 | cap=wip act=(320,360) d=2.17 a=1 | sp=frontier:active d=2.2 age=6 dtg=0.62 region=2_2
ep=503 s=136 30565ms [sel=3 cap=0 rest=30526] sg=None->4 mode=NONE win=8 obs=137 | cap=- act=(320,360) d=1.93 a=1 | preview=view-/6 yaw=+0 render=36ms | sp=frontier:active d=1.9 age=7 ANALYSIS_ERROR_STAGE=decision ANALYSIS_ERROR='CaptionerInferenceError: Captioner model inference failed' dtg=0.86 region=2_2
ep=503 s=137 21701ms [sel=3 cap=21569 rest=128] sg=4->4 mode=NONE win=8 obs=138 | cap=wip act=(320,360) d=1.68 a=3 | sp=frontier:active d=1.7 age=8 dtg=0.86 region=2_2
ep=503 s=138 16663ms [sel=3 cap=16532 rest=128] sg=4->4 mode=NONE win=8 obs=139 | cap=wip act=(320,360) d=1.68 a=1 | sp=frontier:active d=1.7 age=9 dtg=1.11 region=2_1
ep=503 s=139 30538ms [sel=3 cap=0 rest=30498] sg=None->4 mode=NONE win=8 obs=140 | cap=- act=(320,360) d=1.46 a=1 | preview=view-/6 yaw=+0 render=37ms | sp=frontier:active d=1.5 age=10 ANALYSIS_ERROR_STAGE=decision ANALYSIS_ERROR='CaptionerInferenceError: Captioner model inference failed' dtg=1.35 region=2_1
ep=503 s=140 19118ms [sel=3 cap=18992 rest=123] sg=4->4 mode=NONE win=8 obs=141 | cap=wip act=(320,360) d=1.26 a=1 | sp=frontier:active d=1.3 age=11 dtg=1.60 region=2_1
ep=503 s=141 16459ms [sel=4 cap=16331 rest=124] sg=4->4 mode=NONE win=8 obs=142 | cap=wip act=(320,360) d=1.08 a=1 | sp=frontier:active d=1.1 age=12 dtg=1.84 region=2_1
ep=503 s=142 30651ms [sel=34 cap=0 rest=30559] sg=None->4 mode=NONE win=8 obs=143 | cap=- act=(320,360) d=1.67 a=3 | preview=view-/6 yaw=+0 render=58ms | sp=frontier:active d=1.7 age=0 ANALYSIS_ERROR_STAGE=decision ANALYSIS_ERROR='CaptionerInferenceError: Captioner model inference failed' dtg=1.84 region=2_1
ep=503 s=143 30170ms [sel=3 cap=0 rest=30167] sg=None->4 mode=NONE win=8 obs=144 | cap=- act=(320,360) d=1.67 a=1 | sp=frontier:active d=1.7 age=1 ANALYSIS_ERROR_STAGE=decision ANALYSIS_ERROR='CaptionerInferenceError: Captioner model inference failed' dtg=2.07 region=2_1
ep=503 s=144 15645ms [sel=3 cap=15518 rest=124] sg=4->4 mode=NONE win=8 obs=145 | cap=wip act=(320,360) d=1.42 a=1 | sp=frontier:active d=1.4 age=2 dtg=2.31 region=2_1
ep=503 s=145 30596ms [sel=4 cap=0 rest=30555] sg=None->4 mode=NONE win=8 obs=146 | cap=- act=(320,360) d=1.17 a=1 | preview=view-/6 yaw=+0 render=38ms | sp=frontier:active d=1.2 age=3 ANALYSIS_ERROR_STAGE=decision ANALYSIS_ERROR='CaptionerInferenceError: Captioner model inference failed' dtg=2.55 region=2_1
ep=503 s=146 19418ms [sel=4 cap=19287 rest=127] sg=4->4 mode=NONE win=8 obs=147 | cap=wip act=(320,360) d=0.92 a=1 | sp=frontier:active d=0.9 age=4 dtg=2.79 region=2_1
ep=503 s=147 15072ms [sel=3 cap=14945 rest=124] sg=4->4 mode=NONE win=8 obs=148 | cap=wip act=(320,360) d=0.67 a=1 | sp=frontier:active d=0.7 age=5 dtg=3.03 region=2_1
ep=503 s=148 30713ms [sel=62 cap=0 rest=30580] sg=None->4 mode=NONE win=8 obs=149 | cap=- act=(320,359) d=2.06 a=1 | preview=view-/6 yaw=+0 render=72ms ANALYSIS_ERROR_STAGE=decision ANALYSIS_ERROR='CaptionerInferenceError: Captioner model inference failed' dtg=3.28 region=2_1
ep=503 s=149 19075ms [sel=60 cap=18897 rest=118] sg=4->4 mode=NONE win=8 obs=150 | cap=wip act=(320,359) d=2.08 a=1 dtg=3.52 region=2_1
ep=503 s=150 14637ms [sel=5514 cap=9005 rest=118] sg=4->4 mode=NONE win=8 obs=151 | cap=wip act=TURN request=+45deg execute=+15deg x1 a=3 | sp=- ovr=1 door_evts=1 som=2/7 dtg=3.52 region=2_1
ep=503 s=151 30524ms [sel=0 cap=0 rest=30489] sg=None->4 mode=NONE win=8 obs=152 | cap=- act=TURN request=+45deg execute=+15deg x1 a=3 | preview=view-/6 yaw=+0 render=36ms | sp=- ovr=1 door_evts=1 ANALYSIS_ERROR_STAGE=completion_confirmation ANALYSIS_ERROR='CaptionerOutputError: decision violates the navigation reply contract: Request timed out.' dtg=3.52 region=2_1
ep=503 s=152 10759ms [sel=0 cap=10639 rest=119] sg=4->4 mode=NONE win=8 obs=153 | cap=wip act=TURN request=+45deg execute=+15deg x1 a=3 | sp=- ovr=1 door_evts=1 dtg=3.52 region=2_1
ep=503 s=153 10995ms [sel=0 cap=10871 rest=124] sg=4->4 mode=NONE win=8 obs=154 | cap=wip act=TURN request=+45deg execute=+15deg x1 a=3 | sp=- ovr=1 door_evts=1 dtg=3.52 region=2_1
ep=503 s=154 23201ms [sel=0 cap=22673 rest=491] sg=4->4 mode=NONE win=8 obs=155 | cap=wip act=TURN request=+45deg execute=+15deg x1 a=3 | preview=view-/6 yaw=+0 render=37ms | sp=- ovr=1 door_evts=1 dtg=3.52 region=2_1
ep=503 s=155 14826ms [sel=0 cap=14690 rest=136] sg=4->4 mode=NONE win=8 obs=156 | cap=wip act=TURN request=+45deg execute=+15deg x1 a=3 | sp=- ovr=1 door_evts=1 dtg=3.52 region=2_1
ep=503 s=156 13197ms [sel=0 cap=13070 rest=127] sg=4->4 mode=NONE win=8 obs=157 | cap=wip act=TURN request=+45deg execute=+15deg x1 a=3 | sp=- ovr=1 door_evts=1 dtg=3.52 region=2_1
ep=503 s=157 19255ms [sel=0 cap=18741 rest=476] sg=4->4 mode=NONE win=8 obs=158 | cap=wip act=TURN request=+45deg execute=+15deg x1 a=3 | preview=view-/6 yaw=+0 render=38ms | sp=- ovr=1 door_evts=1 dtg=3.52 region=2_1
ep=503 s=158 6896ms [sel=0 cap=6769 rest=127] sg=4->4 mode=NONE win=8 obs=159 | cap=wip act=TURN request=+45deg execute=+15deg x1 a=3 | sp=- ovr=1 door_evts=1 dtg=3.52 region=2_1
ep=503 s=159 30175ms [sel=0 cap=0 rest=30175] sg=None->4 mode=NONE win=8 obs=160 | cap=- act=TURN request=+45deg execute=+15deg x1 a=3 | sp=- ovr=1 door_evts=1 ANALYSIS_ERROR_STAGE=decision ANALYSIS_ERROR='CaptionerInferenceError: Captioner model inference failed' dtg=3.52 region=2_1
ep=503 s=160 18234ms [sel=0 cap=17656 rest=540] sg=4->4 mode=NONE win=8 obs=161 | cap=wip act=TURN request=+45deg execute=+15deg x1 a=3 | preview=view-/6 yaw=+0 render=38ms | sp=- ovr=1 door_evts=1 dtg=3.52 region=2_1
ep=503 s=161 15088ms [sel=6299 cap=8653 rest=136] sg=4->4 mode=NONE win=8 obs=162 | cap=wip act=(320,360) d=2.92 a=1 | sp=som:active d=2.9 age=0 som=2/7 dtg=3.27 region=2_1
ep=503 s=162 11438ms [sel=3 cap=11289 rest=146] sg=4->4 mode=NONE win=8 obs=163 | cap=wip act=(320,360) d=2.68 a=3 | sp=som:active d=2.7 age=1 dtg=3.27 region=2_1
ep=503 s=163 22615ms [sel=3 cap=22045 rest=515] sg=4->4 mode=NONE win=8 obs=164 | cap=wip act=(320,360) d=2.68 a=1 | preview=view-/6 yaw=+0 render=51ms | sp=som:active d=2.7 age=2 dtg=3.03 region=2_1
ep=503 s=164 12048ms [sel=3 cap=11912 rest=133] sg=4->4 mode=NONE win=8 obs=165 | cap=wip act=(320,360) d=2.43 a=1 | sp=som:active d=2.4 age=3 dtg=2.78 region=2_1
ep=503 s=165 12435ms [sel=3 cap=12298 rest=134] sg=4->4 mode=NONE win=8 obs=166 | cap=wip act=(320,360) d=2.18 a=1 | sp=som:active d=2.2 age=4 dtg=2.54 region=2_1
ep=503 s=166 26934ms [sel=3 cap=26377 rest=518] sg=4->4 mode=NONE win=8 obs=167 | cap=wip act=(320,360) d=1.94 a=1 | preview=view-/6 yaw=+0 render=37ms | sp=som:active d=1.9 age=5 dtg=2.30 region=2_1
ep=503 s=167 24224ms [sel=3 cap=24083 rest=138] sg=4->4 mode=NONE win=8 obs=168 | cap=wip act=(320,360) d=1.69 a=1 | sp=som:active d=1.7 age=6 dtg=2.06 region=2_1
ep=503 s=168 11381ms [sel=3 cap=11230 rest=148] sg=4->4 mode=NONE win=8 obs=169 | cap=wip act=(320,360) d=1.45 a=1 | sp=som:active d=1.4 age=7 dtg=1.83 region=2_1
ep=503 s=169 30566ms [sel=3 cap=0 rest=30522] sg=None->4 mode=NONE win=8 obs=170 | cap=- act=(320,360) d=1.21 a=2 | preview=view-/6 yaw=+0 render=40ms | sp=som:active d=1.2 age=8 ANALYSIS_ERROR_STAGE=completion_confirmation ANALYSIS_ERROR='CaptionerOutputError: decision violates the navigation reply contract: Request timed out.' dtg=1.83 region=2_1
ep=503 s=170 26282ms [sel=3 cap=26147 rest=133] sg=4->4 mode=NONE win=8 obs=171 | cap=wip act=(320,360) d=1.21 a=1 | sp=som:active d=1.2 age=9 dtg=1.58 region=2_1
ep=503 s=171 10546ms [sel=3 cap=10409 rest=135] sg=4->4 mode=NONE win=8 obs=172 | cap=wip act=(320,360) d=0.96 a=1 | sp=som:active d=1.0 age=10 dtg=1.33 region=2_1
ep=503 s=172 22478ms [sel=3 cap=21947 rest=489] sg=4->4 mode=NONE win=8 obs=173 | cap=wip act=(320,360) d=0.71 a=1 | preview=view-/6 yaw=+0 render=39ms | sp=som:active d=0.7 age=11 dtg=1.08 region=2_1
ep=503 s=173 28628ms [sel=34 cap=28456 rest=138] sg=4->4 mode=NONE win=8 obs=174 | cap=wip act=(320,360) d=3.08 a=1 | sp=frontier:active d=3.1 age=0 dtg=0.84 region=2_2
ep=503 s=174 10226ms [sel=3 cap=10093 rest=131] sg=4->4 mode=NONE win=8 obs=175 | cap=wip act=(320,360) d=2.84 a=2 | sp=frontier:active d=2.8 age=1 dtg=0.84 region=2_2
ep=503 s=175 12239ms [sel=3 cap=12102 rest=134] sg=4->4 mode=NONE win=8 obs=176 | cap=wip act=(320,360) d=2.84 a=1 | sp=frontier:active d=2.8 age=2 dtg=0.59 region=2_2
ep=503 s=176 11667ms [sel=16 cap=11139 rest=473] sg=4->4 mode=NONE win=8 obs=177 | cap=wip act=(160,180) d=4.62 a=3 | preview=view2/6 yaw=-45 render=39ms | sp=preview:active d=4.6 age=0 dtg=0.59 region=2_2
ep=503 s=177 11129ms [sel=3 cap=10997 rest=129] sg=4->4 mode=NONE win=8 obs=178 | cap=wip act=(320,360) d=4.62 a=1 | sp=preview:active d=4.6 age=1 dtg=0.35 region=2_2
ep=503 s=178 13350ms [sel=3 cap=13218 rest=129] sg=4->4 mode=NONE win=8 obs=179 | cap=wip act=(320,360) d=4.38 a=1 | sp=preview:active d=4.4 age=2 dtg=0.15 region=2_2
ep=503 s=179 23709ms [sel=3 cap=23206 rest=462] sg=4->4 mode=NONE win=8 obs=180 | cap=wip act=(320,360) d=4.14 a=1 | preview=view-/6 yaw=+0 render=38ms | sp=preview:active d=4.1 age=3 dtg=0.22 region=2_2
ep=503 s=180 10418ms [sel=3 cap=10282 rest=132] sg=4->4 mode=NONE win=8 obs=181 | cap=wip act=(320,360) d=3.90 a=1 | sp=preview:active d=3.9 age=4 dtg=0.45 region=2_2
ep=503 s=181 8637ms [sel=3 cap=8501 rest=133] sg=4->4 mode=NONE win=8 obs=182 | cap=wip act=(320,360) d=3.66 a=1 | sp=preview:active d=3.7 age=5 dtg=0.69 region=2_2
ep=503 s=182 20658ms [sel=3 cap=20120 rest=498] sg=4->4 mode=NONE win=8 obs=183 | cap=wip act=(320,360) d=3.43 a=1 | preview=view-/6 yaw=+0 render=38ms | sp=preview:active d=3.4 age=6 dtg=0.94 region=2_2
ep=503 s=183 26537ms [sel=3 cap=26401 rest=133] sg=4->4 mode=NONE win=8 obs=184 | cap=wip act=(320,360) d=3.19 a=1 | sp=preview:active d=3.2 age=7 dtg=1.19 region=2_2
ep=503 s=184 24301ms [sel=4 cap=24161 rest=136] sg=4->4 mode=NONE win=8 obs=185 | cap=wip act=(320,360) d=2.96 a=1 | sp=preview:active d=3.0 age=8 dtg=1.43 region=2_2
ep=503 s=185 30576ms [sel=4 cap=0 rest=30537] sg=None->4 mode=NONE win=8 obs=186 | cap=- act=(320,360) d=2.73 a=1 | preview=view-/6 yaw=+0 render=36ms | sp=preview:active d=2.7 age=9 ANALYSIS_ERROR_STAGE=completion_confirmation ANALYSIS_ERROR='CaptionerOutputError: decision violates the navigation reply contract: Request timed out.' dtg=1.68 region=2_2
ep=503 s=186 16486ms [sel=3 cap=16348 rest=135] sg=4->4 mode=NONE win=8 obs=187 | cap=wip act=(320,360) d=2.51 a=1 | sp=preview:active d=2.5 age=10 dtg=1.93 region=1_5
ep=503 s=187 12522ms [sel=4 cap=12386 rest=132] sg=4->4 mode=NONE win=8 obs=188 | cap=wip act=(320,360) d=2.29 a=1 | sp=preview:active d=2.3 age=11 dtg=2.18 region=2_3
ep=503 s=188 21263ms [sel=36 cap=20683 rest=505] sg=4->4 mode=NONE win=8 obs=189 | cap=wip act=(320,360) d=1.62 a=1 | preview=view-/6 yaw=+0 render=40ms | sp=frontier:active d=1.6 age=0 dtg=2.43 region=2_3
ep=503 s=189 11928ms [sel=35 cap=11762 rest=132] sg=4->4 mode=NONE win=8 obs=190 | cap=wip act=(320,360) d=1.37 a=1 | sp=frontier:active d=1.4 age=0 dtg=2.68 region=2_3
ep=503 s=190 12868ms [sel=3 cap=12734 rest=130] sg=4->4 mode=NONE win=8 obs=191 | cap=wip act=(320,360) d=1.12 a=1 | sp=frontier:active d=1.1 age=1 dtg=2.93 region=2_3
ep=503 s=191 16846ms [sel=3 cap=16294 rest=510] sg=4->4 mode=NONE win=8 obs=192 | cap=wip act=(320,360) d=0.87 a=1 | preview=view-/6 yaw=+0 render=40ms | sp=frontier:active d=0.9 age=2 dtg=3.18 region=2_3
ep=503 s=192 10351ms [sel=3 cap=10212 rest=136] sg=4->4 mode=NONE win=8 obs=193 | cap=wip act=(320,360) d=0.62 a=1 | sp=frontier:active d=0.6 age=3 dtg=3.43 region=2_3
ep=503 s=193 15291ms [sel=60 cap=15102 rest=130] sg=4->4 mode=NONE win=8 obs=194 | cap=wip act=(320,359) d=2.14 a=1 | sp=straight_ahead:active d=1.5 age=0 dtg=3.68 region=2_3
ep=503 s=194 25202ms [sel=3 cap=24680 rest=483] sg=4->4 mode=NONE win=8 obs=195 | cap=wip act=(320,360) d=1.22 a=1 | preview=view-/6 yaw=+0 render=35ms | sp=straight_ahead:active d=1.2 age=1 dtg=3.93 region=2_3
ep=503 s=195 13150ms [sel=3 cap=13016 rest=131] sg=4->4 mode=NONE win=8 obs=196 | cap=wip act=(320,360) d=0.97 a=1 | sp=straight_ahead:active d=1.0 age=2 dtg=4.18 region=2_3
ep=503 s=196 14433ms [sel=3 cap=14292 rest=138] sg=4->4 mode=NONE win=8 obs=197 | cap=wip act=(320,360) d=0.72 a=2 | sp=straight_ahead:active d=0.7 age=3 dtg=4.18 region=2_3
ep=503 s=197 20864ms [sel=3 cap=20281 rest=512] sg=4->4 mode=NONE win=8 obs=198 | cap=wip act=(320,360) d=0.72 a=1 | preview=view-/6 yaw=+0 render=68ms | sp=straight_ahead:active d=0.7 age=4 dtg=4.42 region=2_3
ep=503 s=198 20605ms [sel=87 cap=20385 rest=133] sg=4->4 mode=NONE win=8 obs=199 | cap=wip act=(320,360) d=2.63 a=2 | sp=frontier:active d=2.6 age=0 dtg=4.42 region=2_3
ep=503 s=199 18987ms [sel=20 cap=18824 rest=143] sg=4->4 mode=NONE win=8 obs=200 | cap=wip act=(320,360) d=2.63 a=2 | sp=frontier:active d=2.6 age=1 dtg=4.42 region=2_3
ep=503 s=200 10608ms [sel=20 cap=10459 rest=129] sg=4->4 mode=NONE win=8 obs=201 | cap=wip act=(320,360) d=2.63 a=2 | sp=frontier:active d=2.6 age=2 dtg=4.42 region=2_3
ep=503 s=201 19869ms [sel=21 cap=19314 rest=495] sg=4->4 mode=NONE win=8 obs=202 | cap=wip act=(320,360) d=2.63 a=2 | preview=view-/6 yaw=+0 render=39ms | sp=frontier:active d=2.6 age=3 dtg=4.42 region=2_3
ep=503 s=202 9385ms [sel=20 cap=9219 rest=146] sg=4->4 mode=NONE win=8 obs=203 | cap=wip act=(320,360) d=2.63 a=2 | sp=frontier:active d=2.6 age=4 dtg=4.42 region=2_3
ep=503 s=203 13121ms [sel=20 cap=12969 rest=132] sg=4->4 mode=NONE win=8 obs=204 | cap=wip act=(320,360) d=2.63 a=2 | sp=frontier:active d=2.6 age=5 dtg=4.42 region=2_3
ep=503 s=204 10164ms [sel=38 cap=9574 rest=515] sg=4->4 mode=NONE win=8 obs=205 | cap=wip act=(160,180) d=3.43 a=2 | preview=view1/6 yaw=-75 render=37ms | sp=preview:active d=3.4 age=0 dtg=4.42 region=2_3
ep=503 s=205 9623ms [sel=25 cap=9466 rest=131] sg=4->4 mode=NONE win=8 obs=206 | cap=wip act=(320,360) d=3.43 a=2 | sp=preview:active d=3.4 age=1 dtg=4.42 region=2_3
ep=503 s=206 11169ms [sel=20 cap=11015 rest=134] sg=4->4 mode=NONE win=8 obs=207 | cap=wip act=(320,360) d=3.43 a=2 | sp=preview:active d=3.4 age=2 dtg=4.42 region=2_3
ep=503 s=207 12304ms [sel=3 cap=11738 rest=522] sg=4->4 mode=NONE win=8 obs=208 | cap=wip act=(320,360) d=3.43 a=2 | preview=view-/6 yaw=+0 render=41ms | sp=preview:active d=3.4 age=3 dtg=4.42 region=2_3
ep=503 s=208 8337ms [sel=3 cap=8194 rest=140] sg=4->4 mode=NONE win=8 obs=209 | cap=wip act=(320,360) d=3.43 a=1 | sp=preview:active d=3.4 age=4 dtg=4.18 region=2_3
ep=503 s=209 9657ms [sel=3 cap=9518 rest=135] sg=4->4 mode=NONE win=8 obs=210 | cap=wip act=(320,360) d=3.19 a=2 | sp=preview:active d=3.2 age=5 dtg=4.18 region=2_3
ep=503 s=210 29190ms [sel=3 cap=28650 rest=492] sg=4->4 mode=NONE win=8 obs=211 | cap=wip act=(320,360) d=3.19 a=1 | preview=view-/6 yaw=+0 render=45ms | sp=preview:active d=3.2 age=6 dtg=3.93 region=2_3
ep=503 s=211 6861ms [sel=3 cap=6727 rest=131] sg=4->4 mode=NONE win=8 obs=212 | cap=wip act=(320,360) d=2.94 a=1 | sp=preview:active d=2.9 age=7 dtg=3.68 region=2_3
ep=503 s=212 14592ms [sel=3 cap=14432 rest=157] sg=4->4 mode=NONE win=8 obs=213 | cap=wip act=(320,360) d=2.69 a=1 | sp=preview:active d=2.7 age=8 dtg=3.43 region=2_3
ep=503 s=213 23142ms [sel=3 cap=22596 rest=508] sg=4->4 mode=NONE win=8 obs=214 | cap=wip act=(320,360) d=2.44 a=1 | preview=view-/6 yaw=+0 render=36ms | sp=preview:active d=2.4 age=9 dtg=3.18 region=2_3
ep=503 s=214 12204ms [sel=4 cap=12068 rest=133] sg=4->4 mode=NONE win=8 obs=215 | cap=wip act=(320,360) d=2.19 a=1 | sp=preview:active d=2.2 age=10 dtg=2.93 region=2_3
ep=503 s=215 16053ms [sel=3 cap=15914 rest=137] sg=4->4 mode=NONE win=8 obs=216 | cap=wip act=(320,360) d=1.94 a=1 | sp=preview:active d=1.9 age=11 dtg=2.68 region=2_3
ep=503 s=216 16703ms [sel=3 cap=16570 rest=130] sg=4->4 mode=NONE win=8 obs=217 | cap=wip act=(320,360) d=1.69 a=1 | sp=preview:active d=1.7 age=12 dtg=2.43 region=2_3
ep=503 s=217 7790ms [sel=3 cap=7657 rest=130] sg=4->4 mode=NONE win=8 obs=218 | cap=wip act=(320,360) d=1.44 a=1 | sp=preview:active d=1.4 age=13 dtg=2.18 region=2_3
ep=503 s=218 11673ms [sel=3 cap=11533 rest=136] sg=4->4 mode=NONE win=8 obs=219 | cap=wip act=(320,360) d=1.19 a=1 | sp=preview:active d=1.2 age=14 dtg=1.93 region=1_5
ep=503 s=219 21012ms [sel=35 cap=20395 rest=509] sg=4->4 mode=NONE win=8 obs=220 | cap=wip act=(320,360) d=2.74 a=1 | preview=view-/6 yaw=+0 render=73ms | sp=frontier:active d=2.7 age=0 dtg=1.68 region=2_2
ep=503 s=220 18166ms [sel=3 cap=18029 rest=134] sg=4->4 mode=NONE win=8 obs=221 | cap=wip act=(320,360) d=2.49 a=1 | sp=frontier:active d=2.5 age=1 dtg=1.43 region=2_2
ep=503 s=221 12235ms [sel=3 cap=12097 rest=136] sg=4->4 mode=NONE win=8 obs=222 | cap=wip act=(320,360) d=2.24 a=1 | sp=frontier:active d=2.2 age=2 dtg=1.18 region=2_2
ep=503 s=222 19378ms [sel=4 cap=19241 rest=134] sg=4->4 mode=NONE win=8 obs=223 | cap=wip act=(320,360) d=1.99 a=1 | sp=frontier:active d=2.0 age=3 dtg=0.93 region=2_2
ep=503 s=223 11757ms [sel=3 cap=11618 rest=135] sg=4->4 mode=NONE win=8 obs=224 | cap=wip act=(320,360) d=1.74 a=1 | sp=frontier:active d=1.7 age=4 dtg=0.68 region=2_2
ep=503 s=224 18716ms [sel=3 cap=18190 rest=486] sg=4->4 mode=NONE win=8 obs=225 | cap=wip act=(320,360) d=1.49 a=1 | preview=view-/6 yaw=+0 render=37ms | sp=frontier:active d=1.5 age=5 dtg=0.43 region=2_2
ep=503 s=225 13223ms [sel=3 cap=13086 rest=134] sg=4->4 mode=NONE win=8 obs=226 | cap=wip act=(320,360) d=1.24 a=1 | sp=frontier:active d=1.2 age=6 dtg=0.18 region=2_2
ep=503 s=226 7986ms [sel=3 cap=7850 rest=133] sg=4->4 mode=NONE win=8 obs=227 | cap=wip act=(320,360) d=1.00 a=1 | sp=frontier:active d=1.0 age=7 dtg=0.07 region=2_2
ep=503 s=227 21428ms [sel=3 cap=20905 rest=481] sg=4->4 mode=NONE win=8 obs=228 | cap=wip act=(320,360) d=0.75 a=1 | preview=view-/6 yaw=+0 render=38ms | sp=frontier:active d=0.8 age=8 dtg=0.33 region=2_2
ep=503 s=228 13954ms [sel=3 cap=13822 rest=130] sg=4->4 mode=NONE win=8 obs=229 | cap=wip act=(320,360) d=0.51 a=2 | sp=frontier:active d=0.5 age=9 dtg=0.33 region=2_2
ep=503 s=229 8904ms [sel=3 cap=8767 rest=135] sg=4->4 mode=NONE win=8 obs=230 | cap=wip act=(320,360) d=0.51 a=1 | sp=frontier:active d=0.5 age=10 dtg=0.57 region=2_2
ep=503 s=230 30590ms [sel=35 cap=0 rest=30510] sg=None->4 mode=NONE win=8 obs=231 | cap=- act=(320,360) d=2.86 a=3 | preview=view-/6 yaw=+0 render=44ms | sp=frontier:active d=2.9 age=0 ANALYSIS_ERROR_STAGE=completion_confirmation ANALYSIS_ERROR='CaptionerOutputError: decision violates the navigation reply contract: Request timed out.' dtg=0.57 region=2_2
ep=503 s=231 22541ms [sel=3 cap=22408 rest=131] sg=4->4 mode=NONE win=8 obs=232 | cap=wip act=(320,360) d=2.86 a=1 | sp=frontier:active d=2.9 age=1 dtg=0.82 region=2_2
ep=503 s=232 7573ms [sel=3 cap=7439 rest=131] sg=4->4 mode=NONE win=8 obs=233 | cap=wip act=(320,360) d=2.61 a=1 | sp=frontier:active d=2.6 age=2 dtg=1.07 region=2_1
ep=503 s=233 20115ms [sel=3 cap=19581 rest=494] sg=4->4 mode=NONE win=8 obs=234 | cap=wip act=(320,360) d=2.37 a=3 | preview=view-/6 yaw=+0 render=37ms | sp=frontier:active d=2.4 age=3 dtg=1.07 region=2_1
ep=503 s=234 15997ms [sel=3 cap=15865 rest=129] sg=4->4 mode=NONE win=8 obs=235 | cap=wip act=(320,360) d=2.37 a=1 | sp=frontier:active d=2.4 age=4 dtg=1.31 region=2_1
ep=503 s=235 19414ms [sel=3 cap=19284 rest=128] sg=4->4 mode=NONE win=8 obs=236 | cap=wip act=(320,360) d=2.12 a=1 | sp=frontier:active d=2.1 age=5 dtg=1.55 region=2_1
ep=503 s=236 23824ms [sel=3 cap=23299 rest=485] sg=4->4 mode=NONE win=8 obs=237 | cap=wip act=(320,360) d=1.87 a=1 | preview=view-/6 yaw=+0 render=36ms | sp=frontier:active d=1.9 age=6 dtg=1.79 region=2_1
ep=503 s=237 16920ms [sel=3 cap=16792 rest=125] sg=4->4 mode=NONE win=8 obs=238 | cap=wip act=(320,360) d=1.63 a=1 | sp=frontier:active d=1.6 age=7 dtg=2.04 region=2_1
ep=503 s=238 13690ms [sel=3 cap=13557 rest=130] sg=4->4 mode=NONE win=8 obs=239 | cap=wip act=(320,360) d=1.38 a=1 | sp=frontier:active d=1.4 age=8 dtg=2.29 region=2_1
ep=503 s=239 19156ms [sel=3 cap=18602 rest=515] sg=4->4 mode=NONE win=8 obs=240 | cap=wip act=(320,360) d=1.14 a=2 | preview=view-/6 yaw=+0 render=36ms | sp=frontier:active d=1.1 age=9 dtg=2.29 region=2_1
ep=503 s=240 7092ms [sel=3 cap=6965 rest=124] sg=4->4 mode=NONE win=8 obs=241 | cap=wip act=(320,360) d=1.14 a=1 | sp=frontier:active d=1.1 age=10 dtg=2.54 region=2_1
ep=503 s=241 9077ms [sel=3 cap=8950 rest=124] sg=4->4 mode=NONE win=8 obs=242 | cap=wip act=(320,360) d=0.89 a=1 | sp=frontier:active d=0.9 age=11 dtg=2.78 region=2_1
ep=503 s=242 12095ms [sel=42 cap=11519 rest=493] sg=4->4 mode=NONE win=8 obs=243 | cap=wip act=(160,180) d=3.27 a=2 | preview=view0/6 yaw=-180 render=40ms | sp=preview:active d=3.3 age=0 dtg=2.78 region=2_1
ep=503 s=243 11352ms [sel=29 cap=11199 rest=123] sg=4->4 mode=NONE win=8 obs=244 | cap=wip act=(320,360) d=3.27 a=2 | sp=preview:active d=3.3 age=1 dtg=2.78 region=2_1
ep=503 s=244 7101ms [sel=27 cap=6945 rest=129] sg=4->4 mode=NONE win=8 obs=245 | cap=wip act=(320,360) d=3.27 a=2 | sp=preview:active d=3.3 age=2 dtg=2.78 region=2_1
ep=503 s=245 23004ms [sel=26 cap=22430 rest=512] sg=4->4 mode=NONE win=8 obs=246 | cap=wip act=(320,360) d=3.27 a=2 | preview=view-/6 yaw=+0 render=36ms | sp=preview:active d=3.3 age=3 dtg=2.78 region=2_1
ep=503 s=246 20367ms [sel=27 cap=20210 rest=131] sg=4->4 mode=NONE win=8 obs=247 | cap=wip act=(320,360) d=3.27 a=2 | sp=preview:active d=3.3 age=4 dtg=2.78 region=2_1
ep=503 s=247 13960ms [sel=41 cap=13778 rest=142] sg=4->4 mode=NONE win=8 obs=248 | cap=wip act=(320,360) d=3.27 a=2 | sp=preview:active d=3.3 age=5 dtg=2.78 region=2_1
ep=503 s=248 23938ms [sel=28 cap=23318 rest=555] sg=4->4 mode=NONE win=8 obs=249 | cap=wip act=(320,360) d=3.27 a=2 | preview=view-/6 yaw=+0 render=37ms | sp=preview:active d=3.3 age=6 dtg=2.78 region=2_1
ep=503 s=249 10330ms [sel=29 cap=10166 rest=136] sg=4->4 mode=NONE win=8 obs=250 | cap=wip act=(320,360) d=3.27 a=2 | sp=preview:active d=3.3 age=7 dtg=2.78 region=2_1
ep=503 s=250 9079ms [sel=25 cap=8916 rest=138] sg=4->4 mode=NONE win=8 obs=251 | cap=wip act=(320,360) d=3.27 a=2 | sp=preview:active d=3.3 age=8 dtg=2.78 region=2_1
ep=503 s=251 13306ms [sel=18 cap=13149 rest=138] sg=4->4 mode=NONE win=8 obs=252 | cap=wip act=(320,360) d=3.27 a=2 | sp=preview:active d=3.3 age=9 dtg=2.78 region=2_1
ep=503 s=252 9014ms [sel=3 cap=8874 rest=137] sg=4->4 mode=NONE win=8 obs=253 | cap=wip act=(320,360) d=3.27 a=2 | sp=preview:active d=3.3 age=10 dtg=2.78 region=2_1
ep=503 s=253 28690ms [sel=3 cap=28147 rest=502] sg=4->4 mode=NONE win=8 obs=254 | cap=wip act=(320,360) d=3.27 a=1 | preview=view-/6 yaw=+0 render=38ms | sp=preview:active d=3.3 age=11 dtg=2.54 region=2_1
ep=503 s=254 11408ms [sel=3 cap=11265 rest=140] sg=4->4 mode=NONE win=8 obs=255 | cap=wip act=(320,360) d=3.02 a=2 | sp=preview:active d=3.0 age=12 dtg=2.54 region=2_1
ep=503 s=255 16366ms [sel=3 cap=16227 rest=135] sg=4->4 mode=NONE win=8 obs=256 | cap=wip act=(320,360) d=3.02 a=1 | sp=preview:active d=3.0 age=13 dtg=2.29 region=2_1
ep=503 s=256 30576ms [sel=3 cap=0 rest=30530] sg=None->4 mode=NONE win=8 obs=257 | cap=- act=(320,360) d=2.77 a=1 | preview=view-/6 yaw=+0 render=43ms | sp=preview:active d=2.8 age=14 ANALYSIS_ERROR_STAGE=completion_confirmation ANALYSIS_ERROR='CaptionerOutputError: decision violates the navigation reply contract: Request timed out.' dtg=2.04 region=2_1
ep=503 s=257 10025ms [sel=3 cap=9886 rest=135] sg=4->4 mode=NONE win=8 obs=258 | cap=wip act=(320,360) d=2.53 a=1 | sp=preview:active d=2.5 age=15 dtg=1.79 region=2_1
ep=503 s=258 10169ms [sel=35 cap=9998 rest=136] sg=4->4 mode=NONE win=8 obs=259 | cap=wip act=(320,360) d=3.70 a=1 | sp=frontier:active d=3.7 age=0 dtg=1.54 region=2_1
ep=503 s=259 28870ms [sel=3 cap=28327 rest=501] sg=4->4 mode=NONE win=8 obs=260 | cap=wip act=(320,360) d=3.45 a=1 | preview=view-/6 yaw=+0 render=40ms | sp=frontier:active d=3.5 age=1 dtg=1.30 region=2_1
ep=503 s=260 11944ms [sel=3 cap=11806 rest=135] sg=4->4 mode=NONE win=8 obs=261 | cap=wip act=(320,360) d=3.20 a=1 | sp=frontier:active d=3.2 age=2 dtg=1.05 region=2_1
ep=503 s=261 11058ms [sel=3 cap=10921 rest=135] sg=4->4 mode=NONE win=8 obs=262 | cap=wip act=(320,360) d=2.96 a=1 | sp=frontier:active d=3.0 age=3 dtg=0.81 region=2_2
ep=503 s=262 18509ms [sel=3 cap=17982 rest=487] sg=4->4 mode=NONE win=8 obs=263 | cap=wip act=(320,360) d=2.71 a=1 | preview=view-/6 yaw=+0 render=37ms | sp=frontier:active d=2.7 age=4 dtg=0.57 region=2_2
ep=503 s=263 18691ms [sel=3 cap=18546 rest=142] sg=4->4 mode=NONE win=8 obs=264 | cap=wip act=(320,360) d=2.46 a=1 | sp=frontier:active d=2.5 age=5 dtg=0.34 region=2_2
ep=503 s=264 13117ms [sel=3 cap=12942 rest=173] sg=4->4 mode=NONE win=8 obs=265 | cap=wip act=(320,360) d=2.22 a=1 | sp=frontier:active d=2.2 age=6 dtg=0.19 region=2_2
ep=503 s=265 17809ms [sel=3 cap=17662 rest=144] sg=4->4 mode=NONE win=8 obs=266 | cap=wip act=(320,360) d=1.98 a=1 | sp=frontier:active d=2.0 age=7 dtg=0.29 region=2_2
ep=503 s=266 19309ms [sel=16 cap=18703 rest=521] sg=4->4 mode=NONE win=8 obs=267 | cap=wip act=(160,180) d=3.16 a=1 | preview=view2/6 yaw=-45 render=69ms | sp=preview:active d=3.2 age=0 dtg=0.51 region=2_2
ep=503 s=267 9178ms [sel=3 cap=9035 rest=140] sg=4->4 mode=NONE win=8 obs=268 | cap=wip act=(320,360) d=2.92 a=1 | sp=preview:active d=2.9 age=1 dtg=0.74 region=2_2
ep=503 s=268 20293ms [sel=3 cap=20153 rest=137] sg=4->4 mode=NONE win=8 obs=269 | cap=wip act=(320,360) d=2.68 a=1 | sp=preview:active d=2.7 age=2 dtg=0.99 region=2_2
ep=503 s=269 16332ms [sel=3 cap=16193 rest=137] sg=4->4 mode=NONE win=8 obs=270 | cap=wip act=(320,360) d=2.44 a=1 | sp=preview:active d=2.4 age=3 dtg=1.23 region=2_2
ep=503 s=270 30559ms [sel=3 cap=0 rest=30520] sg=None->4 mode=NONE win=8 obs=271 | cap=- act=(320,360) d=2.21 a=1 | preview=view-/6 yaw=+0 render=36ms | sp=preview:active d=2.2 age=4 ANALYSIS_ERROR_STAGE=completion_confirmation ANALYSIS_ERROR='CaptionerOutputError: decision violates the navigation reply contract: Request timed out.' dtg=1.48 region=2_2
ep=503 s=271 13714ms [sel=3 cap=13574 rest=137] sg=4->4 mode=NONE win=8 obs=272 | cap=wip act=(320,360) d=1.97 a=2 | sp=preview:active d=2.0 age=5 dtg=1.48 region=2_2
ep=503 s=272 29772ms [sel=3 cap=29629 rest=140] sg=4->4 mode=NONE win=8 obs=273 | cap=wip act=(320,360) d=1.97 a=1 | sp=preview:active d=2.0 age=6 dtg=1.73 region=2_2
ep=503 s=273 30548ms [sel=3 cap=0 rest=30506] sg=None->4 mode=NONE win=8 obs=274 | cap=- act=(320,360) d=1.73 a=1 | preview=view-/6 yaw=+0 render=39ms | sp=preview:active d=1.7 age=7 ANALYSIS_ERROR_STAGE=completion_confirmation ANALYSIS_ERROR='CaptionerOutputError: decision violates the navigation reply contract: Request timed out.' dtg=1.98 region=2_3
ep=503 s=274 14502ms [sel=3 cap=14357 rest=142] sg=4->4 mode=NONE win=8 obs=275 | cap=wip act=(320,360) d=1.48 a=1 | sp=preview:active d=1.5 age=8 dtg=2.23 region=2_3
ep=503 s=275 9913ms [sel=3 cap=9771 rest=138] sg=4->4 mode=NONE win=8 obs=276 | cap=wip act=(320,360) d=1.23 a=1 | sp=preview:active d=1.2 age=9 dtg=2.48 region=2_3
ep=503 s=276 21985ms [sel=5 cap=21454 rest=490] sg=4->4 mode=NONE win=8 obs=277 | cap=wip act=(320,360) d=0.99 a=1 | preview=view-/6 yaw=+0 render=36ms | sp=preview:active d=1.0 age=10 dtg=2.73 region=2_3
ep=503 s=277 8744ms [sel=3 cap=8609 rest=132] sg=4->4 mode=NONE win=8 obs=278 | cap=wip act=(320,360) d=0.75 a=1 | sp=preview:active d=0.8 age=11 dtg=2.98 region=2_3
ep=503 s=278 12499ms [sel=41 cap=12327 rest=131] sg=4->4 mode=NONE win=8 obs=279 | cap=wip act=(320,360) d=1.20 a=3 | sp=frontier:active d=1.2 age=0 dtg=2.98 region=2_3
ep=503 s=279 19336ms [sel=9 cap=19191 rest=136] sg=4->4 mode=NONE win=8 obs=280 | cap=wip act=(320,360) d=1.20 a=3 | sp=frontier:active d=1.2 age=1 dtg=2.98 region=2_3
ep=503 s=280 25299ms [sel=4 cap=24775 rest=483] sg=4->4 mode=NONE win=8 obs=281 | cap=wip act=(320,360) d=1.20 a=3 | preview=view-/6 yaw=+0 render=37ms | sp=frontier:active d=1.2 age=2 dtg=2.98 region=2_3
ep=503 s=281 8745ms [sel=3 cap=8605 rest=137] sg=4->4 mode=NONE win=8 obs=282 | cap=wip act=(320,360) d=1.20 a=3 | sp=frontier:active d=1.2 age=3 dtg=2.98 region=2_3
ep=503 s=282 15283ms [sel=3 cap=15145 rest=135] sg=4->4 mode=NONE win=8 obs=283 | cap=wip act=(320,360) d=1.20 a=1 | sp=frontier:active d=1.2 age=4 dtg=3.12 region=2_3
ep=503 s=283 14105ms [sel=3 cap=13968 rest=134] sg=4->4 mode=NONE win=8 obs=284 | cap=wip act=(320,360) d=0.95 a=1 | sp=frontier:active d=1.0 age=5 dtg=3.28 region=2_3
ep=503 s=284 30584ms [sel=3 cap=0 rest=30544] sg=None->4 mode=NONE win=8 obs=285 | cap=- act=(320,360) d=0.70 a=1 | preview=view-/6 yaw=+0 render=37ms | sp=frontier:active d=0.7 age=6 ANALYSIS_ERROR_STAGE=completion_confirmation ANALYSIS_ERROR='CaptionerOutputError: decision violates the navigation reply contract: Request timed out.' dtg=3.45 region=2_3
ep=503 s=285 12920ms [sel=62 cap=12724 rest=134] sg=4->4 mode=NONE win=8 obs=286 | cap=wip act=(369,359) d=2.14 a=1 | sp=straight_ahead:active d=0.7 age=0 dtg=3.63 region=2_3
ep=503 s=286 16773ms [sel=63 cap=16576 rest=133] sg=4->4 mode=NONE win=8 obs=287 | cap=wip act=(378,362) d=2.07 a=1 | sp=straight_ahead:reached d=0.4 age=0 dtg=3.81 region=2_3
ep=503 s=287 26039ms [sel=290 cap=25199 rest=512] sg=4->4 mode=NONE win=8 obs=288 | cap=wip act=TURN request=+45deg execute=+15deg x1 a=3 | preview=view-/6 yaw=+0 render=37ms | sp=straight_ahead:reached d=0.4 age=1 ovr=3 door_evts=1 dtg=3.81 region=2_3
ep=503 s=288 30172ms [sel=0 cap=0 rest=30172] sg=None->4 mode=NONE win=8 obs=289 | cap=- act=TURN request=+45deg execute=+15deg x1 a=3 | sp=- ovr=3 door_evts=1 ANALYSIS_ERROR_STAGE=decision ANALYSIS_ERROR='CaptionerInferenceError: Captioner model inference failed' dtg=3.81 region=2_3
ep=503 s=289 7389ms [sel=0 cap=7259 rest=131] sg=4->4 mode=NONE win=8 obs=290 | cap=wip act=TURN request=+45deg execute=+15deg x1 a=3 | sp=- ovr=3 door_evts=1 dtg=3.81 region=2_3
ep=503 s=290 18662ms [sel=0 cap=18109 rest=517] sg=4->4 mode=NONE win=8 obs=291 | cap=wip act=TURN request=+45deg execute=+15deg x1 a=3 | preview=view-/6 yaw=+0 render=36ms | sp=- ovr=3 door_evts=1 dtg=3.81 region=2_3
ep=503 s=291 9538ms [sel=0 cap=9364 rest=174] sg=4->4 mode=NONE win=8 obs=292 | cap=wip act=TURN request=+45deg execute=+15deg x1 a=3 | sp=- ovr=3 door_evts=1 dtg=3.81 region=2_3
ep=503 s=292 10583ms [sel=0 cap=10444 rest=139] sg=4->4 mode=NONE win=8 obs=293 | cap=wip act=TURN request=+45deg execute=+15deg x1 a=3 | sp=- ovr=3 door_evts=1 dtg=3.81 region=2_3
ep=503 s=293 21708ms [sel=0 cap=21139 rest=532] sg=4->4 mode=NONE win=8 obs=294 | cap=wip act=TURN request=+45deg execute=+15deg x1 a=3 | preview=view-/6 yaw=+0 render=38ms | sp=- ovr=3 door_evts=1 dtg=3.81 region=2_3
ep=503 s=294 11250ms [sel=0 cap=11113 rest=137] sg=4->4 mode=NONE win=8 obs=295 | cap=wip act=TURN request=+45deg execute=+15deg x1 a=3 | sp=- ovr=3 door_evts=1 dtg=3.81 region=2_3
ep=503 s=295 13943ms [sel=0 cap=13807 rest=136] sg=4->4 mode=NONE win=8 obs=296 | cap=wip act=TURN request=+45deg execute=+15deg x1 a=3 | sp=- ovr=3 door_evts=1 dtg=3.81 region=2_3
ep=503 s=296 27536ms [sel=33 cap=26950 rest=517] sg=4->4 mode=NONE win=8 obs=297 | cap=wip act=(320,360) d=2.14 a=3 | preview=view-/6 yaw=+0 render=36ms | sp=frontier:active d=2.1 age=0 dtg=3.81 region=2_3
ep=503 s=297 9252ms [sel=3 cap=9105 rest=144] sg=4->4 mode=NONE win=8 obs=298 | cap=wip act=(320,360) d=2.14 a=3 | sp=frontier:active d=2.1 age=1 dtg=3.81 region=2_3
ep=503 s=298 18284ms [sel=3 cap=18141 rest=140] sg=4->4 mode=NONE win=8 obs=299 | cap=wip act=(320,360) d=2.14 a=1 | sp=frontier:active d=2.1 age=2 dtg=3.59 region=2_3
ep=503 s=299 30590ms [sel=3 cap=0 rest=30548] sg=None->4 mode=NONE win=8 obs=300 | cap=- act=(320,360) d=1.89 a=1 | preview=view-/6 yaw=+0 render=39ms | sp=frontier:active d=1.9 age=3 ANALYSIS_ERROR_STAGE=decision ANALYSIS_ERROR='CaptionerInferenceError: Captioner model inference failed' dtg=3.37 region=2_3
ep=503 s=300 15006ms [sel=3 cap=14867 rest=136] sg=4->4 mode=NONE win=8 obs=301 | cap=wip act=(320,360) d=1.64 a=1 | sp=frontier:active d=1.6 age=4 dtg=3.15 region=2_3
ep=503 s=301 11742ms [sel=3 cap=11607 rest=132] sg=4->4 mode=NONE win=8 obs=302 | cap=wip act=(320,360) d=1.39 a=1 | sp=frontier:active d=1.4 age=5 dtg=2.94 region=2_3
ep=503 s=302 22181ms [sel=3 cap=21649 rest=491] sg=4->4 mode=NONE win=8 obs=303 | cap=wip act=(320,360) d=1.14 a=1 | preview=view-/6 yaw=+0 render=38ms | sp=frontier:active d=1.1 age=6 dtg=2.74 region=2_3
ep=503 s=303 15564ms [sel=3 cap=15427 rest=134] sg=4->4 mode=NONE win=8 obs=304 | cap=wip act=(320,360) d=0.89 a=2 | sp=frontier:active d=0.9 age=7 dtg=2.74 region=2_3
ep=503 s=304 26797ms [sel=3 cap=26661 rest=133] sg=4->4 mode=NONE win=8 obs=305 | cap=wip act=(320,360) d=0.89 a=1 | sp=frontier:active d=0.9 age=8 dtg=2.51 region=2_3
ep=503 s=305 13311ms [sel=3 cap=13175 rest=134] sg=4->4 mode=NONE win=8 obs=306 | cap=wip act=(320,360) d=0.65 a=1 | sp=frontier:active d=0.6 age=9 dtg=2.28 region=2_3
ep=503 s=306 14827ms [sel=34 cap=14276 rest=480] sg=4->4 mode=NONE win=8 obs=307 | cap=wip act=(320,360) d=3.36 a=2 | preview=view-/6 yaw=+0 render=37ms | sp=frontier:active d=3.4 age=0 dtg=2.28 region=2_3
ep=503 s=307 15609ms [sel=3 cap=15470 rest=136] sg=4->4 mode=NONE win=8 obs=308 | cap=wip act=(320,360) d=3.36 a=2 | sp=frontier:active d=3.4 age=1 dtg=2.28 region=2_3
ep=503 s=308 16004ms [sel=3 cap=15859 rest=142] sg=4->4 mode=NONE win=8 obs=309 | cap=wip act=(320,360) d=3.36 a=1 | sp=frontier:active d=3.4 age=2 dtg=2.03 region=2_3
ep=503 s=309 16578ms [sel=16 cap=16032 rest=493] sg=4->4 mode=NONE win=8 obs=310 | cap=wip act=(160,180) d=3.41 a=1 | preview=view3/6 yaw=+15 render=38ms | sp=preview:active d=3.4 age=0 dtg=1.78 region=2_2
ep=503 s=310 7952ms [sel=3 cap=7815 rest=134] sg=4->4 mode=NONE win=8 obs=311 | cap=wip act=(320,360) d=3.17 a=1 | sp=preview:active d=3.2 age=1 dtg=1.53 region=2_2
ep=503 s=311 8675ms [sel=3 cap=8538 rest=134] sg=4->4 mode=NONE win=8 obs=312 | cap=wip act=(320,360) d=2.93 a=1 | sp=preview:active d=2.9 age=2 dtg=1.29 region=2_2
ep=503 s=312 14953ms [sel=3 cap=14412 rest=501] sg=4->4 mode=NONE win=8 obs=313 | cap=wip act=(320,360) d=2.69 a=1 | preview=view-/6 yaw=+0 render=38ms | sp=preview:active d=2.7 age=3 dtg=1.04 region=2_2
ep=503 s=313 9850ms [sel=4 cap=9711 rest=136] sg=4->4 mode=NONE win=8 obs=314 | cap=wip act=(320,360) d=2.46 a=3 | sp=preview:active d=2.5 age=4 dtg=1.04 region=2_2
ep=503 s=314 8270ms [sel=3 cap=8129 rest=138] sg=4->4 mode=NONE win=8 obs=315 | cap=wip act=(320,360) d=2.46 a=1 | sp=preview:active d=2.5 age=5 dtg=0.79 region=2_2
ep=503 s=315 19988ms [sel=3 cap=19451 rest=495] sg=4->4 mode=NONE win=8 obs=316 | cap=wip act=(320,360) d=2.21 a=1 | preview=view-/6 yaw=+0 render=38ms | sp=preview:active d=2.2 age=6 dtg=0.54 region=2_2
ep=503 s=316 7130ms [sel=3 cap=6988 rest=139] sg=4->4 mode=NONE win=8 obs=317 | cap=wip act=(320,360) d=1.97 a=1 | sp=preview:active d=2.0 age=7 dtg=0.31 region=2_2
ep=503 s=317 7162ms [sel=3 cap=7020 rest=138] sg=4->4 mode=NONE win=8 obs=318 | cap=wip act=(320,360) d=1.72 a=1 | sp=preview:active d=1.7 age=8 dtg=0.13 region=2_2
ep=503 s=318 14609ms [sel=5452 cap=0 rest=9120] sg=None->4 mode=NONE win=8 obs=319 | cap=- act=(320,360) d=3.04 a=1 | preview=view-/6 yaw=+0 render=37ms | sp=som:active d=3.0 age=0 som=3/8 ANALYSIS_ERROR_STAGE=unknown ANALYSIS_ERROR='CaptionerInferenceError: Captioner model inference failed' dtg=0.26 region=2_2
ep=503 s=319 22121ms [sel=3 cap=21984 rest=134] sg=4->4 mode=NONE win=8 obs=320 | cap=wip act=(320,360) d=2.79 a=1 | sp=som:active d=2.8 age=1 dtg=0.49 region=2_2
ep=503 s=320 8128ms [sel=3 cap=7996 rest=129] sg=4->4 mode=NONE win=8 obs=321 | cap=wip act=(320,360) d=2.54 a=1 | sp=som:active d=2.5 age=2 dtg=0.73 region=2_2
ep=503 s=321 17864ms [sel=3 cap=17328 rest=496] sg=4->4 mode=NONE win=8 obs=322 | cap=wip act=(320,360) d=2.29 a=1 | preview=view-/6 yaw=+0 render=38ms | sp=som:active d=2.3 age=3 dtg=0.98 region=2_1
ep=503 s=322 16684ms [sel=3 cap=16551 rest=130] sg=4->4 mode=NONE win=8 obs=323 | cap=wip act=(320,360) d=2.04 a=1 | sp=som:active d=2.0 age=4 dtg=1.23 region=2_1
ep=503 s=323 12303ms [sel=3 cap=12169 rest=131] sg=4->4 mode=NONE win=8 obs=324 | cap=wip act=(320,360) d=1.79 a=1 | sp=som:active d=1.8 age=5 dtg=1.48 region=2_1
ep=503 s=324 15895ms [sel=3 cap=15764 rest=128] sg=4->4 mode=NONE win=8 obs=325 | cap=wip act=(320,360) d=1.54 a=1 | sp=som:active d=1.5 age=6 dtg=1.73 region=2_1
ep=503 s=325 8631ms [sel=3 cap=8500 rest=128] sg=4->4 mode=NONE win=8 obs=326 | cap=wip act=(320,360) d=1.29 a=1 | sp=som:active d=1.3 age=7 dtg=1.98 region=2_1
ep=503 s=326 10239ms [sel=3 cap=10106 rest=130] sg=4->4 mode=NONE win=8 obs=327 | cap=wip act=(320,360) d=1.05 a=1 | sp=som:active d=1.0 age=8 dtg=2.22 region=2_1
ep=503 s=327 17204ms [sel=3 cap=16656 rest=510] sg=4->4 mode=NONE win=8 obs=328 | cap=wip act=(320,360) d=0.80 a=1 | preview=view-/6 yaw=+0 render=35ms | sp=som:active d=0.8 age=9 dtg=2.47 region=2_1
ep=503 s=328 11083ms [sel=3 cap=10928 rest=152] sg=4->4 mode=NONE win=8 obs=329 | cap=wip act=(320,360) d=0.55 a=1 | sp=som:active d=0.6 age=10 dtg=2.72 region=2_1
ep=503 s=329 27163ms [sel=17779 cap=9261 rest=123] sg=4->4 mode=NONE win=8 obs=330 | cap=wip act=(320,360) d=0.70 a=1 | sp=frontier:active d=0.7 age=0 som=5/8 dtg=2.97 region=2_1
ep=503 s=330 30594ms [sel=55 cap=0 rest=30501] sg=None->4 mode=NONE win=8 obs=331 | cap=- act=(320,359) d=2.06 a=1 | preview=view-/6 yaw=+0 render=37ms ANALYSIS_ERROR_STAGE=completion_confirmation ANALYSIS_ERROR='CaptionerOutputError: decision violates the navigation reply contract: Request timed out.' dtg=3.22 region=2_1
ep=503 s=331 13085ms [sel=60 cap=12903 rest=122] sg=4->4 mode=NONE win=8 obs=332 | cap=wip act=(320,359) d=2.07 a=1 dtg=3.47 region=2_1
ep=503 s=332 12014ms [sel=249 cap=11644 rest=121] sg=4->4 mode=NONE win=8 obs=333 | cap=wip act=TURN request=+45deg execute=+15deg x1 a=3 | sp=- ovr=4 door_evts=1 dtg=3.47 region=2_1
ep=503 s=333 30522ms [sel=0 cap=0 rest=30484] sg=None->4 mode=NONE win=8 obs=334 | cap=- act=TURN request=+45deg execute=+15deg x1 a=3 | preview=view-/6 yaw=+0 render=38ms | sp=- ovr=4 door_evts=1 ANALYSIS_ERROR_STAGE=completion_confirmation ANALYSIS_ERROR='CaptionerOutputError: decision violates the navigation reply contract: Request timed out.' dtg=3.47 region=2_1
ep=503 s=334 18206ms [sel=0 cap=18079 rest=127] sg=4->4 mode=NONE win=8 obs=335 | cap=wip act=TURN request=+45deg execute=+15deg x1 a=3 | sp=- ovr=4 door_evts=1 dtg=3.47 region=2_1
ep=503 s=335 15016ms [sel=0 cap=14890 rest=126] sg=4->4 mode=NONE win=8 obs=336 | cap=wip act=TURN request=+45deg execute=+15deg x1 a=3 | sp=- ovr=4 door_evts=1 dtg=3.47 region=2_1
ep=503 s=336 18387ms [sel=0 cap=17871 rest=478] sg=4->4 mode=NONE win=8 obs=337 | cap=wip act=TURN request=+45deg execute=+15deg x1 a=3 | preview=view-/6 yaw=+0 render=37ms | sp=- ovr=4 door_evts=1 dtg=3.47 region=2_1
ep=503 s=337 13456ms [sel=0 cap=13330 rest=126] sg=4->4 mode=NONE win=8 obs=338 | cap=wip act=TURN request=+45deg execute=+15deg x1 a=3 | sp=- ovr=4 door_evts=1 dtg=3.47 region=2_1
ep=503 s=338 11473ms [sel=0 cap=11340 rest=133] sg=4->4 mode=NONE win=8 obs=339 | cap=wip act=TURN request=+45deg execute=+15deg x1 a=3 | sp=- ovr=4 door_evts=1 dtg=3.47 region=2_1
ep=503 s=339 25301ms [sel=0 cap=24781 rest=483] sg=4->4 mode=NONE win=8 obs=340 | cap=wip act=TURN request=+45deg execute=+15deg x1 a=3 | preview=view-/6 yaw=+0 render=37ms | sp=- ovr=4 door_evts=1 dtg=3.47 region=2_1
ep=503 s=340 6818ms [sel=0 cap=6688 rest=130] sg=4->4 mode=NONE win=8 obs=341 | cap=wip act=TURN request=+45deg execute=+15deg x1 a=3 | sp=- ovr=4 door_evts=1 dtg=3.47 region=2_1
ep=503 s=341 9850ms [sel=0 cap=9718 rest=132] sg=4->4 mode=NONE win=8 obs=342 | cap=wip act=TURN request=+45deg execute=+15deg x1 a=3 | sp=- ovr=4 door_evts=1 dtg=3.47 region=2_1
ep=503 s=342 20752ms [sel=33 cap=20174 rest=506] sg=4->4 mode=NONE win=8 obs=343 | cap=wip act=(320,360) d=2.44 a=3 | preview=view-/6 yaw=+0 render=40ms | sp=frontier:active d=2.4 age=0 dtg=3.47 region=2_1
ep=503 s=343 16477ms [sel=3 cap=16336 rest=138] sg=4->4 mode=NONE win=8 obs=344 | cap=wip act=(320,360) d=2.44 a=1 | sp=frontier:active d=2.4 age=1 dtg=3.24 region=2_1
ep=503 s=344 7232ms [sel=3 cap=7090 rest=139] sg=4->4 mode=NONE win=8 obs=345 | cap=wip act=(320,360) d=2.19 a=3 | sp=frontier:active d=2.2 age=2 dtg=3.24 region=2_1
ep=503 s=345 18804ms [sel=3 cap=18259 rest=506] sg=4->4 mode=NONE win=8 obs=346 | cap=wip act=(320,360) d=2.19 a=1 | preview=view-/6 yaw=+0 render=37ms | sp=frontier:active d=2.2 age=3 dtg=2.99 region=2_1
ep=503 s=346 13759ms [sel=3 cap=13621 rest=135] sg=4->4 mode=NONE win=8 obs=347 | cap=wip act=(320,360) d=1.95 a=1 | sp=frontier:active d=2.0 age=4 dtg=2.74 region=2_1
ep=503 s=347 9071ms [sel=4 cap=8928 rest=139] sg=4->4 mode=NONE win=8 obs=348 | cap=wip act=(320,360) d=1.71 a=1 | sp=frontier:active d=1.7 age=5 dtg=2.49 region=2_1
ep=503 s=348 27354ms [sel=3 cap=26794 rest=516] sg=4->4 mode=NONE win=8 obs=349 | cap=wip act=(320,360) d=1.48 a=2 | preview=view-/6 yaw=+0 render=42ms | sp=frontier:active d=1.5 age=6 dtg=2.49 region=2_1
ep=503 s=349 7594ms [sel=3 cap=7458 rest=133] sg=4->4 mode=NONE win=8 obs=350 | cap=wip act=(320,360) d=1.48 a=1 | sp=frontier:active d=1.5 age=7 dtg=2.25 region=2_1
ep=503 s=350 9450ms [sel=3 cap=9315 rest=132] sg=4->4 mode=NONE win=8 obs=351 | cap=wip act=(320,360) d=1.23 a=1 | sp=frontier:active d=1.2 age=8 dtg=2.02 region=2_1
ep=503 s=351 16250ms [sel=3 cap=16112 rest=134] sg=4->4 mode=NONE win=8 obs=352 | cap=wip act=(320,360) d=0.99 a=1 | sp=frontier:active d=1.0 age=9 dtg=1.80 region=2_1
ep=503 s=352 11798ms [sel=3 cap=11658 rest=137] sg=4->4 mode=NONE win=8 obs=353 | cap=wip act=(320,360) d=0.74 a=2 | sp=frontier:active d=0.7 age=10 dtg=1.80 region=2_1
ep=503 s=353 10257ms [sel=3 cap=10118 rest=136] sg=4->4 mode=NONE win=8 obs=354 | cap=wip act=(320,360) d=0.74 a=1 | sp=frontier:active d=0.7 age=11 dtg=1.62 region=2_1
ep=503 s=354 17271ms [sel=43 cap=16701 rest=487] sg=4->4 mode=NONE win=8 obs=355 | cap=wip act=(320,360) d=3.43 a=3 | preview=view-/6 yaw=+0 render=39ms | sp=frontier:active d=3.4 age=0 dtg=1.62 region=2_1
ep=503 s=355 13904ms [sel=3 cap=13760 rest=141] sg=4->4 mode=NONE win=8 obs=356 | cap=wip act=(320,360) d=3.43 a=3 | sp=frontier:active d=3.4 age=1 dtg=1.62 region=2_1
ep=503 s=356 8749ms [sel=3 cap=8604 rest=142] sg=4->4 mode=NONE win=8 obs=357 | cap=wip act=(320,360) d=3.43 a=3 | sp=frontier:active d=3.4 age=2 dtg=1.62 region=2_1
ep=503 s=357 9809ms [sel=3 cap=9662 rest=144] sg=4->4 mode=NONE win=8 obs=358 | cap=wip act=(320,360) d=3.43 a=1 | sp=frontier:active d=3.4 age=3 dtg=1.37 region=2_1
ep=503 s=358 13499ms [sel=4 cap=13354 rest=142] sg=4->4 mode=NONE win=8 obs=359 | cap=wip act=(320,360) d=3.19 a=1 | sp=frontier:active d=3.2 age=4 dtg=1.12 region=2_1
ep=503 s=359 11543ms [sel=3 cap=11401 rest=139] sg=4->4 mode=NONE win=8 obs=360 | cap=wip act=(320,360) d=2.96 a=1 | sp=frontier:active d=3.0 age=5 dtg=0.87 region=2_2
ep=503 s=360 12645ms [sel=3 cap=12496 rest=146] sg=4->4 mode=NONE win=8 obs=361 | cap=wip act=(320,360) d=2.73 a=1 | sp=frontier:active d=2.7 age=6 dtg=0.63 region=2_2
ep=503 s=361 6351ms [sel=3 cap=6209 rest=139] sg=4->4 mode=NONE win=8 obs=362 | cap=wip act=(320,360) d=2.50 a=1 | sp=frontier:active d=2.5 age=7 dtg=0.38 region=2_2
ep=503 s=362 27689ms [sel=3 cap=27175 rest=472] sg=4->4 mode=NONE win=8 obs=363 | cap=wip act=(320,360) d=2.27 a=1 | preview=view-/6 yaw=+0 render=38ms | sp=frontier:active d=2.3 age=8 dtg=0.15 region=2_2
ep=503 s=363 7840ms [sel=3 cap=7701 rest=136] sg=4->4 mode=NONE win=8 obs=364 | cap=wip act=(320,360) d=2.05 a=2 | sp=frontier:active d=2.1 age=9 dtg=0.15 region=2_2
ep=503 s=364 21043ms [sel=3 cap=20898 rest=142] sg=4->4 mode=NONE win=8 obs=365 | cap=wip act=(320,360) d=2.05 a=1 | sp=frontier:active d=2.1 age=10 dtg=0.20 region=2_2
ep=503 s=365 10281ms [sel=3 cap=10139 rest=139] sg=4->4 mode=NONE win=8 obs=366 | cap=wip act=(320,360) d=1.81 a=1 | sp=frontier:active d=1.8 age=11 dtg=0.43 region=2_2
ep=503 s=366 13949ms [sel=34 cap=13776 rest=140] sg=4->4 mode=NONE win=8 obs=367 | cap=wip act=(320,360) d=3.40 a=1 | sp=frontier:active d=3.4 age=0 dtg=0.67 region=2_2
ep=503 s=367 10755ms [sel=3 cap=10613 rest=140] sg=4->4 mode=NONE win=8 obs=368 | cap=wip act=(320,360) d=3.15 a=1 | sp=frontier:active d=3.2 age=1 dtg=0.92 region=2_2
ep=503 s=368 10421ms [sel=3 cap=10279 rest=139] sg=4->4 mode=NONE win=8 obs=369 | cap=wip act=(320,360) d=2.90 a=1 | sp=frontier:active d=2.9 age=2 dtg=1.17 region=2_2
ep=503 s=369 8436ms [sel=3 cap=8293 rest=140] sg=4->4 mode=NONE win=8 obs=370 | cap=wip act=(320,360) d=2.66 a=1 | sp=frontier:active d=2.7 age=3 dtg=1.42 region=2_2
ep=503 s=370 11072ms [sel=3 cap=10927 rest=142] sg=4->4 mode=NONE win=8 obs=371 | cap=wip act=(320,360) d=2.41 a=1 | sp=frontier:active d=2.4 age=4 dtg=1.67 region=2_2
ep=503 s=371 10273ms [sel=3 cap=10132 rest=138] sg=4->4 mode=NONE win=8 obs=372 | cap=wip act=(320,360) d=2.16 a=1 | sp=frontier:active d=2.2 age=5 dtg=1.92 region=1_5
ep=503 s=372 13113ms [sel=3 cap=12586 rest=486] sg=4->4 mode=NONE win=8 obs=373 | cap=wip act=(320,360) d=1.92 a=1 | preview=view-/6 yaw=+0 render=38ms | sp=frontier:active d=1.9 age=6 dtg=2.16 region=2_3
ep=503 s=373 11481ms [sel=3 cap=11340 rest=138] sg=4->4 mode=NONE win=8 obs=374 | cap=wip act=(320,360) d=1.67 a=1 | sp=frontier:active d=1.7 age=7 dtg=2.41 region=2_3
ep=503 s=374 11456ms [sel=3 cap=11316 rest=137] sg=4->4 mode=NONE win=8 obs=375 | cap=wip act=(320,360) d=1.43 a=1 | sp=frontier:active d=1.4 age=8 dtg=2.66 region=2_3
ep=503 s=375 14052ms [sel=3 cap=13486 rest=525] sg=4->4 mode=NONE win=8 obs=376 | cap=wip act=(320,360) d=1.19 a=1 | preview=view-/6 yaw=+0 render=38ms | sp=frontier:active d=1.2 age=9 dtg=2.91 region=2_3
ep=503 s=376 11289ms [sel=3 cap=11148 rest=138] sg=4->4 mode=NONE win=8 obs=377 | cap=wip act=(320,360) d=0.95 a=3 | sp=frontier:active d=1.0 age=10 dtg=2.91 region=2_3
ep=503 s=377 11443ms [sel=3 cap=11302 rest=138] sg=4->4 mode=NONE win=8 obs=378 | cap=wip act=(320,360) d=0.95 a=1 | sp=frontier:active d=1.0 age=11 dtg=3.15 region=2_3
ep=503 s=378 12459ms [sel=31 cap=12291 rest=137] sg=4->4 mode=NONE win=8 obs=379 | cap=wip act=(320,360) d=0.71 a=1 | sp=frontier:active d=0.7 age=0 dtg=3.39 region=2_3
ep=503 s=379 10443ms [sel=55 cap=10248 rest=140] sg=4->4 mode=NONE win=8 obs=380 | cap=wip act=(320,359) d=2.13 a=1 | sp=straight_ahead:active d=1.5 age=0 dtg=3.64 region=2_3
ep=503 s=380 6794ms [sel=5 cap=6651 rest=139] sg=4->4 mode=NONE win=8 obs=381 | cap=wip act=(320,360) d=1.26 a=2 | sp=straight_ahead:active d=1.3 age=1 dtg=3.64 region=2_3
ep=503 s=381 16895ms [sel=3 cap=16758 rest=134] sg=4->4 mode=NONE win=8 obs=382 | cap=wip act=(320,360) d=1.26 a=1 | sp=straight_ahead:active d=1.3 age=2 dtg=3.89 region=2_3
ep=503 s=382 8997ms [sel=3 cap=8859 rest=134] sg=4->4 mode=NONE win=8 obs=383 | cap=wip act=(320,360) d=1.01 a=1 | sp=straight_ahead:active d=1.0 age=3 dtg=4.14 region=2_3
ep=503 s=383 18944ms [sel=3 cap=18397 rest=507] sg=4->4 mode=NONE win=8 obs=384 | cap=wip act=(320,360) d=0.76 a=2 | preview=view-/6 yaw=+0 render=37ms | sp=straight_ahead:active d=0.8 age=4 dtg=4.14 region=2_3
ep=503 s=384 15293ms [sel=3 cap=15120 rest=170] sg=4->4 mode=NONE win=8 obs=385 | cap=wip act=(320,360) d=0.76 a=1 | sp=straight_ahead:active d=0.8 age=5 dtg=4.38 region=2_3
ep=503 s=385 9542ms [sel=3 cap=9404 rest=135] sg=4->4 mode=NONE win=8 obs=386 | cap=wip act=(320,360) d=0.52 a=3 | sp=straight_ahead:active d=0.5 age=6 dtg=4.38 region=2_3
ep=503 s=386 22252ms [sel=3 cap=21706 rest=504] sg=4->4 mode=NONE win=8 obs=387 | cap=wip act=(320,360) d=0.52 a=1 | preview=view-/6 yaw=+0 render=39ms | sp=straight_ahead:active d=0.5 age=7 dtg=4.63 region=2_3
ep=503 s=387 16023ms [sel=69 cap=15822 rest=132] sg=4->4 mode=NONE win=8 obs=388 | cap=wip act=(320,359) d=2.31 a=1 dtg=4.88 region=2_3
ep=503 s=388 15260ms [sel=252 cap=14873 rest=134] sg=4->4 mode=NONE win=8 obs=389 | cap=wip act=TURN request=-45deg execute=-15deg x1 a=2 | sp=- ovr=5 door_evts=1 dtg=4.88 region=2_3
ep=503 s=389 27550ms [sel=0 cap=27414 rest=137] sg=4->4 mode=NONE win=8 obs=390 | cap=wip act=TURN request=-45deg execute=-15deg x1 a=2 | sp=- ovr=5 door_evts=1 dtg=4.88 region=2_3
ep=503 s=390 9665ms [sel=0 cap=9525 rest=140] sg=4->4 mode=GET_NOWHERE win=8 obs=391 | cap=wip/GET_NOWHERE act=TURN request=-45deg execute=-15deg x1 a=2 | sp=- ovr=5 door_evts=1 dtg=4.88 region=2_3
ep=503 s=391 11468ms [sel=0 cap=11332 rest=137] sg=4->4 mode=GET_NOWHERE win=8 obs=392 | cap=wip/GET_NOWHERE act=TURN request=-45deg execute=-15deg x1 a=2 | sp=- ovr=5 door_evts=1 dtg=4.88 region=2_3
ep=503 s=392 5612ms [sel=0 cap=5478 rest=134] sg=4->4 mode=NONE win=8 obs=393 | cap=wip act=TURN request=-45deg execute=-15deg x1 a=2 | sp=- ovr=5 door_evts=1 dtg=4.88 region=2_3
ep=503 s=393 10176ms [sel=0 cap=10042 rest=134] sg=4->4 mode=NONE win=8 obs=394 | cap=wip act=TURN request=-45deg execute=-15deg x1 a=2 | sp=- ovr=5 door_evts=1 dtg=4.88 region=2_3
ep=503 s=394 6326ms [sel=0 cap=6187 rest=138] sg=4->4 mode=NONE win=8 obs=395 | cap=wip act=TURN request=-45deg execute=-15deg x1 a=2 | sp=- ovr=5 door_evts=1 dtg=4.88 region=2_3
ep=503 s=395 11351ms [sel=0 cap=10817 rest=499] sg=4->4 mode=NONE win=8 obs=396 | cap=wip act=TURN request=-45deg execute=-15deg x1 a=2 | preview=view-/6 yaw=+0 render=36ms | sp=- ovr=5 door_evts=1 dtg=4.88 region=2_3
ep=503 s=396 10146ms [sel=0 cap=10011 rest=135] sg=4->4 mode=NONE win=8 obs=397 | cap=wip act=TURN request=-45deg execute=-15deg x1 a=2 | sp=- ovr=5 door_evts=1 dtg=4.88 region=2_3
ep=503 s=397 7134ms [sel=0 cap=6995 rest=139] sg=4->4 mode=NONE win=8 obs=398 | cap=wip act=TURN request=-45deg execute=-15deg x1 a=2 | sp=- ovr=5 door_evts=1 dtg=4.88 region=2_3
ep=503 s=398 19870ms [sel=34 cap=19293 rest=506] sg=4->4 mode=NONE win=8 obs=399 | cap=wip act=(320,360) d=3.06 a=2 | preview=view-/6 yaw=+0 render=37ms | sp=frontier:active d=3.1 age=0 dtg=4.88 region=2_3
ep=503 s=399 14687ms [sel=7 cap=14538 rest=142] sg=4->4 mode=NONE win=8 obs=400 | cap=wip act=(320,360) d=3.06 a=2 | sp=frontier:active d=3.1 age=1 dtg=4.88 region=2_3
ep=503 s=400 10336ms [sel=7 cap=10187 rest=141] sg=4->4 mode=NONE win=8 obs=401 | cap=wip act=(320,360) d=3.06 a=1 | sp=frontier:active d=3.1 age=2 dtg=4.63 region=2_3
ep=503 s=401 24151ms [sel=3 cap=23589 rest=522] sg=4->4 mode=NONE win=8 obs=402 | cap=wip act=(320,360) d=2.81 a=3 | preview=view-/6 yaw=+0 render=37ms | sp=frontier:active d=2.8 age=3 dtg=4.63 region=2_3
ep=503 s=402 16683ms [sel=3 cap=16536 rest=144] sg=4->4 mode=NONE win=8 obs=403 | cap=wip act=(320,360) d=2.81 a=1 | sp=frontier:active d=2.8 age=4 dtg=4.39 region=2_3
ep=503 s=403 12942ms [sel=4 cap=12794 rest=144] sg=4->4 mode=NONE win=8 obs=404 | cap=wip act=(320,360) d=2.56 a=1 | sp=frontier:active d=2.6 age=5 dtg=4.15 region=2_3
ep=503 s=404 21739ms [sel=3 cap=21080 rest=596] sg=4->4 mode=NONE win=8 obs=405 | cap=wip act=(320,360) d=2.31 a=1 | preview=view-/6 yaw=+0 render=61ms | sp=frontier:active d=2.3 age=6 dtg=3.91 region=2_3
ep=503 s=405 10810ms [sel=3 cap=10660 rest=148] sg=4->4 mode=NONE win=8 obs=406 | cap=wip act=(320,360) d=2.06 a=2 | sp=frontier:active d=2.1 age=7 dtg=3.91 region=2_3
ep=503 s=406 13711ms [sel=3 cap=13563 rest=146] sg=4->4 mode=NONE win=8 obs=407 | cap=wip act=(320,360) d=2.06 a=1 | sp=frontier:active d=2.1 age=8 dtg=3.66 region=2_3
ep=503 s=407 12269ms [sel=4 cap=12123 rest=142] sg=4->4 mode=NONE win=8 obs=408 | cap=wip act=(320,360) d=1.82 a=1 | sp=frontier:active d=1.8 age=9 dtg=3.41 region=2_3
ep=503 s=408 27071ms [sel=3 cap=26499 rest=528] sg=4->4 mode=NONE win=8 obs=409 | cap=wip act=(320,360) d=1.58 a=1 | preview=view-/6 yaw=+0 render=41ms | sp=frontier:active d=1.6 age=10 dtg=3.16 region=2_3
ep=503 s=409 11104ms [sel=4 cap=10960 rest=141] sg=4->4 mode=NONE win=8 obs=410 | cap=wip act=(320,360) d=1.34 a=3 | sp=frontier:active d=1.3 age=11 dtg=3.16 region=2_3
ep=503 s=410 20650ms [sel=12992 cap=7483 rest=176] sg=4->4 mode=NONE win=8 obs=411 | cap=wip act=(320,360) d=2.98 a=2 | sp=som:active d=3.0 age=0 som=2/6 dtg=3.16 region=2_3
ep=503 s=411 22530ms [sel=3 cap=21938 rest=549] sg=4->4 mode=NONE win=8 obs=412 | cap=wip act=(320,360) d=2.98 a=1 | preview=view-/6 yaw=+0 render=40ms | sp=som:active d=3.0 age=1 dtg=2.91 region=2_3
ep=503 s=412 10068ms [sel=3 cap=9835 rest=230] sg=4->4 mode=NONE win=8 obs=413 | cap=wip act=(320,360) d=2.73 a=2 | sp=som:active d=2.7 age=2 dtg=2.91 region=2_3
ep=503 s=413 13649ms [sel=3 cap=13509 rest=137] sg=4->4 mode=NONE win=8 obs=414 | cap=wip act=(320,360) d=2.73 a=1 | sp=som:active d=2.7 age=3 dtg=2.66 region=2_3
ep=503 s=414 23035ms [sel=3 cap=22476 rest=518] sg=4->4 mode=NONE win=8 obs=415 | cap=wip act=(320,360) d=2.48 a=1 | preview=view-/6 yaw=+0 render=39ms | sp=som:active d=2.5 age=4 dtg=2.42 region=2_3
ep=503 s=415 9160ms [sel=4 cap=9016 rest=140] sg=4->4 mode=NONE win=8 obs=416 | cap=wip act=(320,360) d=2.24 a=1 | sp=som:active d=2.2 age=5 dtg=2.18 region=2_3
ep=503 s=416 8257ms [sel=3 cap=8114 rest=139] sg=4->4 mode=NONE win=8 obs=417 | cap=wip act=(320,360) d=1.99 a=1 | sp=som:active d=2.0 age=6 dtg=1.94 region=1_5
ep=503 s=417 12017ms [sel=3 cap=11878 rest=136] sg=4->4 mode=NONE win=8 obs=418 | cap=wip act=(320,360) d=1.75 a=1 | sp=som:active d=1.7 age=7 dtg=1.70 region=2_2
ep=503 s=418 7648ms [sel=3 cap=7508 rest=137] sg=4->4 mode=NONE win=8 obs=419 | cap=wip act=(320,360) d=1.50 a=1 | sp=som:active d=1.5 age=8 dtg=1.47 region=2_2
ep=503 s=419 10777ms [sel=4 cap=10633 rest=141] sg=4->4 mode=NONE win=8 obs=420 | cap=wip act=(320,360) d=1.26 a=3 | sp=som:active d=1.3 age=9 dtg=1.47 region=2_2
ep=503 s=420 8927ms [sel=3 cap=8784 rest=140] sg=4->4 mode=NONE win=8 obs=421 | cap=wip act=(320,360) d=1.26 a=1 | sp=som:active d=1.3 age=10 dtg=1.22 region=2_2
ep=503 s=421 23755ms [sel=3 cap=23218 rest=496] sg=4->4 mode=NONE win=8 obs=422 | cap=wip act=(320,360) d=1.01 a=1 | preview=view-/6 yaw=+0 render=38ms | sp=som:active d=1.0 age=11 dtg=0.98 region=2_2
ep=503 s=422 14661ms [sel=4 cap=14509 rest=148] sg=4->4 mode=NONE win=8 obs=423 | cap=wip act=(320,360) d=0.76 a=1 | sp=som:active d=0.8 age=12 dtg=0.74 region=2_2
ep=503 s=423 16528ms [sel=3 cap=16372 rest=153] sg=4->4 mode=NONE win=8 obs=424 | cap=wip act=(320,360) d=0.52 a=1 | sp=som:active d=0.5 age=13 dtg=0.50 region=2_2
ep=503 s=424 12176ms [sel=2559 cap=9468 rest=149] sg=4->4 mode=NONE win=8 obs=425 | cap=wip act=(320,360) d=2.98 a=1 | sp=som:active d=3.0 age=0 som=3/8 dtg=0.29 region=2_2
ep=503 s=425 26267ms [sel=3 cap=25709 rest=518] sg=4->4 mode=NONE win=8 obs=426 | cap=wip act=(320,360) d=2.74 a=3 | preview=view-/6 yaw=+0 render=37ms | sp=som:active d=2.7 age=1 dtg=0.29 region=2_2
ep=503 s=426 10418ms [sel=3 cap=10275 rest=141] sg=4->4 mode=NONE win=8 obs=427 | cap=wip act=(320,360) d=2.74 a=1 | sp=som:active d=2.7 age=2 dtg=0.14 region=2_2
ep=503 s=427 6401ms [sel=5 cap=6251 rest=145] sg=4->4 mode=NONE win=8 obs=428 | cap=wip act=(320,360) d=2.49 a=1 | sp=som:active d=2.5 age=3 dtg=0.29 region=2_2
ep=503 s=428 26908ms [sel=3 cap=26359 rest=510] sg=4->4 mode=NONE win=8 obs=429 | cap=wip act=(320,360) d=2.24 a=1 | preview=view-/6 yaw=+0 render=37ms | sp=som:active d=2.2 age=4 dtg=0.52 region=2_2
ep=503 s=429 17523ms [sel=3 cap=17387 rest=132] sg=4->4 mode=NONE win=8 obs=430 | cap=wip act=(320,360) d=1.99 a=1 | sp=som:active d=2.0 age=5 dtg=0.77 region=2_2
ep=503 s=430 13640ms [sel=5 cap=13492 rest=143] sg=4->4 mode=NONE win=8 obs=431 | cap=wip act=(320,360) d=1.75 a=2 | sp=som:active d=1.7 age=6 dtg=0.77 region=2_2
ep=503 s=431 18163ms [sel=3 cap=17605 rest=519] sg=4->4 mode=NONE win=8 obs=432 | cap=wip act=(320,360) d=1.75 a=1 | preview=view-/6 yaw=+0 render=36ms | sp=som:active d=1.7 age=7 dtg=1.02 region=2_1
ep=503 s=432 8596ms [sel=3 cap=8458 rest=136] sg=4->4 mode=NONE win=8 obs=433 | cap=wip act=(320,360) d=1.50 a=1 | sp=som:active d=1.5 age=8 dtg=1.26 region=2_1
ep=503 s=433 11366ms [sel=3 cap=11221 rest=143] sg=4->4 mode=NONE win=8 obs=434 | cap=wip act=(320,360) d=1.25 a=1 | sp=som:active d=1.3 age=9 dtg=1.51 region=2_1
ep=503 s=434 13076ms [sel=3 cap=12509 rest=525] sg=4->4 mode=NONE win=8 obs=435 | cap=wip act=(320,360) d=1.00 a=1 | preview=view-/6 yaw=+0 render=39ms | sp=som:active d=1.0 age=10 dtg=1.76 region=2_1
ep=503 s=435 5997ms [sel=3 cap=5864 rest=130] sg=4->4 mode=NONE win=8 obs=436 | cap=wip act=(320,360) d=0.75 a=1 | sp=som:active d=0.8 age=11 dtg=2.01 region=2_1
ep=503 s=436 7050ms [sel=3 cap=6913 rest=135] sg=4->4 mode=NONE win=8 obs=437 | cap=wip act=(320,360) d=0.51 a=1 | sp=som:active d=0.5 age=12 dtg=2.26 region=2_1
ep=503 s=437 11487ms [sel=2982 cap=8374 rest=131] sg=4->4 mode=NONE win=8 obs=438 | cap=wip act=(320,360) d=1.35 a=3 | sp=frontier:active d=1.3 age=0 som=4/7 dtg=2.26 region=2_1
ep=503 s=438 8054ms [sel=11 cap=7908 rest=135] sg=4->4 mode=NONE win=8 obs=439 | cap=wip act=(320,360) d=1.35 a=3 | sp=frontier:active d=1.3 age=1 dtg=2.26 region=2_1
ep=503 s=439 17134ms [sel=11 cap=16585 rest=498] sg=4->4 mode=NONE win=8 obs=440 | cap=wip act=(320,360) d=1.35 a=3 | preview=view-/6 yaw=+0 render=40ms | sp=frontier:active d=1.3 age=2 dtg=2.26 region=2_1
ep=503 s=440 7381ms [sel=11 cap=7242 rest=127] sg=4->4 mode=NONE win=8 obs=441 | cap=wip act=(320,360) d=1.35 a=3 | sp=frontier:active d=1.3 age=3 dtg=2.26 region=2_1
ep=503 s=441 5429ms [sel=11 cap=5286 rest=131] sg=4->4 mode=NONE win=8 obs=442 | cap=wip act=(320,360) d=1.35 a=3 | sp=frontier:active d=1.3 age=4 dtg=2.26 region=2_1
ep=503 s=442 7954ms [sel=11 cap=7803 rest=140] sg=4->4 mode=NONE win=8 obs=443 | cap=wip act=(320,360) d=1.35 a=3 | sp=frontier:active d=1.3 age=5 dtg=2.26 region=2_1
ep=503 s=443 17247ms [sel=11 cap=16677 rest=521] sg=4->4 mode=NONE win=8 obs=444 | cap=wip act=(320,360) d=1.35 a=3 | preview=view-/6 yaw=+0 render=39ms | sp=frontier:active d=1.3 age=6 dtg=2.26 region=2_1
ep=503 s=444 9998ms [sel=5 cap=9859 rest=134] sg=4->4 mode=NONE win=8 obs=445 | cap=wip act=(320,360) d=1.35 a=3 | sp=frontier:active d=1.3 age=7 dtg=2.26 region=2_1
ep=503 s=445 5757ms [sel=3 cap=5618 rest=137] sg=4->4 mode=NONE win=8 obs=446 | cap=wip act=(320,360) d=1.35 a=3 | sp=frontier:active d=1.3 age=8 dtg=2.26 region=2_1
ep=503 s=446 7227ms [sel=3 cap=7086 rest=138] sg=4->4 mode=NONE win=8 obs=447 | cap=wip act=(320,360) d=1.35 a=1 | sp=frontier:active d=1.3 age=9 dtg=2.10 region=2_1
ep=503 s=447 16341ms [sel=3 cap=15776 rest=524] sg=4->4 mode=NONE win=8 obs=448 | cap=wip act=(320,360) d=1.11 a=1 | preview=view-/6 yaw=+0 render=38ms | sp=frontier:active d=1.1 age=10 dtg=1.95 region=2_1
ep=503 s=448 9422ms [sel=3 cap=9285 rest=134] sg=4->4 mode=NONE win=8 obs=449 | cap=wip act=(320,360) d=0.87 a=3 | sp=frontier:active d=0.9 age=11 dtg=1.95 region=2_1
ep=503 s=449 11436ms [sel=3 cap=11290 rest=143] sg=4->4 mode=NONE win=8 obs=450 | cap=wip act=(320,360) d=0.87 a=1 | sp=frontier:active d=0.9 age=12 dtg=1.78 region=2_1
ep=503 s=450 18693ms [sel=3 cap=18142 rest=512] sg=4->4 mode=NONE win=8 obs=451 | cap=wip act=(320,360) d=0.62 a=3 | preview=view-/6 yaw=+0 render=36ms | sp=frontier:active d=0.6 age=13 dtg=1.78 region=2_1
ep=503 s=451 10050ms [sel=3 cap=9888 rest=159] sg=4->4 mode=NONE win=8 obs=452 | cap=wip act=(320,360) d=0.62 a=1 | sp=frontier:active d=0.6 age=14 dtg=1.57 region=2_1
ep=503 s=452 11806ms [sel=33 cap=11619 rest=154] sg=4->4 mode=NONE win=8 obs=453 | cap=wip act=(320,360) d=3.34 a=3 | sp=frontier:active d=3.3 age=0 dtg=1.57 region=2_1
ep=503 s=453 20586ms [sel=3 cap=20050 rest=494] sg=4->4 mode=NONE win=8 obs=454 | cap=wip act=(320,360) d=3.34 a=3 | preview=view-/6 yaw=+0 render=39ms | sp=frontier:active d=3.3 age=1 dtg=1.57 region=2_1
ep=503 s=454 10469ms [sel=3 cap=10317 rest=149] sg=4->4 mode=NONE win=8 obs=455 | cap=wip act=(320,360) d=3.34 a=1 | sp=frontier:active d=3.3 age=2 dtg=1.32 region=2_1
ep=503 s=455 13815ms [sel=3 cap=13650 rest=161] sg=4->4 mode=NONE win=8 obs=456 | cap=wip act=(320,360) d=3.10 a=3 | sp=frontier:active d=3.1 age=3 dtg=1.32 region=2_1
ep=503 s=456 9834ms [sel=3 cap=9652 rest=179] sg=4->4 mode=NONE win=8 obs=457 | cap=wip act=(320,360) d=3.10 a=1 | sp=frontier:active d=3.1 age=4 dtg=1.08 region=2_1
ep=503 s=457 10284ms [sel=4 cap=10133 rest=147] sg=4->4 mode=NONE win=8 obs=458 | cap=wip act=(320,360) d=2.89 a=1 | sp=frontier:active d=2.9 age=5 dtg=0.83 region=2_2
ep=503 s=458 9934ms [sel=3 cap=9778 rest=154] sg=4->4 mode=NONE win=8 obs=459 | cap=wip act=(320,360) d=2.69 a=1 | sp=frontier:active d=2.7 age=6 dtg=0.58 region=2_2
ep=503 s=459 9452ms [sel=4 cap=9303 rest=144] sg=4->4 mode=NONE win=8 obs=460 | cap=wip act=(320,360) d=2.50 a=2 | sp=frontier:active d=2.5 age=7 dtg=0.58 region=2_2
ep=503 s=460 19413ms [sel=16 cap=18848 rest=507] sg=4->4 mode=NONE win=8 obs=461 | cap=wip act=(160,180) d=3.35 a=1 | preview=view2/6 yaw=-30 render=42ms | sp=preview:active d=3.4 age=0 dtg=0.34 region=2_2
ep=503 s=461 9935ms [sel=3 cap=9787 rest=145] sg=4->4 mode=NONE win=8 obs=462 | cap=wip act=(320,360) d=3.11 a=2 | sp=preview:active d=3.1 age=1 dtg=0.34 region=2_2
ep=503 s=462 10423ms [sel=3 cap=10274 rest=146] sg=4->4 mode=NONE win=8 obs=463 | cap=wip act=(320,360) d=3.11 a=1 | sp=preview:active d=3.1 age=2 dtg=0.12 region=2_2
ep=503 s=463 12184ms [sel=4 cap=12029 rest=150] sg=4->4 mode=NONE win=8 obs=464 | cap=wip act=(320,360) d=2.86 a=1 | sp=preview:active d=2.9 age=3 dtg=0.21 region=2_2
ep=503 s=464 14425ms [sel=3 cap=13860 rest=521] sg=4->4 mode=NONE win=8 obs=465 | cap=wip act=(320,360) d=2.61 a=1 | preview=view-/6 yaw=+0 render=41ms | sp=preview:active d=2.6 age=4 dtg=0.44 region=2_2
ep=503 s=465 10246ms [sel=3 cap=10057 rest=186] sg=4->4 mode=NONE win=8 obs=466 | cap=wip act=(320,360) d=2.36 a=1 | sp=preview:active d=2.4 age=5 dtg=0.69 region=2_2
ep=503 s=466 7395ms [sel=3 cap=7208 rest=185] sg=4->4 mode=NONE win=8 obs=467 | cap=wip act=(320,360) d=2.11 a=1 | sp=preview:active d=2.1 age=6 dtg=0.94 region=2_2
ep=503 s=467 13984ms [sel=3 cap=13451 rest=489] sg=4->4 mode=NONE win=8 obs=468 | cap=wip act=(320,360) d=1.86 a=1 | preview=view-/6 yaw=+0 render=41ms | sp=preview:active d=1.9 age=7 dtg=1.19 region=2_2
ep=503 s=468 8922ms [sel=3 cap=8778 rest=141] sg=4->4 mode=NONE win=8 obs=469 | cap=wip act=(320,360) d=1.61 a=1 | sp=preview:active d=1.6 age=8 dtg=1.43 region=2_2
ep=503 s=469 16084ms [sel=3 cap=15917 rest=164] sg=4->4 mode=NONE win=8 obs=470 | cap=wip act=(320,360) d=1.36 a=1 | sp=preview:active d=1.4 age=9 dtg=1.68 region=2_2
ep=503 s=470 11132ms [sel=3 cap=10990 rest=139] sg=4->4 mode=NONE win=8 obs=471 | cap=wip act=(320,360) d=1.11 a=1 | sp=preview:active d=1.1 age=10 dtg=1.93 region=1_5
ep=503 s=471 9521ms [sel=3 cap=9378 rest=141] sg=4->4 mode=NONE win=8 obs=472 | cap=wip act=(320,360) d=0.86 a=1 | sp=preview:active d=0.9 age=11 dtg=2.18 region=2_3
ep=503 s=472 17539ms [sel=10075 cap=6898 rest=529] sg=4->4 mode=NONE win=8 obs=473 | cap=wip act=(320,360) d=2.71 a=1 | preview=view-/6 yaw=+0 render=37ms | sp=som:active d=2.7 age=0 som=3/8 dtg=2.43 region=2_3
ep=503 s=473 16431ms [sel=3 cap=16290 rest=138] sg=4->4 mode=NONE win=8 obs=474 | cap=wip act=(320,360) d=2.46 a=1 | sp=som:active d=2.5 age=1 dtg=2.68 region=2_3
ep=503 s=474 8002ms [sel=3 cap=7850 rest=149] sg=4->4 mode=NONE win=8 obs=475 | cap=wip act=(320,360) d=2.21 a=1 | sp=som:active d=2.2 age=2 dtg=2.93 region=2_3
ep=503 s=475 9678ms [sel=3 cap=9532 rest=143] sg=4->4 mode=NONE win=8 obs=476 | cap=wip act=(320,360) d=1.96 a=1 | sp=som:active d=2.0 age=3 dtg=3.18 region=2_3
ep=503 s=476 20625ms [sel=3 cap=20068 rest=516] sg=4->4 mode=NONE win=8 obs=477 | cap=wip act=(320,360) d=1.72 a=1 | preview=view-/6 yaw=+0 render=37ms | sp=som:active d=1.7 age=4 dtg=3.43 region=2_3
ep=503 s=477 15526ms [sel=3 cap=15382 rest=142] sg=4->4 mode=NONE win=8 obs=478 | cap=wip act=(320,360) d=1.47 a=1 | sp=som:active d=1.5 age=5 dtg=3.68 region=2_3
ep=503 s=478 13260ms [sel=3 cap=13118 rest=139] sg=4->4 mode=NONE win=8 obs=479 | cap=wip act=(320,360) d=1.22 a=1 | sp=som:active d=1.2 age=6 dtg=3.93 region=2_3
ep=503 s=479 25883ms [sel=57 cap=25266 rest=518] sg=4->4 mode=NONE win=8 obs=480 | cap=wip act=(160,180) d=3.34 a=3 | preview=view0/6 yaw=-180 render=42ms | sp=preview:active d=3.3 age=0 dtg=3.93 region=2_3
ep=503 s=480 16499ms [sel=26 cap=16335 rest=138] sg=4->4 mode=NONE win=8 obs=481 | cap=wip act=(320,360) d=3.34 a=3 | sp=preview:active d=3.3 age=1 dtg=3.93 region=2_3
ep=503 s=481 27382ms [sel=27 cap=27212 rest=143] sg=4->4 mode=NONE win=8 obs=482 | cap=wip act=(320,360) d=3.34 a=3 | sp=preview:active d=3.3 age=2 dtg=3.93 region=2_3
ep=503 s=482 10666ms [sel=26 cap=10493 rest=148] sg=4->4 mode=NONE win=8 obs=483 | cap=wip act=(320,360) d=3.34 a=3 | sp=preview:active d=3.3 age=3 dtg=3.93 region=2_3
ep=503 s=483 21755ms [sel=26 cap=21180 rest=512] sg=4->4 mode=NONE win=8 obs=484 | cap=wip act=(320,360) d=3.34 a=3 | preview=view-/6 yaw=+0 render=37ms | sp=preview:active d=3.3 age=4 dtg=3.93 region=2_3
ep=503 s=484 10547ms [sel=26 cap=10382 rest=139] sg=4->4 mode=NONE win=8 obs=485 | cap=wip act=(320,360) d=3.34 a=3 | sp=preview:active d=3.3 age=5 dtg=3.93 region=2_3
ep=503 s=485 9601ms [sel=26 cap=9437 rest=138] sg=4->4 mode=NONE win=8 obs=486 | cap=wip act=(320,360) d=3.34 a=3 | sp=preview:active d=3.3 age=6 dtg=3.93 region=2_3
ep=503 s=486 30585ms [sel=26 cap=0 rest=30521] sg=None->4 mode=NONE win=8 obs=487 | cap=- act=(320,360) d=3.34 a=3 | preview=view-/6 yaw=+0 render=37ms | sp=preview:active d=3.3 age=7 ANALYSIS_ERROR_STAGE=completion_confirmation ANALYSIS_ERROR='CaptionerOutputError: decision violates the navigation reply contract: Request timed out.' dtg=3.93 region=2_3
ep=503 s=487 10937ms [sel=26 cap=10768 rest=142] sg=4->4 mode=NONE win=8 obs=488 | cap=wip act=(320,360) d=3.34 a=3 | sp=preview:active d=3.3 age=8 dtg=3.93 region=2_3
ep=503 s=488 7584ms [sel=29 cap=7396 rest=158] sg=4->4 mode=NONE win=8 obs=489 | cap=wip act=(320,360) d=3.34 a=3 | sp=preview:active d=3.3 age=9 dtg=3.93 region=2_3
ep=503 s=489 24278ms [sel=3 cap=23718 rest=517] sg=4->4 mode=NONE win=8 obs=490 | cap=wip act=(320,360) d=3.34 a=3 | preview=view-/6 yaw=+0 render=40ms | sp=preview:active d=3.3 age=10 dtg=3.93 region=2_3
ep=503 s=490 6197ms [sel=3 cap=6053 rest=141] sg=4->4 mode=NONE win=8 obs=491 | cap=wip act=(320,360) d=3.34 a=1 | sp=preview:active d=3.3 age=11 dtg=3.69 region=2_3
ep=503 s=491 8996ms [sel=3 cap=8852 rest=141] sg=4->4 mode=NONE win=8 obs=492 | cap=wip act=(320,360) d=3.10 a=3 | sp=preview:active d=3.1 age=12 dtg=3.69 region=2_3
ep=503 s=492 19366ms [sel=3 cap=18820 rest=505] sg=4->4 mode=NONE win=8 obs=493 | cap=wip act=(320,360) d=3.10 a=1 | preview=view-/6 yaw=+0 render=38ms | sp=preview:active d=3.1 age=13 dtg=3.44 region=2_3
ep=503 s=493 8228ms [sel=3 cap=8077 rest=148] sg=4->4 mode=NONE win=8 obs=494 | cap=wip act=(320,360) d=2.85 a=1 | sp=preview:active d=2.8 age=14 dtg=3.19 region=2_3
ep=503 s=494 11139ms [sel=3 cap=10995 rest=141] sg=4->4 mode=NONE win=8 obs=495 | cap=wip act=(320,360) d=2.60 a=1 | sp=preview:active d=2.6 age=15 dtg=2.94 region=2_3
ep=503 s=495 18370ms [sel=3 cap=17820 rest=510] sg=4->4 mode=NONE win=8 obs=496 | cap=wip act=(320,360) d=2.35 a=1 | preview=view-/6 yaw=+0 render=38ms | sp=preview:active d=2.3 age=16 dtg=2.69 region=2_3
ep=503 s=496 11149ms [sel=3 cap=11005 rest=141] sg=4->4 mode=NONE win=8 obs=497 | cap=wip act=(320,360) d=2.10 a=1 | sp=preview:active d=2.1 age=17 dtg=2.44 region=2_3
ep=503 s=497 10365ms [sel=3 cap=10225 rest=137] sg=4->4 mode=NONE win=8 obs=498 | cap=wip act=(320,360) d=1.85 a=1 | sp=preview:active d=1.8 age=18 dtg=2.19 region=2_3
ep=503 s=498 20650ms [sel=3 cap=20099 rest=511] sg=4->4 mode=NONE win=8 obs=499 | cap=wip act=(320,360) d=1.60 a=1 | preview=view-/6 yaw=+0 render=37ms | sp=preview:active d=1.6 age=19 dtg=1.94 region=1_5
ep=503 s=499 15329ms [sel=3 cap=15182 rest=144] sg=4->4 mode=NONE win=8 obs=500 | cap=wip act=(320,360) d=1.35 a=1 | sp=preview:active d=1.3 age=20 dtg=1.69 region=2_2
rank=0 [6/17] id=503 steps=500 success=0.000 spl=0.000 dtg=1.69 osr=1 path_length=77.20 ndtw=0.000 sdtw=0.000
PluginManager::Manager: duplicate static plugin StbImageImporter, ignoring
PluginManager::Manager: duplicate static plugin GltfImporter, ignoring
PluginManager::Manager: duplicate static plugin BasisImporter, ignoring
PluginManager::Manager: duplicate static plugin AssimpImporter, ignoring
PluginManager::Manager: duplicate static plugin AnySceneImporter, ignoring
PluginManager::Manager: duplicate static plugin AnyImageImporter, ignoring
episode=610 instruction='So walk to the far end of the room and go through the double doors, and then wait in the bedroom.' start_position=[14.865799903869629, 0.20952606201171875, -13.741800308227539] goal_position=[5.229159832000732, 0.09483356773853302, -13.78320026397705] reference_geodesic=9.637412071228027
episode=610 prepared_subgoals=3
  [1] Walk to the far end of the room
      proof: The far end of the room is directly ahead of the camera, within a step.
  [2] Go through the double doors
      proof: The camera has passed through the doors and the bedroom is central in the view.
  [3] Wait in the bedroom
      proof: The camera is stationary beside the bedroom’s central landmark, with no movement detected
ep=610 s=0 15892ms [sel=25 cap=15321 rest=508] sg=1->1 mode=NONE win=1 obs=1 | cap=wip act=(160,180) d=3.83 a=1 | preview=view2/6 yaw=+0 render=39ms | sp=preview:active d=3.8 age=0 dtg=9.89 region=0_8
ep=610 s=1 7118ms [sel=3 cap=6990 rest=125] sg=1->1 mode=NONE win=2 obs=2 | cap=wip act=(320,360) d=3.59 a=1 | sp=preview:active d=3.6 age=1 dtg=10.14 region=0_8
ep=610 s=2 6991ms [sel=3 cap=6860 rest=128] sg=1->1 mode=NONE win=3 obs=3 | cap=wip act=(320,360) d=3.35 a=1 | sp=preview:active d=3.4 age=2 dtg=10.39 region=0_8
ep=610 s=3 3726ms [sel=3 cap=3595 rest=128] sg=1->1 mode=NONE win=4 obs=4 | cap=wip act=(320,360) d=3.12 a=1 | sp=preview:active d=3.1 age=3 dtg=10.64 region=0_8
ep=610 s=4 5065ms [sel=3 cap=4935 rest=127] sg=1->1 mode=NONE win=5 obs=5 | cap=wip act=(320,360) d=2.89 a=1 | sp=preview:active d=2.9 age=4 dtg=10.89 region=None
ep=610 s=5 17675ms [sel=11777 cap=5769 rest=128] sg=1->2 mode=NONE win=6 obs=6 | cap=DONE act=(320,360) d=3.00 a=1 | sp=som:active d=3.0 age=0 som=3/8 dtg=11.14 region=0_10
ep=610 s=6 6402ms [sel=3 cap=6268 rest=131] sg=2->2 mode=NONE win=7 obs=7 | cap=wip act=(320,360) d=2.75 a=1 | sp=som:active d=2.8 age=1 dtg=11.39 region=0_10
ep=610 s=7 8063ms [sel=3 cap=7930 rest=130] sg=2->2 mode=NONE win=8 obs=8 | cap=wip act=(320,360) d=2.50 a=1 | sp=som:active d=2.5 age=2 dtg=11.64 region=0_10
ep=610 s=8 8897ms [sel=3 cap=8767 rest=127] sg=2->2 mode=NONE win=8 obs=9 | cap=wip act=(320,360) d=2.25 a=1 | sp=som:active d=2.3 age=3 dtg=11.89 region=None
ep=610 s=9 8988ms [sel=3 cap=8856 rest=129] sg=2->2 mode=NONE win=8 obs=10 | cap=wip act=(320,360) d=2.00 a=1 | sp=som:active d=2.0 age=4 dtg=12.14 region=0_7
ep=610 s=10 6220ms [sel=3 cap=6086 rest=131] sg=2->2 mode=NONE win=8 obs=11 | cap=wip act=(320,360) d=1.75 a=1 | sp=som:active d=1.8 age=5 dtg=12.39 region=0_7
ep=610 s=11 9848ms [sel=3 cap=9714 rest=131] sg=2->2 mode=NONE win=8 obs=12 | cap=wip act=(320,360) d=1.50 a=1 | sp=som:active d=1.5 age=6 dtg=12.64 region=0_7
ep=610 s=12 7942ms [sel=3 cap=7814 rest=126] sg=2->2 mode=NONE win=8 obs=13 | cap=wip act=(320,360) d=1.25 a=1 | sp=som:active d=1.3 age=7 dtg=12.89 region=0_7
ep=610 s=13 8132ms [sel=3 cap=8001 rest=128] sg=2->2 mode=NONE win=8 obs=14 | cap=wip act=(320,360) d=1.00 a=1 | sp=som:active d=1.0 age=8 dtg=13.14 region=0_7
ep=610 s=14 5233ms [sel=3 cap=5098 rest=131] sg=2->2 mode=NONE win=8 obs=15 | cap=wip act=(320,360) d=0.75 a=1 | sp=som:active d=0.8 age=9 dtg=13.39 region=0_7
ep=610 s=15 8080ms [sel=3 cap=7949 rest=128] sg=2->2 mode=NONE win=8 obs=16 | cap=wip act=(320,360) d=0.50 a=1 | sp=som:active d=0.5 age=10 dtg=13.64 region=0_7
ep=610 s=16 19216ms [sel=11682 cap=7408 rest=126] sg=2->2 mode=NONE win=8 obs=17 | cap=wip act=(320,360) d=2.96 a=1 | sp=som:active d=3.0 age=0 som=2/8 dtg=13.89 region=0_7
ep=610 s=17 9569ms [sel=3 cap=9438 rest=127] sg=2->2 mode=NONE win=8 obs=18 | cap=wip act=(320,360) d=2.71 a=2 | sp=som:active d=2.7 age=1 dtg=13.89 region=0_7
ep=610 s=18 6800ms [sel=3 cap=6670 rest=126] sg=2->2 mode=NONE win=8 obs=19 | cap=wip act=(320,360) d=2.71 a=1 | sp=som:active d=2.7 age=2 dtg=14.13 region=0_7
ep=610 s=19 8981ms [sel=4 cap=8849 rest=128] sg=2->2 mode=NONE win=8 obs=20 | cap=wip act=(320,360) d=2.47 a=1 | sp=som:active d=2.5 age=3 dtg=14.37 region=0_7
ep=610 s=20 7262ms [sel=3 cap=7129 rest=129] sg=2->2 mode=NONE win=8 obs=21 | cap=wip act=(320,360) d=2.22 a=1 | sp=som:active d=2.2 age=4 dtg=14.61 region=0_7
ep=610 s=21 8707ms [sel=4 cap=8577 rest=127] sg=2->2 mode=NONE win=8 obs=22 | cap=wip act=(320,360) d=1.98 a=1 | sp=som:active d=2.0 age=5 dtg=14.85 region=0_7
ep=610 s=22 14202ms [sel=4 cap=14040 rest=158] sg=2->2 mode=NONE win=8 obs=23 | cap=wip act=(320,360) d=1.73 a=3 | sp=som:active d=1.7 age=6 dtg=14.85 region=0_7
ep=610 s=23 8252ms [sel=3 cap=8121 rest=128] sg=2->2 mode=NONE win=8 obs=24 | cap=wip act=(320,360) d=1.73 a=1 | sp=som:active d=1.7 age=7 dtg=15.10 region=0_7
ep=610 s=24 12195ms [sel=3 cap=12064 rest=128] sg=2->2 mode=NONE win=8 obs=25 | cap=wip act=(320,360) d=1.48 a=1 | sp=som:active d=1.5 age=8 dtg=15.35 region=0_7
ep=610 s=25 8319ms [sel=3 cap=8184 rest=132] sg=2->2 mode=NONE win=8 obs=26 | cap=wip act=(320,360) d=1.23 a=1 | sp=som:active d=1.2 age=9 dtg=15.60 region=0_7
ep=610 s=26 7587ms [sel=3 cap=7455 rest=128] sg=2->2 mode=NONE win=8 obs=27 | cap=wip act=(320,360) d=0.98 a=1 | sp=som:active d=1.0 age=10 dtg=15.85 region=0_7
ep=610 s=27 6905ms [sel=3 cap=6770 rest=131] sg=2->2 mode=NONE win=8 obs=28 | cap=wip act=(320,360) d=0.73 a=1 | sp=som:active d=0.7 age=11 dtg=16.10 region=0_7
ep=610 s=28 10412ms [sel=69 cap=10216 rest=126] sg=2->2 mode=NONE win=8 obs=29 | cap=wip act=(320,360) d=4.49 a=1 | sp=frontier:active d=4.5 age=0 dtg=16.35 region=0_7
ep=610 s=29 5291ms [sel=3 cap=5165 rest=122] sg=2->2 mode=NONE win=8 obs=30 | cap=wip act=(320,360) d=4.25 a=1 | sp=frontier:active d=4.2 age=1 dtg=16.60 region=0_7
ep=610 s=30 7083ms [sel=3 cap=6954 rest=126] sg=2->2 mode=NONE win=8 obs=31 | cap=wip act=(320,360) d=4.00 a=1 | sp=frontier:active d=4.0 age=2 dtg=16.85 region=0_7
ep=610 s=31 16402ms [sel=72 cap=16192 rest=138] sg=2->3 mode=NONE win=8 obs=32 | cap=DONE act=(320,360) d=4.63 a=1 | sp=frontier:active d=4.6 age=0 dtg=17.10 region=0_7
ep=610 s=32 5942ms [sel=3 cap=5817 rest=122] sg=3->3 mode=NONE win=8 obs=33 | cap=wip act=(320,360) d=4.38 a=1 | sp=frontier:active d=4.4 age=1 dtg=17.35 region=0_7
ep=610 s=33 22157ms [sel=3 cap=21588 rest=526] sg=3->3 mode=NONE win=8 obs=34 | cap=wip act=(320,360) d=4.13 a=1 | preview=view-/6 yaw=+0 render=39ms | sp=frontier:active d=4.1 age=2 dtg=17.60 region=0_7
ep=610 s=34 12028ms [sel=3 cap=11898 rest=127] sg=3->3 mode=NONE win=8 obs=35 | cap=wip act=(320,360) d=3.88 a=1 | sp=frontier:active d=3.9 age=3 dtg=17.85 region=0_7
ep=610 s=35 10182ms [sel=3 cap=10059 rest=120] sg=3->3 mode=NONE win=8 obs=36 | cap=wip act=(320,360) d=3.63 a=1 | sp=frontier:active d=3.6 age=4 dtg=18.10 region=0_7
ep=610 s=36 19315ms [sel=4 cap=18768 rest=507] sg=3->3 mode=NONE win=8 obs=37 | cap=wip act=(320,360) d=3.38 a=1 | preview=view-/6 yaw=+0 render=37ms | sp=frontier:active d=3.4 age=5 dtg=18.35 region=0_7
ep=610 s=37 18480ms [sel=4 cap=18347 rest=129] sg=3->3 mode=NONE win=8 obs=38 | cap=wip act=(320,360) d=3.13 a=1 | sp=frontier:active d=3.1 age=6 dtg=18.60 region=0_7
ep=610 s=38 13022ms [sel=3 cap=12889 rest=130] sg=3->3 mode=NONE win=8 obs=39 | cap=wip act=(320,360) d=2.88 a=1 | sp=frontier:active d=2.9 age=7 dtg=18.85 region=0_7
ep=610 s=39 13759ms [sel=3 cap=13191 rest=528] sg=3->3 mode=NONE win=8 obs=40 | cap=wip act=(320,360) d=2.63 a=1 | preview=view-/6 yaw=+0 render=38ms | sp=frontier:active d=2.6 age=8 dtg=19.10 region=0_12
ep=610 s=40 9208ms [sel=3 cap=9074 rest=131] sg=3->3 mode=NONE win=8 obs=41 | cap=wip act=(320,360) d=2.38 a=1 | sp=frontier:active d=2.4 age=9 dtg=19.35 region=0_12
ep=610 s=41 8949ms [sel=3 cap=8812 rest=134] sg=3->3 mode=NONE win=8 obs=42 | cap=wip act=(320,360) d=2.13 a=1 | sp=frontier:active d=2.1 age=10 dtg=19.60 region=0_12
ep=610 s=42 28190ms [sel=4 cap=27580 rest=570] sg=3->3 mode=NONE win=8 obs=43 | cap=wip act=(320,360) d=1.88 a=1 | preview=view-/6 yaw=+0 render=36ms | sp=frontier:active d=1.9 age=11 dtg=19.85 region=0_12
ep=610 s=43 11582ms [sel=82 cap=11373 rest=127] sg=3->3 mode=NONE win=8 obs=44 | cap=wip act=(320,360) d=2.69 a=1 | sp=frontier:active d=2.7 age=0 dtg=20.10 region=0_6
ep=610 s=44 12515ms [sel=3 cap=12385 rest=126] sg=3->3 mode=NONE win=8 obs=45 | cap=wip act=(320,360) d=2.45 a=1 | sp=frontier:active d=2.5 age=1 dtg=20.35 region=0_6
ep=610 s=45 25676ms [sel=6 cap=25138 rest=494] sg=3->3 mode=NONE win=8 obs=46 | cap=wip act=(320,360) d=2.22 a=2 | preview=view-/6 yaw=+0 render=37ms | sp=frontier:active d=2.2 age=2 dtg=20.35 region=0_6
ep=610 s=46 8638ms [sel=3 cap=8511 rest=124] sg=3->3 mode=NONE win=8 obs=47 | cap=wip act=(320,360) d=2.22 a=1 | sp=frontier:active d=2.2 age=3 dtg=20.60 region=0_6
ep=610 s=47 15000ms [sel=3 cap=14872 rest=125] sg=3->3 mode=NONE win=8 obs=48 | cap=wip act=(320,360) d=1.97 a=1 | sp=frontier:active d=2.0 age=4 dtg=20.84 region=0_6
ep=610 s=48 13932ms [sel=3 cap=13376 rest=516] sg=3->3 mode=NONE win=8 obs=49 | cap=wip act=(320,360) d=1.73 a=1 | preview=view-/6 yaw=+0 render=37ms | sp=frontier:active d=1.7 age=5 dtg=21.08 region=0_6
ep=610 s=49 11252ms [sel=3 cap=11123 rest=126] sg=3->3 mode=NONE win=8 obs=50 | cap=wip act=(320,360) d=1.48 a=1 | sp=frontier:active d=1.5 age=6 dtg=21.32 region=0_6
ep=610 s=50 13394ms [sel=3 cap=13261 rest=130] sg=3->3 mode=NONE win=8 obs=51 | cap=wip act=(320,360) d=1.24 a=1 | sp=frontier:active d=1.2 age=7 dtg=21.57 region=0_6
ep=610 s=51 18708ms [sel=6 cap=18139 rest=527] sg=3->3 mode=NONE win=8 obs=52 | cap=wip act=(320,360) d=1.00 a=1 | preview=view-/6 yaw=+0 render=36ms | sp=frontier:active d=1.0 age=8 dtg=21.81 region=0_6
ep=610 s=52 9101ms [sel=6 cap=8964 rest=131] sg=3->3 mode=NONE win=8 obs=53 | cap=wip act=(320,360) d=0.77 a=1 | sp=frontier:active d=0.8 age=9 dtg=22.07 region=0_6
ep=610 s=53 13894ms [sel=6 cap=13759 rest=129] sg=3->3 mode=NONE win=8 obs=54 | cap=wip act=(320,360) d=0.56 a=2 | sp=frontier:active d=0.6 age=10 dtg=22.07 region=0_6
ep=610 s=54 26048ms [sel=6 cap=25505 rest=502] sg=3->3 mode=NONE win=8 obs=55 | cap=wip act=(320,360) d=0.56 a=1 | preview=view-/6 yaw=+0 render=36ms | sp=frontier:active d=0.6 age=11 dtg=22.33 region=0_6
ep=610 s=55 13241ms [sel=75 cap=13041 rest=125] sg=3->3 mode=NONE win=8 obs=56 | cap=wip act=(320,360) d=1.43 a=3 | sp=frontier:active d=1.4 age=0 dtg=22.33 region=0_6
ep=610 s=56 12602ms [sel=3 cap=12472 rest=127] sg=3->3 mode=NONE win=8 obs=57 | cap=wip act=(320,360) d=1.43 a=1 | sp=frontier:active d=1.4 age=1 dtg=22.57 region=0_6
ep=610 s=57 20166ms [sel=4 cap=19623 rest=504] sg=3->3 mode=NONE win=8 obs=58 | cap=wip act=(320,360) d=1.19 a=3 | preview=view-/6 yaw=+0 render=36ms | sp=frontier:active d=1.2 age=2 dtg=22.57 region=0_6
ep=610 s=58 13353ms [sel=3 cap=13223 rest=127] sg=3->3 mode=NONE win=8 obs=59 | cap=wip act=(320,360) d=1.19 a=1 | sp=frontier:active d=1.2 age=3 dtg=22.80 region=0_6
ep=610 s=59 13086ms [sel=3 cap=12952 rest=131] sg=3->3 mode=NONE win=8 obs=60 | cap=wip act=(320,360) d=0.94 a=1 | sp=frontier:active d=0.9 age=4 dtg=23.05 region=0_6
ep=610 s=60 17454ms [sel=3 cap=16894 rest=522] sg=3->3 mode=NONE win=8 obs=61 | cap=wip act=(320,360) d=0.69 a=1 | preview=view-/6 yaw=+0 render=35ms | sp=frontier:active d=0.7 age=5 dtg=23.29 region=0_6
ep=610 s=61 19617ms [sel=98 cap=19391 rest=129] sg=3->3 mode=NONE win=8 obs=62 | cap=wip act=(358,400) d=1.28 a=1 | sp=straight_ahead:active d=0.8 age=0 dtg=23.54 region=0_6
ep=610 s=62 17522ms [sel=6 cap=17379 rest=138] sg=3->3 mode=NONE win=8 obs=63 | cap=wip act=(320,360) d=0.59 a=3 | sp=straight_ahead:active d=0.6 age=1 dtg=23.54 region=0_6
ep=610 s=63 30183ms [sel=4 cap=29644 rest=499] sg=3->3 mode=NONE win=8 obs=64 | cap=wip act=(320,360) d=0.59 a=3 | preview=view-/6 yaw=+0 render=36ms | sp=straight_ahead:active d=0.6 age=2 dtg=23.54 region=0_6
ep=610 s=64 13221ms [sel=4 cap=13067 rest=150] sg=3->3 mode=NONE win=8 obs=65 | cap=wip act=(320,360) d=0.59 a=3 | sp=straight_ahead:active d=0.6 age=3 dtg=23.54 region=0_6
ep=610 s=65 9334ms [sel=3 cap=9199 rest=131] sg=3->3 mode=NONE win=8 obs=66 | cap=wip act=(320,360) d=0.59 a=1 | sp=straight_ahead:active d=0.6 age=4 dtg=23.69 region=0_6
ep=610 s=66 30686ms [sel=113 cap=0 rest=30537] sg=None->3 mode=NONE win=8 obs=67 | cap=- act=(320,360) d=5.88 a=3 | preview=view-/6 yaw=+0 render=36ms | sp=frontier:active d=5.9 age=0 ANALYSIS_ERROR_STAGE=completion_confirmation ANALYSIS_ERROR='CaptionerOutputError: decision violates the navigation reply contract: Request timed out.' dtg=23.69 region=0_6
ep=610 s=67 18422ms [sel=10 cap=18284 rest=128] sg=3->3 mode=NONE win=8 obs=68 | cap=wip act=(320,360) d=5.88 a=3 | sp=frontier:active d=5.9 age=1 dtg=23.69 region=0_6
ep=610 s=68 18564ms [sel=10 cap=18426 rest=128] sg=3->3 mode=NONE win=8 obs=69 | cap=wip act=(320,360) d=5.88 a=1 | sp=frontier:active d=5.9 age=2 dtg=23.75 region=0_6
ep=610 s=69 27224ms [sel=10 cap=26669 rest=509] sg=3->3 mode=NONE win=8 obs=70 | cap=wip act=(320,360) d=5.64 a=3 | preview=view-/6 yaw=+0 render=36ms | sp=frontier:active d=5.6 age=3 dtg=23.75 region=0_6
ep=610 s=70 17895ms [sel=9 cap=17755 rest=130] sg=3->3 mode=NONE win=8 obs=71 | cap=wip act=(320,360) d=5.64 a=1 | sp=frontier:active d=5.6 age=4 dtg=23.74 region=0_6
ep=610 s=71 13273ms [sel=6 cap=13140 rest=126] sg=3->3 mode=NONE win=8 obs=72 | cap=wip act=(320,360) d=5.39 a=1 | sp=frontier:active d=5.4 age=5 dtg=23.74 region=0_6
ep=610 s=72 20468ms [sel=5 cap=19910 rest=516] sg=3->3 mode=NONE win=8 obs=73 | cap=wip act=(320,360) d=5.14 a=1 | preview=view-/6 yaw=+0 render=37ms | sp=frontier:active d=5.1 age=6 dtg=23.74 region=0_6
ep=610 s=73 14541ms [sel=4 cap=14413 rest=124] sg=3->3 mode=NONE win=8 obs=74 | cap=wip act=(320,360) d=4.89 a=1 | sp=frontier:active d=4.9 age=7 dtg=23.75 region=0_6
ep=610 s=74 19903ms [sel=3 cap=19776 rest=124] sg=3->3 mode=NONE win=8 obs=75 | cap=wip act=(320,360) d=4.64 a=1 | sp=frontier:active d=4.6 age=8 dtg=23.77 region=0_6
ep=610 s=75 11076ms [sel=3 cap=10950 rest=123] sg=3->3 mode=NONE win=8 obs=76 | cap=wip act=(320,360) d=4.39 a=1 | sp=frontier:active d=4.4 age=9 dtg=23.85 region=0_6
ep=610 s=76 16089ms [sel=3 cap=15561 rest=489] sg=3->3 mode=NONE win=8 obs=77 | cap=wip act=(320,360) d=4.14 a=1 | preview=view-/6 yaw=+0 render=36ms | sp=frontier:active d=4.1 age=10 dtg=23.92 region=0_6
ep=610 s=77 21549ms [sel=4 cap=21418 rest=127] sg=3->3 mode=NONE win=8 obs=78 | cap=wip act=(320,360) d=3.89 a=1 | sp=frontier:active d=3.9 age=11 dtg=23.94 region=0_6
ep=610 s=78 13880ms [sel=3 cap=13750 rest=128] sg=3->3 mode=NONE win=8 obs=79 | cap=wip act=(320,360) d=3.64 a=1 | sp=frontier:active d=3.6 age=12 dtg=24.00 region=0_6
ep=610 s=79 22877ms [sel=87 cap=22213 rest=540] sg=3->3 mode=NONE win=8 obs=80 | cap=wip act=(320,360) d=4.70 a=1 | preview=view-/6 yaw=+0 render=36ms | sp=frontier:active d=4.7 age=0 dtg=24.08 region=0_6
ep=610 s=80 12141ms [sel=3 cap=11982 rest=156] sg=3->3 mode=NONE win=8 obs=81 | cap=wip act=(320,360) d=4.45 a=1 | sp=frontier:active d=4.4 age=1 dtg=24.19 region=None
ep=610 s=81 24141ms [sel=14088 cap=9921 rest=132] sg=3->3 mode=NONE win=8 obs=82 | cap=wip act=(320,360) d=2.98 a=1 | sp=som:active d=3.0 age=0 som=4/6 dtg=24.36 region=0_13
ep=610 s=82 19144ms [sel=4 cap=18585 rest=520] sg=3->3 mode=NONE win=8 obs=83 | cap=wip act=(320,360) d=2.74 a=1 | preview=view-/6 yaw=+0 render=36ms | sp=som:active d=2.7 age=1 dtg=24.57 region=0_13
ep=610 s=83 13208ms [sel=4 cap=13065 rest=139] sg=3->3 mode=NONE win=8 obs=84 | cap=wip act=(320,360) d=2.50 a=1 | sp=som:active d=2.5 age=2 dtg=24.80 region=0_13
ep=610 s=84 12807ms [sel=7 cap=12671 rest=129] sg=3->3 mode=NONE win=8 obs=85 | cap=wip act=(320,360) d=2.26 a=1 | sp=som:active d=2.3 age=3 dtg=25.03 region=0_5
ep=610 s=85 21831ms [sel=3 cap=21246 rest=538] sg=3->3 mode=NONE win=8 obs=86 | cap=wip act=(320,360) d=2.03 a=3 | preview=view-/6 yaw=+0 render=43ms | sp=som:active d=2.0 age=4 dtg=25.03 region=0_5
ep=610 s=86 12817ms [sel=4 cap=12679 rest=133] sg=3->3 mode=NONE win=8 obs=87 | cap=wip act=(320,360) d=2.03 a=1 | sp=som:active d=2.0 age=5 dtg=25.24 region=0_5
ep=610 s=87 13968ms [sel=3 cap=13834 rest=131] sg=3->3 mode=NONE win=8 obs=88 | cap=wip act=(320,360) d=1.78 a=1 | sp=som:active d=1.8 age=6 dtg=25.46 region=0_5
ep=610 s=88 18087ms [sel=3 cap=17506 rest=541] sg=3->3 mode=NONE win=8 obs=89 | cap=wip act=(320,360) d=1.53 a=1 | preview=view-/6 yaw=+0 render=37ms | sp=som:active d=1.5 age=7 dtg=25.69 region=0_5
ep=610 s=89 11505ms [sel=3 cap=11338 rest=164] sg=3->3 mode=NONE win=8 obs=90 | cap=wip act=(320,360) d=1.29 a=1 | sp=som:active d=1.3 age=8 dtg=25.93 region=0_5
ep=610 s=90 5994ms [sel=3 cap=5859 rest=132] sg=3->3 mode=NONE win=8 obs=91 | cap=wip act=(320,360) d=1.04 a=1 | sp=som:active d=1.0 age=9 dtg=26.17 region=0_5
ep=610 s=91 22115ms [sel=3 cap=21545 rest=531] sg=3->3 mode=NONE win=8 obs=92 | cap=wip act=(320,360) d=0.80 a=1 | preview=view-/6 yaw=+0 render=36ms | sp=som:active d=0.8 age=10 dtg=26.41 region=0_5
ep=610 s=92 12264ms [sel=4 cap=12127 rest=133] sg=3->3 mode=NONE win=8 obs=93 | cap=wip act=(320,360) d=0.57 a=3 | sp=som:active d=0.6 age=11 dtg=26.41 region=0_5
ep=610 s=93 11987ms [sel=3 cap=11856 rest=128] sg=3->3 mode=NONE win=8 obs=94 | cap=wip act=(320,360) d=0.57 a=1 | sp=som:active d=0.6 age=12 dtg=26.64 region=0_5
ep=610 s=94 15926ms [sel=96 cap=15233 rest=554] sg=3->3 mode=NONE win=8 obs=95 | cap=wip act=(320,360) d=4.14 a=1 | preview=view-/6 yaw=+0 render=44ms | sp=frontier:active d=4.1 age=0 dtg=26.88 region=0_5
ep=610 s=95 20891ms [sel=3 cap=20758 rest=129] sg=3->3 mode=NONE win=8 obs=96 | cap=wip act=(320,360) d=3.89 a=1 | sp=frontier:active d=3.9 age=1 dtg=27.14 region=0_5
ep=610 s=96 7316ms [sel=3 cap=7181 rest=133] sg=3->3 mode=NONE win=8 obs=97 | cap=wip act=(320,360) d=3.65 a=2 | sp=frontier:active d=3.6 age=2 dtg=27.14 region=0_5
ep=610 s=97 30596ms [sel=3 cap=0 rest=30555] sg=None->3 mode=NONE win=8 obs=98 | cap=- act=(320,360) d=3.65 a=1 | preview=view-/6 yaw=+0 render=37ms | sp=frontier:active d=3.6 age=3 ANALYSIS_ERROR_STAGE=decision ANALYSIS_ERROR='CaptionerInferenceError: Captioner model inference failed' dtg=27.38 region=0_5
ep=610 s=98 11057ms [sel=3 cap=10887 rest=167] sg=3->3 mode=NONE win=8 obs=99 | cap=wip act=(320,360) d=3.41 a=1 | sp=frontier:active d=3.4 age=4 dtg=27.62 region=0_5
ep=610 s=99 13007ms [sel=3 cap=12876 rest=129] sg=3->3 mode=NONE win=8 obs=100 | cap=wip act=(320,360) d=3.18 a=2 | sp=frontier:active d=3.2 age=5 dtg=27.62 region=0_5
ep=610 s=100 16511ms [sel=3 cap=15931 rest=537] sg=3->3 mode=NONE win=8 obs=101 | cap=wip act=(320,360) d=3.18 a=1 | preview=view-/6 yaw=+0 render=40ms | sp=frontier:active d=3.2 age=6 dtg=27.86 region=0_5
ep=610 s=101 7846ms [sel=5 cap=7709 rest=132] sg=3->3 mode=NONE win=8 obs=102 | cap=wip act=(320,360) d=2.99 a=1 | sp=frontier:active d=3.0 age=7 dtg=28.10 region=0_5
ep=610 s=102 7506ms [sel=4 cap=7373 rest=128] sg=3->3 mode=NONE win=8 obs=103 | cap=wip act=(320,360) d=2.80 a=1 | sp=frontier:active d=2.8 age=8 dtg=28.34 region=0_5
ep=610 s=103 14845ms [sel=4 cap=14259 rest=543] sg=3->3 mode=NONE win=8 obs=104 | cap=wip act=(320,360) d=2.63 a=1 | preview=view-/6 yaw=+0 render=38ms | sp=frontier:active d=2.6 age=9 dtg=28.59 region=0_5
ep=610 s=104 8590ms [sel=7 cap=8453 rest=130] sg=3->3 mode=NONE win=8 obs=105 | cap=wip act=(320,360) d=2.47 a=1 | sp=frontier:active d=2.5 age=10 dtg=28.84 region=0_5
ep=610 s=105 5550ms [sel=6 cap=5418 rest=126] sg=3->3 mode=NONE win=8 obs=106 | cap=wip act=(320,360) d=2.33 a=1 | sp=frontier:active d=2.3 age=11 dtg=29.08 region=0_5
ep=610 s=106 30597ms [sel=8 cap=0 rest=30551] sg=None->3 mode=NONE win=8 obs=107 | cap=- act=(320,360) d=2.20 a=1 | preview=view-/6 yaw=+0 render=37ms | sp=frontier:active d=2.2 age=12 ANALYSIS_ERROR_STAGE=completion_confirmation ANALYSIS_ERROR='CaptionerOutputError: decision violates the navigation reply contract: Request timed out.' dtg=29.33 region=0_5
ep=610 s=107 11587ms [sel=10 cap=11452 rest=125] sg=3->3 mode=NONE win=8 obs=108 | cap=wip act=(320,360) d=2.10 a=1 | sp=frontier:active d=2.1 age=13 dtg=29.58 region=0_5
ep=610 s=108 8754ms [sel=12 cap=8622 rest=120] sg=3->3 mode=NONE win=8 obs=109 | cap=wip act=(320,360) d=2.03 a=3 | sp=frontier:active d=2.0 age=14 dtg=29.58 region=0_5
ep=610 s=109 24878ms [sel=8 cap=24314 rest=521] sg=3->3 mode=NONE win=8 obs=110 | cap=wip act=(320,360) d=2.03 a=3 | preview=view-/6 yaw=+0 render=35ms | sp=frontier:active d=2.0 age=15 dtg=29.58 region=0_5
ep=610 s=110 11116ms [sel=7 cap=10975 rest=134] sg=3->3 mode=NONE win=8 obs=111 | cap=wip act=(320,360) d=2.03 a=1 | sp=frontier:active d=2.0 age=16 dtg=29.81 region=0_5
ep=610 s=111 14921ms [sel=89 cap=14703 rest=130] sg=3->3 mode=NONE win=8 obs=112 | cap=wip act=(320,360) d=1.86 a=1 | sp=frontier:active d=1.9 age=0 dtg=30.04 region=0_5
ep=610 s=112 12726ms [sel=6 cap=12139 rest=543] sg=3->None mode=NONE win=8 obs=113 | cap=DONE act=(320,360) d=1.00 a=1 | preview=view-/6 yaw=+0 render=38ms | sp=frontier:active d=1.7 age=1 ovr=1 door_evts=1 dtg=30.28 region=0_5
ep=610 s=113 142ms [sel=5 cap=0 rest=136] sg=None->None mode=NONE win=8 obs=114 | cap=- act=(320,360) d=1.00 a=1 | sp=frontier:active d=1.5 age=2 ovr=1 door_evts=1 dtg=30.51 region=0_5
ep=610 s=114 141ms [sel=5 cap=0 rest=136] sg=None->None mode=NONE win=8 obs=115 | cap=- act=(320,360) d=1.00 a=1 | sp=frontier:active d=1.3 age=3 ovr=1 door_evts=1 dtg=30.75 region=0_5
ep=610 s=115 138ms [sel=0 cap=0 rest=138] sg=None->None mode=NONE win=8 obs=116 | cap=- act=STOP | sp=frontier:active d=1.1 age=4 ovr=1 door_evts=1 dtg=30.75 region=0_5
rank=0 [7/17] id=610 steps=116 success=0.000 spl=0.000 dtg=30.75 osr=0 path_length=24.53 ndtw=0.000 sdtw=0.000
PluginManager::Manager: duplicate static plugin StbImageImporter, ignoring
PluginManager::Manager: duplicate static plugin GltfImporter, ignoring
PluginManager::Manager: duplicate static plugin BasisImporter, ignoring
PluginManager::Manager: duplicate static plugin AssimpImporter, ignoring
PluginManager::Manager: duplicate static plugin AnySceneImporter, ignoring
PluginManager::Manager: duplicate static plugin AnyImageImporter, ignoring
episode=653 instruction="So head on out of the room, and turn right so you can walk down the hall. Go along past the staircase, and then keep going through the door of the bedroom that's straight ahead of you, and stop once you're inside the door." start_position=[0.3905259966850281, 3.2642593383789062, 8.821249961853027] goal_position=[-0.3361319899559021, 3.2642593383789062, 2.5736498832702637] reference_geodesic=8.44093132019043
episode=653 prepared_subgoals=5
  [1] Exit the room
      proof: The camera has crossed the room's threshold and the hallway is central in the view.
  [2] Turn right at the exit
      proof: The hallway to the right is centred in the view.
  [3] Walk down the hall past the staircase
      proof: The staircase is behind the camera and the hallway beyond it fills the view.
  [4] Go through the door of the bedroom straight ahead
      proof: The camera has crossed the bedroom threshold and the bedroom interior is central in the view.
  [5] Stop inside the bedroom door
      proof: The camera is stationary beside the door, with the bedroom interior filling the view
ep=653 s=0 10352ms [sel=28 cap=9885 rest=405] sg=1->1 mode=NONE win=1 obs=1 | cap=wip act=(320,360) d=1.15 a=2 | preview=view-/6 yaw=+0 render=35ms | sp=frontier:active d=1.2 age=0 dtg=8.44 region=1_3
ep=653 s=1 11816ms [sel=3 cap=11729 rest=84] sg=1->1 mode=NONE win=2 obs=2 | cap=wip act=(320,360) d=1.15 a=2 | sp=frontier:active d=1.2 age=1 dtg=8.44 region=1_3
ep=653 s=2 10961ms [sel=3 cap=10875 rest=83] sg=1->1 mode=NONE win=3 obs=3 | cap=wip act=(320,360) d=1.15 a=1 | sp=frontier:active d=1.2 age=2 dtg=8.20 region=1_3
ep=653 s=3 14878ms [sel=3 cap=14794 rest=81] sg=1->1 mode=NONE win=4 obs=4 | cap=wip act=(320,360) d=0.90 a=1 | sp=frontier:active d=0.9 age=3 dtg=7.95 region=1_3
ep=653 s=4 9701ms [sel=3 cap=9617 rest=81] sg=1->1 mode=NONE win=5 obs=5 | cap=wip act=(320,360) d=0.65 a=1 | sp=frontier:active d=0.7 age=4 dtg=7.71 region=0_17
ep=653 s=5 11342ms [sel=41 cap=11216 rest=85] sg=1->1 mode=NONE win=6 obs=6 | cap=wip act=(320,360) d=4.10 a=1 | sp=frontier:active d=4.1 age=0 dtg=7.47 region=0_17
ep=653 s=6 13552ms [sel=0 cap=13468 rest=84] sg=1->2 mode=NONE win=7 obs=7 | cap=DONE act=TURN request=+45deg execute=+15deg x1 a=3 | sp=frontier:active d=3.9 age=1 dtg=7.47 region=0_17
ep=653 s=7 12454ms [sel=0 cap=12365 rest=89] sg=2->2 mode=NONE win=8 obs=8 | cap=wip act=TURN request=+45deg execute=+15deg x1 a=3 dtg=7.47 region=0_17
ep=653 s=8 12630ms [sel=0 cap=12544 rest=86] sg=2->2 mode=NONE win=8 obs=9 | cap=wip act=TURN request=+45deg execute=+15deg x1 a=3 dtg=7.47 region=0_17
ep=653 s=9 12503ms [sel=30 cap=12391 rest=81] sg=2->3 mode=NONE win=8 obs=10 | cap=DONE act=(320,360) d=1.95 a=2 | sp=frontier:active d=1.9 age=0 dtg=7.47 region=0_17
ep=653 s=10 10099ms [sel=6 cap=10010 rest=84] sg=3->3 mode=NONE win=8 obs=11 | cap=wip act=(320,360) d=1.95 a=2 | sp=frontier:active d=1.9 age=1 dtg=7.47 region=0_17
ep=653 s=11 7448ms [sel=6 cap=7357 rest=86] sg=3->3 mode=NONE win=8 obs=12 | cap=wip act=(320,360) d=1.95 a=1 | sp=frontier:active d=1.9 age=2 dtg=7.22 region=0_17
ep=653 s=12 7375ms [sel=6 cap=7287 rest=82] sg=3->3 mode=NONE win=8 obs=13 | cap=wip act=(320,360) d=1.70 a=1 | sp=frontier:active d=1.7 age=3 dtg=6.98 region=0_17
ep=653 s=13 11478ms [sel=6 cap=11390 rest=83] sg=3->3 mode=NONE win=8 obs=14 | cap=wip act=(320,360) d=1.46 a=1 | sp=frontier:active d=1.5 age=4 dtg=6.73 region=0_17
ep=653 s=14 12031ms [sel=3 cap=11941 rest=87] sg=3->3 mode=NONE win=8 obs=15 | cap=wip act=(320,360) d=1.22 a=2 | sp=frontier:active d=1.2 age=5 dtg=6.73 region=0_17
ep=653 s=15 20483ms [sel=3 cap=20394 rest=87] sg=3->3 mode=NONE win=8 obs=16 | cap=wip act=(320,360) d=1.22 a=1 | sp=frontier:active d=1.2 age=6 dtg=6.53 region=0_22
ep=653 s=16 9147ms [sel=4 cap=9062 rest=81] sg=3->3 mode=NONE win=8 obs=17 | cap=wip act=(320,360) d=1.02 a=1 | sp=frontier:active d=1.0 age=7 dtg=6.42 region=0_22
ep=653 s=17 11793ms [sel=6 cap=11706 rest=81] sg=3->3 mode=NONE win=8 obs=18 | cap=wip act=(320,360) d=0.84 a=3 | sp=frontier:active d=0.8 age=8 dtg=6.42 region=0_22
ep=653 s=18 9544ms [sel=3 cap=9431 rest=110] sg=3->3 mode=NONE win=8 obs=19 | cap=wip act=(320,360) d=0.84 a=3 | sp=frontier:active d=0.8 age=9 dtg=6.42 region=0_22
ep=653 s=19 13651ms [sel=3 cap=13535 rest=114] sg=3->3 mode=NONE win=8 obs=20 | cap=wip act=(320,360) d=0.84 a=1 | sp=frontier:active d=0.8 age=10 dtg=6.30 region=0_22
ep=653 s=20 10485ms [sel=4 cap=10386 rest=96] sg=3->3 mode=NONE win=8 obs=21 | cap=wip act=(320,360) d=0.61 a=3 | sp=frontier:active d=0.6 age=11 dtg=6.30 region=0_22
ep=653 s=21 14642ms [sel=3 cap=14534 rest=106] sg=3->3 mode=NONE win=8 obs=22 | cap=wip act=(320,360) d=0.61 a=3 | sp=frontier:active d=0.6 age=12 dtg=6.30 region=0_22
ep=653 s=22 12857ms [sel=3 cap=12760 rest=94] sg=3->3 mode=NONE win=8 obs=23 | cap=wip act=(320,360) d=0.61 a=1 | sp=frontier:active d=0.6 age=13 dtg=6.10 region=0_22
ep=653 s=23 15130ms [sel=33 cap=14558 rest=503] sg=3->3 mode=NONE win=8 obs=24 | cap=wip act=(320,360) d=2.39 a=3 | preview=view-/6 yaw=+0 render=36ms | sp=frontier:active d=2.4 age=0 dtg=6.10 region=0_22
ep=653 s=24 6470ms [sel=3 cap=6374 rest=93] sg=3->3 mode=GET_NOWHERE win=8 obs=25 | cap=wip/GET_NOWHERE act=(320,360) d=2.39 a=1 | sp=frontier:active d=2.4 age=1 dtg=5.87 region=0_23
ep=653 s=25 8118ms [sel=4 cap=8027 rest=88] sg=3->3 mode=NONE win=8 obs=26 | cap=wip act=(320,360) d=2.14 a=1 | sp=frontier:active d=2.1 age=2 dtg=5.64 region=0_23
ep=653 s=26 8251ms [sel=3 cap=8161 rest=86] sg=3->3 mode=NONE win=8 obs=27 | cap=wip act=(320,360) d=1.89 a=1 | sp=frontier:active d=1.9 age=3 dtg=5.42 region=0_23
ep=653 s=27 4890ms [sel=3 cap=4802 rest=85] sg=3->3 mode=NONE win=8 obs=28 | cap=wip act=(320,360) d=1.64 a=3 | sp=frontier:active d=1.6 age=4 dtg=5.42 region=0_23
ep=653 s=28 6011ms [sel=3 cap=5918 rest=89] sg=3->3 mode=NONE win=8 obs=29 | cap=wip act=(320,360) d=1.64 a=1 | sp=frontier:active d=1.6 age=5 dtg=5.18 region=0_23
ep=653 s=29 8312ms [sel=3 cap=8218 rest=91] sg=3->3 mode=NONE win=8 obs=30 | cap=wip act=(320,360) d=1.40 a=1 | sp=frontier:active d=1.4 age=6 dtg=4.94 region=0_23
ep=653 s=30 16531ms [sel=8 cap=16057 rest=431] sg=3->3 mode=NONE win=8 obs=31 | cap=wip act=(160,180) d=1.16 a=1 | preview=view5/6 yaw=+90 render=36ms | sp=frontier:active d=1.2 age=7 dtg=4.71 region=0_24
ep=653 s=31 10443ms [sel=3 cap=10344 rest=96] sg=3->3 mode=NONE win=8 obs=32 | cap=wip act=(320,360) d=0.93 a=1 | sp=frontier:active d=0.9 age=8 dtg=4.48 region=0_24
ep=653 s=32 8645ms [sel=4 cap=8546 rest=95] sg=3->3 mode=NONE win=8 obs=33 | cap=wip act=(320,360) d=0.71 a=2 | sp=frontier:active d=0.7 age=9 dtg=4.48 region=0_24
ep=653 s=33 8382ms [sel=3 cap=8280 rest=100] sg=3->3 mode=NONE win=8 obs=34 | cap=wip act=(320,360) d=0.71 a=1 | sp=frontier:active d=0.7 age=10 dtg=4.29 region=0_24
ep=653 s=34 19181ms [sel=11717 cap=7365 rest=99] sg=3->3 mode=NONE win=8 obs=35 | cap=wip act=(320,360) d=2.85 a=1 | sp=som:active d=2.8 age=0 som=4/8 dtg=4.12 region=0_24
ep=653 s=35 17161ms [sel=3 cap=17060 rest=98] sg=3->3 mode=NONE win=8 obs=36 | cap=wip act=(320,360) d=2.61 a=3 | sp=som:active d=2.6 age=1 dtg=4.12 region=0_24
ep=653 s=36 16963ms [sel=3 cap=16864 rest=95] sg=3->3 mode=NONE win=8 obs=37 | cap=wip act=(320,360) d=2.61 a=1 | sp=som:active d=2.6 age=2 dtg=3.91 region=0_24
ep=653 s=37 14529ms [sel=3 cap=14437 rest=90] sg=3->3 mode=NONE win=8 obs=38 | cap=wip act=(320,360) d=2.36 a=1 | sp=som:active d=2.4 age=3 dtg=3.70 region=0_24
ep=653 s=38 9496ms [sel=3 cap=9405 rest=87] sg=3->3 mode=NONE win=8 obs=39 | cap=wip act=(320,360) d=2.11 a=1 | sp=som:active d=2.1 age=4 dtg=3.51 region=0_24
ep=653 s=39 8598ms [sel=3 cap=8511 rest=84] sg=3->3 mode=NONE win=8 obs=40 | cap=wip act=(320,360) d=1.86 a=1 | sp=som:active d=1.9 age=5 dtg=3.32 region=0_24
ep=653 s=40 10509ms [sel=3 cap=10423 rest=83] sg=3->3 mode=NONE win=8 obs=41 | cap=wip act=(320,360) d=1.61 a=1 | sp=som:active d=1.6 age=6 dtg=3.15 region=0_24
ep=653 s=41 14373ms [sel=3 cap=14283 rest=87] sg=3->3 mode=NONE win=8 obs=42 | cap=wip act=(320,360) d=1.36 a=3 | sp=som:active d=1.4 age=7 dtg=3.15 region=0_24
ep=653 s=42 12594ms [sel=3 cap=12503 rest=89] sg=3->3 mode=NONE win=8 obs=43 | cap=wip act=(320,360) d=1.36 a=1 | sp=som:active d=1.4 age=8 dtg=2.95 region=0_24
ep=653 s=43 10770ms [sel=3 cap=10679 rest=89] sg=3->3 mode=NONE win=8 obs=44 | cap=wip act=(320,360) d=1.12 a=1 | sp=som:active d=1.1 age=9 dtg=2.75 region=0_24
ep=653 s=44 8900ms [sel=3 cap=8806 rest=90] sg=3->3 mode=NONE win=8 obs=45 | cap=wip act=(320,360) d=0.87 a=1 | sp=som:active d=0.9 age=10 dtg=2.58 region=0_24
ep=653 s=45 7693ms [sel=3 cap=7199 rest=455] sg=3->3 mode=NONE win=8 obs=46 | cap=wip act=(320,360) d=0.63 a=1 | preview=view-/6 yaw=+0 render=36ms | sp=som:active d=0.6 age=11 dtg=2.44 region=0_24
ep=653 s=46 12213ms [sel=4437 cap=7709 rest=67] sg=3->3 mode=NONE win=8 obs=47 | cap=wip act=(320,360) d=0.70 a=3 | sp=som:active d=0.7 age=0 som=4/7 dtg=2.44 region=0_24
ep=653 s=47 10340ms [sel=3 cap=10263 rest=75] sg=3->3 mode=NONE win=8 obs=48 | cap=wip act=(320,360) d=0.70 a=3 | sp=som:active d=0.7 age=1 dtg=2.44 region=0_24
ep=653 s=48 8466ms [sel=3 cap=8384 rest=79] sg=3->3 mode=NONE win=8 obs=49 | cap=wip act=(320,360) d=0.70 a=1 | sp=som:active d=0.7 age=2 dtg=2.22 region=0_24
ep=653 s=49 9109ms [sel=2460 cap=6570 rest=78] sg=3->3 mode=NONE win=8 obs=50 | cap=wip act=(320,360) d=3.00 a=2 | sp=frontier:active d=3.0 age=0 som=3/8 dtg=2.22 region=0_24
ep=653 s=50 6119ms [sel=9 cap=6040 rest=70] sg=3->3 mode=NONE win=8 obs=51 | cap=wip act=(320,360) d=3.00 a=2 | sp=frontier:active d=3.0 age=1 dtg=2.22 region=0_24
ep=653 s=51 8652ms [sel=9 cap=8576 rest=67] sg=3->3 mode=NONE win=8 obs=52 | cap=wip act=(320,360) d=3.00 a=2 | sp=frontier:active d=3.0 age=2 dtg=2.22 region=0_24
ep=653 s=52 10321ms [sel=8 cap=10251 rest=62] sg=3->3 mode=NONE win=8 obs=53 | cap=wip act=(320,360) d=3.00 a=2 | sp=frontier:active d=3.0 age=3 dtg=2.22 region=0_24
ep=653 s=53 8625ms [sel=7 cap=8548 rest=70] sg=3->3 mode=NONE win=8 obs=54 | cap=wip act=(320,360) d=3.00 a=2 | sp=frontier:active d=3.0 age=4 dtg=2.22 region=0_24
ep=653 s=54 8014ms [sel=6 cap=7931 rest=77] sg=3->3 mode=NONE win=8 obs=55 | cap=wip act=(320,360) d=3.00 a=2 | sp=frontier:active d=3.0 age=5 dtg=2.22 region=0_24
ep=653 s=55 9134ms [sel=4 cap=9049 rest=81] sg=3->3 mode=NONE win=8 obs=56 | cap=wip act=(320,360) d=3.00 a=2 | sp=frontier:active d=3.0 age=6 dtg=2.22 region=0_24
ep=653 s=56 10578ms [sel=66 cap=10430 rest=82] sg=3->4 mode=NONE win=8 obs=57 | cap=DONE act=(320,359) d=2.10 a=1 | sp=straight_ahead:active d=0.6 age=0 dtg=2.42 region=0_24
ep=653 s=57 10851ms [sel=2750 cap=8015 rest=86] sg=4->4 mode=NONE win=8 obs=58 | cap=wip act=(320,360) d=3.09 a=2 | sp=som:active d=3.1 age=0 som=4/8 dtg=2.42 region=0_24
ep=653 s=58 8786ms [sel=19 cap=8674 rest=93] sg=4->4 mode=NONE win=8 obs=59 | cap=wip act=(320,360) d=3.09 a=1 | sp=som:active d=3.1 age=1 dtg=2.66 region=0_24
ep=653 s=59 8235ms [sel=18 cap=8122 rest=95] sg=4->4 mode=NONE win=8 obs=60 | cap=wip act=(320,360) d=2.91 a=1 | sp=som:active d=2.9 age=2 dtg=2.91 region=0_24
ep=653 s=60 7903ms [sel=20 cap=7783 rest=100] sg=4->4 mode=NONE win=8 obs=61 | cap=wip act=(320,360) d=2.74 a=1 | sp=som:active d=2.7 age=3 dtg=3.15 region=1_5
ep=653 s=61 8212ms [sel=23 cap=8096 rest=93] sg=4->4 mode=NONE win=8 obs=62 | cap=wip act=(320,360) d=2.58 a=3 | sp=som:active d=2.6 age=4 dtg=3.15 region=1_5
ep=653 s=62 8687ms [sel=16 cap=8567 rest=103] sg=4->4 mode=NONE win=8 obs=63 | cap=wip act=(320,360) d=2.58 a=3 | sp=som:active d=2.6 age=5 dtg=3.15 region=1_5
ep=653 s=63 5920ms [sel=7 cap=5812 rest=101] sg=4->4 mode=NONE win=8 obs=64 | cap=wip act=(320,360) d=2.58 a=3 | sp=som:active d=2.6 age=6 dtg=3.15 region=1_5
ep=653 s=64 7288ms [sel=6 cap=7185 rest=97] sg=4->4 mode=NONE win=8 obs=65 | cap=wip act=(320,360) d=2.58 a=1 | sp=som:active d=2.6 age=7 dtg=3.31 region=1_5
ep=653 s=65 7107ms [sel=3 cap=7003 rest=101] sg=4->4 mode=NONE win=8 obs=66 | cap=wip act=(320,360) d=2.33 a=1 | sp=som:active d=2.3 age=8 dtg=3.53 region=1_5
ep=653 s=66 6572ms [sel=3 cap=6473 rest=96] sg=4->4 mode=NONE win=8 obs=67 | cap=wip act=(320,360) d=2.09 a=3 | sp=som:active d=2.1 age=9 dtg=3.53 region=1_5
ep=653 s=67 9317ms [sel=3 cap=9218 rest=96] sg=4->4 mode=NONE win=8 obs=68 | cap=wip act=(320,360) d=2.09 a=1 | sp=som:active d=2.1 age=10 dtg=3.76 region=1_5
ep=653 s=68 4785ms [sel=21 cap=4668 rest=97] sg=4->4 mode=NONE win=8 obs=69 | cap=wip act=(320,360) d=1.84 a=1 | sp=som:active d=1.8 age=11 dtg=4.00 region=1_5
ep=653 s=69 17096ms [sel=20 cap=16987 rest=89] sg=4->4 mode=NONE win=8 obs=70 | cap=wip act=(320,360) d=1.59 a=1 | sp=som:active d=1.6 age=12 dtg=4.24 region=1_5
ep=653 s=70 7951ms [sel=19 cap=7845 rest=87] sg=4->4 mode=NONE win=8 obs=71 | cap=wip act=(320,360) d=1.34 a=1 | sp=som:active d=1.3 age=13 dtg=4.49 region=1_5
ep=653 s=71 7487ms [sel=18 cap=7382 rest=87] sg=4->4 mode=NONE win=8 obs=72 | cap=wip act=(320,360) d=1.09 a=1 | sp=som:active d=1.1 age=14 dtg=4.74 region=1_5
ep=653 s=72 10437ms [sel=19 cap=10333 rest=85] sg=4->4 mode=NONE win=8 obs=73 | cap=wip act=(320,360) d=0.85 a=3 | sp=som:active d=0.8 age=15 dtg=4.74 region=1_5
ep=653 s=73 6265ms [sel=20 cap=6165 rest=80] sg=4->4 mode=NONE win=8 obs=74 | cap=wip act=(320,360) d=0.85 a=1 | sp=som:active d=0.8 age=16 dtg=4.98 region=1_5
ep=653 s=74 8070ms [sel=6 cap=7991 rest=74] sg=4->4 mode=NONE win=8 obs=75 | cap=wip act=(320,360) d=0.63 a=2 | sp=som:active d=0.6 age=17 dtg=4.98 region=1_5
ep=653 s=75 6254ms [sel=6 cap=6166 rest=82] sg=4->4 mode=NONE win=8 obs=76 | cap=wip act=(320,360) d=0.63 a=1 | sp=som:active d=0.6 age=18 dtg=5.23 region=1_5
ep=653 s=76 10502ms [sel=52 cap=10373 rest=77] sg=4->5 mode=NONE win=8 obs=77 | cap=DONE act=(320,360) d=1.27 a=2 | sp=frontier:active d=1.3 age=0 dtg=5.23 region=1_5
ep=653 s=77 7770ms [sel=8 cap=7679 rest=83] sg=5->5 mode=NONE win=8 obs=78 | cap=wip act=(320,360) d=1.27 a=2 | sp=frontier:active d=1.3 age=1 dtg=5.23 region=1_5
ep=653 s=78 15746ms [sel=5 cap=15268 rest=438] sg=5->None mode=NONE win=8 obs=79 | cap=DONE act=(320,360) d=1.00 a=1 | preview=view-/6 yaw=+0 render=35ms | sp=frontier:active d=1.3 age=2 door_evts=1 dtg=5.45 region=1_5
ep=653 s=79 92ms [sel=4 cap=0 rest=88] sg=None->None mode=NONE win=8 obs=80 | cap=- act=(320,360) d=1.00 a=1 | sp=frontier:active d=1.1 age=3 door_evts=1 dtg=5.69 region=1_5
ep=653 s=80 94ms [sel=4 cap=0 rest=90] sg=None->None mode=NONE win=8 obs=81 | cap=- act=(320,360) d=1.00 a=1 | sp=frontier:active d=0.9 age=4 door_evts=1 dtg=5.93 region=1_5
ep=653 s=81 91ms [sel=0 cap=0 rest=91] sg=None->None mode=NONE win=8 obs=82 | cap=- act=STOP | sp=frontier:active d=0.7 age=5 door_evts=1 dtg=5.93 region=1_5
rank=0 [8/17] id=653 steps=82 success=0.000 spl=0.000 dtg=5.93 osr=1 path_length=11.50 ndtw=0.634 sdtw=0.000
PluginManager::Manager: duplicate static plugin StbImageImporter, ignoring
PluginManager::Manager: duplicate static plugin GltfImporter, ignoring
PluginManager::Manager: duplicate static plugin BasisImporter, ignoring
PluginManager::Manager: duplicate static plugin AssimpImporter, ignoring
PluginManager::Manager: duplicate static plugin AnySceneImporter, ignoring
PluginManager::Manager: duplicate static plugin AnyImageImporter, ignoring
episode=773 instruction="So just head straight on until you get to a large door on your left, the one that's got two large black vases on each side of it, and wait there." start_position=[10.679300308227539, 0.018061161041259766, 8.551050186157227] goal_position=[4.631959915161133, 0.018061161041259766, 8.365900039672852] reference_geodesic=6.050173759460449
episode=773 prepared_subgoals=2
  [1] Walk straight ahead toward the Stop beside the large door until the next instructed route stage begins
      proof: The Stop beside the large door is visible nearby and the camera is positioned to begin the next instructed route stage.
  [2] Stop beside the large door
      proof: The camera is stationary beside the large door, with the vases clearly visible on either side
ep=773 s=0 13155ms [sel=21 cap=12625 rest=472] sg=1->1 mode=NONE win=1 obs=1 | cap=wip act=(160,180) d=3.25 a=1 | preview=view2/6 yaw=+0 render=38ms | sp=preview:active d=3.3 age=0 dtg=5.80 region=1_9
ep=773 s=1 7210ms [sel=3 cap=7088 rest=119] sg=1->1 mode=NONE win=2 obs=2 | cap=wip act=(320,360) d=3.00 a=1 | sp=preview:active d=3.0 age=1 dtg=5.55 region=1_9
ep=773 s=2 4931ms [sel=3 cap=4802 rest=126] sg=1->1 mode=NONE win=3 obs=3 | cap=wip act=(320,360) d=2.75 a=1 | sp=preview:active d=2.8 age=2 dtg=5.30 region=1_9
ep=773 s=3 8575ms [sel=3 cap=8449 rest=123] sg=1->1 mode=NONE win=4 obs=4 | cap=wip act=(320,360) d=2.50 a=1 | sp=preview:active d=2.5 age=3 dtg=5.05 region=1_9
ep=773 s=4 6122ms [sel=3 cap=5995 rest=124] sg=1->1 mode=NONE win=5 obs=5 | cap=wip act=(320,360) d=2.25 a=1 | sp=preview:active d=2.3 age=4 dtg=4.80 region=1_9
ep=773 s=5 7008ms [sel=3 cap=6845 rest=160] sg=1->1 mode=NONE win=6 obs=6 | cap=wip act=(320,360) d=2.00 a=1 | sp=preview:active d=2.0 age=5 dtg=4.55 region=1_9
ep=773 s=6 5745ms [sel=3 cap=5610 rest=131] sg=1->1 mode=NONE win=7 obs=7 | cap=wip act=(320,360) d=1.75 a=1 | sp=preview:active d=1.8 age=6 dtg=4.30 region=1_9
ep=773 s=7 8352ms [sel=4 cap=8220 rest=129] sg=1->1 mode=NONE win=8 obs=8 | cap=wip act=(320,360) d=1.50 a=1 | sp=preview:active d=1.5 age=7 dtg=4.05 region=1_9
ep=773 s=8 6545ms [sel=3 cap=6418 rest=124] sg=1->1 mode=NONE win=8 obs=9 | cap=wip act=(320,360) d=1.25 a=1 | sp=preview:active d=1.3 age=8 dtg=3.80 region=1_9
ep=773 s=9 7353ms [sel=3 cap=7226 rest=124] sg=1->1 mode=NONE win=8 obs=10 | cap=wip act=(320,360) d=1.00 a=1 | sp=preview:active d=1.0 age=9 dtg=3.55 region=1_9
ep=773 s=10 8455ms [sel=4 cap=8324 rest=127] sg=1->1 mode=NONE win=8 obs=11 | cap=wip act=(320,360) d=0.75 a=1 | sp=preview:active d=0.8 age=10 dtg=3.30 region=1_9
ep=773 s=11 5644ms [sel=3 cap=5502 rest=139] sg=1->1 mode=NONE win=8 obs=12 | cap=wip act=(320,360) d=0.50 a=1 | sp=preview:active d=0.5 age=11 dtg=3.05 region=1_9
ep=773 s=12 10837ms [sel=2764 cap=7951 rest=123] sg=1->1 mode=NONE win=8 obs=13 | cap=wip act=(320,360) d=2.95 a=1 | sp=som:active d=3.0 age=0 som=4/8 dtg=2.80 region=1_9
ep=773 s=13 10581ms [sel=3 cap=10458 rest=121] sg=1->1 mode=NONE win=8 obs=14 | cap=wip act=(320,360) d=2.70 a=1 | sp=som:active d=2.7 age=1 dtg=2.55 region=1_9
ep=773 s=14 5458ms [sel=3 cap=5324 rest=131] sg=1->1 mode=NONE win=8 obs=15 | cap=wip act=(320,360) d=2.45 a=1 | sp=som:active d=2.5 age=2 dtg=2.30 region=1_9
ep=773 s=15 8467ms [sel=3 cap=8341 rest=123] sg=1->1 mode=NONE win=8 obs=16 | cap=wip act=(320,360) d=2.20 a=1 | sp=som:active d=2.2 age=3 dtg=2.06 region=1_9
ep=773 s=16 13733ms [sel=3 cap=13603 rest=127] sg=1->1 mode=NONE win=8 obs=17 | cap=wip act=(320,360) d=1.95 a=1 | sp=som:active d=2.0 age=4 dtg=1.81 region=1_9
ep=773 s=17 7403ms [sel=3 cap=7274 rest=126] sg=1->1 mode=NONE win=8 obs=18 | cap=wip act=(320,360) d=1.70 a=1 | sp=som:active d=1.7 age=5 dtg=1.56 region=1_9
ep=773 s=18 12636ms [sel=3 cap=12512 rest=121] sg=1->1 mode=NONE win=8 obs=19 | cap=wip act=(320,360) d=1.45 a=1 | sp=som:active d=1.5 age=6 dtg=1.31 region=1_9
ep=773 s=19 6070ms [sel=3 cap=5945 rest=122] sg=1->1 mode=NONE win=8 obs=20 | cap=wip act=(320,360) d=1.20 a=1 | sp=som:active d=1.2 age=7 dtg=1.06 region=1_9
ep=773 s=20 5436ms [sel=3 cap=5306 rest=127] sg=1->1 mode=NONE win=8 obs=21 | cap=wip act=(320,360) d=0.95 a=1 | sp=som:active d=1.0 age=8 dtg=0.82 region=1_9
ep=773 s=21 13309ms [sel=3 cap=13182 rest=124] sg=1->1 mode=NONE win=8 obs=22 | cap=wip act=(320,360) d=0.70 a=1 | sp=som:active d=0.7 age=9 dtg=0.58 region=1_9
ep=773 s=22 15001ms [sel=5440 cap=9441 rest=120] sg=1->1 mode=NONE win=8 obs=23 | cap=wip act=(320,360) d=3.30 a=3 | sp=som:active d=3.3 age=0 som=2/8 dtg=0.58 region=1_9
ep=773 s=23 13824ms [sel=3 cap=13693 rest=128] sg=1->1 mode=NONE win=8 obs=24 | cap=wip act=(320,360) d=3.30 a=1 | sp=som:active d=3.3 age=1 dtg=0.33 region=1_9
ep=773 s=24 7281ms [sel=3 cap=7152 rest=126] sg=1->1 mode=NONE win=8 obs=25 | cap=wip act=(320,360) d=3.05 a=1 | sp=som:active d=3.0 age=2 dtg=0.09 region=1_9
ep=773 s=25 9090ms [sel=5 cap=8956 rest=130] sg=1->1 mode=NONE win=8 obs=26 | cap=wip act=(320,360) d=2.80 a=1 | sp=som:active d=2.8 age=3 dtg=0.18 region=1_9
ep=773 s=26 7826ms [sel=3 cap=7686 rest=137] sg=1->1 mode=NONE win=8 obs=27 | cap=wip act=(320,360) d=2.55 a=1 | sp=som:active d=2.6 age=4 dtg=0.43 region=1_9
ep=773 s=27 6768ms [sel=3 cap=6634 rest=131] sg=1->1 mode=NONE win=8 obs=28 | cap=wip act=(320,360) d=2.31 a=3 | sp=som:active d=2.3 age=5 dtg=0.43 region=1_9
ep=773 s=28 7900ms [sel=3 cap=7758 rest=140] sg=1->1 mode=NONE win=8 obs=29 | cap=wip act=(320,360) d=2.31 a=1 | sp=som:active d=2.3 age=6 dtg=0.67 region=1_9
ep=773 s=29 7839ms [sel=3 cap=7703 rest=132] sg=1->1 mode=NONE win=8 obs=30 | cap=wip act=(320,360) d=2.06 a=1 | sp=som:active d=2.1 age=7 dtg=0.91 region=1_9
ep=773 s=30 10261ms [sel=3 cap=10129 rest=129] sg=1->1 mode=NONE win=8 obs=31 | cap=wip act=(320,360) d=1.81 a=1 | sp=som:active d=1.8 age=8 dtg=1.16 region=1_9
ep=773 s=31 13325ms [sel=3 cap=13193 rest=130] sg=1->1 mode=NONE win=8 obs=32 | cap=wip act=(320,360) d=1.56 a=1 | sp=som:active d=1.6 age=9 dtg=1.41 region=1_9
ep=773 s=32 10066ms [sel=5 cap=9928 rest=132] sg=1->1 mode=GET_NOWHERE win=8 obs=33 | cap=wip/GET_NOWHERE act=(320,360) d=1.31 a=1 | sp=som:active d=1.3 age=10 dtg=1.66 region=1_6
ep=773 s=33 11906ms [sel=3 cap=11769 rest=134] sg=1->1 mode=GET_NOWHERE win=8 obs=34 | cap=wip/GET_NOWHERE act=(320,360) d=1.07 a=3 | sp=som:active d=1.1 age=11 dtg=1.66 region=1_6
ep=773 s=34 8425ms [sel=3 cap=8286 rest=135] sg=1->1 mode=NONE win=8 obs=35 | cap=wip act=(320,360) d=1.07 a=1 | sp=som:active d=1.1 age=12 dtg=1.89 region=1_6
ep=773 s=35 8456ms [sel=3 cap=8324 rest=130] sg=1->1 mode=NONE win=8 obs=36 | cap=wip act=(320,360) d=0.85 a=1 | sp=som:active d=0.8 age=13 dtg=2.13 region=1_6
ep=773 s=36 7434ms [sel=3 cap=7300 rest=130] sg=1->1 mode=NONE win=8 obs=37 | cap=wip act=(320,360) d=0.65 a=2 | sp=som:active d=0.6 age=14 dtg=2.13 region=1_6
ep=773 s=37 6103ms [sel=3 cap=5964 rest=135] sg=1->1 mode=NONE win=8 obs=38 | cap=wip act=(320,360) d=0.65 a=1 | sp=som:active d=0.6 age=15 dtg=2.38 region=1_6
ep=773 s=38 9956ms [sel=4037 cap=5786 rest=132] sg=1->1 mode=NONE win=8 obs=39 | cap=wip act=(320,360) d=2.75 a=1 | sp=som:active d=2.7 age=0 som=4/8 dtg=2.63 region=0_12
ep=773 s=39 10522ms [sel=4 cap=10388 rest=130] sg=1->1 mode=NONE win=8 obs=40 | cap=wip act=(320,360) d=2.50 a=1 | sp=som:active d=2.5 age=1 dtg=2.88 region=0_12
ep=773 s=40 10599ms [sel=3 cap=10469 rest=128] sg=1->1 mode=NONE win=8 obs=41 | cap=wip act=(320,360) d=2.26 a=2 | sp=som:active d=2.3 age=2 dtg=2.88 region=0_12
ep=773 s=41 9760ms [sel=3 cap=9623 rest=134] sg=1->1 mode=NONE win=8 obs=42 | cap=wip act=(320,360) d=2.26 a=1 | sp=som:active d=2.3 age=3 dtg=3.12 region=0_12
ep=773 s=42 7649ms [sel=6 cap=7091 rest=515] sg=1->1 mode=NONE win=8 obs=43 | cap=wip act=(320,360) d=2.01 a=1 | preview=view-/6 yaw=+0 render=37ms | sp=som:active d=2.0 age=4 dtg=3.37 region=0_12
ep=773 s=43 10008ms [sel=3 cap=9877 rest=127] sg=1->1 mode=NONE win=8 obs=44 | cap=wip act=(320,360) d=1.76 a=1 | sp=som:active d=1.8 age=5 dtg=3.61 region=0_12
ep=773 s=44 6648ms [sel=4 cap=6516 rest=128] sg=1->1 mode=NONE win=8 obs=45 | cap=wip act=(320,360) d=1.51 a=1 | sp=som:active d=1.5 age=6 dtg=3.86 region=0_12
ep=773 s=45 6167ms [sel=3 cap=5563 rest=553] sg=1->1 mode=NONE win=8 obs=46 | cap=wip act=(320,360) d=1.26 a=1 | preview=view-/6 yaw=+0 render=48ms | sp=som:active d=1.3 age=7 dtg=4.10 region=0_12
ep=773 s=46 11528ms [sel=55 cap=11345 rest=128] sg=1->1 mode=NONE win=8 obs=47 | cap=wip act=(320,360) d=3.61 a=1 | sp=frontier:active d=3.6 age=0 dtg=4.35 region=0_12
ep=773 s=47 10144ms [sel=4 cap=10009 rest=131] sg=1->1 mode=NONE win=8 obs=48 | cap=wip act=(320,360) d=3.39 a=1 | sp=frontier:active d=3.4 age=1 dtg=4.60 region=0_12
ep=773 s=48 13948ms [sel=5 cap=13810 rest=133] sg=1->1 mode=NONE win=8 obs=49 | cap=wip act=(320,360) d=3.18 a=1 | sp=frontier:active d=3.2 age=2 dtg=4.84 region=0_12
ep=773 s=49 6428ms [sel=3 cap=6284 rest=141] sg=1->1 mode=NONE win=8 obs=50 | cap=wip act=(320,360) d=2.98 a=1 | sp=frontier:active d=3.0 age=3 dtg=5.09 region=0_12
ep=773 s=50 8874ms [sel=3 cap=8743 rest=128] sg=1->1 mode=NONE win=8 obs=51 | cap=wip act=(320,360) d=2.78 a=2 | sp=frontier:active d=2.8 age=4 dtg=5.09 region=0_12
ep=773 s=51 6282ms [sel=8 cap=5726 rest=511] sg=1->1 mode=NONE win=8 obs=52 | cap=wip act=(320,360) d=2.78 a=1 | preview=view-/6 yaw=+0 render=36ms | sp=frontier:active d=2.8 age=5 dtg=5.32 region=0_12
ep=773 s=52 11654ms [sel=13 cap=11520 rest=121] sg=1->1 mode=NONE win=8 obs=53 | cap=wip act=(320,360) d=2.64 a=1 | sp=frontier:active d=2.6 age=6 dtg=5.56 region=0_12
ep=773 s=53 11068ms [sel=12 cap=10930 rest=126] sg=1->1 mode=GET_NOWHERE win=8 obs=54 | cap=wip/GET_NOWHERE act=(320,360) d=2.52 a=3 | sp=frontier:active d=2.5 age=7 dtg=5.56 region=0_12
ep=773 s=54 7354ms [sel=11 cap=7215 rest=127] sg=1->1 mode=NONE win=8 obs=55 | cap=wip act=(320,360) d=2.52 a=1 | sp=frontier:active d=2.5 age=8 dtg=5.81 region=0_12
ep=773 s=55 9080ms [sel=14 cap=8938 rest=128] sg=1->1 mode=NONE win=8 obs=56 | cap=wip act=(320,360) d=2.36 a=1 | sp=frontier:active d=2.4 age=9 dtg=6.06 region=0_12
ep=773 s=56 15504ms [sel=8490 cap=6887 rest=127] sg=1->2 mode=NONE win=8 obs=57 | cap=DONE act=(320,360) d=0.72 a=1 | sp=som:active d=0.7 age=0 som=2/6 dtg=6.31 region=0_12
ep=773 s=57 15421ms [sel=5677 cap=9613 rest=131] sg=2->2 mode=NONE win=8 obs=58 | cap=wip act=(320,360) d=0.52 a=2 | sp=som:active d=0.5 age=0 som=1/5 dtg=6.31 region=0_12
ep=773 s=58 9722ms [sel=4 cap=0 rest=9647] sg=None->2 mode=NONE win=8 obs=59 | cap=- act=(320,360) d=0.52 a=2 | preview=view-/6 yaw=+0 render=72ms | sp=som:active d=0.5 age=1 ANALYSIS_ERROR_STAGE=unknown ANALYSIS_ERROR='CaptionerInferenceError: Captioner model inference failed' dtg=6.31 region=0_12
ep=773 s=59 10129ms [sel=3 cap=9997 rest=130] sg=2->2 mode=NONE win=8 obs=60 | cap=wip act=(320,360) d=0.52 a=2 | sp=som:active d=0.5 age=2 dtg=6.31 region=0_12
ep=773 s=60 9625ms [sel=3 cap=9493 rest=129] sg=2->2 mode=NONE win=8 obs=61 | cap=wip act=(320,360) d=0.52 a=1 | sp=som:active d=0.5 age=3 dtg=6.48 region=0_12
ep=773 s=61 18008ms [sel=59 cap=17428 rest=485] sg=2->2 mode=NONE win=8 obs=62 | cap=wip act=(320,360) d=0.78 a=2 | preview=view-/6 yaw=+0 render=36ms | sp=frontier:active d=0.8 age=0 dtg=6.48 region=0_12
ep=773 s=62 16635ms [sel=9 cap=16480 rest=146] sg=2->2 mode=NONE win=8 obs=63 | cap=wip act=(320,360) d=0.78 a=1 | sp=frontier:active d=0.8 age=1 dtg=6.62 region=0_12
ep=773 s=63 8835ms [sel=6 cap=8690 rest=139] sg=2->2 mode=NONE win=8 obs=64 | cap=wip act=(320,360) d=0.53 a=1 | sp=frontier:active d=0.5 age=2 dtg=6.77 region=0_12
ep=773 s=64 14173ms [sel=235 cap=13418 rest=483] sg=2->2 mode=NONE win=8 obs=65 | cap=wip act=TURN request=+45deg execute=+15deg x1 a=3 | preview=view-/6 yaw=+0 render=36ms | sp=frontier:reached d=0.3 age=3 ovr=1 door_evts=1 dtg=6.77 region=0_12
ep=773 s=65 10585ms [sel=0 cap=10433 rest=152] sg=2->2 mode=NONE win=8 obs=66 | cap=wip act=TURN request=+45deg execute=+15deg x1 a=3 | sp=- ovr=1 door_evts=1 dtg=6.77 region=0_12
ep=773 s=66 5906ms [sel=0 cap=5751 rest=155] sg=2->2 mode=NONE win=8 obs=67 | cap=wip act=TURN request=+45deg execute=+15deg x1 a=3 | sp=- ovr=1 door_evts=1 dtg=6.77 region=0_12
ep=773 s=67 17970ms [sel=0 cap=17447 rest=486] sg=2->2 mode=NONE win=8 obs=68 | cap=wip act=TURN request=+45deg execute=+15deg x1 a=3 | preview=view-/6 yaw=+0 render=37ms | sp=- ovr=1 door_evts=1 dtg=6.77 region=0_12
ep=773 s=68 6720ms [sel=0 cap=6572 rest=148] sg=2->2 mode=NONE win=8 obs=69 | cap=wip act=TURN request=+45deg execute=+15deg x1 a=3 | sp=- ovr=1 door_evts=1 dtg=6.77 region=0_12
ep=773 s=69 8519ms [sel=0 cap=8366 rest=153] sg=2->2 mode=NONE win=8 obs=70 | cap=wip act=TURN request=+45deg execute=+15deg x1 a=3 | sp=- ovr=1 door_evts=1 dtg=6.77 region=0_12
ep=773 s=70 21488ms [sel=0 cap=20974 rest=477] sg=2->2 mode=NONE win=8 obs=71 | cap=wip act=TURN request=+45deg execute=+15deg x1 a=3 | preview=view-/6 yaw=+0 render=37ms | sp=- ovr=1 door_evts=1 dtg=6.77 region=0_12
ep=773 s=71 19419ms [sel=0 cap=19274 rest=145] sg=2->2 mode=NONE win=8 obs=72 | cap=wip act=TURN request=+45deg execute=+15deg x1 a=3 | sp=- ovr=1 door_evts=1 dtg=6.77 region=0_12
ep=773 s=72 3778ms [sel=0 cap=3645 rest=133] sg=2->2 mode=NONE win=8 obs=73 | cap=wip act=TURN request=+45deg execute=+15deg x1 a=3 | sp=- ovr=1 door_evts=1 dtg=6.77 region=0_12
ep=773 s=73 13938ms [sel=56 cap=13348 rest=497] sg=2->2 mode=NONE win=8 obs=74 | cap=wip act=(320,360) d=3.85 a=1 | preview=view-/6 yaw=+0 render=37ms | sp=frontier:active d=3.8 age=0 dtg=6.81 region=0_12
ep=773 s=74 7478ms [sel=4 cap=7345 rest=129] sg=2->2 mode=NONE win=8 obs=75 | cap=wip act=(320,360) d=3.60 a=1 | sp=frontier:active d=3.6 age=1 dtg=6.86 region=0_12
ep=773 s=75 10722ms [sel=3 cap=10578 rest=141] sg=2->2 mode=NONE win=8 obs=76 | cap=wip act=(320,360) d=3.35 a=1 | sp=frontier:active d=3.4 age=2 dtg=6.93 region=0_12
ep=773 s=76 17134ms [sel=3 cap=16628 rest=466] sg=2->2 mode=NONE win=8 obs=77 | cap=wip act=(320,360) d=3.10 a=1 | preview=view-/6 yaw=+0 render=37ms | sp=frontier:active d=3.1 age=3 dtg=7.02 region=0_12
ep=773 s=77 6386ms [sel=3 cap=6252 rest=131] sg=2->2 mode=NONE win=8 obs=78 | cap=wip act=(320,360) d=2.85 a=1 | sp=frontier:active d=2.9 age=4 dtg=7.16 region=0_12
ep=773 s=78 8903ms [sel=3 cap=8765 rest=134] sg=2->2 mode=NONE win=8 obs=79 | cap=wip act=(320,360) d=2.60 a=1 | sp=frontier:active d=2.6 age=5 dtg=7.33 region=0_12
ep=773 s=79 15133ms [sel=3 cap=14610 rest=483] sg=2->2 mode=NONE win=8 obs=80 | cap=wip act=(320,360) d=2.36 a=1 | preview=view-/6 yaw=+0 render=36ms | sp=frontier:active d=2.4 age=6 dtg=7.53 region=0_12
ep=773 s=80 7592ms [sel=3 cap=7457 rest=131] sg=2->2 mode=NONE win=8 obs=81 | cap=wip act=(320,360) d=2.11 a=1 | sp=frontier:active d=2.1 age=7 dtg=7.75 region=0_12
ep=773 s=81 13043ms [sel=3 cap=12905 rest=135] sg=2->2 mode=NONE win=8 obs=82 | cap=wip act=(320,360) d=1.86 a=1 | sp=frontier:active d=1.9 age=8 dtg=7.97 region=0_12
ep=773 s=82 21618ms [sel=3 cap=21081 rest=496] sg=2->2 mode=NONE win=8 obs=83 | cap=wip act=(320,360) d=1.61 a=1 | preview=view-/6 yaw=+0 render=38ms | sp=frontier:active d=1.6 age=9 dtg=8.20 region=0_12
ep=773 s=83 13114ms [sel=3 cap=12980 rest=131] sg=2->2 mode=GET_NOWHERE win=8 obs=84 | cap=wip/GET_NOWHERE act=(320,360) d=1.37 a=1 | sp=frontier:active d=1.4 age=10 dtg=8.44 region=0_12
ep=773 s=84 9687ms [sel=3 cap=9559 rest=125] sg=2->2 mode=NONE win=8 obs=85 | cap=wip act=(320,360) d=1.12 a=1 | sp=frontier:active d=1.1 age=11 dtg=8.67 region=0_12
ep=773 s=85 16556ms [sel=58 cap=15988 rest=473] sg=2->2 mode=NONE win=8 obs=86 | cap=wip act=(320,360) d=3.22 a=3 | preview=view-/6 yaw=+0 render=38ms | sp=frontier:active d=3.2 age=0 dtg=8.67 region=0_12
ep=773 s=86 11804ms [sel=3 cap=11675 rest=127] sg=2->2 mode=NONE win=8 obs=87 | cap=wip act=(320,360) d=3.22 a=3 | sp=frontier:active d=3.2 age=1 dtg=8.67 region=0_12
ep=773 s=87 16493ms [sel=3 cap=16357 rest=132] sg=2->2 mode=NONE win=8 obs=88 | cap=wip act=(320,360) d=3.22 a=1 | sp=frontier:active d=3.2 age=2 dtg=8.85 region=0_12
ep=773 s=88 14099ms [sel=36 cap=13523 rest=503] sg=2->2 mode=NONE win=8 obs=89 | cap=wip act=(160,180) d=3.08 a=3 | preview=view0/6 yaw=-180 render=36ms | sp=preview:active d=3.1 age=0 dtg=8.85 region=0_12
ep=773 s=89 7123ms [sel=25 cap=6944 rest=154] sg=2->2 mode=NONE win=8 obs=90 | cap=wip act=(320,360) d=3.08 a=3 | sp=preview:active d=3.1 age=1 dtg=8.85 region=0_12
ep=773 s=90 8834ms [sel=24 cap=8674 rest=136] sg=2->2 mode=NONE win=8 obs=91 | cap=wip act=(320,360) d=3.08 a=3 | sp=preview:active d=3.1 age=2 dtg=8.85 region=0_12
ep=773 s=91 11986ms [sel=36 cap=11424 rest=490] sg=2->2 mode=NONE win=8 obs=92 | cap=wip act=(160,180) d=3.08 a=3 | preview=view5/6 yaw=+135 render=37ms | sp=preview:active d=3.1 age=0 dtg=8.85 region=0_12
ep=773 s=92 7952ms [sel=24 cap=7798 rest=129] sg=2->2 mode=NONE win=8 obs=93 | cap=wip act=(320,360) d=3.08 a=3 | sp=preview:active d=3.1 age=1 dtg=8.85 region=0_12
ep=773 s=93 5701ms [sel=24 cap=5542 rest=135] sg=2->2 mode=NONE win=8 obs=94 | cap=wip act=(320,360) d=3.08 a=3 | sp=preview:active d=3.1 age=2 dtg=8.85 region=0_12
ep=773 s=94 11274ms [sel=24 cap=10717 rest=497] sg=2->2 mode=NONE win=8 obs=95 | cap=wip act=(320,360) d=3.08 a=3 | preview=view-/6 yaw=+0 render=37ms | sp=preview:active d=3.1 age=3 dtg=8.85 region=0_12
ep=773 s=95 12753ms [sel=17 cap=12602 rest=134] sg=2->2 mode=NONE win=8 obs=96 | cap=wip act=(320,360) d=3.08 a=3 | sp=preview:active d=3.1 age=4 dtg=8.85 region=0_12
ep=773 s=96 8907ms [sel=3 cap=8767 rest=136] sg=2->2 mode=NONE win=8 obs=97 | cap=wip act=(320,360) d=3.08 a=3 | sp=preview:active d=3.1 age=5 dtg=8.85 region=0_12
ep=773 s=97 12399ms [sel=3 cap=11873 rest=486] sg=2->2 mode=NONE win=8 obs=98 | cap=wip act=(320,360) d=3.08 a=1 | preview=view-/6 yaw=+0 render=37ms | sp=preview:active d=3.1 age=6 dtg=8.60 region=0_12
ep=773 s=98 8552ms [sel=3 cap=8420 rest=128] sg=2->2 mode=NONE win=8 obs=99 | cap=wip act=(320,360) d=2.84 a=3 | sp=preview:active d=2.8 age=7 dtg=8.60 region=0_12
ep=773 s=99 10375ms [sel=3 cap=10243 rest=130] sg=2->2 mode=NONE win=8 obs=100 | cap=wip act=(320,360) d=2.84 a=1 | sp=preview:active d=2.8 age=8 dtg=8.36 region=0_12
ep=773 s=100 12864ms [sel=3 cap=12342 rest=482] sg=2->2 mode=NONE win=8 obs=101 | cap=wip act=(320,360) d=2.59 a=1 | preview=view-/6 yaw=+0 render=36ms | sp=preview:active d=2.6 age=9 dtg=8.12 region=0_12
ep=773 s=101 9046ms [sel=3 cap=8912 rest=132] sg=2->2 mode=NONE win=8 obs=102 | cap=wip act=(320,360) d=2.34 a=1 | sp=preview:active d=2.3 age=10 dtg=7.88 region=0_12
ep=773 s=102 10498ms [sel=3 cap=10363 rest=132] sg=2->2 mode=NONE win=8 obs=103 | cap=wip act=(320,360) d=2.09 a=1 | sp=preview:active d=2.1 age=11 dtg=7.64 region=0_12
ep=773 s=103 14551ms [sel=3 cap=14017 rest=495] sg=2->2 mode=NONE win=8 obs=104 | cap=wip act=(320,360) d=1.84 a=1 | preview=view-/6 yaw=+0 render=37ms | sp=preview:active d=1.8 age=12 dtg=7.41 region=0_12
ep=773 s=104 8343ms [sel=3 cap=8213 rest=128] sg=2->2 mode=NONE win=8 obs=105 | cap=wip act=(320,360) d=1.59 a=1 | sp=preview:active d=1.6 age=13 dtg=7.20 region=0_12
ep=773 s=105 6638ms [sel=3 cap=6509 rest=127] sg=2->2 mode=NONE win=8 obs=106 | cap=wip act=(320,360) d=1.34 a=1 | sp=preview:active d=1.3 age=14 dtg=7.00 region=0_12
ep=773 s=106 20613ms [sel=3 cap=20104 rest=469] sg=2->2 mode=NONE win=8 obs=107 | cap=wip act=(320,360) d=1.09 a=1 | preview=view-/6 yaw=+0 render=37ms | sp=preview:active d=1.1 age=15 dtg=6.84 region=0_12
ep=773 s=107 9026ms [sel=3 cap=8898 rest=125] sg=2->2 mode=GET_NOWHERE win=8 obs=108 | cap=wip/GET_NOWHERE act=(320,360) d=0.84 a=1 | sp=preview:active d=0.8 age=16 dtg=6.75 region=0_12
ep=773 s=108 12197ms [sel=4311 cap=7755 rest=132] sg=2->2 mode=NONE win=8 obs=109 | cap=wip act=(320,380) d=1.87 a=1 | sp=straight_ahead:active d=0.6 age=0 dtg=6.67 region=0_12
ep=773 s=109 12418ms [sel=3238 cap=9055 rest=125] sg=2->2 mode=NONE win=8 obs=110 | cap=wip act=(303,332) d=1.77 a=1 | sp=straight_ahead:active d=0.6 age=0 som=4/8 dtg=6.62 region=0_12
ep=773 s=110 21126ms [sel=247 cap=20377 rest=465] sg=2->2 mode=NONE win=8 obs=111 | cap=wip act=TURN request=-45deg execute=-15deg x1 a=2 | preview=view-/6 yaw=+0 render=36ms | sp=straight_ahead:reached d=0.4 age=1 ovr=1 door_evts=2 dtg=6.62 region=0_12
ep=773 s=111 11166ms [sel=0 cap=11035 rest=131] sg=2->2 mode=NONE win=8 obs=112 | cap=wip act=TURN request=-45deg execute=-15deg x1 a=2 | sp=- ovr=1 door_evts=2 dtg=6.62 region=0_12
ep=773 s=112 15635ms [sel=0 cap=15500 rest=135] sg=2->2 mode=NONE win=8 obs=113 | cap=wip act=TURN request=-45deg execute=-15deg x1 a=2 | sp=- ovr=1 door_evts=2 dtg=6.62 region=0_12
ep=773 s=113 25026ms [sel=0 cap=24493 rest=496] sg=2->2 mode=NONE win=8 obs=114 | cap=wip act=TURN request=-45deg execute=-15deg x1 a=2 | preview=view-/6 yaw=+0 render=37ms | sp=- ovr=1 door_evts=2 dtg=6.62 region=0_12
ep=773 s=114 13194ms [sel=0 cap=13059 rest=135] sg=2->2 mode=NONE win=8 obs=115 | cap=wip act=TURN request=-45deg execute=-15deg x1 a=2 | sp=- ovr=1 door_evts=2 dtg=6.62 region=0_12
ep=773 s=115 13225ms [sel=0 cap=13092 rest=133] sg=2->2 mode=NONE win=8 obs=116 | cap=wip act=TURN request=-45deg execute=-15deg x1 a=2 | sp=- ovr=1 door_evts=2 dtg=6.62 region=0_12
ep=773 s=116 18953ms [sel=63 cap=18363 rest=489] sg=2->2 mode=NONE win=8 obs=117 | cap=wip act=(320,360) d=2.95 a=3 | preview=view-/6 yaw=+0 render=37ms | sp=frontier:active d=3.0 age=0 dtg=6.62 region=0_12
ep=773 s=117 15848ms [sel=4 cap=15716 rest=128] sg=2->2 mode=NONE win=8 obs=118 | cap=wip act=(320,360) d=2.95 a=1 | sp=frontier:active d=3.0 age=1 dtg=6.37 region=0_12
ep=773 s=118 10773ms [sel=6 cap=10634 rest=133] sg=2->2 mode=NONE win=8 obs=119 | cap=wip act=(320,360) d=2.82 a=1 | sp=frontier:active d=2.8 age=2 dtg=6.12 region=0_12
ep=773 s=119 12022ms [sel=5 cap=11489 rest=491] sg=2->2 mode=NONE win=8 obs=120 | cap=wip act=(320,360) d=2.70 a=1 | preview=view-/6 yaw=+0 render=37ms | sp=frontier:active d=2.7 age=3 dtg=5.87 region=0_12
ep=773 s=120 5359ms [sel=6 cap=5218 rest=135] sg=2->2 mode=NONE win=8 obs=121 | cap=wip act=(320,360) d=2.60 a=2 | sp=frontier:active d=2.6 age=4 dtg=5.87 region=0_12
ep=773 s=121 12092ms [sel=15 cap=11947 rest=130] sg=2->2 mode=NONE win=8 obs=122 | cap=wip act=(320,360) d=2.60 a=1 | sp=frontier:active d=2.6 age=5 dtg=5.62 region=0_12
ep=773 s=122 19808ms [sel=16 cap=19257 rest=496] sg=2->2 mode=NONE win=8 obs=123 | cap=wip act=(320,360) d=2.59 a=1 | preview=view-/6 yaw=+0 render=39ms | sp=frontier:active d=2.6 age=6 dtg=5.38 region=0_12
ep=773 s=123 23931ms [sel=17 cap=23786 rest=128] sg=2->2 mode=NONE win=8 obs=124 | cap=wip act=(320,360) d=2.60 a=1 | sp=frontier:active d=2.6 age=7 dtg=5.13 region=0_12
ep=773 s=124 19082ms [sel=18 cap=18923 rest=142] sg=2->2 mode=NONE win=8 obs=125 | cap=wip act=(320,360) d=2.64 a=1 | sp=frontier:active d=2.6 age=8 dtg=4.89 region=0_12
ep=773 s=125 19727ms [sel=20 cap=19157 rest=513] sg=2->2 mode=NONE win=8 obs=126 | cap=wip act=(320,360) d=2.70 a=1 | preview=view-/6 yaw=+0 render=37ms | sp=frontier:active d=2.7 age=9 dtg=4.65 region=0_12
ep=773 s=126 8526ms [sel=25 cap=8365 rest=135] sg=2->2 mode=NONE win=8 obs=127 | cap=wip act=(320,360) d=2.78 a=1 | sp=frontier:active d=2.8 age=10 dtg=4.42 region=0_12
ep=773 s=127 10920ms [sel=23 cap=10765 rest=132] sg=2->2 mode=NONE win=8 obs=128 | cap=wip act=(320,360) d=2.87 a=1 | sp=frontier:active d=2.9 age=11 dtg=4.19 region=0_12
ep=773 s=128 17207ms [sel=25 cap=16617 rest=528] sg=2->2 mode=NONE win=8 obs=129 | cap=wip act=(320,360) d=2.99 a=1 | preview=view-/6 yaw=+0 render=37ms | sp=frontier:active d=3.0 age=12 dtg=3.97 region=0_12
ep=773 s=129 14199ms [sel=98 cap=13974 rest=127] sg=2->2 mode=NONE win=8 obs=130 | cap=wip act=(320,360) d=3.45 a=2 | sp=frontier:active d=3.5 age=0 dtg=3.97 region=0_12
ep=773 s=130 11904ms [sel=36 cap=11737 rest=132] sg=2->2 mode=NONE win=8 obs=131 | cap=wip act=(320,360) d=3.45 a=2 | sp=frontier:active d=3.5 age=1 dtg=3.97 region=0_12
ep=773 s=131 14635ms [sel=36 cap=14014 rest=547] sg=2->2 mode=NONE win=8 obs=132 | cap=wip act=(320,360) d=3.45 a=2 | preview=view-/6 yaw=+0 render=38ms | sp=frontier:active d=3.5 age=2 dtg=3.97 region=0_12
ep=773 s=132 12738ms [sel=38 cap=12559 rest=140] sg=2->2 mode=NONE win=8 obs=133 | cap=wip act=(320,360) d=3.45 a=2 | sp=frontier:active d=3.5 age=3 dtg=3.97 region=0_12
ep=773 s=133 10278ms [sel=9 cap=10133 rest=136] sg=2->2 mode=NONE win=8 obs=134 | cap=wip act=(320,360) d=3.45 a=2 | sp=frontier:active d=3.5 age=4 dtg=3.97 region=0_12
ep=773 s=134 17018ms [sel=3 cap=16455 rest=524] sg=2->2 mode=NONE win=8 obs=135 | cap=wip act=(320,360) d=3.45 a=2 | preview=view-/6 yaw=+0 render=37ms | sp=frontier:active d=3.5 age=5 dtg=3.97 region=0_12
ep=773 s=135 12819ms [sel=6 cap=12678 rest=135] sg=2->2 mode=NONE win=8 obs=136 | cap=wip act=(320,360) d=3.45 a=1 | sp=frontier:active d=3.5 age=6 dtg=4.08 region=0_12
ep=773 s=136 8599ms [sel=4 cap=8458 rest=137] sg=2->2 mode=NONE win=8 obs=137 | cap=wip act=(320,360) d=3.30 a=2 | sp=frontier:active d=3.3 age=7 dtg=4.08 region=0_12
ep=773 s=137 10703ms [sel=10 cap=10556 rest=138] sg=2->2 mode=NONE win=8 obs=138 | cap=wip act=(320,360) d=3.30 a=1 | sp=frontier:active d=3.3 age=8 dtg=4.26 region=0_12
ep=773 s=138 12194ms [sel=12 cap=11636 rest=509] sg=2->2 mode=NONE win=8 obs=139 | cap=wip act=(320,360) d=3.22 a=1 | preview=view-/6 yaw=+0 render=36ms | sp=frontier:active d=3.2 age=9 dtg=4.45 region=0_12
ep=773 s=139 13921ms [sel=12 cap=13771 rest=139] sg=2->2 mode=NONE win=8 obs=140 | cap=wip act=(320,360) d=3.15 a=1 | sp=frontier:active d=3.2 age=10 dtg=4.64 region=0_12
ep=773 s=140 13679ms [sel=13 cap=13528 rest=138] sg=2->2 mode=NONE win=8 obs=141 | cap=wip act=(320,360) d=3.11 a=1 | sp=frontier:active d=3.1 age=11 dtg=4.84 region=0_12
ep=773 s=141 21978ms [sel=4 cap=21427 rest=511] sg=2->2 mode=NONE win=8 obs=142 | cap=wip act=(320,360) d=3.08 a=3 | preview=view-/6 yaw=+0 render=36ms | sp=frontier:active d=3.1 age=12 dtg=4.84 region=0_12
ep=773 s=142 13512ms [sel=8 cap=13366 rest=137] sg=2->2 mode=NONE win=8 obs=143 | cap=wip act=(320,360) d=3.08 a=1 | sp=frontier:active d=3.1 age=13 dtg=5.04 region=0_12
ep=773 s=143 19681ms [sel=9 cap=19531 rest=140] sg=2->2 mode=NONE win=8 obs=144 | cap=wip act=(320,360) d=3.01 a=1 | sp=frontier:active d=3.0 age=14 dtg=5.27 region=0_12
ep=773 s=144 14373ms [sel=10 cap=13789 rest=537] sg=2->2 mode=NONE win=8 obs=145 | cap=wip act=(320,360) d=2.96 a=1 | preview=view-/6 yaw=+0 render=37ms | sp=frontier:active d=3.0 age=15 dtg=5.50 region=0_12
ep=773 s=145 10264ms [sel=14 cap=10117 rest=133] sg=2->2 mode=NONE win=8 obs=146 | cap=wip act=(320,360) d=2.92 a=1 | sp=frontier:active d=2.9 age=16 dtg=5.75 region=0_12
ep=773 s=146 8995ms [sel=18 cap=8828 rest=149] sg=2->2 mode=NONE win=8 obs=147 | cap=wip act=(320,360) d=2.91 a=1 | sp=frontier:active d=2.9 age=17 dtg=5.99 region=0_12
ep=773 s=147 10907ms [sel=15 cap=10750 rest=142] sg=2->2 mode=NONE win=8 obs=148 | cap=wip act=(320,360) d=2.93 a=1 | sp=frontier:active d=2.9 age=18 dtg=6.23 region=0_12
ep=773 s=148 8967ms [sel=16 cap=8379 rest=536] sg=2->2 mode=NONE win=8 obs=149 | cap=wip act=(320,360) d=2.96 a=1 | preview=view-/6 yaw=+0 render=37ms | sp=frontier:active d=3.0 age=19 dtg=6.48 region=0_12
ep=773 s=149 9225ms [sel=15 cap=9067 rest=143] sg=2->2 mode=NONE win=8 obs=150 | cap=wip act=(320,360) d=3.01 a=1 | sp=frontier:active d=3.0 age=20 dtg=6.73 region=0_12
ep=773 s=150 7922ms [sel=5 cap=7779 rest=138] sg=2->2 mode=NONE win=8 obs=151 | cap=wip act=(320,360) d=3.08 a=1 | sp=frontier:active d=3.1 age=21 dtg=6.97 region=1_5
ep=773 s=151 12080ms [sel=19 cap=11459 rest=561] sg=2->2 mode=NONE win=8 obs=152 | cap=wip act=(320,360) d=3.17 a=1 | preview=view-/6 yaw=+0 render=41ms | sp=frontier:active d=3.2 age=22 dtg=7.22 region=1_5
ep=773 s=152 5701ms [sel=21 cap=5523 rest=157] sg=2->2 mode=NONE win=8 obs=153 | cap=wip act=(320,360) d=3.28 a=3 | sp=frontier:active d=3.3 age=23 dtg=7.22 region=1_5
ep=773 s=153 8704ms [sel=18 cap=8548 rest=139] sg=2->2 mode=NONE win=8 obs=154 | cap=wip act=(320,360) d=3.28 a=3 | sp=frontier:active d=3.3 age=24 dtg=7.22 region=1_5
ep=773 s=154 16526ms [sel=66 cap=15878 rest=546] sg=2->2 mode=NONE win=8 obs=155 | cap=wip act=(320,360) d=2.59 a=2 | preview=view-/6 yaw=+0 render=36ms | sp=frontier:active d=2.6 age=0 dtg=7.22 region=1_5
ep=773 s=155 13808ms [sel=3 cap=13678 rest=127] sg=2->2 mode=NONE win=8 obs=156 | cap=wip act=(320,360) d=2.59 a=1 | sp=frontier:active d=2.6 age=1 dtg=7.45 region=1_5
ep=773 s=156 17958ms [sel=7 cap=17817 rest=134] sg=2->2 mode=NONE win=8 obs=157 | cap=wip act=(320,360) d=2.34 a=1 | sp=frontier:active d=2.3 age=2 dtg=7.69 region=1_5
ep=773 s=157 16063ms [sel=4 cap=15450 rest=572] sg=2->2 mode=NONE win=8 obs=158 | cap=wip act=(320,360) d=2.09 a=1 | preview=view-/6 yaw=+0 render=37ms | sp=frontier:active d=2.1 age=3 dtg=7.93 region=1_5
ep=773 s=158 7415ms [sel=3 cap=7250 rest=162] sg=2->2 mode=NONE win=8 obs=159 | cap=wip act=(320,360) d=1.84 a=1 | sp=frontier:active d=1.8 age=4 dtg=8.17 region=1_5
ep=773 s=159 9644ms [sel=3 cap=9513 rest=129] sg=2->2 mode=NONE win=8 obs=160 | cap=wip act=(320,360) d=1.59 a=2 | sp=frontier:active d=1.6 age=5 dtg=8.17 region=1_5
ep=773 s=160 19945ms [sel=3 cap=19368 rest=538] sg=2->2 mode=NONE win=8 obs=161 | cap=wip act=(320,360) d=1.59 a=1 | preview=view-/6 yaw=+0 render=36ms | sp=frontier:active d=1.6 age=6 dtg=8.16 region=1_5
ep=773 s=161 11106ms [sel=3 cap=10976 rest=126] sg=2->2 mode=NONE win=8 obs=162 | cap=wip act=(320,360) d=1.36 a=1 | sp=frontier:active d=1.4 age=7 dtg=8.31 region=1_5
ep=773 s=162 7251ms [sel=3 cap=7122 rest=126] sg=2->2 mode=NONE win=8 obs=163 | cap=wip act=(320,360) d=1.12 a=3 | sp=frontier:active d=1.1 age=8 dtg=8.31 region=1_5
ep=773 s=163 17783ms [sel=3 cap=17206 rest=538] sg=2->2 mode=NONE win=8 obs=164 | cap=wip act=(320,360) d=1.12 a=1 | preview=view-/6 yaw=+0 render=36ms | sp=frontier:active d=1.1 age=9 dtg=8.42 region=1_5
ep=773 s=164 9137ms [sel=3 cap=9010 rest=124] sg=2->2 mode=NONE win=8 obs=165 | cap=wip act=(320,360) d=0.88 a=3 | sp=frontier:active d=0.9 age=10 dtg=8.42 region=1_5
ep=773 s=165 7514ms [sel=3 cap=7385 rest=126] sg=2->2 mode=NONE win=8 obs=166 | cap=wip act=(320,360) d=0.88 a=1 | sp=frontier:active d=0.9 age=11 dtg=8.50 region=1_5
ep=773 s=166 18039ms [sel=48 cap=17432 rest=523] sg=2->2 mode=NONE win=8 obs=167 | cap=wip act=(320,360) d=0.63 a=1 | preview=view-/6 yaw=+0 render=37ms | sp=frontier:active d=0.6 age=0 dtg=8.61 region=1_5
ep=773 s=167 11445ms [sel=83 cap=11236 rest=126] sg=2->2 mode=NONE win=8 obs=168 | cap=wip act=(320,359) d=1.98 a=1 | sp=straight_ahead:active d=0.6 age=0 dtg=8.75 region=1_5
ep=773 s=168 14769ms [sel=82 cap=14556 rest=132] sg=2->2 mode=NONE win=8 obs=169 | cap=wip act=(320,359) d=1.89 a=1 | sp=straight_ahead:reached d=0.5 age=0 dtg=8.92 region=1_5
ep=773 s=169 29420ms [sel=94 cap=28769 rest=500] sg=2->2 mode=NONE win=8 obs=170 | cap=wip act=(320,360) d=5.05 a=3 | preview=view-/6 yaw=+0 render=56ms | sp=frontier:active d=5.1 age=0 dtg=8.92 region=1_5
ep=773 s=170 9365ms [sel=38 cap=9200 rest=128] sg=2->2 mode=NONE win=8 obs=171 | cap=wip act=(320,360) d=5.05 a=3 | sp=frontier:active d=5.1 age=1 dtg=8.92 region=1_5
ep=773 s=171 11979ms [sel=38 cap=11811 rest=131] sg=2->2 mode=NONE win=8 obs=172 | cap=wip act=(320,360) d=5.05 a=3 | sp=frontier:active d=5.1 age=2 dtg=8.92 region=1_5
ep=773 s=172 23593ms [sel=16 cap=23042 rest=498] sg=2->2 mode=NONE win=8 obs=173 | cap=wip act=(320,360) d=5.05 a=3 | preview=view-/6 yaw=+0 render=37ms | sp=frontier:active d=5.1 age=3 dtg=8.92 region=1_5
ep=773 s=173 11222ms [sel=9 cap=11077 rest=136] sg=2->2 mode=NONE win=8 obs=174 | cap=wip act=(320,360) d=5.05 a=3 | sp=frontier:active d=5.1 age=4 dtg=8.92 region=1_5
ep=773 s=174 18549ms [sel=5 cap=18399 rest=146] sg=2->2 mode=NONE win=8 obs=175 | cap=wip act=(320,360) d=5.05 a=3 | sp=frontier:active d=5.1 age=5 dtg=8.92 region=1_5
ep=773 s=175 19907ms [sel=4 cap=19369 rest=497] sg=2->2 mode=NONE win=8 obs=176 | cap=wip act=(320,360) d=5.05 a=3 | preview=view-/6 yaw=+0 render=37ms | sp=frontier:active d=5.1 age=6 dtg=8.92 region=1_5
ep=773 s=176 7467ms [sel=4 cap=7313 rest=150] sg=2->2 mode=NONE win=8 obs=177 | cap=wip act=(320,360) d=5.05 a=1 | sp=frontier:active d=5.1 age=7 dtg=8.70 region=1_5
ep=773 s=177 9574ms [sel=3 cap=9427 rest=143] sg=2->2 mode=NONE win=8 obs=178 | cap=wip act=(320,360) d=4.82 a=1 | sp=frontier:active d=4.8 age=8 dtg=8.34 region=1_5
ep=773 s=178 15999ms [sel=4 cap=15437 rest=520] sg=2->2 mode=NONE win=8 obs=179 | cap=wip act=(320,360) d=4.60 a=1 | preview=view-/6 yaw=+0 render=39ms | sp=frontier:active d=4.6 age=9 dtg=8.11 region=1_5
ep=773 s=179 10458ms [sel=3 cap=10306 rest=149] sg=2->2 mode=NONE win=8 obs=180 | cap=wip act=(320,360) d=4.37 a=2 | sp=frontier:active d=4.4 age=10 dtg=8.11 region=1_5
ep=773 s=180 12224ms [sel=3 cap=12080 rest=141] sg=2->2 mode=NONE win=8 obs=181 | cap=wip act=(320,360) d=4.37 a=1 | sp=frontier:active d=4.4 age=11 dtg=7.91 region=None
ep=773 s=181 20323ms [sel=3 cap=19753 rest=524] sg=2->2 mode=NONE win=8 obs=182 | cap=wip act=(320,360) d=4.13 a=2 | preview=view-/6 yaw=+0 render=42ms | sp=frontier:active d=4.1 age=12 dtg=7.91 region=None
ep=773 s=182 23358ms [sel=3 cap=23218 rest=137] sg=2->2 mode=NONE win=8 obs=183 | cap=wip act=(320,360) d=4.13 a=1 | sp=frontier:active d=4.1 age=13 dtg=7.78 region=1_11
ep=773 s=183 12887ms [sel=3 cap=12744 rest=140] sg=2->2 mode=NONE win=8 obs=184 | cap=wip act=(320,360) d=3.88 a=2 | sp=frontier:active d=3.9 age=14 dtg=7.78 region=1_11
ep=773 s=184 20951ms [sel=3 cap=20382 rest=529] sg=2->2 mode=NONE win=8 obs=185 | cap=wip act=(320,360) d=3.88 a=1 | preview=view-/6 yaw=+0 render=37ms | sp=frontier:active d=3.9 age=15 dtg=7.74 region=1_11
ep=773 s=185 8458ms [sel=3 cap=8325 rest=130] sg=2->2 mode=NONE win=8 obs=186 | cap=wip act=(320,360) d=3.64 a=1 | sp=frontier:active d=3.6 age=16 dtg=7.72 region=1_11
ep=773 s=186 14588ms [sel=5548 cap=8909 rest=131] sg=2->2 mode=NONE win=8 obs=187 | cap=wip act=(320,360) d=3.21 a=3 | sp=som:active d=3.2 age=0 som=1/7 dtg=7.72 region=1_11
ep=773 s=187 18356ms [sel=3 cap=17826 rest=489] sg=2->2 mode=NONE win=8 obs=188 | cap=wip act=(320,360) d=3.21 a=3 | preview=view-/6 yaw=+0 render=37ms | sp=som:active d=3.2 age=1 dtg=7.72 region=1_11
ep=773 s=188 11221ms [sel=3 cap=11082 rest=136] sg=2->2 mode=NONE win=8 obs=189 | cap=wip act=(320,360) d=3.21 a=1 | sp=som:active d=3.2 age=2 dtg=7.58 region=1_11
ep=773 s=189 10214ms [sel=3 cap=10073 rest=138] sg=2->2 mode=NONE win=8 obs=190 | cap=wip act=(320,360) d=2.96 a=1 | sp=som:active d=3.0 age=3 dtg=7.46 region=1_11
ep=773 s=190 21488ms [sel=3 cap=20917 rest=530] sg=2->2 mode=NONE win=8 obs=191 | cap=wip act=(320,360) d=2.71 a=1 | preview=view-/6 yaw=+0 render=37ms | sp=som:active d=2.7 age=4 dtg=7.34 region=1_11
ep=773 s=191 14040ms [sel=4 cap=13902 rest=135] sg=2->2 mode=NONE win=8 obs=192 | cap=wip act=(320,360) d=2.46 a=1 | sp=som:active d=2.5 age=5 dtg=7.26 region=1_11
ep=773 s=192 11638ms [sel=4 cap=11495 rest=139] sg=2->2 mode=NONE win=8 obs=193 | cap=wip act=(320,360) d=2.21 a=1 | sp=som:active d=2.2 age=6 dtg=7.23 region=1_11
ep=773 s=193 24201ms [sel=4 cap=23643 rest=517] sg=2->2 mode=NONE win=8 obs=194 | cap=wip act=(320,360) d=1.96 a=1 | preview=view-/6 yaw=+0 render=38ms | sp=som:active d=2.0 age=7 dtg=7.29 region=1_11
ep=773 s=194 13813ms [sel=4 cap=13672 rest=137] sg=2->2 mode=NONE win=8 obs=195 | cap=wip act=(320,360) d=1.72 a=1 | sp=som:active d=1.7 age=8 dtg=7.41 region=1_11
ep=773 s=195 13184ms [sel=3154 cap=9891 rest=138] sg=2->2 mode=NONE win=8 obs=196 | cap=wip act=(320,360) d=1.99 a=1 | sp=som:active d=2.0 age=0 som=1/8 dtg=7.57 region=1_6
ep=773 s=196 23427ms [sel=41 cap=22810 rest=538] sg=2->2 mode=NONE win=8 obs=197 | cap=wip act=(160,180) d=5.38 a=2 | preview=view2/6 yaw=-45 render=37ms | sp=preview:active d=5.4 age=0 dtg=7.57 region=1_6
ep=773 s=197 26474ms [sel=6 cap=26329 rest=138] sg=2->2 mode=NONE win=8 obs=198 | cap=wip act=(320,360) d=5.38 a=2 | sp=preview:active d=5.4 age=1 dtg=7.57 region=1_6
ep=773 s=198 23167ms [sel=7 cap=23022 rest=138] sg=2->2 mode=NONE win=8 obs=199 | cap=wip act=(320,360) d=5.38 a=1 | sp=preview:active d=5.4 age=2 dtg=7.81 region=1_6
ep=773 s=199 19627ms [sel=5 cap=19034 rest=551] sg=2->2 mode=NONE win=8 obs=200 | cap=wip act=(320,360) d=5.13 a=2 | preview=view-/6 yaw=+0 render=36ms | sp=preview:active d=5.1 age=3 dtg=7.81 region=1_6
ep=773 s=200 16816ms [sel=5 cap=16679 rest=132] sg=2->2 mode=NONE win=8 obs=201 | cap=wip act=(320,360) d=5.13 a=1 | sp=preview:active d=5.1 age=4 dtg=8.06 region=1_11
ep=773 s=201 9513ms [sel=3 cap=9369 rest=141] sg=2->2 mode=NONE win=8 obs=202 | cap=wip act=(320,360) d=4.88 a=1 | sp=preview:active d=4.9 age=5 dtg=8.31 region=1_11
ep=773 s=202 16258ms [sel=4 cap=15676 rest=541] sg=2->2 mode=NONE win=8 obs=203 | cap=wip act=(320,360) d=4.64 a=1 | preview=view-/6 yaw=+0 render=37ms | sp=preview:active d=4.6 age=6 dtg=8.56 region=1_11
ep=773 s=203 17167ms [sel=3 cap=17026 rest=138] sg=2->2 mode=NONE win=8 obs=204 | cap=wip act=(320,360) d=4.40 a=1 | sp=preview:active d=4.4 age=7 dtg=8.81 region=1_11
ep=773 s=204 10041ms [sel=3 cap=9895 rest=143] sg=2->2 mode=NONE win=8 obs=205 | cap=wip act=(320,360) d=4.15 a=1 | sp=preview:active d=4.2 age=8 dtg=9.06 region=1_11
ep=773 s=205 10567ms [sel=3 cap=9995 rest=532] sg=2->2 mode=NONE win=8 obs=206 | cap=wip act=(320,360) d=3.91 a=1 | preview=view-/6 yaw=+0 render=37ms | sp=preview:active d=3.9 age=9 dtg=9.31 region=1_11
ep=773 s=206 6722ms [sel=4 cap=6588 rest=130] sg=2->2 mode=NONE win=8 obs=207 | cap=wip act=(320,360) d=3.67 a=1 | sp=preview:active d=3.7 age=10 dtg=9.56 region=None
ep=773 s=207 11387ms [sel=3 cap=11251 rest=133] sg=2->2 mode=NONE win=8 obs=208 | cap=wip act=(320,360) d=3.44 a=1 | sp=preview:active d=3.4 age=11 dtg=9.81 region=1_8
ep=773 s=208 12238ms [sel=67 cap=11594 rest=541] sg=2->2 mode=NONE win=8 obs=209 | cap=wip act=(320,360) d=3.12 a=2 | preview=view-/6 yaw=+0 render=37ms | sp=frontier:active d=3.1 age=0 dtg=9.81 region=1_8
ep=773 s=209 12016ms [sel=3 cap=11884 rest=129] sg=2->2 mode=NONE win=8 obs=210 | cap=wip act=(320,360) d=3.12 a=2 | sp=frontier:active d=3.1 age=1 dtg=9.81 region=1_8
ep=773 s=210 9957ms [sel=3 cap=9820 rest=134] sg=2->2 mode=NONE win=8 obs=211 | cap=wip act=(320,360) d=3.12 a=1 | sp=frontier:active d=3.1 age=2 dtg=10.03 region=1_8
ep=773 s=211 10257ms [sel=3 cap=9687 rest=529] sg=2->2 mode=NONE win=8 obs=212 | cap=wip act=(320,360) d=2.87 a=1 | preview=view-/6 yaw=+0 render=38ms | sp=frontier:active d=2.9 age=3 dtg=9.80 region=1_8
ep=773 s=212 9627ms [sel=3 cap=9497 rest=127] sg=2->2 mode=NONE win=8 obs=213 | cap=wip act=(320,360) d=2.62 a=1 | sp=frontier:active d=2.6 age=4 dtg=9.93 region=1_8
ep=773 s=213 11107ms [sel=3 cap=10974 rest=131] sg=2->2 mode=NONE win=8 obs=214 | cap=wip act=(320,360) d=2.37 a=1 | sp=frontier:active d=2.4 age=5 dtg=10.07 region=1_8
ep=773 s=214 19717ms [sel=3 cap=19201 rest=477] sg=2->2 mode=NONE win=8 obs=215 | cap=wip act=(320,360) d=2.12 a=2 | preview=view-/6 yaw=+0 render=37ms | sp=frontier:active d=2.1 age=6 dtg=10.07 region=1_8
ep=773 s=215 14254ms [sel=3 cap=14126 rest=126] sg=2->2 mode=NONE win=8 obs=216 | cap=wip act=(320,360) d=2.12 a=1 | sp=frontier:active d=2.1 age=7 dtg=10.27 region=1_8
ep=773 s=216 11176ms [sel=3 cap=11042 rest=131] sg=2->2 mode=NONE win=8 obs=217 | cap=wip act=(320,360) d=1.88 a=2 | sp=frontier:active d=1.9 age=8 dtg=10.27 region=1_8
ep=773 s=217 11462ms [sel=3 cap=11325 rest=133] sg=2->2 mode=NONE win=8 obs=218 | cap=wip act=(320,360) d=1.88 a=1 | sp=frontier:active d=1.9 age=9 dtg=10.51 region=1_8
ep=773 s=218 18235ms [sel=3 cap=17724 rest=473] sg=2->2 mode=NONE win=8 obs=219 | cap=wip act=(320,360) d=1.67 a=2 | preview=view-/6 yaw=+0 render=36ms | sp=frontier:active d=1.7 age=10 dtg=10.51 region=1_8
ep=773 s=219 14101ms [sel=7 cap=13971 rest=122] sg=2->2 mode=NONE win=8 obs=220 | cap=wip act=(320,360) d=1.67 a=1 | sp=frontier:active d=1.7 age=11 dtg=10.76 region=1_8
ep=773 s=220 10936ms [sel=9 cap=10805 rest=122] sg=2->2 mode=NONE win=8 obs=221 | cap=wip act=(320,360) d=1.52 a=1 | sp=frontier:active d=1.5 age=12 dtg=11.01 region=1_8
ep=773 s=221 17282ms [sel=10 cap=16766 rest=468] sg=2->2 mode=NONE win=8 obs=222 | cap=wip act=(320,360) d=1.41 a=3 | preview=view-/6 yaw=+0 render=36ms | sp=frontier:active d=1.4 age=13 dtg=11.01 region=1_8
ep=773 s=222 11394ms [sel=7 cap=11257 rest=130] sg=2->2 mode=NONE win=8 obs=223 | cap=wip act=(320,360) d=1.41 a=3 | sp=frontier:active d=1.4 age=14 dtg=11.01 region=1_8
ep=773 s=223 15126ms [sel=3 cap=14991 rest=132] sg=2->2 mode=NONE win=8 obs=224 | cap=wip act=(320,360) d=1.41 a=1 | sp=frontier:active d=1.4 age=15 dtg=11.22 region=1_8
ep=773 s=224 16042ms [sel=100 cap=15396 rest=508] sg=2->2 mode=NONE win=8 obs=225 | cap=wip act=(320,360) d=3.47 a=3 | preview=view-/6 yaw=+0 render=38ms | sp=frontier:active d=3.5 age=0 dtg=11.22 region=1_8
ep=773 s=225 17281ms [sel=10 cap=17142 rest=129] sg=2->2 mode=NONE win=8 obs=226 | cap=wip act=(320,360) d=3.47 a=1 | sp=frontier:active d=3.5 age=1 dtg=11.40 region=1_8
ep=773 s=226 9817ms [sel=14 cap=9666 rest=137] sg=2->2 mode=NONE win=8 obs=227 | cap=wip act=(320,360) d=3.30 a=3 | sp=frontier:active d=3.3 age=2 dtg=11.40 region=1_8
ep=773 s=227 26241ms [sel=7 cap=25719 rest=478] sg=2->2 mode=NONE win=8 obs=228 | cap=wip act=(320,360) d=3.30 a=1 | preview=view-/6 yaw=+0 render=36ms | sp=frontier:active d=3.3 age=3 dtg=11.60 region=1_8
ep=773 s=228 14547ms [sel=3 cap=14408 rest=137] sg=2->2 mode=NONE win=8 obs=229 | cap=wip act=(320,360) d=3.09 a=3 | sp=frontier:active d=3.1 age=4 dtg=11.60 region=1_8
ep=773 s=229 12481ms [sel=3 cap=12345 rest=133] sg=2->2 mode=NONE win=8 obs=230 | cap=wip act=(320,360) d=3.09 a=1 | sp=frontier:active d=3.1 age=5 dtg=11.82 region=1_8
ep=773 s=230 25039ms [sel=3 cap=24553 rest=447] sg=2->2 mode=NONE win=8 obs=231 | cap=wip act=(320,360) d=2.86 a=3 | preview=view-/6 yaw=+0 render=37ms | sp=frontier:active d=2.9 age=6 dtg=11.82 region=1_8
ep=773 s=231 11569ms [sel=3 cap=11436 rest=129] sg=2->2 mode=NONE win=8 obs=232 | cap=wip act=(320,360) d=2.86 a=1 | sp=frontier:active d=2.9 age=7 dtg=12.03 region=1_8
ep=773 s=232 9476ms [sel=4 cap=9335 rest=137] sg=2->2 mode=NONE win=8 obs=233 | cap=wip act=(320,360) d=2.62 a=1 | sp=frontier:active d=2.6 age=8 dtg=12.26 region=1_8
ep=773 s=233 18264ms [sel=3 cap=17703 rest=518] sg=2->2 mode=NONE win=8 obs=234 | cap=wip act=(320,360) d=2.37 a=1 | preview=view-/6 yaw=+0 render=39ms | sp=frontier:active d=2.4 age=9 dtg=12.49 region=1_8
ep=773 s=234 16459ms [sel=3 cap=16329 rest=126] sg=2->2 mode=NONE win=8 obs=235 | cap=wip act=(320,360) d=2.12 a=1 | sp=frontier:active d=2.1 age=10 dtg=12.73 region=1_8
ep=773 s=235 11240ms [sel=3 cap=11106 rest=131] sg=2->2 mode=NONE win=8 obs=236 | cap=wip act=(320,360) d=1.88 a=1 | sp=frontier:active d=1.9 age=11 dtg=12.98 region=1_8
ep=773 s=236 30529ms [sel=3 cap=0 rest=30490] sg=None->2 mode=NONE win=8 obs=237 | cap=- act=(320,360) d=1.64 a=1 | preview=view-/6 yaw=+0 render=37ms | sp=frontier:active d=1.6 age=12 ANALYSIS_ERROR_STAGE=decision ANALYSIS_ERROR='CaptionerInferenceError: Captioner model inference failed' dtg=13.22 region=1_8
ep=773 s=237 6493ms [sel=3 cap=6367 rest=123] sg=2->2 mode=NONE win=8 obs=238 | cap=wip act=(320,360) d=1.40 a=1 | sp=frontier:active d=1.4 age=13 dtg=13.47 region=1_8
ep=773 s=238 20977ms [sel=4 cap=20833 rest=140] sg=2->2 mode=NONE win=8 obs=239 | cap=wip act=(320,360) d=1.16 a=1 | sp=frontier:active d=1.2 age=14 dtg=12.77 region=1_8
ep=773 s=239 20059ms [sel=47 cap=19533 rest=442] sg=2->2 mode=NONE win=8 obs=240 | cap=wip act=(320,360) d=0.94 a=1 | preview=view-/6 yaw=+0 render=36ms | sp=frontier:active d=0.9 age=0 dtg=12.71 region=1_8
ep=773 s=240 12163ms [sel=3 cap=12029 rest=132] sg=2->2 mode=NONE win=8 obs=241 | cap=wip act=(320,360) d=0.69 a=1 | sp=frontier:active d=0.7 age=1 dtg=12.73 region=1_8
ep=773 s=241 13567ms [sel=3649 cap=9794 rest=125] sg=2->2 mode=NONE win=8 obs=242 | cap=wip act=(320,360) d=0.53 a=3 | sp=frontier:active d=0.5 age=0 som=1/3 dtg=12.73 region=1_8
ep=773 s=242 17355ms [sel=9 cap=16852 rest=456] sg=2->2 mode=NONE win=8 obs=243 | cap=wip act=(320,360) d=0.53 a=3 | preview=view-/6 yaw=+0 render=38ms | sp=frontier:active d=0.5 age=1 dtg=12.73 region=1_8
ep=773 s=243 15118ms [sel=6 cap=14985 rest=127] sg=2->2 mode=NONE win=8 obs=244 | cap=wip act=(320,360) d=0.53 a=3 | sp=frontier:active d=0.5 age=2 dtg=12.73 region=1_8
ep=773 s=244 16084ms [sel=4 cap=15950 rest=130] sg=2->2 mode=NONE win=8 obs=245 | cap=wip act=(320,360) d=0.53 a=3 | sp=frontier:active d=0.5 age=3 dtg=12.73 region=1_8
ep=773 s=245 16764ms [sel=3 cap=16260 rest=464] sg=2->2 mode=NONE win=8 obs=246 | cap=wip act=(320,360) d=0.53 a=3 | preview=view-/6 yaw=+0 render=37ms | sp=frontier:active d=0.5 age=4 dtg=12.73 region=1_8
ep=773 s=246 10549ms [sel=3 cap=10416 rest=130] sg=2->2 mode=NONE win=8 obs=247 | cap=wip act=(320,360) d=0.53 a=3 | sp=frontier:active d=0.5 age=5 dtg=12.73 region=1_8
ep=773 s=247 8748ms [sel=3 cap=8617 rest=127] sg=2->2 mode=NONE win=8 obs=248 | cap=wip act=(320,360) d=0.53 a=1 | sp=frontier:active d=0.5 age=6 dtg=12.48 region=1_8
ep=773 s=248 14329ms [sel=64 cap=13752 rest=476] sg=2->2 mode=NONE win=8 obs=249 | cap=wip act=(320,360) d=4.55 a=1 | preview=view-/6 yaw=+0 render=37ms | sp=frontier:active d=4.6 age=0 dtg=12.24 region=1_8
ep=773 s=249 12799ms [sel=15 cap=12658 rest=126] sg=2->2 mode=NONE win=8 obs=250 | cap=wip act=(320,360) d=4.32 a=1 | sp=frontier:active d=4.3 age=1 dtg=11.99 region=1_8
ep=773 s=250 10899ms [sel=20 cap=10749 rest=129] sg=2->2 mode=NONE win=8 obs=251 | cap=wip act=(320,360) d=4.09 a=1 | sp=frontier:active d=4.1 age=2 dtg=11.75 region=1_8
ep=773 s=251 25298ms [sel=20 cap=24794 rest=447] sg=2->2 mode=NONE win=8 obs=252 | cap=wip act=(320,360) d=3.86 a=1 | preview=view-/6 yaw=+0 render=37ms | sp=frontier:active d=3.9 age=3 dtg=11.52 region=1_8
ep=773 s=252 14214ms [sel=23 cap=14064 rest=128] sg=2->2 mode=NONE win=8 obs=253 | cap=wip act=(320,360) d=3.63 a=1 | sp=frontier:active d=3.6 age=4 dtg=11.30 region=1_8
ep=773 s=253 18379ms [sel=37 cap=18207 rest=135] sg=2->2 mode=NONE win=8 obs=254 | cap=wip act=(320,360) d=3.41 a=3 | sp=frontier:active d=3.4 age=5 dtg=11.30 region=1_8
ep=773 s=254 24292ms [sel=14 cap=23769 rest=468] sg=2->2 mode=NONE win=8 obs=255 | cap=wip act=(320,360) d=3.41 a=1 | preview=view-/6 yaw=+0 render=40ms | sp=frontier:active d=3.4 age=6 dtg=11.07 region=1_8
ep=773 s=255 10723ms [sel=16 cap=10562 rest=145] sg=2->2 mode=NONE win=8 obs=256 | cap=wip act=(320,360) d=3.16 a=3 | sp=frontier:active d=3.2 age=7 dtg=11.07 region=1_8
ep=773 s=256 9006ms [sel=14 cap=8848 rest=144] sg=2->2 mode=NONE win=8 obs=257 | cap=wip act=(320,360) d=3.16 a=1 | sp=frontier:active d=3.2 age=8 dtg=10.84 region=1_8
ep=773 s=257 13562ms [sel=65 cap=12995 rest=464] sg=2->2 mode=NONE win=8 obs=258 | cap=wip act=(320,360) d=2.91 a=3 | preview=view-/6 yaw=+0 render=38ms | sp=frontier:active d=2.9 age=0 dtg=10.84 region=1_8
ep=773 s=258 9120ms [sel=14 cap=8964 rest=142] sg=2->2 mode=NONE win=8 obs=259 | cap=wip act=(320,360) d=2.91 a=1 | sp=frontier:active d=2.9 age=1 dtg=10.59 region=1_8
ep=773 s=259 9059ms [sel=15 cap=8897 rest=147] sg=2->2 mode=NONE win=8 obs=260 | cap=wip act=(320,360) d=2.68 a=1 | sp=frontier:active d=2.7 age=2 dtg=10.35 region=1_8
ep=773 s=260 12966ms [sel=14 cap=12816 rest=137] sg=2->2 mode=NONE win=8 obs=261 | cap=wip act=(320,360) d=2.44 a=1 | sp=frontier:active d=2.4 age=3 dtg=10.11 region=1_8
ep=773 s=261 12722ms [sel=13 cap=12567 rest=142] sg=2->2 mode=NONE win=8 obs=262 | cap=wip act=(320,360) d=2.21 a=1 | sp=frontier:active d=2.2 age=4 dtg=9.86 region=1_8
ep=773 s=262 23567ms [sel=15 cap=23022 rest=493] sg=2->2 mode=NONE win=8 obs=263 | cap=wip act=(320,360) d=1.98 a=1 | preview=view-/6 yaw=+0 render=37ms | sp=frontier:active d=2.0 age=5 dtg=9.63 region=1_7
ep=773 s=263 13962ms [sel=13 cap=13804 rest=145] sg=2->2 mode=NONE win=8 obs=264 | cap=wip act=(320,360) d=1.76 a=3 | sp=frontier:active d=1.8 age=6 dtg=9.63 region=1_7
ep=773 s=264 9452ms [sel=17 cap=9296 rest=139] sg=2->2 mode=NONE win=8 obs=265 | cap=wip act=(320,360) d=1.76 a=1 | sp=frontier:active d=1.8 age=7 dtg=9.38 region=1_7
ep=773 s=265 16848ms [sel=16 cap=16286 rest=508] sg=2->2 mode=NONE win=8 obs=266 | cap=wip act=(320,360) d=1.58 a=1 | preview=view-/6 yaw=+0 render=39ms | sp=frontier:active d=1.6 age=8 dtg=9.13 region=1_7
ep=773 s=266 12556ms [sel=17 cap=12400 rest=139] sg=2->2 mode=NONE win=8 obs=267 | cap=wip act=(320,360) d=1.44 a=3 | sp=frontier:active d=1.4 age=9 dtg=9.13 region=1_7
ep=773 s=267 7172ms [sel=20 cap=7008 rest=144] sg=2->2 mode=NONE win=8 obs=268 | cap=wip act=(320,360) d=1.44 a=1 | sp=frontier:active d=1.4 age=10 dtg=8.87 region=1_7
ep=773 s=268 22458ms [sel=21 cap=21896 rest=499] sg=2->2 mode=NONE win=8 obs=269 | cap=wip act=(320,360) d=1.38 a=1 | preview=view-/6 yaw=+0 render=41ms | sp=frontier:active d=1.4 age=11 dtg=8.66 region=1_7
ep=773 s=269 7283ms [sel=21 cap=7122 rest=140] sg=2->2 mode=NONE win=8 obs=270 | cap=wip act=(320,360) d=1.37 a=2 | sp=frontier:active d=1.4 age=12 dtg=8.66 region=1_7
ep=773 s=270 11301ms [sel=18 cap=11137 rest=146] sg=2->2 mode=NONE win=8 obs=271 | cap=wip act=(320,360) d=1.37 a=1 | sp=frontier:active d=1.4 age=13 dtg=8.44 region=1_7
ep=773 s=271 12395ms [sel=22 cap=11820 rest=517] sg=2->2 mode=NONE win=8 obs=272 | cap=wip act=(320,360) d=1.34 a=2 | preview=view-/6 yaw=+0 render=37ms | sp=frontier:active d=1.3 age=14 dtg=8.44 region=1_7
ep=773 s=272 14475ms [sel=18 cap=14315 rest=142] sg=2->2 mode=NONE win=8 obs=273 | cap=wip act=(320,360) d=1.34 a=1 | sp=frontier:active d=1.3 age=15 dtg=8.20 region=1_7
ep=773 s=273 8444ms [sel=19 cap=8285 rest=139] sg=2->2 mode=NONE win=8 obs=274 | cap=wip act=(320,360) d=1.29 a=1 | sp=frontier:active d=1.3 age=16 dtg=7.97 region=1_7
ep=773 s=274 26708ms [sel=19 cap=26140 rest=512] sg=2->2 mode=NONE win=8 obs=275 | cap=wip act=(320,360) d=1.29 a=2 | preview=view-/6 yaw=+0 render=37ms | sp=frontier:active d=1.3 age=17 dtg=7.97 region=1_7
ep=773 s=275 13577ms [sel=19 cap=13422 rest=137] sg=2->2 mode=NONE win=8 obs=276 | cap=wip act=(320,360) d=1.29 a=2 | sp=frontier:active d=1.3 age=18 dtg=7.97 region=1_7
ep=773 s=276 16171ms [sel=16 cap=16012 rest=143] sg=2->2 mode=NONE win=8 obs=277 | cap=wip act=(320,360) d=1.29 a=1 | sp=frontier:active d=1.3 age=19 dtg=7.72 region=1_7
ep=773 s=277 15011ms [sel=19 cap=14427 rest=529] sg=2->2 mode=NONE win=8 obs=278 | cap=wip act=(320,360) d=1.21 a=2 | preview=view-/6 yaw=+0 render=37ms | sp=frontier:active d=1.2 age=20 dtg=7.72 region=1_7
ep=773 s=278 10049ms [sel=15 cap=9877 rest=157] sg=2->2 mode=NONE win=8 obs=279 | cap=wip act=(320,360) d=1.21 a=1 | sp=frontier:active d=1.2 age=21 dtg=7.49 region=1_7
ep=773 s=279 15013ms [sel=24 cap=14845 rest=144] sg=2->2 mode=NONE win=8 obs=280 | cap=wip act=(320,360) d=1.11 a=2 | sp=frontier:active d=1.1 age=22 dtg=7.49 region=1_7
ep=773 s=280 16634ms [sel=15 cap=16076 rest=505] sg=2->2 mode=NONE win=8 obs=281 | cap=wip act=(320,360) d=1.11 a=2 | preview=view-/6 yaw=+0 render=39ms | sp=frontier:active d=1.1 age=23 dtg=7.49 region=1_7
ep=773 s=281 16819ms [sel=15 cap=16666 rest=138] sg=2->2 mode=NONE win=8 obs=282 | cap=wip act=(320,360) d=1.11 a=1 | sp=frontier:active d=1.1 age=24 dtg=7.40 region=1_7
ep=773 s=282 9025ms [sel=5 cap=8874 rest=145] sg=2->2 mode=NONE win=8 obs=283 | cap=wip act=(320,360) d=0.94 a=2 | sp=frontier:active d=0.9 age=25 dtg=7.40 region=1_7
ep=773 s=283 23264ms [sel=53 cap=22682 rest=492] sg=2->2 mode=NONE win=8 obs=284 | cap=wip act=(320,360) d=2.45 a=1 | preview=view-/6 yaw=+0 render=37ms | sp=frontier:active d=2.5 age=0 dtg=7.45 region=1_7
ep=773 s=284 17988ms [sel=11 cap=17841 rest=135] sg=2->2 mode=NONE win=8 obs=285 | cap=wip act=(320,360) d=2.21 a=1 | sp=frontier:active d=2.2 age=1 dtg=7.20 region=1_7
ep=773 s=285 22287ms [sel=11 cap=22141 rest=135] sg=2->2 mode=NONE win=8 obs=286 | cap=wip act=(320,360) d=1.97 a=1 | sp=frontier:active d=2.0 age=2 dtg=6.85 region=1_7
ep=773 s=286 27515ms [sel=8 cap=26977 rest=492] sg=2->2 mode=NONE win=8 obs=287 | cap=wip act=(320,360) d=1.74 a=3 | preview=view-/6 yaw=+0 render=38ms | sp=frontier:active d=1.7 age=3 dtg=6.85 region=1_7
ep=773 s=287 19365ms [sel=9 cap=19221 rest=135] sg=2->2 mode=NONE win=8 obs=288 | cap=wip act=(320,360) d=1.74 a=1 | sp=frontier:active d=1.7 age=4 dtg=6.72 region=1_7
ep=773 s=288 14570ms [sel=10 cap=14421 rest=139] sg=2->2 mode=NONE win=8 obs=289 | cap=wip act=(320,360) d=1.49 a=3 | sp=frontier:active d=1.5 age=5 dtg=6.72 region=1_7
ep=773 s=289 20017ms [sel=8 cap=19488 rest=484] sg=2->2 mode=NONE win=8 obs=290 | cap=wip act=(320,360) d=1.49 a=1 | preview=view-/6 yaw=+0 render=36ms | sp=frontier:active d=1.5 age=6 dtg=6.60 region=1_7
ep=773 s=290 18021ms [sel=8 cap=17883 rest=130] sg=2->2 mode=NONE win=8 obs=291 | cap=wip act=(320,360) d=1.24 a=1 | sp=frontier:active d=1.2 age=7 dtg=6.38 region=1_7
ep=773 s=291 12635ms [sel=9 cap=12490 rest=137] sg=2->2 mode=NONE win=8 obs=292 | cap=wip act=(320,360) d=0.99 a=3 | sp=frontier:active d=1.0 age=8 dtg=6.38 region=1_7
ep=773 s=292 15423ms [sel=8 cap=15280 rest=136] sg=2->2 mode=NONE win=8 obs=293 | cap=wip act=(320,360) d=0.99 a=1 | sp=frontier:active d=1.0 age=9 dtg=6.15 region=1_7
ep=773 s=293 11139ms [sel=6 cap=10994 rest=139] sg=2->2 mode=NONE win=8 obs=294 | cap=wip act=(320,360) d=0.78 a=3 | sp=frontier:active d=0.8 age=10 dtg=6.15 region=1_7
ep=773 s=294 29956ms [sel=7 cap=29441 rest=473] sg=2->2 mode=NONE win=8 obs=295 | cap=wip act=(320,360) d=0.78 a=1 | preview=view-/6 yaw=+0 render=36ms | sp=frontier:active d=0.8 age=11 dtg=5.91 region=1_7
ep=773 s=295 9028ms [sel=6 cap=8883 rest=139] sg=2->2 mode=NONE win=8 obs=296 | cap=wip act=(320,360) d=0.65 a=2 | sp=frontier:active d=0.6 age=12 dtg=5.91 region=1_7
ep=773 s=296 12628ms [sel=3 cap=12491 rest=135] sg=2->2 mode=NONE win=8 obs=297 | cap=wip act=(320,360) d=0.65 a=1 | sp=frontier:active d=0.6 age=13 dtg=5.71 region=1_7
ep=773 s=297 25382ms [sel=7 cap=24852 rest=486] sg=2->2 mode=NONE win=8 obs=298 | cap=wip act=(320,360) d=0.53 a=2 | preview=view-/6 yaw=+0 render=37ms | sp=frontier:active d=0.5 age=14 dtg=5.71 region=1_7
ep=773 s=298 7009ms [sel=6 cap=6869 rest=135] sg=2->2 mode=NONE win=8 obs=299 | cap=wip act=(320,360) d=0.53 a=2 | sp=frontier:active d=0.5 age=15 dtg=5.71 region=1_7
ep=773 s=299 16834ms [sel=6 cap=16687 rest=141] sg=2->2 mode=NONE win=8 obs=300 | cap=wip act=(320,360) d=0.53 a=1 | sp=frontier:active d=0.5 age=16 dtg=5.69 region=1_7
ep=773 s=300 18028ms [sel=59 cap=17430 rest=504] sg=2->2 mode=NONE win=8 obs=301 | cap=wip act=(320,360) d=2.65 a=3 | preview=view-/6 yaw=+0 render=36ms | sp=frontier:active d=2.6 age=0 dtg=5.69 region=1_7
ep=773 s=301 10311ms [sel=18 cap=10159 rest=134] sg=2->2 mode=NONE win=8 obs=302 | cap=wip act=(320,360) d=2.65 a=3 | sp=frontier:active d=2.6 age=1 dtg=5.69 region=1_7
ep=773 s=302 13258ms [sel=13 cap=13110 rest=135] sg=2->2 mode=NONE win=8 obs=303 | cap=wip act=(320,360) d=2.65 a=3 | sp=frontier:active d=2.6 age=2 dtg=5.69 region=1_7
ep=773 s=303 12974ms [sel=5 cap=12438 rest=494] sg=2->2 mode=NONE win=8 obs=304 | cap=wip act=(320,360) d=2.65 a=3 | preview=view-/6 yaw=+0 render=37ms | sp=frontier:active d=2.6 age=3 dtg=5.69 region=1_7
ep=773 s=304 10328ms [sel=6 cap=10187 rest=135] sg=2->2 mode=NONE win=8 obs=305 | cap=wip act=(320,360) d=2.65 a=3 | sp=frontier:active d=2.6 age=4 dtg=5.69 region=1_7
ep=773 s=305 8442ms [sel=15 cap=8285 rest=142] sg=2->2 mode=NONE win=8 obs=306 | cap=wip act=(320,360) d=2.65 a=1 | sp=frontier:active d=2.6 age=5 dtg=5.47 region=1_7
ep=773 s=306 15798ms [sel=13 cap=15256 rest=491] sg=2->2 mode=NONE win=8 obs=307 | cap=wip act=(320,360) d=2.54 a=1 | preview=view-/6 yaw=+0 render=38ms | sp=frontier:active d=2.5 age=6 dtg=5.55 region=1_7
ep=773 s=307 8864ms [sel=13 cap=8711 rest=140] sg=2->2 mode=NONE win=8 obs=308 | cap=wip act=(320,360) d=2.45 a=3 | sp=frontier:active d=2.4 age=7 dtg=5.55 region=1_7
ep=773 s=308 10089ms [sel=16 cap=9930 rest=144] sg=2->2 mode=NONE win=8 obs=309 | cap=wip act=(320,360) d=2.45 a=1 | sp=frontier:active d=2.4 age=8 dtg=5.58 region=1_7
ep=773 s=309 22710ms [sel=0 cap=22046 rest=628] sg=2->2 mode=NONE win=8 obs=310 | cap=wip act=TURN request=+45deg execute=+15deg x1 a=3 | preview=view-/6 yaw=+0 render=37ms | sp=frontier:active d=2.4 age=9 ovr=4 door_evts=3 dtg=5.58 region=1_7
ep=773 s=310 8304ms [sel=0 cap=8132 rest=172] sg=2->2 mode=NONE win=8 obs=311 | cap=wip act=TURN request=+45deg execute=+15deg x1 a=3 | sp=frontier:active d=2.4 age=10 ovr=4 door_evts=3 dtg=5.58 region=1_7
ep=773 s=311 9963ms [sel=0 cap=9824 rest=140] sg=2->2 mode=NONE win=8 obs=312 | cap=wip act=TURN request=+45deg execute=+15deg x1 a=3 | sp=frontier:active d=2.4 age=11 ovr=4 door_evts=3 dtg=5.58 region=1_7
ep=773 s=312 26594ms [sel=0 cap=26047 rest=510] sg=2->2 mode=NONE win=8 obs=313 | cap=wip act=TURN request=+45deg execute=+15deg x1 a=3 | preview=view-/6 yaw=+0 render=36ms | sp=frontier:active d=2.4 age=12 ovr=4 door_evts=3 dtg=5.58 region=1_7
ep=773 s=313 9726ms [sel=0 cap=9581 rest=146] sg=2->2 mode=NONE win=8 obs=314 | cap=wip act=TURN request=+45deg execute=+15deg x1 a=3 | sp=frontier:active d=2.4 age=13 ovr=4 door_evts=3 dtg=5.58 region=1_7
ep=773 s=314 12347ms [sel=0 cap=12201 rest=146] sg=2->2 mode=NONE win=8 obs=315 | cap=wip act=TURN request=+45deg execute=+15deg x1 a=3 | sp=frontier:active d=2.4 age=14 ovr=4 door_evts=3 dtg=5.58 region=1_7
ep=773 s=315 18548ms [sel=0 cap=17986 rest=525] sg=2->2 mode=NONE win=8 obs=316 | cap=wip act=TURN request=+45deg execute=+15deg x1 a=3 | preview=view-/6 yaw=+0 render=37ms | sp=frontier:active d=2.4 age=15 ovr=4 door_evts=3 dtg=5.58 region=1_7
ep=773 s=316 10319ms [sel=0 cap=10172 rest=147] sg=2->2 mode=NONE win=8 obs=317 | cap=wip act=TURN request=+45deg execute=+15deg x1 a=3 | sp=frontier:active d=2.4 age=16 ovr=4 door_evts=3 dtg=5.58 region=1_7
ep=773 s=317 9110ms [sel=20 cap=8952 rest=138] sg=2->2 mode=NONE win=8 obs=318 | cap=wip act=(320,360) d=2.42 a=3 | sp=frontier:active d=2.4 age=17 dtg=5.58 region=1_7
ep=773 s=318 21739ms [sel=12 cap=21204 rest=487] sg=2->2 mode=NONE win=8 obs=319 | cap=wip act=(320,360) d=0.90 a=3 | preview=view-/6 yaw=+0 render=37ms | sp=frontier:active d=0.9 age=18 dtg=5.58 region=1_7
ep=773 s=319 15040ms [sel=12 cap=14890 rest=138] sg=2->2 mode=NONE win=8 obs=320 | cap=wip act=(320,360) d=0.90 a=3 | sp=frontier:active d=0.9 age=19 dtg=5.58 region=1_7
ep=773 s=320 12937ms [sel=7 cap=12793 rest=137] sg=2->2 mode=NONE win=8 obs=321 | cap=wip act=(320,360) d=0.90 a=3 | sp=frontier:active d=0.9 age=20 dtg=5.58 region=1_7
ep=773 s=321 25291ms [sel=5 cap=24746 rest=482] sg=2->2 mode=NONE win=8 obs=322 | cap=wip act=(320,360) d=0.90 a=3 | preview=view-/6 yaw=+0 render=59ms | sp=frontier:active d=0.9 age=21 dtg=5.58 region=1_7
ep=773 s=322 15484ms [sel=5 cap=15350 rest=128] sg=2->2 mode=NONE win=8 obs=323 | cap=wip act=(320,360) d=0.90 a=1 | sp=frontier:active d=0.9 age=22 dtg=5.63 region=1_7
ep=773 s=323 12470ms [sel=3 cap=12331 rest=136] sg=2->2 mode=NONE win=8 obs=324 | cap=wip act=(320,360) d=0.70 a=3 | sp=frontier:active d=0.7 age=23 dtg=5.63 region=1_7
ep=773 s=324 29641ms [sel=3 cap=29086 rest=516] sg=2->2 mode=NONE win=8 obs=325 | cap=wip act=(320,360) d=0.70 a=3 | preview=view-/6 yaw=+0 render=36ms | sp=frontier:active d=0.7 age=24 dtg=5.63 region=1_7
ep=773 s=325 30194ms [sel=3 cap=0 rest=30192] sg=None->2 mode=NONE win=8 obs=326 | cap=- act=(320,360) d=0.70 a=1 | sp=frontier:active d=0.7 age=25 ANALYSIS_ERROR_STAGE=decision ANALYSIS_ERROR='CaptionerInferenceError: Captioner model inference failed' dtg=5.90 region=1_7
ep=773 s=326 25996ms [sel=58 cap=25788 rest=149] sg=2->2 mode=NONE win=8 obs=327 | cap=wip act=(347,479) d=0.97 a=1 | sp=straight_ahead:reached d=0.1 age=0 dtg=6.15 region=1_7
ep=773 s=327 23753ms [sel=173 cap=23446 rest=134] sg=2->2 mode=NONE win=8 obs=328 | cap=wip act=TURN request=+45deg execute=+15deg x1 a=3 | sp=straight_ahead:reached d=0.1 age=1 ovr=4 door_evts=3 dtg=6.15 region=1_7
ep=773 s=328 8796ms [sel=0 cap=8658 rest=138] sg=2->2 mode=NONE win=8 obs=329 | cap=wip act=TURN request=+45deg execute=+15deg x1 a=3 | sp=- ovr=4 door_evts=3 dtg=6.15 region=1_7
ep=773 s=329 12573ms [sel=0 cap=12427 rest=146] sg=2->2 mode=NONE win=8 obs=330 | cap=wip act=TURN request=+45deg execute=+15deg x1 a=3 | sp=- ovr=4 door_evts=3 dtg=6.15 region=1_7
ep=773 s=330 9210ms [sel=0 cap=9062 rest=148] sg=2->2 mode=NONE win=8 obs=331 | cap=wip act=TURN request=+45deg execute=+15deg x1 a=3 | sp=- ovr=4 door_evts=3 dtg=6.15 region=1_7
ep=773 s=331 13002ms [sel=0 cap=12870 rest=133] sg=2->2 mode=NONE win=8 obs=332 | cap=wip act=TURN request=+45deg execute=+15deg x1 a=3 | sp=- ovr=4 door_evts=3 dtg=6.15 region=1_7
ep=773 s=332 8791ms [sel=0 cap=8656 rest=136] sg=2->2 mode=NONE win=8 obs=333 | cap=wip act=TURN request=+45deg execute=+15deg x1 a=3 | sp=- ovr=4 door_evts=3 dtg=6.15 region=1_7
ep=773 s=333 6673ms [sel=0 cap=6536 rest=136] sg=2->2 mode=NONE win=8 obs=334 | cap=wip act=TURN request=+45deg execute=+15deg x1 a=3 | sp=- ovr=4 door_evts=3 dtg=6.15 region=1_7
ep=773 s=334 11206ms [sel=0 cap=11067 rest=139] sg=2->2 mode=NONE win=8 obs=335 | cap=wip act=TURN request=+45deg execute=+15deg x1 a=3 | sp=- ovr=4 door_evts=3 dtg=6.15 region=1_7
ep=773 s=335 26004ms [sel=0 cap=25492 rest=475] sg=2->2 mode=NONE win=8 obs=336 | cap=wip act=TURN request=+45deg execute=+15deg x1 a=3 | preview=view-/6 yaw=+0 render=37ms | sp=- ovr=4 door_evts=3 dtg=6.15 region=1_7
ep=773 s=336 11732ms [sel=62 cap=11528 rest=142] sg=2->2 mode=NONE win=8 obs=337 | cap=wip act=(320,359) d=2.06 a=1 | sp=straight_ahead:reached d=0.4 age=0 dtg=6.02 region=1_7
ep=773 s=337 11356ms [sel=3421 cap=7785 rest=150] sg=2->2 mode=NONE win=8 obs=338 | cap=wip act=(320,359) d=2.03 a=1 | sp=straight_ahead:reached d=0.4 age=0 som=1/8 dtg=5.88 region=1_7
ep=773 s=338 15401ms [sel=195 cap=14685 rest=485] sg=2->2 mode=NONE win=8 obs=339 | cap=wip act=TURN request=-45deg execute=-15deg x1 a=2 | preview=view-/6 yaw=+0 render=37ms | sp=straight_ahead:reached d=0.4 age=1 ovr=4 door_evts=3 dtg=5.88 region=1_7
ep=773 s=339 9432ms [sel=0 cap=9293 rest=139] sg=2->2 mode=NONE win=8 obs=340 | cap=wip act=TURN request=-45deg execute=-15deg x1 a=2 | sp=- ovr=4 door_evts=3 dtg=5.88 region=1_7
ep=773 s=340 11546ms [sel=62 cap=11341 rest=143] sg=2->2 mode=NONE win=8 obs=341 | cap=wip act=(320,359) d=2.08 a=1 | sp=straight_ahead:reached d=0.4 age=0 dtg=5.85 region=1_7
ep=773 s=341 30686ms [sel=0 cap=0 rest=30647] sg=None->2 mode=NONE win=8 obs=342 | cap=- act=TURN request=+45deg execute=+15deg x1 a=3 | preview=view-/6 yaw=+0 render=39ms | sp=straight_ahead:reached d=0.4 age=1 ovr=4 door_evts=3 ANALYSIS_ERROR_STAGE=completion_confirmation ANALYSIS_ERROR='CaptionerOutputError: decision violates the navigation reply contract: Request timed out.' dtg=5.85 region=1_7
ep=773 s=342 15249ms [sel=0 cap=15114 rest=134] sg=2->2 mode=NONE win=8 obs=343 | cap=wip act=TURN request=+45deg execute=+15deg x1 a=3 | sp=straight_ahead:reached d=0.4 age=2 ovr=4 door_evts=3 dtg=5.85 region=1_7
ep=773 s=343 22438ms [sel=0 cap=22298 rest=140] sg=2->2 mode=NONE win=8 obs=344 | cap=wip act=TURN request=+45deg execute=+15deg x1 a=3 | sp=straight_ahead:reached d=0.4 age=3 ovr=4 door_evts=3 dtg=5.85 region=1_7
ep=773 s=344 28027ms [sel=0 cap=27483 rest=507] sg=2->2 mode=NONE win=8 obs=345 | cap=wip act=TURN request=+45deg execute=+15deg x1 a=3 | preview=view-/6 yaw=+0 render=37ms | sp=straight_ahead:reached d=0.4 age=4 ovr=4 door_evts=3 dtg=5.85 region=1_7
ep=773 s=345 5407ms [sel=0 cap=5268 rest=139] sg=2->2 mode=NONE win=8 obs=346 | cap=wip act=TURN request=+45deg execute=+15deg x1 a=3 | sp=straight_ahead:reached d=0.4 age=5 ovr=4 door_evts=3 dtg=5.85 region=1_7
ep=773 s=346 13807ms [sel=0 cap=13662 rest=145] sg=2->2 mode=NONE win=8 obs=347 | cap=wip act=TURN request=+45deg execute=+15deg x1 a=3 | sp=straight_ahead:reached d=0.4 age=6 ovr=4 door_evts=3 dtg=5.85 region=1_7
ep=773 s=347 29981ms [sel=0 cap=29423 rest=518] sg=2->2 mode=NONE win=8 obs=348 | cap=wip act=TURN request=+45deg execute=+15deg x1 a=3 | preview=view-/6 yaw=+0 render=40ms | sp=straight_ahead:reached d=0.4 age=7 ovr=4 door_evts=3 dtg=5.85 region=1_7
ep=773 s=348 20388ms [sel=0 cap=20245 rest=143] sg=2->2 mode=NONE win=8 obs=349 | cap=wip act=TURN request=+45deg execute=+15deg x1 a=3 | sp=straight_ahead:reached d=0.4 age=8 ovr=4 door_evts=3 dtg=5.85 region=1_7
ep=773 s=349 14542ms [sel=0 cap=14394 rest=148] sg=2->2 mode=NONE win=8 obs=350 | cap=wip act=TURN request=+45deg execute=+15deg x1 a=3 | sp=straight_ahead:reached d=0.4 age=9 ovr=4 door_evts=3 dtg=5.85 region=1_7
ep=773 s=350 24296ms [sel=67 cap=23685 rest=504] sg=2->2 mode=NONE win=8 obs=351 | cap=wip act=(320,360) d=2.63 a=3 | preview=view-/6 yaw=+0 render=40ms | sp=frontier:active d=2.6 age=0 dtg=5.85 region=1_7
ep=773 s=351 12455ms [sel=24 cap=12299 rest=132] sg=2->2 mode=NONE win=8 obs=352 | cap=wip act=(320,360) d=2.63 a=1 | sp=frontier:active d=2.6 age=1 dtg=5.63 region=1_7
ep=773 s=352 12160ms [sel=24 cap=11995 rest=141] sg=2->2 mode=NONE win=8 obs=353 | cap=wip act=(320,360) d=2.38 a=1 | sp=frontier:active d=2.4 age=2 dtg=5.69 region=1_7
ep=773 s=353 22696ms [sel=23 cap=22156 rest=478] sg=2->2 mode=NONE win=8 obs=354 | cap=wip act=(320,360) d=2.13 a=1 | preview=view-/6 yaw=+0 render=38ms | sp=frontier:active d=2.1 age=3 dtg=5.85 region=1_7
ep=773 s=354 12142ms [sel=4615 cap=7392 rest=135] sg=2->2 mode=NONE win=8 obs=355 | cap=wip act=(320,360) d=3.12 a=1 | sp=som:active d=3.1 age=0 som=2/8 dtg=6.04 region=1_7
ep=773 s=355 15474ms [sel=8 cap=15328 rest=138] sg=2->2 mode=NONE win=8 obs=356 | cap=wip act=(320,360) d=2.88 a=1 | sp=som:active d=2.9 age=1 dtg=6.25 region=1_7
ep=773 s=356 22662ms [sel=8 cap=22063 rest=555] sg=2->2 mode=NONE win=8 obs=357 | cap=wip act=(320,360) d=2.64 a=1 | preview=view-/6 yaw=+0 render=36ms | sp=som:active d=2.6 age=2 dtg=6.48 region=1_7
ep=773 s=357 8383ms [sel=8 cap=8228 rest=146] sg=2->2 mode=NONE win=8 obs=358 | cap=wip act=(320,360) d=2.39 a=1 | sp=som:active d=2.4 age=3 dtg=6.72 region=1_7
ep=773 s=358 11713ms [sel=12 cap=11560 rest=141] sg=2->2 mode=NONE win=8 obs=359 | cap=wip act=(320,360) d=2.15 a=2 | sp=som:active d=2.2 age=4 dtg=6.72 region=1_7
ep=773 s=359 21524ms [sel=8 cap=21005 rest=473] sg=2->2 mode=NONE win=8 obs=360 | cap=wip act=(320,360) d=2.15 a=2 | preview=view-/6 yaw=+0 render=38ms | sp=som:active d=2.2 age=5 dtg=6.72 region=1_7
ep=773 s=360 9802ms [sel=8 cap=9652 rest=143] sg=2->2 mode=NONE win=8 obs=361 | cap=wip act=(320,360) d=2.15 a=1 | sp=som:active d=2.2 age=6 dtg=6.80 region=1_7
ep=773 s=361 9234ms [sel=8 cap=9081 rest=145] sg=2->2 mode=NONE win=8 obs=362 | cap=wip act=(320,360) d=1.91 a=1 | sp=som:active d=1.9 age=7 dtg=6.93 region=1_7
ep=773 s=362 18748ms [sel=72 cap=18060 rest=546] sg=2->2 mode=NONE win=8 obs=363 | cap=wip act=(320,360) d=4.45 a=2 | preview=view-/6 yaw=+0 render=71ms | sp=frontier:active d=4.4 age=0 dtg=6.93 region=1_7
ep=773 s=363 11359ms [sel=37 cap=11181 rest=141] sg=2->2 mode=NONE win=8 obs=364 | cap=wip act=(320,360) d=4.45 a=2 | sp=frontier:active d=4.4 age=1 dtg=6.93 region=1_7
ep=773 s=364 9400ms [sel=36 cap=9225 rest=139] sg=2->2 mode=NONE win=8 obs=365 | cap=wip act=(320,360) d=4.45 a=1 | sp=frontier:active d=4.4 age=2 dtg=7.20 region=1_7
ep=773 s=365 23139ms [sel=25 cap=22598 rest=476] sg=2->2 mode=NONE win=8 obs=366 | cap=wip act=(320,360) d=4.23 a=1 | preview=view-/6 yaw=+0 render=40ms | sp=frontier:active d=4.2 age=3 dtg=7.41 region=1_7
ep=773 s=366 14007ms [sel=21 cap=13848 rest=137] sg=2->2 mode=NONE win=8 obs=367 | cap=wip act=(320,360) d=4.01 a=1 | sp=frontier:active d=4.0 age=4 dtg=7.29 region=1_7
ep=773 s=367 9638ms [sel=21 cap=9473 rest=143] sg=2->2 mode=NONE win=8 obs=368 | cap=wip act=(320,360) d=3.80 a=1 | sp=frontier:active d=3.8 age=5 dtg=7.27 region=1_7
ep=773 s=368 27523ms [sel=11 cap=26954 rest=521] sg=2->2 mode=NONE win=8 obs=369 | cap=wip act=(320,360) d=3.60 a=3 | preview=view-/6 yaw=+0 render=37ms | sp=frontier:active d=3.6 age=6 dtg=7.27 region=1_7
ep=773 s=369 17559ms [sel=22 cap=17396 rest=142] sg=2->2 mode=NONE win=8 obs=370 | cap=wip act=(320,360) d=3.60 a=1 | sp=frontier:active d=3.6 age=7 dtg=7.40 region=1_7
ep=773 s=370 10370ms [sel=15 cap=10212 rest=143] sg=2->2 mode=NONE win=8 obs=371 | cap=wip act=(320,360) d=3.45 a=1 | sp=frontier:active d=3.4 age=8 dtg=7.58 region=1_7
ep=773 s=371 30636ms [sel=21 cap=0 rest=30568] sg=None->2 mode=NONE win=8 obs=372 | cap=- act=(320,360) d=3.30 a=1 | preview=view-/6 yaw=+0 render=46ms | sp=frontier:active d=3.3 age=9 ANALYSIS_ERROR_STAGE=completion_confirmation ANALYSIS_ERROR='CaptionerOutputError: decision violates the navigation reply contract: Request timed out.' dtg=7.80 region=1_7
ep=773 s=372 13167ms [sel=20 cap=13006 rest=141] sg=2->2 mode=NONE win=8 obs=373 | cap=wip act=(320,360) d=3.18 a=1 | sp=frontier:active d=3.2 age=10 dtg=8.04 region=1_7
ep=773 s=373 11310ms [sel=20 cap=11153 rest=136] sg=2->2 mode=NONE win=8 obs=374 | cap=wip act=(320,360) d=3.07 a=2 | sp=frontier:active d=3.1 age=11 dtg=8.04 region=1_7
ep=773 s=374 25074ms [sel=12 cap=24499 rest=527] sg=2->2 mode=NONE win=8 obs=375 | cap=wip act=(320,360) d=3.07 a=1 | preview=view-/6 yaw=+0 render=36ms | sp=frontier:active d=3.1 age=12 dtg=8.27 region=1_7
ep=773 s=375 14966ms [sel=13 cap=14809 rest=144] sg=2->2 mode=NONE win=8 obs=376 | cap=wip act=(320,360) d=2.91 a=2 | sp=frontier:active d=2.9 age=13 dtg=8.27 region=1_7
ep=773 s=376 11828ms [sel=4 cap=11680 rest=144] sg=2->2 mode=NONE win=8 obs=377 | cap=wip act=(320,360) d=2.91 a=1 | sp=frontier:active d=2.9 age=14 dtg=8.50 region=1_7
ep=773 s=377 17166ms [sel=5 cap=16571 rest=553] sg=2->2 mode=NONE win=8 obs=378 | cap=wip act=(320,360) d=2.72 a=2 | preview=view-/6 yaw=+0 render=38ms | sp=frontier:active d=2.7 age=15 dtg=8.50 region=1_7
ep=773 s=378 15394ms [sel=3 cap=15248 rest=143] sg=2->2 mode=NONE win=8 obs=379 | cap=wip act=(320,360) d=2.72 a=1 | sp=frontier:active d=2.7 age=16 dtg=8.71 region=1_7
ep=773 s=379 9391ms [sel=3 cap=9247 rest=141] sg=2->2 mode=NONE win=8 obs=380 | cap=wip act=(320,360) d=2.51 a=1 | sp=frontier:active d=2.5 age=17 dtg=8.93 region=1_6
ep=773 s=380 20443ms [sel=58 cap=19844 rest=504] sg=2->2 mode=NONE win=8 obs=381 | cap=wip act=(320,360) d=3.87 a=3 | preview=view-/6 yaw=+0 render=36ms | sp=frontier:active d=3.9 age=0 dtg=8.93 region=1_6
ep=773 s=381 15998ms [sel=22 cap=15835 rest=142] sg=2->2 mode=NONE win=8 obs=382 | cap=wip act=(320,360) d=3.87 a=1 | sp=frontier:active d=3.9 age=1 dtg=9.25 region=1_6
ep=773 s=382 12601ms [sel=22 cap=12429 rest=150] sg=2->2 mode=NONE win=8 obs=383 | cap=wip act=(320,360) d=3.81 a=3 | sp=frontier:active d=3.8 age=2 dtg=9.25 region=1_6
ep=773 s=383 16157ms [sel=29 cap=15579 rest=514] sg=2->2 mode=NONE win=8 obs=384 | cap=wip act=(320,360) d=3.81 a=1 | preview=view-/6 yaw=+0 render=35ms | sp=frontier:active d=3.8 age=3 dtg=9.00 region=1_6
ep=773 s=384 5765ms [sel=30 cap=5587 rest=148] sg=2->2 mode=NONE win=8 obs=385 | cap=wip act=(320,360) d=3.84 a=1 | sp=frontier:active d=3.8 age=4 dtg=8.76 region=1_6
ep=773 s=385 12608ms [sel=30 cap=12429 rest=148] sg=2->2 mode=NONE win=8 obs=386 | cap=wip act=(320,360) d=3.88 a=1 | sp=frontier:active d=3.9 age=5 dtg=8.53 region=1_6
ep=773 s=386 15202ms [sel=31 cap=14609 rest=515] sg=2->2 mode=NONE win=8 obs=387 | cap=wip act=(320,360) d=3.94 a=1 | preview=view-/6 yaw=+0 render=47ms | sp=frontier:active d=3.9 age=6 dtg=8.32 region=1_6
ep=773 s=387 13792ms [sel=33 cap=13617 rest=143] sg=2->2 mode=NONE win=8 obs=388 | cap=wip act=(320,360) d=4.01 a=2 | sp=frontier:active d=4.0 age=7 dtg=8.32 region=1_6
ep=773 s=388 8950ms [sel=28 cap=8778 rest=144] sg=2->2 mode=NONE win=8 obs=389 | cap=wip act=(320,360) d=4.01 a=1 | sp=frontier:active d=4.0 age=8 dtg=8.08 region=1_6
ep=773 s=389 16780ms [sel=33 cap=16196 rest=513] sg=2->2 mode=NONE win=8 obs=390 | cap=wip act=(320,360) d=4.03 a=1 | preview=view-/6 yaw=+0 render=38ms | sp=frontier:active d=4.0 age=9 dtg=7.85 region=1_6
ep=773 s=390 25122ms [sel=31 cap=24954 rest=136] sg=2->2 mode=NONE win=8 obs=391 | cap=wip act=(320,360) d=4.07 a=1 | sp=frontier:active d=4.1 age=10 dtg=7.64 region=1_11
ep=773 s=391 18125ms [sel=33 cap=17951 rest=141] sg=2->2 mode=NONE win=8 obs=392 | cap=wip act=(320,360) d=4.12 a=2 | sp=frontier:active d=4.1 age=11 dtg=7.64 region=1_11
ep=773 s=392 16337ms [sel=30 cap=15750 rest=517] sg=2->2 mode=NONE win=8 obs=393 | cap=wip act=(320,360) d=4.12 a=1 | preview=view-/6 yaw=+0 render=41ms | sp=frontier:active d=4.1 age=12 dtg=7.40 region=1_11
ep=773 s=393 5237ms [sel=29 cap=5068 rest=141] sg=2->2 mode=NONE win=8 obs=394 | cap=wip act=(320,360) d=4.12 a=1 | sp=frontier:active d=4.1 age=13 dtg=7.17 region=1_11
ep=773 s=394 7430ms [sel=31 cap=7257 rest=142] sg=2->2 mode=NONE win=8 obs=395 | cap=wip act=(320,360) d=4.14 a=1 | sp=frontier:active d=4.1 age=14 dtg=6.96 region=1_11
ep=773 s=395 26553ms [sel=32 cap=25972 rest=510] sg=2->2 mode=NONE win=8 obs=396 | cap=wip act=(320,360) d=4.17 a=1 | preview=view-/6 yaw=+0 render=39ms | sp=frontier:active d=4.2 age=15 dtg=6.81 region=1_11
ep=773 s=396 18012ms [sel=34 cap=17838 rest=140] sg=2->2 mode=NONE win=8 obs=397 | cap=wip act=(320,360) d=4.22 a=2 | sp=frontier:active d=4.2 age=16 dtg=6.81 region=1_11
ep=773 s=397 15170ms [sel=31 cap=14993 rest=146] sg=2->2 mode=NONE win=8 obs=398 | cap=wip act=(320,360) d=4.22 a=2 | sp=frontier:active d=4.2 age=17 dtg=6.81 region=1_11
ep=773 s=398 20336ms [sel=29 cap=20166 rest=141] sg=2->2 mode=NONE win=8 obs=399 | cap=wip act=(320,360) d=4.22 a=1 | sp=frontier:active d=4.2 age=18 dtg=6.64 region=1_6
ep=773 s=399 20535ms [sel=29 cap=20364 rest=142] sg=2->2 mode=NONE win=8 obs=400 | cap=wip act=(320,360) d=4.15 a=2 | sp=frontier:active d=4.2 age=19 dtg=6.64 region=1_6
ep=773 s=400 16304ms [sel=57 cap=16106 rest=141] sg=2->2 mode=NONE win=8 obs=401 | cap=wip act=(320,360) d=2.76 a=3 | sp=frontier:active d=2.8 age=0 dtg=6.64 region=1_6
ep=773 s=401 8280ms [sel=20 cap=8115 rest=145] sg=2->2 mode=NONE win=8 obs=402 | cap=wip act=(320,360) d=2.76 a=3 | sp=frontier:active d=2.8 age=1 dtg=6.64 region=1_6
ep=773 s=402 8432ms [sel=20 cap=8264 rest=148] sg=2->2 mode=NONE win=8 obs=403 | cap=wip act=(320,360) d=2.76 a=3 | sp=frontier:active d=2.8 age=2 dtg=6.64 region=1_6
ep=773 s=403 19913ms [sel=14 cap=19255 rest=576] sg=2->2 mode=NONE win=8 obs=404 | cap=wip act=(320,360) d=2.76 a=3 | preview=view-/6 yaw=+0 render=69ms | sp=frontier:active d=2.8 age=3 dtg=6.64 region=1_6
ep=773 s=404 10037ms [sel=3 cap=9895 rest=139] sg=2->2 mode=NONE win=8 obs=405 | cap=wip act=(320,360) d=2.76 a=3 | sp=frontier:active d=2.8 age=4 dtg=6.64 region=1_6
ep=773 s=405 9710ms [sel=3 cap=9564 rest=143] sg=2->2 mode=NONE win=8 obs=406 | cap=wip act=(320,360) d=2.76 a=3 | sp=frontier:active d=2.8 age=5 dtg=6.64 region=1_6
ep=773 s=406 12903ms [sel=3 cap=12761 rest=138] sg=2->2 mode=NONE win=8 obs=407 | cap=wip act=(320,360) d=2.76 a=1 | sp=frontier:active d=2.8 age=6 dtg=6.82 region=1_11
ep=773 s=407 12470ms [sel=3 cap=11910 rest=520] sg=2->2 mode=NONE win=8 obs=408 | cap=wip act=(320,360) d=2.51 a=1 | preview=view-/6 yaw=+0 render=37ms | sp=frontier:active d=2.5 age=7 dtg=7.00 region=1_11
ep=773 s=408 13441ms [sel=3 cap=13297 rest=141] sg=2->2 mode=NONE win=8 obs=409 | cap=wip act=(320,360) d=2.26 a=1 | sp=frontier:active d=2.3 age=8 dtg=7.18 region=1_11
ep=773 s=409 7267ms [sel=3 cap=7124 rest=140] sg=2->2 mode=NONE win=8 obs=410 | cap=wip act=(320,360) d=2.01 a=1 | sp=frontier:active d=2.0 age=9 dtg=7.37 region=1_11
ep=773 s=410 21932ms [sel=3 cap=21373 rest=520] sg=2->2 mode=NONE win=8 obs=411 | cap=wip act=(320,360) d=1.77 a=1 | preview=view-/6 yaw=+0 render=36ms | sp=frontier:active d=1.8 age=10 dtg=7.57 region=1_11
ep=773 s=411 9462ms [sel=3 cap=9312 rest=147] sg=2->2 mode=NONE win=8 obs=412 | cap=wip act=(320,360) d=1.52 a=1 | sp=frontier:active d=1.5 age=11 dtg=7.78 region=1_11
ep=773 s=412 16208ms [sel=3 cap=16054 rest=151] sg=2->2 mode=NONE win=8 obs=413 | cap=wip act=(320,360) d=1.28 a=2 | sp=frontier:active d=1.3 age=12 dtg=7.78 region=1_11
ep=773 s=413 11971ms [sel=3 cap=11820 rest=147] sg=2->2 mode=NONE win=8 obs=414 | cap=wip act=(320,360) d=1.28 a=1 | sp=frontier:active d=1.3 age=13 dtg=7.95 region=1_11
ep=773 s=414 9204ms [sel=3 cap=0 rest=9166] sg=None->2 mode=NONE win=8 obs=415 | cap=- act=(320,360) d=1.03 a=2 | preview=view-/6 yaw=+0 render=35ms | sp=frontier:active d=1.0 age=14 ANALYSIS_ERROR_STAGE=unknown ANALYSIS_ERROR='CaptionerInferenceError: Captioner model inference failed' dtg=7.95 region=1_11
ep=773 s=415 10682ms [sel=3 cap=10544 rest=135] sg=2->2 mode=NONE win=8 obs=416 | cap=wip act=(320,360) d=1.03 a=1 | sp=frontier:active d=1.0 age=15 dtg=8.10 region=1_5
ep=773 s=416 10616ms [sel=3462 cap=7023 rest=131] sg=2->2 mode=NONE win=8 obs=417 | cap=wip act=(320,360) d=3.00 a=2 | sp=som:active d=3.0 age=0 som=3/7 dtg=8.10 region=1_5
ep=773 s=417 21509ms [sel=3 cap=20955 rest=515] sg=2->2 mode=NONE win=8 obs=418 | cap=wip act=(320,360) d=3.00 a=1 | preview=view-/6 yaw=+0 render=36ms | sp=som:active d=3.0 age=1 dtg=8.33 region=1_5
ep=773 s=418 21568ms [sel=3 cap=21420 rest=145] sg=2->2 mode=NONE win=8 obs=419 | cap=wip act=(320,360) d=2.75 a=1 | sp=som:active d=2.8 age=2 dtg=8.40 region=1_5
ep=773 s=419 9279ms [sel=3 cap=9142 rest=134] sg=2->2 mode=NONE win=8 obs=420 | cap=wip act=(320,360) d=2.51 a=3 | sp=som:active d=2.5 age=3 dtg=8.40 region=1_5
ep=773 s=420 23382ms [sel=3 cap=22808 rest=535] sg=2->2 mode=NONE win=8 obs=421 | cap=wip act=(320,360) d=2.51 a=1 | preview=view-/6 yaw=+0 render=35ms | sp=som:active d=2.5 age=4 dtg=8.56 region=1_5
ep=773 s=421 16542ms [sel=3 cap=16405 rest=134] sg=2->2 mode=NONE win=8 obs=422 | cap=wip act=(320,360) d=2.26 a=1 | sp=som:active d=2.3 age=5 dtg=8.74 region=1_5
ep=773 s=422 16789ms [sel=3 cap=16647 rest=139] sg=2->2 mode=NONE win=8 obs=423 | cap=wip act=(320,360) d=2.01 a=1 | sp=som:active d=2.0 age=6 dtg=8.93 region=1_5
ep=773 s=423 14052ms [sel=3 cap=13529 rest=485] sg=2->2 mode=NONE win=8 obs=424 | cap=wip act=(320,360) d=1.76 a=1 | preview=view-/6 yaw=+0 render=35ms | sp=som:active d=1.8 age=7 dtg=9.52 region=1_5
ep=773 s=424 14504ms [sel=4 cap=14361 rest=138] sg=2->2 mode=NONE win=8 obs=425 | cap=wip act=(320,360) d=1.51 a=2 | sp=som:active d=1.5 age=8 dtg=9.52 region=1_5
ep=773 s=425 8947ms [sel=4 cap=8808 rest=135] sg=2->2 mode=NONE win=8 obs=426 | cap=wip act=(320,360) d=1.51 a=1 | sp=som:active d=1.5 age=9 dtg=9.55 region=1_5
ep=773 s=426 5150ms [sel=3 cap=5008 rest=139] sg=2->2 mode=NONE win=8 obs=427 | cap=wip act=(320,360) d=1.27 a=1 | sp=som:active d=1.3 age=10 dtg=9.59 region=1_5
ep=773 s=427 19911ms [sel=44 cap=19337 rest=491] sg=2->2 mode=NONE win=8 obs=428 | cap=wip act=(320,360) d=1.99 a=1 | preview=view-/6 yaw=+0 render=39ms | sp=frontier:active d=2.0 age=0 dtg=9.64 region=1_5
ep=773 s=428 15687ms [sel=3 cap=15553 rest=131] sg=2->2 mode=NONE win=8 obs=429 | cap=wip act=(320,360) d=1.74 a=1 | sp=frontier:active d=1.7 age=1 dtg=9.74 region=1_5
ep=773 s=429 17041ms [sel=3 cap=16905 rest=133] sg=2->2 mode=NONE win=8 obs=430 | cap=wip act=(320,360) d=1.50 a=1 | sp=frontier:active d=1.5 age=2 dtg=9.88 region=1_5
ep=773 s=430 21460ms [sel=3 cap=20925 rest=497] sg=2->2 mode=NONE win=8 obs=431 | cap=wip act=(320,360) d=1.25 a=1 | preview=view-/6 yaw=+0 render=36ms | sp=frontier:active d=1.2 age=3 dtg=10.05 region=1_5
ep=773 s=431 14255ms [sel=3 cap=14126 rest=126] sg=2->2 mode=NONE win=8 obs=432 | cap=wip act=(320,360) d=1.00 a=1 | sp=frontier:active d=1.0 age=4 dtg=10.25 region=1_5
ep=773 s=432 13462ms [sel=3 cap=13324 rest=135] sg=2->2 mode=NONE win=8 obs=433 | cap=wip act=(320,360) d=0.76 a=1 | sp=frontier:active d=0.8 age=5 dtg=10.46 region=1_5
ep=773 s=433 12949ms [sel=3 cap=12411 rest=500] sg=2->2 mode=NONE win=8 obs=434 | cap=wip act=(320,360) d=0.52 a=2 | preview=view-/6 yaw=+0 render=35ms | sp=frontier:active d=0.5 age=6 dtg=10.46 region=1_5
ep=773 s=434 10292ms [sel=3 cap=10151 rest=138] sg=2->2 mode=NONE win=8 obs=435 | cap=wip act=(320,360) d=0.52 a=1 | sp=frontier:active d=0.5 age=7 dtg=10.65 region=1_5
ep=773 s=435 18865ms [sel=64 cap=18659 rest=142] sg=2->2 mode=NONE win=8 obs=436 | cap=wip act=(320,360) d=3.07 a=2 | sp=frontier:active d=3.1 age=0 dtg=10.65 region=1_5
ep=773 s=436 24943ms [sel=26 cap=24392 rest=485] sg=2->2 mode=NONE win=8 obs=437 | cap=wip act=(320,360) d=3.07 a=2 | preview=view-/6 yaw=+0 render=40ms | sp=frontier:active d=3.1 age=1 dtg=10.65 region=1_5
ep=773 s=437 13820ms [sel=26 cap=13652 rest=142] sg=2->2 mode=NONE win=8 obs=438 | cap=wip act=(320,360) d=3.07 a=2 | sp=frontier:active d=3.1 age=2 dtg=10.65 region=1_5
ep=773 s=438 29116ms [sel=25 cap=28949 rest=142] sg=2->2 mode=NONE win=8 obs=439 | cap=wip act=(320,360) d=3.07 a=2 | sp=frontier:active d=3.1 age=3 dtg=10.65 region=1_5
ep=773 s=439 20580ms [sel=25 cap=20409 rest=145] sg=2->2 mode=NONE win=8 obs=440 | cap=wip act=(320,360) d=3.07 a=2 | sp=frontier:active d=3.1 age=4 dtg=10.65 region=1_5
ep=773 s=440 10945ms [sel=26 cap=10784 rest=136] sg=2->2 mode=NONE win=8 obs=441 | cap=wip act=(320,360) d=3.07 a=2 | sp=frontier:active d=3.1 age=5 dtg=10.65 region=1_5
ep=773 s=441 15087ms [sel=25 cap=14923 rest=139] sg=2->2 mode=NONE win=8 obs=442 | cap=wip act=(320,360) d=3.07 a=2 | sp=frontier:active d=3.1 age=6 dtg=10.65 region=1_5
ep=773 s=442 24743ms [sel=25 cap=24175 rest=507] sg=2->2 mode=NONE win=8 obs=443 | cap=wip act=(320,360) d=3.07 a=2 | preview=view-/6 yaw=+0 render=37ms | sp=frontier:active d=3.1 age=7 dtg=10.65 region=1_5
ep=773 s=443 14143ms [sel=19 cap=13980 rest=145] sg=2->2 mode=NONE win=8 obs=444 | cap=wip act=(320,360) d=3.07 a=2 | sp=frontier:active d=3.1 age=8 dtg=10.65 region=1_5
ep=773 s=444 15422ms [sel=3 cap=15277 rest=142] sg=2->2 mode=NONE win=8 obs=445 | cap=wip act=(320,360) d=3.07 a=2 | sp=frontier:active d=3.1 age=9 dtg=10.65 region=1_5
ep=773 s=445 20335ms [sel=3 cap=19773 rest=522] sg=2->2 mode=NONE win=8 obs=446 | cap=wip act=(320,360) d=3.07 a=1 | preview=view-/6 yaw=+0 render=37ms | sp=frontier:active d=3.1 age=10 dtg=10.40 region=1_5
ep=773 s=446 10373ms [sel=3 cap=10230 rest=140] sg=2->2 mode=NONE win=8 obs=447 | cap=wip act=(320,360) d=2.84 a=2 | sp=frontier:active d=2.8 age=11 dtg=10.40 region=1_5
ep=773 s=447 14992ms [sel=3 cap=14851 rest=139] sg=2->2 mode=NONE win=8 obs=448 | cap=wip act=(320,360) d=2.84 a=1 | sp=frontier:active d=2.8 age=12 dtg=10.18 region=1_5
ep=773 s=448 21196ms [sel=3 cap=20639 rest=517] sg=2->2 mode=NONE win=8 obs=449 | cap=wip act=(320,360) d=2.59 a=1 | preview=view-/6 yaw=+0 render=37ms | sp=frontier:active d=2.6 age=13 dtg=9.97 region=1_5
ep=773 s=449 10380ms [sel=3 cap=10222 rest=156] sg=2->2 mode=NONE win=8 obs=450 | cap=wip act=(320,360) d=2.34 a=1 | sp=frontier:active d=2.3 age=14 dtg=9.78 region=1_5
ep=773 s=450 12136ms [sel=3 cap=11986 rest=146] sg=2->2 mode=NONE win=8 obs=451 | cap=wip act=(320,360) d=2.09 a=1 | sp=frontier:active d=2.1 age=15 dtg=9.62 region=1_5
ep=773 s=451 18386ms [sel=3 cap=17833 rest=512] sg=2->2 mode=NONE win=8 obs=452 | cap=wip act=(320,360) d=1.85 a=1 | preview=view-/6 yaw=+0 render=37ms | sp=frontier:active d=1.8 age=16 dtg=9.52 region=1_5
ep=773 s=452 7342ms [sel=3 cap=7203 rest=136] sg=2->2 mode=NONE win=8 obs=453 | cap=wip act=(320,360) d=1.60 a=1 | sp=frontier:active d=1.6 age=17 dtg=9.46 region=1_5
ep=773 s=453 14331ms [sel=3 cap=14188 rest=140] sg=2->2 mode=NONE win=8 obs=454 | cap=wip act=(320,360) d=1.36 a=1 | sp=frontier:active d=1.4 age=18 dtg=9.42 region=1_5
ep=773 s=454 26472ms [sel=3 cap=25916 rest=516] sg=2->2 mode=NONE win=8 obs=455 | cap=wip act=(320,360) d=1.12 a=1 | preview=view-/6 yaw=+0 render=37ms | sp=frontier:active d=1.1 age=19 dtg=9.05 region=1_5
ep=773 s=455 12179ms [sel=3 cap=12036 rest=140] sg=2->2 mode=NONE win=8 obs=456 | cap=wip act=(320,360) d=0.88 a=2 | sp=frontier:active d=0.9 age=20 dtg=9.05 region=1_5
ep=773 s=456 10422ms [sel=4105 cap=6167 rest=150] sg=2->2 mode=NONE win=8 obs=457 | cap=wip act=(320,360) d=2.82 a=1 | sp=som:active d=2.8 age=0 som=2/6 dtg=8.93 region=1_5
ep=773 s=457 25350ms [sel=3 cap=24722 rest=589] sg=2->2 mode=NONE win=8 obs=458 | cap=wip act=(320,360) d=2.59 a=3 | preview=view-/6 yaw=+0 render=36ms | sp=som:active d=2.6 age=1 dtg=8.93 region=1_5
ep=773 s=458 10107ms [sel=3 cap=9969 rest=135] sg=2->2 mode=NONE win=8 obs=459 | cap=wip act=(320,360) d=2.59 a=3 | sp=som:active d=2.6 age=2 dtg=8.93 region=1_5
ep=773 s=459 9337ms [sel=3 cap=9189 rest=145] sg=2->2 mode=NONE win=8 obs=460 | cap=wip act=(320,360) d=2.59 a=1 | sp=som:active d=2.6 age=3 dtg=8.74 region=1_5
ep=773 s=460 17693ms [sel=3 cap=17138 rest=516] sg=2->2 mode=NONE win=8 obs=461 | cap=wip act=(320,360) d=2.34 a=1 | preview=view-/6 yaw=+0 render=36ms | sp=som:active d=2.3 age=4 dtg=8.56 region=1_5
ep=773 s=461 29939ms [sel=3 cap=29790 rest=147] sg=2->2 mode=NONE win=8 obs=462 | cap=wip act=(320,360) d=2.10 a=1 | sp=som:active d=2.1 age=5 dtg=8.40 region=1_5
ep=773 s=462 25975ms [sel=6 cap=25821 rest=148] sg=2->2 mode=NONE win=8 obs=463 | cap=wip act=(320,360) d=1.85 a=1 | sp=som:active d=1.9 age=6 dtg=8.27 region=1_5
ep=773 s=463 14101ms [sel=3 cap=13476 rest=581] sg=2->2 mode=NONE win=8 obs=464 | cap=wip act=(320,360) d=1.61 a=1 | preview=view-/6 yaw=+0 render=40ms | sp=som:active d=1.6 age=7 dtg=7.99 region=1_5
ep=773 s=464 5164ms [sel=4 cap=5015 rest=145] sg=2->2 mode=NONE win=8 obs=465 | cap=wip act=(320,360) d=1.37 a=1 | sp=som:active d=1.4 age=8 dtg=7.84 region=None
ep=773 s=465 8144ms [sel=3 cap=7992 rest=149] sg=2->2 mode=NONE win=8 obs=466 | cap=wip act=(320,360) d=1.14 a=2 | sp=som:active d=1.1 age=9 dtg=7.84 region=None
ep=773 s=466 7048ms [sel=3 cap=6905 rest=140] sg=2->2 mode=NONE win=8 obs=467 | cap=wip act=(320,360) d=1.14 a=1 | sp=som:active d=1.1 age=10 dtg=7.77 region=1_11
ep=773 s=467 9232ms [sel=3 cap=9092 rest=137] sg=2->2 mode=NONE win=8 obs=468 | cap=wip act=(320,360) d=0.89 a=1 | sp=som:active d=0.9 age=11 dtg=7.73 region=1_11
ep=773 s=468 4074ms [sel=3 cap=3934 rest=137] sg=2->2 mode=NONE win=8 obs=469 | cap=wip act=(320,360) d=0.65 a=1 | sp=som:active d=0.6 age=12 dtg=7.71 region=1_11
ep=773 s=469 10912ms [sel=4004 cap=6770 rest=138] sg=2->2 mode=NONE win=8 obs=470 | cap=wip act=(320,360) d=3.00 a=1 | sp=som:active d=3.0 age=0 som=2/7 dtg=7.70 region=1_11
ep=773 s=470 2600ms [sel=3 cap=2457 rest=140] sg=2->2 mode=NONE win=8 obs=471 | cap=wip act=(320,360) d=2.75 a=3 | sp=som:active d=2.8 age=1 dtg=7.70 region=1_11
ep=773 s=471 15182ms [sel=3 cap=14610 rest=531] sg=2->2 mode=NONE win=8 obs=472 | cap=wip act=(320,360) d=2.75 a=1 | preview=view-/6 yaw=+0 render=37ms | sp=som:active d=2.8 age=2 dtg=7.63 region=1_11
ep=773 s=472 12823ms [sel=4 cap=12679 rest=140] sg=2->2 mode=NONE win=8 obs=473 | cap=wip act=(320,360) d=2.50 a=1 | sp=som:active d=2.5 age=3 dtg=7.59 region=1_11
ep=773 s=473 9466ms [sel=3 cap=9315 rest=147] sg=2->2 mode=NONE win=8 obs=474 | cap=wip act=(320,360) d=2.26 a=1 | sp=som:active d=2.3 age=4 dtg=7.58 region=1_11
ep=773 s=474 15506ms [sel=3 cap=14954 rest=511] sg=2->2 mode=NONE win=8 obs=475 | cap=wip act=(320,360) d=2.01 a=2 | preview=view-/6 yaw=+0 render=37ms | sp=som:active d=2.0 age=5 dtg=7.58 region=1_11
ep=773 s=475 7261ms [sel=3 cap=7099 rest=159] sg=2->2 mode=NONE win=8 obs=476 | cap=wip act=(320,360) d=2.01 a=1 | sp=som:active d=2.0 age=6 dtg=7.68 region=1_11
ep=773 s=476 12603ms [sel=3 cap=12459 rest=141] sg=2->2 mode=NONE win=8 obs=477 | cap=wip act=(320,360) d=1.76 a=1 | sp=som:active d=1.8 age=7 dtg=7.82 region=1_11
ep=773 s=477 16418ms [sel=3 cap=15855 rest=523] sg=2->2 mode=NONE win=8 obs=478 | cap=wip act=(320,360) d=1.51 a=1 | preview=view-/6 yaw=+0 render=37ms | sp=som:active d=1.5 age=8 dtg=7.99 region=1_11
ep=773 s=478 11300ms [sel=4 cap=11155 rest=141] sg=2->2 mode=NONE win=8 obs=479 | cap=wip act=(320,360) d=1.26 a=1 | sp=som:active d=1.3 age=9 dtg=8.18 region=1_11
ep=773 s=479 14945ms [sel=3 cap=14799 rest=143] sg=2->2 mode=NONE win=8 obs=480 | cap=wip act=(320,360) d=1.02 a=1 | sp=som:active d=1.0 age=10 dtg=8.38 region=1_11
ep=773 s=480 10085ms [sel=4 cap=9943 rest=139] sg=2->2 mode=NONE win=8 obs=481 | cap=wip act=(320,360) d=0.77 a=1 | sp=som:active d=0.8 age=11 dtg=8.59 region=1_11
ep=773 s=481 18244ms [sel=3 cap=17688 rest=517] sg=2->2 mode=NONE win=8 obs=482 | cap=wip act=(320,360) d=0.53 a=3 | preview=view-/6 yaw=+0 render=36ms | sp=som:active d=0.5 age=12 dtg=8.59 region=1_11
ep=773 s=482 11569ms [sel=3 cap=11419 rest=147] sg=2->2 mode=NONE win=8 obs=483 | cap=wip act=(320,360) d=0.53 a=1 | sp=som:active d=0.5 age=13 dtg=8.77 region=1_11
ep=773 s=483 12090ms [sel=2593 cap=9352 rest=145] sg=2->2 mode=NONE win=8 obs=484 | cap=wip act=(320,360) d=2.12 a=2 | sp=som:active d=2.1 age=0 som=1/7 dtg=8.77 region=1_11
ep=773 s=484 8972ms [sel=4 cap=8416 rest=515] sg=2->2 mode=NONE win=8 obs=485 | cap=wip act=(320,360) d=2.12 a=2 | preview=view-/6 yaw=+0 render=37ms | sp=som:active d=2.1 age=1 dtg=8.77 region=1_11
ep=773 s=485 5408ms [sel=3 cap=5251 rest=154] sg=2->2 mode=NONE win=8 obs=486 | cap=wip act=(320,360) d=2.12 a=1 | sp=som:active d=2.1 age=2 dtg=9.02 region=1_11
ep=773 s=486 7749ms [sel=3 cap=7595 rest=150] sg=2->2 mode=NONE win=8 obs=487 | cap=wip act=(320,360) d=1.87 a=1 | sp=som:active d=1.9 age=3 dtg=9.27 region=1_11
ep=773 s=487 8325ms [sel=4 cap=8172 rest=150] sg=2->2 mode=NONE win=8 obs=488 | cap=wip act=(320,360) d=1.63 a=1 | sp=som:active d=1.6 age=4 dtg=9.51 region=1_11
ep=773 s=488 11676ms [sel=3 cap=11527 rest=146] sg=2->2 mode=NONE win=8 obs=489 | cap=wip act=(320,360) d=1.38 a=1 | sp=som:active d=1.4 age=5 dtg=9.76 region=None
ep=773 s=489 16346ms [sel=66 cap=15677 rest=566] sg=2->2 mode=NONE win=8 obs=490 | cap=wip act=(320,360) d=3.54 a=3 | preview=view-/6 yaw=+0 render=38ms | sp=frontier:active d=3.5 age=0 dtg=9.76 region=None
ep=773 s=490 11987ms [sel=21 cap=11829 rest=137] sg=2->2 mode=NONE win=8 obs=491 | cap=wip act=(320,360) d=3.54 a=3 | sp=frontier:active d=3.5 age=1 dtg=9.76 region=None
ep=773 s=491 14185ms [sel=10 cap=14035 rest=140] sg=2->2 mode=NONE win=8 obs=492 | cap=wip act=(320,360) d=3.54 a=3 | sp=frontier:active d=3.5 age=2 dtg=9.76 region=None
ep=773 s=492 9131ms [sel=3 cap=8988 rest=140] sg=2->2 mode=NONE win=8 obs=493 | cap=wip act=(320,360) d=3.54 a=1 | sp=frontier:active d=3.5 age=3 dtg=9.92 region=1_8
ep=773 s=493 10063ms [sel=3 cap=9918 rest=142] sg=2->2 mode=NONE win=8 obs=494 | cap=wip act=(320,360) d=3.31 a=3 | sp=frontier:active d=3.3 age=4 dtg=9.92 region=1_8
ep=773 s=494 6922ms [sel=3 cap=6774 rest=145] sg=2->2 mode=NONE win=8 obs=495 | cap=wip act=(320,360) d=3.31 a=1 | sp=frontier:active d=3.3 age=5 dtg=10.03 region=1_8
ep=773 s=495 12755ms [sel=3 cap=12180 rest=536] sg=2->2 mode=NONE win=8 obs=496 | cap=wip act=(320,360) d=3.07 a=1 | preview=view-/6 yaw=+0 render=36ms | sp=frontier:active d=3.1 age=6 dtg=9.45 region=1_8
ep=773 s=496 6422ms [sel=3 cap=6276 rest=143] sg=2->2 mode=NONE win=8 obs=497 | cap=wip act=(320,360) d=2.82 a=1 | sp=frontier:active d=2.8 age=7 dtg=9.23 region=1_8
ep=773 s=497 5643ms [sel=3 cap=5496 rest=145] sg=2->2 mode=NONE win=8 obs=498 | cap=wip act=(320,360) d=2.58 a=1 | sp=frontier:active d=2.6 age=8 dtg=9.02 region=1_8
ep=773 s=498 18000ms [sel=4 cap=17406 rest=554] sg=2->2 mode=NONE win=8 obs=499 | cap=wip act=(320,360) d=2.34 a=1 | preview=view-/6 yaw=+0 render=36ms | sp=frontier:active d=2.3 age=9 dtg=8.81 region=None
ep=773 s=499 16595ms [sel=3 cap=16449 rest=143] sg=2->2 mode=NONE win=8 obs=500 | cap=wip act=(320,360) d=2.10 a=1 | sp=frontier:active d=2.1 age=10 dtg=8.62 region=1_7
rank=0 [9/17] id=773 steps=500 success=0.000 spl=0.000 dtg=8.62 osr=1 path_length=75.31 ndtw=0.000 sdtw=0.000
PluginManager::Manager: duplicate static plugin StbImageImporter, ignoring
PluginManager::Manager: duplicate static plugin GltfImporter, ignoring
PluginManager::Manager: duplicate static plugin BasisImporter, ignoring
PluginManager::Manager: duplicate static plugin AssimpImporter, ignoring
PluginManager::Manager: duplicate static plugin AnySceneImporter, ignoring
PluginManager::Manager: duplicate static plugin AnyImageImporter, ignoring
episode=1017 instruction="So just go straight on past the oven. Then turn left and head through the doorway. Go into the doorway that's to the right of the painting, and wait there." start_position=[7.576839923858643, 0.17162801325321198, -2.444770097732544] goal_position=[15.068599700927734, 0.17162801325321198, -4.4848198890686035] reference_geodesic=8.0562105178833
episode=1017 prepared_subgoals=4
  [1] Go straight past the oven
      proof: The oven is beside or directly ahead of the camera, within a step; the camera has not yet turned left.
  [2] Turn left at the oven, then go through the doorway
      proof: The camera has crossed the threshold and the room beyond is central in the view.
  [3] Go into the doorway to the right of the painting
      proof: The painting is to the left of the doorway and the doorway is directly ahead, within a step.
  [4] Wait beside the doorway to the right of the painting
      proof: The camera is stationary beside the doorway and the painting is visible to the left
ep=1017 s=0 13877ms [sel=25 cap=13283 rest=530] sg=1->1 mode=NONE win=1 obs=1 | cap=wip act=(160,180) d=3.35 a=3 | preview=view3/6 yaw=+45 render=39ms | sp=preview:active d=3.4 age=0 dtg=8.06 region=0_10
ep=1017 s=1 4902ms [sel=6 cap=4781 rest=116] sg=1->1 mode=NONE win=2 obs=2 | cap=wip act=(320,360) d=3.35 a=3 | sp=preview:active d=3.4 age=1 dtg=8.06 region=0_10
ep=1017 s=2 7168ms [sel=4 cap=7055 rest=110] sg=1->1 mode=NONE win=3 obs=3 | cap=wip act=(320,360) d=3.35 a=3 | sp=preview:active d=3.4 age=2 dtg=8.06 region=0_10
ep=1017 s=3 6048ms [sel=3 cap=5940 rest=106] sg=1->1 mode=GET_NOWHERE win=4 obs=4 | cap=wip/GET_NOWHERE act=(320,360) d=3.35 a=3 | sp=preview:active d=3.4 age=3 dtg=8.06 region=0_10
ep=1017 s=4 8984ms [sel=3 cap=8880 rest=102] sg=1->1 mode=GET_NOWHERE win=5 obs=5 | cap=wip/GET_NOWHERE act=(320,360) d=3.35 a=1 | sp=preview:active d=3.4 age=4 dtg=7.81 region=0_10
ep=1017 s=5 7890ms [sel=28 cap=7367 rest=459] sg=1->1 mode=GET_NOWHERE win=6 obs=6 | cap=wip/GET_NOWHERE act=(160,180) d=3.50 a=1 | preview=view3/6 yaw=+0 render=36ms | sp=preview:active d=3.5 age=0 dtg=7.56 region=0_10
ep=1017 s=6 5799ms [sel=3 cap=5693 rest=103] sg=1->1 mode=NONE win=7 obs=7 | cap=wip act=(320,360) d=3.25 a=1 | sp=preview:active d=3.3 age=1 dtg=7.31 region=0_10
ep=1017 s=7 4954ms [sel=4 cap=4813 rest=137] sg=1->1 mode=NONE win=8 obs=8 | cap=wip act=(320,360) d=3.00 a=1 | sp=preview:active d=3.0 age=2 dtg=7.06 region=0_10
ep=1017 s=8 6086ms [sel=3 cap=5965 rest=118] sg=1->1 mode=NONE win=8 obs=9 | cap=wip act=(320,360) d=2.75 a=1 | sp=preview:active d=2.8 age=3 dtg=6.81 region=0_10
ep=1017 s=9 9041ms [sel=3 cap=8929 rest=109] sg=1->1 mode=NONE win=8 obs=10 | cap=wip act=(320,360) d=2.50 a=1 | sp=preview:active d=2.5 age=4 dtg=6.56 region=0_10
ep=1017 s=10 8510ms [sel=3 cap=8405 rest=102] sg=1->1 mode=NONE win=8 obs=11 | cap=wip act=(320,360) d=2.25 a=1 | sp=preview:active d=2.3 age=5 dtg=6.32 region=0_10
ep=1017 s=11 5584ms [sel=3 cap=5477 rest=104] sg=1->1 mode=NONE win=8 obs=12 | cap=wip act=(320,360) d=2.00 a=1 | sp=preview:active d=2.0 age=6 dtg=6.07 region=0_10
ep=1017 s=12 10922ms [sel=3 cap=10817 rest=102] sg=1->1 mode=NONE win=8 obs=13 | cap=wip act=(320,360) d=1.75 a=1 | sp=preview:active d=1.8 age=7 dtg=5.82 region=0_10
ep=1017 s=13 9170ms [sel=3 cap=9064 rest=103] sg=1->1 mode=NONE win=8 obs=14 | cap=wip act=(320,360) d=1.50 a=1 | sp=preview:active d=1.5 age=8 dtg=5.58 region=0_10
ep=1017 s=14 6984ms [sel=3 cap=6879 rest=103] sg=1->1 mode=NONE win=8 obs=15 | cap=wip act=(320,360) d=1.25 a=1 | sp=preview:active d=1.3 age=9 dtg=5.33 region=0_10
ep=1017 s=15 7055ms [sel=3 cap=6950 rest=102] sg=1->1 mode=NONE win=8 obs=16 | cap=wip act=(320,360) d=1.00 a=1 | sp=preview:active d=1.0 age=10 dtg=5.09 region=0_10
ep=1017 s=16 12401ms [sel=3 cap=12298 rest=100] sg=1->1 mode=NONE win=8 obs=17 | cap=wip act=(320,360) d=0.75 a=1 | sp=preview:active d=0.8 age=11 dtg=4.85 region=0_19
ep=1017 s=17 12311ms [sel=4203 cap=8009 rest=98] sg=1->1 mode=NONE win=8 obs=18 | cap=wip act=(320,360) d=3.01 a=1 | sp=som:active d=3.0 age=0 som=1/8 dtg=4.61 region=0_19
ep=1017 s=18 6904ms [sel=3 cap=6802 rest=99] sg=1->1 mode=NONE win=8 obs=19 | cap=wip act=(320,360) d=2.76 a=1 | sp=som:active d=2.8 age=1 dtg=4.39 region=0_19
ep=1017 s=19 10180ms [sel=0 cap=10084 rest=96] sg=1->2 mode=NONE win=8 obs=20 | cap=DONE act=TURN request=-45deg execute=-15deg x1 a=2 | sp=som:active d=2.5 age=2 dtg=4.39 region=0_19
ep=1017 s=20 9993ms [sel=0 cap=9891 rest=102] sg=2->2 mode=NONE win=8 obs=21 | cap=wip act=TURN request=-45deg execute=-15deg x1 a=2 dtg=4.39 region=0_19
ep=1017 s=21 12172ms [sel=0 cap=11653 rest=482] sg=2->2 mode=NONE win=8 obs=22 | cap=wip act=TURN request=-45deg execute=-15deg x1 a=2 | preview=view-/6 yaw=+0 render=37ms dtg=4.39 region=0_19
ep=1017 s=22 13146ms [sel=0 cap=13041 rest=105] sg=2->2 mode=NONE win=8 obs=23 | cap=wip act=TURN request=-45deg execute=-15deg x1 a=2 dtg=4.39 region=0_19
ep=1017 s=23 7149ms [sel=0 cap=7044 rest=104] sg=2->2 mode=NONE win=8 obs=24 | cap=wip act=TURN request=-45deg execute=-15deg x1 a=2 dtg=4.39 region=0_19
ep=1017 s=24 11384ms [sel=54 cap=11223 rest=107] sg=2->2 mode=NONE win=8 obs=25 | cap=wip act=(320,360) d=2.89 a=3 | sp=frontier:active d=2.9 age=0 dtg=4.39 region=0_19
ep=1017 s=25 11346ms [sel=10 cap=11232 rest=105] sg=2->2 mode=NONE win=8 obs=26 | cap=wip act=(320,360) d=2.89 a=3 | sp=frontier:active d=2.9 age=1 dtg=4.39 region=0_19
ep=1017 s=26 8550ms [sel=3 cap=8444 rest=104] sg=2->2 mode=NONE win=8 obs=27 | cap=wip act=(320,360) d=2.89 a=3 | sp=frontier:active d=2.9 age=2 dtg=4.39 region=0_19
ep=1017 s=27 5686ms [sel=3 cap=5579 rest=105] sg=2->2 mode=NONE win=8 obs=28 | cap=wip act=(320,360) d=2.89 a=3 | sp=frontier:active d=2.9 age=3 dtg=4.39 region=0_19
ep=1017 s=28 10049ms [sel=3 cap=9915 rest=130] sg=2->2 mode=NONE win=8 obs=29 | cap=wip act=(320,360) d=2.89 a=1 | sp=frontier:active d=2.9 age=4 dtg=4.16 region=0_19
ep=1017 s=29 13484ms [sel=3 cap=13386 rest=95] sg=2->2 mode=NONE win=8 obs=30 | cap=wip act=(320,360) d=2.66 a=1 | sp=frontier:active d=2.7 age=5 dtg=3.94 region=0_19
ep=1017 s=30 2519ms [sel=7 cap=2416 rest=96] sg=2->2 mode=NONE win=8 obs=31 | cap=wip act=(320,360) d=2.43 a=1 | sp=frontier:active d=2.4 age=6 dtg=3.74 region=0_19
ep=1017 s=31 5635ms [sel=9 cap=5528 rest=98] sg=2->2 mode=NONE win=8 obs=32 | cap=wip act=(320,360) d=2.21 a=1 | sp=frontier:active d=2.2 age=7 dtg=3.56 region=0_19
ep=1017 s=32 10531ms [sel=11 cap=10423 rest=96] sg=2->2 mode=NONE win=8 obs=33 | cap=wip act=(320,360) d=2.00 a=2 | sp=frontier:active d=2.0 age=8 dtg=3.56 region=0_19
ep=1017 s=33 9727ms [sel=4 cap=9605 rest=118] sg=2->2 mode=NONE win=8 obs=34 | cap=wip act=(320,360) d=2.00 a=1 | sp=frontier:active d=2.0 age=9 dtg=3.35 region=0_19
ep=1017 s=34 10858ms [sel=7 cap=10759 rest=92] sg=2->2 mode=NONE win=8 obs=35 | cap=wip act=(320,360) d=1.77 a=2 | sp=frontier:active d=1.8 age=10 dtg=3.35 region=0_19
ep=1017 s=35 9365ms [sel=3 cap=9275 rest=87] sg=2->2 mode=NONE win=8 obs=36 | cap=wip act=(320,360) d=1.77 a=2 | sp=frontier:active d=1.8 age=11 dtg=3.35 region=0_19
ep=1017 s=36 3965ms [sel=3 cap=3880 rest=83] sg=2->2 mode=NONE win=8 obs=37 | cap=wip act=(320,360) d=1.77 a=1 | sp=frontier:active d=1.8 age=12 dtg=3.10 region=0_19
ep=1017 s=37 11809ms [sel=3 cap=11723 rest=84] sg=2->2 mode=NONE win=8 obs=38 | cap=wip act=(320,360) d=1.52 a=2 | sp=frontier:active d=1.5 age=13 dtg=3.10 region=0_19
ep=1017 s=38 6387ms [sel=4 cap=6298 rest=85] sg=2->2 mode=NONE win=8 obs=39 | cap=wip act=(320,360) d=1.52 a=1 | sp=frontier:active d=1.5 age=14 dtg=2.85 region=0_19
ep=1017 s=39 14452ms [sel=47 cap=13900 rest=468] sg=2->2 mode=NONE win=8 obs=40 | cap=wip act=(160,180) d=3.95 a=2 | preview=view0/6 yaw=-180 render=37ms | sp=preview:active d=3.9 age=0 dtg=2.85 region=0_19
ep=1017 s=40 11536ms [sel=27 cap=11419 rest=89] sg=2->2 mode=NONE win=8 obs=41 | cap=wip act=(320,360) d=3.95 a=2 | sp=preview:active d=3.9 age=1 dtg=2.85 region=0_19
ep=1017 s=41 5409ms [sel=27 cap=5290 rest=92] sg=2->2 mode=NONE win=8 obs=42 | cap=wip act=(320,360) d=3.95 a=2 | sp=preview:active d=3.9 age=2 dtg=2.85 region=0_19
ep=1017 s=42 13739ms [sel=43 cap=13233 rest=428] sg=2->2 mode=NONE win=8 obs=43 | cap=wip act=(160,180) d=3.95 a=2 | preview=view0/6 yaw=-135 render=35ms | sp=preview:active d=3.9 age=0 dtg=2.85 region=0_19
ep=1017 s=43 8319ms [sel=26 cap=8199 rest=93] sg=2->2 mode=NONE win=8 obs=44 | cap=wip act=(320,360) d=3.95 a=2 | sp=preview:active d=3.9 age=1 dtg=2.85 region=0_19
ep=1017 s=44 9600ms [sel=42 cap=9464 rest=93] sg=2->2 mode=NONE win=8 obs=45 | cap=wip act=(320,360) d=3.95 a=2 | sp=preview:active d=3.9 age=2 dtg=2.85 region=0_19
ep=1017 s=45 6350ms [sel=26 cap=6232 rest=93] sg=2->2 mode=NONE win=8 obs=46 | cap=wip act=(320,360) d=3.95 a=2 | sp=preview:active d=3.9 age=3 dtg=2.85 region=0_19
ep=1017 s=46 8394ms [sel=27 cap=8280 rest=88] sg=2->2 mode=NONE win=8 obs=47 | cap=wip act=(320,360) d=3.95 a=2 | sp=preview:active d=3.9 age=4 dtg=2.85 region=0_19
ep=1017 s=47 8514ms [sel=21 cap=8400 rest=92] sg=2->2 mode=NONE win=8 obs=48 | cap=wip act=(320,360) d=3.95 a=2 | sp=preview:active d=3.9 age=5 dtg=2.85 region=0_19
ep=1017 s=48 8569ms [sel=17 cap=8454 rest=99] sg=2->2 mode=NONE win=8 obs=49 | cap=wip act=(320,360) d=3.95 a=2 | sp=preview:active d=3.9 age=6 dtg=2.85 region=0_19
ep=1017 s=49 14297ms [sel=3 cap=14195 rest=99] sg=2->2 mode=NONE win=8 obs=50 | cap=wip act=(320,360) d=3.95 a=1 | sp=preview:active d=3.9 age=7 dtg=3.09 region=0_19
ep=1017 s=50 22244ms [sel=23 cap=21732 rest=452] sg=2->2 mode=NONE win=8 obs=51 | cap=wip act=(160,180) d=3.62 a=1 | preview=view2/6 yaw=-45 render=37ms | sp=preview:active d=3.6 age=0 dtg=3.33 region=0_19
ep=1017 s=51 12419ms [sel=10 cap=12310 rest=99] sg=2->2 mode=NONE win=8 obs=52 | cap=wip act=(320,360) d=3.37 a=2 | sp=preview:active d=3.4 age=1 dtg=3.33 region=0_19
ep=1017 s=52 9024ms [sel=3 cap=8923 rest=98] sg=2->2 mode=NONE win=8 obs=53 | cap=wip act=(320,360) d=3.37 a=2 | sp=preview:active d=3.4 age=2 dtg=3.33 region=0_19
ep=1017 s=53 16426ms [sel=21 cap=15885 rest=483] sg=2->2 mode=NONE win=8 obs=54 | cap=wip act=(160,180) d=3.04 a=1 | preview=view2/6 yaw=-15 render=36ms | sp=preview:active d=3.0 age=0 dtg=3.57 region=0_19
ep=1017 s=54 9419ms [sel=3 cap=9312 rest=103] sg=2->2 mode=NONE win=8 obs=55 | cap=wip act=(320,360) d=2.80 a=1 | sp=preview:active d=2.8 age=1 dtg=3.82 region=0_19
ep=1017 s=55 12859ms [sel=3 cap=12754 rest=102] sg=2->2 mode=NONE win=8 obs=56 | cap=wip act=(320,360) d=2.56 a=2 | sp=preview:active d=2.6 age=2 dtg=3.82 region=0_19
ep=1017 s=56 12259ms [sel=43 cap=11671 rest=508] sg=2->2 mode=NONE win=8 obs=57 | cap=wip act=(160,180) d=3.82 a=2 | preview=view1/6 yaw=-75 render=37ms | sp=preview:active d=3.8 age=0 dtg=3.82 region=0_19
ep=1017 s=57 10525ms [sel=4 cap=10424 rest=97] sg=2->2 mode=NONE win=8 obs=58 | cap=wip act=(320,360) d=3.82 a=2 | sp=preview:active d=3.8 age=1 dtg=3.82 region=0_19
ep=1017 s=58 8326ms [sel=3 cap=8223 rest=100] sg=2->2 mode=NONE win=8 obs=59 | cap=wip act=(320,360) d=3.82 a=2 | sp=preview:active d=3.8 age=2 dtg=3.82 region=0_19
ep=1017 s=59 11074ms [sel=3 cap=10974 rest=98] sg=2->2 mode=NONE win=8 obs=60 | cap=wip act=(320,360) d=3.82 a=1 | sp=preview:active d=3.8 age=3 dtg=3.91 region=0_19
ep=1017 s=60 11121ms [sel=3 cap=11020 rest=97] sg=2->2 mode=NONE win=8 obs=61 | cap=wip act=(320,360) d=3.57 a=1 | sp=preview:active d=3.6 age=4 dtg=4.03 region=0_19
ep=1017 s=61 14133ms [sel=3 cap=14033 rest=97] sg=2->2 mode=NONE win=8 obs=62 | cap=wip act=(320,360) d=3.33 a=1 | sp=preview:active d=3.3 age=5 dtg=4.18 region=0_19
ep=1017 s=62 8186ms [sel=3 cap=8082 rest=100] sg=2->2 mode=NONE win=8 obs=63 | cap=wip act=(320,360) d=3.08 a=1 | sp=preview:active d=3.1 age=6 dtg=4.34 region=0_19
ep=1017 s=63 6937ms [sel=3 cap=6830 rest=104] sg=2->2 mode=NONE win=8 obs=64 | cap=wip act=(320,360) d=2.83 a=1 | sp=preview:active d=2.8 age=7 dtg=4.53 region=None
ep=1017 s=64 12906ms [sel=3 cap=12795 rest=108] sg=2->2 mode=NONE win=8 obs=65 | cap=wip act=(320,360) d=2.59 a=1 | sp=preview:active d=2.6 age=8 dtg=4.73 region=0_9
ep=1017 s=65 12981ms [sel=5894 cap=6979 rest=108] sg=2->3 mode=NONE win=8 obs=66 | cap=DONE act=(320,360) d=2.82 a=3 | sp=som:active d=2.8 age=0 som=3/8 dtg=4.73 region=0_9
ep=1017 s=66 7634ms [sel=4 cap=7523 rest=107] sg=3->3 mode=NONE win=8 obs=67 | cap=wip act=(320,360) d=2.82 a=3 | sp=som:active d=2.8 age=1 dtg=4.73 region=0_9
ep=1017 s=67 5572ms [sel=3 cap=5459 rest=110] sg=3->3 mode=NONE win=8 obs=68 | cap=wip act=(320,360) d=2.82 a=3 | sp=som:active d=2.8 age=2 dtg=4.73 region=0_9
ep=1017 s=68 8312ms [sel=3 cap=8209 rest=100] sg=3->3 mode=NONE win=8 obs=69 | cap=wip act=(320,360) d=2.82 a=1 | sp=som:active d=2.8 age=3 dtg=4.97 region=0_9
ep=1017 s=69 5963ms [sel=3 cap=5856 rest=104] sg=3->3 mode=NONE win=8 obs=70 | cap=wip act=(320,360) d=2.57 a=2 | sp=som:active d=2.6 age=4 dtg=4.97 region=0_9
ep=1017 s=70 11563ms [sel=3 cap=11454 rest=107] sg=3->3 mode=NONE win=8 obs=71 | cap=wip act=(320,360) d=2.57 a=1 | sp=som:active d=2.6 age=5 dtg=5.22 region=0_9
ep=1017 s=71 9178ms [sel=4 cap=9071 rest=104] sg=3->3 mode=NONE win=8 obs=72 | cap=wip act=(320,360) d=2.32 a=1 | sp=som:active d=2.3 age=6 dtg=5.47 region=0_9
ep=1017 s=72 7500ms [sel=3 cap=7389 rest=107] sg=3->3 mode=NONE win=8 obs=73 | cap=wip act=(320,360) d=2.07 a=1 | sp=som:active d=2.1 age=7 dtg=5.72 region=0_9
ep=1017 s=73 10264ms [sel=3 cap=10150 rest=111] sg=3->3 mode=NONE win=8 obs=74 | cap=wip act=(320,360) d=1.83 a=3 | sp=som:active d=1.8 age=8 dtg=5.72 region=0_9
ep=1017 s=74 7202ms [sel=4 cap=7090 rest=109] sg=3->3 mode=NONE win=8 obs=75 | cap=wip act=(320,360) d=1.83 a=1 | sp=som:active d=1.8 age=9 dtg=5.97 region=0_9
ep=1017 s=75 6891ms [sel=3 cap=6770 rest=118] sg=3->3 mode=NONE win=8 obs=76 | cap=wip act=(320,360) d=1.58 a=1 | sp=som:active d=1.6 age=10 dtg=6.21 region=0_9
ep=1017 s=76 4066ms [sel=3 cap=3954 rest=110] sg=3->3 mode=NONE win=8 obs=77 | cap=wip act=(320,360) d=1.33 a=1 | sp=som:active d=1.3 age=11 dtg=6.46 region=0_9
ep=1017 s=77 14500ms [sel=4989 cap=9402 rest=109] sg=3->4 mode=NONE win=8 obs=78 | cap=DONE act=(320,360) d=2.87 a=1 | sp=som:active d=2.9 age=0 som=1/8 dtg=6.71 region=0_9
ep=1017 s=78 4845ms [sel=3 cap=4729 rest=112] sg=4->4 mode=NONE win=8 obs=79 | cap=wip act=(320,360) d=2.62 a=1 | sp=som:active d=2.6 age=1 dtg=6.95 region=0_11
ep=1017 s=79 14889ms [sel=3 cap=14353 rest=497] sg=4->4 mode=NONE win=8 obs=80 | cap=wip act=(320,360) d=2.37 a=1 | preview=view-/6 yaw=+0 render=36ms | sp=som:active d=2.4 age=2 dtg=7.20 region=0_11
ep=1017 s=80 6239ms [sel=3 cap=6126 rest=110] sg=4->4 mode=NONE win=8 obs=81 | cap=wip act=(320,360) d=2.12 a=1 | sp=som:active d=2.1 age=3 dtg=7.45 region=0_11
ep=1017 s=81 6370ms [sel=3 cap=6254 rest=113] sg=4->4 mode=NONE win=8 obs=82 | cap=wip act=(320,360) d=1.87 a=1 | sp=som:active d=1.9 age=4 dtg=7.70 region=0_11
ep=1017 s=82 9161ms [sel=3 cap=0 rest=9121] sg=None->4 mode=NONE win=8 obs=83 | cap=- act=(320,360) d=1.62 a=1 | preview=view-/6 yaw=+0 render=37ms | sp=som:active d=1.6 age=5 ANALYSIS_ERROR_STAGE=unknown ANALYSIS_ERROR='CaptionerInferenceError: Captioner model inference failed' dtg=7.95 region=0_11
ep=1017 s=83 3695ms [sel=3 cap=3581 rest=111] sg=4->4 mode=NONE win=8 obs=84 | cap=wip act=(320,360) d=1.37 a=1 | sp=som:active d=1.4 age=6 dtg=8.20 region=0_11
ep=1017 s=84 7520ms [sel=3 cap=7405 rest=112] sg=4->4 mode=NONE win=8 obs=85 | cap=wip act=(320,360) d=1.12 a=1 | sp=som:active d=1.1 age=7 dtg=8.44 region=0_11
ep=1017 s=85 10722ms [sel=3 cap=10220 rest=461] sg=4->4 mode=NONE win=8 obs=86 | cap=wip act=(320,360) d=0.87 a=1 | preview=view-/6 yaw=+0 render=38ms | sp=som:active d=0.9 age=8 dtg=8.69 region=0_11
ep=1017 s=86 11319ms [sel=3 cap=11204 rest=111] sg=4->4 mode=NONE win=8 obs=87 | cap=wip act=(320,360) d=0.62 a=1 | sp=som:active d=0.6 age=9 dtg=8.94 region=0_11
ep=1017 s=87 12991ms [sel=3566 cap=9313 rest=112] sg=4->4 mode=NONE win=8 obs=88 | cap=wip act=(320,360) d=1.58 a=3 | sp=frontier:active d=1.6 age=0 som=1/6 dtg=8.94 region=0_11
ep=1017 s=88 18846ms [sel=6 cap=18356 rest=449] sg=4->None mode=NONE win=8 obs=89 | cap=DONE act=(320,360) d=1.00 a=1 | preview=view-/6 yaw=+0 render=36ms | sp=frontier:active d=1.6 age=1 dtg=9.18 region=0_11
ep=1017 s=89 113ms [sel=4 cap=0 rest=109] sg=None->None mode=NONE win=8 obs=90 | cap=- act=STOP | sp=frontier:active d=1.4 age=2 dtg=9.18 region=0_11
rank=0 [10/17] id=1017 steps=90 success=0.000 spl=0.000 dtg=9.18 osr=1 path_length=12.50 ndtw=0.386 sdtw=0.000
PluginManager::Manager: duplicate static plugin StbImageImporter, ignoring
PluginManager::Manager: duplicate static plugin GltfImporter, ignoring
PluginManager::Manager: duplicate static plugin BasisImporter, ignoring
PluginManager::Manager: duplicate static plugin AssimpImporter, ignoring
PluginManager::Manager: duplicate static plugin AnySceneImporter, ignoring
PluginManager::Manager: duplicate static plugin AnyImageImporter, ignoring
episode=1192 instruction="So you want to turn left and then stop, and that should be just past the doorway that's directly ahead of you." start_position=[29.118999481201172, 0.00952601432800293, -6.436610221862793] goal_position=[29.04509925842285, 0.11987140774726868, -13.025400161743164] reference_geodesic=6.590128421783447
episode=1192 prepared_subgoals=2
  [1] Turn left until the doorway directly ahead is centered ahead, then walk forward to the doorway directly ahead
      proof: The doorway is directly ahead and within a step.
  [2] Stop just past the doorway
      proof: The camera is positioned beside the doorway, with the space beyond it visible and centered in the view
ep=1192 s=0 12724ms [sel=0 cap=12156 rest=530] sg=1->1 mode=NONE win=1 obs=1 | cap=wip act=TURN request=-45deg execute=-15deg x1 a=2 | preview=view-/6 yaw=+0 render=38ms dtg=6.59 region=0_5
ep=1192 s=1 11460ms [sel=0 cap=11339 rest=121] sg=1->1 mode=GET_NOWHERE win=2 obs=2 | cap=wip/GET_NOWHERE act=TURN request=-45deg execute=-15deg x1 a=2 dtg=6.59 region=0_5
ep=1192 s=2 7003ms [sel=0 cap=6885 rest=118] sg=1->1 mode=NONE win=3 obs=3 | cap=wip act=TURN request=-45deg execute=-15deg x1 a=2 dtg=6.59 region=0_5
ep=1192 s=3 8117ms [sel=0 cap=7998 rest=120] sg=1->1 mode=NONE win=4 obs=4 | cap=wip act=TURN request=-45deg execute=-15deg x1 a=2 dtg=6.59 region=0_5
ep=1192 s=4 5676ms [sel=0 cap=5551 rest=126] sg=1->1 mode=NONE win=5 obs=5 | cap=wip act=TURN request=-45deg execute=-15deg x1 a=2 dtg=6.59 region=0_5
ep=1192 s=5 9106ms [sel=3410 cap=5543 rest=153] sg=1->1 mode=NONE win=6 obs=6 | cap=wip act=(320,360) d=2.98 a=3 | sp=som:active d=3.0 age=0 som=4/8 dtg=6.59 region=0_5
ep=1192 s=6 2524ms [sel=4 cap=2395 rest=125] sg=1->1 mode=NONE win=7 obs=7 | cap=wip act=(320,360) d=2.98 a=3 | sp=som:active d=3.0 age=1 dtg=6.59 region=0_5
ep=1192 s=7 6187ms [sel=4 cap=6064 rest=119] sg=1->1 mode=NONE win=8 obs=8 | cap=wip act=(320,360) d=2.98 a=1 | sp=som:active d=3.0 age=2 dtg=6.42 region=0_5
ep=1192 s=8 5585ms [sel=3 cap=5447 rest=135] sg=1->1 mode=NONE win=8 obs=9 | cap=wip act=(320,360) d=2.75 a=1 | sp=som:active d=2.8 age=3 dtg=6.26 region=0_5
ep=1192 s=9 6598ms [sel=3 cap=6468 rest=127] sg=1->1 mode=NONE win=8 obs=10 | cap=wip act=(320,360) d=2.53 a=1 | sp=som:active d=2.5 age=4 dtg=6.09 region=0_5
ep=1192 s=10 15957ms [sel=39 cap=15352 rest=531] sg=1->1 mode=NONE win=8 obs=11 | cap=wip act=(160,180) d=3.54 a=2 | preview=view2/6 yaw=-45 render=35ms | sp=preview:active d=3.5 age=0 dtg=6.09 region=0_5
ep=1192 s=11 9774ms [sel=3 cap=9652 rest=119] sg=1->1 mode=NONE win=8 obs=12 | cap=wip act=(320,360) d=3.54 a=2 | sp=preview:active d=3.5 age=1 dtg=6.09 region=0_5
ep=1192 s=12 17218ms [sel=8788 cap=8309 rest=120] sg=1->2 mode=NONE win=8 obs=13 | cap=DONE act=(320,360) d=3.06 a=2 | sp=som:active d=3.1 age=0 som=1/8 dtg=6.09 region=0_5
ep=1192 s=13 6255ms [sel=3 cap=6125 rest=127] sg=2->2 mode=NONE win=8 obs=14 | cap=wip act=(320,360) d=3.06 a=2 | sp=som:active d=3.1 age=1 dtg=6.09 region=0_5
ep=1192 s=14 19829ms [sel=5 cap=19269 rest=518] sg=2->None mode=NONE win=8 obs=15 | cap=DONE act=(320,360) d=1.00 a=1 | preview=view-/6 yaw=+0 render=36ms | sp=som:active d=3.1 age=2 dtg=5.84 region=0_5
ep=1192 s=15 123ms [sel=5 cap=0 rest=118] sg=None->None mode=NONE win=8 obs=16 | cap=- act=(320,360) d=1.00 a=1 | sp=som:active d=2.8 age=3 dtg=5.60 region=0_5
ep=1192 s=16 123ms [sel=5 cap=0 rest=118] sg=None->None mode=NONE win=8 obs=17 | cap=- act=(320,360) d=1.00 a=1 | sp=som:active d=2.6 age=4 dtg=5.35 region=0_5
ep=1192 s=17 115ms [sel=0 cap=0 rest=115] sg=None->None mode=NONE win=8 obs=18 | cap=- act=STOP | sp=som:active d=2.3 age=5 dtg=5.35 region=0_5
rank=0 [11/17] id=1192 steps=18 success=0.000 spl=0.000 dtg=5.35 osr=0 path_length=1.67 ndtw=0.496 sdtw=0.000
PluginManager::Manager: duplicate static plugin StbImageImporter, ignoring
PluginManager::Manager: duplicate static plugin GltfImporter, ignoring
PluginManager::Manager: duplicate static plugin BasisImporter, ignoring
PluginManager::Manager: duplicate static plugin AssimpImporter, ignoring
PluginManager::Manager: duplicate static plugin AnySceneImporter, ignoring
PluginManager::Manager: duplicate static plugin AnyImageImporter, ignoring
episode=1236 instruction="So just head straight on up the stairs. And then wait once you're at the top." start_position=[0.6565189957618713, 0.0985960066318512, 5.089280128479004] goal_position=[8.629289627075195, 3.0798158645629883, 1.77114999294281] reference_geodesic=11.670259475708008
episode=1236 prepared_subgoals=2
  [1] Go up the stairs
      proof: The camera has passed the stairs: they are below and behind it and the upper hallway fills the view.
  [2] Wait at the top of the stairs
      proof: The camera is stationary beside the stairs with the upper hallway visible ahead
ep=1236 s=0 11866ms [sel=30 cap=11311 rest=491] sg=1->1 mode=NONE win=1 obs=1 | cap=wip act=TURN request=-45deg execute=-15deg x1 a=2 | preview=view-/6 yaw=+0 render=34ms | sp=preview:active d=5.8 age=0 dtg=11.67 region=0_4
ep=1236 s=1 4453ms [sel=4 cap=4347 rest=101] sg=1->1 mode=NONE win=2 obs=2 | cap=wip act=(320,360) d=5.83 a=2 | sp=preview:active d=5.8 age=1 dtg=11.67 region=0_4
ep=1236 s=2 8111ms [sel=4 cap=8000 rest=106] sg=1->1 mode=NONE win=3 obs=3 | cap=wip act=(320,360) d=5.83 a=2 | sp=preview:active d=5.8 age=2 dtg=11.67 region=0_4
ep=1236 s=3 5665ms [sel=16 cap=5539 rest=110] sg=1->1 mode=NONE win=4 obs=4 | cap=wip act=(320,360) d=5.83 a=2 | sp=preview:active d=5.8 age=3 dtg=11.67 region=0_4
ep=1236 s=4 6575ms [sel=8 cap=6453 rest=114] sg=1->1 mode=NONE win=5 obs=5 | cap=wip act=(320,360) d=5.83 a=1 | sp=preview:active d=5.8 age=4 dtg=11.45 region=0_4
ep=1236 s=5 6090ms [sel=8 cap=5971 rest=111] sg=1->1 mode=NONE win=6 obs=6 | cap=wip act=(320,360) d=5.59 a=1 | sp=preview:active d=5.6 age=5 dtg=11.23 region=0_4
ep=1236 s=6 4734ms [sel=10 cap=4613 rest=112] sg=1->1 mode=NONE win=7 obs=7 | cap=wip act=(320,360) d=5.36 a=2 | sp=preview:active d=5.4 age=6 dtg=11.23 region=0_4
ep=1236 s=7 8938ms [sel=6 cap=8818 rest=114] sg=1->1 mode=NONE win=8 obs=8 | cap=wip act=(320,360) d=5.36 a=2 | sp=preview:active d=5.4 age=7 dtg=11.23 region=0_4
ep=1236 s=8 5032ms [sel=6 cap=4910 rest=116] sg=1->1 mode=NONE win=8 obs=9 | cap=wip act=(320,360) d=5.36 a=1 | sp=preview:active d=5.4 age=8 dtg=10.98 region=0_4
ep=1236 s=9 7119ms [sel=4 cap=7001 rest=114] sg=1->1 mode=NONE win=8 obs=10 | cap=wip act=(320,360) d=5.12 a=1 | sp=preview:active d=5.1 age=9 dtg=10.73 region=0_4
ep=1236 s=10 9512ms [sel=4742 cap=4659 rest=111] sg=1->2 mode=NONE win=8 obs=11 | cap=DONE act=(320,360) d=3.03 a=1 | sp=som:active d=3.0 age=0 som=1/8 dtg=10.48 region=0_4
ep=1236 s=11 8353ms [sel=3 cap=8240 rest=110] sg=2->2 mode=NONE win=8 obs=12 | cap=wip act=(320,360) d=2.78 a=1 | sp=som:active d=2.8 age=1 dtg=10.23 region=0_4
ep=1236 s=12 12506ms [sel=5 cap=11973 rest=493] sg=2->None mode=NONE win=8 obs=13 | cap=DONE act=(320,360) d=1.00 a=1 | preview=view-/6 yaw=+0 render=35ms | sp=som:active d=2.5 age=2 dtg=9.98 region=0_4
ep=1236 s=13 115ms [sel=5 cap=0 rest=110] sg=None->None mode=NONE win=8 obs=14 | cap=- act=(320,360) d=1.00 a=1 | sp=som:active d=2.3 age=3 dtg=9.73 region=0_4
ep=1236 s=14 116ms [sel=5 cap=0 rest=110] sg=None->None mode=NONE win=8 obs=15 | cap=- act=(320,360) d=1.00 a=1 | sp=som:active d=2.0 age=4 dtg=9.48 region=0_4
ep=1236 s=15 105ms [sel=0 cap=0 rest=105] sg=None->None mode=NONE win=8 obs=16 | cap=- act=STOP | sp=som:active d=1.8 age=5 dtg=9.48 region=0_4
rank=0 [12/17] id=1236 steps=16 success=0.000 spl=0.000 dtg=9.48 osr=0 path_length=2.25 ndtw=0.337 sdtw=0.000
PluginManager::Manager: duplicate static plugin StbImageImporter, ignoring
PluginManager::Manager: duplicate static plugin GltfImporter, ignoring
PluginManager::Manager: duplicate static plugin BasisImporter, ignoring
PluginManager::Manager: duplicate static plugin AssimpImporter, ignoring
PluginManager::Manager: duplicate static plugin AnySceneImporter, ignoring
PluginManager::Manager: duplicate static plugin AnyImageImporter, ignoring
episode=1297 instruction="Okay so follow the red carpet along, and when you get to the bed turn right. And you'll stop underneath the door frame there." start_position=[1.8589600324630737, 0.00952601432800293, -6.373849868774414] goal_position=[6.830239772796631, 0.20952606201171875, -13.767000198364258] reference_geodesic=9.81588363647461
episode=1297 prepared_subgoals=2
  [1] Follow the red carpet along
      proof: The red carpet along is beside or directly ahead of the camera, within a step; the camera has not yet turned right.
  [2] Turn right at the bed, then stop underneath the door frame
      proof: The camera is stationary and the door frame is directly overhead and central in the view
ep=1297 s=0 11383ms [sel=22 cap=10782 rest=541] sg=1->1 mode=NONE win=1 obs=1 | cap=wip act=(160,180) d=4.36 a=1 | preview=view1/6 yaw=-45 render=38ms | sp=preview:active d=4.4 age=0 dtg=9.57 region=0_1
ep=1297 s=1 3302ms [sel=3 cap=3178 rest=121] sg=1->1 mode=NONE win=2 obs=2 | cap=wip act=(320,360) d=4.11 a=1 | sp=preview:active d=4.1 age=1 dtg=9.32 region=0_1
ep=1297 s=2 4880ms [sel=3 cap=4746 rest=131] sg=1->1 mode=NONE win=3 obs=3 | cap=wip act=(320,360) d=3.86 a=1 | sp=preview:active d=3.9 age=2 dtg=9.07 region=0_1
ep=1297 s=3 6036ms [sel=3 cap=5910 rest=123] sg=1->1 mode=NONE win=4 obs=4 | cap=wip act=(320,360) d=3.61 a=1 | sp=preview:active d=3.6 age=3 dtg=8.83 region=0_1
ep=1297 s=4 4163ms [sel=3 cap=4043 rest=116] sg=1->1 mode=NONE win=5 obs=5 | cap=wip act=(320,360) d=3.36 a=1 | sp=preview:active d=3.4 age=4 dtg=8.58 region=0_1
ep=1297 s=5 5419ms [sel=3 cap=5301 rest=115] sg=1->1 mode=NONE win=6 obs=6 | cap=wip act=(320,360) d=3.11 a=1 | sp=preview:active d=3.1 age=5 dtg=8.34 region=0_1
ep=1297 s=6 5839ms [sel=3 cap=5719 rest=117] sg=1->1 mode=NONE win=7 obs=7 | cap=wip act=(320,360) d=2.86 a=1 | sp=preview:active d=2.9 age=6 dtg=8.09 region=0_1
ep=1297 s=7 8438ms [sel=0 cap=8308 rest=130] sg=1->2 mode=NONE win=8 obs=8 | cap=DONE act=TURN request=+45deg execute=+15deg x1 a=3 | sp=preview:active d=2.6 age=7 dtg=8.09 region=0_1
ep=1297 s=8 4634ms [sel=0 cap=4512 rest=121] sg=2->2 mode=NONE win=8 obs=9 | cap=wip act=TURN request=+45deg execute=+15deg x1 a=3 dtg=8.09 region=0_1
ep=1297 s=9 4565ms [sel=0 cap=4443 rest=122] sg=2->2 mode=NONE win=8 obs=10 | cap=wip act=TURN request=+45deg execute=+15deg x1 a=3 dtg=8.09 region=0_1
ep=1297 s=10 7711ms [sel=0 cap=7176 rest=498] sg=2->2 mode=NONE win=8 obs=11 | cap=wip act=TURN request=+45deg execute=+15deg x1 a=3 | preview=view-/6 yaw=+0 render=37ms dtg=8.09 region=0_1
ep=1297 s=11 5120ms [sel=1050 cap=3946 rest=125] sg=2->2 mode=NONE win=8 obs=12 | cap=wip act=(320,360) d=2.96 a=2 | sp=som:active d=3.0 age=0 som=3/8 dtg=8.09 region=0_1
ep=1297 s=12 5439ms [sel=3 cap=5307 rest=129] sg=2->2 mode=NONE win=8 obs=13 | cap=wip act=(320,360) d=2.96 a=2 | sp=som:active d=3.0 age=1 dtg=8.09 region=0_1
ep=1297 s=13 6471ms [sel=3 cap=6352 rest=117] sg=2->2 mode=NONE win=8 obs=14 | cap=wip act=(320,360) d=2.96 a=1 | sp=som:active d=3.0 age=2 dtg=7.86 region=0_1
ep=1297 s=14 13864ms [sel=3 cap=13344 rest=481] sg=2->2 mode=NONE win=8 obs=15 | cap=wip act=(320,360) d=2.73 a=2 | preview=view-/6 yaw=+0 render=36ms | sp=som:active d=2.7 age=3 dtg=7.86 region=0_1
ep=1297 s=15 7009ms [sel=3 cap=6890 rest=116] sg=2->2 mode=NONE win=8 obs=16 | cap=wip act=(320,360) d=2.73 a=1 | sp=som:active d=2.7 age=4 dtg=7.61 region=0_1
ep=1297 s=16 7018ms [sel=4 cap=6897 rest=118] sg=2->2 mode=NONE win=8 obs=17 | cap=wip act=(320,360) d=2.54 a=2 | sp=som:active d=2.5 age=5 dtg=7.61 region=0_1
ep=1297 s=17 15357ms [sel=5 cap=14810 rest=506] sg=2->None mode=NONE win=8 obs=18 | cap=DONE act=(320,360) d=1.00 a=1 | preview=view-/6 yaw=+0 render=37ms | sp=som:active d=2.5 age=6 dtg=7.36 region=0_1
ep=1297 s=18 120ms [sel=4 cap=0 rest=116] sg=None->None mode=NONE win=8 obs=19 | cap=- act=(320,360) d=1.00 a=1 | sp=som:active d=2.4 age=7 dtg=7.12 region=0_1
ep=1297 s=19 121ms [sel=4 cap=0 rest=116] sg=None->None mode=NONE win=8 obs=20 | cap=- act=(320,360) d=1.00 a=1 | sp=som:active d=2.3 age=8 dtg=6.87 region=0_1
ep=1297 s=20 118ms [sel=0 cap=0 rest=118] sg=None->None mode=NONE win=8 obs=21 | cap=- act=STOP | sp=som:active d=2.2 age=9 dtg=6.87 region=0_1
rank=0 [13/17] id=1297 steps=21 success=0.000 spl=0.000 dtg=6.87 osr=0 path_length=3.02 ndtw=0.462 sdtw=0.000
PluginManager::Manager: duplicate static plugin StbImageImporter, ignoring
PluginManager::Manager: duplicate static plugin GltfImporter, ignoring
PluginManager::Manager: duplicate static plugin BasisImporter, ignoring
PluginManager::Manager: duplicate static plugin AssimpImporter, ignoring
PluginManager::Manager: duplicate static plugin AnySceneImporter, ignoring
PluginManager::Manager: duplicate static plugin AnyImageImporter, ignoring
episode=1382 instruction="Okay so head over toward the cock, and then go left, past the mirror. Make your way to the left of the bed and on into the closet, and that's where you stop." start_position=[22.13800048828125, 0.12711000442504883, -3.077199935913086] goal_position=[29.16200065612793, 0.12711000442504883, -1.2790299654006958] reference_geodesic=8.593505859375
episode=1382 prepared_subgoals=5
  [1] Go toward the cock
      proof: The cock is beside or directly ahead of the camera, within a step; the camera has not yet turned left.
  [2] Turn left at the cock, then walk past the mirror
      proof: The mirror is behind and to the left, and the path continues straight ahead.
  [3] Walk to the left of the bed
      proof: The bed is to the right of the camera, and the left side of the bed is directly ahead.
  [4] Enter the closet
      proof: The camera has crossed the closet threshold and the closet interior is central in the view.
  [5] Stop beside the closet
      proof: The camera is stationary beside the closet entrance, with the closet interior visible ahead
ep=1382 s=0 11923ms [sel=34 cap=11461 rest=385] sg=1->1 mode=NONE win=1 obs=1 | cap=wip act=(160,180) d=3.45 a=3 | preview=view2/6 yaw=+0 render=43ms | sp=preview:active d=3.5 age=0 dtg=8.59 region=0_16
ep=1382 s=1 7052ms [sel=6 cap=6949 rest=97] sg=1->1 mode=NONE win=2 obs=2 | cap=wip act=(320,360) d=3.45 a=3 | sp=preview:active d=3.5 age=1 dtg=8.59 region=0_16
ep=1382 s=2 5311ms [sel=6 cap=5208 rest=97] sg=1->1 mode=NONE win=3 obs=3 | cap=wip act=(320,360) d=3.45 a=3 | sp=preview:active d=3.5 age=2 dtg=8.59 region=0_16
ep=1382 s=3 6739ms [sel=6 cap=6645 rest=89] sg=1->1 mode=GET_NOWHERE win=4 obs=4 | cap=wip/GET_NOWHERE act=(320,360) d=3.45 a=3 | sp=preview:active d=3.5 age=3 dtg=8.59 region=0_16
ep=1382 s=4 6997ms [sel=6 cap=6907 rest=84] sg=1->1 mode=NONE win=5 obs=5 | cap=wip act=(320,360) d=3.45 a=3 | sp=preview:active d=3.5 age=4 dtg=8.59 region=0_16
ep=1382 s=5 5555ms [sel=6 cap=5464 rest=85] sg=1->1 mode=NONE win=6 obs=6 | cap=wip act=(320,360) d=3.45 a=3 | sp=preview:active d=3.5 age=5 dtg=8.59 region=0_16
ep=1382 s=6 5398ms [sel=6 cap=5315 rest=78] sg=1->1 mode=NONE win=7 obs=7 | cap=wip act=(320,360) d=3.45 a=3 | sp=preview:active d=3.5 age=6 dtg=8.59 region=0_16
ep=1382 s=7 7376ms [sel=6 cap=7287 rest=83] sg=1->1 mode=NONE win=8 obs=8 | cap=wip act=(320,360) d=3.45 a=3 | sp=preview:active d=3.5 age=7 dtg=8.59 region=0_16
ep=1382 s=8 5899ms [sel=5 cap=5813 rest=80] sg=1->1 mode=NONE win=8 obs=9 | cap=wip act=(320,360) d=3.45 a=3 | sp=preview:active d=3.5 age=8 dtg=8.59 region=0_16
ep=1382 s=9 8429ms [sel=4 cap=8341 rest=84] sg=1->1 mode=NONE win=8 obs=10 | cap=wip act=(320,360) d=3.45 a=3 | sp=preview:active d=3.5 age=9 dtg=8.59 region=0_16
ep=1382 s=10 10397ms [sel=4 cap=10304 rest=90] sg=1->1 mode=NONE win=8 obs=11 | cap=wip act=(320,360) d=3.45 a=3 | sp=preview:active d=3.5 age=10 dtg=8.59 region=0_16
ep=1382 s=11 11527ms [sel=9 cap=11050 rest=405] sg=1->1 mode=NONE win=8 obs=12 | cap=wip act=(320,360) d=3.45 a=3 | preview=view-/6 yaw=+0 render=64ms | sp=preview:active d=3.5 age=11 dtg=8.59 region=0_16
ep=1382 s=12 3063ms [sel=5 cap=2958 rest=100] sg=1->1 mode=NONE win=8 obs=13 | cap=wip act=(320,360) d=3.45 a=1 | sp=preview:active d=3.5 age=12 dtg=8.34 region=0_16
ep=1382 s=13 6261ms [sel=6 cap=6151 rest=104] sg=1->1 mode=NONE win=8 obs=14 | cap=wip act=(320,360) d=3.70 a=3 | sp=preview:active d=3.7 age=13 dtg=8.34 region=0_16
ep=1382 s=14 7672ms [sel=4 cap=7556 rest=112] sg=1->1 mode=NONE win=8 obs=15 | cap=wip act=(320,360) d=3.70 a=1 | sp=preview:active d=3.7 age=14 dtg=8.10 region=0_16
ep=1382 s=15 10739ms [sel=34 cap=10255 rest=413] sg=1->1 mode=NONE win=8 obs=16 | cap=wip act=(160,180) d=3.74 a=3 | preview=view0/6 yaw=-180 render=37ms | sp=preview:active d=3.7 age=0 dtg=8.10 region=0_16
ep=1382 s=16 5598ms [sel=5 cap=5482 rest=111] sg=1->1 mode=NONE win=8 obs=17 | cap=wip act=(320,360) d=3.74 a=1 | sp=preview:active d=3.7 age=1 dtg=7.90 region=0_16
ep=1382 s=17 6024ms [sel=4 cap=5905 rest=115] sg=1->1 mode=NONE win=8 obs=18 | cap=wip act=(320,360) d=3.96 a=3 | sp=preview:active d=4.0 age=2 dtg=7.90 region=0_16
ep=1382 s=18 4418ms [sel=22 cap=4285 rest=111] sg=1->1 mode=NONE win=8 obs=19 | cap=wip act=(320,360) d=3.96 a=1 | sp=preview:active d=4.0 age=3 dtg=7.83 region=0_16
ep=1382 s=19 8028ms [sel=40 cap=7498 rest=454] sg=1->1 mode=NONE win=8 obs=20 | cap=wip act=(160,180) d=2.76 a=2 | preview=view1/6 yaw=-90 render=37ms | sp=preview:active d=2.8 age=0 dtg=7.83 region=0_16
ep=1382 s=20 8377ms [sel=21 cap=8246 rest=110] sg=1->1 mode=NONE win=8 obs=21 | cap=wip act=(320,360) d=2.76 a=2 | sp=preview:active d=2.8 age=1 dtg=7.83 region=0_16
ep=1382 s=21 6601ms [sel=16 cap=6479 rest=106] sg=1->1 mode=NONE win=8 obs=22 | cap=wip act=(320,360) d=2.76 a=2 | sp=preview:active d=2.8 age=2 dtg=7.83 region=0_16
ep=1382 s=22 9280ms [sel=33 cap=8749 rest=462] sg=1->1 mode=NONE win=8 obs=23 | cap=wip act=(160,180) d=2.76 a=1 | preview=view2/6 yaw=-0 render=37ms | sp=preview:active d=2.8 age=0 dtg=7.64 region=0_16
ep=1382 s=23 6091ms [sel=8 cap=5976 rest=106] sg=1->1 mode=NONE win=8 obs=24 | cap=wip act=(320,360) d=2.60 a=2 | sp=preview:active d=2.6 age=1 dtg=7.64 region=0_16
ep=1382 s=24 8352ms [sel=5 cap=8241 rest=105] sg=1->1 mode=NONE win=8 obs=25 | cap=wip act=(320,360) d=2.60 a=1 | sp=preview:active d=2.6 age=2 dtg=7.44 region=0_16
ep=1382 s=25 10826ms [sel=28 cap=10280 rest=481] sg=1->1 mode=NONE win=8 obs=26 | cap=wip act=(160,180) d=2.42 a=2 | preview=view2/6 yaw=-30 render=37ms | sp=preview:active d=2.4 age=0 dtg=7.44 region=0_16
ep=1382 s=26 5467ms [sel=0 cap=5358 rest=109] sg=1->2 mode=NONE win=8 obs=27 | cap=DONE act=TURN request=-45deg execute=-15deg x1 a=2 | sp=preview:active d=2.4 age=1 dtg=7.44 region=0_16
ep=1382 s=27 4579ms [sel=0 cap=4483 rest=96] sg=2->2 mode=NONE win=8 obs=28 | cap=wip act=TURN request=-45deg execute=-15deg x1 a=2 dtg=7.44 region=0_16
ep=1382 s=28 5909ms [sel=0 cap=5797 rest=112] sg=2->2 mode=NONE win=8 obs=29 | cap=wip act=TURN request=-45deg execute=-15deg x1 a=2 dtg=7.44 region=0_16
ep=1382 s=29 6225ms [sel=0 cap=6142 rest=83] sg=2->2 mode=NONE win=8 obs=30 | cap=wip act=TURN request=-45deg execute=-15deg x1 a=2 dtg=7.44 region=0_16
ep=1382 s=30 8307ms [sel=0 cap=8222 rest=85] sg=2->2 mode=NONE win=8 obs=31 | cap=wip act=TURN request=-45deg execute=-15deg x1 a=2 dtg=7.44 region=0_16
ep=1382 s=31 8747ms [sel=1807 cap=6859 rest=81] sg=2->2 mode=NONE win=8 obs=32 | cap=wip act=(320,360) d=1.18 a=2 | sp=som:active d=1.2 age=0 som=1/7 dtg=7.44 region=0_16
ep=1382 s=32 7452ms [sel=9 cap=7369 rest=74] sg=2->2 mode=NONE win=8 obs=33 | cap=wip act=(320,360) d=1.18 a=2 | sp=som:active d=1.2 age=1 dtg=7.44 region=0_16
ep=1382 s=33 4705ms [sel=5 cap=4618 rest=82] sg=2->2 mode=NONE win=8 obs=34 | cap=wip act=(320,360) d=1.18 a=2 | sp=som:active d=1.2 age=2 dtg=7.44 region=0_16
ep=1382 s=34 7506ms [sel=4 cap=7419 rest=84] sg=2->2 mode=NONE win=8 obs=35 | cap=wip act=(320,360) d=1.18 a=2 | sp=som:active d=1.2 age=3 dtg=7.44 region=0_16
ep=1382 s=35 8185ms [sel=3 cap=8078 rest=103] sg=2->2 mode=NONE win=8 obs=36 | cap=wip act=(320,360) d=1.18 a=1 | sp=som:active d=1.2 age=4 dtg=7.55 region=0_16
ep=1382 s=36 6371ms [sel=4 cap=6271 rest=96] sg=2->2 mode=NONE win=8 obs=37 | cap=wip act=(320,360) d=0.93 a=1 | sp=som:active d=0.9 age=5 dtg=7.72 region=0_16
ep=1382 s=37 5267ms [sel=3 cap=5172 rest=92] sg=2->2 mode=NONE win=8 obs=38 | cap=wip act=(320,360) d=0.68 a=1 | sp=som:active d=0.7 age=6 dtg=7.94 region=0_16
ep=1382 s=38 8445ms [sel=3923 cap=4427 rest=95] sg=2->2 mode=NONE win=8 obs=39 | cap=wip act=(320,360) d=3.10 a=2 | sp=som:active d=3.1 age=0 som=4/8 dtg=7.94 region=0_16
ep=1382 s=39 9337ms [sel=28 cap=9217 rest=92] sg=2->2 mode=NONE win=8 obs=40 | cap=wip act=(320,360) d=3.10 a=1 | sp=som:active d=3.1 age=1 dtg=8.19 region=0_16
ep=1382 s=40 7578ms [sel=30 cap=7449 rest=100] sg=2->2 mode=NONE win=8 obs=41 | cap=wip act=(320,360) d=2.85 a=1 | sp=som:active d=2.9 age=2 dtg=8.44 region=0_16
ep=1382 s=41 10340ms [sel=79 cap=9823 rest=397] sg=2->2 mode=NONE win=8 obs=42 | cap=wip act=(160,180) d=3.40 a=1 | preview=view3/6 yaw=+0 render=41ms | sp=preview:active d=3.4 age=0 dtg=8.69 region=0_16
ep=1382 s=42 8236ms [sel=30 cap=8104 rest=102] sg=2->2 mode=NONE win=8 obs=43 | cap=wip act=(320,360) d=3.15 a=1 | sp=preview:active d=3.2 age=1 dtg=8.94 region=0_16
ep=1382 s=43 6975ms [sel=31 cap=6837 rest=108] sg=2->2 mode=NONE win=8 obs=44 | cap=wip act=(320,360) d=2.90 a=1 | sp=preview:active d=2.9 age=2 dtg=9.19 region=0_16
ep=1382 s=44 5829ms [sel=30 cap=5387 rest=374] sg=2->2 mode=NONE win=8 obs=45 | cap=wip act=(320,360) d=2.65 a=3 | preview=view-/6 yaw=+0 render=38ms | sp=preview:active d=2.7 age=3 dtg=9.19 region=0_16
ep=1382 s=45 7043ms [sel=31 cap=6890 rest=122] sg=2->2 mode=NONE win=8 obs=46 | cap=wip act=(320,360) d=2.65 a=1 | sp=preview:active d=2.7 age=4 dtg=9.43 region=0_16
ep=1382 s=46 5005ms [sel=28 cap=4858 rest=118] sg=2->2 mode=NONE win=8 obs=47 | cap=wip act=(320,360) d=2.41 a=1 | sp=preview:active d=2.4 age=5 dtg=9.67 region=0_16
ep=1382 s=47 5884ms [sel=30 cap=5733 rest=121] sg=2->2 mode=NONE win=8 obs=48 | cap=wip act=(320,360) d=2.17 a=1 | sp=preview:active d=2.2 age=6 dtg=9.92 region=0_16
ep=1382 s=48 7290ms [sel=8 cap=7165 rest=116] sg=2->2 mode=NONE win=8 obs=49 | cap=wip act=(320,360) d=1.93 a=2 | sp=preview:active d=1.9 age=7 dtg=9.92 region=0_16
ep=1382 s=49 5972ms [sel=8 cap=5844 rest=119] sg=2->2 mode=NONE win=8 obs=50 | cap=wip act=(320,360) d=1.93 a=1 | sp=preview:active d=1.9 age=8 dtg=10.17 region=0_16
ep=1382 s=50 5899ms [sel=8 cap=5773 rest=118] sg=2->2 mode=NONE win=8 obs=51 | cap=wip act=(320,360) d=1.68 a=1 | sp=preview:active d=1.7 age=9 dtg=10.42 region=0_16
ep=1382 s=51 5285ms [sel=5 cap=5160 rest=120] sg=2->2 mode=NONE win=8 obs=52 | cap=wip act=(320,360) d=1.43 a=1 | sp=preview:active d=1.4 age=10 dtg=10.67 region=0_16
ep=1382 s=52 5267ms [sel=4 cap=5145 rest=119] sg=2->2 mode=NONE win=8 obs=53 | cap=wip act=(320,360) d=1.19 a=2 | sp=preview:active d=1.2 age=11 dtg=10.67 region=0_16
ep=1382 s=53 7081ms [sel=1027 cap=5935 rest=119] sg=2->2 mode=NONE win=8 obs=54 | cap=wip act=(320,360) d=2.78 a=1 | sp=som:active d=2.8 age=0 som=2/7 dtg=10.91 region=0_16
ep=1382 s=54 4941ms [sel=4 cap=4826 rest=112] sg=2->2 mode=NONE win=8 obs=55 | cap=wip act=(320,360) d=2.54 a=1 | sp=som:active d=2.5 age=1 dtg=11.15 region=0_16
ep=1382 s=55 8871ms [sel=3 cap=8762 rest=107] sg=2->2 mode=NONE win=8 obs=56 | cap=wip act=(320,360) d=2.30 a=1 | sp=som:active d=2.3 age=2 dtg=11.39 region=0_16
ep=1382 s=56 8785ms [sel=4 cap=8683 rest=99] sg=2->2 mode=NONE win=8 obs=57 | cap=wip act=(320,360) d=2.06 a=3 | sp=som:active d=2.1 age=3 dtg=11.39 region=0_16
ep=1382 s=57 7424ms [sel=4 cap=7312 rest=108] sg=2->2 mode=NONE win=8 obs=58 | cap=wip act=(320,360) d=2.06 a=1 | sp=som:active d=2.1 age=4 dtg=11.64 region=0_18
ep=1382 s=58 6661ms [sel=3 cap=6551 rest=108] sg=2->2 mode=NONE win=8 obs=59 | cap=wip act=(320,360) d=1.81 a=1 | sp=som:active d=1.8 age=5 dtg=11.89 region=0_18
ep=1382 s=59 3961ms [sel=4 cap=3855 rest=102] sg=2->2 mode=NONE win=8 obs=60 | cap=wip act=(320,360) d=1.56 a=1 | sp=som:active d=1.6 age=6 dtg=12.14 region=0_18
ep=1382 s=60 12000ms [sel=3 cap=11899 rest=98] sg=2->2 mode=NONE win=8 obs=61 | cap=wip act=(320,360) d=1.31 a=1 | sp=som:active d=1.3 age=7 dtg=12.39 region=0_18
ep=1382 s=61 4263ms [sel=4 cap=4162 rest=96] sg=2->2 mode=NONE win=8 obs=62 | cap=wip act=(320,360) d=1.06 a=3 | sp=som:active d=1.1 age=8 dtg=12.39 region=0_18
ep=1382 s=62 6916ms [sel=3 cap=6816 rest=98] sg=2->2 mode=NONE win=8 obs=63 | cap=wip act=(320,360) d=1.06 a=1 | sp=som:active d=1.1 age=9 dtg=12.63 region=0_18
ep=1382 s=63 12102ms [sel=3 cap=12001 rest=98] sg=2->2 mode=NONE win=8 obs=64 | cap=wip act=(320,360) d=0.82 a=1 | sp=som:active d=0.8 age=10 dtg=12.87 region=0_18
ep=1382 s=64 2593ms [sel=3 cap=2483 rest=107] sg=2->2 mode=NONE win=8 obs=65 | cap=wip act=(320,360) d=0.57 a=1 | sp=som:active d=0.6 age=11 dtg=13.12 region=0_18
ep=1382 s=65 13091ms [sel=3881 cap=9088 rest=123] sg=2->2 mode=NONE win=8 obs=66 | cap=wip act=(320,360) d=2.73 a=2 | sp=som:active d=2.7 age=0 som=3/7 dtg=13.12 region=0_18
ep=1382 s=66 4597ms [sel=8 cap=4425 rest=165] sg=2->2 mode=NONE win=8 obs=67 | cap=wip act=(320,360) d=2.73 a=1 | sp=som:active d=2.7 age=1 dtg=13.37 region=0_18
ep=1382 s=67 8120ms [sel=8 cap=7994 rest=118] sg=2->2 mode=NONE win=8 obs=68 | cap=wip act=(320,360) d=2.48 a=1 | sp=som:active d=2.5 age=2 dtg=13.62 region=0_18
ep=1382 s=68 7882ms [sel=2106 cap=5662 rest=114] sg=2->3 mode=NONE win=8 obs=69 | cap=DONE act=(320,360) d=2.68 a=1 | sp=som:active d=2.7 age=0 som=1/7 dtg=13.87 region=0_18
ep=1382 s=69 3658ms [sel=3 cap=3540 rest=116] sg=3->3 mode=NONE win=8 obs=70 | cap=wip act=(320,360) d=2.46 a=2 | sp=som:active d=2.5 age=1 dtg=13.87 region=0_18
ep=1382 s=70 3820ms [sel=3 cap=3695 rest=122] sg=3->3 mode=NONE win=8 obs=71 | cap=wip act=(320,360) d=2.46 a=1 | sp=som:active d=2.5 age=2 dtg=14.11 region=0_18
ep=1382 s=71 9394ms [sel=3 cap=9274 rest=117] sg=3->3 mode=NONE win=8 obs=72 | cap=wip act=(320,360) d=2.21 a=2 | sp=som:active d=2.2 age=3 dtg=14.11 region=0_18
ep=1382 s=72 5856ms [sel=3 cap=5737 rest=117] sg=3->3 mode=NONE win=8 obs=73 | cap=wip act=(320,360) d=2.21 a=1 | sp=som:active d=2.2 age=4 dtg=14.32 region=0_18
ep=1382 s=73 6308ms [sel=3 cap=6191 rest=114] sg=3->3 mode=NONE win=8 obs=74 | cap=wip act=(320,360) d=1.96 a=1 | sp=som:active d=2.0 age=5 dtg=14.55 region=0_18
ep=1382 s=74 8530ms [sel=3 cap=8414 rest=113] sg=3->3 mode=NONE win=8 obs=75 | cap=wip act=(320,360) d=1.71 a=3 | sp=som:active d=1.7 age=6 dtg=14.55 region=0_18
ep=1382 s=75 9890ms [sel=3 cap=9775 rest=113] sg=3->3 mode=NONE win=8 obs=76 | cap=wip act=(320,360) d=1.71 a=1 | sp=som:active d=1.7 age=7 dtg=14.79 region=0_18
ep=1382 s=76 7677ms [sel=4 cap=7564 rest=110] sg=3->3 mode=NONE win=8 obs=77 | cap=wip act=(320,360) d=1.47 a=1 | sp=som:active d=1.5 age=8 dtg=15.04 region=0_18
ep=1382 s=77 7211ms [sel=3 cap=7102 rest=106] sg=3->3 mode=NONE win=8 obs=78 | cap=wip act=(320,360) d=1.23 a=3 | sp=som:active d=1.2 age=9 dtg=15.04 region=0_18
ep=1382 s=78 8206ms [sel=3 cap=8100 rest=103] sg=3->3 mode=NONE win=8 obs=79 | cap=wip act=(320,360) d=1.23 a=1 | sp=som:active d=1.2 age=10 dtg=15.29 region=0_18
ep=1382 s=79 9567ms [sel=4 cap=9458 rest=105] sg=3->3 mode=NONE win=8 obs=80 | cap=wip act=(320,360) d=1.04 a=1 | sp=som:active d=1.0 age=11 dtg=15.54 region=0_18
ep=1382 s=80 8424ms [sel=4 cap=8316 rest=103] sg=3->3 mode=NONE win=8 obs=81 | cap=wip act=(320,360) d=0.87 a=2 | sp=som:active d=0.9 age=12 dtg=15.54 region=0_18
ep=1382 s=81 10204ms [sel=3 cap=10095 rest=106] sg=3->3 mode=NONE win=8 obs=82 | cap=wip act=(320,360) d=0.87 a=1 | sp=som:active d=0.9 age=13 dtg=15.79 region=0_18
ep=1382 s=82 11487ms [sel=5 cap=11372 rest=110] sg=3->3 mode=NONE win=8 obs=83 | cap=wip act=(320,360) d=0.69 a=2 | sp=som:active d=0.7 age=14 dtg=15.79 region=0_18
ep=1382 s=83 11244ms [sel=3 cap=11127 rest=114] sg=3->3 mode=NONE win=8 obs=84 | cap=wip act=(320,360) d=0.69 a=2 | sp=som:active d=0.7 age=15 dtg=15.79 region=0_18
ep=1382 s=84 9973ms [sel=3 cap=9855 rest=115] sg=3->3 mode=NONE win=8 obs=85 | cap=wip act=(320,360) d=0.69 a=1 | sp=som:active d=0.7 age=16 dtg=15.99 region=0_18
ep=1382 s=85 14524ms [sel=46 cap=14360 rest=118] sg=3->3 mode=NONE win=8 obs=86 | cap=wip act=(320,360) d=2.05 a=2 | sp=frontier:active d=2.1 age=0 dtg=15.99 region=0_18
ep=1382 s=86 7393ms [sel=6 cap=7272 rest=115] sg=3->3 mode=NONE win=8 obs=87 | cap=wip act=(320,360) d=2.05 a=2 | sp=frontier:active d=2.1 age=1 dtg=15.99 region=0_18
ep=1382 s=87 18012ms [sel=51 cap=17452 rest=472] sg=3->3 mode=NONE win=8 obs=88 | cap=wip act=(160,180) d=4.03 a=2 | preview=view1/6 yaw=-75 render=37ms | sp=preview:active d=4.0 age=0 dtg=15.99 region=0_18
ep=1382 s=88 11048ms [sel=38 cap=10897 rest=112] sg=3->3 mode=NONE win=8 obs=89 | cap=wip act=(320,360) d=4.03 a=2 | sp=preview:active d=4.0 age=1 dtg=15.99 region=0_18
ep=1382 s=89 8356ms [sel=38 cap=8205 rest=112] sg=3->3 mode=NONE win=8 obs=90 | cap=wip act=(320,360) d=4.03 a=2 | sp=preview:active d=4.0 age=2 dtg=15.99 region=0_18
ep=1382 s=90 5928ms [sel=3242 cap=2575 rest=112] sg=3->4 mode=NONE win=8 obs=91 | cap=DONE act=TURN request=-45deg execute=-15deg x1 a=2 | sp=preview:active d=4.0 age=3 door_evts=1 som=3/8 dtg=15.99 region=0_18
ep=1382 s=91 8931ms [sel=0 cap=8821 rest=110] sg=4->4 mode=NONE win=8 obs=92 | cap=wip act=TURN request=-45deg execute=-15deg x1 a=2 | sp=- door_evts=1 dtg=15.99 region=0_18
ep=1382 s=92 4856ms [sel=0 cap=4742 rest=114] sg=4->4 mode=NONE win=8 obs=93 | cap=wip act=TURN request=-45deg execute=-15deg x1 a=2 | sp=- door_evts=1 dtg=15.99 region=0_18
ep=1382 s=93 7338ms [sel=0 cap=7227 rest=111] sg=4->4 mode=NONE win=8 obs=94 | cap=wip act=TURN request=-45deg execute=-15deg x1 a=2 | sp=- door_evts=1 dtg=15.99 region=0_18
ep=1382 s=94 5920ms [sel=0 cap=5810 rest=110] sg=4->4 mode=NONE win=8 obs=95 | cap=wip act=TURN request=-45deg execute=-15deg x1 a=2 | sp=- door_evts=1 dtg=15.99 region=0_18
ep=1382 s=95 5875ms [sel=2259 cap=3507 rest=110] sg=4->4 mode=NONE win=8 obs=96 | cap=wip act=(320,360) d=2.10 a=1 | sp=som:active d=2.1 age=0 som=1/8 dtg=15.74 region=0_18
ep=1382 s=96 9764ms [sel=4 cap=9645 rest=115] sg=4->4 mode=NONE win=8 obs=97 | cap=wip act=(320,360) d=1.85 a=2 | sp=som:active d=1.9 age=1 dtg=15.74 region=0_18
ep=1382 s=97 9444ms [sel=3 cap=9332 rest=109] sg=4->4 mode=NONE win=8 obs=98 | cap=wip act=(320,360) d=1.85 a=1 | sp=som:active d=1.9 age=2 dtg=15.51 region=0_18
ep=1382 s=98 13776ms [sel=23 cap=13240 rest=474] sg=4->4 mode=NONE win=8 obs=99 | cap=wip act=(160,180) d=3.56 a=1 | preview=view3/6 yaw=+0 render=39ms | sp=preview:active d=3.6 age=0 dtg=15.27 region=0_18
ep=1382 s=99 12734ms [sel=9 cap=12603 rest=121] sg=4->4 mode=NONE win=8 obs=100 | cap=wip act=(320,360) d=3.33 a=1 | sp=preview:active d=3.3 age=1 dtg=15.05 region=0_18
ep=1382 s=100 4524ms [sel=9 cap=4395 rest=120] sg=4->4 mode=NONE win=8 obs=101 | cap=wip act=(320,360) d=3.11 a=3 | sp=preview:active d=3.1 age=2 dtg=15.05 region=0_18
ep=1382 s=101 6051ms [sel=9 cap=5932 rest=110] sg=4->4 mode=NONE win=8 obs=102 | cap=wip act=(320,360) d=3.11 a=1 | sp=preview:active d=3.1 age=3 dtg=14.81 region=0_18
ep=1382 s=102 8031ms [sel=9 cap=7911 rest=111] sg=4->4 mode=NONE win=8 obs=103 | cap=wip act=(320,360) d=2.87 a=1 | sp=preview:active d=2.9 age=4 dtg=14.57 region=0_18
ep=1382 s=103 5484ms [sel=9 cap=5360 rest=115] sg=4->4 mode=NONE win=8 obs=104 | cap=wip act=(320,360) d=2.62 a=3 | sp=preview:active d=2.6 age=5 dtg=14.57 region=0_18
ep=1382 s=104 7666ms [sel=8 cap=7549 rest=108] sg=4->4 mode=NONE win=8 obs=105 | cap=wip act=(320,360) d=2.62 a=1 | sp=preview:active d=2.6 age=6 dtg=14.32 region=0_18
ep=1382 s=105 7203ms [sel=8 cap=7086 rest=108] sg=4->4 mode=NONE win=8 obs=106 | cap=wip act=(320,360) d=2.37 a=1 | sp=preview:active d=2.4 age=7 dtg=14.07 region=0_18
ep=1382 s=106 11157ms [sel=9 cap=11044 rest=104] sg=4->4 mode=NONE win=8 obs=107 | cap=wip act=(320,360) d=2.12 a=1 | sp=preview:active d=2.1 age=8 dtg=13.82 region=0_18
ep=1382 s=107 7174ms [sel=6 cap=7066 rest=102] sg=4->4 mode=NONE win=8 obs=108 | cap=wip act=(320,360) d=1.87 a=1 | sp=preview:active d=1.9 age=9 dtg=13.57 region=0_18
ep=1382 s=108 12003ms [sel=6 cap=11896 rest=102] sg=4->4 mode=NONE win=8 obs=109 | cap=wip act=(320,360) d=1.62 a=1 | sp=preview:active d=1.6 age=10 dtg=13.32 region=0_18
ep=1382 s=109 8739ms [sel=4 cap=8617 rest=118] sg=4->4 mode=NONE win=8 obs=110 | cap=wip act=(320,360) d=1.37 a=1 | sp=preview:active d=1.4 age=11 dtg=13.07 region=0_18
ep=1382 s=110 17033ms [sel=38 cap=16880 rest=115] sg=4->4 mode=NONE win=8 obs=111 | cap=wip act=(320,360) d=2.32 a=1 | sp=frontier:active d=2.3 age=0 dtg=12.82 region=0_18
ep=1382 s=111 7527ms [sel=3 cap=7405 rest=120] sg=4->4 mode=NONE win=8 obs=112 | cap=wip act=(320,360) d=2.07 a=1 | sp=frontier:active d=2.1 age=1 dtg=12.57 region=0_18
ep=1382 s=112 4999ms [sel=3 cap=4877 rest=120] sg=4->4 mode=NONE win=8 obs=113 | cap=wip act=(320,360) d=1.82 a=1 | sp=frontier:active d=1.8 age=2 dtg=12.32 region=0_18
ep=1382 s=113 7922ms [sel=3 cap=7781 rest=138] sg=4->4 mode=NONE win=8 obs=114 | cap=wip act=(320,360) d=1.57 a=1 | sp=frontier:active d=1.6 age=3 dtg=12.07 region=0_18
ep=1382 s=114 3055ms [sel=3 cap=2938 rest=114] sg=4->4 mode=NONE win=8 obs=115 | cap=wip act=(320,360) d=1.32 a=1 | sp=frontier:active d=1.3 age=4 dtg=11.82 region=0_18
ep=1382 s=115 5420ms [sel=3 cap=5304 rest=114] sg=4->4 mode=NONE win=8 obs=116 | cap=wip act=(320,360) d=1.07 a=1 | sp=frontier:active d=1.1 age=5 dtg=11.57 region=0_16
ep=1382 s=116 5725ms [sel=3 cap=5611 rest=111] sg=4->4 mode=NONE win=8 obs=117 | cap=wip act=(320,360) d=0.82 a=1 | sp=frontier:active d=0.8 age=6 dtg=11.32 region=0_16
ep=1382 s=117 5527ms [sel=3 cap=5411 rest=113] sg=4->4 mode=NONE win=8 obs=118 | cap=wip act=(320,360) d=0.57 a=1 | sp=frontier:active d=0.6 age=7 dtg=11.07 region=0_16
ep=1382 s=118 9407ms [sel=3973 cap=5323 rest=111] sg=4->4 mode=NONE win=8 obs=119 | cap=wip act=(320,360) d=3.03 a=1 | sp=som:active d=3.0 age=0 som=4/7 dtg=10.82 region=0_16
ep=1382 s=119 16919ms [sel=8 cap=16797 rest=114] sg=4->4 mode=NONE win=8 obs=120 | cap=wip act=(320,360) d=2.78 a=1 | sp=som:active d=2.8 age=1 dtg=10.57 region=0_16
ep=1382 s=120 11773ms [sel=9 cap=11644 rest=121] sg=4->4 mode=NONE win=8 obs=121 | cap=wip act=(320,360) d=2.53 a=1 | sp=som:active d=2.5 age=2 dtg=10.32 region=0_16
ep=1382 s=121 4228ms [sel=11 cap=4099 rest=118] sg=4->4 mode=NONE win=8 obs=122 | cap=wip act=(320,360) d=2.28 a=1 | sp=som:active d=2.3 age=3 dtg=10.07 region=0_16
ep=1382 s=122 11510ms [sel=8 cap=11377 rest=126] sg=4->4 mode=NONE win=8 obs=123 | cap=wip act=(320,360) d=2.03 a=1 | sp=som:active d=2.0 age=4 dtg=9.82 region=0_16
ep=1382 s=123 4866ms [sel=6 cap=4767 rest=94] sg=4->4 mode=NONE win=8 obs=124 | cap=wip act=(320,360) d=1.78 a=1 | sp=som:active d=1.8 age=5 dtg=9.57 region=0_16
ep=1382 s=124 11744ms [sel=4 cap=11643 rest=97] sg=4->4 mode=NONE win=8 obs=125 | cap=wip act=(320,360) d=1.53 a=1 | sp=som:active d=1.5 age=6 dtg=9.32 region=0_16
ep=1382 s=125 17086ms [sel=4 cap=16683 rest=363] sg=4->4 mode=NONE win=8 obs=126 | cap=wip act=(320,360) d=1.28 a=1 | preview=view-/6 yaw=+0 render=36ms | sp=som:active d=1.3 age=7 dtg=9.07 region=0_16
ep=1382 s=126 12482ms [sel=3 cap=12379 rest=99] sg=4->4 mode=NONE win=8 obs=127 | cap=wip act=(320,360) d=1.03 a=1 | sp=som:active d=1.0 age=8 dtg=8.82 region=0_16
ep=1382 s=127 10753ms [sel=4 cap=10470 rest=280] sg=4->4 mode=NONE win=8 obs=128 | cap=wip act=(320,360) d=0.78 a=1 | sp=som:active d=0.8 age=9 dtg=8.57 region=0_16
ep=1382 s=128 6804ms [sel=3 cap=6694 rest=107] sg=4->4 mode=NONE win=8 obs=129 | cap=wip act=(320,360) d=0.54 a=1 | sp=som:active d=0.5 age=10 dtg=8.32 region=0_16
ep=1382 s=129 11109ms [sel=41 cap=10961 rest=107] sg=4->4 mode=NONE win=8 obs=130 | cap=wip act=(320,360) d=2.39 a=3 | sp=frontier:active d=2.4 age=0 dtg=8.32 region=0_16
ep=1382 s=130 10181ms [sel=55 cap=10016 rest=110] sg=4->5 mode=NONE win=8 obs=131 | cap=DONE act=(320,360) d=2.97 a=1 | sp=frontier:active d=3.0 age=0 dtg=8.08 region=0_16
ep=1382 s=131 10496ms [sel=15 cap=10374 rest=108] sg=5->5 mode=NONE win=8 obs=132 | cap=wip act=(320,360) d=2.82 a=3 | sp=frontier:active d=2.8 age=1 dtg=8.08 region=0_16
ep=1382 s=132 18833ms [sel=17 cap=18350 rest=429] sg=5->5 mode=NONE win=8 obs=133 | cap=wip act=(320,360) d=2.82 a=1 | preview=view-/6 yaw=+0 render=37ms | sp=frontier:active d=2.8 age=2 dtg=7.89 region=0_16
ep=1382 s=133 9909ms [sel=22 cap=9773 rest=114] sg=5->5 mode=NONE win=8 obs=134 | cap=wip act=(320,360) d=2.75 a=2 | sp=frontier:active d=2.7 age=3 dtg=7.89 region=0_16
ep=1382 s=134 9882ms [sel=16 cap=9755 rest=111] sg=5->5 mode=NONE win=8 obs=135 | cap=wip act=(320,360) d=2.75 a=1 | sp=frontier:active d=2.7 age=4 dtg=7.70 region=0_16
ep=1382 s=135 17407ms [sel=17 cap=16860 rest=493] sg=5->5 mode=NONE win=8 obs=136 | cap=wip act=(320,360) d=2.63 a=2 | preview=view-/6 yaw=+0 render=37ms | sp=frontier:active d=2.6 age=5 dtg=7.70 region=0_16
ep=1382 s=136 5311ms [sel=14 cap=5188 rest=110] sg=5->5 mode=NONE win=8 obs=137 | cap=wip act=(320,360) d=2.63 a=1 | sp=frontier:active d=2.6 age=6 dtg=7.52 region=0_16
ep=1382 s=137 8065ms [sel=15 cap=7942 rest=108] sg=5->5 mode=NONE win=8 obs=138 | cap=wip act=(320,360) d=2.48 a=2 | sp=frontier:active d=2.5 age=7 dtg=7.52 region=0_16
ep=1382 s=138 6348ms [sel=13 cap=6226 rest=109] sg=5->5 mode=NONE win=8 obs=139 | cap=wip act=(320,360) d=2.48 a=1 | sp=frontier:active d=2.5 age=8 dtg=7.32 region=0_16
ep=1382 s=139 18207ms [sel=15 cap=17657 rest=495] sg=5->5 mode=NONE win=8 obs=140 | cap=wip act=(320,360) d=2.30 a=1 | preview=view-/6 yaw=+0 render=39ms | sp=frontier:active d=2.3 age=9 dtg=7.19 region=0_28
ep=1382 s=140 3975ms [sel=15 cap=3857 rest=104] sg=5->5 mode=NONE win=8 obs=141 | cap=wip act=(320,360) d=2.12 a=2 | sp=frontier:active d=2.1 age=10 dtg=7.19 region=0_28
ep=1382 s=141 7383ms [sel=10 cap=7264 rest=109] sg=5->5 mode=NONE win=8 obs=142 | cap=wip act=(320,360) d=2.12 a=2 | sp=frontier:active d=2.1 age=11 dtg=7.19 region=0_28
ep=1382 s=142 24349ms [sel=10 cap=23824 rest=478] sg=5->5 mode=NONE win=8 obs=143 | cap=wip act=(320,360) d=2.12 a=1 | preview=view-/6 yaw=+0 render=37ms | sp=frontier:active d=2.1 age=12 dtg=7.01 region=0_28
ep=1382 s=143 24932ms [sel=10 cap=24813 rest=110] sg=5->5 mode=NONE win=8 obs=144 | cap=wip act=(320,360) d=1.89 a=2 | sp=frontier:active d=1.9 age=13 dtg=7.01 region=0_28
ep=1382 s=144 12305ms [sel=10 cap=12187 rest=108] sg=5->5 mode=NONE win=8 obs=145 | cap=wip act=(320,360) d=1.89 a=1 | sp=frontier:active d=1.9 age=14 dtg=6.79 region=0_28
ep=1382 s=145 19827ms [sel=10 cap=19328 rest=453] sg=5->5 mode=NONE win=8 obs=146 | cap=wip act=(320,360) d=1.64 a=1 | preview=view-/6 yaw=+0 render=36ms | sp=frontier:active d=1.6 age=15 dtg=6.58 region=0_28
ep=1382 s=146 16476ms [sel=9 cap=16346 rest=120] sg=5->5 mode=NONE win=8 obs=147 | cap=wip act=(320,360) d=1.39 a=2 | sp=frontier:active d=1.4 age=16 dtg=6.58 region=0_28
ep=1382 s=147 17192ms [sel=9 cap=17065 rest=118] sg=5->5 mode=NONE win=8 obs=148 | cap=wip act=(320,360) d=1.39 a=1 | sp=frontier:active d=1.4 age=17 dtg=6.34 region=0_28
ep=1382 s=148 11881ms [sel=57 cap=11697 rest=126] sg=5->5 mode=NONE win=8 obs=149 | cap=wip act=(320,360) d=4.08 a=2 | sp=frontier:active d=4.1 age=0 dtg=6.34 region=0_28
ep=1382 s=149 8484ms [sel=13 cap=8344 rest=126] sg=5->5 mode=NONE win=8 obs=150 | cap=wip act=(320,360) d=4.08 a=1 | sp=frontier:active d=4.1 age=1 dtg=6.09 region=0_13
ep=1382 s=150 30558ms [sel=7 cap=0 rest=30509] sg=None->5 mode=NONE win=8 obs=151 | cap=- act=(320,360) d=3.85 a=1 | preview=view-/6 yaw=+0 render=42ms | sp=frontier:active d=3.8 age=2 ANALYSIS_ERROR_STAGE=decision ANALYSIS_ERROR='CaptionerInferenceError: Captioner model inference failed' dtg=5.84 region=0_13
ep=1382 s=151 23297ms [sel=3 cap=23173 rest=122] sg=5->5 mode=NONE win=8 obs=152 | cap=wip act=(320,360) d=3.62 a=1 | sp=frontier:active d=3.6 age=3 dtg=5.59 region=0_13
ep=1382 s=152 18317ms [sel=3 cap=18192 rest=122] sg=5->5 mode=NONE win=8 obs=153 | cap=wip act=(320,360) d=3.38 a=3 | sp=frontier:active d=3.4 age=4 dtg=5.59 region=0_13
ep=1382 s=153 12310ms [sel=3 cap=11804 rest=467] sg=5->5 mode=NONE win=8 obs=154 | cap=wip act=(320,360) d=3.38 a=1 | preview=view-/6 yaw=+0 render=36ms | sp=frontier:active d=3.4 age=5 dtg=5.36 region=0_13
ep=1382 s=154 12791ms [sel=3 cap=12670 rest=118] sg=5->5 mode=NONE win=8 obs=155 | cap=wip act=(320,360) d=3.14 a=1 | sp=frontier:active d=3.1 age=6 dtg=5.12 region=0_13
ep=1382 s=155 10177ms [sel=3 cap=10054 rest=120] sg=5->5 mode=NONE win=8 obs=156 | cap=wip act=(320,360) d=2.89 a=1 | sp=frontier:active d=2.9 age=7 dtg=4.89 region=0_13
ep=1382 s=156 23227ms [sel=4 cap=22717 rest=470] sg=5->5 mode=NONE win=8 obs=157 | cap=wip act=(320,360) d=2.64 a=1 | preview=view-/6 yaw=+0 render=36ms | sp=frontier:active d=2.6 age=8 dtg=4.66 region=0_13
ep=1382 s=157 22360ms [sel=3 cap=22207 rest=150] sg=5->5 mode=NONE win=8 obs=158 | cap=wip act=(320,360) d=2.40 a=1 | sp=frontier:active d=2.4 age=9 dtg=4.43 region=0_13
ep=1382 s=158 9100ms [sel=3 cap=8977 rest=120] sg=5->5 mode=NONE win=8 obs=159 | cap=wip act=(320,360) d=2.16 a=1 | sp=frontier:active d=2.2 age=10 dtg=4.20 region=0_13
ep=1382 s=159 13266ms [sel=4 cap=12731 rest=481] sg=5->5 mode=NONE win=8 obs=160 | cap=wip act=(320,360) d=1.91 a=1 | preview=view-/6 yaw=+0 render=50ms | sp=frontier:active d=1.9 age=11 dtg=3.98 region=0_13
ep=1382 s=160 9825ms [sel=3091 cap=6587 rest=146] sg=5->5 mode=NONE win=8 obs=161 | cap=wip act=(320,360) d=3.34 a=1 | sp=som:active d=3.3 age=0 som=2/8 dtg=3.76 region=0_13
ep=1382 s=161 8413ms [sel=4 cap=8294 rest=115] sg=5->5 mode=NONE win=8 obs=162 | cap=wip act=(320,360) d=3.13 a=3 | sp=som:active d=3.1 age=1 dtg=3.76 region=0_13
ep=1382 s=162 15155ms [sel=8 cap=14651 rest=460] sg=5->5 mode=NONE win=8 obs=163 | cap=wip act=(320,360) d=3.13 a=1 | preview=view-/6 yaw=+0 render=36ms | sp=som:active d=3.1 age=2 dtg=3.59 region=0_13
ep=1382 s=163 23951ms [sel=11 cap=23831 rest=109] sg=5->5 mode=NONE win=8 obs=164 | cap=wip act=(320,360) d=2.96 a=1 | sp=som:active d=3.0 age=3 dtg=3.42 region=0_13
ep=1382 s=164 26658ms [sel=6 cap=26538 rest=114] sg=5->5 mode=NONE win=8 obs=165 | cap=wip act=(320,360) d=2.82 a=1 | sp=som:active d=2.8 age=4 dtg=3.27 region=0_13
ep=1382 s=165 27867ms [sel=4 cap=27744 rest=119] sg=5->5 mode=NONE win=8 obs=166 | cap=wip act=(320,360) d=2.68 a=1 | sp=som:active d=2.7 age=5 dtg=3.16 region=0_13
ep=1382 s=166 21297ms [sel=4 cap=21186 rest=107] sg=5->5 mode=NONE win=8 obs=167 | cap=wip act=(320,360) d=2.57 a=1 | sp=som:active d=2.6 age=6 dtg=3.09 region=0_13
ep=1382 s=167 15273ms [sel=5 cap=14757 rest=474] sg=5->None mode=NONE win=8 obs=168 | cap=DONE act=(320,360) d=1.00 a=1 | preview=view-/6 yaw=+0 render=36ms | sp=som:active d=2.5 age=7 door_evts=2 dtg=3.11 region=0_13
ep=1382 s=168 107ms [sel=4 cap=0 rest=103] sg=None->None mode=NONE win=8 obs=169 | cap=- act=(320,360) d=1.00 a=1 | sp=som:active d=2.4 age=8 door_evts=2 dtg=3.21 region=0_13
ep=1382 s=169 107ms [sel=5 cap=0 rest=102] sg=None->None mode=NONE win=8 obs=170 | cap=- act=(320,360) d=1.00 a=1 | sp=som:active d=2.3 age=9 door_evts=2 dtg=3.42 region=0_13
ep=1382 s=170 106ms [sel=0 cap=0 rest=106] sg=None->None mode=NONE win=8 obs=171 | cap=- act=STOP | sp=som:active d=2.3 age=10 door_evts=2 dtg=3.42 region=0_13
rank=0 [14/17] id=1382 steps=171 success=0.000 spl=0.000 dtg=3.42 osr=0 path_length=25.50 ndtw=0.089 sdtw=0.000
episode=1442 instruction='So walk clockwise around the bed and stop in the interior doorway on the other side.' start_position=[5.659669876098633, 3.5271100997924805, 0.9912729859352112] goal_position=[4.126510143280029, 3.5271100997924805, 4.492459774017334] reference_geodesic=5.877878189086914
episode=1442 prepared_subgoals=2
  [1] Walk clockwise around the bed
      proof: The bed is directly behind the camera and the interior doorway is ahead within a step.
  [2] Stop in the interior doorway
      proof: The camera is beside the doorway and the interior of the next room is central in the view
ep=1442 s=0 11046ms [sel=2244 cap=8334 rest=430] sg=1->1 mode=NONE win=1 obs=1 | cap=wip act=(320,360) d=2.85 a=3 | preview=view-/6 yaw=+0 render=38ms | sp=frontier:active d=2.9 age=0 som=2/5 dtg=5.88 region=1_21
ep=1442 s=1 6108ms [sel=6 cap=6009 rest=92] sg=1->1 mode=NONE win=2 obs=2 | cap=wip act=(320,360) d=2.85 a=3 | sp=frontier:active d=2.9 age=1 dtg=5.88 region=1_21
ep=1442 s=2 10268ms [sel=6 cap=10172 rest=89] sg=1->1 mode=NONE win=3 obs=3 | cap=wip act=(320,360) d=2.85 a=3 | sp=frontier:active d=2.9 age=2 dtg=5.88 region=1_21
ep=1442 s=3 2794ms [sel=7 cap=2697 rest=91] sg=1->1 mode=NONE win=4 obs=4 | cap=wip act=(320,360) d=2.85 a=3 | sp=frontier:active d=2.9 age=3 dtg=5.88 region=1_21
ep=1442 s=4 7914ms [sel=7 cap=7810 rest=97] sg=1->1 mode=NONE win=5 obs=5 | cap=wip act=(320,360) d=2.85 a=3 | sp=frontier:active d=2.9 age=4 dtg=5.88 region=1_21
ep=1442 s=5 3705ms [sel=6 cap=3593 rest=106] sg=1->1 mode=NONE win=6 obs=6 | cap=wip act=(320,360) d=2.85 a=3 | sp=frontier:active d=2.9 age=5 dtg=5.88 region=1_21
ep=1442 s=6 7527ms [sel=16 cap=7398 rest=112] sg=1->1 mode=NONE win=7 obs=7 | cap=wip act=(320,360) d=2.85 a=3 | sp=frontier:active d=2.9 age=6 dtg=5.88 region=1_21
ep=1442 s=7 11735ms [sel=4 cap=11620 rest=112] sg=1->1 mode=NONE win=8 obs=8 | cap=wip act=(320,360) d=2.85 a=3 | sp=frontier:active d=2.9 age=7 dtg=5.88 region=1_21
ep=1442 s=8 15415ms [sel=9 cap=15292 rest=114] sg=1->1 mode=NONE win=8 obs=9 | cap=wip act=(320,360) d=2.85 a=1 | sp=frontier:active d=2.9 age=8 dtg=5.70 region=1_21
ep=1442 s=9 12421ms [sel=10 cap=12300 rest=111] sg=1->1 mode=NONE win=8 obs=10 | cap=wip act=(320,360) d=3.08 a=1 | sp=frontier:active d=3.1 age=9 dtg=5.56 region=1_21
ep=1442 s=10 5269ms [sel=19 cap=5135 rest=115] sg=1->1 mode=NONE win=8 obs=11 | cap=wip act=(320,360) d=3.32 a=1 | sp=frontier:active d=3.3 age=10 dtg=5.46 region=1_21
ep=1442 s=11 14437ms [sel=10 cap=14314 rest=112] sg=1->1 mode=NONE win=8 obs=12 | cap=wip act=(320,360) d=3.56 a=1 | sp=frontier:active d=3.6 age=11 dtg=5.41 region=1_21
ep=1442 s=12 15413ms [sel=14 cap=15287 rest=112] sg=1->1 mode=NONE win=8 obs=13 | cap=wip act=(320,360) d=3.80 a=1 | sp=frontier:active d=3.8 age=12 dtg=5.41 region=1_21
ep=1442 s=13 7578ms [sel=14 cap=7450 rest=114] sg=1->1 mode=NONE win=8 obs=14 | cap=wip act=(320,360) d=4.04 a=1 | sp=frontier:active d=4.0 age=13 dtg=5.44 region=1_21
ep=1442 s=14 8663ms [sel=6 cap=8543 rest=114] sg=1->1 mode=NONE win=8 obs=15 | cap=wip act=(320,360) d=4.28 a=1 | sp=frontier:active d=4.3 age=14 dtg=5.54 region=1_21
ep=1442 s=15 16007ms [sel=9 cap=15882 rest=116] sg=1->1 mode=NONE win=8 obs=16 | cap=wip act=(320,360) d=4.52 a=1 | sp=frontier:active d=4.5 age=15 dtg=5.73 region=1_21
ep=1442 s=16 9323ms [sel=13 cap=9195 rest=116] sg=1->1 mode=NONE win=8 obs=17 | cap=wip act=(320,360) d=4.77 a=3 | sp=frontier:active d=4.8 age=16 dtg=5.73 region=1_21
ep=1442 s=17 5800ms [sel=4 cap=5681 rest=115] sg=1->1 mode=NONE win=8 obs=18 | cap=wip act=(320,360) d=4.77 a=1 | sp=frontier:active d=4.8 age=17 dtg=5.92 region=1_21
ep=1442 s=18 12500ms [sel=5 cap=12380 rest=115] sg=1->1 mode=NONE win=8 obs=19 | cap=wip act=(320,360) d=4.99 a=3 | sp=frontier:active d=5.0 age=18 dtg=5.92 region=1_21
ep=1442 s=19 10456ms [sel=16 cap=10322 rest=118] sg=1->1 mode=NONE win=8 obs=20 | cap=wip act=(320,360) d=4.99 a=1 | sp=frontier:active d=5.0 age=19 dtg=6.10 region=1_21
ep=1442 s=20 30196ms [sel=37 cap=0 rest=30160] sg=None->1 mode=NONE win=8 obs=21 | cap=- act=(320,360) d=2.52 a=3 | sp=frontier:active d=2.5 age=0 ANALYSIS_ERROR_STAGE=decision ANALYSIS_ERROR='CaptionerInferenceError: Captioner model inference failed' dtg=6.10 region=1_21
ep=1442 s=21 13737ms [sel=46 cap=13574 rest=117] sg=1->2 mode=NONE win=8 obs=22 | cap=DONE act=(320,360) d=3.71 a=1 | sp=frontier:active d=3.7 age=0 dtg=6.28 region=1_21
ep=1442 s=22 9073ms [sel=3 cap=8951 rest=119] sg=2->2 mode=NONE win=8 obs=23 | cap=wip act=(320,360) d=3.46 a=1 | sp=frontier:active d=3.5 age=1 dtg=5.53 region=1_21
ep=1442 s=23 10235ms [sel=3 cap=10117 rest=115] sg=2->2 mode=NONE win=8 obs=24 | cap=wip act=(320,360) d=3.22 a=1 | sp=frontier:active d=3.2 age=2 dtg=5.49 region=1_21
ep=1442 s=24 8788ms [sel=3 cap=8671 rest=114] sg=2->2 mode=NONE win=8 obs=25 | cap=wip act=(320,360) d=2.97 a=1 | sp=frontier:active d=3.0 age=3 dtg=5.51 region=1_21
ep=1442 s=25 9973ms [sel=3 cap=9854 rest=116] sg=2->2 mode=NONE win=8 obs=26 | cap=wip act=(320,360) d=2.73 a=1 | sp=frontier:active d=2.7 age=4 dtg=5.55 region=1_21
ep=1442 s=26 8092ms [sel=3 cap=7944 rest=145] sg=2->2 mode=NONE win=8 obs=27 | cap=wip act=(320,360) d=2.49 a=1 | sp=frontier:active d=2.5 age=5 dtg=5.66 region=1_21
ep=1442 s=27 9856ms [sel=3 cap=9733 rest=120] sg=2->2 mode=NONE win=8 obs=28 | cap=wip act=(320,360) d=2.25 a=1 | sp=frontier:active d=2.2 age=6 dtg=5.83 region=1_21
ep=1442 s=28 25316ms [sel=3 cap=24782 rest=494] sg=2->2 mode=NONE win=8 obs=29 | cap=wip act=(320,360) d=2.01 a=3 | preview=view-/6 yaw=+0 render=37ms | sp=frontier:active d=2.0 age=7 dtg=5.83 region=1_21
ep=1442 s=29 18042ms [sel=3 cap=17919 rest=120] sg=2->2 mode=NONE win=8 obs=30 | cap=wip act=(320,360) d=2.01 a=1 | sp=frontier:active d=2.0 age=8 dtg=6.01 region=1_21
ep=1442 s=30 13730ms [sel=3 cap=13610 rest=117] sg=2->2 mode=NONE win=8 obs=31 | cap=wip act=(320,360) d=1.76 a=3 | sp=frontier:active d=1.8 age=9 dtg=6.01 region=1_21
ep=1442 s=31 15683ms [sel=5 cap=15178 rest=464] sg=2->None mode=NONE win=8 obs=32 | cap=DONE act=(320,360) d=1.00 a=1 | preview=view-/6 yaw=+0 render=36ms | sp=frontier:active d=1.8 age=10 dtg=6.00 region=0_2
ep=1442 s=32 111ms [sel=4 cap=0 rest=107] sg=None->None mode=NONE win=8 obs=33 | cap=- act=(320,360) d=1.00 a=1 | sp=frontier:active d=1.5 age=11 dtg=5.91 region=0_2
ep=1442 s=33 113ms [sel=5 cap=0 rest=109] sg=None->None mode=NONE win=8 obs=34 | cap=- act=(320,360) d=1.00 a=1 | sp=frontier:stale d=1.3 age=12 dtg=5.84 region=0_2
ep=1442 s=34 104ms [sel=0 cap=0 rest=104] sg=None->None mode=NONE win=8 obs=35 | cap=- act=STOP | sp=frontier:stale d=1.3 age=13 dtg=5.84 region=0_2
rank=0 [15/17] id=1442 steps=35 success=0.000 spl=0.000 dtg=5.84 osr=0 path_length=5.26 ndtw=0.439 sdtw=0.000
PluginManager::Manager: duplicate static plugin StbImageImporter, ignoring
PluginManager::Manager: duplicate static plugin GltfImporter, ignoring
PluginManager::Manager: duplicate static plugin BasisImporter, ignoring
PluginManager::Manager: duplicate static plugin AssimpImporter, ignoring
PluginManager::Manager: duplicate static plugin AnySceneImporter, ignoring
PluginManager::Manager: duplicate static plugin AnyImageImporter, ignoring
episode=1583 instruction='So move forward for a bit and then turn left, then carry on walking, take a left when you reach the corner, then keep going again and turn left one more time.' start_position=[5.600629806518555, 0.07521799951791763, -2.1788699626922607] goal_position=[3.6215600967407227, 0.07521799951791763, 2.1024200916290283] reference_geodesic=7.765632152557373
episode=1583 prepared_subgoals=4
  [1] Move forward for a bit
      proof: The for a bit is beside or directly ahead of the camera, within a step; the camera has not yet turned left.
  [2] Turn left until the Carry on walking is centered ahead, then carry on walking, then take a left when you reach the corner
      proof: After turning left at the corner, the next walking path is centred in the view.
  [3] Keep going again
      proof: The camera has passed the corner and the next turn point is directly ahead.
  [4] Turn left one more time
      proof: After turning left, the final destination is centred in the view
ep=1583 s=0 8315ms [sel=30 cap=7784 rest=468] sg=1->1 mode=NONE win=1 obs=1 | cap=wip act=(160,180) d=4.24 a=3 | preview=view0/6 yaw=-90 render=34ms | sp=preview:active d=4.2 age=0 dtg=7.77 region=0_1
ep=1583 s=1 14295ms [sel=6 cap=14135 rest=154] sg=1->1 mode=NONE win=2 obs=2 | cap=wip act=(320,360) d=4.24 a=3 | sp=preview:active d=4.2 age=1 dtg=7.77 region=0_1
ep=1583 s=2 9934ms [sel=6 cap=9793 rest=136] sg=1->1 mode=NONE win=3 obs=3 | cap=wip act=(320,360) d=4.24 a=3 | sp=preview:active d=4.2 age=2 dtg=7.77 region=0_1
ep=1583 s=3 8634ms [sel=6 cap=8498 rest=130] sg=1->1 mode=NONE win=4 obs=4 | cap=wip act=(320,360) d=4.24 a=3 | sp=preview:active d=4.2 age=3 dtg=7.77 region=0_1
ep=1583 s=4 11748ms [sel=12 cap=11605 rest=131] sg=1->1 mode=NONE win=5 obs=5 | cap=wip act=(320,360) d=4.24 a=2 | sp=preview:active d=4.2 age=4 dtg=7.77 region=0_1
ep=1583 s=5 4277ms [sel=11 cap=4127 rest=138] sg=1->1 mode=NONE win=6 obs=6 | cap=wip act=(320,360) d=4.24 a=2 | sp=preview:active d=4.2 age=5 dtg=7.77 region=0_1
ep=1583 s=6 9426ms [sel=11 cap=9237 rest=177] sg=1->1 mode=NONE win=7 obs=7 | cap=wip act=(320,360) d=4.24 a=2 | sp=preview:active d=4.2 age=6 dtg=7.77 region=0_1
ep=1583 s=7 3726ms [sel=12 cap=3580 rest=134] sg=1->1 mode=NONE win=8 obs=8 | cap=wip act=(320,360) d=4.24 a=2 | sp=preview:active d=4.2 age=7 dtg=7.77 region=0_1
ep=1583 s=8 13342ms [sel=12 cap=13194 rest=136] sg=1->1 mode=NONE win=8 obs=9 | cap=wip act=(320,360) d=4.24 a=2 | sp=preview:active d=4.2 age=8 dtg=7.77 region=0_1
ep=1583 s=9 4320ms [sel=12 cap=4174 rest=135] sg=1->1 mode=NONE win=8 obs=10 | cap=wip act=(320,360) d=4.24 a=2 | sp=preview:active d=4.2 age=9 dtg=7.77 region=0_1
ep=1583 s=10 8801ms [sel=13 cap=8652 rest=136] sg=1->1 mode=NONE win=8 obs=11 | cap=wip act=(320,360) d=4.24 a=2 | sp=preview:active d=4.2 age=10 dtg=7.77 region=0_1
ep=1583 s=11 6960ms [sel=12 cap=6807 rest=141] sg=1->1 mode=NONE win=8 obs=12 | cap=wip act=(320,360) d=4.24 a=2 | sp=preview:active d=4.2 age=11 dtg=7.77 region=0_1
ep=1583 s=12 9504ms [sel=11 cap=9354 rest=138] sg=1->1 mode=NONE win=8 obs=13 | cap=wip act=(320,360) d=4.24 a=2 | sp=preview:active d=4.2 age=12 dtg=7.77 region=0_1
ep=1583 s=13 8334ms [sel=15 cap=8190 rest=128] sg=1->1 mode=NONE win=8 obs=14 | cap=wip act=(320,360) d=4.24 a=3 | sp=preview:active d=4.2 age=13 dtg=7.77 region=0_1
ep=1583 s=14 6476ms [sel=16 cap=6329 rest=131] sg=1->1 mode=NONE win=8 obs=15 | cap=wip act=(320,360) d=4.24 a=3 | sp=preview:active d=4.2 age=14 dtg=7.77 region=0_1
ep=1583 s=15 10151ms [sel=18 cap=10003 rest=131] sg=1->1 mode=NONE win=8 obs=16 | cap=wip act=(320,360) d=4.24 a=3 | sp=preview:active d=4.2 age=15 dtg=7.77 region=0_1
ep=1583 s=16 5250ms [sel=25 cap=5088 rest=136] sg=1->1 mode=NONE win=8 obs=17 | cap=wip act=(320,360) d=4.24 a=3 | sp=preview:active d=4.2 age=16 dtg=7.77 region=0_1
ep=1583 s=17 7596ms [sel=16 cap=7438 rest=143] sg=1->1 mode=NONE win=8 obs=18 | cap=wip act=(320,360) d=4.24 a=3 | sp=preview:active d=4.2 age=17 dtg=7.77 region=0_1
ep=1583 s=18 5303ms [sel=16 cap=5153 rest=134] sg=1->1 mode=NONE win=8 obs=19 | cap=wip act=(320,360) d=4.24 a=3 | sp=preview:active d=4.2 age=18 dtg=7.77 region=0_1
ep=1583 s=19 8971ms [sel=16 cap=8819 rest=136] sg=1->1 mode=NONE win=8 obs=20 | cap=wip act=(320,360) d=4.24 a=3 | sp=preview:active d=4.2 age=19 dtg=7.77 region=0_1
ep=1583 s=20 14661ms [sel=4850 cap=9675 rest=137] sg=1->1 mode=NONE win=8 obs=21 | cap=wip act=(320,360) d=3.63 a=3 | sp=frontier:active d=3.6 age=0 som=1/4 dtg=7.77 region=0_1
ep=1583 s=21 6518ms [sel=12 cap=6371 rest=135] sg=1->1 mode=NONE win=8 obs=22 | cap=wip act=(320,360) d=3.63 a=3 | sp=frontier:active d=3.6 age=1 dtg=7.77 region=0_1
ep=1583 s=22 4733ms [sel=12 cap=4591 rest=130] sg=1->1 mode=NONE win=8 obs=23 | cap=wip act=(320,360) d=3.63 a=3 | sp=frontier:active d=3.6 age=2 dtg=7.77 region=0_1
ep=1583 s=23 7397ms [sel=10 cap=7258 rest=129] sg=1->1 mode=NONE win=8 obs=24 | cap=wip act=(320,360) d=3.63 a=3 | sp=frontier:active d=3.6 age=3 dtg=7.77 region=0_1
ep=1583 s=24 8211ms [sel=10 cap=8073 rest=128] sg=1->1 mode=NONE win=8 obs=25 | cap=wip act=(320,360) d=3.63 a=1 | sp=frontier:active d=3.6 age=4 dtg=7.60 region=0_1
ep=1583 s=25 14454ms [sel=10 cap=14317 rest=128] sg=1->1 mode=NONE win=8 obs=26 | cap=wip act=(320,360) d=3.44 a=1 | sp=frontier:active d=3.4 age=5 dtg=7.36 region=0_1
ep=1583 s=26 9349ms [sel=14 cap=8812 rest=489] sg=1->1 mode=NONE win=8 obs=27 | cap=wip act=(160,180) d=3.25 a=3 | preview=view5/6 yaw=+90 render=34ms | sp=frontier:active d=3.3 age=6 dtg=7.36 region=0_1
ep=1583 s=27 16751ms [sel=8 cap=16612 rest=130] sg=1->1 mode=NONE win=8 obs=28 | cap=wip act=(320,360) d=3.25 a=1 | sp=frontier:active d=3.3 age=7 dtg=7.11 region=0_1
ep=1583 s=28 17329ms [sel=8 cap=17191 rest=130] sg=1->1 mode=NONE win=8 obs=29 | cap=wip act=(320,360) d=3.04 a=1 | sp=frontier:active d=3.0 age=8 dtg=6.87 region=0_1
ep=1583 s=29 14360ms [sel=33 cap=13800 rest=489] sg=1->1 mode=NONE win=8 obs=30 | cap=wip act=(160,180) d=3.11 a=1 | preview=view2/6 yaw=-15 render=38ms | sp=preview:active d=3.1 age=0 dtg=6.63 region=0_1
ep=1583 s=30 5970ms [sel=19 cap=5826 rest=124] sg=1->1 mode=NONE win=8 obs=31 | cap=wip act=(320,360) d=2.90 a=3 | sp=preview:active d=2.9 age=1 dtg=6.63 region=0_1
ep=1583 s=31 8012ms [sel=8 cap=7874 rest=130] sg=1->1 mode=NONE win=8 obs=32 | cap=wip act=(320,360) d=2.90 a=1 | sp=preview:active d=2.9 age=2 dtg=6.47 region=0_1
ep=1583 s=32 6066ms [sel=11 cap=5923 rest=132] sg=1->1 mode=NONE win=8 obs=33 | cap=wip act=(320,360) d=2.67 a=3 | sp=preview:active d=2.7 age=3 dtg=6.47 region=0_1
ep=1583 s=33 7887ms [sel=8 cap=7747 rest=132] sg=1->1 mode=NONE win=8 obs=34 | cap=wip act=(320,360) d=2.67 a=3 | sp=preview:active d=2.7 age=4 dtg=6.47 region=0_1
ep=1583 s=34 5877ms [sel=8 cap=5740 rest=129] sg=1->1 mode=NONE win=8 obs=35 | cap=wip act=(320,360) d=2.67 a=1 | sp=preview:active d=2.7 age=5 dtg=6.28 region=0_1
ep=1583 s=35 7218ms [sel=6 cap=7074 rest=137] sg=1->1 mode=NONE win=8 obs=36 | cap=wip act=(320,360) d=2.42 a=3 | sp=preview:active d=2.4 age=6 dtg=6.28 region=0_1
ep=1583 s=36 12036ms [sel=6 cap=11896 rest=134] sg=1->1 mode=NONE win=8 obs=37 | cap=wip act=(320,360) d=2.42 a=3 | sp=preview:active d=2.4 age=7 dtg=6.28 region=0_1
ep=1583 s=37 6990ms [sel=6 cap=6859 rest=124] sg=1->1 mode=NONE win=8 obs=38 | cap=wip act=(320,360) d=2.42 a=1 | sp=preview:active d=2.4 age=8 dtg=6.04 region=0_1
ep=1583 s=38 13300ms [sel=4 cap=13178 rest=118] sg=1->1 mode=NONE win=8 obs=39 | cap=wip act=(320,360) d=2.23 a=1 | sp=preview:active d=2.2 age=9 dtg=5.80 region=0_1
ep=1583 s=39 13633ms [sel=7 cap=13509 rest=117] sg=1->1 mode=NONE win=8 obs=40 | cap=wip act=(320,360) d=2.05 a=2 | sp=preview:active d=2.1 age=10 dtg=5.80 region=0_1
ep=1583 s=40 7231ms [sel=3 cap=7102 rest=126] sg=1->1 mode=NONE win=8 obs=41 | cap=wip act=(320,360) d=2.05 a=1 | sp=preview:active d=2.1 age=11 dtg=5.59 region=0_1
ep=1583 s=41 6773ms [sel=3 cap=6642 rest=128] sg=1->1 mode=NONE win=8 obs=42 | cap=wip act=(320,360) d=1.84 a=2 | sp=preview:active d=1.8 age=12 dtg=5.59 region=0_1
ep=1583 s=42 7986ms [sel=3 cap=7855 rest=128] sg=1->1 mode=NONE win=8 obs=43 | cap=wip act=(320,360) d=1.84 a=1 | sp=preview:active d=1.8 age=13 dtg=5.43 region=0_1
ep=1583 s=43 7476ms [sel=3 cap=7345 rest=129] sg=1->1 mode=NONE win=8 obs=44 | cap=wip act=(320,360) d=1.61 a=1 | sp=preview:active d=1.6 age=14 dtg=5.28 region=0_1
ep=1583 s=44 8300ms [sel=0 cap=8173 rest=127] sg=1->2 mode=NONE win=8 obs=45 | cap=DONE act=TURN request=-45deg execute=-15deg x1 a=2 | sp=preview:active d=1.4 age=15 dtg=5.28 region=0_1
ep=1583 s=45 11993ms [sel=0 cap=11865 rest=128] sg=2->2 mode=NONE win=8 obs=46 | cap=wip act=TURN request=-45deg execute=-15deg x1 a=2 dtg=5.28 region=0_1
ep=1583 s=46 9969ms [sel=0 cap=9840 rest=129] sg=2->2 mode=NONE win=8 obs=47 | cap=wip act=TURN request=-45deg execute=-15deg x1 a=2 dtg=5.28 region=0_1
ep=1583 s=47 6546ms [sel=0 cap=6423 rest=123] sg=2->2 mode=WALL_STUCK win=8 obs=48 | cap=wip/WALL_STUCK act=TURN request=-45deg execute=-15deg x1 a=2 dtg=5.28 region=0_1
ep=1583 s=48 15830ms [sel=0 cap=15699 rest=131] sg=2->2 mode=NONE win=8 obs=49 | cap=wip act=TURN request=-45deg execute=-15deg x1 a=2 dtg=5.28 region=0_1
ep=1583 s=49 11141ms [sel=2186 cap=8814 rest=141] sg=2->2 mode=NONE win=8 obs=50 | cap=wip act=(320,360) d=1.17 a=3 | sp=som:active d=1.2 age=0 som=1/5 dtg=5.28 region=0_1
ep=1583 s=50 11755ms [sel=3 cap=11626 rest=127] sg=2->2 mode=NONE win=8 obs=51 | cap=wip act=(320,360) d=1.17 a=1 | sp=som:active d=1.2 age=1 dtg=5.40 region=0_1
ep=1583 s=51 8223ms [sel=3 cap=8091 rest=130] sg=2->2 mode=NONE win=8 obs=52 | cap=wip act=(320,360) d=0.92 a=1 | sp=som:active d=0.9 age=2 dtg=5.54 region=0_1
ep=1583 s=52 5143ms [sel=3 cap=5015 rest=125] sg=2->2 mode=NONE win=8 obs=53 | cap=wip act=(320,360) d=0.67 a=1 | sp=som:active d=0.7 age=3 dtg=5.69 region=0_1
ep=1583 s=53 9854ms [sel=2564 cap=7149 rest=142] sg=2->2 mode=NONE win=8 obs=54 | cap=wip act=(320,360) d=2.98 a=3 | sp=frontier:active d=3.0 age=0 som=1/4 dtg=5.69 region=0_1
ep=1583 s=54 5635ms [sel=26 cap=5470 rest=140] sg=2->2 mode=NONE win=8 obs=55 | cap=wip act=(320,360) d=2.98 a=3 | sp=frontier:active d=3.0 age=1 dtg=5.69 region=0_1
ep=1583 s=55 6541ms [sel=22 cap=6378 rest=141] sg=2->2 mode=NONE win=8 obs=56 | cap=wip act=(320,360) d=2.98 a=3 | sp=frontier:active d=3.0 age=2 dtg=5.69 region=0_1
ep=1583 s=56 6927ms [sel=22 cap=6768 rest=137] sg=2->2 mode=NONE win=8 obs=57 | cap=wip act=(320,360) d=2.98 a=3 | sp=frontier:active d=3.0 age=3 dtg=5.69 region=0_1
ep=1583 s=57 8863ms [sel=22 cap=8707 rest=134] sg=2->2 mode=NONE win=8 obs=58 | cap=wip act=(320,360) d=2.98 a=3 | sp=frontier:active d=3.0 age=4 dtg=5.69 region=0_1
ep=1583 s=58 8257ms [sel=19 cap=7727 rest=476] sg=2->2 mode=NONE win=8 obs=59 | cap=wip act=(320,360) d=2.98 a=3 | preview=view-/6 yaw=+0 render=34ms | sp=frontier:active d=3.0 age=5 dtg=5.69 region=0_1
ep=1583 s=59 7092ms [sel=13 cap=6952 rest=127] sg=2->2 mode=NONE win=8 obs=60 | cap=wip act=(320,360) d=2.98 a=3 | sp=frontier:active d=3.0 age=6 dtg=5.69 region=0_1
ep=1583 s=60 11655ms [sel=3 cap=11522 rest=130] sg=2->2 mode=NONE win=8 obs=61 | cap=wip act=(320,360) d=2.98 a=3 | sp=frontier:active d=3.0 age=7 dtg=5.69 region=0_1
ep=1583 s=61 5682ms [sel=3 cap=5552 rest=128] sg=2->2 mode=NONE win=8 obs=62 | cap=wip act=(320,360) d=2.98 a=1 | sp=frontier:active d=3.0 age=8 dtg=5.45 region=0_1
ep=1583 s=62 9851ms [sel=3 cap=9711 rest=137] sg=2->2 mode=NONE win=8 obs=63 | cap=wip act=(320,360) d=2.74 a=3 | sp=frontier:active d=2.7 age=9 dtg=5.45 region=0_1
ep=1583 s=63 6927ms [sel=3 cap=6791 rest=134] sg=2->2 mode=NONE win=8 obs=64 | cap=wip act=(320,360) d=2.74 a=1 | sp=frontier:active d=2.7 age=10 dtg=5.20 region=0_1
ep=1583 s=64 10606ms [sel=3 cap=10465 rest=138] sg=2->2 mode=NONE win=8 obs=65 | cap=wip act=(320,360) d=2.51 a=1 | sp=frontier:active d=2.5 age=11 dtg=4.95 region=0_1
ep=1583 s=65 4621ms [sel=3 cap=4479 rest=138] sg=2->2 mode=NONE win=8 obs=66 | cap=wip act=(320,360) d=2.28 a=1 | sp=frontier:active d=2.3 age=12 dtg=4.70 region=0_1
ep=1583 s=66 8710ms [sel=58 cap=8058 rest=530] sg=2->2 mode=NONE win=8 obs=67 | cap=wip act=(160,180) d=5.73 a=3 | preview=view5/6 yaw=+90 render=65ms | sp=preview:active d=5.7 age=0 dtg=4.70 region=0_1
ep=1583 s=67 3499ms [sel=9 cap=3340 rest=150] sg=2->2 mode=NONE win=8 obs=68 | cap=wip act=(320,360) d=5.73 a=3 | sp=preview:active d=5.7 age=1 dtg=4.70 region=0_1
ep=1583 s=68 4676ms [sel=9 cap=4540 rest=126] sg=2->2 mode=NONE win=8 obs=69 | cap=wip act=(320,360) d=5.73 a=3 | sp=preview:active d=5.7 age=2 dtg=4.70 region=0_1
ep=1583 s=69 7875ms [sel=9 cap=7741 rest=125] sg=2->2 mode=NONE win=8 obs=70 | cap=wip act=(320,360) d=5.73 a=1 | sp=preview:active d=5.7 age=3 dtg=4.55 region=0_1
ep=1583 s=70 14781ms [sel=5248 cap=9399 rest=134] sg=2->3 mode=NONE win=8 obs=71 | cap=DONE act=(320,360) d=3.11 a=1 | sp=som:active d=3.1 age=0 som=1/7 dtg=4.43 region=0_1
ep=1583 s=71 4907ms [sel=3 cap=4779 rest=126] sg=3->3 mode=NONE win=8 obs=72 | cap=wip act=(320,360) d=2.87 a=2 | sp=som:active d=2.9 age=1 dtg=4.43 region=0_1
ep=1583 s=72 7553ms [sel=3 cap=7425 rest=125] sg=3->3 mode=NONE win=8 obs=73 | cap=wip act=(320,360) d=2.87 a=1 | sp=som:active d=2.9 age=2 dtg=4.28 region=0_1
ep=1583 s=73 6968ms [sel=4 cap=6835 rest=130] sg=3->3 mode=NONE win=8 obs=74 | cap=wip act=(320,360) d=2.62 a=1 | sp=som:active d=2.6 age=3 dtg=4.16 region=0_1
ep=1583 s=74 5918ms [sel=3 cap=5786 rest=129] sg=3->3 mode=NONE win=8 obs=75 | cap=wip act=(320,360) d=2.37 a=1 | sp=som:active d=2.4 age=4 dtg=4.07 region=0_1
ep=1583 s=75 8091ms [sel=3 cap=7955 rest=132] sg=3->3 mode=NONE win=8 obs=76 | cap=wip act=(320,360) d=2.12 a=3 | sp=som:active d=2.1 age=5 dtg=4.07 region=0_1
ep=1583 s=76 4131ms [sel=3 cap=4001 rest=126] sg=3->3 mode=NONE win=8 obs=77 | cap=wip act=(320,360) d=2.12 a=1 | sp=som:active d=2.1 age=6 dtg=4.12 region=0_1
ep=1583 s=77 5033ms [sel=3 cap=4896 rest=134] sg=3->3 mode=NONE win=8 obs=78 | cap=wip act=(320,360) d=1.87 a=1 | sp=som:active d=1.9 age=7 dtg=4.25 region=0_1
ep=1583 s=78 10221ms [sel=3 cap=10055 rest=163] sg=3->3 mode=NONE win=8 obs=79 | cap=wip act=(320,360) d=1.63 a=1 | sp=som:active d=1.6 age=8 dtg=4.53 region=0_1
ep=1583 s=79 11078ms [sel=0 cap=10952 rest=127] sg=3->4 mode=NONE win=8 obs=80 | cap=DONE act=TURN request=-45deg execute=-15deg x1 a=2 | sp=som:active d=1.4 age=9 dtg=4.53 region=0_1
ep=1583 s=80 12526ms [sel=0 cap=12395 rest=131] sg=4->4 mode=NONE win=8 obs=81 | cap=wip act=TURN request=-45deg execute=-15deg x1 a=2 dtg=4.53 region=0_1
ep=1583 s=81 15900ms [sel=6 cap=15293 rest=565] sg=4->None mode=NONE win=8 obs=82 | cap=DONE act=(320,360) d=1.00 a=1 | preview=view-/6 yaw=+0 render=37ms dtg=4.30 region=0_1
ep=1583 s=82 136ms [sel=5 cap=0 rest=131] sg=None->None mode=NONE win=8 obs=83 | cap=- act=(320,360) d=1.00 a=1 dtg=4.07 region=0_1
ep=1583 s=83 135ms [sel=5 cap=0 rest=130] sg=None->None mode=NONE win=8 obs=84 | cap=- act=(320,360) d=1.00 a=1 dtg=3.85 region=0_1
ep=1583 s=84 131ms [sel=0 cap=0 rest=131] sg=None->None mode=NONE win=8 obs=85 | cap=- act=STOP dtg=3.85 region=0_1
rank=0 [16/17] id=1583 steps=85 success=0.000 spl=0.000 dtg=3.85 osr=0 path_length=7.52 ndtw=0.294 sdtw=0.000
PluginManager::Manager: duplicate static plugin StbImageImporter, ignoring
PluginManager::Manager: duplicate static plugin GltfImporter, ignoring
PluginManager::Manager: duplicate static plugin BasisImporter, ignoring
PluginManager::Manager: duplicate static plugin AssimpImporter, ignoring
PluginManager::Manager: duplicate static plugin AnySceneImporter, ignoring
PluginManager::Manager: duplicate static plugin AnyImageImporter, ignoring
episode=1727 instruction='So head out of the room and turn left. Then make your way over toward the counter top, and when you get to the stairs turn left. Go up 2 sets of stairs and then turn right at the doorway.' start_position=[-2.51242995262146, 0.04610800743103027, 3.6103999614715576] goal_position=[-4.619659900665283, 1.0461080074310303, -1.40802001953125] reference_geodesic=9.457917213439941
episode=1727 prepared_subgoals=5
  [1] Exit the room
      proof: The camera has crossed the room's threshold and the exit corridor is central in the view.
  [2] Turn left at the exit
      proof: After turning left, the corridor ahead is centered in the view.
  [3] Walk toward the countertop
      proof: The countertop is beside or directly ahead of the camera, within a step; the camera has not yet turned left.
  [4] Turn left at the stairs, then go up 2 sets of stairs
      proof: The camera has passed the 2 sets of stairs: it is behind or below the camera and the space beyond it fills the view; the camera has not yet turned right.
  [5] Turn right at the doorway
      proof: After turning right, the doorway to the next room is centered in the view
ep=1727 s=0 13387ms [sel=17 cap=12865 rest=471] sg=1->1 mode=NONE win=1 obs=1 | cap=wip act=(160,180) d=0.95 a=1 | preview=view1/6 yaw=-45 render=34ms | sp=preview:active d=1.0 age=0 dtg=9.21 region=0_3
ep=1727 s=1 7507ms [sel=3 cap=7390 rest=114] sg=1->1 mode=NONE win=2 obs=2 | cap=wip act=(320,360) d=0.70 a=1 | sp=preview:active d=0.7 age=1 dtg=8.96 region=0_3
ep=1727 s=2 12790ms [sel=3964 cap=8695 rest=131] sg=1->1 mode=GET_NOWHERE win=3 obs=3 | cap=wip/GET_NOWHERE act=(320,360) d=2.44 a=1 | sp=frontier:active d=2.4 age=0 som=L/7 dtg=8.72 region=0_3
ep=1727 s=3 12480ms [sel=8 cap=12354 rest=117] sg=1->1 mode=NONE win=4 obs=4 | cap=wip act=(320,360) d=2.21 a=1 | sp=frontier:active d=2.2 age=1 dtg=8.48 region=0_9
ep=1727 s=4 11552ms [sel=6 cap=11439 rest=107] sg=1->1 mode=NONE win=5 obs=5 | cap=wip act=(320,360) d=1.99 a=1 | sp=frontier:active d=2.0 age=2 dtg=8.26 region=0_9
ep=1727 s=5 14564ms [sel=0 cap=14458 rest=106] sg=1->2 mode=NONE win=6 obs=6 | cap=DONE act=TURN request=-45deg execute=-15deg x1 a=2 | sp=frontier:active d=1.8 age=3 dtg=8.26 region=0_9
ep=1727 s=6 2114ms [sel=0 cap=2001 rest=113] sg=2->2 mode=NONE win=7 obs=7 | cap=wip act=TURN request=-45deg execute=-15deg x1 a=2 dtg=8.26 region=0_9
ep=1727 s=7 7776ms [sel=0 cap=7666 rest=111] sg=2->2 mode=NONE win=8 obs=8 | cap=wip act=TURN request=-45deg execute=-15deg x1 a=2 dtg=8.26 region=0_9
ep=1727 s=8 9106ms [sel=0 cap=8546 rest=527] sg=2->2 mode=NONE win=8 obs=9 | cap=wip act=TURN request=-45deg execute=-15deg x1 a=2 | preview=view-/6 yaw=+0 render=33ms dtg=8.26 region=0_9
ep=1727 s=9 10348ms [sel=683 cap=9548 rest=117] sg=2->3 mode=NONE win=8 obs=10 | cap=DONE act=(320,360) d=3.01 a=3 | sp=som:active d=3.0 age=0 som=2/8 dtg=8.26 region=0_9
ep=1727 s=10 8425ms [sel=7 cap=8296 rest=122] sg=3->3 mode=NONE win=8 obs=11 | cap=wip act=(320,360) d=3.01 a=3 | sp=som:active d=3.0 age=1 dtg=8.26 region=0_9
ep=1727 s=11 5873ms [sel=7 cap=5758 rest=108] sg=3->3 mode=NONE win=8 obs=12 | cap=wip act=(320,360) d=3.01 a=3 | sp=som:active d=3.0 age=2 dtg=8.26 region=0_9
ep=1727 s=12 8271ms [sel=14 cap=8148 rest=110] sg=3->3 mode=NONE win=8 obs=13 | cap=wip act=(320,360) d=3.01 a=1 | sp=som:active d=3.0 age=3 dtg=8.02 region=0_9
ep=1727 s=13 8765ms [sel=18 cap=8639 rest=108] sg=3->3 mode=NONE win=8 obs=14 | cap=wip act=(320,360) d=2.83 a=1 | sp=som:active d=2.8 age=4 dtg=7.82 region=0_9
ep=1727 s=14 8582ms [sel=22 cap=7978 rest=548] sg=3->3 mode=NONE win=8 obs=15 | cap=wip act=(160,180) d=4.17 a=2 | preview=view3/6 yaw=+0 render=34ms | sp=preview:active d=4.2 age=0 dtg=7.82 region=0_9
ep=1727 s=15 7444ms [sel=8 cap=7323 rest=114] sg=3->3 mode=NONE win=8 obs=16 | cap=wip act=(320,360) d=4.17 a=1 | sp=preview:active d=4.2 age=1 dtg=7.64 region=0_12
ep=1727 s=16 8821ms [sel=3 cap=8708 rest=109] sg=3->3 mode=NONE win=8 obs=17 | cap=wip act=(320,360) d=3.94 a=1 | sp=preview:active d=3.9 age=2 dtg=7.51 region=0_12
ep=1727 s=17 11034ms [sel=17 cap=10440 rest=542] sg=3->3 mode=NONE win=8 obs=18 | cap=wip act=(160,180) d=3.43 a=1 | preview=view2/6 yaw=-45 render=35ms | sp=preview:active d=3.4 age=0 dtg=7.40 region=0_12
ep=1727 s=18 9569ms [sel=3 cap=9456 rest=110] sg=3->3 mode=NONE win=8 obs=19 | cap=wip act=(320,360) d=3.21 a=2 | sp=preview:active d=3.2 age=1 dtg=7.40 region=0_12
ep=1727 s=19 6060ms [sel=3 cap=5944 rest=113] sg=3->3 mode=NONE win=8 obs=20 | cap=wip act=(320,360) d=3.21 a=1 | sp=preview:active d=3.2 age=2 dtg=7.25 region=0_12
ep=1727 s=20 10428ms [sel=3 cap=10309 rest=116] sg=3->3 mode=NONE win=8 obs=21 | cap=wip act=(320,360) d=2.97 a=1 | sp=preview:active d=3.0 age=3 dtg=7.05 region=0_12
ep=1727 s=21 5350ms [sel=3 cap=5237 rest=111] sg=3->3 mode=NONE win=8 obs=22 | cap=wip act=(320,360) d=2.73 a=1 | sp=preview:active d=2.7 age=4 dtg=6.94 region=0_12
ep=1727 s=22 7289ms [sel=3 cap=7172 rest=114] sg=3->3 mode=NONE win=8 obs=23 | cap=wip act=(320,360) d=2.49 a=1 | sp=preview:active d=2.5 age=5 dtg=6.85 region=0_12
ep=1727 s=23 7907ms [sel=3 cap=7792 rest=112] sg=3->3 mode=NONE win=8 obs=24 | cap=wip act=(320,360) d=2.25 a=1 | sp=preview:active d=2.3 age=6 dtg=6.80 region=0_12
ep=1727 s=24 12550ms [sel=4 cap=12431 rest=115] sg=3->3 mode=NONE win=8 obs=25 | cap=wip act=(320,360) d=2.02 a=2 | sp=preview:active d=2.0 age=7 dtg=6.80 region=0_12
ep=1727 s=25 10297ms [sel=18 cap=9666 rest=580] sg=3->3 mode=NONE win=8 obs=26 | cap=wip act=(160,180) d=2.96 a=2 | preview=view2/6 yaw=-30 render=33ms | sp=preview:active d=3.0 age=0 dtg=6.80 region=0_12
ep=1727 s=26 8225ms [sel=3 cap=8105 rest=116] sg=3->3 mode=NONE win=8 obs=27 | cap=wip act=(320,360) d=2.96 a=2 | sp=preview:active d=3.0 age=1 dtg=6.80 region=0_12
ep=1727 s=27 7046ms [sel=3 cap=6927 rest=116] sg=3->3 mode=NONE win=8 obs=28 | cap=wip act=(320,360) d=2.96 a=1 | sp=preview:active d=3.0 age=2 dtg=6.60 region=0_12
ep=1727 s=28 8086ms [sel=4 cap=7964 rest=117] sg=3->3 mode=NONE win=8 obs=29 | cap=wip act=(320,360) d=2.71 a=1 | sp=preview:active d=2.7 age=3 dtg=6.41 region=0_12
ep=1727 s=29 7794ms [sel=0 cap=7678 rest=115] sg=3->4 mode=NONE win=8 obs=30 | cap=DONE act=TURN request=-45deg execute=-15deg x1 a=2 | sp=preview:active d=2.5 age=4 dtg=6.41 region=0_12
ep=1727 s=30 11424ms [sel=0 cap=11304 rest=120] sg=4->4 mode=NONE win=8 obs=31 | cap=wip act=TURN request=-45deg execute=-15deg x1 a=2 dtg=6.41 region=0_12
ep=1727 s=31 5855ms [sel=0 cap=5731 rest=124] sg=4->4 mode=NONE win=8 obs=32 | cap=wip act=TURN request=-45deg execute=-15deg x1 a=2 dtg=6.41 region=0_12
ep=1727 s=32 11369ms [sel=0 cap=11246 rest=122] sg=4->4 mode=NONE win=8 obs=33 | cap=wip act=TURN request=-45deg execute=-15deg x1 a=2 dtg=6.41 region=0_12
ep=1727 s=33 12149ms [sel=4641 cap=7386 rest=121] sg=4->4 mode=NONE win=8 obs=34 | cap=wip act=(320,360) d=1.25 a=1 | sp=som:active d=1.2 age=0 som=3/7 dtg=6.18 region=0_12
ep=1727 s=34 5087ms [sel=3 cap=4954 rest=129] sg=4->4 mode=NONE win=8 obs=35 | cap=wip act=(320,360) d=1.00 a=1 | sp=som:active d=1.0 age=1 dtg=5.94 region=0_12
ep=1727 s=35 5509ms [sel=3 cap=5374 rest=132] sg=4->4 mode=NONE win=8 obs=36 | cap=wip act=(320,360) d=0.75 a=1 | sp=som:active d=0.8 age=2 dtg=5.72 region=0_12
ep=1727 s=36 1899ms [sel=3 cap=1769 rest=127] sg=4->4 mode=NONE win=8 obs=37 | cap=wip act=(320,360) d=0.50 a=1 | sp=som:active d=0.5 age=3 dtg=5.51 region=0_12
ep=1727 s=37 4979ms [sel=1524 cap=3324 rest=131] sg=4->4 mode=NONE win=8 obs=38 | cap=wip act=(320,360) d=1.26 a=3 | sp=som:active d=1.3 age=0 som=4/7 dtg=5.51 region=0_12
ep=1727 s=38 6368ms [sel=12 cap=6223 rest=133] sg=4->4 mode=NONE win=8 obs=39 | cap=wip act=(320,360) d=1.26 a=3 | sp=som:active d=1.3 age=1 dtg=5.51 region=0_12
ep=1727 s=39 12445ms [sel=4 cap=12311 rest=129] sg=4->4 mode=NONE win=8 obs=40 | cap=wip act=(320,360) d=1.26 a=3 | sp=som:active d=1.3 age=2 dtg=5.51 region=0_12
ep=1727 s=40 14371ms [sel=4 cap=14247 rest=120] sg=4->4 mode=NONE win=8 obs=41 | cap=wip act=(320,360) d=1.26 a=3 | sp=som:active d=1.3 age=3 dtg=5.51 region=0_12
ep=1727 s=41 12484ms [sel=3 cap=12369 rest=112] sg=4->4 mode=NONE win=8 obs=42 | cap=wip act=(320,360) d=1.26 a=1 | sp=som:active d=1.3 age=4 dtg=5.30 region=0_12
ep=1727 s=42 12079ms [sel=3 cap=11966 rest=110] sg=4->4 mode=NONE win=8 obs=43 | cap=wip act=(320,360) d=1.01 a=1 | sp=som:active d=1.0 age=5 dtg=5.14 region=0_12
ep=1727 s=43 5432ms [sel=3 cap=5320 rest=109] sg=4->4 mode=NONE win=8 obs=44 | cap=wip act=(320,360) d=0.76 a=1 | sp=som:active d=0.8 age=6 dtg=4.99 region=0_12
ep=1727 s=44 11265ms [sel=3 cap=11149 rest=113] sg=4->4 mode=NONE win=8 obs=45 | cap=wip act=(320,360) d=0.51 a=1 | sp=som:active d=0.5 age=7 dtg=4.91 region=0_12
ep=1727 s=45 10640ms [sel=5277 cap=5244 rest=118] sg=4->4 mode=NONE win=8 obs=46 | cap=wip act=(320,360) d=3.63 a=3 | sp=frontier:active d=3.6 age=0 som=L/8 dtg=4.91 region=0_12
ep=1727 s=46 9397ms [sel=31 cap=9247 rest=119] sg=4->4 mode=NONE win=8 obs=47 | cap=wip act=(320,360) d=3.63 a=3 | sp=frontier:active d=3.6 age=1 dtg=4.91 region=0_12
ep=1727 s=47 9171ms [sel=32 cap=9022 rest=117] sg=4->4 mode=NONE win=8 obs=48 | cap=wip act=(320,360) d=3.63 a=3 | sp=frontier:active d=3.6 age=2 dtg=4.91 region=0_12
ep=1727 s=48 10951ms [sel=38 cap=10795 rest=118] sg=4->4 mode=NONE win=8 obs=49 | cap=wip act=(320,360) d=3.63 a=3 | sp=frontier:active d=3.6 age=3 dtg=4.91 region=0_12
ep=1727 s=49 9546ms [sel=36 cap=9393 rest=118] sg=4->4 mode=NONE win=8 obs=50 | cap=wip act=(320,360) d=3.63 a=3 | sp=frontier:active d=3.6 age=4 dtg=4.91 region=0_12
ep=1727 s=50 7149ms [sel=37 cap=7000 rest=112] sg=4->4 mode=NONE win=8 obs=51 | cap=wip act=(320,360) d=3.63 a=3 | sp=frontier:active d=3.6 age=5 dtg=4.91 region=0_12
ep=1727 s=51 8063ms [sel=0 cap=7952 rest=110] sg=4->5 mode=NONE win=8 obs=52 | cap=DONE act=TURN request=+45deg execute=+15deg x1 a=3 | sp=frontier:active d=3.6 age=6 dtg=4.91 region=0_12
ep=1727 s=52 7781ms [sel=0 cap=7672 rest=109] sg=5->5 mode=NONE win=8 obs=53 | cap=wip act=TURN request=+45deg execute=+15deg x1 a=3 dtg=4.91 region=0_12
ep=1727 s=53 17038ms [sel=7 cap=16420 rest=578] sg=5->None mode=NONE win=8 obs=54 | cap=DONE act=(320,360) d=1.00 a=1 | preview=view-/6 yaw=+0 render=33ms dtg=5.15 region=0_12
ep=1727 s=54 114ms [sel=5 cap=0 rest=109] sg=None->None mode=NONE win=8 obs=55 | cap=- act=(320,360) d=1.00 a=1 dtg=5.39 region=0_12
ep=1727 s=55 114ms [sel=5 cap=0 rest=109] sg=None->None mode=NONE win=8 obs=56 | cap=- act=(320,360) d=1.00 a=1 dtg=5.63 region=0_12
ep=1727 s=56 107ms [sel=0 cap=0 rest=107] sg=None->None mode=NONE win=8 obs=57 | cap=- act=STOP dtg=5.63 region=0_12
rank=0 [17/17] id=1727 steps=57 success=0.000 spl=0.000 dtg=5.63 osr=0 path_length=7.00 ndtw=0.629 sdtw=0.000
rank_summary={"count": 17, "rank": 0, "totals": {"distance_to_goal": 150.65335094928741, "ndtw": 4.49559858267331, "oracle_success": 7.0, "path_length": 410.91025453328734, "sdtw": 0.14953805732549239, "spl": 0.6188761617129206, "steps": 2666.0, "success": 2.0}}
