rank=0 physical_gpu=4 config=/data/pengyh/workspace/FreeAskAgent_R2R/outputs/para50_20260925/freeask_config.yaml
Gym has been unmaintained since 2022 and does not support NumPy 2.0 amongst other critical functionality.
Please upgrade to Gymnasium, the maintained drop-in replacement of Gym, or contact the authors of your software and request that they upgrade.
See the migration guide at https://gymnasium.farama.org/introduction/migration_guide/ for additional information.
PluginManager::Manager: duplicate static plugin StbImageImporter, ignoring
PluginManager::Manager: duplicate static plugin GltfImporter, ignoring
PluginManager::Manager: duplicate static plugin BasisImporter, ignoring
PluginManager::Manager: duplicate static plugin AssimpImporter, ignoring
PluginManager::Manager: duplicate static plugin AnySceneImporter, ignoring
PluginManager::Manager: duplicate static plugin AnyImageImporter, ignoring
config: /data/pengyh/workspace/FreeAskAgent_R2R/outputs/para50_20260925/freeask_config.yaml (defaults: actor, base_url, camera_height_m, camera_pitch_deg, depth_hfov, depth_max_m, depth_min_m, depth_normalize, forward_step_m, image_height, image_width, max_steps, model_path, preview_scale, preview_yaws, record_video, turn_angle_deg, waypoint_radius; env: CAPTIONER_COMPLETION_SCREEN, CAPTIONER_DECISION_BASE_URL, CAPTIONER_DECISION_MODEL, CAPTIONER_INFERENCE_ONLY_COMPLETION, CAPTIONER_OPENING_LOOK_AROUND, CAPTIONER_PREVIEW_BACKOFF_MAX_STEPS, CAPTIONER_PREVIEW_CANDIDATES, CAPTIONER_PREVIEW_GATE_BACKOFF_MAX_M, CAPTIONER_PREVIEW_GATE_BACKOFF_START_M, CAPTIONER_PREVIEW_GATE_FREE_RINGS, CAPTIONER_PREVIEW_GATE_MAX_SKIPS, CAPTIONER_PREVIEW_GATE_MIN_MOVE_M, CAPTIONER_PREVIEW_IDLE_LIMIT, CAPTIONER_PREVIEW_IDLE_RESET_M, CAPTIONER_PREVIEW_MIN_MOVE_M, CAPTIONER_PREVIEW_MIN_TURN_DEG, CAPTIONER_PREVIEW_MOVE_BACKOFF_MAX_M, CAPTIONER_STEP_DEADLINE_S, JOYAI_API_BASE, JOYAI_MODEL_NAME, VLLM_BASE_URL, VLN_ABLATE_SPATIAL, VLN_ABLATE_TEMPORAL, VLN_COMPACT_SUBGOALS, VLN_IMAGE_MAX_PIXELS, VLN_NAV_PARAMS, VLN_ROBOT_PARAMS, VLN_SOM, VLN_SPATIAL_MEMORY_PARAMS, VLN_STRUCTURED_VLM_MAX_TOKENS)
camera: 640x480 hfov=90 K=from-hfov distortion=none mount xyz=(0.0, 1.25, 0.0) rpy_deg=(0.0, -15.0, 0.0)
2026-09-26 07:41:39,901 Initializing dataset R2RVLN-v1
2026-09-26 07:41:39,907 initializing sim Sim-v0
PluginManager::Manager: duplicate static plugin StbImageImporter, ignoring
PluginManager::Manager: duplicate static plugin GltfImporter, ignoring
PluginManager::Manager: duplicate static plugin BasisImporter, ignoring
PluginManager::Manager: duplicate static plugin AssimpImporter, ignoring
PluginManager::Manager: duplicate static plugin AnySceneImporter, ignoring
PluginManager::Manager: duplicate static plugin AnyImageImporter, ignoring
2026-09-26 07:41:50,539 Initializing task VLN-v0
nDTW/SDTW on: 50 reference paths, fastdtw
PluginManager::Manager: duplicate static plugin StbImageImporter, ignoring
PluginManager::Manager: duplicate static plugin GltfImporter, ignoring
PluginManager::Manager: duplicate static plugin BasisImporter, ignoring
PluginManager::Manager: duplicate static plugin AssimpImporter, ignoring
PluginManager::Manager: duplicate static plugin AnySceneImporter, ignoring
PluginManager::Manager: duplicate static plugin AnyImageImporter, ignoring
episode=31 instruction='Head over to the plant. Head over to the rope. Head over to the steamroom door. Head over to the table.' start_position=[-7.149509906768799, 1.1533952951431274, -4.945370197296143] goal_position=[-3.514270067214966, 1.0461080074310303, -1.9369399547576904] reference_geodesic=6.361871719360352
episode=31 prepared_subgoals=4
  [1] Go to the plant
      proof: The plant is directly ahead of the camera, within a step.
  [2] Go to the rope
      proof: The rope is directly ahead of the camera, within a step.
  [3] Go to the steamroom door
      proof: The steamroom door is directly ahead of the camera, within a step.
  [4] Go to the table
      proof: The table is directly ahead of the camera, within a step
ep=31 s=0 3157ms [sel=593 cap=2064 rest=465] sg=1->1 mode=NONE win=1 obs=1 | cap=wip act=(320,365) d=1.49 a=1 | preview=view-/6 yaw=+0 render=35ms | sp=straight_ahead:reached d=0.3 age=0 som=2/5 dtg=6.46 region=0_1
ep=31 s=1 2707ms [sel=567 cap=2037 rest=102] sg=1->1 mode=NONE win=2 obs=2 | cap=wip act=(320,406) d=1.25 a=1 | sp=straight_ahead:reached d=0.3 age=0 som=2/5 dtg=6.58 region=0_1
ep=31 s=2 1908ms [sel=549 cap=1260 rest=99] sg=1->1 mode=NONE win=3 obs=3 | cap=wip act=(320,360) d=3.38 a=2 | sp=frontier:active d=3.4 age=0 som=1/3 dtg=6.58 region=0_1
ep=31 s=3 1347ms [sel=7 cap=1232 rest=108] sg=1->1 mode=NONE win=4 obs=4 | cap=wip act=(320,360) d=3.38 a=2 | sp=frontier:active d=3.4 age=1 dtg=6.58 region=0_1
ep=31 s=4 1876ms [sel=7 cap=1761 rest=109] sg=1->1 mode=NONE win=5 obs=5 | cap=wip act=(320,360) d=3.38 a=2 | sp=frontier:active d=3.4 age=2 dtg=6.58 region=0_1
ep=31 s=5 1999ms [sel=6 cap=1891 rest=103] sg=1->1 mode=NONE win=6 obs=6 | cap=wip act=(320,360) d=3.38 a=2 | sp=frontier:active d=3.4 age=3 dtg=6.58 region=0_1
ep=31 s=6 1810ms [sel=16 cap=1701 rest=93] sg=1->1 mode=GET_NOWHERE win=7 obs=7 | cap=wip/GET_NOWHERE act=(320,360) d=3.38 a=2 | sp=frontier:active d=3.4 age=4 dtg=6.58 region=0_1
ep=31 s=7 1913ms [sel=8 cap=1803 rest=102] sg=1->1 mode=NONE win=8 obs=8 | cap=wip act=(320,360) d=3.38 a=2 | sp=frontier:active d=3.4 age=5 dtg=6.58 region=0_1
ep=31 s=8 1202ms [sel=3 cap=1087 rest=112] sg=1->1 mode=NONE win=8 obs=9 | cap=wip act=(320,360) d=3.38 a=1 | sp=frontier:active d=3.4 age=6 dtg=6.36 region=0_1
ep=31 s=9 1975ms [sel=628 cap=1232 rest=115] sg=1->2 mode=NONE win=8 obs=10 | cap=DONE act=(320,360) d=1.80 a=1 | sp=som:active d=1.8 age=0 som=3/5 dtg=6.15 region=0_1
ep=31 s=10 1436ms [sel=4 cap=1317 rest=115] sg=2->2 mode=NONE win=8 obs=11 | cap=wip act=(320,360) d=1.55 a=1 | sp=som:active d=1.6 age=1 dtg=5.93 region=0_1
ep=31 s=11 2113ms [sel=3 cap=1995 rest=114] sg=2->2 mode=NONE win=8 obs=12 | cap=wip act=(320,360) d=1.30 a=1 | sp=som:active d=1.3 age=2 dtg=5.73 region=0_1
ep=31 s=12 1866ms [sel=4 cap=1745 rest=118] sg=2->2 mode=NONE win=8 obs=13 | cap=wip act=(320,360) d=1.05 a=1 | sp=som:active d=1.1 age=3 dtg=5.53 region=0_1
ep=31 s=13 2996ms [sel=4 cap=2874 rest=117] sg=2->2 mode=NONE win=8 obs=14 | cap=wip act=(320,360) d=0.80 a=1 | sp=som:active d=0.8 age=4 dtg=5.34 region=0_1
ep=31 s=14 3215ms [sel=54 cap=2662 rest=463] sg=2->2 mode=NONE win=8 obs=15 | cap=wip act=(160,180) d=4.60 a=2 | preview=view1/6 yaw=-90 render=36ms | sp=preview:active d=4.6 age=0 dtg=5.34 region=0_1
ep=31 s=15 3915ms [sel=11 cap=3803 rest=101] sg=2->2 mode=NONE win=8 obs=16 | cap=wip act=(320,360) d=4.60 a=2 | sp=preview:active d=4.6 age=1 dtg=5.34 region=0_1
ep=31 s=16 1741ms [sel=11 cap=1620 rest=110] sg=2->2 mode=NONE win=8 obs=17 | cap=wip act=(320,360) d=4.60 a=1 | sp=preview:active d=4.6 age=2 dtg=5.10 region=0_1
ep=31 s=17 2268ms [sel=11 cap=2148 rest=108] sg=2->2 mode=NONE win=8 obs=18 | cap=wip act=(320,360) d=4.36 a=1 | sp=preview:active d=4.4 age=3 dtg=4.86 region=0_1
ep=31 s=18 1520ms [sel=11 cap=1390 rest=119] sg=2->2 mode=NONE win=8 obs=19 | cap=wip act=(320,360) d=4.12 a=1 | sp=preview:active d=4.1 age=4 dtg=4.61 region=0_1
ep=31 s=19 2638ms [sel=11 cap=2117 rest=475] sg=2->2 mode=NONE win=8 obs=20 | cap=wip act=(320,360) d=3.88 a=1 | preview=view-/6 yaw=+0 render=35ms | sp=preview:active d=3.9 age=5 dtg=4.38 region=0_1
ep=31 s=20 1290ms [sel=11 cap=1176 rest=103] sg=2->2 mode=NONE win=8 obs=21 | cap=wip act=(320,360) d=3.64 a=2 | sp=preview:active d=3.6 age=6 dtg=4.38 region=0_1
ep=31 s=21 1490ms [sel=10 cap=1374 rest=105] sg=2->2 mode=NONE win=8 obs=22 | cap=wip act=(320,360) d=3.64 a=1 | sp=preview:active d=3.6 age=7 dtg=4.13 region=0_1
ep=31 s=22 3239ms [sel=11 cap=2744 rest=449] sg=2->2 mode=NONE win=8 obs=23 | cap=wip act=(320,360) d=3.39 a=1 | preview=view-/6 yaw=+0 render=35ms | sp=preview:active d=3.4 age=8 dtg=3.88 region=0_2
ep=31 s=23 2298ms [sel=10 cap=2178 rest=111] sg=2->2 mode=NONE win=8 obs=24 | cap=wip act=(320,360) d=3.14 a=1 | sp=preview:active d=3.1 age=9 dtg=3.63 region=0_1
ep=31 s=24 1903ms [sel=10 cap=1780 rest=113] sg=2->2 mode=NONE win=8 obs=25 | cap=wip act=(320,360) d=2.89 a=1 | sp=preview:active d=2.9 age=10 dtg=3.38 region=0_1
ep=31 s=25 3291ms [sel=26 cap=2756 rest=470] sg=2->2 mode=NONE win=8 obs=26 | cap=wip act=(160,180) d=2.85 a=1 | preview=view3/6 yaw=+0 render=39ms | sp=preview:active d=2.9 age=0 dtg=3.13 region=0_1
ep=31 s=26 1889ms [sel=7 cap=1746 rest=137] sg=2->2 mode=NONE win=8 obs=27 | cap=wip act=(320,360) d=2.61 a=1 | sp=preview:active d=2.6 age=1 dtg=2.88 region=0_1
ep=31 s=27 2354ms [sel=3 cap=2221 rest=129] sg=2->2 mode=NONE win=8 obs=28 | cap=wip act=(320,360) d=2.37 a=1 | sp=preview:active d=2.4 age=2 dtg=2.64 region=None
ep=31 s=28 2430ms [sel=5 cap=2295 rest=130] sg=2->2 mode=NONE win=8 obs=29 | cap=wip act=(320,360) d=2.13 a=1 | sp=preview:active d=2.1 age=3 dtg=2.43 region=0_8
ep=31 s=29 1945ms [sel=3 cap=1810 rest=131] sg=2->2 mode=NONE win=8 obs=30 | cap=wip act=(320,360) d=1.90 a=2 | sp=preview:active d=1.9 age=4 dtg=2.43 region=0_8
ep=31 s=30 1685ms [sel=4 cap=1553 rest=129] sg=2->2 mode=NONE win=8 obs=31 | cap=wip act=(320,360) d=1.90 a=1 | sp=preview:active d=1.9 age=5 dtg=2.24 region=0_8
ep=31 s=31 3009ms [sel=3 cap=2882 rest=125] sg=2->2 mode=NONE win=8 obs=32 | cap=wip act=(320,360) d=1.65 a=1 | sp=preview:active d=1.7 age=6 dtg=2.11 region=0_8
ep=31 s=32 2700ms [sel=3 cap=2569 rest=128] sg=2->2 mode=NONE win=8 obs=33 | cap=wip act=(320,360) d=1.40 a=2 | sp=preview:active d=1.4 age=7 dtg=2.11 region=0_8
ep=31 s=33 2459ms [sel=4 cap=2331 rest=124] sg=2->2 mode=NONE win=8 obs=34 | cap=wip act=(320,360) d=1.40 a=1 | sp=preview:active d=1.4 age=8 dtg=1.98 region=0_8
ep=31 s=34 1716ms [sel=3 cap=1585 rest=128] sg=2->2 mode=NONE win=8 obs=35 | cap=wip act=(320,360) d=1.15 a=1 | sp=preview:active d=1.2 age=9 dtg=1.89 region=0_8
ep=31 s=35 1318ms [sel=4 cap=1192 rest=122] sg=2->2 mode=NONE win=8 obs=36 | cap=wip act=(320,360) d=0.91 a=1 | sp=preview:active d=0.9 age=10 dtg=1.85 region=0_8
ep=31 s=36 1970ms [sel=4 cap=1840 rest=126] sg=2->2 mode=NONE win=8 obs=37 | cap=wip act=(320,360) d=0.66 a=1 | sp=preview:active d=0.7 age=11 dtg=1.88 region=0_8
ep=31 s=37 2559ms [sel=974 cap=1461 rest=124] sg=2->2 mode=NONE win=8 obs=38 | cap=wip act=(320,360) d=2.36 a=3 | sp=som:active d=2.4 age=0 som=3/6 dtg=1.88 region=0_8
ep=31 s=38 1772ms [sel=3 cap=1627 rest=142] sg=2->2 mode=NONE win=8 obs=39 | cap=wip act=(320,360) d=2.36 a=1 | sp=som:active d=2.4 age=1 dtg=2.03 region=0_8
ep=31 s=39 6521ms [sel=3 cap=6391 rest=126] sg=2->2 mode=NONE win=8 obs=40 | cap=wip act=(320,360) d=2.12 a=3 | sp=som:active d=2.1 age=2 dtg=2.03 region=0_8
ep=31 s=40 2287ms [sel=3 cap=2159 rest=125] sg=2->2 mode=NONE win=8 obs=41 | cap=wip act=(320,360) d=2.12 a=1 | sp=som:active d=2.1 age=3 dtg=2.24 region=0_8
ep=31 s=41 2733ms [sel=3 cap=2602 rest=129] sg=2->2 mode=NONE win=8 obs=42 | cap=wip act=(320,360) d=1.90 a=1 | sp=som:active d=1.9 age=4 dtg=2.48 region=0_8
ep=31 s=42 3054ms [sel=3 cap=2907 rest=144] sg=2->2 mode=NONE win=8 obs=43 | cap=wip act=(320,360) d=1.69 a=1 | sp=som:active d=1.7 age=5 dtg=2.72 region=0_8
ep=31 s=43 3219ms [sel=3 cap=3074 rest=142] sg=2->2 mode=NONE win=8 obs=44 | cap=wip act=(320,360) d=1.49 a=2 | sp=som:active d=1.5 age=6 dtg=2.72 region=0_8
ep=31 s=44 2739ms [sel=3 cap=2602 rest=134] sg=2->2 mode=NONE win=8 obs=45 | cap=wip act=(320,360) d=1.49 a=2 | sp=som:active d=1.5 age=7 dtg=2.72 region=0_8
ep=31 s=45 2456ms [sel=3 cap=2327 rest=127] sg=2->2 mode=NONE win=8 obs=46 | cap=wip act=(320,360) d=1.49 a=1 | sp=som:active d=1.5 age=8 dtg=2.91 region=0_8
ep=31 s=46 2633ms [sel=3 cap=2509 rest=121] sg=2->2 mode=NONE win=8 obs=47 | cap=wip act=(320,360) d=1.25 a=1 | sp=som:active d=1.2 age=9 dtg=3.13 region=0_8
ep=31 s=47 2469ms [sel=3 cap=2346 rest=120] sg=2->2 mode=NONE win=8 obs=48 | cap=wip act=(320,360) d=1.01 a=2 | sp=som:active d=1.0 age=10 dtg=3.13 region=0_8
ep=31 s=48 2584ms [sel=4 cap=2463 rest=117] sg=2->2 mode=NONE win=8 obs=49 | cap=wip act=(320,360) d=1.01 a=1 | sp=som:active d=1.0 age=11 dtg=3.31 region=0_8
ep=31 s=49 2657ms [sel=4 cap=2535 rest=119] sg=2->2 mode=NONE win=8 obs=50 | cap=wip act=(320,360) d=0.76 a=1 | sp=som:active d=0.8 age=12 dtg=3.49 region=0_8
ep=31 s=50 1842ms [sel=3 cap=1715 rest=125] sg=2->2 mode=NONE win=8 obs=51 | cap=wip act=(320,360) d=0.51 a=1 | sp=som:active d=0.5 age=13 dtg=3.68 region=0_8
ep=31 s=51 3375ms [sel=952 cap=2295 rest=129] sg=2->3 mode=NONE win=8 obs=52 | cap=DONE act=(320,360) d=0.51 a=2 | sp=som:active d=0.5 age=0 som=5/7 dtg=3.68 region=0_8
ep=31 s=52 1481ms [sel=3 cap=1350 rest=128] sg=3->3 mode=NONE win=8 obs=53 | cap=wip act=(320,360) d=0.51 a=1 | sp=som:active d=0.5 age=1 dtg=3.85 region=0_8
ep=31 s=53 3969ms [sel=676 cap=3168 rest=124] sg=3->3 mode=NONE win=8 obs=54 | cap=wip act=(320,360) d=3.20 a=2 | sp=frontier:active d=3.2 age=0 som=4/7 dtg=3.85 region=0_8
ep=31 s=54 2123ms [sel=20 cap=1979 rest=124] sg=3->3 mode=NONE win=8 obs=55 | cap=wip act=(320,360) d=3.20 a=2 | sp=frontier:active d=3.2 age=1 dtg=3.85 region=0_8
ep=31 s=55 3061ms [sel=20 cap=2912 rest=129] sg=3->3 mode=NONE win=8 obs=56 | cap=wip act=(320,360) d=3.20 a=2 | sp=frontier:active d=3.2 age=2 dtg=3.85 region=0_8
ep=31 s=56 2722ms [sel=21 cap=2576 rest=125] sg=3->3 mode=NONE win=8 obs=57 | cap=wip act=(320,360) d=3.20 a=2 | sp=frontier:active d=3.2 age=3 dtg=3.85 region=0_8
ep=31 s=57 3811ms [sel=20 cap=3653 rest=137] sg=3->3 mode=NONE win=8 obs=58 | cap=wip act=(320,360) d=3.20 a=2 | sp=frontier:active d=3.2 age=4 dtg=3.85 region=0_8
ep=31 s=58 1574ms [sel=20 cap=1427 rest=127] sg=3->3 mode=NONE win=8 obs=59 | cap=wip act=(320,360) d=3.20 a=2 | sp=frontier:active d=3.2 age=5 dtg=3.85 region=0_8
ep=31 s=59 4964ms [sel=854 cap=3977 rest=133] sg=3->3 mode=NONE win=8 obs=60 | cap=wip act=(320,360) d=1.10 a=2 | sp=som:active d=1.1 age=0 som=3/7 dtg=3.85 region=0_8
ep=31 s=60 3493ms [sel=7 cap=2906 rest=546] sg=3->3 mode=NONE win=8 obs=61 | cap=wip act=(160,180) d=1.10 a=2 | preview=view5/6 yaw=+105 render=35ms | sp=som:active d=1.1 age=1 dtg=3.85 region=0_8
ep=31 s=61 1990ms [sel=3 cap=1862 rest=126] sg=3->3 mode=NONE win=8 obs=62 | cap=wip act=(320,360) d=1.10 a=2 | sp=som:active d=1.1 age=2 dtg=3.85 region=0_8
ep=31 s=62 2756ms [sel=3 cap=2626 rest=127] sg=3->3 mode=NONE win=8 obs=63 | cap=wip act=(320,360) d=1.10 a=1 | sp=som:active d=1.1 age=3 dtg=3.60 region=0_8
ep=31 s=63 3201ms [sel=3 cap=3064 rest=134] sg=3->3 mode=NONE win=8 obs=64 | cap=wip act=(320,360) d=0.87 a=3 | sp=som:active d=0.9 age=4 dtg=3.60 region=0_8
ep=31 s=64 1767ms [sel=3 cap=1639 rest=126] sg=3->3 mode=NONE win=8 obs=65 | cap=wip act=(320,360) d=0.87 a=1 | sp=som:active d=0.9 age=5 dtg=3.36 region=0_8
ep=31 s=65 1537ms [sel=3 cap=1401 rest=133] sg=3->3 mode=NONE win=8 obs=66 | cap=wip act=(320,360) d=0.63 a=3 | sp=som:active d=0.6 age=6 dtg=3.36 region=0_8
ep=31 s=66 1631ms [sel=3 cap=1494 rest=134] sg=3->3 mode=NONE win=8 obs=67 | cap=wip act=(320,360) d=0.63 a=1 | sp=som:active d=0.6 age=7 dtg=3.15 region=0_8
ep=31 s=67 2444ms [sel=671 cap=1636 rest=136] sg=3->3 mode=NONE win=8 obs=68 | cap=wip act=(320,360) d=1.15 a=2 | sp=som:active d=1.2 age=0 som=1/7 dtg=3.15 region=0_8
ep=31 s=68 2133ms [sel=3 cap=2000 rest=130] sg=3->3 mode=NONE win=8 obs=69 | cap=wip act=(320,360) d=1.15 a=2 | sp=som:active d=1.2 age=1 dtg=3.15 region=0_8
ep=31 s=69 2232ms [sel=3 cap=2095 rest=134] sg=3->3 mode=NONE win=8 obs=70 | cap=wip act=(320,360) d=1.15 a=1 | sp=som:active d=1.2 age=2 dtg=2.91 region=0_8
ep=31 s=70 2355ms [sel=3 cap=2215 rest=137] sg=3->3 mode=NONE win=8 obs=71 | cap=wip act=(320,360) d=0.91 a=1 | sp=som:active d=0.9 age=3 dtg=2.64 region=0_8
ep=31 s=71 2821ms [sel=3 cap=2689 rest=129] sg=3->3 mode=NONE win=8 obs=72 | cap=wip act=(320,360) d=0.66 a=1 | sp=som:active d=0.7 age=4 dtg=2.38 region=0_8
ep=31 s=72 2752ms [sel=908 cap=1716 rest=127] sg=3->3 mode=NONE win=8 obs=73 | cap=wip act=(320,359) d=1.78 a=1 | sp=straight_ahead:reached d=0.4 age=0 som=4/8 dtg=2.13 region=0_8
ep=31 s=73 2138ms [sel=784 cap=1227 rest=127] sg=3->3 mode=NONE win=8 obs=74 | cap=wip act=TURN request=-45deg execute=-15deg x1 a=2 | sp=straight_ahead:reached d=0.4 age=1 door_evts=1 som=1/7 dtg=2.13 region=0_8
ep=31 s=74 1992ms [sel=0 cap=1867 rest=125] sg=3->3 mode=NONE win=8 obs=75 | cap=wip act=TURN request=-45deg execute=-15deg x1 a=2 | sp=- door_evts=1 dtg=2.13 region=0_8
ep=31 s=75 2636ms [sel=0 cap=2515 rest=121] sg=3->3 mode=NONE win=8 obs=76 | cap=wip act=TURN request=-45deg execute=-15deg x1 a=2 | sp=- door_evts=1 dtg=2.13 region=0_8
ep=31 s=76 2777ms [sel=0 cap=2659 rest=118] sg=3->3 mode=NONE win=8 obs=77 | cap=wip act=TURN request=-45deg execute=-15deg x1 a=2 | sp=- door_evts=1 dtg=2.13 region=0_8
ep=31 s=77 1749ms [sel=0 cap=1627 rest=122] sg=3->3 mode=NONE win=8 obs=78 | cap=wip act=TURN request=-45deg execute=-15deg x1 a=2 | sp=- door_evts=1 dtg=2.13 region=0_8
ep=31 s=78 2406ms [sel=0 cap=2283 rest=123] sg=3->3 mode=NONE win=8 obs=79 | cap=wip act=TURN request=-45deg execute=-15deg x1 a=2 | sp=- door_evts=1 dtg=2.13 region=0_8
ep=31 s=79 3875ms [sel=0 cap=3752 rest=123] sg=3->3 mode=NONE win=8 obs=80 | cap=wip act=TURN request=-45deg execute=-15deg x1 a=2 | sp=- door_evts=1 dtg=2.13 region=0_8
ep=31 s=80 2497ms [sel=0 cap=2370 rest=127] sg=3->3 mode=NONE win=8 obs=81 | cap=wip act=TURN request=-45deg execute=-15deg x1 a=2 | sp=- door_evts=1 dtg=2.13 region=0_8
ep=31 s=81 2308ms [sel=0 cap=2187 rest=122] sg=3->3 mode=NONE win=8 obs=82 | cap=wip act=TURN request=-45deg execute=-15deg x1 a=2 | sp=- door_evts=1 dtg=2.13 region=0_8
ep=31 s=82 2556ms [sel=0 cap=2432 rest=125] sg=3->3 mode=NONE win=8 obs=83 | cap=wip act=TURN request=-45deg execute=-15deg x1 a=2 | sp=- door_evts=1 dtg=2.13 region=0_8
ep=31 s=83 2152ms [sel=0 cap=2024 rest=127] sg=3->4 mode=NONE win=8 obs=84 | cap=DONE act=TURN request=-45deg execute=-15deg x1 a=2 | sp=- door_evts=1 dtg=2.13 region=0_8
ep=31 s=84 2768ms [sel=0 cap=2644 rest=124] sg=4->4 mode=NONE win=8 obs=85 | cap=wip act=TURN request=-45deg execute=-15deg x1 a=2 | sp=- door_evts=1 dtg=2.13 region=0_8
ep=31 s=85 3947ms [sel=812 cap=3010 rest=125] sg=4->4 mode=NONE win=8 obs=86 | cap=wip act=(320,360) d=2.00 a=1 | sp=som:active d=2.0 age=0 som=5/7 dtg=2.38 region=0_8
ep=31 s=86 1803ms [sel=3 cap=1682 rest=119] sg=4->4 mode=NONE win=8 obs=87 | cap=wip act=(320,360) d=1.75 a=3 | sp=som:active d=1.8 age=1 dtg=2.38 region=0_8
ep=31 s=87 3493ms [sel=3 cap=3371 rest=120] sg=4->4 mode=NONE win=8 obs=88 | cap=wip act=(320,360) d=1.75 a=1 | sp=som:active d=1.8 age=2 dtg=2.63 region=0_8
ep=31 s=88 3013ms [sel=3 cap=2891 rest=119] sg=4->4 mode=NONE win=8 obs=89 | cap=wip act=(320,360) d=1.51 a=1 | sp=som:active d=1.5 age=3 dtg=2.88 region=0_8
ep=31 s=89 1946ms [sel=3 cap=1821 rest=122] sg=4->4 mode=NONE win=8 obs=90 | cap=wip act=(320,360) d=1.27 a=1 | sp=som:active d=1.3 age=4 dtg=3.12 region=0_8
ep=31 s=90 3801ms [sel=3 cap=3676 rest=122] sg=4->4 mode=NONE win=8 obs=91 | cap=wip act=(320,360) d=1.04 a=2 | sp=som:active d=1.0 age=5 dtg=3.12 region=0_8
ep=31 s=91 1583ms [sel=3 cap=1459 rest=122] sg=4->4 mode=NONE win=8 obs=92 | cap=wip act=(320,360) d=1.04 a=1 | sp=som:active d=1.0 age=6 dtg=3.37 region=0_8
ep=31 s=92 8740ms [sel=3 cap=8191 rest=511] sg=4->4 mode=NONE win=8 obs=93 | cap=wip act=(320,360) d=0.79 a=1 | preview=view-/6 yaw=+0 render=34ms | sp=som:active d=0.8 age=7 dtg=3.62 region=0_8
ep=31 s=93 4361ms [sel=3 cap=4226 rest=132] sg=4->4 mode=NONE win=8 obs=94 | cap=wip act=(320,360) d=0.54 a=1 | sp=som:active d=0.5 age=8 dtg=3.86 region=0_8
ep=31 s=94 4304ms [sel=799 cap=3376 rest=130] sg=4->4 mode=NONE win=8 obs=95 | cap=wip act=TURN request=-45deg execute=-15deg x1 a=2 | sp=som:reached d=0.3 age=9 door_evts=1 som=1/8 dtg=3.86 region=0_8
ep=31 s=95 8658ms [sel=0 cap=8117 rest=506] sg=4->4 mode=NONE win=8 obs=96 | cap=wip act=TURN request=-45deg execute=-15deg x1 a=2 | preview=view-/6 yaw=+0 render=35ms | sp=- door_evts=1 dtg=3.86 region=0_8
ep=31 s=96 1633ms [sel=0 cap=1510 rest=123] sg=4->4 mode=NONE win=8 obs=97 | cap=wip act=TURN request=-45deg execute=-15deg x1 a=2 | sp=- door_evts=1 dtg=3.86 region=0_8
ep=31 s=97 2185ms [sel=0 cap=2059 rest=126] sg=4->4 mode=NONE win=8 obs=98 | cap=wip act=TURN request=-45deg execute=-15deg x1 a=2 | sp=- door_evts=1 dtg=3.86 region=0_8
ep=31 s=98 1925ms [sel=0 cap=1797 rest=128] sg=4->4 mode=NONE win=8 obs=99 | cap=wip act=TURN request=-45deg execute=-15deg x1 a=2 | sp=- door_evts=1 dtg=3.86 region=0_8
ep=31 s=99 2533ms [sel=0 cap=2410 rest=123] sg=4->4 mode=NONE win=8 obs=100 | cap=wip act=TURN request=-45deg execute=-15deg x1 a=2 | sp=- door_evts=1 dtg=3.86 region=0_8
ep=31 s=100 2784ms [sel=0 cap=2661 rest=123] sg=4->4 mode=NONE win=8 obs=101 | cap=wip act=TURN request=-45deg execute=-15deg x1 a=2 | sp=- door_evts=1 dtg=3.86 region=0_8
ep=31 s=101 2181ms [sel=0 cap=2058 rest=124] sg=4->4 mode=NONE win=8 obs=102 | cap=wip act=TURN request=-45deg execute=-15deg x1 a=2 | sp=- door_evts=1 dtg=3.86 region=0_8
ep=31 s=102 8775ms [sel=303 cap=7919 rest=519] sg=4->None mode=NONE win=8 obs=103 | cap=DONE act=(320,360) d=1.00 a=1 | preview=view-/6 yaw=+0 render=34ms | sp=- door_evts=1 dtg=3.74 region=0_8
ep=31 s=103 126ms [sel=4 cap=0 rest=122] sg=None->None mode=NONE win=8 obs=104 | cap=- act=(320,360) d=1.00 a=1 | sp=- door_evts=1 dtg=3.64 region=0_8
ep=31 s=104 135ms [sel=4 cap=0 rest=130] sg=None->None mode=NONE win=8 obs=105 | cap=- act=(320,360) d=1.00 a=1 | sp=- door_evts=1 dtg=3.57 region=0_8
ep=31 s=105 137ms [sel=0 cap=0 rest=137] sg=None->None mode=NONE win=8 obs=106 | cap=- act=STOP | sp=- door_evts=1 dtg=3.57 region=0_8
rank=0 [1/7] id=31 steps=106 success=0.000 spl=0.000 dtg=3.57 osr=1 path_length=13.44 ndtw=0.441 sdtw=0.000
PluginManager::Manager: duplicate static plugin StbImageImporter, ignoring
PluginManager::Manager: duplicate static plugin GltfImporter, ignoring
PluginManager::Manager: duplicate static plugin BasisImporter, ignoring
PluginManager::Manager: duplicate static plugin AssimpImporter, ignoring
PluginManager::Manager: duplicate static plugin AnySceneImporter, ignoring
PluginManager::Manager: duplicate static plugin AnyImageImporter, ignoring
episode=250 instruction='Go past the eye chart and in through the right bedroom door, then wait.' start_position=[3.9934399127960205, 0.17162801325321198, -0.24373500049114227] goal_position=[0.3952139914035797, 0.17162801325321198, -5.582699775695801] reference_geodesic=6.900740146636963
episode=250 prepared_subgoals=3
  [1] Go past the eye chart
      proof: The eye chart is behind the camera and the space beyond it fills the view.
  [2] Enter the right bedroom through the door
      proof: The camera has crossed the bedroom threshold and the bedroom interior is central in the view.
  [3] Wait beside the door
      proof: The camera is stationary beside the bedroom door, with the door visible in the view
ep=250 s=0 4120ms [sel=5 cap=3618 rest=459] sg=1->1 mode=NONE win=1 obs=1 | cap=wip act=PREVIEW a=2 | preview=view2/6 yaw=+0 render=38ms dtg=6.90 region=0_17
ep=250 s=1 2112ms [sel=938 cap=1088 rest=85] sg=1->1 mode=NONE win=2 obs=2 | cap=wip act=(320,360) d=2.95 a=1 | sp=som:active d=3.0 age=0 som=4/7 dtg=6.67 region=0_17
ep=250 s=2 1612ms [sel=3 cap=1518 rest=90] sg=1->1 mode=NONE win=3 obs=3 | cap=wip act=(320,360) d=2.71 a=2 | sp=som:active d=2.7 age=1 dtg=6.67 region=0_17
ep=250 s=3 1928ms [sel=3 cap=1836 rest=89] sg=1->1 mode=NONE win=4 obs=4 | cap=wip act=(320,360) d=2.71 a=1 | sp=som:active d=2.7 age=2 dtg=6.43 region=0_17
ep=250 s=4 1892ms [sel=3 cap=1800 rest=90] sg=1->1 mode=NONE win=5 obs=5 | cap=wip act=(320,360) d=2.46 a=1 | sp=som:active d=2.5 age=3 dtg=6.18 region=0_18
ep=250 s=5 1964ms [sel=3 cap=1861 rest=100] sg=1->1 mode=NONE win=6 obs=6 | cap=wip act=(320,360) d=2.21 a=1 | sp=som:active d=2.2 age=4 dtg=5.94 region=0_18
ep=250 s=6 1735ms [sel=3 cap=1633 rest=99] sg=1->1 mode=NONE win=7 obs=7 | cap=wip act=(320,360) d=1.96 a=1 | sp=som:active d=2.0 age=5 dtg=5.70 region=0_18
ep=250 s=7 2696ms [sel=3 cap=2599 rest=94] sg=1->1 mode=NONE win=8 obs=8 | cap=wip act=(320,360) d=1.71 a=1 | sp=som:active d=1.7 age=6 dtg=5.47 region=0_18
ep=250 s=8 2408ms [sel=3 cap=2307 rest=98] sg=1->1 mode=NONE win=8 obs=9 | cap=wip act=(320,360) d=1.46 a=1 | sp=som:active d=1.5 age=7 dtg=5.24 region=0_18
ep=250 s=9 1991ms [sel=3 cap=1895 rest=93] sg=1->1 mode=NONE win=8 obs=10 | cap=wip act=(320,360) d=1.21 a=1 | sp=som:active d=1.2 age=8 dtg=5.01 region=0_18
ep=250 s=10 1429ms [sel=3 cap=1336 rest=90] sg=1->1 mode=NONE win=8 obs=11 | cap=wip act=(320,360) d=0.96 a=1 | sp=som:active d=1.0 age=9 dtg=4.81 region=0_18
ep=250 s=11 1692ms [sel=3 cap=1602 rest=87] sg=1->1 mode=NONE win=8 obs=12 | cap=wip act=(320,360) d=0.71 a=1 | sp=som:active d=0.7 age=10 dtg=4.64 region=0_18
ep=250 s=12 2619ms [sel=599 cap=1932 rest=88] sg=1->1 mode=NONE win=8 obs=13 | cap=wip act=(320,360) d=2.98 a=1 | sp=som:active d=3.0 age=0 som=3/8 dtg=4.49 region=0_18
ep=250 s=13 3820ms [sel=3 cap=3725 rest=93] sg=1->1 mode=NONE win=8 obs=14 | cap=wip act=(320,360) d=2.73 a=2 | sp=som:active d=2.7 age=1 dtg=4.49 region=0_18
ep=250 s=14 2631ms [sel=3 cap=2532 rest=96] sg=1->1 mode=NONE win=8 obs=15 | cap=wip act=(320,360) d=2.73 a=1 | sp=som:active d=2.7 age=2 dtg=4.30 region=0_18
ep=250 s=15 4948ms [sel=621 cap=4224 rest=103] sg=1->2 mode=NONE win=8 obs=16 | cap=DONE act=(320,360) d=2.88 a=2 | sp=som:active d=2.9 age=0 som=1/8 dtg=4.30 region=0_18
ep=250 s=16 2524ms [sel=3 cap=2415 rest=106] sg=2->2 mode=NONE win=8 obs=17 | cap=wip act=(320,360) d=2.88 a=1 | sp=som:active d=2.9 age=1 dtg=4.08 region=0_18
ep=250 s=17 2212ms [sel=3 cap=2102 rest=107] sg=2->2 mode=NONE win=8 obs=18 | cap=wip act=(320,360) d=2.66 a=2 | sp=som:active d=2.7 age=2 dtg=4.08 region=0_18
ep=250 s=18 1446ms [sel=3 cap=1342 rest=102] sg=2->2 mode=NONE win=8 obs=19 | cap=wip act=(320,360) d=2.66 a=1 | sp=som:active d=2.7 age=3 dtg=3.84 region=0_18
ep=250 s=19 1533ms [sel=3 cap=1428 rest=102] sg=2->2 mode=NONE win=8 obs=20 | cap=wip act=(320,360) d=2.41 a=1 | sp=som:active d=2.4 age=4 dtg=3.59 region=0_18
ep=250 s=20 2757ms [sel=3 cap=2649 rest=106] sg=2->2 mode=NONE win=8 obs=21 | cap=wip act=(320,360) d=2.17 a=1 | sp=som:active d=2.2 age=5 dtg=3.35 region=0_18
ep=250 s=21 2827ms [sel=3 cap=2715 rest=110] sg=2->2 mode=NONE win=8 obs=22 | cap=wip act=(320,360) d=1.93 a=1 | sp=som:active d=1.9 age=6 dtg=3.12 region=0_18
ep=250 s=22 2085ms [sel=3 cap=1975 rest=108] sg=2->2 mode=NONE win=8 obs=23 | cap=wip act=(320,360) d=1.69 a=1 | sp=som:active d=1.7 age=7 dtg=2.88 region=0_18
ep=250 s=23 3738ms [sel=3 cap=3626 rest=108] sg=2->2 mode=NONE win=8 obs=24 | cap=wip act=(320,360) d=1.46 a=2 | sp=som:active d=1.5 age=8 dtg=2.88 region=0_18
ep=250 s=24 2745ms [sel=3 cap=2637 rest=105] sg=2->2 mode=NONE win=8 obs=25 | cap=wip act=(320,360) d=1.46 a=1 | sp=som:active d=1.5 age=9 dtg=2.63 region=0_18
ep=250 s=25 2837ms [sel=3 cap=2731 rest=102] sg=2->2 mode=NONE win=8 obs=26 | cap=wip act=(320,360) d=1.21 a=1 | sp=som:active d=1.2 age=10 dtg=2.38 region=0_18
ep=250 s=26 2022ms [sel=3 cap=1916 rest=102] sg=2->2 mode=NONE win=8 obs=27 | cap=wip act=(320,360) d=0.96 a=1 | sp=som:active d=1.0 age=11 dtg=2.13 region=0_18
ep=250 s=27 1995ms [sel=3 cap=1889 rest=102] sg=2->2 mode=NONE win=8 obs=28 | cap=wip act=(320,360) d=0.72 a=2 | sp=som:active d=0.7 age=12 dtg=2.13 region=0_18
ep=250 s=28 2134ms [sel=3 cap=2033 rest=97] sg=2->2 mode=NONE win=8 obs=29 | cap=wip act=(320,360) d=0.72 a=1 | sp=som:active d=0.7 age=13 dtg=1.89 region=0_16
ep=250 s=29 2993ms [sel=553 cap=2345 rest=95] sg=2->2 mode=NONE win=8 obs=30 | cap=wip act=(320,360) d=2.01 a=2 | sp=som:active d=2.0 age=0 som=5/8 dtg=1.89 region=0_16
ep=250 s=30 3328ms [sel=21 cap=3205 rest=101] sg=2->2 mode=NONE win=8 obs=31 | cap=wip act=(320,360) d=2.01 a=2 | sp=som:active d=2.0 age=1 dtg=1.89 region=0_16
ep=250 s=31 5121ms [sel=12 cap=5012 rest=97] sg=2->2 mode=NONE win=8 obs=32 | cap=wip act=(320,360) d=2.01 a=2 | sp=som:active d=2.0 age=2 dtg=1.89 region=0_16
ep=250 s=32 2340ms [sel=12 cap=2238 rest=90] sg=2->2 mode=NONE win=8 obs=33 | cap=wip act=(320,360) d=2.01 a=2 | sp=som:active d=2.0 age=3 dtg=1.89 region=0_16
ep=250 s=33 1591ms [sel=12 cap=1494 rest=85] sg=2->2 mode=NONE win=8 obs=34 | cap=wip act=(320,360) d=2.01 a=1 | sp=som:active d=2.0 age=4 dtg=1.82 region=0_18
ep=250 s=34 1589ms [sel=12 cap=1484 rest=93] sg=2->2 mode=NONE win=8 obs=35 | cap=wip act=(320,360) d=1.78 a=2 | sp=som:active d=1.8 age=5 dtg=1.82 region=0_18
ep=250 s=35 1902ms [sel=13 cap=1798 rest=90] sg=2->2 mode=NONE win=8 obs=36 | cap=wip act=(320,360) d=1.78 a=1 | sp=som:active d=1.8 age=6 dtg=1.85 region=0_18
ep=250 s=36 3174ms [sel=1533 cap=1552 rest=89] sg=2->3 mode=NONE win=8 obs=37 | cap=DONE act=(320,360) d=2.93 a=1 | sp=som:active d=2.9 age=0 som=5/8 dtg=2.00 region=0_18
ep=250 s=37 2320ms [sel=25 cap=2205 rest=89] sg=3->3 mode=NONE win=8 obs=38 | cap=wip act=(320,360) d=2.76 a=1 | sp=som:active d=2.8 age=1 dtg=2.21 region=0_18
ep=250 s=38 9263ms [sel=17 cap=8787 rest=423] sg=3->3 mode=NONE win=8 obs=39 | cap=wip act=(320,360) d=2.61 a=3 | preview=view-/6 yaw=+0 render=36ms | sp=som:active d=2.6 age=2 dtg=2.21 region=0_18
ep=250 s=39 10035ms [sel=5 cap=9932 rest=97] sg=3->3 mode=NONE win=8 obs=40 | cap=wip act=(320,360) d=2.61 a=3 | sp=som:active d=2.6 age=3 dtg=2.21 region=0_18
ep=250 s=40 4416ms [sel=5 cap=4315 rest=96] sg=3->3 mode=NONE win=8 obs=41 | cap=wip act=(320,360) d=2.61 a=1 | sp=som:active d=2.6 age=4 dtg=2.42 region=0_1
ep=250 s=41 11676ms [sel=5 cap=11225 rest=410] sg=3->None mode=NONE win=8 obs=42 | cap=DONE act=(320,360) d=1.00 a=1 | preview=view-/6 yaw=+0 render=37ms | sp=som:active d=2.4 age=5 dtg=2.66 region=0_1
ep=250 s=42 113ms [sel=4 cap=0 rest=109] sg=None->None mode=NONE win=8 obs=43 | cap=- act=(320,360) d=1.00 a=1 | sp=som:active d=2.2 age=6 dtg=2.91 region=0_1
ep=250 s=43 108ms [sel=4 cap=0 rest=104] sg=None->None mode=NONE win=8 obs=44 | cap=- act=(320,360) d=1.00 a=1 | sp=som:active d=2.0 age=7 dtg=3.16 region=0_1
ep=250 s=44 116ms [sel=0 cap=0 rest=116] sg=None->None mode=NONE win=8 obs=45 | cap=- act=STOP | sp=som:active d=1.8 age=8 dtg=3.16 region=0_1
rank=0 [2/7] id=250 steps=45 success=0.000 spl=0.000 dtg=3.16 osr=1 path_length=7.50 ndtw=0.881 sdtw=0.000
PluginManager::Manager: duplicate static plugin StbImageImporter, ignoring
PluginManager::Manager: duplicate static plugin GltfImporter, ignoring
PluginManager::Manager: duplicate static plugin BasisImporter, ignoring
PluginManager::Manager: duplicate static plugin AssimpImporter, ignoring
PluginManager::Manager: duplicate static plugin AnySceneImporter, ignoring
PluginManager::Manager: duplicate static plugin AnyImageImporter, ignoring
episode=549 instruction='Head toward the painting of the woman in a white dress. Turn right at the painting. Follow the red path until you are standing beside two red and white chairs.' start_position=[31.204299926757812, 0.00952601432800293, -0.282941997051239] goal_position=[23.715499877929688, 0.00952601432800293, 5.087309837341309] reference_geodesic=10.919939994812012
episode=549 prepared_subgoals=2
  [1] Walk toward the painting of the woman in a white dress
      proof: The painting of the woman in a white dress is beside or directly ahead of the camera, within a step; the camera has not yet turned right.
  [2] Turn right at the painting, then follow the red path until standing beside two red and white chairs
      proof: The two red and white chairs are beside the camera, within a step
ep=549 s=0 4180ms [sel=5 cap=3629 rest=508] sg=1->1 mode=NONE win=1 obs=1 | cap=wip act=PREVIEW a=2 | preview=view4/6 yaw=+90 render=38ms dtg=10.92 region=0_4
ep=549 s=1 3938ms [sel=898 cap=2925 rest=114] sg=1->1 mode=NONE win=2 obs=2 | cap=wip act=(320,360) d=1.05 a=2 | sp=som:active d=1.1 age=0 som=2/6 dtg=10.92 region=0_4
ep=549 s=2 3046ms [sel=3 cap=2929 rest=114] sg=1->1 mode=NONE win=3 obs=3 | cap=wip act=(320,360) d=1.05 a=1 | sp=som:active d=1.1 age=1 dtg=11.08 region=0_4
ep=549 s=3 1828ms [sel=3 cap=1711 rest=114] sg=1->1 mode=NONE win=4 obs=4 | cap=wip act=(320,360) d=0.80 a=1 | sp=som:active d=0.8 age=2 dtg=11.25 region=0_4
ep=549 s=4 2201ms [sel=3 cap=2076 rest=121] sg=1->1 mode=NONE win=5 obs=5 | cap=wip act=(320,360) d=0.55 a=2 | sp=som:active d=0.6 age=3 dtg=11.25 region=0_4
ep=549 s=5 1922ms [sel=3 cap=1802 rest=117] sg=1->1 mode=NONE win=6 obs=6 | cap=wip act=(320,360) d=0.55 a=1 | sp=som:active d=0.6 age=4 dtg=11.46 region=0_4
ep=549 s=6 3186ms [sel=5 cap=2643 rest=501] sg=1->1 mode=NONE win=7 obs=7 | cap=wip act=PREVIEW a=2 | preview=view1/6 yaw=-90 render=37ms | sp=som:reached d=0.3 age=5 dtg=11.46 region=0_4
ep=549 s=7 4614ms [sel=835 cap=3661 rest=118] sg=1->1 mode=NONE win=8 obs=8 | cap=wip act=(320,360) d=0.89 a=1 | sp=som:active d=0.9 age=0 som=2/6 dtg=11.70 region=0_4
ep=549 s=8 2269ms [sel=3 cap=2152 rest=114] sg=1->1 mode=NONE win=8 obs=9 | cap=wip act=(320,360) d=0.64 a=1 | sp=som:active d=0.6 age=1 dtg=11.95 region=0_4
ep=549 s=9 4024ms [sel=1405 cap=2123 rest=458] sg=1->1 mode=NONE win=8 obs=10 | cap=wip act=(320,360) d=3.61 a=2 | preview=view-/6 yaw=+0 render=37ms | sp=frontier:active d=3.6 age=0 som=1/4 dtg=11.95 region=0_4
ep=549 s=10 1853ms [sel=27 cap=1714 rest=111] sg=1->1 mode=NONE win=8 obs=11 | cap=wip act=(320,360) d=3.61 a=2 | sp=frontier:active d=3.6 age=1 dtg=11.95 region=0_4
ep=549 s=11 2886ms [sel=27 cap=2749 rest=110] sg=1->1 mode=NONE win=8 obs=12 | cap=wip act=(320,360) d=3.61 a=2 | sp=frontier:active d=3.6 age=2 dtg=11.95 region=0_4
ep=549 s=12 2500ms [sel=24 cap=2361 rest=115] sg=1->1 mode=NONE win=8 obs=13 | cap=wip act=(320,360) d=3.61 a=2 | sp=frontier:active d=3.6 age=3 dtg=11.95 region=0_4
ep=549 s=13 2348ms [sel=12 cap=2220 rest=116] sg=1->1 mode=NONE win=8 obs=14 | cap=wip act=(320,360) d=3.61 a=2 | sp=frontier:active d=3.6 age=4 dtg=11.95 region=0_4
ep=549 s=14 3207ms [sel=3 cap=3086 rest=118] sg=1->1 mode=NONE win=8 obs=15 | cap=wip act=(320,360) d=3.61 a=1 | sp=frontier:active d=3.6 age=5 dtg=12.07 region=0_4
ep=549 s=15 2814ms [sel=3 cap=2694 rest=117] sg=1->1 mode=NONE win=8 obs=16 | cap=wip act=(320,360) d=3.36 a=2 | sp=frontier:active d=3.4 age=6 dtg=12.07 region=0_4
ep=549 s=16 2469ms [sel=3 cap=2353 rest=113] sg=1->1 mode=NONE win=8 obs=17 | cap=wip act=(320,360) d=3.36 a=1 | sp=frontier:active d=3.4 age=7 dtg=12.14 region=0_4
ep=549 s=17 2832ms [sel=3 cap=2715 rest=114] sg=1->1 mode=NONE win=8 obs=18 | cap=wip act=(320,360) d=3.11 a=2 | sp=frontier:active d=3.1 age=8 dtg=12.14 region=0_4
ep=549 s=18 3523ms [sel=3 cap=3407 rest=114] sg=1->1 mode=NONE win=8 obs=19 | cap=wip act=(320,360) d=3.11 a=1 | sp=frontier:active d=3.1 age=9 dtg=12.17 region=0_4
ep=549 s=19 2061ms [sel=3 cap=1945 rest=113] sg=1->1 mode=NONE win=8 obs=20 | cap=wip act=(320,360) d=2.88 a=1 | sp=frontier:active d=2.9 age=10 dtg=12.20 region=0_4
ep=549 s=20 2333ms [sel=3 cap=2218 rest=112] sg=1->1 mode=NONE win=8 obs=21 | cap=wip act=(320,360) d=2.64 a=2 | sp=frontier:active d=2.6 age=11 dtg=12.20 region=0_4
ep=549 s=21 2321ms [sel=3 cap=2211 rest=107] sg=1->1 mode=NONE win=8 obs=22 | cap=wip act=(320,360) d=2.64 a=1 | sp=frontier:active d=2.6 age=12 dtg=12.18 region=0_4
ep=549 s=22 1783ms [sel=3 cap=1671 rest=110] sg=1->1 mode=NONE win=8 obs=23 | cap=wip act=(320,360) d=2.45 a=1 | sp=frontier:active d=2.4 age=13 dtg=12.18 region=0_4
ep=549 s=23 3568ms [sel=5 cap=3458 rest=105] sg=1->1 mode=NONE win=8 obs=24 | cap=wip act=(320,360) d=2.26 a=3 | sp=frontier:active d=2.3 age=14 dtg=12.18 region=0_4
ep=549 s=24 2347ms [sel=3 cap=2235 rest=110] sg=1->1 mode=NONE win=8 obs=25 | cap=wip act=(320,360) d=2.26 a=1 | sp=frontier:active d=2.3 age=15 dtg=12.25 region=0_4
ep=549 s=25 2510ms [sel=3 cap=2395 rest=112] sg=1->1 mode=NONE win=8 obs=26 | cap=wip act=(320,360) d=2.04 a=3 | sp=frontier:active d=2.0 age=16 dtg=12.25 region=0_4
ep=549 s=26 2079ms [sel=3 cap=1962 rest=114] sg=1->1 mode=NONE win=8 obs=27 | cap=wip act=(320,360) d=2.04 a=1 | sp=frontier:active d=2.0 age=17 dtg=12.40 region=0_4
ep=549 s=27 3705ms [sel=862 cap=2726 rest=117] sg=1->1 mode=NONE win=8 obs=28 | cap=wip act=(320,360) d=2.98 a=1 | sp=som:active d=3.0 age=0 som=5/7 dtg=12.56 region=0_4
ep=549 s=28 2724ms [sel=4 cap=2598 rest=123] sg=1->1 mode=NONE win=8 obs=29 | cap=wip act=(320,360) d=2.76 a=1 | sp=som:active d=2.8 age=1 dtg=12.74 region=0_4
ep=549 s=29 2902ms [sel=3 cap=2786 rest=114] sg=1->1 mode=NONE win=8 obs=30 | cap=wip act=(320,360) d=2.54 a=1 | sp=som:active d=2.5 age=2 dtg=12.92 region=0_4
ep=549 s=30 2633ms [sel=3 cap=2516 rest=115] sg=1->1 mode=NONE win=8 obs=31 | cap=wip act=(320,360) d=2.33 a=3 | sp=som:active d=2.3 age=3 dtg=12.92 region=0_4
ep=549 s=31 4465ms [sel=4 cap=4347 rest=115] sg=1->1 mode=NONE win=8 obs=32 | cap=wip act=(320,360) d=2.33 a=3 | sp=som:active d=2.3 age=4 dtg=12.92 region=0_4
ep=549 s=32 3922ms [sel=24 cap=3343 rest=519] sg=1->1 mode=NONE win=8 obs=33 | cap=wip act=(160,180) d=4.05 a=1 | preview=view2/6 yaw=-15 render=37ms | sp=preview:active d=4.1 age=0 dtg=13.16 region=0_4
ep=549 s=33 2944ms [sel=3 cap=2822 rest=120] sg=1->1 mode=NONE win=8 obs=34 | cap=wip act=(320,360) d=3.81 a=1 | sp=preview:active d=3.8 age=1 dtg=13.41 region=0_4
ep=549 s=34 3229ms [sel=4 cap=3102 rest=123] sg=1->1 mode=NONE win=8 obs=35 | cap=wip act=(320,360) d=3.56 a=3 | sp=preview:active d=3.6 age=2 dtg=13.41 region=0_4
ep=549 s=35 3179ms [sel=3 cap=3059 rest=117] sg=1->1 mode=NONE win=8 obs=36 | cap=wip act=(320,360) d=3.56 a=1 | sp=preview:active d=3.6 age=3 dtg=13.66 region=0_4
ep=549 s=36 2819ms [sel=3 cap=2691 rest=125] sg=1->1 mode=NONE win=8 obs=37 | cap=wip act=(320,360) d=3.31 a=1 | sp=preview:active d=3.3 age=4 dtg=13.91 region=0_14
ep=549 s=37 2899ms [sel=3 cap=2777 rest=119] sg=1->1 mode=NONE win=8 obs=38 | cap=wip act=(320,360) d=3.06 a=1 | sp=preview:active d=3.1 age=5 dtg=14.16 region=0_14
ep=549 s=38 3006ms [sel=3 cap=2887 rest=115] sg=1->1 mode=NONE win=8 obs=39 | cap=wip act=(320,360) d=2.81 a=3 | sp=preview:active d=2.8 age=6 dtg=14.16 region=0_14
ep=549 s=39 4477ms [sel=3 cap=4356 rest=118] sg=1->1 mode=NONE win=8 obs=40 | cap=wip act=(320,360) d=2.81 a=1 | sp=preview:active d=2.8 age=7 dtg=14.39 region=0_14
ep=549 s=40 3425ms [sel=3 cap=3304 rest=118] sg=1->1 mode=NONE win=8 obs=41 | cap=wip act=(320,360) d=2.58 a=1 | sp=preview:active d=2.6 age=8 dtg=14.63 region=0_5
ep=549 s=41 2672ms [sel=3 cap=2550 rest=119] sg=1->1 mode=NONE win=8 obs=42 | cap=wip act=(320,360) d=2.35 a=2 | sp=preview:active d=2.4 age=9 dtg=14.63 region=0_5
ep=549 s=42 4202ms [sel=3 cap=4081 rest=118] sg=1->1 mode=NONE win=8 obs=43 | cap=wip act=(320,360) d=2.35 a=1 | sp=preview:active d=2.4 age=10 dtg=14.88 region=0_5
ep=549 s=43 3958ms [sel=3 cap=3838 rest=117] sg=1->1 mode=NONE win=8 obs=44 | cap=wip act=(320,360) d=2.11 a=1 | sp=preview:active d=2.1 age=11 dtg=15.13 region=0_5
ep=549 s=44 3677ms [sel=4 cap=3556 rest=117] sg=1->1 mode=NONE win=8 obs=45 | cap=wip act=(320,360) d=1.86 a=1 | sp=preview:active d=1.9 age=12 dtg=15.38 region=0_5
ep=549 s=45 3213ms [sel=629 cap=2468 rest=117] sg=1->1 mode=NONE win=8 obs=46 | cap=wip act=(320,360) d=3.00 a=3 | sp=som:active d=3.0 age=0 som=4/8 dtg=15.38 region=0_5
ep=549 s=46 2954ms [sel=3 cap=2830 rest=121] sg=1->1 mode=NONE win=8 obs=47 | cap=wip act=(320,360) d=3.00 a=1 | sp=som:active d=3.0 age=1 dtg=15.62 region=0_5
ep=549 s=47 4387ms [sel=3 cap=4265 rest=119] sg=1->1 mode=NONE win=8 obs=48 | cap=wip act=(320,360) d=2.76 a=1 | sp=som:active d=2.8 age=2 dtg=15.86 region=0_5
ep=549 s=48 2795ms [sel=3 cap=2673 rest=119] sg=1->1 mode=NONE win=8 obs=49 | cap=wip act=(320,360) d=2.52 a=3 | sp=som:active d=2.5 age=3 dtg=15.86 region=0_5
ep=549 s=49 1992ms [sel=3 cap=1870 rest=118] sg=1->1 mode=NONE win=8 obs=50 | cap=wip act=(320,360) d=2.52 a=1 | sp=som:active d=2.5 age=4 dtg=16.08 region=0_5
ep=549 s=50 3073ms [sel=3 cap=2952 rest=118] sg=1->1 mode=NONE win=8 obs=51 | cap=wip act=(320,360) d=2.27 a=1 | sp=som:active d=2.3 age=5 dtg=16.31 region=0_5
ep=549 s=51 3234ms [sel=3 cap=3112 rest=119] sg=1->1 mode=NONE win=8 obs=52 | cap=wip act=(320,360) d=2.02 a=1 | sp=som:active d=2.0 age=6 dtg=16.53 region=0_5
ep=549 s=52 4459ms [sel=3 cap=4337 rest=120] sg=1->1 mode=NONE win=8 obs=53 | cap=wip act=(320,360) d=1.77 a=1 | sp=som:active d=1.8 age=7 dtg=16.76 region=0_5
ep=549 s=53 3018ms [sel=3 cap=2896 rest=120] sg=1->1 mode=NONE win=8 obs=54 | cap=wip act=(320,360) d=1.52 a=1 | sp=som:active d=1.5 age=8 dtg=17.00 region=0_5
ep=549 s=54 3596ms [sel=4 cap=3469 rest=123] sg=1->1 mode=NONE win=8 obs=55 | cap=wip act=(320,360) d=1.27 a=1 | sp=som:active d=1.3 age=9 dtg=17.23 region=0_5
ep=549 s=55 2421ms [sel=3 cap=2297 rest=120] sg=1->1 mode=NONE win=8 obs=56 | cap=wip act=(320,360) d=1.02 a=1 | sp=som:active d=1.0 age=10 dtg=17.48 region=0_5
ep=549 s=56 2038ms [sel=3 cap=1912 rest=122] sg=1->1 mode=NONE win=8 obs=57 | cap=wip act=(320,360) d=0.77 a=1 | sp=som:active d=0.8 age=11 dtg=17.72 region=0_5
ep=549 s=57 1974ms [sel=3 cap=1849 rest=122] sg=1->1 mode=NONE win=8 obs=58 | cap=wip act=(320,360) d=0.52 a=1 | sp=som:active d=0.5 age=12 dtg=17.95 region=0_5
ep=549 s=58 3709ms [sel=869 cap=2718 rest=122] sg=1->1 mode=NONE win=8 obs=59 | cap=wip act=(320,360) d=2.96 a=1 | sp=som:active d=3.0 age=0 som=3/8 dtg=18.19 region=0_5
ep=549 s=59 2714ms [sel=3 cap=2586 rest=125] sg=1->1 mode=NONE win=8 obs=60 | cap=wip act=(320,360) d=2.71 a=1 | sp=som:active d=2.7 age=1 dtg=18.43 region=0_5
ep=549 s=60 2162ms [sel=4 cap=2035 rest=123] sg=1->1 mode=NONE win=8 obs=61 | cap=wip act=(320,360) d=2.46 a=1 | sp=som:active d=2.5 age=2 dtg=18.67 region=0_5
ep=549 s=61 2969ms [sel=873 cap=1975 rest=121] sg=1->1 mode=NONE win=8 obs=62 | cap=wip act=(320,360) d=2.30 a=1 | sp=som:active d=2.3 age=0 som=5/8 dtg=18.91 region=0_5
ep=549 s=62 2591ms [sel=3 cap=2465 rest=123] sg=1->1 mode=NONE win=8 obs=63 | cap=wip act=(320,360) d=2.05 a=1 | sp=som:active d=2.1 age=1 dtg=19.15 region=0_5
ep=549 s=63 3825ms [sel=3 cap=3669 rest=152] sg=1->1 mode=NONE win=8 obs=64 | cap=wip act=(320,360) d=1.80 a=1 | sp=som:active d=1.8 age=2 dtg=19.40 region=0_5
ep=549 s=64 2445ms [sel=3 cap=2323 rest=119] sg=1->1 mode=NONE win=8 obs=65 | cap=wip act=(320,360) d=1.55 a=1 | sp=som:active d=1.6 age=3 dtg=19.64 region=0_5
ep=549 s=65 2426ms [sel=3 cap=2303 rest=120] sg=1->1 mode=NONE win=8 obs=66 | cap=wip act=(320,360) d=1.30 a=1 | sp=som:active d=1.3 age=4 dtg=19.89 region=0_5
ep=549 s=66 3417ms [sel=29 cap=2860 rest=492] sg=1->1 mode=NONE win=8 obs=67 | cap=wip act=(160,180) d=3.27 a=2 | preview=view2/6 yaw=-45 render=37ms | sp=preview:active d=3.3 age=0 dtg=19.89 region=0_5
ep=549 s=67 2187ms [sel=3 cap=2066 rest=119] sg=1->1 mode=NONE win=8 obs=68 | cap=wip act=(320,360) d=3.27 a=2 | sp=preview:active d=3.3 age=1 dtg=19.89 region=0_5
ep=549 s=68 2007ms [sel=3 cap=1886 rest=118] sg=1->1 mode=NONE win=8 obs=69 | cap=wip act=(320,360) d=3.27 a=1 | sp=preview:active d=3.3 age=2 dtg=20.13 region=0_5
ep=549 s=69 2860ms [sel=3 cap=2740 rest=117] sg=1->1 mode=NONE win=8 obs=70 | cap=wip act=(320,360) d=3.02 a=2 | sp=preview:active d=3.0 age=3 dtg=20.13 region=0_5
ep=549 s=70 2413ms [sel=3 cap=2293 rest=117] sg=1->1 mode=NONE win=8 obs=71 | cap=wip act=(320,360) d=3.02 a=1 | sp=preview:active d=3.0 age=4 dtg=20.34 region=0_5
ep=549 s=71 4914ms [sel=3 cap=4782 rest=129] sg=1->1 mode=NONE win=8 obs=72 | cap=wip act=(320,360) d=2.78 a=2 | sp=preview:active d=2.8 age=5 dtg=20.34 region=0_5
ep=549 s=72 3628ms [sel=51 cap=3030 rest=509] sg=1->1 mode=NONE win=8 obs=73 | cap=wip act=(160,180) d=4.33 a=2 | preview=view0/6 yaw=-165 render=38ms | sp=preview:active d=4.3 age=0 dtg=20.34 region=0_5
ep=549 s=73 3512ms [sel=34 cap=3355 rest=123] sg=1->1 mode=NONE win=8 obs=74 | cap=wip act=(320,360) d=4.33 a=2 | sp=preview:active d=4.3 age=1 dtg=20.34 region=0_5
ep=549 s=74 3318ms [sel=32 cap=3164 rest=122] sg=1->1 mode=NONE win=8 obs=75 | cap=wip act=(320,360) d=4.33 a=2 | sp=preview:active d=4.3 age=2 dtg=20.34 region=0_5
ep=549 s=75 2720ms [sel=41 cap=2559 rest=120] sg=1->1 mode=NONE win=8 obs=76 | cap=wip act=(320,360) d=4.33 a=2 | sp=preview:active d=4.3 age=3 dtg=20.34 region=0_5
ep=549 s=76 2177ms [sel=38 cap=2006 rest=133] sg=1->1 mode=NONE win=8 obs=77 | cap=wip act=(320,360) d=4.33 a=2 | sp=preview:active d=4.3 age=4 dtg=20.34 region=0_5
ep=549 s=77 1683ms [sel=32 cap=1536 rest=116] sg=1->1 mode=NONE win=8 obs=78 | cap=wip act=(320,360) d=4.33 a=2 | sp=preview:active d=4.3 age=5 dtg=20.34 region=0_5
ep=549 s=78 1726ms [sel=25 cap=1578 rest=122] sg=1->1 mode=NONE win=8 obs=79 | cap=wip act=(320,360) d=4.33 a=2 | sp=preview:active d=4.3 age=6 dtg=20.34 region=0_5
ep=549 s=79 5396ms [sel=3 cap=5273 rest=121] sg=1->1 mode=NONE win=8 obs=80 | cap=wip act=(320,360) d=4.33 a=2 | sp=preview:active d=4.3 age=7 dtg=20.34 region=0_5
ep=549 s=80 2686ms [sel=3 cap=2559 rest=124] sg=1->1 mode=NONE win=8 obs=81 | cap=wip act=(320,360) d=4.33 a=2 | sp=preview:active d=4.3 age=8 dtg=20.34 region=0_5
ep=549 s=81 2836ms [sel=3 cap=2706 rest=127] sg=1->1 mode=NONE win=8 obs=82 | cap=wip act=(320,360) d=4.33 a=1 | sp=preview:active d=4.3 age=9 dtg=20.09 region=0_5
ep=549 s=82 2699ms [sel=3 cap=2570 rest=126] sg=1->1 mode=NONE win=8 obs=83 | cap=wip act=(320,360) d=4.08 a=1 | sp=preview:active d=4.1 age=10 dtg=19.84 region=0_5
ep=549 s=83 2594ms [sel=3 cap=2469 rest=123] sg=1->1 mode=NONE win=8 obs=84 | cap=wip act=(320,360) d=3.83 a=1 | sp=preview:active d=3.8 age=11 dtg=19.59 region=0_5
ep=549 s=84 3794ms [sel=3 cap=3666 rest=126] sg=1->1 mode=NONE win=8 obs=85 | cap=wip act=(320,360) d=3.59 a=1 | sp=preview:active d=3.6 age=12 dtg=19.34 region=0_5
ep=549 s=85 2148ms [sel=3 cap=2020 rest=125] sg=1->1 mode=NONE win=8 obs=86 | cap=wip act=(320,360) d=3.35 a=1 | sp=preview:active d=3.3 age=13 dtg=19.09 region=0_5
ep=549 s=86 1514ms [sel=3 cap=1390 rest=121] sg=1->1 mode=NONE win=8 obs=87 | cap=wip act=(320,360) d=3.11 a=1 | sp=preview:active d=3.1 age=14 dtg=18.84 region=0_5
ep=549 s=87 2547ms [sel=3 cap=2426 rest=118] sg=1->1 mode=NONE win=8 obs=88 | cap=wip act=(320,360) d=2.86 a=1 | sp=preview:active d=2.9 age=15 dtg=18.59 region=0_5
ep=549 s=88 1543ms [sel=3 cap=1418 rest=123] sg=1->1 mode=NONE win=8 obs=89 | cap=wip act=(320,360) d=2.63 a=1 | sp=preview:active d=2.6 age=16 dtg=18.34 region=0_5
ep=549 s=89 3138ms [sel=3 cap=3012 rest=124] sg=1->1 mode=NONE win=8 obs=90 | cap=wip act=(320,360) d=2.39 a=1 | sp=preview:active d=2.4 age=17 dtg=18.10 region=0_5
ep=549 s=90 3263ms [sel=859 cap=2278 rest=126] sg=1->1 mode=NONE win=8 obs=91 | cap=wip act=(320,360) d=3.02 a=1 | sp=som:active d=3.0 age=0 som=5/7 dtg=17.86 region=0_5
ep=549 s=91 2661ms [sel=3 cap=2527 rest=131] sg=1->1 mode=NONE win=8 obs=92 | cap=wip act=(320,360) d=2.77 a=2 | sp=som:active d=2.8 age=1 dtg=17.86 region=0_5
ep=549 s=92 5685ms [sel=3 cap=5558 rest=124] sg=1->1 mode=NONE win=8 obs=93 | cap=wip act=(320,360) d=2.77 a=1 | sp=som:active d=2.8 age=2 dtg=17.66 region=0_5
ep=549 s=93 3114ms [sel=4 cap=2986 rest=124] sg=1->1 mode=NONE win=8 obs=94 | cap=wip act=(320,360) d=2.52 a=1 | sp=som:active d=2.5 age=3 dtg=17.49 region=0_5
ep=549 s=94 2281ms [sel=3 cap=2153 rest=125] sg=1->1 mode=NONE win=8 obs=95 | cap=wip act=(320,360) d=2.27 a=1 | sp=som:active d=2.3 age=4 dtg=17.64 region=0_5
ep=549 s=95 3644ms [sel=3 cap=3512 rest=129] sg=1->1 mode=NONE win=8 obs=96 | cap=wip act=(320,360) d=2.03 a=1 | sp=som:active d=2.0 age=5 dtg=17.35 region=0_5
ep=549 s=96 2601ms [sel=3 cap=2475 rest=124] sg=1->1 mode=NONE win=8 obs=97 | cap=wip act=(320,360) d=1.88 a=1 | sp=som:active d=1.9 age=6 dtg=17.35 region=0_5
ep=549 s=97 2116ms [sel=0 cap=1703 rest=413] sg=1->1 mode=NONE win=8 obs=98 | cap=wip act=TURN request=+45deg execute=+15deg x1 a=3 | sp=som:active d=1.9 age=7 ovr=1 dtg=17.35 region=0_5
ep=549 s=98 2288ms [sel=0 cap=2167 rest=121] sg=1->1 mode=NONE win=8 obs=99 | cap=wip act=TURN request=+45deg execute=+15deg x1 a=3 | sp=som:active d=1.9 age=8 ovr=1 dtg=17.35 region=0_5
ep=549 s=99 2304ms [sel=0 cap=2184 rest=121] sg=1->1 mode=NONE win=8 obs=100 | cap=wip act=TURN request=+45deg execute=+15deg x1 a=3 | sp=som:active d=1.9 age=9 ovr=1 dtg=17.35 region=0_5
ep=549 s=100 2862ms [sel=0 cap=2744 rest=118] sg=1->1 mode=NONE win=8 obs=101 | cap=wip act=TURN request=+45deg execute=+15deg x1 a=3 | sp=som:active d=1.9 age=10 ovr=1 dtg=17.35 region=0_5
ep=549 s=101 2286ms [sel=0 cap=2164 rest=122] sg=1->1 mode=NONE win=8 obs=102 | cap=wip act=TURN request=+45deg execute=+15deg x1 a=3 | sp=som:active d=1.9 age=11 ovr=1 dtg=17.35 region=0_5
ep=549 s=102 2983ms [sel=12 cap=2852 rest=119] sg=1->1 mode=NONE win=8 obs=103 | cap=wip act=(320,360) d=1.88 a=3 | sp=som:active d=1.9 age=12 dtg=17.35 region=0_5
ep=549 s=103 3386ms [sel=0 cap=3264 rest=122] sg=1->2 mode=NONE win=8 obs=104 | cap=DONE act=TURN request=+45deg execute=+15deg x1 a=3 | sp=som:active d=1.9 age=13 ovr=1 dtg=17.35 region=0_5
ep=549 s=104 1688ms [sel=0 cap=1569 rest=120] sg=2->2 mode=NONE win=8 obs=105 | cap=wip act=TURN request=+45deg execute=+15deg x1 a=3 | sp=- ovr=1 dtg=17.35 region=0_5
ep=549 s=105 1864ms [sel=0 cap=1742 rest=122] sg=2->2 mode=NONE win=8 obs=106 | cap=wip act=TURN request=+45deg execute=+15deg x1 a=3 | sp=- ovr=1 dtg=17.35 region=0_5
ep=549 s=106 1479ms [sel=0 cap=1357 rest=122] sg=2->2 mode=NONE win=8 obs=107 | cap=wip act=TURN request=+45deg execute=+15deg x1 a=3 | sp=- ovr=1 dtg=17.35 region=0_5
ep=549 s=107 3311ms [sel=726 cap=2455 rest=130] sg=2->2 mode=NONE win=8 obs=108 | cap=wip act=(320,360) d=2.95 a=3 | sp=som:active d=3.0 age=0 som=3/7 dtg=17.35 region=0_5
ep=549 s=108 3067ms [sel=22 cap=2500 rest=508] sg=2->2 mode=NONE win=8 obs=109 | cap=wip act=(160,180) d=4.10 a=3 | preview=view2/6 yaw=-15 render=37ms | sp=preview:active d=4.1 age=0 dtg=17.35 region=0_5
ep=549 s=109 1811ms [sel=7 cap=1687 rest=117] sg=2->2 mode=NONE win=8 obs=110 | cap=wip act=(320,360) d=4.10 a=3 | sp=preview:active d=4.1 age=1 dtg=17.35 region=0_5
ep=549 s=110 2683ms [sel=1338 cap=1222 rest=123] sg=2->2 mode=NONE win=8 obs=111 | cap=wip act=(320,359) d=2.06 a=1 | sp=straight_ahead:active d=1.8 age=0 som=5/7 dtg=17.43 region=0_5
ep=549 s=111 3024ms [sel=3 cap=2895 rest=125] sg=2->2 mode=NONE win=8 obs=112 | cap=wip act=(320,360) d=1.58 a=1 | sp=straight_ahead:active d=1.6 age=1 dtg=17.59 region=0_5
ep=549 s=112 2376ms [sel=3 cap=2247 rest=126] sg=2->2 mode=NONE win=8 obs=113 | cap=wip act=(320,360) d=1.33 a=1 | sp=straight_ahead:active d=1.3 age=2 dtg=17.79 region=0_5
ep=549 s=113 1566ms [sel=3 cap=1436 rest=127] sg=2->2 mode=NONE win=8 obs=114 | cap=wip act=(320,360) d=1.08 a=1 | sp=straight_ahead:active d=1.1 age=3 dtg=18.01 region=0_5
ep=549 s=114 7978ms [sel=3 cap=7421 rest=518] sg=2->2 mode=NONE win=8 obs=115 | cap=wip act=(320,360) d=0.83 a=1 | preview=view-/6 yaw=+0 render=36ms | sp=straight_ahead:active d=0.8 age=4 dtg=18.24 region=0_5
ep=549 s=115 3588ms [sel=3 cap=3462 rest=124] sg=2->2 mode=NONE win=8 obs=116 | cap=wip act=(320,360) d=0.58 a=1 | sp=straight_ahead:active d=0.6 age=5 dtg=18.49 region=0_5
ep=549 s=116 3813ms [sel=608 cap=3077 rest=128] sg=2->2 mode=NONE win=8 obs=117 | cap=wip act=(320,360) d=3.13 a=2 | sp=som:active d=3.1 age=0 som=2/7 dtg=18.49 region=0_5
ep=549 s=117 2980ms [sel=3 cap=2853 rest=124] sg=2->2 mode=NONE win=8 obs=118 | cap=wip act=(320,360) d=3.13 a=1 | sp=som:active d=3.1 age=1 dtg=18.71 region=0_5
ep=549 s=118 4161ms [sel=4 cap=4037 rest=120] sg=2->2 mode=NONE win=8 obs=119 | cap=wip act=(320,360) d=2.88 a=2 | sp=som:active d=2.9 age=2 dtg=18.71 region=0_5
ep=549 s=119 7262ms [sel=4 cap=7128 rest=131] sg=2->2 mode=NONE win=8 obs=120 | cap=wip act=(320,360) d=2.88 a=1 | sp=som:active d=2.9 age=3 dtg=18.92 region=0_5
ep=549 s=120 8680ms [sel=3 cap=8112 rest=528] sg=2->2 mode=NONE win=8 obs=121 | cap=wip act=(320,360) d=2.63 a=3 | preview=view-/6 yaw=+0 render=37ms | sp=som:active d=2.6 age=4 dtg=18.92 region=0_5
ep=549 s=121 3204ms [sel=3 cap=3004 rest=198] sg=2->2 mode=NONE win=8 obs=122 | cap=wip act=(320,360) d=2.63 a=1 | sp=som:active d=2.6 age=5 dtg=19.16 region=0_5
ep=549 s=122 2183ms [sel=3 cap=2060 rest=120] sg=2->2 mode=NONE win=8 obs=123 | cap=wip act=(320,360) d=2.38 a=1 | sp=som:active d=2.4 age=6 dtg=19.40 region=0_5
ep=549 s=123 3197ms [sel=3 cap=3067 rest=127] sg=2->2 mode=NONE win=8 obs=124 | cap=wip act=(320,360) d=2.13 a=1 | sp=som:active d=2.1 age=7 dtg=19.64 region=0_5
ep=549 s=124 3774ms [sel=3 cap=3642 rest=130] sg=2->2 mode=NONE win=8 obs=125 | cap=wip act=(320,360) d=1.88 a=1 | sp=som:active d=1.9 age=8 dtg=19.88 region=0_5
ep=549 s=125 3566ms [sel=3 cap=3441 rest=122] sg=2->2 mode=NONE win=8 obs=126 | cap=wip act=(320,360) d=1.64 a=1 | sp=som:active d=1.6 age=9 dtg=20.12 region=0_5
ep=549 s=126 3029ms [sel=3 cap=2899 rest=127] sg=2->2 mode=NONE win=8 obs=127 | cap=wip act=(320,360) d=1.39 a=1 | sp=som:active d=1.4 age=10 dtg=20.36 region=0_5
ep=549 s=127 6760ms [sel=3 cap=6135 rest=555] sg=2->2 mode=NONE win=8 obs=128 | cap=wip act=(320,360) d=1.14 a=1 | preview=view-/6 yaw=+0 render=66ms | sp=som:active d=1.1 age=11 dtg=20.61 region=0_5
ep=549 s=128 1922ms [sel=4 cap=1796 rest=122] sg=2->2 mode=NONE win=8 obs=129 | cap=wip act=(320,360) d=0.90 a=2 | sp=som:active d=0.9 age=12 dtg=20.61 region=0_5
ep=549 s=129 3882ms [sel=3 cap=3752 rest=128] sg=2->2 mode=NONE win=8 obs=130 | cap=wip act=(320,360) d=0.90 a=1 | sp=som:active d=0.9 age=13 dtg=20.83 region=0_5
ep=549 s=130 2075ms [sel=4 cap=1936 rest=135] sg=2->2 mode=NONE win=8 obs=131 | cap=wip act=(320,360) d=0.65 a=1 | sp=som:active d=0.7 age=14 dtg=21.05 region=0_5
ep=549 s=131 3739ms [sel=905 cap=2696 rest=138] sg=2->2 mode=NONE win=8 obs=132 | cap=wip act=(320,360) d=3.01 a=3 | sp=som:active d=3.0 age=0 som=3/8 dtg=21.05 region=0_5
ep=549 s=132 3156ms [sel=4 cap=3020 rest=132] sg=2->2 mode=NONE win=8 obs=133 | cap=wip act=(320,360) d=3.01 a=1 | sp=som:active d=3.0 age=1 dtg=21.30 region=0_5
ep=549 s=133 1681ms [sel=3 cap=1551 rest=127] sg=2->2 mode=NONE win=8 obs=134 | cap=wip act=(320,360) d=2.76 a=1 | sp=som:active d=2.8 age=2 dtg=21.54 region=0_13
ep=549 s=134 1938ms [sel=4 cap=1804 rest=130] sg=2->2 mode=NONE win=8 obs=135 | cap=wip act=(320,360) d=2.51 a=1 | sp=som:active d=2.5 age=3 dtg=21.79 region=0_13
ep=549 s=135 2222ms [sel=3 cap=2089 rest=131] sg=2->2 mode=NONE win=8 obs=136 | cap=wip act=(320,360) d=2.26 a=1 | sp=som:active d=2.3 age=4 dtg=22.04 region=0_13
ep=549 s=136 1374ms [sel=4 cap=1243 rest=127] sg=2->2 mode=NONE win=8 obs=137 | cap=wip act=(320,360) d=2.01 a=3 | sp=som:active d=2.0 age=5 dtg=22.04 region=0_13
ep=549 s=137 2355ms [sel=3 cap=2229 rest=123] sg=2->2 mode=NONE win=8 obs=138 | cap=wip act=(320,360) d=2.01 a=1 | sp=som:active d=2.0 age=6 dtg=22.28 region=None
ep=549 s=138 1352ms [sel=3 cap=1228 rest=120] sg=2->2 mode=NONE win=8 obs=139 | cap=wip act=(320,360) d=1.76 a=1 | sp=som:active d=1.8 age=7 dtg=22.53 region=0_6
ep=549 s=139 1824ms [sel=3 cap=1699 rest=123] sg=2->2 mode=NONE win=8 obs=140 | cap=wip act=(320,360) d=1.52 a=1 | sp=som:active d=1.5 age=8 dtg=22.78 region=0_6
ep=549 s=140 1685ms [sel=4 cap=1553 rest=128] sg=2->2 mode=NONE win=8 obs=141 | cap=wip act=(320,360) d=1.28 a=1 | sp=som:active d=1.3 age=9 dtg=23.03 region=0_6
ep=549 s=141 6782ms [sel=3 cap=6215 rest=526] sg=2->2 mode=NONE win=8 obs=142 | cap=wip act=(320,360) d=1.04 a=2 | preview=view-/6 yaw=+0 render=38ms | sp=som:active d=1.0 age=10 dtg=23.03 region=0_6
ep=549 s=142 3498ms [sel=3 cap=3370 rest=125] sg=2->2 mode=NONE win=8 obs=143 | cap=wip act=(320,360) d=1.04 a=1 | sp=som:active d=1.0 age=11 dtg=23.28 region=0_6
ep=549 s=143 3410ms [sel=3 cap=3278 rest=129] sg=2->2 mode=NONE win=8 obs=144 | cap=wip act=(320,360) d=0.79 a=1 | sp=som:active d=0.8 age=12 dtg=23.52 region=0_6
ep=549 s=144 1992ms [sel=3 cap=1863 rest=127] sg=2->2 mode=NONE win=8 obs=145 | cap=wip act=(320,360) d=0.54 a=1 | sp=som:active d=0.5 age=13 dtg=23.77 region=0_6
ep=549 s=145 2986ms [sel=877 cap=1978 rest=131] sg=2->2 mode=NONE win=8 obs=146 | cap=wip act=(320,360) d=2.99 a=2 | sp=som:active d=3.0 age=0 som=3/7 dtg=23.77 region=0_6
ep=549 s=146 7060ms [sel=3 cap=6482 rest=536] sg=2->2 mode=NONE win=8 obs=147 | cap=wip act=(320,360) d=2.99 a=1 | preview=view-/6 yaw=+0 render=39ms | sp=som:active d=3.0 age=1 dtg=24.00 region=0_6
ep=549 s=147 2375ms [sel=3 cap=2244 rest=128] sg=2->2 mode=NONE win=8 obs=148 | cap=wip act=(320,360) d=2.74 a=2 | sp=som:active d=2.7 age=2 dtg=24.00 region=0_6
ep=549 s=148 2270ms [sel=3 cap=2138 rest=129] sg=2->2 mode=NONE win=8 obs=149 | cap=wip act=(320,360) d=2.74 a=1 | sp=som:active d=2.7 age=3 dtg=24.19 region=0_6
ep=549 s=149 2514ms [sel=3 cap=2385 rest=126] sg=2->2 mode=NONE win=8 obs=150 | cap=wip act=(320,360) d=2.50 a=1 | sp=som:active d=2.5 age=4 dtg=24.40 region=0_6
ep=549 s=150 2455ms [sel=3 cap=2325 rest=128] sg=2->2 mode=NONE win=8 obs=151 | cap=wip act=(320,360) d=2.26 a=1 | sp=som:active d=2.3 age=5 dtg=24.62 region=0_6
ep=549 s=151 4548ms [sel=3 cap=4417 rest=127] sg=2->2 mode=NONE win=8 obs=152 | cap=wip act=(320,360) d=2.02 a=1 | sp=som:active d=2.0 age=6 dtg=24.95 region=0_6
ep=549 s=152 2893ms [sel=3 cap=2761 rest=129] sg=2->2 mode=NONE win=8 obs=153 | cap=wip act=(320,360) d=1.78 a=1 | sp=som:active d=1.8 age=7 dtg=25.14 region=0_6
ep=549 s=153 2580ms [sel=3 cap=2445 rest=132] sg=2->2 mode=NONE win=8 obs=154 | cap=wip act=(320,360) d=1.55 a=2 | sp=som:active d=1.6 age=8 dtg=25.14 region=0_6
ep=549 s=154 2903ms [sel=3 cap=2773 rest=127] sg=2->2 mode=NONE win=8 obs=155 | cap=wip act=(320,360) d=1.55 a=1 | sp=som:active d=1.6 age=9 dtg=25.28 region=0_6
ep=549 s=155 2740ms [sel=5 cap=2606 rest=129] sg=2->2 mode=NONE win=8 obs=156 | cap=wip act=(320,360) d=1.37 a=2 | sp=som:active d=1.4 age=10 dtg=25.28 region=0_6
ep=549 s=156 2235ms [sel=7 cap=2098 rest=130] sg=2->2 mode=NONE win=8 obs=157 | cap=wip act=(320,360) d=1.37 a=1 | sp=som:active d=1.4 age=11 dtg=25.42 region=0_6
ep=549 s=157 2383ms [sel=8 cap=2248 rest=127] sg=2->2 mode=NONE win=8 obs=158 | cap=wip act=(320,360) d=1.27 a=1 | sp=som:active d=1.3 age=12 dtg=25.58 region=0_6
ep=549 s=158 2255ms [sel=10 cap=2117 rest=128] sg=2->2 mode=NONE win=8 obs=159 | cap=wip act=(320,360) d=1.21 a=1 | sp=som:active d=1.2 age=13 dtg=25.76 region=0_6
ep=549 s=159 6135ms [sel=12 cap=5588 rest=498] sg=2->2 mode=NONE win=8 obs=160 | cap=wip act=(320,360) d=1.20 a=3 | preview=view-/6 yaw=+0 render=37ms | sp=som:active d=1.2 age=14 dtg=25.76 region=0_6
ep=549 s=160 3044ms [sel=11 cap=2903 rest=129] sg=2->2 mode=NONE win=8 obs=161 | cap=wip act=(320,360) d=1.20 a=3 | sp=som:active d=1.2 age=15 dtg=25.76 region=0_6
ep=549 s=161 3890ms [sel=7 cap=3755 rest=129] sg=2->2 mode=NONE win=8 obs=162 | cap=wip act=(320,360) d=1.20 a=1 | sp=som:active d=1.2 age=16 dtg=26.00 region=0_6
ep=549 s=162 8754ms [sel=11 cap=8196 rest=510] sg=2->2 mode=NONE win=8 obs=163 | cap=wip act=(320,360) d=1.12 a=3 | preview=view-/6 yaw=+0 render=36ms | sp=som:active d=1.1 age=17 dtg=26.00 region=0_6
ep=549 s=163 3224ms [sel=7 cap=3089 rest=129] sg=2->2 mode=NONE win=8 obs=164 | cap=wip act=(320,360) d=1.12 a=3 | sp=som:active d=1.1 age=18 dtg=26.00 region=0_6
ep=549 s=164 4683ms [sel=4 cap=4552 rest=127] sg=2->2 mode=NONE win=8 obs=165 | cap=wip act=(320,360) d=1.12 a=3 | sp=som:active d=1.1 age=19 dtg=26.00 region=0_6
ep=549 s=165 9861ms [sel=3 cap=9319 rest=503] sg=2->2 mode=NONE win=8 obs=166 | cap=wip act=(320,360) d=1.12 a=1 | preview=view-/6 yaw=+0 render=36ms | sp=som:active d=1.1 age=20 dtg=26.21 region=0_6
ep=549 s=166 4730ms [sel=648 cap=3959 rest=123] sg=2->2 mode=NONE win=8 obs=167 | cap=wip act=(320,360) d=1.22 a=1 | sp=som:active d=1.2 age=0 som=2/5 dtg=26.44 region=0_6
ep=549 s=167 6118ms [sel=3 cap=5996 rest=120] sg=2->2 mode=NONE win=8 obs=168 | cap=wip act=(320,360) d=0.97 a=1 | sp=som:active d=1.0 age=1 dtg=26.67 region=0_6
ep=549 s=168 10079ms [sel=3 cap=9563 rest=476] sg=2->2 mode=NONE win=8 obs=169 | cap=wip act=(320,360) d=0.73 a=3 | preview=view-/6 yaw=+0 render=37ms | sp=som:active d=0.7 age=2 dtg=26.67 region=0_6
ep=549 s=169 4862ms [sel=3 cap=4742 rest=118] sg=2->2 mode=NONE win=8 obs=170 | cap=wip act=(320,360) d=0.73 a=1 | sp=som:active d=0.7 age=3 dtg=26.88 region=0_6
ep=549 s=170 3955ms [sel=721 cap=3114 rest=120] sg=2->2 mode=NONE win=8 obs=171 | cap=wip act=(320,360) d=3.10 a=2 | sp=frontier:active d=3.1 age=0 som=2/6 dtg=26.88 region=0_6
ep=549 s=171 2973ms [sel=32 cap=2425 rest=480] sg=2->2 mode=NONE win=8 obs=172 | cap=wip act=(320,360) d=3.10 a=2 | preview=view-/6 yaw=+0 render=37ms | sp=frontier:active d=3.1 age=1 dtg=26.88 region=0_6
ep=549 s=172 3185ms [sel=32 cap=3035 rest=118] sg=2->2 mode=NONE win=8 obs=173 | cap=wip act=(320,360) d=3.10 a=2 | sp=frontier:active d=3.1 age=2 dtg=26.88 region=0_6
ep=549 s=173 2361ms [sel=32 cap=2206 rest=124] sg=2->2 mode=NONE win=8 obs=174 | cap=wip act=(320,360) d=3.10 a=2 | sp=frontier:active d=3.1 age=3 dtg=26.88 region=0_6
ep=549 s=174 3619ms [sel=23 cap=3064 rest=491] sg=2->2 mode=NONE win=8 obs=175 | cap=wip act=(160,180) d=1.02 a=2 | preview=view1/6 yaw=-45 render=41ms | sp=preview:active d=1.0 age=0 dtg=26.88 region=0_6
ep=549 s=175 3468ms [sel=9 cap=3334 rest=125] sg=2->2 mode=NONE win=8 obs=176 | cap=wip act=(320,360) d=1.02 a=2 | sp=preview:active d=1.0 age=1 dtg=26.88 region=0_6
ep=549 s=176 2102ms [sel=9 cap=1962 rest=131] sg=2->2 mode=NONE win=8 obs=177 | cap=wip act=(320,360) d=1.02 a=2 | sp=preview:active d=1.0 age=2 dtg=26.88 region=0_6
ep=549 s=177 3664ms [sel=23 cap=3092 rest=511] sg=2->2 mode=NONE win=8 obs=178 | cap=wip act=(160,180) d=1.02 a=2 | preview=view2/6 yaw=-0 render=37ms | sp=preview:active d=1.0 age=0 dtg=26.88 region=0_6
ep=549 s=178 1724ms [sel=5 cap=1589 rest=130] sg=2->2 mode=NONE win=8 obs=179 | cap=wip act=(320,360) d=1.02 a=2 | sp=preview:active d=1.0 age=1 dtg=26.88 region=0_6
ep=549 s=179 2862ms [sel=3 cap=2732 rest=127] sg=2->2 mode=NONE win=8 obs=180 | cap=wip act=(320,360) d=1.02 a=2 | sp=preview:active d=1.0 age=2 dtg=26.88 region=0_6
ep=549 s=180 3152ms [sel=3 cap=2628 rest=485] sg=2->2 mode=NONE win=8 obs=181 | cap=wip act=(320,360) d=1.02 a=1 | preview=view-/6 yaw=+0 render=37ms | sp=preview:active d=1.0 age=3 dtg=26.77 region=0_6
ep=549 s=181 2928ms [sel=4 cap=2800 rest=124] sg=2->2 mode=NONE win=8 obs=182 | cap=wip act=(320,360) d=0.78 a=2 | sp=preview:active d=0.8 age=4 dtg=26.77 region=0_6
ep=549 s=182 2168ms [sel=4 cap=2037 rest=127] sg=2->2 mode=NONE win=8 obs=183 | cap=wip act=(320,360) d=0.78 a=1 | sp=preview:active d=0.8 age=5 dtg=26.63 region=0_6
ep=549 s=183 3355ms [sel=3 cap=3221 rest=132] sg=2->2 mode=NONE win=8 obs=184 | cap=wip act=(320,360) d=0.53 a=1 | sp=preview:active d=0.5 age=6 dtg=26.52 region=0_6
ep=549 s=184 4022ms [sel=1453 cap=2434 rest=135] sg=2->2 mode=NONE win=8 obs=185 | cap=wip act=(320,360) d=3.36 a=1 | sp=frontier:active d=3.4 age=0 som=R/8 dtg=26.43 region=0_6
ep=549 s=185 2920ms [sel=13 cap=2777 rest=130] sg=2->2 mode=NONE win=8 obs=186 | cap=wip act=(320,360) d=3.24 a=1 | sp=frontier:active d=3.2 age=1 dtg=26.36 region=0_6
ep=549 s=186 2444ms [sel=17 cap=2287 rest=140] sg=2->2 mode=NONE win=8 obs=187 | cap=wip act=(320,360) d=3.14 a=1 | sp=frontier:active d=3.1 age=2 dtg=26.58 region=0_6
ep=549 s=187 9308ms [sel=18 cap=8730 rest=522] sg=2->2 mode=NONE win=8 obs=188 | cap=wip act=(320,360) d=3.05 a=1 | preview=view-/6 yaw=+0 render=38ms | sp=frontier:active d=3.1 age=3 dtg=26.43 region=0_6
ep=549 s=188 5821ms [sel=21 cap=5670 rest=130] sg=2->2 mode=NONE win=8 obs=189 | cap=wip act=(320,360) d=2.98 a=3 | sp=frontier:active d=3.0 age=4 dtg=26.43 region=0_6
ep=549 s=189 5920ms [sel=18 cap=5773 rest=129] sg=2->2 mode=NONE win=8 obs=190 | cap=wip act=(320,360) d=2.98 a=3 | sp=frontier:active d=3.0 age=5 dtg=26.43 region=0_6
ep=549 s=190 3611ms [sel=9 cap=3467 rest=135] sg=2->2 mode=NONE win=8 obs=191 | cap=wip act=(320,360) d=2.98 a=1 | sp=frontier:active d=3.0 age=6 dtg=26.44 region=0_6
ep=549 s=191 4454ms [sel=9 cap=4310 rest=135] sg=2->2 mode=NONE win=8 obs=192 | cap=wip act=(320,360) d=2.82 a=3 | sp=frontier:active d=2.8 age=7 dtg=26.44 region=0_6
ep=549 s=192 10143ms [sel=3 cap=9589 rest=514] sg=2->2 mode=NONE win=8 obs=193 | cap=wip act=(320,360) d=2.82 a=1 | preview=view-/6 yaw=+0 render=37ms | sp=frontier:active d=2.8 age=8 dtg=26.55 region=0_6
ep=549 s=193 4058ms [sel=3 cap=3923 rest=133] sg=2->2 mode=NONE win=8 obs=194 | cap=wip act=(320,360) d=2.62 a=3 | sp=frontier:active d=2.6 age=9 dtg=26.55 region=0_6
ep=549 s=194 3169ms [sel=3 cap=3031 rest=135] sg=2->2 mode=NONE win=8 obs=195 | cap=wip act=(320,360) d=2.62 a=1 | sp=frontier:active d=2.6 age=10 dtg=26.73 region=0_12
ep=549 s=195 10024ms [sel=3 cap=9464 rest=520] sg=2->2 mode=NONE win=8 obs=196 | cap=wip act=(320,360) d=2.39 a=3 | preview=view-/6 yaw=+0 render=38ms | sp=frontier:active d=2.4 age=11 dtg=26.73 region=0_12
ep=549 s=196 3147ms [sel=3 cap=2998 rest=146] sg=2->2 mode=NONE win=8 obs=197 | cap=wip act=(320,360) d=2.39 a=1 | sp=frontier:active d=2.4 age=12 dtg=26.96 region=0_12
ep=549 s=197 3663ms [sel=3 cap=3519 rest=141] sg=2->2 mode=NONE win=8 obs=198 | cap=wip act=(320,360) d=2.14 a=1 | sp=frontier:active d=2.1 age=13 dtg=27.20 region=0_12
ep=549 s=198 3637ms [sel=3 cap=3496 rest=138] sg=2->2 mode=NONE win=8 obs=199 | cap=wip act=(320,360) d=1.90 a=1 | sp=frontier:active d=1.9 age=14 dtg=27.43 region=0_12
ep=549 s=199 5136ms [sel=3 cap=5005 rest=129] sg=2->2 mode=NONE win=8 obs=200 | cap=wip act=(320,360) d=1.66 a=1 | sp=frontier:active d=1.7 age=15 dtg=27.67 region=0_7
ep=549 s=200 2490ms [sel=5 cap=2354 rest=131] sg=2->2 mode=NONE win=8 obs=201 | cap=wip act=(320,360) d=1.42 a=1 | sp=frontier:active d=1.4 age=16 dtg=27.91 region=0_7
ep=549 s=201 2453ms [sel=3 cap=2314 rest=135] sg=2->2 mode=NONE win=8 obs=202 | cap=wip act=(320,360) d=1.18 a=3 | sp=frontier:active d=1.2 age=17 dtg=27.91 region=0_7
ep=549 s=202 2483ms [sel=3 cap=2347 rest=134] sg=2->2 mode=NONE win=8 obs=203 | cap=wip act=(320,360) d=1.18 a=1 | sp=frontier:active d=1.2 age=18 dtg=28.16 region=0_7
ep=549 s=203 3155ms [sel=3 cap=3020 rest=132] sg=2->2 mode=NONE win=8 obs=204 | cap=wip act=(320,360) d=0.94 a=1 | sp=frontier:active d=0.9 age=19 dtg=28.41 region=0_7
ep=549 s=204 2906ms [sel=3 cap=2774 rest=129] sg=2->2 mode=NONE win=8 obs=205 | cap=wip act=(320,360) d=0.69 a=1 | sp=frontier:active d=0.7 age=20 dtg=28.66 region=0_7
ep=549 s=205 3280ms [sel=834 cap=2315 rest=131] sg=2->2 mode=NONE win=8 obs=206 | cap=wip act=(320,360) d=3.43 a=1 | sp=som:active d=3.4 age=0 som=5/8 dtg=28.91 region=0_7
ep=549 s=206 2239ms [sel=4 cap=2108 rest=127] sg=2->2 mode=NONE win=8 obs=207 | cap=wip act=(320,360) d=3.19 a=1 | sp=som:active d=3.2 age=1 dtg=29.16 region=0_7
ep=549 s=207 5398ms [sel=3 cap=4856 rest=501] sg=2->2 mode=NONE win=8 obs=208 | cap=wip act=(320,360) d=2.95 a=1 | preview=view-/6 yaw=+0 render=38ms | sp=som:active d=2.9 age=2 dtg=29.41 region=0_7
ep=549 s=208 1853ms [sel=4 cap=1719 rest=130] sg=2->2 mode=NONE win=8 obs=209 | cap=wip act=(320,360) d=2.71 a=2 | sp=som:active d=2.7 age=3 dtg=29.41 region=0_7
ep=549 s=209 2421ms [sel=3 cap=2288 rest=130] sg=2->2 mode=NONE win=8 obs=210 | cap=wip act=(320,360) d=2.71 a=1 | sp=som:active d=2.7 age=4 dtg=29.66 region=0_7
ep=549 s=210 9200ms [sel=3 cap=8631 rest=529] sg=2->2 mode=NONE win=8 obs=211 | cap=wip act=(320,360) d=2.46 a=1 | preview=view-/6 yaw=+0 render=38ms | sp=som:active d=2.5 age=5 dtg=29.90 region=0_7
ep=549 s=211 4060ms [sel=4 cap=3929 rest=127] sg=2->2 mode=NONE win=8 obs=212 | cap=wip act=(320,360) d=2.21 a=1 | sp=som:active d=2.2 age=6 dtg=30.18 region=0_7
ep=549 s=212 3515ms [sel=3 cap=3382 rest=130] sg=2->2 mode=NONE win=8 obs=213 | cap=wip act=(320,360) d=1.96 a=2 | sp=som:active d=2.0 age=7 dtg=30.18 region=0_7
ep=549 s=213 8601ms [sel=3 cap=8054 rest=503] sg=2->2 mode=NONE win=8 obs=214 | cap=wip act=(320,360) d=1.96 a=1 | preview=view-/6 yaw=+0 render=42ms | sp=som:active d=2.0 age=8 dtg=30.38 region=0_7
ep=549 s=214 3250ms [sel=3 cap=3116 rest=131] sg=2->2 mode=NONE win=8 obs=215 | cap=wip act=(320,360) d=1.71 a=1 | sp=som:active d=1.7 age=9 dtg=31.53 region=0_7
ep=549 s=215 2760ms [sel=3 cap=2628 rest=128] sg=2->2 mode=NONE win=8 obs=216 | cap=wip act=(320,360) d=1.47 a=1 | sp=som:active d=1.5 age=10 dtg=31.40 region=0_7
ep=549 s=216 9406ms [sel=3 cap=8833 rest=528] sg=2->2 mode=NONE win=8 obs=217 | cap=wip act=(320,360) d=1.23 a=1 | preview=view-/6 yaw=+0 render=42ms | sp=som:active d=1.2 age=11 dtg=31.37 region=0_7
ep=549 s=217 1998ms [sel=3 cap=1863 rest=133] sg=2->2 mode=NONE win=8 obs=218 | cap=wip act=(320,360) d=0.99 a=1 | sp=som:active d=1.0 age=12 dtg=31.46 region=0_7
ep=549 s=218 3512ms [sel=3 cap=3367 rest=142] sg=2->2 mode=NONE win=8 obs=219 | cap=wip act=(320,360) d=0.77 a=3 | sp=som:active d=0.8 age=13 dtg=31.46 region=0_7
ep=549 s=219 3850ms [sel=3 cap=3709 rest=138] sg=2->2 mode=NONE win=8 obs=220 | cap=wip act=(320,360) d=0.77 a=1 | sp=som:active d=0.8 age=14 dtg=31.65 region=0_7
ep=549 s=220 10347ms [sel=3 cap=9756 rest=549] sg=2->2 mode=NONE win=8 obs=221 | cap=wip act=(320,360) d=0.53 a=3 | preview=view-/6 yaw=+0 render=39ms | sp=som:active d=0.5 age=15 dtg=31.65 region=0_7
ep=549 s=221 5478ms [sel=3 cap=5347 rest=128] sg=2->2 mode=NONE win=8 obs=222 | cap=wip act=(320,360) d=0.53 a=1 | sp=som:active d=0.5 age=16 dtg=31.90 region=0_7
ep=549 s=222 7276ms [sel=715 cap=6430 rest=130] sg=2->2 mode=NONE win=8 obs=223 | cap=wip act=(320,360) d=2.77 a=2 | sp=som:active d=2.8 age=0 som=4/7 dtg=31.90 region=0_7
ep=549 s=223 6886ms [sel=51 cap=6263 rest=534] sg=2->2 mode=NONE win=8 obs=224 | cap=wip act=(320,360) d=2.77 a=2 | preview=view-/6 yaw=+0 render=37ms | sp=som:active d=2.8 age=1 dtg=31.90 region=0_7
ep=549 s=224 2013ms [sel=45 cap=1834 rest=134] sg=2->2 mode=NONE win=8 obs=225 | cap=wip act=(320,360) d=2.77 a=2 | sp=som:active d=2.8 age=2 dtg=31.90 region=0_7
ep=549 s=225 3433ms [sel=41 cap=3266 rest=126] sg=2->2 mode=NONE win=8 obs=226 | cap=wip act=(320,360) d=2.77 a=2 | sp=som:active d=2.8 age=3 dtg=31.90 region=0_7
ep=549 s=226 3704ms [sel=37 cap=3543 rest=125] sg=2->2 mode=NONE win=8 obs=227 | cap=wip act=(320,360) d=2.77 a=2 | sp=som:active d=2.8 age=4 dtg=31.90 region=0_7
ep=549 s=227 1742ms [sel=39 cap=1577 rest=126] sg=2->2 mode=NONE win=8 obs=228 | cap=wip act=(320,360) d=2.77 a=2 | sp=som:active d=2.8 age=5 dtg=31.90 region=0_7
ep=549 s=228 2085ms [sel=36 cap=1923 rest=127] sg=2->2 mode=NONE win=8 obs=229 | cap=wip act=(320,360) d=2.77 a=2 | sp=som:active d=2.8 age=6 dtg=31.90 region=0_7
ep=549 s=229 2480ms [sel=50 cap=2304 rest=126] sg=2->2 mode=NONE win=8 obs=230 | cap=wip act=(320,360) d=2.77 a=2 | sp=som:active d=2.8 age=7 dtg=31.90 region=0_7
ep=549 s=230 3300ms [sel=56 cap=3117 rest=127] sg=2->2 mode=NONE win=8 obs=231 | cap=wip act=(320,360) d=2.77 a=2 | sp=som:active d=2.8 age=8 dtg=31.90 region=0_7
ep=549 s=231 4208ms [sel=81 cap=4001 rest=127] sg=2->2 mode=NONE win=8 obs=232 | cap=wip act=(320,360) d=2.77 a=2 | sp=som:active d=2.8 age=9 dtg=31.90 region=0_7
ep=549 s=232 7238ms [sel=72 cap=6581 rest=546] sg=2->2 mode=NONE win=8 obs=233 | cap=wip act=(320,360) d=2.77 a=2 | preview=view-/6 yaw=+0 render=39ms | sp=som:active d=2.8 age=10 dtg=31.90 region=0_7
ep=549 s=233 2543ms [sel=59 cap=2351 rest=133] sg=2->2 mode=NONE win=8 obs=234 | cap=wip act=(320,360) d=2.77 a=2 | sp=som:active d=2.8 age=11 dtg=31.90 region=0_7
ep=549 s=234 3131ms [sel=58 cap=2942 rest=131] sg=2->2 mode=NONE win=8 obs=235 | cap=wip act=(320,360) d=2.77 a=2 | sp=som:active d=2.8 age=12 dtg=31.90 region=0_7
ep=549 s=235 10932ms [sel=62 cap=10276 rest=555] sg=2->2 mode=NONE win=8 obs=236 | cap=wip act=(320,360) d=2.77 a=1 | preview=view-/6 yaw=+0 render=38ms | sp=som:active d=2.8 age=13 dtg=31.68 region=0_7
ep=549 s=236 5740ms [sel=48 cap=5562 rest=131] sg=2->2 mode=NONE win=8 obs=237 | cap=wip act=(320,360) d=2.97 a=1 | sp=som:active d=3.0 age=14 dtg=31.50 region=0_7
ep=549 s=237 3887ms [sel=45 cap=3711 rest=132] sg=2->2 mode=NONE win=8 obs=238 | cap=wip act=(320,360) d=3.19 a=1 | sp=som:active d=3.2 age=15 dtg=31.37 region=0_7
ep=549 s=238 3583ms [sel=42 cap=3413 rest=128] sg=2->2 mode=NONE win=8 obs=239 | cap=wip act=(320,360) d=3.40 a=1 | sp=som:active d=3.4 age=16 dtg=31.33 region=0_7
ep=549 s=239 7333ms [sel=43 cap=7159 rest=132] sg=2->2 mode=NONE win=8 obs=240 | cap=wip act=(320,360) d=3.62 a=2 | sp=som:active d=3.6 age=17 dtg=31.33 region=0_7
ep=549 s=240 8044ms [sel=47 cap=7422 rest=537] sg=2->2 mode=NONE win=8 obs=241 | cap=wip act=(320,360) d=3.62 a=1 | preview=view-/6 yaw=+0 render=38ms | sp=som:active d=3.6 age=18 dtg=31.49 region=0_7
ep=549 s=241 3221ms [sel=47 cap=3045 rest=129] sg=2->2 mode=NONE win=8 obs=242 | cap=wip act=(320,360) d=3.81 a=1 | sp=som:active d=3.8 age=19 dtg=30.35 region=0_7
ep=549 s=242 3918ms [sel=640 cap=3147 rest=132] sg=2->2 mode=NONE win=8 obs=243 | cap=wip act=(320,360) d=2.99 a=1 | sp=som:active d=3.0 age=0 som=5/8 dtg=30.15 region=0_7
ep=549 s=243 3011ms [sel=3 cap=2879 rest=129] sg=2->2 mode=NONE win=8 obs=244 | cap=wip act=(320,360) d=2.80 a=3 | sp=som:active d=2.8 age=1 dtg=30.15 region=0_7
ep=549 s=244 3127ms [sel=4 cap=2981 rest=141] sg=2->2 mode=NONE win=8 obs=245 | cap=wip act=(320,360) d=2.80 a=1 | sp=som:active d=2.8 age=2 dtg=29.92 region=0_7
ep=549 s=245 4435ms [sel=3 cap=4296 rest=136] sg=2->2 mode=NONE win=8 obs=246 | cap=wip act=(320,360) d=2.57 a=1 | sp=som:active d=2.6 age=3 dtg=29.62 region=0_7
ep=549 s=246 2970ms [sel=3 cap=2837 rest=130] sg=2->2 mode=NONE win=8 obs=247 | cap=wip act=(320,360) d=2.35 a=3 | sp=som:active d=2.3 age=4 dtg=29.62 region=0_7
ep=549 s=247 3108ms [sel=3 cap=2975 rest=131] sg=2->2 mode=NONE win=8 obs=248 | cap=wip act=(320,360) d=2.35 a=1 | sp=som:active d=2.3 age=5 dtg=29.37 region=0_7
ep=549 s=248 1380ms [sel=4 cap=1241 rest=135] sg=2->2 mode=NONE win=8 obs=249 | cap=wip act=(320,360) d=2.11 a=3 | sp=som:active d=2.1 age=6 dtg=29.37 region=0_7
ep=549 s=249 3496ms [sel=3 cap=3361 rest=133] sg=2->2 mode=NONE win=8 obs=250 | cap=wip act=(320,360) d=2.11 a=1 | sp=som:active d=2.1 age=7 dtg=29.13 region=0_7
ep=549 s=250 2554ms [sel=3 cap=2417 rest=134] sg=2->2 mode=NONE win=8 obs=251 | cap=wip act=(320,360) d=1.86 a=1 | sp=som:active d=1.9 age=8 dtg=28.89 region=0_7
ep=549 s=251 6468ms [sel=3 cap=6335 rest=130] sg=2->2 mode=NONE win=8 obs=252 | cap=wip act=(320,360) d=1.61 a=1 | sp=som:active d=1.6 age=9 dtg=28.66 region=0_7
ep=549 s=252 1675ms [sel=3 cap=1543 rest=129] sg=2->2 mode=NONE win=8 obs=253 | cap=wip act=(320,360) d=1.36 a=1 | sp=som:active d=1.4 age=10 dtg=28.43 region=0_7
ep=549 s=253 2151ms [sel=3 cap=2024 rest=125] sg=2->2 mode=NONE win=8 obs=254 | cap=wip act=(320,360) d=1.11 a=1 | sp=som:active d=1.1 age=11 dtg=28.20 region=0_7
ep=549 s=254 2525ms [sel=4 cap=2393 rest=129] sg=2->2 mode=NONE win=8 obs=255 | cap=wip act=(320,360) d=0.86 a=1 | sp=som:active d=0.9 age=12 dtg=27.98 region=0_7
ep=549 s=255 5807ms [sel=3 cap=5263 rest=504] sg=2->2 mode=NONE win=8 obs=256 | cap=wip act=(320,360) d=0.61 a=1 | preview=view-/6 yaw=+0 render=37ms | sp=som:active d=0.6 age=13 dtg=27.77 region=0_7
ep=549 s=256 4330ms [sel=817 cap=3396 rest=117] sg=2->2 mode=NONE win=8 obs=257 | cap=wip act=(320,360) d=2.33 a=3 | sp=frontier:active d=2.3 age=0 som=R/8 dtg=27.77 region=0_7
ep=549 s=257 2025ms [sel=37 cap=1862 rest=126] sg=2->2 mode=NONE win=8 obs=258 | cap=wip act=(320,360) d=2.33 a=3 | sp=frontier:active d=2.3 age=1 dtg=27.77 region=0_7
ep=549 s=258 3406ms [sel=37 cap=3232 rest=137] sg=2->2 mode=NONE win=8 obs=259 | cap=wip act=(320,360) d=2.33 a=3 | sp=frontier:active d=2.3 age=2 dtg=27.77 region=0_7
ep=549 s=259 4009ms [sel=32 cap=3841 rest=136] sg=2->2 mode=NONE win=8 obs=260 | cap=wip act=(320,360) d=2.33 a=3 | sp=frontier:active d=2.3 age=3 dtg=27.77 region=0_7
ep=549 s=260 3060ms [sel=28 cap=2896 rest=137] sg=2->2 mode=NONE win=8 obs=261 | cap=wip act=(320,360) d=2.33 a=3 | sp=frontier:active d=2.3 age=4 dtg=27.77 region=0_7
ep=549 s=261 2994ms [sel=18 cap=2844 rest=132] sg=2->2 mode=NONE win=8 obs=262 | cap=wip act=(320,360) d=2.33 a=3 | sp=frontier:active d=2.3 age=5 dtg=27.77 region=0_7
ep=549 s=262 2324ms [sel=3 cap=2182 rest=139] sg=2->2 mode=NONE win=8 obs=263 | cap=wip act=(320,360) d=2.33 a=1 | sp=frontier:active d=2.3 age=6 dtg=27.92 region=0_7
ep=549 s=263 3973ms [sel=10 cap=3386 rest=538] sg=2->2 mode=NONE win=8 obs=264 | cap=wip act=(320,360) d=2.10 a=3 | preview=view-/6 yaw=+0 render=39ms | sp=frontier:active d=2.1 age=7 dtg=27.92 region=0_7
ep=549 s=264 1719ms [sel=3 cap=1587 rest=129] sg=2->2 mode=NONE win=8 obs=265 | cap=wip act=(320,360) d=2.10 a=3 | sp=frontier:active d=2.1 age=8 dtg=27.92 region=0_7
ep=549 s=265 2222ms [sel=7 cap=2079 rest=137] sg=2->2 mode=NONE win=8 obs=266 | cap=wip act=(320,360) d=2.10 a=1 | sp=frontier:active d=2.1 age=9 dtg=28.15 region=0_7
ep=549 s=266 8443ms [sel=7 cap=7871 rest=527] sg=2->2 mode=NONE win=8 obs=267 | cap=wip act=(320,360) d=1.95 a=1 | preview=view-/6 yaw=+0 render=37ms | sp=frontier:active d=1.9 age=10 dtg=28.39 region=0_7
ep=549 s=267 2930ms [sel=10 cap=2784 rest=136] sg=2->2 mode=NONE win=8 obs=268 | cap=wip act=(320,360) d=1.82 a=3 | sp=frontier:active d=1.8 age=11 dtg=28.39 region=0_7
ep=549 s=268 5086ms [sel=12 cap=4935 rest=140] sg=2->2 mode=NONE win=8 obs=269 | cap=wip act=(320,360) d=1.82 a=1 | sp=frontier:active d=1.8 age=12 dtg=28.64 region=0_7
ep=549 s=269 2682ms [sel=12 cap=2535 rest=135] sg=2->2 mode=NONE win=8 obs=270 | cap=wip act=(320,360) d=1.78 a=1 | sp=frontier:active d=1.8 age=13 dtg=28.89 region=0_7
ep=549 s=270 8290ms [sel=15 cap=7705 rest=533] sg=2->2 mode=NONE win=8 obs=271 | cap=wip act=(320,360) d=1.77 a=1 | preview=view-/6 yaw=+0 render=37ms | sp=frontier:active d=1.8 age=14 dtg=29.14 region=0_7
ep=549 s=271 4512ms [sel=13 cap=4370 rest=129] sg=2->2 mode=NONE win=8 obs=272 | cap=wip act=(320,360) d=1.80 a=1 | sp=frontier:active d=1.8 age=15 dtg=29.39 region=0_7
ep=549 s=272 4224ms [sel=14 cap=4082 rest=128] sg=2->2 mode=NONE win=8 obs=273 | cap=wip act=(320,360) d=1.86 a=1 | sp=frontier:active d=1.9 age=16 dtg=29.64 region=0_7
ep=549 s=273 9436ms [sel=15 cap=8837 rest=546] sg=2->2 mode=NONE win=8 obs=274 | cap=wip act=(320,360) d=1.96 a=1 | preview=view-/6 yaw=+0 render=37ms | sp=frontier:active d=2.0 age=17 dtg=29.89 region=0_7
ep=549 s=274 3229ms [sel=17 cap=3082 rest=130] sg=2->2 mode=NONE win=8 obs=275 | cap=wip act=(320,360) d=2.08 a=2 | sp=frontier:active d=2.1 age=18 dtg=29.89 region=0_7
ep=549 s=275 3677ms [sel=16 cap=3527 rest=134] sg=2->2 mode=NONE win=8 obs=276 | cap=wip act=(320,360) d=2.08 a=2 | sp=frontier:active d=2.1 age=19 dtg=29.89 region=0_7
ep=549 s=276 4051ms [sel=13 cap=3906 rest=131] sg=2->2 mode=NONE win=8 obs=277 | cap=wip act=(320,360) d=2.08 a=2 | sp=frontier:active d=2.1 age=20 dtg=29.89 region=0_7
ep=549 s=277 3843ms [sel=13 cap=3690 rest=140] sg=2->2 mode=NONE win=8 obs=278 | cap=wip act=(320,360) d=2.08 a=1 | sp=frontier:active d=2.1 age=21 dtg=30.07 region=0_7
ep=549 s=278 9969ms [sel=14 cap=9382 rest=531] sg=2->2 mode=NONE win=8 obs=279 | cap=wip act=(320,360) d=2.03 a=2 | preview=view-/6 yaw=+0 render=43ms | sp=frontier:active d=2.0 age=22 dtg=30.07 region=0_7
ep=549 s=279 6335ms [sel=16 cap=6181 rest=138] sg=2->2 mode=NONE win=8 obs=280 | cap=wip act=(320,360) d=2.03 a=2 | sp=frontier:active d=2.0 age=23 dtg=30.07 region=0_7
ep=549 s=280 4883ms [sel=9 cap=4741 rest=132] sg=2->2 mode=NONE win=8 obs=281 | cap=wip act=(320,360) d=2.03 a=1 | sp=frontier:active d=2.0 age=24 dtg=30.19 region=0_7
ep=549 s=281 11011ms [sel=10 cap=10442 rest=521] sg=2->2 mode=NONE win=8 obs=282 | cap=wip act=(320,360) d=1.90 a=2 | preview=view-/6 yaw=+0 render=38ms | sp=frontier:active d=1.9 age=25 dtg=30.19 region=0_7
ep=549 s=282 3972ms [sel=642 cap=3191 rest=139] sg=2->2 mode=NONE win=8 obs=283 | cap=wip act=(320,360) d=3.09 a=3 | sp=frontier:active d=3.1 age=0 som=R/8 dtg=30.19 region=0_7
ep=549 s=283 3351ms [sel=25 cap=3183 rest=143] sg=2->2 mode=NONE win=8 obs=284 | cap=wip act=(320,360) d=3.09 a=3 | sp=frontier:active d=3.1 age=1 dtg=30.19 region=0_7
ep=549 s=284 3165ms [sel=18 cap=3015 rest=131] sg=2->2 mode=NONE win=8 obs=285 | cap=wip act=(320,360) d=3.09 a=3 | sp=frontier:active d=3.1 age=2 dtg=30.19 region=0_7
ep=549 s=285 3383ms [sel=3 cap=3246 rest=134] sg=2->2 mode=NONE win=8 obs=286 | cap=wip act=(320,360) d=3.09 a=3 | sp=frontier:active d=3.1 age=3 dtg=30.19 region=0_7
ep=549 s=286 2815ms [sel=3 cap=2681 rest=131] sg=2->2 mode=NONE win=8 obs=287 | cap=wip act=(320,360) d=3.09 a=1 | sp=frontier:active d=3.1 age=4 dtg=30.44 region=0_7
ep=549 s=287 3420ms [sel=4 cap=3281 rest=135] sg=2->2 mode=NONE win=8 obs=288 | cap=wip act=(320,360) d=2.85 a=1 | sp=frontier:active d=2.8 age=5 dtg=30.69 region=0_7
ep=549 s=288 2107ms [sel=4 cap=1967 rest=136] sg=2->2 mode=NONE win=8 obs=289 | cap=wip act=(320,360) d=2.61 a=3 | sp=frontier:active d=2.6 age=6 dtg=30.69 region=0_7
ep=549 s=289 1600ms [sel=3 cap=1463 rest=134] sg=2->2 mode=NONE win=8 obs=290 | cap=wip act=(320,360) d=2.61 a=1 | sp=frontier:active d=2.6 age=7 dtg=30.93 region=0_7
ep=549 s=290 2243ms [sel=3 cap=2108 rest=131] sg=2->2 mode=NONE win=8 obs=291 | cap=wip act=(320,360) d=2.36 a=1 | sp=frontier:active d=2.4 age=8 dtg=31.17 region=0_7
ep=549 s=291 2975ms [sel=3 cap=2837 rest=134] sg=2->2 mode=NONE win=8 obs=292 | cap=wip act=(320,360) d=2.11 a=1 | sp=frontier:active d=2.1 age=9 dtg=31.42 region=0_7
ep=549 s=292 4184ms [sel=4 cap=4042 rest=138] sg=2->2 mode=NONE win=8 obs=293 | cap=wip act=(320,360) d=1.86 a=1 | sp=frontier:active d=1.9 age=10 dtg=31.67 region=0_7
ep=549 s=293 3144ms [sel=4 cap=3008 rest=133] sg=2->2 mode=NONE win=8 obs=294 | cap=wip act=(320,360) d=1.61 a=3 | sp=frontier:active d=1.6 age=11 dtg=31.67 region=0_7
ep=549 s=294 4391ms [sel=3 cap=4257 rest=131] sg=2->2 mode=NONE win=8 obs=295 | cap=wip act=(320,360) d=1.61 a=1 | sp=frontier:active d=1.6 age=12 dtg=31.90 region=0_7
ep=549 s=295 3292ms [sel=3 cap=3154 rest=136] sg=2->2 mode=NONE win=8 obs=296 | cap=wip act=(320,360) d=1.36 a=1 | sp=frontier:active d=1.4 age=13 dtg=32.14 region=0_7
ep=549 s=296 2907ms [sel=3 cap=2776 rest=129] sg=2->2 mode=NONE win=8 obs=297 | cap=wip act=(320,360) d=1.12 a=1 | sp=frontier:active d=1.1 age=14 dtg=32.38 region=0_7
ep=549 s=297 9151ms [sel=3 cap=8598 rest=513] sg=2->2 mode=NONE win=8 obs=298 | cap=wip act=(320,360) d=0.89 a=2 | preview=view-/6 yaw=+0 render=37ms | sp=frontier:active d=0.9 age=15 dtg=32.38 region=0_7
ep=549 s=298 4520ms [sel=3 cap=4392 rest=124] sg=2->2 mode=NONE win=8 obs=299 | cap=wip act=(320,360) d=0.89 a=1 | sp=frontier:active d=0.9 age=16 dtg=32.63 region=0_7
ep=549 s=299 4624ms [sel=3 cap=4493 rest=128] sg=2->2 mode=NONE win=8 obs=300 | cap=wip act=(320,360) d=0.64 a=1 | sp=frontier:active d=0.6 age=17 dtg=32.88 region=0_7
ep=549 s=300 9380ms [sel=599 cap=8238 rest=502] sg=2->2 mode=NONE win=8 obs=301 | cap=wip act=(320,360) d=0.94 a=1 | preview=view-/6 yaw=+0 render=40ms | sp=som:active d=0.9 age=0 som=1/5 dtg=33.13 region=0_7
ep=549 s=301 4280ms [sel=3 cap=4153 rest=125] sg=2->2 mode=NONE win=8 obs=302 | cap=wip act=(320,360) d=0.71 a=3 | sp=som:active d=0.7 age=1 dtg=33.13 region=0_7
ep=549 s=302 5097ms [sel=3 cap=4962 rest=132] sg=2->2 mode=NONE win=8 obs=303 | cap=wip act=(320,360) d=0.71 a=1 | sp=som:active d=0.7 age=2 dtg=33.37 region=0_7
ep=549 s=303 6067ms [sel=1989 cap=3938 rest=141] sg=2->2 mode=NONE win=8 obs=304 | cap=wip act=(320,360) d=2.99 a=3 | sp=som:active d=3.0 age=0 som=3/7 dtg=33.37 region=0_7
ep=549 s=304 1780ms [sel=54 cap=1586 rest=140] sg=2->2 mode=NONE win=8 obs=305 | cap=wip act=(320,360) d=2.99 a=3 | sp=som:active d=3.0 age=1 dtg=33.37 region=0_7
ep=549 s=305 1497ms [sel=43 cap=1290 rest=164] sg=2->2 mode=NONE win=8 obs=306 | cap=wip act=(320,360) d=2.99 a=3 | sp=som:active d=3.0 age=2 dtg=33.37 region=0_7
ep=549 s=306 3940ms [sel=41 cap=3765 rest=133] sg=2->2 mode=NONE win=8 obs=307 | cap=wip act=(320,360) d=2.99 a=3 | sp=som:active d=3.0 age=3 dtg=33.37 region=0_7
ep=549 s=307 4087ms [sel=65 cap=3480 rest=505] sg=2->2 mode=NONE win=8 obs=308 | cap=wip act=(160,180) d=5.36 a=3 | preview=view3/6 yaw=+30 render=37ms | sp=preview:active d=5.4 age=0 dtg=33.37 region=0_7
ep=549 s=308 2211ms [sel=35 cap=2048 rest=128] sg=2->2 mode=NONE win=8 obs=309 | cap=wip act=(320,360) d=5.36 a=3 | sp=preview:active d=5.4 age=1 dtg=33.37 region=0_7
ep=549 s=309 1872ms [sel=46 cap=1695 rest=131] sg=2->2 mode=NONE win=8 obs=310 | cap=wip act=(320,360) d=5.36 a=3 | sp=preview:active d=5.4 age=2 dtg=33.37 region=0_7
ep=549 s=310 8942ms [sel=46 cap=8345 rest=513] sg=2->2 mode=NONE win=8 obs=311 | cap=wip act=(320,360) d=5.36 a=3 | preview=view-/6 yaw=+0 render=37ms | sp=preview:active d=5.4 age=3 dtg=33.37 region=0_7
ep=549 s=311 3710ms [sel=41 cap=3546 rest=122] sg=2->2 mode=NONE win=8 obs=312 | cap=wip act=(320,360) d=5.36 a=3 | sp=preview:active d=5.4 age=4 dtg=33.37 region=0_7
ep=549 s=312 2493ms [sel=32 cap=2332 rest=129] sg=2->2 mode=NONE win=8 obs=313 | cap=wip act=(320,360) d=5.36 a=3 | sp=preview:active d=5.4 age=5 dtg=33.37 region=0_7
ep=549 s=313 2890ms [sel=36 cap=2728 rest=126] sg=2->2 mode=NONE win=8 obs=314 | cap=wip act=(320,360) d=5.36 a=1 | sp=preview:active d=5.4 age=6 dtg=33.14 region=0_7
ep=549 s=314 8955ms [sel=36 cap=8357 rest=522] sg=2->2 mode=NONE win=8 obs=315 | cap=wip act=(320,360) d=5.23 a=3 | preview=view-/6 yaw=+0 render=40ms | sp=preview:active d=5.2 age=7 dtg=33.14 region=0_7
ep=549 s=315 2984ms [sel=41 cap=2817 rest=126] sg=2->2 mode=NONE win=8 obs=316 | cap=wip act=(320,360) d=5.23 a=1 | sp=preview:active d=5.2 age=8 dtg=32.89 region=0_7
ep=549 s=316 3456ms [sel=40 cap=3282 rest=133] sg=2->2 mode=NONE win=8 obs=317 | cap=wip act=(320,360) d=5.17 a=1 | sp=preview:active d=5.2 age=9 dtg=32.64 region=0_7
ep=549 s=317 9880ms [sel=42 cap=9277 rest=524] sg=2->2 mode=NONE win=8 obs=318 | cap=wip act=(320,360) d=5.13 a=3 | preview=view-/6 yaw=+0 render=37ms | sp=preview:active d=5.1 age=10 dtg=32.64 region=0_7
ep=549 s=318 4095ms [sel=44 cap=3920 rest=131] sg=2->2 mode=NONE win=8 obs=319 | cap=wip act=(320,360) d=5.13 a=1 | sp=preview:active d=5.1 age=11 dtg=32.39 region=0_7
ep=549 s=319 9986ms [sel=47 cap=9807 rest=132] sg=2->2 mode=NONE win=8 obs=320 | cap=wip act=(320,360) d=5.16 a=1 | sp=preview:active d=5.2 age=12 dtg=32.15 region=0_7
ep=549 s=320 2275ms [sel=628 cap=1516 rest=132] sg=2->2 mode=NONE win=8 obs=321 | cap=wip act=(320,360) d=2.99 a=1 | sp=som:active d=3.0 age=0 som=2/8 dtg=31.91 region=0_7
ep=549 s=321 1420ms [sel=3 cap=1288 rest=129] sg=2->2 mode=NONE win=8 obs=322 | cap=wip act=(320,360) d=2.76 a=1 | sp=som:active d=2.8 age=1 dtg=31.67 region=0_7
ep=549 s=322 1630ms [sel=3 cap=1490 rest=137] sg=2->2 mode=NONE win=8 obs=323 | cap=wip act=(320,360) d=2.52 a=1 | sp=som:active d=2.5 age=2 dtg=31.44 region=0_7
ep=549 s=323 1983ms [sel=3 cap=1844 rest=136] sg=2->2 mode=NONE win=8 obs=324 | cap=wip act=(320,360) d=2.29 a=2 | sp=som:active d=2.3 age=3 dtg=31.44 region=0_7
ep=549 s=324 2154ms [sel=4 cap=2012 rest=138] sg=2->2 mode=NONE win=8 obs=325 | cap=wip act=(320,360) d=2.29 a=1 | sp=som:active d=2.3 age=4 dtg=31.19 region=0_7
ep=549 s=325 3232ms [sel=3 cap=3098 rest=132] sg=2->2 mode=NONE win=8 obs=326 | cap=wip act=(320,360) d=2.04 a=1 | sp=som:active d=2.0 age=5 dtg=30.95 region=0_7
ep=549 s=326 3445ms [sel=3 cap=3311 rest=131] sg=2->2 mode=NONE win=8 obs=327 | cap=wip act=(320,360) d=1.80 a=2 | sp=som:active d=1.8 age=6 dtg=30.95 region=0_7
ep=549 s=327 4373ms [sel=17 cap=3731 rest=588] sg=2->2 mode=NONE win=8 obs=328 | cap=wip act=(160,180) d=3.53 a=1 | preview=view3/6 yaw=+15 render=37ms | sp=preview:active d=3.5 age=0 dtg=30.70 region=0_7
ep=549 s=328 3878ms [sel=3 cap=3749 rest=126] sg=2->2 mode=NONE win=8 obs=329 | cap=wip act=(320,360) d=3.29 a=2 | sp=preview:active d=3.3 age=1 dtg=30.70 region=0_7
ep=549 s=329 1512ms [sel=3 cap=1381 rest=128] sg=2->2 mode=NONE win=8 obs=330 | cap=wip act=(320,360) d=3.29 a=1 | sp=preview:active d=3.3 age=2 dtg=30.46 region=0_7
ep=549 s=330 1982ms [sel=3 cap=1846 rest=133] sg=2->2 mode=NONE win=8 obs=331 | cap=wip act=(320,360) d=3.08 a=1 | sp=preview:active d=3.1 age=3 dtg=30.26 region=0_7
ep=549 s=331 2778ms [sel=3 cap=2641 rest=134] sg=2->2 mode=NONE win=8 obs=332 | cap=wip act=(320,360) d=2.88 a=1 | sp=preview:active d=2.9 age=4 dtg=30.08 region=0_7
ep=549 s=332 3453ms [sel=13 cap=3307 rest=133] sg=2->2 mode=NONE win=8 obs=333 | cap=wip act=(320,360) d=2.68 a=3 | sp=preview:active d=2.7 age=5 dtg=30.08 region=0_7
ep=549 s=333 4999ms [sel=18 cap=4400 rest=544] sg=2->2 mode=NONE win=8 obs=334 | cap=wip act=(160,180) d=3.40 a=3 | preview=view3/6 yaw=+30 render=37ms | sp=preview:active d=3.4 age=0 dtg=30.08 region=0_7
ep=549 s=334 1970ms [sel=3 cap=1840 rest=127] sg=2->2 mode=NONE win=8 obs=335 | cap=wip act=(320,360) d=3.40 a=1 | sp=preview:active d=3.4 age=1 dtg=29.83 region=0_7
ep=549 s=335 2887ms [sel=3 cap=2754 rest=130] sg=2->2 mode=NONE win=8 obs=336 | cap=wip act=(320,360) d=3.15 a=1 | sp=preview:active d=3.2 age=2 dtg=29.59 region=0_7
ep=549 s=336 2316ms [sel=3 cap=2186 rest=128] sg=2->2 mode=NONE win=8 obs=337 | cap=wip act=(320,360) d=2.91 a=3 | sp=preview:active d=2.9 age=3 dtg=29.59 region=0_7
ep=549 s=337 6221ms [sel=3 cap=6092 rest=126] sg=2->2 mode=NONE win=8 obs=338 | cap=wip act=(320,360) d=2.91 a=1 | sp=preview:active d=2.9 age=4 dtg=29.34 region=0_7
ep=549 s=338 2571ms [sel=3 cap=2439 rest=129] sg=2->2 mode=NONE win=8 obs=339 | cap=wip act=(320,360) d=2.66 a=1 | sp=preview:active d=2.7 age=5 dtg=29.09 region=0_7
ep=549 s=339 3936ms [sel=3 cap=3803 rest=129] sg=2->2 mode=NONE win=8 obs=340 | cap=wip act=(320,360) d=2.41 a=1 | sp=preview:active d=2.4 age=6 dtg=28.84 region=0_7
ep=549 s=340 4621ms [sel=4 cap=4484 rest=132] sg=2->2 mode=NONE win=8 obs=341 | cap=wip act=(320,360) d=2.16 a=1 | sp=preview:active d=2.2 age=7 dtg=28.59 region=0_7
ep=549 s=341 1894ms [sel=3 cap=1763 rest=128] sg=2->2 mode=NONE win=8 obs=342 | cap=wip act=(320,360) d=1.91 a=1 | sp=preview:active d=1.9 age=8 dtg=28.35 region=0_7
ep=549 s=342 3256ms [sel=37 cap=2651 rest=528] sg=2->2 mode=NONE win=8 obs=343 | cap=wip act=(160,180) d=2.79 a=2 | preview=view2/6 yaw=-45 render=40ms | sp=preview:active d=2.8 age=0 dtg=28.35 region=0_7
ep=549 s=343 5393ms [sel=23 cap=5244 rest=126] sg=2->2 mode=NONE win=8 obs=344 | cap=wip act=(320,360) d=2.79 a=2 | sp=preview:active d=2.8 age=1 dtg=28.35 region=0_7
ep=549 s=344 1914ms [sel=23 cap=1764 rest=127] sg=2->2 mode=NONE win=8 obs=345 | cap=wip act=(320,360) d=2.79 a=2 | sp=preview:active d=2.8 age=2 dtg=28.35 region=0_7
ep=549 s=345 4543ms [sel=21 cap=4393 rest=129] sg=2->2 mode=NONE win=8 obs=346 | cap=wip act=(320,360) d=2.79 a=2 | sp=preview:active d=2.8 age=3 dtg=28.35 region=0_7
ep=549 s=346 2500ms [sel=3 cap=2368 rest=129] sg=2->2 mode=NONE win=8 obs=347 | cap=wip act=(320,360) d=2.79 a=2 | sp=preview:active d=2.8 age=4 dtg=28.35 region=0_7
ep=549 s=347 6562ms [sel=4 cap=6413 rest=145] sg=2->2 mode=NONE win=8 obs=348 | cap=wip act=(320,360) d=2.79 a=1 | sp=preview:active d=2.8 age=5 dtg=28.30 region=0_7
ep=549 s=348 2222ms [sel=3 cap=2068 rest=151] sg=2->2 mode=NONE win=8 obs=349 | cap=wip act=(320,360) d=2.55 a=2 | sp=preview:active d=2.6 age=6 dtg=28.30 region=0_7
ep=549 s=349 2334ms [sel=3 cap=2195 rest=136] sg=2->2 mode=NONE win=8 obs=350 | cap=wip act=(320,360) d=2.55 a=2 | sp=preview:active d=2.6 age=7 dtg=28.30 region=0_7
ep=549 s=350 2721ms [sel=3 cap=2584 rest=134] sg=2->2 mode=NONE win=8 obs=351 | cap=wip act=(320,360) d=2.55 a=1 | sp=preview:active d=2.6 age=8 dtg=28.41 region=0_7
ep=549 s=351 3646ms [sel=3 cap=3511 rest=132] sg=2->2 mode=NONE win=8 obs=352 | cap=wip act=(320,360) d=2.31 a=1 | sp=preview:active d=2.3 age=9 dtg=28.54 region=0_7
ep=549 s=352 2242ms [sel=3 cap=2105 rest=134] sg=2->2 mode=NONE win=8 obs=353 | cap=wip act=(320,360) d=2.06 a=1 | sp=preview:active d=2.1 age=10 dtg=28.69 region=0_7
ep=549 s=353 2187ms [sel=3 cap=2046 rest=138] sg=2->2 mode=NONE win=8 obs=354 | cap=wip act=(320,360) d=1.82 a=1 | sp=preview:active d=1.8 age=11 dtg=28.85 region=0_7
ep=549 s=354 1576ms [sel=3 cap=1444 rest=129] sg=2->2 mode=NONE win=8 obs=355 | cap=wip act=(320,360) d=1.58 a=1 | sp=preview:active d=1.6 age=12 dtg=29.02 region=0_7
ep=549 s=355 1636ms [sel=4 cap=1499 rest=133] sg=2->2 mode=NONE win=8 obs=356 | cap=wip act=(320,360) d=1.34 a=3 | sp=preview:active d=1.3 age=13 dtg=29.02 region=0_7
ep=549 s=356 1405ms [sel=3 cap=1274 rest=128] sg=2->2 mode=NONE win=8 obs=357 | cap=wip act=(320,360) d=1.34 a=1 | sp=preview:active d=1.3 age=14 dtg=29.15 region=0_7
ep=549 s=357 8810ms [sel=3 cap=8252 rest=519] sg=2->2 mode=NONE win=8 obs=358 | cap=wip act=(320,360) d=1.09 a=1 | preview=view-/6 yaw=+0 render=36ms | sp=preview:active d=1.1 age=15 dtg=29.29 region=0_7
ep=549 s=358 4868ms [sel=1452 cap=3289 rest=126] sg=2->2 mode=NONE win=8 obs=359 | cap=wip act=(320,360) d=1.04 a=1 | sp=som:active d=1.0 age=0 som=2/6 dtg=29.46 region=0_7
ep=549 s=359 6930ms [sel=3 cap=6803 rest=125] sg=2->2 mode=NONE win=8 obs=360 | cap=wip act=(320,360) d=0.79 a=1 | sp=som:active d=0.8 age=1 dtg=29.66 region=0_7
ep=549 s=360 7878ms [sel=3 cap=7352 rest=487] sg=2->2 mode=NONE win=8 obs=361 | cap=wip act=(320,360) d=0.54 a=1 | preview=view-/6 yaw=+0 render=36ms | sp=som:active d=0.5 age=2 dtg=29.89 region=0_7
ep=549 s=361 4693ms [sel=674 cap=3893 rest=126] sg=2->2 mode=NONE win=8 obs=362 | cap=wip act=(320,360) d=3.40 a=2 | sp=frontier:active d=3.4 age=0 som=2/5 dtg=29.89 region=0_7
ep=549 s=362 4737ms [sel=30 cap=4577 rest=130] sg=2->2 mode=NONE win=8 obs=363 | cap=wip act=(320,360) d=3.40 a=2 | sp=frontier:active d=3.4 age=1 dtg=29.89 region=0_7
ep=549 s=363 6901ms [sel=30 cap=6330 rest=505] sg=2->2 mode=NONE win=8 obs=364 | cap=wip act=(320,360) d=3.40 a=2 | preview=view-/6 yaw=+0 render=36ms | sp=frontier:active d=3.4 age=2 dtg=29.89 region=0_7
ep=549 s=364 3126ms [sel=30 cap=2966 rest=130] sg=2->2 mode=NONE win=8 obs=365 | cap=wip act=(320,360) d=3.40 a=2 | sp=frontier:active d=3.4 age=3 dtg=29.89 region=0_7
ep=549 s=365 4943ms [sel=23 cap=4784 rest=136] sg=2->2 mode=NONE win=8 obs=366 | cap=wip act=(320,360) d=3.40 a=2 | sp=frontier:active d=3.4 age=4 dtg=29.89 region=0_7
ep=549 s=366 8286ms [sel=10 cap=7711 rest=528] sg=2->2 mode=NONE win=8 obs=367 | cap=wip act=(320,360) d=3.40 a=2 | preview=view-/6 yaw=+0 render=36ms | sp=frontier:active d=3.4 age=5 dtg=29.89 region=0_7
ep=549 s=367 2887ms [sel=3 cap=2739 rest=145] sg=2->2 mode=NONE win=8 obs=368 | cap=wip act=(320,360) d=3.40 a=2 | sp=frontier:active d=3.4 age=6 dtg=29.89 region=0_7
ep=549 s=368 1693ms [sel=3 cap=1557 rest=133] sg=2->2 mode=NONE win=8 obs=369 | cap=wip act=(320,360) d=3.40 a=1 | sp=frontier:active d=3.4 age=7 dtg=29.95 region=0_7
ep=549 s=369 2027ms [sel=4 cap=1886 rest=138] sg=2->2 mode=NONE win=8 obs=370 | cap=wip act=(320,360) d=3.16 a=2 | sp=frontier:active d=3.2 age=8 dtg=29.95 region=0_7
ep=549 s=370 9512ms [sel=4 cap=8947 rest=525] sg=2->2 mode=NONE win=8 obs=371 | cap=wip act=(320,360) d=3.16 a=1 | preview=view-/6 yaw=+0 render=36ms | sp=frontier:active d=3.2 age=9 dtg=30.00 region=0_7
ep=549 s=371 3945ms [sel=3 cap=3813 rest=129] sg=2->2 mode=NONE win=8 obs=372 | cap=wip act=(320,360) d=2.94 a=1 | sp=frontier:active d=2.9 age=10 dtg=30.10 region=0_7
ep=549 s=372 3148ms [sel=3 cap=3011 rest=134] sg=2->2 mode=NONE win=8 obs=373 | cap=wip act=(320,360) d=2.73 a=1 | sp=frontier:active d=2.7 age=11 dtg=30.21 region=0_7
ep=549 s=373 8418ms [sel=3 cap=7863 rest=515] sg=2->2 mode=NONE win=8 obs=374 | cap=wip act=(320,360) d=2.53 a=1 | preview=view-/6 yaw=+0 render=37ms | sp=frontier:active d=2.5 age=12 dtg=30.33 region=0_7
ep=549 s=374 3047ms [sel=4 cap=2912 rest=131] sg=2->2 mode=NONE win=8 obs=375 | cap=wip act=(320,360) d=2.33 a=1 | sp=frontier:active d=2.3 age=13 dtg=30.45 region=0_7
ep=549 s=375 4706ms [sel=5 cap=4563 rest=137] sg=2->2 mode=NONE win=8 obs=376 | cap=wip act=(320,360) d=2.15 a=3 | sp=frontier:active d=2.2 age=14 dtg=30.45 region=0_7
ep=549 s=376 8571ms [sel=3 cap=7978 rest=545] sg=2->2 mode=NONE win=8 obs=377 | cap=wip act=(320,360) d=2.15 a=1 | preview=view-/6 yaw=+0 render=46ms | sp=frontier:active d=2.2 age=15 dtg=31.63 region=0_7
ep=549 s=377 3243ms [sel=3 cap=3071 rest=169] sg=2->2 mode=NONE win=8 obs=378 | cap=wip act=(320,360) d=1.94 a=1 | sp=frontier:active d=1.9 age=16 dtg=31.46 region=0_7
ep=549 s=378 2622ms [sel=3 cap=2473 rest=146] sg=2->2 mode=NONE win=8 obs=379 | cap=wip act=(320,360) d=1.74 a=3 | sp=frontier:active d=1.7 age=17 dtg=31.46 region=0_7
ep=549 s=379 9883ms [sel=3 cap=9268 rest=567] sg=2->2 mode=NONE win=8 obs=380 | cap=wip act=(320,360) d=1.74 a=1 | preview=view-/6 yaw=+0 render=44ms | sp=frontier:active d=1.7 age=18 dtg=31.43 region=0_7
ep=549 s=380 4200ms [sel=623 cap=3436 rest=141] sg=2->2 mode=NONE win=8 obs=381 | cap=wip act=(320,360) d=3.14 a=2 | sp=som:active d=3.1 age=0 som=2/8 dtg=31.43 region=0_7
ep=549 s=381 4164ms [sel=13 cap=4017 rest=133] sg=2->2 mode=NONE win=8 obs=382 | cap=wip act=(320,360) d=3.14 a=2 | sp=som:active d=3.1 age=1 dtg=31.43 region=0_7
ep=549 s=382 9307ms [sel=9 cap=8724 rest=534] sg=2->2 mode=NONE win=8 obs=383 | cap=wip act=(320,360) d=3.14 a=2 | preview=view-/6 yaw=+0 render=39ms | sp=som:active d=3.1 age=2 dtg=31.43 region=0_7
ep=549 s=383 4397ms [sel=3 cap=4265 rest=129] sg=2->2 mode=NONE win=8 obs=384 | cap=wip act=(320,360) d=3.14 a=2 | sp=som:active d=3.1 age=3 dtg=31.43 region=0_7
ep=549 s=384 2682ms [sel=3 cap=2549 rest=130] sg=2->2 mode=NONE win=8 obs=385 | cap=wip act=(320,360) d=3.14 a=2 | sp=som:active d=3.1 age=4 dtg=31.43 region=0_7
ep=549 s=385 11851ms [sel=16 cap=11261 rest=537] sg=2->2 mode=NONE win=8 obs=386 | cap=wip act=(320,360) d=3.14 a=1 | preview=view-/6 yaw=+0 render=38ms | sp=som:active d=3.1 age=5 dtg=31.21 region=0_7
ep=549 s=386 3405ms [sel=17 cap=3258 rest=130] sg=2->2 mode=NONE win=8 obs=387 | cap=wip act=(320,360) d=3.00 a=1 | sp=som:active d=3.0 age=6 dtg=31.04 region=0_7
ep=549 s=387 3508ms [sel=20 cap=3356 rest=131] sg=2->2 mode=NONE win=8 obs=388 | cap=wip act=(320,360) d=2.88 a=1 | sp=som:active d=2.9 age=7 dtg=30.96 region=0_7
ep=549 s=388 3611ms [sel=22 cap=3459 rest=130] sg=2->2 mode=NONE win=8 obs=389 | cap=wip act=(320,360) d=2.82 a=3 | sp=som:active d=2.8 age=8 dtg=30.96 region=0_7
ep=549 s=389 4553ms [sel=18 cap=4402 rest=134] sg=2->2 mode=NONE win=8 obs=390 | cap=wip act=(320,360) d=2.82 a=3 | sp=som:active d=2.8 age=9 dtg=30.96 region=0_7
ep=549 s=390 10253ms [sel=4 cap=9647 rest=564] sg=2->2 mode=NONE win=8 obs=391 | cap=wip act=(320,360) d=2.82 a=1 | preview=view-/6 yaw=+0 render=38ms | sp=som:active d=2.8 age=10 dtg=31.09 region=0_7
ep=549 s=391 6028ms [sel=1067 cap=4827 rest=135] sg=2->2 mode=NONE win=8 obs=392 | cap=wip act=(320,360) d=3.02 a=3 | sp=som:active d=3.0 age=0 som=5/8 dtg=31.09 region=0_7
ep=549 s=392 4583ms [sel=6 cap=4441 rest=137] sg=2->2 mode=NONE win=8 obs=393 | cap=wip act=(320,360) d=3.02 a=3 | sp=som:active d=3.0 age=1 dtg=31.09 region=0_7
ep=549 s=393 3957ms [sel=21 cap=3355 rest=542] sg=2->2 mode=NONE win=8 obs=394 | cap=wip act=(160,180) d=3.80 a=1 | preview=view3/6 yaw=+30 render=40ms | sp=preview:active d=3.8 age=0 dtg=31.32 region=0_7
ep=549 s=394 3090ms [sel=3 cap=2956 rest=131] sg=2->2 mode=NONE win=8 obs=395 | cap=wip act=(320,360) d=3.55 a=1 | sp=preview:active d=3.6 age=1 dtg=31.54 region=0_7
ep=549 s=395 2992ms [sel=3 cap=2855 rest=134] sg=2->2 mode=NONE win=8 obs=396 | cap=wip act=(320,360) d=3.30 a=1 | sp=preview:active d=3.3 age=2 dtg=31.77 region=0_7
ep=549 s=396 3081ms [sel=3 cap=2944 rest=134] sg=2->2 mode=NONE win=8 obs=397 | cap=wip act=(320,360) d=3.06 a=3 | sp=preview:active d=3.1 age=3 dtg=31.77 region=0_7
ep=549 s=397 3101ms [sel=3 cap=2959 rest=139] sg=2->2 mode=NONE win=8 obs=398 | cap=wip act=(320,360) d=3.06 a=1 | sp=preview:active d=3.1 age=4 dtg=32.02 region=0_7
ep=549 s=398 3388ms [sel=3 cap=3239 rest=147] sg=2->2 mode=NONE win=8 obs=399 | cap=wip act=(320,360) d=2.81 a=1 | sp=preview:active d=2.8 age=5 dtg=32.26 region=0_7
ep=549 s=399 3502ms [sel=3 cap=3370 rest=129] sg=2->2 mode=NONE win=8 obs=400 | cap=wip act=(320,360) d=2.57 a=1 | sp=preview:active d=2.6 age=6 dtg=32.51 region=0_7
ep=549 s=400 2623ms [sel=3 cap=2488 rest=132] sg=2->2 mode=NONE win=8 obs=401 | cap=wip act=(320,360) d=2.32 a=1 | sp=preview:active d=2.3 age=7 dtg=32.76 region=0_7
ep=549 s=401 2257ms [sel=3 cap=2122 rest=132] sg=2->2 mode=NONE win=8 obs=402 | cap=wip act=(320,360) d=2.08 a=1 | sp=preview:active d=2.1 age=8 dtg=33.01 region=0_7
ep=549 s=402 2531ms [sel=3 cap=2393 rest=135] sg=2->2 mode=NONE win=8 obs=403 | cap=wip act=(320,360) d=1.84 a=1 | sp=preview:active d=1.8 age=9 dtg=33.26 region=0_7
ep=549 s=403 2358ms [sel=4 cap=2220 rest=134] sg=2->2 mode=NONE win=8 obs=404 | cap=wip act=(320,360) d=1.61 a=1 | sp=preview:active d=1.6 age=10 dtg=33.50 region=0_7
ep=549 s=404 2007ms [sel=3 cap=1872 rest=132] sg=2->2 mode=NONE win=8 obs=405 | cap=wip act=(320,360) d=1.38 a=1 | sp=preview:active d=1.4 age=11 dtg=33.75 region=0_7
ep=549 s=405 3370ms [sel=898 cap=2340 rest=133] sg=2->2 mode=NONE win=8 obs=406 | cap=wip act=(320,360) d=2.82 a=1 | sp=som:active d=2.8 age=0 som=5/8 dtg=34.00 region=0_7
ep=549 s=406 2151ms [sel=3 cap=2008 rest=140] sg=2->2 mode=NONE win=8 obs=407 | cap=wip act=(320,360) d=2.60 a=1 | sp=som:active d=2.6 age=1 dtg=34.25 region=0_7
ep=549 s=407 3237ms [sel=3 cap=3092 rest=142] sg=2->2 mode=NONE win=8 obs=408 | cap=wip act=(320,360) d=2.37 a=1 | sp=som:active d=2.4 age=2 dtg=34.50 region=0_10
ep=549 s=408 2802ms [sel=3 cap=2661 rest=137] sg=2->2 mode=NONE win=8 obs=409 | cap=wip act=(320,360) d=2.16 a=1 | sp=som:active d=2.2 age=3 dtg=34.75 region=0_10
ep=549 s=409 2578ms [sel=3 cap=2439 rest=136] sg=2->2 mode=NONE win=8 obs=410 | cap=wip act=(320,360) d=1.94 a=1 | sp=som:active d=1.9 age=4 dtg=35.00 region=0_10
ep=549 s=410 2770ms [sel=3 cap=2622 rest=146] sg=2->2 mode=NONE win=8 obs=411 | cap=wip act=(320,360) d=1.75 a=1 | sp=som:active d=1.7 age=5 dtg=35.24 region=0_10
ep=549 s=411 3060ms [sel=7 cap=2913 rest=140] sg=2->2 mode=NONE win=8 obs=412 | cap=wip act=(320,360) d=1.56 a=1 | sp=som:active d=1.6 age=6 dtg=35.49 region=0_8
ep=549 s=412 1981ms [sel=8 cap=1836 rest=137] sg=2->2 mode=NONE win=8 obs=413 | cap=wip act=(320,360) d=1.40 a=3 | sp=som:active d=1.4 age=7 dtg=35.49 region=0_8
ep=549 s=413 2883ms [sel=4 cap=2745 rest=134] sg=2->2 mode=NONE win=8 obs=414 | cap=wip act=(320,360) d=1.40 a=1 | sp=som:active d=1.4 age=8 dtg=35.74 region=0_8
ep=549 s=414 2531ms [sel=6 cap=2390 rest=134] sg=2->2 mode=NONE win=8 obs=415 | cap=wip act=(320,360) d=1.21 a=3 | sp=som:active d=1.2 age=9 dtg=35.74 region=0_8
ep=549 s=415 3112ms [sel=4 cap=2975 rest=133] sg=2->2 mode=NONE win=8 obs=416 | cap=wip act=(320,360) d=1.21 a=3 | sp=som:active d=1.2 age=10 dtg=35.74 region=0_8
ep=549 s=416 1975ms [sel=4 cap=1840 rest=131] sg=2->2 mode=NONE win=8 obs=417 | cap=wip act=(320,360) d=1.21 a=1 | sp=som:active d=1.2 age=11 dtg=35.93 region=0_8
ep=549 s=417 10521ms [sel=4 cap=9945 rest=535] sg=2->2 mode=NONE win=8 obs=418 | cap=wip act=(320,360) d=0.97 a=3 | preview=view-/6 yaw=+0 render=36ms | sp=som:active d=1.0 age=12 dtg=35.93 region=0_8
ep=549 s=418 3655ms [sel=3 cap=3513 rest=139] sg=2->2 mode=NONE win=8 obs=419 | cap=wip act=(320,360) d=0.97 a=1 | sp=som:active d=1.0 age=13 dtg=36.13 region=0_8
ep=549 s=419 2011ms [sel=3 cap=1874 rest=134] sg=2->2 mode=NONE win=8 obs=420 | cap=wip act=(320,360) d=0.72 a=1 | sp=som:active d=0.7 age=14 dtg=36.37 region=0_8
ep=549 s=420 10745ms [sel=846 cap=9339 rest=522] sg=2->2 mode=NONE win=8 obs=421 | cap=wip act=(320,360) d=2.88 a=2 | preview=view-/6 yaw=+0 render=37ms | sp=som:active d=2.9 age=0 som=5/8 dtg=36.37 region=0_8
ep=549 s=421 5737ms [sel=3 cap=5595 rest=139] sg=2->2 mode=NONE win=8 obs=422 | cap=wip act=(320,360) d=2.88 a=1 | sp=som:active d=2.9 age=1 dtg=36.62 region=0_8
ep=549 s=422 5014ms [sel=3 cap=4879 rest=131] sg=2->2 mode=NONE win=8 obs=423 | cap=wip act=(320,360) d=2.63 a=2 | sp=som:active d=2.6 age=2 dtg=36.62 region=0_8
ep=549 s=423 5979ms [sel=3 cap=5437 rest=502] sg=2->2 mode=NONE win=8 obs=424 | cap=wip act=(320,360) d=2.63 a=1 | preview=view-/6 yaw=+0 render=37ms | sp=som:active d=2.6 age=3 dtg=36.86 region=0_8
ep=549 s=424 3148ms [sel=3 cap=3014 rest=131] sg=2->2 mode=NONE win=8 obs=425 | cap=wip act=(320,360) d=2.41 a=2 | sp=som:active d=2.4 age=4 dtg=36.86 region=0_8
ep=549 s=425 3327ms [sel=5 cap=3188 rest=135] sg=2->2 mode=NONE win=8 obs=426 | cap=wip act=(320,360) d=2.41 a=1 | sp=som:active d=2.4 age=5 dtg=37.09 region=0_8
ep=549 s=426 3404ms [sel=9 cap=3261 rest=134] sg=2->2 mode=NONE win=8 obs=427 | cap=wip act=(320,360) d=2.23 a=1 | sp=som:active d=2.2 age=6 dtg=37.32 region=0_8
ep=549 s=427 2909ms [sel=11 cap=2766 rest=132] sg=2->2 mode=NONE win=8 obs=428 | cap=wip act=(320,360) d=2.07 a=1 | sp=som:active d=2.1 age=7 dtg=37.56 region=0_8
ep=549 s=428 2457ms [sel=13 cap=2309 rest=135] sg=2->2 mode=NONE win=8 obs=429 | cap=wip act=(320,360) d=1.92 a=1 | sp=som:active d=1.9 age=8 dtg=37.80 region=0_8
ep=549 s=429 8022ms [sel=15 cap=7436 rest=534] sg=2->2 mode=NONE win=8 obs=430 | cap=wip act=(320,360) d=1.80 a=3 | preview=view-/6 yaw=+0 render=37ms | sp=som:active d=1.8 age=9 dtg=37.80 region=0_8
ep=549 s=430 4684ms [sel=12 cap=4542 rest=130] sg=2->2 mode=NONE win=8 obs=431 | cap=wip act=(320,360) d=1.80 a=3 | sp=som:active d=1.8 age=10 dtg=37.80 region=0_8
ep=549 s=431 3110ms [sel=4 cap=2969 rest=137] sg=2->2 mode=NONE win=8 obs=432 | cap=wip act=(320,360) d=1.80 a=1 | sp=som:active d=1.8 age=11 dtg=38.05 region=0_8
ep=549 s=432 9396ms [sel=3 cap=8827 rest=527] sg=2->2 mode=NONE win=8 obs=433 | cap=wip act=(320,360) d=1.60 a=3 | preview=view-/6 yaw=+0 render=38ms | sp=som:active d=1.6 age=12 dtg=38.05 region=0_8
ep=549 s=433 4400ms [sel=3 cap=4268 rest=129] sg=2->2 mode=NONE win=8 obs=434 | cap=wip act=(320,360) d=1.60 a=3 | sp=som:active d=1.6 age=13 dtg=38.05 region=0_8
ep=549 s=434 5021ms [sel=3 cap=4890 rest=127] sg=2->2 mode=NONE win=8 obs=435 | cap=wip act=(320,360) d=1.60 a=1 | sp=som:active d=1.6 age=14 dtg=38.23 region=0_8
ep=549 s=435 4226ms [sel=3 cap=4094 rest=129] sg=2->2 mode=NONE win=8 obs=436 | cap=wip act=(320,360) d=1.36 a=3 | sp=som:active d=1.4 age=15 dtg=38.23 region=0_8
ep=549 s=436 3001ms [sel=3 cap=2873 rest=124] sg=2->2 mode=NONE win=8 obs=437 | cap=wip act=(320,360) d=1.36 a=1 | sp=som:active d=1.4 age=16 dtg=38.43 region=0_8
ep=549 s=437 5610ms [sel=3 cap=5484 rest=123] sg=2->2 mode=NONE win=8 obs=438 | cap=wip act=(320,360) d=1.11 a=1 | sp=som:active d=1.1 age=17 dtg=38.66 region=0_8
ep=549 s=438 6489ms [sel=3 cap=6363 rest=123] sg=2->2 mode=NONE win=8 obs=439 | cap=wip act=(320,360) d=0.86 a=1 | sp=som:active d=0.9 age=18 dtg=38.90 region=0_8
ep=549 s=439 7914ms [sel=3 cap=7370 rest=505] sg=2->2 mode=NONE win=8 obs=440 | cap=wip act=(320,360) d=0.61 a=1 | preview=view-/6 yaw=+0 render=35ms | sp=som:active d=0.6 age=19 dtg=39.14 region=0_8
ep=549 s=440 2999ms [sel=670 cap=2197 rest=133] sg=2->2 mode=NONE win=8 obs=441 | cap=wip act=(320,360) d=1.01 a=1 | sp=som:active d=1.0 age=0 som=3/6 dtg=39.14 region=0_8
ep=549 s=441 2322ms [sel=12 cap=2170 rest=139] sg=2->2 mode=NONE win=8 obs=442 | cap=wip act=(320,360) d=0.78 a=3 | sp=som:active d=0.8 age=1 dtg=39.14 region=0_8
ep=549 s=442 1572ms [sel=13 cap=1438 rest=122] sg=2->2 mode=NONE win=8 obs=443 | cap=wip act=(320,360) d=0.78 a=1 | sp=som:active d=0.8 age=2 dtg=39.27 region=0_8
ep=549 s=443 13265ms [sel=13 cap=12724 rest=492] sg=2->2 mode=NONE win=8 obs=444 | cap=wip act=(320,360) d=0.53 a=1 | preview=view-/6 yaw=+0 render=37ms | sp=som:active d=0.5 age=3 dtg=39.43 region=0_8
ep=549 s=444 3894ms [sel=701 cap=3035 rest=158] sg=2->2 mode=NONE win=8 obs=445 | cap=wip act=(320,360) d=2.01 a=2 | sp=frontier:active d=2.0 age=0 som=1/4 dtg=39.43 region=0_8
ep=549 s=445 6024ms [sel=22 cap=5849 rest=154] sg=2->2 mode=NONE win=8 obs=446 | cap=wip act=(320,360) d=2.01 a=2 | sp=frontier:active d=2.0 age=1 dtg=39.43 region=0_8
ep=549 s=446 8987ms [sel=22 cap=8434 rest=494] sg=2->2 mode=NONE win=8 obs=447 | cap=wip act=(320,360) d=2.01 a=2 | preview=view-/6 yaw=+0 render=37ms | sp=frontier:active d=2.0 age=2 dtg=39.43 region=0_8
ep=549 s=447 8976ms [sel=22 cap=8811 rest=142] sg=2->2 mode=NONE win=8 obs=448 | cap=wip act=(320,360) d=2.01 a=2 | sp=frontier:active d=2.0 age=3 dtg=39.43 region=0_8
ep=549 s=448 3976ms [sel=22 cap=3810 rest=145] sg=2->2 mode=NONE win=8 obs=449 | cap=wip act=(320,360) d=2.01 a=2 | sp=frontier:active d=2.0 age=4 dtg=39.43 region=0_8
ep=549 s=449 2562ms [sel=17 cap=2411 rest=133] sg=2->2 mode=NONE win=8 obs=450 | cap=wip act=(320,360) d=2.01 a=2 | sp=frontier:active d=2.0 age=5 dtg=39.43 region=0_8
ep=549 s=450 2376ms [sel=12 cap=2233 rest=131] sg=2->2 mode=NONE win=8 obs=451 | cap=wip act=(320,360) d=2.01 a=2 | sp=frontier:active d=2.0 age=6 dtg=39.43 region=0_8
ep=549 s=451 3732ms [sel=8 cap=3591 rest=133] sg=2->2 mode=NONE win=8 obs=452 | cap=wip act=(320,360) d=2.01 a=2 | sp=frontier:active d=2.0 age=7 dtg=39.43 region=0_8
ep=549 s=452 2608ms [sel=6 cap=2471 rest=132] sg=2->2 mode=NONE win=8 obs=453 | cap=wip act=(320,360) d=2.01 a=2 | sp=frontier:active d=2.0 age=8 dtg=39.43 region=0_8
ep=549 s=453 1829ms [sel=6 cap=1692 rest=131] sg=2->2 mode=NONE win=8 obs=454 | cap=wip act=(320,360) d=2.01 a=2 | sp=frontier:active d=2.0 age=9 dtg=39.43 region=0_8
ep=549 s=454 11467ms [sel=9 cap=10914 rest=507] sg=2->2 mode=NONE win=8 obs=455 | cap=wip act=(320,360) d=2.01 a=1 | preview=view-/6 yaw=+0 render=37ms | sp=frontier:active d=2.0 age=10 dtg=39.39 region=0_8
ep=549 s=455 7838ms [sel=9 cap=7697 rest=132] sg=2->2 mode=NONE win=8 obs=456 | cap=wip act=(320,360) d=1.84 a=3 | sp=frontier:active d=1.8 age=11 dtg=39.39 region=0_8
ep=549 s=456 3133ms [sel=3 cap=2998 rest=132] sg=2->2 mode=NONE win=8 obs=457 | cap=wip act=(320,360) d=1.84 a=1 | sp=frontier:active d=1.8 age=12 dtg=39.62 region=0_8
ep=549 s=457 5706ms [sel=4 cap=5572 rest=130] sg=2->2 mode=NONE win=8 obs=458 | cap=wip act=(320,360) d=1.65 a=3 | sp=frontier:active d=1.6 age=13 dtg=39.62 region=0_8
ep=549 s=458 5469ms [sel=3 cap=5336 rest=130] sg=2->2 mode=NONE win=8 obs=459 | cap=wip act=(320,360) d=1.65 a=1 | sp=frontier:active d=1.6 age=14 dtg=39.65 region=0_8
ep=549 s=459 8234ms [sel=661 cap=7444 rest=129] sg=2->2 mode=NONE win=8 obs=460 | cap=wip act=(320,360) d=2.89 a=1 | sp=som:active d=2.9 age=0 som=5/8 dtg=39.72 region=0_8
ep=549 s=460 4605ms [sel=4 cap=4464 rest=137] sg=2->2 mode=NONE win=8 obs=461 | cap=wip act=(320,360) d=2.65 a=3 | sp=som:active d=2.6 age=1 dtg=39.72 region=0_8
ep=549 s=461 3145ms [sel=3 cap=3004 rest=137] sg=2->2 mode=NONE win=8 obs=462 | cap=wip act=(320,360) d=2.65 a=3 | sp=som:active d=2.6 age=2 dtg=39.72 region=0_8
ep=549 s=462 10807ms [sel=3 cap=10250 rest=513] sg=2->2 mode=NONE win=8 obs=463 | cap=wip act=(320,360) d=2.65 a=1 | preview=view-/6 yaw=+0 render=42ms | sp=som:active d=2.6 age=3 dtg=39.91 region=0_8
ep=549 s=463 6969ms [sel=6 cap=6832 rest=132] sg=2->2 mode=NONE win=8 obs=464 | cap=wip act=(320,360) d=2.46 a=1 | sp=som:active d=2.5 age=4 dtg=40.12 region=0_8
ep=549 s=464 6938ms [sel=7 cap=6804 rest=127] sg=2->2 mode=NONE win=8 obs=465 | cap=wip act=(320,360) d=2.28 a=1 | sp=som:active d=2.3 age=5 dtg=40.33 region=0_8
ep=549 s=465 3757ms [sel=8 cap=3621 rest=128] sg=2->2 mode=NONE win=8 obs=466 | cap=wip act=(320,360) d=2.11 a=1 | sp=som:active d=2.1 age=6 dtg=40.56 region=0_8
ep=549 s=466 6458ms [sel=10 cap=6313 rest=134] sg=2->2 mode=NONE win=8 obs=467 | cap=wip act=(320,360) d=1.96 a=2 | sp=som:active d=2.0 age=7 dtg=40.56 region=0_8
ep=549 s=467 3810ms [sel=5 cap=3661 rest=143] sg=2->2 mode=NONE win=8 obs=468 | cap=wip act=(320,360) d=1.96 a=1 | sp=som:active d=2.0 age=8 dtg=40.78 region=0_8
ep=549 s=468 3783ms [sel=6 cap=3647 rest=130] sg=2->2 mode=NONE win=8 obs=469 | cap=wip act=(320,360) d=1.78 a=2 | sp=som:active d=1.8 age=9 dtg=40.78 region=0_8
ep=549 s=469 8212ms [sel=3 cap=7672 rest=500] sg=2->2 mode=NONE win=8 obs=470 | cap=wip act=(320,360) d=1.78 a=1 | preview=view-/6 yaw=+0 render=37ms | sp=som:active d=1.8 age=10 dtg=41.00 region=0_8
ep=549 s=470 8143ms [sel=4 cap=7996 rest=143] sg=2->2 mode=NONE win=8 obs=471 | cap=wip act=(320,360) d=1.58 a=1 | sp=som:active d=1.6 age=11 dtg=41.18 region=0_8
ep=549 s=471 4717ms [sel=5 cap=4565 rest=147] sg=2->2 mode=NONE win=8 obs=472 | cap=wip act=(320,360) d=1.39 a=2 | sp=som:active d=1.4 age=12 dtg=41.18 region=0_8
ep=549 s=472 9688ms [sel=3 cap=9139 rest=509] sg=2->2 mode=NONE win=8 obs=473 | cap=wip act=(320,360) d=1.39 a=2 | preview=view-/6 yaw=+0 render=36ms | sp=som:active d=1.4 age=13 dtg=41.18 region=0_8
ep=549 s=473 3162ms [sel=3 cap=3020 rest=138] sg=2->2 mode=NONE win=8 obs=474 | cap=wip act=(320,360) d=1.39 a=1 | sp=som:active d=1.4 age=14 dtg=40.93 region=0_8
ep=549 s=474 2997ms [sel=4 cap=2857 rest=136] sg=2->2 mode=NONE win=8 obs=475 | cap=wip act=(320,360) d=1.14 a=1 | sp=som:active d=1.1 age=15 dtg=40.69 region=0_8
ep=549 s=475 2414ms [sel=3 cap=2274 rest=137] sg=2->2 mode=NONE win=8 obs=476 | cap=wip act=(320,360) d=0.91 a=1 | sp=som:active d=0.9 age=16 dtg=40.44 region=0_8
ep=549 s=476 4145ms [sel=3 cap=4003 rest=139] sg=2->2 mode=NONE win=8 obs=477 | cap=wip act=(320,360) d=0.68 a=2 | sp=som:active d=0.7 age=17 dtg=40.44 region=0_8
ep=549 s=477 4554ms [sel=3 cap=4414 rest=137] sg=2->2 mode=NONE win=8 obs=478 | cap=wip act=(320,360) d=0.68 a=2 | sp=som:active d=0.7 age=18 dtg=40.44 region=0_8
ep=549 s=478 9298ms [sel=3 cap=8734 rest=520] sg=2->2 mode=NONE win=8 obs=479 | cap=wip act=(320,360) d=0.68 a=1 | preview=view-/6 yaw=+0 render=42ms | sp=som:active d=0.7 age=19 dtg=40.22 region=0_8
ep=549 s=479 9118ms [sel=2537 cap=6445 rest=136] sg=2->2 mode=NONE win=8 obs=480 | cap=wip act=(320,360) d=2.97 a=3 | sp=som:active d=3.0 age=0 som=5/8 dtg=40.22 region=0_8
ep=549 s=480 5087ms [sel=8 cap=4936 rest=143] sg=2->2 mode=NONE win=8 obs=481 | cap=wip act=(320,360) d=2.97 a=1 | sp=som:active d=3.0 age=1 dtg=39.98 region=0_8
ep=549 s=481 8911ms [sel=6 cap=8337 rest=530] sg=2->2 mode=NONE win=8 obs=482 | cap=wip act=(320,360) d=2.72 a=1 | preview=view-/6 yaw=+0 render=37ms | sp=som:active d=2.7 age=2 dtg=39.75 region=0_8
ep=549 s=482 5204ms [sel=3 cap=5060 rest=141] sg=2->2 mode=NONE win=8 obs=483 | cap=wip act=(320,360) d=2.47 a=3 | sp=som:active d=2.5 age=3 dtg=39.75 region=0_8
ep=549 s=483 5696ms [sel=3 cap=5559 rest=135] sg=2->2 mode=NONE win=8 obs=484 | cap=wip act=(320,360) d=2.47 a=1 | sp=som:active d=2.5 age=4 dtg=39.50 region=0_8
ep=549 s=484 2153ms [sel=3 cap=2015 rest=135] sg=2->2 mode=NONE win=8 obs=485 | cap=wip act=(320,360) d=2.24 a=1 | sp=som:active d=2.2 age=5 dtg=39.26 region=0_8
ep=549 s=485 2334ms [sel=3 cap=2196 rest=135] sg=2->2 mode=NONE win=8 obs=486 | cap=wip act=(320,360) d=2.00 a=2 | sp=som:active d=2.0 age=6 dtg=39.26 region=0_8
ep=549 s=486 3089ms [sel=3 cap=2951 rest=135] sg=2->2 mode=NONE win=8 obs=487 | cap=wip act=(320,360) d=2.00 a=1 | sp=som:active d=2.0 age=7 dtg=39.04 region=0_8
ep=549 s=487 5562ms [sel=3 cap=5423 rest=136] sg=2->2 mode=NONE win=8 obs=488 | cap=wip act=(320,360) d=1.75 a=1 | sp=som:active d=1.8 age=8 dtg=38.83 region=0_8
ep=549 s=488 10856ms [sel=3 cap=10289 rest=524] sg=2->2 mode=NONE win=8 obs=489 | cap=wip act=(320,360) d=1.50 a=1 | preview=view-/6 yaw=+0 render=40ms | sp=som:active d=1.5 age=9 dtg=38.62 region=0_8
ep=549 s=489 9925ms [sel=4 cap=9783 rest=139] sg=2->2 mode=NONE win=8 obs=490 | cap=wip act=(320,360) d=1.25 a=1 | sp=som:active d=1.3 age=10 dtg=38.41 region=0_8
ep=549 s=490 5065ms [sel=4 cap=4929 rest=132] sg=2->2 mode=NONE win=8 obs=491 | cap=wip act=(320,360) d=1.01 a=1 | sp=som:active d=1.0 age=11 dtg=38.21 region=0_8
ep=549 s=491 6740ms [sel=4 cap=6603 rest=133] sg=2->2 mode=NONE win=8 obs=492 | cap=wip act=(320,360) d=0.76 a=2 | sp=som:active d=0.8 age=12 dtg=38.21 region=0_8
ep=549 s=492 5631ms [sel=81 cap=4971 rest=540] sg=2->2 mode=NONE win=8 obs=493 | cap=wip act=(160,180) d=5.33 a=2 | preview=view2/6 yaw=-30 render=39ms | sp=preview:active d=5.3 age=0 dtg=38.21 region=0_8
ep=549 s=493 10594ms [sel=54 cap=10407 rest=133] sg=2->2 mode=NONE win=8 obs=494 | cap=wip act=(320,360) d=5.33 a=2 | sp=preview:active d=5.3 age=1 dtg=38.21 region=0_8
ep=549 s=494 2281ms [sel=58 cap=2087 rest=135] sg=2->2 mode=NONE win=8 obs=495 | cap=wip act=(320,360) d=5.33 a=2 | sp=preview:active d=5.3 age=2 dtg=38.21 region=0_8
ep=549 s=495 4743ms [sel=51 cap=4121 rest=535] sg=2->2 mode=NONE win=8 obs=496 | cap=wip act=(320,360) d=5.33 a=2 | preview=view-/6 yaw=+0 render=37ms | sp=preview:active d=5.3 age=3 dtg=38.21 region=0_8
ep=549 s=496 1880ms [sel=34 cap=1712 rest=134] sg=2->2 mode=NONE win=8 obs=497 | cap=wip act=(320,360) d=5.33 a=2 | sp=preview:active d=5.3 age=4 dtg=38.21 region=0_8
ep=549 s=497 3952ms [sel=20 cap=3795 rest=137] sg=2->2 mode=NONE win=8 obs=498 | cap=wip act=(320,360) d=5.33 a=1 | sp=preview:active d=5.3 age=5 dtg=38.37 region=0_8
ep=549 s=498 9860ms [sel=6 cap=9277 rest=541] sg=2->2 mode=NONE win=8 obs=499 | cap=wip act=(320,360) d=5.09 a=2 | preview=view-/6 yaw=+0 render=36ms | sp=preview:active d=5.1 age=6 dtg=38.37 region=0_8
ep=549 s=499 3858ms [sel=6 cap=3718 rest=134] sg=2->2 mode=NONE win=8 obs=500 | cap=wip act=(320,360) d=5.09 a=1 | sp=preview:active d=5.1 age=7 dtg=38.57 region=0_8
rank=0 [3/7] id=549 steps=500 success=0.000 spl=0.000 dtg=38.57 osr=0 path_length=72.01 ndtw=0.000 sdtw=0.000
PluginManager::Manager: duplicate static plugin StbImageImporter, ignoring
PluginManager::Manager: duplicate static plugin GltfImporter, ignoring
PluginManager::Manager: duplicate static plugin BasisImporter, ignoring
PluginManager::Manager: duplicate static plugin AssimpImporter, ignoring
PluginManager::Manager: duplicate static plugin AnySceneImporter, ignoring
PluginManager::Manager: duplicate static plugin AnyImageImporter, ignoring
episode=792 instruction='Head into the bedroom and turn right. Head out of the bedroom and on to the top of the stairs. Step down to the third step and halt.' start_position=[1.0499900579452515, 3.6244001388549805, -10.431300163269043] goal_position=[0.9583550095558167, 3.11130428314209, -4.9011101722717285] reference_geodesic=6.461352348327637
episode=792 prepared_subgoals=3
  [1] Enter the bedroom
      proof: The camera has crossed the bedroom threshold and the bedroom interior is central in the view.
  [2] Turn right in the bedroom, then exit the bedroom and proceed to the top of the stairs
      proof: The top of the stairs is directly ahead and fills the view, with the bedroom behind.
  [3] Step down to the third step and halt
      proof: The third step is directly beneath the camera and the step below is visible, with the step above out of view
ep=792 s=0 5629ms [sel=21 cap=5184 rest=386] sg=1->1 mode=NONE win=1 obs=1 | cap=wip act=(160,180) d=2.57 a=2 | preview=view0/6 yaw=-90 render=38ms | sp=preview:active d=2.6 age=0 dtg=6.46 region=2_20
ep=792 s=1 1545ms [sel=9 cap=1449 rest=86] sg=1->1 mode=NONE win=2 obs=2 | cap=wip act=(320,360) d=2.57 a=2 | sp=preview:active d=2.6 age=1 dtg=6.46 region=2_20
ep=792 s=2 1340ms [sel=9 cap=1240 rest=92] sg=1->1 mode=NONE win=3 obs=3 | cap=wip act=(320,360) d=2.57 a=2 | sp=preview:active d=2.6 age=2 dtg=6.46 region=2_20
ep=792 s=3 1658ms [sel=7 cap=1554 rest=98] sg=1->1 mode=NONE win=4 obs=4 | cap=wip act=(320,360) d=2.57 a=2 | sp=preview:active d=2.6 age=3 dtg=6.46 region=2_20
ep=792 s=4 1200ms [sel=12 cap=1081 rest=108] sg=1->1 mode=NONE win=5 obs=5 | cap=wip act=(320,360) d=2.57 a=2 | sp=preview:active d=2.6 age=4 dtg=6.46 region=2_20
ep=792 s=5 3202ms [sel=6 cap=3089 rest=107] sg=1->1 mode=NONE win=6 obs=6 | cap=wip act=(320,360) d=2.57 a=1 | sp=preview:active d=2.6 age=5 dtg=6.25 region=1_7
ep=792 s=6 1405ms [sel=3 cap=1292 rest=109] sg=1->1 mode=NONE win=7 obs=7 | cap=wip act=(320,360) d=2.35 a=2 | sp=preview:active d=2.3 age=6 dtg=6.25 region=1_7
ep=792 s=7 2659ms [sel=3 cap=2555 rest=101] sg=1->1 mode=NONE win=8 obs=8 | cap=wip act=(320,360) d=2.35 a=1 | sp=preview:active d=2.3 age=7 dtg=6.16 region=2_17
ep=792 s=8 3037ms [sel=3 cap=2930 rest=104] sg=1->1 mode=NONE win=8 obs=9 | cap=wip act=(320,360) d=2.10 a=1 | sp=preview:active d=2.1 age=8 dtg=6.14 region=2_17
ep=792 s=9 1388ms [sel=0 cap=1285 rest=103] sg=1->2 mode=NONE win=8 obs=10 | cap=DONE act=TURN request=+45deg execute=+15deg x1 a=3 | sp=preview:active d=1.9 age=9 dtg=6.14 region=2_17
ep=792 s=10 1633ms [sel=0 cap=1529 rest=104] sg=2->2 mode=NONE win=8 obs=11 | cap=wip act=TURN request=+45deg execute=+15deg x1 a=3 dtg=6.14 region=2_17
ep=792 s=11 1208ms [sel=0 cap=1099 rest=108] sg=2->2 mode=NONE win=8 obs=12 | cap=wip act=TURN request=+45deg execute=+15deg x1 a=3 dtg=6.14 region=2_17
ep=792 s=12 3021ms [sel=0 cap=2909 rest=111] sg=2->2 mode=NONE win=8 obs=13 | cap=wip act=TURN request=+45deg execute=+15deg x1 a=3 dtg=6.14 region=2_17
ep=792 s=13 2987ms [sel=0 cap=2434 rest=518] sg=2->2 mode=NONE win=8 obs=14 | cap=wip act=TURN request=+45deg execute=+15deg x1 a=3 | preview=view-/6 yaw=+0 render=35ms dtg=6.14 region=2_17
ep=792 s=14 4138ms [sel=584 cap=3448 rest=106] sg=2->2 mode=NONE win=8 obs=15 | cap=wip act=(320,360) d=2.59 a=2 | sp=som:active d=2.6 age=0 som=2/7 dtg=6.14 region=2_17
ep=792 s=15 2531ms [sel=3 cap=2417 rest=111] sg=2->2 mode=NONE win=8 obs=16 | cap=wip act=(320,360) d=2.59 a=1 | sp=som:active d=2.6 age=1 dtg=5.92 region=2_17
ep=792 s=16 5010ms [sel=8 cap=4461 rest=505] sg=2->2 mode=NONE win=8 obs=17 | cap=wip act=(160,180) d=2.37 a=3 | preview=view2/6 yaw=-0 render=37ms | sp=som:active d=2.4 age=2 dtg=5.92 region=2_17
ep=792 s=17 1805ms [sel=4 cap=1692 rest=109] sg=2->2 mode=NONE win=8 obs=18 | cap=wip act=(320,360) d=2.37 a=1 | sp=som:active d=2.4 age=3 dtg=5.68 region=2_17
ep=792 s=18 2289ms [sel=3 cap=2180 rest=106] sg=2->2 mode=NONE win=8 obs=19 | cap=wip act=(320,360) d=2.13 a=1 | sp=som:active d=2.1 age=4 dtg=5.44 region=2_17
ep=792 s=19 4655ms [sel=40 cap=4033 rest=542] sg=2->2 mode=NONE win=8 obs=20 | cap=wip act=(160,180) d=4.42 a=3 | preview=view2/6 yaw=-45 render=39ms | sp=preview:active d=4.4 age=0 dtg=5.44 region=2_17
ep=792 s=20 2072ms [sel=19 cap=1954 rest=99] sg=2->2 mode=NONE win=8 obs=21 | cap=wip act=(320,360) d=4.42 a=1 | sp=preview:active d=4.4 age=1 dtg=5.20 region=2_17
ep=792 s=21 4437ms [sel=24 cap=4311 rest=102] sg=2->2 mode=NONE win=8 obs=22 | cap=wip act=(320,360) d=4.51 a=1 | sp=preview:active d=4.5 age=2 dtg=4.95 region=2_17
ep=792 s=22 2262ms [sel=24 cap=2139 rest=100] sg=2->2 mode=NONE win=8 obs=23 | cap=wip act=(320,360) d=4.62 a=1 | sp=preview:active d=4.6 age=3 dtg=4.70 region=2_17
ep=792 s=23 5274ms [sel=27 cap=4687 rest=521] sg=2->2 mode=NONE win=8 obs=24 | cap=wip act=(160,180) d=3.24 a=1 | preview=view3/6 yaw=+0 render=40ms | sp=preview:active d=3.2 age=0 dtg=4.45 region=2_17
ep=792 s=24 1275ms [sel=10 cap=1167 rest=98] sg=2->2 mode=NONE win=8 obs=25 | cap=wip act=(320,360) d=2.99 a=1 | sp=preview:active d=3.0 age=1 dtg=4.20 region=2_17
ep=792 s=25 1540ms [sel=10 cap=1432 rest=98] sg=2->2 mode=NONE win=8 obs=26 | cap=wip act=(320,360) d=2.74 a=1 | sp=preview:active d=2.7 age=2 dtg=3.95 region=2_17
ep=792 s=26 1685ms [sel=10 cap=1578 rest=97] sg=2->2 mode=NONE win=8 obs=27 | cap=wip act=(320,360) d=2.49 a=1 | sp=preview:active d=2.5 age=3 dtg=3.70 region=2_17
ep=792 s=27 4650ms [sel=28 cap=4112 rest=473] sg=2->2 mode=NONE win=8 obs=28 | cap=wip act=(160,180) d=3.45 a=3 | preview=view3/6 yaw=+0 render=37ms | sp=preview:active d=3.5 age=0 dtg=3.70 region=2_17
ep=792 s=28 3647ms [sel=10 cap=3538 rest=99] sg=2->2 mode=NONE win=8 obs=29 | cap=wip act=(320,360) d=3.45 a=1 | sp=preview:active d=3.5 age=1 dtg=3.45 region=2_17
ep=792 s=29 5574ms [sel=10 cap=5459 rest=105] sg=2->2 mode=NONE win=8 obs=30 | cap=wip act=(320,360) d=3.22 a=1 | sp=preview:active d=3.2 age=2 dtg=3.21 region=2_17
ep=792 s=30 3577ms [sel=6 cap=3467 rest=104] sg=2->2 mode=NONE win=8 obs=31 | cap=wip act=(320,360) d=2.99 a=1 | sp=preview:active d=3.0 age=3 dtg=2.97 region=2_24
ep=792 s=31 2822ms [sel=3 cap=2715 rest=104] sg=2->2 mode=NONE win=8 obs=32 | cap=wip act=(320,360) d=2.77 a=2 | sp=preview:active d=2.8 age=4 dtg=2.97 region=2_24
ep=792 s=32 1806ms [sel=3 cap=1704 rest=100] sg=2->2 mode=NONE win=8 obs=33 | cap=wip act=(320,360) d=2.77 a=1 | sp=preview:active d=2.8 age=5 dtg=2.73 region=2_24
ep=792 s=33 1657ms [sel=3 cap=1549 rest=105] sg=2->2 mode=NONE win=8 obs=34 | cap=wip act=(320,360) d=2.52 a=1 | sp=preview:active d=2.5 age=6 dtg=2.48 region=2_24
ep=792 s=34 2335ms [sel=4 cap=2221 rest=111] sg=2->2 mode=NONE win=8 obs=35 | cap=wip act=(320,360) d=2.28 a=1 | sp=preview:active d=2.3 age=7 dtg=2.23 region=2_24
ep=792 s=35 1469ms [sel=3 cap=1359 rest=107] sg=2->2 mode=NONE win=8 obs=36 | cap=wip act=(320,360) d=2.04 a=2 | sp=preview:active d=2.0 age=8 dtg=2.23 region=2_24
ep=792 s=36 3149ms [sel=3 cap=3042 rest=104] sg=2->2 mode=NONE win=8 obs=37 | cap=wip act=(320,360) d=2.04 a=1 | sp=preview:active d=2.0 age=9 dtg=1.98 region=2_24
ep=792 s=37 1358ms [sel=3 cap=1250 rest=105] sg=2->2 mode=NONE win=8 obs=38 | cap=wip act=(320,360) d=1.79 a=1 | sp=preview:active d=1.8 age=10 dtg=1.74 region=2_24
ep=792 s=38 3017ms [sel=3 cap=2911 rest=103] sg=2->2 mode=NONE win=8 obs=39 | cap=wip act=(320,360) d=1.54 a=1 | sp=preview:active d=1.5 age=11 dtg=1.52 region=2_24
ep=792 s=39 3527ms [sel=4 cap=3420 rest=104] sg=2->2 mode=NONE win=8 obs=40 | cap=wip act=(320,360) d=1.29 a=1 | sp=preview:active d=1.3 age=12 dtg=1.39 region=2_24
ep=792 s=40 3696ms [sel=640 cap=2951 rest=105] sg=2->2 mode=NONE win=8 obs=41 | cap=wip act=(320,360) d=3.00 a=3 | sp=som:active d=3.0 age=0 som=5/8 dtg=1.39 region=2_24
ep=792 s=41 1790ms [sel=3 cap=1683 rest=105] sg=2->2 mode=NONE win=8 obs=42 | cap=wip act=(320,360) d=3.00 a=1 | sp=som:active d=3.0 age=1 dtg=1.29 region=2_24
ep=792 s=42 1636ms [sel=3 cap=1529 rest=104] sg=2->2 mode=NONE win=8 obs=43 | cap=wip act=(320,360) d=2.75 a=1 | sp=som:active d=2.7 age=2 dtg=1.24 region=2_24
ep=792 s=43 1946ms [sel=3 cap=1836 rest=107] sg=2->2 mode=NONE win=8 obs=44 | cap=wip act=(320,360) d=2.50 a=1 | sp=som:active d=2.5 age=3 dtg=1.25 region=2_24
ep=792 s=44 1512ms [sel=3 cap=1405 rest=105] sg=2->2 mode=NONE win=8 obs=45 | cap=wip act=(320,360) d=2.25 a=1 | sp=som:active d=2.2 age=4 dtg=1.31 region=2_24
ep=792 s=45 1560ms [sel=3 cap=1453 rest=105] sg=2->2 mode=NONE win=8 obs=46 | cap=wip act=(320,360) d=2.00 a=1 | sp=som:active d=2.0 age=5 dtg=1.49 region=2_24
ep=792 s=46 2990ms [sel=3 cap=2881 rest=107] sg=2->2 mode=NONE win=8 obs=47 | cap=wip act=(320,360) d=1.75 a=1 | sp=som:active d=1.7 age=6 dtg=1.69 region=2_24
ep=792 s=47 6258ms [sel=3 cap=6150 rest=105] sg=2->2 mode=NONE win=8 obs=48 | cap=wip act=(320,360) d=1.50 a=1 | sp=som:active d=1.5 age=7 dtg=1.93 region=2_24
ep=792 s=48 1561ms [sel=3 cap=1457 rest=101] sg=2->2 mode=NONE win=8 obs=49 | cap=wip act=(320,360) d=1.25 a=1 | sp=som:active d=1.2 age=8 dtg=2.18 region=2_24
ep=792 s=49 5751ms [sel=3 cap=5646 rest=102] sg=2->2 mode=NONE win=8 obs=50 | cap=wip act=(320,360) d=1.00 a=1 | sp=som:active d=1.0 age=9 dtg=2.43 region=2_24
ep=792 s=50 2443ms [sel=3 cap=2342 rest=99] sg=2->2 mode=NONE win=8 obs=51 | cap=wip act=(320,360) d=0.75 a=1 | sp=som:active d=0.8 age=10 dtg=2.67 region=1_11
ep=792 s=51 1715ms [sel=3 cap=1607 rest=105] sg=2->2 mode=NONE win=8 obs=52 | cap=wip act=(320,360) d=0.50 a=1 | sp=som:active d=0.5 age=11 dtg=2.92 region=1_11
ep=792 s=52 1899ms [sel=613 cap=1186 rest=101] sg=2->2 mode=NONE win=8 obs=53 | cap=wip act=(320,360) d=0.85 a=1 | sp=som:active d=0.8 age=0 som=4/6 dtg=3.16 region=1_11
ep=792 s=53 4628ms [sel=3 cap=4527 rest=98] sg=2->2 mode=NONE win=8 obs=54 | cap=wip act=(320,360) d=0.60 a=1 | sp=som:active d=0.6 age=1 dtg=3.41 region=1_11
ep=792 s=54 5484ms [sel=2648 cap=2736 rest=99] sg=2->2 mode=NONE win=8 obs=55 | cap=wip act=(320,360) d=3.39 a=2 | sp=frontier:active d=3.4 age=0 som=4/6 dtg=3.41 region=1_11
ep=792 s=55 4877ms [sel=3 cap=4765 rest=109] sg=2->2 mode=NONE win=8 obs=56 | cap=wip act=(320,360) d=3.39 a=2 | sp=frontier:active d=3.4 age=1 dtg=3.41 region=1_11
ep=792 s=56 4212ms [sel=3 cap=4093 rest=116] sg=2->2 mode=NONE win=8 obs=57 | cap=wip act=(320,360) d=3.39 a=1 | sp=frontier:active d=3.4 age=2 dtg=3.64 region=1_11
ep=792 s=57 2749ms [sel=3 cap=2628 rest=118] sg=2->2 mode=NONE win=8 obs=58 | cap=wip act=(320,360) d=3.14 a=1 | sp=frontier:active d=3.1 age=3 dtg=3.87 region=1_11
ep=792 s=58 4471ms [sel=3 cap=4351 rest=118] sg=2->2 mode=NONE win=8 obs=59 | cap=wip act=(320,360) d=2.89 a=1 | sp=frontier:active d=2.9 age=4 dtg=4.11 region=1_11
ep=792 s=59 2384ms [sel=3 cap=1843 rest=494] sg=2->2 mode=NONE win=8 obs=60 | cap=wip act=(320,360) d=2.64 a=1 | preview=view-/6 yaw=+0 render=44ms | sp=frontier:active d=2.6 age=5 dtg=4.34 region=1_11
ep=792 s=60 2649ms [sel=4 cap=2525 rest=120] sg=2->2 mode=NONE win=8 obs=61 | cap=wip act=(320,360) d=2.39 a=3 | sp=frontier:active d=2.4 age=6 dtg=4.34 region=1_11
ep=792 s=61 1557ms [sel=3 cap=1441 rest=113] sg=2->2 mode=NONE win=8 obs=62 | cap=wip act=(320,360) d=2.39 a=1 | sp=frontier:active d=2.4 age=7 dtg=4.59 region=1_11
ep=792 s=62 1912ms [sel=3 cap=1795 rest=114] sg=2->2 mode=NONE win=8 obs=63 | cap=wip act=(320,360) d=2.15 a=1 | sp=frontier:active d=2.1 age=8 dtg=4.84 region=1_11
ep=792 s=63 3062ms [sel=3 cap=2948 rest=112] sg=2->2 mode=NONE win=8 obs=64 | cap=wip act=(320,360) d=1.90 a=3 | sp=frontier:active d=1.9 age=9 dtg=4.84 region=1_11
ep=792 s=64 2902ms [sel=3 cap=2794 rest=105] sg=2->2 mode=NONE win=8 obs=65 | cap=wip act=(320,360) d=1.90 a=1 | sp=frontier:active d=1.9 age=10 dtg=5.08 region=1_11
ep=792 s=65 3172ms [sel=3 cap=3067 rest=103] sg=2->2 mode=NONE win=8 obs=66 | cap=wip act=(320,360) d=1.68 a=1 | sp=frontier:active d=1.7 age=11 dtg=5.33 region=1_11
ep=792 s=66 3272ms [sel=589 cap=2584 rest=99] sg=2->2 mode=NONE win=8 obs=67 | cap=wip act=(320,360) d=1.60 a=1 | sp=som:active d=1.6 age=0 som=2/5 dtg=5.57 region=1_11
ep=792 s=67 3115ms [sel=665 cap=2349 rest=101] sg=2->3 mode=NONE win=8 obs=68 | cap=DONE act=(320,360) d=1.96 a=1 | sp=frontier:active d=2.0 age=0 som=3/5 dtg=5.82 region=1_11
ep=792 s=68 4015ms [sel=12 cap=3899 rest=103] sg=3->3 mode=NONE win=8 obs=69 | cap=wip act=(320,360) d=1.84 a=2 | sp=frontier:active d=1.8 age=1 dtg=5.82 region=1_11
ep=792 s=69 9165ms [sel=12 cap=8646 rest=470] sg=3->3 mode=NONE win=8 obs=70 | cap=wip act=(320,360) d=1.84 a=2 | preview=view-/6 yaw=+0 render=37ms | sp=frontier:active d=1.8 age=2 dtg=5.82 region=1_11
ep=792 s=70 3000ms [sel=3 cap=2893 rest=104] sg=3->3 mode=NONE win=8 obs=71 | cap=wip act=(320,360) d=1.84 a=1 | sp=frontier:active d=1.8 age=3 dtg=6.05 region=1_11
ep=792 s=71 5741ms [sel=5 cap=5632 rest=104] sg=3->3 mode=NONE win=8 obs=72 | cap=wip act=(320,360) d=1.64 a=2 | sp=frontier:active d=1.6 age=4 dtg=6.05 region=1_11
ep=792 s=72 10443ms [sel=3 cap=9927 rest=477] sg=3->3 mode=NONE win=8 obs=73 | cap=wip act=(320,360) d=1.64 a=2 | preview=view-/6 yaw=+0 render=36ms | sp=frontier:active d=1.6 age=5 dtg=6.05 region=1_11
ep=792 s=73 3331ms [sel=3 cap=3221 rest=106] sg=3->3 mode=NONE win=8 obs=74 | cap=wip act=(320,360) d=1.64 a=1 | sp=frontier:active d=1.6 age=6 dtg=6.30 region=1_11
ep=792 s=74 3808ms [sel=3 cap=3704 rest=101] sg=3->3 mode=NONE win=8 obs=75 | cap=wip act=(320,360) d=1.39 a=1 | sp=frontier:active d=1.4 age=7 dtg=6.51 region=1_11
ep=792 s=75 12363ms [sel=3 cap=11856 rest=469] sg=3->3 mode=NONE win=8 obs=76 | cap=wip act=(320,360) d=1.15 a=2 | preview=view-/6 yaw=+0 render=36ms | sp=frontier:active d=1.2 age=8 dtg=6.51 region=1_11
ep=792 s=76 5473ms [sel=3 cap=5368 rest=103] sg=3->3 mode=NONE win=8 obs=77 | cap=wip act=(320,360) d=1.15 a=1 | sp=frontier:active d=1.2 age=9 dtg=6.74 region=1_11
ep=792 s=77 12249ms [sel=3 cap=12145 rest=100] sg=3->3 mode=NONE win=8 obs=78 | cap=wip act=(320,360) d=0.90 a=1 | sp=frontier:active d=0.9 age=10 dtg=6.98 region=1_11
ep=792 s=78 12601ms [sel=3 cap=12102 rest=460] sg=3->3 mode=NONE win=8 obs=79 | cap=wip act=(320,360) d=0.65 a=1 | preview=view-/6 yaw=+0 render=36ms | sp=frontier:active d=0.7 age=11 dtg=7.32 region=1_11
ep=792 s=79 9934ms [sel=554 cap=9283 rest=96] sg=3->3 mode=NONE win=8 obs=80 | cap=wip act=(320,360) d=0.76 a=1 | sp=som:active d=0.8 age=0 som=2/4 dtg=7.57 region=1_11
ep=792 s=80 3265ms [sel=3 cap=3165 rest=97] sg=3->3 mode=NONE win=8 obs=81 | cap=wip act=(320,360) d=0.51 a=3 | sp=som:active d=0.5 age=1 dtg=7.57 region=1_11
ep=792 s=81 11417ms [sel=3 cap=10922 rest=457] sg=3->3 mode=NONE win=8 obs=82 | cap=wip act=(320,360) d=0.51 a=1 | preview=view-/6 yaw=+0 render=36ms | sp=som:active d=0.5 age=2 dtg=7.82 region=1_11
ep=792 s=82 10769ms [sel=118 cap=10543 rest=107] sg=3->3 mode=NONE win=8 obs=83 | cap=wip act=(320,360) d=3.82 a=2 | sp=frontier:active d=3.8 age=0 dtg=7.82 region=1_11
ep=792 s=83 3805ms [sel=70 cap=3633 rest=102] sg=3->3 mode=NONE win=8 obs=84 | cap=wip act=(320,360) d=3.82 a=2 | sp=frontier:active d=3.8 age=1 dtg=7.82 region=1_11
ep=792 s=84 13494ms [sel=69 cap=12948 rest=443] sg=3->3 mode=NONE win=8 obs=85 | cap=wip act=(320,360) d=3.82 a=2 | preview=view-/6 yaw=+0 render=35ms | sp=frontier:active d=3.8 age=2 dtg=7.82 region=1_11
ep=792 s=85 5067ms [sel=70 cap=4903 rest=94] sg=3->3 mode=GET_NOWHERE win=8 obs=86 | cap=wip/GET_NOWHERE act=(320,360) d=3.82 a=2 | sp=frontier:active d=3.8 age=3 dtg=7.82 region=1_11
ep=792 s=86 5183ms [sel=70 cap=5009 rest=105] sg=3->3 mode=NONE win=8 obs=87 | cap=wip act=(320,360) d=3.82 a=2 | sp=frontier:active d=3.8 age=4 dtg=7.82 region=1_11
ep=792 s=87 6220ms [sel=61 cap=5663 rest=460] sg=3->3 mode=NONE win=8 obs=88 | cap=wip act=(320,360) d=3.82 a=2 | preview=view-/6 yaw=+0 render=35ms | sp=frontier:active d=3.8 age=5 dtg=7.82 region=1_11
ep=792 s=88 2945ms [sel=53 cap=2783 rest=109] sg=3->3 mode=GET_NOWHERE win=8 obs=89 | cap=wip/GET_NOWHERE act=(320,360) d=3.82 a=2 | sp=frontier:active d=3.8 age=6 dtg=7.82 region=1_11
ep=792 s=89 3317ms [sel=48 cap=3160 rest=109] sg=3->3 mode=NONE win=8 obs=90 | cap=wip act=(320,360) d=3.82 a=2 | sp=frontier:active d=3.8 age=7 dtg=7.82 region=1_11
ep=792 s=90 10339ms [sel=43 cap=9783 rest=477] sg=3->3 mode=NONE win=8 obs=91 | cap=wip act=(320,360) d=3.82 a=2 | preview=view-/6 yaw=+0 render=36ms | sp=frontier:active d=3.8 age=8 dtg=7.82 region=1_11
ep=792 s=91 4904ms [sel=33 cap=4756 rest=114] sg=3->3 mode=NONE win=8 obs=92 | cap=wip act=(320,360) d=3.82 a=2 | sp=frontier:active d=3.8 age=9 dtg=7.82 region=1_11
ep=792 s=92 6084ms [sel=29 cap=5941 rest=114] sg=3->3 mode=NONE win=8 obs=93 | cap=wip act=(320,360) d=3.82 a=2 | sp=frontier:active d=3.8 age=10 dtg=7.82 region=1_11
ep=792 s=93 7832ms [sel=474 cap=6826 rest=496] sg=3->None mode=NONE win=8 obs=94 | cap=DONE act=(320,360) d=1.00 a=1 | preview=view-/6 yaw=+0 render=36ms | sp=frontier:active d=3.8 age=11 ovr=1 door_evts=2 dtg=7.60 region=1_11
ep=792 s=94 110ms [sel=5 cap=0 rest=105] sg=None->None mode=NONE win=8 obs=95 | cap=- act=(320,360) d=1.00 a=1 | sp=frontier:active d=3.9 age=12 ovr=1 door_evts=2 dtg=7.39 region=1_11
ep=792 s=95 107ms [sel=4 cap=0 rest=103] sg=None->None mode=NONE win=8 obs=96 | cap=- act=STOP | sp=frontier:active d=4.0 age=13 ovr=1 door_evts=2 dtg=7.39 region=1_11
rank=0 [4/7] id=792 steps=96 success=0.000 spl=0.000 dtg=7.39 osr=1 path_length=14.24 ndtw=0.199 sdtw=0.000
PluginManager::Manager: duplicate static plugin StbImageImporter, ignoring
PluginManager::Manager: duplicate static plugin GltfImporter, ignoring
PluginManager::Manager: duplicate static plugin BasisImporter, ignoring
PluginManager::Manager: duplicate static plugin AssimpImporter, ignoring
PluginManager::Manager: duplicate static plugin AnySceneImporter, ignoring
PluginManager::Manager: duplicate static plugin AnyImageImporter, ignoring
episode=1191 instruction='Head toward the dining room table. Head out onto the entryway and cross to the far side of the hallway beside the entryway.' start_position=[14.687100410461426, 0.12711000442504883, 8.338859558105469] goal_position=[4.643919944763184, 0.12711000442504883, 6.875820159912109] reference_geodesic=10.228483200073242
episode=1191 prepared_subgoals=3
  [1] Head toward the dining room table
      proof: The dining room table is directly ahead of the camera, within a step.
  [2] Head out onto the entryway
      proof: The camera has crossed the entryway threshold and the entryway floor fills the view.
  [3] Cross to the far side of the hallway beside the entryway
      proof: The far side of the hallway beside the entryway is directly ahead of the camera, within a step
ep=1191 s=0 3083ms [sel=28 cap=2504 rest=512] sg=1->1 mode=NONE win=1 obs=1 | cap=wip act=TURN request=+45deg execute=+15deg x1 a=3 | preview=view-/6 yaw=+0 render=39ms | sp=preview:active d=4.9 age=0 dtg=10.23 region=0_1
ep=1191 s=1 1713ms [sel=4 cap=1589 rest=120] sg=1->1 mode=NONE win=2 obs=2 | cap=wip act=TURN request=+45deg execute=+15deg x1 a=3 | sp=preview:active d=4.9 age=1 dtg=10.23 region=0_1
ep=1191 s=2 2472ms [sel=4 cap=2347 rest=120] sg=1->1 mode=NONE win=3 obs=3 | cap=wip act=TURN request=+45deg execute=+15deg x1 a=3 | sp=preview:active d=4.9 age=2 dtg=10.23 region=0_1
ep=1191 s=3 1957ms [sel=4 cap=1840 rest=113] sg=1->1 mode=NONE win=4 obs=4 | cap=wip act=TURN request=+45deg execute=+15deg x1 a=3 | sp=preview:active d=4.9 age=3 dtg=10.23 region=0_1
ep=1191 s=4 3484ms [sel=3 cap=3359 rest=122] sg=1->1 mode=NONE win=5 obs=5 | cap=wip act=(320,360) d=4.87 a=3 | sp=preview:active d=4.9 age=4 dtg=10.23 region=0_1
ep=1191 s=5 2582ms [sel=3 cap=2452 rest=126] sg=1->1 mode=NONE win=6 obs=6 | cap=wip act=(320,360) d=4.87 a=1 | sp=preview:active d=4.9 age=5 dtg=9.98 region=0_1
ep=1191 s=6 1594ms [sel=3 cap=1465 rest=126] sg=1->1 mode=NONE win=7 obs=7 | cap=wip act=(320,360) d=4.62 a=3 | sp=preview:active d=4.6 age=6 dtg=9.98 region=0_1
ep=1191 s=7 2103ms [sel=3 cap=1974 rest=127] sg=1->1 mode=NONE win=8 obs=8 | cap=wip act=(320,360) d=4.62 a=1 | sp=preview:active d=4.6 age=7 dtg=9.73 region=0_1
ep=1191 s=8 1837ms [sel=3 cap=1710 rest=124] sg=1->1 mode=NONE win=8 obs=9 | cap=wip act=(320,360) d=4.38 a=3 | sp=preview:active d=4.4 age=8 dtg=9.73 region=0_1
ep=1191 s=9 3153ms [sel=3 cap=3023 rest=127] sg=1->1 mode=NONE win=8 obs=10 | cap=wip act=(320,360) d=4.38 a=1 | sp=preview:active d=4.4 age=9 dtg=9.51 region=0_1
ep=1191 s=10 1300ms [sel=7 cap=1164 rest=129] sg=1->1 mode=NONE win=8 obs=11 | cap=wip act=(320,360) d=4.16 a=2 | sp=preview:active d=4.2 age=10 dtg=9.51 region=0_1
ep=1191 s=11 2868ms [sel=3 cap=2741 rest=124] sg=1->1 mode=NONE win=8 obs=12 | cap=wip act=(320,360) d=4.16 a=1 | sp=preview:active d=4.2 age=11 dtg=9.27 region=0_1
ep=1191 s=12 3873ms [sel=663 cap=3084 rest=125] sg=1->2 mode=NONE win=8 obs=13 | cap=DONE act=(320,360) d=3.37 a=1 | sp=som:active d=3.4 age=0 som=5/8 dtg=9.03 region=0_1
ep=1191 s=13 2607ms [sel=3 cap=2481 rest=123] sg=2->2 mode=NONE win=8 obs=14 | cap=wip act=(320,360) d=3.14 a=1 | sp=som:active d=3.1 age=1 dtg=8.80 region=0_1
ep=1191 s=14 1481ms [sel=3 cap=1354 rest=124] sg=2->2 mode=NONE win=8 obs=15 | cap=wip act=(320,360) d=2.91 a=1 | sp=som:active d=2.9 age=2 dtg=8.57 region=0_1
ep=1191 s=15 3506ms [sel=3 cap=3381 rest=122] sg=2->2 mode=NONE win=8 obs=16 | cap=wip act=(320,360) d=2.68 a=1 | sp=som:active d=2.7 age=3 dtg=8.34 region=0_1
ep=1191 s=16 2226ms [sel=3 cap=2098 rest=125] sg=2->2 mode=NONE win=8 obs=17 | cap=wip act=(320,360) d=2.45 a=1 | sp=som:active d=2.5 age=4 dtg=8.12 region=0_1
ep=1191 s=17 1560ms [sel=3 cap=1429 rest=129] sg=2->2 mode=NONE win=8 obs=18 | cap=wip act=(320,360) d=2.23 a=3 | sp=som:active d=2.2 age=5 dtg=8.12 region=0_1
ep=1191 s=18 3071ms [sel=3 cap=2944 rest=124] sg=2->2 mode=NONE win=8 obs=19 | cap=wip act=(320,360) d=2.23 a=1 | sp=som:active d=2.2 age=6 dtg=7.94 region=0_1
ep=1191 s=19 4178ms [sel=3 cap=4048 rest=128] sg=2->2 mode=NONE win=8 obs=20 | cap=wip act=(320,360) d=1.99 a=1 | sp=som:active d=2.0 age=7 dtg=7.76 region=0_1
ep=1191 s=20 1768ms [sel=3 cap=1640 rest=126] sg=2->2 mode=NONE win=8 obs=21 | cap=wip act=(320,360) d=1.75 a=1 | sp=som:active d=1.8 age=8 dtg=7.60 region=0_1
ep=1191 s=21 1697ms [sel=3 cap=1568 rest=127] sg=2->2 mode=NONE win=8 obs=22 | cap=wip act=(320,360) d=1.52 a=1 | sp=som:active d=1.5 age=9 dtg=7.45 region=0_1
ep=1191 s=22 1801ms [sel=3 cap=1672 rest=126] sg=2->2 mode=NONE win=8 obs=23 | cap=wip act=(320,360) d=1.29 a=1 | sp=som:active d=1.3 age=10 dtg=7.32 region=0_1
ep=1191 s=23 4085ms [sel=3 cap=3955 rest=127] sg=2->2 mode=NONE win=8 obs=24 | cap=wip act=(320,360) d=1.08 a=1 | sp=som:active d=1.1 age=11 dtg=7.21 region=0_1
ep=1191 s=24 6858ms [sel=37 cap=6280 rest=505] sg=2->2 mode=NONE win=8 obs=25 | cap=wip act=(160,180) d=2.81 a=3 | preview=view4/6 yaw=+45 render=36ms | sp=preview:active d=2.8 age=0 dtg=7.21 region=0_1
ep=1191 s=25 2912ms [sel=15 cap=2769 rest=128] sg=2->2 mode=NONE win=8 obs=26 | cap=wip act=(320,360) d=2.81 a=1 | sp=preview:active d=2.8 age=1 dtg=7.19 region=0_2
ep=1191 s=26 5655ms [sel=15 cap=5515 rest=126] sg=2->2 mode=NONE win=8 obs=27 | cap=wip act=(320,360) d=2.71 a=3 | sp=preview:active d=2.7 age=2 dtg=7.19 region=0_2
ep=1191 s=27 1774ms [sel=13 cap=1644 rest=118] sg=2->2 mode=NONE win=8 obs=28 | cap=wip act=(320,360) d=2.71 a=3 | sp=preview:active d=2.7 age=3 dtg=7.19 region=0_2
ep=1191 s=28 7087ms [sel=27 cap=6494 rest=530] sg=2->2 mode=NONE win=8 obs=29 | cap=wip act=(160,180) d=2.73 a=2 | preview=view1/6 yaw=-60 render=36ms | sp=preview:active d=2.7 age=0 dtg=7.19 region=0_2
ep=1191 s=29 1270ms [sel=7 cap=1144 rest=118] sg=2->2 mode=NONE win=8 obs=30 | cap=wip act=(320,360) d=2.73 a=2 | sp=preview:active d=2.7 age=1 dtg=7.19 region=0_2
ep=1191 s=30 4998ms [sel=3 cap=4872 rest=123] sg=2->2 mode=NONE win=8 obs=31 | cap=wip act=(320,360) d=2.73 a=2 | sp=preview:active d=2.7 age=2 dtg=7.19 region=0_2
ep=1191 s=31 4668ms [sel=3 cap=4540 rest=124] sg=2->2 mode=NONE win=8 obs=32 | cap=wip act=(320,360) d=2.73 a=1 | sp=preview:active d=2.7 age=3 dtg=7.13 region=0_2
ep=1191 s=32 3528ms [sel=3 cap=3402 rest=123] sg=2->2 mode=NONE win=8 obs=33 | cap=wip act=(320,360) d=2.48 a=1 | sp=preview:active d=2.5 age=4 dtg=7.11 region=0_2
ep=1191 s=33 5229ms [sel=3 cap=5101 rest=125] sg=2->2 mode=NONE win=8 obs=34 | cap=wip act=(320,360) d=2.24 a=1 | sp=preview:active d=2.2 age=5 dtg=7.13 region=0_2
ep=1191 s=34 2062ms [sel=3 cap=1934 rest=126] sg=2->2 mode=NONE win=8 obs=35 | cap=wip act=(320,360) d=1.99 a=1 | sp=preview:active d=2.0 age=6 dtg=7.19 region=0_2
ep=1191 s=35 4976ms [sel=13 cap=4432 rest=494] sg=2->2 mode=NONE win=8 obs=36 | cap=wip act=PREVIEW a=2 | preview=view3/6 yaw=+0 render=36ms dtg=7.19 region=0_2
ep=1191 s=36 6849ms [sel=2605 cap=4121 rest=123] sg=2->2 mode=NONE win=8 obs=37 | cap=wip act=(320,360) d=2.97 a=3 | sp=som:active d=3.0 age=0 som=2/8 dtg=7.19 region=0_2
ep=1191 s=37 2152ms [sel=3 cap=2023 rest=126] sg=2->2 mode=NONE win=8 obs=38 | cap=wip act=(320,360) d=2.97 a=3 | sp=som:active d=3.0 age=1 dtg=7.19 region=0_2
ep=1191 s=38 4741ms [sel=3 cap=4618 rest=120] sg=2->2 mode=NONE win=8 obs=39 | cap=wip act=(320,360) d=2.97 a=3 | sp=som:active d=3.0 age=2 dtg=7.19 region=0_2
ep=1191 s=39 6552ms [sel=3 cap=6429 rest=121] sg=2->2 mode=NONE win=8 obs=40 | cap=wip act=(320,360) d=2.97 a=1 | sp=som:active d=3.0 age=3 dtg=7.39 region=0_2
ep=1191 s=40 2398ms [sel=4 cap=2277 rest=117] sg=2->2 mode=NONE win=8 obs=41 | cap=wip act=(320,360) d=2.77 a=1 | sp=som:active d=2.8 age=4 dtg=7.61 region=0_2
ep=1191 s=41 2340ms [sel=4 cap=1799 rest=500] sg=2->2 mode=NONE win=8 obs=42 | cap=wip act=(320,360) d=2.58 a=1 | preview=view-/6 yaw=+0 render=37ms | sp=som:active d=2.6 age=5 dtg=7.83 region=0_2
ep=1191 s=42 2680ms [sel=4 cap=2560 rest=116] sg=2->2 mode=NONE win=8 obs=43 | cap=wip act=(320,360) d=2.41 a=1 | sp=som:active d=2.4 age=6 dtg=8.06 region=0_2
ep=1191 s=43 2563ms [sel=7 cap=2443 rest=113] sg=2->2 mode=NONE win=8 obs=44 | cap=wip act=(320,360) d=2.25 a=1 | sp=som:active d=2.2 age=7 dtg=8.30 region=0_2
ep=1191 s=44 4384ms [sel=8 cap=4265 rest=111] sg=2->2 mode=NONE win=8 obs=45 | cap=wip act=(320,360) d=2.10 a=2 | sp=som:active d=2.1 age=8 dtg=8.30 region=0_2
ep=1191 s=45 4680ms [sel=2380 cap=2185 rest=114] sg=2->3 mode=NONE win=8 obs=46 | cap=DONE act=(320,360) d=2.99 a=1 | sp=som:active d=3.0 age=0 som=3/8 dtg=8.51 region=0_2
ep=1191 s=46 1926ms [sel=3 cap=1810 rest=113] sg=3->3 mode=NONE win=8 obs=47 | cap=wip act=(320,360) d=2.74 a=1 | sp=som:active d=2.7 age=1 dtg=8.74 region=0_2
ep=1191 s=47 2035ms [sel=4 cap=1918 rest=114] sg=3->3 mode=NONE win=8 obs=48 | cap=wip act=(320,360) d=2.50 a=3 | sp=som:active d=2.5 age=2 dtg=8.74 region=0_2
ep=1191 s=48 1570ms [sel=3 cap=1457 rest=110] sg=3->3 mode=NONE win=8 obs=49 | cap=wip act=(320,360) d=2.50 a=1 | sp=som:active d=2.5 age=3 dtg=8.99 region=0_2
ep=1191 s=49 2445ms [sel=3 cap=2334 rest=108] sg=3->3 mode=NONE win=8 obs=50 | cap=wip act=(320,360) d=2.25 a=3 | sp=som:active d=2.2 age=4 dtg=8.99 region=0_2
ep=1191 s=50 9762ms [sel=486 cap=8608 rest=631] sg=3->None mode=NONE win=8 obs=51 | cap=DONE act=(320,360) d=2.87 a=1 | preview=view-/6 yaw=+0 render=37ms | sp=som:active d=2.2 age=5 dtg=9.24 region=0_2
ep=1191 s=51 121ms [sel=2 cap=0 rest=119] sg=None->None mode=NONE win=8 obs=52 | cap=- act=(320,360) d=2.62 a=1 | sp=endpoint:active d=2.6 age=1 dtg=9.48 region=0_2
ep=1191 s=52 121ms [sel=2 cap=0 rest=118] sg=None->None mode=NONE win=8 obs=53 | cap=- act=(320,360) d=2.37 a=1 | sp=endpoint:active d=2.4 age=2 dtg=9.73 region=0_12
ep=1191 s=53 113ms [sel=2 cap=0 rest=110] sg=None->None mode=NONE win=8 obs=54 | cap=- act=(320,360) d=2.12 a=1 | sp=endpoint:active d=2.1 age=3 dtg=9.98 region=0_12
ep=1191 s=54 108ms [sel=2 cap=0 rest=106] sg=None->None mode=NONE win=8 obs=55 | cap=- act=(320,360) d=1.87 a=1 | sp=endpoint:active d=1.9 age=4 dtg=10.23 region=0_12
ep=1191 s=55 109ms [sel=2 cap=0 rest=107] sg=None->None mode=NONE win=8 obs=56 | cap=- act=(320,360) d=1.62 a=1 | sp=endpoint:active d=1.6 age=5 dtg=10.48 region=0_12
ep=1191 s=56 112ms [sel=0 cap=0 rest=112] sg=None->None mode=NONE win=8 obs=57 | cap=- act=STOP | sp=endpoint:active d=1.4 age=6 dtg=10.48 region=0_12
rank=0 [5/7] id=1191 steps=57 success=0.000 spl=0.000 dtg=10.48 osr=0 path_length=8.50 ndtw=0.438 sdtw=0.000
episode=1455 instruction='Head into the hall and turn right. Go through the entryway on the left and across the atrium. Go up to the tenth step and halt.' start_position=[10.16759967803955, 0.12711000442504883, 3.360290050506592] goal_position=[20.012399673461914, 1.5968618392944336, 1.822890043258667] reference_geodesic=11.44863510131836
episode=1455 prepared_subgoals=4
  [1] Head into the hall
      proof: The camera has crossed the threshold into the hall and its interior is central in the view; the camera has not yet turned right.
  [2] Turn right at the hall's end, then go through the entryway on the left
      proof: The camera has crossed the threshold and the atrium is central in the view.
  [3] Walk across the atrium
      proof: The far end of the atrium is directly ahead and fills the view.
  [4] Go up to the tenth step
      proof: The tenth step has been reached and the camera is halted beside it
ep=1455 s=0 7642ms [sel=24 cap=7098 rest=481] sg=1->1 mode=NONE win=1 obs=1 | cap=wip act=(160,180) d=3.35 a=2 | preview=view5/6 yaw=+180 render=38ms | sp=preview:active d=3.4 age=0 dtg=11.45 region=0_2
ep=1455 s=1 3453ms [sel=6 cap=3336 rest=111] sg=1->1 mode=NONE win=2 obs=2 | cap=wip act=(320,360) d=3.35 a=2 | sp=preview:active d=3.4 age=1 dtg=11.45 region=0_2
ep=1455 s=2 1789ms [sel=6 cap=1673 rest=111] sg=1->1 mode=NONE win=3 obs=3 | cap=wip act=(320,360) d=3.35 a=2 | sp=preview:active d=3.4 age=2 dtg=11.45 region=0_2
ep=1455 s=3 4026ms [sel=6 cap=3902 rest=118] sg=1->1 mode=GET_NOWHERE win=4 obs=4 | cap=wip/GET_NOWHERE act=(320,360) d=3.35 a=2 | sp=preview:active d=3.4 age=3 dtg=11.45 region=0_2
ep=1455 s=4 5642ms [sel=6 cap=5515 rest=122] sg=1->1 mode=NONE win=5 obs=5 | cap=wip act=(320,360) d=3.35 a=2 | sp=preview:active d=3.4 age=4 dtg=11.45 region=0_2
ep=1455 s=5 4735ms [sel=6 cap=4613 rest=116] sg=1->1 mode=NONE win=6 obs=6 | cap=wip act=(320,360) d=3.35 a=2 | sp=preview:active d=3.4 age=5 dtg=11.45 region=0_2
ep=1455 s=6 3247ms [sel=6 cap=3127 rest=114] sg=1->1 mode=NONE win=7 obs=7 | cap=wip act=(320,360) d=3.35 a=2 | sp=preview:active d=3.4 age=6 dtg=11.45 region=0_2
ep=1455 s=7 2471ms [sel=6 cap=2347 rest=118] sg=1->1 mode=NONE win=8 obs=8 | cap=wip act=(320,360) d=3.35 a=2 | sp=preview:active d=3.4 age=7 dtg=11.45 region=0_2
ep=1455 s=8 6383ms [sel=5 cap=6255 rest=123] sg=1->1 mode=GET_NOWHERE win=8 obs=9 | cap=wip/GET_NOWHERE act=(320,360) d=3.35 a=2 | sp=preview:active d=3.4 age=8 dtg=11.45 region=0_2
ep=1455 s=9 4289ms [sel=6 cap=4159 rest=124] sg=1->1 mode=NONE win=8 obs=10 | cap=wip act=(320,360) d=3.35 a=2 | sp=preview:active d=3.4 age=9 dtg=11.45 region=0_2
ep=1455 s=10 1784ms [sel=3 cap=1657 rest=124] sg=1->1 mode=NONE win=8 obs=11 | cap=wip act=(320,360) d=3.35 a=1 | sp=preview:active d=3.4 age=10 dtg=10.96 region=0_2
ep=1455 s=11 1973ms [sel=4 cap=1847 rest=122] sg=1->1 mode=NONE win=8 obs=12 | cap=wip act=(320,360) d=3.13 a=2 | sp=preview:active d=3.1 age=11 dtg=10.96 region=0_2
ep=1455 s=12 6796ms [sel=3 cap=6672 rest=121] sg=1->1 mode=IN_PLACE_SPIN win=8 obs=13 | cap=wip/IN_PLACE_SPIN act=(320,360) d=3.13 a=1 | sp=preview:active d=3.1 age=12 dtg=10.73 region=0_2
ep=1455 s=13 4326ms [sel=3 cap=4201 rest=123] sg=1->1 mode=NONE win=8 obs=14 | cap=wip act=(320,360) d=2.90 a=1 | sp=preview:active d=2.9 age=13 dtg=10.52 region=0_2
ep=1455 s=14 2515ms [sel=0 cap=2395 rest=121] sg=1->2 mode=NONE win=8 obs=15 | cap=DONE act=TURN request=+45deg execute=+15deg x1 a=3 | sp=preview:active d=2.7 age=14 dtg=10.52 region=0_2
ep=1455 s=15 2567ms [sel=0 cap=2445 rest=122] sg=2->2 mode=NONE win=8 obs=16 | cap=wip act=TURN request=+45deg execute=+15deg x1 a=3 dtg=10.52 region=0_2
ep=1455 s=16 1539ms [sel=0 cap=1416 rest=123] sg=2->2 mode=NONE win=8 obs=17 | cap=wip act=TURN request=+45deg execute=+15deg x1 a=3 dtg=10.52 region=0_2
ep=1455 s=17 2150ms [sel=0 cap=2026 rest=124] sg=2->2 mode=NONE win=8 obs=18 | cap=wip act=TURN request=+45deg execute=+15deg x1 a=3 dtg=10.52 region=0_2
ep=1455 s=18 1537ms [sel=0 cap=1414 rest=123] sg=2->2 mode=NONE win=8 obs=19 | cap=wip act=TURN request=+45deg execute=+15deg x1 a=3 dtg=10.52 region=0_2
ep=1455 s=19 3107ms [sel=1176 cap=1816 rest=116] sg=2->2 mode=NONE win=8 obs=20 | cap=wip act=(320,360) d=3.02 a=1 | sp=som:active d=3.0 age=0 som=4/8 dtg=10.64 region=0_2
ep=1455 s=20 2507ms [sel=3 cap=2389 rest=116] sg=2->2 mode=NONE win=8 obs=21 | cap=wip act=(320,360) d=2.77 a=1 | sp=som:active d=2.8 age=1 dtg=10.78 region=0_2
ep=1455 s=21 2056ms [sel=3 cap=1938 rest=116] sg=2->2 mode=NONE win=8 obs=22 | cap=wip act=(320,360) d=2.52 a=1 | sp=som:active d=2.5 age=2 dtg=10.93 region=0_2
ep=1455 s=22 1524ms [sel=3 cap=1405 rest=116] sg=2->2 mode=NONE win=8 obs=23 | cap=wip act=(320,360) d=2.27 a=1 | sp=som:active d=2.3 age=3 dtg=11.09 region=0_2
ep=1455 s=23 2019ms [sel=3 cap=1900 rest=116] sg=2->2 mode=NONE win=8 obs=24 | cap=wip act=(320,360) d=2.03 a=3 | sp=som:active d=2.0 age=4 dtg=11.09 region=0_2
ep=1455 s=24 1393ms [sel=3 cap=1271 rest=119] sg=2->2 mode=NONE win=8 obs=25 | cap=wip act=(320,360) d=2.03 a=1 | sp=som:active d=2.0 age=5 dtg=11.30 region=0_2
ep=1455 s=25 1371ms [sel=3 cap=1251 rest=117] sg=2->2 mode=NONE win=8 obs=26 | cap=wip act=(320,360) d=1.78 a=1 | sp=som:active d=1.8 age=6 dtg=11.52 region=0_2
ep=1455 s=26 1220ms [sel=3 cap=1101 rest=116] sg=2->2 mode=NONE win=8 obs=27 | cap=wip act=(320,360) d=1.53 a=1 | sp=som:active d=1.5 age=7 dtg=11.74 region=0_2
ep=1455 s=27 1387ms [sel=4 cap=1268 rest=115] sg=2->2 mode=NONE win=8 obs=28 | cap=wip act=(320,360) d=1.28 a=2 | sp=som:active d=1.3 age=8 dtg=11.74 region=0_2
ep=1455 s=28 1333ms [sel=3 cap=1217 rest=112] sg=2->2 mode=NONE win=8 obs=29 | cap=wip act=(320,360) d=1.28 a=1 | sp=som:active d=1.3 age=9 dtg=11.92 region=0_2
ep=1455 s=29 1330ms [sel=3 cap=1216 rest=112] sg=2->2 mode=NONE win=8 obs=30 | cap=wip act=(320,360) d=1.03 a=1 | sp=som:active d=1.0 age=10 dtg=12.12 region=0_2
ep=1455 s=30 1493ms [sel=3 cap=1386 rest=105] sg=2->2 mode=NONE win=8 obs=31 | cap=wip act=(320,360) d=0.79 a=1 | sp=som:active d=0.8 age=11 dtg=12.31 region=0_2
ep=1455 s=31 2785ms [sel=3 cap=2677 rest=105] sg=2->2 mode=NONE win=8 obs=32 | cap=wip act=(320,360) d=0.54 a=3 | sp=som:active d=0.5 age=12 dtg=12.31 region=0_2
ep=1455 s=32 2556ms [sel=3 cap=2448 rest=106] sg=2->2 mode=NONE win=8 obs=33 | cap=wip act=(320,360) d=0.54 a=1 | sp=som:active d=0.5 age=13 dtg=12.55 region=0_2
ep=1455 s=33 2839ms [sel=804 cap=1930 rest=105] sg=2->2 mode=NONE win=8 obs=34 | cap=wip act=(320,360) d=1.18 a=2 | sp=som:active d=1.2 age=0 som=1/6 dtg=12.55 region=0_2
ep=1455 s=34 3200ms [sel=3 cap=2689 rest=472] sg=2->2 mode=NONE win=8 obs=35 | cap=wip act=(320,360) d=1.18 a=1 | preview=view-/6 yaw=+0 render=37ms | sp=som:active d=1.2 age=1 dtg=12.75 region=0_2
ep=1455 s=35 2165ms [sel=3 cap=2061 rest=101] sg=2->2 mode=NONE win=8 obs=36 | cap=wip act=(320,360) d=0.93 a=1 | sp=som:active d=0.9 age=2 dtg=12.96 region=0_2
ep=1455 s=36 2610ms [sel=1049 cap=1457 rest=103] sg=2->3 mode=NONE win=8 obs=37 | cap=DONE act=(320,360) d=0.90 a=3 | sp=som:active d=0.9 age=0 som=2/5 dtg=12.96 region=0_2
ep=1455 s=37 1472ms [sel=3 cap=1359 rest=110] sg=3->3 mode=NONE win=8 obs=38 | cap=wip act=(320,360) d=0.90 a=3 | sp=som:active d=0.9 age=1 dtg=12.96 region=0_2
ep=1455 s=38 1746ms [sel=3 cap=1636 rest=108] sg=3->3 mode=NONE win=8 obs=39 | cap=wip act=(320,360) d=0.90 a=3 | sp=som:active d=0.9 age=2 dtg=12.96 region=0_2
ep=1455 s=39 7812ms [sel=3 cap=7693 rest=115] sg=3->3 mode=NONE win=8 obs=40 | cap=wip act=(320,360) d=0.90 a=1 | sp=som:active d=0.9 age=3 dtg=13.20 region=0_2
ep=1455 s=40 2669ms [sel=3 cap=2549 rest=117] sg=3->3 mode=NONE win=8 obs=41 | cap=wip act=(320,360) d=0.65 a=1 | sp=som:active d=0.7 age=4 dtg=13.45 region=0_2
ep=1455 s=41 3756ms [sel=622 cap=3017 rest=117] sg=3->3 mode=NONE win=8 obs=42 | cap=wip act=(320,360) d=0.63 a=1 | sp=som:active d=0.6 age=0 som=1/6 dtg=13.69 region=0_2
ep=1455 s=42 4290ms [sel=721 cap=3449 rest=121] sg=3->3 mode=NONE win=8 obs=43 | cap=wip act=(320,360) d=4.79 a=3 | sp=frontier:active d=4.8 age=0 som=1/6 dtg=13.69 region=0_2
ep=1455 s=43 2808ms [sel=3 cap=2686 rest=120] sg=3->3 mode=NONE win=8 obs=44 | cap=wip act=(320,360) d=4.79 a=3 | sp=frontier:active d=4.8 age=1 dtg=13.69 region=0_2
ep=1455 s=44 3325ms [sel=3 cap=3207 rest=115] sg=3->3 mode=NONE win=8 obs=45 | cap=wip act=(320,360) d=4.79 a=1 | sp=frontier:active d=4.8 age=2 dtg=13.89 region=0_2
ep=1455 s=45 2474ms [sel=3 cap=2359 rest=113] sg=3->3 mode=NONE win=8 obs=46 | cap=wip act=(320,360) d=4.56 a=3 | sp=frontier:active d=4.6 age=3 dtg=13.89 region=0_2
ep=1455 s=46 2039ms [sel=3 cap=1925 rest=111] sg=3->3 mode=NONE win=8 obs=47 | cap=wip act=(320,360) d=4.56 a=1 | sp=frontier:active d=4.6 age=4 dtg=14.04 region=0_2
ep=1455 s=47 1980ms [sel=3 cap=1869 rest=109] sg=3->3 mode=NONE win=8 obs=48 | cap=wip act=(320,360) d=4.31 a=1 | sp=frontier:active d=4.3 age=5 dtg=14.20 region=0_2
ep=1455 s=48 1894ms [sel=3 cap=1786 rest=105] sg=3->3 mode=NONE win=8 obs=49 | cap=wip act=(320,360) d=4.07 a=1 | sp=frontier:active d=4.1 age=6 dtg=14.39 region=0_2
ep=1455 s=49 1379ms [sel=3 cap=1277 rest=100] sg=3->3 mode=NONE win=8 obs=50 | cap=wip act=(320,360) d=3.82 a=1 | sp=frontier:active d=3.8 age=7 dtg=14.60 region=0_2
ep=1455 s=50 1312ms [sel=3 cap=1208 rest=102] sg=3->3 mode=NONE win=8 obs=51 | cap=wip act=(320,360) d=3.57 a=1 | sp=frontier:active d=3.6 age=8 dtg=14.82 region=0_2
ep=1455 s=51 1627ms [sel=3 cap=1513 rest=111] sg=3->3 mode=NONE win=8 obs=52 | cap=wip act=(320,360) d=3.33 a=1 | sp=frontier:active d=3.3 age=9 dtg=15.06 region=0_2
ep=1455 s=52 1191ms [sel=3 cap=1079 rest=110] sg=3->3 mode=NONE win=8 obs=53 | cap=wip act=(320,360) d=3.08 a=1 | sp=frontier:active d=3.1 age=10 dtg=15.29 region=0_2
ep=1455 s=53 1928ms [sel=4 cap=1813 rest=112] sg=3->3 mode=NONE win=8 obs=54 | cap=wip act=(320,360) d=2.84 a=3 | sp=frontier:active d=2.8 age=11 dtg=15.29 region=0_2
ep=1455 s=54 2108ms [sel=3 cap=1993 rest=111] sg=3->3 mode=NONE win=8 obs=55 | cap=wip act=(320,360) d=2.84 a=1 | sp=frontier:active d=2.8 age=12 dtg=15.51 region=0_2
ep=1455 s=55 2370ms [sel=3 cap=2259 rest=108] sg=3->3 mode=NONE win=8 obs=56 | cap=wip act=(320,360) d=2.59 a=1 | sp=frontier:active d=2.6 age=13 dtg=15.74 region=0_2
ep=1455 s=56 2246ms [sel=798 cap=1346 rest=102] sg=3->3 mode=NONE win=8 obs=57 | cap=wip act=(320,360) d=3.00 a=1 | sp=som:active d=3.0 age=0 som=2/7 dtg=15.97 region=0_2
ep=1455 s=57 2166ms [sel=3 cap=2057 rest=106] sg=3->3 mode=NONE win=8 obs=58 | cap=wip act=(320,360) d=2.75 a=1 | sp=som:active d=2.8 age=1 dtg=16.21 region=0_5
ep=1455 s=58 1612ms [sel=3 cap=1502 rest=107] sg=3->3 mode=NONE win=8 obs=59 | cap=wip act=(320,360) d=2.51 a=1 | sp=som:active d=2.5 age=2 dtg=16.44 region=0_5
ep=1455 s=59 1845ms [sel=3 cap=1732 rest=110] sg=3->3 mode=NONE win=8 obs=60 | cap=wip act=(320,360) d=2.26 a=2 | sp=som:active d=2.3 age=3 dtg=16.44 region=0_5
ep=1455 s=60 2205ms [sel=3 cap=2095 rest=106] sg=3->3 mode=NONE win=8 obs=61 | cap=wip act=(320,360) d=2.26 a=1 | sp=som:active d=2.3 age=4 dtg=16.69 region=0_5
ep=1455 s=61 1575ms [sel=3 cap=1466 rest=107] sg=3->3 mode=NONE win=8 obs=62 | cap=wip act=(320,360) d=2.01 a=1 | sp=som:active d=2.0 age=5 dtg=16.94 region=0_5
ep=1455 s=62 2272ms [sel=3 cap=2164 rest=105] sg=3->3 mode=NONE win=8 obs=63 | cap=wip act=(320,360) d=1.76 a=1 | sp=som:active d=1.8 age=6 dtg=17.19 region=0_5
ep=1455 s=63 2387ms [sel=3 cap=2281 rest=104] sg=3->3 mode=NONE win=8 obs=64 | cap=wip act=(320,360) d=1.51 a=1 | sp=som:active d=1.5 age=7 dtg=17.44 region=0_5
ep=1455 s=64 2777ms [sel=4 cap=2667 rest=106] sg=3->3 mode=NONE win=8 obs=65 | cap=wip act=(320,360) d=1.26 a=1 | sp=som:active d=1.3 age=8 dtg=17.69 region=0_5
ep=1455 s=65 2355ms [sel=3 cap=2250 rest=102] sg=3->3 mode=NONE win=8 obs=66 | cap=wip act=(320,360) d=1.02 a=1 | sp=som:active d=1.0 age=9 dtg=17.94 region=0_5
ep=1455 s=66 2848ms [sel=4 cap=2743 rest=101] sg=3->3 mode=NONE win=8 obs=67 | cap=wip act=(320,360) d=0.77 a=1 | sp=som:active d=0.8 age=10 dtg=18.19 region=0_5
ep=1455 s=67 2047ms [sel=3 cap=1942 rest=102] sg=3->3 mode=NONE win=8 obs=68 | cap=wip act=(320,360) d=0.52 a=1 | sp=som:active d=0.5 age=11 dtg=18.44 region=0_5
ep=1455 s=68 3159ms [sel=828 cap=2227 rest=104] sg=3->3 mode=NONE win=8 obs=69 | cap=wip act=(320,360) d=3.50 a=1 | sp=som:active d=3.5 age=0 som=3/8 dtg=18.69 region=0_5
ep=1455 s=69 2052ms [sel=3 cap=1941 rest=108] sg=3->3 mode=NONE win=8 obs=70 | cap=wip act=(320,360) d=3.25 a=1 | sp=som:active d=3.3 age=1 dtg=18.94 region=0_5
ep=1455 s=70 2176ms [sel=3 cap=2066 rest=107] sg=3->3 mode=NONE win=8 obs=71 | cap=wip act=(320,360) d=3.00 a=1 | sp=som:active d=3.0 age=2 dtg=19.19 region=0_5
ep=1455 s=71 2467ms [sel=3 cap=2357 rest=107] sg=3->3 mode=NONE win=8 obs=72 | cap=wip act=(320,360) d=2.76 a=1 | sp=som:active d=2.8 age=3 dtg=19.44 region=0_5
ep=1455 s=72 1551ms [sel=3 cap=1440 rest=108] sg=3->3 mode=NONE win=8 obs=73 | cap=wip act=(320,360) d=2.51 a=1 | sp=som:active d=2.5 age=4 dtg=19.69 region=0_4
ep=1455 s=73 2713ms [sel=3 cap=2600 rest=111] sg=3->3 mode=NONE win=8 obs=74 | cap=wip act=(320,360) d=2.27 a=1 | sp=som:active d=2.3 age=5 dtg=19.94 region=0_4
ep=1455 s=74 4330ms [sel=3 cap=3772 rest=517] sg=3->3 mode=NONE win=8 obs=75 | cap=wip act=(320,360) d=2.03 a=1 | preview=view-/6 yaw=+0 render=37ms | sp=som:active d=2.0 age=6 dtg=20.19 region=0_4
ep=1455 s=75 2064ms [sel=3 cap=1946 rest=115] sg=3->3 mode=NONE win=8 obs=76 | cap=wip act=(320,360) d=1.79 a=1 | sp=som:active d=1.8 age=7 dtg=20.44 region=0_4
ep=1455 s=76 2109ms [sel=3 cap=2000 rest=107] sg=3->3 mode=NONE win=8 obs=77 | cap=wip act=(320,360) d=1.55 a=1 | sp=som:active d=1.5 age=8 dtg=20.69 region=0_4
ep=1455 s=77 2575ms [sel=3 cap=2020 rest=515] sg=3->3 mode=NONE win=8 obs=78 | cap=wip act=(320,360) d=1.31 a=1 | preview=view-/6 yaw=+0 render=36ms | sp=som:active d=1.3 age=9 dtg=20.94 region=0_4
ep=1455 s=78 1564ms [sel=3 cap=1461 rest=100] sg=3->3 mode=NONE win=8 obs=79 | cap=wip act=(320,360) d=1.09 a=1 | sp=som:active d=1.1 age=10 dtg=21.19 region=0_4
ep=1455 s=79 5167ms [sel=3 cap=5066 rest=98] sg=3->3 mode=NONE win=8 obs=80 | cap=wip act=(320,360) d=0.87 a=1 | sp=som:active d=0.9 age=11 dtg=21.44 region=0_4
ep=1455 s=80 2474ms [sel=4 cap=2375 rest=95] sg=3->3 mode=NONE win=8 obs=81 | cap=wip act=(320,360) d=0.69 a=2 | sp=som:active d=0.7 age=12 dtg=21.44 region=0_4
ep=1455 s=81 2245ms [sel=4 cap=2133 rest=108] sg=3->3 mode=GET_NOWHERE win=8 obs=82 | cap=wip/GET_NOWHERE act=(320,360) d=0.69 a=1 | sp=som:active d=0.7 age=13 dtg=21.69 region=0_4
ep=1455 s=82 3454ms [sel=815 cap=2533 rest=105] sg=3->3 mode=NONE win=8 obs=83 | cap=wip act=(320,360) d=0.62 a=2 | sp=som:active d=0.6 age=0 som=2/6 dtg=21.69 region=0_4
ep=1455 s=83 3331ms [sel=3 cap=3215 rest=113] sg=3->3 mode=NONE win=8 obs=84 | cap=wip act=(320,360) d=0.62 a=1 | sp=som:active d=0.6 age=1 dtg=21.91 region=0_4
ep=1455 s=84 3345ms [sel=697 cap=2535 rest=113] sg=3->3 mode=NONE win=8 obs=85 | cap=wip act=(320,360) d=3.16 a=3 | sp=frontier:active d=3.2 age=0 som=2/5 dtg=21.91 region=0_4
ep=1455 s=85 4150ms [sel=40 cap=3609 rest=464] sg=3->3 mode=NONE win=8 obs=86 | cap=wip act=(320,360) d=3.16 a=3 | preview=view-/6 yaw=+0 render=37ms | sp=frontier:active d=3.2 age=1 dtg=21.91 region=0_4
ep=1455 s=86 2424ms [sel=594 cap=1735 rest=95] sg=3->4 mode=NONE win=8 obs=87 | cap=DONE act=(320,360) d=0.75 a=3 | sp=som:active d=0.7 age=0 som=2/5 dtg=21.91 region=0_4
ep=1455 s=87 2823ms [sel=8 cap=2703 rest=112] sg=4->4 mode=NONE win=8 obs=88 | cap=wip act=(320,360) d=0.75 a=3 | sp=som:active d=0.7 age=1 dtg=21.91 region=0_4
ep=1455 s=88 2887ms [sel=4 cap=2770 rest=113] sg=4->4 mode=NONE win=8 obs=89 | cap=wip act=(320,360) d=0.75 a=3 | sp=som:active d=0.7 age=2 dtg=21.91 region=0_4
ep=1455 s=89 2298ms [sel=3 cap=2184 rest=111] sg=4->4 mode=NONE win=8 obs=90 | cap=wip act=(320,360) d=0.75 a=3 | sp=som:active d=0.7 age=3 dtg=21.91 region=0_4
ep=1455 s=90 2297ms [sel=3 cap=2180 rest=114] sg=4->4 mode=NONE win=8 obs=91 | cap=wip act=(320,360) d=0.75 a=1 | sp=som:active d=0.7 age=4 dtg=22.03 region=0_4
ep=1455 s=91 3337ms [sel=68 cap=2759 rest=472] sg=4->4 mode=NONE win=8 obs=92 | cap=wip act=(160,180) d=3.29 a=3 | preview=view3/6 yaw=+0 render=37ms | sp=preview:active d=3.3 age=0 dtg=22.03 region=0_4
ep=1455 s=92 1929ms [sel=27 cap=1794 rest=107] sg=4->4 mode=NONE win=8 obs=93 | cap=wip act=(320,360) d=3.29 a=3 | sp=preview:active d=3.3 age=1 dtg=22.03 region=0_4
ep=1455 s=93 1844ms [sel=24 cap=1713 rest=107] sg=4->4 mode=NONE win=8 obs=94 | cap=wip act=(320,360) d=3.29 a=2 | sp=preview:active d=3.3 age=2 dtg=22.03 region=0_4
ep=1455 s=94 1338ms [sel=24 cap=1208 rest=106] sg=4->4 mode=NONE win=8 obs=95 | cap=wip act=(320,360) d=3.29 a=1 | sp=preview:active d=3.3 age=3 dtg=22.09 region=0_4
ep=1455 s=95 3121ms [sel=24 cap=2995 rest=102] sg=4->4 mode=NONE win=8 obs=96 | cap=wip act=(320,360) d=3.04 a=1 | sp=preview:active d=3.0 age=4 dtg=22.17 region=0_4
ep=1455 s=96 3231ms [sel=11 cap=2709 rest=473] sg=4->4 mode=NONE win=8 obs=97 | cap=wip act=PREVIEW a=2 | preview=view3/6 yaw=+0 render=38ms dtg=22.17 region=0_4
ep=1455 s=97 3135ms [sel=636 cap=2391 rest=108] sg=4->4 mode=NONE win=8 obs=98 | cap=wip act=(320,360) d=3.42 a=3 | sp=som:active d=3.4 age=0 som=1/7 dtg=22.17 region=0_4
ep=1455 s=98 2354ms [sel=33 cap=2216 rest=104] sg=4->4 mode=NONE win=8 obs=99 | cap=wip act=(320,360) d=3.42 a=3 | sp=som:active d=3.4 age=1 dtg=22.17 region=0_4
ep=1455 s=99 7770ms [sel=22 cap=7246 rest=464] sg=4->4 mode=NONE win=8 obs=100 | cap=wip act=(320,360) d=3.42 a=3 | preview=view-/6 yaw=+0 render=38ms | sp=som:active d=3.4 age=2 dtg=22.17 region=0_4
ep=1455 s=100 4405ms [sel=13 cap=4282 rest=109] sg=4->4 mode=NONE win=8 obs=101 | cap=wip act=(320,360) d=3.42 a=3 | sp=som:active d=3.4 age=3 dtg=22.17 region=0_4
ep=1455 s=101 3085ms [sel=7 cap=2966 rest=112] sg=4->4 mode=NONE win=8 obs=102 | cap=wip act=(320,360) d=3.42 a=3 | sp=som:active d=3.4 age=4 dtg=22.17 region=0_4
ep=1455 s=102 7301ms [sel=5 cap=6773 rest=486] sg=4->4 mode=NONE win=8 obs=103 | cap=wip act=(320,360) d=3.42 a=1 | preview=view-/6 yaw=+0 render=37ms | sp=som:active d=3.4 age=5 dtg=22.00 region=0_4
ep=1455 s=103 5416ms [sel=4 cap=5297 rest=115] sg=4->4 mode=GET_NOWHERE win=8 obs=104 | cap=wip/GET_NOWHERE act=(320,360) d=3.42 a=3 | sp=som:active d=3.4 age=6 dtg=22.00 region=0_4
ep=1455 s=104 3750ms [sel=7 cap=3628 rest=115] sg=4->4 mode=NONE win=8 obs=105 | cap=wip act=(320,360) d=3.42 a=1 | sp=som:active d=3.4 age=7 dtg=21.80 region=0_4
ep=1455 s=105 9846ms [sel=15 cap=9313 rest=483] sg=4->4 mode=NONE win=8 obs=106 | cap=wip act=(320,360) d=3.49 a=3 | preview=view-/6 yaw=+0 render=36ms | sp=som:active d=3.5 age=8 dtg=21.80 region=0_4
ep=1455 s=106 5339ms [sel=23 cap=5201 rest=115] sg=4->4 mode=GET_NOWHERE win=8 obs=107 | cap=wip/GET_NOWHERE act=(320,360) d=3.49 a=1 | sp=som:active d=3.5 age=9 dtg=21.57 region=0_4
ep=1455 s=107 4457ms [sel=25 cap=4323 rest=108] sg=4->4 mode=NONE win=8 obs=108 | cap=wip act=(320,360) d=3.64 a=1 | sp=som:active d=3.6 age=10 dtg=21.33 region=0_4
ep=1455 s=108 6084ms [sel=28 cap=5942 rest=114] sg=4->4 mode=NONE win=8 obs=109 | cap=wip act=(320,360) d=3.79 a=1 | sp=som:active d=3.8 age=11 dtg=21.11 region=0_4
ep=1455 s=109 5075ms [sel=29 cap=4930 rest=115] sg=4->4 mode=NONE win=8 obs=110 | cap=wip act=(320,360) d=3.96 a=2 | sp=som:active d=4.0 age=12 dtg=21.11 region=0_4
ep=1455 s=110 6011ms [sel=27 cap=5865 rest=119] sg=4->4 mode=NONE win=8 obs=111 | cap=wip act=(320,360) d=3.96 a=1 | sp=som:active d=4.0 age=13 dtg=20.25 region=0_4
ep=1455 s=111 5863ms [sel=30 cap=5288 rest=501] sg=4->4 mode=NONE win=8 obs=112 | cap=wip act=(320,360) d=4.08 a=2 | preview=view-/6 yaw=+0 render=43ms | sp=som:active d=4.1 age=14 dtg=20.25 region=0_4
ep=1455 s=112 1756ms [sel=26 cap=1614 rest=116] sg=4->4 mode=NONE win=8 obs=113 | cap=wip act=(320,360) d=4.08 a=2 | sp=som:active d=4.1 age=15 dtg=20.25 region=0_4
ep=1455 s=113 2095ms [sel=17 cap=1972 rest=106] sg=4->4 mode=NONE win=8 obs=114 | cap=wip act=(320,360) d=4.08 a=2 | sp=som:active d=4.1 age=16 dtg=20.25 region=0_4
ep=1455 s=114 1279ms [sel=16 cap=1155 rest=108] sg=4->4 mode=NONE win=8 obs=115 | cap=wip act=(320,360) d=4.08 a=1 | sp=som:active d=4.1 age=17 dtg=20.00 region=0_3
ep=1455 s=115 2185ms [sel=4 cap=2057 rest=123] sg=4->4 mode=NONE win=8 obs=116 | cap=wip act=(320,360) d=4.03 a=1 | sp=som:active d=4.0 age=18 dtg=19.76 region=0_3
ep=1455 s=116 8376ms [sel=4 cap=7890 rest=445] sg=4->4 mode=NONE win=8 obs=117 | cap=wip act=(320,360) d=4.00 a=2 | preview=view-/6 yaw=+0 render=37ms | sp=som:active d=4.0 age=19 dtg=19.76 region=0_3
ep=1455 s=117 3983ms [sel=1212 cap=2660 rest=111] sg=4->4 mode=NONE win=8 obs=118 | cap=wip act=(320,360) d=3.00 a=1 | sp=som:active d=3.0 age=0 som=3/8 dtg=19.57 region=0_3
ep=1455 s=118 4082ms [sel=3 cap=3969 rest=110] sg=4->4 mode=NONE win=8 obs=119 | cap=wip act=(320,360) d=2.76 a=3 | sp=som:active d=2.8 age=1 dtg=19.57 region=0_3
ep=1455 s=119 5554ms [sel=3 cap=5077 rest=437] sg=4->4 mode=NONE win=8 obs=120 | cap=wip act=(320,360) d=2.76 a=1 | preview=view-/6 yaw=+0 render=36ms | sp=som:active d=2.8 age=2 dtg=19.36 region=0_3
ep=1455 s=120 2921ms [sel=4 cap=2798 rest=119] sg=4->4 mode=NONE win=8 obs=121 | cap=wip act=(320,360) d=2.51 a=1 | sp=som:active d=2.5 age=3 dtg=19.20 region=0_3
ep=1455 s=121 3906ms [sel=3 cap=3785 rest=118] sg=4->4 mode=NONE win=8 obs=122 | cap=wip act=(320,360) d=2.26 a=1 | sp=som:active d=2.3 age=4 dtg=19.07 region=0_3
ep=1455 s=122 8083ms [sel=3 cap=7552 rest=487] sg=4->4 mode=NONE win=8 obs=123 | cap=wip act=(320,360) d=2.01 a=2 | preview=view-/6 yaw=+0 render=40ms | sp=som:active d=2.0 age=5 dtg=19.07 region=0_3
ep=1455 s=123 4565ms [sel=3 cap=4452 rest=111] sg=4->4 mode=GET_NOWHERE win=8 obs=124 | cap=wip/GET_NOWHERE act=(320,360) d=2.01 a=1 | sp=som:active d=2.0 age=6 dtg=19.03 region=0_3
ep=1455 s=124 5771ms [sel=3 cap=5658 rest=111] sg=4->4 mode=NONE win=8 obs=125 | cap=wip act=(320,360) d=1.76 a=1 | sp=som:active d=1.8 age=7 dtg=19.01 region=0_3
ep=1455 s=125 9817ms [sel=3 cap=9291 rest=486] sg=4->4 mode=NONE win=8 obs=126 | cap=wip act=(320,360) d=1.52 a=1 | preview=view-/6 yaw=+0 render=36ms | sp=som:active d=1.5 age=8 dtg=19.03 region=0_3
ep=1455 s=126 5784ms [sel=4 cap=5669 rest=112] sg=4->4 mode=NONE win=8 obs=127 | cap=wip act=(320,360) d=1.27 a=1 | sp=som:active d=1.3 age=9 dtg=18.81 region=0_3
ep=1455 s=127 5560ms [sel=3 cap=5439 rest=119] sg=4->4 mode=NONE win=8 obs=128 | cap=wip act=(320,360) d=1.02 a=1 | sp=som:active d=1.0 age=10 dtg=18.58 region=0_3
ep=1455 s=128 8612ms [sel=4 cap=8084 rest=489] sg=4->4 mode=NONE win=8 obs=129 | cap=wip act=(320,360) d=0.78 a=1 | preview=view-/6 yaw=+0 render=36ms | sp=som:active d=0.8 age=11 dtg=18.37 region=0_3
ep=1455 s=129 3046ms [sel=3 cap=2936 rest=107] sg=4->4 mode=NONE win=8 obs=130 | cap=wip act=(320,360) d=0.54 a=3 | sp=som:active d=0.5 age=12 dtg=18.37 region=0_3
ep=1455 s=130 2735ms [sel=3 cap=2621 rest=110] sg=4->4 mode=NONE win=8 obs=131 | cap=wip act=(320,360) d=0.54 a=1 | sp=som:active d=0.5 age=13 dtg=18.14 region=0_3
ep=1455 s=131 10030ms [sel=777 cap=8715 rest=500] sg=4->4 mode=NONE win=8 obs=132 | cap=wip act=(320,360) d=2.97 a=3 | preview=view-/6 yaw=+0 render=38ms | sp=som:active d=3.0 age=0 som=4/8 dtg=18.14 region=0_3
ep=1455 s=132 4543ms [sel=3 cap=4425 rest=115] sg=4->4 mode=NONE win=8 obs=133 | cap=wip act=(320,360) d=2.97 a=1 | sp=som:active d=3.0 age=1 dtg=17.90 region=0_3
ep=1455 s=133 4528ms [sel=3 cap=4413 rest=113] sg=4->4 mode=NONE win=8 obs=134 | cap=wip act=(320,360) d=2.73 a=1 | sp=som:active d=2.7 age=2 dtg=17.66 region=0_3
ep=1455 s=134 9996ms [sel=4 cap=9457 rest=499] sg=4->4 mode=NONE win=8 obs=135 | cap=wip act=(320,360) d=2.50 a=1 | preview=view-/6 yaw=+0 render=37ms | sp=som:active d=2.5 age=3 dtg=17.43 region=0_3
ep=1455 s=135 7045ms [sel=3 cap=6928 rest=114] sg=4->4 mode=NONE win=8 obs=136 | cap=wip act=(320,360) d=2.27 a=1 | sp=som:active d=2.3 age=4 dtg=17.23 region=0_3
ep=1455 s=136 4458ms [sel=3 cap=4345 rest=111] sg=4->4 mode=NONE win=8 obs=137 | cap=wip act=(320,360) d=2.05 a=1 | sp=som:active d=2.0 age=5 dtg=17.08 region=0_3
ep=1455 s=137 9519ms [sel=3 cap=8969 rest=510] sg=4->4 mode=NONE win=8 obs=138 | cap=wip act=(320,360) d=1.83 a=3 | preview=view-/6 yaw=+0 render=37ms | sp=som:active d=1.8 age=6 dtg=17.08 region=0_3
ep=1455 s=138 5566ms [sel=3 cap=5454 rest=108] sg=4->4 mode=NONE win=8 obs=139 | cap=wip act=(320,360) d=1.83 a=1 | sp=som:active d=1.8 age=7 dtg=16.90 region=0_3
ep=1455 s=139 4982ms [sel=3 cap=4873 rest=106] sg=4->4 mode=GET_NOWHERE win=8 obs=140 | cap=wip/GET_NOWHERE act=(320,360) d=1.59 a=3 | sp=som:active d=1.6 age=8 dtg=16.90 region=0_3
ep=1455 s=140 5028ms [sel=4 cap=4912 rest=112] sg=4->4 mode=GET_NOWHERE win=8 obs=141 | cap=wip/GET_NOWHERE act=(320,360) d=1.59 a=1 | sp=som:active d=1.6 age=9 dtg=16.67 region=0_3
ep=1455 s=141 4288ms [sel=21 cap=3701 rest=530] sg=4->4 mode=GET_NOWHERE win=8 obs=142 | cap=wip/GET_NOWHERE act=(160,180) d=4.91 a=3 | preview=view3/6 yaw=+0 render=36ms | sp=preview:active d=4.9 age=0 dtg=16.67 region=0_3
ep=1455 s=142 4956ms [sel=3 cap=4838 rest=115] sg=4->4 mode=NONE win=8 obs=143 | cap=wip act=(320,360) d=4.91 a=3 | sp=preview:active d=4.9 age=1 dtg=16.67 region=0_3
ep=1455 s=143 9853ms [sel=3 cap=9734 rest=117] sg=4->4 mode=NONE win=8 obs=144 | cap=wip act=(320,360) d=4.91 a=1 | sp=preview:active d=4.9 age=2 dtg=16.42 region=0_3
ep=1455 s=144 3881ms [sel=19 cap=3313 rest=513] sg=4->4 mode=NONE win=8 obs=145 | cap=wip act=(160,180) d=4.76 a=1 | preview=view2/6 yaw=-45 render=37ms | sp=preview:active d=4.8 age=0 dtg=16.17 region=0_3
ep=1455 s=145 3035ms [sel=3 cap=2918 rest=114] sg=4->4 mode=NONE win=8 obs=146 | cap=wip act=(320,360) d=4.51 a=1 | sp=preview:active d=4.5 age=1 dtg=15.92 region=0_3
ep=1455 s=146 3215ms [sel=3 cap=3098 rest=114] sg=4->4 mode=NONE win=8 obs=147 | cap=wip act=(320,360) d=4.26 a=1 | sp=preview:active d=4.3 age=2 dtg=15.67 region=0_3
ep=1455 s=147 8576ms [sel=3 cap=8006 rest=530] sg=4->4 mode=NONE win=8 obs=148 | cap=wip act=(320,360) d=4.01 a=1 | preview=view-/6 yaw=+0 render=38ms | sp=preview:active d=4.0 age=3 dtg=15.42 region=0_3
ep=1455 s=148 3423ms [sel=3 cap=3309 rest=111] sg=4->4 mode=NONE win=8 obs=149 | cap=wip act=(320,360) d=3.76 a=1 | sp=preview:active d=3.8 age=4 dtg=15.17 region=0_3
ep=1455 s=149 2484ms [sel=3 cap=2367 rest=114] sg=4->4 mode=NONE win=8 obs=150 | cap=wip act=(320,360) d=3.51 a=1 | sp=preview:active d=3.5 age=5 dtg=14.92 region=0_3
ep=1455 s=150 3630ms [sel=3 cap=3516 rest=111] sg=4->4 mode=NONE win=8 obs=151 | cap=wip act=(320,360) d=3.26 a=1 | sp=preview:active d=3.3 age=6 dtg=14.68 region=0_3
ep=1455 s=151 5929ms [sel=3 cap=5332 rest=554] sg=4->4 mode=NONE win=8 obs=152 | cap=wip act=(320,360) d=3.01 a=1 | preview=view-/6 yaw=+0 render=40ms | sp=preview:active d=3.0 age=7 dtg=14.43 region=0_3
ep=1455 s=152 1510ms [sel=3 cap=1396 rest=111] sg=4->4 mode=NONE win=8 obs=153 | cap=wip act=(320,360) d=2.76 a=1 | sp=preview:active d=2.8 age=8 dtg=14.18 region=0_3
ep=1455 s=153 1559ms [sel=3 cap=1446 rest=109] sg=4->4 mode=NONE win=8 obs=154 | cap=wip act=(320,360) d=2.51 a=1 | sp=preview:active d=2.5 age=9 dtg=13.93 region=0_3
ep=1455 s=154 1484ms [sel=3 cap=1369 rest=112] sg=4->4 mode=NONE win=8 obs=155 | cap=wip act=(320,360) d=2.26 a=1 | sp=preview:active d=2.3 age=10 dtg=13.68 region=0_3
ep=1455 s=155 2877ms [sel=650 cap=2113 rest=114] sg=4->4 mode=NONE win=8 obs=156 | cap=wip act=(320,360) d=3.02 a=1 | sp=som:active d=3.0 age=0 som=1/8 dtg=13.43 region=0_3
ep=1455 s=156 1644ms [sel=4 cap=1525 rest=114] sg=4->4 mode=NONE win=8 obs=157 | cap=wip act=(320,360) d=2.77 a=1 | sp=som:active d=2.8 age=1 dtg=13.18 region=None
ep=1455 s=157 1579ms [sel=3 cap=1462 rest=114] sg=4->4 mode=NONE win=8 obs=158 | cap=wip act=(320,360) d=2.53 a=2 | sp=som:active d=2.5 age=2 dtg=13.18 region=None
ep=1455 s=158 2753ms [sel=3 cap=2637 rest=113] sg=4->4 mode=NONE win=8 obs=159 | cap=wip act=(320,360) d=2.53 a=1 | sp=som:active d=2.5 age=3 dtg=12.93 region=0_12
ep=1455 s=159 6461ms [sel=3 cap=5920 rest=501] sg=4->4 mode=NONE win=8 obs=160 | cap=wip act=(320,360) d=2.28 a=1 | preview=view-/6 yaw=+0 render=36ms | sp=som:active d=2.3 age=4 dtg=12.69 region=0_12
ep=1455 s=160 1981ms [sel=3 cap=1864 rest=114] sg=4->4 mode=NONE win=8 obs=161 | cap=wip act=(320,360) d=2.03 a=1 | sp=som:active d=2.0 age=5 dtg=12.44 region=0_12
ep=1455 s=161 2211ms [sel=3 cap=2094 rest=114] sg=4->4 mode=NONE win=8 obs=162 | cap=wip act=(320,360) d=1.79 a=1 | sp=som:active d=1.8 age=6 dtg=12.20 region=0_12
ep=1455 s=162 1641ms [sel=3 cap=1517 rest=120] sg=4->4 mode=NONE win=8 obs=163 | cap=wip act=(320,360) d=1.54 a=1 | sp=som:active d=1.5 age=7 dtg=11.95 region=0_12
ep=1455 s=163 2794ms [sel=3 cap=2681 rest=110] sg=4->4 mode=NONE win=8 obs=164 | cap=wip act=(320,360) d=1.30 a=3 | sp=som:active d=1.3 age=8 dtg=11.95 region=0_12
ep=1455 s=164 8749ms [sel=3 cap=8207 rest=503] sg=4->4 mode=NONE win=8 obs=165 | cap=wip act=(320,360) d=1.30 a=1 | preview=view-/6 yaw=+0 render=36ms | sp=som:active d=1.3 age=9 dtg=11.70 region=0_12
ep=1455 s=165 3070ms [sel=3 cap=2954 rest=114] sg=4->4 mode=NONE win=8 obs=166 | cap=wip act=(320,360) d=1.05 a=1 | sp=som:active d=1.1 age=10 dtg=11.45 region=0_12
ep=1455 s=166 3345ms [sel=3 cap=3228 rest=114] sg=4->4 mode=NONE win=8 obs=167 | cap=wip act=(320,360) d=0.80 a=1 | sp=som:active d=0.8 age=11 dtg=11.20 region=0_12
ep=1455 s=167 3225ms [sel=3 cap=3111 rest=111] sg=4->4 mode=NONE win=8 obs=168 | cap=wip act=(320,360) d=0.55 a=1 | sp=som:active d=0.6 age=12 dtg=10.95 region=0_12
ep=1455 s=168 7940ms [sel=645 cap=6721 rest=538] sg=4->4 mode=NONE win=8 obs=169 | cap=wip act=(320,360) d=2.15 a=3 | preview=view-/6 yaw=+0 render=37ms | sp=frontier:active d=2.1 age=0 som=R/8 dtg=10.95 region=0_12
ep=1455 s=169 3091ms [sel=21 cap=2961 rest=109] sg=4->4 mode=GET_NOWHERE win=8 obs=170 | cap=wip/GET_NOWHERE act=(320,360) d=2.15 a=3 | sp=frontier:active d=2.1 age=1 dtg=10.95 region=0_12
ep=1455 s=170 2955ms [sel=12 cap=2826 rest=117] sg=4->4 mode=NONE win=8 obs=171 | cap=wip act=(320,360) d=2.15 a=3 | sp=frontier:active d=2.1 age=2 dtg=10.95 region=0_12
ep=1455 s=171 2627ms [sel=5 cap=2506 rest=116] sg=4->4 mode=NONE win=8 obs=172 | cap=wip act=(320,360) d=2.15 a=3 | sp=frontier:active d=2.1 age=3 dtg=10.95 region=0_12
ep=1455 s=172 2434ms [sel=3 cap=2316 rest=115] sg=4->4 mode=NONE win=8 obs=173 | cap=wip act=(320,360) d=2.15 a=1 | sp=frontier:active d=2.1 age=4 dtg=10.85 region=0_12
ep=1455 s=173 3451ms [sel=4 cap=3333 rest=114] sg=4->4 mode=NONE win=8 obs=174 | cap=wip act=(320,360) d=1.93 a=1 | sp=frontier:active d=1.9 age=5 dtg=10.75 region=0_12
ep=1455 s=174 9461ms [sel=3 cap=8892 rest=528] sg=4->4 mode=NONE win=8 obs=175 | cap=wip act=(320,360) d=1.73 a=1 | preview=view-/6 yaw=+0 render=37ms | sp=frontier:active d=1.7 age=6 dtg=10.65 region=0_12
ep=1455 s=175 5508ms [sel=5 cap=5385 rest=117] sg=4->4 mode=NONE win=8 obs=176 | cap=wip act=(320,360) d=1.54 a=1 | sp=frontier:active d=1.5 age=7 dtg=10.57 region=0_12
ep=1455 s=176 4467ms [sel=5 cap=4335 rest=126] sg=4->4 mode=NONE win=8 obs=177 | cap=wip act=(320,360) d=1.37 a=3 | sp=frontier:active d=1.4 age=8 dtg=10.57 region=0_12
ep=1455 s=177 10060ms [sel=3 cap=9488 rest=533] sg=4->4 mode=NONE win=8 obs=178 | cap=wip act=(320,360) d=1.37 a=1 | preview=view-/6 yaw=+0 render=36ms | sp=frontier:active d=1.4 age=9 dtg=10.57 region=0_12
ep=1455 s=178 3825ms [sel=4 cap=3698 rest=123] sg=4->4 mode=NONE win=8 obs=179 | cap=wip act=(320,360) d=1.18 a=1 | sp=frontier:active d=1.2 age=10 dtg=10.63 region=0_12
ep=1455 s=179 4925ms [sel=4 cap=4799 rest=121] sg=4->4 mode=NONE win=8 obs=180 | cap=wip act=(320,360) d=1.01 a=3 | sp=frontier:active d=1.0 age=11 dtg=10.63 region=0_12
ep=1455 s=180 10504ms [sel=3 cap=9971 rest=495] sg=4->4 mode=NONE win=8 obs=181 | cap=wip act=(320,360) d=1.01 a=1 | preview=view-/6 yaw=+0 render=36ms | sp=frontier:active d=1.0 age=12 dtg=10.80 region=0_2
ep=1455 s=181 3460ms [sel=4 cap=3334 rest=122] sg=4->4 mode=NONE win=8 obs=182 | cap=wip act=(320,360) d=0.83 a=3 | sp=frontier:active d=0.8 age=13 dtg=10.80 region=0_2
ep=1455 s=182 4676ms [sel=3 cap=4549 rest=125] sg=4->4 mode=NONE win=8 obs=183 | cap=wip act=(320,360) d=0.83 a=3 | sp=frontier:active d=0.8 age=14 dtg=10.80 region=0_2
ep=1455 s=183 5308ms [sel=3 cap=4781 rest=489] sg=4->4 mode=NONE win=8 obs=184 | cap=wip act=(320,360) d=0.83 a=1 | preview=view-/6 yaw=+0 render=36ms | sp=frontier:active d=0.8 age=15 dtg=11.05 region=0_2
ep=1455 s=184 1842ms [sel=3 cap=1713 rest=127] sg=4->4 mode=NONE win=8 obs=185 | cap=wip act=(320,360) d=0.60 a=1 | sp=frontier:active d=0.6 age=16 dtg=11.30 region=0_2
ep=1455 s=185 2343ms [sel=612 cap=1604 rest=127] sg=4->4 mode=NONE win=8 obs=186 | cap=wip act=(320,360) d=4.05 a=2 | sp=som:active d=4.0 age=0 som=2/8 dtg=11.30 region=0_2
ep=1455 s=186 6896ms [sel=11 cap=6353 rest=493] sg=4->4 mode=NONE win=8 obs=187 | cap=wip act=(320,360) d=4.05 a=2 | preview=view-/6 yaw=+0 render=39ms | sp=som:active d=4.0 age=1 dtg=11.30 region=0_2
ep=1455 s=187 3895ms [sel=3 cap=3770 rest=122] sg=4->4 mode=NONE win=8 obs=188 | cap=wip act=(320,360) d=4.05 a=2 | sp=som:active d=4.0 age=2 dtg=11.30 region=0_2
ep=1455 s=188 8212ms [sel=8 cap=8078 rest=125] sg=4->4 mode=NONE win=8 obs=189 | cap=wip act=(320,360) d=4.05 a=2 | sp=som:active d=4.0 age=3 dtg=11.30 region=0_2
ep=1455 s=189 8092ms [sel=17 cap=7523 rest=516] sg=4->4 mode=NONE win=8 obs=190 | cap=wip act=(320,360) d=4.05 a=1 | preview=view-/6 yaw=+0 render=36ms | sp=som:active d=4.0 age=4 dtg=11.43 region=0_2
ep=1455 s=190 3742ms [sel=18 cap=3595 rest=130] sg=4->4 mode=NONE win=8 obs=191 | cap=wip act=(320,360) d=3.94 a=1 | sp=som:active d=3.9 age=5 dtg=11.10 region=0_2
ep=1455 s=191 5037ms [sel=19 cap=4888 rest=130] sg=4->4 mode=NONE win=8 obs=192 | cap=wip act=(320,360) d=3.84 a=1 | sp=som:active d=3.8 age=6 dtg=11.03 region=0_2
ep=1455 s=192 2206ms [sel=20 cap=2056 rest=131] sg=4->4 mode=NONE win=8 obs=193 | cap=wip act=(320,360) d=3.76 a=1 | sp=som:active d=3.8 age=7 dtg=11.00 region=0_2
ep=1455 s=193 8333ms [sel=22 cap=7743 rest=532] sg=4->4 mode=NONE win=8 obs=194 | cap=wip act=(320,360) d=3.70 a=1 | preview=view-/6 yaw=+0 render=36ms | sp=som:active d=3.7 age=8 dtg=11.02 region=0_2
ep=1455 s=194 2348ms [sel=23 cap=2196 rest=129] sg=4->4 mode=NONE win=8 obs=195 | cap=wip act=(320,360) d=3.64 a=3 | sp=som:active d=3.6 age=9 dtg=11.02 region=0_2
ep=1455 s=195 3366ms [sel=16 cap=3224 rest=126] sg=4->4 mode=NONE win=8 obs=196 | cap=wip act=(320,360) d=3.64 a=1 | sp=som:active d=3.6 age=10 dtg=11.11 region=0_2
ep=1455 s=196 8938ms [sel=17 cap=8365 rest=520] sg=4->4 mode=NONE win=8 obs=197 | cap=wip act=(320,360) d=3.55 a=1 | preview=view-/6 yaw=+0 render=36ms | sp=som:active d=3.5 age=11 dtg=11.21 region=0_2
ep=1455 s=197 8396ms [sel=17 cap=8255 rest=124] sg=4->4 mode=NONE win=8 obs=198 | cap=wip act=(320,360) d=3.46 a=3 | sp=som:active d=3.5 age=12 dtg=11.21 region=0_2
ep=1455 s=198 6202ms [sel=12 cap=6068 rest=122] sg=4->4 mode=NONE win=8 obs=199 | cap=wip act=(320,360) d=3.46 a=1 | sp=som:active d=3.5 age=13 dtg=11.38 region=0_2
ep=1455 s=199 7936ms [sel=13 cap=7369 rest=517] sg=4->4 mode=NONE win=8 obs=200 | cap=wip act=(320,360) d=3.34 a=1 | preview=view-/6 yaw=+0 render=37ms | sp=som:active d=3.3 age=14 dtg=11.56 region=0_2
ep=1455 s=200 2152ms [sel=14 cap=2018 rest=120] sg=4->4 mode=NONE win=8 obs=201 | cap=wip act=(320,360) d=3.23 a=1 | sp=som:active d=3.2 age=15 dtg=11.74 region=0_2
ep=1455 s=201 2051ms [sel=15 cap=1918 rest=117] sg=4->4 mode=NONE win=8 obs=202 | cap=wip act=(320,360) d=3.13 a=1 | sp=som:active d=3.1 age=16 dtg=11.93 region=0_2
ep=1455 s=202 7318ms [sel=16 cap=6759 rest=506] sg=4->4 mode=NONE win=8 obs=203 | cap=wip act=(320,360) d=3.05 a=1 | preview=view-/6 yaw=+0 render=36ms | sp=som:active d=3.1 age=17 dtg=12.13 region=0_2
ep=1455 s=203 2480ms [sel=19 cap=2352 rest=109] sg=4->4 mode=NONE win=8 obs=204 | cap=wip act=(320,360) d=2.99 a=1 | sp=som:active d=3.0 age=18 dtg=12.33 region=0_2
ep=1455 s=204 8306ms [sel=22 cap=8174 rest=110] sg=4->4 mode=NONE win=8 obs=205 | cap=wip act=(320,360) d=2.95 a=3 | sp=som:active d=3.0 age=19 dtg=12.33 region=0_2
ep=1455 s=205 9650ms [sel=15 cap=9096 rest=503] sg=4->4 mode=NONE win=8 obs=206 | cap=wip act=(320,360) d=2.95 a=1 | preview=view-/6 yaw=+0 render=36ms | sp=som:active d=3.0 age=20 dtg=12.56 region=0_2
ep=1455 s=206 3416ms [sel=17 cap=3289 rest=110] sg=4->4 mode=NONE win=8 obs=207 | cap=wip act=(320,360) d=2.87 a=3 | sp=som:active d=2.9 age=21 dtg=12.56 region=0_2
ep=1455 s=207 3195ms [sel=13 cap=3067 rest=115] sg=4->4 mode=NONE win=8 obs=208 | cap=wip act=(320,360) d=2.87 a=1 | sp=som:active d=2.9 age=22 dtg=12.81 region=0_2
ep=1455 s=208 10047ms [sel=15 cap=9501 rest=495] sg=4->4 mode=NONE win=8 obs=209 | cap=wip act=(320,360) d=2.74 a=3 | preview=view-/6 yaw=+0 render=36ms | sp=som:active d=2.7 age=23 dtg=12.81 region=0_2
ep=1455 s=209 2214ms [sel=6 cap=2087 rest=120] sg=4->4 mode=NONE win=8 obs=210 | cap=wip act=(320,360) d=2.74 a=1 | sp=som:active d=2.7 age=24 dtg=13.06 region=0_2
ep=1455 s=210 2515ms [sel=7 cap=2390 rest=117] sg=4->4 mode=NONE win=8 obs=211 | cap=wip act=(320,360) d=2.58 a=3 | sp=som:active d=2.6 age=25 dtg=13.06 region=0_2
ep=1455 s=211 2979ms [sel=3 cap=2857 rest=118] sg=4->4 mode=NONE win=8 obs=212 | cap=wip act=(320,360) d=2.58 a=1 | sp=som:active d=2.6 age=26 dtg=13.28 region=0_2
ep=1455 s=212 2374ms [sel=3 cap=2250 rest=121] sg=4->4 mode=NONE win=8 obs=213 | cap=wip act=(320,360) d=2.38 a=1 | sp=som:active d=2.4 age=27 dtg=13.51 region=0_2
ep=1455 s=213 3002ms [sel=5 cap=2877 rest=120] sg=4->4 mode=NONE win=8 obs=214 | cap=wip act=(320,360) d=2.20 a=1 | sp=som:active d=2.2 age=28 dtg=13.75 region=0_2
ep=1455 s=214 7054ms [sel=7 cap=6534 rest=475] sg=4->4 mode=NONE win=8 obs=215 | cap=wip act=(320,360) d=2.03 a=1 | preview=view-/6 yaw=+0 render=39ms | sp=som:active d=2.0 age=29 dtg=13.98 region=0_2
ep=1455 s=215 3593ms [sel=651 cap=2828 rest=114] sg=4->4 mode=NONE win=8 obs=216 | cap=wip act=(320,360) d=3.00 a=3 | sp=som:active d=3.0 age=0 som=2/8 dtg=13.98 region=0_2
ep=1455 s=216 3131ms [sel=3 cap=3013 rest=115] sg=4->4 mode=NONE win=8 obs=217 | cap=wip act=(320,360) d=3.00 a=1 | sp=som:active d=3.0 age=1 dtg=14.20 region=0_2
ep=1455 s=217 2692ms [sel=17 cap=2155 rest=484] sg=4->4 mode=NONE win=8 obs=218 | cap=wip act=(160,180) d=3.68 a=1 | preview=view3/6 yaw=+0 render=36ms | sp=preview:active d=3.7 age=0 dtg=14.43 region=0_2
ep=1455 s=218 3301ms [sel=4 cap=3183 rest=115] sg=4->4 mode=NONE win=8 obs=219 | cap=wip act=(320,360) d=3.45 a=3 | sp=preview:active d=3.5 age=1 dtg=14.43 region=0_2
ep=1455 s=219 8205ms [sel=3 cap=8099 rest=102] sg=4->4 mode=NONE win=8 obs=220 | cap=wip act=(320,360) d=3.45 a=1 | sp=preview:active d=3.5 age=2 dtg=14.64 region=0_2
ep=1455 s=220 3107ms [sel=18 cap=2593 rest=456] sg=4->4 mode=NONE win=8 obs=221 | cap=wip act=(160,180) d=4.78 a=1 | preview=view3/6 yaw=+0 render=40ms | sp=preview:active d=4.8 age=0 dtg=14.87 region=0_2
ep=1455 s=221 2500ms [sel=3 cap=2387 rest=109] sg=4->4 mode=NONE win=8 obs=222 | cap=wip act=(320,360) d=4.53 a=3 | sp=preview:active d=4.5 age=1 dtg=14.87 region=0_2
ep=1455 s=222 1977ms [sel=3 cap=1859 rest=116] sg=4->4 mode=NONE win=8 obs=223 | cap=wip act=(320,360) d=4.53 a=1 | sp=preview:active d=4.5 age=2 dtg=15.08 region=0_2
ep=1455 s=223 3159ms [sel=16 cap=2619 rest=483] sg=4->4 mode=NONE win=8 obs=224 | cap=wip act=(160,180) d=4.28 a=1 | preview=view2/6 yaw=-15 render=41ms | sp=preview:active d=4.3 age=0 dtg=15.30 region=0_2
ep=1455 s=224 1782ms [sel=4 cap=1663 rest=115] sg=4->4 mode=NONE win=8 obs=225 | cap=wip act=(320,360) d=4.04 a=1 | sp=preview:active d=4.0 age=1 dtg=15.53 region=0_2
ep=1455 s=225 1960ms [sel=3 cap=1849 rest=108] sg=4->4 mode=NONE win=8 obs=226 | cap=wip act=(320,360) d=3.79 a=1 | sp=preview:active d=3.8 age=2 dtg=15.76 region=0_2
ep=1455 s=226 1874ms [sel=3 cap=1764 rest=107] sg=4->4 mode=NONE win=8 obs=227 | cap=wip act=(320,360) d=3.55 a=2 | sp=preview:active d=3.6 age=3 dtg=15.76 region=0_2
ep=1455 s=227 1818ms [sel=3 cap=1711 rest=105] sg=4->4 mode=NONE win=8 obs=228 | cap=wip act=(320,360) d=3.55 a=1 | sp=preview:active d=3.6 age=4 dtg=16.01 region=None
ep=1455 s=228 1246ms [sel=3 cap=1139 rest=105] sg=4->4 mode=NONE win=8 obs=229 | cap=wip act=(320,360) d=3.30 a=1 | sp=preview:active d=3.3 age=5 dtg=16.26 region=0_5
ep=1455 s=229 1704ms [sel=3 cap=1594 rest=107] sg=4->4 mode=NONE win=8 obs=230 | cap=wip act=(320,360) d=3.05 a=1 | sp=preview:active d=3.1 age=6 dtg=16.51 region=0_5
ep=1455 s=230 8848ms [sel=3 cap=8330 rest=478] sg=4->4 mode=NONE win=8 obs=231 | cap=wip act=(320,360) d=2.80 a=1 | preview=view-/6 yaw=+0 render=36ms | sp=preview:active d=2.8 age=7 dtg=16.76 region=0_5
ep=1455 s=231 6015ms [sel=3 cap=5898 rest=113] sg=4->4 mode=NONE win=8 obs=232 | cap=wip act=(320,360) d=2.55 a=1 | sp=preview:active d=2.6 age=8 dtg=17.01 region=0_5
ep=1455 s=232 1894ms [sel=3 cap=1778 rest=113] sg=4->4 mode=NONE win=8 obs=233 | cap=wip act=(320,360) d=2.30 a=1 | sp=preview:active d=2.3 age=9 dtg=17.26 region=0_5
ep=1455 s=233 8719ms [sel=3 cap=8197 rest=483] sg=4->4 mode=NONE win=8 obs=234 | cap=wip act=(320,360) d=2.05 a=1 | preview=view-/6 yaw=+0 render=36ms | sp=preview:active d=2.1 age=10 dtg=17.51 region=0_5
ep=1455 s=234 2405ms [sel=3 cap=2294 rest=108] sg=4->4 mode=NONE win=8 obs=235 | cap=wip act=(320,360) d=1.80 a=1 | sp=preview:active d=1.8 age=11 dtg=17.76 region=0_5
ep=1455 s=235 5489ms [sel=667 cap=4707 rest=114] sg=4->4 mode=NONE win=8 obs=236 | cap=wip act=(320,360) d=6.45 a=2 | sp=frontier:active d=6.5 age=0 som=B/7 dtg=17.76 region=0_5
ep=1455 s=236 7989ms [sel=50 cap=7422 rest=479] sg=4->4 mode=NONE win=8 obs=237 | cap=wip act=(320,360) d=6.45 a=2 | preview=view-/6 yaw=+0 render=37ms | sp=frontier:active d=6.5 age=1 dtg=17.76 region=0_5
ep=1455 s=237 4160ms [sel=51 cap=3994 rest=115] sg=4->4 mode=NONE win=8 obs=238 | cap=wip act=(320,360) d=6.45 a=2 | sp=frontier:active d=6.5 age=2 dtg=17.76 region=0_5
ep=1455 s=238 3672ms [sel=50 cap=3503 rest=119] sg=4->4 mode=NONE win=8 obs=239 | cap=wip act=(320,360) d=6.45 a=2 | sp=frontier:active d=6.5 age=3 dtg=17.76 region=0_5
ep=1455 s=239 6992ms [sel=51 cap=6427 rest=478] sg=4->4 mode=NONE win=8 obs=240 | cap=wip act=(320,360) d=6.45 a=2 | preview=view-/6 yaw=+0 render=36ms | sp=frontier:active d=6.5 age=4 dtg=17.76 region=0_5
ep=1455 s=240 2069ms [sel=51 cap=1894 rest=124] sg=4->4 mode=NONE win=8 obs=241 | cap=wip act=(320,360) d=6.45 a=2 | sp=frontier:active d=6.5 age=5 dtg=17.76 region=0_5
ep=1455 s=241 2484ms [sel=51 cap=2321 rest=113] sg=4->4 mode=NONE win=8 obs=242 | cap=wip act=(320,360) d=6.45 a=2 | sp=frontier:active d=6.5 age=6 dtg=17.76 region=0_5
ep=1455 s=242 7760ms [sel=51 cap=7190 rest=483] sg=4->4 mode=NONE win=8 obs=243 | cap=wip act=(320,360) d=6.45 a=2 | preview=view-/6 yaw=+0 render=36ms | sp=frontier:active d=6.5 age=7 dtg=17.76 region=0_5
ep=1455 s=243 3544ms [sel=50 cap=3381 rest=114] sg=4->4 mode=NONE win=8 obs=244 | cap=wip act=(320,360) d=6.45 a=2 | sp=frontier:active d=6.5 age=8 dtg=17.76 region=0_5
ep=1455 s=244 2849ms [sel=44 cap=2688 rest=117] sg=4->4 mode=NONE win=8 obs=245 | cap=wip act=(320,360) d=6.45 a=2 | sp=frontier:active d=6.5 age=9 dtg=17.76 region=0_5
ep=1455 s=245 9501ms [sel=15 cap=8971 rest=473] sg=4->4 mode=NONE win=8 obs=246 | cap=wip act=(320,360) d=6.45 a=2 | preview=view-/6 yaw=+0 render=42ms | sp=frontier:active d=6.5 age=10 dtg=17.76 region=0_5
ep=1455 s=246 6443ms [sel=15 cap=6319 rest=109] sg=4->4 mode=GET_NOWHERE win=8 obs=247 | cap=wip/GET_NOWHERE act=(320,360) d=6.45 a=1 | sp=frontier:active d=6.5 age=11 dtg=17.52 region=0_5
ep=1455 s=247 6246ms [sel=14 cap=6120 rest=112] sg=4->4 mode=NONE win=8 obs=248 | cap=wip act=(320,360) d=6.21 a=2 | sp=frontier:active d=6.2 age=12 dtg=17.52 region=0_5
ep=1455 s=248 9839ms [sel=16 cap=9309 rest=477] sg=4->4 mode=NONE win=8 obs=249 | cap=wip act=(320,360) d=6.21 a=1 | preview=view-/6 yaw=+0 render=36ms | sp=frontier:active d=6.2 age=13 dtg=17.27 region=0_5
ep=1455 s=249 8604ms [sel=12 cap=8475 rest=117] sg=4->4 mode=NONE win=8 obs=250 | cap=wip act=(320,360) d=5.96 a=1 | sp=frontier:active d=6.0 age=14 dtg=17.02 region=0_5
ep=1455 s=250 8424ms [sel=12 cap=8296 rest=115] sg=4->4 mode=NONE win=8 obs=251 | cap=wip act=(320,360) d=5.71 a=1 | sp=frontier:active d=5.7 age=15 dtg=16.77 region=0_5
ep=1455 s=251 8788ms [sel=8 cap=8657 rest=123] sg=4->4 mode=NONE win=8 obs=252 | cap=wip act=(320,360) d=5.46 a=1 | sp=frontier:active d=5.5 age=16 dtg=16.52 region=0_5
ep=1455 s=252 7770ms [sel=6 cap=7236 rest=492] sg=4->4 mode=NONE win=8 obs=253 | cap=wip act=(320,360) d=5.21 a=1 | preview=view-/6 yaw=+0 render=36ms | sp=frontier:active d=5.2 age=17 dtg=16.27 region=0_5
ep=1455 s=253 4210ms [sel=3 cap=4084 rest=123] sg=4->4 mode=NONE win=8 obs=254 | cap=wip act=(320,360) d=4.96 a=1 | sp=frontier:active d=5.0 age=18 dtg=16.02 region=None
ep=1455 s=254 4452ms [sel=3 cap=4325 rest=124] sg=4->4 mode=NONE win=8 obs=255 | cap=wip act=(320,360) d=4.71 a=1 | sp=frontier:active d=4.7 age=19 dtg=15.77 region=0_2
ep=1455 s=255 4782ms [sel=3 cap=4261 rest=482] sg=4->4 mode=NONE win=8 obs=256 | cap=wip act=(320,360) d=4.46 a=1 | preview=view-/6 yaw=+0 render=36ms | sp=frontier:active d=4.5 age=20 dtg=15.53 region=0_2
ep=1455 s=256 1877ms [sel=3 cap=1752 rest=122] sg=4->4 mode=NONE win=8 obs=257 | cap=wip act=(320,360) d=4.21 a=1 | sp=frontier:active d=4.2 age=21 dtg=15.28 region=0_2
ep=1455 s=257 1850ms [sel=3 cap=1723 rest=125] sg=4->4 mode=NONE win=8 obs=258 | cap=wip act=(320,360) d=3.96 a=1 | sp=frontier:active d=4.0 age=22 dtg=15.03 region=0_2
ep=1455 s=258 1740ms [sel=3 cap=1619 rest=118] sg=4->4 mode=NONE win=8 obs=259 | cap=wip act=(320,360) d=3.71 a=1 | sp=frontier:active d=3.7 age=23 dtg=14.79 region=0_2
ep=1455 s=259 1890ms [sel=3 cap=1767 rest=120] sg=4->4 mode=NONE win=8 obs=260 | cap=wip act=(320,360) d=3.46 a=1 | sp=frontier:active d=3.5 age=24 dtg=14.55 region=0_2
ep=1455 s=260 2062ms [sel=3 cap=1528 rest=495] sg=4->4 mode=NONE win=8 obs=261 | cap=wip act=(320,360) d=3.21 a=1 | preview=view-/6 yaw=+0 render=36ms | sp=frontier:active d=3.2 age=25 dtg=14.31 region=0_2
ep=1455 s=261 1489ms [sel=4 cap=1365 rest=120] sg=4->4 mode=NONE win=8 obs=262 | cap=wip act=(320,360) d=2.96 a=1 | sp=frontier:active d=3.0 age=26 dtg=14.10 region=0_2
ep=1455 s=262 1877ms [sel=3 cap=1752 rest=122] sg=4->4 mode=NONE win=8 obs=263 | cap=wip act=(320,360) d=2.71 a=1 | sp=frontier:active d=2.7 age=27 dtg=13.91 region=0_2
ep=1455 s=263 3685ms [sel=4 cap=3151 rest=493] sg=4->4 mode=NONE win=8 obs=264 | cap=wip act=(320,360) d=2.47 a=1 | preview=view-/6 yaw=+0 render=37ms | sp=frontier:active d=2.5 age=28 dtg=13.75 region=0_2
ep=1455 s=264 1465ms [sel=3 cap=1349 rest=114] sg=4->4 mode=NONE win=8 obs=265 | cap=wip act=(320,360) d=2.22 a=1 | sp=frontier:active d=2.2 age=29 dtg=13.60 region=0_2
ep=1455 s=265 1407ms [sel=4 cap=1284 rest=120] sg=4->4 mode=NONE win=8 obs=266 | cap=wip act=(320,360) d=1.97 a=1 | sp=frontier:active d=2.0 age=30 dtg=13.46 region=0_2
ep=1455 s=266 6922ms [sel=3 cap=6392 rest=492] sg=4->4 mode=NONE win=8 obs=267 | cap=wip act=(320,360) d=1.72 a=2 | preview=view-/6 yaw=+0 render=36ms | sp=frontier:active d=1.7 age=31 dtg=13.46 region=0_2
ep=1455 s=267 3120ms [sel=4 cap=2993 rest=124] sg=4->4 mode=NONE win=8 obs=268 | cap=wip act=(320,360) d=1.72 a=1 | sp=frontier:active d=1.7 age=32 dtg=13.27 region=0_2
ep=1455 s=268 4482ms [sel=3 cap=4351 rest=128] sg=4->4 mode=NONE win=8 obs=269 | cap=wip act=(320,360) d=1.49 a=1 | sp=frontier:active d=1.5 age=33 dtg=13.09 region=0_2
ep=1455 s=269 9430ms [sel=3 cap=8896 rest=493] sg=4->4 mode=NONE win=8 obs=270 | cap=wip act=(320,360) d=1.26 a=1 | preview=view-/6 yaw=+0 render=37ms | sp=frontier:active d=1.3 age=34 dtg=12.92 region=0_2
ep=1455 s=270 6028ms [sel=602 cap=5297 rest=129] sg=4->4 mode=NONE win=8 obs=271 | cap=wip act=(320,360) d=1.05 a=1 | sp=frontier:active d=1.1 age=0 som=R/8 dtg=12.77 region=0_2
ep=1455 s=271 10475ms [sel=4 cap=10343 rest=128] sg=4->4 mode=NONE win=8 obs=272 | cap=wip act=(320,360) d=0.86 a=3 | sp=frontier:active d=0.9 age=1 dtg=12.77 region=0_2
ep=1455 s=272 10499ms [sel=3 cap=9965 rest=494] sg=4->4 mode=NONE win=8 obs=273 | cap=wip act=(320,360) d=0.86 a=1 | preview=view-/6 yaw=+0 render=36ms | sp=frontier:active d=0.9 age=2 dtg=12.71 region=0_2
ep=1455 s=273 5128ms [sel=599 cap=4403 rest=126] sg=4->4 mode=NONE win=8 obs=274 | cap=wip act=(320,360) d=2.52 a=3 | sp=som:active d=2.5 age=0 som=3/8 dtg=12.71 region=0_2
ep=1455 s=274 2717ms [sel=3 cap=2589 rest=125] sg=4->4 mode=NONE win=8 obs=275 | cap=wip act=(320,360) d=2.52 a=1 | sp=som:active d=2.5 age=1 dtg=12.75 region=0_1
ep=1455 s=275 8384ms [sel=3 cap=7838 rest=507] sg=4->4 mode=NONE win=8 obs=276 | cap=wip act=(320,360) d=2.27 a=3 | preview=view-/6 yaw=+0 render=36ms | sp=som:active d=2.3 age=2 dtg=12.75 region=0_1
ep=1455 s=276 4150ms [sel=5 cap=4020 rest=125] sg=4->4 mode=NONE win=8 obs=277 | cap=wip act=(320,360) d=2.27 a=1 | sp=som:active d=2.3 age=3 dtg=12.90 region=0_1
ep=1455 s=277 4211ms [sel=3 cap=4083 rest=125] sg=4->4 mode=NONE win=8 obs=278 | cap=wip act=(320,360) d=2.04 a=1 | sp=som:active d=2.0 age=4 dtg=12.77 region=0_1
ep=1455 s=278 4155ms [sel=3 cap=4025 rest=127] sg=4->4 mode=NONE win=8 obs=279 | cap=wip act=(320,360) d=1.82 a=2 | sp=som:active d=1.8 age=5 dtg=12.77 region=0_1
ep=1455 s=279 7174ms [sel=3 cap=7046 rest=125] sg=4->4 mode=NONE win=8 obs=280 | cap=wip act=(320,360) d=1.82 a=1 | sp=som:active d=1.8 age=6 dtg=12.54 region=0_1
ep=1455 s=280 3007ms [sel=3 cap=2878 rest=126] sg=4->4 mode=NONE win=8 obs=281 | cap=wip act=(320,360) d=1.58 a=2 | sp=som:active d=1.6 age=7 dtg=12.54 region=0_1
ep=1455 s=281 3013ms [sel=3 cap=2882 rest=129] sg=4->4 mode=NONE win=8 obs=282 | cap=wip act=(320,360) d=1.58 a=1 | sp=som:active d=1.6 age=8 dtg=12.29 region=0_1
ep=1455 s=282 2781ms [sel=3 cap=2647 rest=131] sg=4->4 mode=NONE win=8 obs=283 | cap=wip act=(320,360) d=1.33 a=1 | sp=som:active d=1.3 age=9 dtg=12.05 region=0_1
ep=1455 s=283 8305ms [sel=3 cap=7759 rest=507] sg=4->4 mode=NONE win=8 obs=284 | cap=wip act=(320,360) d=1.08 a=1 | preview=view-/6 yaw=+0 render=36ms | sp=som:active d=1.1 age=10 dtg=11.81 region=0_1
ep=1455 s=284 4157ms [sel=3 cap=4029 rest=126] sg=4->4 mode=NONE win=8 obs=285 | cap=wip act=(320,360) d=0.83 a=1 | sp=som:active d=0.8 age=11 dtg=11.58 region=0_1
ep=1455 s=285 4216ms [sel=3 cap=4087 rest=126] sg=4->4 mode=NONE win=8 obs=286 | cap=wip act=(320,360) d=0.58 a=1 | sp=som:active d=0.6 age=12 dtg=11.36 region=0_1
ep=1455 s=286 8917ms [sel=775 cap=0 rest=8106] sg=None->4 mode=NONE win=8 obs=287 | cap=- act=(320,360) d=12.83 a=2 | preview=view-/6 yaw=+0 render=37ms | sp=frontier:active d=12.8 age=0 som=B/8 ANALYSIS_ERROR_STAGE=unknown ANALYSIS_ERROR='CaptionerInferenceError: Captioner model inference failed' dtg=11.36 region=0_1
ep=1455 s=287 4587ms [sel=99 cap=4349 rest=138] sg=4->4 mode=NONE win=8 obs=288 | cap=wip act=(320,360) d=12.83 a=2 | sp=frontier:active d=12.8 age=1 dtg=11.36 region=0_1
ep=1455 s=288 2865ms [sel=109 cap=2624 rest=133] sg=4->4 mode=NONE win=8 obs=289 | cap=wip act=(320,360) d=12.83 a=2 | sp=frontier:active d=12.8 age=2 dtg=11.36 region=0_1
ep=1455 s=289 6108ms [sel=96 cap=5477 rest=497] sg=4->4 mode=NONE win=8 obs=290 | cap=wip act=(320,360) d=12.83 a=2 | preview=view-/6 yaw=+0 render=37ms | sp=frontier:active d=12.8 age=3 dtg=11.36 region=0_1
ep=1455 s=290 2774ms [sel=97 cap=2543 rest=134] sg=4->4 mode=NONE win=8 obs=291 | cap=wip act=(320,360) d=12.83 a=2 | sp=frontier:active d=12.8 age=4 dtg=11.36 region=0_1
ep=1455 s=291 2712ms [sel=97 cap=2484 rest=132] sg=4->4 mode=NONE win=8 obs=292 | cap=wip act=(320,360) d=12.83 a=2 | sp=frontier:active d=12.8 age=5 dtg=11.36 region=0_1
ep=1455 s=292 3494ms [sel=97 cap=3269 rest=128] sg=4->4 mode=NONE win=8 obs=293 | cap=wip act=(320,360) d=12.83 a=2 | sp=frontier:active d=12.8 age=6 dtg=11.36 region=0_1
ep=1455 s=293 3346ms [sel=97 cap=3119 rest=131] sg=4->4 mode=NONE win=8 obs=294 | cap=wip act=(320,360) d=12.83 a=2 | sp=frontier:active d=12.8 age=7 dtg=11.36 region=0_1
ep=1455 s=294 9726ms [sel=101 cap=9084 rest=504] sg=4->4 mode=NONE win=8 obs=295 | cap=wip act=(320,360) d=12.83 a=2 | preview=view-/6 yaw=+0 render=37ms | sp=frontier:active d=12.8 age=8 dtg=11.36 region=0_1
ep=1455 s=295 4817ms [sel=86 cap=4596 rest=135] sg=4->4 mode=NONE win=8 obs=296 | cap=wip act=(320,360) d=12.83 a=2 | sp=frontier:active d=12.8 age=9 dtg=11.36 region=0_1
ep=1455 s=296 3053ms [sel=65 cap=2856 rest=132] sg=4->4 mode=NONE win=8 obs=297 | cap=wip act=(320,360) d=12.83 a=2 | sp=frontier:active d=12.8 age=10 dtg=11.36 region=0_1
ep=1455 s=297 7295ms [sel=65 cap=6686 rest=508] sg=4->4 mode=NONE win=8 obs=298 | cap=wip act=(320,360) d=12.83 a=1 | preview=view-/6 yaw=+0 render=36ms | sp=frontier:active d=12.8 age=11 dtg=11.54 region=0_1
ep=1455 s=298 4494ms [sel=62 cap=4305 rest=127] sg=4->4 mode=NONE win=8 obs=299 | cap=wip act=(320,360) d=12.59 a=2 | sp=frontier:active d=12.6 age=12 dtg=11.54 region=0_1
ep=1455 s=299 3488ms [sel=61 cap=3302 rest=125] sg=4->4 mode=NONE win=8 obs=300 | cap=wip act=(320,360) d=12.59 a=1 | sp=frontier:active d=12.6 age=13 dtg=11.78 region=0_1
ep=1455 s=300 8212ms [sel=59 cap=7618 rest=499] sg=4->4 mode=NONE win=8 obs=301 | cap=wip act=(320,360) d=12.34 a=1 | preview=view-/6 yaw=+0 render=36ms | sp=frontier:active d=12.3 age=14 dtg=12.03 region=0_1
ep=1455 s=301 2813ms [sel=59 cap=2631 rest=123] sg=4->4 mode=NONE win=8 obs=302 | cap=wip act=(320,360) d=12.09 a=1 | sp=frontier:active d=12.1 age=15 dtg=12.27 region=0_1
ep=1455 s=302 3807ms [sel=54 cap=3632 rest=120] sg=4->4 mode=NONE win=8 obs=303 | cap=wip act=(320,360) d=11.84 a=1 | sp=frontier:active d=11.8 age=16 dtg=12.52 region=0_1
ep=1455 s=303 4580ms [sel=55 cap=3980 rest=508] sg=4->4 mode=NONE win=8 obs=304 | cap=wip act=(320,360) d=11.59 a=1 | preview=view-/6 yaw=+0 render=37ms | sp=frontier:active d=11.6 age=17 dtg=12.77 region=0_1
ep=1455 s=304 1627ms [sel=52 cap=1451 rest=124] sg=4->4 mode=NONE win=8 obs=305 | cap=wip act=(320,360) d=11.34 a=3 | sp=frontier:active d=11.3 age=18 dtg=12.77 region=0_1
ep=1455 s=305 1717ms [sel=53 cap=1529 rest=134] sg=4->4 mode=NONE win=8 obs=306 | cap=wip act=(320,360) d=11.34 a=1 | sp=frontier:active d=11.3 age=19 dtg=12.95 region=0_1
ep=1455 s=306 1669ms [sel=50 cap=1487 rest=133] sg=4->4 mode=NONE win=8 obs=307 | cap=wip act=(320,360) d=11.10 a=1 | sp=frontier:active d=11.1 age=20 dtg=12.88 region=0_1
ep=1455 s=307 1849ms [sel=48 cap=1669 rest=133] sg=4->4 mode=NONE win=8 obs=308 | cap=wip act=(320,360) d=10.85 a=1 | sp=frontier:active d=10.8 age=21 dtg=12.83 region=0_2
ep=1455 s=308 9360ms [sel=55 cap=8780 rest=489] sg=4->4 mode=NONE win=8 obs=309 | cap=wip act=(320,360) d=10.60 a=1 | preview=view-/6 yaw=+0 render=37ms | sp=frontier:active d=10.6 age=22 dtg=12.83 region=0_2
ep=1455 s=309 3957ms [sel=48 cap=3777 rest=132] sg=4->4 mode=NONE win=8 obs=310 | cap=wip act=(320,360) d=10.36 a=1 | sp=frontier:active d=10.4 age=23 dtg=12.87 region=0_2
ep=1455 s=310 4670ms [sel=44 cap=4497 rest=129] sg=4->4 mode=NONE win=8 obs=311 | cap=wip act=(320,360) d=10.11 a=2 | sp=frontier:active d=10.1 age=24 dtg=12.87 region=0_2
ep=1455 s=311 5221ms [sel=43 cap=4647 rest=495] sg=4->4 mode=NONE win=8 obs=312 | cap=wip act=(320,360) d=10.11 a=1 | preview=view-/6 yaw=+0 render=36ms | sp=frontier:active d=10.1 age=25 dtg=13.00 region=0_2
ep=1455 s=312 1943ms [sel=43 cap=1772 rest=128] sg=4->4 mode=NONE win=8 obs=313 | cap=wip act=(320,360) d=9.86 a=1 | sp=frontier:active d=9.9 age=26 dtg=13.13 region=0_2
ep=1455 s=313 2060ms [sel=40 cap=1899 rest=121] sg=4->4 mode=NONE win=8 obs=314 | cap=wip act=(320,360) d=9.61 a=1 | sp=frontier:active d=9.6 age=27 dtg=13.27 region=0_2
ep=1455 s=314 1891ms [sel=36 cap=1732 rest=122] sg=4->4 mode=NONE win=8 obs=315 | cap=wip act=(320,360) d=9.36 a=2 | sp=frontier:active d=9.4 age=28 dtg=13.27 region=0_2
ep=1455 s=315 1850ms [sel=35 cap=1695 rest=120] sg=4->4 mode=NONE win=8 obs=316 | cap=wip act=(320,360) d=9.36 a=1 | sp=frontier:active d=9.4 age=29 dtg=13.47 region=0_2
ep=1455 s=316 1896ms [sel=33 cap=1747 rest=115] sg=4->4 mode=NONE win=8 obs=317 | cap=wip act=(320,360) d=9.13 a=2 | sp=frontier:active d=9.1 age=30 dtg=13.47 region=0_2
ep=1455 s=317 2127ms [sel=33 cap=1974 rest=120] sg=4->4 mode=NONE win=8 obs=318 | cap=wip act=(320,360) d=9.13 a=1 | sp=frontier:active d=9.1 age=31 dtg=13.70 region=0_2
ep=1455 s=318 2599ms [sel=32 cap=2447 rest=119] sg=4->4 mode=GET_NOWHERE win=8 obs=319 | cap=wip/GET_NOWHERE act=(320,360) d=8.93 a=1 | sp=frontier:active d=8.9 age=32 dtg=13.93 region=0_2
ep=1455 s=319 5090ms [sel=31 cap=4941 rest=118] sg=4->4 mode=NONE win=8 obs=320 | cap=wip act=(320,360) d=8.73 a=3 | sp=frontier:active d=8.7 age=33 dtg=13.93 region=0_2
ep=1455 s=320 7724ms [sel=31 cap=7194 rest=464] sg=4->4 mode=NONE win=8 obs=321 | cap=wip act=(320,360) d=8.73 a=1 | preview=view-/6 yaw=+0 render=36ms | sp=frontier:active d=8.7 age=34 dtg=14.15 region=0_2
ep=1455 s=321 2697ms [sel=29 cap=2545 rest=123] sg=4->4 mode=NONE win=8 obs=322 | cap=wip act=(320,360) d=8.50 a=3 | sp=frontier:active d=8.5 age=35 dtg=14.15 region=0_2
ep=1455 s=322 4172ms [sel=40 cap=3936 rest=196] sg=4->4 mode=NONE win=8 obs=323 | cap=wip act=(320,360) d=8.50 a=1 | sp=frontier:active d=8.5 age=36 dtg=14.35 region=0_2
ep=1455 s=323 8923ms [sel=666 cap=7756 rest=465] sg=4->4 mode=NONE win=8 obs=324 | cap=wip act=(320,360) d=5.23 a=3 | preview=view-/6 yaw=+0 render=37ms | sp=frontier:active d=5.2 age=0 som=B/8 dtg=14.35 region=0_2
ep=1455 s=324 4093ms [sel=41 cap=3935 rest=118] sg=4->4 mode=NONE win=8 obs=325 | cap=wip act=(320,360) d=5.23 a=3 | sp=frontier:active d=5.2 age=1 dtg=14.35 region=0_2
ep=1455 s=325 6632ms [sel=40 cap=6466 rest=125] sg=4->4 mode=NONE win=8 obs=326 | cap=wip act=(320,360) d=5.23 a=3 | sp=frontier:active d=5.2 age=2 dtg=14.35 region=0_2
ep=1455 s=326 5689ms [sel=41 cap=5523 rest=125] sg=4->4 mode=NONE win=8 obs=327 | cap=wip act=(320,360) d=5.23 a=3 | sp=frontier:active d=5.2 age=3 dtg=14.35 region=0_2
ep=1455 s=327 4736ms [sel=43 cap=4566 rest=127] sg=4->4 mode=NONE win=8 obs=328 | cap=wip act=(320,360) d=5.23 a=3 | sp=frontier:active d=5.2 age=4 dtg=14.35 region=0_2
ep=1455 s=328 8086ms [sel=42 cap=7502 rest=505] sg=4->4 mode=NONE win=8 obs=329 | cap=wip act=(320,360) d=5.23 a=3 | preview=view-/6 yaw=+0 render=37ms | sp=frontier:active d=5.2 age=5 dtg=14.35 region=0_2
ep=1455 s=329 3391ms [sel=40 cap=3225 rest=126] sg=4->4 mode=NONE win=8 obs=330 | cap=wip act=(320,360) d=5.23 a=3 | sp=frontier:active d=5.2 age=6 dtg=14.35 region=0_2
ep=1455 s=330 3320ms [sel=40 cap=3151 rest=128] sg=4->4 mode=NONE win=8 obs=331 | cap=wip act=(320,360) d=5.23 a=3 | sp=frontier:active d=5.2 age=7 dtg=14.35 region=0_2
ep=1455 s=331 8753ms [sel=40 cap=8198 rest=479] sg=4->4 mode=NONE win=8 obs=332 | cap=wip act=(320,360) d=5.23 a=3 | preview=view-/6 yaw=+0 render=36ms | sp=frontier:active d=5.2 age=8 dtg=14.35 region=0_2
ep=1455 s=332 3283ms [sel=20 cap=3130 rest=133] sg=4->4 mode=NONE win=8 obs=333 | cap=wip act=(320,360) d=5.23 a=3 | sp=frontier:active d=5.2 age=9 dtg=14.35 region=0_2
ep=1455 s=333 8509ms [sel=5 cap=8376 rest=128] sg=4->4 mode=NONE win=8 obs=334 | cap=wip act=(320,360) d=5.23 a=3 | sp=frontier:active d=5.2 age=10 dtg=14.35 region=0_2
ep=1455 s=334 7212ms [sel=5 cap=7081 rest=127] sg=4->4 mode=NONE win=8 obs=335 | cap=wip act=(320,360) d=5.23 a=1 | sp=frontier:active d=5.2 age=11 dtg=14.12 region=0_2
ep=1455 s=335 7014ms [sel=4 cap=6886 rest=124] sg=4->4 mode=NONE win=8 obs=336 | cap=wip act=(320,360) d=5.01 a=1 | sp=frontier:active d=5.0 age=12 dtg=13.89 region=0_2
ep=1455 s=336 2009ms [sel=5 cap=1882 rest=123] sg=4->4 mode=NONE win=8 obs=337 | cap=wip act=(320,360) d=4.79 a=1 | sp=frontier:active d=4.8 age=13 dtg=13.69 region=0_2
ep=1455 s=337 7274ms [sel=3 cap=6744 rest=491] sg=4->4 mode=NONE win=8 obs=338 | cap=wip act=(320,360) d=4.57 a=1 | preview=view-/6 yaw=+0 render=36ms | sp=frontier:active d=4.6 age=14 dtg=13.49 region=0_2
ep=1455 s=338 4342ms [sel=3 cap=4213 rest=126] sg=4->4 mode=NONE win=8 obs=339 | cap=wip act=(320,360) d=4.35 a=3 | sp=frontier:active d=4.4 age=15 dtg=13.49 region=0_2
ep=1455 s=339 5213ms [sel=3 cap=5072 rest=138] sg=4->4 mode=NONE win=8 obs=340 | cap=wip act=(320,360) d=4.35 a=1 | sp=frontier:active d=4.4 age=16 dtg=13.35 region=0_2
ep=1455 s=340 9527ms [sel=3 cap=8998 rest=491] sg=4->4 mode=NONE win=8 obs=341 | cap=wip act=(320,360) d=4.11 a=1 | preview=view-/6 yaw=+0 render=36ms | sp=frontier:active d=4.1 age=17 dtg=13.21 region=0_2
ep=1455 s=341 4901ms [sel=3 cap=4770 rest=128] sg=4->4 mode=NONE win=8 obs=342 | cap=wip act=(320,360) d=3.87 a=1 | sp=frontier:active d=3.9 age=18 dtg=13.08 region=0_2
ep=1455 s=342 3883ms [sel=3 cap=3749 rest=131] sg=4->4 mode=NONE win=8 obs=343 | cap=wip act=(320,360) d=3.64 a=1 | sp=frontier:active d=3.6 age=19 dtg=12.96 region=0_2
ep=1455 s=343 4605ms [sel=3 cap=4062 rest=504] sg=4->4 mode=NONE win=8 obs=344 | cap=wip act=(320,360) d=3.40 a=1 | preview=view-/6 yaw=+0 render=36ms | sp=frontier:active d=3.4 age=20 dtg=12.87 region=0_2
ep=1455 s=344 2467ms [sel=3 cap=2336 rest=128] sg=4->4 mode=NONE win=8 obs=345 | cap=wip act=(320,360) d=3.17 a=1 | sp=frontier:active d=3.2 age=21 dtg=12.82 region=0_2
ep=1455 s=345 8186ms [sel=3 cap=8054 rest=129] sg=4->4 mode=NONE win=8 obs=346 | cap=wip act=(320,360) d=2.94 a=1 | sp=frontier:active d=2.9 age=22 dtg=12.80 region=0_1
ep=1455 s=346 2949ms [sel=41 cap=2376 rest=493] sg=4->4 mode=NONE win=8 obs=347 | cap=wip act=(160,180) d=3.38 a=2 | preview=view0/6 yaw=-180 render=39ms | sp=preview:active d=3.4 age=0 dtg=12.80 region=0_1
ep=1455 s=347 8954ms [sel=28 cap=8792 rest=134] sg=4->4 mode=NONE win=8 obs=348 | cap=wip act=(320,360) d=3.38 a=2 | sp=preview:active d=3.4 age=1 dtg=12.80 region=0_1
ep=1455 s=348 8215ms [sel=28 cap=8051 rest=136] sg=4->4 mode=NONE win=8 obs=349 | cap=wip act=(320,360) d=3.38 a=2 | sp=preview:active d=3.4 age=2 dtg=12.80 region=0_1
ep=1455 s=349 4934ms [sel=32 cap=4767 rest=134] sg=4->4 mode=NONE win=8 obs=350 | cap=wip act=(320,360) d=3.38 a=2 | sp=preview:active d=3.4 age=3 dtg=12.80 region=0_1
ep=1455 s=350 2199ms [sel=30 cap=2035 rest=135] sg=4->4 mode=NONE win=8 obs=351 | cap=wip act=(320,360) d=3.38 a=2 | sp=preview:active d=3.4 age=4 dtg=12.80 region=0_1
ep=1455 s=351 3776ms [sel=35 cap=3186 rest=519] sg=4->4 mode=NONE win=8 obs=352 | cap=wip act=(320,360) d=3.38 a=2 | preview=view-/6 yaw=+0 render=37ms | sp=preview:active d=3.4 age=5 dtg=12.80 region=0_1
ep=1455 s=352 2322ms [sel=29 cap=2161 rest=133] sg=4->4 mode=NONE win=8 obs=353 | cap=wip act=(320,360) d=3.38 a=2 | sp=preview:active d=3.4 age=6 dtg=12.80 region=0_1
ep=1455 s=353 1946ms [sel=29 cap=1785 rest=131] sg=4->4 mode=NONE win=8 obs=354 | cap=wip act=(320,360) d=3.38 a=2 | sp=preview:active d=3.4 age=7 dtg=12.80 region=0_1
ep=1455 s=354 5908ms [sel=28 cap=5326 rest=517] sg=4->4 mode=NONE win=8 obs=355 | cap=wip act=(320,360) d=3.38 a=2 | preview=view-/6 yaw=+0 render=37ms | sp=preview:active d=3.4 age=8 dtg=12.80 region=0_1
ep=1455 s=355 2131ms [sel=26 cap=1968 rest=137] sg=4->4 mode=NONE win=8 obs=356 | cap=wip act=(320,360) d=3.38 a=2 | sp=preview:active d=3.4 age=9 dtg=12.80 region=0_1
ep=1455 s=356 2140ms [sel=4 cap=2004 rest=132] sg=4->4 mode=NONE win=8 obs=357 | cap=wip act=(320,360) d=3.38 a=2 | sp=preview:active d=3.4 age=10 dtg=12.80 region=0_1
ep=1455 s=357 8195ms [sel=3 cap=7634 rest=521] sg=4->4 mode=NONE win=8 obs=358 | cap=wip act=(320,360) d=3.38 a=1 | preview=view-/6 yaw=+0 render=36ms | sp=preview:active d=3.4 age=11 dtg=12.75 region=0_2
ep=1455 s=358 8861ms [sel=670 cap=8061 rest=130] sg=4->4 mode=NONE win=8 obs=359 | cap=wip act=(320,360) d=2.48 a=2 | sp=frontier:active d=2.5 age=0 som=B/8 dtg=12.75 region=0_2
ep=1455 s=359 11281ms [sel=22 cap=11130 rest=128] sg=4->4 mode=NONE win=8 obs=360 | cap=wip act=(320,360) d=2.48 a=2 | sp=frontier:active d=2.5 age=1 dtg=12.75 region=0_2
ep=1455 s=360 3483ms [sel=22 cap=3329 rest=131] sg=4->4 mode=NONE win=8 obs=361 | cap=wip act=(320,360) d=2.48 a=2 | sp=frontier:active d=2.5 age=2 dtg=12.75 region=0_2
ep=1455 s=361 8781ms [sel=23 cap=8232 rest=490] sg=4->4 mode=NONE win=8 obs=362 | cap=wip act=(320,360) d=2.48 a=2 | preview=view-/6 yaw=+0 render=36ms | sp=frontier:active d=2.5 age=3 dtg=12.75 region=0_2
ep=1455 s=362 3511ms [sel=22 cap=3354 rest=135] sg=4->4 mode=NONE win=8 obs=363 | cap=wip act=(320,360) d=2.48 a=2 | sp=frontier:active d=2.5 age=4 dtg=12.75 region=0_2
ep=1455 s=363 3682ms [sel=22 cap=3529 rest=131] sg=4->4 mode=NONE win=8 obs=364 | cap=wip act=(320,360) d=2.48 a=2 | sp=frontier:active d=2.5 age=5 dtg=12.75 region=0_2
ep=1455 s=364 8601ms [sel=22 cap=8048 rest=495] sg=4->4 mode=NONE win=8 obs=365 | cap=wip act=(320,360) d=2.48 a=2 | preview=view-/6 yaw=+0 render=37ms | sp=frontier:active d=2.5 age=6 dtg=12.75 region=0_2
ep=1455 s=365 4156ms [sel=25 cap=4002 rest=128] sg=4->4 mode=NONE win=8 obs=366 | cap=wip act=(320,360) d=2.48 a=2 | sp=frontier:active d=2.5 age=7 dtg=12.75 region=0_2
ep=1455 s=366 4638ms [sel=22 cap=4486 rest=131] sg=4->4 mode=NONE win=8 obs=367 | cap=wip act=(320,360) d=2.48 a=2 | sp=frontier:active d=2.5 age=8 dtg=12.75 region=0_2
ep=1455 s=367 5933ms [sel=18 cap=5374 rest=505] sg=4->4 mode=NONE win=8 obs=368 | cap=wip act=(320,360) d=2.48 a=2 | preview=view-/6 yaw=+0 render=36ms | sp=frontier:active d=2.5 age=9 dtg=12.75 region=0_2
ep=1455 s=368 1582ms [sel=5 cap=1448 rest=129] sg=4->4 mode=NONE win=8 obs=369 | cap=wip act=(320,360) d=2.48 a=2 | sp=frontier:active d=2.5 age=10 dtg=12.75 region=0_2
ep=1455 s=369 2080ms [sel=3 cap=1949 rest=128] sg=4->4 mode=NONE win=8 obs=370 | cap=wip act=(320,360) d=2.48 a=1 | sp=frontier:active d=2.5 age=11 dtg=12.86 region=0_1
ep=1455 s=370 5627ms [sel=4 cap=5079 rest=508] sg=4->4 mode=NONE win=8 obs=371 | cap=wip act=(320,360) d=2.26 a=1 | preview=view-/6 yaw=+0 render=36ms | sp=frontier:active d=2.3 age=12 dtg=12.98 region=0_1
ep=1455 s=371 1821ms [sel=3 cap=1688 rest=130] sg=4->4 mode=NONE win=8 obs=372 | cap=wip act=(320,360) d=2.03 a=2 | sp=frontier:active d=2.0 age=13 dtg=12.98 region=0_1
ep=1455 s=372 1972ms [sel=3 cap=1841 rest=128] sg=4->4 mode=NONE win=8 obs=373 | cap=wip act=(320,360) d=2.03 a=1 | sp=frontier:active d=2.0 age=14 dtg=12.75 region=0_1
ep=1455 s=373 8059ms [sel=3 cap=7520 rest=500] sg=4->4 mode=NONE win=8 obs=374 | cap=wip act=(320,360) d=1.79 a=2 | preview=view-/6 yaw=+0 render=36ms | sp=frontier:active d=1.8 age=15 dtg=12.75 region=0_1
ep=1455 s=374 3162ms [sel=3 cap=3028 rest=130] sg=4->4 mode=NONE win=8 obs=375 | cap=wip act=(320,360) d=1.79 a=1 | sp=frontier:active d=1.8 age=16 dtg=12.50 region=0_1
ep=1455 s=375 4778ms [sel=3 cap=4641 rest=134] sg=4->4 mode=NONE win=8 obs=376 | cap=wip act=(320,360) d=1.54 a=1 | sp=frontier:active d=1.5 age=17 dtg=12.26 region=0_1
ep=1455 s=376 6058ms [sel=3 cap=5517 rest=502] sg=4->4 mode=NONE win=8 obs=377 | cap=wip act=(320,360) d=1.29 a=1 | preview=view-/6 yaw=+0 render=36ms | sp=frontier:active d=1.3 age=18 dtg=12.01 region=0_1
ep=1455 s=377 2406ms [sel=3 cap=2274 rest=130] sg=4->4 mode=NONE win=8 obs=378 | cap=wip act=(320,360) d=1.04 a=1 | sp=frontier:active d=1.0 age=19 dtg=11.77 region=0_1
ep=1455 s=378 3720ms [sel=3 cap=3589 rest=128] sg=4->4 mode=NONE win=8 obs=379 | cap=wip act=(320,360) d=0.79 a=1 | sp=frontier:active d=0.8 age=20 dtg=11.54 region=0_1
ep=1455 s=379 8465ms [sel=3 cap=7909 rest=514] sg=4->4 mode=NONE win=8 obs=380 | cap=wip act=(320,360) d=0.54 a=1 | preview=view-/6 yaw=+0 render=39ms | sp=frontier:active d=0.5 age=21 dtg=11.32 region=0_1
ep=1455 s=380 5394ms [sel=767 cap=4488 rest=139] sg=4->4 mode=GET_NOWHERE win=8 obs=381 | cap=wip/GET_NOWHERE act=(320,360) d=12.87 a=2 | sp=frontier:active d=12.9 age=0 som=B/8 dtg=11.32 region=0_1
ep=1455 s=381 8542ms [sel=95 cap=8306 rest=141] sg=4->4 mode=NONE win=8 obs=382 | cap=wip act=(320,360) d=12.87 a=2 | sp=frontier:active d=12.9 age=1 dtg=11.32 region=0_1
ep=1455 s=382 4620ms [sel=96 cap=4390 rest=134] sg=4->4 mode=NONE win=8 obs=383 | cap=wip act=(320,360) d=12.87 a=2 | sp=frontier:active d=12.9 age=2 dtg=11.32 region=0_1
ep=1455 s=383 6546ms [sel=94 cap=5907 rest=510] sg=4->4 mode=NONE win=8 obs=384 | cap=wip act=(320,360) d=12.87 a=2 | preview=view-/6 yaw=+0 render=36ms | sp=frontier:active d=12.9 age=3 dtg=11.32 region=0_1
ep=1455 s=384 1770ms [sel=93 cap=1544 rest=133] sg=4->4 mode=NONE win=8 obs=385 | cap=wip act=(320,360) d=12.87 a=2 | sp=frontier:active d=12.9 age=4 dtg=11.32 region=0_1
ep=1455 s=385 2160ms [sel=93 cap=1935 rest=133] sg=4->4 mode=NONE win=8 obs=386 | cap=wip act=(320,360) d=12.87 a=2 | sp=frontier:active d=12.9 age=5 dtg=11.32 region=0_1
ep=1455 s=386 2030ms [sel=95 cap=1806 rest=129] sg=4->4 mode=NONE win=8 obs=387 | cap=wip act=(320,360) d=12.87 a=2 | sp=frontier:active d=12.9 age=6 dtg=11.32 region=0_1
ep=1455 s=387 6541ms [sel=95 cap=5908 rest=502] sg=4->4 mode=NONE win=8 obs=388 | cap=wip act=(320,360) d=12.87 a=2 | preview=view-/6 yaw=+0 render=36ms | sp=frontier:active d=12.9 age=7 dtg=11.32 region=0_1
ep=1455 s=388 3800ms [sel=98 cap=3563 rest=139] sg=4->4 mode=NONE win=8 obs=389 | cap=wip act=(320,360) d=12.87 a=2 | sp=frontier:active d=12.9 age=8 dtg=11.32 region=0_1
ep=1455 s=389 3935ms [sel=75 cap=3727 rest=134] sg=4->4 mode=NONE win=8 obs=390 | cap=wip act=(320,360) d=12.87 a=2 | sp=frontier:active d=12.9 age=9 dtg=11.32 region=0_1
ep=1455 s=390 15577ms [sel=60 cap=14975 rest=506] sg=4->4 mode=NONE win=8 obs=391 | cap=wip act=(320,360) d=12.87 a=2 | preview=view-/6 yaw=+0 render=36ms | sp=frontier:active d=12.9 age=10 dtg=11.32 region=0_1
ep=1455 s=391 6214ms [sel=59 cap=6023 rest=132] sg=4->4 mode=NONE win=8 obs=392 | cap=wip act=(320,360) d=12.87 a=1 | sp=frontier:active d=12.9 age=11 dtg=11.51 region=0_1
ep=1455 s=392 5334ms [sel=58 cap=5145 rest=131] sg=4->4 mode=NONE win=8 obs=393 | cap=wip act=(320,360) d=12.62 a=2 | sp=frontier:active d=12.6 age=12 dtg=11.51 region=0_1
ep=1455 s=393 5842ms [sel=58 cap=5659 rest=125] sg=4->4 mode=NONE win=8 obs=394 | cap=wip act=(320,360) d=12.62 a=1 | sp=frontier:active d=12.6 age=13 dtg=11.75 region=0_1
ep=1455 s=394 6076ms [sel=56 cap=5895 rest=125] sg=4->4 mode=NONE win=8 obs=395 | cap=wip act=(320,360) d=12.37 a=1 | sp=frontier:active d=12.4 age=14 dtg=11.99 region=0_1
ep=1455 s=395 6793ms [sel=54 cap=6195 rest=508] sg=4->4 mode=NONE win=8 obs=396 | cap=wip act=(320,360) d=12.12 a=1 | preview=view-/6 yaw=+0 render=36ms | sp=frontier:active d=12.1 age=15 dtg=12.24 region=0_1
ep=1455 s=396 2728ms [sel=52 cap=2553 rest=123] sg=4->4 mode=NONE win=8 obs=397 | cap=wip act=(320,360) d=11.87 a=1 | sp=frontier:active d=11.9 age=16 dtg=12.49 region=0_1
ep=1455 s=397 2823ms [sel=55 cap=2633 rest=135] sg=4->4 mode=NONE win=8 obs=398 | cap=wip act=(320,360) d=11.62 a=1 | sp=frontier:active d=11.6 age=17 dtg=12.73 region=0_1
ep=1455 s=398 9278ms [sel=49 cap=8693 rest=498] sg=4->4 mode=NONE win=8 obs=399 | cap=wip act=(320,360) d=11.37 a=3 | preview=view-/6 yaw=+0 render=37ms | sp=frontier:active d=11.4 age=18 dtg=12.73 region=0_1
ep=1455 s=399 6358ms [sel=49 cap=0 rest=6309] sg=None->4 mode=NONE win=8 obs=400 | cap=- act=(320,360) d=11.37 a=1 | sp=frontier:active d=11.4 age=19 ANALYSIS_ERROR_STAGE=unknown ANALYSIS_ERROR='CaptionerInferenceError: Captioner model inference failed' dtg=12.94 region=0_1
ep=1455 s=400 2405ms [sel=54 cap=2218 rest=133] sg=4->4 mode=NONE win=8 obs=401 | cap=wip act=(320,360) d=11.13 a=1 | sp=frontier:active d=11.1 age=20 dtg=12.86 region=0_1
ep=1455 s=401 3071ms [sel=17 cap=2525 rest=492] sg=4->4 mode=NONE win=8 obs=402 | cap=wip act=(160,180) d=3.43 a=1 | preview=view3/6 yaw=+0 render=37ms | sp=preview:active d=3.4 age=0 dtg=12.81 region=0_2
ep=1455 s=402 2122ms [sel=3 cap=1986 rest=134] sg=4->4 mode=NONE win=8 obs=403 | cap=wip act=(320,360) d=3.19 a=1 | sp=preview:active d=3.2 age=1 dtg=12.81 region=0_2
ep=1455 s=403 2817ms [sel=3 cap=2682 rest=132] sg=4->4 mode=NONE win=8 obs=404 | cap=wip act=(320,360) d=2.96 a=1 | sp=preview:active d=3.0 age=2 dtg=12.84 region=0_2
ep=1455 s=404 6893ms [sel=4 cap=6362 rest=490] sg=4->4 mode=NONE win=8 obs=405 | cap=wip act=(320,360) d=2.72 a=2 | preview=view-/6 yaw=+0 render=36ms | sp=preview:active d=2.7 age=3 dtg=12.84 region=0_2
ep=1455 s=405 7541ms [sel=3 cap=7408 rest=130] sg=4->4 mode=GET_NOWHERE win=8 obs=406 | cap=wip/GET_NOWHERE act=(320,360) d=2.72 a=1 | sp=preview:active d=2.7 age=4 dtg=12.97 region=0_2
ep=1455 s=406 4307ms [sel=4 cap=4178 rest=126] sg=4->4 mode=NONE win=8 obs=407 | cap=wip act=(320,360) d=2.47 a=1 | sp=preview:active d=2.5 age=5 dtg=13.10 region=0_2
ep=1455 s=407 11175ms [sel=3 cap=11049 rest=123] sg=4->4 mode=GET_NOWHERE win=8 obs=408 | cap=wip/GET_NOWHERE act=(320,360) d=2.22 a=1 | sp=preview:active d=2.2 age=6 dtg=13.24 region=0_2
ep=1455 s=408 6347ms [sel=4 cap=6218 rest=125] sg=4->4 mode=NONE win=8 obs=409 | cap=wip act=(320,360) d=1.98 a=2 | sp=preview:active d=2.0 age=7 dtg=13.24 region=0_2
ep=1455 s=409 8771ms [sel=3 cap=8235 rest=496] sg=4->4 mode=NONE win=8 obs=410 | cap=wip act=(320,360) d=1.98 a=1 | preview=view-/6 yaw=+0 render=37ms | sp=preview:active d=2.0 age=8 dtg=13.43 region=0_2
ep=1455 s=410 3590ms [sel=3 cap=3468 rest=120] sg=4->4 mode=NONE win=8 obs=411 | cap=wip act=(320,360) d=1.73 a=2 | sp=preview:active d=1.7 age=9 dtg=13.43 region=0_2
ep=1455 s=411 3124ms [sel=3 cap=2996 rest=125] sg=4->4 mode=NONE win=8 obs=412 | cap=wip act=(320,360) d=1.73 a=1 | sp=preview:active d=1.7 age=10 dtg=13.67 region=0_2
ep=1455 s=412 13896ms [sel=3 cap=13360 rest=497] sg=4->4 mode=NONE win=8 obs=413 | cap=wip act=(320,360) d=1.50 a=1 | preview=view-/6 yaw=+0 render=37ms | sp=preview:active d=1.5 age=11 dtg=13.90 region=0_2
ep=1455 s=413 3577ms [sel=3 cap=3455 rest=119] sg=4->4 mode=NONE win=8 obs=414 | cap=wip act=(320,360) d=1.28 a=3 | sp=preview:active d=1.3 age=12 dtg=13.90 region=0_2
ep=1455 s=414 4469ms [sel=669 cap=3680 rest=119] sg=4->4 mode=NONE win=8 obs=415 | cap=wip act=(320,360) d=4.73 a=3 | sp=frontier:active d=4.7 age=0 som=B/8 dtg=13.90 region=0_2
ep=1455 s=415 7424ms [sel=37 cap=6883 rest=469] sg=4->4 mode=NONE win=8 obs=416 | cap=wip act=(320,360) d=4.73 a=3 | preview=view-/6 yaw=+0 render=36ms | sp=frontier:active d=4.7 age=1 dtg=13.90 region=0_2
ep=1455 s=416 1440ms [sel=37 cap=1278 rest=125] sg=4->4 mode=NONE win=8 obs=417 | cap=wip act=(320,360) d=4.73 a=3 | sp=frontier:active d=4.7 age=2 dtg=13.90 region=0_2
ep=1455 s=417 2723ms [sel=37 cap=2559 rest=127] sg=4->4 mode=NONE win=8 obs=418 | cap=wip act=(320,360) d=4.73 a=3 | sp=frontier:active d=4.7 age=3 dtg=13.90 region=0_2
ep=1455 s=418 9338ms [sel=36 cap=8779 rest=486] sg=4->4 mode=NONE win=8 obs=419 | cap=wip act=(320,360) d=4.73 a=3 | preview=view-/6 yaw=+0 render=36ms | sp=frontier:active d=4.7 age=4 dtg=13.90 region=0_2
ep=1455 s=419 4009ms [sel=36 cap=3841 rest=132] sg=4->4 mode=GET_NOWHERE win=8 obs=420 | cap=wip/GET_NOWHERE act=(320,360) d=4.73 a=3 | sp=frontier:active d=4.7 age=5 dtg=13.90 region=0_2
ep=1455 s=420 4752ms [sel=36 cap=4584 rest=133] sg=4->4 mode=GET_NOWHERE win=8 obs=421 | cap=wip/GET_NOWHERE act=(320,360) d=4.73 a=3 | sp=frontier:active d=4.7 age=6 dtg=13.90 region=0_2
ep=1455 s=421 4477ms [sel=36 cap=4311 rest=130] sg=4->4 mode=NONE win=8 obs=422 | cap=wip act=(320,360) d=4.73 a=3 | sp=frontier:active d=4.7 age=7 dtg=13.90 region=0_2
ep=1455 s=422 4298ms [sel=36 cap=4124 rest=138] sg=4->4 mode=NONE win=8 obs=423 | cap=wip act=(320,360) d=4.73 a=3 | sp=frontier:active d=4.7 age=8 dtg=13.90 region=0_2
ep=1455 s=423 6708ms [sel=32 cap=6139 rest=499] sg=4->4 mode=NONE win=8 obs=424 | cap=wip act=(320,360) d=4.73 a=3 | preview=view-/6 yaw=+0 render=37ms | sp=frontier:active d=4.7 age=9 dtg=13.90 region=0_2
ep=1455 s=424 1483ms [sel=25 cap=1320 rest=138] sg=4->4 mode=NONE win=8 obs=425 | cap=wip act=(320,360) d=4.73 a=3 | sp=frontier:active d=4.7 age=10 dtg=13.90 region=0_2
ep=1455 s=425 1728ms [sel=6 cap=1590 rest=131] sg=4->4 mode=NONE win=8 obs=426 | cap=wip act=(320,360) d=4.73 a=1 | sp=frontier:active d=4.7 age=11 dtg=13.67 region=0_2
ep=1455 s=426 1594ms [sel=8 cap=1450 rest=135] sg=4->4 mode=NONE win=8 obs=427 | cap=wip act=(320,360) d=4.55 a=1 | sp=frontier:active d=4.6 age=12 dtg=13.43 region=0_2
ep=1455 s=427 2283ms [sel=14 cap=2134 rest=135] sg=4->4 mode=NONE win=8 obs=428 | cap=wip act=(320,360) d=4.38 a=3 | sp=frontier:active d=4.4 age=13 dtg=13.43 region=0_2
ep=1455 s=428 9544ms [sel=3 cap=8987 rest=518] sg=4->4 mode=NONE win=8 obs=429 | cap=wip act=(320,360) d=4.38 a=1 | preview=view-/6 yaw=+0 render=36ms | sp=frontier:active d=4.4 age=14 dtg=13.24 region=0_2
ep=1455 s=429 3085ms [sel=3 cap=2949 rest=133] sg=4->4 mode=NONE win=8 obs=430 | cap=wip act=(320,360) d=4.17 a=3 | sp=frontier:active d=4.2 age=15 dtg=13.24 region=0_2
ep=1455 s=430 8749ms [sel=3 cap=8623 rest=123] sg=4->4 mode=NONE win=8 obs=431 | cap=wip act=(320,360) d=4.17 a=1 | sp=frontier:active d=4.2 age=16 dtg=13.10 region=0_2
ep=1455 s=431 4132ms [sel=3 cap=3584 rest=510] sg=4->4 mode=NONE win=8 obs=432 | cap=wip act=(320,360) d=3.94 a=1 | preview=view-/6 yaw=+0 render=36ms | sp=frontier:active d=3.9 age=17 dtg=12.97 region=0_2
ep=1455 s=432 1776ms [sel=3 cap=1643 rest=131] sg=4->4 mode=NONE win=8 obs=433 | cap=wip act=(320,360) d=3.70 a=1 | sp=frontier:active d=3.7 age=18 dtg=12.84 region=0_2
ep=1455 s=433 1616ms [sel=3 cap=1480 rest=132] sg=4->4 mode=NONE win=8 obs=434 | cap=wip act=(320,360) d=3.47 a=1 | sp=frontier:active d=3.5 age=19 dtg=12.74 region=0_2
ep=1455 s=434 1585ms [sel=3 cap=1450 rest=132] sg=4->4 mode=NONE win=8 obs=435 | cap=wip act=(320,360) d=3.24 a=3 | sp=frontier:active d=3.2 age=20 dtg=12.74 region=0_2
ep=1455 s=435 1655ms [sel=3 cap=1522 rest=131] sg=4->4 mode=NONE win=8 obs=436 | cap=wip act=(320,360) d=3.24 a=1 | sp=frontier:active d=3.2 age=21 dtg=12.75 region=0_2
ep=1455 s=436 2614ms [sel=3 cap=2482 rest=129] sg=4->4 mode=NONE win=8 obs=437 | cap=wip act=(320,360) d=3.00 a=3 | sp=frontier:active d=3.0 age=22 dtg=12.75 region=0_2
ep=1455 s=437 2555ms [sel=3 cap=2000 rest=516] sg=4->4 mode=NONE win=8 obs=438 | cap=wip act=(320,360) d=3.00 a=1 | preview=view-/6 yaw=+0 render=36ms | sp=frontier:active d=3.0 age=23 dtg=12.85 region=0_1
ep=1455 s=438 2127ms [sel=4 cap=1994 rest=129] sg=4->4 mode=NONE win=8 obs=439 | cap=wip act=(320,360) d=2.75 a=1 | sp=frontier:active d=2.7 age=24 dtg=12.99 region=0_1
ep=1455 s=439 4023ms [sel=3 cap=3891 rest=129] sg=4->4 mode=NONE win=8 obs=440 | cap=wip act=(320,360) d=2.50 a=2 | sp=frontier:active d=2.5 age=25 dtg=12.99 region=0_1
ep=1455 s=440 8204ms [sel=3 cap=7647 rest=518] sg=4->4 mode=NONE win=8 obs=441 | cap=wip act=(320,360) d=2.50 a=1 | preview=view-/6 yaw=+0 render=36ms | sp=frontier:active d=2.5 age=26 dtg=12.78 region=0_1
ep=1455 s=441 4573ms [sel=3 cap=4436 rest=134] sg=4->4 mode=NONE win=8 obs=442 | cap=wip act=(320,360) d=2.25 a=1 | sp=frontier:active d=2.3 age=27 dtg=12.55 region=0_1
ep=1455 s=442 3943ms [sel=4 cap=3807 rest=132] sg=4->4 mode=NONE win=8 obs=443 | cap=wip act=(320,360) d=2.01 a=1 | sp=frontier:active d=2.0 age=28 dtg=12.33 region=0_1
ep=1455 s=443 8655ms [sel=3 cap=8118 rest=495] sg=4->4 mode=NONE win=8 obs=444 | cap=wip act=(320,360) d=1.76 a=1 | preview=view-/6 yaw=+0 render=40ms | sp=frontier:active d=1.8 age=29 dtg=12.12 region=0_1
ep=1455 s=444 4675ms [sel=628 cap=3918 rest=130] sg=4->4 mode=NONE win=8 obs=445 | cap=wip act=(320,360) d=3.04 a=1 | sp=som:active d=3.0 age=0 som=5/8 dtg=11.93 region=0_1
ep=1455 s=445 3977ms [sel=3 cap=3843 rest=132] sg=4->4 mode=NONE win=8 obs=446 | cap=wip act=(320,360) d=2.82 a=1 | sp=som:active d=2.8 age=1 dtg=11.77 region=0_1
ep=1455 s=446 5067ms [sel=3 cap=4931 rest=132] sg=4->4 mode=NONE win=8 obs=447 | cap=wip act=(320,360) d=2.60 a=1 | sp=som:active d=2.6 age=2 dtg=11.62 region=0_1
ep=1455 s=447 3883ms [sel=3 cap=3740 rest=140] sg=4->4 mode=NONE win=8 obs=448 | cap=wip act=(320,360) d=2.39 a=3 | sp=som:active d=2.4 age=3 dtg=11.62 region=0_1
ep=1455 s=448 1916ms [sel=3 cap=1773 rest=140] sg=4->4 mode=NONE win=8 obs=449 | cap=wip act=(320,360) d=2.39 a=1 | sp=som:active d=2.4 age=4 dtg=11.58 region=0_1
ep=1455 s=449 2749ms [sel=3 cap=2605 rest=141] sg=4->4 mode=NONE win=8 obs=450 | cap=wip act=(320,360) d=2.15 a=3 | sp=som:active d=2.2 age=5 dtg=11.58 region=0_1
ep=1455 s=450 2451ms [sel=3 cap=2318 rest=130] sg=4->4 mode=NONE win=8 obs=451 | cap=wip act=(320,360) d=2.15 a=1 | sp=som:active d=2.2 age=6 dtg=11.65 region=0_1
ep=1455 s=451 6959ms [sel=3 cap=6413 rest=507] sg=4->4 mode=NONE win=8 obs=452 | cap=wip act=(320,360) d=1.91 a=1 | preview=view-/6 yaw=+0 render=36ms | sp=som:active d=1.9 age=7 dtg=11.77 region=0_1
ep=1455 s=452 2567ms [sel=3 cap=2435 rest=129] sg=4->4 mode=NONE win=8 obs=453 | cap=wip act=(320,360) d=1.66 a=2 | sp=som:active d=1.7 age=8 dtg=11.77 region=0_1
ep=1455 s=453 2598ms [sel=3 cap=2461 rest=134] sg=4->4 mode=NONE win=8 obs=454 | cap=wip act=(320,360) d=1.66 a=1 | sp=som:active d=1.7 age=9 dtg=11.78 region=0_1
ep=1455 s=454 8401ms [sel=3 cap=8269 rest=129] sg=4->4 mode=NONE win=8 obs=455 | cap=wip act=(320,360) d=1.43 a=2 | sp=som:active d=1.4 age=10 dtg=11.78 region=0_1
ep=1455 s=455 4875ms [sel=4 cap=4739 rest=132] sg=4->4 mode=NONE win=8 obs=456 | cap=wip act=(320,360) d=1.43 a=1 | sp=som:active d=1.4 age=11 dtg=11.59 region=0_1
ep=1455 s=456 1945ms [sel=5 cap=1798 rest=142] sg=4->4 mode=NONE win=8 obs=457 | cap=wip act=(320,360) d=1.25 a=1 | sp=som:active d=1.3 age=12 dtg=11.43 region=0_1
ep=1455 s=457 1898ms [sel=6 cap=1760 rest=132] sg=4->4 mode=NONE win=8 obs=458 | cap=wip act=(320,360) d=1.11 a=2 | sp=som:active d=1.1 age=13 dtg=11.43 region=0_1
ep=1455 s=458 1697ms [sel=9 cap=1561 rest=128] sg=4->4 mode=NONE win=8 obs=459 | cap=wip act=(320,360) d=1.11 a=1 | sp=som:active d=1.1 age=14 dtg=11.27 region=0_1
ep=1455 s=459 1711ms [sel=10 cap=1564 rest=136] sg=4->4 mode=NONE win=8 obs=460 | cap=wip act=(320,360) d=1.06 a=1 | sp=som:active d=1.1 age=15 dtg=11.18 region=0_1
ep=1455 s=460 6883ms [sel=12 cap=6327 rest=507] sg=4->4 mode=NONE win=8 obs=461 | cap=wip act=(320,360) d=1.08 a=3 | preview=view-/6 yaw=+0 render=36ms | sp=som:active d=1.1 age=16 dtg=11.18 region=0_1
ep=1455 s=461 4555ms [sel=9 cap=4418 rest=128] sg=4->4 mode=NONE win=8 obs=462 | cap=wip act=(320,360) d=1.08 a=1 | sp=som:active d=1.1 age=17 dtg=11.19 region=0_1
ep=1455 s=462 2884ms [sel=10 cap=2738 rest=136] sg=4->4 mode=NONE win=8 obs=463 | cap=wip act=(320,360) d=1.09 a=1 | sp=som:active d=1.1 age=18 dtg=11.22 region=0_1
ep=1455 s=463 5118ms [sel=17 cap=4538 rest=527] sg=4->4 mode=NONE win=8 obs=464 | cap=wip act=(320,360) d=1.15 a=3 | preview=view-/6 yaw=+0 render=36ms | sp=som:active d=1.2 age=19 dtg=11.22 region=0_1
ep=1455 s=464 2069ms [sel=15 cap=1925 rest=129] sg=4->4 mode=NONE win=8 obs=465 | cap=wip act=(320,360) d=1.15 a=3 | sp=som:active d=1.2 age=20 dtg=11.22 region=0_1
ep=1455 s=465 2162ms [sel=12 cap=2023 rest=127] sg=4->4 mode=NONE win=8 obs=466 | cap=wip act=(320,360) d=1.15 a=3 | sp=som:active d=1.2 age=21 dtg=11.22 region=0_1
ep=1455 s=466 2384ms [sel=10 cap=2244 rest=130] sg=4->4 mode=NONE win=8 obs=467 | cap=wip act=(320,360) d=1.15 a=1 | sp=som:active d=1.2 age=22 dtg=11.41 region=0_1
ep=1455 s=467 6803ms [sel=9 cap=6230 rest=526] sg=4->4 mode=NONE win=8 obs=468 | cap=wip act=(320,360) d=1.07 a=3 | preview=view-/6 yaw=+0 render=37ms | sp=som:active d=1.1 age=23 dtg=11.41 region=0_1
ep=1455 s=468 3343ms [sel=7 cap=3206 rest=130] sg=4->4 mode=NONE win=8 obs=469 | cap=wip act=(320,360) d=1.07 a=3 | sp=som:active d=1.1 age=24 dtg=11.41 region=0_1
ep=1455 s=469 3229ms [sel=4 cap=3099 rest=126] sg=4->4 mode=NONE win=8 obs=470 | cap=wip act=(320,360) d=1.07 a=1 | sp=som:active d=1.1 age=25 dtg=11.66 region=None
ep=1455 s=470 8478ms [sel=8 cap=7921 rest=513] sg=4->4 mode=NONE win=8 obs=471 | cap=wip act=(320,360) d=0.93 a=3 | preview=view-/6 yaw=+0 render=36ms | sp=som:active d=0.9 age=26 dtg=11.66 region=None
ep=1455 s=471 4001ms [sel=4 cap=3869 rest=128] sg=4->4 mode=NONE win=8 obs=472 | cap=wip act=(320,360) d=0.93 a=1 | sp=som:active d=0.9 age=27 dtg=11.91 region=None
ep=1455 s=472 4527ms [sel=8 cap=4394 rest=125] sg=4->4 mode=NONE win=8 obs=473 | cap=wip act=(320,360) d=0.77 a=3 | sp=som:active d=0.8 age=28 dtg=11.91 region=None
ep=1455 s=473 7170ms [sel=4 cap=6633 rest=498] sg=4->4 mode=NONE win=8 obs=474 | cap=wip act=(320,360) d=0.77 a=3 | preview=view-/6 yaw=+0 render=36ms | sp=som:active d=0.8 age=29 dtg=11.91 region=None
ep=1455 s=474 2917ms [sel=3 cap=2784 rest=130] sg=4->4 mode=NONE win=8 obs=475 | cap=wip act=(320,360) d=0.77 a=3 | sp=som:active d=0.8 age=30 dtg=11.91 region=None
ep=1455 s=475 3186ms [sel=3 cap=3049 rest=134] sg=4->4 mode=NONE win=8 obs=476 | cap=wip act=(320,360) d=0.77 a=3 | sp=som:active d=0.8 age=31 dtg=11.91 region=None
ep=1455 s=476 2672ms [sel=3 cap=2529 rest=140] sg=4->4 mode=NONE win=8 obs=477 | cap=wip act=(320,360) d=0.77 a=1 | sp=som:active d=0.8 age=32 dtg=12.01 region=None
ep=1455 s=477 4404ms [sel=3 cap=4269 rest=131] sg=4->4 mode=NONE win=8 obs=478 | cap=wip act=(320,360) d=0.52 a=1 | sp=som:active d=0.5 age=33 dtg=12.18 region=None
ep=1455 s=478 7758ms [sel=636 cap=6563 rest=522] sg=4->4 mode=NONE win=8 obs=479 | cap=wip act=(320,360) d=4.75 a=2 | preview=view-/6 yaw=+0 render=37ms | sp=frontier:active d=4.8 age=0 som=B/8 dtg=12.18 region=None
ep=1455 s=479 8263ms [sel=57 cap=8077 rest=129] sg=4->4 mode=NONE win=8 obs=480 | cap=wip act=(320,360) d=4.75 a=2 | sp=frontier:active d=4.8 age=1 dtg=12.18 region=None
ep=1455 s=480 4002ms [sel=57 cap=3809 rest=137] sg=4->4 mode=NONE win=8 obs=481 | cap=wip act=(320,360) d=4.75 a=2 | sp=frontier:active d=4.8 age=2 dtg=12.18 region=None
ep=1455 s=481 8935ms [sel=271 cap=8111 rest=514] sg=4->None mode=NONE win=8 obs=482 | cap=DONE act=(320,360) d=1.00 a=1 | preview=view-/6 yaw=+0 render=40ms | sp=frontier:active d=4.8 age=3 ovr=5 door_evts=3 dtg=12.43 region=0_0
ep=1455 s=482 138ms [sel=5 cap=0 rest=132] sg=None->None mode=NONE win=8 obs=483 | cap=- act=(320,360) d=1.00 a=1 | sp=frontier:active d=5.0 age=4 ovr=5 door_evts=3 dtg=12.68 region=0_0
ep=1455 s=483 133ms [sel=5 cap=0 rest=128] sg=None->None mode=NONE win=8 obs=484 | cap=- act=(320,360) d=1.00 a=1 | sp=frontier:active d=5.2 age=5 ovr=5 door_evts=3 dtg=12.92 region=0_0
ep=1455 s=484 128ms [sel=0 cap=0 rest=128] sg=None->None mode=NONE win=8 obs=485 | cap=- act=STOP | sp=frontier:active d=5.5 age=6 ovr=5 door_evts=3 dtg=12.92 region=0_0
rank=0 [6/7] id=1455 steps=485 success=0.000 spl=0.000 dtg=12.92 osr=0 path_length=69.00 ndtw=0.000 sdtw=0.000
PluginManager::Manager: duplicate static plugin StbImageImporter, ignoring
PluginManager::Manager: duplicate static plugin GltfImporter, ignoring
PluginManager::Manager: duplicate static plugin BasisImporter, ignoring
PluginManager::Manager: duplicate static plugin AssimpImporter, ignoring
PluginManager::Manager: duplicate static plugin AnySceneImporter, ignoring
PluginManager::Manager: duplicate static plugin AnyImageImporter, ignoring
episode=1777 instruction='Go in front of the seats across the room and halt before the 6th seat from the left.' start_position=[2.4858200550079346, 0.07521799951791763, 1.197890043258667] goal_position=[5.600629806518555, 0.07521799951791763, -2.1788699626922607] reference_geodesic=6.270608901977539
episode=1777 prepared_subgoals=3
  [1] Walk to the front of the seats
      proof: The front edge of the seating area is directly ahead of the camera, within a step.
  [2] Cross the room to the 6th seat from the left
      proof: The 6th seat from the left is directly ahead of the camera, within a step.
  [3] Halt before the 6th seat from the left
      proof: The camera is stopped beside the 6th seat from the left, with the seat central in the view
ep=1777 s=0 3113ms [sel=5 cap=2532 rest=540] sg=1->1 mode=NONE win=1 obs=1 | cap=wip act=PREVIEW a=2 | preview=view2/6 yaw=+0 render=35ms dtg=6.27 region=0_1
ep=1777 s=1 2793ms [sel=701 cap=1965 rest=127] sg=1->1 mode=NONE win=2 obs=2 | cap=wip act=TURN request=+45deg execute=+15deg x1 a=3 | sp=som:active d=2.3 age=0 som=5/7 dtg=6.27 region=0_1
ep=1777 s=2 1398ms [sel=5 cap=1270 rest=123] sg=1->1 mode=NONE win=3 obs=3 | cap=wip act=(320,360) d=2.26 a=3 | sp=som:active d=2.3 age=1 dtg=6.27 region=0_1
ep=1777 s=3 1364ms [sel=4 cap=1236 rest=124] sg=1->1 mode=NONE win=4 obs=4 | cap=wip act=(320,360) d=2.26 a=3 | sp=som:active d=2.3 age=2 dtg=6.27 region=0_1
ep=1777 s=4 1798ms [sel=3 cap=1668 rest=127] sg=1->1 mode=NONE win=5 obs=5 | cap=wip act=(320,360) d=2.26 a=1 | sp=som:active d=2.3 age=3 dtg=6.06 region=0_1
ep=1777 s=5 1517ms [sel=3 cap=1386 rest=128] sg=1->1 mode=NONE win=6 obs=6 | cap=wip act=(320,360) d=2.01 a=1 | sp=som:active d=2.0 age=4 dtg=5.86 region=0_1
ep=1777 s=6 1557ms [sel=4 cap=1422 rest=132] sg=1->1 mode=NONE win=7 obs=7 | cap=wip act=(320,360) d=1.76 a=3 | sp=som:active d=1.8 age=5 dtg=5.86 region=0_1
ep=1777 s=7 2409ms [sel=3 cap=2278 rest=128] sg=1->1 mode=NONE win=8 obs=8 | cap=wip act=(320,360) d=1.76 a=1 | sp=som:active d=1.8 age=6 dtg=5.71 region=0_1
ep=1777 s=8 2118ms [sel=3 cap=1983 rest=132] sg=1->1 mode=NONE win=8 obs=9 | cap=wip act=(320,360) d=1.53 a=1 | sp=som:active d=1.5 age=7 dtg=5.59 region=0_1
ep=1777 s=9 2625ms [sel=675 cap=1822 rest=128] sg=1->2 mode=NONE win=8 obs=10 | cap=DONE act=(320,360) d=2.32 a=1 | sp=som:active d=2.3 age=0 som=2/8 dtg=5.51 region=0_1
ep=1777 s=10 1496ms [sel=3 cap=1366 rest=127] sg=2->2 mode=NONE win=8 obs=11 | cap=wip act=(320,360) d=2.08 a=2 | sp=som:active d=2.1 age=1 dtg=5.51 region=0_1
ep=1777 s=11 2096ms [sel=3 cap=1959 rest=134] sg=2->2 mode=NONE win=8 obs=12 | cap=wip act=(320,360) d=2.08 a=1 | sp=som:active d=2.1 age=2 dtg=5.40 region=0_1
ep=1777 s=12 1799ms [sel=4 cap=1663 rest=133] sg=2->2 mode=NONE win=8 obs=13 | cap=wip act=(320,360) d=1.86 a=2 | sp=som:active d=1.9 age=3 dtg=5.40 region=0_1
ep=1777 s=13 2051ms [sel=7 cap=1914 rest=129] sg=2->2 mode=NONE win=8 obs=14 | cap=wip act=(320,360) d=1.86 a=1 | sp=som:active d=1.9 age=4 dtg=5.28 region=0_1
ep=1777 s=14 1966ms [sel=9 cap=1827 rest=130] sg=2->2 mode=NONE win=8 obs=15 | cap=wip act=(320,360) d=1.70 a=1 | sp=som:active d=1.7 age=5 dtg=5.19 region=0_1
ep=1777 s=15 2460ms [sel=11 cap=2318 rest=131] sg=2->2 mode=NONE win=8 obs=16 | cap=wip act=(320,360) d=1.56 a=3 | sp=som:active d=1.6 age=6 dtg=5.19 region=0_1
ep=1777 s=16 2692ms [sel=663 cap=1899 rest=130] sg=2->3 mode=NONE win=8 obs=17 | cap=DONE act=(320,360) d=3.56 a=3 | sp=frontier:active d=3.6 age=0 som=2/6 dtg=5.19 region=0_1
ep=1777 s=17 1312ms [sel=6 cap=1176 rest=130] sg=3->3 mode=NONE win=8 obs=18 | cap=wip act=(320,360) d=3.56 a=1 | sp=frontier:active d=3.6 age=1 dtg=5.28 region=0_1
ep=1777 s=18 6985ms [sel=15 cap=6405 rest=529] sg=3->3 mode=NONE win=8 obs=19 | cap=wip act=(320,360) d=3.36 a=3 | preview=view-/6 yaw=+0 render=35ms | sp=frontier:active d=3.4 age=2 dtg=5.28 region=0_1
ep=1777 s=19 1973ms [sel=3 cap=1841 rest=128] sg=3->3 mode=NONE win=8 obs=20 | cap=wip act=(320,360) d=3.36 a=3 | sp=frontier:active d=3.4 age=3 dtg=5.28 region=0_1
ep=1777 s=20 2860ms [sel=3 cap=2732 rest=125] sg=3->3 mode=NONE win=8 obs=21 | cap=wip act=(320,360) d=3.36 a=1 | sp=frontier:active d=3.4 age=4 dtg=5.50 region=0_1
ep=1777 s=21 9434ms [sel=3 cap=8850 rest=545] sg=3->3 mode=NONE win=8 obs=22 | cap=wip act=(320,360) d=3.12 a=1 | preview=view-/6 yaw=+0 render=36ms | sp=frontier:active d=3.1 age=5 dtg=5.73 region=0_1
ep=1777 s=22 3086ms [sel=3 cap=2954 rest=129] sg=3->3 mode=NONE win=8 obs=23 | cap=wip act=(320,360) d=2.87 a=3 | sp=frontier:active d=2.9 age=6 dtg=5.73 region=0_1
ep=1777 s=23 3774ms [sel=3 cap=3648 rest=123] sg=3->3 mode=NONE win=8 obs=24 | cap=wip act=(320,360) d=2.87 a=1 | sp=frontier:active d=2.9 age=7 dtg=4.73 region=0_1
ep=1777 s=24 5975ms [sel=3 cap=5413 rest=525] sg=3->3 mode=NONE win=8 obs=25 | cap=wip act=(320,360) d=2.62 a=1 | preview=view-/6 yaw=+0 render=34ms | sp=frontier:active d=2.6 age=8 dtg=4.48 region=0_1
ep=1777 s=25 2924ms [sel=3 cap=2791 rest=130] sg=3->3 mode=NONE win=8 obs=26 | cap=wip act=(320,360) d=2.37 a=1 | sp=frontier:active d=2.4 age=9 dtg=4.23 region=0_1
ep=1777 s=26 2555ms [sel=3 cap=2422 rest=130] sg=3->3 mode=NONE win=8 obs=27 | cap=wip act=(320,360) d=2.12 a=1 | sp=frontier:active d=2.1 age=10 dtg=3.98 region=0_1
ep=1777 s=27 7601ms [sel=5 cap=7053 rest=509] sg=3->3 mode=NONE win=8 obs=28 | cap=wip act=(320,360) d=1.88 a=1 | preview=view-/6 yaw=+0 render=34ms | sp=frontier:active d=1.9 age=11 dtg=3.74 region=0_1
ep=1777 s=28 2432ms [sel=3 cap=2304 rest=125] sg=3->3 mode=NONE win=8 obs=29 | cap=wip act=(320,360) d=1.63 a=1 | sp=frontier:active d=1.6 age=12 dtg=3.49 region=0_1
ep=1777 s=29 3561ms [sel=3 cap=3434 rest=124] sg=3->3 mode=NONE win=8 obs=30 | cap=wip act=(320,360) d=1.38 a=1 | sp=frontier:active d=1.4 age=13 dtg=3.24 region=0_1
ep=1777 s=30 9254ms [sel=629 cap=8054 rest=536] sg=3->3 mode=NONE win=8 obs=31 | cap=wip act=(320,360) d=2.72 a=1 | preview=view-/6 yaw=+0 render=35ms | sp=som:active d=2.7 age=0 som=2/6 dtg=2.99 region=0_1
ep=1777 s=31 9592ms [sel=3 cap=9463 rest=127] sg=3->3 mode=NONE win=8 obs=32 | cap=wip act=(320,360) d=2.48 a=1 | sp=som:active d=2.5 age=1 dtg=2.75 region=0_1
ep=1777 s=32 4937ms [sel=3 cap=4812 rest=122] sg=3->3 mode=NONE win=8 obs=33 | cap=wip act=(320,360) d=2.23 a=3 | sp=som:active d=2.2 age=2 dtg=2.75 region=0_1
ep=1777 s=33 4200ms [sel=3 cap=4074 rest=123] sg=3->3 mode=NONE win=8 obs=34 | cap=wip act=(320,360) d=2.23 a=1 | sp=som:active d=2.2 age=3 dtg=2.60 region=0_1
ep=1777 s=34 6996ms [sel=4 cap=6444 rest=514] sg=3->3 mode=NONE win=8 obs=35 | cap=wip act=(320,360) d=1.98 a=1 | preview=view-/6 yaw=+0 render=35ms | sp=som:active d=2.0 age=4 dtg=2.60 region=0_1
ep=1777 s=35 3898ms [sel=3 cap=3773 rest=122] sg=3->3 mode=NONE win=8 obs=36 | cap=wip act=(320,360) d=1.73 a=1 | sp=som:active d=1.7 age=5 dtg=2.68 region=0_1
ep=1777 s=36 3815ms [sel=3 cap=3695 rest=117] sg=3->3 mode=NONE win=8 obs=37 | cap=wip act=(320,360) d=1.49 a=1 | sp=som:active d=1.5 age=6 dtg=2.80 region=0_1
ep=1777 s=37 6936ms [sel=3 cap=6417 rest=482] sg=3->3 mode=NONE win=8 obs=38 | cap=wip act=(320,360) d=1.24 a=1 | preview=view-/6 yaw=+0 render=34ms | sp=som:active d=1.2 age=7 dtg=2.96 region=0_1
ep=1777 s=38 1875ms [sel=3 cap=1749 rest=123] sg=3->3 mode=NONE win=8 obs=39 | cap=wip act=(320,360) d=1.00 a=2 | sp=som:active d=1.0 age=8 dtg=2.96 region=0_1
ep=1777 s=39 4078ms [sel=3 cap=3947 rest=128] sg=3->3 mode=NONE win=8 obs=40 | cap=wip act=(320,360) d=1.00 a=1 | sp=som:active d=1.0 age=9 dtg=3.09 region=0_1
ep=1777 s=40 7268ms [sel=3 cap=6741 rest=490] sg=3->3 mode=NONE win=8 obs=41 | cap=wip act=(320,360) d=0.75 a=1 | preview=view-/6 yaw=+0 render=35ms | sp=som:active d=0.7 age=10 dtg=3.29 region=0_1
ep=1777 s=41 3469ms [sel=696 cap=2636 rest=138] sg=3->3 mode=NONE win=8 obs=42 | cap=wip act=(320,360) d=2.94 a=3 | sp=frontier:active d=2.9 age=0 som=1/5 dtg=3.29 region=0_1
ep=1777 s=42 3329ms [sel=20 cap=3171 rest=138] sg=3->3 mode=NONE win=8 obs=43 | cap=wip act=(320,360) d=2.94 a=3 | sp=frontier:active d=2.9 age=1 dtg=3.29 region=0_1
ep=1777 s=43 9297ms [sel=302 cap=8455 rest=504] sg=3->None mode=NONE win=8 obs=44 | cap=DONE act=(320,360) d=1.00 a=1 | preview=view-/6 yaw=+0 render=35ms | sp=frontier:active d=2.9 age=2 dtg=3.54 region=0_1
ep=1777 s=44 149ms [sel=4 cap=0 rest=144] sg=None->None mode=NONE win=8 obs=45 | cap=- act=(320,360) d=1.00 a=1 | sp=frontier:active d=3.0 age=3 dtg=3.79 region=0_1
ep=1777 s=45 155ms [sel=4 cap=0 rest=151] sg=None->None mode=NONE win=8 obs=46 | cap=- act=STOP | sp=frontier:active d=3.0 age=4 dtg=3.79 region=0_1
rank=0 [7/7] id=1777 steps=46 success=0.000 spl=0.000 dtg=3.79 osr=1 path_length=7.25 ndtw=0.452 sdtw=0.000
rank_summary={"count": 7, "rank": 0, "totals": {"distance_to_goal": 79.87264728546143, "ndtw": 2.4110698751243023, "oracle_success": 4.0, "path_length": 191.94228832582866, "sdtw": 0.0, "spl": 0.0, "steps": 1335.0, "success": 0.0}}
