rank=1 physical_gpu=5 config=/data/pengyh/workspace/FreeAskAgent_R2R/outputs/para50_20260925/freeask_config.yaml
Gym has been unmaintained since 2022 and does not support NumPy 2.0 amongst other critical functionality.
Please upgrade to Gymnasium, the maintained drop-in replacement of Gym, or contact the authors of your software and request that they upgrade.
See the migration guide at https://gymnasium.farama.org/introduction/migration_guide/ for additional information.
PluginManager::Manager: duplicate static plugin StbImageImporter, ignoring
PluginManager::Manager: duplicate static plugin GltfImporter, ignoring
PluginManager::Manager: duplicate static plugin BasisImporter, ignoring
PluginManager::Manager: duplicate static plugin AssimpImporter, ignoring
PluginManager::Manager: duplicate static plugin AnySceneImporter, ignoring
PluginManager::Manager: duplicate static plugin AnyImageImporter, ignoring
config: /data/pengyh/workspace/FreeAskAgent_R2R/outputs/para50_20260925/freeask_config.yaml (defaults: actor, base_url, camera_height_m, camera_pitch_deg, depth_hfov, depth_max_m, depth_min_m, depth_normalize, forward_step_m, image_height, image_width, max_steps, model_path, preview_scale, preview_yaws, record_video, turn_angle_deg, waypoint_radius; env: CAPTIONER_COMPLETION_SCREEN, CAPTIONER_DECISION_BASE_URL, CAPTIONER_DECISION_MODEL, CAPTIONER_INFERENCE_ONLY_COMPLETION, CAPTIONER_OPENING_LOOK_AROUND, CAPTIONER_PREVIEW_BACKOFF_MAX_STEPS, CAPTIONER_PREVIEW_CANDIDATES, CAPTIONER_PREVIEW_GATE_BACKOFF_MAX_M, CAPTIONER_PREVIEW_GATE_BACKOFF_START_M, CAPTIONER_PREVIEW_GATE_FREE_RINGS, CAPTIONER_PREVIEW_GATE_MAX_SKIPS, CAPTIONER_PREVIEW_GATE_MIN_MOVE_M, CAPTIONER_PREVIEW_IDLE_LIMIT, CAPTIONER_PREVIEW_IDLE_RESET_M, CAPTIONER_PREVIEW_MIN_MOVE_M, CAPTIONER_PREVIEW_MIN_TURN_DEG, CAPTIONER_PREVIEW_MOVE_BACKOFF_MAX_M, CAPTIONER_STEP_DEADLINE_S, JOYAI_API_BASE, JOYAI_MODEL_NAME, VLLM_BASE_URL, VLN_ABLATE_SPATIAL, VLN_ABLATE_TEMPORAL, VLN_COMPACT_SUBGOALS, VLN_IMAGE_MAX_PIXELS, VLN_NAV_PARAMS, VLN_ROBOT_PARAMS, VLN_SOM, VLN_SPATIAL_MEMORY_PARAMS, VLN_STRUCTURED_VLM_MAX_TOKENS)
camera: 640x480 hfov=90 K=from-hfov distortion=none mount xyz=(0.0, 1.25, 0.0) rpy_deg=(0.0, -15.0, 0.0)
2026-09-25 23:32:31,863 Initializing dataset R2RVLN-v1
2026-09-25 23:32:31,869 initializing sim Sim-v0
PluginManager::Manager: duplicate static plugin StbImageImporter, ignoring
PluginManager::Manager: duplicate static plugin GltfImporter, ignoring
PluginManager::Manager: duplicate static plugin BasisImporter, ignoring
PluginManager::Manager: duplicate static plugin AssimpImporter, ignoring
PluginManager::Manager: duplicate static plugin AnySceneImporter, ignoring
PluginManager::Manager: duplicate static plugin AnyImageImporter, ignoring
2026-09-25 23:32:43,668 Initializing task VLN-v0
nDTW/SDTW on: 50 reference paths, fastdtw
PluginManager::Manager: duplicate static plugin StbImageImporter, ignoring
PluginManager::Manager: duplicate static plugin GltfImporter, ignoring
PluginManager::Manager: duplicate static plugin BasisImporter, ignoring
PluginManager::Manager: duplicate static plugin AssimpImporter, ignoring
PluginManager::Manager: duplicate static plugin AnySceneImporter, ignoring
PluginManager::Manager: duplicate static plugin AnyImageImporter, ignoring
episode=45 instruction='Head along the long narrow passage and go into the cooking area and take a left at the freestanding counter into that passage and take a right into the eating room and cross it into the main lounging space and halt next to the edge of the upholstered seating, behind the small side surface.' start_position=[4.5338897705078125, 0.12711000442504883, -2.264050006866455] goal_position=[12.147899627685547, 0.12711000442504883, 4.2323198318481445] reference_geodesic=10.955527305603027
episode=45 prepared_subgoals=5
  [1] Head along the long narrow passage
      proof: The long narrow passage is behind the camera and the cooking area is directly ahead.
  [2] Enter the cooking area
      proof: The cooking area is central in the view and the freestanding counter is visible ahead.
  [3] Turn left at the freestanding counter, then enter that passage
      proof: The passage is central in the view and the eating room is visible ahead.
  [4] Turn right into the eating room, then cross the eating room into the main lounging space
      proof: The main lounging space is central in the view and the upholstered seating is visible ahead.
  [5] Halt next to the edge of the upholstered seating, behind the small side surface
      proof: The camera is beside the upholstered seating, with the small side surface directly in front of it
ep=45 s=0 5927ms [sel=6 cap=5479 rest=405] sg=1->1 mode=NONE win=1 obs=1 | cap=wip act=PREVIEW a=2 | preview=view5/6 yaw=+180 render=38ms dtg=10.96 region=0_9
ep=45 s=1 4656ms [sel=1259 cap=3300 rest=96] sg=1->1 mode=NONE win=2 obs=2 | cap=wip act=(320,360) d=2.97 a=2 | sp=som:active d=3.0 age=0 som=3/7 dtg=10.96 region=0_9
ep=45 s=2 4217ms [sel=4 cap=4101 rest=112] sg=1->1 mode=NONE win=3 obs=3 | cap=wip act=(320,360) d=2.97 a=1 | sp=som:active d=3.0 age=1 dtg=10.71 region=0_9
ep=45 s=3 2878ms [sel=4 cap=2770 rest=105] sg=1->1 mode=NONE win=4 obs=4 | cap=wip act=(320,360) d=2.72 a=1 | sp=som:active d=2.7 age=2 dtg=10.46 region=0_9
ep=45 s=4 3523ms [sel=7 cap=3412 rest=105] sg=1->1 mode=NONE win=5 obs=5 | cap=wip act=(320,360) d=2.47 a=2 | sp=som:active d=2.5 age=3 dtg=10.46 region=0_9
ep=45 s=5 3852ms [sel=4 cap=3726 rest=122] sg=1->1 mode=NONE win=6 obs=6 | cap=wip act=(320,360) d=2.47 a=1 | sp=som:active d=2.5 age=4 dtg=10.21 region=0_9
ep=45 s=6 3584ms [sel=3 cap=3479 rest=102] sg=1->1 mode=NONE win=7 obs=7 | cap=wip act=(320,360) d=2.25 a=1 | sp=som:active d=2.2 age=5 dtg=9.96 region=0_9
ep=45 s=7 6946ms [sel=2015 cap=4826 rest=105] sg=1->2 mode=NONE win=8 obs=8 | cap=DONE act=(320,360) d=2.77 a=1 | sp=som:active d=2.8 age=0 som=2/6 dtg=9.72 region=0_9
ep=45 s=8 4449ms [sel=3 cap=4342 rest=104] sg=2->2 mode=NONE win=8 obs=9 | cap=wip act=(320,360) d=2.53 a=3 | sp=som:active d=2.5 age=1 dtg=9.72 region=0_9
ep=45 s=9 5125ms [sel=4 cap=5013 rest=108] sg=2->2 mode=NONE win=8 obs=10 | cap=wip act=(320,360) d=2.53 a=3 | sp=som:active d=2.5 age=2 dtg=9.72 region=0_9
ep=45 s=10 5184ms [sel=3 cap=5065 rest=115] sg=2->2 mode=NONE win=8 obs=11 | cap=wip act=(320,360) d=2.53 a=1 | sp=som:active d=2.5 age=3 dtg=9.49 region=0_9
ep=45 s=11 3911ms [sel=3 cap=3797 rest=111] sg=2->2 mode=NONE win=8 obs=12 | cap=wip act=(320,360) d=2.29 a=1 | sp=som:active d=2.3 age=4 dtg=9.26 region=0_9
ep=45 s=12 4992ms [sel=3 cap=4880 rest=109] sg=2->2 mode=NONE win=8 obs=13 | cap=wip act=(320,360) d=2.04 a=1 | sp=som:active d=2.0 age=5 dtg=9.06 region=0_9
ep=45 s=13 6136ms [sel=0 cap=5630 rest=467] sg=2->3 mode=NONE win=8 obs=14 | cap=DONE act=TURN request=-45deg execute=-15deg x1 a=2 | preview=view-/6 yaw=+0 render=39ms | sp=som:active d=1.8 age=6 dtg=9.06 region=0_9
ep=45 s=14 5109ms [sel=0 cap=4987 rest=123] sg=3->3 mode=NONE win=8 obs=15 | cap=wip act=TURN request=-45deg execute=-15deg x1 a=2 dtg=9.06 region=0_9
ep=45 s=15 6108ms [sel=0 cap=5991 rest=118] sg=3->3 mode=NONE win=8 obs=16 | cap=wip act=TURN request=-45deg execute=-15deg x1 a=2 dtg=9.06 region=0_9
ep=45 s=16 5081ms [sel=0 cap=4973 rest=109] sg=3->3 mode=NONE win=8 obs=17 | cap=wip act=TURN request=-45deg execute=-15deg x1 a=2 dtg=9.06 region=0_9
ep=45 s=17 5608ms [sel=0 cap=5500 rest=108] sg=3->3 mode=NONE win=8 obs=18 | cap=wip act=TURN request=-45deg execute=-15deg x1 a=2 dtg=9.06 region=0_9
ep=45 s=18 5440ms [sel=2038 cap=3293 rest=108] sg=3->3 mode=NONE win=8 obs=19 | cap=wip act=(320,360) d=2.98 a=3 | sp=som:active d=3.0 age=0 som=2/6 dtg=9.06 region=0_9
ep=45 s=19 4139ms [sel=4 cap=4024 rest=110] sg=3->3 mode=NONE win=8 obs=20 | cap=wip act=(320,360) d=2.98 a=3 | sp=som:active d=3.0 age=1 dtg=9.06 region=0_9
ep=45 s=20 5476ms [sel=4 cap=4972 rest=458] sg=3->3 mode=NONE win=8 obs=21 | cap=wip act=(320,360) d=2.98 a=3 | preview=view-/6 yaw=+0 render=41ms | sp=som:active d=3.0 age=2 dtg=9.06 region=0_9
ep=45 s=21 3460ms [sel=4 cap=3338 rest=119] sg=3->3 mode=NONE win=8 obs=22 | cap=wip act=(320,360) d=2.98 a=1 | sp=som:active d=3.0 age=3 dtg=8.82 region=0_9
ep=45 s=22 4769ms [sel=3 cap=4647 rest=118] sg=3->3 mode=NONE win=8 obs=23 | cap=wip act=(320,360) d=2.74 a=1 | sp=som:active d=2.7 age=4 dtg=8.58 region=0_3
ep=45 s=23 7905ms [sel=4 cap=7777 rest=125] sg=3->3 mode=NONE win=8 obs=24 | cap=wip act=(320,360) d=2.50 a=1 | sp=som:active d=2.5 age=5 dtg=8.40 region=0_3
ep=45 s=24 7974ms [sel=48 cap=7366 rest=516] sg=3->3 mode=NONE win=8 obs=25 | cap=wip act=(160,180) d=3.52 a=3 | preview=view0/6 yaw=-180 render=44ms | sp=preview:active d=3.5 age=0 dtg=8.40 region=0_3
ep=45 s=25 3939ms [sel=34 cap=3778 rest=128] sg=3->3 mode=NONE win=8 obs=26 | cap=wip act=(320,360) d=3.52 a=3 | sp=preview:active d=3.5 age=1 dtg=8.40 region=0_3
ep=45 s=26 4581ms [sel=30 cap=4425 rest=126] sg=3->3 mode=NONE win=8 obs=27 | cap=wip act=(320,360) d=3.52 a=3 | sp=preview:active d=3.5 age=2 dtg=8.40 region=0_3
ep=45 s=27 5463ms [sel=35 cap=5288 rest=141] sg=3->3 mode=NONE win=8 obs=28 | cap=wip act=(320,360) d=3.52 a=3 | sp=preview:active d=3.5 age=3 dtg=8.40 region=0_3
ep=45 s=28 3575ms [sel=33 cap=3405 rest=136] sg=3->3 mode=NONE win=8 obs=29 | cap=wip act=(320,360) d=3.52 a=3 | sp=preview:active d=3.5 age=4 dtg=8.40 region=0_3
ep=45 s=29 6281ms [sel=31 cap=6121 rest=130] sg=3->3 mode=NONE win=8 obs=30 | cap=wip act=(320,360) d=3.52 a=3 | sp=preview:active d=3.5 age=5 dtg=8.40 region=0_3
ep=45 s=30 4240ms [sel=29 cap=4097 rest=113] sg=3->3 mode=NONE win=8 obs=31 | cap=wip act=(320,360) d=3.52 a=3 | sp=preview:active d=3.5 age=6 dtg=8.40 region=0_3
ep=45 s=31 6005ms [sel=0 cap=5900 rest=105] sg=3->4 mode=NONE win=8 obs=32 | cap=DONE act=TURN request=+45deg execute=+15deg x1 a=3 | sp=preview:active d=3.5 age=7 dtg=8.40 region=0_3
ep=45 s=32 216ms [sel=0 cap=0 rest=216] sg=None->4 mode=NONE win=8 obs=33 | cap=- act=TURN request=+45deg execute=+15deg x1 a=3 ANALYSIS_ERROR_STAGE=observation ANALYSIS_ERROR='CaptionerInferenceError: Captioner model inference failed' dtg=8.40 region=0_3
ep=45 s=33 4908ms [sel=0 cap=4801 rest=107] sg=4->4 mode=NONE win=8 obs=34 | cap=wip act=TURN request=+45deg execute=+15deg x1 a=3 dtg=8.40 region=0_3
ep=45 s=34 4544ms [sel=0 cap=4438 rest=106] sg=4->4 mode=WALL_STUCK win=8 obs=35 | cap=wip/WALL_STUCK act=TURN request=+45deg execute=+15deg x1 a=3 dtg=8.40 region=0_3
ep=45 s=35 6556ms [sel=3013 cap=3448 rest=95] sg=4->4 mode=WALL_STUCK win=8 obs=36 | cap=wip/WALL_STUCK act=(320,360) d=3.12 a=1 | sp=som:active d=3.1 age=0 som=5/8 dtg=8.61 region=0_3
ep=45 s=36 3064ms [sel=4 cap=2605 rest=420] sg=4->4 mode=WALL_STUCK win=8 obs=37 | cap=wip/WALL_STUCK act=(320,360) d=2.91 a=3 | preview=view-/6 yaw=+0 render=35ms | sp=som:active d=2.9 age=1 dtg=8.61 region=0_3
ep=45 s=37 7717ms [sel=3 cap=7618 rest=97] sg=4->4 mode=NONE win=8 obs=38 | cap=wip act=(320,360) d=2.91 a=1 | sp=som:active d=2.9 age=2 dtg=8.83 region=0_9
ep=45 s=38 4414ms [sel=4 cap=4310 rest=99] sg=4->4 mode=NONE win=8 obs=39 | cap=wip act=(320,360) d=2.67 a=3 | sp=som:active d=2.7 age=3 dtg=8.83 region=0_9
ep=45 s=39 9196ms [sel=3 cap=9094 rest=100] sg=4->4 mode=NONE win=8 obs=40 | cap=wip act=(320,360) d=2.67 a=1 | sp=som:active d=2.7 age=4 dtg=9.04 region=0_9
ep=45 s=40 3415ms [sel=3 cap=3310 rest=101] sg=4->4 mode=NONE win=8 obs=41 | cap=wip act=(320,360) d=2.42 a=1 | sp=som:active d=2.4 age=5 dtg=9.27 region=0_9
ep=45 s=41 8434ms [sel=3 cap=8326 rest=105] sg=4->4 mode=NONE win=8 obs=42 | cap=wip act=(320,360) d=2.17 a=1 | sp=som:active d=2.2 age=6 dtg=9.51 region=0_9
ep=45 s=42 6095ms [sel=3 cap=5992 rest=100] sg=4->4 mode=NONE win=8 obs=43 | cap=wip act=(320,360) d=1.92 a=1 | sp=som:active d=1.9 age=7 dtg=9.76 region=0_9
ep=45 s=43 6816ms [sel=3 cap=6711 rest=102] sg=4->4 mode=NONE win=8 obs=44 | cap=wip act=(320,360) d=1.67 a=1 | sp=som:active d=1.7 age=8 dtg=10.00 region=0_9
ep=45 s=44 5711ms [sel=20 cap=5216 rest=438] sg=4->4 mode=NONE win=8 obs=45 | cap=wip act=(160,180) d=3.42 a=1 | preview=view3/6 yaw=+0 render=37ms | sp=preview:active d=3.4 age=0 dtg=10.25 region=0_9
ep=45 s=45 3358ms [sel=3 cap=3268 rest=88] sg=4->4 mode=NONE win=8 obs=46 | cap=wip act=(320,360) d=3.17 a=1 | sp=preview:active d=3.2 age=1 dtg=10.49 region=0_9
ep=45 s=46 5286ms [sel=3 cap=5192 rest=91] sg=4->4 mode=NONE win=8 obs=47 | cap=wip act=(320,360) d=2.92 a=1 | sp=preview:active d=2.9 age=2 dtg=10.74 region=0_9
ep=45 s=47 7127ms [sel=22 cap=6648 rest=423] sg=4->4 mode=NONE win=8 obs=48 | cap=wip act=(160,180) d=3.37 a=1 | preview=view3/6 yaw=+0 render=35ms | sp=preview:active d=3.4 age=0 dtg=10.99 region=0_9
ep=45 s=48 3962ms [sel=3 cap=3857 rest=102] sg=4->4 mode=NONE win=8 obs=49 | cap=wip act=(320,360) d=3.12 a=1 | sp=preview:active d=3.1 age=1 dtg=11.24 region=0_9
ep=45 s=49 4734ms [sel=4 cap=4631 rest=100] sg=4->4 mode=NONE win=8 obs=50 | cap=wip act=(320,360) d=2.87 a=1 | sp=preview:active d=2.9 age=2 dtg=11.49 region=0_9
ep=45 s=50 3725ms [sel=3 cap=3632 rest=91] sg=4->4 mode=NONE win=8 obs=51 | cap=wip act=(320,360) d=2.62 a=1 | sp=preview:active d=2.6 age=3 dtg=11.74 region=0_9
ep=45 s=51 4080ms [sel=4 cap=3985 rest=91] sg=4->4 mode=NONE win=8 obs=52 | cap=wip act=(320,360) d=2.37 a=1 | sp=preview:active d=2.4 age=4 dtg=11.98 region=0_9
ep=45 s=52 3221ms [sel=4 cap=3118 rest=98] sg=4->4 mode=NONE win=8 obs=53 | cap=wip act=(320,360) d=2.12 a=1 | sp=preview:active d=2.1 age=5 dtg=12.23 region=0_9
ep=45 s=53 3821ms [sel=3 cap=3714 rest=105] sg=4->4 mode=NONE win=8 obs=54 | cap=wip act=(320,360) d=1.87 a=1 | sp=preview:active d=1.9 age=6 dtg=12.48 region=0_9
ep=45 s=54 4443ms [sel=3 cap=4332 rest=108] sg=4->4 mode=NONE win=8 obs=55 | cap=wip act=(320,360) d=1.62 a=1 | sp=preview:active d=1.6 age=7 dtg=12.73 region=0_9
ep=45 s=55 3810ms [sel=3 cap=3691 rest=115] sg=4->4 mode=NONE win=8 obs=56 | cap=wip act=(320,360) d=1.37 a=1 | sp=preview:active d=1.4 age=8 dtg=12.98 region=0_9
ep=45 s=56 2662ms [sel=4 cap=2546 rest=113] sg=4->4 mode=NONE win=8 obs=57 | cap=wip act=(320,360) d=1.12 a=1 | sp=preview:active d=1.1 age=9 dtg=13.23 region=0_9
ep=45 s=57 4302ms [sel=4 cap=4191 rest=107] sg=4->4 mode=NONE win=8 obs=58 | cap=wip act=(320,360) d=0.88 a=1 | sp=preview:active d=0.9 age=10 dtg=13.48 region=0_9
ep=45 s=58 4360ms [sel=3 cap=4251 rest=106] sg=4->4 mode=NONE win=8 obs=59 | cap=wip act=(320,360) d=0.63 a=1 | sp=preview:active d=0.6 age=11 dtg=13.73 region=0_9
ep=45 s=59 8127ms [sel=3123 cap=4899 rest=106] sg=4->4 mode=NONE win=8 obs=60 | cap=wip act=(320,360) d=1.57 a=1 | sp=som:active d=1.6 age=0 som=4/7 dtg=13.98 region=0_9
ep=45 s=60 4514ms [sel=3 cap=4413 rest=98] sg=4->4 mode=NONE win=8 obs=61 | cap=wip act=(320,360) d=1.32 a=1 | sp=som:active d=1.3 age=1 dtg=14.23 region=0_9
ep=45 s=61 5106ms [sel=3 cap=5005 rest=97] sg=4->4 mode=NONE win=8 obs=62 | cap=wip act=(320,360) d=1.08 a=1 | sp=som:active d=1.1 age=2 dtg=14.48 region=0_9
ep=45 s=62 9666ms [sel=3 cap=9564 rest=99] sg=4->4 mode=NONE win=8 obs=63 | cap=wip act=(320,360) d=0.83 a=1 | sp=som:active d=0.8 age=3 dtg=14.73 region=0_9
ep=45 s=63 3317ms [sel=4 cap=3211 rest=102] sg=4->4 mode=NONE win=8 obs=64 | cap=wip act=(320,360) d=0.58 a=1 | sp=som:active d=0.6 age=4 dtg=14.98 region=0_9
ep=45 s=64 4672ms [sel=1099 cap=3465 rest=108] sg=4->4 mode=NONE win=8 obs=65 | cap=wip act=(320,360) d=0.63 a=1 | sp=som:active d=0.6 age=0 som=5/7 dtg=15.23 region=0_9
ep=45 s=65 5122ms [sel=1985 cap=3030 rest=107] sg=4->4 mode=NONE win=8 obs=66 | cap=wip act=(320,360) d=0.71 a=2 | sp=som:active d=0.7 age=0 som=2/7 dtg=15.23 region=0_9
ep=45 s=66 5010ms [sel=4 cap=4893 rest=114] sg=4->4 mode=NONE win=8 obs=67 | cap=wip act=(320,360) d=0.71 a=1 | sp=som:active d=0.7 age=1 dtg=15.47 region=0_9
ep=45 s=67 10311ms [sel=2020 cap=8175 rest=116] sg=4->4 mode=NONE win=8 obs=68 | cap=wip act=(320,360) d=2.73 a=3 | sp=som:active d=2.7 age=0 som=2/7 dtg=15.47 region=0_9
ep=45 s=68 5787ms [sel=20 cap=5261 rest=462] sg=4->4 mode=NONE win=8 obs=69 | cap=wip act=(160,180) d=2.17 a=3 | preview=view4/6 yaw=+75 render=45ms | sp=preview:active d=2.2 age=0 dtg=15.47 region=0_9
ep=45 s=69 7215ms [sel=3 cap=7113 rest=99] sg=4->4 mode=NONE win=8 obs=70 | cap=wip act=(320,360) d=2.17 a=1 | sp=preview:active d=2.2 age=1 dtg=15.71 region=0_9
ep=45 s=70 4863ms [sel=4 cap=4757 rest=102] sg=4->4 mode=NONE win=8 obs=71 | cap=wip act=(320,360) d=1.93 a=1 | sp=preview:active d=1.9 age=2 dtg=15.95 region=0_9
ep=45 s=71 10826ms [sel=3 cap=10713 rest=110] sg=4->4 mode=NONE win=8 obs=72 | cap=wip act=(320,360) d=1.69 a=1 | sp=preview:active d=1.7 age=3 dtg=16.19 region=0_9
ep=45 s=72 3900ms [sel=3 cap=3783 rest=113] sg=4->4 mode=NONE win=8 obs=73 | cap=wip act=(320,360) d=1.45 a=1 | sp=preview:active d=1.5 age=4 dtg=16.43 region=0_9
ep=45 s=73 5609ms [sel=5 cap=5497 rest=107] sg=4->4 mode=NONE win=8 obs=74 | cap=wip act=(320,360) d=1.22 a=1 | sp=preview:active d=1.2 age=5 dtg=16.67 region=0_9
ep=45 s=74 4318ms [sel=3 cap=4204 rest=110] sg=4->4 mode=NONE win=8 obs=75 | cap=wip act=(320,360) d=0.99 a=1 | sp=preview:active d=1.0 age=6 dtg=16.91 region=0_9
ep=45 s=75 5670ms [sel=2225 cap=3339 rest=106] sg=4->5 mode=NONE win=8 obs=76 | cap=DONE act=(320,360) d=1.95 a=1 | sp=som:active d=1.9 age=0 som=2/5 dtg=17.15 region=0_9
ep=45 s=76 9305ms [sel=3 cap=9192 rest=110] sg=5->5 mode=NONE win=8 obs=77 | cap=wip act=(320,360) d=1.70 a=3 | sp=som:active d=1.7 age=1 dtg=17.15 region=0_9
ep=45 s=77 17738ms [sel=4 cap=17217 rest=478] sg=5->5 mode=NONE win=8 obs=78 | cap=wip act=(320,360) d=1.70 a=1 | preview=view-/6 yaw=+0 render=39ms | sp=som:active d=1.7 age=2 dtg=17.38 region=0_9
ep=45 s=78 10714ms [sel=3 cap=10609 rest=101] sg=5->5 mode=NONE win=8 obs=79 | cap=wip act=(320,360) d=1.46 a=2 | sp=som:active d=1.5 age=3 dtg=17.38 region=0_9
ep=45 s=79 17021ms [sel=4 cap=16904 rest=114] sg=5->5 mode=NONE win=8 obs=80 | cap=wip act=(320,360) d=1.46 a=1 | sp=som:active d=1.5 age=4 dtg=17.63 region=0_9
ep=45 s=80 18073ms [sel=3 cap=17542 rest=491] sg=5->5 mode=NONE win=8 obs=81 | cap=wip act=(320,360) d=1.21 a=1 | preview=view-/6 yaw=+0 render=37ms | sp=som:active d=1.2 age=5 dtg=17.88 region=0_9
ep=45 s=81 11042ms [sel=3 cap=10933 rest=106] sg=5->5 mode=NONE win=8 obs=82 | cap=wip act=(320,360) d=0.96 a=1 | sp=som:active d=1.0 age=6 dtg=18.13 region=0_9
ep=45 s=82 7856ms [sel=4 cap=7746 rest=106] sg=5->5 mode=NONE win=8 obs=83 | cap=wip act=(320,360) d=0.71 a=1 | sp=som:active d=0.7 age=7 dtg=18.38 region=0_9
ep=45 s=83 13027ms [sel=73 cap=12437 rest=480] sg=5->5 mode=NONE win=8 obs=84 | cap=wip act=(320,360) d=2.32 a=2 | preview=view-/6 yaw=+0 render=36ms | sp=frontier:active d=2.3 age=0 dtg=18.38 region=0_9
ep=45 s=84 4499ms [sel=32 cap=4366 rest=101] sg=5->5 mode=NONE win=8 obs=85 | cap=wip act=(320,360) d=2.32 a=2 | sp=frontier:active d=2.3 age=1 dtg=18.38 region=0_9
ep=45 s=85 10595ms [sel=32 cap=10465 rest=99] sg=5->5 mode=NONE win=8 obs=86 | cap=wip act=(320,360) d=2.32 a=2 | sp=frontier:active d=2.3 age=2 dtg=18.38 region=0_9
ep=45 s=86 16096ms [sel=53 cap=15506 rest=497] sg=5->5 mode=NONE win=8 obs=87 | cap=wip act=(320,360) d=2.32 a=2 | preview=view-/6 yaw=+0 render=40ms | sp=frontier:active d=2.3 age=3 dtg=18.38 region=0_9
ep=45 s=87 10557ms [sel=32 cap=10417 rest=107] sg=5->5 mode=NONE win=8 obs=88 | cap=wip act=(320,360) d=2.32 a=2 | sp=frontier:active d=2.3 age=4 dtg=18.38 region=0_9
ep=45 s=88 5346ms [sel=35 cap=5205 rest=106] sg=5->5 mode=NONE win=8 obs=89 | cap=wip act=(320,360) d=2.32 a=2 | sp=frontier:active d=2.3 age=5 dtg=18.38 region=0_9
ep=45 s=89 17743ms [sel=32 cap=17187 rest=486] sg=5->5 mode=NONE win=8 obs=90 | cap=wip act=(320,360) d=2.32 a=2 | preview=view-/6 yaw=+0 render=38ms | sp=frontier:active d=2.3 age=6 dtg=18.38 region=0_9
ep=45 s=90 12672ms [sel=43 cap=12494 rest=135] sg=5->5 mode=NONE win=8 obs=91 | cap=wip act=(320,360) d=2.32 a=2 | sp=frontier:active d=2.3 age=7 dtg=18.38 region=0_9
ep=45 s=91 9797ms [sel=18 cap=9668 rest=111] sg=5->5 mode=NONE win=8 obs=92 | cap=wip act=(320,360) d=2.32 a=2 | sp=frontier:active d=2.3 age=8 dtg=18.38 region=0_9
ep=45 s=92 17607ms [sel=5 cap=17074 rest=488] sg=5->5 mode=NONE win=8 obs=93 | cap=wip act=(320,360) d=2.32 a=2 | preview=view-/6 yaw=+0 render=39ms | sp=frontier:active d=2.3 age=9 dtg=18.38 region=0_9
ep=45 s=93 13021ms [sel=3 cap=12915 rest=103] sg=5->5 mode=NONE win=8 obs=94 | cap=wip act=(320,360) d=2.32 a=1 | sp=frontier:active d=2.3 age=10 dtg=18.18 region=0_9
ep=45 s=94 12507ms [sel=3 cap=12400 rest=104] sg=5->5 mode=NONE win=8 obs=95 | cap=wip act=(320,360) d=2.07 a=1 | sp=frontier:active d=2.1 age=11 dtg=17.98 region=0_9
ep=45 s=95 9374ms [sel=4 cap=9263 rest=107] sg=5->5 mode=NONE win=8 obs=96 | cap=wip act=(320,360) d=1.82 a=1 | sp=frontier:active d=1.8 age=12 dtg=17.81 region=0_9
ep=45 s=96 6680ms [sel=3 cap=6576 rest=101] sg=5->5 mode=NONE win=8 obs=97 | cap=wip act=(320,360) d=1.57 a=2 | sp=frontier:active d=1.6 age=13 dtg=17.81 region=0_9
ep=45 s=97 14230ms [sel=3 cap=13715 rest=476] sg=5->5 mode=NONE win=8 obs=98 | cap=wip act=(320,360) d=1.57 a=1 | preview=view-/6 yaw=+0 render=36ms | sp=frontier:active d=1.6 age=14 dtg=17.59 region=0_9
ep=45 s=98 6904ms [sel=3 cap=6798 rest=103] sg=5->5 mode=NONE win=8 obs=99 | cap=wip act=(320,360) d=1.34 a=2 | sp=frontier:active d=1.3 age=15 dtg=17.59 region=0_9
ep=45 s=99 4331ms [sel=4 cap=4221 rest=106] sg=5->5 mode=NONE win=8 obs=100 | cap=wip act=(320,360) d=1.34 a=1 | sp=frontier:active d=1.3 age=16 dtg=17.35 region=0_9
ep=45 s=100 8143ms [sel=5 cap=8028 rest=110] sg=5->5 mode=NONE win=8 obs=101 | cap=wip act=(320,360) d=1.15 a=1 | sp=frontier:active d=1.2 age=17 dtg=17.11 region=0_9
ep=45 s=101 7044ms [sel=15 cap=6521 rest=453] sg=5->5 mode=NONE win=8 obs=102 | cap=wip act=(160,180) d=3.52 a=2 | preview=view3/6 yaw=+0 render=55ms | sp=preview:active d=3.5 age=0 dtg=17.11 region=0_9
ep=45 s=102 10540ms [sel=6 cap=10433 rest=102] sg=5->5 mode=NONE win=8 obs=103 | cap=wip act=(320,360) d=3.52 a=1 | sp=preview:active d=3.5 age=1 dtg=16.86 region=0_9
ep=45 s=103 10130ms [sel=3 cap=10019 rest=107] sg=5->5 mode=NONE win=8 obs=104 | cap=wip act=(320,360) d=3.27 a=1 | sp=preview:active d=3.3 age=2 dtg=16.61 region=0_9
ep=45 s=104 6270ms [sel=4 cap=6154 rest=112] sg=5->5 mode=NONE win=8 obs=105 | cap=wip act=(320,360) d=3.02 a=1 | sp=preview:active d=3.0 age=3 dtg=16.36 region=0_9
ep=45 s=105 10956ms [sel=3 cap=10454 rest=458] sg=5->5 mode=NONE win=8 obs=106 | cap=wip act=(320,360) d=2.77 a=1 | preview=view-/6 yaw=+0 render=41ms | sp=preview:active d=2.8 age=4 dtg=16.11 region=0_9
ep=45 s=106 7232ms [sel=4 cap=7118 rest=110] sg=5->5 mode=NONE win=8 obs=107 | cap=wip act=(320,360) d=2.52 a=1 | sp=preview:active d=2.5 age=5 dtg=15.86 region=0_9
ep=45 s=107 5544ms [sel=3 cap=5438 rest=104] sg=5->5 mode=NONE win=8 obs=108 | cap=wip act=(320,360) d=2.27 a=1 | sp=preview:active d=2.3 age=6 dtg=15.61 region=0_9
ep=45 s=108 4252ms [sel=3 cap=4149 rest=100] sg=5->5 mode=NONE win=8 obs=109 | cap=wip act=(320,360) d=2.02 a=1 | sp=preview:active d=2.0 age=7 dtg=15.36 region=0_9
ep=45 s=109 8449ms [sel=3 cap=8340 rest=106] sg=5->5 mode=NONE win=8 obs=110 | cap=wip act=(320,360) d=1.77 a=1 | sp=preview:active d=1.8 age=8 dtg=15.11 region=0_9
ep=45 s=110 5450ms [sel=4 cap=5338 rest=108] sg=5->5 mode=NONE win=8 obs=111 | cap=wip act=(320,360) d=1.52 a=1 | sp=preview:active d=1.5 age=9 dtg=14.86 region=0_9
ep=45 s=111 5601ms [sel=3 cap=5132 rest=429] sg=5->5 mode=NONE win=8 obs=112 | cap=wip act=(320,360) d=1.27 a=1 | preview=view-/6 yaw=+0 render=37ms | sp=preview:active d=1.3 age=10 dtg=14.61 region=0_9
ep=45 s=112 2924ms [sel=3 cap=2810 rest=112] sg=5->5 mode=NONE win=8 obs=113 | cap=wip act=(320,360) d=1.02 a=1 | sp=preview:active d=1.0 age=11 dtg=14.36 region=0_9
ep=45 s=113 5412ms [sel=1343 cap=3958 rest=111] sg=5->5 mode=NONE win=8 obs=114 | cap=wip act=(320,360) d=2.97 a=1 | sp=som:active d=3.0 age=0 som=2/7 dtg=14.11 region=0_9
ep=45 s=114 4596ms [sel=3 cap=4478 rest=115] sg=5->5 mode=NONE win=8 obs=115 | cap=wip act=(320,360) d=2.72 a=1 | sp=som:active d=2.7 age=1 dtg=13.87 region=0_9
ep=45 s=115 6701ms [sel=3 cap=6587 rest=111] sg=5->5 mode=NONE win=8 obs=116 | cap=wip act=(320,360) d=2.47 a=1 | sp=som:active d=2.5 age=2 dtg=13.62 region=0_9
ep=45 s=116 8637ms [sel=4 cap=8532 rest=101] sg=5->5 mode=NONE win=8 obs=117 | cap=wip act=(320,360) d=2.22 a=1 | sp=som:active d=2.2 age=3 dtg=13.37 region=0_9
ep=45 s=117 5059ms [sel=3 cap=4960 rest=95] sg=5->5 mode=NONE win=8 obs=118 | cap=wip act=(320,360) d=1.98 a=1 | sp=som:active d=2.0 age=4 dtg=13.12 region=0_9
ep=45 s=118 6849ms [sel=3 cap=6752 rest=94] sg=5->5 mode=NONE win=8 obs=119 | cap=wip act=(320,360) d=1.73 a=1 | sp=som:active d=1.7 age=5 dtg=12.87 region=0_9
ep=45 s=119 8646ms [sel=3 cap=8210 rest=395] sg=5->5 mode=NONE win=8 obs=120 | cap=wip act=(320,360) d=1.48 a=1 | preview=view-/6 yaw=+0 render=38ms | sp=som:active d=1.5 age=6 dtg=12.62 region=0_9
ep=45 s=120 9791ms [sel=3 cap=9688 rest=100] sg=5->5 mode=NONE win=8 obs=121 | cap=wip act=(320,360) d=1.23 a=1 | sp=som:active d=1.2 age=7 dtg=12.37 region=0_9
ep=45 s=121 8389ms [sel=4 cap=8276 rest=108] sg=5->5 mode=NONE win=8 obs=122 | cap=wip act=(320,360) d=0.98 a=1 | sp=som:active d=1.0 age=8 dtg=12.12 region=0_9
ep=45 s=122 4224ms [sel=4 cap=4104 rest=117] sg=5->5 mode=NONE win=8 obs=123 | cap=wip act=(320,360) d=0.74 a=1 | sp=som:active d=0.7 age=9 dtg=11.87 region=0_9
ep=45 s=123 8824ms [sel=4341 cap=4369 rest=114] sg=5->5 mode=NONE win=8 obs=124 | cap=wip act=(320,360) d=2.77 a=1 | sp=som:active d=2.8 age=0 som=4/8 dtg=11.62 region=0_9
ep=45 s=124 6874ms [sel=3 cap=6765 rest=106] sg=5->5 mode=NONE win=8 obs=125 | cap=wip act=(320,360) d=2.52 a=1 | sp=som:active d=2.5 age=1 dtg=11.37 region=0_9
ep=45 s=125 11946ms [sel=4 cap=11837 rest=106] sg=5->5 mode=NONE win=8 obs=126 | cap=wip act=(320,360) d=2.27 a=1 | sp=som:active d=2.3 age=2 dtg=11.12 region=0_9
ep=45 s=126 7374ms [sel=4 cap=7261 rest=109] sg=5->5 mode=NONE win=8 obs=127 | cap=wip act=(320,360) d=2.02 a=1 | sp=som:active d=2.0 age=3 dtg=10.88 region=0_9
ep=45 s=127 10469ms [sel=4 cap=9970 rest=457] sg=5->5 mode=NONE win=8 obs=128 | cap=wip act=(320,360) d=1.77 a=1 | preview=view-/6 yaw=+0 render=38ms | sp=som:active d=1.8 age=4 dtg=10.63 region=0_9
ep=45 s=128 6023ms [sel=3 cap=5914 rest=105] sg=5->5 mode=NONE win=8 obs=129 | cap=wip act=(320,360) d=1.52 a=1 | sp=som:active d=1.5 age=5 dtg=10.38 region=0_9
ep=45 s=129 11225ms [sel=3 cap=11116 rest=106] sg=5->5 mode=NONE win=8 obs=130 | cap=wip act=(320,360) d=1.27 a=1 | sp=som:active d=1.3 age=6 dtg=10.13 region=0_9
ep=45 s=130 4609ms [sel=1473 cap=3025 rest=111] sg=5->5 mode=NONE win=8 obs=131 | cap=wip act=(320,360) d=2.93 a=1 | sp=som:active d=2.9 age=0 som=3/8 dtg=9.89 region=0_9
ep=45 s=131 6742ms [sel=3 cap=6626 rest=113] sg=5->5 mode=NONE win=8 obs=132 | cap=wip act=(320,360) d=2.68 a=1 | sp=som:active d=2.7 age=1 dtg=9.65 region=0_9
ep=45 s=132 14463ms [sel=22 cap=13932 rest=472] sg=5->5 mode=NONE win=8 obs=133 | cap=wip act=(160,180) d=3.26 a=1 | preview=view2/6 yaw=-45 render=38ms | sp=preview:active d=3.3 age=0 dtg=9.41 region=0_9
ep=45 s=133 8745ms [sel=4 cap=8636 rest=105] sg=5->5 mode=NONE win=8 obs=134 | cap=wip act=(320,360) d=3.04 a=1 | sp=preview:active d=3.0 age=1 dtg=9.17 region=0_9
ep=45 s=134 10265ms [sel=3 cap=10143 rest=119] sg=5->5 mode=NONE win=8 obs=135 | cap=wip act=(320,360) d=2.82 a=1 | sp=preview:active d=2.8 age=2 dtg=8.95 region=0_9
ep=45 s=135 13339ms [sel=3 cap=12857 rest=443] sg=5->5 mode=NONE win=8 obs=136 | cap=wip act=(320,360) d=2.61 a=1 | preview=view-/6 yaw=+0 render=37ms | sp=preview:active d=2.6 age=3 dtg=8.75 region=0_9
ep=45 s=136 6934ms [sel=3 cap=6802 rest=129] sg=5->5 mode=NONE win=8 obs=137 | cap=wip act=(320,360) d=2.41 a=2 | sp=preview:active d=2.4 age=4 dtg=8.75 region=0_9
ep=45 s=137 8532ms [sel=3 cap=8400 rest=129] sg=5->5 mode=NONE win=8 obs=138 | cap=wip act=(320,360) d=2.41 a=1 | sp=preview:active d=2.4 age=5 dtg=8.57 region=0_3
ep=45 s=138 11501ms [sel=3 cap=10981 rest=481] sg=5->5 mode=NONE win=8 obs=139 | cap=wip act=(320,360) d=2.18 a=2 | preview=view-/6 yaw=+0 render=36ms | sp=preview:active d=2.2 age=6 dtg=8.57 region=0_3
ep=45 s=139 9625ms [sel=3 cap=9493 rest=129] sg=5->5 mode=NONE win=8 obs=140 | cap=wip act=(320,360) d=2.18 a=1 | sp=preview:active d=2.2 age=7 dtg=8.36 region=0_3
ep=45 s=140 6413ms [sel=5 cap=6245 rest=163] sg=5->5 mode=NONE win=8 obs=141 | cap=wip act=(320,360) d=1.94 a=1 | sp=preview:active d=1.9 age=8 dtg=8.16 region=0_3
ep=45 s=141 14447ms [sel=5 cap=14307 rest=135] sg=5->5 mode=NONE win=8 obs=142 | cap=wip act=(320,360) d=1.69 a=1 | sp=preview:active d=1.7 age=9 dtg=7.97 region=0_3
ep=45 s=142 7357ms [sel=5 cap=7210 rest=142] sg=5->5 mode=NONE win=8 obs=143 | cap=wip act=(320,360) d=1.45 a=2 | sp=preview:active d=1.4 age=10 dtg=7.97 region=0_3
ep=45 s=143 14252ms [sel=3 cap=14122 rest=127] sg=5->5 mode=NONE win=8 obs=144 | cap=wip act=(320,360) d=1.45 a=1 | sp=preview:active d=1.4 age=11 dtg=7.75 region=0_3
ep=45 s=144 3187ms [sel=4 cap=3053 rest=130] sg=5->5 mode=NONE win=8 obs=145 | cap=wip act=(320,360) d=1.20 a=1 | sp=preview:active d=1.2 age=12 dtg=7.53 region=0_3
ep=45 s=145 13219ms [sel=49 cap=12595 rest=538] sg=5->5 mode=NONE win=8 obs=146 | cap=wip act=(320,360) d=2.73 a=1 | preview=view-/6 yaw=+0 render=37ms | sp=frontier:active d=2.7 age=0 dtg=7.32 region=0_3
ep=45 s=146 9410ms [sel=3 cap=9278 rest=128] sg=5->5 mode=NONE win=8 obs=147 | cap=wip act=(320,360) d=2.53 a=1 | sp=frontier:active d=2.5 age=1 dtg=7.13 region=0_3
ep=45 s=147 6206ms [sel=5 cap=6072 rest=129] sg=5->5 mode=NONE win=8 obs=148 | cap=wip act=(320,360) d=2.33 a=1 | sp=frontier:active d=2.3 age=2 dtg=6.94 region=0_3
ep=45 s=148 17820ms [sel=8 cap=17244 rest=527] sg=5->5 mode=NONE win=8 obs=149 | cap=wip act=(320,360) d=2.14 a=3 | preview=view-/6 yaw=+0 render=40ms | sp=frontier:active d=2.1 age=3 dtg=6.94 region=0_3
ep=45 s=149 14756ms [sel=3 cap=14624 rest=129] sg=5->5 mode=NONE win=8 obs=150 | cap=wip act=(320,360) d=2.14 a=3 | sp=frontier:active d=2.1 age=4 dtg=6.94 region=0_3
ep=45 s=150 12671ms [sel=4 cap=12533 rest=133] sg=5->5 mode=NONE win=8 obs=151 | cap=wip act=(320,360) d=2.14 a=1 | sp=frontier:active d=2.1 age=5 dtg=6.90 region=0_3
ep=45 s=151 10269ms [sel=4 cap=10129 rest=136] sg=5->5 mode=NONE win=8 obs=152 | cap=wip act=(320,360) d=1.90 a=1 | sp=frontier:active d=1.9 age=6 dtg=6.92 region=0_3
ep=45 s=152 7779ms [sel=5 cap=7645 rest=130] sg=5->5 mode=NONE win=8 obs=153 | cap=wip act=(320,360) d=1.66 a=1 | sp=frontier:active d=1.7 age=7 dtg=7.03 region=0_3
ep=45 s=153 19334ms [sel=3 cap=18803 rest=489] sg=5->5 mode=NONE win=8 obs=154 | cap=wip act=(320,360) d=1.43 a=3 | preview=view-/6 yaw=+0 render=39ms | sp=frontier:active d=1.4 age=8 dtg=7.03 region=0_3
ep=45 s=154 17207ms [sel=3 cap=17078 rest=126] sg=5->5 mode=NONE win=8 obs=155 | cap=wip act=(320,360) d=1.43 a=1 | sp=frontier:active d=1.4 age=9 dtg=7.25 region=0_3
ep=45 s=155 21699ms [sel=3 cap=21549 rest=148] sg=5->5 mode=NONE win=8 obs=156 | cap=wip act=(320,360) d=1.18 a=1 | sp=frontier:active d=1.2 age=10 dtg=7.48 region=0_3
ep=45 s=156 13524ms [sel=3 cap=13401 rest=120] sg=5->5 mode=NONE win=8 obs=157 | cap=wip act=(320,360) d=0.93 a=1 | sp=frontier:active d=0.9 age=11 dtg=7.72 region=0_3
ep=45 s=157 21914ms [sel=3 cap=21789 rest=122] sg=5->5 mode=NONE win=8 obs=158 | cap=wip act=(320,360) d=0.69 a=1 | sp=frontier:active d=0.7 age=12 dtg=7.96 region=0_3
ep=45 s=158 11416ms [sel=55 cap=11233 rest=128] sg=5->5 mode=NONE win=8 obs=159 | cap=wip act=(320,360) d=3.02 a=3 | sp=frontier:active d=3.0 age=0 dtg=7.96 region=0_3
ep=45 s=159 12207ms [sel=17 cap=11666 rest=486] sg=5->5 mode=NONE win=8 obs=160 | cap=wip act=(320,360) d=3.02 a=3 | preview=view-/6 yaw=+0 render=37ms | sp=frontier:active d=3.0 age=1 dtg=7.96 region=0_3
ep=45 s=160 8211ms [sel=9 cap=8073 rest=129] sg=5->5 mode=NONE win=8 obs=161 | cap=wip act=(320,360) d=3.02 a=1 | sp=frontier:active d=3.0 age=2 dtg=8.20 region=0_3
ep=45 s=161 4890ms [sel=13 cap=4744 rest=134] sg=5->5 mode=NONE win=8 obs=162 | cap=wip act=(320,360) d=2.86 a=1 | sp=frontier:active d=2.9 age=3 dtg=8.44 region=0_3
ep=45 s=162 17753ms [sel=16 cap=17220 rest=480] sg=5->5 mode=NONE win=8 obs=163 | cap=wip act=(320,360) d=2.72 a=3 | preview=view-/6 yaw=+0 render=37ms | sp=frontier:active d=2.7 age=4 dtg=8.44 region=0_3
ep=45 s=163 9857ms [sel=5 cap=9722 rest=131] sg=5->5 mode=NONE win=8 obs=164 | cap=wip act=(320,360) d=2.72 a=3 | sp=frontier:active d=2.7 age=5 dtg=8.44 region=0_3
ep=45 s=164 4285ms [sel=5 cap=4145 rest=136] sg=5->5 mode=NONE win=8 obs=165 | cap=wip act=(320,360) d=2.72 a=1 | sp=frontier:active d=2.7 age=6 dtg=8.63 region=0_3
ep=45 s=165 10691ms [sel=3 cap=10182 rest=468] sg=5->5 mode=NONE win=8 obs=166 | cap=wip act=(320,360) d=2.49 a=3 | preview=view-/6 yaw=+0 render=38ms | sp=frontier:active d=2.5 age=7 dtg=8.63 region=0_3
ep=45 s=166 8888ms [sel=3 cap=8755 rest=129] sg=5->5 mode=NONE win=8 obs=167 | cap=wip act=(320,360) d=2.49 a=1 | sp=frontier:active d=2.5 age=8 dtg=8.80 region=0_3
ep=45 s=167 8266ms [sel=6 cap=8127 rest=134] sg=5->5 mode=NONE win=8 obs=168 | cap=wip act=(320,360) d=2.25 a=1 | sp=frontier:active d=2.3 age=9 dtg=9.02 region=0_3
ep=45 s=168 4040ms [sel=4 cap=3885 rest=150] sg=5->5 mode=NONE win=8 obs=169 | cap=wip act=(320,360) d=2.01 a=1 | sp=frontier:active d=2.0 age=10 dtg=9.25 region=0_3
ep=45 s=169 4311ms [sel=4 cap=4170 rest=137] sg=5->5 mode=NONE win=8 obs=170 | cap=wip act=(320,360) d=1.77 a=1 | sp=frontier:active d=1.8 age=11 dtg=9.49 region=0_3
ep=45 s=170 16794ms [sel=3 cap=16238 rest=516] sg=5->5 mode=NONE win=8 obs=171 | cap=wip act=(320,360) d=1.54 a=1 | preview=view-/6 yaw=+0 render=37ms | sp=frontier:active d=1.5 age=12 dtg=9.74 region=0_3
ep=45 s=171 9899ms [sel=4 cap=9756 rest=139] sg=5->5 mode=NONE win=8 obs=172 | cap=wip act=(320,360) d=1.31 a=3 | sp=frontier:active d=1.3 age=13 dtg=9.74 region=0_3
ep=45 s=172 5192ms [sel=3 cap=5059 rest=130] sg=5->5 mode=NONE win=8 obs=173 | cap=wip act=(320,360) d=1.31 a=1 | sp=frontier:active d=1.3 age=14 dtg=9.97 region=0_3
ep=45 s=173 15451ms [sel=4 cap=14940 rest=471] sg=5->5 mode=NONE win=8 obs=174 | cap=wip act=(320,360) d=1.07 a=1 | preview=view-/6 yaw=+0 render=36ms | sp=frontier:active d=1.1 age=15 dtg=10.20 region=0_3
ep=45 s=174 25314ms [sel=82 cap=25106 rest=126] sg=5->5 mode=NONE win=8 obs=175 | cap=wip act=(320,360) d=3.77 a=3 | sp=frontier:active d=3.8 age=0 dtg=10.20 region=0_3
ep=45 s=175 22160ms [sel=19 cap=22014 rest=128] sg=5->5 mode=NONE win=8 obs=176 | cap=wip act=(320,360) d=3.77 a=3 | sp=frontier:active d=3.8 age=1 dtg=10.20 region=0_3
ep=45 s=176 8490ms [sel=3 cap=8357 rest=131] sg=5->5 mode=NONE win=8 obs=177 | cap=wip act=(320,360) d=3.77 a=1 | sp=frontier:active d=3.8 age=2 dtg=10.38 region=0_3
ep=45 s=177 12493ms [sel=6 cap=11941 rest=510] sg=5->5 mode=NONE win=8 obs=178 | cap=wip act=(320,360) d=3.52 a=3 | preview=view-/6 yaw=+0 render=35ms | sp=frontier:active d=3.5 age=3 dtg=10.38 region=0_3
ep=45 s=178 7764ms [sel=4 cap=7623 rest=137] sg=5->5 mode=NONE win=8 obs=179 | cap=wip act=(320,360) d=3.52 a=1 | sp=frontier:active d=3.5 age=4 dtg=10.53 region=0_3
ep=45 s=179 5359ms [sel=3 cap=5224 rest=132] sg=5->5 mode=NONE win=8 obs=180 | cap=wip act=(320,360) d=3.27 a=1 | sp=frontier:active d=3.3 age=5 dtg=10.70 region=0_3
ep=45 s=180 16198ms [sel=3 cap=15658 rest=500] sg=5->5 mode=NONE win=8 obs=181 | cap=wip act=(320,360) d=3.03 a=1 | preview=view-/6 yaw=+0 render=37ms | sp=frontier:active d=3.0 age=6 dtg=10.89 region=0_3
ep=45 s=181 17912ms [sel=3 cap=17781 rest=128] sg=5->5 mode=NONE win=8 obs=182 | cap=wip act=(320,360) d=2.78 a=1 | sp=frontier:active d=2.8 age=7 dtg=11.11 region=0_3
ep=45 s=182 13009ms [sel=4 cap=12875 rest=129] sg=5->5 mode=NONE win=8 obs=183 | cap=wip act=(320,360) d=2.54 a=3 | sp=frontier:active d=2.5 age=8 dtg=11.11 region=0_3
ep=45 s=183 10070ms [sel=3 cap=9530 rest=500] sg=5->5 mode=NONE win=8 obs=184 | cap=wip act=(320,360) d=2.54 a=1 | preview=view-/6 yaw=+0 render=37ms | sp=frontier:active d=2.5 age=9 dtg=10.89 region=0_3
ep=45 s=184 9171ms [sel=3 cap=9040 rest=127] sg=5->5 mode=NONE win=8 obs=185 | cap=wip act=(320,360) d=2.32 a=3 | sp=frontier:active d=2.3 age=10 dtg=10.89 region=0_3
ep=45 s=185 11281ms [sel=7 cap=11145 rest=129] sg=5->5 mode=NONE win=8 obs=186 | cap=wip act=(320,360) d=2.32 a=1 | sp=frontier:active d=2.3 age=11 dtg=10.71 region=0_3
ep=45 s=186 12137ms [sel=7 cap=11606 rest=486] sg=5->5 mode=NONE win=8 obs=187 | cap=wip act=(320,360) d=2.16 a=3 | preview=view-/6 yaw=+0 render=38ms | sp=frontier:active d=2.2 age=12 dtg=10.71 region=0_3
ep=45 s=187 12389ms [sel=12 cap=12266 rest=111] sg=5->5 mode=NONE win=8 obs=188 | cap=wip act=(320,360) d=2.16 a=1 | sp=frontier:active d=2.2 age=13 dtg=10.52 region=0_3
ep=45 s=188 12376ms [sel=59 cap=12201 rest=116] sg=5->5 mode=NONE win=8 obs=189 | cap=wip act=(320,360) d=3.53 a=1 | sp=frontier:active d=3.5 age=0 dtg=10.34 region=0_3
ep=45 s=189 7884ms [sel=14 cap=7759 rest=111] sg=5->5 mode=NONE win=8 obs=190 | cap=wip act=(320,360) d=3.37 a=1 | sp=frontier:active d=3.4 age=1 dtg=10.20 region=0_3
ep=45 s=190 9099ms [sel=15 cap=8977 rest=107] sg=5->5 mode=NONE win=8 obs=191 | cap=wip act=(320,360) d=3.21 a=1 | sp=frontier:active d=3.2 age=2 dtg=10.09 region=0_3
ep=45 s=191 7507ms [sel=19 cap=7380 rest=108] sg=5->5 mode=NONE win=8 obs=192 | cap=wip act=(320,360) d=3.07 a=2 | sp=frontier:active d=3.1 age=3 dtg=10.09 region=0_3
ep=45 s=192 10260ms [sel=11 cap=10132 rest=116] sg=5->5 mode=NONE win=8 obs=193 | cap=wip act=(320,360) d=3.07 a=1 | sp=frontier:active d=3.1 age=4 dtg=10.11 region=0_3
ep=45 s=193 10359ms [sel=17 cap=9728 rest=575] sg=5->5 mode=NONE win=8 obs=194 | cap=wip act=(320,360) d=2.89 a=2 | preview=view-/6 yaw=+0 render=38ms | sp=frontier:active d=2.9 age=5 dtg=10.11 region=0_3
ep=45 s=194 14703ms [sel=3 cap=14583 rest=117] sg=5->5 mode=NONE win=8 obs=195 | cap=wip act=(320,360) d=2.89 a=1 | sp=frontier:active d=2.9 age=6 dtg=10.23 region=0_3
ep=45 s=195 6270ms [sel=4 cap=6150 rest=116] sg=5->5 mode=NONE win=8 obs=196 | cap=wip act=(320,360) d=2.67 a=2 | sp=frontier:active d=2.7 age=7 dtg=10.23 region=0_3
ep=45 s=196 18483ms [sel=3 cap=17951 rest=493] sg=5->5 mode=NONE win=8 obs=197 | cap=wip act=(320,360) d=2.67 a=1 | preview=view-/6 yaw=+0 render=36ms | sp=frontier:active d=2.7 age=8 dtg=10.41 region=0_3
ep=45 s=197 13317ms [sel=3 cap=13206 rest=108] sg=5->5 mode=NONE win=8 obs=198 | cap=wip act=(320,360) d=2.44 a=2 | sp=frontier:active d=2.4 age=9 dtg=10.41 region=0_3
ep=45 s=198 15589ms [sel=3 cap=15463 rest=123] sg=5->5 mode=NONE win=8 obs=199 | cap=wip act=(320,360) d=2.44 a=1 | sp=frontier:active d=2.4 age=10 dtg=10.64 region=0_3
ep=45 s=199 13852ms [sel=4 cap=13270 rest=541] sg=5->5 mode=NONE win=8 obs=200 | cap=wip act=(320,360) d=2.19 a=1 | preview=view-/6 yaw=+0 render=36ms | sp=frontier:active d=2.2 age=11 dtg=10.86 region=0_3
ep=45 s=200 11186ms [sel=3 cap=11059 rest=124] sg=5->5 mode=NONE win=8 obs=201 | cap=wip act=(320,360) d=1.94 a=1 | sp=frontier:active d=1.9 age=12 dtg=11.09 region=0_3
ep=45 s=201 8383ms [sel=4 cap=8255 rest=124] sg=5->5 mode=NONE win=8 obs=202 | cap=wip act=(320,360) d=1.69 a=1 | sp=frontier:active d=1.7 age=13 dtg=11.32 region=0_3
ep=45 s=202 27709ms [sel=75 cap=27095 rest=503] sg=5->5 mode=NONE win=8 obs=203 | cap=wip act=(320,360) d=3.52 a=2 | preview=view-/6 yaw=+0 render=36ms | sp=frontier:active d=3.5 age=0 dtg=11.32 region=0_3
ep=45 s=203 12995ms [sel=9 cap=12876 rest=110] sg=5->5 mode=NONE win=8 obs=204 | cap=wip act=(320,360) d=3.52 a=1 | sp=frontier:active d=3.5 age=1 dtg=11.57 region=0_3
ep=45 s=204 23553ms [sel=7 cap=23426 rest=120] sg=5->5 mode=NONE win=8 obs=205 | cap=wip act=(320,360) d=3.28 a=2 | sp=frontier:active d=3.3 age=2 dtg=11.57 region=0_3
ep=45 s=205 15491ms [sel=7 cap=14953 rest=495] sg=5->5 mode=NONE win=8 obs=206 | cap=wip act=(320,360) d=3.28 a=1 | preview=view-/6 yaw=+0 render=36ms | sp=frontier:active d=3.3 age=3 dtg=11.82 region=0_3
ep=45 s=206 13025ms [sel=6 cap=12900 rest=118] sg=5->5 mode=NONE win=8 obs=207 | cap=wip act=(320,360) d=3.08 a=1 | sp=frontier:active d=3.1 age=4 dtg=12.07 region=0_3
ep=45 s=207 18397ms [sel=6 cap=18264 rest=127] sg=5->5 mode=NONE win=8 obs=208 | cap=wip act=(320,360) d=2.89 a=1 | sp=frontier:active d=2.9 age=5 dtg=12.31 region=0_3
ep=45 s=208 10155ms [sel=4 cap=9571 rest=538] sg=5->5 mode=NONE win=8 obs=209 | cap=wip act=(320,360) d=2.70 a=1 | preview=view-/6 yaw=+0 render=42ms | sp=frontier:active d=2.7 age=6 dtg=12.56 region=0_6
ep=45 s=209 5707ms [sel=8 cap=5569 rest=131] sg=5->5 mode=NONE win=8 obs=210 | cap=wip act=(320,360) d=2.53 a=1 | sp=frontier:active d=2.5 age=7 dtg=12.81 region=0_6
ep=45 s=210 7388ms [sel=5 cap=7256 rest=127] sg=5->5 mode=NONE win=8 obs=211 | cap=wip act=(320,360) d=2.37 a=2 | sp=frontier:active d=2.4 age=8 dtg=12.81 region=0_6
ep=45 s=211 15142ms [sel=5 cap=14572 rest=527] sg=5->5 mode=NONE win=8 obs=212 | cap=wip act=(320,360) d=2.37 a=1 | preview=view-/6 yaw=+0 render=38ms | sp=frontier:active d=2.4 age=9 dtg=13.04 region=0_6
ep=45 s=212 6178ms [sel=4 cap=6049 rest=125] sg=5->5 mode=NONE win=8 obs=213 | cap=wip act=(320,360) d=2.28 a=1 | sp=frontier:active d=2.3 age=10 dtg=13.28 region=0_6
ep=45 s=213 16968ms [sel=35 cap=16803 rest=130] sg=5->5 mode=NONE win=8 obs=214 | cap=wip act=(320,360) d=2.22 a=3 | sp=frontier:active d=2.2 age=11 dtg=13.28 region=0_6
ep=45 s=214 11644ms [sel=34 cap=11051 rest=523] sg=5->5 mode=NONE win=8 obs=215 | cap=wip act=(320,360) d=2.22 a=3 | preview=view-/6 yaw=+0 render=37ms | sp=frontier:active d=2.2 age=12 dtg=13.28 region=0_6
ep=45 s=215 9351ms [sel=35 cap=9197 rest=119] sg=5->5 mode=NONE win=8 obs=216 | cap=wip act=(320,360) d=2.22 a=3 | sp=frontier:active d=2.2 age=13 dtg=13.28 region=0_6
ep=45 s=216 7795ms [sel=33 cap=7640 rest=122] sg=5->5 mode=NONE win=8 obs=217 | cap=wip act=(320,360) d=2.22 a=3 | sp=frontier:active d=2.2 age=14 dtg=13.28 region=0_6
ep=45 s=217 14793ms [sel=29 cap=14234 rest=493] sg=5->5 mode=NONE win=8 obs=218 | cap=wip act=(320,360) d=2.22 a=3 | preview=view-/6 yaw=+0 render=36ms | sp=frontier:active d=2.2 age=15 dtg=13.28 region=0_6
ep=45 s=218 7937ms [sel=41 cap=7779 rest=117] sg=5->5 mode=NONE win=8 obs=219 | cap=wip act=(320,360) d=2.22 a=3 | sp=frontier:active d=2.2 age=16 dtg=13.28 region=0_6
ep=45 s=219 8747ms [sel=17 cap=8607 rest=123] sg=5->5 mode=NONE win=8 obs=220 | cap=wip act=(320,360) d=2.22 a=3 | sp=frontier:active d=2.2 age=17 dtg=13.28 region=0_6
ep=45 s=220 15764ms [sel=14 cap=15185 rest=525] sg=5->5 mode=NONE win=8 obs=221 | cap=wip act=(320,360) d=2.22 a=3 | preview=view-/6 yaw=+0 render=40ms | sp=frontier:active d=2.2 age=18 dtg=13.28 region=0_6
ep=45 s=221 10388ms [sel=15 cap=10263 rest=110] sg=5->5 mode=NONE win=8 obs=222 | cap=wip act=(320,360) d=2.22 a=1 | sp=frontier:active d=2.2 age=19 dtg=13.24 region=0_6
ep=45 s=222 9781ms [sel=1809 cap=7860 rest=112] sg=5->5 mode=NONE win=8 obs=223 | cap=wip act=(320,360) d=2.02 a=2 | sp=frontier:active d=2.0 age=0 som=B/8 dtg=13.24 region=0_6
ep=45 s=223 9898ms [sel=39 cap=9339 rest=480] sg=5->5 mode=NONE win=8 obs=224 | cap=wip act=(320,360) d=2.02 a=2 | preview=view-/6 yaw=+0 render=40ms | sp=frontier:active d=2.0 age=1 dtg=13.24 region=0_6
ep=45 s=224 5620ms [sel=19 cap=5476 rest=125] sg=5->5 mode=NONE win=8 obs=225 | cap=wip act=(320,360) d=2.02 a=2 | sp=frontier:active d=2.0 age=2 dtg=13.24 region=0_6
ep=45 s=225 5519ms [sel=19 cap=5389 rest=110] sg=5->5 mode=NONE win=8 obs=226 | cap=wip act=(320,360) d=2.02 a=2 | sp=frontier:active d=2.0 age=3 dtg=13.24 region=0_6
ep=45 s=226 15776ms [sel=20 cap=15234 rest=484] sg=5->5 mode=NONE win=8 obs=227 | cap=wip act=(320,360) d=2.02 a=2 | preview=view-/6 yaw=+0 render=37ms | sp=frontier:active d=2.0 age=4 dtg=13.24 region=0_6
ep=45 s=227 10275ms [sel=28 cap=10124 rest=124] sg=5->5 mode=NONE win=8 obs=228 | cap=wip act=(320,360) d=2.02 a=2 | sp=frontier:active d=2.0 age=5 dtg=13.24 region=0_6
ep=45 s=228 4589ms [sel=20 cap=4424 rest=145] sg=5->5 mode=NONE win=8 obs=229 | cap=wip act=(320,360) d=2.02 a=2 | sp=frontier:active d=2.0 age=6 dtg=13.24 region=0_6
ep=45 s=229 16999ms [sel=19 cap=16459 rest=485] sg=5->5 mode=NONE win=8 obs=230 | cap=wip act=(320,360) d=2.02 a=2 | preview=view-/6 yaw=+0 render=36ms | sp=frontier:active d=2.0 age=7 dtg=13.24 region=0_6
ep=45 s=230 5962ms [sel=14 cap=5824 rest=124] sg=5->5 mode=NONE win=8 obs=231 | cap=wip act=(320,360) d=2.02 a=2 | sp=frontier:active d=2.0 age=8 dtg=13.24 region=0_6
ep=45 s=231 13040ms [sel=8 cap=12903 rest=130] sg=5->5 mode=NONE win=8 obs=232 | cap=wip act=(320,360) d=2.02 a=2 | sp=frontier:active d=2.0 age=9 dtg=13.24 region=0_6
ep=45 s=232 9814ms [sel=7 cap=9264 rest=508] sg=5->5 mode=NONE win=8 obs=233 | cap=wip act=(320,360) d=2.02 a=1 | preview=view-/6 yaw=+0 render=35ms | sp=frontier:active d=2.0 age=10 dtg=13.39 region=0_6
ep=45 s=233 6138ms [sel=3 cap=5975 rest=160] sg=5->5 mode=NONE win=8 obs=234 | cap=wip act=(320,360) d=1.79 a=1 | sp=frontier:active d=1.8 age=11 dtg=13.55 region=0_6
ep=45 s=234 5809ms [sel=4 cap=5673 rest=132] sg=5->5 mode=NONE win=8 obs=235 | cap=wip act=(320,360) d=1.56 a=2 | sp=frontier:active d=1.6 age=12 dtg=13.55 region=0_6
ep=45 s=235 12913ms [sel=3 cap=12346 rest=527] sg=5->5 mode=NONE win=8 obs=236 | cap=wip act=(320,360) d=1.56 a=1 | preview=view-/6 yaw=+0 render=37ms | sp=frontier:active d=1.6 age=13 dtg=13.67 region=0_6
ep=45 s=236 9243ms [sel=3 cap=9112 rest=128] sg=5->5 mode=NONE win=8 obs=237 | cap=wip act=(320,360) d=1.32 a=1 | sp=frontier:active d=1.3 age=14 dtg=13.78 region=0_6
ep=45 s=237 11398ms [sel=3 cap=11263 rest=132] sg=5->5 mode=NONE win=8 obs=238 | cap=wip act=(320,360) d=1.08 a=1 | sp=frontier:active d=1.1 age=15 dtg=13.91 region=0_6
ep=45 s=238 24333ms [sel=3 cap=23729 rest=564] sg=5->5 mode=NONE win=8 obs=239 | cap=wip act=(320,360) d=0.84 a=2 | preview=view-/6 yaw=+0 render=36ms | sp=frontier:active d=0.8 age=16 dtg=13.91 region=0_6
ep=45 s=239 14803ms [sel=3 cap=14662 rest=137] sg=5->5 mode=NONE win=8 obs=240 | cap=wip act=(320,360) d=0.84 a=1 | sp=frontier:active d=0.8 age=17 dtg=14.05 region=0_6
ep=45 s=240 8547ms [sel=4 cap=8402 rest=141] sg=5->5 mode=NONE win=8 obs=241 | cap=wip act=(320,360) d=0.60 a=2 | sp=frontier:active d=0.6 age=18 dtg=14.05 region=0_6
ep=45 s=241 10155ms [sel=3 cap=9596 rest=517] sg=5->5 mode=NONE win=8 obs=242 | cap=wip act=(320,360) d=0.60 a=1 | preview=view-/6 yaw=+0 render=39ms | sp=frontier:active d=0.6 age=19 dtg=14.21 region=0_6
ep=45 s=242 13303ms [sel=129 cap=13046 rest=128] sg=5->5 mode=NONE win=8 obs=243 | cap=wip act=(320,360) d=4.28 a=2 | sp=frontier:active d=4.3 age=0 dtg=14.21 region=0_6
ep=45 s=243 8788ms [sel=68 cap=8585 rest=135] sg=5->5 mode=NONE win=8 obs=244 | cap=wip act=(320,360) d=4.28 a=2 | sp=frontier:active d=4.3 age=1 dtg=14.21 region=0_6
ep=45 s=244 19859ms [sel=5 cap=19289 rest=529] sg=5->None mode=NONE win=8 obs=245 | cap=DONE act=(320,360) d=1.00 a=1 | preview=view-/6 yaw=+0 render=36ms | sp=frontier:active d=4.3 age=2 ovr=2 door_evts=7 dtg=14.34 region=0_6
ep=45 s=245 131ms [sel=5 cap=0 rest=127] sg=None->None mode=NONE win=8 obs=246 | cap=- act=STOP | sp=frontier:active d=4.0 age=3 ovr=2 door_evts=7 dtg=14.34 region=0_6
rank=1 [1/13] id=45 steps=246 success=0.000 spl=0.000 dtg=14.34 osr=0 path_length=38.25 ndtw=0.017 sdtw=0.000
episode=162 instruction='Head toward an eating area, passing a space that opens to the outdoors on your right, and go by the long surface people eat at. Continue toward three sets of panelled entries, and stop before you reach them.' start_position=[4.643919944763184, 0.12711000442504883, 6.875820159912109] goal_position=[8.22599983215332, 0.12711000442504883, 2.194080114364624] reference_geodesic=9.720928192138672
episode=162 prepared_subgoals=5
  [1] Head toward the eating area
      proof: The eating area is directly ahead, within a step.
  [2] Pass the space that opens to the outdoors on the right
      proof: The outdoor space is visible to the right, and the camera has passed its edge.
  [3] Go by the long surface people eat at
      proof: The long surface is beside or directly ahead, within a step.
  [4] Continue toward three sets of panelled entries
      proof: The three sets of panelled entries are directly ahead, within a step.
  [5] Stop before reaching the three sets of panelled entries
      proof: The camera is stopped beside the panelled entries, with the entries ahead and unpassed
ep=162 s=0 6629ms [sel=6 cap=6107 rest=479] sg=1->1 mode=NONE win=1 obs=1 | cap=wip act=PREVIEW a=2 | preview=view3/6 yaw=+45 render=37ms dtg=9.72 region=0_5
ep=162 s=1 3705ms [sel=1839 cap=1757 rest=109] sg=1->1 mode=NONE win=2 obs=2 | cap=wip act=(320,360) d=3.34 a=2 | sp=som:active d=3.3 age=0 som=2/7 dtg=9.72 region=0_5
ep=162 s=2 4082ms [sel=3 cap=3970 rest=109] sg=1->1 mode=NONE win=3 obs=3 | cap=wip act=(320,360) d=3.34 a=1 | sp=som:active d=3.3 age=1 dtg=9.50 region=0_5
ep=162 s=3 4673ms [sel=3 cap=4559 rest=111] sg=1->1 mode=NONE win=4 obs=4 | cap=wip act=(320,360) d=3.09 a=1 | sp=som:active d=3.1 age=2 dtg=9.29 region=0_5
ep=162 s=4 3181ms [sel=3 cap=3072 rest=105] sg=1->1 mode=NONE win=5 obs=5 | cap=wip act=(320,360) d=2.85 a=2 | sp=som:active d=2.9 age=3 dtg=9.29 region=0_5
ep=162 s=5 5724ms [sel=3 cap=5606 rest=115] sg=1->1 mode=NONE win=6 obs=6 | cap=wip act=(320,360) d=2.85 a=1 | sp=som:active d=2.9 age=4 dtg=9.14 region=0_5
ep=162 s=6 6185ms [sel=3 cap=6044 rest=138] sg=1->1 mode=NONE win=7 obs=7 | cap=wip act=(320,360) d=2.60 a=1 | sp=som:active d=2.6 age=5 dtg=9.04 region=0_4
ep=162 s=7 3873ms [sel=3 cap=3756 rest=114] sg=1->1 mode=NONE win=8 obs=8 | cap=wip act=(320,360) d=2.35 a=1 | sp=som:active d=2.4 age=6 dtg=8.98 region=0_4
ep=162 s=8 6123ms [sel=773 cap=5229 rest=121] sg=1->2 mode=NONE win=8 obs=9 | cap=DONE act=(320,360) d=2.33 a=3 | sp=som:active d=2.3 age=0 som=3/8 dtg=8.98 region=0_4
ep=162 s=9 2912ms [sel=3 cap=2769 rest=140] sg=2->2 mode=NONE win=8 obs=10 | cap=wip act=(320,360) d=2.33 a=1 | sp=som:active d=2.3 age=1 dtg=8.91 region=0_4
ep=162 s=10 2593ms [sel=3 cap=2466 rest=123] sg=2->2 mode=NONE win=8 obs=11 | cap=wip act=(320,360) d=2.08 a=1 | sp=som:active d=2.1 age=2 dtg=8.89 region=0_4
ep=162 s=11 5049ms [sel=3 cap=4939 rest=107] sg=2->2 mode=NONE win=8 obs=12 | cap=wip act=(320,360) d=1.83 a=1 | sp=som:active d=1.8 age=3 dtg=8.92 region=0_4
ep=162 s=12 2534ms [sel=3 cap=2417 rest=114] sg=2->2 mode=NONE win=8 obs=13 | cap=wip act=(320,360) d=1.58 a=1 | sp=som:active d=1.6 age=4 dtg=8.98 region=0_4
ep=162 s=13 7672ms [sel=3 cap=7566 rest=103] sg=2->2 mode=NONE win=8 obs=14 | cap=wip act=(320,360) d=1.33 a=1 | sp=som:active d=1.3 age=5 dtg=9.07 region=0_4
ep=162 s=14 5693ms [sel=3 cap=5591 rest=98] sg=2->2 mode=NONE win=8 obs=15 | cap=wip act=(320,360) d=1.08 a=1 | sp=som:active d=1.1 age=6 dtg=9.18 region=0_4
ep=162 s=15 3734ms [sel=3 cap=3634 rest=96] sg=2->2 mode=NONE win=8 obs=16 | cap=wip act=(320,360) d=0.83 a=1 | sp=som:active d=0.8 age=7 dtg=9.30 region=0_4
ep=162 s=16 1830ms [sel=3 cap=1731 rest=96] sg=2->2 mode=NONE win=8 obs=17 | cap=wip act=(320,360) d=0.58 a=1 | sp=som:active d=0.6 age=8 dtg=9.45 region=0_4
ep=162 s=17 4173ms [sel=1326 cap=2746 rest=100] sg=2->2 mode=NONE win=8 obs=18 | cap=wip act=(320,360) d=0.95 a=3 | sp=som:active d=0.9 age=0 som=2/5 dtg=9.45 region=0_4
ep=162 s=18 3557ms [sel=7 cap=3446 rest=104] sg=2->2 mode=NONE win=8 obs=19 | cap=wip act=(320,360) d=0.95 a=3 | sp=som:active d=0.9 age=1 dtg=9.45 region=0_4
ep=162 s=19 4967ms [sel=3 cap=4854 rest=110] sg=2->2 mode=NONE win=8 obs=20 | cap=wip act=(320,360) d=0.95 a=3 | sp=som:active d=0.9 age=2 dtg=9.45 region=0_4
ep=162 s=20 6457ms [sel=3 cap=6346 rest=108] sg=2->2 mode=NONE win=8 obs=21 | cap=wip act=(320,360) d=0.95 a=3 | sp=som:active d=0.9 age=3 dtg=9.45 region=0_4
ep=162 s=21 2613ms [sel=3 cap=2504 rest=106] sg=2->2 mode=NONE win=8 obs=22 | cap=wip act=(320,360) d=0.95 a=1 | sp=som:active d=0.9 age=4 dtg=9.39 region=0_4
ep=162 s=22 9532ms [sel=40 cap=8978 rest=476] sg=2->2 mode=NONE win=8 obs=23 | cap=wip act=(160,180) d=3.56 a=3 | preview=view3/6 yaw=+0 render=38ms | sp=preview:active d=3.6 age=0 dtg=9.39 region=0_4
ep=162 s=23 4005ms [sel=19 cap=3883 rest=103] sg=2->2 mode=NONE win=8 obs=24 | cap=wip act=(320,360) d=3.56 a=3 | sp=preview:active d=3.6 age=1 dtg=9.39 region=0_4
ep=162 s=24 4826ms [sel=14 cap=4705 rest=106] sg=2->2 mode=NONE win=8 obs=25 | cap=wip act=(320,360) d=3.56 a=3 | sp=preview:active d=3.6 age=2 dtg=9.39 region=0_4
ep=162 s=25 5713ms [sel=8 cap=5593 rest=112] sg=2->2 mode=NONE win=8 obs=26 | cap=wip act=(320,360) d=3.56 a=3 | sp=preview:active d=3.6 age=3 dtg=9.39 region=0_4
ep=162 s=26 7021ms [sel=3826 cap=3083 rest=112] sg=2->3 mode=NONE win=8 obs=27 | cap=DONE act=(320,360) d=3.02 a=3 | sp=som:active d=3.0 age=0 som=5/8 dtg=9.39 region=0_4
ep=162 s=27 4276ms [sel=17 cap=4147 rest=112] sg=3->3 mode=NONE win=8 obs=28 | cap=wip act=(320,360) d=3.02 a=3 | sp=som:active d=3.0 age=1 dtg=9.39 region=0_4
ep=162 s=28 7871ms [sel=3 cap=7753 rest=115] sg=3->3 mode=NONE win=8 obs=29 | cap=wip act=(320,360) d=3.02 a=3 | sp=som:active d=3.0 age=2 dtg=9.39 region=0_4
ep=162 s=29 8243ms [sel=3 cap=8123 rest=117] sg=3->3 mode=NONE win=8 obs=30 | cap=wip act=(320,360) d=3.02 a=1 | sp=som:active d=3.0 age=3 dtg=9.17 region=0_4
ep=162 s=30 2800ms [sel=4 cap=2684 rest=113] sg=3->3 mode=NONE win=8 obs=31 | cap=wip act=(320,360) d=2.77 a=3 | sp=som:active d=2.8 age=4 dtg=9.17 region=0_4
ep=162 s=31 6093ms [sel=3 cap=5972 rest=117] sg=3->3 mode=NONE win=8 obs=32 | cap=wip act=(320,360) d=2.77 a=1 | sp=som:active d=2.8 age=5 dtg=9.00 region=0_4
ep=162 s=32 6516ms [sel=3 cap=6376 rest=137] sg=3->3 mode=NONE win=8 obs=33 | cap=wip act=(320,360) d=2.52 a=1 | sp=som:active d=2.5 age=6 dtg=8.87 region=0_4
ep=162 s=33 3942ms [sel=3 cap=3828 rest=111] sg=3->3 mode=NONE win=8 obs=34 | cap=wip act=(320,360) d=2.27 a=1 | sp=som:active d=2.3 age=7 dtg=8.77 region=0_4
ep=162 s=34 5461ms [sel=3 cap=5344 rest=114] sg=3->3 mode=NONE win=8 obs=35 | cap=wip act=(320,360) d=2.03 a=1 | sp=som:active d=2.0 age=8 dtg=8.68 region=0_4
ep=162 s=35 5572ms [sel=3 cap=5454 rest=115] sg=3->3 mode=NONE win=8 obs=36 | cap=wip act=(320,360) d=1.78 a=1 | sp=som:active d=1.8 age=9 dtg=8.62 region=0_4
ep=162 s=36 6819ms [sel=3 cap=6673 rest=143] sg=3->3 mode=NONE win=8 obs=37 | cap=wip act=(320,360) d=1.53 a=1 | sp=som:active d=1.5 age=10 dtg=8.61 region=0_4
ep=162 s=37 6915ms [sel=3 cap=6799 rest=113] sg=3->3 mode=NONE win=8 obs=38 | cap=wip act=(320,360) d=1.29 a=1 | sp=som:active d=1.3 age=11 dtg=8.67 region=0_4
ep=162 s=38 8807ms [sel=28 cap=8243 rest=498] sg=3->3 mode=NONE win=8 obs=39 | cap=wip act=(160,180) d=3.91 a=1 | preview=view3/6 yaw=+0 render=38ms | sp=preview:active d=3.9 age=0 dtg=8.79 region=0_4
ep=162 s=39 8478ms [sel=3 cap=8353 rest=123] sg=3->3 mode=NONE win=8 obs=40 | cap=wip act=(320,360) d=3.66 a=1 | sp=preview:active d=3.7 age=1 dtg=8.95 region=0_4
ep=162 s=40 2902ms [sel=3 cap=2788 rest=111] sg=3->3 mode=NONE win=8 obs=41 | cap=wip act=(320,360) d=3.41 a=1 | sp=preview:active d=3.4 age=2 dtg=9.15 region=0_5
ep=162 s=41 8883ms [sel=3 cap=8769 rest=111] sg=3->3 mode=NONE win=8 obs=42 | cap=wip act=(320,360) d=3.16 a=1 | sp=preview:active d=3.2 age=3 dtg=9.36 region=0_5
ep=162 s=42 2621ms [sel=3 cap=2509 rest=109] sg=3->3 mode=NONE win=8 obs=43 | cap=wip act=(320,360) d=2.91 a=1 | sp=preview:active d=2.9 age=4 dtg=9.59 region=0_5
ep=162 s=43 12874ms [sel=3 cap=12762 rest=109] sg=3->3 mode=NONE win=8 obs=44 | cap=wip act=(320,360) d=2.66 a=1 | sp=preview:active d=2.7 age=5 dtg=10.99 region=0_5
ep=162 s=44 7123ms [sel=3 cap=7016 rest=103] sg=3->3 mode=NONE win=8 obs=45 | cap=wip act=(320,360) d=2.41 a=1 | sp=preview:active d=2.4 age=6 dtg=10.74 region=0_5
ep=162 s=45 6143ms [sel=3 cap=6033 rest=107] sg=3->3 mode=NONE win=8 obs=46 | cap=wip act=(320,360) d=2.16 a=1 | sp=preview:active d=2.2 age=7 dtg=10.49 region=0_5
ep=162 s=46 3994ms [sel=3 cap=3890 rest=101] sg=3->3 mode=NONE win=8 obs=47 | cap=wip act=(320,360) d=1.91 a=1 | sp=preview:active d=1.9 age=8 dtg=10.24 region=0_5
ep=162 s=47 8155ms [sel=3 cap=8051 rest=101] sg=3->3 mode=NONE win=8 obs=48 | cap=wip act=(320,360) d=1.66 a=1 | sp=preview:active d=1.7 age=9 dtg=9.99 region=0_5
ep=162 s=48 3144ms [sel=3 cap=3036 rest=105] sg=3->3 mode=NONE win=8 obs=49 | cap=wip act=(320,360) d=1.41 a=1 | sp=preview:active d=1.4 age=10 dtg=9.74 region=0_5
ep=162 s=49 10489ms [sel=3 cap=10380 rest=106] sg=3->3 mode=NONE win=8 obs=50 | cap=wip act=(320,360) d=1.16 a=1 | sp=preview:active d=1.2 age=11 dtg=9.49 region=0_5
ep=162 s=50 11534ms [sel=4325 cap=7089 rest=119] sg=3->3 mode=NONE win=8 obs=51 | cap=wip act=(320,360) d=3.42 a=1 | sp=som:active d=3.4 age=0 som=4/7 dtg=9.24 region=0_5
ep=162 s=51 2116ms [sel=608 cap=1375 rest=133] sg=3->4 mode=NONE win=8 obs=52 | cap=DONE act=(320,360) d=2.17 a=1 | sp=som:active d=2.2 age=0 som=3/7 dtg=9.00 region=0_5
ep=162 s=52 4919ms [sel=3 cap=4800 rest=117] sg=4->4 mode=NONE win=8 obs=53 | cap=wip act=(320,360) d=1.92 a=1 | sp=som:active d=1.9 age=1 dtg=8.75 region=0_5
ep=162 s=53 6517ms [sel=3 cap=6394 rest=120] sg=4->4 mode=NONE win=8 obs=54 | cap=wip act=(320,360) d=1.67 a=1 | sp=som:active d=1.7 age=2 dtg=8.50 region=None
ep=162 s=54 4197ms [sel=3 cap=4072 rest=121] sg=4->4 mode=NONE win=8 obs=55 | cap=wip act=(320,360) d=1.43 a=1 | sp=som:active d=1.4 age=3 dtg=8.25 region=0_2
ep=162 s=55 7062ms [sel=3 cap=6941 rest=119] sg=4->4 mode=NONE win=8 obs=56 | cap=wip act=(320,360) d=1.18 a=3 | sp=som:active d=1.2 age=4 dtg=8.25 region=0_2
ep=162 s=56 5436ms [sel=3 cap=5319 rest=114] sg=4->4 mode=NONE win=8 obs=57 | cap=wip act=(320,360) d=1.18 a=1 | sp=som:active d=1.2 age=5 dtg=8.00 region=0_2
ep=162 s=57 3741ms [sel=3 cap=3623 rest=115] sg=4->4 mode=NONE win=8 obs=58 | cap=wip act=(320,360) d=0.93 a=1 | sp=som:active d=0.9 age=6 dtg=7.76 region=0_2
ep=162 s=58 6642ms [sel=3 cap=6521 rest=118] sg=4->4 mode=NONE win=8 obs=59 | cap=wip act=(320,360) d=0.68 a=1 | sp=som:active d=0.7 age=7 dtg=7.51 region=0_2
ep=162 s=59 10246ms [sel=88 cap=10037 rest=121] sg=4->4 mode=NONE win=8 obs=60 | cap=wip act=(320,360) d=3.38 a=1 | sp=frontier:active d=3.4 age=0 dtg=7.27 region=0_2
ep=162 s=60 4889ms [sel=3 cap=4762 rest=125] sg=4->4 mode=NONE win=8 obs=61 | cap=wip act=(320,360) d=3.15 a=3 | sp=frontier:active d=3.2 age=1 dtg=7.27 region=0_2
ep=162 s=61 3422ms [sel=6 cap=3301 rest=115] sg=4->4 mode=NONE win=8 obs=62 | cap=wip act=(320,360) d=3.15 a=1 | sp=frontier:active d=3.2 age=2 dtg=7.06 region=0_2
ep=162 s=62 7205ms [sel=9 cap=7074 rest=122] sg=4->4 mode=NONE win=8 obs=63 | cap=wip act=(320,360) d=2.97 a=1 | sp=frontier:active d=3.0 age=3 dtg=6.90 region=0_2
ep=162 s=63 3454ms [sel=14 cap=3331 rest=109] sg=4->4 mode=NONE win=8 obs=64 | cap=wip act=(320,360) d=2.80 a=2 | sp=frontier:active d=2.8 age=4 dtg=6.90 region=0_2
ep=162 s=64 2908ms [sel=3 cap=2792 rest=113] sg=4->4 mode=NONE win=8 obs=65 | cap=wip act=(320,360) d=2.80 a=1 | sp=frontier:active d=2.8 age=5 dtg=6.73 region=0_2
ep=162 s=65 5353ms [sel=3 cap=5232 rest=118] sg=4->4 mode=NONE win=8 obs=66 | cap=wip act=(320,360) d=2.59 a=2 | sp=frontier:active d=2.6 age=6 dtg=6.73 region=0_2
ep=162 s=66 1712ms [sel=3 cap=1591 rest=118] sg=4->4 mode=NONE win=8 obs=67 | cap=wip act=(320,360) d=2.59 a=1 | sp=frontier:active d=2.6 age=7 dtg=6.54 region=0_2
ep=162 s=67 2664ms [sel=3 cap=2530 rest=131] sg=4->4 mode=NONE win=8 obs=68 | cap=wip act=(320,360) d=2.36 a=2 | sp=frontier:active d=2.4 age=8 dtg=6.54 region=0_2
ep=162 s=68 6801ms [sel=3 cap=6673 rest=125] sg=4->4 mode=NONE win=8 obs=69 | cap=wip act=(320,360) d=2.36 a=1 | sp=frontier:active d=2.4 age=9 dtg=6.33 region=0_2
ep=162 s=69 6314ms [sel=3 cap=6195 rest=116] sg=4->4 mode=NONE win=8 obs=70 | cap=wip act=(320,360) d=2.11 a=1 | sp=frontier:active d=2.1 age=10 dtg=6.15 region=0_2
ep=162 s=70 5735ms [sel=3 cap=5617 rest=114] sg=4->4 mode=NONE win=8 obs=71 | cap=wip act=(320,360) d=1.87 a=2 | sp=frontier:active d=1.9 age=11 dtg=6.15 region=0_2
ep=162 s=71 8887ms [sel=3 cap=8757 rest=128] sg=4->4 mode=NONE win=8 obs=72 | cap=wip act=(320,360) d=1.87 a=1 | sp=frontier:active d=1.9 age=12 dtg=5.95 region=0_2
ep=162 s=72 4152ms [sel=3 cap=4022 rest=127] sg=4->4 mode=NONE win=8 obs=73 | cap=wip act=(320,360) d=1.62 a=1 | sp=frontier:active d=1.6 age=13 dtg=5.79 region=0_2
ep=162 s=73 1801ms [sel=3 cap=1672 rest=126] sg=4->4 mode=NONE win=8 obs=74 | cap=wip act=(320,360) d=1.37 a=1 | sp=frontier:active d=1.4 age=14 dtg=5.66 region=0_2
ep=162 s=74 3231ms [sel=1287 cap=1818 rest=126] sg=4->4 mode=NONE win=8 obs=75 | cap=wip act=(320,360) d=3.01 a=3 | sp=som:active d=3.0 age=0 som=5/8 dtg=5.66 region=0_2
ep=162 s=75 6969ms [sel=3 cap=6841 rest=125] sg=4->4 mode=NONE win=8 obs=76 | cap=wip act=(320,360) d=3.01 a=1 | sp=som:active d=3.0 age=1 dtg=5.62 region=0_2
ep=162 s=76 2015ms [sel=3 cap=1890 rest=122] sg=4->4 mode=NONE win=8 obs=77 | cap=wip act=(320,360) d=2.79 a=3 | sp=som:active d=2.8 age=2 dtg=5.62 region=0_2
ep=162 s=77 8189ms [sel=3 cap=8063 rest=123] sg=4->4 mode=NONE win=8 obs=78 | cap=wip act=(320,360) d=2.79 a=3 | sp=som:active d=2.8 age=3 dtg=5.62 region=0_2
ep=162 s=78 10585ms [sel=3 cap=10457 rest=124] sg=4->4 mode=NONE win=8 obs=79 | cap=wip act=(320,360) d=2.79 a=1 | sp=som:active d=2.8 age=4 dtg=5.73 region=0_2
ep=162 s=79 8952ms [sel=4 cap=8824 rest=124] sg=4->4 mode=NONE win=8 obs=80 | cap=wip act=(320,360) d=2.54 a=1 | sp=som:active d=2.5 age=5 dtg=5.86 region=0_2
ep=162 s=80 6051ms [sel=3 cap=5926 rest=122] sg=4->4 mode=NONE win=8 obs=81 | cap=wip act=(320,360) d=2.29 a=1 | sp=som:active d=2.3 age=6 dtg=6.00 region=0_2
ep=162 s=81 9075ms [sel=3 cap=8952 rest=120] sg=4->4 mode=NONE win=8 obs=82 | cap=wip act=(320,360) d=2.04 a=1 | sp=som:active d=2.0 age=7 dtg=6.16 region=0_1
ep=162 s=82 7303ms [sel=3 cap=7181 rest=119] sg=4->4 mode=NONE win=8 obs=83 | cap=wip act=(320,360) d=1.79 a=1 | sp=som:active d=1.8 age=8 dtg=6.32 region=0_1
ep=162 s=83 5846ms [sel=4 cap=5720 rest=122] sg=4->4 mode=NONE win=8 obs=84 | cap=wip act=(320,360) d=1.54 a=1 | sp=som:active d=1.5 age=9 dtg=6.50 region=0_1
ep=162 s=84 5039ms [sel=4 cap=4909 rest=127] sg=4->4 mode=NONE win=8 obs=85 | cap=wip act=(320,360) d=1.29 a=1 | sp=som:active d=1.3 age=10 dtg=6.69 region=0_1
ep=162 s=85 5308ms [sel=5 cap=5166 rest=137] sg=4->4 mode=NONE win=8 obs=86 | cap=wip act=(320,360) d=1.04 a=1 | sp=som:active d=1.0 age=11 dtg=6.88 region=0_1
ep=162 s=86 1733ms [sel=4 cap=1599 rest=130] sg=4->4 mode=NONE win=8 obs=87 | cap=wip act=(320,360) d=0.79 a=1 | sp=som:active d=0.8 age=12 dtg=7.08 region=0_1
ep=162 s=87 6533ms [sel=3 cap=6406 rest=125] sg=4->4 mode=NONE win=8 obs=88 | cap=wip act=(320,360) d=0.54 a=1 | sp=som:active d=0.5 age=13 dtg=7.28 region=0_1
ep=162 s=88 5737ms [sel=1229 cap=4383 rest=125] sg=4->4 mode=NONE win=8 obs=89 | cap=wip act=(320,360) d=3.02 a=1 | sp=som:active d=3.0 age=0 som=3/8 dtg=7.49 region=0_1
ep=162 s=89 3790ms [sel=3 cap=3661 rest=126] sg=4->4 mode=NONE win=8 obs=90 | cap=wip act=(320,360) d=2.80 a=1 | sp=som:active d=2.8 age=1 dtg=7.72 region=0_1
ep=162 s=90 5488ms [sel=3 cap=5353 rest=132] sg=4->4 mode=NONE win=8 obs=91 | cap=wip act=(320,360) d=2.58 a=3 | sp=som:active d=2.6 age=2 dtg=7.72 region=0_1
ep=162 s=91 4402ms [sel=4 cap=3861 rest=499] sg=4->4 mode=NONE win=8 obs=92 | cap=wip act=(320,360) d=2.58 a=1 | preview=view-/6 yaw=+0 render=39ms | sp=som:active d=2.6 age=3 dtg=7.97 region=0_1
ep=162 s=92 3852ms [sel=4 cap=3688 rest=160] sg=4->4 mode=NONE win=8 obs=93 | cap=wip act=(320,360) d=2.41 a=1 | sp=som:active d=2.4 age=4 dtg=8.22 region=0_1
ep=162 s=93 3199ms [sel=4 cap=3067 rest=128] sg=4->4 mode=NONE win=8 obs=94 | cap=wip act=(320,360) d=2.25 a=1 | sp=som:active d=2.2 age=5 dtg=8.47 region=0_1
ep=162 s=94 3810ms [sel=6 cap=3674 rest=130] sg=4->4 mode=NONE win=8 obs=95 | cap=wip act=(320,360) d=2.11 a=1 | sp=som:active d=2.1 age=6 dtg=8.72 region=0_1
ep=162 s=95 8668ms [sel=9 cap=8535 rest=124] sg=4->4 mode=NONE win=8 obs=96 | cap=wip act=(320,360) d=1.99 a=1 | sp=som:active d=2.0 age=7 dtg=8.97 region=0_1
ep=162 s=96 6670ms [sel=11 cap=6537 rest=122] sg=4->4 mode=NONE win=8 obs=97 | cap=wip act=(320,360) d=1.90 a=2 | sp=som:active d=1.9 age=8 dtg=8.97 region=0_1
ep=162 s=97 5312ms [sel=6 cap=5184 rest=122] sg=4->4 mode=NONE win=8 obs=98 | cap=wip act=(320,360) d=1.90 a=1 | sp=som:active d=1.9 age=9 dtg=9.20 region=0_1
ep=162 s=98 3192ms [sel=8 cap=3063 rest=121] sg=4->4 mode=NONE win=8 obs=99 | cap=wip act=(320,360) d=1.78 a=2 | sp=som:active d=1.8 age=10 dtg=9.20 region=0_1
ep=162 s=99 2769ms [sel=4 cap=2635 rest=130] sg=4->4 mode=NONE win=8 obs=100 | cap=wip act=(320,360) d=1.78 a=2 | sp=som:active d=1.8 age=11 dtg=9.20 region=0_1
ep=162 s=100 4109ms [sel=7 cap=3976 rest=126] sg=4->4 mode=NONE win=8 obs=101 | cap=wip act=(320,360) d=1.78 a=1 | sp=som:active d=1.8 age=12 dtg=9.39 region=0_1
ep=162 s=101 5101ms [sel=3 cap=4974 rest=123] sg=4->4 mode=NONE win=8 obs=102 | cap=wip act=(320,360) d=1.57 a=2 | sp=som:active d=1.6 age=13 dtg=9.39 region=0_1
ep=162 s=102 7750ms [sel=3 cap=7620 rest=126] sg=4->4 mode=NONE win=8 obs=103 | cap=wip act=(320,360) d=1.57 a=1 | sp=som:active d=1.6 age=14 dtg=9.57 region=0_1
ep=162 s=103 3461ms [sel=1218 cap=2117 rest=126] sg=4->5 mode=NONE win=8 obs=104 | cap=DONE act=(320,360) d=3.01 a=3 | sp=som:active d=3.0 age=0 som=4/8 dtg=9.57 region=0_1
ep=162 s=104 3204ms [sel=3 cap=3076 rest=125] sg=5->5 mode=NONE win=8 obs=105 | cap=wip act=(320,360) d=3.01 a=1 | sp=som:active d=3.0 age=1 dtg=9.81 region=0_1
ep=162 s=105 9249ms [sel=3 cap=8683 rest=526] sg=5->5 mode=NONE win=8 obs=106 | cap=wip act=(320,360) d=2.76 a=1 | preview=view-/6 yaw=+0 render=37ms | sp=som:active d=2.8 age=2 dtg=10.06 region=0_1
ep=162 s=106 5283ms [sel=4 cap=5152 rest=127] sg=5->5 mode=NONE win=8 obs=107 | cap=wip act=(320,360) d=2.51 a=1 | sp=som:active d=2.5 age=3 dtg=10.30 region=0_1
ep=162 s=107 3093ms [sel=3 cap=2966 rest=124] sg=5->5 mode=NONE win=8 obs=108 | cap=wip act=(320,360) d=2.26 a=1 | sp=som:active d=2.3 age=4 dtg=10.55 region=0_1
ep=162 s=108 10812ms [sel=3 cap=10264 rest=509] sg=5->5 mode=NONE win=8 obs=109 | cap=wip act=(320,360) d=2.01 a=3 | preview=view-/6 yaw=+0 render=37ms | sp=som:active d=2.0 age=5 dtg=10.55 region=0_1
ep=162 s=109 6913ms [sel=3 cap=6789 rest=121] sg=5->5 mode=NONE win=8 obs=110 | cap=wip act=(320,360) d=2.01 a=1 | sp=som:active d=2.0 age=6 dtg=10.80 region=0_1
ep=162 s=110 6842ms [sel=3 cap=6717 rest=122] sg=5->5 mode=NONE win=8 obs=111 | cap=wip act=(320,360) d=1.77 a=1 | sp=som:active d=1.8 age=7 dtg=11.05 region=0_1
ep=162 s=111 5679ms [sel=3 cap=5115 rest=521] sg=5->5 mode=NONE win=8 obs=112 | cap=wip act=(320,360) d=1.53 a=1 | preview=view-/6 yaw=+0 render=40ms | sp=som:active d=1.5 age=8 dtg=11.30 region=0_1
ep=162 s=112 3353ms [sel=3 cap=3230 rest=120] sg=5->5 mode=NONE win=8 obs=113 | cap=wip act=(320,360) d=1.29 a=2 | sp=som:active d=1.3 age=9 dtg=11.30 region=0_1
ep=162 s=113 5351ms [sel=3 cap=5221 rest=127] sg=5->5 mode=NONE win=8 obs=114 | cap=wip act=(320,360) d=1.29 a=1 | sp=som:active d=1.3 age=10 dtg=11.54 region=0_1
ep=162 s=114 11576ms [sel=3 cap=11015 rest=519] sg=5->5 mode=NONE win=8 obs=115 | cap=wip act=(320,360) d=1.04 a=1 | preview=view-/6 yaw=+0 render=38ms | sp=som:active d=1.0 age=11 dtg=11.79 region=0_1
ep=162 s=115 3636ms [sel=3 cap=3506 rest=127] sg=5->5 mode=NONE win=8 obs=116 | cap=wip act=(320,360) d=0.80 a=2 | sp=som:active d=0.8 age=12 dtg=11.79 region=0_1
ep=162 s=116 6075ms [sel=3 cap=5942 rest=130] sg=5->5 mode=NONE win=8 obs=117 | cap=wip act=(320,360) d=0.80 a=1 | sp=som:active d=0.8 age=13 dtg=12.02 region=0_1
ep=162 s=117 5217ms [sel=3 cap=5082 rest=132] sg=5->5 mode=NONE win=8 obs=118 | cap=wip act=(320,360) d=0.55 a=1 | sp=som:active d=0.5 age=14 dtg=12.26 region=0_1
ep=162 s=118 14074ms [sel=104 cap=13401 rest=531] sg=5->5 mode=NONE win=8 obs=119 | cap=wip act=(320,360) d=3.12 a=1 | preview=view-/6 yaw=+0 render=38ms | sp=frontier:active d=3.1 age=0 dtg=12.50 region=0_1
ep=162 s=119 12295ms [sel=8 cap=12158 rest=130] sg=5->5 mode=NONE win=8 obs=120 | cap=wip act=(320,360) d=2.88 a=1 | sp=frontier:active d=2.9 age=1 dtg=12.74 region=0_1
ep=162 s=120 5287ms [sel=9 cap=5151 rest=126] sg=5->5 mode=NONE win=8 obs=121 | cap=wip act=(320,360) d=2.65 a=1 | sp=frontier:active d=2.7 age=2 dtg=12.98 region=0_1
ep=162 s=121 14608ms [sel=3 cap=14043 rest=524] sg=5->5 mode=NONE win=8 obs=122 | cap=wip act=(320,360) d=2.43 a=1 | preview=view-/6 yaw=+0 render=38ms | sp=frontier:active d=2.4 age=3 dtg=12.53 region=0_1
ep=162 s=122 14901ms [sel=3 cap=14769 rest=129] sg=5->5 mode=NONE win=8 obs=123 | cap=wip act=(320,360) d=2.21 a=1 | sp=frontier:active d=2.2 age=4 dtg=12.51 region=0_1
ep=162 s=123 11127ms [sel=3 cap=11000 rest=123] sg=5->5 mode=NONE win=8 obs=124 | cap=wip act=(320,360) d=1.99 a=1 | sp=frontier:active d=2.0 age=5 dtg=12.54 region=0_1
ep=162 s=124 16680ms [sel=4 cap=16141 rest=498] sg=5->5 mode=NONE win=8 obs=125 | cap=wip act=(320,360) d=1.79 a=1 | preview=view-/6 yaw=+0 render=38ms | sp=frontier:active d=1.8 age=6 dtg=12.63 region=0_1
ep=162 s=125 10088ms [sel=4 cap=9959 rest=125] sg=5->5 mode=GET_NOWHERE win=8 obs=126 | cap=wip/GET_NOWHERE act=(320,360) d=1.60 a=1 | sp=frontier:active d=1.6 age=7 dtg=12.77 region=0_1
ep=162 s=126 11174ms [sel=5 cap=11046 rest=122] sg=5->5 mode=NONE win=8 obs=127 | cap=wip act=(320,360) d=1.43 a=2 | sp=frontier:active d=1.4 age=8 dtg=12.77 region=0_1
ep=162 s=127 9386ms [sel=3 cap=9260 rest=123] sg=5->5 mode=NONE win=8 obs=128 | cap=wip act=(320,360) d=1.43 a=1 | sp=frontier:active d=1.4 age=9 dtg=12.92 region=0_1
ep=162 s=128 8116ms [sel=5 cap=7990 rest=121] sg=5->5 mode=NONE win=8 obs=129 | cap=wip act=(320,360) d=1.23 a=2 | sp=frontier:active d=1.2 age=10 dtg=12.92 region=0_1
ep=162 s=129 6481ms [sel=3 cap=6355 rest=122] sg=5->5 mode=NONE win=8 obs=130 | cap=wip act=(320,360) d=1.23 a=1 | sp=frontier:active d=1.2 age=11 dtg=13.06 region=0_1
ep=162 s=130 12907ms [sel=3 cap=12356 rest=509] sg=5->5 mode=NONE win=8 obs=131 | cap=wip act=(320,360) d=1.01 a=1 | preview=view-/6 yaw=+0 render=38ms | sp=frontier:active d=1.0 age=12 dtg=13.26 region=0_1
ep=162 s=131 7829ms [sel=3 cap=7704 rest=122] sg=5->5 mode=NONE win=8 obs=132 | cap=wip act=(320,360) d=0.82 a=2 | sp=frontier:active d=0.8 age=13 dtg=13.26 region=0_1
ep=162 s=132 10174ms [sel=3 cap=10045 rest=126] sg=5->5 mode=NONE win=8 obs=133 | cap=wip act=(320,360) d=0.82 a=1 | sp=frontier:active d=0.8 age=14 dtg=13.29 region=0_1
ep=162 s=133 15388ms [sel=91 cap=14766 rest=496] sg=5->5 mode=NONE win=8 obs=134 | cap=wip act=(320,360) d=2.83 a=2 | preview=view-/6 yaw=+0 render=36ms | sp=frontier:active d=2.8 age=0 dtg=13.29 region=0_1
ep=162 s=134 10974ms [sel=9 cap=10844 rest=122] sg=5->5 mode=NONE win=8 obs=135 | cap=wip act=(320,360) d=2.83 a=2 | sp=frontier:active d=2.8 age=1 dtg=13.29 region=0_1
ep=162 s=135 13883ms [sel=7 cap=13753 rest=124] sg=5->5 mode=NONE win=8 obs=136 | cap=wip act=(320,360) d=2.83 a=1 | sp=frontier:active d=2.8 age=2 dtg=13.07 region=0_1
ep=162 s=136 10143ms [sel=3 cap=10019 rest=121] sg=5->5 mode=NONE win=8 obs=137 | cap=wip act=(320,360) d=2.61 a=1 | sp=frontier:active d=2.6 age=3 dtg=12.85 region=0_1
ep=162 s=137 10150ms [sel=3 cap=9589 rest=522] sg=5->5 mode=NONE win=8 obs=138 | cap=wip act=(320,360) d=2.39 a=2 | preview=view-/6 yaw=+0 render=35ms | sp=frontier:active d=2.4 age=4 dtg=12.85 region=0_1
ep=162 s=138 9516ms [sel=3 cap=9390 rest=123] sg=5->5 mode=NONE win=8 obs=139 | cap=wip act=(320,360) d=2.39 a=1 | sp=frontier:active d=2.4 age=5 dtg=12.62 region=0_1
ep=162 s=139 7740ms [sel=3 cap=7615 rest=123] sg=5->5 mode=NONE win=8 obs=140 | cap=wip act=(320,360) d=2.15 a=2 | sp=frontier:active d=2.2 age=6 dtg=12.62 region=0_1
ep=162 s=140 13993ms [sel=3 cap=13465 rest=489] sg=5->5 mode=NONE win=8 obs=141 | cap=wip act=(320,360) d=2.15 a=1 | preview=view-/6 yaw=+0 render=36ms | sp=frontier:active d=2.2 age=7 dtg=12.37 region=0_1
ep=162 s=141 10712ms [sel=3 cap=10581 rest=128] sg=5->5 mode=NONE win=8 obs=142 | cap=wip act=(320,360) d=1.90 a=1 | sp=frontier:active d=1.9 age=8 dtg=12.12 region=0_1
ep=162 s=142 9343ms [sel=3 cap=9210 rest=129] sg=5->5 mode=NONE win=8 obs=143 | cap=wip act=(320,360) d=1.65 a=1 | sp=frontier:active d=1.7 age=9 dtg=11.88 region=0_1
ep=162 s=143 11340ms [sel=3 cap=10796 rest=500] sg=5->5 mode=NONE win=8 obs=144 | cap=wip act=(320,360) d=1.40 a=1 | preview=view-/6 yaw=+0 render=41ms | sp=frontier:active d=1.4 age=10 dtg=11.64 region=0_1
ep=162 s=144 4360ms [sel=3 cap=4231 rest=127] sg=5->5 mode=NONE win=8 obs=145 | cap=wip act=(320,360) d=1.15 a=1 | sp=frontier:active d=1.2 age=11 dtg=11.41 region=0_1
ep=162 s=145 5232ms [sel=3 cap=5104 rest=125] sg=5->5 mode=NONE win=8 obs=146 | cap=wip act=(320,360) d=0.91 a=3 | sp=frontier:active d=0.9 age=12 dtg=11.41 region=0_1
ep=162 s=146 12291ms [sel=4 cap=11755 rest=497] sg=5->5 mode=NONE win=8 obs=147 | cap=wip act=(320,360) d=0.91 a=1 | preview=view-/6 yaw=+0 render=36ms | sp=frontier:active d=0.9 age=13 dtg=11.22 region=0_1
ep=162 s=147 7596ms [sel=3 cap=7466 rest=127] sg=5->5 mode=NONE win=8 obs=148 | cap=wip act=(320,360) d=0.68 a=2 | sp=frontier:active d=0.7 age=14 dtg=11.22 region=0_1
ep=162 s=148 13594ms [sel=77 cap=13388 rest=128] sg=5->5 mode=NONE win=8 obs=149 | cap=wip act=(320,360) d=3.21 a=1 | sp=frontier:active d=3.2 age=0 dtg=11.03 region=0_1
ep=162 s=149 15535ms [sel=3 cap=15003 rest=492] sg=5->5 mode=NONE win=8 obs=150 | cap=wip act=(320,360) d=2.96 a=1 | preview=view-/6 yaw=+0 render=37ms | sp=frontier:active d=3.0 age=1 dtg=10.85 region=0_1
ep=162 s=150 13765ms [sel=3 cap=13612 rest=151] sg=5->5 mode=NONE win=8 obs=151 | cap=wip act=(320,360) d=2.71 a=1 | sp=frontier:active d=2.7 age=2 dtg=10.67 region=0_1
ep=162 s=151 7334ms [sel=5 cap=7197 rest=131] sg=5->5 mode=NONE win=8 obs=152 | cap=wip act=(320,360) d=2.46 a=2 | sp=frontier:active d=2.5 age=3 dtg=10.67 region=0_1
ep=162 s=152 12789ms [sel=3 cap=12256 rest=492] sg=5->5 mode=NONE win=8 obs=153 | cap=wip act=(320,360) d=2.46 a=2 | preview=view-/6 yaw=+0 render=38ms | sp=frontier:active d=2.5 age=4 dtg=10.67 region=0_1
ep=162 s=153 7031ms [sel=3 cap=6898 rest=130] sg=5->5 mode=NONE win=8 obs=154 | cap=wip act=(320,360) d=2.46 a=1 | sp=frontier:active d=2.5 age=5 dtg=10.43 region=0_1
ep=162 s=154 6444ms [sel=3 cap=6315 rest=126] sg=5->5 mode=NONE win=8 obs=155 | cap=wip act=(320,360) d=2.24 a=1 | sp=frontier:active d=2.2 age=6 dtg=10.19 region=0_1
ep=162 s=155 11521ms [sel=3 cap=11002 rest=480] sg=5->5 mode=NONE win=8 obs=156 | cap=wip act=(320,360) d=2.02 a=2 | preview=view-/6 yaw=+0 render=35ms | sp=frontier:active d=2.0 age=7 dtg=10.19 region=0_1
ep=162 s=156 12035ms [sel=6 cap=11899 rest=129] sg=5->5 mode=NONE win=8 obs=157 | cap=wip act=(320,360) d=2.02 a=1 | sp=frontier:active d=2.0 age=8 dtg=9.94 region=0_1
ep=162 s=157 7859ms [sel=8 cap=7724 rest=127] sg=5->5 mode=NONE win=8 obs=158 | cap=wip act=(320,360) d=1.86 a=1 | sp=frontier:active d=1.9 age=9 dtg=9.69 region=0_1
ep=162 s=158 14019ms [sel=9 cap=13489 rest=484] sg=5->5 mode=NONE win=8 obs=159 | cap=wip act=(320,360) d=1.73 a=1 | preview=view-/6 yaw=+0 render=38ms | sp=frontier:active d=1.7 age=10 dtg=9.44 region=0_1
ep=162 s=159 30242ms [sel=79 cap=0 rest=30163] sg=None->5 mode=NONE win=8 obs=160 | cap=- act=(320,360) d=4.17 a=1 | sp=frontier:active d=4.2 age=0 ANALYSIS_ERROR_STAGE=decision ANALYSIS_ERROR='CaptionerInferenceError: Captioner model inference failed' dtg=9.19 region=0_1
ep=162 s=160 4235ms [sel=3 cap=4103 rest=129] sg=5->5 mode=NONE win=8 obs=161 | cap=wip act=(320,360) d=3.95 a=1 | sp=frontier:active d=3.9 age=1 dtg=8.94 region=0_1
ep=162 s=161 10475ms [sel=3 cap=9894 rest=531] sg=5->5 mode=NONE win=8 obs=162 | cap=wip act=(320,360) d=3.72 a=1 | preview=view-/6 yaw=+0 render=47ms | sp=frontier:active d=3.7 age=2 dtg=8.69 region=0_1
ep=162 s=162 8163ms [sel=3 cap=8034 rest=126] sg=5->5 mode=NONE win=8 obs=163 | cap=wip act=(320,360) d=3.50 a=1 | sp=frontier:active d=3.5 age=3 dtg=8.44 region=0_1
ep=162 s=163 7421ms [sel=3 cap=7288 rest=129] sg=5->5 mode=NONE win=8 obs=164 | cap=wip act=(320,360) d=3.29 a=1 | sp=frontier:active d=3.3 age=4 dtg=8.19 region=0_1
ep=162 s=164 13659ms [sel=3 cap=13097 rest=518] sg=5->5 mode=NONE win=8 obs=165 | cap=wip act=(320,360) d=3.07 a=1 | preview=view-/6 yaw=+0 render=40ms | sp=frontier:active d=3.1 age=5 dtg=7.94 region=0_1
ep=162 s=165 26239ms [sel=3 cap=26105 rest=131] sg=5->5 mode=NONE win=8 obs=166 | cap=wip act=(320,360) d=2.87 a=1 | sp=frontier:active d=2.9 age=6 dtg=7.69 region=0_1
ep=162 s=166 10550ms [sel=3 cap=10422 rest=124] sg=5->5 mode=NONE win=8 obs=167 | cap=wip act=(320,360) d=2.67 a=1 | sp=frontier:active d=2.7 age=7 dtg=7.44 region=0_1
ep=162 s=167 11122ms [sel=5 cap=10573 rest=506] sg=5->5 mode=NONE win=8 obs=168 | cap=wip act=(320,360) d=2.48 a=1 | preview=view-/6 yaw=+0 render=38ms | sp=frontier:active d=2.5 age=8 dtg=7.19 region=0_1
ep=162 s=168 6726ms [sel=6 cap=6591 rest=129] sg=5->5 mode=NONE win=8 obs=169 | cap=wip act=(320,360) d=2.31 a=1 | sp=frontier:active d=2.3 age=9 dtg=6.94 region=0_1
ep=162 s=169 2790ms [sel=9 cap=2652 rest=129] sg=5->5 mode=NONE win=8 obs=170 | cap=wip act=(320,360) d=2.15 a=1 | sp=frontier:active d=2.1 age=10 dtg=6.70 region=0_1
ep=162 s=170 11450ms [sel=10 cap=10906 rest=496] sg=5->5 mode=NONE win=8 obs=171 | cap=wip act=(320,360) d=2.00 a=1 | preview=view-/6 yaw=+0 render=38ms | sp=frontier:active d=2.0 age=11 dtg=6.45 region=0_1
ep=162 s=171 7052ms [sel=3707 cap=3208 rest=137] sg=5->5 mode=NONE win=8 obs=172 | cap=wip act=(320,360) d=3.08 a=1 | sp=som:active d=3.1 age=0 som=2/8 dtg=6.20 region=0_1
ep=162 s=172 7837ms [sel=3 cap=7700 rest=133] sg=5->5 mode=NONE win=8 obs=173 | cap=wip act=(320,360) d=2.83 a=1 | sp=som:active d=2.8 age=1 dtg=5.95 region=0_1
ep=162 s=173 12280ms [sel=3 cap=11704 rest=537] sg=5->5 mode=NONE win=8 obs=174 | cap=wip act=(320,360) d=2.59 a=2 | preview=view-/6 yaw=+0 render=36ms | sp=som:active d=2.6 age=2 dtg=5.95 region=0_1
ep=162 s=174 12190ms [sel=3 cap=12053 rest=135] sg=5->5 mode=NONE win=8 obs=175 | cap=wip act=(320,360) d=2.59 a=1 | sp=som:active d=2.6 age=3 dtg=5.70 region=0_1
ep=162 s=175 14272ms [sel=4 cap=14136 rest=132] sg=5->5 mode=NONE win=8 obs=176 | cap=wip act=(320,360) d=2.34 a=1 | sp=som:active d=2.3 age=4 dtg=5.46 region=0_1
ep=162 s=176 8372ms [sel=22 cap=7768 rest=546] sg=5->5 mode=NONE win=8 obs=177 | cap=wip act=(160,180) d=3.73 a=3 | preview=view4/6 yaw=+45 render=37ms | sp=preview:active d=3.7 age=0 dtg=5.46 region=0_1
ep=162 s=177 6253ms [sel=3 cap=6122 rest=128] sg=5->5 mode=NONE win=8 obs=178 | cap=wip act=(320,360) d=3.73 a=1 | sp=preview:active d=3.7 age=1 dtg=5.21 region=0_1
ep=162 s=178 4778ms [sel=3 cap=4650 rest=125] sg=5->5 mode=NONE win=8 obs=179 | cap=wip act=(320,360) d=3.48 a=1 | sp=preview:active d=3.5 age=2 dtg=4.96 region=0_1
ep=162 s=179 16148ms [sel=3 cap=15569 rest=540] sg=5->5 mode=NONE win=8 obs=180 | cap=wip act=(320,360) d=3.23 a=2 | preview=view-/6 yaw=+0 render=36ms | sp=preview:active d=3.2 age=3 dtg=4.96 region=0_1
ep=162 s=180 6812ms [sel=3 cap=6676 rest=133] sg=5->5 mode=NONE win=8 obs=181 | cap=wip act=(320,360) d=3.23 a=1 | sp=preview:active d=3.2 age=4 dtg=4.71 region=0_1
ep=162 s=181 5259ms [sel=4 cap=5118 rest=137] sg=5->5 mode=NONE win=8 obs=182 | cap=wip act=(320,360) d=2.99 a=1 | sp=preview:active d=3.0 age=5 dtg=4.47 region=0_1
ep=162 s=182 13293ms [sel=3 cap=13157 rest=133] sg=5->5 mode=NONE win=8 obs=183 | cap=wip act=(320,360) d=2.75 a=1 | sp=preview:active d=2.8 age=6 dtg=4.23 region=0_1
ep=162 s=183 9611ms [sel=3 cap=9066 rest=504] sg=5->5 mode=NONE win=8 obs=184 | cap=wip act=(320,360) d=2.52 a=1 | preview=view-/6 yaw=+0 render=38ms | sp=preview:active d=2.5 age=7 dtg=4.00 region=0_1
ep=162 s=184 3952ms [sel=3 cap=3818 rest=131] sg=5->5 mode=NONE win=8 obs=185 | cap=wip act=(320,360) d=2.28 a=1 | sp=preview:active d=2.3 age=8 dtg=3.78 region=0_1
ep=162 s=185 2836ms [sel=3 cap=2704 rest=129] sg=5->5 mode=NONE win=8 obs=186 | cap=wip act=(320,360) d=2.05 a=1 | sp=preview:active d=2.1 age=9 dtg=3.57 region=0_2
ep=162 s=186 5640ms [sel=3 cap=5509 rest=129] sg=5->5 mode=NONE win=8 obs=187 | cap=wip act=(320,360) d=1.83 a=3 | sp=preview:active d=1.8 age=10 dtg=3.57 region=0_2
ep=162 s=187 12884ms [sel=3 cap=12345 rest=500] sg=5->5 mode=NONE win=8 obs=188 | cap=wip act=(320,360) d=1.83 a=1 | preview=view-/6 yaw=+0 render=36ms | sp=preview:active d=1.8 age=11 dtg=3.33 region=0_2
ep=162 s=188 11069ms [sel=4554 cap=6391 rest=123] sg=5->5 mode=NONE win=8 obs=189 | cap=wip act=(320,360) d=2.98 a=3 | sp=som:active d=3.0 age=0 som=5/8 dtg=3.33 region=0_2
ep=162 s=189 4456ms [sel=3 cap=4329 rest=124] sg=5->5 mode=NONE win=8 obs=190 | cap=wip act=(320,360) d=2.98 a=1 | sp=som:active d=3.0 age=1 dtg=3.08 region=0_2
ep=162 s=190 13917ms [sel=3 cap=13359 rest=519] sg=5->5 mode=NONE win=8 obs=191 | cap=wip act=(320,360) d=2.73 a=3 | preview=view-/6 yaw=+0 render=36ms | sp=som:active d=2.7 age=2 dtg=3.08 region=0_2
ep=162 s=191 5145ms [sel=4 cap=5019 rest=123] sg=5->5 mode=NONE win=8 obs=192 | cap=wip act=(320,360) d=2.73 a=1 | sp=som:active d=2.7 age=3 dtg=2.84 region=0_2
ep=162 s=192 6880ms [sel=3 cap=6757 rest=120] sg=5->5 mode=NONE win=8 obs=193 | cap=wip act=(320,360) d=2.50 a=2 | sp=som:active d=2.5 age=4 dtg=2.84 region=0_2
ep=162 s=193 14810ms [sel=3 cap=14280 rest=490] sg=5->5 mode=NONE win=8 obs=194 | cap=wip act=(320,360) d=2.50 a=1 | preview=view-/6 yaw=+0 render=37ms | sp=som:active d=2.5 age=5 dtg=2.59 region=0_2
ep=162 s=194 8323ms [sel=3 cap=8201 rest=119] sg=5->5 mode=NONE win=8 obs=195 | cap=wip act=(320,360) d=2.25 a=1 | sp=som:active d=2.2 age=6 dtg=2.34 region=0_2
ep=162 s=195 12766ms [sel=3 cap=12643 rest=120] sg=5->5 mode=NONE win=8 obs=196 | cap=wip act=(320,360) d=2.00 a=1 | sp=som:active d=2.0 age=7 dtg=2.09 region=0_2
ep=162 s=196 12182ms [sel=4 cap=11676 rest=463] sg=5->5 mode=NONE win=8 obs=197 | cap=wip act=(320,360) d=1.76 a=1 | preview=view-/6 yaw=+0 render=39ms | sp=som:active d=1.8 age=8 dtg=1.84 region=0_2
ep=162 s=197 12003ms [sel=4 cap=11886 rest=112] sg=5->5 mode=NONE win=8 obs=198 | cap=wip act=(320,360) d=1.51 a=2 | sp=som:active d=1.5 age=9 dtg=1.84 region=0_2
ep=162 s=198 12072ms [sel=3 cap=11940 rest=128] sg=5->5 mode=NONE win=8 obs=199 | cap=wip act=(320,360) d=1.51 a=1 | sp=som:active d=1.5 age=10 dtg=1.62 region=0_2
ep=162 s=199 16017ms [sel=3 cap=15541 rest=437] sg=5->5 mode=NONE win=8 obs=200 | cap=wip act=(320,360) d=1.26 a=1 | preview=view-/6 yaw=+0 render=36ms | sp=som:active d=1.3 age=11 dtg=1.40 region=0_2
ep=162 s=200 11867ms [sel=3 cap=11747 rest=117] sg=5->5 mode=NONE win=8 obs=201 | cap=wip act=(320,360) d=1.01 a=1 | sp=som:active d=1.0 age=12 dtg=1.23 region=0_2
ep=162 s=201 7645ms [sel=3 cap=7533 rest=109] sg=5->5 mode=NONE win=8 obs=202 | cap=wip act=(320,360) d=0.76 a=1 | sp=som:active d=0.8 age=13 dtg=1.10 region=0_2
ep=162 s=202 10294ms [sel=3 cap=9793 rest=464] sg=5->5 mode=NONE win=8 obs=203 | cap=wip act=(320,360) d=0.51 a=1 | preview=view-/6 yaw=+0 render=35ms | sp=som:active d=0.5 age=14 dtg=1.02 region=0_2
ep=162 s=203 6388ms [sel=1934 cap=4361 rest=93] sg=5->5 mode=NONE win=8 obs=204 | cap=wip act=(320,360) d=2.96 a=3 | sp=som:active d=3.0 age=0 som=3/8 dtg=1.02 region=0_2
ep=162 s=204 3708ms [sel=16 cap=3592 rest=100] sg=5->5 mode=NONE win=8 obs=205 | cap=wip act=(320,360) d=2.96 a=3 | sp=som:active d=3.0 age=1 dtg=1.02 region=0_2
ep=162 s=205 27380ms [sel=7 cap=26887 rest=450] sg=5->5 mode=NONE win=8 obs=206 | cap=wip act=(320,360) d=2.96 a=3 | preview=view-/6 yaw=+0 render=36ms | sp=som:active d=3.0 age=2 dtg=1.02 region=0_2
ep=162 s=206 15969ms [sel=4 cap=15846 rest=120] sg=5->5 mode=NONE win=8 obs=207 | cap=wip act=(320,360) d=2.96 a=3 | sp=som:active d=3.0 age=3 dtg=1.02 region=0_2
ep=162 s=207 12358ms [sel=4 cap=12231 rest=123] sg=5->5 mode=NONE win=8 obs=208 | cap=wip act=(320,360) d=2.96 a=1 | sp=som:active d=3.0 age=4 dtg=0.79 region=0_2
ep=162 s=208 13957ms [sel=4 cap=13387 rest=527] sg=5->5 mode=NONE win=8 obs=209 | cap=wip act=(320,360) d=2.86 a=3 | preview=view-/6 yaw=+0 render=39ms | sp=som:active d=2.9 age=5 dtg=0.79 region=0_2
ep=162 s=209 9058ms [sel=6 cap=8918 rest=134] sg=5->5 mode=NONE win=8 obs=210 | cap=wip act=(320,360) d=2.86 a=1 | sp=som:active d=2.9 age=6 dtg=0.54 region=0_2
ep=162 s=210 8496ms [sel=6 cap=8353 rest=137] sg=5->5 mode=NONE win=8 obs=211 | cap=wip act=(320,360) d=2.83 a=1 | sp=som:active d=2.8 age=7 dtg=0.30 region=0_12
ep=162 s=211 14659ms [sel=6 cap=14091 rest=513] sg=5->5 mode=NONE win=8 obs=212 | cap=wip act=(320,360) d=2.83 a=1 | preview=view-/6 yaw=+0 render=49ms | sp=som:active d=2.8 age=8 dtg=0.11 region=0_12
ep=162 s=212 18783ms [sel=134 cap=18491 rest=157] sg=5->5 mode=NONE win=8 obs=213 | cap=wip act=(320,360) d=2.69 a=1 | sp=frontier:active d=2.7 age=0 dtg=0.24 region=0_12
ep=162 s=213 4780ms [sel=27 cap=4624 rest=129] sg=5->5 mode=NONE win=8 obs=214 | cap=wip act=(320,360) d=2.53 a=2 | sp=frontier:active d=2.5 age=1 dtg=0.24 region=0_12
ep=162 s=214 16195ms [sel=14 cap=15591 rest=551] sg=5->5 mode=NONE win=8 obs=215 | cap=wip act=(320,360) d=2.53 a=1 | preview=view-/6 yaw=+0 render=39ms | sp=frontier:active d=2.5 age=2 dtg=0.49 region=0_12
ep=162 s=215 13322ms [sel=15 cap=13185 rest=123] sg=5->5 mode=NONE win=8 obs=216 | cap=wip act=(320,360) d=2.35 a=2 | sp=frontier:active d=2.3 age=3 dtg=0.49 region=0_12
ep=162 s=216 7771ms [sel=3 cap=7643 rest=125] sg=5->5 mode=NONE win=8 obs=217 | cap=wip act=(320,360) d=2.35 a=2 | sp=frontier:active d=2.3 age=4 dtg=0.49 region=0_12
ep=162 s=217 16006ms [sel=3 cap=15883 rest=119] sg=5->5 mode=NONE win=8 obs=218 | cap=wip act=(320,360) d=2.35 a=1 | sp=frontier:active d=2.3 age=5 dtg=0.73 region=0_12
ep=162 s=218 19752ms [sel=22 cap=19163 rest=529] sg=5->5 mode=NONE win=8 obs=219 | cap=wip act=(160,180) d=3.84 a=2 | preview=view3/6 yaw=+0 render=38ms | sp=preview:active d=3.8 age=0 dtg=0.73 region=0_12
ep=162 s=219 10486ms [sel=3 cap=10353 rest=130] sg=5->5 mode=NONE win=8 obs=220 | cap=wip act=(320,360) d=3.84 a=1 | sp=preview:active d=3.8 age=1 dtg=0.95 region=None
ep=162 s=220 8348ms [sel=4 cap=8214 rest=130] sg=5->5 mode=NONE win=8 obs=221 | cap=wip act=(320,360) d=3.60 a=1 | sp=preview:active d=3.6 age=2 dtg=1.18 region=0_3
ep=162 s=221 15706ms [sel=3 cap=15150 rest=517] sg=5->5 mode=NONE win=8 obs=222 | cap=wip act=(320,360) d=3.35 a=1 | preview=view-/6 yaw=+0 render=36ms | sp=preview:active d=3.4 age=3 dtg=1.42 region=0_3
ep=162 s=222 11592ms [sel=4 cap=11462 rest=126] sg=5->5 mode=NONE win=8 obs=223 | cap=wip act=(320,360) d=3.11 a=2 | sp=preview:active d=3.1 age=4 dtg=1.42 region=0_3
ep=162 s=223 9721ms [sel=4 cap=9599 rest=118] sg=5->5 mode=NONE win=8 obs=224 | cap=wip act=(320,360) d=3.11 a=1 | sp=preview:active d=3.1 age=5 dtg=1.64 region=0_3
ep=162 s=224 16732ms [sel=3 cap=16199 rest=495] sg=5->5 mode=NONE win=8 obs=225 | cap=wip act=(320,360) d=2.86 a=1 | preview=view-/6 yaw=+0 render=35ms | sp=preview:active d=2.9 age=6 dtg=1.88 region=0_3
ep=162 s=225 13736ms [sel=4 cap=13611 rest=121] sg=5->5 mode=NONE win=8 obs=226 | cap=wip act=(320,360) d=2.61 a=1 | sp=preview:active d=2.6 age=7 dtg=2.11 region=0_3
ep=162 s=226 11671ms [sel=3 cap=11548 rest=120] sg=5->5 mode=NONE win=8 obs=227 | cap=wip act=(320,360) d=2.36 a=1 | sp=preview:active d=2.4 age=8 dtg=2.36 region=0_3
ep=162 s=227 6367ms [sel=3 cap=6239 rest=125] sg=5->5 mode=NONE win=8 obs=228 | cap=wip act=(320,360) d=2.11 a=1 | sp=preview:active d=2.1 age=9 dtg=2.60 region=0_3
ep=162 s=228 10294ms [sel=4 cap=10167 rest=123] sg=5->5 mode=NONE win=8 obs=229 | cap=wip act=(320,360) d=1.86 a=1 | sp=preview:active d=1.9 age=10 dtg=2.85 region=0_3
ep=162 s=229 15148ms [sel=3 cap=14585 rest=522] sg=5->5 mode=NONE win=8 obs=230 | cap=wip act=(320,360) d=1.61 a=1 | preview=view-/6 yaw=+0 render=38ms | sp=preview:active d=1.6 age=11 dtg=3.09 region=0_3
ep=162 s=230 8956ms [sel=2034 cap=6792 rest=130] sg=5->5 mode=NONE win=8 obs=231 | cap=wip act=(320,360) d=2.96 a=1 | sp=som:active d=3.0 age=0 som=5/8 dtg=3.34 region=0_3
ep=162 s=231 10839ms [sel=4 cap=10705 rest=129] sg=5->5 mode=NONE win=8 obs=232 | cap=wip act=(320,360) d=2.71 a=1 | sp=som:active d=2.7 age=1 dtg=3.59 region=0_3
ep=162 s=232 8713ms [sel=3 cap=8579 rest=131] sg=5->5 mode=NONE win=8 obs=233 | cap=wip act=(320,360) d=2.46 a=1 | sp=som:active d=2.5 age=2 dtg=3.84 region=0_3
ep=162 s=233 5787ms [sel=5 cap=5649 rest=134] sg=5->5 mode=NONE win=8 obs=234 | cap=wip act=(320,360) d=2.21 a=1 | sp=som:active d=2.2 age=3 dtg=4.09 region=0_3
ep=162 s=234 11249ms [sel=3 cap=10658 rest=548] sg=5->5 mode=NONE win=8 obs=235 | cap=wip act=(320,360) d=1.96 a=1 | preview=view-/6 yaw=+0 render=40ms | sp=som:active d=2.0 age=4 dtg=4.33 region=0_3
ep=162 s=235 11154ms [sel=3 cap=11025 rest=126] sg=5->5 mode=NONE win=8 obs=236 | cap=wip act=(320,360) d=1.71 a=1 | sp=som:active d=1.7 age=5 dtg=4.58 region=0_3
ep=162 s=236 8599ms [sel=4 cap=8476 rest=118] sg=5->5 mode=NONE win=8 obs=237 | cap=wip act=(320,360) d=1.46 a=1 | sp=som:active d=1.5 age=6 dtg=4.83 region=0_3
ep=162 s=237 16806ms [sel=3 cap=16246 rest=520] sg=5->5 mode=NONE win=8 obs=238 | cap=wip act=(320,360) d=1.21 a=1 | preview=view-/6 yaw=+0 render=36ms | sp=som:active d=1.2 age=7 dtg=5.08 region=0_3
ep=162 s=238 11195ms [sel=4 cap=11060 rest=131] sg=5->5 mode=NONE win=8 obs=239 | cap=wip act=(320,360) d=0.96 a=1 | sp=som:active d=1.0 age=8 dtg=5.33 region=0_3
ep=162 s=239 16605ms [sel=4 cap=16474 rest=127] sg=5->5 mode=NONE win=8 obs=240 | cap=wip act=(320,360) d=0.71 a=1 | sp=som:active d=0.7 age=9 dtg=5.58 region=0_3
ep=162 s=240 14764ms [sel=79 cap=14130 rest=517] sg=5->5 mode=NONE win=8 obs=241 | cap=wip act=(320,360) d=2.99 a=1 | preview=view-/6 yaw=+0 render=39ms | sp=frontier:active d=3.0 age=0 dtg=5.83 region=0_3
ep=162 s=241 6241ms [sel=12 cap=6103 rest=126] sg=5->5 mode=NONE win=8 obs=242 | cap=wip act=(320,360) d=2.83 a=1 | sp=frontier:active d=2.8 age=1 dtg=6.08 region=0_3
ep=162 s=242 8151ms [sel=12 cap=8009 rest=130] sg=5->5 mode=NONE win=8 obs=243 | cap=wip act=(320,360) d=2.69 a=1 | sp=frontier:active d=2.7 age=2 dtg=6.33 region=0_3
ep=162 s=243 8274ms [sel=13 cap=8137 rest=123] sg=5->5 mode=NONE win=8 obs=244 | cap=wip act=(320,360) d=2.56 a=1 | sp=frontier:active d=2.6 age=3 dtg=6.58 region=0_3
ep=162 s=244 14130ms [sel=32 cap=13973 rest=125] sg=5->5 mode=NONE win=8 obs=245 | cap=wip act=(320,360) d=2.45 a=2 | sp=frontier:active d=2.4 age=4 dtg=6.58 region=0_3
ep=162 s=245 8838ms [sel=27 cap=8678 rest=133] sg=5->5 mode=NONE win=8 obs=246 | cap=wip act=(320,360) d=2.45 a=1 | sp=frontier:active d=2.4 age=5 dtg=6.81 region=0_3
ep=162 s=246 14997ms [sel=100 cap=14307 rest=554] sg=5->5 mode=NONE win=8 obs=247 | cap=wip act=(320,360) d=2.30 a=2 | preview=view-/6 yaw=+0 render=36ms | sp=frontier:active d=2.3 age=6 dtg=6.81 region=0_3
ep=162 s=247 10433ms [sel=146 cap=10140 rest=146] sg=5->5 mode=NONE win=8 obs=248 | cap=wip act=(320,360) d=2.30 a=2 | sp=frontier:active d=2.3 age=7 dtg=6.81 region=0_3
ep=162 s=248 9799ms [sel=83 cap=9581 rest=136] sg=5->5 mode=NONE win=8 obs=249 | cap=wip act=(320,360) d=2.30 a=2 | sp=frontier:active d=2.3 age=8 dtg=6.81 region=0_3
ep=162 s=249 14831ms [sel=69 cap=14201 rest=525] sg=5->5 mode=NONE win=8 obs=250 | cap=wip act=(320,360) d=2.30 a=2 | preview=view-/6 yaw=+0 render=37ms | sp=frontier:active d=2.3 age=9 dtg=6.81 region=0_3
ep=162 s=250 7780ms [sel=78 cap=7567 rest=135] sg=5->5 mode=NONE win=8 obs=251 | cap=wip act=(320,360) d=2.30 a=2 | sp=frontier:active d=2.3 age=10 dtg=6.81 region=0_3
ep=162 s=251 6836ms [sel=52 cap=6657 rest=128] sg=5->5 mode=NONE win=8 obs=252 | cap=wip act=(320,360) d=2.30 a=2 | sp=frontier:active d=2.3 age=11 dtg=6.81 region=0_3
ep=162 s=252 11391ms [sel=40 cap=10809 rest=505] sg=5->5 mode=NONE win=8 obs=253 | cap=wip act=(320,360) d=2.30 a=2 | preview=view-/6 yaw=+0 render=36ms | sp=frontier:active d=2.3 age=12 dtg=6.81 region=0_3
ep=162 s=253 7957ms [sel=68 cap=7757 rest=132] sg=5->5 mode=NONE win=8 obs=254 | cap=wip act=(320,360) d=2.30 a=3 | sp=frontier:active d=2.3 age=13 dtg=6.81 region=0_3
ep=162 s=254 9698ms [sel=27 cap=9537 rest=134] sg=5->5 mode=NONE win=8 obs=255 | cap=wip act=(320,360) d=2.98 a=3 | sp=frontier:active d=3.0 age=14 dtg=6.81 region=0_3
ep=162 s=255 9195ms [sel=26 cap=8607 rest=523] sg=5->5 mode=NONE win=8 obs=256 | cap=wip act=(320,360) d=2.98 a=3 | preview=view-/6 yaw=+0 render=38ms | sp=frontier:active d=3.0 age=15 dtg=6.81 region=0_3
ep=162 s=256 4845ms [sel=27 cap=4684 rest=134] sg=5->5 mode=NONE win=8 obs=257 | cap=wip act=(320,360) d=2.98 a=3 | sp=frontier:active d=3.0 age=16 dtg=6.81 region=0_3
ep=162 s=257 5550ms [sel=27 cap=5388 rest=135] sg=5->5 mode=NONE win=8 obs=258 | cap=wip act=(320,360) d=2.98 a=3 | sp=frontier:active d=3.0 age=17 dtg=6.81 region=0_3
ep=162 s=258 12671ms [sel=23 cap=12083 rest=524] sg=5->5 mode=NONE win=8 obs=259 | cap=wip act=(320,360) d=2.98 a=3 | preview=view-/6 yaw=+0 render=40ms | sp=frontier:active d=3.0 age=18 dtg=6.81 region=0_3
ep=162 s=259 9547ms [sel=1777 cap=7627 rest=143] sg=5->5 mode=NONE win=8 obs=260 | cap=wip act=(320,359) d=1.72 a=1 | sp=straight_ahead:active d=0.9 age=0 som=1/8 dtg=7.03 region=0_3
ep=162 s=260 4556ms [sel=6 cap=4407 rest=143] sg=5->5 mode=NONE win=8 obs=261 | cap=wip act=(320,360) d=0.62 a=3 | sp=straight_ahead:active d=0.6 age=1 dtg=7.03 region=0_3
ep=162 s=261 13090ms [sel=6 cap=12491 rest=556] sg=5->5 mode=NONE win=8 obs=262 | cap=wip act=(320,360) d=0.62 a=1 | preview=view-/6 yaw=+0 render=37ms | sp=straight_ahead:active d=0.6 age=2 dtg=7.27 region=0_3
ep=162 s=262 20166ms [sel=105 cap=19918 rest=143] sg=5->5 mode=NONE win=8 obs=263 | cap=wip act=(320,360) d=3.57 a=3 | sp=frontier:active d=3.6 age=0 dtg=7.27 region=0_3
ep=162 s=263 7608ms [sel=14 cap=7467 rest=127] sg=5->5 mode=NONE win=8 obs=264 | cap=wip act=(320,360) d=3.57 a=3 | sp=frontier:active d=3.6 age=1 dtg=7.27 region=0_3
ep=162 s=264 12293ms [sel=14 cap=11693 rest=549] sg=5->5 mode=NONE win=8 obs=265 | cap=wip act=(320,360) d=3.57 a=3 | preview=view-/6 yaw=+0 render=37ms | sp=frontier:active d=3.6 age=2 dtg=7.27 region=0_3
ep=162 s=265 6455ms [sel=13 cap=6316 rest=126] sg=5->5 mode=NONE win=8 obs=266 | cap=wip act=(320,360) d=3.57 a=1 | sp=frontier:active d=3.6 age=3 dtg=7.49 region=0_3
ep=162 s=266 5977ms [sel=11 cap=5831 rest=135] sg=5->5 mode=NONE win=8 obs=267 | cap=wip act=(320,360) d=3.32 a=1 | sp=frontier:active d=3.3 age=4 dtg=7.71 region=0_3
ep=162 s=267 13729ms [sel=10 cap=13079 rest=603] sg=5->5 mode=NONE win=8 obs=268 | cap=wip act=(320,360) d=3.07 a=2 | preview=view-/6 yaw=+0 render=38ms | sp=frontier:active d=3.1 age=5 dtg=7.71 region=0_3
ep=162 s=268 8238ms [sel=12 cap=8095 rest=131] sg=5->5 mode=NONE win=8 obs=269 | cap=wip act=(320,360) d=3.07 a=1 | sp=frontier:active d=3.1 age=6 dtg=7.95 region=0_6
ep=162 s=269 3062ms [sel=8 cap=2923 rest=132] sg=5->5 mode=NONE win=8 obs=270 | cap=wip act=(320,360) d=2.84 a=2 | sp=frontier:active d=2.8 age=7 dtg=7.95 region=0_6
ep=162 s=270 15708ms [sel=9 cap=15125 rest=537] sg=5->5 mode=NONE win=8 obs=271 | cap=wip act=(320,360) d=2.84 a=1 | preview=view-/6 yaw=+0 render=38ms | sp=frontier:active d=2.8 age=8 dtg=8.20 region=0_6
ep=162 s=271 13028ms [sel=6 cap=12891 rest=132] sg=5->5 mode=NONE win=8 obs=272 | cap=wip act=(320,360) d=2.64 a=1 | sp=frontier:active d=2.6 age=9 dtg=8.45 region=0_6
ep=162 s=272 8987ms [sel=9 cap=8837 rest=141] sg=5->5 mode=NONE win=8 obs=273 | cap=wip act=(320,360) d=2.46 a=1 | sp=frontier:active d=2.5 age=10 dtg=8.70 region=0_6
ep=162 s=273 18756ms [sel=11 cap=18157 rest=552] sg=5->5 mode=NONE win=8 obs=274 | cap=wip act=(320,360) d=2.28 a=1 | preview=view-/6 yaw=+0 render=37ms | sp=frontier:active d=2.3 age=11 dtg=8.95 region=0_6
ep=162 s=274 7436ms [sel=4 cap=7296 rest=135] sg=5->5 mode=NONE win=8 obs=275 | cap=wip act=(320,360) d=2.12 a=1 | sp=frontier:active d=2.1 age=12 dtg=9.20 region=0_6
ep=162 s=275 2825ms [sel=5 cap=2687 rest=132] sg=5->5 mode=NONE win=8 obs=276 | cap=wip act=(320,360) d=1.98 a=1 | sp=frontier:active d=2.0 age=13 dtg=9.45 region=0_6
ep=162 s=276 11619ms [sel=76 cap=10985 rest=522] sg=5->5 mode=NONE win=8 obs=277 | cap=wip act=(320,360) d=2.97 a=1 | preview=view-/6 yaw=+0 render=37ms | sp=frontier:active d=3.0 age=0 dtg=9.70 region=0_6
ep=162 s=277 9859ms [sel=1513 cap=8221 rest=126] sg=5->5 mode=NONE win=8 obs=278 | cap=wip act=(320,360) d=2.94 a=1 | sp=som:active d=2.9 age=0 som=2/8 dtg=9.95 region=0_6
ep=162 s=278 10886ms [sel=4 cap=10758 rest=124] sg=5->5 mode=NONE win=8 obs=279 | cap=wip act=(320,360) d=2.69 a=1 | sp=som:active d=2.7 age=1 dtg=10.20 region=0_6
ep=162 s=279 19472ms [sel=4 cap=18928 rest=503] sg=5->5 mode=NONE win=8 obs=280 | cap=wip act=(320,360) d=2.44 a=3 | preview=view-/6 yaw=+0 render=37ms | sp=som:active d=2.4 age=2 dtg=10.20 region=0_6
ep=162 s=280 5547ms [sel=4 cap=5414 rest=129] sg=5->5 mode=NONE win=8 obs=281 | cap=wip act=(320,360) d=2.44 a=1 | sp=som:active d=2.4 age=3 dtg=10.44 region=0_6
ep=162 s=281 11411ms [sel=4 cap=11275 rest=132] sg=5->5 mode=NONE win=8 obs=282 | cap=wip act=(320,360) d=2.20 a=1 | sp=som:active d=2.2 age=4 dtg=10.69 region=0_6
ep=162 s=282 16152ms [sel=3 cap=15584 rest=528] sg=5->5 mode=NONE win=8 obs=283 | cap=wip act=(320,360) d=1.96 a=1 | preview=view-/6 yaw=+0 render=36ms | sp=som:active d=2.0 age=5 dtg=10.93 region=0_6
ep=162 s=283 6543ms [sel=3 cap=6408 rest=131] sg=5->5 mode=NONE win=8 obs=284 | cap=wip act=(320,360) d=1.72 a=1 | sp=som:active d=1.7 age=6 dtg=11.18 region=0_6
ep=162 s=284 6887ms [sel=5 cap=6746 rest=136] sg=5->5 mode=NONE win=8 obs=285 | cap=wip act=(320,360) d=1.49 a=1 | sp=som:active d=1.5 age=7 dtg=11.42 region=0_6
ep=162 s=285 13957ms [sel=3 cap=13397 rest=518] sg=5->5 mode=NONE win=8 obs=286 | cap=wip act=(320,360) d=1.27 a=1 | preview=view-/6 yaw=+0 render=38ms | sp=som:active d=1.3 age=8 dtg=11.67 region=0_6
ep=162 s=286 9265ms [sel=5 cap=9122 rest=137] sg=5->5 mode=NONE win=8 obs=287 | cap=wip act=(320,360) d=1.07 a=2 | sp=som:active d=1.1 age=9 dtg=11.67 region=0_6
ep=162 s=287 12067ms [sel=5 cap=11931 rest=132] sg=5->5 mode=NONE win=8 obs=288 | cap=wip act=(320,360) d=1.07 a=1 | sp=som:active d=1.1 age=10 dtg=11.92 region=0_6
ep=162 s=288 19095ms [sel=4 cap=18541 rest=514] sg=5->5 mode=NONE win=8 obs=289 | cap=wip act=(320,360) d=0.84 a=2 | preview=view-/6 yaw=+0 render=36ms | sp=som:active d=0.8 age=11 dtg=11.92 region=0_6
ep=162 s=289 10191ms [sel=3 cap=10059 rest=130] sg=5->5 mode=NONE win=8 obs=290 | cap=wip act=(320,360) d=0.84 a=1 | sp=som:active d=0.8 age=12 dtg=12.15 region=0_6
ep=162 s=290 7946ms [sel=3 cap=7806 rest=137] sg=5->5 mode=NONE win=8 obs=291 | cap=wip act=(320,360) d=0.60 a=2 | sp=som:active d=0.6 age=13 dtg=12.15 region=0_6
ep=162 s=291 18662ms [sel=4 cap=18084 rest=537] sg=5->5 mode=NONE win=8 obs=292 | cap=wip act=(320,360) d=0.60 a=1 | preview=view-/6 yaw=+0 render=37ms | sp=som:active d=0.6 age=14 dtg=12.36 region=0_6
ep=162 s=292 11508ms [sel=2665 cap=8713 rest=130] sg=5->5 mode=NONE win=8 obs=293 | cap=wip act=(320,360) d=4.11 a=1 | sp=som:active d=4.1 age=0 som=4/8 dtg=12.58 region=0_7
ep=162 s=293 10851ms [sel=5 cap=10698 rest=147] sg=5->5 mode=NONE win=8 obs=294 | cap=wip act=(320,360) d=3.86 a=1 | sp=som:active d=3.9 age=1 dtg=12.81 region=0_7
ep=162 s=294 20339ms [sel=4 cap=19762 rest=537] sg=5->5 mode=NONE win=8 obs=295 | cap=wip act=(320,360) d=3.61 a=1 | preview=view-/6 yaw=+0 render=36ms | sp=som:active d=3.6 age=2 dtg=13.05 region=0_7
ep=162 s=295 7964ms [sel=3 cap=7828 rest=132] sg=5->5 mode=NONE win=8 obs=296 | cap=wip act=(320,360) d=3.37 a=2 | sp=som:active d=3.4 age=3 dtg=13.05 region=0_7
ep=162 s=296 7720ms [sel=3 cap=7566 rest=151] sg=5->5 mode=NONE win=8 obs=297 | cap=wip act=(320,360) d=3.37 a=1 | sp=som:active d=3.4 age=4 dtg=13.27 region=0_7
ep=162 s=297 10838ms [sel=3 cap=10273 rest=525] sg=5->5 mode=NONE win=8 obs=298 | cap=wip act=(320,360) d=3.14 a=1 | preview=view-/6 yaw=+0 render=37ms | sp=som:active d=3.1 age=5 dtg=13.50 region=0_7
ep=162 s=298 14886ms [sel=3 cap=14744 rest=139] sg=5->5 mode=NONE win=8 obs=299 | cap=wip act=(320,360) d=2.91 a=1 | sp=som:active d=2.9 age=6 dtg=13.74 region=0_7
ep=162 s=299 4077ms [sel=4 cap=3907 rest=165] sg=5->5 mode=NONE win=8 obs=300 | cap=wip act=(320,360) d=2.69 a=1 | sp=som:active d=2.7 age=7 dtg=13.98 region=0_7
ep=162 s=300 19285ms [sel=4 cap=19120 rest=161] sg=5->5 mode=NONE win=8 obs=301 | cap=wip act=(320,360) d=2.48 a=1 | sp=som:active d=2.5 age=8 dtg=14.22 region=0_7
ep=162 s=301 16577ms [sel=3 cap=15963 rest=568] sg=5->5 mode=NONE win=8 obs=302 | cap=wip act=(320,360) d=2.27 a=2 | preview=view-/6 yaw=+0 render=44ms | sp=som:active d=2.3 age=9 dtg=14.22 region=0_7
ep=162 s=302 12426ms [sel=12 cap=12277 rest=136] sg=5->5 mode=NONE win=8 obs=303 | cap=wip act=(320,360) d=2.27 a=1 | sp=som:active d=2.3 age=10 dtg=14.45 region=0_7
ep=162 s=303 15815ms [sel=18 cap=15623 rest=173] sg=5->5 mode=NONE win=8 obs=304 | cap=wip act=(320,360) d=2.12 a=1 | sp=som:active d=2.1 age=11 dtg=14.68 region=0_7
ep=162 s=304 13684ms [sel=21 cap=13513 rest=150] sg=5->5 mode=NONE win=8 obs=305 | cap=wip act=(320,360) d=2.00 a=3 | sp=som:active d=2.0 age=12 dtg=14.68 region=0_7
ep=162 s=305 11229ms [sel=13 cap=10566 rest=581] sg=5->5 mode=NONE win=8 obs=306 | cap=wip act=(320,360) d=2.00 a=3 | preview=view-/6 yaw=+0 render=71ms | sp=som:active d=2.0 age=13 dtg=14.68 region=0_7
ep=162 s=306 12323ms [sel=3 cap=12186 rest=134] sg=5->5 mode=NONE win=8 obs=307 | cap=wip act=(320,360) d=2.00 a=3 | sp=som:active d=2.0 age=14 dtg=14.68 region=0_7
ep=162 s=307 9454ms [sel=4 cap=9311 rest=140] sg=5->5 mode=NONE win=8 obs=308 | cap=wip act=(320,360) d=2.00 a=1 | sp=som:active d=2.0 age=15 dtg=14.91 region=0_7
ep=162 s=308 22522ms [sel=3 cap=21939 rest=542] sg=5->5 mode=NONE win=8 obs=309 | cap=wip act=(320,360) d=1.76 a=1 | preview=view-/6 yaw=+0 render=38ms | sp=som:active d=1.8 age=16 dtg=15.14 region=0_7
ep=162 s=309 8026ms [sel=3 cap=7859 rest=164] sg=5->5 mode=NONE win=8 obs=310 | cap=wip act=(320,360) d=1.53 a=3 | sp=som:active d=1.5 age=17 dtg=15.14 region=0_7
ep=162 s=310 8615ms [sel=4 cap=8477 rest=134] sg=5->5 mode=NONE win=8 obs=311 | cap=wip act=(320,360) d=1.53 a=1 | sp=som:active d=1.5 age=18 dtg=15.36 region=0_7
ep=162 s=311 13835ms [sel=3 cap=13276 rest=522] sg=5->5 mode=NONE win=8 obs=312 | cap=wip act=(320,360) d=1.28 a=1 | preview=view-/6 yaw=+0 render=34ms | sp=som:active d=1.3 age=19 dtg=15.60 region=0_7
ep=162 s=312 9315ms [sel=3 cap=9188 rest=125] sg=5->5 mode=NONE win=8 obs=313 | cap=wip act=(320,360) d=1.03 a=1 | sp=som:active d=1.0 age=20 dtg=15.84 region=0_7
ep=162 s=313 9494ms [sel=3 cap=9365 rest=126] sg=5->5 mode=NONE win=8 obs=314 | cap=wip act=(320,360) d=0.79 a=1 | sp=som:active d=0.8 age=21 dtg=16.09 region=0_7
ep=162 s=314 14803ms [sel=4 cap=14245 rest=520] sg=5->5 mode=NONE win=8 obs=315 | cap=wip act=(320,360) d=0.55 a=1 | preview=view-/6 yaw=+0 render=35ms | sp=som:active d=0.6 age=22 dtg=16.34 region=0_7
ep=162 s=315 15228ms [sel=6783 cap=8316 rest=129] sg=5->5 mode=NONE win=8 obs=316 | cap=wip act=(320,404) d=1.45 a=1 | sp=straight_ahead:reached d=0.3 age=0 som=2/8 dtg=16.59 region=0_7
ep=162 s=316 15427ms [sel=5474 cap=9820 rest=133] sg=5->5 mode=NONE win=8 obs=317 | cap=wip act=TURN request=-45deg execute=-15deg x1 a=2 | sp=straight_ahead:reached d=0.3 age=1 ovr=3 door_evts=4 som=3/7 dtg=16.59 region=0_7
ep=162 s=317 22389ms [sel=0 cap=21853 rest=500] sg=5->5 mode=NONE win=8 obs=318 | cap=wip act=TURN request=-45deg execute=-15deg x1 a=2 | preview=view-/6 yaw=+0 render=36ms | sp=- ovr=3 door_evts=4 dtg=16.59 region=0_7
ep=162 s=318 15630ms [sel=0 cap=15493 rest=136] sg=5->5 mode=NONE win=8 obs=319 | cap=wip act=TURN request=-45deg execute=-15deg x1 a=2 | sp=- ovr=3 door_evts=4 dtg=16.59 region=0_7
ep=162 s=319 25108ms [sel=0 cap=24981 rest=127] sg=5->5 mode=NONE win=8 obs=320 | cap=wip act=TURN request=-45deg execute=-15deg x1 a=2 | sp=- ovr=3 door_evts=4 dtg=16.59 region=0_7
ep=162 s=320 21645ms [sel=0 cap=21123 rest=487] sg=5->5 mode=NONE win=8 obs=321 | cap=wip act=TURN request=-45deg execute=-15deg x1 a=2 | preview=view-/6 yaw=+0 render=34ms | sp=- ovr=3 door_evts=4 dtg=16.59 region=0_7
ep=162 s=321 12224ms [sel=0 cap=12093 rest=131] sg=5->5 mode=NONE win=8 obs=322 | cap=wip act=TURN request=-45deg execute=-15deg x1 a=2 | sp=- ovr=3 door_evts=4 dtg=16.59 region=0_7
ep=162 s=322 10314ms [sel=0 cap=10182 rest=133] sg=5->5 mode=NONE win=8 obs=323 | cap=wip act=TURN request=-45deg execute=-15deg x1 a=2 | sp=- ovr=3 door_evts=4 dtg=16.59 region=0_7
ep=162 s=323 19933ms [sel=0 cap=19369 rest=527] sg=5->5 mode=NONE win=8 obs=324 | cap=wip act=TURN request=-45deg execute=-15deg x1 a=2 | preview=view-/6 yaw=+0 render=37ms | sp=- ovr=3 door_evts=4 dtg=16.59 region=0_7
ep=162 s=324 9960ms [sel=0 cap=9823 rest=137] sg=5->5 mode=NONE win=8 obs=325 | cap=wip act=TURN request=-45deg execute=-15deg x1 a=2 | sp=- ovr=3 door_evts=4 dtg=16.59 region=0_7
ep=162 s=325 12090ms [sel=0 cap=11958 rest=132] sg=5->5 mode=NONE win=8 obs=326 | cap=wip act=TURN request=-45deg execute=-15deg x1 a=2 | sp=- ovr=3 door_evts=4 dtg=16.59 region=0_7
ep=162 s=326 18826ms [sel=0 cap=18274 rest=513] sg=5->5 mode=NONE win=8 obs=327 | cap=wip act=TURN request=-45deg execute=-15deg x1 a=2 | preview=view-/6 yaw=+0 render=38ms | sp=- ovr=3 door_evts=4 dtg=16.59 region=0_7
ep=162 s=327 14017ms [sel=0 cap=13770 rest=247] sg=5->5 mode=NONE win=8 obs=328 | cap=wip act=TURN request=-45deg execute=-15deg x1 a=2 | sp=- ovr=3 door_evts=4 dtg=16.59 region=0_7
ep=162 s=328 14793ms [sel=4956 cap=9708 rest=128] sg=5->5 mode=NONE win=8 obs=329 | cap=wip act=(320,360) d=5.43 a=1 | sp=frontier:active d=5.4 age=0 som=L/8 dtg=16.34 region=0_7
ep=162 s=329 20643ms [sel=7 cap=20068 rest=531] sg=5->5 mode=NONE win=8 obs=330 | cap=wip act=(320,360) d=5.19 a=1 | preview=view-/6 yaw=+0 render=38ms | sp=frontier:active d=5.2 age=1 dtg=16.09 region=0_7
ep=162 s=330 17690ms [sel=4 cap=17521 rest=164] sg=5->5 mode=NONE win=8 obs=331 | cap=wip act=(320,360) d=4.96 a=1 | sp=frontier:active d=5.0 age=2 dtg=15.84 region=0_7
ep=162 s=331 12393ms [sel=12 cap=12240 rest=142] sg=5->5 mode=NONE win=8 obs=332 | cap=wip act=(320,360) d=4.72 a=1 | sp=frontier:active d=4.7 age=3 dtg=15.60 region=0_7
ep=162 s=332 11740ms [sel=4 cap=11591 rest=145] sg=5->5 mode=NONE win=8 obs=333 | cap=wip act=(320,360) d=4.49 a=1 | sp=frontier:active d=4.5 age=4 dtg=15.36 region=0_7
ep=162 s=333 5291ms [sel=4 cap=5154 rest=133] sg=5->5 mode=NONE win=8 obs=334 | cap=wip act=(320,360) d=4.25 a=1 | sp=frontier:active d=4.3 age=5 dtg=15.14 region=0_7
ep=162 s=334 18849ms [sel=5 cap=18292 rest=516] sg=5->5 mode=NONE win=8 obs=335 | cap=wip act=(320,360) d=4.02 a=1 | preview=view-/6 yaw=+0 render=35ms | sp=frontier:active d=4.0 age=6 dtg=14.94 region=0_7
ep=162 s=335 8194ms [sel=19 cap=8039 rest=136] sg=5->5 mode=NONE win=8 obs=336 | cap=wip act=(320,360) d=3.80 a=2 | sp=frontier:active d=3.8 age=7 dtg=14.94 region=0_7
ep=162 s=336 10509ms [sel=3 cap=10378 rest=128] sg=5->5 mode=NONE win=8 obs=337 | cap=wip act=(320,360) d=3.80 a=2 | sp=frontier:active d=3.8 age=8 dtg=14.94 region=0_7
ep=162 s=337 17378ms [sel=4 cap=16806 rest=531] sg=5->5 mode=NONE win=8 obs=338 | cap=wip act=(320,360) d=3.80 a=1 | preview=view-/6 yaw=+0 render=38ms | sp=frontier:active d=3.8 age=9 dtg=14.70 region=0_7
ep=162 s=338 6934ms [sel=3 cap=6797 rest=134] sg=5->5 mode=NONE win=8 obs=339 | cap=wip act=(320,360) d=3.55 a=1 | sp=frontier:active d=3.5 age=10 dtg=14.45 region=0_7
ep=162 s=339 16670ms [sel=3 cap=16526 rest=141] sg=5->5 mode=NONE win=8 obs=340 | cap=wip act=(320,360) d=3.30 a=2 | sp=frontier:active d=3.3 age=11 dtg=14.45 region=0_7
ep=162 s=340 19220ms [sel=3 cap=18646 rest=534] sg=5->5 mode=NONE win=8 obs=341 | cap=wip act=(320,360) d=3.30 a=1 | preview=view-/6 yaw=+0 render=37ms | sp=frontier:active d=3.3 age=12 dtg=14.20 region=0_7
ep=162 s=341 20550ms [sel=81 cap=20306 rest=164] sg=5->5 mode=NONE win=8 obs=342 | cap=wip act=(320,360) d=3.80 a=1 | sp=frontier:active d=3.8 age=0 dtg=13.95 region=0_7
ep=162 s=342 15236ms [sel=88 cap=15021 rest=127] sg=5->5 mode=NONE win=8 obs=343 | cap=wip act=(320,360) d=5.07 a=1 | sp=frontier:active d=5.1 age=0 dtg=13.70 region=0_7
ep=162 s=343 15230ms [sel=4 cap=14658 rest=531] sg=5->5 mode=NONE win=8 obs=344 | cap=wip act=(320,360) d=4.83 a=2 | preview=view-/6 yaw=+0 render=37ms | sp=frontier:active d=4.8 age=1 dtg=13.70 region=0_7
ep=162 s=344 9469ms [sel=4 cap=9335 rest=130] sg=5->5 mode=NONE win=8 obs=345 | cap=wip act=(320,360) d=4.83 a=1 | sp=frontier:active d=4.8 age=2 dtg=13.48 region=0_7
ep=162 s=345 10501ms [sel=4 cap=10369 rest=128] sg=5->5 mode=NONE win=8 obs=346 | cap=wip act=(320,360) d=4.59 a=1 | sp=frontier:active d=4.6 age=3 dtg=13.27 region=0_7
ep=162 s=346 17169ms [sel=4 cap=16556 rest=570] sg=5->5 mode=NONE win=8 obs=347 | cap=wip act=(320,360) d=4.36 a=2 | preview=view-/6 yaw=+0 render=39ms | sp=frontier:active d=4.4 age=4 dtg=13.27 region=0_7
ep=162 s=347 14908ms [sel=3 cap=14776 rest=129] sg=5->5 mode=NONE win=8 obs=348 | cap=wip act=(320,360) d=4.36 a=1 | sp=frontier:active d=4.4 age=5 dtg=13.13 region=0_7
ep=162 s=348 16545ms [sel=8 cap=16409 rest=128] sg=5->5 mode=NONE win=8 obs=349 | cap=wip act=(320,360) d=4.16 a=1 | sp=frontier:active d=4.2 age=6 dtg=13.03 region=0_7
ep=162 s=349 29372ms [sel=10 cap=28779 rest=546] sg=5->5 mode=NONE win=8 obs=350 | cap=wip act=(320,360) d=3.97 a=2 | preview=view-/6 yaw=+0 render=37ms | sp=frontier:active d=4.0 age=7 dtg=13.03 region=0_7
ep=162 s=350 13870ms [sel=5 cap=13742 rest=123] sg=5->5 mode=NONE win=8 obs=351 | cap=wip act=(320,360) d=3.97 a=1 | sp=frontier:active d=4.0 age=8 dtg=13.04 region=0_7
ep=162 s=351 11726ms [sel=5 cap=11591 rest=130] sg=5->5 mode=NONE win=8 obs=352 | cap=wip act=(320,360) d=3.83 a=1 | sp=frontier:active d=3.8 age=9 dtg=13.06 region=0_7
ep=162 s=352 20724ms [sel=4 cap=20143 rest=539] sg=5->5 mode=NONE win=8 obs=353 | cap=wip act=(320,360) d=3.71 a=1 | preview=view-/6 yaw=+0 render=38ms | sp=frontier:active d=3.7 age=10 dtg=13.09 region=0_7
ep=162 s=353 9122ms [sel=5 cap=8987 rest=130] sg=5->5 mode=NONE win=8 obs=354 | cap=wip act=(320,360) d=3.60 a=1 | sp=frontier:active d=3.6 age=11 dtg=13.14 region=0_7
ep=162 s=354 12216ms [sel=8 cap=12079 rest=129] sg=5->5 mode=NONE win=8 obs=355 | cap=wip act=(320,360) d=3.51 a=1 | sp=frontier:active d=3.5 age=12 dtg=13.23 region=0_8
ep=162 s=355 9201ms [sel=8 cap=9062 rest=131] sg=5->5 mode=NONE win=8 obs=356 | cap=wip act=(320,360) d=3.43 a=1 | sp=frontier:active d=3.4 age=13 dtg=13.40 region=0_8
ep=162 s=356 15730ms [sel=38 cap=15126 rest=527] sg=5->5 mode=NONE win=8 obs=357 | cap=wip act=(320,360) d=3.37 a=3 | preview=view-/6 yaw=+0 render=39ms | sp=frontier:active d=3.4 age=14 dtg=13.40 region=0_8
ep=162 s=357 9581ms [sel=34 cap=9411 rest=136] sg=5->5 mode=NONE win=8 obs=358 | cap=wip act=(320,360) d=3.37 a=3 | sp=frontier:active d=3.4 age=15 dtg=13.40 region=0_8
ep=162 s=358 9699ms [sel=29 cap=9533 rest=137] sg=5->5 mode=NONE win=8 obs=359 | cap=wip act=(320,360) d=3.37 a=3 | sp=frontier:active d=3.4 age=16 dtg=13.40 region=0_8
ep=162 s=359 12180ms [sel=13 cap=11613 rest=514] sg=5->5 mode=NONE win=8 obs=360 | cap=wip act=(320,360) d=3.37 a=1 | preview=view-/6 yaw=+0 render=40ms | sp=frontier:active d=3.4 age=17 dtg=13.41 region=0_8
ep=162 s=360 12317ms [sel=14 cap=12164 rest=138] sg=5->5 mode=NONE win=8 obs=361 | cap=wip act=(320,360) d=3.16 a=3 | sp=frontier:active d=3.2 age=18 dtg=13.41 region=0_8
ep=162 s=361 8051ms [sel=13 cap=7913 rest=124] sg=5->5 mode=NONE win=8 obs=362 | cap=wip act=(320,360) d=3.16 a=1 | sp=frontier:active d=3.2 age=19 dtg=13.18 region=0_8
ep=162 s=362 20530ms [sel=75 cap=19908 rest=509] sg=5->5 mode=NONE win=8 obs=363 | cap=wip act=(320,360) d=0.77 a=1 | preview=view-/6 yaw=+0 render=37ms | sp=frontier:active d=0.8 age=0 dtg=12.95 region=0_8
ep=162 s=363 10864ms [sel=3 cap=10725 rest=136] sg=5->5 mode=NONE win=8 obs=364 | cap=wip act=(320,360) d=0.52 a=1 | sp=frontier:active d=0.5 age=1 dtg=12.73 region=0_8
ep=162 s=364 17548ms [sel=7502 cap=9913 rest=133] sg=5->5 mode=NONE win=8 obs=365 | cap=wip act=(320,360) d=3.91 a=2 | sp=som:active d=3.9 age=0 som=1/8 dtg=12.73 region=0_8
ep=162 s=365 18390ms [sel=64 cap=17802 rest=487] sg=5->5 mode=NONE win=8 obs=366 | cap=wip act=(320,360) d=3.91 a=2 | preview=view-/6 yaw=+0 render=38ms | sp=som:active d=3.9 age=1 dtg=12.73 region=0_8
ep=162 s=366 11076ms [sel=113 cap=10824 rest=139] sg=5->5 mode=NONE win=8 obs=367 | cap=wip act=(320,360) d=3.91 a=2 | sp=som:active d=3.9 age=2 dtg=12.73 region=0_8
ep=162 s=367 16269ms [sel=74 cap=16063 rest=133] sg=5->5 mode=NONE win=8 obs=368 | cap=wip act=(320,360) d=3.91 a=2 | sp=som:active d=3.9 age=3 dtg=12.73 region=0_8
ep=162 s=368 14930ms [sel=86 cap=14327 rest=481] sg=5->5 mode=NONE win=8 obs=369 | cap=wip act=(320,360) d=3.91 a=2 | preview=view-/6 yaw=+0 render=37ms | sp=som:active d=3.9 age=4 dtg=12.73 region=0_8
ep=162 s=369 8895ms [sel=83 cap=8684 rest=128] sg=5->5 mode=NONE win=8 obs=370 | cap=wip act=(320,360) d=3.91 a=2 | sp=som:active d=3.9 age=5 dtg=12.73 region=0_8
ep=162 s=370 10224ms [sel=72 cap=10016 rest=135] sg=5->5 mode=NONE win=8 obs=371 | cap=wip act=(320,360) d=3.91 a=2 | sp=som:active d=3.9 age=6 dtg=12.73 region=0_8
ep=162 s=371 16589ms [sel=72 cap=15957 rest=522] sg=5->5 mode=NONE win=8 obs=372 | cap=wip act=(320,360) d=3.91 a=2 | preview=view-/6 yaw=+0 render=38ms | sp=som:active d=3.9 age=7 dtg=12.73 region=0_8
ep=162 s=372 12648ms [sel=74 cap=12443 rest=131] sg=5->5 mode=NONE win=8 obs=373 | cap=wip act=(320,360) d=3.91 a=2 | sp=som:active d=3.9 age=8 dtg=12.73 region=0_8
ep=162 s=373 8090ms [sel=71 cap=7893 rest=126] sg=5->5 mode=NONE win=8 obs=374 | cap=wip act=(320,360) d=3.91 a=2 | sp=som:active d=3.9 age=9 dtg=12.73 region=0_8
ep=162 s=374 26971ms [sel=64 cap=26388 rest=483] sg=5->5 mode=NONE win=8 obs=375 | cap=wip act=(320,360) d=3.91 a=1 | preview=view-/6 yaw=+0 render=36ms | sp=som:active d=3.9 age=10 dtg=12.98 region=0_8
ep=162 s=375 12099ms [sel=63 cap=11908 rest=127] sg=5->5 mode=NONE win=8 obs=376 | cap=wip act=(320,360) d=4.16 a=2 | sp=som:active d=4.2 age=11 dtg=12.98 region=0_8
ep=162 s=376 14139ms [sel=72 cap=13940 rest=127] sg=5->5 mode=NONE win=8 obs=377 | cap=wip act=(320,360) d=4.16 a=1 | sp=som:active d=4.2 age=12 dtg=13.22 region=0_8
ep=162 s=377 22064ms [sel=65 cap=21441 rest=519] sg=5->5 mode=NONE win=8 obs=378 | cap=wip act=(320,360) d=4.41 a=2 | preview=view-/6 yaw=+0 render=38ms | sp=som:active d=4.4 age=13 dtg=13.22 region=0_8
ep=162 s=378 6914ms [sel=61 cap=6716 rest=137] sg=5->5 mode=NONE win=8 obs=379 | cap=wip act=(320,360) d=4.41 a=2 | sp=som:active d=4.4 age=14 dtg=13.22 region=0_8
ep=162 s=379 11566ms [sel=57 cap=11374 rest=135] sg=5->5 mode=NONE win=8 obs=380 | cap=wip act=(320,360) d=4.41 a=1 | sp=som:active d=4.4 age=15 dtg=13.41 region=0_8
ep=162 s=380 11651ms [sel=60 cap=11456 rest=135] sg=5->5 mode=NONE win=8 obs=381 | cap=wip act=(320,360) d=4.62 a=2 | sp=som:active d=4.6 age=16 dtg=13.41 region=0_8
ep=162 s=381 18826ms [sel=54 cap=18210 rest=524] sg=5->5 mode=NONE win=8 obs=382 | cap=wip act=(320,360) d=4.62 a=1 | preview=view-/6 yaw=+0 render=38ms | sp=som:active d=4.6 age=17 dtg=13.46 region=0_8
ep=162 s=382 23944ms [sel=58 cap=23751 rest=135] sg=5->5 mode=NONE win=8 obs=383 | cap=wip act=(320,360) d=4.81 a=2 | sp=som:active d=4.8 age=18 dtg=13.46 region=0_8
ep=162 s=383 10758ms [sel=57 cap=10562 rest=140] sg=5->5 mode=NONE win=8 obs=384 | cap=wip act=(320,360) d=4.81 a=1 | sp=som:active d=4.8 age=19 dtg=13.31 region=0_8
ep=162 s=384 19293ms [sel=95 cap=18621 rest=540] sg=5->5 mode=NONE win=8 obs=385 | cap=wip act=(320,360) d=2.57 a=2 | preview=view-/6 yaw=+0 render=37ms | sp=frontier:active d=2.6 age=0 dtg=13.31 region=0_8
ep=162 s=385 5921ms [sel=19 cap=5770 rest=132] sg=5->5 mode=NONE win=8 obs=386 | cap=wip act=(320,360) d=2.57 a=1 | sp=frontier:active d=2.6 age=1 dtg=13.20 region=0_7
ep=162 s=386 8162ms [sel=19 cap=8011 rest=132] sg=5->5 mode=NONE win=8 obs=387 | cap=wip act=(320,360) d=2.44 a=2 | sp=frontier:active d=2.4 age=2 dtg=13.20 region=0_7
ep=162 s=387 15041ms [sel=13 cap=14441 rest=543] sg=5->5 mode=NONE win=8 obs=388 | cap=wip act=(320,360) d=2.44 a=2 | preview=view-/6 yaw=+0 render=43ms | sp=frontier:active d=2.4 age=3 dtg=13.20 region=0_7
ep=162 s=388 14721ms [sel=4 cap=14574 rest=144] sg=5->5 mode=NONE win=8 obs=389 | cap=wip act=(320,360) d=2.44 a=1 | sp=frontier:active d=2.4 age=4 dtg=13.02 region=0_7
ep=162 s=389 15679ms [sel=4 cap=15542 rest=133] sg=5->5 mode=NONE win=8 obs=390 | cap=wip act=(320,360) d=2.23 a=2 | sp=frontier:active d=2.2 age=5 dtg=13.02 region=0_7
ep=162 s=390 19105ms [sel=3 cap=18509 rest=555] sg=5->5 mode=NONE win=8 obs=391 | cap=wip act=(320,360) d=2.23 a=1 | preview=view-/6 yaw=+0 render=38ms | sp=frontier:active d=2.2 age=6 dtg=12.81 region=0_7
ep=162 s=391 22156ms [sel=5 cap=21978 rest=173] sg=5->5 mode=NONE win=8 obs=392 | cap=wip act=(320,360) d=1.99 a=2 | sp=frontier:active d=2.0 age=7 dtg=12.81 region=0_7
ep=162 s=392 12076ms [sel=4 cap=11931 rest=141] sg=5->5 mode=NONE win=8 obs=393 | cap=wip act=(320,360) d=1.99 a=1 | sp=frontier:active d=2.0 age=8 dtg=12.58 region=0_7
ep=162 s=393 10526ms [sel=4 cap=10378 rest=144] sg=5->5 mode=NONE win=8 obs=394 | cap=wip act=(320,360) d=1.74 a=1 | sp=frontier:active d=1.7 age=9 dtg=12.36 region=0_6
ep=162 s=394 10184ms [sel=4 cap=10044 rest=136] sg=5->5 mode=NONE win=8 obs=395 | cap=wip act=(320,360) d=1.50 a=1 | sp=frontier:active d=1.5 age=10 dtg=12.13 region=0_6
ep=162 s=395 13380ms [sel=5 cap=13233 rest=141] sg=5->5 mode=NONE win=8 obs=396 | cap=wip act=(320,360) d=1.25 a=2 | sp=frontier:active d=1.2 age=11 dtg=12.13 region=0_6
ep=162 s=396 8585ms [sel=5 cap=8444 rest=136] sg=5->5 mode=NONE win=8 obs=397 | cap=wip act=(320,360) d=1.25 a=1 | sp=frontier:active d=1.2 age=12 dtg=11.89 region=0_6
ep=162 s=397 12687ms [sel=4 cap=12143 rest=502] sg=5->5 mode=NONE win=8 obs=398 | cap=wip act=(320,360) d=1.00 a=1 | preview=view-/6 yaw=+0 render=37ms | sp=frontier:active d=1.0 age=13 dtg=11.64 region=0_6
ep=162 s=398 7711ms [sel=3 cap=7570 rest=138] sg=5->5 mode=NONE win=8 obs=399 | cap=wip act=(320,360) d=0.75 a=1 | sp=frontier:active d=0.8 age=14 dtg=11.39 region=0_6
ep=162 s=399 17560ms [sel=128 cap=17284 rest=148] sg=5->5 mode=NONE win=8 obs=400 | cap=wip act=(320,360) d=5.58 a=1 | sp=frontier:active d=5.6 age=0 dtg=11.15 region=0_6
ep=162 s=400 17221ms [sel=50 cap=16635 rest=501] sg=5->5 mode=NONE win=8 obs=401 | cap=wip act=(320,360) d=5.39 a=2 | preview=view-/6 yaw=+0 render=35ms | sp=frontier:active d=5.4 age=1 dtg=11.15 region=0_6
ep=162 s=401 12172ms [sel=43 cap=11998 rest=131] sg=5->5 mode=NONE win=8 obs=402 | cap=wip act=(320,360) d=5.39 a=1 | sp=frontier:active d=5.4 age=2 dtg=10.90 region=0_6
ep=162 s=402 9857ms [sel=38 cap=9684 rest=135] sg=5->5 mode=NONE win=8 obs=403 | cap=wip act=(320,360) d=5.17 a=1 | sp=frontier:active d=5.2 age=3 dtg=10.65 region=0_6
ep=162 s=403 15552ms [sel=44 cap=14957 rest=516] sg=5->5 mode=NONE win=8 obs=404 | cap=wip act=(320,360) d=4.95 a=1 | preview=view-/6 yaw=+0 render=35ms | sp=frontier:active d=5.0 age=4 dtg=10.40 region=0_6
ep=162 s=404 11285ms [sel=36 cap=11112 rest=137] sg=5->5 mode=NONE win=8 obs=405 | cap=wip act=(320,360) d=4.73 a=1 | sp=frontier:active d=4.7 age=5 dtg=10.15 region=0_6
ep=162 s=405 13782ms [sel=35 cap=13611 rest=136] sg=5->5 mode=NONE win=8 obs=406 | cap=wip act=(320,360) d=4.52 a=1 | sp=frontier:active d=4.5 age=6 dtg=9.90 region=0_6
ep=162 s=406 9569ms [sel=32 cap=9412 rest=125] sg=5->5 mode=NONE win=8 obs=407 | cap=wip act=(320,360) d=4.31 a=1 | sp=frontier:active d=4.3 age=7 dtg=9.65 region=0_6
ep=162 s=407 13614ms [sel=39 cap=13013 rest=522] sg=5->5 mode=NONE win=8 obs=408 | cap=wip act=(320,360) d=4.11 a=1 | preview=view-/6 yaw=+0 render=41ms | sp=frontier:active d=4.1 age=8 dtg=9.40 region=0_6
ep=162 s=408 7901ms [sel=28 cap=7752 rest=122] sg=5->5 mode=NONE win=8 obs=409 | cap=wip act=(320,360) d=3.91 a=1 | sp=frontier:active d=3.9 age=9 dtg=9.15 region=0_6
ep=162 s=409 5285ms [sel=27 cap=5134 rest=124] sg=5->5 mode=NONE win=8 obs=410 | cap=wip act=(320,360) d=3.72 a=2 | sp=frontier:active d=3.7 age=10 dtg=9.15 region=0_6
ep=162 s=410 20718ms [sel=27 cap=20113 rest=538] sg=5->5 mode=NONE win=8 obs=411 | cap=wip act=(320,360) d=3.72 a=1 | preview=view-/6 yaw=+0 render=41ms | sp=frontier:active d=3.7 age=11 dtg=8.92 region=0_6
ep=162 s=411 13132ms [sel=25 cap=12981 rest=126] sg=5->5 mode=NONE win=8 obs=412 | cap=wip act=(320,360) d=3.50 a=1 | sp=frontier:active d=3.5 age=12 dtg=8.68 region=0_6
ep=162 s=412 11301ms [sel=104 cap=11073 rest=124] sg=5->5 mode=NONE win=8 obs=413 | cap=wip act=(320,360) d=5.08 a=1 | sp=frontier:active d=5.1 age=0 dtg=8.45 region=0_6
ep=162 s=413 10586ms [sel=3 cap=10455 rest=128] sg=5->5 mode=NONE win=8 obs=414 | cap=wip act=(320,360) d=4.84 a=1 | sp=frontier:active d=4.8 age=1 dtg=8.21 region=0_6
ep=162 s=414 12022ms [sel=3 cap=11881 rest=138] sg=5->5 mode=NONE win=8 obs=415 | cap=wip act=(320,360) d=4.59 a=3 | sp=frontier:active d=4.6 age=2 dtg=8.21 region=0_6
ep=162 s=415 15419ms [sel=3 cap=14843 rest=534] sg=5->5 mode=NONE win=8 obs=416 | cap=wip act=(320,360) d=4.59 a=1 | preview=view-/6 yaw=+0 render=39ms | sp=frontier:active d=4.6 age=3 dtg=7.97 region=0_6
ep=162 s=416 8093ms [sel=3 cap=7967 rest=123] sg=5->5 mode=NONE win=8 obs=417 | cap=wip act=(320,360) d=4.37 a=1 | sp=frontier:active d=4.4 age=4 dtg=7.72 region=0_3
ep=162 s=417 12145ms [sel=3 cap=12006 rest=137] sg=5->5 mode=NONE win=8 obs=418 | cap=wip act=(320,360) d=4.15 a=1 | sp=frontier:active d=4.1 age=5 dtg=7.47 region=0_3
ep=162 s=418 13939ms [sel=3 cap=13801 rest=135] sg=5->5 mode=NONE win=8 obs=419 | cap=wip act=(320,360) d=3.93 a=1 | sp=frontier:active d=3.9 age=6 dtg=7.22 region=0_3
ep=162 s=419 7885ms [sel=3 cap=7749 rest=132] sg=5->5 mode=NONE win=8 obs=420 | cap=wip act=(320,360) d=3.71 a=1 | sp=frontier:active d=3.7 age=7 dtg=6.97 region=0_3
ep=162 s=420 20465ms [sel=3 cap=19896 rest=528] sg=5->5 mode=NONE win=8 obs=421 | cap=wip act=(320,360) d=3.50 a=1 | preview=view-/6 yaw=+0 render=37ms | sp=frontier:active d=3.5 age=8 dtg=6.73 region=0_3
ep=162 s=421 13824ms [sel=3 cap=13695 rest=126] sg=5->5 mode=NONE win=8 obs=422 | cap=wip act=(320,360) d=3.30 a=1 | sp=frontier:active d=3.3 age=9 dtg=6.48 region=0_3
ep=162 s=422 13194ms [sel=3 cap=13051 rest=140] sg=5->5 mode=NONE win=8 obs=423 | cap=wip act=(320,360) d=3.10 a=1 | sp=frontier:active d=3.1 age=10 dtg=6.23 region=0_3
ep=162 s=423 8950ms [sel=4 cap=8816 rest=130] sg=5->5 mode=NONE win=8 obs=424 | cap=wip act=(320,360) d=2.92 a=1 | sp=frontier:active d=2.9 age=11 dtg=5.98 region=0_3
ep=162 s=424 6945ms [sel=7 cap=6811 rest=127] sg=5->5 mode=NONE win=8 obs=425 | cap=wip act=(320,360) d=2.74 a=1 | sp=frontier:active d=2.7 age=12 dtg=5.74 region=0_3
ep=162 s=425 17285ms [sel=104 cap=16623 rest=520] sg=5->5 mode=NONE win=8 obs=426 | cap=wip act=(320,360) d=3.90 a=3 | preview=view-/6 yaw=+0 render=38ms | sp=frontier:active d=3.9 age=0 dtg=5.74 region=0_3
ep=162 s=426 16320ms [sel=33 cap=16153 rest=134] sg=5->5 mode=NONE win=8 obs=427 | cap=wip act=(320,360) d=3.90 a=3 | sp=frontier:active d=3.9 age=1 dtg=5.74 region=0_3
ep=162 s=427 9583ms [sel=19 cap=9423 rest=141] sg=5->5 mode=NONE win=8 obs=428 | cap=wip act=(320,360) d=3.90 a=1 | sp=frontier:active d=3.9 age=2 dtg=5.50 region=0_3
ep=162 s=428 24775ms [sel=24 cap=24176 rest=535] sg=5->5 mode=NONE win=8 obs=429 | cap=wip act=(320,360) d=3.68 a=3 | preview=view-/6 yaw=+0 render=39ms | sp=frontier:active d=3.7 age=3 dtg=5.50 region=0_3
ep=162 s=429 14543ms [sel=3 cap=14403 rest=137] sg=5->5 mode=NONE win=8 obs=430 | cap=wip act=(320,360) d=3.68 a=1 | sp=frontier:active d=3.7 age=4 dtg=5.31 region=0_3
ep=162 s=430 13516ms [sel=3 cap=13371 rest=142] sg=5->5 mode=NONE win=8 obs=431 | cap=wip act=(320,360) d=3.44 a=1 | sp=frontier:active d=3.4 age=5 dtg=5.11 region=0_3
ep=162 s=431 17409ms [sel=17 cap=17255 rest=136] sg=5->5 mode=NONE win=8 obs=432 | cap=wip act=(320,360) d=3.20 a=3 | sp=frontier:active d=3.2 age=6 dtg=5.11 region=0_3
ep=162 s=432 10031ms [sel=3 cap=9888 rest=140] sg=5->5 mode=NONE win=8 obs=433 | cap=wip act=(320,360) d=3.20 a=3 | sp=frontier:active d=3.2 age=7 dtg=5.11 region=0_3
ep=162 s=433 18121ms [sel=3 cap=17459 rest=623] sg=5->5 mode=NONE win=8 obs=434 | cap=wip act=(320,360) d=3.20 a=1 | preview=view-/6 yaw=+0 render=35ms | sp=frontier:active d=3.2 age=8 dtg=5.03 region=0_3
ep=162 s=434 8671ms [sel=5 cap=8522 rest=145] sg=5->5 mode=NONE win=8 obs=435 | cap=wip act=(320,360) d=2.96 a=1 | sp=frontier:active d=3.0 age=9 dtg=5.00 region=0_3
ep=162 s=435 23690ms [sel=4 cap=23540 rest=146] sg=5->5 mode=NONE win=8 obs=436 | cap=wip act=(320,360) d=2.72 a=3 | sp=frontier:active d=2.7 age=10 dtg=5.00 region=0_3
ep=162 s=436 17135ms [sel=3 cap=17001 rest=131] sg=5->5 mode=NONE win=8 obs=437 | cap=wip act=(320,360) d=2.72 a=1 | sp=frontier:active d=2.7 age=11 dtg=5.13 region=0_3
ep=162 s=437 12737ms [sel=3 cap=12606 rest=129] sg=5->5 mode=NONE win=8 obs=438 | cap=wip act=(320,360) d=2.50 a=1 | sp=frontier:active d=2.5 age=12 dtg=5.34 region=0_3
ep=162 s=438 12625ms [sel=3 cap=12493 rest=129] sg=5->5 mode=NONE win=8 obs=439 | cap=wip act=(320,360) d=2.30 a=1 | sp=frontier:active d=2.3 age=13 dtg=5.58 region=0_3
ep=162 s=439 13716ms [sel=3 cap=13586 rest=126] sg=5->5 mode=NONE win=8 obs=440 | cap=wip act=(320,360) d=2.10 a=1 | sp=frontier:active d=2.1 age=14 dtg=5.82 region=0_3
ep=162 s=440 14285ms [sel=73 cap=13669 rest=508] sg=5->5 mode=NONE win=8 obs=441 | cap=wip act=(320,360) d=1.28 a=1 | preview=view-/6 yaw=+0 render=35ms | sp=frontier:active d=1.3 age=0 dtg=6.06 region=0_3
ep=162 s=441 10904ms [sel=3 cap=10775 rest=126] sg=5->5 mode=NONE win=8 obs=442 | cap=wip act=(320,360) d=1.04 a=1 | sp=frontier:active d=1.0 age=1 dtg=6.40 region=0_3
ep=162 s=442 25501ms [sel=3 cap=25370 rest=128] sg=5->5 mode=NONE win=8 obs=443 | cap=wip act=(320,360) d=0.80 a=1 | sp=frontier:active d=0.8 age=2 dtg=6.23 region=0_3
ep=162 s=443 23839ms [sel=3 cap=23706 rest=129] sg=5->5 mode=NONE win=8 obs=444 | cap=wip act=(320,360) d=0.57 a=2 | sp=frontier:active d=0.6 age=3 dtg=6.23 region=0_3
ep=162 s=444 25711ms [sel=3 cap=25576 rest=132] sg=5->5 mode=NONE win=8 obs=445 | cap=wip act=(320,360) d=0.57 a=1 | sp=frontier:active d=0.6 age=4 dtg=6.11 region=0_3
ep=162 s=445 30257ms [sel=84 cap=0 rest=30173] sg=None->5 mode=NONE win=8 obs=446 | cap=- act=(320,360) d=2.61 a=2 | sp=frontier:active d=2.6 age=0 ANALYSIS_ERROR_STAGE=decision ANALYSIS_ERROR='CaptionerInferenceError: Captioner model inference failed' dtg=6.11 region=0_3
ep=162 s=446 17111ms [sel=15 cap=16955 rest=140] sg=5->5 mode=NONE win=8 obs=447 | cap=wip act=(320,360) d=2.61 a=2 | sp=frontier:active d=2.6 age=1 dtg=6.11 region=0_3
ep=162 s=447 13452ms [sel=6 cap=12894 rest=518] sg=5->5 mode=NONE win=8 obs=448 | cap=wip act=(320,360) d=2.61 a=1 | preview=view-/6 yaw=+0 render=34ms | sp=frontier:active d=2.6 age=2 dtg=5.94 region=0_3
ep=162 s=448 5952ms [sel=15 cap=5750 rest=186] sg=5->5 mode=NONE win=8 obs=449 | cap=wip act=(320,360) d=2.41 a=2 | sp=frontier:active d=2.4 age=3 dtg=5.94 region=0_3
ep=162 s=449 5192ms [sel=3 cap=5002 rest=187] sg=5->5 mode=NONE win=8 obs=450 | cap=wip act=(320,360) d=2.41 a=1 | sp=frontier:active d=2.4 age=4 dtg=5.75 region=0_3
ep=162 s=450 9958ms [sel=4 cap=9790 rest=164] sg=5->5 mode=NONE win=8 obs=451 | cap=wip act=(320,360) d=2.19 a=2 | sp=frontier:active d=2.2 age=5 dtg=5.75 region=0_3
ep=162 s=451 6331ms [sel=3 cap=6185 rest=143] sg=5->5 mode=NONE win=8 obs=452 | cap=wip act=(320,360) d=2.19 a=1 | sp=frontier:active d=2.2 age=6 dtg=5.52 region=0_3
ep=162 s=452 4900ms [sel=3 cap=4740 rest=157] sg=5->5 mode=NONE win=8 obs=453 | cap=wip act=(320,360) d=1.94 a=2 | sp=frontier:active d=1.9 age=7 dtg=5.52 region=0_3
ep=162 s=453 18622ms [sel=3 cap=18093 rest=489] sg=5->5 mode=NONE win=8 obs=454 | cap=wip act=(320,360) d=1.94 a=1 | preview=view-/6 yaw=+0 render=37ms | sp=frontier:active d=1.9 age=8 dtg=5.29 region=0_3
ep=162 s=454 13994ms [sel=4 cap=13859 rest=131] sg=5->5 mode=NONE win=8 obs=455 | cap=wip act=(320,360) d=1.69 a=1 | sp=frontier:active d=1.7 age=9 dtg=5.05 region=0_3
ep=162 s=455 19048ms [sel=3 cap=18901 rest=144] sg=5->5 mode=NONE win=8 obs=456 | cap=wip act=(320,360) d=1.44 a=1 | sp=frontier:active d=1.4 age=10 dtg=4.83 region=0_3
ep=162 s=456 21167ms [sel=4 cap=20651 rest=475] sg=5->5 mode=NONE win=8 obs=457 | cap=wip act=(320,360) d=1.19 a=1 | preview=view-/6 yaw=+0 render=38ms | sp=frontier:active d=1.2 age=11 dtg=4.63 region=0_3
ep=162 s=457 13594ms [sel=3 cap=13446 rest=144] sg=5->5 mode=NONE win=8 obs=458 | cap=wip act=(320,360) d=0.94 a=1 | sp=frontier:active d=0.9 age=12 dtg=4.46 region=0_3
ep=162 s=458 10322ms [sel=5 cap=10172 rest=145] sg=5->5 mode=NONE win=8 obs=459 | cap=wip act=(320,360) d=0.69 a=1 | sp=frontier:active d=0.7 age=13 dtg=4.36 region=0_3
ep=162 s=459 18149ms [sel=145 cap=17461 rest=505] sg=5->5 mode=NONE win=8 obs=460 | cap=wip act=(320,360) d=6.82 a=2 | preview=view-/6 yaw=+0 render=37ms | sp=frontier:active d=6.8 age=0 dtg=4.36 region=0_3
ep=162 s=460 7949ms [sel=49 cap=7757 rest=143] sg=5->5 mode=NONE win=8 obs=461 | cap=wip act=(320,360) d=6.82 a=2 | sp=frontier:active d=6.8 age=1 dtg=4.36 region=0_3
ep=162 s=461 7083ms [sel=36 cap=6908 rest=139] sg=5->5 mode=NONE win=8 obs=462 | cap=wip act=(320,360) d=6.82 a=2 | sp=frontier:active d=6.8 age=2 dtg=4.36 region=0_3
ep=162 s=462 18007ms [sel=23 cap=17440 rest=506] sg=5->5 mode=NONE win=8 obs=463 | cap=wip act=(320,360) d=6.82 a=1 | preview=view-/6 yaw=+0 render=38ms | sp=frontier:active d=6.8 age=3 dtg=4.13 region=0_3
ep=162 s=463 11609ms [sel=20 cap=11451 rest=137] sg=5->5 mode=NONE win=8 obs=464 | cap=wip act=(320,360) d=6.59 a=1 | sp=frontier:active d=6.6 age=4 dtg=3.92 region=0_3
ep=162 s=464 11299ms [sel=18 cap=11140 rest=140] sg=5->5 mode=NONE win=8 obs=465 | cap=wip act=(320,360) d=6.36 a=2 | sp=frontier:active d=6.4 age=5 dtg=3.92 region=0_3
ep=162 s=465 16706ms [sel=16 cap=16179 rest=472] sg=5->5 mode=NONE win=8 obs=466 | cap=wip act=(320,360) d=6.36 a=2 | preview=view-/6 yaw=+0 render=38ms | sp=frontier:active d=6.4 age=6 dtg=3.92 region=0_3
ep=162 s=466 13288ms [sel=24 cap=13135 rest=129] sg=5->5 mode=NONE win=8 obs=467 | cap=wip act=(320,360) d=6.36 a=1 | sp=frontier:active d=6.4 age=7 dtg=3.67 region=0_3
ep=162 s=467 12729ms [sel=25 cap=12574 rest=130] sg=5->5 mode=NONE win=8 obs=468 | cap=wip act=(320,360) d=6.22 a=1 | sp=frontier:active d=6.2 age=8 dtg=3.42 region=0_3
ep=162 s=468 15921ms [sel=30 cap=15366 rest=488] sg=5->5 mode=NONE win=8 obs=469 | cap=wip act=(320,360) d=6.09 a=2 | preview=view-/6 yaw=+0 render=37ms | sp=frontier:active d=6.1 age=9 dtg=3.42 region=0_3
ep=162 s=469 8637ms [sel=36 cap=8471 rest=130] sg=5->5 mode=NONE win=8 obs=470 | cap=wip act=(320,360) d=6.09 a=1 | sp=frontier:active d=6.1 age=10 dtg=3.17 region=0_3
ep=162 s=470 12093ms [sel=39 cap=11933 rest=121] sg=5->5 mode=NONE win=8 obs=471 | cap=wip act=(320,360) d=6.03 a=1 | sp=frontier:active d=6.0 age=11 dtg=2.94 region=0_3
ep=162 s=471 15114ms [sel=77 cap=14475 rest=523] sg=5->5 mode=NONE win=8 obs=472 | cap=wip act=(320,360) d=4.69 a=1 | preview=view-/6 yaw=+0 render=38ms | sp=frontier:active d=4.7 age=0 dtg=2.71 region=0_3
ep=162 s=472 7216ms [sel=3 cap=7071 rest=142] sg=5->5 mode=NONE win=8 obs=473 | cap=wip act=(320,360) d=4.45 a=1 | sp=frontier:active d=4.4 age=1 dtg=2.50 region=0_3
ep=162 s=473 7929ms [sel=3 cap=7792 rest=134] sg=5->5 mode=NONE win=8 obs=474 | cap=wip act=(320,360) d=4.21 a=1 | sp=frontier:active d=4.2 age=2 dtg=2.36 region=0_3
ep=162 s=474 17556ms [sel=3 cap=16978 rest=538] sg=5->5 mode=NONE win=8 obs=475 | cap=wip act=(320,360) d=3.98 a=2 | preview=view-/6 yaw=+0 render=37ms | sp=frontier:active d=4.0 age=3 dtg=2.36 region=0_3
ep=162 s=475 5781ms [sel=3 cap=5648 rest=130] sg=5->5 mode=NONE win=8 obs=476 | cap=wip act=(320,360) d=3.98 a=1 | sp=frontier:active d=4.0 age=4 dtg=2.36 region=0_3
ep=162 s=476 13347ms [sel=3 cap=13203 rest=140] sg=5->5 mode=NONE win=8 obs=477 | cap=wip act=(320,360) d=3.73 a=2 | sp=frontier:active d=3.7 age=5 dtg=2.36 region=0_3
ep=162 s=477 17969ms [sel=4 cap=17398 rest=527] sg=5->5 mode=NONE win=8 obs=478 | cap=wip act=(320,360) d=3.73 a=1 | preview=view-/6 yaw=+0 render=39ms | sp=frontier:active d=3.7 age=6 dtg=2.48 region=0_3
ep=162 s=478 12150ms [sel=3 cap=12012 rest=135] sg=5->5 mode=NONE win=8 obs=479 | cap=wip act=(320,360) d=3.48 a=1 | sp=frontier:active d=3.5 age=7 dtg=2.62 region=0_3
ep=162 s=479 16667ms [sel=3 cap=16532 rest=131] sg=5->5 mode=NONE win=8 obs=480 | cap=wip act=(320,360) d=3.24 a=1 | sp=frontier:active d=3.2 age=8 dtg=2.79 region=0_3
ep=162 s=480 18459ms [sel=5 cap=17888 rest=529] sg=5->5 mode=NONE win=8 obs=481 | cap=wip act=(320,360) d=2.99 a=2 | preview=view-/6 yaw=+0 render=37ms | sp=frontier:active d=3.0 age=9 dtg=2.79 region=0_3
ep=162 s=481 19362ms [sel=3 cap=19237 rest=122] sg=5->5 mode=NONE win=8 obs=482 | cap=wip act=(320,360) d=2.99 a=1 | sp=frontier:active d=3.0 age=10 dtg=3.00 region=0_3
ep=162 s=482 22414ms [sel=3 cap=22292 rest=119] sg=5->5 mode=NONE win=8 obs=483 | cap=wip act=(320,360) d=2.77 a=1 | sp=frontier:active d=2.8 age=11 dtg=3.23 region=0_3
ep=162 s=483 17378ms [sel=3 cap=16838 rest=500] sg=5->5 mode=NONE win=8 obs=484 | cap=wip act=(320,360) d=2.55 a=1 | preview=view-/6 yaw=+0 render=37ms | sp=frontier:active d=2.5 age=12 dtg=3.46 region=0_3
ep=162 s=484 27367ms [sel=71 cap=27165 rest=131] sg=5->5 mode=NONE win=8 obs=485 | cap=wip act=(320,360) d=4.32 a=1 | sp=frontier:active d=4.3 age=0 dtg=3.69 region=0_3
ep=162 s=485 29300ms [sel=10 cap=29168 rest=123] sg=5->5 mode=NONE win=8 obs=486 | cap=wip act=(320,360) d=4.12 a=1 | sp=frontier:active d=4.1 age=1 dtg=3.92 region=0_3
ep=162 s=486 28864ms [sel=24 cap=28290 rest=512] sg=5->5 mode=NONE win=8 obs=487 | cap=wip act=(320,360) d=3.94 a=3 | preview=view-/6 yaw=+0 render=38ms | sp=frontier:active d=3.9 age=2 dtg=3.92 region=0_3
ep=162 s=487 16546ms [sel=3 cap=16422 rest=121] sg=5->5 mode=NONE win=8 obs=488 | cap=wip act=(320,360) d=3.94 a=3 | sp=frontier:active d=3.9 age=3 dtg=3.92 region=0_3
ep=162 s=488 9568ms [sel=4 cap=9453 rest=111] sg=5->5 mode=NONE win=8 obs=489 | cap=wip act=(320,360) d=3.94 a=1 | sp=frontier:active d=3.9 age=4 dtg=4.09 region=0_3
ep=162 s=489 19554ms [sel=3 cap=19049 rest=463] sg=5->5 mode=NONE win=8 obs=490 | cap=wip act=(320,360) d=3.69 a=1 | preview=view-/6 yaw=+0 render=38ms | sp=frontier:active d=3.7 age=5 dtg=4.31 region=0_9
ep=162 s=490 10746ms [sel=3 cap=10624 rest=119] sg=5->5 mode=NONE win=8 obs=491 | cap=wip act=(320,360) d=3.45 a=3 | sp=frontier:active d=3.5 age=6 dtg=4.31 region=0_9
ep=162 s=491 9960ms [sel=3 cap=9844 rest=112] sg=5->5 mode=NONE win=8 obs=492 | cap=wip act=(320,360) d=3.45 a=1 | sp=frontier:active d=3.5 age=7 dtg=4.53 region=0_9
ep=162 s=492 21532ms [sel=3 cap=21045 rest=449] sg=5->5 mode=NONE win=8 obs=493 | cap=wip act=(320,360) d=3.20 a=1 | preview=view-/6 yaw=+0 render=35ms | sp=frontier:active d=3.2 age=8 dtg=4.76 region=0_9
ep=162 s=493 10381ms [sel=3 cap=10255 rest=123] sg=5->5 mode=NONE win=8 obs=494 | cap=wip act=(320,360) d=2.95 a=1 | sp=frontier:active d=3.0 age=9 dtg=5.00 region=0_9
ep=162 s=494 8546ms [sel=3 cap=8430 rest=113] sg=5->5 mode=NONE win=8 obs=495 | cap=wip act=(320,360) d=2.70 a=1 | sp=frontier:active d=2.7 age=10 dtg=5.25 region=0_9
ep=162 s=495 16763ms [sel=3 cap=16255 rest=468] sg=5->5 mode=NONE win=8 obs=496 | cap=wip act=(320,360) d=2.45 a=1 | preview=view-/6 yaw=+0 render=37ms | sp=frontier:active d=2.5 age=11 dtg=5.49 region=0_9
ep=162 s=496 7436ms [sel=3 cap=7316 rest=118] sg=5->5 mode=NONE win=8 obs=497 | cap=wip act=(320,360) d=2.20 a=1 | sp=frontier:active d=2.2 age=12 dtg=5.74 region=0_9
ep=162 s=497 16749ms [sel=7472 cap=9174 rest=103] sg=5->5 mode=NONE win=8 obs=498 | cap=wip act=(320,360) d=2.96 a=1 | sp=som:active d=3.0 age=0 som=5/8 dtg=5.99 region=0_9
ep=162 s=498 17658ms [sel=3 cap=17222 rest=398] sg=5->5 mode=NONE win=8 obs=499 | cap=wip act=(320,360) d=2.71 a=1 | preview=view-/6 yaw=+0 render=34ms | sp=som:active d=2.7 age=1 dtg=6.24 region=0_9
ep=162 s=499 10970ms [sel=3 cap=10854 rest=114] sg=5->5 mode=NONE win=8 obs=500 | cap=wip act=(320,360) d=2.46 a=1 | sp=som:active d=2.5 age=2 dtg=6.49 region=0_9
rank=1 [2/13] id=162 steps=500 success=0.000 spl=0.000 dtg=6.49 osr=1 path_length=84.00 ndtw=0.000 sdtw=0.000
PluginManager::Manager: duplicate static plugin StbImageImporter, ignoring
PluginManager::Manager: duplicate static plugin GltfImporter, ignoring
PluginManager::Manager: duplicate static plugin BasisImporter, ignoring
PluginManager::Manager: duplicate static plugin AssimpImporter, ignoring
PluginManager::Manager: duplicate static plugin AnySceneImporter, ignoring
PluginManager::Manager: duplicate static plugin AnyImageImporter, ignoring
episode=281 instruction='Head to the left of the main lounging space, and carry on past it. Take a right and head to the green felt games surface.' start_position=[1.6264400482177734, 0.08534382283687592, 9.861510276794434] goal_position=[7.799039840698242, 0.018061161041259766, 0.8808019757270813] reference_geodesic=12.342170715332031
episode=281 prepared_subgoals=4
  [1] Head to the left of the main lounging space
      proof: The main lounging space is directly behind the camera and the left side of it is centred in the view.
  [2] Carry on past the main lounging space
      proof: The main lounging space is behind the camera and the area beyond it fills the view.
  [3] Take a right
      proof: The rightward direction is centred in the view, leading toward the green felt games surface.
  [4] Head to the green felt games surface
      proof: The green felt games surface is directly ahead of the camera, within a step
ep=281 s=0 15381ms [sel=5 cap=14818 rest=520] sg=1->1 mode=NONE win=1 obs=1 | cap=wip act=PREVIEW a=2 | preview=view2/6 yaw=+0 render=38ms dtg=12.19 region=1_10
ep=281 s=1 11354ms [sel=49 cap=11175 rest=130] sg=1->1 mode=NONE win=2 obs=2 | cap=wip act=(320,360) d=3.19 a=3 | sp=frontier:active d=3.2 age=0 dtg=12.19 region=1_10
ep=281 s=2 9597ms [sel=3 cap=9463 rest=131] sg=1->1 mode=NONE win=3 obs=3 | cap=wip act=(320,360) d=3.19 a=1 | sp=frontier:active d=3.2 age=1 dtg=11.96 region=1_10
ep=281 s=3 6091ms [sel=3 cap=5954 rest=134] sg=1->1 mode=NONE win=4 obs=4 | cap=wip act=(320,360) d=2.96 a=1 | sp=frontier:active d=3.0 age=2 dtg=11.75 region=1_10
ep=281 s=4 10591ms [sel=8 cap=10452 rest=132] sg=1->1 mode=NONE win=5 obs=5 | cap=wip act=(320,360) d=2.72 a=1 | sp=frontier:active d=2.7 age=3 dtg=11.54 region=1_10
ep=281 s=5 10652ms [sel=3 cap=10512 rest=137] sg=1->1 mode=NONE win=6 obs=6 | cap=wip act=(320,360) d=2.49 a=1 | sp=frontier:active d=2.5 age=4 dtg=11.39 region=1_10
ep=281 s=6 11497ms [sel=3 cap=11358 rest=136] sg=1->1 mode=NONE win=7 obs=7 | cap=wip act=(320,360) d=2.26 a=1 | sp=frontier:active d=2.3 age=5 dtg=11.15 region=1_10
ep=281 s=7 11101ms [sel=3 cap=10957 rest=141] sg=1->1 mode=NONE win=8 obs=8 | cap=wip act=(320,360) d=2.04 a=1 | sp=frontier:active d=2.0 age=6 dtg=10.93 region=1_10
ep=281 s=8 10549ms [sel=3 cap=10409 rest=137] sg=1->1 mode=NONE win=8 obs=9 | cap=wip act=(320,360) d=1.82 a=1 | sp=frontier:active d=1.8 age=7 dtg=10.72 region=1_10
ep=281 s=9 9456ms [sel=6 cap=9318 rest=132] sg=1->1 mode=NONE win=8 obs=10 | cap=wip act=(320,360) d=1.61 a=1 | sp=frontier:active d=1.6 age=8 dtg=10.54 region=1_10
ep=281 s=10 7486ms [sel=7 cap=7351 rest=129] sg=1->1 mode=NONE win=8 obs=11 | cap=wip act=(320,360) d=1.42 a=1 | sp=frontier:active d=1.4 age=9 dtg=10.39 region=1_10
ep=281 s=11 9173ms [sel=5 cap=9039 rest=129] sg=1->1 mode=NONE win=8 obs=12 | cap=wip act=(320,360) d=1.24 a=2 | sp=frontier:active d=1.2 age=10 dtg=10.39 region=1_10
ep=281 s=12 6538ms [sel=5 cap=6406 rest=127] sg=1->1 mode=NONE win=8 obs=13 | cap=wip act=(320,360) d=1.24 a=1 | sp=frontier:active d=1.2 age=11 dtg=10.33 region=0_12
ep=281 s=13 9789ms [sel=4 cap=9655 rest=129] sg=1->1 mode=NONE win=8 obs=14 | cap=wip act=(320,360) d=1.05 a=1 | sp=frontier:active d=1.0 age=12 dtg=10.30 region=0_12
ep=281 s=14 12754ms [sel=4784 cap=7830 rest=139] sg=1->1 mode=NONE win=8 obs=15 | cap=wip act=(320,360) d=2.98 a=1 | sp=som:active d=3.0 age=0 som=3/8 dtg=10.31 region=0_12
ep=281 s=15 12452ms [sel=4 cap=12311 rest=138] sg=1->1 mode=NONE win=8 obs=16 | cap=wip act=(320,360) d=2.73 a=2 | sp=som:active d=2.7 age=1 dtg=10.31 region=0_12
ep=281 s=16 13154ms [sel=4 cap=13018 rest=132] sg=1->1 mode=NONE win=8 obs=17 | cap=wip act=(320,360) d=2.73 a=1 | sp=som:active d=2.7 age=2 dtg=10.42 region=0_12
ep=281 s=17 6279ms [sel=3 cap=6138 rest=137] sg=1->1 mode=NONE win=8 obs=18 | cap=wip act=(320,360) d=2.50 a=1 | sp=som:active d=2.5 age=3 dtg=10.56 region=0_12
ep=281 s=18 7681ms [sel=3 cap=7544 rest=134] sg=1->1 mode=NONE win=8 obs=19 | cap=wip act=(320,360) d=2.26 a=1 | sp=som:active d=2.3 age=4 dtg=10.73 region=0_12
ep=281 s=19 8881ms [sel=3 cap=8746 rest=132] sg=1->1 mode=NONE win=8 obs=20 | cap=wip act=(320,360) d=2.03 a=1 | sp=som:active d=2.0 age=5 dtg=10.19 region=0_12
ep=281 s=20 14972ms [sel=49 cap=14349 rest=535] sg=1->1 mode=NONE win=8 obs=21 | cap=wip act=(160,180) d=2.45 a=3 | preview=view5/6 yaw=+90 render=39ms | sp=preview:active d=2.4 age=0 dtg=10.19 region=0_12
ep=281 s=21 7411ms [sel=38 cap=7239 rest=134] sg=1->1 mode=NONE win=8 obs=22 | cap=wip act=(320,360) d=2.45 a=3 | sp=preview:active d=2.4 age=1 dtg=10.19 region=0_12
ep=281 s=22 9085ms [sel=37 cap=8916 rest=131] sg=1->1 mode=NONE win=8 obs=23 | cap=wip act=(320,360) d=2.45 a=3 | sp=preview:active d=2.4 age=2 dtg=10.19 region=0_12
ep=281 s=23 14276ms [sel=38 cap=14105 rest=133] sg=1->1 mode=NONE win=8 obs=24 | cap=wip act=(320,360) d=2.45 a=3 | sp=preview:active d=2.4 age=3 dtg=10.19 region=0_12
ep=281 s=24 14862ms [sel=37 cap=14689 rest=136] sg=1->1 mode=NONE win=8 obs=25 | cap=wip act=(320,360) d=2.45 a=3 | sp=preview:active d=2.4 age=4 dtg=10.19 region=0_12
ep=281 s=25 15137ms [sel=89 cap=14462 rest=549] sg=1->1 mode=NONE win=8 obs=26 | cap=wip act=(160,180) d=3.45 a=3 | preview=view3/6 yaw=+30 render=37ms | sp=preview:active d=3.4 age=0 dtg=10.19 region=0_12
ep=281 s=26 8344ms [sel=33 cap=8163 rest=148] sg=1->1 mode=NONE win=8 obs=27 | cap=wip act=(320,360) d=3.45 a=3 | sp=preview:active d=3.4 age=1 dtg=10.19 region=0_12
ep=281 s=27 10714ms [sel=21 cap=10562 rest=131] sg=1->1 mode=NONE win=8 obs=28 | cap=wip act=(320,360) d=3.45 a=3 | sp=preview:active d=3.4 age=2 dtg=10.19 region=0_12
ep=281 s=28 17703ms [sel=15 cap=17118 rest=530] sg=1->1 mode=NONE win=8 obs=29 | cap=wip act=PREVIEW a=2 | preview=view3/6 yaw=+0 render=40ms | sp=preview:active d=3.2 age=0 dtg=10.19 region=0_12
ep=281 s=29 12758ms [sel=3946 cap=8681 rest=131] sg=1->1 mode=NONE win=8 obs=30 | cap=wip act=(320,359) d=1.79 a=1 | sp=straight_ahead:active d=1.0 age=0 som=1/8 dtg=10.13 region=0_13
ep=281 s=30 10694ms [sel=84 cap=10479 rest=131] sg=1->2 mode=NONE win=8 obs=31 | cap=DONE act=(320,360) d=5.11 a=3 | sp=frontier:active d=5.1 age=0 dtg=10.13 region=0_13
ep=281 s=31 8160ms [sel=12 cap=8019 rest=128] sg=2->2 mode=NONE win=8 obs=32 | cap=wip act=(320,360) d=5.11 a=3 | sp=frontier:active d=5.1 age=1 dtg=10.13 region=0_13
ep=281 s=32 9575ms [sel=12 cap=9431 rest=133] sg=2->2 mode=NONE win=8 obs=33 | cap=wip act=(320,360) d=5.11 a=1 | sp=frontier:active d=5.1 age=2 dtg=10.48 region=0_13
ep=281 s=33 7395ms [sel=3 cap=7232 rest=159] sg=2->2 mode=NONE win=8 obs=34 | cap=wip act=(320,360) d=4.86 a=3 | sp=frontier:active d=4.9 age=3 dtg=10.48 region=0_13
ep=281 s=34 10184ms [sel=3 cap=10050 rest=131] sg=2->2 mode=NONE win=8 obs=35 | cap=wip act=(320,360) d=4.86 a=1 | sp=frontier:active d=4.9 age=4 dtg=10.23 region=0_12
ep=281 s=35 9647ms [sel=3 cap=9510 rest=134] sg=2->2 mode=NONE win=8 obs=36 | cap=wip act=(320,360) d=4.63 a=3 | sp=frontier:active d=4.6 age=5 dtg=10.23 region=0_12
ep=281 s=36 8341ms [sel=3 cap=7775 rest=525] sg=2->2 mode=NONE win=8 obs=37 | cap=wip act=(320,360) d=4.63 a=1 | preview=view-/6 yaw=+0 render=37ms | sp=frontier:active d=4.6 age=6 dtg=9.99 region=0_12
ep=281 s=37 9219ms [sel=4 cap=9076 rest=138] sg=2->2 mode=NONE win=8 obs=38 | cap=wip act=(320,360) d=4.42 a=1 | sp=frontier:active d=4.4 age=7 dtg=9.77 region=0_12
ep=281 s=38 11520ms [sel=3 cap=11371 rest=146] sg=2->2 mode=NONE win=8 obs=39 | cap=wip act=(320,360) d=4.22 a=1 | sp=frontier:active d=4.2 age=8 dtg=9.57 region=0_12
ep=281 s=39 16044ms [sel=21 cap=15475 rest=510] sg=2->2 mode=NONE win=8 obs=40 | cap=wip act=(160,180) d=3.93 a=2 | preview=view3/6 yaw=+0 render=38ms | sp=preview:active d=3.9 age=0 dtg=9.57 region=0_12
ep=281 s=40 8944ms [sel=3 cap=8808 rest=134] sg=2->2 mode=NONE win=8 obs=41 | cap=wip act=(320,360) d=3.93 a=1 | sp=preview:active d=3.9 age=1 dtg=9.36 region=0_12
ep=281 s=41 12084ms [sel=3 cap=11949 rest=132] sg=2->2 mode=NONE win=8 obs=42 | cap=wip act=(320,360) d=3.69 a=1 | sp=preview:active d=3.7 age=2 dtg=9.20 region=1_6
ep=281 s=42 7173ms [sel=3 cap=7035 rest=134] sg=2->2 mode=NONE win=8 obs=43 | cap=wip act=(320,360) d=3.45 a=2 | sp=preview:active d=3.5 age=3 dtg=9.20 region=1_6
ep=281 s=43 12543ms [sel=3 cap=12408 rest=132] sg=2->2 mode=NONE win=8 obs=44 | cap=wip act=(320,360) d=3.45 a=1 | sp=preview:active d=3.5 age=4 dtg=9.08 region=1_6
ep=281 s=44 11143ms [sel=3 cap=11010 rest=130] sg=2->2 mode=NONE win=8 obs=45 | cap=wip act=(320,360) d=3.20 a=1 | sp=preview:active d=3.2 age=5 dtg=9.06 region=1_6
ep=281 s=45 9153ms [sel=3 cap=9012 rest=138] sg=2->2 mode=NONE win=8 obs=46 | cap=wip act=(320,360) d=2.95 a=1 | sp=preview:active d=3.0 age=6 dtg=9.10 region=1_6
ep=281 s=46 9561ms [sel=3 cap=9422 rest=135] sg=2->2 mode=NONE win=8 obs=47 | cap=wip act=(320,360) d=2.70 a=1 | sp=preview:active d=2.7 age=7 dtg=9.17 region=1_6
ep=281 s=47 9785ms [sel=3 cap=9651 rest=131] sg=2->2 mode=NONE win=8 obs=48 | cap=wip act=(320,360) d=2.45 a=1 | sp=preview:active d=2.5 age=8 dtg=9.32 region=1_6
ep=281 s=48 9166ms [sel=3 cap=9033 rest=130] sg=2->2 mode=NONE win=8 obs=49 | cap=wip act=(320,360) d=2.20 a=1 | sp=preview:active d=2.2 age=9 dtg=9.55 region=1_6
ep=281 s=49 6417ms [sel=3 cap=6287 rest=127] sg=2->2 mode=NONE win=8 obs=50 | cap=wip act=(320,360) d=1.96 a=3 | sp=preview:active d=2.0 age=10 dtg=9.55 region=1_6
ep=281 s=50 9099ms [sel=3 cap=8964 rest=132] sg=2->2 mode=NONE win=8 obs=51 | cap=wip act=(320,360) d=1.96 a=1 | sp=preview:active d=2.0 age=11 dtg=9.80 region=1_6
ep=281 s=51 7372ms [sel=3 cap=7239 rest=130] sg=2->2 mode=NONE win=8 obs=52 | cap=wip act=(320,360) d=1.72 a=1 | sp=preview:active d=1.7 age=12 dtg=10.06 region=1_6
ep=281 s=52 12231ms [sel=3211 cap=8888 rest=131] sg=2->2 mode=NONE win=8 obs=53 | cap=wip act=(320,360) d=2.99 a=1 | sp=som:active d=3.0 age=0 som=4/8 dtg=10.30 region=1_6
ep=281 s=53 10259ms [sel=4 cap=10116 rest=139] sg=2->2 mode=NONE win=8 obs=54 | cap=wip act=(320,360) d=2.75 a=2 | sp=som:active d=2.8 age=1 dtg=10.30 region=1_6
ep=281 s=54 11282ms [sel=8 cap=10667 rest=570] sg=2->2 mode=NONE win=8 obs=55 | cap=wip act=(160,180) d=2.75 a=1 | preview=view3/6 yaw=+15 render=38ms | sp=som:active d=2.8 age=2 dtg=9.65 region=1_9
ep=281 s=55 8131ms [sel=3 cap=7999 rest=129] sg=2->2 mode=NONE win=8 obs=56 | cap=wip act=(320,360) d=2.50 a=1 | sp=som:active d=2.5 age=3 dtg=9.41 region=1_9
ep=281 s=56 5897ms [sel=3 cap=5766 rest=129] sg=2->2 mode=NONE win=8 obs=57 | cap=wip act=(320,360) d=2.25 a=2 | sp=som:active d=2.3 age=4 dtg=9.41 region=1_9
ep=281 s=57 5454ms [sel=3 cap=5325 rest=125] sg=2->2 mode=NONE win=8 obs=58 | cap=wip act=(320,360) d=2.25 a=1 | sp=som:active d=2.3 age=5 dtg=9.16 region=1_9
ep=281 s=58 4123ms [sel=4 cap=3989 rest=131] sg=2->2 mode=NONE win=8 obs=59 | cap=wip act=(320,360) d=2.01 a=1 | sp=som:active d=2.0 age=6 dtg=8.91 region=1_9
ep=281 s=59 3396ms [sel=3 cap=3265 rest=127] sg=2->2 mode=NONE win=8 obs=60 | cap=wip act=(320,360) d=1.77 a=1 | sp=som:active d=1.8 age=7 dtg=8.66 region=1_9
ep=281 s=60 3997ms [sel=3 cap=3867 rest=127] sg=2->2 mode=NONE win=8 obs=61 | cap=wip act=(320,360) d=1.53 a=3 | sp=som:active d=1.5 age=8 dtg=8.66 region=1_9
ep=281 s=61 3546ms [sel=3 cap=3411 rest=131] sg=2->2 mode=NONE win=8 obs=62 | cap=wip act=(320,360) d=1.53 a=1 | sp=som:active d=1.5 age=9 dtg=8.41 region=1_9
ep=281 s=62 3226ms [sel=3 cap=3086 rest=137] sg=2->2 mode=NONE win=8 obs=63 | cap=wip act=(320,360) d=1.28 a=1 | sp=som:active d=1.3 age=10 dtg=8.18 region=1_9
ep=281 s=63 5268ms [sel=3 cap=5132 rest=133] sg=2->2 mode=NONE win=8 obs=64 | cap=wip act=(320,360) d=1.03 a=1 | sp=som:active d=1.0 age=11 dtg=7.96 region=1_9
ep=281 s=64 5194ms [sel=4 cap=5065 rest=126] sg=2->2 mode=NONE win=8 obs=65 | cap=wip act=(320,360) d=0.78 a=1 | sp=som:active d=0.8 age=12 dtg=7.79 region=1_9
ep=281 s=65 6070ms [sel=3 cap=5942 rest=126] sg=2->2 mode=NONE win=8 obs=66 | cap=wip act=(320,360) d=0.54 a=1 | sp=som:active d=0.5 age=13 dtg=7.69 region=1_9
ep=281 s=66 9325ms [sel=2977 cap=6222 rest=125] sg=2->2 mode=NONE win=8 obs=67 | cap=wip act=(320,360) d=2.95 a=2 | sp=som:active d=3.0 age=0 som=2/8 dtg=7.69 region=1_9
ep=281 s=67 4887ms [sel=3 cap=4760 rest=124] sg=2->2 mode=NONE win=8 obs=68 | cap=wip act=(320,360) d=2.95 a=1 | sp=som:active d=3.0 age=1 dtg=7.57 region=1_9
ep=281 s=68 7171ms [sel=3 cap=7044 rest=124] sg=2->2 mode=NONE win=8 obs=69 | cap=wip act=(320,360) d=2.71 a=1 | sp=som:active d=2.7 age=2 dtg=7.49 region=1_9
ep=281 s=69 6501ms [sel=3 cap=6377 rest=120] sg=2->2 mode=NONE win=8 obs=70 | cap=wip act=(320,360) d=2.46 a=3 | sp=som:active d=2.5 age=3 dtg=7.49 region=1_9
ep=281 s=70 9613ms [sel=0 cap=9489 rest=124] sg=2->3 mode=NONE win=8 obs=71 | cap=DONE act=TURN request=+45deg execute=+15deg x1 a=3 | sp=som:active d=2.5 age=4 dtg=7.49 region=1_9
ep=281 s=71 7277ms [sel=0 cap=7150 rest=126] sg=3->3 mode=NONE win=8 obs=72 | cap=wip act=TURN request=+45deg execute=+15deg x1 a=3 dtg=7.49 region=1_9
ep=281 s=72 7395ms [sel=0 cap=7271 rest=125] sg=3->3 mode=NONE win=8 obs=73 | cap=wip act=TURN request=+45deg execute=+15deg x1 a=3 dtg=7.49 region=1_9
ep=281 s=73 7792ms [sel=0 cap=7666 rest=126] sg=3->3 mode=NONE win=8 obs=74 | cap=wip act=TURN request=+45deg execute=+15deg x1 a=3 dtg=7.49 region=1_9
ep=281 s=74 6238ms [sel=0 cap=6115 rest=123] sg=3->3 mode=NONE win=8 obs=75 | cap=wip act=TURN request=+45deg execute=+15deg x1 a=3 dtg=7.49 region=1_9
ep=281 s=75 15998ms [sel=12413 cap=3464 rest=121] sg=3->3 mode=NONE win=8 obs=76 | cap=wip act=(320,360) d=3.00 a=3 | sp=som:active d=3.0 age=0 som=5/8 dtg=7.49 region=1_9
ep=281 s=76 12610ms [sel=3 cap=12487 rest=121] sg=3->3 mode=NONE win=8 obs=77 | cap=wip act=(320,360) d=3.00 a=3 | sp=som:active d=3.0 age=1 dtg=7.49 region=1_9
ep=281 s=77 11347ms [sel=3 cap=11212 rest=132] sg=3->3 mode=NONE win=8 obs=78 | cap=wip act=(320,360) d=3.00 a=1 | sp=som:active d=3.0 age=2 dtg=7.73 region=1_9
ep=281 s=78 14141ms [sel=3 cap=14007 rest=130] sg=3->3 mode=NONE win=8 obs=79 | cap=wip act=(320,360) d=2.76 a=3 | sp=som:active d=2.8 age=3 dtg=7.73 region=1_9
ep=281 s=79 12070ms [sel=3 cap=11938 rest=128] sg=3->3 mode=NONE win=8 obs=80 | cap=wip act=(320,360) d=2.76 a=1 | sp=som:active d=2.8 age=4 dtg=7.96 region=1_9
ep=281 s=80 10765ms [sel=3 cap=10633 rest=129] sg=3->3 mode=NONE win=8 obs=81 | cap=wip act=(320,360) d=2.51 a=1 | sp=som:active d=2.5 age=5 dtg=8.18 region=1_9
ep=281 s=81 12561ms [sel=3 cap=11987 rest=534] sg=3->3 mode=NONE win=8 obs=82 | cap=wip act=(320,360) d=2.26 a=1 | preview=view-/6 yaw=+0 render=37ms | sp=som:active d=2.3 age=6 dtg=8.42 region=1_9
ep=281 s=82 8967ms [sel=3 cap=8832 rest=132] sg=3->3 mode=NONE win=8 obs=83 | cap=wip act=(320,360) d=2.02 a=1 | sp=som:active d=2.0 age=7 dtg=8.65 region=1_9
ep=281 s=83 9861ms [sel=3 cap=9725 rest=133] sg=3->3 mode=NONE win=8 obs=84 | cap=wip act=(320,360) d=1.77 a=1 | sp=som:active d=1.8 age=8 dtg=8.89 region=1_9
ep=281 s=84 9207ms [sel=3 cap=9073 rest=131] sg=3->3 mode=NONE win=8 obs=85 | cap=wip act=(320,360) d=1.52 a=1 | sp=som:active d=1.5 age=9 dtg=9.13 region=1_9
ep=281 s=85 13928ms [sel=3 cap=13796 rest=129] sg=3->3 mode=NONE win=8 obs=86 | cap=wip act=(320,360) d=1.28 a=1 | sp=som:active d=1.3 age=10 dtg=9.37 region=1_9
ep=281 s=86 12067ms [sel=96 cap=11840 rest=130] sg=3->4 mode=NONE win=8 obs=87 | cap=DONE act=(320,360) d=5.20 a=3 | sp=frontier:active d=5.2 age=0 dtg=9.37 region=1_9
ep=281 s=87 12187ms [sel=5 cap=12055 rest=127] sg=4->4 mode=NONE win=8 obs=88 | cap=wip act=(320,360) d=5.20 a=3 | sp=frontier:active d=5.2 age=1 dtg=9.37 region=1_9
ep=281 s=88 11153ms [sel=19 cap=10570 rest=526] sg=4->4 mode=NONE win=8 obs=89 | cap=wip act=(160,180) d=3.40 a=1 | preview=view3/6 yaw=+30 render=38ms | sp=preview:active d=3.4 age=0 dtg=9.56 region=1_9
ep=281 s=89 10782ms [sel=4 cap=10650 rest=128] sg=4->4 mode=NONE win=8 obs=90 | cap=wip act=(320,360) d=3.16 a=3 | sp=preview:active d=3.2 age=1 dtg=9.56 region=1_9
ep=281 s=90 12720ms [sel=3 cap=12589 rest=127] sg=4->4 mode=NONE win=8 obs=91 | cap=wip act=(320,360) d=3.16 a=1 | sp=preview:active d=3.2 age=2 dtg=9.71 region=1_9
ep=281 s=91 7529ms [sel=3 cap=7399 rest=126] sg=4->4 mode=NONE win=8 obs=92 | cap=wip act=(320,360) d=2.91 a=1 | sp=preview:active d=2.9 age=3 dtg=9.87 region=1_9
ep=281 s=92 5605ms [sel=3 cap=5462 rest=140] sg=4->4 mode=NONE win=8 obs=93 | cap=wip act=(320,360) d=2.67 a=1 | sp=preview:active d=2.7 age=4 dtg=10.05 region=1_9
ep=281 s=93 8963ms [sel=7 cap=8821 rest=135] sg=4->4 mode=NONE win=8 obs=94 | cap=wip act=(320,360) d=2.42 a=1 | sp=preview:active d=2.4 age=5 dtg=10.24 region=1_9
ep=281 s=94 13137ms [sel=3 cap=12558 rest=536] sg=4->4 mode=NONE win=8 obs=95 | cap=wip act=(320,360) d=2.17 a=1 | preview=view-/6 yaw=+0 render=40ms | sp=preview:active d=2.2 age=6 dtg=10.43 region=1_9
ep=281 s=95 17490ms [sel=3 cap=17322 rest=165] sg=4->4 mode=NONE win=8 obs=96 | cap=wip act=(320,360) d=1.92 a=1 | sp=preview:active d=1.9 age=7 dtg=10.63 region=1_9
ep=281 s=96 12088ms [sel=3 cap=11928 rest=157] sg=4->4 mode=NONE win=8 obs=97 | cap=wip act=(320,360) d=1.67 a=1 | sp=preview:active d=1.7 age=8 dtg=10.84 region=1_9
ep=281 s=97 17936ms [sel=3 cap=17378 rest=518] sg=4->4 mode=NONE win=8 obs=98 | cap=wip act=(320,360) d=1.43 a=1 | preview=view-/6 yaw=+0 render=38ms | sp=preview:active d=1.4 age=9 dtg=11.05 region=1_9
ep=281 s=98 15814ms [sel=3 cap=15678 rest=132] sg=4->4 mode=NONE win=8 obs=99 | cap=wip act=(320,360) d=1.18 a=1 | sp=preview:active d=1.2 age=10 dtg=11.26 region=1_9
ep=281 s=99 19785ms [sel=3 cap=19648 rest=135] sg=4->4 mode=NONE win=8 obs=100 | cap=wip act=(320,360) d=0.94 a=1 | sp=preview:active d=0.9 age=11 dtg=11.48 region=1_9
ep=281 s=100 16343ms [sel=65 cap=16145 rest=134] sg=4->4 mode=NONE win=8 obs=101 | cap=wip act=(320,360) d=2.47 a=1 | sp=frontier:active d=2.5 age=0 dtg=11.65 region=1_9
ep=281 s=101 17778ms [sel=3 cap=17214 rest=522] sg=4->4 mode=NONE win=8 obs=102 | cap=wip act=(320,360) d=2.22 a=2 | preview=view-/6 yaw=+0 render=39ms | sp=frontier:active d=2.2 age=1 dtg=11.65 region=1_9
ep=281 s=102 15673ms [sel=3 cap=15537 rest=132] sg=4->4 mode=NONE win=8 obs=103 | cap=wip act=(320,360) d=2.22 a=1 | sp=frontier:active d=2.2 age=2 dtg=11.72 region=1_9
ep=281 s=103 12847ms [sel=4 cap=12708 rest=135] sg=4->4 mode=NONE win=8 obs=104 | cap=wip act=(320,360) d=1.97 a=1 | sp=frontier:active d=2.0 age=3 dtg=11.81 region=1_9
ep=281 s=104 25711ms [sel=3 cap=25157 rest=513] sg=4->4 mode=NONE win=8 obs=105 | cap=wip act=(320,360) d=1.72 a=1 | preview=view-/6 yaw=+0 render=38ms | sp=frontier:active d=1.7 age=4 dtg=11.91 region=1_9
ep=281 s=105 11704ms [sel=3 cap=11568 rest=133] sg=4->4 mode=NONE win=8 obs=106 | cap=wip act=(320,360) d=1.48 a=1 | sp=frontier:active d=1.5 age=5 dtg=12.02 region=1_10
ep=281 s=106 21145ms [sel=4 cap=21007 rest=134] sg=4->4 mode=NONE win=8 obs=107 | cap=wip act=(320,360) d=1.24 a=3 | sp=frontier:active d=1.2 age=6 dtg=12.02 region=1_10
ep=281 s=107 19844ms [sel=3 cap=19303 rest=502] sg=4->4 mode=NONE win=8 obs=108 | cap=wip act=(320,360) d=1.24 a=1 | preview=view-/6 yaw=+0 render=36ms | sp=frontier:active d=1.2 age=7 dtg=12.09 region=1_10
ep=281 s=108 23887ms [sel=3 cap=23752 rest=133] sg=4->4 mode=NONE win=8 obs=109 | cap=wip act=(320,360) d=0.99 a=1 | sp=frontier:active d=1.0 age=8 dtg=12.17 region=1_10
ep=281 s=109 15852ms [sel=3 cap=15719 rest=130] sg=4->4 mode=NONE win=8 obs=110 | cap=wip act=(320,360) d=0.74 a=1 | sp=frontier:active d=0.7 age=9 dtg=12.27 region=1_10
ep=281 s=110 21046ms [sel=61 cap=20461 rest=484] sg=4->4 mode=NONE win=8 obs=111 | cap=wip act=(320,360) d=4.00 a=1 | preview=view-/6 yaw=+0 render=39ms | sp=frontier:active d=4.0 age=0 dtg=12.38 region=1_10
ep=281 s=111 12336ms [sel=3 cap=12205 rest=128] sg=4->4 mode=NONE win=8 obs=112 | cap=wip act=(320,360) d=3.75 a=2 | sp=frontier:active d=3.7 age=1 dtg=12.38 region=1_10
ep=281 s=112 9174ms [sel=4 cap=9042 rest=128] sg=4->4 mode=NONE win=8 obs=113 | cap=wip act=(320,360) d=3.75 a=1 | sp=frontier:active d=3.7 age=2 dtg=12.57 region=0_14
ep=281 s=113 19866ms [sel=3 cap=19334 rest=488] sg=4->4 mode=NONE win=8 obs=114 | cap=wip act=(320,360) d=3.50 a=2 | preview=view-/6 yaw=+0 render=40ms | sp=frontier:active d=3.5 age=3 dtg=12.57 region=0_14
ep=281 s=114 14904ms [sel=3 cap=14767 rest=134] sg=4->4 mode=NONE win=8 obs=115 | cap=wip act=(320,360) d=3.50 a=1 | sp=frontier:active d=3.5 age=4 dtg=12.96 region=0_14
ep=281 s=115 11665ms [sel=3 cap=11527 rest=135] sg=4->4 mode=NONE win=8 obs=116 | cap=wip act=(320,360) d=3.28 a=1 | sp=frontier:active d=3.3 age=5 dtg=13.25 region=0_14
ep=281 s=116 23858ms [sel=11 cap=23358 rest=448] sg=4->4 mode=NONE win=8 obs=117 | cap=wip act=(320,360) d=3.06 a=3 | preview=view-/6 yaw=+0 render=41ms | sp=frontier:active d=3.1 age=6 dtg=13.25 region=0_14
ep=281 s=117 12228ms [sel=4 cap=12092 rest=132] sg=4->4 mode=NONE win=8 obs=118 | cap=wip act=(320,360) d=3.06 a=3 | sp=frontier:active d=3.1 age=7 dtg=13.25 region=0_14
ep=281 s=118 10146ms [sel=9 cap=10010 rest=126] sg=4->4 mode=NONE win=8 obs=119 | cap=wip act=(320,360) d=3.06 a=1 | sp=frontier:active d=3.1 age=8 dtg=13.47 region=0_14
ep=281 s=119 16557ms [sel=7 cap=16096 rest=419] sg=4->4 mode=NONE win=8 obs=120 | cap=wip act=(320,360) d=2.81 a=1 | preview=view-/6 yaw=+0 render=35ms | sp=frontier:active d=2.8 age=9 dtg=13.70 region=0_14
ep=281 s=120 13069ms [sel=7 cap=12934 rest=128] sg=4->4 mode=NONE win=8 obs=121 | cap=wip act=(320,360) d=2.56 a=1 | sp=frontier:active d=2.6 age=10 dtg=13.96 region=0_14
ep=281 s=121 8268ms [sel=3 cap=8137 rest=128] sg=4->4 mode=NONE win=8 obs=122 | cap=wip act=(320,360) d=2.31 a=1 | sp=frontier:active d=2.3 age=11 dtg=14.22 region=0_14
ep=281 s=122 14890ms [sel=6 cap=14364 rest=475] sg=4->4 mode=NONE win=8 obs=123 | cap=wip act=(320,360) d=2.08 a=1 | preview=view-/6 yaw=+0 render=44ms | sp=frontier:active d=2.1 age=12 dtg=14.39 region=0_14
ep=281 s=123 10529ms [sel=2252 cap=8150 rest=127] sg=4->4 mode=NONE win=8 obs=124 | cap=wip act=(320,360) d=1.44 a=3 | sp=som:active d=1.4 age=0 som=2/5 dtg=14.39 region=0_14
ep=281 s=124 9763ms [sel=3 cap=9626 rest=133] sg=4->4 mode=NONE win=8 obs=125 | cap=wip act=(320,360) d=1.44 a=1 | sp=som:active d=1.4 age=1 dtg=14.64 region=0_14
ep=281 s=125 16104ms [sel=3 cap=15602 rest=432] sg=4->4 mode=NONE win=8 obs=126 | cap=wip act=(320,360) d=1.20 a=1 | preview=view-/6 yaw=+0 render=67ms | sp=som:active d=1.2 age=2 dtg=14.92 region=0_14
ep=281 s=126 15844ms [sel=3 cap=15714 rest=127] sg=4->4 mode=NONE win=8 obs=127 | cap=wip act=(320,360) d=0.95 a=1 | sp=som:active d=1.0 age=3 dtg=15.21 region=0_14
ep=281 s=127 9635ms [sel=3 cap=9503 rest=129] sg=4->4 mode=NONE win=8 obs=128 | cap=wip act=(320,360) d=0.71 a=2 | sp=som:active d=0.7 age=4 dtg=15.21 region=0_14
ep=281 s=128 11745ms [sel=3 cap=11257 rest=448] sg=4->4 mode=NONE win=8 obs=129 | cap=wip act=(320,360) d=0.71 a=1 | preview=view-/6 yaw=+0 render=36ms | sp=som:active d=0.7 age=5 dtg=15.52 region=0_14
ep=281 s=129 10693ms [sel=2543 cap=8017 rest=133] sg=4->4 mode=NONE win=8 obs=130 | cap=wip act=(320,397) d=1.29 a=1 | sp=straight_ahead:reached d=0.3 age=0 som=1/4 dtg=15.73 region=0_14
ep=281 s=130 12284ms [sel=64 cap=12086 rest=133] sg=4->4 mode=NONE win=8 obs=131 | cap=wip act=(320,360) d=1.71 a=3 | sp=frontier:active d=1.7 age=0 dtg=15.73 region=0_14
ep=281 s=131 16116ms [sel=8 cap=15642 rest=428] sg=4->4 mode=NONE win=8 obs=132 | cap=wip act=TURN request=+45deg execute=+15deg x1 a=3 | preview=view-/6 yaw=+0 render=38ms | sp=frontier:active d=1.7 age=1 dtg=15.73 region=0_14
ep=281 s=132 11977ms [sel=6 cap=11822 rest=150] sg=4->4 mode=NONE win=8 obs=133 | cap=wip act=(320,360) d=1.71 a=3 | sp=frontier:active d=1.7 age=2 dtg=15.73 region=0_14
ep=281 s=133 8305ms [sel=3 cap=8164 rest=138] sg=4->4 mode=NONE win=8 obs=134 | cap=wip act=(320,360) d=1.71 a=3 | sp=frontier:active d=1.7 age=3 dtg=15.73 region=0_14
ep=281 s=134 18393ms [sel=3 cap=17914 rest=439] sg=4->4 mode=NONE win=8 obs=135 | cap=wip act=(320,360) d=1.71 a=3 | preview=view-/6 yaw=+0 render=37ms | sp=frontier:active d=1.7 age=4 dtg=15.73 region=0_14
ep=281 s=135 11450ms [sel=3 cap=11310 rest=137] sg=4->4 mode=NONE win=8 obs=136 | cap=wip act=(320,360) d=1.71 a=1 | sp=frontier:active d=1.7 age=5 dtg=15.77 region=0_14
ep=281 s=136 9911ms [sel=3 cap=9773 rest=135] sg=4->4 mode=NONE win=8 obs=137 | cap=wip act=(320,360) d=1.46 a=1 | sp=frontier:active d=1.5 age=6 dtg=15.91 region=0_14
ep=281 s=137 18987ms [sel=3 cap=18489 rest=457] sg=4->4 mode=NONE win=8 obs=138 | cap=wip act=(320,360) d=1.21 a=1 | preview=view-/6 yaw=+0 render=38ms | sp=frontier:active d=1.2 age=7 dtg=15.95 region=0_14
ep=281 s=138 17654ms [sel=3 cap=17519 rest=132] sg=4->4 mode=NONE win=8 obs=139 | cap=wip act=(320,360) d=1.03 a=1 | sp=frontier:active d=1.0 age=8 dtg=16.19 region=0_14
ep=281 s=139 13382ms [sel=3 cap=13244 rest=134] sg=4->4 mode=NONE win=8 obs=140 | cap=wip act=(320,360) d=0.78 a=1 | sp=frontier:active d=0.8 age=9 dtg=16.46 region=0_14
ep=281 s=140 22041ms [sel=3 cap=21900 rest=138] sg=4->4 mode=NONE win=8 obs=141 | cap=wip act=(320,360) d=0.53 a=1 | sp=frontier:active d=0.5 age=10 dtg=16.76 region=0_14
ep=281 s=141 12788ms [sel=84 cap=12228 rest=439] sg=4->4 mode=NONE win=8 obs=142 | cap=wip act=(320,359) d=1.65 a=1 | preview=view-/6 yaw=+0 render=37ms | sp=straight_ahead:reached d=0.4 age=0 dtg=17.05 region=0_14
ep=281 s=142 14736ms [sel=182 cap=14418 rest=136] sg=4->4 mode=NONE win=8 obs=143 | cap=wip act=TURN request=-45deg execute=-15deg x1 a=2 | sp=straight_ahead:reached d=0.4 age=1 dtg=17.05 region=0_14
ep=281 s=143 11835ms [sel=0 cap=11695 rest=140] sg=4->4 mode=NONE win=8 obs=144 | cap=wip act=TURN request=-45deg execute=-15deg x1 a=2 dtg=17.05 region=0_14
ep=281 s=144 21202ms [sel=0 cap=20715 rest=449] sg=4->4 mode=NONE win=8 obs=145 | cap=wip act=TURN request=-45deg execute=-15deg x1 a=2 | preview=view-/6 yaw=+0 render=38ms dtg=17.05 region=0_14
ep=281 s=145 13546ms [sel=0 cap=13398 rest=148] sg=4->4 mode=NONE win=8 obs=146 | cap=wip act=TURN request=-45deg execute=-15deg x1 a=2 dtg=17.05 region=0_14
ep=281 s=146 7776ms [sel=0 cap=7625 rest=151] sg=4->4 mode=NONE win=8 obs=147 | cap=wip act=TURN request=-45deg execute=-15deg x1 a=2 dtg=17.05 region=0_14
ep=281 s=147 15767ms [sel=0 cap=15301 rest=429] sg=4->4 mode=NONE win=8 obs=148 | cap=wip act=TURN request=-45deg execute=-15deg x1 a=2 | preview=view-/6 yaw=+0 render=37ms dtg=17.05 region=0_14
ep=281 s=148 10837ms [sel=0 cap=10682 rest=155] sg=4->4 mode=NONE win=8 obs=149 | cap=wip act=TURN request=-45deg execute=-15deg x1 a=2 dtg=17.05 region=0_14
ep=281 s=149 11419ms [sel=0 cap=11270 rest=149] sg=4->4 mode=NONE win=8 obs=150 | cap=wip act=TURN request=-45deg execute=-15deg x1 a=2 dtg=17.05 region=0_14
ep=281 s=150 11035ms [sel=0 cap=10571 rest=427] sg=4->4 mode=NONE win=8 obs=151 | cap=wip act=TURN request=-45deg execute=-15deg x1 a=2 | preview=view-/6 yaw=+0 render=37ms dtg=17.05 region=0_14
ep=281 s=151 11955ms [sel=0 cap=11817 rest=138] sg=4->4 mode=NONE win=8 obs=152 | cap=wip act=TURN request=-45deg execute=-15deg x1 a=2 dtg=17.05 region=0_14
ep=281 s=152 8614ms [sel=0 cap=8477 rest=136] sg=4->4 mode=NONE win=8 obs=153 | cap=wip act=TURN request=-45deg execute=-15deg x1 a=2 dtg=17.05 region=0_14
ep=281 s=153 15426ms [sel=72 cap=14894 rest=424] sg=4->4 mode=NONE win=8 obs=154 | cap=wip act=(320,464) d=1.02 a=1 | preview=view-/6 yaw=+0 render=36ms | sp=straight_ahead:reached d=0.3 age=0 dtg=16.77 region=0_14
ep=281 s=154 15495ms [sel=6175 cap=9186 rest=133] sg=4->4 mode=NONE win=8 obs=155 | cap=wip act=TURN request=-45deg execute=-15deg x1 a=2 | sp=straight_ahead:reached d=0.3 age=1 som=2/4 dtg=16.77 region=0_14
ep=281 s=155 13318ms [sel=0 cap=13179 rest=139] sg=4->4 mode=NONE win=8 obs=156 | cap=wip act=TURN request=-45deg execute=-15deg x1 a=2 | sp=- ovr=1 dtg=16.77 region=0_14
ep=281 s=156 18920ms [sel=0 cap=18456 rest=425] sg=4->4 mode=NONE win=8 obs=157 | cap=wip act=TURN request=-45deg execute=-15deg x1 a=2 | preview=view-/6 yaw=+0 render=39ms | sp=- ovr=1 dtg=16.77 region=0_14
ep=281 s=157 10395ms [sel=1986 cap=8265 rest=143] sg=4->4 mode=NONE win=8 obs=158 | cap=wip act=(326,361) d=2.43 a=1 som=5/6 dtg=16.51 region=0_14
ep=281 s=158 10416ms [sel=2364 cap=7878 rest=174] sg=4->4 mode=NONE win=8 obs=159 | cap=wip act=TURN request=-45deg execute=-15deg x1 a=2 | sp=- ovr=1 som=5/6 dtg=16.51 region=0_14
ep=281 s=159 15611ms [sel=0 cap=15121 rest=454] sg=4->4 mode=NONE win=8 obs=160 | cap=wip act=TURN request=-45deg execute=-15deg x1 a=2 | preview=view-/6 yaw=+0 render=36ms | sp=- ovr=1 dtg=16.51 region=0_14
ep=281 s=160 5516ms [sel=0 cap=5362 rest=154] sg=4->4 mode=NONE win=8 obs=161 | cap=wip act=TURN request=-45deg execute=-15deg x1 a=2 | sp=- ovr=1 dtg=16.51 region=0_14
ep=281 s=161 8698ms [sel=0 cap=8556 rest=142] sg=4->4 mode=NONE win=8 obs=162 | cap=wip act=TURN request=-45deg execute=-15deg x1 a=2 | sp=- ovr=1 dtg=16.51 region=0_14
ep=281 s=162 17240ms [sel=0 cap=16730 rest=470] sg=4->4 mode=NONE win=8 obs=163 | cap=wip act=TURN request=-45deg execute=-15deg x1 a=2 | preview=view-/6 yaw=+0 render=40ms | sp=- ovr=1 dtg=16.51 region=0_14
ep=281 s=163 12947ms [sel=0 cap=12809 rest=139] sg=4->4 mode=NONE win=8 obs=164 | cap=wip act=TURN request=-45deg execute=-15deg x1 a=2 | sp=- ovr=1 dtg=16.51 region=0_14
ep=281 s=164 21525ms [sel=0 cap=21387 rest=138] sg=4->4 mode=NONE win=8 obs=165 | cap=wip act=TURN request=-45deg execute=-15deg x1 a=2 | sp=- ovr=1 dtg=16.51 region=0_14
ep=281 s=165 15923ms [sel=0 cap=15424 rest=460] sg=4->4 mode=NONE win=8 obs=166 | cap=wip act=TURN request=-45deg execute=-15deg x1 a=2 | preview=view-/6 yaw=+0 render=39ms | sp=- ovr=1 dtg=16.51 region=0_14
ep=281 s=166 15194ms [sel=0 cap=15055 rest=140] sg=4->4 mode=NONE win=8 obs=167 | cap=wip act=TURN request=-45deg execute=-15deg x1 a=2 | sp=- ovr=1 dtg=16.51 region=0_14
ep=281 s=167 12603ms [sel=0 cap=12473 rest=130] sg=4->4 mode=NONE win=8 obs=168 | cap=wip act=TURN request=-45deg execute=-15deg x1 a=2 | sp=- ovr=1 dtg=16.51 region=0_14
ep=281 s=168 14441ms [sel=0 cap=13952 rest=452] sg=4->4 mode=NONE win=8 obs=169 | cap=wip act=TURN request=-45deg execute=-15deg x1 a=2 | preview=view-/6 yaw=+0 render=37ms | sp=- ovr=1 dtg=16.51 region=0_14
ep=281 s=169 9680ms [sel=2926 cap=6620 rest=133] sg=4->4 mode=NONE win=8 obs=170 | cap=wip act=(325,362) d=1.51 a=1 | sp=straight_ahead:reached d=0.3 age=0 som=1/6 dtg=16.80 region=0_14
ep=281 s=170 15545ms [sel=73 cap=15336 rest=135] sg=4->4 mode=NONE win=8 obs=171 | cap=wip act=(344,370) d=1.46 a=1 | sp=straight_ahead:reached d=0.5 age=0 dtg=17.08 region=0_14
ep=281 s=171 14001ms [sel=147 cap=13397 rest=423] sg=4->4 mode=NONE win=8 obs=172 | cap=wip act=TURN request=-45deg execute=-15deg x1 a=2 | preview=view-/6 yaw=+0 render=35ms | sp=straight_ahead:reached d=0.5 age=1 ovr=1 dtg=17.08 region=0_14
ep=281 s=172 27700ms [sel=0 cap=27553 rest=147] sg=4->4 mode=NONE win=8 obs=173 | cap=wip act=TURN request=-45deg execute=-15deg x1 a=2 | sp=- ovr=1 dtg=17.08 region=0_14
ep=281 s=173 12515ms [sel=0 cap=12362 rest=153] sg=4->4 mode=NONE win=8 obs=174 | cap=wip act=TURN request=-45deg execute=-15deg x1 a=2 | sp=- ovr=1 dtg=17.08 region=0_14
ep=281 s=174 18649ms [sel=3 cap=18180 rest=430] sg=4->None mode=NONE win=8 obs=175 | cap=DONE act=STOP | preview=view-/6 yaw=+0 render=36ms | sp=- ovr=1 dtg=17.08 region=0_14
rank=1 [3/13] id=281 steps=175 success=0.000 spl=0.000 dtg=17.08 osr=0 path_length=25.08 ndtw=0.057 sdtw=0.000
PluginManager::Manager: duplicate static plugin StbImageImporter, ignoring
PluginManager::Manager: duplicate static plugin GltfImporter, ignoring
PluginManager::Manager: duplicate static plugin BasisImporter, ignoring
PluginManager::Manager: duplicate static plugin AssimpImporter, ignoring
PluginManager::Manager: duplicate static plugin AnySceneImporter, ignoring
PluginManager::Manager: duplicate static plugin AnyImageImporter, ignoring
episode=386 instruction='Turn and head out of the washroom into the long narrow passage. Go through the opening into the space that has wall-mounted ledges and a basin. Carry on through it into the cooking area and go past the cooking range and the basin.' start_position=[2.160259962081909, 0.17162801325321198, -1.7144700288772583] goal_position=[12.461600303649902, 0.17162801325321198, -2.3902199268341064] reference_geodesic=10.360467910766602
episode=386 prepared_subgoals=4
  [1] Turn and exit the washroom into the long narrow passage
      proof: The washroom is behind the camera and the long narrow passage fills the view.
  [2] Go through the opening into the space with wall-mounted ledges and a basin
      proof: The camera has crossed the opening and the space with ledges and basin is central in the view.
  [3] Carry on through the space into the cooking area
      proof: The cooking area is now central in the view and the previous space is behind.
  [4] Go past the cooking range and the basin
      proof: The camera has passed both the cooking range and the basin; they are behind and to the sides, and the cooking area continues ahead
ep=386 s=0 18065ms [sel=12 cap=17510 rest=474] sg=1->1 mode=NONE win=1 obs=1 | cap=wip act=PREVIEW a=2 | preview=view2/6 yaw=+0 render=69ms | sp=preview:reached d=0.4 age=0 dtg=10.36 region=0_3
ep=386 s=1 8933ms [sel=3144 cap=5661 rest=129] sg=1->1 mode=NONE win=2 obs=2 | cap=wip act=TURN request=-45deg execute=-15deg x1 a=2 som=1/2 dtg=10.36 region=0_3
ep=386 s=2 8914ms [sel=0 cap=8787 rest=126] sg=1->1 mode=NONE win=3 obs=3 | cap=wip act=TURN request=-45deg execute=-15deg x1 a=2 dtg=10.36 region=0_3
ep=386 s=3 15437ms [sel=0 cap=15295 rest=142] sg=1->1 mode=NONE win=4 obs=4 | cap=wip act=TURN request=-45deg execute=-15deg x1 a=2 dtg=10.36 region=0_3
ep=386 s=4 11772ms [sel=0 cap=11627 rest=145] sg=1->1 mode=NONE win=5 obs=5 | cap=wip act=TURN request=-45deg execute=-15deg x1 a=2 dtg=10.36 region=0_3
ep=386 s=5 8103ms [sel=0 cap=7951 rest=151] sg=1->1 mode=NONE win=6 obs=6 | cap=wip act=TURN request=-45deg execute=-15deg x1 a=2 dtg=10.36 region=0_3
ep=386 s=6 9278ms [sel=0 cap=9135 rest=143] sg=1->1 mode=NONE win=7 obs=7 | cap=wip act=TURN request=-45deg execute=-15deg x1 a=2 dtg=10.36 region=0_3
ep=386 s=7 15150ms [sel=0 cap=15004 rest=146] sg=1->1 mode=NONE win=8 obs=8 | cap=wip act=TURN request=-45deg execute=-15deg x1 a=2 dtg=10.36 region=0_3
ep=386 s=8 13381ms [sel=0 cap=13245 rest=136] sg=1->1 mode=NONE win=8 obs=9 | cap=wip act=TURN request=-45deg execute=-15deg x1 a=2 dtg=10.36 region=0_3
ep=386 s=9 13038ms [sel=0 cap=12914 rest=124] sg=1->1 mode=NONE win=8 obs=10 | cap=wip act=TURN request=-45deg execute=-15deg x1 a=2 dtg=10.36 region=0_3
ep=386 s=10 6257ms [sel=0 cap=6137 rest=121] sg=1->1 mode=NONE win=8 obs=11 | cap=wip act=TURN request=-45deg execute=-15deg x1 a=2 dtg=10.36 region=0_3
ep=386 s=11 12964ms [sel=0 cap=12462 rest=465] sg=1->1 mode=NONE win=8 obs=12 | cap=wip act=TURN request=-45deg execute=-15deg x1 a=2 | preview=view-/6 yaw=+0 render=37ms dtg=10.36 region=0_3
ep=386 s=12 7455ms [sel=0 cap=7355 rest=100] sg=1->2 mode=NONE win=8 obs=13 | cap=DONE act=TURN request=-45deg execute=-15deg x1 a=2 dtg=10.36 region=0_3
ep=386 s=13 9690ms [sel=1733 cap=7861 rest=96] sg=2->2 mode=NONE win=8 obs=14 | cap=wip act=(320,360) d=3.02 a=1 | sp=som:active d=3.0 age=0 som=5/5 dtg=10.11 region=0_3
ep=386 s=14 7457ms [sel=9 cap=7349 rest=99] sg=2->2 mode=NONE win=8 obs=15 | cap=wip act=(320,360) d=2.77 a=1 | sp=som:active d=2.8 age=1 dtg=9.86 region=0_3
ep=386 s=15 7567ms [sel=9 cap=7457 rest=102] sg=2->2 mode=NONE win=8 obs=16 | cap=wip act=(320,360) d=2.52 a=2 | sp=som:active d=2.5 age=2 dtg=9.86 region=0_3
ep=386 s=16 10585ms [sel=8 cap=10475 rest=102] sg=2->2 mode=NONE win=8 obs=17 | cap=wip act=(320,360) d=2.52 a=1 | sp=som:active d=2.5 age=3 dtg=9.62 region=0_3
ep=386 s=17 12058ms [sel=27 cap=11567 rest=428] sg=2->2 mode=NONE win=8 obs=18 | cap=wip act=(160,180) d=3.77 a=1 | preview=view3/6 yaw=+0 render=36ms | sp=preview:active d=3.8 age=0 dtg=9.39 region=0_3
ep=386 s=18 7282ms [sel=6 cap=7174 rest=103] sg=2->2 mode=NONE win=8 obs=19 | cap=wip act=(320,360) d=3.54 a=1 | sp=preview:active d=3.5 age=1 dtg=9.17 region=0_3
ep=386 s=19 5205ms [sel=6 cap=5098 rest=101] sg=2->2 mode=NONE win=8 obs=20 | cap=wip act=(320,360) d=3.32 a=3 | sp=preview:active d=3.3 age=2 dtg=9.17 region=0_3
ep=386 s=20 8265ms [sel=6 cap=8144 rest=115] sg=2->2 mode=NONE win=8 obs=21 | cap=wip act=(320,360) d=3.32 a=1 | sp=preview:active d=3.3 age=3 dtg=8.93 region=0_18
ep=386 s=21 16544ms [sel=3 cap=16446 rest=94] sg=2->2 mode=NONE win=8 obs=22 | cap=wip act=(320,360) d=3.08 a=1 | sp=preview:active d=3.1 age=4 dtg=8.69 region=0_18
ep=386 s=22 7573ms [sel=4 cap=7472 rest=97] sg=2->2 mode=NONE win=8 obs=23 | cap=wip act=(320,360) d=2.83 a=1 | sp=preview:active d=2.8 age=5 dtg=8.44 region=0_18
ep=386 s=23 10397ms [sel=3 cap=10297 rest=97] sg=2->2 mode=NONE win=8 obs=24 | cap=wip act=(320,360) d=2.59 a=1 | sp=preview:active d=2.6 age=6 dtg=8.20 region=0_18
ep=386 s=24 8475ms [sel=3 cap=8364 rest=108] sg=2->2 mode=NONE win=8 obs=25 | cap=wip act=(320,360) d=2.35 a=3 | sp=preview:active d=2.4 age=7 dtg=8.20 region=0_18
ep=386 s=25 9904ms [sel=3 cap=9791 rest=110] sg=2->2 mode=NONE win=8 obs=26 | cap=wip act=(320,360) d=2.35 a=1 | sp=preview:active d=2.4 age=8 dtg=7.95 region=0_18
ep=386 s=26 10403ms [sel=3 cap=10293 rest=107] sg=2->2 mode=NONE win=8 obs=27 | cap=wip act=(320,360) d=2.10 a=1 | sp=preview:active d=2.1 age=9 dtg=7.70 region=0_18
ep=386 s=27 7975ms [sel=3 cap=7865 rest=106] sg=2->2 mode=NONE win=8 obs=28 | cap=wip act=(320,360) d=1.86 a=1 | sp=preview:active d=1.9 age=10 dtg=7.45 region=0_18
ep=386 s=28 12313ms [sel=3 cap=12205 rest=105] sg=2->2 mode=NONE win=8 obs=29 | cap=wip act=(320,360) d=1.61 a=1 | sp=preview:active d=1.6 age=11 dtg=7.20 region=0_18
ep=386 s=29 11168ms [sel=32 cap=11033 rest=103] sg=2->2 mode=NONE win=8 obs=30 | cap=wip act=(320,360) d=2.85 a=1 | sp=frontier:active d=2.9 age=0 dtg=6.95 region=0_18
ep=386 s=30 7064ms [sel=3 cap=6952 rest=109] sg=2->2 mode=NONE win=8 obs=31 | cap=wip act=(320,360) d=2.60 a=1 | sp=frontier:active d=2.6 age=1 dtg=6.70 region=0_18
ep=386 s=31 9267ms [sel=3 cap=9157 rest=106] sg=2->2 mode=NONE win=8 obs=32 | cap=wip act=(320,360) d=2.35 a=1 | sp=frontier:active d=2.4 age=2 dtg=6.45 region=0_18
ep=386 s=32 7108ms [sel=3 cap=7001 rest=104] sg=2->2 mode=NONE win=8 obs=33 | cap=wip act=(320,360) d=2.10 a=1 | sp=frontier:active d=2.1 age=3 dtg=6.20 region=0_18
ep=386 s=33 6910ms [sel=3 cap=6803 rest=104] sg=2->2 mode=NONE win=8 obs=34 | cap=wip act=(320,360) d=1.85 a=1 | sp=frontier:active d=1.9 age=4 dtg=5.95 region=0_18
ep=386 s=34 6118ms [sel=3 cap=6006 rest=109] sg=2->2 mode=NONE win=8 obs=35 | cap=wip act=(320,360) d=1.60 a=1 | sp=frontier:active d=1.6 age=5 dtg=5.70 region=0_10
ep=386 s=35 6786ms [sel=3 cap=6676 rest=107] sg=2->2 mode=NONE win=8 obs=36 | cap=wip act=(320,360) d=1.35 a=1 | sp=frontier:active d=1.4 age=6 dtg=5.45 region=0_10
ep=386 s=36 7335ms [sel=4 cap=7220 rest=111] sg=2->2 mode=NONE win=8 obs=37 | cap=wip act=(320,360) d=1.11 a=1 | sp=frontier:active d=1.1 age=7 dtg=5.20 region=0_10
ep=386 s=37 11734ms [sel=1688 cap=9925 rest=122] sg=2->3 mode=NONE win=8 obs=38 | cap=DONE act=(320,360) d=2.95 a=1 | sp=som:active d=3.0 age=0 som=2/7 dtg=4.95 region=0_10
ep=386 s=38 8199ms [sel=3 cap=8086 rest=110] sg=3->3 mode=NONE win=8 obs=39 | cap=wip act=(320,360) d=2.70 a=1 | sp=som:active d=2.7 age=1 dtg=4.70 region=0_10
ep=386 s=39 10196ms [sel=36 cap=10044 rest=117] sg=3->4 mode=NONE win=8 obs=40 | cap=DONE act=(320,360) d=4.55 a=1 | sp=frontier:active d=4.6 age=0 dtg=4.45 region=0_10
ep=386 s=40 6404ms [sel=3 cap=6294 rest=106] sg=4->4 mode=NONE win=8 obs=41 | cap=wip act=(320,360) d=4.30 a=1 | sp=frontier:active d=4.3 age=1 dtg=4.20 region=0_10
ep=386 s=41 7028ms [sel=3 cap=6918 rest=107] sg=4->4 mode=NONE win=8 obs=42 | cap=wip act=(320,360) d=4.05 a=1 | sp=frontier:active d=4.1 age=2 dtg=3.95 region=0_10
ep=386 s=42 8992ms [sel=3 cap=8881 rest=108] sg=4->4 mode=NONE win=8 obs=43 | cap=wip act=(320,360) d=3.80 a=1 | sp=frontier:active d=3.8 age=3 dtg=3.70 region=0_10
ep=386 s=43 7715ms [sel=3 cap=7605 rest=107] sg=4->4 mode=NONE win=8 obs=44 | cap=wip act=(320,360) d=3.55 a=1 | sp=frontier:active d=3.6 age=4 dtg=3.45 region=0_10
ep=386 s=44 7570ms [sel=3 cap=7461 rest=106] sg=4->4 mode=NONE win=8 obs=45 | cap=wip act=(320,360) d=3.30 a=1 | sp=frontier:active d=3.3 age=5 dtg=3.20 region=0_10
ep=386 s=45 8319ms [sel=3 cap=8214 rest=103] sg=4->4 mode=NONE win=8 obs=46 | cap=wip act=(320,360) d=3.05 a=1 | sp=frontier:active d=3.1 age=6 dtg=2.95 region=0_10
ep=386 s=46 6946ms [sel=3 cap=6839 rest=104] sg=4->4 mode=NONE win=8 obs=47 | cap=wip act=(320,360) d=2.80 a=1 | sp=frontier:active d=2.8 age=7 dtg=2.70 region=0_10
ep=386 s=47 9832ms [sel=3 cap=9724 rest=105] sg=4->4 mode=NONE win=8 obs=48 | cap=wip act=(320,360) d=2.55 a=1 | sp=frontier:active d=2.6 age=8 dtg=2.45 region=0_10
ep=386 s=48 6732ms [sel=3 cap=6623 rest=106] sg=4->4 mode=NONE win=8 obs=49 | cap=wip act=(320,360) d=2.30 a=1 | sp=frontier:active d=2.3 age=9 dtg=2.20 region=0_10
ep=386 s=49 4233ms [sel=3 cap=4125 rest=105] sg=4->4 mode=NONE win=8 obs=50 | cap=wip act=(320,360) d=2.05 a=1 | sp=frontier:active d=2.1 age=10 dtg=1.95 region=0_10
ep=386 s=50 5457ms [sel=3 cap=5352 rest=102] sg=4->4 mode=NONE win=8 obs=51 | cap=wip act=(320,360) d=1.81 a=1 | sp=frontier:active d=1.8 age=11 dtg=1.71 region=0_19
ep=386 s=51 8919ms [sel=2844 cap=5974 rest=101] sg=4->4 mode=NONE win=8 obs=52 | cap=wip act=(320,360) d=2.97 a=1 | sp=som:active d=3.0 age=0 som=1/7 dtg=1.46 region=0_19
ep=386 s=52 5614ms [sel=3 cap=5510 rest=101] sg=4->4 mode=NONE win=8 obs=53 | cap=wip act=(320,360) d=2.72 a=3 | sp=som:active d=2.7 age=1 dtg=1.46 region=0_19
ep=386 s=53 4666ms [sel=3 cap=4564 rest=99] sg=4->4 mode=NONE win=8 obs=54 | cap=wip act=(320,360) d=2.72 a=1 | sp=som:active d=2.7 age=2 dtg=1.21 region=0_19
ep=386 s=54 17213ms [sel=5 cap=16668 rest=503] sg=4->None mode=NONE win=8 obs=55 | cap=DONE act=(320,360) d=1.00 a=1 | preview=view-/6 yaw=+0 render=36ms | sp=som:active d=2.5 age=3 door_evts=3 dtg=0.97 region=0_19
ep=386 s=55 105ms [sel=4 cap=0 rest=100] sg=None->None mode=NONE win=8 obs=56 | cap=- act=(320,360) d=1.00 a=1 | sp=som:active d=2.2 age=4 door_evts=4 EVT=door@(11.0,-2.5)w1.20m@s52 dtg=0.74 region=0_19
ep=386 s=56 106ms [sel=4 cap=0 rest=101] sg=None->None mode=NONE win=8 obs=57 | cap=- act=(320,360) d=1.00 a=1 | sp=som:active d=2.0 age=5 door_evts=4 dtg=0.52 region=0_19
ep=386 s=57 106ms [sel=0 cap=0 rest=106] sg=None->None mode=NONE win=8 obs=58 | cap=- act=STOP | sp=som:active d=1.7 age=6 door_evts=4 dtg=0.52 region=0_19
rank=1 [4/13] id=386 steps=58 success=1.000 spl=1.000 dtg=0.52 osr=1 path_length=10.00 ndtw=0.960 sdtw=0.960
PluginManager::Manager: duplicate static plugin StbImageImporter, ignoring
PluginManager::Manager: duplicate static plugin GltfImporter, ignoring
PluginManager::Manager: duplicate static plugin BasisImporter, ignoring
PluginManager::Manager: duplicate static plugin AssimpImporter, ignoring
PluginManager::Manager: duplicate static plugin AnySceneImporter, ignoring
PluginManager::Manager: duplicate static plugin AnyImageImporter, ignoring
episode=561 instruction='Keeping to the crimson floor runner, pass through the elaborately decorated panels beside you and carry on forward through the next room until just before the runner branches off at a forty-five degree angle to the left and a ninety degree angle to the right.' start_position=[14.865799903869629, 0.20952606201171875, -13.741800308227539] goal_position=[26.659400939941406, 0.20952606201171875, -13.764300346374512] reference_geodesic=11.793622016906738
episode=561 prepared_subgoals=3
  [1] Keep to the crimson floor runner and pass through the elaborately decorated panels beside you
      proof: The panels have been passed and the camera is centered in the next room.
  [2] Carry on forward through the next room
      proof: The camera has passed the entire room and the branching floor runner is visible ahead.
  [3] Stop just before the runner branches off at a forty-five degree angle to the left and a ninety degree angle to the right
      proof: The camera is positioned at the junction of the runner branches, with both angles clearly visible and the runner ahead is unobstructed
ep=561 s=0 9724ms [sel=24 cap=9161 rest=500] sg=1->1 mode=NONE win=1 obs=1 | cap=wip act=(160,180) d=3.83 a=1 | preview=view2/6 yaw=+0 render=39ms | sp=preview:active d=3.8 age=0 dtg=11.54 region=0_8
ep=561 s=1 9709ms [sel=3 cap=9581 rest=125] sg=1->1 mode=NONE win=2 obs=2 | cap=wip act=(320,360) d=3.59 a=1 | sp=preview:active d=3.6 age=1 dtg=11.29 region=0_8
ep=561 s=2 8246ms [sel=3 cap=8117 rest=126] sg=1->1 mode=NONE win=3 obs=3 | cap=wip act=(320,360) d=3.35 a=1 | sp=preview:active d=3.4 age=2 dtg=11.04 region=0_8
ep=561 s=3 9551ms [sel=3 cap=9424 rest=124] sg=1->1 mode=NONE win=4 obs=4 | cap=wip act=(320,360) d=3.12 a=1 | sp=preview:active d=3.1 age=3 dtg=10.79 region=0_8
ep=561 s=4 4679ms [sel=3 cap=4550 rest=126] sg=1->1 mode=NONE win=5 obs=5 | cap=wip act=(320,360) d=2.89 a=1 | sp=preview:active d=2.9 age=4 dtg=10.54 region=None
ep=561 s=5 8050ms [sel=3 cap=7916 rest=131] sg=1->1 mode=NONE win=6 obs=6 | cap=wip act=(320,360) d=2.66 a=1 | sp=preview:active d=2.7 age=5 dtg=10.29 region=0_10
ep=561 s=6 5759ms [sel=3 cap=5625 rest=131] sg=1->1 mode=NONE win=7 obs=7 | cap=wip act=(320,360) d=2.44 a=1 | sp=preview:active d=2.4 age=6 dtg=10.04 region=0_10
ep=561 s=7 6968ms [sel=3 cap=6837 rest=128] sg=1->1 mode=NONE win=8 obs=8 | cap=wip act=(320,360) d=2.22 a=1 | sp=preview:active d=2.2 age=7 dtg=9.79 region=0_10
ep=561 s=8 5837ms [sel=3 cap=5706 rest=128] sg=1->1 mode=NONE win=8 obs=9 | cap=wip act=(320,360) d=2.01 a=2 | sp=preview:active d=2.0 age=8 dtg=9.79 region=0_10
ep=561 s=9 3874ms [sel=3 cap=3741 rest=130] sg=1->1 mode=NONE win=8 obs=10 | cap=wip act=(320,360) d=2.01 a=1 | sp=preview:active d=2.0 age=9 dtg=9.55 region=0_10
ep=561 s=10 5900ms [sel=3 cap=5768 rest=130] sg=1->1 mode=NONE win=8 obs=11 | cap=wip act=(320,360) d=1.78 a=2 | sp=preview:active d=1.8 age=10 dtg=9.55 region=0_10
ep=561 s=11 7263ms [sel=3 cap=7137 rest=124] sg=1->1 mode=NONE win=8 obs=12 | cap=wip act=(320,360) d=1.78 a=1 | sp=preview:active d=1.8 age=11 dtg=9.34 region=0_7
ep=561 s=12 11619ms [sel=3167 cap=8327 rest=125] sg=1->1 mode=NONE win=8 obs=13 | cap=wip act=(320,360) d=2.80 a=1 | sp=som:active d=2.8 age=0 som=1/8 dtg=9.12 region=0_7
ep=561 s=13 7414ms [sel=3 cap=7289 rest=122] sg=1->1 mode=NONE win=8 obs=14 | cap=wip act=(320,360) d=2.56 a=1 | sp=som:active d=2.6 age=1 dtg=8.91 region=0_7
ep=561 s=14 6563ms [sel=3 cap=6438 rest=122] sg=1->1 mode=NONE win=8 obs=15 | cap=wip act=(320,360) d=2.31 a=3 | sp=som:active d=2.3 age=2 dtg=8.91 region=0_7
ep=561 s=15 9036ms [sel=3 cap=8906 rest=127] sg=1->1 mode=NONE win=8 obs=16 | cap=wip act=(320,360) d=2.31 a=1 | sp=som:active d=2.3 age=3 dtg=8.67 region=0_7
ep=561 s=16 6250ms [sel=3 cap=6119 rest=128] sg=1->1 mode=NONE win=8 obs=17 | cap=wip act=(320,360) d=2.10 a=3 | sp=som:active d=2.1 age=4 dtg=8.67 region=0_7
ep=561 s=17 8591ms [sel=5 cap=8453 rest=133] sg=1->1 mode=NONE win=8 obs=18 | cap=wip act=(320,360) d=2.10 a=1 | sp=som:active d=2.1 age=5 dtg=8.42 region=0_7
ep=561 s=18 6918ms [sel=6 cap=6784 rest=129] sg=1->1 mode=NONE win=8 obs=19 | cap=wip act=(320,360) d=1.94 a=1 | sp=som:active d=1.9 age=6 dtg=8.18 region=0_7
ep=561 s=19 6046ms [sel=8 cap=5910 rest=129] sg=1->1 mode=NONE win=8 obs=20 | cap=wip act=(320,360) d=1.80 a=1 | sp=som:active d=1.8 age=7 dtg=7.93 region=0_7
ep=561 s=20 6555ms [sel=9 cap=6419 rest=127] sg=1->1 mode=NONE win=8 obs=21 | cap=wip act=(320,360) d=1.68 a=1 | sp=som:active d=1.7 age=8 dtg=7.68 region=0_7
ep=561 s=21 5758ms [sel=10 cap=5620 rest=128] sg=1->1 mode=NONE win=8 obs=22 | cap=wip act=(320,360) d=1.60 a=1 | sp=som:active d=1.6 age=9 dtg=7.43 region=0_7
ep=561 s=22 9131ms [sel=15 cap=8976 rest=140] sg=1->1 mode=NONE win=8 obs=23 | cap=wip act=(320,360) d=1.55 a=1 | sp=som:active d=1.6 age=10 dtg=7.18 region=0_7
ep=561 s=23 10790ms [sel=12 cap=10654 rest=124] sg=1->1 mode=NONE win=8 obs=24 | cap=wip act=(320,360) d=1.55 a=1 | sp=som:active d=1.5 age=11 dtg=6.93 region=0_7
ep=561 s=24 10345ms [sel=13 cap=10207 rest=125] sg=1->1 mode=NONE win=8 obs=25 | cap=wip act=(320,360) d=1.58 a=1 | sp=som:active d=1.6 age=12 dtg=6.68 region=0_7
ep=561 s=25 7542ms [sel=23 cap=7392 rest=128] sg=1->1 mode=NONE win=8 obs=26 | cap=wip act=(320,360) d=1.65 a=1 | sp=som:active d=1.7 age=13 dtg=6.43 region=0_7
ep=561 s=26 5044ms [sel=24 cap=4893 rest=127] sg=1->1 mode=NONE win=8 obs=27 | cap=wip act=(320,360) d=1.76 a=1 | sp=som:active d=1.8 age=14 dtg=6.18 region=0_7
ep=561 s=27 5245ms [sel=19 cap=5097 rest=129] sg=1->1 mode=NONE win=8 obs=28 | cap=wip act=(320,360) d=1.89 a=1 | sp=som:active d=1.9 age=15 dtg=5.93 region=0_7
ep=561 s=28 8876ms [sel=20 cap=8727 rest=129] sg=1->1 mode=NONE win=8 obs=29 | cap=wip act=(320,360) d=2.04 a=1 | sp=som:active d=2.0 age=16 dtg=5.68 region=0_7
ep=561 s=29 6953ms [sel=22 cap=6802 rest=129] sg=1->1 mode=NONE win=8 obs=30 | cap=wip act=(320,360) d=2.21 a=1 | sp=som:active d=2.2 age=17 dtg=5.43 region=0_7
ep=561 s=30 7950ms [sel=31 cap=7793 rest=127] sg=1->1 mode=NONE win=8 obs=31 | cap=wip act=(320,360) d=2.40 a=1 | sp=som:active d=2.4 age=18 dtg=5.18 region=0_7
ep=561 s=31 4031ms [sel=27 cap=3878 rest=125] sg=1->1 mode=NONE win=8 obs=32 | cap=wip act=(320,360) d=2.59 a=1 | sp=som:active d=2.6 age=19 dtg=4.93 region=0_7
ep=561 s=32 7093ms [sel=26 cap=6942 rest=125] sg=1->1 mode=NONE win=8 obs=33 | cap=wip act=(320,360) d=2.80 a=1 | sp=som:active d=2.8 age=20 dtg=4.69 region=0_7
ep=561 s=33 9517ms [sel=28 cap=9364 rest=125] sg=1->1 mode=NONE win=8 obs=34 | cap=wip act=(320,360) d=3.01 a=2 | sp=som:active d=3.0 age=21 dtg=4.69 region=0_7
ep=561 s=34 8111ms [sel=26 cap=7959 rest=126] sg=1->1 mode=NONE win=8 obs=35 | cap=wip act=(320,360) d=3.01 a=2 | sp=som:active d=3.0 age=22 dtg=4.69 region=0_7
ep=561 s=35 11394ms [sel=53 cap=10760 rest=544] sg=1->1 mode=NONE win=8 obs=36 | cap=wip act=(160,180) d=4.48 a=2 | preview=view0/6 yaw=-165 render=37ms | sp=preview:active d=4.5 age=0 dtg=4.69 region=0_7
ep=561 s=36 7025ms [sel=39 cap=6857 rest=129] sg=1->1 mode=NONE win=8 obs=37 | cap=wip act=(320,360) d=4.48 a=2 | sp=preview:active d=4.5 age=1 dtg=4.69 region=0_7
ep=561 s=37 9030ms [sel=39 cap=8856 rest=135] sg=1->1 mode=NONE win=8 obs=38 | cap=wip act=(320,360) d=4.48 a=2 | sp=preview:active d=4.5 age=2 dtg=4.69 region=0_7
ep=561 s=38 14290ms [sel=4923 cap=9235 rest=132] sg=1->2 mode=NONE win=8 obs=39 | cap=DONE act=(320,360) d=3.06 a=3 | sp=som:active d=3.1 age=0 som=1/6 dtg=4.69 region=0_7
ep=561 s=39 15403ms [sel=28 cap=15246 rest=129] sg=2->2 mode=NONE win=8 obs=40 | cap=wip act=(320,360) d=3.06 a=3 | sp=som:active d=3.1 age=1 dtg=4.69 region=0_7
ep=561 s=40 8575ms [sel=28 cap=8420 rest=127] sg=2->2 mode=NONE win=8 obs=41 | cap=wip act=(320,360) d=3.06 a=1 | sp=som:active d=3.1 age=2 dtg=4.53 region=0_7
ep=561 s=41 8359ms [sel=26 cap=8205 rest=128] sg=2->2 mode=NONE win=8 obs=42 | cap=wip act=(320,360) d=3.13 a=2 | sp=som:active d=3.1 age=3 dtg=4.53 region=0_7
ep=561 s=42 7207ms [sel=25 cap=7053 rest=129] sg=2->2 mode=NONE win=8 obs=43 | cap=wip act=(320,360) d=3.13 a=1 | sp=som:active d=3.1 age=4 dtg=4.42 region=0_7
ep=561 s=43 10792ms [sel=27 cap=10634 rest=131] sg=2->2 mode=NONE win=8 obs=44 | cap=wip act=(320,360) d=3.20 a=2 | sp=som:active d=3.2 age=5 dtg=4.42 region=0_7
ep=561 s=44 8114ms [sel=25 cap=7926 rest=163] sg=2->2 mode=NONE win=8 obs=45 | cap=wip act=(320,360) d=3.20 a=1 | sp=som:active d=3.2 age=6 dtg=4.36 region=0_7
ep=561 s=45 7975ms [sel=0 cap=7590 rest=385] sg=2->2 mode=GET_NOWHERE win=8 obs=46 | cap=wip/GET_NOWHERE act=TURN request=+45deg execute=+15deg x1 a=3 | sp=som:active d=3.3 age=7 dtg=4.36 region=0_7
ep=561 s=46 4314ms [sel=0 cap=4183 rest=131] sg=2->2 mode=NONE win=8 obs=47 | cap=wip act=TURN request=+45deg execute=+15deg x1 a=3 | sp=som:active d=3.3 age=8 dtg=4.36 region=0_7
ep=561 s=47 11228ms [sel=0 cap=11092 rest=136] sg=2->2 mode=NONE win=8 obs=48 | cap=wip act=TURN request=+45deg execute=+15deg x1 a=3 | sp=som:active d=3.3 age=9 dtg=4.36 region=0_7
ep=561 s=48 5253ms [sel=0 cap=5125 rest=128] sg=2->2 mode=NONE win=8 obs=49 | cap=wip act=TURN request=+45deg execute=+15deg x1 a=3 | sp=som:active d=3.3 age=10 dtg=4.36 region=0_7
ep=561 s=49 5722ms [sel=0 cap=5594 rest=128] sg=2->2 mode=NONE win=8 obs=50 | cap=wip act=TURN request=+45deg execute=+15deg x1 a=3 | sp=som:active d=3.3 age=11 dtg=4.36 region=0_7
ep=561 s=50 6338ms [sel=0 cap=6210 rest=128] sg=2->2 mode=NONE win=8 obs=51 | cap=wip act=TURN request=+45deg execute=+15deg x1 a=3 | sp=som:active d=3.3 age=12 dtg=4.36 region=0_7
ep=561 s=51 6801ms [sel=44 cap=6625 rest=132] sg=2->2 mode=NONE win=8 obs=52 | cap=wip act=(320,360) d=3.26 a=3 | sp=som:active d=3.3 age=13 dtg=4.36 region=0_7
ep=561 s=52 5757ms [sel=37 cap=5581 rest=139] sg=2->2 mode=NONE win=8 obs=53 | cap=wip act=(320,360) d=3.26 a=3 | sp=som:active d=3.3 age=14 dtg=4.36 region=0_7
ep=561 s=53 9074ms [sel=35 cap=8912 rest=126] sg=2->2 mode=NONE win=8 obs=54 | cap=wip act=(320,360) d=3.26 a=3 | sp=som:active d=3.3 age=15 dtg=4.36 region=0_7
ep=561 s=54 5630ms [sel=35 cap=5470 rest=125] sg=2->2 mode=NONE win=8 obs=55 | cap=wip act=(320,360) d=3.26 a=3 | sp=som:active d=3.3 age=16 dtg=4.36 region=0_7
ep=561 s=55 7053ms [sel=37 cap=6886 rest=129] sg=2->2 mode=NONE win=8 obs=56 | cap=wip act=(320,360) d=3.26 a=3 | sp=som:active d=3.3 age=17 dtg=4.36 region=0_7
ep=561 s=56 6314ms [sel=38 cap=6148 rest=129] sg=2->2 mode=NONE win=8 obs=57 | cap=wip act=(320,360) d=3.26 a=3 | sp=som:active d=3.3 age=18 dtg=4.36 region=0_7
ep=561 s=57 6826ms [sel=1697 cap=5000 rest=129] sg=2->3 mode=NONE win=8 obs=58 | cap=DONE act=(320,360) d=3.02 a=3 | sp=som:active d=3.0 age=0 som=4/8 dtg=4.36 region=0_7
ep=561 s=58 13100ms [sel=7 cap=12966 rest=128] sg=3->3 mode=NONE win=8 obs=59 | cap=wip act=(320,360) d=3.02 a=3 | sp=som:active d=3.0 age=1 dtg=4.36 region=0_7
ep=561 s=59 20214ms [sel=7 cap=19649 rest=522] sg=3->3 mode=NONE win=8 obs=60 | cap=wip act=(320,360) d=3.02 a=1 | preview=view-/6 yaw=+0 render=36ms | sp=som:active d=3.0 age=2 dtg=4.51 region=0_7
ep=561 s=60 6650ms [sel=3 cap=6524 rest=123] sg=3->3 mode=NONE win=8 obs=61 | cap=wip act=(320,360) d=2.77 a=1 | sp=som:active d=2.8 age=3 dtg=4.66 region=0_7
ep=561 s=61 6548ms [sel=3 cap=6419 rest=126] sg=3->3 mode=NONE win=8 obs=62 | cap=wip act=(320,360) d=2.52 a=1 | sp=som:active d=2.5 age=4 dtg=4.83 region=0_7
ep=561 s=62 12165ms [sel=3 cap=11570 rest=552] sg=3->3 mode=NONE win=8 obs=63 | cap=wip act=(320,360) d=2.27 a=1 | preview=view-/6 yaw=+0 render=40ms | sp=som:active d=2.3 age=5 dtg=5.00 region=0_7
ep=561 s=63 16027ms [sel=3 cap=15900 rest=124] sg=3->3 mode=NONE win=8 obs=64 | cap=wip act=(320,360) d=2.02 a=1 | sp=som:active d=2.0 age=6 dtg=5.18 region=0_7
ep=561 s=64 8861ms [sel=3 cap=8729 rest=129] sg=3->3 mode=NONE win=8 obs=65 | cap=wip act=(320,360) d=1.77 a=1 | sp=som:active d=1.8 age=7 dtg=5.37 region=0_7
ep=561 s=65 23252ms [sel=3 cap=22659 rest=553] sg=3->3 mode=NONE win=8 obs=66 | cap=wip act=(320,360) d=1.53 a=1 | preview=view-/6 yaw=+0 render=38ms | sp=som:active d=1.5 age=8 dtg=5.56 region=0_7
ep=561 s=66 15584ms [sel=3 cap=15452 rest=129] sg=3->3 mode=NONE win=8 obs=67 | cap=wip act=(320,360) d=1.28 a=1 | sp=som:active d=1.3 age=9 dtg=5.75 region=0_7
ep=561 s=67 11546ms [sel=3 cap=11381 rest=163] sg=3->3 mode=NONE win=8 obs=68 | cap=wip act=(320,360) d=1.04 a=1 | sp=som:active d=1.0 age=10 dtg=5.95 region=0_7
ep=561 s=68 16561ms [sel=3 cap=16016 rest=505] sg=3->3 mode=NONE win=8 obs=69 | cap=wip act=(320,360) d=0.80 a=1 | preview=view-/6 yaw=+0 render=38ms | sp=som:active d=0.8 age=11 dtg=6.16 region=0_7
ep=561 s=69 9600ms [sel=4 cap=9472 rest=124] sg=3->3 mode=NONE win=8 obs=70 | cap=wip act=(320,360) d=0.56 a=2 | sp=som:active d=0.6 age=12 dtg=6.16 region=0_7
ep=561 s=70 11200ms [sel=3 cap=11067 rest=130] sg=3->3 mode=NONE win=8 obs=71 | cap=wip act=(320,360) d=0.56 a=1 | sp=som:active d=0.6 age=13 dtg=6.48 region=0_7
ep=561 s=71 16089ms [sel=80 cap=15466 rest=505] sg=3->3 mode=NONE win=8 obs=72 | cap=wip act=(320,360) d=2.20 a=3 | preview=view-/6 yaw=+0 render=38ms | sp=frontier:active d=2.2 age=0 dtg=6.48 region=0_7
ep=561 s=72 7834ms [sel=7 cap=7699 rest=127] sg=3->3 mode=NONE win=8 obs=73 | cap=wip act=(320,360) d=2.20 a=3 | sp=frontier:active d=2.2 age=1 dtg=6.48 region=0_7
ep=561 s=73 8680ms [sel=3 cap=8544 rest=133] sg=3->3 mode=NONE win=8 obs=74 | cap=wip act=(320,360) d=2.20 a=3 | sp=frontier:active d=2.2 age=2 dtg=6.48 region=0_7
ep=561 s=74 14719ms [sel=3 cap=14165 rest=513] sg=3->3 mode=NONE win=8 obs=75 | cap=wip act=(320,360) d=2.20 a=1 | preview=view-/6 yaw=+0 render=38ms | sp=frontier:active d=2.2 age=3 dtg=6.72 region=0_7
ep=561 s=75 7503ms [sel=3 cap=7369 rest=130] sg=3->3 mode=NONE win=8 obs=76 | cap=wip act=(320,360) d=1.95 a=3 | sp=frontier:active d=1.9 age=4 dtg=6.72 region=0_7
ep=561 s=76 10494ms [sel=3 cap=10362 rest=128] sg=3->3 mode=NONE win=8 obs=77 | cap=wip act=(320,360) d=1.95 a=1 | sp=frontier:active d=1.9 age=5 dtg=6.97 region=0_7
ep=561 s=77 22682ms [sel=3 cap=22119 rest=523] sg=3->3 mode=NONE win=8 obs=78 | cap=wip act=(320,360) d=1.70 a=1 | preview=view-/6 yaw=+0 render=37ms | sp=frontier:active d=1.7 age=6 dtg=7.22 region=0_7
ep=561 s=78 13227ms [sel=4 cap=13092 rest=131] sg=3->3 mode=NONE win=8 obs=79 | cap=wip act=(320,360) d=1.46 a=1 | sp=frontier:active d=1.5 age=7 dtg=7.47 region=0_7
ep=561 s=79 14245ms [sel=3 cap=14114 rest=128] sg=3->3 mode=NONE win=8 obs=80 | cap=wip act=(320,360) d=1.22 a=1 | sp=frontier:active d=1.2 age=8 dtg=7.72 region=0_7
ep=561 s=80 13374ms [sel=3 cap=12783 rest=551] sg=3->3 mode=NONE win=8 obs=81 | cap=wip act=(320,360) d=0.98 a=2 | preview=view-/6 yaw=+0 render=37ms | sp=frontier:active d=1.0 age=9 dtg=7.72 region=0_7
ep=561 s=81 8219ms [sel=3 cap=8089 rest=126] sg=3->3 mode=NONE win=8 obs=82 | cap=wip act=(320,360) d=0.98 a=1 | sp=frontier:active d=1.0 age=10 dtg=7.97 region=0_7
ep=561 s=82 8246ms [sel=3 cap=8113 rest=129] sg=3->3 mode=NONE win=8 obs=83 | cap=wip act=(320,360) d=0.73 a=1 | sp=frontier:active d=0.7 age=11 dtg=8.21 region=0_7
ep=561 s=83 10626ms [sel=3214 cap=7275 rest=137] sg=3->3 mode=NONE win=8 obs=84 | cap=wip act=(320,360) d=3.43 a=2 | sp=som:active d=3.4 age=0 som=1/8 dtg=8.21 region=0_7
ep=561 s=84 8908ms [sel=65 cap=8719 rest=123] sg=3->3 mode=NONE win=8 obs=85 | cap=wip act=(320,360) d=3.43 a=2 | sp=som:active d=3.4 age=1 dtg=8.21 region=0_7
ep=561 s=85 12373ms [sel=63 cap=12184 rest=126] sg=3->3 mode=NONE win=8 obs=86 | cap=wip act=(320,360) d=3.43 a=2 | sp=som:active d=3.4 age=2 dtg=8.21 region=0_7
ep=561 s=86 20256ms [sel=63 cap=19647 rest=508] sg=3->3 mode=NONE win=8 obs=87 | cap=wip act=(320,360) d=3.43 a=2 | preview=view-/6 yaw=+0 render=38ms | sp=som:active d=3.4 age=3 dtg=8.21 region=0_7
ep=561 s=87 13835ms [sel=67 cap=13644 rest=124] sg=3->3 mode=NONE win=8 obs=88 | cap=wip act=(320,360) d=3.43 a=2 | sp=som:active d=3.4 age=4 dtg=8.21 region=0_7
ep=561 s=88 10422ms [sel=72 cap=10224 rest=126] sg=3->3 mode=NONE win=8 obs=89 | cap=wip act=(320,360) d=3.43 a=2 | sp=som:active d=3.4 age=5 dtg=8.21 region=0_7
ep=561 s=89 21185ms [sel=64 cap=20576 rest=505] sg=3->3 mode=NONE win=8 obs=90 | cap=wip act=(320,360) d=3.43 a=2 | preview=view-/6 yaw=+0 render=39ms | sp=som:active d=3.4 age=6 dtg=8.21 region=0_7
ep=561 s=90 25395ms [sel=65 cap=25204 rest=126] sg=3->3 mode=NONE win=8 obs=91 | cap=wip act=(320,360) d=3.43 a=2 | sp=som:active d=3.4 age=7 dtg=8.21 region=0_7
ep=561 s=91 13344ms [sel=61 cap=13155 rest=128] sg=3->3 mode=NONE win=8 obs=92 | cap=wip act=(320,360) d=3.43 a=2 | sp=som:active d=3.4 age=8 dtg=8.21 region=0_7
ep=561 s=92 19572ms [sel=54 cap=18955 rest=520] sg=3->3 mode=NONE win=8 obs=93 | cap=wip act=(320,360) d=3.43 a=2 | preview=view-/6 yaw=+0 render=41ms | sp=som:active d=3.4 age=9 dtg=8.21 region=0_7
ep=561 s=93 8628ms [sel=50 cap=8448 rest=131] sg=3->3 mode=NONE win=8 obs=94 | cap=wip act=(320,360) d=3.43 a=1 | sp=som:active d=3.4 age=10 dtg=7.98 region=0_7
ep=561 s=94 10730ms [sel=52 cap=10550 rest=129] sg=3->3 mode=NONE win=8 obs=95 | cap=wip act=(320,360) d=3.67 a=2 | sp=som:active d=3.7 age=11 dtg=7.98 region=0_7
ep=561 s=95 15556ms [sel=48 cap=14917 rest=554] sg=3->3 mode=NONE win=8 obs=96 | cap=wip act=(320,360) d=3.67 a=2 | preview=view-/6 yaw=+0 render=38ms | sp=som:active d=3.7 age=12 dtg=7.98 region=0_7
ep=561 s=96 10978ms [sel=45 cap=10804 rest=129] sg=3->3 mode=NONE win=8 obs=97 | cap=wip act=(320,360) d=3.67 a=1 | sp=som:active d=3.7 age=13 dtg=7.73 region=0_7
ep=561 s=97 7551ms [sel=45 cap=7378 rest=129] sg=3->3 mode=NONE win=8 obs=98 | cap=wip act=(320,360) d=3.92 a=1 | sp=som:active d=3.9 age=14 dtg=7.49 region=0_7
ep=561 s=98 16667ms [sel=48 cap=16038 rest=540] sg=3->3 mode=NONE win=8 obs=99 | cap=wip act=(320,360) d=4.16 a=1 | preview=view-/6 yaw=+0 render=41ms | sp=som:active d=4.2 age=15 dtg=7.24 region=0_7
ep=561 s=99 6808ms [sel=48 cap=6599 rest=161] sg=3->3 mode=NONE win=8 obs=100 | cap=wip act=(320,360) d=4.40 a=1 | sp=som:active d=4.4 age=16 dtg=7.00 region=0_7
ep=561 s=100 7860ms [sel=50 cap=7678 rest=132] sg=3->3 mode=NONE win=8 obs=101 | cap=wip act=(320,360) d=4.65 a=1 | sp=som:active d=4.7 age=17 dtg=6.75 region=0_7
ep=561 s=101 16813ms [sel=52 cap=16180 rest=544] sg=3->3 mode=NONE win=8 obs=102 | cap=wip act=(320,360) d=4.90 a=2 | preview=view-/6 yaw=+0 render=37ms | sp=som:active d=4.9 age=18 dtg=6.75 region=0_7
ep=561 s=102 10915ms [sel=55 cap=10730 rest=129] sg=3->3 mode=NONE win=8 obs=103 | cap=wip act=(320,360) d=4.90 a=1 | sp=som:active d=4.9 age=19 dtg=6.53 region=0_7
ep=561 s=103 10402ms [sel=92 cap=10179 rest=131] sg=3->3 mode=NONE win=8 obs=104 | cap=wip act=(320,360) d=4.31 a=2 | sp=frontier:active d=4.3 age=0 dtg=6.53 region=0_7
ep=561 s=104 7177ms [sel=9 cap=7043 rest=125] sg=3->3 mode=NONE win=8 obs=105 | cap=wip act=(320,360) d=4.31 a=2 | sp=frontier:active d=4.3 age=1 dtg=6.53 region=0_7
ep=561 s=105 14526ms [sel=9 cap=13952 rest=529] sg=3->3 mode=NONE win=8 obs=106 | cap=wip act=(320,360) d=4.31 a=2 | preview=view-/6 yaw=+0 render=37ms | sp=frontier:active d=4.3 age=2 dtg=6.53 region=0_7
ep=561 s=106 8768ms [sel=14 cap=8625 rest=130] sg=3->3 mode=NONE win=8 obs=107 | cap=wip act=(320,360) d=4.31 a=1 | sp=frontier:active d=4.3 age=3 dtg=6.21 region=0_7
ep=561 s=107 8622ms [sel=4 cap=8480 rest=138] sg=3->3 mode=NONE win=8 obs=108 | cap=wip act=(320,360) d=4.05 a=1 | sp=frontier:active d=4.1 age=4 dtg=6.12 region=0_7
ep=561 s=108 14357ms [sel=3 cap=13789 rest=527] sg=3->3 mode=NONE win=8 obs=109 | cap=wip act=(320,360) d=3.80 a=1 | preview=view-/6 yaw=+0 render=38ms | sp=frontier:active d=3.8 age=5 dtg=6.04 region=0_7
ep=561 s=109 12301ms [sel=3 cap=12168 rest=130] sg=3->3 mode=NONE win=8 obs=110 | cap=wip act=(320,360) d=3.56 a=2 | sp=frontier:active d=3.6 age=6 dtg=6.04 region=0_7
ep=561 s=110 14776ms [sel=3 cap=14644 rest=129] sg=3->3 mode=NONE win=8 obs=111 | cap=wip act=(320,360) d=3.56 a=1 | sp=frontier:active d=3.6 age=7 dtg=6.03 region=0_7
ep=561 s=111 14898ms [sel=27 cap=14252 rest=569] sg=3->3 mode=NONE win=8 obs=112 | cap=wip act=(320,360) d=3.33 a=3 | preview=view-/6 yaw=+0 render=50ms | sp=frontier:active d=3.3 age=8 dtg=6.03 region=0_7
ep=561 s=112 7682ms [sel=16 cap=7536 rest=129] sg=3->3 mode=NONE win=8 obs=113 | cap=wip act=(320,360) d=3.33 a=3 | sp=frontier:active d=3.3 age=9 dtg=6.03 region=0_7
ep=561 s=113 5186ms [sel=4 cap=5052 rest=130] sg=3->3 mode=NONE win=8 obs=114 | cap=wip act=(320,360) d=3.33 a=1 | sp=frontier:active d=3.3 age=10 dtg=5.91 region=0_7
ep=561 s=114 12650ms [sel=11 cap=12059 rest=539] sg=3->3 mode=NONE win=8 obs=115 | cap=wip act=(320,360) d=3.08 a=3 | preview=view-/6 yaw=+0 render=41ms | sp=frontier:active d=3.1 age=11 dtg=5.91 region=0_7
ep=561 s=115 8780ms [sel=3 cap=8649 rest=127] sg=3->3 mode=NONE win=8 obs=116 | cap=wip act=(320,360) d=3.08 a=1 | sp=frontier:active d=3.1 age=12 dtg=5.74 region=0_7
ep=561 s=116 8430ms [sel=3 cap=8300 rest=127] sg=3->3 mode=NONE win=8 obs=117 | cap=wip act=(320,360) d=2.85 a=3 | sp=frontier:active d=2.8 age=13 dtg=5.74 region=0_7
ep=561 s=117 17008ms [sel=3 cap=16428 rest=540] sg=3->3 mode=NONE win=8 obs=118 | cap=wip act=(320,360) d=2.85 a=1 | preview=view-/6 yaw=+0 render=36ms | sp=frontier:active d=2.8 age=14 dtg=5.53 region=0_7
ep=561 s=118 12289ms [sel=4 cap=12159 rest=126] sg=3->3 mode=NONE win=8 obs=119 | cap=wip act=(320,360) d=2.65 a=3 | sp=frontier:active d=2.7 age=15 dtg=5.53 region=0_7
ep=561 s=119 12192ms [sel=9 cap=12051 rest=132] sg=3->3 mode=NONE win=8 obs=120 | cap=wip act=(320,360) d=2.65 a=1 | sp=frontier:active d=2.7 age=16 dtg=5.29 region=0_7
ep=561 s=120 15494ms [sel=87 cap=14856 rest=515] sg=3->3 mode=NONE win=8 obs=121 | cap=wip act=(320,360) d=6.68 a=3 | preview=view-/6 yaw=+0 render=36ms | sp=frontier:active d=6.7 age=0 dtg=5.29 region=0_7
ep=561 s=121 8999ms [sel=15 cap=8856 rest=128] sg=3->3 mode=NONE win=8 obs=122 | cap=wip act=(320,360) d=6.68 a=1 | sp=frontier:active d=6.7 age=1 dtg=5.04 region=0_7
ep=561 s=122 7268ms [sel=14 cap=7126 rest=128] sg=3->3 mode=NONE win=8 obs=123 | cap=wip act=(320,360) d=6.43 a=1 | sp=frontier:active d=6.4 age=2 dtg=4.79 region=0_7
ep=561 s=123 10417ms [sel=12 cap=10280 rest=126] sg=3->3 mode=NONE win=8 obs=124 | cap=wip act=(320,360) d=6.19 a=1 | sp=frontier:active d=6.2 age=3 dtg=4.55 region=0_7
ep=561 s=124 13585ms [sel=10 cap=13449 rest=126] sg=3->3 mode=NONE win=8 obs=125 | cap=wip act=(320,360) d=5.94 a=1 | sp=frontier:active d=5.9 age=4 dtg=4.30 region=0_7
ep=561 s=125 8851ms [sel=9 cap=8717 rest=125] sg=3->3 mode=NONE win=8 obs=126 | cap=wip act=(320,360) d=5.69 a=1 | sp=frontier:active d=5.7 age=5 dtg=4.05 region=0_7
ep=561 s=126 12939ms [sel=7 cap=12810 rest=122] sg=3->3 mode=NONE win=8 obs=127 | cap=wip act=(320,360) d=5.44 a=1 | sp=frontier:active d=5.4 age=6 dtg=3.80 region=0_7
ep=561 s=127 9556ms [sel=5 cap=9429 rest=122] sg=3->3 mode=NONE win=8 obs=128 | cap=wip act=(320,360) d=5.20 a=1 | sp=frontier:active d=5.2 age=7 dtg=3.55 region=0_7
ep=561 s=128 9855ms [sel=3445 cap=6287 rest=123] sg=3->3 mode=NONE win=8 obs=129 | cap=wip act=(320,360) d=3.00 a=3 | sp=som:active d=3.0 age=0 som=2/7 dtg=3.55 region=0_7
ep=561 s=129 13600ms [sel=3 cap=13472 rest=125] sg=3->3 mode=NONE win=8 obs=130 | cap=wip act=(320,360) d=3.00 a=1 | sp=som:active d=3.0 age=1 dtg=3.30 region=0_7
ep=561 s=130 6881ms [sel=3 cap=6750 rest=128] sg=3->3 mode=NONE win=8 obs=131 | cap=wip act=(320,360) d=2.75 a=1 | sp=som:active d=2.7 age=2 dtg=3.06 region=0_7
ep=561 s=131 9169ms [sel=3 cap=9020 rest=146] sg=3->3 mode=NONE win=8 obs=132 | cap=wip act=(320,360) d=2.50 a=1 | sp=som:active d=2.5 age=3 dtg=2.81 region=0_7
ep=561 s=132 6403ms [sel=3 cap=6275 rest=125] sg=3->3 mode=NONE win=8 obs=133 | cap=wip act=(320,360) d=2.26 a=1 | sp=som:active d=2.3 age=4 dtg=2.56 region=0_7
ep=561 s=133 8483ms [sel=3 cap=8355 rest=124] sg=3->3 mode=NONE win=8 obs=134 | cap=wip act=(320,360) d=2.01 a=2 | sp=som:active d=2.0 age=5 dtg=2.56 region=0_7
ep=561 s=134 14263ms [sel=3 cap=13687 rest=536] sg=3->3 mode=NONE win=8 obs=135 | cap=wip act=(320,360) d=2.01 a=1 | preview=view-/6 yaw=+0 render=38ms | sp=som:active d=2.0 age=6 dtg=2.31 region=0_12
ep=561 s=135 6279ms [sel=3 cap=6145 rest=131] sg=3->3 mode=NONE win=8 obs=136 | cap=wip act=(320,360) d=1.76 a=1 | sp=som:active d=1.8 age=7 dtg=2.07 region=0_12
ep=561 s=136 5059ms [sel=3 cap=4923 rest=133] sg=3->3 mode=NONE win=8 obs=137 | cap=wip act=(320,360) d=1.51 a=1 | sp=som:active d=1.5 age=8 dtg=1.82 region=0_12
ep=561 s=137 5213ms [sel=3 cap=5078 rest=132] sg=3->3 mode=NONE win=8 obs=138 | cap=wip act=(320,360) d=1.26 a=1 | sp=som:active d=1.3 age=9 dtg=1.57 region=0_12
ep=561 s=138 6632ms [sel=3 cap=6504 rest=125] sg=3->3 mode=NONE win=8 obs=139 | cap=wip act=(320,360) d=1.01 a=1 | sp=som:active d=1.0 age=10 dtg=1.32 region=0_6
ep=561 s=139 17797ms [sel=5 cap=17257 rest=497] sg=3->None mode=NONE win=8 obs=140 | cap=DONE act=(320,360) d=1.00 a=1 | preview=view-/6 yaw=+0 render=38ms | sp=som:active d=0.8 age=11 ovr=1 dtg=1.08 region=0_6
ep=561 s=140 124ms [sel=5 cap=0 rest=119] sg=None->None mode=NONE win=8 obs=141 | cap=- act=(320,360) d=1.00 a=1 | sp=som:active d=0.5 age=12 ovr=1 dtg=0.83 region=0_6
ep=561 s=141 126ms [sel=5 cap=0 rest=121] sg=None->None mode=NONE win=8 obs=142 | cap=- act=(320,360) d=1.00 a=1 | sp=som:reached d=0.3 age=13 ovr=1 dtg=0.60 region=0_6
ep=561 s=142 118ms [sel=0 cap=0 rest=118] sg=None->None mode=NONE win=8 obs=143 | cap=- act=STOP | sp=som:reached d=0.3 age=14 ovr=1 dtg=0.60 region=0_6
rank=1 [5/13] id=561 steps=143 success=1.000 spl=0.569 dtg=0.60 osr=1 path_length=20.71 ndtw=0.643 sdtw=0.643
PluginManager::Manager: duplicate static plugin StbImageImporter, ignoring
PluginManager::Manager: duplicate static plugin GltfImporter, ignoring
PluginManager::Manager: duplicate static plugin BasisImporter, ignoring
PluginManager::Manager: duplicate static plugin AssimpImporter, ignoring
PluginManager::Manager: duplicate static plugin AnySceneImporter, ignoring
PluginManager::Manager: duplicate static plugin AnyImageImporter, ignoring
episode=716 instruction='Go forward through the cooking area and the food store. Veer right and step into the sleeping quarters at the far end of the workspace. Stop once you have passed the entry panel.' start_position=[12.461600303649902, 0.17162801325321198, -2.3902199268341064] goal_position=[0.2081959992647171, 0.17162801325321198, -3.8352599143981934] reference_geodesic=12.478535652160645
episode=716 prepared_subgoals=5
  [1] Go forward through the cooking area
      proof: The cooking area is fully passed and the food store is directly ahead.
  [2] Go forward through the food store
      proof: The food store is fully passed and the workspace is directly ahead.
  [3] Veer right at the end of the workspace
      proof: The sleeping quarters entrance is centred in the view after the turn.
  [4] Step into the sleeping quarters
      proof: The sleeping quarters interior is central in the view after crossing the threshold.
  [5] Stop once passed the entry panel
      proof: The entry panel is behind the camera and the sleeping quarters interior fills the view
ep=716 s=0 9889ms [sel=24 cap=9315 rest=512] sg=1->1 mode=NONE win=1 obs=1 | cap=wip act=(160,180) d=3.55 a=2 | preview=view1/6 yaw=-45 render=37ms | sp=preview:active d=3.6 age=0 dtg=12.48 region=0_19
ep=716 s=1 7213ms [sel=7 cap=7111 rest=95] sg=1->1 mode=NONE win=2 obs=2 | cap=wip act=TURN request=-45deg execute=-15deg x1 a=2 | sp=preview:active d=3.6 age=1 dtg=12.48 region=0_19
ep=716 s=2 9146ms [sel=4 cap=9040 rest=103] sg=1->1 mode=NONE win=3 obs=3 | cap=wip act=(320,360) d=3.55 a=2 | sp=preview:active d=3.6 age=2 dtg=12.48 region=0_19
ep=716 s=3 7005ms [sel=3 cap=6905 rest=97] sg=1->1 mode=NONE win=4 obs=4 | cap=wip act=(320,360) d=3.55 a=2 | sp=preview:active d=3.6 age=3 dtg=12.48 region=0_19
ep=716 s=4 4713ms [sel=3 cap=4602 rest=108] sg=1->1 mode=NONE win=5 obs=5 | cap=wip act=(320,360) d=3.55 a=1 | sp=preview:active d=3.6 age=4 dtg=12.23 region=0_19
ep=716 s=5 6660ms [sel=3 cap=6549 rest=107] sg=1->1 mode=NONE win=6 obs=6 | cap=wip act=(320,360) d=3.30 a=1 | sp=preview:active d=3.3 age=5 dtg=11.98 region=0_19
ep=716 s=6 9057ms [sel=3 cap=8948 rest=106] sg=1->1 mode=NONE win=7 obs=7 | cap=wip act=(320,360) d=3.05 a=1 | sp=preview:active d=3.1 age=6 dtg=11.73 region=0_19
ep=716 s=7 7692ms [sel=3 cap=7584 rest=105] sg=1->1 mode=NONE win=8 obs=8 | cap=wip act=(320,360) d=2.80 a=1 | sp=preview:active d=2.8 age=7 dtg=11.48 region=0_19
ep=716 s=8 6561ms [sel=3 cap=6454 rest=104] sg=1->1 mode=NONE win=8 obs=9 | cap=wip act=(320,360) d=2.55 a=1 | sp=preview:active d=2.6 age=8 dtg=11.23 region=0_19
ep=716 s=9 7551ms [sel=4 cap=7443 rest=105] sg=1->1 mode=NONE win=8 obs=10 | cap=wip act=(320,360) d=2.30 a=1 | sp=preview:active d=2.3 age=9 dtg=10.98 region=0_19
ep=716 s=10 7259ms [sel=3 cap=7151 rest=105] sg=1->1 mode=NONE win=8 obs=11 | cap=wip act=(320,360) d=2.05 a=1 | sp=preview:active d=2.1 age=10 dtg=10.73 region=0_10
ep=716 s=11 6359ms [sel=3 cap=6253 rest=103] sg=1->1 mode=NONE win=8 obs=12 | cap=wip act=(320,360) d=1.80 a=1 | sp=preview:active d=1.8 age=11 dtg=10.48 region=0_10
ep=716 s=12 6523ms [sel=3 cap=6416 rest=103] sg=1->1 mode=NONE win=8 obs=13 | cap=wip act=(320,360) d=1.55 a=1 | sp=preview:active d=1.6 age=12 dtg=10.23 region=0_10
ep=716 s=13 5061ms [sel=3 cap=4954 rest=103] sg=1->1 mode=NONE win=8 obs=14 | cap=wip act=(320,360) d=1.30 a=1 | sp=preview:active d=1.3 age=13 dtg=9.98 region=0_10
ep=716 s=14 12055ms [sel=6604 cap=5349 rest=102] sg=1->1 mode=NONE win=8 obs=15 | cap=wip act=(320,360) d=2.95 a=1 | sp=som:active d=3.0 age=0 som=2/8 dtg=9.73 region=0_10
ep=716 s=15 6385ms [sel=3 cap=6277 rest=105] sg=1->1 mode=NONE win=8 obs=16 | cap=wip act=(320,360) d=2.70 a=1 | sp=som:active d=2.7 age=1 dtg=9.48 region=0_10
ep=716 s=16 5970ms [sel=4 cap=5861 rest=106] sg=1->1 mode=NONE win=8 obs=17 | cap=wip act=(320,360) d=2.45 a=1 | sp=som:active d=2.5 age=2 dtg=9.23 region=0_10
ep=716 s=17 5387ms [sel=4 cap=5273 rest=111] sg=1->1 mode=NONE win=8 obs=18 | cap=wip act=(320,360) d=2.20 a=1 | sp=som:active d=2.2 age=3 dtg=8.98 region=0_10
ep=716 s=18 4103ms [sel=3 cap=3996 rest=104] sg=1->1 mode=NONE win=8 obs=19 | cap=wip act=(320,360) d=1.95 a=1 | sp=som:active d=2.0 age=4 dtg=8.73 region=0_10
ep=716 s=19 7794ms [sel=3 cap=7678 rest=113] sg=1->1 mode=NONE win=8 obs=20 | cap=wip act=(320,360) d=1.70 a=1 | sp=som:active d=1.7 age=5 dtg=8.48 region=0_10
ep=716 s=20 5454ms [sel=3 cap=5340 rest=110] sg=1->1 mode=NONE win=8 obs=21 | cap=wip act=(320,360) d=1.45 a=1 | sp=som:active d=1.5 age=6 dtg=8.24 region=0_10
ep=716 s=21 6309ms [sel=3 cap=6195 rest=111] sg=1->1 mode=NONE win=8 obs=22 | cap=wip act=(320,360) d=1.20 a=1 | sp=som:active d=1.2 age=7 dtg=7.99 region=0_10
ep=716 s=22 7842ms [sel=3 cap=7732 rest=107] sg=1->1 mode=NONE win=8 obs=23 | cap=wip act=(320,360) d=0.95 a=1 | sp=som:active d=1.0 age=8 dtg=7.74 region=0_10
ep=716 s=23 9865ms [sel=3 cap=9753 rest=109] sg=1->1 mode=NONE win=8 obs=24 | cap=wip act=(320,360) d=0.70 a=1 | sp=som:active d=0.7 age=9 dtg=7.49 region=0_10
ep=716 s=24 8701ms [sel=2511 cap=6082 rest=108] sg=1->1 mode=NONE win=8 obs=25 | cap=wip act=(320,360) d=3.26 a=1 | sp=som:active d=3.3 age=0 som=2/8 dtg=7.24 region=0_10
ep=716 s=25 7777ms [sel=3 cap=7670 rest=103] sg=1->1 mode=NONE win=8 obs=26 | cap=wip act=(320,360) d=3.01 a=1 | sp=som:active d=3.0 age=1 dtg=6.99 region=0_10
ep=716 s=26 4504ms [sel=3 cap=4396 rest=104] sg=1->1 mode=NONE win=8 obs=27 | cap=wip act=(320,360) d=2.76 a=1 | sp=som:active d=2.8 age=2 dtg=6.74 region=0_10
ep=716 s=27 7199ms [sel=3 cap=7091 rest=106] sg=1->1 mode=NONE win=8 obs=28 | cap=wip act=(320,360) d=2.51 a=1 | sp=som:active d=2.5 age=3 dtg=6.50 region=0_18
ep=716 s=28 6607ms [sel=3 cap=6500 rest=104] sg=1->1 mode=NONE win=8 obs=29 | cap=wip act=(320,360) d=2.26 a=1 | sp=som:active d=2.3 age=4 dtg=6.25 region=0_18
ep=716 s=29 6551ms [sel=3 cap=6446 rest=101] sg=1->1 mode=NONE win=8 obs=30 | cap=wip act=(320,360) d=2.02 a=1 | sp=som:active d=2.0 age=5 dtg=6.01 region=0_18
ep=716 s=30 7640ms [sel=3 cap=7539 rest=98] sg=1->1 mode=NONE win=8 obs=31 | cap=wip act=(320,360) d=1.77 a=1 | sp=som:active d=1.8 age=6 dtg=5.76 region=0_18
ep=716 s=31 10619ms [sel=2447 cap=8072 rest=100] sg=1->2 mode=NONE win=8 obs=32 | cap=DONE act=(320,360) d=2.91 a=1 | sp=som:active d=2.9 age=0 som=3/8 dtg=5.52 region=0_18
ep=716 s=32 8356ms [sel=9 cap=8238 rest=109] sg=2->2 mode=NONE win=8 obs=33 | cap=wip act=(320,360) d=2.66 a=1 | sp=som:active d=2.7 age=1 dtg=5.29 region=0_18
ep=716 s=33 21396ms [sel=11 cap=21279 rest=106] sg=2->2 mode=NONE win=8 obs=34 | cap=wip act=(320,360) d=2.41 a=1 | sp=som:active d=2.4 age=2 dtg=5.07 region=0_18
ep=716 s=34 10766ms [sel=15 cap=10248 rest=467] sg=2->2 mode=NONE win=8 obs=35 | cap=wip act=(320,360) d=2.16 a=1 | preview=view-/6 yaw=+0 render=36ms | sp=som:active d=2.2 age=3 dtg=4.86 region=0_18
ep=716 s=35 9785ms [sel=7 cap=9692 rest=86] sg=2->2 mode=NONE win=8 obs=36 | cap=wip act=(320,360) d=1.92 a=2 | sp=som:active d=1.9 age=4 dtg=4.86 region=0_18
ep=716 s=36 6502ms [sel=9 cap=6406 rest=86] sg=2->2 mode=NONE win=8 obs=37 | cap=wip act=(320,360) d=1.92 a=1 | sp=som:active d=1.9 age=5 dtg=4.71 region=0_18
ep=716 s=37 7810ms [sel=14 cap=7709 rest=87] sg=2->2 mode=NONE win=8 obs=38 | cap=wip act=(320,360) d=1.67 a=1 | sp=som:active d=1.7 age=6 dtg=4.58 region=0_18
ep=716 s=38 8478ms [sel=15 cap=8372 rest=91] sg=2->2 mode=NONE win=8 obs=39 | cap=wip act=(320,360) d=1.42 a=2 | sp=som:active d=1.4 age=7 dtg=4.58 region=0_18
ep=716 s=39 15424ms [sel=8 cap=15329 rest=87] sg=2->2 mode=NONE win=8 obs=40 | cap=wip act=(320,360) d=1.42 a=2 | sp=som:active d=1.4 age=8 dtg=4.58 region=0_18
ep=716 s=40 7837ms [sel=4 cap=7748 rest=85] sg=2->2 mode=NONE win=8 obs=41 | cap=wip act=(320,360) d=1.42 a=1 | sp=som:active d=1.4 age=9 dtg=4.63 region=0_18
ep=716 s=41 6386ms [sel=5 cap=6299 rest=83] sg=2->2 mode=NONE win=8 obs=42 | cap=wip act=(320,360) d=1.24 a=2 | sp=som:active d=1.2 age=10 dtg=4.63 region=0_18
ep=716 s=42 9470ms [sel=7 cap=8968 rest=459] sg=2->2 mode=NONE win=8 obs=43 | cap=wip act=(320,360) d=1.24 a=1 | preview=view-/6 yaw=+0 render=36ms | sp=som:active d=1.2 age=11 dtg=4.79 region=0_18
ep=716 s=43 6328ms [sel=5 cap=6248 rest=75] sg=2->2 mode=NONE win=8 obs=44 | cap=wip act=(320,360) d=1.15 a=2 | sp=som:active d=1.1 age=12 dtg=4.79 region=0_18
ep=716 s=44 8953ms [sel=5 cap=8855 rest=93] sg=2->2 mode=NONE win=8 obs=45 | cap=wip act=(320,360) d=1.15 a=1 | sp=som:active d=1.1 age=13 dtg=5.00 region=0_18
ep=716 s=45 10716ms [sel=4 cap=10232 rest=419] sg=2->2 mode=NONE win=8 obs=46 | cap=wip act=(320,360) d=1.17 a=1 | preview=view-/6 yaw=+0 render=61ms | sp=som:active d=1.2 age=14 dtg=5.23 region=0_18
ep=716 s=46 6985ms [sel=4 cap=6902 rest=79] sg=2->2 mode=NONE win=8 obs=47 | cap=wip act=(320,360) d=1.24 a=2 | sp=som:active d=1.2 age=15 dtg=5.23 region=0_18
ep=716 s=47 17138ms [sel=4 cap=17050 rest=84] sg=2->2 mode=NONE win=8 obs=48 | cap=wip act=(320,360) d=1.24 a=1 | sp=som:active d=1.2 age=16 dtg=5.48 region=0_18
ep=716 s=48 13307ms [sel=41 cap=12816 rest=416] sg=2->2 mode=NONE win=8 obs=49 | cap=wip act=(160,180) d=4.23 a=2 | preview=view2/6 yaw=-45 render=35ms | sp=preview:active d=4.2 age=0 dtg=5.48 region=0_18
ep=716 s=49 12200ms [sel=3 cap=12111 rest=87] sg=2->2 mode=NONE win=8 obs=50 | cap=wip act=(320,360) d=4.23 a=2 | sp=preview:active d=4.2 age=1 dtg=5.48 region=0_18
ep=716 s=50 6710ms [sel=3 cap=6619 rest=88] sg=2->2 mode=NONE win=8 obs=51 | cap=wip act=(320,360) d=4.23 a=1 | sp=preview:active d=4.2 age=2 dtg=5.71 region=0_18
ep=716 s=51 11619ms [sel=3 cap=11528 rest=88] sg=2->2 mode=NONE win=8 obs=52 | cap=wip act=(320,360) d=4.00 a=1 | sp=preview:active d=4.0 age=3 dtg=5.95 region=0_17
ep=716 s=52 9585ms [sel=36 cap=9038 rest=475] sg=2->2 mode=NONE win=8 obs=53 | cap=wip act=(160,180) d=3.38 a=2 | preview=view2/6 yaw=-45 render=35ms | sp=preview:active d=3.4 age=0 dtg=5.95 region=0_17
ep=716 s=53 7224ms [sel=3 cap=7125 rest=96] sg=2->2 mode=NONE win=8 obs=54 | cap=wip act=(320,360) d=3.38 a=1 | sp=preview:active d=3.4 age=1 dtg=6.16 region=0_17
ep=716 s=54 8132ms [sel=2220 cap=5808 rest=104] sg=2->3 mode=NONE win=8 obs=55 | cap=DONE act=(320,360) d=2.87 a=3 | sp=frontier:active d=2.9 age=0 som=R/8 dtg=6.16 region=0_17
ep=716 s=55 11323ms [sel=24 cap=11204 rest=96] sg=3->3 mode=NONE win=8 obs=56 | cap=wip act=(320,360) d=2.87 a=3 | sp=frontier:active d=2.9 age=1 dtg=6.16 region=0_17
ep=716 s=56 9176ms [sel=24 cap=9062 rest=91] sg=3->3 mode=NONE win=8 obs=57 | cap=wip act=(320,360) d=2.87 a=3 | sp=frontier:active d=2.9 age=2 dtg=6.16 region=0_17
ep=716 s=57 12529ms [sel=23 cap=12422 rest=85] sg=3->3 mode=NONE win=8 obs=58 | cap=wip act=(320,360) d=2.87 a=3 | sp=frontier:active d=2.9 age=3 dtg=6.16 region=0_17
ep=716 s=58 12406ms [sel=25 cap=12300 rest=81] sg=3->3 mode=NONE win=8 obs=59 | cap=wip act=(320,360) d=2.87 a=3 | sp=frontier:active d=2.9 age=4 dtg=6.16 region=0_17
ep=716 s=59 10843ms [sel=26 cap=10735 rest=82] sg=3->3 mode=NONE win=8 obs=60 | cap=wip act=(320,360) d=2.87 a=3 | sp=frontier:active d=2.9 age=5 dtg=6.16 region=0_17
ep=716 s=60 11910ms [sel=4485 cap=7336 rest=89] sg=3->4 mode=NONE win=8 obs=61 | cap=DONE act=(320,360) d=2.97 a=3 | sp=som:active d=3.0 age=0 som=3/7 dtg=6.16 region=0_17
ep=716 s=61 5501ms [sel=4 cap=5398 rest=99] sg=4->4 mode=NONE win=8 obs=62 | cap=wip act=(320,360) d=2.97 a=3 | sp=som:active d=3.0 age=1 dtg=6.16 region=0_17
ep=716 s=62 6978ms [sel=3 cap=6875 rest=101] sg=4->4 mode=NONE win=8 obs=63 | cap=wip act=(320,360) d=2.97 a=3 | sp=som:active d=3.0 age=2 dtg=6.16 region=0_17
ep=716 s=63 9067ms [sel=3 cap=8979 rest=85] sg=4->4 mode=NONE win=8 obs=64 | cap=wip act=(320,360) d=2.97 a=1 | sp=som:active d=3.0 age=3 dtg=6.11 region=0_17
ep=716 s=64 6190ms [sel=4 cap=6098 rest=88] sg=4->4 mode=NONE win=8 obs=65 | cap=wip act=(320,360) d=2.73 a=1 | sp=som:active d=2.7 age=4 dtg=6.08 region=0_17
ep=716 s=65 7987ms [sel=3 cap=7893 rest=91] sg=4->4 mode=NONE win=8 obs=66 | cap=wip act=(320,360) d=2.48 a=2 | sp=som:active d=2.5 age=5 dtg=6.08 region=0_17
ep=716 s=66 4249ms [sel=3 cap=4153 rest=93] sg=4->4 mode=NONE win=8 obs=67 | cap=wip act=(320,360) d=2.48 a=1 | sp=som:active d=2.5 age=6 dtg=6.15 region=0_17
ep=716 s=67 9473ms [sel=3 cap=9378 rest=92] sg=4->4 mode=NONE win=8 obs=68 | cap=wip act=(320,360) d=2.23 a=1 | sp=som:active d=2.2 age=7 dtg=6.30 region=0_17
ep=716 s=68 16553ms [sel=3 cap=16455 rest=95] sg=4->4 mode=NONE win=8 obs=69 | cap=wip act=(320,360) d=1.98 a=1 | sp=som:active d=2.0 age=8 dtg=6.52 region=0_17
ep=716 s=69 6418ms [sel=3 cap=6319 rest=96] sg=4->4 mode=NONE win=8 obs=70 | cap=wip act=(320,360) d=1.73 a=1 | sp=som:active d=1.7 age=9 dtg=6.75 region=0_2
ep=716 s=70 6930ms [sel=3 cap=6829 rest=98] sg=4->4 mode=NONE win=8 obs=71 | cap=wip act=(320,360) d=1.48 a=1 | sp=som:active d=1.5 age=10 dtg=6.99 region=0_2
ep=716 s=71 20871ms [sel=3 cap=20761 rest=107] sg=4->4 mode=NONE win=8 obs=72 | cap=wip act=(320,360) d=1.23 a=3 | sp=som:active d=1.2 age=11 dtg=6.99 region=0_2
ep=716 s=72 9702ms [sel=3 cap=9592 rest=107] sg=4->4 mode=NONE win=8 obs=73 | cap=wip act=(320,360) d=1.23 a=1 | sp=som:active d=1.2 age=12 dtg=7.22 region=0_2
ep=716 s=73 11088ms [sel=3 cap=10969 rest=116] sg=4->4 mode=NONE win=8 obs=74 | cap=wip act=(320,360) d=0.99 a=1 | sp=som:active d=1.0 age=13 dtg=7.45 region=0_2
ep=716 s=74 12347ms [sel=3 cap=12239 rest=104] sg=4->4 mode=NONE win=8 obs=75 | cap=wip act=(320,360) d=0.75 a=2 | sp=som:active d=0.8 age=14 dtg=7.45 region=0_2
ep=716 s=75 5151ms [sel=3 cap=5042 rest=105] sg=4->4 mode=NONE win=8 obs=76 | cap=wip act=(320,360) d=0.75 a=1 | sp=som:active d=0.8 age=15 dtg=7.70 region=0_2
ep=716 s=76 7287ms [sel=3 cap=7181 rest=103] sg=4->4 mode=NONE win=8 obs=77 | cap=wip act=(320,360) d=0.50 a=1 | sp=som:active d=0.5 age=16 dtg=7.95 region=0_2
ep=716 s=77 11006ms [sel=2217 cap=8682 rest=107] sg=4->4 mode=NONE win=8 obs=78 | cap=wip act=(320,360) d=2.53 a=1 | sp=som:active d=2.5 age=0 som=2/6 dtg=8.20 region=0_2
ep=716 s=78 5353ms [sel=3 cap=5240 rest=110] sg=4->4 mode=NONE win=8 obs=79 | cap=wip act=(320,360) d=2.29 a=3 | sp=som:active d=2.3 age=1 dtg=8.20 region=0_2
ep=716 s=79 9541ms [sel=3 cap=9436 rest=101] sg=4->4 mode=NONE win=8 obs=80 | cap=wip act=(320,360) d=2.29 a=1 | sp=som:active d=2.3 age=2 dtg=8.44 region=0_2
ep=716 s=80 7852ms [sel=3 cap=7752 rest=97] sg=4->4 mode=NONE win=8 obs=81 | cap=wip act=(320,360) d=2.04 a=1 | sp=som:active d=2.0 age=3 dtg=8.68 region=0_2
ep=716 s=81 10045ms [sel=3 cap=9946 rest=96] sg=4->4 mode=NONE win=8 obs=82 | cap=wip act=(320,360) d=1.79 a=1 | sp=som:active d=1.8 age=4 dtg=8.92 region=0_2
ep=716 s=82 10921ms [sel=3 cap=10822 rest=97] sg=4->4 mode=NONE win=8 obs=83 | cap=wip act=(320,360) d=1.54 a=1 | sp=som:active d=1.5 age=5 dtg=9.16 region=0_2
ep=716 s=83 11082ms [sel=3 cap=10974 rest=105] sg=4->4 mode=NONE win=8 obs=84 | cap=wip act=(320,360) d=1.29 a=1 | sp=som:active d=1.3 age=6 dtg=9.40 region=0_2
ep=716 s=84 13623ms [sel=3 cap=13517 rest=103] sg=4->4 mode=NONE win=8 obs=85 | cap=wip act=(320,360) d=1.04 a=1 | sp=som:active d=1.0 age=7 dtg=9.65 region=0_2
ep=716 s=85 6298ms [sel=3 cap=6196 rest=100] sg=4->4 mode=NONE win=8 obs=86 | cap=wip act=(320,360) d=0.80 a=1 | sp=som:active d=0.8 age=8 dtg=9.90 region=0_2
ep=716 s=86 8003ms [sel=3 cap=7889 rest=110] sg=4->4 mode=NONE win=8 obs=87 | cap=wip act=(320,360) d=0.56 a=2 | sp=som:active d=0.6 age=9 dtg=9.90 region=0_2
ep=716 s=87 13590ms [sel=3 cap=13481 rest=106] sg=4->4 mode=NONE win=8 obs=88 | cap=wip act=(320,360) d=0.56 a=1 | sp=som:active d=0.6 age=10 dtg=10.14 region=0_2
ep=716 s=88 9372ms [sel=2677 cap=6559 rest=136] sg=4->4 mode=NONE win=8 obs=89 | cap=wip act=(297,465) d=1.01 a=1 | sp=straight_ahead:reached d=0.3 age=0 som=1/3 dtg=10.39 region=0_2
ep=716 s=89 13044ms [sel=80 cap=12834 rest=130] sg=4->4 mode=NONE win=8 obs=90 | cap=wip act=(320,360) d=3.44 a=2 | sp=frontier:active d=3.4 age=0 dtg=10.39 region=0_2
ep=716 s=90 9207ms [sel=30 cap=9049 rest=128] sg=4->4 mode=NONE win=8 obs=91 | cap=wip act=(320,360) d=3.44 a=2 | sp=frontier:active d=3.4 age=1 dtg=10.39 region=0_2
ep=716 s=91 12927ms [sel=29 cap=12779 rest=119] sg=4->4 mode=NONE win=8 obs=92 | cap=wip act=(320,360) d=3.44 a=2 | sp=frontier:active d=3.4 age=2 dtg=10.39 region=0_2
ep=716 s=92 7374ms [sel=30 cap=7238 rest=107] sg=4->4 mode=NONE win=8 obs=93 | cap=wip act=(320,360) d=3.44 a=2 | sp=frontier:active d=3.4 age=3 dtg=10.39 region=0_2
ep=716 s=93 9361ms [sel=31 cap=9239 rest=91] sg=4->4 mode=NONE win=8 obs=94 | cap=wip act=(320,360) d=3.44 a=2 | sp=frontier:active d=3.4 age=4 dtg=10.39 region=0_2
ep=716 s=94 9556ms [sel=33 cap=9440 rest=83] sg=4->4 mode=NONE win=8 obs=95 | cap=wip act=(320,360) d=3.44 a=2 | sp=frontier:active d=3.4 age=5 dtg=10.39 region=0_2
ep=716 s=95 14324ms [sel=31 cap=14208 rest=85] sg=4->4 mode=NONE win=8 obs=96 | cap=wip act=(320,360) d=3.44 a=2 | sp=frontier:active d=3.4 age=6 dtg=10.39 region=0_2
ep=716 s=96 7976ms [sel=29 cap=7871 rest=76] sg=4->4 mode=NONE win=8 obs=97 | cap=wip act=(320,360) d=3.44 a=2 | sp=frontier:active d=3.4 age=7 dtg=10.39 region=0_2
ep=716 s=97 6127ms [sel=26 cap=6020 rest=81] sg=4->4 mode=NONE win=8 obs=98 | cap=wip act=(320,360) d=3.44 a=2 | sp=frontier:active d=3.4 age=8 dtg=10.39 region=0_2
ep=716 s=98 7245ms [sel=5 cap=7151 rest=89] sg=4->4 mode=NONE win=8 obs=99 | cap=wip act=(320,360) d=3.44 a=2 | sp=frontier:active d=3.4 age=9 dtg=10.39 region=0_2
ep=716 s=99 7198ms [sel=3 cap=7098 rest=97] sg=4->4 mode=NONE win=8 obs=100 | cap=wip act=(320,360) d=3.44 a=1 | sp=frontier:active d=3.4 age=10 dtg=10.17 region=0_2
ep=716 s=100 7371ms [sel=3 cap=7276 rest=92] sg=4->4 mode=NONE win=8 obs=101 | cap=wip act=(320,360) d=3.22 a=2 | sp=frontier:active d=3.2 age=11 dtg=10.17 region=0_2
ep=716 s=101 10151ms [sel=3 cap=10052 rest=95] sg=4->4 mode=NONE win=8 obs=102 | cap=wip act=(320,360) d=3.22 a=2 | sp=frontier:active d=3.2 age=12 dtg=10.17 region=0_2
ep=716 s=102 11138ms [sel=3 cap=11034 rest=101] sg=4->4 mode=NONE win=8 obs=103 | cap=wip act=(320,360) d=3.22 a=1 | sp=frontier:active d=3.2 age=13 dtg=9.92 region=0_2
ep=716 s=103 8969ms [sel=3 cap=8860 rest=106] sg=4->4 mode=NONE win=8 obs=104 | cap=wip act=(320,360) d=2.97 a=1 | sp=frontier:active d=3.0 age=14 dtg=9.67 region=0_2
ep=716 s=104 14313ms [sel=4 cap=14203 rest=107] sg=4->4 mode=NONE win=8 obs=105 | cap=wip act=(320,360) d=2.72 a=1 | sp=frontier:active d=2.7 age=15 dtg=9.42 region=0_2
ep=716 s=105 8743ms [sel=3 cap=8632 rest=107] sg=4->4 mode=NONE win=8 obs=106 | cap=wip act=(320,360) d=2.47 a=1 | sp=frontier:active d=2.5 age=16 dtg=9.17 region=0_2
ep=716 s=106 13458ms [sel=3 cap=13347 rest=108] sg=4->4 mode=NONE win=8 obs=107 | cap=wip act=(320,360) d=2.22 a=1 | sp=frontier:active d=2.2 age=17 dtg=8.92 region=0_2
ep=716 s=107 7298ms [sel=3 cap=7189 rest=107] sg=4->4 mode=NONE win=8 obs=108 | cap=wip act=(320,360) d=1.97 a=1 | sp=frontier:active d=2.0 age=18 dtg=8.67 region=0_2
ep=716 s=108 3816ms [sel=4 cap=3705 rest=107] sg=4->4 mode=NONE win=8 obs=109 | cap=wip act=(320,360) d=1.72 a=3 | sp=frontier:active d=1.7 age=19 dtg=8.67 region=0_2
ep=716 s=109 6643ms [sel=3 cap=6543 rest=97] sg=4->4 mode=NONE win=8 obs=110 | cap=wip act=(320,360) d=1.72 a=1 | sp=frontier:active d=1.7 age=20 dtg=8.43 region=0_2
ep=716 s=110 6263ms [sel=3 cap=6166 rest=93] sg=4->4 mode=NONE win=8 obs=111 | cap=wip act=(320,360) d=1.48 a=1 | sp=frontier:active d=1.5 age=21 dtg=8.18 region=0_2
ep=716 s=111 9336ms [sel=1745 cap=7505 rest=86] sg=4->4 mode=NONE win=8 obs=112 | cap=wip act=(320,360) d=2.97 a=1 | sp=som:active d=3.0 age=0 som=5/6 dtg=7.94 region=0_2
ep=716 s=112 3352ms [sel=3 cap=3266 rest=83] sg=4->4 mode=NONE win=8 obs=113 | cap=wip act=(320,360) d=2.72 a=1 | sp=som:active d=2.7 age=1 dtg=7.70 region=0_2
ep=716 s=113 7078ms [sel=3 cap=6987 rest=88] sg=4->4 mode=NONE win=8 obs=114 | cap=wip act=(320,360) d=2.47 a=1 | sp=som:active d=2.5 age=2 dtg=7.47 region=0_2
ep=716 s=114 6088ms [sel=3 cap=5999 rest=87] sg=4->4 mode=NONE win=8 obs=115 | cap=wip act=(320,360) d=2.22 a=1 | sp=som:active d=2.2 age=3 dtg=7.23 region=0_2
ep=716 s=115 7496ms [sel=3 cap=7411 rest=83] sg=4->4 mode=NONE win=8 obs=116 | cap=wip act=(320,360) d=1.97 a=1 | sp=som:active d=2.0 age=4 dtg=7.01 region=0_2
ep=716 s=116 8647ms [sel=3 cap=8561 rest=83] sg=4->4 mode=NONE win=8 obs=117 | cap=wip act=(320,360) d=1.72 a=1 | sp=som:active d=1.7 age=5 dtg=6.80 region=0_2
ep=716 s=117 6083ms [sel=3 cap=5991 rest=89] sg=4->4 mode=NONE win=8 obs=118 | cap=wip act=(320,360) d=1.47 a=1 | sp=som:active d=1.5 age=6 dtg=6.61 region=0_17
ep=716 s=118 6959ms [sel=3 cap=6866 rest=91] sg=4->4 mode=NONE win=8 obs=119 | cap=wip act=(320,360) d=1.22 a=1 | sp=som:active d=1.2 age=7 dtg=6.47 region=0_17
ep=716 s=119 9847ms [sel=3 cap=9753 rest=91] sg=4->4 mode=NONE win=8 obs=120 | cap=wip act=(320,360) d=0.98 a=1 | sp=som:active d=1.0 age=8 dtg=6.40 region=0_17
ep=716 s=120 9669ms [sel=20 cap=9145 rest=466] sg=4->4 mode=NONE win=8 obs=121 | cap=wip act=(160,180) d=3.99 a=1 | preview=view3/6 yaw=+0 render=39ms | sp=preview:active d=4.0 age=0 dtg=6.40 region=0_17
ep=716 s=121 8667ms [sel=2617 cap=5949 rest=101] sg=4->4 mode=NONE win=8 obs=122 | cap=wip act=(320,360) d=2.97 a=1 | sp=som:active d=3.0 age=0 som=5/8 dtg=6.43 region=0_17
ep=716 s=122 5859ms [sel=3 cap=5751 rest=105] sg=4->4 mode=NONE win=8 obs=123 | cap=wip act=(320,360) d=2.72 a=1 | sp=som:active d=2.7 age=1 dtg=6.48 region=0_17
ep=716 s=123 11742ms [sel=4 cap=11625 rest=113] sg=4->4 mode=NONE win=8 obs=124 | cap=wip act=(320,360) d=2.47 a=1 | sp=som:active d=2.5 age=2 dtg=6.55 region=0_17
ep=716 s=124 5735ms [sel=3 cap=5615 rest=117] sg=4->4 mode=NONE win=8 obs=125 | cap=wip act=(320,360) d=2.22 a=1 | sp=som:active d=2.2 age=3 dtg=6.64 region=0_17
ep=716 s=125 7771ms [sel=3 cap=7649 rest=119] sg=4->4 mode=NONE win=8 obs=126 | cap=wip act=(320,360) d=1.97 a=1 | sp=som:active d=2.0 age=4 dtg=6.80 region=0_17
ep=716 s=126 9480ms [sel=3 cap=9371 rest=106] sg=4->4 mode=NONE win=8 obs=127 | cap=wip act=(320,360) d=1.72 a=1 | sp=som:active d=1.7 age=5 dtg=7.00 region=0_17
ep=716 s=127 8122ms [sel=3 cap=8008 rest=111] sg=4->4 mode=NONE win=8 obs=128 | cap=wip act=(320,360) d=1.47 a=1 | sp=som:active d=1.5 age=6 dtg=7.22 region=0_17
ep=716 s=128 7236ms [sel=3 cap=7119 rest=115] sg=4->4 mode=NONE win=8 obs=129 | cap=wip act=(320,360) d=1.22 a=1 | sp=som:active d=1.2 age=7 dtg=7.45 region=0_17
ep=716 s=129 7576ms [sel=3 cap=7445 rest=128] sg=4->4 mode=NONE win=8 obs=130 | cap=wip act=(320,360) d=0.98 a=1 | sp=som:active d=1.0 age=8 dtg=7.68 region=0_17
ep=716 s=130 4335ms [sel=3 cap=4226 rest=106] sg=4->4 mode=NONE win=8 obs=131 | cap=wip act=(320,360) d=0.73 a=1 | sp=som:active d=0.7 age=9 dtg=7.92 region=0_17
ep=716 s=131 13463ms [sel=5422 cap=7940 rest=101] sg=4->4 mode=NONE win=8 obs=132 | cap=wip act=(320,360) d=2.77 a=1 | sp=som:active d=2.8 age=0 som=5/8 dtg=8.17 region=0_17
ep=716 s=132 8164ms [sel=3 cap=8065 rest=96] sg=4->4 mode=NONE win=8 obs=133 | cap=wip act=(320,360) d=2.53 a=3 | sp=som:active d=2.5 age=1 dtg=8.17 region=0_17
ep=716 s=133 7758ms [sel=3 cap=7653 rest=102] sg=4->4 mode=NONE win=8 obs=134 | cap=wip act=(320,360) d=2.53 a=1 | sp=som:active d=2.5 age=2 dtg=8.42 region=0_17
ep=716 s=134 4937ms [sel=4 cap=4836 rest=97] sg=4->4 mode=NONE win=8 obs=135 | cap=wip act=(320,360) d=2.28 a=1 | sp=som:active d=2.3 age=3 dtg=8.67 region=0_17
ep=716 s=135 6852ms [sel=3 cap=6751 rest=97] sg=4->4 mode=NONE win=8 obs=136 | cap=wip act=(320,360) d=2.03 a=1 | sp=som:active d=2.0 age=4 dtg=8.92 region=0_17
ep=716 s=136 7758ms [sel=3 cap=7659 rest=97] sg=4->4 mode=NONE win=8 obs=137 | cap=wip act=(320,360) d=1.79 a=1 | sp=som:active d=1.8 age=5 dtg=9.17 region=0_17
ep=716 s=137 3723ms [sel=4 cap=3624 rest=95] sg=4->4 mode=NONE win=8 obs=138 | cap=wip act=(320,360) d=1.55 a=1 | sp=som:active d=1.5 age=6 dtg=9.42 region=0_17
ep=716 s=138 4973ms [sel=3 cap=4867 rest=103] sg=4->4 mode=NONE win=8 obs=139 | cap=wip act=(320,360) d=1.31 a=2 | sp=som:active d=1.3 age=7 dtg=9.42 region=0_17
ep=716 s=139 9458ms [sel=3 cap=9355 rest=100] sg=4->4 mode=NONE win=8 obs=140 | cap=wip act=(320,360) d=1.31 a=1 | sp=som:active d=1.3 age=8 dtg=9.66 region=0_17
ep=716 s=140 7111ms [sel=4 cap=7001 rest=106] sg=4->4 mode=NONE win=8 obs=141 | cap=wip act=(320,360) d=1.06 a=1 | sp=som:active d=1.1 age=9 dtg=9.90 region=0_17
ep=716 s=141 2766ms [sel=3 cap=2655 rest=109] sg=4->4 mode=NONE win=8 obs=142 | cap=wip act=(320,360) d=0.81 a=1 | sp=som:active d=0.8 age=10 dtg=10.15 region=0_17
ep=716 s=142 8170ms [sel=5 cap=8051 rest=114] sg=4->4 mode=NONE win=8 obs=143 | cap=wip act=(320,360) d=0.56 a=1 | sp=som:active d=0.6 age=11 dtg=10.39 region=0_17
ep=716 s=143 11511ms [sel=63 cap=11320 rest=128] sg=4->4 mode=NONE win=8 obs=144 | cap=wip act=(320,360) d=2.33 a=1 | sp=frontier:active d=2.3 age=0 dtg=10.64 region=0_17
ep=716 s=144 8956ms [sel=7 cap=8837 rest=112] sg=4->4 mode=NONE win=8 obs=145 | cap=wip act=(320,360) d=2.13 a=1 | sp=frontier:active d=2.1 age=1 dtg=10.89 region=0_17
ep=716 s=145 9586ms [sel=9 cap=9462 rest=115] sg=4->4 mode=NONE win=8 obs=146 | cap=wip act=(320,360) d=1.94 a=1 | sp=frontier:active d=1.9 age=2 dtg=11.13 region=0_17
ep=716 s=146 12071ms [sel=19 cap=11491 rest=524] sg=4->4 mode=NONE win=8 obs=147 | cap=wip act=(160,180) d=3.47 a=1 | preview=view3/6 yaw=+0 render=37ms | sp=preview:active d=3.5 age=0 dtg=11.38 region=0_17
ep=716 s=147 7418ms [sel=3 cap=7302 rest=113] sg=4->4 mode=NONE win=8 obs=148 | cap=wip act=(320,360) d=3.22 a=1 | sp=preview:active d=3.2 age=1 dtg=11.63 region=0_17
ep=716 s=148 9419ms [sel=3 cap=9303 rest=113] sg=4->4 mode=NONE win=8 obs=149 | cap=wip act=(320,360) d=2.98 a=1 | sp=preview:active d=3.0 age=2 dtg=11.87 region=0_17
ep=716 s=149 4577ms [sel=4 cap=4460 rest=113] sg=4->4 mode=NONE win=8 obs=150 | cap=wip act=(320,360) d=2.73 a=1 | sp=preview:active d=2.7 age=3 dtg=12.12 region=0_17
ep=716 s=150 11702ms [sel=3 cap=11586 rest=113] sg=4->4 mode=NONE win=8 obs=151 | cap=wip act=(320,360) d=2.48 a=1 | sp=preview:active d=2.5 age=4 dtg=12.37 region=0_17
ep=716 s=151 6543ms [sel=3 cap=6429 rest=111] sg=4->4 mode=NONE win=8 obs=152 | cap=wip act=(320,360) d=2.23 a=1 | sp=preview:active d=2.2 age=5 dtg=12.62 region=0_19
ep=716 s=152 7800ms [sel=3 cap=7686 rest=110] sg=4->4 mode=NONE win=8 obs=153 | cap=wip act=(320,360) d=1.99 a=1 | sp=preview:active d=2.0 age=6 dtg=12.87 region=0_19
ep=716 s=153 4808ms [sel=3 cap=4696 rest=109] sg=4->4 mode=NONE win=8 obs=154 | cap=wip act=(320,360) d=1.74 a=1 | sp=preview:active d=1.7 age=7 dtg=13.12 region=0_19
ep=716 s=154 5645ms [sel=3 cap=5534 rest=108] sg=4->4 mode=NONE win=8 obs=155 | cap=wip act=(320,360) d=1.50 a=1 | sp=preview:active d=1.5 age=8 dtg=13.36 region=0_19
ep=716 s=155 7907ms [sel=3 cap=7798 rest=106] sg=4->4 mode=NONE win=8 obs=156 | cap=wip act=(320,360) d=1.26 a=1 | sp=preview:active d=1.3 age=9 dtg=13.61 region=0_19
ep=716 s=156 7593ms [sel=4 cap=7485 rest=104] sg=4->4 mode=NONE win=8 obs=157 | cap=wip act=(320,360) d=1.02 a=1 | sp=preview:active d=1.0 age=10 dtg=13.86 region=0_19
ep=716 s=157 11358ms [sel=3 cap=11246 rest=108] sg=4->4 mode=NONE win=8 obs=158 | cap=wip act=(320,360) d=0.79 a=2 | sp=preview:active d=0.8 age=11 dtg=13.86 region=0_19
ep=716 s=158 15608ms [sel=6042 cap=9456 rest=110] sg=4->4 mode=NONE win=8 obs=159 | cap=wip act=(320,360) d=2.81 a=3 | sp=som:active d=2.8 age=0 som=3/8 dtg=13.86 region=0_19
ep=716 s=159 8138ms [sel=3 cap=8024 rest=111] sg=4->4 mode=NONE win=8 obs=160 | cap=wip act=(320,360) d=2.81 a=1 | sp=som:active d=2.8 age=1 dtg=14.11 region=0_19
ep=716 s=160 11123ms [sel=3 cap=10533 rest=549] sg=4->4 mode=NONE win=8 obs=161 | cap=wip act=(320,360) d=2.56 a=1 | preview=view-/6 yaw=+0 render=38ms | sp=som:active d=2.6 age=2 dtg=14.36 region=0_19
ep=716 s=161 6423ms [sel=3 cap=6310 rest=110] sg=4->4 mode=NONE win=8 obs=162 | cap=wip act=(320,360) d=2.31 a=1 | sp=som:active d=2.3 age=3 dtg=14.61 region=0_19
ep=716 s=162 5176ms [sel=3 cap=5066 rest=107] sg=4->4 mode=NONE win=8 obs=163 | cap=wip act=(320,360) d=2.06 a=1 | sp=som:active d=2.1 age=4 dtg=14.86 region=0_9
ep=716 s=163 10472ms [sel=3 cap=10357 rest=112] sg=4->4 mode=NONE win=8 obs=164 | cap=wip act=(320,360) d=1.81 a=1 | sp=som:active d=1.8 age=5 dtg=15.11 region=0_9
ep=716 s=164 6811ms [sel=3 cap=6692 rest=116] sg=4->4 mode=NONE win=8 obs=165 | cap=wip act=(320,360) d=1.56 a=1 | sp=som:active d=1.6 age=6 dtg=14.68 region=0_9
ep=716 s=165 8137ms [sel=3 cap=8017 rest=117] sg=4->4 mode=NONE win=8 obs=166 | cap=wip act=(320,360) d=1.31 a=1 | sp=som:active d=1.3 age=7 dtg=14.85 region=0_9
ep=716 s=166 10901ms [sel=2895 cap=7884 rest=123] sg=4->4 mode=NONE win=8 obs=167 | cap=wip act=(320,360) d=2.96 a=1 | sp=som:active d=3.0 age=0 som=3/7 dtg=15.03 region=0_9
ep=716 s=167 11480ms [sel=3 cap=11358 rest=119] sg=4->4 mode=NONE win=8 obs=168 | cap=wip act=(320,360) d=2.71 a=1 | sp=som:active d=2.7 age=1 dtg=15.22 region=0_9
ep=716 s=168 9803ms [sel=58 cap=9188 rest=521] sg=4->4 mode=NONE win=8 obs=169 | cap=wip act=(160,180) d=3.38 a=2 | preview=view3/6 yaw=+0 render=36ms | sp=preview:active d=3.4 age=0 dtg=15.22 region=0_9
ep=716 s=169 7244ms [sel=29 cap=7098 rest=117] sg=4->4 mode=NONE win=8 obs=170 | cap=wip act=(320,360) d=3.38 a=2 | sp=preview:active d=3.4 age=1 dtg=15.22 region=0_9
ep=716 s=170 8611ms [sel=23 cap=8472 rest=116] sg=4->4 mode=NONE win=8 obs=171 | cap=wip act=(320,360) d=3.38 a=2 | sp=preview:active d=3.4 age=2 dtg=15.22 region=0_9
ep=716 s=171 9720ms [sel=23 cap=9579 rest=118] sg=4->4 mode=NONE win=8 obs=172 | cap=wip act=(320,360) d=3.38 a=2 | sp=preview:active d=3.4 age=3 dtg=15.22 region=0_9
ep=716 s=172 10545ms [sel=52 cap=9924 rest=532] sg=4->4 mode=NONE win=8 obs=173 | cap=wip act=(160,180) d=5.18 a=2 | preview=view0/6 yaw=-165 render=37ms | sp=preview:active d=5.2 age=0 dtg=15.22 region=0_9
ep=716 s=173 10308ms [sel=39 cap=10156 rest=113] sg=4->4 mode=NONE win=8 obs=174 | cap=wip act=(320,360) d=5.18 a=2 | sp=preview:active d=5.2 age=1 dtg=15.22 region=0_9
ep=716 s=174 8519ms [sel=39 cap=8368 rest=111] sg=4->4 mode=NONE win=8 obs=175 | cap=wip act=(320,360) d=5.18 a=2 | sp=preview:active d=5.2 age=2 dtg=15.22 region=0_9
ep=716 s=175 10963ms [sel=39 cap=10814 rest=110] sg=4->4 mode=NONE win=8 obs=176 | cap=wip act=(320,360) d=5.18 a=2 | sp=preview:active d=5.2 age=3 dtg=15.22 region=0_9
ep=716 s=176 6444ms [sel=39 cap=6297 rest=107] sg=4->4 mode=NONE win=8 obs=177 | cap=wip act=(320,360) d=5.18 a=2 | sp=preview:active d=5.2 age=4 dtg=15.22 region=0_9
ep=716 s=177 7307ms [sel=39 cap=7168 rest=100] sg=4->4 mode=NONE win=8 obs=178 | cap=wip act=(320,360) d=5.18 a=2 | sp=preview:active d=5.2 age=5 dtg=15.22 region=0_9
ep=716 s=178 7472ms [sel=39 cap=7333 rest=101] sg=4->4 mode=NONE win=8 obs=179 | cap=wip act=(320,360) d=5.18 a=2 | sp=preview:active d=5.2 age=6 dtg=15.22 region=0_9
ep=716 s=179 7587ms [sel=34 cap=7456 rest=98] sg=4->4 mode=NONE win=8 obs=180 | cap=wip act=(320,360) d=5.18 a=2 | sp=preview:active d=5.2 age=7 dtg=15.22 region=0_9
ep=716 s=180 3698ms [sel=32 cap=3565 rest=102] sg=4->4 mode=NONE win=8 obs=181 | cap=wip act=(320,360) d=5.18 a=2 | sp=preview:active d=5.2 age=8 dtg=15.22 region=0_9
ep=716 s=181 6650ms [sel=10 cap=6535 rest=105] sg=4->4 mode=NONE win=8 obs=182 | cap=wip act=(320,360) d=5.18 a=1 | sp=preview:active d=5.2 age=9 dtg=15.08 region=0_9
ep=716 s=182 8505ms [sel=14 cap=8387 rest=104] sg=4->4 mode=NONE win=8 obs=183 | cap=wip act=(320,360) d=4.98 a=2 | sp=preview:active d=5.0 age=10 dtg=15.08 region=0_9
ep=716 s=183 8357ms [sel=3 cap=8246 rest=107] sg=4->4 mode=NONE win=8 obs=184 | cap=wip act=(320,360) d=4.98 a=1 | sp=preview:active d=5.0 age=11 dtg=15.02 region=0_9
ep=716 s=184 5750ms [sel=3 cap=5643 rest=103] sg=4->4 mode=NONE win=8 obs=185 | cap=wip act=(320,360) d=4.75 a=1 | sp=preview:active d=4.8 age=12 dtg=15.46 region=0_9
ep=716 s=185 7623ms [sel=3 cap=7517 rest=103] sg=4->4 mode=NONE win=8 obs=186 | cap=wip act=(320,360) d=4.52 a=1 | sp=preview:active d=4.5 age=13 dtg=15.26 region=0_9
ep=716 s=186 7290ms [sel=4 cap=7179 rest=107] sg=4->4 mode=NONE win=8 obs=187 | cap=wip act=(320,360) d=4.30 a=2 | sp=preview:active d=4.3 age=14 dtg=15.26 region=0_9
ep=716 s=187 7729ms [sel=3 cap=7622 rest=104] sg=4->4 mode=NONE win=8 obs=188 | cap=wip act=(320,360) d=4.30 a=1 | sp=preview:active d=4.3 age=15 dtg=15.11 region=0_11
ep=716 s=188 9461ms [sel=3 cap=9351 rest=106] sg=4->4 mode=NONE win=8 obs=189 | cap=wip act=(320,360) d=4.06 a=1 | sp=preview:active d=4.1 age=16 dtg=14.98 region=0_11
ep=716 s=189 7337ms [sel=3 cap=7227 rest=108] sg=4->4 mode=NONE win=8 obs=190 | cap=wip act=(320,360) d=3.81 a=1 | sp=preview:active d=3.8 age=17 dtg=14.89 region=0_11
ep=716 s=190 6628ms [sel=3 cap=6517 rest=108] sg=4->4 mode=NONE win=8 obs=191 | cap=wip act=(320,360) d=3.57 a=1 | sp=preview:active d=3.6 age=18 dtg=14.84 region=0_11
ep=716 s=191 8383ms [sel=3 cap=8270 rest=110] sg=4->4 mode=NONE win=8 obs=192 | cap=wip act=(320,360) d=3.33 a=2 | sp=preview:active d=3.3 age=19 dtg=14.84 region=0_11
ep=716 s=192 7000ms [sel=3 cap=6885 rest=112] sg=4->4 mode=NONE win=8 obs=193 | cap=wip act=(320,360) d=3.33 a=1 | sp=preview:active d=3.3 age=20 dtg=14.90 region=0_11
ep=716 s=193 11680ms [sel=3 cap=11565 rest=112] sg=4->4 mode=NONE win=8 obs=194 | cap=wip act=(320,360) d=3.08 a=2 | sp=preview:active d=3.1 age=21 dtg=14.90 region=0_11
ep=716 s=194 8690ms [sel=2530 cap=6048 rest=113] sg=4->4 mode=NONE win=8 obs=195 | cap=wip act=(320,360) d=2.77 a=1 | sp=som:active d=2.8 age=0 som=2/8 dtg=15.07 region=0_11
ep=716 s=195 4737ms [sel=3 cap=4619 rest=114] sg=4->4 mode=NONE win=8 obs=196 | cap=wip act=(320,360) d=2.52 a=3 | sp=som:active d=2.5 age=1 dtg=15.07 region=0_11
ep=716 s=196 7153ms [sel=3 cap=7037 rest=114] sg=4->4 mode=NONE win=8 obs=197 | cap=wip act=(320,360) d=2.52 a=1 | sp=som:active d=2.5 age=2 dtg=15.25 region=0_11
ep=716 s=197 8635ms [sel=3 cap=8519 rest=113] sg=4->4 mode=NONE win=8 obs=198 | cap=wip act=(320,360) d=2.27 a=2 | sp=som:active d=2.3 age=3 dtg=15.25 region=0_11
ep=716 s=198 7032ms [sel=4 cap=6484 rest=509] sg=4->4 mode=NONE win=8 obs=199 | cap=wip act=(320,360) d=2.27 a=1 | preview=view-/6 yaw=+0 render=35ms | sp=som:active d=2.3 age=4 dtg=15.48 region=0_11
ep=716 s=199 7066ms [sel=3 cap=6953 rest=110] sg=4->4 mode=NONE win=8 obs=200 | cap=wip act=(320,360) d=2.03 a=1 | sp=som:active d=2.0 age=5 dtg=15.72 region=0_11
ep=716 s=200 9702ms [sel=3 cap=9590 rest=110] sg=4->4 mode=NONE win=8 obs=201 | cap=wip act=(320,360) d=1.78 a=1 | sp=som:active d=1.8 age=6 dtg=15.96 region=0_11
ep=716 s=201 5612ms [sel=3 cap=5503 rest=105] sg=4->4 mode=NONE win=8 obs=202 | cap=wip act=(320,360) d=1.53 a=1 | sp=som:active d=1.5 age=7 dtg=16.21 region=0_11
ep=716 s=202 16162ms [sel=4 cap=16052 rest=106] sg=4->4 mode=NONE win=8 obs=203 | cap=wip act=(320,360) d=1.29 a=3 | sp=som:active d=1.3 age=8 dtg=16.21 region=0_11
ep=716 s=203 7603ms [sel=3 cap=7496 rest=104] sg=4->4 mode=NONE win=8 obs=204 | cap=wip act=(320,360) d=1.29 a=1 | sp=som:active d=1.3 age=9 dtg=16.44 region=0_11
ep=716 s=204 6385ms [sel=3 cap=6279 rest=102] sg=4->4 mode=NONE win=8 obs=205 | cap=wip act=(320,360) d=1.04 a=1 | sp=som:active d=1.0 age=10 dtg=16.67 region=0_11
ep=716 s=205 9907ms [sel=3 cap=9796 rest=108] sg=4->4 mode=NONE win=8 obs=206 | cap=wip act=(320,360) d=0.79 a=1 | sp=som:active d=0.8 age=11 dtg=16.91 region=0_11
ep=716 s=206 4406ms [sel=3 cap=4291 rest=112] sg=4->4 mode=NONE win=8 obs=207 | cap=wip act=(320,360) d=0.54 a=1 | sp=som:active d=0.5 age=12 dtg=17.15 region=0_11
ep=716 s=207 9588ms [sel=2220 cap=7254 rest=114] sg=4->4 mode=NONE win=8 obs=208 | cap=wip act=(320,360) d=1.80 a=3 | sp=som:active d=1.8 age=0 som=3/7 dtg=17.15 region=0_11
ep=716 s=208 5175ms [sel=8 cap=5049 rest=118] sg=4->4 mode=NONE win=8 obs=209 | cap=wip act=(320,360) d=1.80 a=3 | sp=som:active d=1.8 age=1 dtg=17.15 region=0_11
ep=716 s=209 3877ms [sel=3 cap=3737 rest=137] sg=4->4 mode=NONE win=8 obs=210 | cap=wip act=(320,360) d=1.80 a=3 | sp=som:active d=1.8 age=2 dtg=17.15 region=0_11
ep=716 s=210 10597ms [sel=118 cap=10374 rest=106] sg=4->5 mode=NONE win=8 obs=211 | cap=DONE act=(320,360) d=4.71 a=3 | sp=frontier:active d=4.7 age=0 dtg=17.15 region=0_11
ep=716 s=211 5470ms [sel=71 cap=5299 rest=100] sg=5->5 mode=NONE win=8 obs=212 | cap=wip act=(320,360) d=4.71 a=3 | sp=frontier:active d=4.7 age=1 dtg=17.15 region=0_11
ep=716 s=212 14059ms [sel=64 cap=13450 rest=508] sg=5->5 mode=NONE win=8 obs=213 | cap=wip act=(320,360) d=4.71 a=3 | preview=view-/6 yaw=+0 render=38ms | sp=frontier:active d=4.7 age=2 dtg=17.15 region=0_11
ep=716 s=213 10035ms [sel=54 cap=9876 rest=106] sg=5->5 mode=NONE win=8 obs=214 | cap=wip act=(320,360) d=4.71 a=3 | sp=frontier:active d=4.7 age=3 dtg=17.15 region=0_11
ep=716 s=214 11403ms [sel=46 cap=11246 rest=111] sg=5->5 mode=NONE win=8 obs=215 | cap=wip act=(320,360) d=4.71 a=3 | sp=frontier:active d=4.7 age=4 dtg=17.15 region=0_11
ep=716 s=215 13869ms [sel=37 cap=13269 rest=528] sg=5->5 mode=NONE win=8 obs=216 | cap=wip act=(320,360) d=4.71 a=3 | preview=view-/6 yaw=+0 render=35ms | sp=frontier:active d=4.7 age=5 dtg=17.15 region=0_11
ep=716 s=216 6603ms [sel=28 cap=6465 rest=110] sg=5->5 mode=NONE win=8 obs=217 | cap=wip act=(320,360) d=4.71 a=3 | sp=frontier:active d=4.7 age=6 dtg=17.15 region=0_11
ep=716 s=217 3582ms [sel=30 cap=3436 rest=116] sg=5->5 mode=NONE win=8 obs=218 | cap=wip act=(320,360) d=4.71 a=1 | sp=frontier:active d=4.7 age=7 dtg=16.91 region=0_11
ep=716 s=218 18658ms [sel=32 cap=18072 rest=518] sg=5->5 mode=NONE win=8 obs=219 | cap=wip act=(320,360) d=4.66 a=3 | preview=view-/6 yaw=+0 render=35ms | sp=frontier:active d=4.7 age=8 dtg=16.91 region=0_11
ep=716 s=219 11324ms [sel=63 cap=11144 rest=117] sg=5->5 mode=NONE win=8 obs=220 | cap=wip act=(320,360) d=4.66 a=1 | sp=frontier:active d=4.7 age=9 dtg=16.65 region=0_11
ep=716 s=220 21113ms [sel=42 cap=20948 rest=123] sg=5->5 mode=NONE win=8 obs=221 | cap=wip act=(320,360) d=4.68 a=1 | sp=frontier:active d=4.7 age=10 dtg=16.40 region=0_11
ep=716 s=221 21316ms [sel=48 cap=21155 rest=113] sg=5->5 mode=NONE win=8 obs=222 | cap=wip act=(320,360) d=4.72 a=1 | sp=frontier:active d=4.7 age=11 dtg=16.15 region=0_11
ep=716 s=222 17672ms [sel=54 cap=17506 rest=112] sg=5->5 mode=NONE win=8 obs=223 | cap=wip act=(320,360) d=4.77 a=1 | sp=frontier:active d=4.8 age=12 dtg=15.91 region=0_11
ep=716 s=223 13961ms [sel=47 cap=13795 rest=119] sg=5->5 mode=NONE win=8 obs=224 | cap=wip act=(320,360) d=4.83 a=1 | sp=frontier:active d=4.8 age=13 dtg=15.66 region=0_11
ep=716 s=224 17707ms [sel=45 cap=17099 rest=529] sg=5->5 mode=NONE win=8 obs=225 | cap=wip act=(320,360) d=4.91 a=1 | preview=view-/6 yaw=+0 render=35ms | sp=frontier:active d=4.9 age=14 dtg=15.41 region=0_11
ep=716 s=225 7080ms [sel=48 cap=6925 rest=107] sg=5->5 mode=NONE win=8 obs=226 | cap=wip act=(320,360) d=5.00 a=1 | sp=frontier:active d=5.0 age=15 dtg=15.16 region=0_11
ep=716 s=226 6524ms [sel=49 cap=6365 rest=110] sg=5->5 mode=NONE win=8 obs=227 | cap=wip act=(320,360) d=5.09 a=3 | sp=frontier:active d=5.1 age=16 dtg=15.16 region=0_11
ep=716 s=227 17755ms [sel=52 cap=17594 rest=109] sg=5->5 mode=NONE win=8 obs=228 | cap=wip act=(320,360) d=5.09 a=1 | sp=frontier:active d=5.1 age=17 dtg=14.92 region=0_11
ep=716 s=228 17521ms [sel=54 cap=16892 rest=539] sg=5->5 mode=NONE win=8 obs=229 | cap=wip act=(320,360) d=5.26 a=1 | preview=view-/6 yaw=+0 render=36ms | sp=frontier:active d=5.3 age=18 dtg=14.71 region=0_11
ep=716 s=229 9442ms [sel=56 cap=9284 rest=101] sg=5->5 mode=NONE win=8 obs=230 | cap=wip act=(320,360) d=5.42 a=1 | sp=frontier:active d=5.4 age=19 dtg=14.60 region=0_11
ep=716 s=230 12379ms [sel=2312 cap=9964 rest=102] sg=5->5 mode=NONE win=8 obs=231 | cap=wip act=(320,360) d=2.74 a=3 | sp=som:active d=2.7 age=0 som=5/8 dtg=14.60 region=0_11
ep=716 s=231 14313ms [sel=3 cap=13769 rest=501] sg=5->5 mode=NONE win=8 obs=232 | cap=wip act=(320,360) d=2.74 a=3 | preview=view-/6 yaw=+0 render=40ms | sp=som:active d=2.7 age=1 dtg=14.60 region=0_11
ep=716 s=232 8946ms [sel=3 cap=8838 rest=105] sg=5->5 mode=NONE win=8 obs=233 | cap=wip act=(320,360) d=2.74 a=1 | sp=som:active d=2.7 age=2 dtg=14.69 region=0_11
ep=716 s=233 8955ms [sel=3 cap=8828 rest=124] sg=5->5 mode=NONE win=8 obs=234 | cap=wip act=(320,360) d=2.49 a=1 | sp=som:active d=2.5 age=3 dtg=14.83 region=0_11
ep=716 s=234 14053ms [sel=3 cap=13477 rest=538] sg=5->5 mode=NONE win=8 obs=235 | cap=wip act=(320,360) d=2.24 a=1 | preview=view-/6 yaw=+0 render=36ms | sp=som:active d=2.2 age=4 dtg=15.00 region=0_11
ep=716 s=235 11053ms [sel=3 cap=10934 rest=116] sg=5->5 mode=NONE win=8 obs=236 | cap=wip act=(320,360) d=2.00 a=1 | sp=som:active d=2.0 age=5 dtg=15.19 region=0_11
ep=716 s=236 17821ms [sel=4 cap=17695 rest=122] sg=5->5 mode=NONE win=8 obs=237 | cap=wip act=(320,360) d=1.75 a=1 | sp=som:active d=1.7 age=6 dtg=15.39 region=0_9
ep=716 s=237 21944ms [sel=4 cap=21370 rest=535] sg=5->5 mode=NONE win=8 obs=238 | cap=wip act=(320,360) d=1.50 a=1 | preview=view-/6 yaw=+0 render=35ms | sp=som:active d=1.5 age=7 dtg=15.59 region=0_9
ep=716 s=238 11293ms [sel=3 cap=11179 rest=111] sg=5->5 mode=NONE win=8 obs=239 | cap=wip act=(320,360) d=1.26 a=1 | sp=som:active d=1.3 age=8 dtg=15.11 region=0_9
ep=716 s=239 11067ms [sel=3 cap=10950 rest=115] sg=5->5 mode=NONE win=8 obs=240 | cap=wip act=(320,360) d=1.01 a=3 | sp=som:active d=1.0 age=9 dtg=15.11 region=0_9
ep=716 s=240 18399ms [sel=3 cap=18279 rest=117] sg=5->5 mode=NONE win=8 obs=241 | cap=wip act=(320,360) d=1.01 a=1 | sp=som:active d=1.0 age=10 dtg=15.24 region=0_9
ep=716 s=241 19476ms [sel=6 cap=18899 rest=535] sg=5->5 mode=NONE win=8 obs=242 | cap=wip act=(320,360) d=0.76 a=1 | preview=view-/6 yaw=+0 render=36ms | sp=som:active d=0.8 age=11 dtg=15.38 region=0_9
ep=716 s=242 9673ms [sel=4 cap=9533 rest=136] sg=5->5 mode=NONE win=8 obs=243 | cap=wip act=(320,360) d=0.51 a=1 | sp=som:active d=0.5 age=12 dtg=15.54 region=0_9
ep=716 s=243 14534ms [sel=76 cap=14339 rest=118] sg=5->5 mode=NONE win=8 obs=244 | cap=wip act=(320,360) d=3.27 a=2 | sp=frontier:active d=3.3 age=0 dtg=15.54 region=0_9
ep=716 s=244 17588ms [sel=27 cap=17017 rest=508] sg=5->5 mode=NONE win=8 obs=245 | cap=wip act=(320,360) d=3.27 a=2 | preview=view-/6 yaw=+0 render=36ms | sp=frontier:active d=3.3 age=1 dtg=15.54 region=0_9
ep=716 s=245 12970ms [sel=24 cap=12827 rest=119] sg=5->5 mode=NONE win=8 obs=246 | cap=wip act=(320,360) d=3.27 a=2 | sp=frontier:active d=3.3 age=2 dtg=15.54 region=0_9
ep=716 s=246 15109ms [sel=20 cap=14970 rest=120] sg=5->5 mode=NONE win=8 obs=247 | cap=wip act=(320,360) d=3.27 a=2 | sp=frontier:active d=3.3 age=3 dtg=15.54 region=0_9
ep=716 s=247 13354ms [sel=15 cap=12769 rest=530] sg=5->5 mode=NONE win=8 obs=248 | cap=wip act=(320,360) d=3.27 a=2 | preview=view-/6 yaw=+0 render=40ms | sp=frontier:active d=3.3 age=4 dtg=15.54 region=0_9
ep=716 s=248 8059ms [sel=15 cap=7932 rest=112] sg=5->5 mode=NONE win=8 obs=249 | cap=wip act=(320,360) d=3.27 a=2 | sp=frontier:active d=3.3 age=5 dtg=15.54 region=0_9
ep=716 s=249 9060ms [sel=18 cap=8929 rest=113] sg=5->5 mode=NONE win=8 obs=250 | cap=wip act=(320,360) d=3.27 a=2 | sp=frontier:active d=3.3 age=6 dtg=15.54 region=0_9
ep=716 s=250 18402ms [sel=21 cap=17829 rest=516] sg=5->5 mode=NONE win=8 obs=251 | cap=wip act=(320,360) d=3.27 a=2 | preview=view-/6 yaw=+0 render=36ms | sp=frontier:active d=3.3 age=7 dtg=15.54 region=0_9
ep=716 s=251 10420ms [sel=22 cap=10295 rest=103] sg=5->5 mode=NONE win=8 obs=252 | cap=wip act=(320,360) d=3.27 a=1 | sp=frontier:active d=3.3 age=8 dtg=15.29 region=0_9
ep=716 s=252 8966ms [sel=25 cap=8841 rest=100] sg=5->5 mode=NONE win=8 obs=253 | cap=wip act=(320,360) d=3.30 a=2 | sp=frontier:active d=3.3 age=9 dtg=15.29 region=0_9
ep=716 s=253 19707ms [sel=28 cap=19107 rest=535] sg=5->5 mode=NONE win=8 obs=254 | cap=wip act=(320,360) d=3.30 a=2 | preview=view-/6 yaw=+0 render=36ms | sp=frontier:active d=3.3 age=10 dtg=15.29 region=0_9
ep=716 s=254 18465ms [sel=31 cap=18317 rest=116] sg=5->5 mode=NONE win=8 obs=255 | cap=wip act=(320,360) d=3.30 a=1 | sp=frontier:active d=3.3 age=11 dtg=15.05 region=0_9
ep=716 s=255 16848ms [sel=32 cap=16716 rest=99] sg=5->5 mode=NONE win=8 obs=256 | cap=wip act=(320,360) d=3.46 a=3 | sp=frontier:active d=3.5 age=12 dtg=15.05 region=0_9
ep=716 s=256 12050ms [sel=30 cap=11471 rest=516] sg=5->5 mode=NONE win=8 obs=257 | cap=wip act=(320,360) d=3.46 a=3 | preview=view-/6 yaw=+0 render=34ms | sp=frontier:active d=3.5 age=13 dtg=15.05 region=0_9
ep=716 s=257 11423ms [sel=27 cap=11296 rest=101] sg=5->5 mode=NONE win=8 obs=258 | cap=wip act=(320,360) d=3.46 a=3 | sp=frontier:active d=3.5 age=14 dtg=15.05 region=0_9
ep=716 s=258 8914ms [sel=22 cap=8783 rest=109] sg=5->5 mode=NONE win=8 obs=259 | cap=wip act=(320,360) d=3.46 a=1 | sp=frontier:active d=3.5 age=15 dtg=14.83 region=0_9
ep=716 s=259 17502ms [sel=23 cap=16907 rest=536] sg=5->5 mode=NONE win=8 obs=260 | cap=wip act=(320,360) d=3.45 a=3 | preview=view-/6 yaw=+0 render=36ms | sp=frontier:active d=3.4 age=16 dtg=14.83 region=0_9
ep=716 s=260 11707ms [sel=20 cap=11582 rest=105] sg=5->5 mode=NONE win=8 obs=261 | cap=wip act=(320,360) d=3.45 a=1 | sp=frontier:active d=3.4 age=17 dtg=14.65 region=0_9
ep=716 s=261 7522ms [sel=21 cap=7397 rest=104] sg=5->5 mode=NONE win=8 obs=262 | cap=wip act=(320,360) d=3.39 a=1 | sp=frontier:active d=3.4 age=18 dtg=14.48 region=0_9
ep=716 s=262 16359ms [sel=21 cap=15769 rest=533] sg=5->5 mode=NONE win=8 obs=263 | cap=wip act=(320,360) d=3.36 a=3 | preview=view-/6 yaw=+0 render=36ms | sp=frontier:active d=3.4 age=19 dtg=14.48 region=0_9
ep=716 s=263 10941ms [sel=45 cap=10792 rest=103] sg=5->5 mode=NONE win=8 obs=264 | cap=wip act=(320,360) d=3.64 a=2 | sp=frontier:active d=3.6 age=0 dtg=14.48 region=0_9
ep=716 s=264 9071ms [sel=3 cap=8956 rest=111] sg=5->5 mode=NONE win=8 obs=265 | cap=wip act=(320,360) d=3.64 a=1 | sp=frontier:active d=3.6 age=1 dtg=14.32 region=0_9
ep=716 s=265 15914ms [sel=4 cap=15341 rest=528] sg=5->5 mode=NONE win=8 obs=266 | cap=wip act=(320,360) d=3.40 a=1 | preview=view-/6 yaw=+0 render=41ms | sp=frontier:active d=3.4 age=2 dtg=14.19 region=0_9
ep=716 s=266 10659ms [sel=4 cap=10527 rest=128] sg=5->5 mode=NONE win=8 obs=267 | cap=wip act=(320,360) d=3.15 a=2 | sp=frontier:active d=3.1 age=3 dtg=14.19 region=0_9
ep=716 s=267 7813ms [sel=3 cap=7686 rest=123] sg=5->5 mode=NONE win=8 obs=268 | cap=wip act=(320,360) d=3.15 a=1 | sp=frontier:active d=3.1 age=4 dtg=14.02 region=0_9
ep=716 s=268 17700ms [sel=3 cap=17114 rest=547] sg=5->5 mode=NONE win=8 obs=269 | cap=wip act=(320,360) d=2.90 a=1 | preview=view-/6 yaw=+0 render=37ms | sp=frontier:active d=2.9 age=5 dtg=13.86 region=0_9
ep=716 s=269 23806ms [sel=3 cap=23690 rest=112] sg=5->5 mode=NONE win=8 obs=270 | cap=wip act=(320,360) d=2.65 a=2 | sp=frontier:active d=2.7 age=6 dtg=13.86 region=0_9
ep=716 s=270 22174ms [sel=3 cap=22061 rest=110] sg=5->5 mode=NONE win=8 obs=271 | cap=wip act=(320,360) d=2.65 a=1 | sp=frontier:active d=2.7 age=7 dtg=13.67 region=0_9
ep=716 s=271 10623ms [sel=3 cap=10508 rest=112] sg=5->5 mode=NONE win=8 obs=272 | cap=wip act=(320,360) d=2.43 a=1 | sp=frontier:active d=2.4 age=8 dtg=13.48 region=0_9
ep=716 s=272 17605ms [sel=3 cap=17035 rest=532] sg=5->5 mode=NONE win=8 obs=273 | cap=wip act=(320,360) d=2.21 a=1 | preview=view-/6 yaw=+0 render=36ms | sp=frontier:active d=2.2 age=9 dtg=13.29 region=0_9
ep=716 s=273 11876ms [sel=3 cap=11758 rest=114] sg=5->5 mode=NONE win=8 obs=274 | cap=wip act=(320,360) d=2.00 a=1 | sp=frontier:active d=2.0 age=10 dtg=13.11 region=None
ep=716 s=274 8572ms [sel=3 cap=8471 rest=98] sg=5->5 mode=NONE win=8 obs=275 | cap=wip act=(320,360) d=1.80 a=1 | sp=frontier:active d=1.8 age=11 dtg=12.93 region=0_19
ep=716 s=275 11238ms [sel=5 cap=10668 rest=529] sg=5->5 mode=NONE win=8 obs=276 | cap=wip act=(320,360) d=1.62 a=3 | preview=view-/6 yaw=+0 render=36ms | sp=frontier:active d=1.6 age=12 dtg=12.93 region=0_19
ep=716 s=276 8256ms [sel=4 cap=8154 rest=98] sg=5->5 mode=NONE win=8 obs=277 | cap=wip act=(320,360) d=1.62 a=1 | sp=frontier:active d=1.6 age=13 dtg=12.80 region=0_19
ep=716 s=277 10564ms [sel=1984 cap=8484 rest=96] sg=5->5 mode=NONE win=8 obs=278 | cap=wip act=(320,360) d=3.08 a=1 | sp=som:active d=3.1 age=0 som=5/8 dtg=12.72 region=0_19
ep=716 s=278 19095ms [sel=3 cap=18591 rest=464] sg=5->5 mode=NONE win=8 obs=279 | cap=wip act=(320,360) d=2.83 a=1 | preview=view-/6 yaw=+0 render=37ms | sp=som:active d=2.8 age=1 dtg=12.71 region=0_19
ep=716 s=279 10008ms [sel=3 cap=9905 rest=99] sg=5->5 mode=NONE win=8 obs=280 | cap=wip act=(320,360) d=2.58 a=1 | sp=som:active d=2.6 age=2 dtg=12.78 region=0_19
ep=716 s=280 6366ms [sel=3 cap=6259 rest=104] sg=5->5 mode=NONE win=8 obs=281 | cap=wip act=(320,360) d=2.33 a=1 | sp=som:active d=2.3 age=3 dtg=12.91 region=0_19
ep=716 s=281 16934ms [sel=49 cap=16391 rest=459] sg=5->5 mode=NONE win=8 obs=282 | cap=wip act=(320,360) d=3.63 a=1 | preview=view-/6 yaw=+0 render=35ms | sp=frontier:active d=3.6 age=0 dtg=13.09 region=0_19
ep=716 s=282 9442ms [sel=3 cap=9336 rest=103] sg=5->5 mode=NONE win=8 obs=283 | cap=wip act=(320,360) d=3.39 a=1 | sp=frontier:active d=3.4 age=1 dtg=13.30 region=0_19
ep=716 s=283 8015ms [sel=3 cap=7910 rest=101] sg=5->5 mode=NONE win=8 obs=284 | cap=wip act=(320,360) d=3.14 a=2 | sp=frontier:active d=3.1 age=2 dtg=13.30 region=0_19
ep=716 s=284 14833ms [sel=3 cap=14287 rest=508] sg=5->5 mode=NONE win=8 obs=285 | cap=wip act=(320,360) d=3.14 a=1 | preview=view-/6 yaw=+0 render=35ms | sp=frontier:active d=3.1 age=3 dtg=13.51 region=0_19
ep=716 s=285 5771ms [sel=3 cap=5661 rest=107] sg=5->5 mode=NONE win=8 obs=286 | cap=wip act=(320,360) d=2.92 a=1 | sp=frontier:active d=2.9 age=4 dtg=13.75 region=0_19
ep=716 s=286 9630ms [sel=3 cap=9512 rest=115] sg=5->5 mode=NONE win=8 obs=287 | cap=wip act=(320,360) d=2.71 a=1 | sp=frontier:active d=2.7 age=5 dtg=13.99 region=0_19
ep=716 s=287 16628ms [sel=11 cap=16139 rest=443] sg=5->5 mode=NONE win=8 obs=288 | cap=wip act=(320,360) d=2.50 a=3 | preview=view-/6 yaw=+0 render=36ms | sp=frontier:active d=2.5 age=6 dtg=13.99 region=0_19
ep=716 s=288 4159ms [sel=11 cap=4033 rest=115] sg=5->5 mode=NONE win=8 obs=289 | cap=wip act=(320,360) d=2.50 a=1 | sp=frontier:active d=2.5 age=7 dtg=14.24 region=0_19
ep=716 s=289 4201ms [sel=12 cap=4069 rest=121] sg=5->5 mode=NONE win=8 obs=290 | cap=wip act=(320,360) d=2.27 a=3 | sp=frontier:active d=2.3 age=8 dtg=14.24 region=0_19
ep=716 s=290 3883ms [sel=11 cap=3756 rest=117] sg=5->5 mode=NONE win=8 obs=291 | cap=wip act=(320,360) d=2.27 a=1 | sp=frontier:active d=2.3 age=9 dtg=14.48 region=0_12
ep=716 s=291 6500ms [sel=6 cap=6377 rest=117] sg=5->5 mode=NONE win=8 obs=292 | cap=wip act=(320,360) d=2.02 a=1 | sp=frontier:active d=2.0 age=10 dtg=14.72 region=0_12
ep=716 s=292 3180ms [sel=4 cap=3068 rest=107] sg=5->5 mode=NONE win=8 obs=293 | cap=wip act=(320,360) d=1.78 a=1 | sp=frontier:active d=1.8 age=11 dtg=14.97 region=0_12
ep=716 s=293 4534ms [sel=3 cap=4424 rest=107] sg=5->5 mode=NONE win=8 obs=294 | cap=wip act=(320,360) d=1.53 a=3 | sp=frontier:active d=1.5 age=12 dtg=14.97 region=0_12
ep=716 s=294 4447ms [sel=3 cap=4338 rest=106] sg=5->5 mode=NONE win=8 obs=295 | cap=wip act=(320,360) d=1.53 a=1 | sp=frontier:active d=1.5 age=13 dtg=15.20 region=0_12
ep=716 s=295 8711ms [sel=1620 cap=6666 rest=389] sg=5->5 mode=NONE win=8 obs=296 | cap=wip act=(320,360) d=1.58 a=1 | preview=view-/6 yaw=+0 render=36ms | sp=som:active d=1.6 age=0 som=3/7 dtg=15.43 region=0_12
ep=716 s=296 5507ms [sel=3 cap=5397 rest=107] sg=5->5 mode=NONE win=8 obs=297 | cap=wip act=(320,360) d=1.33 a=1 | sp=som:active d=1.3 age=1 dtg=15.67 region=0_12
ep=716 s=297 6054ms [sel=3 cap=5940 rest=111] sg=5->5 mode=NONE win=8 obs=298 | cap=wip act=(320,360) d=1.09 a=1 | sp=som:active d=1.1 age=2 dtg=15.92 region=0_12
ep=716 s=298 9618ms [sel=3 cap=9176 rest=400] sg=5->5 mode=NONE win=8 obs=299 | cap=wip act=(320,360) d=0.84 a=1 | preview=view-/6 yaw=+0 render=39ms | sp=som:active d=0.8 age=3 dtg=16.16 region=0_12
ep=716 s=299 7395ms [sel=3 cap=7284 rest=108] sg=5->5 mode=NONE win=8 obs=300 | cap=wip act=(320,360) d=0.59 a=1 | sp=som:active d=0.6 age=4 dtg=16.41 region=0_12
ep=716 s=300 5906ms [sel=1540 cap=4244 rest=121] sg=5->5 mode=NONE win=8 obs=301 | cap=wip act=(320,449) d=1.07 a=1 | sp=straight_ahead:reached d=0.3 age=0 som=2/5 dtg=16.66 region=0_12
ep=716 s=301 12992ms [sel=202 cap=12339 rest=411] sg=5->5 mode=NONE win=8 obs=302 | cap=wip act=TURN request=-45deg execute=-15deg x1 a=2 | preview=view-/6 yaw=+0 render=40ms | sp=straight_ahead:reached d=0.3 age=1 ovr=3 door_evts=5 dtg=16.66 region=0_12
ep=716 s=302 8156ms [sel=0 cap=8026 rest=130] sg=5->5 mode=NONE win=8 obs=303 | cap=wip act=TURN request=-45deg execute=-15deg x1 a=2 | sp=- ovr=3 door_evts=5 dtg=16.66 region=0_12
ep=716 s=303 10604ms [sel=0 cap=10488 rest=116] sg=5->5 mode=NONE win=8 obs=304 | cap=wip act=TURN request=-45deg execute=-15deg x1 a=2 | sp=- ovr=3 door_evts=5 dtg=16.66 region=0_12
ep=716 s=304 13285ms [sel=0 cap=12874 rest=375] sg=5->5 mode=NONE win=8 obs=305 | cap=wip act=TURN request=-45deg execute=-15deg x1 a=2 | preview=view-/6 yaw=+0 render=35ms | sp=- ovr=3 door_evts=5 dtg=16.66 region=0_12
ep=716 s=305 9323ms [sel=0 cap=9218 rest=105] sg=5->5 mode=NONE win=8 obs=306 | cap=wip act=TURN request=-45deg execute=-15deg x1 a=2 | sp=- ovr=3 door_evts=5 dtg=16.66 region=0_12
ep=716 s=306 9752ms [sel=0 cap=9655 rest=96] sg=5->5 mode=NONE win=8 obs=307 | cap=wip act=TURN request=-45deg execute=-15deg x1 a=2 | sp=- ovr=3 door_evts=5 dtg=16.66 region=0_12
ep=716 s=307 26066ms [sel=0 cap=25649 rest=382] sg=5->5 mode=NONE win=8 obs=308 | cap=wip act=TURN request=-45deg execute=-15deg x1 a=2 | preview=view-/6 yaw=+0 render=34ms | sp=- ovr=3 door_evts=5 dtg=16.66 region=0_12
ep=716 s=308 8407ms [sel=0 cap=8311 rest=95] sg=5->5 mode=NONE win=8 obs=309 | cap=wip act=TURN request=-45deg execute=-15deg x1 a=2 | sp=- ovr=3 door_evts=5 dtg=16.66 region=0_12
ep=716 s=309 16950ms [sel=0 cap=16851 rest=100] sg=5->5 mode=NONE win=8 obs=310 | cap=wip act=TURN request=-45deg execute=-15deg x1 a=2 | sp=- ovr=3 door_evts=5 dtg=16.66 region=0_12
ep=716 s=310 27684ms [sel=0 cap=27266 rest=383] sg=5->5 mode=NONE win=8 obs=311 | cap=wip act=TURN request=-45deg execute=-15deg x1 a=2 | preview=view-/6 yaw=+0 render=35ms | sp=- ovr=3 door_evts=5 dtg=16.66 region=0_12
ep=716 s=311 21405ms [sel=0 cap=21303 rest=102] sg=5->5 mode=NONE win=8 obs=312 | cap=wip act=TURN request=-45deg execute=-15deg x1 a=2 | sp=- ovr=3 door_evts=5 dtg=16.66 region=0_12
ep=716 s=312 16114ms [sel=0 cap=16014 rest=100] sg=5->5 mode=NONE win=8 obs=313 | cap=wip act=TURN request=-45deg execute=-15deg x1 a=2 | sp=- ovr=3 door_evts=5 dtg=16.66 region=0_12
ep=716 s=313 24781ms [sel=38 cap=24648 rest=96] sg=5->5 mode=NONE win=8 obs=314 | cap=wip act=(320,360) d=2.02 a=1 | sp=frontier:active d=2.0 age=0 dtg=16.41 region=0_12
ep=716 s=314 30444ms [sel=3 cap=0 rest=30402] sg=None->5 mode=NONE win=8 obs=315 | cap=- act=(320,360) d=1.77 a=1 | preview=view-/6 yaw=+0 render=39ms | sp=frontier:active d=1.8 age=1 ANALYSIS_ERROR_STAGE=completion_confirmation ANALYSIS_ERROR='CaptionerOutputError: decision violates the navigation reply contract: Request timed out.' dtg=16.16 region=0_12
ep=716 s=315 18792ms [sel=3 cap=18694 rest=95] sg=5->5 mode=NONE win=8 obs=316 | cap=wip act=(320,360) d=1.52 a=1 | sp=frontier:active d=1.5 age=2 dtg=15.92 region=0_12
ep=716 s=316 10550ms [sel=3 cap=10445 rest=101] sg=5->5 mode=NONE win=8 obs=317 | cap=wip act=(320,360) d=1.27 a=1 | sp=frontier:active d=1.3 age=3 dtg=15.67 region=0_12
ep=716 s=317 14668ms [sel=3 cap=14221 rest=408] sg=5->5 mode=NONE win=8 obs=318 | cap=wip act=(320,360) d=1.02 a=1 | preview=view-/6 yaw=+0 render=36ms | sp=frontier:active d=1.0 age=4 dtg=15.43 region=0_12
ep=716 s=318 14815ms [sel=3 cap=14710 rest=102] sg=5->5 mode=NONE win=8 obs=319 | cap=wip act=(320,360) d=0.77 a=1 | sp=frontier:active d=0.8 age=5 dtg=15.20 region=0_12
ep=716 s=319 14737ms [sel=3 cap=14623 rest=111] sg=5->5 mode=NONE win=8 obs=320 | cap=wip act=(320,360) d=0.52 a=1 | sp=frontier:active d=0.5 age=6 dtg=14.97 region=0_12
ep=716 s=320 15527ms [sel=68 cap=15030 rest=391] sg=5->5 mode=NONE win=8 obs=321 | cap=wip act=(320,360) d=3.50 a=1 | preview=view-/6 yaw=+0 render=38ms | sp=frontier:active d=3.5 age=0 dtg=14.75 region=0_12
ep=716 s=321 10651ms [sel=31 cap=10525 rest=96] sg=5->5 mode=NONE win=8 obs=322 | cap=wip act=(320,360) d=3.41 a=2 | sp=frontier:active d=3.4 age=1 dtg=14.75 region=0_12
ep=716 s=322 10770ms [sel=29 cap=10642 rest=98] sg=5->5 mode=NONE win=8 obs=323 | cap=wip act=(320,360) d=3.41 a=2 | sp=frontier:active d=3.4 age=2 dtg=14.75 region=0_12
ep=716 s=323 25808ms [sel=15 cap=25348 rest=407] sg=5->5 mode=NONE win=8 obs=324 | cap=wip act=(320,360) d=3.41 a=1 | preview=view-/6 yaw=+0 render=37ms | sp=frontier:active d=3.4 age=3 dtg=14.50 region=0_12
ep=716 s=324 9302ms [sel=20 cap=9189 rest=93] sg=5->5 mode=NONE win=8 obs=325 | cap=wip act=(320,360) d=3.22 a=1 | sp=frontier:active d=3.2 age=4 dtg=14.25 region=0_19
ep=716 s=325 7152ms [sel=24 cap=7034 rest=94] sg=5->5 mode=NONE win=8 obs=326 | cap=wip act=(320,360) d=3.05 a=2 | sp=frontier:active d=3.0 age=5 dtg=14.25 region=0_19
ep=716 s=326 26207ms [sel=13 cap=25708 rest=450] sg=5->5 mode=NONE win=8 obs=327 | cap=wip act=(320,360) d=3.05 a=2 | preview=view-/6 yaw=+0 render=35ms | sp=frontier:active d=3.0 age=6 dtg=14.25 region=0_19
ep=716 s=327 11947ms [sel=13 cap=11836 rest=98] sg=5->5 mode=NONE win=8 obs=328 | cap=wip act=(320,360) d=3.05 a=1 | sp=frontier:active d=3.0 age=7 dtg=14.04 region=0_19
ep=716 s=328 5110ms [sel=13 cap=4997 rest=100] sg=5->5 mode=NONE win=8 obs=329 | cap=wip act=(320,360) d=2.81 a=1 | sp=frontier:active d=2.8 age=8 dtg=13.86 region=0_19
ep=716 s=329 20346ms [sel=12 cap=19836 rest=463] sg=5->5 mode=NONE win=8 obs=330 | cap=wip act=(320,360) d=2.57 a=1 | preview=view-/6 yaw=+0 render=35ms | sp=frontier:active d=2.6 age=9 dtg=13.72 region=0_19
ep=716 s=330 15259ms [sel=12 cap=15142 rest=105] sg=5->5 mode=NONE win=8 obs=331 | cap=wip act=(320,360) d=2.34 a=1 | sp=frontier:active d=2.3 age=10 dtg=13.61 region=0_19
ep=716 s=331 20840ms [sel=12 cap=20724 rest=104] sg=5->5 mode=NONE win=8 obs=332 | cap=wip act=(320,360) d=2.11 a=2 | sp=frontier:active d=2.1 age=11 dtg=13.61 region=0_19
ep=716 s=332 16238ms [sel=11 cap=15730 rest=462] sg=5->5 mode=NONE win=8 obs=333 | cap=wip act=(320,360) d=2.11 a=2 | preview=view-/6 yaw=+0 render=35ms | sp=frontier:active d=2.1 age=12 dtg=13.61 region=0_19
ep=716 s=333 21730ms [sel=12 cap=21621 rest=98] sg=5->5 mode=NONE win=8 obs=334 | cap=wip act=(320,360) d=2.11 a=1 | sp=frontier:active d=2.1 age=13 dtg=13.68 region=0_19
ep=716 s=334 19653ms [sel=11 cap=19539 rest=102] sg=5->5 mode=NONE win=8 obs=335 | cap=wip act=(320,360) d=1.86 a=1 | sp=frontier:active d=1.9 age=14 dtg=13.78 region=0_19
ep=716 s=335 10861ms [sel=11 cap=10359 rest=453] sg=5->5 mode=NONE win=8 obs=336 | cap=wip act=(320,360) d=1.61 a=3 | preview=view-/6 yaw=+0 render=38ms | sp=frontier:active d=1.6 age=15 dtg=13.78 region=0_19
ep=716 s=336 10200ms [sel=3651 cap=6432 rest=117] sg=5->5 mode=NONE win=8 obs=337 | cap=wip act=(320,360) d=3.01 a=1 | sp=som:active d=3.0 age=0 som=4/8 dtg=13.86 region=0_19
ep=716 s=337 4924ms [sel=6 cap=4807 rest=112] sg=5->5 mode=NONE win=8 obs=338 | cap=wip act=(320,360) d=2.76 a=1 | sp=som:active d=2.8 age=1 dtg=13.96 region=0_8
ep=716 s=338 13942ms [sel=6 cap=13450 rest=450] sg=5->5 mode=NONE win=8 obs=339 | cap=wip act=(320,360) d=2.52 a=1 | preview=view-/6 yaw=+0 render=36ms | sp=som:active d=2.5 age=2 dtg=14.11 region=0_8
ep=716 s=339 5183ms [sel=3 cap=5067 rest=113] sg=5->5 mode=NONE win=8 obs=340 | cap=wip act=(320,360) d=2.28 a=1 | sp=som:active d=2.3 age=3 dtg=14.30 region=0_8
ep=716 s=340 10196ms [sel=3 cap=10077 rest=116] sg=5->5 mode=NONE win=8 obs=341 | cap=wip act=(320,360) d=2.04 a=1 | sp=som:active d=2.0 age=4 dtg=14.52 region=0_8
ep=716 s=341 16907ms [sel=3 cap=16418 rest=447] sg=5->5 mode=NONE win=8 obs=342 | cap=wip act=(320,360) d=1.80 a=2 | preview=view-/6 yaw=+0 render=38ms | sp=som:active d=1.8 age=5 dtg=14.52 region=0_8
ep=716 s=342 11988ms [sel=3 cap=11864 rest=121] sg=5->5 mode=NONE win=8 obs=343 | cap=wip act=(320,360) d=1.80 a=1 | sp=som:active d=1.8 age=6 dtg=14.76 region=0_8
ep=716 s=343 12152ms [sel=4 cap=12032 rest=116] sg=5->5 mode=NONE win=8 obs=344 | cap=wip act=(320,360) d=1.55 a=1 | sp=som:active d=1.6 age=7 dtg=15.01 region=0_8
ep=716 s=344 14518ms [sel=5 cap=14028 rest=446] sg=5->None mode=NONE win=8 obs=345 | cap=DONE act=(320,360) d=1.00 a=1 | preview=view-/6 yaw=+0 render=39ms | sp=som:active d=1.3 age=8 ovr=3 door_evts=6 dtg=15.26 region=0_8
ep=716 s=345 123ms [sel=5 cap=0 rest=119] sg=None->None mode=NONE win=8 obs=346 | cap=- act=(320,360) d=1.00 a=1 | sp=som:active d=1.1 age=9 ovr=3 door_evts=6 dtg=15.51 region=0_8
ep=716 s=346 119ms [sel=5 cap=0 rest=115] sg=None->None mode=NONE win=8 obs=347 | cap=- act=(320,360) d=1.00 a=1 | sp=som:active d=0.8 age=10 ovr=3 door_evts=6 dtg=15.76 region=0_8
ep=716 s=347 118ms [sel=0 cap=0 rest=118] sg=None->None mode=NONE win=8 obs=348 | cap=- act=STOP | sp=som:active d=0.6 age=11 ovr=3 door_evts=6 dtg=15.76 region=0_8
rank=1 [6/13] id=716 steps=348 success=0.000 spl=0.000 dtg=15.76 osr=0 path_length=56.30 ndtw=0.000 sdtw=0.000
PluginManager::Manager: duplicate static plugin StbImageImporter, ignoring
PluginManager::Manager: duplicate static plugin GltfImporter, ignoring
PluginManager::Manager: duplicate static plugin BasisImporter, ignoring
PluginManager::Manager: duplicate static plugin AssimpImporter, ignoring
PluginManager::Manager: duplicate static plugin AnySceneImporter, ignoring
PluginManager::Manager: duplicate static plugin AnyImageImporter, ignoring
episode=884 instruction='Head down the flight of steps and halt at the lowest tread.' start_position=[1.7459499835968018, 0.044711098074913025, 8.031970024108887] goal_position=[-1.8411600589752197, -2.381938934326172, 7.861939907073975] reference_geodesic=7.023850440979004
episode=884 prepared_subgoals=1
  [1] Go down the flight of steps
      proof: The camera has passed the last step and the lowest tread is directly ahead and within a step
ep=884 s=0 11547ms [sel=31 cap=10977 rest=498] sg=1->1 mode=NONE win=1 obs=1 | cap=wip act=(160,180) d=3.98 a=1 | preview=view0/6 yaw=-90 render=41ms | sp=preview:active d=4.0 age=0 dtg=7.27 region=1_10
ep=884 s=1 6665ms [sel=13 cap=6523 rest=129] sg=1->1 mode=NONE win=2 obs=2 | cap=wip act=(320,360) d=3.85 a=1 | sp=preview:active d=3.9 age=1 dtg=7.51 region=0_12
ep=884 s=2 3900ms [sel=16 cap=3757 rest=127] sg=1->1 mode=GET_NOWHERE win=3 obs=3 | cap=wip/GET_NOWHERE act=(320,360) d=3.73 a=1 | sp=preview:active d=3.7 age=2 dtg=7.75 region=0_12
ep=884 s=3 7069ms [sel=16 cap=6924 rest=128] sg=1->1 mode=GET_NOWHERE win=4 obs=4 | cap=wip/GET_NOWHERE act=(320,360) d=3.63 a=2 | sp=preview:active d=3.6 age=3 dtg=7.75 region=0_12
ep=884 s=4 5876ms [sel=13 cap=5734 rest=129] sg=1->1 mode=NONE win=5 obs=5 | cap=wip act=(320,360) d=3.63 a=2 | sp=preview:active d=3.6 age=4 dtg=7.75 region=0_12
ep=884 s=5 10181ms [sel=5 cap=9613 rest=526] sg=1->None mode=NONE win=6 obs=6 | cap=DONE act=(320,360) d=1.00 a=1 | preview=view-/6 yaw=+0 render=37ms | sp=preview:active d=3.6 age=5 dtg=7.95 region=0_12
ep=884 s=6 137ms [sel=5 cap=0 rest=133] sg=None->None mode=NONE win=6 obs=7 | cap=- act=(320,360) d=1.00 a=1 | sp=preview:active d=3.4 age=6 dtg=8.15 region=0_12
ep=884 s=7 135ms [sel=5 cap=0 rest=131] sg=None->None mode=NONE win=6 obs=8 | cap=- act=(320,360) d=1.00 a=1 | sp=preview:active d=3.2 age=7 dtg=8.37 region=0_12
ep=884 s=8 132ms [sel=0 cap=0 rest=132] sg=None->None mode=NONE win=6 obs=9 | cap=- act=STOP | sp=preview:active d=3.1 age=8 dtg=8.37 region=0_12
rank=1 [7/13] id=884 steps=9 success=0.000 spl=0.000 dtg=8.37 osr=0 path_length=1.50 ndtw=0.428 sdtw=0.000
PluginManager::Manager: duplicate static plugin StbImageImporter, ignoring
PluginManager::Manager: duplicate static plugin GltfImporter, ignoring
PluginManager::Manager: duplicate static plugin BasisImporter, ignoring
PluginManager::Manager: duplicate static plugin AssimpImporter, ignoring
PluginManager::Manager: duplicate static plugin AnySceneImporter, ignoring
PluginManager::Manager: duplicate static plugin AnyImageImporter, ignoring
episode=1008 instruction='Head through the corridor to the right side of the large timepiece. Head to the round floor piece. Head through the passage beside the timber seat. Head to the long eating surface.' start_position=[22.13800048828125, 0.12711000442504883, -3.077199935913086] goal_position=[11.221599578857422, 0.12711000442504883, 4.922210216522217] reference_geodesic=13.760631561279297
episode=1008 prepared_subgoals=4
  [1] Head through the corridor to the right side of the large timepiece
      proof: The large timepiece is directly ahead and to the right, within a step.
  [2] Head to the round floor piece
      proof: The round floor piece is directly ahead, within a step.
  [3] Head through the passage beside the timber seat
      proof: The passage has been passed; the timber seat is behind and the space beyond fills the view.
  [4] Head to the long eating surface
      proof: The long eating surface is directly ahead, within a step
ep=1008 s=0 9414ms [sel=36 cap=8962 rest=378] sg=1->1 mode=NONE win=1 obs=1 | cap=wip act=(160,180) d=3.45 a=3 | preview=view2/6 yaw=+0 render=38ms | sp=preview:active d=3.5 age=0 dtg=13.76 region=0_16
ep=1008 s=1 9671ms [sel=6 cap=9571 rest=95] sg=1->1 mode=NONE win=2 obs=2 | cap=wip act=(320,360) d=3.45 a=3 | sp=preview:active d=3.5 age=1 dtg=13.76 region=0_16
ep=1008 s=2 7926ms [sel=6 cap=7821 rest=99] sg=1->1 mode=NONE win=3 obs=3 | cap=wip act=(320,360) d=3.45 a=3 | sp=preview:active d=3.5 age=2 dtg=13.76 region=0_16
ep=1008 s=3 9086ms [sel=6 cap=8987 rest=93] sg=1->1 mode=NONE win=4 obs=4 | cap=wip act=(320,360) d=3.45 a=3 | sp=preview:active d=3.5 age=3 dtg=13.76 region=0_16
ep=1008 s=4 5563ms [sel=6 cap=5477 rest=80] sg=1->1 mode=NONE win=5 obs=5 | cap=wip act=(320,360) d=3.45 a=3 | sp=preview:active d=3.5 age=4 dtg=13.76 region=0_16
ep=1008 s=5 5692ms [sel=6 cap=5603 rest=83] sg=1->1 mode=NONE win=6 obs=6 | cap=wip act=(320,360) d=3.45 a=3 | sp=preview:active d=3.5 age=5 dtg=13.76 region=0_16
ep=1008 s=6 4075ms [sel=6 cap=3990 rest=79] sg=1->1 mode=NONE win=7 obs=7 | cap=wip act=(320,360) d=3.45 a=3 | sp=preview:active d=3.5 age=6 dtg=13.76 region=0_16
ep=1008 s=7 7384ms [sel=6 cap=7295 rest=83] sg=1->1 mode=NONE win=8 obs=8 | cap=wip act=(320,360) d=3.45 a=3 | sp=preview:active d=3.5 age=7 dtg=13.76 region=0_16
ep=1008 s=8 6946ms [sel=5 cap=6857 rest=84] sg=1->1 mode=NONE win=8 obs=9 | cap=wip act=(320,360) d=3.45 a=3 | sp=preview:active d=3.5 age=8 dtg=13.76 region=0_16
ep=1008 s=9 10150ms [sel=4 cap=10061 rest=85] sg=1->1 mode=NONE win=8 obs=10 | cap=wip act=(320,360) d=3.45 a=3 | sp=preview:active d=3.5 age=9 dtg=13.76 region=0_16
ep=1008 s=10 8633ms [sel=4 cap=8537 rest=92] sg=1->1 mode=NONE win=8 obs=11 | cap=wip act=(320,360) d=3.45 a=3 | sp=preview:active d=3.5 age=10 dtg=13.76 region=0_16
ep=1008 s=11 8646ms [sel=8 cap=8203 rest=392] sg=1->1 mode=NONE win=8 obs=12 | cap=wip act=(320,360) d=3.45 a=3 | preview=view-/6 yaw=+0 render=42ms | sp=preview:active d=3.5 age=11 dtg=13.76 region=0_16
ep=1008 s=12 6951ms [sel=5 cap=6841 rest=104] sg=1->1 mode=NONE win=8 obs=13 | cap=wip act=(320,360) d=3.45 a=1 | sp=preview:active d=3.5 age=12 dtg=13.58 region=0_16
ep=1008 s=13 9104ms [sel=6 cap=8993 rest=105] sg=1->1 mode=NONE win=8 obs=14 | cap=wip act=(320,360) d=3.70 a=3 | sp=preview:active d=3.7 age=13 dtg=13.58 region=0_16
ep=1008 s=14 7204ms [sel=5 cap=7089 rest=109] sg=1->1 mode=NONE win=8 obs=15 | cap=wip act=(320,360) d=3.70 a=1 | sp=preview:active d=3.7 age=14 dtg=13.38 region=0_16
ep=1008 s=15 6905ms [sel=6 cap=6794 rest=105] sg=1->1 mode=NONE win=8 obs=16 | cap=wip act=(320,360) d=3.94 a=3 | sp=preview:active d=3.9 age=15 dtg=13.38 region=0_16
ep=1008 s=16 10669ms [sel=4 cap=10553 rest=112] sg=1->1 mode=NONE win=8 obs=17 | cap=wip act=(320,360) d=3.94 a=1 | sp=preview:active d=3.9 age=16 dtg=13.17 region=0_16
ep=1008 s=17 7727ms [sel=5 cap=7612 rest=111] sg=1->1 mode=NONE win=8 obs=18 | cap=wip act=(320,360) d=4.16 a=1 | sp=preview:active d=4.2 age=17 dtg=12.96 region=0_16
ep=1008 s=18 8864ms [sel=5 cap=8748 rest=112] sg=1->1 mode=NONE win=8 obs=19 | cap=wip act=(320,360) d=4.38 a=3 | sp=preview:active d=4.4 age=18 dtg=12.96 region=0_16
ep=1008 s=19 10374ms [sel=35 cap=9847 rest=454] sg=1->1 mode=NONE win=8 obs=20 | cap=wip act=(160,180) d=3.48 a=3 | preview=view5/6 yaw=+165 render=37ms | sp=preview:active d=3.5 age=0 dtg=12.96 region=0_16
ep=1008 s=20 7446ms [sel=4 cap=7335 rest=107] sg=1->1 mode=NONE win=8 obs=21 | cap=wip act=(320,360) d=3.48 a=1 | sp=preview:active d=3.5 age=1 dtg=12.72 region=0_16
ep=1008 s=21 2654ms [sel=4 cap=2544 rest=106] sg=1->1 mode=NONE win=8 obs=22 | cap=wip act=(320,360) d=3.63 a=1 | sp=preview:active d=3.6 age=2 dtg=12.47 region=0_16
ep=1008 s=22 6726ms [sel=4 cap=6617 rest=106] sg=1->1 mode=NONE win=8 obs=23 | cap=wip act=(320,360) d=3.79 a=3 | sp=preview:active d=3.8 age=3 dtg=12.47 region=0_16
ep=1008 s=23 8639ms [sel=4 cap=8531 rest=104] sg=1->1 mode=NONE win=8 obs=24 | cap=wip act=(320,360) d=3.79 a=1 | sp=preview:active d=3.8 age=4 dtg=12.22 region=0_16
ep=1008 s=24 6570ms [sel=4 cap=6466 rest=100] sg=1->1 mode=NONE win=8 obs=25 | cap=wip act=(320,360) d=3.90 a=1 | sp=preview:active d=3.9 age=5 dtg=11.97 region=0_16
ep=1008 s=25 5186ms [sel=4 cap=5084 rest=98] sg=1->1 mode=NONE win=8 obs=26 | cap=wip act=(320,360) d=4.03 a=2 | sp=preview:active d=4.0 age=6 dtg=11.97 region=0_16
ep=1008 s=26 8775ms [sel=4 cap=8675 rest=96] sg=1->1 mode=NONE win=8 obs=27 | cap=wip act=(320,360) d=4.03 a=1 | sp=preview:active d=4.0 age=7 dtg=11.72 region=0_16
ep=1008 s=27 5845ms [sel=4 cap=5743 rest=98] sg=1->1 mode=NONE win=8 obs=28 | cap=wip act=(320,360) d=4.22 a=1 | sp=preview:active d=4.2 age=8 dtg=11.48 region=0_28
ep=1008 s=28 7206ms [sel=25 cap=7082 rest=99] sg=1->1 mode=NONE win=8 obs=29 | cap=wip act=(320,360) d=4.41 a=1 | sp=preview:active d=4.4 age=9 dtg=11.23 region=0_28
ep=1008 s=29 9006ms [sel=4 cap=8902 rest=100] sg=1->1 mode=NONE win=8 obs=30 | cap=wip act=(320,360) d=4.61 a=1 | sp=preview:active d=4.6 age=10 dtg=10.98 region=0_28
ep=1008 s=30 7284ms [sel=2727 cap=4455 rest=102] sg=1->2 mode=NONE win=8 obs=31 | cap=DONE act=(320,360) d=2.98 a=1 | sp=som:active d=3.0 age=0 som=3/8 dtg=10.73 region=0_28
ep=1008 s=31 4430ms [sel=3 cap=4327 rest=101] sg=2->2 mode=NONE win=8 obs=32 | cap=wip act=(320,360) d=2.73 a=1 | sp=som:active d=2.7 age=1 dtg=10.48 region=0_28
ep=1008 s=32 3939ms [sel=3 cap=3837 rest=99] sg=2->2 mode=NONE win=8 obs=33 | cap=wip act=(320,360) d=2.49 a=3 | sp=som:active d=2.5 age=2 dtg=10.48 region=0_28
ep=1008 s=33 4987ms [sel=3 cap=4876 rest=108] sg=2->2 mode=NONE win=8 obs=34 | cap=wip act=(320,360) d=2.49 a=1 | sp=som:active d=2.5 age=3 dtg=10.23 region=0_28
ep=1008 s=34 8508ms [sel=2368 cap=6030 rest=110] sg=2->3 mode=NONE win=8 obs=35 | cap=DONE act=(320,360) d=3.06 a=1 | sp=som:active d=3.1 age=0 som=2/8 dtg=9.99 region=0_28
ep=1008 s=35 6288ms [sel=3 cap=6168 rest=117] sg=3->3 mode=NONE win=8 obs=36 | cap=wip act=(320,360) d=2.81 a=1 | sp=som:active d=2.8 age=1 dtg=9.74 region=0_28
ep=1008 s=36 6793ms [sel=4 cap=6672 rest=118] sg=3->3 mode=NONE win=8 obs=37 | cap=wip act=(320,360) d=2.56 a=1 | sp=som:active d=2.6 age=2 dtg=9.49 region=0_28
ep=1008 s=37 6981ms [sel=3 cap=6859 rest=119] sg=3->3 mode=NONE win=8 obs=38 | cap=wip act=(320,360) d=2.31 a=1 | sp=som:active d=2.3 age=3 dtg=9.25 region=0_28
ep=1008 s=38 3541ms [sel=3 cap=3419 rest=118] sg=3->3 mode=NONE win=8 obs=39 | cap=wip act=(320,360) d=2.06 a=1 | sp=som:active d=2.1 age=4 dtg=9.01 region=0_28
ep=1008 s=39 11104ms [sel=3 cap=10980 rest=121] sg=3->3 mode=NONE win=8 obs=40 | cap=wip act=(320,360) d=1.82 a=1 | sp=som:active d=1.8 age=5 dtg=8.76 region=0_28
ep=1008 s=40 6269ms [sel=3 cap=6150 rest=117] sg=3->3 mode=NONE win=8 obs=41 | cap=wip act=(320,360) d=1.57 a=1 | sp=som:active d=1.6 age=6 dtg=8.52 region=0_28
ep=1008 s=41 7648ms [sel=3 cap=7532 rest=114] sg=3->3 mode=NONE win=8 obs=42 | cap=wip act=(320,360) d=1.32 a=1 | sp=som:active d=1.3 age=7 dtg=8.28 region=0_28
ep=1008 s=42 4536ms [sel=4 cap=4417 rest=115] sg=3->3 mode=NONE win=8 obs=43 | cap=wip act=(320,360) d=1.08 a=2 | sp=som:active d=1.1 age=8 dtg=8.28 region=0_28
ep=1008 s=43 11827ms [sel=3 cap=11709 rest=115] sg=3->3 mode=NONE win=8 obs=44 | cap=wip act=(320,360) d=1.08 a=1 | sp=som:active d=1.1 age=9 dtg=8.03 region=0_12
ep=1008 s=44 4333ms [sel=3 cap=4219 rest=111] sg=3->3 mode=NONE win=8 obs=45 | cap=wip act=(320,360) d=0.83 a=1 | sp=som:active d=0.8 age=10 dtg=7.78 region=0_12
ep=1008 s=45 10457ms [sel=3 cap=10339 rest=115] sg=3->3 mode=NONE win=8 obs=46 | cap=wip act=(320,360) d=0.58 a=1 | sp=som:active d=0.6 age=11 dtg=7.53 region=0_12
ep=1008 s=46 6361ms [sel=1200 cap=5051 rest=111] sg=3->3 mode=NONE win=8 obs=47 | cap=wip act=(320,360) d=2.10 a=1 | sp=som:active d=2.1 age=0 som=4/8 dtg=7.28 region=0_12
ep=1008 s=47 6547ms [sel=4 cap=6431 rest=112] sg=3->3 mode=NONE win=8 obs=48 | cap=wip act=(320,360) d=1.85 a=1 | sp=som:active d=1.9 age=1 dtg=7.03 region=0_12
ep=1008 s=48 5478ms [sel=3 cap=5366 rest=109] sg=3->3 mode=NONE win=8 obs=49 | cap=wip act=(320,360) d=1.61 a=3 | sp=som:active d=1.6 age=2 dtg=7.03 region=0_12
ep=1008 s=49 8143ms [sel=3 cap=8029 rest=110] sg=3->3 mode=NONE win=8 obs=50 | cap=wip act=(320,360) d=1.61 a=1 | sp=som:active d=1.6 age=3 dtg=6.80 region=0_12
ep=1008 s=50 7151ms [sel=3 cap=7035 rest=113] sg=3->3 mode=NONE win=8 obs=51 | cap=wip act=(320,360) d=1.36 a=1 | sp=som:active d=1.4 age=4 dtg=6.57 region=0_12
ep=1008 s=51 6183ms [sel=3 cap=6070 rest=110] sg=3->3 mode=NONE win=8 obs=52 | cap=wip act=(320,360) d=1.11 a=1 | sp=som:active d=1.1 age=5 dtg=6.34 region=0_12
ep=1008 s=52 6158ms [sel=4 cap=6045 rest=109] sg=3->3 mode=NONE win=8 obs=53 | cap=wip act=(320,360) d=0.86 a=3 | sp=som:active d=0.9 age=6 dtg=6.34 region=0_12
ep=1008 s=53 6601ms [sel=3 cap=6490 rest=108] sg=3->3 mode=NONE win=8 obs=54 | cap=wip act=(320,360) d=0.86 a=1 | sp=som:active d=0.9 age=7 dtg=6.16 region=0_12
ep=1008 s=54 5479ms [sel=3 cap=5365 rest=111] sg=3->3 mode=NONE win=8 obs=55 | cap=wip act=(320,360) d=0.62 a=1 | sp=som:active d=0.6 age=8 dtg=5.99 region=0_12
ep=1008 s=55 10989ms [sel=3575 cap=7310 rest=105] sg=3->3 mode=NONE win=8 obs=56 | cap=wip act=(320,360) d=0.53 a=2 | sp=som:active d=0.5 age=0 som=4/8 dtg=5.99 region=0_12
ep=1008 s=56 8300ms [sel=3 cap=8190 rest=108] sg=3->3 mode=NONE win=8 obs=57 | cap=wip act=(320,360) d=0.53 a=2 | sp=som:active d=0.5 age=1 dtg=5.99 region=0_12
ep=1008 s=57 6293ms [sel=3 cap=6177 rest=114] sg=3->3 mode=NONE win=8 obs=58 | cap=wip act=(320,360) d=0.53 a=1 | sp=som:active d=0.5 age=2 dtg=5.76 region=0_12
ep=1008 s=58 9609ms [sel=2373 cap=7120 rest=116] sg=3->3 mode=NONE win=8 obs=59 | cap=wip act=(320,360) d=2.98 a=1 | sp=som:active d=3.0 age=0 som=4/7 dtg=5.52 region=0_12
ep=1008 s=59 5901ms [sel=3 cap=5778 rest=119] sg=3->3 mode=NONE win=8 obs=60 | cap=wip act=(320,360) d=2.74 a=1 | sp=som:active d=2.7 age=1 dtg=5.29 region=0_12
ep=1008 s=60 2410ms [sel=4 cap=2286 rest=120] sg=3->3 mode=NONE win=8 obs=61 | cap=wip act=(320,360) d=2.51 a=1 | sp=som:active d=2.5 age=2 dtg=5.06 region=0_12
ep=1008 s=61 4201ms [sel=3 cap=4072 rest=126] sg=3->3 mode=NONE win=8 obs=62 | cap=wip act=(320,360) d=2.28 a=3 | sp=som:active d=2.3 age=3 dtg=5.06 region=0_12
ep=1008 s=62 6861ms [sel=3 cap=6734 rest=124] sg=3->3 mode=NONE win=8 obs=63 | cap=wip act=(320,360) d=2.28 a=1 | sp=som:active d=2.3 age=4 dtg=4.87 region=0_12
ep=1008 s=63 10968ms [sel=23 cap=10393 rest=515] sg=3->3 mode=NONE win=8 obs=64 | cap=wip act=(160,180) d=3.43 a=1 | preview=view3/6 yaw=+0 render=37ms | sp=preview:active d=3.4 age=0 dtg=4.68 region=0_12
ep=1008 s=64 4046ms [sel=3 cap=3922 rest=121] sg=3->3 mode=NONE win=8 obs=65 | cap=wip act=(320,360) d=3.19 a=3 | sp=preview:active d=3.2 age=1 dtg=4.68 region=0_12
ep=1008 s=65 8912ms [sel=3 cap=8794 rest=115] sg=3->3 mode=NONE win=8 obs=66 | cap=wip act=(320,360) d=3.19 a=1 | sp=preview:active d=3.2 age=2 dtg=4.54 region=0_12
ep=1008 s=66 6369ms [sel=3 cap=6252 rest=114] sg=3->3 mode=NONE win=8 obs=67 | cap=wip act=(320,360) d=2.94 a=1 | sp=preview:active d=2.9 age=3 dtg=4.42 region=0_12
ep=1008 s=67 7406ms [sel=3 cap=7293 rest=110] sg=3->3 mode=NONE win=8 obs=68 | cap=wip act=(320,360) d=2.69 a=1 | sp=preview:active d=2.7 age=4 dtg=4.31 region=0_12
ep=1008 s=68 4775ms [sel=3 cap=4661 rest=111] sg=3->3 mode=NONE win=8 obs=69 | cap=wip act=(320,360) d=2.44 a=1 | sp=preview:active d=2.4 age=5 dtg=4.22 region=0_12
ep=1008 s=69 5934ms [sel=3 cap=5821 rest=110] sg=3->3 mode=NONE win=8 obs=70 | cap=wip act=(320,360) d=2.19 a=1 | sp=preview:active d=2.2 age=6 dtg=4.15 region=0_12
ep=1008 s=70 6179ms [sel=3 cap=6060 rest=115] sg=3->3 mode=NONE win=8 obs=71 | cap=wip act=(320,360) d=1.94 a=1 | sp=preview:active d=1.9 age=7 dtg=4.12 region=0_12
ep=1008 s=71 7443ms [sel=3 cap=7330 rest=110] sg=3->3 mode=NONE win=8 obs=72 | cap=wip act=(320,360) d=1.69 a=1 | sp=preview:active d=1.7 age=8 dtg=4.13 region=0_12
ep=1008 s=72 4266ms [sel=3 cap=4153 rest=110] sg=3->3 mode=NONE win=8 obs=73 | cap=wip act=(320,360) d=1.44 a=1 | sp=preview:active d=1.4 age=9 dtg=4.44 region=0_12
ep=1008 s=73 7947ms [sel=3 cap=7828 rest=116] sg=3->3 mode=NONE win=8 obs=74 | cap=wip act=(320,360) d=1.19 a=1 | sp=preview:active d=1.2 age=10 dtg=4.28 region=0_12
ep=1008 s=74 5042ms [sel=3 cap=4924 rest=115] sg=3->3 mode=NONE win=8 obs=75 | cap=wip act=(320,360) d=0.94 a=1 | sp=preview:active d=0.9 age=11 dtg=4.14 region=0_12
ep=1008 s=75 6695ms [sel=1509 cap=5072 rest=114] sg=3->3 mode=NONE win=8 obs=76 | cap=wip act=(320,360) d=3.04 a=1 | sp=som:active d=3.0 age=0 som=4/8 dtg=4.04 region=0_12
ep=1008 s=76 5880ms [sel=3 cap=5765 rest=112] sg=3->3 mode=NONE win=8 obs=77 | cap=wip act=(320,360) d=2.79 a=3 | sp=som:active d=2.8 age=1 dtg=4.04 region=0_12
ep=1008 s=77 8877ms [sel=3 cap=8754 rest=120] sg=3->3 mode=NONE win=8 obs=78 | cap=wip act=(320,360) d=2.79 a=1 | sp=som:active d=2.8 age=2 dtg=4.06 region=0_12
ep=1008 s=78 6421ms [sel=3 cap=6302 rest=116] sg=3->3 mode=NONE win=8 obs=79 | cap=wip act=(320,360) d=2.54 a=1 | sp=som:active d=2.5 age=3 dtg=4.12 region=0_12
ep=1008 s=79 9301ms [sel=4 cap=9183 rest=114] sg=3->3 mode=NONE win=8 obs=80 | cap=wip act=(320,360) d=2.29 a=1 | sp=som:active d=2.3 age=4 dtg=4.21 region=0_12
ep=1008 s=80 8698ms [sel=2643 cap=5939 rest=115] sg=3->4 mode=NONE win=8 obs=81 | cap=DONE act=(320,360) d=3.02 a=1 | sp=som:active d=3.0 age=0 som=4/8 dtg=4.33 region=0_12
ep=1008 s=81 9831ms [sel=4 cap=9714 rest=114] sg=4->4 mode=NONE win=8 obs=82 | cap=wip act=(320,360) d=2.78 a=2 | sp=som:active d=2.8 age=1 dtg=4.33 region=0_12
ep=1008 s=82 11170ms [sel=3 cap=11057 rest=110] sg=4->4 mode=NONE win=8 obs=83 | cap=wip act=(320,360) d=2.78 a=1 | sp=som:active d=2.8 age=2 dtg=4.40 region=0_12
ep=1008 s=83 6527ms [sel=3 cap=6415 rest=109] sg=4->4 mode=NONE win=8 obs=84 | cap=wip act=(320,360) d=2.53 a=1 | sp=som:active d=2.5 age=3 dtg=4.49 region=0_12
ep=1008 s=84 3825ms [sel=3 cap=3711 rest=111] sg=4->4 mode=NONE win=8 obs=85 | cap=wip act=(320,360) d=2.28 a=1 | sp=som:active d=2.3 age=4 dtg=4.59 region=0_12
ep=1008 s=85 7865ms [sel=3 cap=7749 rest=113] sg=4->4 mode=NONE win=8 obs=86 | cap=wip act=(320,360) d=2.03 a=1 | sp=som:active d=2.0 age=5 dtg=4.70 region=0_12
ep=1008 s=86 10881ms [sel=5 cap=10278 rest=560] sg=4->None mode=NONE win=8 obs=87 | cap=DONE act=(320,360) d=1.00 a=1 | preview=view-/6 yaw=+0 render=38ms | sp=som:active d=1.8 age=6 door_evts=2 dtg=4.84 region=0_12
ep=1008 s=87 125ms [sel=5 cap=0 rest=120] sg=None->None mode=NONE win=8 obs=88 | cap=- act=(320,360) d=1.00 a=1 | sp=som:active d=1.5 age=7 door_evts=2 dtg=5.00 region=0_12
ep=1008 s=88 115ms [sel=5 cap=0 rest=110] sg=None->None mode=NONE win=8 obs=89 | cap=- act=(320,360) d=1.00 a=1 | sp=som:active d=1.3 age=8 door_evts=2 dtg=5.18 region=0_12
ep=1008 s=89 109ms [sel=0 cap=0 rest=109] sg=None->None mode=NONE win=8 obs=90 | cap=- act=STOP | sp=som:active d=1.0 age=9 door_evts=2 dtg=5.18 region=0_12
rank=1 [8/13] id=1008 steps=90 success=0.000 spl=0.000 dtg=5.18 osr=0 path_length=15.25 ndtw=0.662 sdtw=0.000
PluginManager::Manager: duplicate static plugin StbImageImporter, ignoring
PluginManager::Manager: duplicate static plugin GltfImporter, ignoring
PluginManager::Manager: duplicate static plugin BasisImporter, ignoring
PluginManager::Manager: duplicate static plugin AssimpImporter, ignoring
PluginManager::Manager: duplicate static plugin AnySceneImporter, ignoring
PluginManager::Manager: duplicate static plugin AnyImageImporter, ignoring
episode=1196 instruction='Turn around, head out through the panel on the right, and cross the corridor into the sleeping quarters on the left.' start_position=[7.401979923248291, 0.17162801325321198, -7.317160129547119] goal_position=[0.2081959992647171, 0.17162801325321198, -3.8352599143981934] reference_geodesic=9.805902481079102
episode=1196 prepared_subgoals=2
  [1] Turn around until the out through the panel on the right is centered ahead, then head out through the panel on the right
      proof: The camera has passed through the panel and the corridor beyond is central in the view.
  [2] Cross the corridor into the sleeping quarters on the left
      proof: The sleeping quarters are directly ahead and fill the view, with the corridor behind the camera
ep=1196 s=0 13710ms [sel=0 cap=13232 rest=441] sg=1->1 mode=NONE win=1 obs=1 | cap=wip act=TURN request=-45deg execute=-15deg x1 a=2 | preview=view-/6 yaw=+0 render=36ms dtg=9.81 region=0_5
ep=1196 s=1 8332ms [sel=0 cap=8212 rest=119] sg=1->1 mode=NONE win=2 obs=2 | cap=wip act=TURN request=-45deg execute=-15deg x1 a=2 dtg=9.81 region=0_5
ep=1196 s=2 8995ms [sel=0 cap=8886 rest=109] sg=1->1 mode=NONE win=3 obs=3 | cap=wip act=TURN request=-45deg execute=-15deg x1 a=2 dtg=9.81 region=0_5
ep=1196 s=3 4778ms [sel=0 cap=4678 rest=101] sg=1->1 mode=NONE win=4 obs=4 | cap=wip act=TURN request=-45deg execute=-15deg x1 a=2 dtg=9.81 region=0_5
ep=1196 s=4 10516ms [sel=0 cap=10418 rest=97] sg=1->1 mode=TURN_OSCILLATION win=5 obs=5 | cap=wip/TURN_OSCILLATION act=TURN request=-45deg execute=-15deg x1 a=2 dtg=9.81 region=0_5
ep=1196 s=5 7921ms [sel=0 cap=7822 rest=98] sg=1->1 mode=TURN_OSCILLATION win=6 obs=6 | cap=wip/TURN_OSCILLATION act=TURN request=-45deg execute=-15deg x1 a=2 dtg=9.81 region=0_5
ep=1196 s=6 6565ms [sel=0 cap=6478 rest=87] sg=1->1 mode=TURN_OSCILLATION win=7 obs=7 | cap=wip/TURN_OSCILLATION act=TURN request=-45deg execute=-15deg x1 a=2 dtg=9.81 region=0_5
ep=1196 s=7 9482ms [sel=0 cap=9383 rest=99] sg=1->1 mode=TURN_OSCILLATION win=8 obs=8 | cap=wip/TURN_OSCILLATION act=TURN request=-45deg execute=-15deg x1 a=2 dtg=9.81 region=0_5
ep=1196 s=8 7259ms [sel=0 cap=7158 rest=101] sg=1->1 mode=NONE win=8 obs=9 | cap=wip act=TURN request=-45deg execute=-15deg x1 a=2 dtg=9.81 region=0_5
ep=1196 s=9 7114ms [sel=0 cap=7006 rest=108] sg=1->1 mode=NONE win=8 obs=10 | cap=wip act=TURN request=-45deg execute=-15deg x1 a=2 dtg=9.81 region=0_5
ep=1196 s=10 4506ms [sel=0 cap=4395 rest=111] sg=1->1 mode=NONE win=8 obs=11 | cap=wip act=TURN request=-45deg execute=-15deg x1 a=2 dtg=9.81 region=0_5
ep=1196 s=11 4877ms [sel=0 cap=4768 rest=110] sg=1->1 mode=NONE win=8 obs=12 | cap=wip act=TURN request=-45deg execute=-15deg x1 a=2 dtg=9.81 region=0_5
ep=1196 s=12 11434ms [sel=2442 cap=8891 rest=102] sg=1->1 mode=NONE win=8 obs=13 | cap=wip act=(320,360) d=2.96 a=2 | sp=som:active d=3.0 age=0 som=4/5 dtg=9.81 region=0_5
ep=1196 s=13 7232ms [sel=6 cap=6785 rest=406] sg=1->1 mode=NONE win=8 obs=14 | cap=wip act=(320,360) d=2.96 a=1 | preview=view-/6 yaw=+0 render=35ms | sp=som:active d=3.0 age=1 dtg=9.57 region=0_5
ep=1196 s=14 6167ms [sel=3 cap=6069 rest=95] sg=1->1 mode=NONE win=8 obs=15 | cap=wip act=(320,360) d=2.71 a=1 | sp=som:active d=2.7 age=2 dtg=9.33 region=0_5
ep=1196 s=15 5829ms [sel=3 cap=5735 rest=91] sg=1->1 mode=NONE win=8 obs=16 | cap=wip act=(320,360) d=2.47 a=1 | sp=som:active d=2.5 age=3 dtg=9.10 region=0_5
ep=1196 s=16 11740ms [sel=3 cap=11644 rest=92] sg=1->1 mode=NONE win=8 obs=17 | cap=wip act=(320,360) d=2.23 a=3 | sp=som:active d=2.2 age=4 dtg=9.10 region=0_5
ep=1196 s=17 8635ms [sel=3 cap=8546 rest=86] sg=1->1 mode=NONE win=8 obs=18 | cap=wip act=(320,360) d=2.23 a=1 | sp=som:active d=2.2 age=5 dtg=8.85 region=0_5
ep=1196 s=18 8462ms [sel=3 cap=8375 rest=84] sg=1->1 mode=NONE win=8 obs=19 | cap=wip act=(320,360) d=1.98 a=1 | sp=som:active d=2.0 age=6 dtg=8.61 region=0_5
ep=1196 s=19 8816ms [sel=3 cap=8729 rest=84] sg=1->1 mode=NONE win=8 obs=20 | cap=wip act=(320,360) d=1.73 a=1 | sp=som:active d=1.7 age=7 dtg=8.36 region=0_5
ep=1196 s=20 7845ms [sel=3 cap=7758 rest=84] sg=1->1 mode=NONE win=8 obs=21 | cap=wip act=(320,360) d=1.48 a=1 | sp=som:active d=1.5 age=8 dtg=8.12 region=0_5
ep=1196 s=21 7091ms [sel=3 cap=7007 rest=81] sg=1->1 mode=NONE win=8 obs=22 | cap=wip act=(320,360) d=1.23 a=1 | sp=som:active d=1.2 age=9 dtg=7.89 region=0_5
ep=1196 s=22 5537ms [sel=3 cap=5454 rest=81] sg=1->1 mode=NONE win=8 obs=23 | cap=wip act=(320,360) d=0.98 a=1 | sp=som:active d=1.0 age=10 dtg=7.67 region=0_5
ep=1196 s=23 6723ms [sel=3 cap=6645 rest=75] sg=1->1 mode=NONE win=8 obs=24 | cap=wip act=(320,360) d=0.73 a=1 | sp=som:active d=0.7 age=11 dtg=7.50 region=0_5
ep=1196 s=24 6407ms [sel=1573 cap=4761 rest=73] sg=1->1 mode=NONE win=8 obs=25 | cap=wip act=(320,360) d=0.80 a=3 | sp=som:active d=0.8 age=0 som=2/5 dtg=7.50 region=0_5
ep=1196 s=25 7796ms [sel=7 cap=7713 rest=76] sg=1->1 mode=NONE win=8 obs=26 | cap=wip act=(320,360) d=0.80 a=3 | sp=som:active d=0.8 age=1 dtg=7.50 region=0_5
ep=1196 s=26 3739ms [sel=6 cap=3655 rest=78] sg=1->1 mode=NONE win=8 obs=27 | cap=wip act=(320,360) d=0.80 a=1 | sp=som:active d=0.8 age=2 dtg=7.31 region=0_5
ep=1196 s=27 6318ms [sel=6 cap=5873 rest=404] sg=1->1 mode=NONE win=8 obs=28 | cap=wip act=(320,360) d=0.58 a=3 | preview=view-/6 yaw=+0 render=35ms | sp=som:active d=0.6 age=3 dtg=7.31 region=0_5
ep=1196 s=28 7674ms [sel=5 cap=7587 rest=81] sg=1->1 mode=NONE win=8 obs=29 | cap=wip act=(320,360) d=0.58 a=1 | sp=som:active d=0.6 age=4 dtg=7.11 region=0_5
ep=1196 s=29 12692ms [sel=3952 cap=8663 rest=78] sg=1->2 mode=NONE win=8 obs=30 | cap=DONE act=(320,360) d=1.36 a=2 | sp=frontier:active d=1.4 age=0 som=B/6 dtg=7.11 region=0_5
ep=1196 s=30 5997ms [sel=12 cap=5909 rest=76] sg=2->2 mode=NONE win=8 obs=31 | cap=wip act=(320,360) d=1.36 a=2 | sp=frontier:active d=1.4 age=1 dtg=7.11 region=0_5
ep=1196 s=31 7728ms [sel=12 cap=7641 rest=75] sg=2->2 mode=NONE win=8 obs=32 | cap=wip act=(320,360) d=1.36 a=2 | sp=frontier:active d=1.4 age=2 dtg=7.11 region=0_5
ep=1196 s=32 6353ms [sel=12 cap=6271 rest=70] sg=2->2 mode=NONE win=8 obs=33 | cap=wip act=(320,360) d=1.36 a=2 | sp=frontier:active d=1.4 age=3 dtg=7.11 region=0_5
ep=1196 s=33 9522ms [sel=12 cap=9435 rest=75] sg=2->2 mode=NONE win=8 obs=34 | cap=wip act=(320,360) d=1.36 a=2 | sp=frontier:active d=1.4 age=4 dtg=7.11 region=0_5
ep=1196 s=34 11341ms [sel=12 cap=11254 rest=75] sg=2->2 mode=NONE win=8 obs=35 | cap=wip act=(320,360) d=1.36 a=2 | sp=frontier:active d=1.4 age=5 dtg=7.11 region=0_5
ep=1196 s=35 8303ms [sel=12 cap=8213 rest=78] sg=2->2 mode=NONE win=8 obs=36 | cap=wip act=(320,360) d=1.36 a=2 | sp=frontier:active d=1.4 age=6 dtg=7.11 region=0_5
ep=1196 s=36 7280ms [sel=11 cap=7188 rest=81] sg=2->2 mode=NONE win=8 obs=37 | cap=wip act=(320,360) d=1.36 a=2 | sp=frontier:active d=1.4 age=7 dtg=7.11 region=0_5
ep=1196 s=37 10323ms [sel=3 cap=10226 rest=94] sg=2->2 mode=NONE win=8 obs=38 | cap=wip act=(320,360) d=1.36 a=2 | sp=frontier:active d=1.4 age=8 dtg=7.11 region=0_5
ep=1196 s=38 5460ms [sel=4 cap=5347 rest=109] sg=2->2 mode=NONE win=8 obs=39 | cap=wip act=(320,360) d=1.36 a=2 | sp=frontier:active d=1.4 age=9 dtg=7.11 region=0_5
ep=1196 s=39 10930ms [sel=3 cap=10823 rest=104] sg=2->2 mode=NONE win=8 obs=40 | cap=wip act=(320,360) d=1.36 a=1 | sp=frontier:active d=1.4 age=10 dtg=7.36 region=0_5
ep=1196 s=40 4451ms [sel=3 cap=4357 rest=92] sg=2->2 mode=NONE win=8 obs=41 | cap=wip act=(320,360) d=1.11 a=2 | sp=frontier:active d=1.1 age=11 dtg=7.36 region=0_5
ep=1196 s=41 9728ms [sel=3 cap=9623 rest=102] sg=2->2 mode=NONE win=8 obs=42 | cap=wip act=(320,360) d=1.11 a=1 | sp=frontier:active d=1.1 age=12 dtg=7.59 region=0_5
ep=1196 s=42 8623ms [sel=3 cap=8519 rest=100] sg=2->2 mode=NONE win=8 obs=43 | cap=wip act=(320,360) d=0.86 a=1 | sp=frontier:active d=0.9 age=13 dtg=7.82 region=0_5
ep=1196 s=43 7558ms [sel=3 cap=7458 rest=96] sg=2->2 mode=NONE win=8 obs=44 | cap=wip act=(320,360) d=0.62 a=3 | sp=frontier:active d=0.6 age=14 dtg=7.82 region=0_5
ep=1196 s=44 13045ms [sel=5 cap=12565 rest=436] sg=2->None mode=NONE win=8 obs=45 | cap=DONE act=(320,360) d=1.00 a=1 | preview=view-/6 yaw=+0 render=38ms | sp=frontier:active d=0.6 age=15 dtg=8.07 region=0_5
ep=1196 s=45 97ms [sel=5 cap=0 rest=92] sg=None->None mode=NONE win=8 obs=46 | cap=- act=(320,360) d=1.00 a=1 | sp=frontier:reached d=0.4 age=16 dtg=8.32 region=0_5
ep=1196 s=46 94ms [sel=5 cap=0 rest=89] sg=None->None mode=NONE win=8 obs=47 | cap=- act=(320,360) d=1.00 a=1 | sp=frontier:reached d=0.4 age=17 dtg=8.57 region=0_5
ep=1196 s=47 87ms [sel=0 cap=0 rest=87] sg=None->None mode=NONE win=8 obs=48 | cap=- act=STOP | sp=frontier:reached d=0.4 age=18 dtg=8.57 region=0_5
rank=1 [9/13] id=1196 steps=48 success=0.000 spl=0.000 dtg=8.57 osr=0 path_length=4.50 ndtw=0.422 sdtw=0.000
PluginManager::Manager: duplicate static plugin StbImageImporter, ignoring
PluginManager::Manager: duplicate static plugin GltfImporter, ignoring
PluginManager::Manager: duplicate static plugin BasisImporter, ignoring
PluginManager::Manager: duplicate static plugin AssimpImporter, ignoring
PluginManager::Manager: duplicate static plugin AnySceneImporter, ignoring
PluginManager::Manager: duplicate static plugin AnyImageImporter, ignoring
episode=1243 instruction='Head down the flight of steps and halt at the very lowest tread.' start_position=[1.8533200025558472, 0.018061161041259766, 6.774889945983887] goal_position=[-1.8411600589752197, -2.381938934326172, 7.861939907073975] reference_geodesic=8.271409034729004
episode=1243 prepared_subgoals=1
  [1] Go down the flight of steps
      proof: The camera has passed the last step and the lowest tread is directly beneath and centered in the view
ep=1243 s=0 11344ms [sel=6011 cap=4777 rest=519] sg=1->1 mode=NONE win=1 obs=1 | cap=wip act=(320,360) d=2.98 a=2 | preview=view-/6 yaw=+0 render=38ms | sp=som:active d=3.0 age=0 som=4/8 dtg=8.27 region=0_12
ep=1243 s=1 4717ms [sel=3 cap=4582 rest=132] sg=1->1 mode=NONE win=2 obs=2 | cap=wip act=(320,360) d=2.98 a=2 | sp=som:active d=3.0 age=1 dtg=8.27 region=0_12
ep=1243 s=2 7699ms [sel=3 cap=7561 rest=135] sg=1->1 mode=NONE win=3 obs=3 | cap=wip act=(320,360) d=2.98 a=1 | sp=som:active d=3.0 age=2 dtg=8.20 region=0_12
ep=1243 s=3 7652ms [sel=5 cap=7508 rest=139] sg=1->1 mode=NONE win=4 obs=4 | cap=wip act=(320,360) d=2.74 a=2 | sp=som:active d=2.7 age=3 dtg=8.20 region=0_12
ep=1243 s=4 4569ms [sel=3 cap=4436 rest=130] sg=1->1 mode=NONE win=5 obs=5 | cap=wip act=(320,360) d=2.74 a=1 | sp=som:active d=2.7 age=4 dtg=8.21 region=0_12
ep=1243 s=5 7795ms [sel=6 cap=7657 rest=132] sg=1->1 mode=NONE win=6 obs=6 | cap=wip act=(320,360) d=2.54 a=1 | sp=som:active d=2.5 age=5 dtg=8.28 region=1_6
ep=1243 s=6 6010ms [sel=13 cap=5863 rest=134] sg=1->1 mode=NONE win=7 obs=7 | cap=wip act=(320,360) d=2.36 a=1 | sp=som:active d=2.4 age=6 dtg=8.44 region=1_6
ep=1243 s=7 8772ms [sel=960 cap=7251 rest=523] sg=1->None mode=NONE win=8 obs=8 | cap=DONE act=(320,360) d=1.00 a=1 | preview=view-/6 yaw=+0 render=38ms | sp=som:active d=2.2 age=7 dtg=8.65 region=1_6
ep=1243 s=8 135ms [sel=5 cap=0 rest=131] sg=None->None mode=NONE win=8 obs=9 | cap=- act=(320,360) d=1.00 a=1 | sp=som:active d=2.0 age=8 dtg=8.87 region=1_6
ep=1243 s=9 141ms [sel=5 cap=0 rest=136] sg=None->None mode=NONE win=8 obs=10 | cap=- act=(320,360) d=1.00 a=1 | sp=som:active d=1.9 age=9 dtg=8.59 region=1_6
ep=1243 s=10 131ms [sel=0 cap=0 rest=131] sg=None->None mode=NONE win=8 obs=11 | cap=- act=STOP | sp=som:active d=1.8 age=10 dtg=8.59 region=1_6
rank=1 [10/13] id=1243 steps=11 success=0.000 spl=0.000 dtg=8.59 osr=0 path_length=1.77 ndtw=0.354 sdtw=0.000
PluginManager::Manager: duplicate static plugin StbImageImporter, ignoring
PluginManager::Manager: duplicate static plugin GltfImporter, ignoring
PluginManager::Manager: duplicate static plugin BasisImporter, ignoring
PluginManager::Manager: duplicate static plugin AssimpImporter, ignoring
PluginManager::Manager: duplicate static plugin AnySceneImporter, ignoring
PluginManager::Manager: duplicate static plugin AnyImageImporter, ignoring
episode=1462 instruction='Carry straight on and then turn right into the long narrow passage. Continue all the way along it until you come to a space on the right. Wait there.' start_position=[2.703939914703369, 0.15480518341064453, -12.175999641418457] goal_position=[1.6312299966812134, 0.15480518341064453, -16.785999298095703] reference_geodesic=7.098696708679199
episode=1462 prepared_subgoals=3
  [1] Carry straight on
      proof: The long narrow passage is directly ahead and fills the view.
  [2] Turn right into the long narrow passage, then continue all the way along the passage
      proof: The end of the passage is behind the camera and the space on the right is visible ahead.
  [3] Wait in the space on the right
      proof: The space on the right is centred in the view and the camera has stopped beside it
ep=1462 s=0 10751ms [sel=42 cap=10261 rest=411] sg=1->1 mode=NONE win=1 obs=1 | cap=wip act=(160,180) d=4.15 a=3 | preview=view0/6 yaw=-90 render=37ms | sp=preview:active d=4.2 age=0 dtg=7.10 region=1_24
ep=1462 s=1 4572ms [sel=23 cap=4467 rest=82] sg=1->1 mode=NONE win=2 obs=2 | cap=wip act=(320,360) d=4.15 a=3 | sp=preview:active d=4.2 age=1 dtg=7.10 region=1_24
ep=1462 s=2 5482ms [sel=23 cap=5376 rest=83] sg=1->1 mode=NONE win=3 obs=3 | cap=wip act=(320,360) d=4.15 a=3 | sp=preview:active d=4.2 age=2 dtg=7.10 region=1_24
ep=1462 s=3 10871ms [sel=23 cap=10758 rest=91] sg=1->1 mode=NONE win=4 obs=4 | cap=wip act=(320,360) d=4.15 a=3 | sp=preview:active d=4.2 age=3 dtg=7.10 region=1_24
ep=1462 s=4 4737ms [sel=23 cap=4625 rest=89] sg=1->1 mode=NONE win=5 obs=5 | cap=wip act=(320,360) d=4.15 a=3 | sp=preview:active d=4.2 age=4 dtg=7.10 region=1_24
ep=1462 s=5 6668ms [sel=24 cap=6551 rest=93] sg=1->1 mode=NONE win=6 obs=6 | cap=wip act=(320,360) d=4.15 a=3 | sp=preview:active d=4.2 age=5 dtg=7.10 region=1_24
ep=1462 s=6 5534ms [sel=22 cap=5410 rest=102] sg=1->1 mode=NONE win=7 obs=7 | cap=wip act=(320,360) d=4.15 a=3 | sp=preview:active d=4.2 age=6 dtg=7.10 region=1_24
ep=1462 s=7 5323ms [sel=21 cap=5197 rest=105] sg=1->1 mode=NONE win=8 obs=8 | cap=wip act=(320,360) d=4.15 a=3 | sp=preview:active d=4.2 age=7 dtg=7.10 region=1_24
ep=1462 s=8 5608ms [sel=21 cap=5488 rest=99] sg=1->1 mode=NONE win=8 obs=9 | cap=wip act=(320,360) d=4.15 a=1 | sp=preview:active d=4.2 age=8 dtg=7.34 region=1_24
ep=1462 s=9 6422ms [sel=21 cap=6301 rest=99] sg=1->1 mode=NONE win=8 obs=10 | cap=wip act=(320,360) d=4.40 a=1 | sp=preview:active d=4.4 age=9 dtg=7.59 region=1_24
ep=1462 s=10 6565ms [sel=17 cap=6455 rest=93] sg=1->1 mode=NONE win=8 obs=11 | cap=wip act=(320,360) d=4.65 a=1 | sp=preview:active d=4.7 age=10 dtg=7.84 region=1_24
ep=1462 s=11 5773ms [sel=21 cap=5662 rest=90] sg=1->1 mode=NONE win=8 obs=12 | cap=wip act=(320,360) d=4.90 a=1 | sp=preview:active d=4.9 age=11 dtg=8.08 region=1_24
ep=1462 s=12 6950ms [sel=25 cap=6834 rest=91] sg=1->1 mode=NONE win=8 obs=13 | cap=wip act=(320,360) d=5.15 a=1 | sp=preview:active d=5.2 age=12 dtg=8.33 region=1_24
ep=1462 s=13 7571ms [sel=22 cap=7457 rest=91] sg=1->1 mode=NONE win=8 obs=14 | cap=wip act=(320,360) d=5.40 a=1 | sp=preview:active d=5.4 age=13 dtg=8.58 region=1_24
ep=1462 s=14 6825ms [sel=22 cap=6709 rest=94] sg=1->1 mode=NONE win=8 obs=15 | cap=wip act=(320,360) d=5.65 a=1 | sp=preview:active d=5.7 age=14 dtg=8.83 region=1_24
ep=1462 s=15 11661ms [sel=0 cap=11561 rest=100] sg=1->2 mode=NONE win=8 obs=16 | cap=DONE act=TURN request=+45deg execute=+15deg x1 a=3 | sp=preview:active d=5.9 age=15 dtg=8.83 region=1_24
ep=1462 s=16 8307ms [sel=0 cap=8200 rest=107] sg=2->2 mode=NONE win=8 obs=17 | cap=wip act=TURN request=+45deg execute=+15deg x1 a=3 dtg=8.83 region=1_24
ep=1462 s=17 7627ms [sel=0 cap=7527 rest=100] sg=2->2 mode=NONE win=8 obs=18 | cap=wip act=TURN request=+45deg execute=+15deg x1 a=3 dtg=8.83 region=1_24
ep=1462 s=18 5982ms [sel=0 cap=5881 rest=101] sg=2->2 mode=NONE win=8 obs=19 | cap=wip act=TURN request=+45deg execute=+15deg x1 a=3 dtg=8.83 region=1_24
ep=1462 s=19 9136ms [sel=0 cap=9037 rest=99] sg=2->2 mode=NONE win=8 obs=20 | cap=wip act=TURN request=+45deg execute=+15deg x1 a=3 dtg=8.83 region=1_24
ep=1462 s=20 11785ms [sel=77 cap=11606 rest=103] sg=2->2 mode=NONE win=8 obs=21 | cap=wip act=(320,360) d=5.21 a=2 | sp=frontier:active d=5.2 age=0 dtg=8.83 region=1_24
ep=1462 s=21 10434ms [sel=44 cap=10294 rest=96] sg=2->2 mode=NONE win=8 obs=22 | cap=wip act=(320,360) d=5.21 a=2 | sp=frontier:active d=5.2 age=1 dtg=8.83 region=1_24
ep=1462 s=22 15437ms [sel=29 cap=15313 rest=95] sg=2->2 mode=NONE win=8 obs=23 | cap=wip act=(320,360) d=5.21 a=2 | sp=frontier:active d=5.2 age=2 dtg=8.83 region=1_24
ep=1462 s=23 4112ms [sel=12 cap=3645 rest=421] sg=2->2 mode=NONE win=8 obs=24 | cap=wip act=(320,360) d=5.21 a=2 | preview=view-/6 yaw=+0 render=34ms | sp=frontier:active d=5.2 age=3 dtg=8.83 region=1_24
ep=1462 s=24 11948ms [sel=5144 cap=6696 rest=108] sg=2->3 mode=NONE win=8 obs=25 | cap=DONE act=(320,359) d=2.24 a=1 | sp=straight_ahead:active d=0.7 age=0 som=5/6 dtg=9.07 region=1_24
ep=1462 s=25 10145ms [sel=51 cap=9989 rest=104] sg=3->3 mode=NONE win=8 obs=26 | cap=wip act=(320,359) d=2.23 a=1 | sp=straight_ahead:reached d=0.5 age=0 dtg=9.32 region=1_24
ep=1462 s=26 10051ms [sel=3422 cap=6519 rest=110] sg=3->3 mode=NONE win=8 obs=27 | cap=wip act=(320,360) d=4.83 a=1 | sp=frontier:active d=4.8 age=0 som=5/6 dtg=9.57 region=1_24
ep=1462 s=27 8567ms [sel=8 cap=8468 rest=92] sg=3->3 mode=NONE win=8 obs=28 | cap=wip act=(320,360) d=4.60 a=2 | sp=frontier:active d=4.6 age=1 dtg=9.57 region=1_24
ep=1462 s=28 7863ms [sel=7 cap=7762 rest=93] sg=3->3 mode=NONE win=8 obs=29 | cap=wip act=(320,360) d=4.60 a=1 | sp=frontier:active d=4.6 age=2 dtg=9.82 region=None
ep=1462 s=29 10477ms [sel=3 cap=10378 rest=96] sg=3->3 mode=NONE win=8 obs=30 | cap=wip act=(320,360) d=4.35 a=1 | sp=frontier:active d=4.3 age=3 dtg=10.07 region=1_6
ep=1462 s=30 13664ms [sel=6 cap=13220 rest=398] sg=3->3 mode=NONE win=8 obs=31 | cap=wip act=(320,360) d=4.10 a=1 | preview=view-/6 yaw=+0 render=39ms | sp=frontier:active d=4.1 age=4 dtg=10.31 region=1_6
ep=1462 s=31 6191ms [sel=3 cap=6082 rest=105] sg=3->3 mode=NONE win=8 obs=32 | cap=wip act=(320,360) d=3.85 a=1 | sp=frontier:active d=3.9 age=5 dtg=10.56 region=1_6
ep=1462 s=32 7484ms [sel=3 cap=7371 rest=110] sg=3->3 mode=NONE win=8 obs=33 | cap=wip act=(320,360) d=3.60 a=1 | sp=frontier:active d=3.6 age=6 dtg=10.81 region=1_6
ep=1462 s=33 30499ms [sel=4 cap=0 rest=30459] sg=None->3 mode=NONE win=8 obs=34 | cap=- act=(320,360) d=3.36 a=1 | preview=view-/6 yaw=+0 render=36ms | sp=frontier:active d=3.4 age=7 ANALYSIS_ERROR_STAGE=decision ANALYSIS_ERROR='CaptionerInferenceError: Captioner model inference failed' dtg=11.06 region=1_6
ep=1462 s=34 14282ms [sel=3 cap=14158 rest=121] sg=3->3 mode=NONE win=8 obs=35 | cap=wip act=(320,360) d=3.11 a=1 | sp=frontier:active d=3.1 age=8 dtg=11.31 region=1_6
ep=1462 s=35 10284ms [sel=3 cap=10164 rest=116] sg=3->3 mode=NONE win=8 obs=36 | cap=wip act=(320,360) d=2.86 a=1 | sp=frontier:active d=2.9 age=9 dtg=11.56 region=1_6
ep=1462 s=36 15604ms [sel=5 cap=15075 rest=487] sg=3->None mode=NONE win=8 obs=37 | cap=DONE act=(320,360) d=1.00 a=1 | preview=view-/6 yaw=+0 render=38ms | sp=frontier:active d=2.6 age=10 door_evts=1 dtg=11.81 region=1_6
ep=1462 s=37 116ms [sel=4 cap=0 rest=112] sg=None->None mode=NONE win=8 obs=38 | cap=- act=(320,360) d=1.00 a=1 | sp=frontier:active d=2.4 age=11 door_evts=1 dtg=12.05 region=1_6
ep=1462 s=38 108ms [sel=4 cap=0 rest=104] sg=None->None mode=NONE win=8 obs=39 | cap=- act=(320,360) d=1.00 a=1 | sp=frontier:stale d=2.1 age=12 door_evts=1 dtg=12.30 region=1_6
ep=1462 s=39 103ms [sel=0 cap=0 rest=103] sg=None->None mode=NONE win=8 obs=40 | cap=- act=STOP | sp=frontier:stale d=2.1 age=13 door_evts=1 dtg=12.30 region=1_6
rank=1 [11/13] id=1462 steps=40 success=0.000 spl=0.000 dtg=12.30 osr=0 path_length=5.25 ndtw=0.232 sdtw=0.000
PluginManager::Manager: duplicate static plugin StbImageImporter, ignoring
PluginManager::Manager: duplicate static plugin GltfImporter, ignoring
PluginManager::Manager: duplicate static plugin BasisImporter, ignoring
PluginManager::Manager: duplicate static plugin AssimpImporter, ignoring
PluginManager::Manager: duplicate static plugin AnySceneImporter, ignoring
PluginManager::Manager: duplicate static plugin AnyImageImporter, ignoring
episode=1581 instruction='Turn right and head along the corridor, turn left at the round marking and carry on into the next space.' start_position=[21.89299964904785, 0.12711000442504883, -2.4844000339508057] goal_position=[16.67340087890625, 0.12711000442504883, 3.144469976425171] reference_geodesic=8.173360824584961
episode=1581 prepared_subgoals=2
  [1] Turn right until the corridor is centered ahead, then walk along the corridor
      proof: The camera has passed the corridor: it is behind or below the camera and the space beyond it fills the view; the camera has not yet turned left.
  [2] Turn left at the round marking, then carry on into the next space
      proof: The camera has crossed the threshold and the next space fills the view
ep=1581 s=0 11085ms [sel=0 cap=10624 rest=419] sg=1->1 mode=NONE win=1 obs=1 | cap=wip act=TURN request=+45deg execute=+15deg x1 a=3 | preview=view-/6 yaw=+0 render=42ms dtg=8.17 region=0_16
ep=1581 s=1 2159ms [sel=0 cap=2052 rest=107] sg=1->1 mode=NONE win=2 obs=2 | cap=wip act=TURN request=+45deg execute=+15deg x1 a=3 dtg=8.17 region=0_16
ep=1581 s=2 4999ms [sel=0 cap=4893 rest=106] sg=1->1 mode=NONE win=3 obs=3 | cap=wip act=TURN request=+45deg execute=+15deg x1 a=3 dtg=8.17 region=0_16
ep=1581 s=3 3841ms [sel=0 cap=3745 rest=97] sg=1->1 mode=NONE win=4 obs=4 | cap=wip act=TURN request=+45deg execute=+15deg x1 a=3 dtg=8.17 region=0_16
ep=1581 s=4 7429ms [sel=2051 cap=5269 rest=108] sg=1->1 mode=NONE win=5 obs=5 | cap=wip act=TURN request=-45deg execute=-15deg x1 a=2 | sp=som:active d=3.0 age=0 som=2/4 dtg=8.17 region=0_16
ep=1581 s=5 4876ms [sel=5 cap=4776 rest=96] sg=1->1 mode=NONE win=6 obs=6 | cap=wip act=TURN request=-45deg execute=-15deg x1 a=2 | sp=som:active d=3.0 age=1 dtg=8.17 region=0_16
ep=1581 s=6 4301ms [sel=3 cap=4193 rest=104] sg=1->1 mode=NONE win=7 obs=7 | cap=wip act=(320,360) d=2.98 a=2 | sp=som:active d=3.0 age=2 dtg=8.17 region=0_16
ep=1581 s=7 3368ms [sel=3 cap=3254 rest=111] sg=1->1 mode=NONE win=8 obs=8 | cap=wip act=(320,360) d=2.98 a=2 | sp=som:active d=3.0 age=3 dtg=8.17 region=0_16
ep=1581 s=8 3381ms [sel=3 cap=3269 rest=109] sg=1->1 mode=NONE win=8 obs=9 | cap=wip act=(320,360) d=2.98 a=1 | sp=som:active d=3.0 age=4 dtg=7.96 region=0_16
ep=1581 s=9 5009ms [sel=3 cap=4897 rest=109] sg=1->1 mode=NONE win=8 obs=10 | cap=wip act=(320,360) d=2.77 a=1 | sp=som:active d=2.8 age=5 dtg=7.74 region=0_16
ep=1581 s=10 7249ms [sel=3 cap=7137 rest=109] sg=1->1 mode=NONE win=8 obs=11 | cap=wip act=(320,360) d=2.56 a=1 | sp=som:active d=2.6 age=6 dtg=7.54 region=0_16
ep=1581 s=11 7842ms [sel=3 cap=7727 rest=112] sg=1->1 mode=NONE win=8 obs=12 | cap=wip act=(320,360) d=2.35 a=3 | sp=som:active d=2.4 age=7 dtg=7.54 region=0_16
ep=1581 s=12 3003ms [sel=3 cap=2895 rest=105] sg=1->1 mode=NONE win=8 obs=13 | cap=wip act=(320,360) d=2.35 a=3 | sp=som:active d=2.4 age=8 dtg=7.54 region=0_16
ep=1581 s=13 9359ms [sel=0 cap=9254 rest=105] sg=1->2 mode=NONE win=8 obs=14 | cap=DONE act=TURN request=-45deg execute=-15deg x1 a=2 | sp=som:active d=2.4 age=9 dtg=7.54 region=0_16
ep=1581 s=14 5198ms [sel=0 cap=5093 rest=106] sg=2->2 mode=NONE win=8 obs=15 | cap=wip act=TURN request=-45deg execute=-15deg x1 a=2 dtg=7.54 region=0_16
ep=1581 s=15 4756ms [sel=0 cap=4645 rest=111] sg=2->2 mode=NONE win=8 obs=16 | cap=wip act=TURN request=-45deg execute=-15deg x1 a=2 dtg=7.54 region=0_16
ep=1581 s=16 5481ms [sel=0 cap=5376 rest=105] sg=2->2 mode=NONE win=8 obs=17 | cap=wip act=TURN request=-45deg execute=-15deg x1 a=2 dtg=7.54 region=0_16
ep=1581 s=17 3487ms [sel=0 cap=3382 rest=105] sg=2->2 mode=NONE win=8 obs=18 | cap=wip act=TURN request=-45deg execute=-15deg x1 a=2 dtg=7.54 region=0_16
ep=1581 s=18 4481ms [sel=1445 cap=2927 rest=109] sg=2->2 mode=NONE win=8 obs=19 | cap=wip act=(320,360) d=1.44 a=1 | sp=som:active d=1.4 age=0 som=3/7 dtg=7.51 region=0_16
ep=1581 s=19 2776ms [sel=4 cap=2659 rest=113] sg=2->2 mode=NONE win=8 obs=20 | cap=wip act=(320,360) d=1.19 a=1 | sp=som:active d=1.2 age=1 dtg=7.50 region=0_28
ep=1581 s=20 5483ms [sel=4 cap=5374 rest=105] sg=2->2 mode=NONE win=8 obs=21 | cap=wip act=(320,360) d=0.94 a=1 | sp=som:active d=0.9 age=2 dtg=7.51 region=0_28
ep=1581 s=21 3935ms [sel=3 cap=3832 rest=100] sg=2->2 mode=NONE win=8 obs=22 | cap=wip act=(320,360) d=0.69 a=1 | sp=som:active d=0.7 age=3 dtg=7.54 region=0_28
ep=1581 s=22 8286ms [sel=1287 cap=6891 rest=108] sg=2->2 mode=NONE win=8 obs=23 | cap=wip act=(320,360) d=0.97 a=3 | sp=som:active d=1.0 age=0 som=2/6 dtg=7.54 region=0_28
ep=1581 s=23 6016ms [sel=53 cap=5443 rest=479] sg=2->2 mode=NONE win=8 obs=24 | cap=wip act=(160,180) d=3.45 a=3 | preview=view4/6 yaw=+75 render=40ms | sp=preview:active d=3.5 age=0 dtg=7.54 region=0_28
ep=1581 s=24 6264ms [sel=29 cap=6113 rest=122] sg=2->2 mode=NONE win=8 obs=25 | cap=wip act=(320,360) d=3.45 a=3 | sp=preview:active d=3.5 age=1 dtg=7.54 region=0_28
ep=1581 s=25 4617ms [sel=28 cap=4476 rest=113] sg=2->2 mode=NONE win=8 obs=26 | cap=wip act=(320,360) d=3.45 a=3 | sp=preview:active d=3.5 age=2 dtg=7.54 region=0_28
ep=1581 s=26 14085ms [sel=21 cap=13546 rest=480] sg=2->2 mode=NONE win=8 obs=27 | cap=wip act=(320,360) d=3.45 a=3 | preview=view-/6 yaw=+0 render=38ms | sp=preview:active d=3.5 age=3 dtg=7.54 region=0_28
ep=1581 s=27 6935ms [sel=3 cap=6820 rest=111] sg=2->2 mode=NONE win=8 obs=28 | cap=wip act=(320,360) d=3.45 a=3 | sp=preview:active d=3.5 age=4 dtg=7.54 region=0_28
ep=1581 s=28 6994ms [sel=3 cap=6846 rest=144] sg=2->2 mode=NONE win=8 obs=29 | cap=wip act=(320,360) d=3.45 a=1 | sp=preview:active d=3.5 age=5 dtg=7.29 region=0_28
ep=1581 s=29 10370ms [sel=5 cap=9825 rest=500] sg=2->None mode=NONE win=8 obs=30 | cap=DONE act=(320,360) d=1.00 a=1 | preview=view-/6 yaw=+0 render=40ms | sp=preview:active d=3.2 age=6 dtg=7.05 region=0_28
ep=1581 s=30 112ms [sel=5 cap=0 rest=107] sg=None->None mode=NONE win=8 obs=31 | cap=- act=(320,360) d=1.00 a=1 | sp=preview:active d=3.0 age=7 dtg=6.80 region=0_28
ep=1581 s=31 126ms [sel=7 cap=0 rest=119] sg=None->None mode=NONE win=8 obs=32 | cap=- act=(320,360) d=1.00 a=1 | sp=preview:active d=2.7 age=8 dtg=6.56 region=0_28
ep=1581 s=32 102ms [sel=0 cap=0 rest=102] sg=None->None mode=NONE win=8 obs=33 | cap=- act=STOP | sp=preview:active d=2.5 age=9 dtg=6.56 region=0_28
rank=1 [12/13] id=1581 steps=33 success=0.000 spl=0.000 dtg=6.56 osr=0 path_length=2.75 ndtw=0.431 sdtw=0.000
PluginManager::Manager: duplicate static plugin StbImageImporter, ignoring
PluginManager::Manager: duplicate static plugin GltfImporter, ignoring
PluginManager::Manager: duplicate static plugin BasisImporter, ignoring
PluginManager::Manager: duplicate static plugin AssimpImporter, ignoring
PluginManager::Manager: duplicate static plugin AnySceneImporter, ignoring
PluginManager::Manager: duplicate static plugin AnyImageImporter, ignoring
episode=1825 instruction='Turn around and head up the flight of steps. Wait in the space that has the crimson floor covering and shelving for books.' start_position=[-1.5232399702072144, 1.1905267238616943, -0.21347199380397797] goal_position=[-0.16660800576210022, 3.009996175765991, -1.5819900035858154] reference_geodesic=5.793787956237793
episode=1825 prepared_subgoals=2
  [1] Turn around until the flight of steps is centered ahead, then head up the flight of steps
      proof: The camera has passed the top of the steps and the landing area is directly ahead.
  [2] Wait in the space that has the crimson floor covering and shelving for books
      proof: The camera is stationary beside the crimson floor and bookshelves are visible in the central view
ep=1825 s=0 8243ms [sel=0 cap=7742 rest=459] sg=1->1 mode=NONE win=1 obs=1 | cap=wip act=TURN request=-45deg execute=-15deg x1 a=2 | preview=view-/6 yaw=+0 render=42ms dtg=5.79 region=0_6
ep=1825 s=1 7287ms [sel=0 cap=7166 rest=121] sg=1->1 mode=NONE win=2 obs=2 | cap=wip act=TURN request=-45deg execute=-15deg x1 a=2 dtg=5.79 region=0_6
ep=1825 s=2 5253ms [sel=0 cap=5128 rest=125] sg=1->1 mode=TURN_OSCILLATION win=3 obs=3 | cap=wip/TURN_OSCILLATION act=TURN request=-45deg execute=-15deg x1 a=2 dtg=5.79 region=0_6
ep=1825 s=3 4231ms [sel=0 cap=4105 rest=126] sg=1->1 mode=TURN_OSCILLATION win=4 obs=4 | cap=wip/TURN_OSCILLATION act=TURN request=-45deg execute=-15deg x1 a=2 dtg=5.79 region=0_6
ep=1825 s=4 4497ms [sel=0 cap=4363 rest=135] sg=1->1 mode=TURN_OSCILLATION win=5 obs=5 | cap=wip/TURN_OSCILLATION act=TURN request=-45deg execute=-15deg x1 a=2 dtg=5.79 region=0_6
ep=1825 s=5 3307ms [sel=0 cap=3174 rest=133] sg=1->1 mode=NONE win=6 obs=6 | cap=wip act=TURN request=-45deg execute=-15deg x1 a=2 dtg=5.79 region=0_6
ep=1825 s=6 6252ms [sel=0 cap=6122 rest=130] sg=1->1 mode=TURN_OSCILLATION win=7 obs=7 | cap=wip/TURN_OSCILLATION act=TURN request=-45deg execute=-15deg x1 a=2 dtg=5.79 region=0_6
ep=1825 s=7 6096ms [sel=0 cap=5958 rest=138] sg=1->1 mode=NONE win=8 obs=8 | cap=wip act=TURN request=-45deg execute=-15deg x1 a=2 dtg=5.79 region=0_6
ep=1825 s=8 4715ms [sel=0 cap=4577 rest=139] sg=1->1 mode=NONE win=8 obs=9 | cap=wip act=TURN request=-45deg execute=-15deg x1 a=2 dtg=5.79 region=0_6
ep=1825 s=9 6375ms [sel=0 cap=6247 rest=128] sg=1->1 mode=NONE win=8 obs=10 | cap=wip act=TURN request=-45deg execute=-15deg x1 a=2 dtg=5.79 region=0_6
ep=1825 s=10 5908ms [sel=0 cap=5782 rest=126] sg=1->1 mode=NONE win=8 obs=11 | cap=wip act=TURN request=-45deg execute=-15deg x1 a=2 dtg=5.79 region=0_6
ep=1825 s=11 6660ms [sel=0 cap=6535 rest=125] sg=1->1 mode=NONE win=8 obs=12 | cap=wip act=TURN request=-45deg execute=-15deg x1 a=2 dtg=5.79 region=0_6
ep=1825 s=12 9097ms [sel=1606 cap=7368 rest=122] sg=1->1 mode=NONE win=8 obs=13 | cap=wip act=TURN request=-45deg execute=-15deg x1 a=2 som=1/3 dtg=5.79 region=0_6
ep=1825 s=13 5604ms [sel=0 cap=5483 rest=121] sg=1->1 mode=NONE win=8 obs=14 | cap=wip act=TURN request=-45deg execute=-15deg x1 a=2 dtg=5.79 region=0_6
ep=1825 s=14 8302ms [sel=0 cap=8178 rest=124] sg=1->1 mode=NONE win=8 obs=15 | cap=wip act=TURN request=-45deg execute=-15deg x1 a=2 dtg=5.79 region=0_6
ep=1825 s=15 7186ms [sel=0 cap=7062 rest=124] sg=1->1 mode=NONE win=8 obs=16 | cap=wip act=TURN request=-45deg execute=-15deg x1 a=2 dtg=5.79 region=0_6
ep=1825 s=16 8038ms [sel=0 cap=7909 rest=129] sg=1->1 mode=NONE win=8 obs=17 | cap=wip act=TURN request=-45deg execute=-15deg x1 a=2 dtg=5.79 region=0_6
ep=1825 s=17 4427ms [sel=0 cap=4302 rest=125] sg=1->1 mode=NONE win=8 obs=18 | cap=wip act=TURN request=-45deg execute=-15deg x1 a=2 dtg=5.79 region=0_6
ep=1825 s=18 3190ms [sel=0 cap=3073 rest=117] sg=1->1 mode=NONE win=8 obs=19 | cap=wip act=TURN request=-45deg execute=-15deg x1 a=2 dtg=5.79 region=0_6
ep=1825 s=19 5440ms [sel=0 cap=5320 rest=120] sg=1->1 mode=IN_PLACE_SPIN win=8 obs=20 | cap=wip/IN_PLACE_SPIN act=TURN request=-45deg execute=-15deg x1 a=2 dtg=5.79 region=0_6
ep=1825 s=20 6485ms [sel=0 cap=6362 rest=123] sg=1->1 mode=NONE win=8 obs=21 | cap=wip act=TURN request=-45deg execute=-15deg x1 a=2 dtg=5.79 region=0_6
ep=1825 s=21 7227ms [sel=0 cap=7109 rest=118] sg=1->1 mode=NONE win=8 obs=22 | cap=wip act=TURN request=-45deg execute=-15deg x1 a=2 dtg=5.79 region=0_6
ep=1825 s=22 5539ms [sel=0 cap=5427 rest=112] sg=1->1 mode=NONE win=8 obs=23 | cap=wip act=TURN request=-45deg execute=-15deg x1 a=2 dtg=5.79 region=0_6
ep=1825 s=23 11508ms [sel=51 cap=10950 rest=469] sg=1->1 mode=NONE win=8 obs=24 | cap=wip act=(264,349) d=2.62 a=1 | preview=view-/6 yaw=+0 render=37ms dtg=6.10 region=0_6
ep=1825 s=24 5037ms [sel=2644 cap=2278 rest=115] sg=1->1 mode=NONE win=8 obs=25 | cap=wip act=TURN request=-45deg execute=-15deg x1 a=2 som=4/6 dtg=6.10 region=0_6
ep=1825 s=25 6741ms [sel=0 cap=6624 rest=117] sg=1->1 mode=NONE win=8 obs=26 | cap=wip act=TURN request=-45deg execute=-15deg x1 a=2 dtg=6.10 region=0_6
ep=1825 s=26 2940ms [sel=0 cap=2815 rest=125] sg=1->1 mode=NONE win=8 obs=27 | cap=wip act=TURN request=-45deg execute=-15deg x1 a=2 dtg=6.10 region=0_6
ep=1825 s=27 8269ms [sel=0 cap=8150 rest=119] sg=1->1 mode=NONE win=8 obs=28 | cap=wip act=TURN request=-45deg execute=-15deg x1 a=2 dtg=6.10 region=0_6
ep=1825 s=28 4746ms [sel=0 cap=4625 rest=121] sg=1->1 mode=NONE win=8 obs=29 | cap=wip act=TURN request=-45deg execute=-15deg x1 a=2 dtg=6.10 region=0_6
ep=1825 s=29 4502ms [sel=0 cap=4377 rest=125] sg=1->1 mode=NONE win=8 obs=30 | cap=wip act=TURN request=-45deg execute=-15deg x1 a=2 dtg=6.10 region=0_6
ep=1825 s=30 4703ms [sel=0 cap=4183 rest=482] sg=1->1 mode=NONE win=8 obs=31 | cap=wip act=TURN request=-45deg execute=-15deg x1 a=2 | preview=view-/6 yaw=+0 render=38ms dtg=6.10 region=0_6
ep=1825 s=31 8797ms [sel=0 cap=8671 rest=126] sg=1->1 mode=NONE win=8 obs=32 | cap=wip act=TURN request=-45deg execute=-15deg x1 a=2 dtg=6.10 region=0_6
ep=1825 s=32 4798ms [sel=0 cap=4664 rest=134] sg=1->1 mode=NONE win=8 obs=33 | cap=wip act=TURN request=-45deg execute=-15deg x1 a=2 dtg=6.10 region=0_6
ep=1825 s=33 3961ms [sel=0 cap=3830 rest=131] sg=1->1 mode=NONE win=8 obs=34 | cap=wip act=TURN request=-45deg execute=-15deg x1 a=2 dtg=6.10 region=0_6
ep=1825 s=34 7286ms [sel=0 cap=7160 rest=126] sg=1->1 mode=NONE win=8 obs=35 | cap=wip act=TURN request=-45deg execute=-15deg x1 a=2 dtg=6.10 region=0_6
ep=1825 s=35 9863ms [sel=3321 cap=6416 rest=126] sg=1->1 mode=NONE win=8 obs=36 | cap=wip act=(351,435) d=1.12 a=1 | sp=straight_ahead:reached d=0.4 age=0 som=1/4 dtg=5.83 region=0_6
ep=1825 s=36 10263ms [sel=111 cap=10027 rest=126] sg=1->1 mode=NONE win=8 obs=37 | cap=wip act=TURN request=+45deg execute=+15deg x1 a=3 | sp=straight_ahead:reached d=0.4 age=1 dtg=5.83 region=0_6
ep=1825 s=37 6884ms [sel=0 cap=6756 rest=128] sg=1->1 mode=NONE win=8 obs=38 | cap=wip act=TURN request=+45deg execute=+15deg x1 a=3 dtg=5.83 region=0_6
ep=1825 s=38 8346ms [sel=0 cap=8212 rest=135] sg=1->1 mode=NONE win=8 obs=39 | cap=wip act=TURN request=+45deg execute=+15deg x1 a=3 dtg=5.83 region=0_6
ep=1825 s=39 6034ms [sel=0 cap=5879 rest=155] sg=1->1 mode=NONE win=8 obs=40 | cap=wip act=TURN request=+45deg execute=+15deg x1 a=3 dtg=5.83 region=0_6
ep=1825 s=40 6205ms [sel=0 cap=6072 rest=133] sg=1->1 mode=NONE win=8 obs=41 | cap=wip act=TURN request=+45deg execute=+15deg x1 a=3 dtg=5.83 region=0_6
ep=1825 s=41 6880ms [sel=0 cap=6743 rest=138] sg=1->1 mode=NONE win=8 obs=42 | cap=wip act=TURN request=+45deg execute=+15deg x1 a=3 dtg=5.83 region=0_6
ep=1825 s=42 3931ms [sel=0 cap=3798 rest=132] sg=1->1 mode=NONE win=8 obs=43 | cap=wip act=TURN request=+45deg execute=+15deg x1 a=3 dtg=5.83 region=0_6
ep=1825 s=43 3033ms [sel=0 cap=2907 rest=126] sg=1->1 mode=NONE win=8 obs=44 | cap=wip act=TURN request=+45deg execute=+15deg x1 a=3 dtg=5.83 region=0_6
ep=1825 s=44 6955ms [sel=0 cap=6828 rest=128] sg=1->1 mode=NONE win=8 obs=45 | cap=wip act=TURN request=+45deg execute=+15deg x1 a=3 dtg=5.83 region=0_6
ep=1825 s=45 4484ms [sel=0 cap=4327 rest=156] sg=1->1 mode=NONE win=8 obs=46 | cap=wip act=TURN request=+45deg execute=+15deg x1 a=3 dtg=5.83 region=0_6
ep=1825 s=46 5849ms [sel=0 cap=5736 rest=112] sg=1->1 mode=NONE win=8 obs=47 | cap=wip act=TURN request=+45deg execute=+15deg x1 a=3 dtg=5.83 region=0_6
ep=1825 s=47 8870ms [sel=1958 cap=6791 rest=121] sg=1->1 mode=NONE win=8 obs=48 | cap=wip act=(271,352) d=2.58 a=1 som=3/6 dtg=6.14 region=0_6
ep=1825 s=48 7846ms [sel=1508 cap=6223 rest=114] sg=1->1 mode=NONE win=8 obs=49 | cap=wip act=TURN request=-45deg execute=-15deg x1 a=2 som=3/6 dtg=6.14 region=0_6
ep=1825 s=49 5656ms [sel=0 cap=5540 rest=116] sg=1->1 mode=NONE win=8 obs=50 | cap=wip act=TURN request=-45deg execute=-15deg x1 a=2 dtg=6.14 region=0_6
ep=1825 s=50 5400ms [sel=0 cap=5280 rest=120] sg=1->1 mode=NONE win=8 obs=51 | cap=wip act=TURN request=-45deg execute=-15deg x1 a=2 dtg=6.14 region=0_6
ep=1825 s=51 5642ms [sel=0 cap=5523 rest=118] sg=1->1 mode=NONE win=8 obs=52 | cap=wip act=TURN request=-45deg execute=-15deg x1 a=2 dtg=6.14 region=0_6
ep=1825 s=52 4404ms [sel=0 cap=4279 rest=124] sg=1->1 mode=NONE win=8 obs=53 | cap=wip act=TURN request=-45deg execute=-15deg x1 a=2 dtg=6.14 region=0_6
ep=1825 s=53 6700ms [sel=0 cap=6563 rest=137] sg=1->1 mode=NONE win=8 obs=54 | cap=wip act=TURN request=-45deg execute=-15deg x1 a=2 dtg=6.14 region=0_6
ep=1825 s=54 4831ms [sel=0 cap=4702 rest=129] sg=1->1 mode=NONE win=8 obs=55 | cap=wip act=TURN request=-45deg execute=-15deg x1 a=2 dtg=6.14 region=0_6
ep=1825 s=55 4749ms [sel=0 cap=4625 rest=124] sg=1->1 mode=NONE win=8 obs=56 | cap=wip act=TURN request=-45deg execute=-15deg x1 a=2 dtg=6.14 region=0_6
ep=1825 s=56 7655ms [sel=0 cap=7520 rest=135] sg=1->1 mode=TURN_OSCILLATION win=8 obs=57 | cap=wip/TURN_OSCILLATION act=TURN request=-45deg execute=-15deg x1 a=2 dtg=6.14 region=0_6
ep=1825 s=57 5389ms [sel=0 cap=5257 rest=132] sg=1->2 mode=NONE win=8 obs=58 | cap=DONE act=TURN request=-45deg execute=-15deg x1 a=2 dtg=6.14 region=0_6
ep=1825 s=58 6533ms [sel=0 cap=6403 rest=130] sg=2->2 mode=NONE win=8 obs=59 | cap=wip act=TURN request=-45deg execute=-15deg x1 a=2 dtg=6.14 region=0_6
ep=1825 s=59 14130ms [sel=47 cap=13576 rest=468] sg=2->2 mode=NONE win=8 obs=60 | cap=wip act=(331,438) d=1.11 a=1 | preview=view-/6 yaw=+0 render=39ms | sp=straight_ahead:reached d=0.4 age=0 dtg=5.88 region=0_6
ep=1825 s=60 11070ms [sel=1938 cap=9005 rest=127] sg=2->2 mode=NONE win=8 obs=61 | cap=wip act=TURN request=-45deg execute=-15deg x1 a=2 | sp=straight_ahead:reached d=0.4 age=1 som=B/4 dtg=5.88 region=0_6
ep=1825 s=61 5693ms [sel=0 cap=5572 rest=122] sg=2->2 mode=NONE win=8 obs=62 | cap=wip act=TURN request=-45deg execute=-15deg x1 a=2 dtg=5.88 region=0_6
ep=1825 s=62 5575ms [sel=0 cap=5449 rest=125] sg=2->2 mode=NONE win=8 obs=63 | cap=wip act=TURN request=-45deg execute=-15deg x1 a=2 dtg=5.88 region=0_6
ep=1825 s=63 9036ms [sel=0 cap=8546 rest=452] sg=2->2 mode=NONE win=8 obs=64 | cap=wip act=TURN request=-45deg execute=-15deg x1 a=2 | preview=view-/6 yaw=+0 render=38ms dtg=5.88 region=0_6
ep=1825 s=64 10022ms [sel=0 cap=9895 rest=127] sg=2->2 mode=NONE win=8 obs=65 | cap=wip act=TURN request=-45deg execute=-15deg x1 a=2 dtg=5.88 region=0_6
ep=1825 s=65 10122ms [sel=0 cap=9995 rest=128] sg=2->2 mode=NONE win=8 obs=66 | cap=wip act=TURN request=-45deg execute=-15deg x1 a=2 dtg=5.88 region=0_6
ep=1825 s=66 14989ms [sel=0 cap=14484 rest=468] sg=2->2 mode=NONE win=8 obs=67 | cap=wip act=TURN request=-45deg execute=-15deg x1 a=2 | preview=view-/6 yaw=+0 render=37ms dtg=5.88 region=0_6
ep=1825 s=67 7549ms [sel=0 cap=7427 rest=122] sg=2->2 mode=NONE win=8 obs=68 | cap=wip act=TURN request=-45deg execute=-15deg x1 a=2 dtg=5.88 region=0_6
ep=1825 s=68 8219ms [sel=0 cap=8093 rest=126] sg=2->2 mode=NONE win=8 obs=69 | cap=wip act=TURN request=-45deg execute=-15deg x1 a=2 dtg=5.88 region=0_6
ep=1825 s=69 10769ms [sel=0 cap=10275 rest=456] sg=2->2 mode=NONE win=8 obs=70 | cap=wip act=TURN request=-45deg execute=-15deg x1 a=2 | preview=view-/6 yaw=+0 render=38ms dtg=5.88 region=0_6
ep=1825 s=70 9367ms [sel=900 cap=8341 rest=125] sg=2->2 mode=NONE win=8 obs=71 | cap=wip act=(320,359) d=2.03 a=1 | sp=straight_ahead:reached d=0.4 age=0 som=4/6 dtg=6.02 region=0_6
ep=1825 s=71 8058ms [sel=1896 cap=6044 rest=117] sg=2->2 mode=NONE win=8 obs=72 | cap=wip act=TURN request=+45deg execute=+15deg x1 a=3 | sp=straight_ahead:reached d=0.4 age=1 som=4/6 dtg=6.02 region=0_6
ep=1825 s=72 13874ms [sel=0 cap=13342 rest=494] sg=2->2 mode=NONE win=8 obs=73 | cap=wip act=TURN request=+45deg execute=+15deg x1 a=3 | preview=view-/6 yaw=+0 render=38ms dtg=6.02 region=0_6
ep=1825 s=73 8650ms [sel=0 cap=8526 rest=124] sg=2->2 mode=NONE win=8 obs=74 | cap=wip act=TURN request=+45deg execute=+15deg x1 a=3 dtg=6.02 region=0_6
ep=1825 s=74 9493ms [sel=0 cap=9365 rest=128] sg=2->2 mode=NONE win=8 obs=75 | cap=wip act=TURN request=+45deg execute=+15deg x1 a=3 dtg=6.02 region=0_6
ep=1825 s=75 12757ms [sel=0 cap=12225 rest=495] sg=2->2 mode=NONE win=8 obs=76 | cap=wip act=TURN request=+45deg execute=+15deg x1 a=3 | preview=view-/6 yaw=+0 render=37ms dtg=6.02 region=0_6
ep=1825 s=76 7445ms [sel=0 cap=7309 rest=136] sg=2->2 mode=NONE win=8 obs=77 | cap=wip act=TURN request=+45deg execute=+15deg x1 a=3 dtg=6.02 region=0_6
ep=1825 s=77 8362ms [sel=0 cap=8227 rest=135] sg=2->2 mode=NONE win=8 obs=78 | cap=wip act=TURN request=+45deg execute=+15deg x1 a=3 dtg=6.02 region=0_6
ep=1825 s=78 20079ms [sel=0 cap=19562 rest=478] sg=2->2 mode=NONE win=8 obs=79 | cap=wip act=TURN request=+45deg execute=+15deg x1 a=3 | preview=view-/6 yaw=+0 render=39ms dtg=6.02 region=0_6
ep=1825 s=79 10538ms [sel=0 cap=10412 rest=127] sg=2->2 mode=NONE win=8 obs=80 | cap=wip act=TURN request=+45deg execute=+15deg x1 a=3 dtg=6.02 region=0_6
ep=1825 s=80 6644ms [sel=0 cap=6517 rest=126] sg=2->2 mode=NONE win=8 obs=81 | cap=wip act=TURN request=+45deg execute=+15deg x1 a=3 dtg=6.02 region=0_6
ep=1825 s=81 17934ms [sel=0 cap=17424 rest=468] sg=2->2 mode=NONE win=8 obs=82 | cap=wip act=TURN request=+45deg execute=+15deg x1 a=3 | preview=view-/6 yaw=+0 render=42ms dtg=6.02 region=0_6
ep=1825 s=82 9890ms [sel=1099 cap=8631 rest=160] sg=2->2 mode=NONE win=8 obs=83 | cap=wip act=(306,441) d=1.10 a=1 | sp=straight_ahead:reached d=0.5 age=0 som=B/4 dtg=5.80 region=0_6
ep=1825 s=83 14553ms [sel=109 cap=14317 rest=127] sg=2->2 mode=NONE win=8 obs=84 | cap=wip act=TURN request=+45deg execute=+15deg x1 a=3 | sp=straight_ahead:reached d=0.5 age=1 dtg=5.80 region=0_6
ep=1825 s=84 10056ms [sel=0 cap=9925 rest=131] sg=2->2 mode=NONE win=8 obs=85 | cap=wip act=TURN request=+45deg execute=+15deg x1 a=3 dtg=5.80 region=0_6
ep=1825 s=85 8135ms [sel=0 cap=7993 rest=142] sg=2->2 mode=NONE win=8 obs=86 | cap=wip act=TURN request=+45deg execute=+15deg x1 a=3 dtg=5.80 region=0_6
ep=1825 s=86 12870ms [sel=0 cap=12370 rest=459] sg=2->2 mode=NONE win=8 obs=87 | cap=wip act=TURN request=+45deg execute=+15deg x1 a=3 | preview=view-/6 yaw=+0 render=40ms dtg=5.80 region=0_6
ep=1825 s=87 8010ms [sel=0 cap=7869 rest=141] sg=2->2 mode=NONE win=8 obs=88 | cap=wip act=TURN request=+45deg execute=+15deg x1 a=3 dtg=5.80 region=0_6
ep=1825 s=88 5438ms [sel=0 cap=5301 rest=137] sg=2->2 mode=NONE win=8 obs=89 | cap=wip act=TURN request=+45deg execute=+15deg x1 a=3 dtg=5.80 region=0_6
ep=1825 s=89 15446ms [sel=0 cap=14957 rest=451] sg=2->2 mode=NONE win=8 obs=90 | cap=wip act=TURN request=+45deg execute=+15deg x1 a=3 | preview=view-/6 yaw=+0 render=38ms dtg=5.80 region=0_6
ep=1825 s=90 9276ms [sel=0 cap=9149 rest=127] sg=2->2 mode=NONE win=8 obs=91 | cap=wip act=TURN request=+45deg execute=+15deg x1 a=3 dtg=5.80 region=0_6
ep=1825 s=91 6210ms [sel=0 cap=6087 rest=123] sg=2->2 mode=NONE win=8 obs=92 | cap=wip act=TURN request=+45deg execute=+15deg x1 a=3 dtg=5.80 region=0_6
ep=1825 s=92 10985ms [sel=0 cap=10475 rest=470] sg=2->2 mode=NONE win=8 obs=93 | cap=wip act=TURN request=+45deg execute=+15deg x1 a=3 | preview=view-/6 yaw=+0 render=40ms dtg=5.80 region=0_6
ep=1825 s=93 12572ms [sel=64 cap=12398 rest=110] sg=2->2 mode=NONE win=8 obs=94 | cap=wip act=(274,347) d=2.65 a=1 dtg=6.10 region=0_6
ep=1825 s=94 12735ms [sel=3357 cap=9261 rest=116] sg=2->2 mode=NONE win=8 obs=95 | cap=wip act=TURN request=-45deg execute=-15deg x1 a=2 som=3/6 dtg=6.10 region=0_6
ep=1825 s=95 13874ms [sel=0 cap=13352 rest=485] sg=2->2 mode=NONE win=8 obs=96 | cap=wip act=TURN request=-45deg execute=-15deg x1 a=2 | preview=view-/6 yaw=+0 render=37ms dtg=6.10 region=0_6
ep=1825 s=96 9405ms [sel=0 cap=9285 rest=120] sg=2->2 mode=NONE win=8 obs=97 | cap=wip act=TURN request=-45deg execute=-15deg x1 a=2 dtg=6.10 region=0_6
ep=1825 s=97 6796ms [sel=0 cap=6676 rest=120] sg=2->2 mode=NONE win=8 obs=98 | cap=wip act=TURN request=-45deg execute=-15deg x1 a=2 dtg=6.10 region=0_6
ep=1825 s=98 10765ms [sel=0 cap=10242 rest=486] sg=2->2 mode=NONE win=8 obs=99 | cap=wip act=TURN request=-45deg execute=-15deg x1 a=2 | preview=view-/6 yaw=+0 render=37ms dtg=6.10 region=0_6
ep=1825 s=99 21607ms [sel=0 cap=21476 rest=131] sg=2->2 mode=NONE win=8 obs=100 | cap=wip act=TURN request=-45deg execute=-15deg x1 a=2 dtg=6.10 region=0_6
ep=1825 s=100 8353ms [sel=0 cap=8221 rest=132] sg=2->2 mode=NONE win=8 obs=101 | cap=wip act=TURN request=-45deg execute=-15deg x1 a=2 dtg=6.10 region=0_6
ep=1825 s=101 12067ms [sel=0 cap=11555 rest=475] sg=2->2 mode=NONE win=8 obs=102 | cap=wip act=TURN request=-45deg execute=-15deg x1 a=2 | preview=view-/6 yaw=+0 render=36ms dtg=6.10 region=0_6
ep=1825 s=102 9279ms [sel=0 cap=9143 rest=136] sg=2->2 mode=NONE win=8 obs=103 | cap=wip act=TURN request=-45deg execute=-15deg x1 a=2 dtg=6.10 region=0_6
ep=1825 s=103 9572ms [sel=0 cap=9440 rest=131] sg=2->2 mode=NONE win=8 obs=104 | cap=wip act=TURN request=-45deg execute=-15deg x1 a=2 dtg=6.10 region=0_6
ep=1825 s=104 12620ms [sel=0 cap=12113 rest=469] sg=2->2 mode=NONE win=8 obs=105 | cap=wip act=TURN request=-45deg execute=-15deg x1 a=2 | preview=view-/6 yaw=+0 render=38ms dtg=6.10 region=0_6
ep=1825 s=105 10890ms [sel=1117 cap=9639 rest=134] sg=2->2 mode=NONE win=8 obs=106 | cap=wip act=(331,446) d=1.08 a=1 | sp=straight_ahead:reached d=0.4 age=0 som=B/4 dtg=5.85 region=0_6
ep=1825 s=106 10866ms [sel=3148 cap=7592 rest=126] sg=2->2 mode=NONE win=8 obs=107 | cap=wip act=TURN request=-45deg execute=-15deg x1 a=2 | sp=straight_ahead:reached d=0.4 age=1 som=B/4 dtg=5.85 region=0_6
ep=1825 s=107 4874ms [sel=0 cap=4754 rest=120] sg=2->2 mode=NONE win=8 obs=108 | cap=wip act=TURN request=-45deg execute=-15deg x1 a=2 dtg=5.85 region=0_6
ep=1825 s=108 12432ms [sel=0 cap=11962 rest=433] sg=2->2 mode=NONE win=8 obs=109 | cap=wip act=TURN request=-45deg execute=-15deg x1 a=2 | preview=view-/6 yaw=+0 render=36ms dtg=5.85 region=0_6
ep=1825 s=109 6027ms [sel=0 cap=5898 rest=129] sg=2->2 mode=NONE win=8 obs=110 | cap=wip act=TURN request=-45deg execute=-15deg x1 a=2 dtg=5.85 region=0_6
ep=1825 s=110 6252ms [sel=0 cap=6120 rest=131] sg=2->2 mode=NONE win=8 obs=111 | cap=wip act=TURN request=-45deg execute=-15deg x1 a=2 dtg=5.85 region=0_6
ep=1825 s=111 9555ms [sel=0 cap=9069 rest=450] sg=2->2 mode=NONE win=8 obs=112 | cap=wip act=TURN request=-45deg execute=-15deg x1 a=2 | preview=view-/6 yaw=+0 render=37ms dtg=5.85 region=0_6
ep=1825 s=112 4492ms [sel=0 cap=4363 rest=129] sg=2->2 mode=NONE win=8 obs=113 | cap=wip act=TURN request=-45deg execute=-15deg x1 a=2 dtg=5.85 region=0_6
ep=1825 s=113 7012ms [sel=0 cap=6888 rest=124] sg=2->2 mode=NONE win=8 obs=114 | cap=wip act=TURN request=-45deg execute=-15deg x1 a=2 dtg=5.85 region=0_6
ep=1825 s=114 11712ms [sel=0 cap=11218 rest=458] sg=2->2 mode=NONE win=8 obs=115 | cap=wip act=TURN request=-45deg execute=-15deg x1 a=2 | preview=view-/6 yaw=+0 render=37ms dtg=5.85 region=0_6
ep=1825 s=115 8734ms [sel=0 cap=8611 rest=123] sg=2->2 mode=NONE win=8 obs=116 | cap=wip act=TURN request=-45deg execute=-15deg x1 a=2 dtg=5.85 region=0_6
ep=1825 s=116 9333ms [sel=0 cap=9205 rest=128] sg=2->2 mode=NONE win=8 obs=117 | cap=wip act=TURN request=-45deg execute=-15deg x1 a=2 dtg=5.85 region=0_6
ep=1825 s=117 14859ms [sel=53 cap=14292 rest=477] sg=2->2 mode=NONE win=8 obs=118 | cap=wip act=(320,358) d=2.50 a=1 | preview=view-/6 yaw=+0 render=37ms dtg=6.05 region=0_6
ep=1825 s=118 12533ms [sel=116 cap=12295 rest=122] sg=2->2 mode=NONE win=8 obs=119 | cap=wip act=TURN request=+45deg execute=+15deg x1 a=3 dtg=6.05 region=0_6
ep=1825 s=119 15231ms [sel=0 cap=15112 rest=119] sg=2->2 mode=NONE win=8 obs=120 | cap=wip act=TURN request=+45deg execute=+15deg x1 a=3 dtg=6.05 region=0_6
ep=1825 s=120 9322ms [sel=0 cap=8794 rest=492] sg=2->2 mode=NONE win=8 obs=121 | cap=wip act=TURN request=+45deg execute=+15deg x1 a=3 | preview=view-/6 yaw=+0 render=36ms dtg=6.05 region=0_6
ep=1825 s=121 5090ms [sel=0 cap=4937 rest=153] sg=2->2 mode=NONE win=8 obs=122 | cap=wip act=TURN request=+45deg execute=+15deg x1 a=3 dtg=6.05 region=0_6
ep=1825 s=122 12970ms [sel=0 cap=12842 rest=128] sg=2->2 mode=NONE win=8 obs=123 | cap=wip act=TURN request=+45deg execute=+15deg x1 a=3 dtg=6.05 region=0_6
ep=1825 s=123 14488ms [sel=0 cap=13974 rest=476] sg=2->2 mode=NONE win=8 obs=124 | cap=wip act=TURN request=+45deg execute=+15deg x1 a=3 | preview=view-/6 yaw=+0 render=38ms dtg=6.05 region=0_6
ep=1825 s=124 11652ms [sel=0 cap=11516 rest=136] sg=2->2 mode=NONE win=8 obs=125 | cap=wip act=TURN request=+45deg execute=+15deg x1 a=3 dtg=6.05 region=0_6
ep=1825 s=125 7766ms [sel=0 cap=7627 rest=139] sg=2->2 mode=NONE win=8 obs=126 | cap=wip act=TURN request=+45deg execute=+15deg x1 a=3 dtg=6.05 region=0_6
ep=1825 s=126 12759ms [sel=48 cap=12183 rest=489] sg=2->2 mode=NONE win=8 obs=127 | cap=wip act=(254,335) d=2.82 a=1 | preview=view-/6 yaw=+0 render=40ms dtg=5.75 region=0_6
ep=1825 s=127 11392ms [sel=115 cap=11151 rest=126] sg=2->2 mode=NONE win=8 obs=128 | cap=wip act=TURN request=+45deg execute=+15deg x1 a=3 dtg=5.75 region=0_6
ep=1825 s=128 6754ms [sel=0 cap=6627 rest=127] sg=2->2 mode=NONE win=8 obs=129 | cap=wip act=TURN request=+45deg execute=+15deg x1 a=3 dtg=5.75 region=0_6
ep=1825 s=129 10051ms [sel=0 cap=9545 rest=469] sg=2->2 mode=NONE win=8 obs=130 | cap=wip act=TURN request=+45deg execute=+15deg x1 a=3 | preview=view-/6 yaw=+0 render=38ms dtg=5.75 region=0_6
ep=1825 s=130 9948ms [sel=0 cap=9817 rest=131] sg=2->2 mode=NONE win=8 obs=131 | cap=wip act=TURN request=+45deg execute=+15deg x1 a=3 dtg=5.75 region=0_6
ep=1825 s=131 10858ms [sel=0 cap=10721 rest=137] sg=2->2 mode=NONE win=8 obs=132 | cap=wip act=TURN request=+45deg execute=+15deg x1 a=3 dtg=5.75 region=0_6
ep=1825 s=132 8367ms [sel=0 cap=7871 rest=460] sg=2->2 mode=NONE win=8 obs=133 | cap=wip act=TURN request=+45deg execute=+15deg x1 a=3 | preview=view-/6 yaw=+0 render=36ms dtg=5.75 region=0_6
ep=1825 s=133 10068ms [sel=0 cap=9930 rest=138] sg=2->2 mode=NONE win=8 obs=134 | cap=wip act=TURN request=+45deg execute=+15deg x1 a=3 dtg=5.75 region=0_6
ep=1825 s=134 7933ms [sel=0 cap=7799 rest=134] sg=2->2 mode=NONE win=8 obs=135 | cap=wip act=TURN request=+45deg execute=+15deg x1 a=3 dtg=5.75 region=0_6
ep=1825 s=135 13348ms [sel=0 cap=12846 rest=465] sg=2->2 mode=NONE win=8 obs=136 | cap=wip act=TURN request=+45deg execute=+15deg x1 a=3 | preview=view-/6 yaw=+0 render=37ms dtg=5.75 region=0_6
ep=1825 s=136 3971ms [sel=0 cap=3839 rest=132] sg=2->2 mode=NONE win=8 obs=137 | cap=wip act=TURN request=+45deg execute=+15deg x1 a=3 dtg=5.75 region=0_6
ep=1825 s=137 5442ms [sel=0 cap=5312 rest=130] sg=2->2 mode=NONE win=8 obs=138 | cap=wip act=TURN request=+45deg execute=+15deg x1 a=3 dtg=5.75 region=0_6
ep=1825 s=138 6584ms [sel=1425 cap=5028 rest=130] sg=2->2 mode=NONE win=8 obs=139 | cap=wip act=(331,370) d=1.46 a=1 | sp=straight_ahead:reached d=0.4 age=0 som=B/6 dtg=6.02 region=0_6
ep=1825 s=139 6916ms [sel=889 cap=5520 rest=470] sg=2->2 mode=NONE win=8 obs=140 | cap=wip act=TURN request=-45deg execute=-15deg x1 a=2 | preview=view-/6 yaw=+0 render=37ms | sp=straight_ahead:reached d=0.4 age=1 som=B/6 dtg=6.02 region=0_6
ep=1825 s=140 6713ms [sel=0 cap=6589 rest=124] sg=2->2 mode=NONE win=8 obs=141 | cap=wip act=TURN request=-45deg execute=-15deg x1 a=2 dtg=6.02 region=0_6
ep=1825 s=141 5010ms [sel=0 cap=4881 rest=129] sg=2->2 mode=NONE win=8 obs=142 | cap=wip act=TURN request=-45deg execute=-15deg x1 a=2 dtg=6.02 region=0_6
ep=1825 s=142 4188ms [sel=0 cap=4050 rest=137] sg=2->2 mode=NONE win=8 obs=143 | cap=wip act=TURN request=-45deg execute=-15deg x1 a=2 dtg=6.02 region=0_6
ep=1825 s=143 10361ms [sel=0 cap=9865 rest=460] sg=2->2 mode=NONE win=8 obs=144 | cap=wip act=TURN request=-45deg execute=-15deg x1 a=2 | preview=view-/6 yaw=+0 render=36ms dtg=6.02 region=0_6
ep=1825 s=144 5863ms [sel=0 cap=5722 rest=141] sg=2->2 mode=NONE win=8 obs=145 | cap=wip act=TURN request=-45deg execute=-15deg x1 a=2 dtg=6.02 region=0_6
ep=1825 s=145 8079ms [sel=0 cap=7945 rest=134] sg=2->2 mode=NONE win=8 obs=146 | cap=wip act=TURN request=-45deg execute=-15deg x1 a=2 dtg=6.02 region=0_6
ep=1825 s=146 13024ms [sel=0 cap=12499 rest=488] sg=2->2 mode=NONE win=8 obs=147 | cap=wip act=TURN request=-45deg execute=-15deg x1 a=2 | preview=view-/6 yaw=+0 render=37ms dtg=6.02 region=0_6
ep=1825 s=147 10574ms [sel=3897 cap=6544 rest=133] sg=2->2 mode=NONE win=8 obs=148 | cap=wip act=(339,468) d=1.00 a=1 | sp=straight_ahead:reached d=0.5 age=0 som=B/4 dtg=5.77 region=0_6
ep=1825 s=148 8326ms [sel=99 cap=8104 rest=123] sg=2->2 mode=NONE win=8 obs=149 | cap=wip act=TURN request=-45deg execute=-15deg x1 a=2 | sp=straight_ahead:reached d=0.5 age=1 dtg=5.77 region=0_6
ep=1825 s=149 4518ms [sel=0 cap=4397 rest=121] sg=2->2 mode=NONE win=8 obs=150 | cap=wip act=TURN request=-45deg execute=-15deg x1 a=2 dtg=5.77 region=0_6
ep=1825 s=150 13769ms [sel=0 cap=13309 rest=422] sg=2->2 mode=NONE win=8 obs=151 | cap=wip act=TURN request=-45deg execute=-15deg x1 a=2 | preview=view-/6 yaw=+0 render=37ms dtg=5.77 region=0_6
ep=1825 s=151 8031ms [sel=0 cap=7907 rest=124] sg=2->2 mode=NONE win=8 obs=152 | cap=wip act=TURN request=-45deg execute=-15deg x1 a=2 dtg=5.77 region=0_6
ep=1825 s=152 7772ms [sel=0 cap=7644 rest=128] sg=2->2 mode=NONE win=8 obs=153 | cap=wip act=TURN request=-45deg execute=-15deg x1 a=2 dtg=5.77 region=0_6
ep=1825 s=153 12351ms [sel=0 cap=11883 rest=431] sg=2->2 mode=NONE win=8 obs=154 | cap=wip act=TURN request=-45deg execute=-15deg x1 a=2 | preview=view-/6 yaw=+0 render=37ms dtg=5.77 region=0_6
ep=1825 s=154 7004ms [sel=0 cap=6874 rest=130] sg=2->2 mode=NONE win=8 obs=155 | cap=wip act=TURN request=-45deg execute=-15deg x1 a=2 dtg=5.77 region=0_6
ep=1825 s=155 9037ms [sel=0 cap=8907 rest=130] sg=2->2 mode=NONE win=8 obs=156 | cap=wip act=TURN request=-45deg execute=-15deg x1 a=2 dtg=5.77 region=0_6
ep=1825 s=156 16835ms [sel=0 cap=16339 rest=454] sg=2->2 mode=NONE win=8 obs=157 | cap=wip act=TURN request=-45deg execute=-15deg x1 a=2 | preview=view-/6 yaw=+0 render=41ms dtg=5.77 region=0_6
ep=1825 s=157 14001ms [sel=0 cap=13880 rest=121] sg=2->2 mode=NONE win=8 obs=158 | cap=wip act=TURN request=-45deg execute=-15deg x1 a=2 dtg=5.77 region=0_6
ep=1825 s=158 19177ms [sel=51 cap=18999 rest=128] sg=2->2 mode=NONE win=8 obs=159 | cap=wip act=(320,359) d=2.07 a=1 | sp=straight_ahead:reached d=0.4 age=0 dtg=5.90 region=0_6
ep=1825 s=159 19815ms [sel=103 cap=19584 rest=129] sg=2->2 mode=NONE win=8 obs=160 | cap=wip act=TURN request=+45deg execute=+15deg x1 a=3 | sp=straight_ahead:reached d=0.4 age=1 dtg=5.90 region=0_6
ep=1825 s=160 23084ms [sel=0 cap=22557 rest=490] sg=2->2 mode=NONE win=8 obs=161 | cap=wip act=TURN request=+45deg execute=+15deg x1 a=3 | preview=view-/6 yaw=+0 render=37ms dtg=5.90 region=0_6
ep=1825 s=161 6965ms [sel=0 cap=6836 rest=129] sg=2->2 mode=NONE win=8 obs=162 | cap=wip act=TURN request=+45deg execute=+15deg x1 a=3 dtg=5.90 region=0_6
ep=1825 s=162 9291ms [sel=0 cap=9161 rest=130] sg=2->2 mode=NONE win=8 obs=163 | cap=wip act=TURN request=+45deg execute=+15deg x1 a=3 dtg=5.90 region=0_6
ep=1825 s=163 7845ms [sel=0 cap=7712 rest=133] sg=2->2 mode=NONE win=8 obs=164 | cap=wip act=TURN request=+45deg execute=+15deg x1 a=3 dtg=5.90 region=0_6
ep=1825 s=164 8849ms [sel=0 cap=8711 rest=137] sg=2->2 mode=NONE win=8 obs=165 | cap=wip act=TURN request=+45deg execute=+15deg x1 a=3 dtg=5.90 region=0_6
ep=1825 s=165 7315ms [sel=0 cap=6766 rest=485] sg=2->2 mode=NONE win=8 obs=166 | cap=wip act=TURN request=+45deg execute=+15deg x1 a=3 | preview=view-/6 yaw=+0 render=64ms dtg=5.90 region=0_6
ep=1825 s=166 3076ms [sel=0 cap=2946 rest=130] sg=2->2 mode=NONE win=8 obs=167 | cap=wip act=TURN request=+45deg execute=+15deg x1 a=3 dtg=5.90 region=0_6
ep=1825 s=167 5047ms [sel=0 cap=4918 rest=129] sg=2->2 mode=NONE win=8 obs=168 | cap=wip act=TURN request=+45deg execute=+15deg x1 a=3 dtg=5.90 region=0_6
ep=1825 s=168 14402ms [sel=0 cap=13878 rest=461] sg=2->2 mode=NONE win=8 obs=169 | cap=wip act=TURN request=+45deg execute=+15deg x1 a=3 | preview=view-/6 yaw=+0 render=62ms dtg=5.90 region=0_6
ep=1825 s=169 9410ms [sel=0 cap=9281 rest=130] sg=2->2 mode=NONE win=8 obs=170 | cap=wip act=TURN request=+45deg execute=+15deg x1 a=3 dtg=5.90 region=0_6
ep=1825 s=170 8454ms [sel=776 cap=7544 rest=134] sg=2->2 mode=NONE win=8 obs=171 | cap=wip act=(322,471) d=0.99 a=1 | sp=straight_ahead:reached d=0.5 age=0 som=B/4 dtg=5.69 region=0_6
ep=1825 s=171 14439ms [sel=103 cap=13848 rest=450] sg=2->2 mode=NONE win=8 obs=172 | cap=wip act=TURN request=+45deg execute=+15deg x1 a=3 | preview=view-/6 yaw=+0 render=37ms | sp=straight_ahead:reached d=0.5 age=1 dtg=5.69 region=0_6
ep=1825 s=172 9944ms [sel=0 cap=9813 rest=131] sg=2->2 mode=NONE win=8 obs=173 | cap=wip act=TURN request=+45deg execute=+15deg x1 a=3 dtg=5.69 region=0_6
ep=1825 s=173 8481ms [sel=0 cap=8343 rest=137] sg=2->2 mode=NONE win=8 obs=174 | cap=wip act=TURN request=+45deg execute=+15deg x1 a=3 dtg=5.69 region=0_6
ep=1825 s=174 8453ms [sel=0 cap=7904 rest=509] sg=2->2 mode=NONE win=8 obs=175 | cap=wip act=TURN request=+45deg execute=+15deg x1 a=3 | preview=view-/6 yaw=+0 render=40ms dtg=5.69 region=0_6
ep=1825 s=175 8670ms [sel=0 cap=8539 rest=131] sg=2->2 mode=NONE win=8 obs=176 | cap=wip act=TURN request=+45deg execute=+15deg x1 a=3 dtg=5.69 region=0_6
ep=1825 s=176 3185ms [sel=0 cap=3051 rest=134] sg=2->2 mode=NONE win=8 obs=177 | cap=wip act=TURN request=+45deg execute=+15deg x1 a=3 dtg=5.69 region=0_6
ep=1825 s=177 5839ms [sel=0 cap=5258 rest=503] sg=2->2 mode=NONE win=8 obs=178 | cap=wip act=TURN request=+45deg execute=+15deg x1 a=3 | preview=view-/6 yaw=+0 render=79ms dtg=5.69 region=0_6
ep=1825 s=178 5095ms [sel=0 cap=4965 rest=130] sg=2->2 mode=NONE win=8 obs=179 | cap=wip act=TURN request=+45deg execute=+15deg x1 a=3 dtg=5.69 region=0_6
ep=1825 s=179 4921ms [sel=882 cap=3912 rest=127] sg=2->2 mode=NONE win=8 obs=180 | cap=wip act=TURN request=+45deg execute=+15deg x1 a=3 som=B/6 dtg=5.69 region=0_6
ep=1825 s=180 7097ms [sel=0 cap=6602 rest=457] sg=2->2 mode=NONE win=8 obs=181 | cap=wip act=TURN request=+45deg execute=+15deg x1 a=3 | preview=view-/6 yaw=+0 render=38ms dtg=5.69 region=0_6
ep=1825 s=181 7406ms [sel=1144 cap=6145 rest=116] sg=2->2 mode=NONE win=8 obs=182 | cap=wip act=TURN request=+45deg execute=+15deg x1 a=3 som=3/6 dtg=5.69 region=0_6
ep=1825 s=182 3959ms [sel=0 cap=3837 rest=122] sg=2->2 mode=NONE win=8 obs=183 | cap=wip act=TURN request=+45deg execute=+15deg x1 a=3 dtg=5.69 region=0_6
ep=1825 s=183 11891ms [sel=51 cap=11338 rest=465] sg=2->2 mode=NONE win=8 obs=184 | cap=wip act=(320,359) d=2.45 a=1 | preview=view-/6 yaw=+0 render=37ms dtg=5.90 region=0_6
ep=1825 s=184 7222ms [sel=895 cap=6204 rest=122] sg=2->2 mode=NONE win=8 obs=185 | cap=wip act=TURN request=-45deg execute=-15deg x1 a=2 som=3/6 dtg=5.90 region=0_6
ep=1825 s=185 6130ms [sel=0 cap=6011 rest=119] sg=2->2 mode=NONE win=8 obs=186 | cap=wip act=TURN request=-45deg execute=-15deg x1 a=2 dtg=5.90 region=0_6
ep=1825 s=186 10097ms [sel=0 cap=9592 rest=467] sg=2->2 mode=NONE win=8 obs=187 | cap=wip act=TURN request=-45deg execute=-15deg x1 a=2 | preview=view-/6 yaw=+0 render=38ms dtg=5.90 region=0_6
ep=1825 s=187 3694ms [sel=0 cap=3575 rest=118] sg=2->2 mode=NONE win=8 obs=188 | cap=wip act=TURN request=-45deg execute=-15deg x1 a=2 dtg=5.90 region=0_6
ep=1825 s=188 5684ms [sel=0 cap=5561 rest=123] sg=2->2 mode=NONE win=8 obs=189 | cap=wip act=TURN request=-45deg execute=-15deg x1 a=2 dtg=5.90 region=0_6
ep=1825 s=189 4299ms [sel=0 cap=4168 rest=132] sg=2->2 mode=NONE win=8 obs=190 | cap=wip act=TURN request=-45deg execute=-15deg x1 a=2 dtg=5.90 region=0_6
ep=1825 s=190 6905ms [sel=0 cap=6775 rest=130] sg=2->2 mode=NONE win=8 obs=191 | cap=wip act=TURN request=-45deg execute=-15deg x1 a=2 dtg=5.90 region=0_6
ep=1825 s=191 7496ms [sel=0 cap=7359 rest=137] sg=2->2 mode=NONE win=8 obs=192 | cap=wip act=TURN request=-45deg execute=-15deg x1 a=2 dtg=5.90 region=0_6
ep=1825 s=192 6122ms [sel=0 cap=5983 rest=139] sg=2->2 mode=NONE win=8 obs=193 | cap=wip act=TURN request=-45deg execute=-15deg x1 a=2 dtg=5.90 region=0_6
ep=1825 s=193 6436ms [sel=0 cap=5909 rest=489] sg=2->2 mode=NONE win=8 obs=194 | cap=wip act=TURN request=-45deg execute=-15deg x1 a=2 | preview=view-/6 yaw=+0 render=38ms dtg=5.90 region=0_6
ep=1825 s=194 4700ms [sel=0 cap=4555 rest=145] sg=2->2 mode=NONE win=8 obs=195 | cap=wip act=TURN request=-45deg execute=-15deg x1 a=2 dtg=5.90 region=0_6
ep=1825 s=195 4937ms [sel=0 cap=4800 rest=136] sg=2->2 mode=NONE win=8 obs=196 | cap=wip act=TURN request=-45deg execute=-15deg x1 a=2 dtg=5.90 region=0_6
ep=1825 s=196 12477ms [sel=46 cap=11916 rest=478] sg=2->2 mode=NONE win=8 obs=197 | cap=wip act=(322,471) d=0.99 a=1 | preview=view-/6 yaw=+0 render=37ms | sp=straight_ahead:reached d=0.5 age=0 dtg=5.69 region=0_6
ep=1825 s=197 5406ms [sel=1147 cap=4135 rest=125] sg=2->2 mode=NONE win=8 obs=198 | cap=wip act=TURN request=-45deg execute=-15deg x1 a=2 | sp=straight_ahead:reached d=0.5 age=1 som=B/4 dtg=5.69 region=0_6
ep=1825 s=198 4317ms [sel=0 cap=4193 rest=124] sg=2->2 mode=NONE win=8 obs=199 | cap=wip act=TURN request=-45deg execute=-15deg x1 a=2 dtg=5.69 region=0_6
ep=1825 s=199 10210ms [sel=0 cap=9734 rest=439] sg=2->2 mode=NONE win=8 obs=200 | cap=wip act=TURN request=-45deg execute=-15deg x1 a=2 | preview=view-/6 yaw=+0 render=36ms dtg=5.69 region=0_6
ep=1825 s=200 6086ms [sel=0 cap=5958 rest=127] sg=2->2 mode=NONE win=8 obs=201 | cap=wip act=TURN request=-45deg execute=-15deg x1 a=2 dtg=5.69 region=0_6
ep=1825 s=201 2683ms [sel=0 cap=2557 rest=126] sg=2->2 mode=NONE win=8 obs=202 | cap=wip act=TURN request=-45deg execute=-15deg x1 a=2 dtg=5.69 region=0_6
ep=1825 s=202 3823ms [sel=0 cap=3695 rest=127] sg=2->2 mode=NONE win=8 obs=203 | cap=wip act=TURN request=-45deg execute=-15deg x1 a=2 dtg=5.69 region=0_6
ep=1825 s=203 13704ms [sel=0 cap=13221 rest=446] sg=2->2 mode=NONE win=8 obs=204 | cap=wip act=TURN request=-45deg execute=-15deg x1 a=2 | preview=view-/6 yaw=+0 render=37ms dtg=5.69 region=0_6
ep=1825 s=204 7101ms [sel=0 cap=6970 rest=131] sg=2->2 mode=NONE win=8 obs=205 | cap=wip act=TURN request=-45deg execute=-15deg x1 a=2 dtg=5.69 region=0_6
ep=1825 s=205 9482ms [sel=0 cap=9326 rest=155] sg=2->2 mode=NONE win=8 obs=206 | cap=wip act=TURN request=-45deg execute=-15deg x1 a=2 dtg=5.69 region=0_6
ep=1825 s=206 12831ms [sel=0 cap=12320 rest=469] sg=2->2 mode=NONE win=8 obs=207 | cap=wip act=TURN request=-45deg execute=-15deg x1 a=2 | preview=view-/6 yaw=+0 render=42ms dtg=5.69 region=0_6
ep=1825 s=207 11769ms [sel=0 cap=11645 rest=124] sg=2->2 mode=NONE win=8 obs=208 | cap=wip act=TURN request=-45deg execute=-15deg x1 a=2 dtg=5.69 region=0_6
ep=1825 s=208 8046ms [sel=0 cap=7918 rest=129] sg=2->2 mode=NONE win=8 obs=209 | cap=wip act=TURN request=-45deg execute=-15deg x1 a=2 dtg=5.69 region=0_6
ep=1825 s=209 7902ms [sel=1551 cap=6225 rest=126] sg=2->2 mode=NONE win=8 obs=210 | cap=wip act=(320,359) d=2.45 a=1 som=3/6 dtg=5.90 region=0_6
ep=1825 s=210 7449ms [sel=832 cap=6495 rest=122] sg=2->2 mode=NONE win=8 obs=211 | cap=wip act=TURN request=-45deg execute=-15deg x1 a=2 som=3/6 dtg=5.90 region=0_6
ep=1825 s=211 7424ms [sel=0 cap=7304 rest=120] sg=2->2 mode=NONE win=8 obs=212 | cap=wip act=TURN request=-45deg execute=-15deg x1 a=2 dtg=5.90 region=0_6
ep=1825 s=212 6319ms [sel=0 cap=5809 rest=472] sg=2->2 mode=NONE win=8 obs=213 | cap=wip act=TURN request=-45deg execute=-15deg x1 a=2 | preview=view-/6 yaw=+0 render=38ms dtg=5.90 region=0_6
ep=1825 s=213 4694ms [sel=0 cap=4574 rest=120] sg=2->2 mode=NONE win=8 obs=214 | cap=wip act=TURN request=-45deg execute=-15deg x1 a=2 dtg=5.90 region=0_6
ep=1825 s=214 3402ms [sel=0 cap=3277 rest=126] sg=2->2 mode=NONE win=8 obs=215 | cap=wip act=TURN request=-45deg execute=-15deg x1 a=2 dtg=5.90 region=0_6
ep=1825 s=215 5990ms [sel=0 cap=5857 rest=133] sg=2->2 mode=NONE win=8 obs=216 | cap=wip act=TURN request=-45deg execute=-15deg x1 a=2 dtg=5.90 region=0_6
ep=1825 s=216 4032ms [sel=0 cap=3891 rest=141] sg=2->2 mode=NONE win=8 obs=217 | cap=wip act=TURN request=-45deg execute=-15deg x1 a=2 dtg=5.90 region=0_6
ep=1825 s=217 5002ms [sel=0 cap=4864 rest=138] sg=2->2 mode=NONE win=8 obs=218 | cap=wip act=TURN request=-45deg execute=-15deg x1 a=2 dtg=5.90 region=0_6
ep=1825 s=218 3397ms [sel=0 cap=3255 rest=142] sg=2->2 mode=NONE win=8 obs=219 | cap=wip act=TURN request=-45deg execute=-15deg x1 a=2 dtg=5.90 region=0_6
ep=1825 s=219 4716ms [sel=0 cap=4582 rest=134] sg=2->2 mode=NONE win=8 obs=220 | cap=wip act=TURN request=-45deg execute=-15deg x1 a=2 dtg=5.90 region=0_6
ep=1825 s=220 2278ms [sel=0 cap=2133 rest=145] sg=2->2 mode=NONE win=8 obs=221 | cap=wip act=TURN request=-45deg execute=-15deg x1 a=2 dtg=5.90 region=0_6
ep=1825 s=221 11139ms [sel=0 cap=10622 rest=480] sg=2->2 mode=NONE win=8 obs=222 | cap=wip act=TURN request=-45deg execute=-15deg x1 a=2 | preview=view-/6 yaw=+0 render=38ms dtg=5.90 region=0_6
ep=1825 s=222 8745ms [sel=3847 cap=4763 rest=136] sg=2->2 mode=NONE win=8 obs=223 | cap=wip act=(322,471) d=0.99 a=1 | sp=straight_ahead:reached d=0.5 age=0 som=B/4 dtg=5.69 region=0_6
ep=1825 s=223 7523ms [sel=1370 cap=6029 rest=125] sg=2->2 mode=NONE win=8 obs=224 | cap=wip act=TURN request=-45deg execute=-15deg x1 a=2 | sp=straight_ahead:reached d=0.5 age=1 som=B/4 dtg=5.69 region=0_6
ep=1825 s=224 4963ms [sel=0 cap=4837 rest=126] sg=2->2 mode=NONE win=8 obs=225 | cap=wip act=TURN request=-45deg execute=-15deg x1 a=2 dtg=5.69 region=0_6
ep=1825 s=225 5251ms [sel=0 cap=5125 rest=127] sg=2->2 mode=NONE win=8 obs=226 | cap=wip act=TURN request=-45deg execute=-15deg x1 a=2 dtg=5.69 region=0_6
ep=1825 s=226 9343ms [sel=0 cap=8860 rest=447] sg=2->2 mode=NONE win=8 obs=227 | cap=wip act=TURN request=-45deg execute=-15deg x1 a=2 | preview=view-/6 yaw=+0 render=37ms dtg=5.69 region=0_6
ep=1825 s=227 6260ms [sel=0 cap=6133 rest=127] sg=2->2 mode=NONE win=8 obs=228 | cap=wip act=TURN request=-45deg execute=-15deg x1 a=2 dtg=5.69 region=0_6
ep=1825 s=228 11595ms [sel=0 cap=11466 rest=129] sg=2->2 mode=NONE win=8 obs=229 | cap=wip act=TURN request=-45deg execute=-15deg x1 a=2 dtg=5.69 region=0_6
ep=1825 s=229 12713ms [sel=0 cap=12236 rest=437] sg=2->2 mode=NONE win=8 obs=230 | cap=wip act=TURN request=-45deg execute=-15deg x1 a=2 | preview=view-/6 yaw=+0 render=39ms dtg=5.69 region=0_6
ep=1825 s=230 9025ms [sel=0 cap=8896 rest=129] sg=2->2 mode=NONE win=8 obs=231 | cap=wip act=TURN request=-45deg execute=-15deg x1 a=2 dtg=5.69 region=0_6
ep=1825 s=231 10272ms [sel=0 cap=10145 rest=126] sg=2->2 mode=NONE win=8 obs=232 | cap=wip act=TURN request=-45deg execute=-15deg x1 a=2 dtg=5.69 region=0_6
ep=1825 s=232 10159ms [sel=0 cap=9645 rest=468] sg=2->2 mode=NONE win=8 obs=233 | cap=wip act=TURN request=-45deg execute=-15deg x1 a=2 | preview=view-/6 yaw=+0 render=46ms dtg=5.69 region=0_6
ep=1825 s=233 7885ms [sel=0 cap=7759 rest=126] sg=2->2 mode=NONE win=8 obs=234 | cap=wip act=TURN request=-45deg execute=-15deg x1 a=2 dtg=5.69 region=0_6
ep=1825 s=234 6357ms [sel=0 cap=6226 rest=131] sg=2->2 mode=NONE win=8 obs=235 | cap=wip act=TURN request=-45deg execute=-15deg x1 a=2 dtg=5.69 region=0_6
ep=1825 s=235 10749ms [sel=52 cap=10570 rest=128] sg=2->2 mode=NONE win=8 obs=236 | cap=wip act=(320,359) d=2.45 a=1 dtg=5.90 region=0_6
ep=1825 s=236 9506ms [sel=1353 cap=8029 rest=124] sg=2->2 mode=NONE win=8 obs=237 | cap=wip act=TURN request=-45deg execute=-15deg x1 a=2 som=3/6 dtg=5.90 region=0_6
ep=1825 s=237 4848ms [sel=0 cap=4730 rest=118] sg=2->2 mode=NONE win=8 obs=238 | cap=wip act=TURN request=-45deg execute=-15deg x1 a=2 dtg=5.90 region=0_6
ep=1825 s=238 7114ms [sel=0 cap=6996 rest=118] sg=2->2 mode=NONE win=8 obs=239 | cap=wip act=TURN request=-45deg execute=-15deg x1 a=2 dtg=5.90 region=0_6
ep=1825 s=239 4248ms [sel=0 cap=4127 rest=121] sg=2->2 mode=NONE win=8 obs=240 | cap=wip act=TURN request=-45deg execute=-15deg x1 a=2 dtg=5.90 region=0_6
ep=1825 s=240 10958ms [sel=0 cap=10444 rest=477] sg=2->2 mode=NONE win=8 obs=241 | cap=wip act=TURN request=-45deg execute=-15deg x1 a=2 | preview=view-/6 yaw=+0 render=37ms dtg=5.90 region=0_6
ep=1825 s=241 6064ms [sel=0 cap=5934 rest=129] sg=2->2 mode=NONE win=8 obs=242 | cap=wip act=TURN request=-45deg execute=-15deg x1 a=2 dtg=5.90 region=0_6
ep=1825 s=242 6819ms [sel=0 cap=6682 rest=138] sg=2->2 mode=NONE win=8 obs=243 | cap=wip act=TURN request=-45deg execute=-15deg x1 a=2 dtg=5.90 region=0_6
ep=1825 s=243 6031ms [sel=0 cap=5896 rest=136] sg=2->2 mode=NONE win=8 obs=244 | cap=wip act=TURN request=-45deg execute=-15deg x1 a=2 dtg=5.90 region=0_6
ep=1825 s=244 6616ms [sel=0 cap=6473 rest=142] sg=2->2 mode=NONE win=8 obs=245 | cap=wip act=TURN request=-45deg execute=-15deg x1 a=2 dtg=5.90 region=0_6
ep=1825 s=245 10035ms [sel=0 cap=9529 rest=469] sg=2->2 mode=NONE win=8 obs=246 | cap=wip act=TURN request=-45deg execute=-15deg x1 a=2 | preview=view-/6 yaw=+0 render=37ms dtg=5.90 region=0_6
ep=1825 s=246 4497ms [sel=0 cap=4353 rest=143] sg=2->2 mode=NONE win=8 obs=247 | cap=wip act=TURN request=-45deg execute=-15deg x1 a=2 dtg=5.90 region=0_6
ep=1825 s=247 6363ms [sel=0 cap=6224 rest=140] sg=2->2 mode=NONE win=8 obs=248 | cap=wip act=TURN request=-45deg execute=-15deg x1 a=2 dtg=5.90 region=0_6
ep=1825 s=248 11528ms [sel=50 cap=10970 rest=469] sg=2->2 mode=NONE win=8 obs=249 | cap=wip act=(322,471) d=0.99 a=1 | preview=view-/6 yaw=+0 render=39ms | sp=straight_ahead:reached d=0.5 age=0 dtg=5.69 region=0_6
ep=1825 s=249 5441ms [sel=785 cap=4531 rest=125] sg=2->2 mode=NONE win=8 obs=250 | cap=wip act=TURN request=-45deg execute=-15deg x1 a=2 | sp=straight_ahead:reached d=0.5 age=1 som=B/4 dtg=5.69 region=0_6
ep=1825 s=250 5093ms [sel=0 cap=4963 rest=130] sg=2->2 mode=NONE win=8 obs=251 | cap=wip act=TURN request=-45deg execute=-15deg x1 a=2 dtg=5.69 region=0_6
ep=1825 s=251 4717ms [sel=0 cap=4183 rest=467] sg=2->2 mode=NONE win=8 obs=252 | cap=wip act=TURN request=-45deg execute=-15deg x1 a=2 | preview=view-/6 yaw=+0 render=66ms dtg=5.69 region=0_6
ep=1825 s=252 6198ms [sel=0 cap=6069 rest=129] sg=2->2 mode=NONE win=8 obs=253 | cap=wip act=TURN request=-45deg execute=-15deg x1 a=2 dtg=5.69 region=0_6
ep=1825 s=253 3309ms [sel=0 cap=3183 rest=127] sg=2->2 mode=NONE win=8 obs=254 | cap=wip act=TURN request=-45deg execute=-15deg x1 a=2 dtg=5.69 region=0_6
ep=1825 s=254 8818ms [sel=0 cap=8346 rest=435] sg=2->2 mode=NONE win=8 obs=255 | cap=wip act=TURN request=-45deg execute=-15deg x1 a=2 | preview=view-/6 yaw=+0 render=37ms dtg=5.69 region=0_6
ep=1825 s=255 11413ms [sel=0 cap=11286 rest=126] sg=2->2 mode=NONE win=8 obs=256 | cap=wip act=TURN request=-45deg execute=-15deg x1 a=2 dtg=5.69 region=0_6
ep=1825 s=256 10777ms [sel=0 cap=10649 rest=128] sg=2->2 mode=NONE win=8 obs=257 | cap=wip act=TURN request=-45deg execute=-15deg x1 a=2 dtg=5.69 region=0_6
ep=1825 s=257 15770ms [sel=0 cap=15263 rest=470] sg=2->2 mode=NONE win=8 obs=258 | cap=wip act=TURN request=-45deg execute=-15deg x1 a=2 | preview=view-/6 yaw=+0 render=37ms dtg=5.69 region=0_6
ep=1825 s=258 4977ms [sel=0 cap=4851 rest=126] sg=2->2 mode=NONE win=8 obs=259 | cap=wip act=TURN request=-45deg execute=-15deg x1 a=2 dtg=5.69 region=0_6
ep=1825 s=259 16466ms [sel=0 cap=16330 rest=136] sg=2->2 mode=NONE win=8 obs=260 | cap=wip act=TURN request=-45deg execute=-15deg x1 a=2 dtg=5.69 region=0_6
ep=1825 s=260 8039ms [sel=0 cap=7536 rest=465] sg=2->2 mode=NONE win=8 obs=261 | cap=wip act=TURN request=-45deg execute=-15deg x1 a=2 | preview=view-/6 yaw=+0 render=38ms dtg=5.69 region=0_6
ep=1825 s=261 11339ms [sel=48 cap=11163 rest=127] sg=2->2 mode=NONE win=8 obs=262 | cap=wip act=(320,359) d=2.45 a=1 dtg=5.90 region=0_6
ep=1825 s=262 9718ms [sel=1177 cap=8420 rest=121] sg=2->2 mode=NONE win=8 obs=263 | cap=wip act=TURN request=-45deg execute=-15deg x1 a=2 som=3/6 dtg=5.90 region=0_6
ep=1825 s=263 9677ms [sel=0 cap=9166 rest=473] sg=2->2 mode=NONE win=8 obs=264 | cap=wip act=TURN request=-45deg execute=-15deg x1 a=2 | preview=view-/6 yaw=+0 render=38ms dtg=5.90 region=0_6
ep=1825 s=264 5670ms [sel=0 cap=5550 rest=120] sg=2->2 mode=NONE win=8 obs=265 | cap=wip act=TURN request=-45deg execute=-15deg x1 a=2 dtg=5.90 region=0_6
ep=1825 s=265 4118ms [sel=0 cap=3997 rest=121] sg=2->2 mode=NONE win=8 obs=266 | cap=wip act=TURN request=-45deg execute=-15deg x1 a=2 dtg=5.90 region=0_6
ep=1825 s=266 11246ms [sel=0 cap=10723 rest=485] sg=2->2 mode=NONE win=8 obs=267 | cap=wip act=TURN request=-45deg execute=-15deg x1 a=2 | preview=view-/6 yaw=+0 render=37ms dtg=5.90 region=0_6
ep=1825 s=267 5568ms [sel=0 cap=5437 rest=131] sg=2->2 mode=NONE win=8 obs=268 | cap=wip act=TURN request=-45deg execute=-15deg x1 a=2 dtg=5.90 region=0_6
ep=1825 s=268 5706ms [sel=0 cap=5575 rest=131] sg=2->2 mode=NONE win=8 obs=269 | cap=wip act=TURN request=-45deg execute=-15deg x1 a=2 dtg=5.90 region=0_6
ep=1825 s=269 12959ms [sel=0 cap=12423 rest=497] sg=2->2 mode=NONE win=8 obs=270 | cap=wip act=TURN request=-45deg execute=-15deg x1 a=2 | preview=view-/6 yaw=+0 render=38ms dtg=5.90 region=0_6
ep=1825 s=270 4116ms [sel=0 cap=3973 rest=143] sg=2->2 mode=NONE win=8 obs=271 | cap=wip act=TURN request=-45deg execute=-15deg x1 a=2 dtg=5.90 region=0_6
ep=1825 s=271 7706ms [sel=0 cap=7567 rest=139] sg=2->2 mode=NONE win=8 obs=272 | cap=wip act=TURN request=-45deg execute=-15deg x1 a=2 dtg=5.90 region=0_6
ep=1825 s=272 11477ms [sel=0 cap=10966 rest=473] sg=2->2 mode=NONE win=8 obs=273 | cap=wip act=TURN request=-45deg execute=-15deg x1 a=2 | preview=view-/6 yaw=+0 render=38ms dtg=5.90 region=0_6
ep=1825 s=273 5516ms [sel=0 cap=5378 rest=138] sg=2->2 mode=NONE win=8 obs=274 | cap=wip act=TURN request=-45deg execute=-15deg x1 a=2 dtg=5.90 region=0_6
ep=1825 s=274 6719ms [sel=1804 cap=4774 rest=141] sg=2->2 mode=NONE win=8 obs=275 | cap=wip act=(322,471) d=0.99 a=1 | sp=straight_ahead:reached d=0.5 age=0 som=B/4 dtg=5.69 region=0_6
ep=1825 s=275 7114ms [sel=2062 cap=4928 rest=124] sg=2->2 mode=NONE win=8 obs=276 | cap=wip act=TURN request=-45deg execute=-15deg x1 a=2 | sp=straight_ahead:reached d=0.5 age=1 som=B/4 dtg=5.69 region=0_6
ep=1825 s=276 5413ms [sel=0 cap=5288 rest=125] sg=2->2 mode=NONE win=8 obs=277 | cap=wip act=TURN request=-45deg execute=-15deg x1 a=2 dtg=5.69 region=0_6
ep=1825 s=277 3459ms [sel=0 cap=3329 rest=129] sg=2->2 mode=NONE win=8 obs=278 | cap=wip act=TURN request=-45deg execute=-15deg x1 a=2 dtg=5.69 region=0_6
ep=1825 s=278 9745ms [sel=0 cap=9271 rest=437] sg=2->2 mode=NONE win=8 obs=279 | cap=wip act=TURN request=-45deg execute=-15deg x1 a=2 | preview=view-/6 yaw=+0 render=37ms dtg=5.69 region=0_6
ep=1825 s=279 7503ms [sel=0 cap=7376 rest=127] sg=2->2 mode=NONE win=8 obs=280 | cap=wip act=TURN request=-45deg execute=-15deg x1 a=2 dtg=5.69 region=0_6
ep=1825 s=280 8485ms [sel=0 cap=8358 rest=128] sg=2->2 mode=NONE win=8 obs=281 | cap=wip act=TURN request=-45deg execute=-15deg x1 a=2 dtg=5.69 region=0_6
ep=1825 s=281 7551ms [sel=0 cap=7425 rest=126] sg=2->2 mode=NONE win=8 obs=282 | cap=wip act=TURN request=-45deg execute=-15deg x1 a=2 dtg=5.69 region=0_6
ep=1825 s=282 9956ms [sel=0 cap=9829 rest=127] sg=2->2 mode=NONE win=8 obs=283 | cap=wip act=TURN request=-45deg execute=-15deg x1 a=2 dtg=5.69 region=0_6
ep=1825 s=283 4025ms [sel=0 cap=3513 rest=474] sg=2->2 mode=NONE win=8 obs=284 | cap=wip act=TURN request=-45deg execute=-15deg x1 a=2 | preview=view-/6 yaw=+0 render=38ms dtg=5.69 region=0_6
ep=1825 s=284 10223ms [sel=0 cap=10096 rest=127] sg=2->2 mode=NONE win=8 obs=285 | cap=wip act=TURN request=-45deg execute=-15deg x1 a=2 dtg=5.69 region=0_6
ep=1825 s=285 8345ms [sel=0 cap=8221 rest=124] sg=2->2 mode=NONE win=8 obs=286 | cap=wip act=TURN request=-45deg execute=-15deg x1 a=2 dtg=5.69 region=0_6
ep=1825 s=286 13001ms [sel=0 cap=12504 rest=460] sg=2->2 mode=NONE win=8 obs=287 | cap=wip act=TURN request=-45deg execute=-15deg x1 a=2 | preview=view-/6 yaw=+0 render=37ms dtg=5.69 region=0_6
ep=1825 s=287 8023ms [sel=1036 cap=6859 rest=128] sg=2->2 mode=NONE win=8 obs=288 | cap=wip act=(320,359) d=2.45 a=1 som=3/6 dtg=5.90 region=0_6
ep=1825 s=288 7596ms [sel=1310 cap=6162 rest=123] sg=2->2 mode=NONE win=8 obs=289 | cap=wip act=TURN request=-45deg execute=-15deg x1 a=2 som=3/6 dtg=5.90 region=0_6
ep=1825 s=289 15815ms [sel=0 cap=15304 rest=472] sg=2->2 mode=NONE win=8 obs=290 | cap=wip act=TURN request=-45deg execute=-15deg x1 a=2 | preview=view-/6 yaw=+0 render=38ms dtg=5.90 region=0_6
ep=1825 s=290 10854ms [sel=0 cap=10735 rest=119] sg=2->2 mode=NONE win=8 obs=291 | cap=wip act=TURN request=-45deg execute=-15deg x1 a=2 dtg=5.90 region=0_6
ep=1825 s=291 5997ms [sel=0 cap=5866 rest=131] sg=2->2 mode=NONE win=8 obs=292 | cap=wip act=TURN request=-45deg execute=-15deg x1 a=2 dtg=5.90 region=0_6
ep=1825 s=292 10734ms [sel=0 cap=10208 rest=489] sg=2->2 mode=NONE win=8 obs=293 | cap=wip act=TURN request=-45deg execute=-15deg x1 a=2 | preview=view-/6 yaw=+0 render=38ms dtg=5.90 region=0_6
ep=1825 s=293 6043ms [sel=0 cap=5913 rest=131] sg=2->2 mode=NONE win=8 obs=294 | cap=wip act=TURN request=-45deg execute=-15deg x1 a=2 dtg=5.90 region=0_6
ep=1825 s=294 5704ms [sel=0 cap=5571 rest=132] sg=2->2 mode=NONE win=8 obs=295 | cap=wip act=TURN request=-45deg execute=-15deg x1 a=2 dtg=5.90 region=0_6
ep=1825 s=295 17609ms [sel=0 cap=17074 rest=497] sg=2->2 mode=NONE win=8 obs=296 | cap=wip act=TURN request=-45deg execute=-15deg x1 a=2 | preview=view-/6 yaw=+0 render=39ms dtg=5.90 region=0_6
ep=1825 s=296 4651ms [sel=0 cap=4508 rest=143] sg=2->2 mode=NONE win=8 obs=297 | cap=wip act=TURN request=-45deg execute=-15deg x1 a=2 dtg=5.90 region=0_6
ep=1825 s=297 5286ms [sel=0 cap=5150 rest=136] sg=2->2 mode=NONE win=8 obs=298 | cap=wip act=TURN request=-45deg execute=-15deg x1 a=2 dtg=5.90 region=0_6
ep=1825 s=298 9564ms [sel=0 cap=9052 rest=475] sg=2->2 mode=NONE win=8 obs=299 | cap=wip act=TURN request=-45deg execute=-15deg x1 a=2 | preview=view-/6 yaw=+0 render=37ms dtg=5.90 region=0_6
ep=1825 s=299 5643ms [sel=0 cap=5502 rest=140] sg=2->2 mode=NONE win=8 obs=300 | cap=wip act=TURN request=-45deg execute=-15deg x1 a=2 dtg=5.90 region=0_6
ep=1825 s=300 13000ms [sel=44 cap=12818 rest=138] sg=2->2 mode=NONE win=8 obs=301 | cap=wip act=(322,471) d=0.99 a=1 | sp=straight_ahead:reached d=0.5 age=0 dtg=5.69 region=0_6
ep=1825 s=301 6292ms [sel=2463 cap=3354 rest=437] sg=2->2 mode=NONE win=8 obs=302 | cap=wip act=TURN request=-45deg execute=-15deg x1 a=2 | preview=view-/6 yaw=+0 render=37ms | sp=straight_ahead:reached d=0.5 age=1 som=B/4 dtg=5.69 region=0_6
ep=1825 s=302 5579ms [sel=0 cap=5444 rest=135] sg=2->2 mode=NONE win=8 obs=303 | cap=wip act=TURN request=-45deg execute=-15deg x1 a=2 dtg=5.69 region=0_6
ep=1825 s=303 4024ms [sel=0 cap=3896 rest=128] sg=2->2 mode=NONE win=8 obs=304 | cap=wip act=TURN request=-45deg execute=-15deg x1 a=2 dtg=5.69 region=0_6
ep=1825 s=304 10786ms [sel=0 cap=10295 rest=453] sg=2->2 mode=NONE win=8 obs=305 | cap=wip act=TURN request=-45deg execute=-15deg x1 a=2 | preview=view-/6 yaw=+0 render=37ms dtg=5.69 region=0_6
ep=1825 s=305 4298ms [sel=0 cap=4170 rest=128] sg=2->2 mode=NONE win=8 obs=306 | cap=wip act=TURN request=-45deg execute=-15deg x1 a=2 dtg=5.69 region=0_6
ep=1825 s=306 4369ms [sel=0 cap=4237 rest=132] sg=2->2 mode=NONE win=8 obs=307 | cap=wip act=TURN request=-45deg execute=-15deg x1 a=2 dtg=5.69 region=0_6
ep=1825 s=307 9625ms [sel=0 cap=9146 rest=440] sg=2->2 mode=NONE win=8 obs=308 | cap=wip act=TURN request=-45deg execute=-15deg x1 a=2 | preview=view-/6 yaw=+0 render=39ms dtg=5.69 region=0_6
ep=1825 s=308 5583ms [sel=0 cap=5453 rest=130] sg=2->2 mode=NONE win=8 obs=309 | cap=wip act=TURN request=-45deg execute=-15deg x1 a=2 dtg=5.69 region=0_6
ep=1825 s=309 9840ms [sel=0 cap=9712 rest=128] sg=2->2 mode=NONE win=8 obs=310 | cap=wip act=TURN request=-45deg execute=-15deg x1 a=2 dtg=5.69 region=0_6
ep=1825 s=310 10264ms [sel=0 cap=9764 rest=464] sg=2->2 mode=NONE win=8 obs=311 | cap=wip act=TURN request=-45deg execute=-15deg x1 a=2 | preview=view-/6 yaw=+0 render=37ms dtg=5.69 region=0_6
ep=1825 s=311 5820ms [sel=0 cap=5692 rest=127] sg=2->2 mode=NONE win=8 obs=312 | cap=wip act=TURN request=-45deg execute=-15deg x1 a=2 dtg=5.69 region=0_6
ep=1825 s=312 7492ms [sel=0 cap=7358 rest=133] sg=2->2 mode=NONE win=8 obs=313 | cap=wip act=TURN request=-45deg execute=-15deg x1 a=2 dtg=5.69 region=0_6
ep=1825 s=313 11461ms [sel=51 cap=10907 rest=465] sg=2->2 mode=NONE win=8 obs=314 | cap=wip act=(320,359) d=2.45 a=1 | preview=view-/6 yaw=+0 render=37ms dtg=5.90 region=0_6
ep=1825 s=314 9564ms [sel=932 cap=8507 rest=125] sg=2->2 mode=NONE win=8 obs=315 | cap=wip act=TURN request=-45deg execute=-15deg x1 a=2 som=3/6 dtg=5.90 region=0_6
ep=1825 s=315 4730ms [sel=0 cap=4610 rest=120] sg=2->2 mode=NONE win=8 obs=316 | cap=wip act=TURN request=-45deg execute=-15deg x1 a=2 dtg=5.90 region=0_6
ep=1825 s=316 5369ms [sel=0 cap=4859 rest=471] sg=2->2 mode=NONE win=8 obs=317 | cap=wip act=TURN request=-45deg execute=-15deg x1 a=2 | preview=view-/6 yaw=+0 render=38ms dtg=5.90 region=0_6
ep=1825 s=317 2954ms [sel=0 cap=2831 rest=123] sg=2->2 mode=NONE win=8 obs=318 | cap=wip act=TURN request=-45deg execute=-15deg x1 a=2 dtg=5.90 region=0_6
ep=1825 s=318 2580ms [sel=0 cap=2451 rest=129] sg=2->2 mode=NONE win=8 obs=319 | cap=wip act=TURN request=-45deg execute=-15deg x1 a=2 dtg=5.90 region=0_6
ep=1825 s=319 9828ms [sel=0 cap=9311 rest=479] sg=2->2 mode=NONE win=8 obs=320 | cap=wip act=TURN request=-45deg execute=-15deg x1 a=2 | preview=view-/6 yaw=+0 render=38ms dtg=5.90 region=0_6
ep=1825 s=320 3338ms [sel=0 cap=3205 rest=133] sg=2->2 mode=NONE win=8 obs=321 | cap=wip act=TURN request=-45deg execute=-15deg x1 a=2 dtg=5.90 region=0_6
ep=1825 s=321 4643ms [sel=0 cap=4503 rest=140] sg=2->2 mode=NONE win=8 obs=322 | cap=wip act=TURN request=-45deg execute=-15deg x1 a=2 dtg=5.90 region=0_6
ep=1825 s=322 3277ms [sel=0 cap=3133 rest=144] sg=2->2 mode=NONE win=8 obs=323 | cap=wip act=TURN request=-45deg execute=-15deg x1 a=2 dtg=5.90 region=0_6
ep=1825 s=323 10210ms [sel=0 cap=9693 rest=480] sg=2->2 mode=NONE win=8 obs=324 | cap=wip act=TURN request=-45deg execute=-15deg x1 a=2 | preview=view-/6 yaw=+0 render=38ms dtg=5.90 region=0_6
ep=1825 s=324 5404ms [sel=0 cap=5255 rest=149] sg=2->2 mode=NONE win=8 obs=325 | cap=wip act=TURN request=-45deg execute=-15deg x1 a=2 dtg=5.90 region=0_6
ep=1825 s=325 3184ms [sel=0 cap=3043 rest=142] sg=2->2 mode=NONE win=8 obs=326 | cap=wip act=TURN request=-45deg execute=-15deg x1 a=2 dtg=5.90 region=0_6
ep=1825 s=326 14469ms [sel=45 cap=13914 rest=473] sg=2->2 mode=NONE win=8 obs=327 | cap=wip act=(322,471) d=0.99 a=1 | preview=view-/6 yaw=+0 render=38ms | sp=straight_ahead:reached d=0.5 age=0 dtg=5.69 region=0_6
ep=1825 s=327 6623ms [sel=1205 cap=5289 rest=129] sg=2->2 mode=NONE win=8 obs=328 | cap=wip act=TURN request=-45deg execute=-15deg x1 a=2 | sp=straight_ahead:reached d=0.5 age=1 som=B/4 dtg=5.69 region=0_6
ep=1825 s=328 4906ms [sel=0 cap=4777 rest=129] sg=2->2 mode=NONE win=8 obs=329 | cap=wip act=TURN request=-45deg execute=-15deg x1 a=2 dtg=5.69 region=0_6
ep=1825 s=329 5075ms [sel=0 cap=4943 rest=132] sg=2->2 mode=NONE win=8 obs=330 | cap=wip act=TURN request=-45deg execute=-15deg x1 a=2 dtg=5.69 region=0_6
ep=1825 s=330 3522ms [sel=0 cap=3390 rest=133] sg=2->2 mode=NONE win=8 obs=331 | cap=wip act=TURN request=-45deg execute=-15deg x1 a=2 dtg=5.69 region=0_6
ep=1825 s=331 13905ms [sel=0 cap=13426 rest=442] sg=2->2 mode=NONE win=8 obs=332 | cap=wip act=TURN request=-45deg execute=-15deg x1 a=2 | preview=view-/6 yaw=+0 render=37ms dtg=5.69 region=0_6
ep=1825 s=332 5351ms [sel=0 cap=5220 rest=131] sg=2->2 mode=NONE win=8 obs=333 | cap=wip act=TURN request=-45deg execute=-15deg x1 a=2 dtg=5.69 region=0_6
ep=1825 s=333 4021ms [sel=0 cap=3892 rest=129] sg=2->2 mode=NONE win=8 obs=334 | cap=wip act=TURN request=-45deg execute=-15deg x1 a=2 dtg=5.69 region=0_6
ep=1825 s=334 9270ms [sel=0 cap=8776 rest=455] sg=2->2 mode=NONE win=8 obs=335 | cap=wip act=TURN request=-45deg execute=-15deg x1 a=2 | preview=view-/6 yaw=+0 render=39ms dtg=5.69 region=0_6
ep=1825 s=335 8442ms [sel=0 cap=8314 rest=127] sg=2->2 mode=NONE win=8 obs=336 | cap=wip act=TURN request=-45deg execute=-15deg x1 a=2 dtg=5.69 region=0_6
ep=1825 s=336 4855ms [sel=0 cap=4730 rest=125] sg=2->2 mode=NONE win=8 obs=337 | cap=wip act=TURN request=-45deg execute=-15deg x1 a=2 dtg=5.69 region=0_6
ep=1825 s=337 8937ms [sel=0 cap=8442 rest=458] sg=2->2 mode=NONE win=8 obs=338 | cap=wip act=TURN request=-45deg execute=-15deg x1 a=2 | preview=view-/6 yaw=+0 render=37ms dtg=5.69 region=0_6
ep=1825 s=338 6117ms [sel=0 cap=5986 rest=131] sg=2->2 mode=NONE win=8 obs=339 | cap=wip act=TURN request=-45deg execute=-15deg x1 a=2 dtg=5.69 region=0_6
ep=1825 s=339 5670ms [sel=1152 cap=4389 rest=129] sg=2->2 mode=NONE win=8 obs=340 | cap=wip act=(320,359) d=2.45 a=1 som=3/6 dtg=5.90 region=0_6
ep=1825 s=340 7065ms [sel=730 cap=5818 rest=480] sg=2->2 mode=NONE win=8 obs=341 | cap=wip act=TURN request=-45deg execute=-15deg x1 a=2 | preview=view-/6 yaw=+0 render=37ms som=3/6 dtg=5.90 region=0_6
ep=1825 s=341 9818ms [sel=0 cap=9699 rest=119] sg=2->2 mode=NONE win=8 obs=342 | cap=wip act=TURN request=-45deg execute=-15deg x1 a=2 dtg=5.90 region=0_6
ep=1825 s=342 3684ms [sel=0 cap=3565 rest=120] sg=2->2 mode=NONE win=8 obs=343 | cap=wip act=TURN request=-45deg execute=-15deg x1 a=2 dtg=5.90 region=0_6
ep=1825 s=343 8488ms [sel=0 cap=7968 rest=484] sg=2->2 mode=NONE win=8 obs=344 | cap=wip act=TURN request=-45deg execute=-15deg x1 a=2 | preview=view-/6 yaw=+0 render=36ms dtg=5.90 region=0_6
ep=1825 s=344 2753ms [sel=0 cap=2625 rest=127] sg=2->2 mode=NONE win=8 obs=345 | cap=wip act=TURN request=-45deg execute=-15deg x1 a=2 dtg=5.90 region=0_6
ep=1825 s=345 5086ms [sel=0 cap=4954 rest=132] sg=2->2 mode=NONE win=8 obs=346 | cap=wip act=TURN request=-45deg execute=-15deg x1 a=2 dtg=5.90 region=0_6
ep=1825 s=346 2710ms [sel=0 cap=2578 rest=132] sg=2->2 mode=NONE win=8 obs=347 | cap=wip act=TURN request=-45deg execute=-15deg x1 a=2 dtg=5.90 region=0_6
ep=1825 s=347 3234ms [sel=0 cap=3093 rest=141] sg=2->2 mode=NONE win=8 obs=348 | cap=wip act=TURN request=-45deg execute=-15deg x1 a=2 dtg=5.90 region=0_6
ep=1825 s=348 3277ms [sel=0 cap=3135 rest=142] sg=2->2 mode=NONE win=8 obs=349 | cap=wip act=TURN request=-45deg execute=-15deg x1 a=2 dtg=5.90 region=0_6
ep=1825 s=349 3968ms [sel=0 cap=3831 rest=137] sg=2->2 mode=NONE win=8 obs=350 | cap=wip act=TURN request=-45deg execute=-15deg x1 a=2 dtg=5.90 region=0_6
ep=1825 s=350 9350ms [sel=0 cap=8843 rest=469] sg=2->2 mode=NONE win=8 obs=351 | cap=wip act=TURN request=-45deg execute=-15deg x1 a=2 | preview=view-/6 yaw=+0 render=38ms dtg=5.90 region=0_6
ep=1825 s=351 5984ms [sel=0 cap=5844 rest=139] sg=2->2 mode=NONE win=8 obs=352 | cap=wip act=TURN request=-45deg execute=-15deg x1 a=2 dtg=5.90 region=0_6
ep=1825 s=352 5414ms [sel=1650 cap=3627 rest=137] sg=2->2 mode=NONE win=8 obs=353 | cap=wip act=(322,471) d=0.99 a=1 | sp=straight_ahead:reached d=0.5 age=0 som=B/4 dtg=5.69 region=0_6
ep=1825 s=353 4746ms [sel=1538 cap=3080 rest=128] sg=2->2 mode=NONE win=8 obs=354 | cap=wip act=TURN request=-45deg execute=-15deg x1 a=2 | sp=straight_ahead:reached d=0.5 age=1 som=B/4 dtg=5.69 region=0_6
ep=1825 s=354 3383ms [sel=0 cap=3252 rest=132] sg=2->2 mode=NONE win=8 obs=355 | cap=wip act=TURN request=-45deg execute=-15deg x1 a=2 dtg=5.69 region=0_6
ep=1825 s=355 4872ms [sel=0 cap=4743 rest=129] sg=2->2 mode=NONE win=8 obs=356 | cap=wip act=TURN request=-45deg execute=-15deg x1 a=2 dtg=5.69 region=0_6
ep=1825 s=356 8047ms [sel=0 cap=7570 rest=439] sg=2->2 mode=NONE win=8 obs=357 | cap=wip act=TURN request=-45deg execute=-15deg x1 a=2 | preview=view-/6 yaw=+0 render=37ms dtg=5.69 region=0_6
ep=1825 s=357 4070ms [sel=0 cap=3940 rest=130] sg=2->2 mode=NONE win=8 obs=358 | cap=wip act=TURN request=-45deg execute=-15deg x1 a=2 dtg=5.69 region=0_6
ep=1825 s=358 4563ms [sel=0 cap=4434 rest=129] sg=2->2 mode=NONE win=8 obs=359 | cap=wip act=TURN request=-45deg execute=-15deg x1 a=2 dtg=5.69 region=0_6
ep=1825 s=359 9389ms [sel=0 cap=8905 rest=448] sg=2->2 mode=NONE win=8 obs=360 | cap=wip act=TURN request=-45deg execute=-15deg x1 a=2 | preview=view-/6 yaw=+0 render=36ms dtg=5.69 region=0_6
ep=1825 s=360 4332ms [sel=0 cap=4201 rest=131] sg=2->2 mode=NONE win=8 obs=361 | cap=wip act=TURN request=-45deg execute=-15deg x1 a=2 dtg=5.69 region=0_6
ep=1825 s=361 2532ms [sel=0 cap=2402 rest=130] sg=2->2 mode=NONE win=8 obs=362 | cap=wip act=TURN request=-45deg execute=-15deg x1 a=2 dtg=5.69 region=0_6
ep=1825 s=362 11863ms [sel=0 cap=11367 rest=459] sg=2->2 mode=NONE win=8 obs=363 | cap=wip act=TURN request=-45deg execute=-15deg x1 a=2 | preview=view-/6 yaw=+0 render=37ms dtg=5.69 region=0_6
ep=1825 s=363 5915ms [sel=0 cap=5781 rest=133] sg=2->2 mode=NONE win=8 obs=364 | cap=wip act=TURN request=-45deg execute=-15deg x1 a=2 dtg=5.69 region=0_6
ep=1825 s=364 10519ms [sel=0 cap=10366 rest=152] sg=2->2 mode=NONE win=8 obs=365 | cap=wip act=TURN request=-45deg execute=-15deg x1 a=2 dtg=5.69 region=0_6
ep=1825 s=365 11042ms [sel=1540 cap=8965 rest=471] sg=2->2 mode=NONE win=8 obs=366 | cap=wip act=(320,359) d=2.45 a=1 | preview=view-/6 yaw=+0 render=67ms som=3/6 dtg=5.90 region=0_6
ep=1825 s=366 6745ms [sel=909 cap=5710 rest=126] sg=2->2 mode=NONE win=8 obs=367 | cap=wip act=TURN request=-45deg execute=-15deg x1 a=2 som=3/6 dtg=5.90 region=0_6
ep=1825 s=367 6713ms [sel=0 cap=6591 rest=122] sg=2->2 mode=NONE win=8 obs=368 | cap=wip act=TURN request=-45deg execute=-15deg x1 a=2 dtg=5.90 region=0_6
ep=1825 s=368 3297ms [sel=0 cap=3171 rest=125] sg=2->2 mode=NONE win=8 obs=369 | cap=wip act=TURN request=-45deg execute=-15deg x1 a=2 dtg=5.90 region=0_6
ep=1825 s=369 2407ms [sel=0 cap=2280 rest=127] sg=2->2 mode=NONE win=8 obs=370 | cap=wip act=TURN request=-45deg execute=-15deg x1 a=2 dtg=5.90 region=0_6
ep=1825 s=370 2674ms [sel=0 cap=2545 rest=129] sg=2->2 mode=NONE win=8 obs=371 | cap=wip act=TURN request=-45deg execute=-15deg x1 a=2 dtg=5.90 region=0_6
ep=1825 s=371 1854ms [sel=0 cap=1721 rest=133] sg=2->2 mode=NONE win=8 obs=372 | cap=wip act=TURN request=-45deg execute=-15deg x1 a=2 dtg=5.90 region=0_6
ep=1825 s=372 8230ms [sel=0 cap=7647 rest=541] sg=2->2 mode=NONE win=8 obs=373 | cap=wip act=TURN request=-45deg execute=-15deg x1 a=2 | preview=view-/6 yaw=+0 render=42ms dtg=5.90 region=0_6
ep=1825 s=373 3609ms [sel=0 cap=3470 rest=139] sg=2->2 mode=NONE win=8 obs=374 | cap=wip act=TURN request=-45deg execute=-15deg x1 a=2 dtg=5.90 region=0_6
ep=1825 s=374 3699ms [sel=0 cap=3556 rest=143] sg=2->2 mode=NONE win=8 obs=375 | cap=wip act=TURN request=-45deg execute=-15deg x1 a=2 dtg=5.90 region=0_6
ep=1825 s=375 5552ms [sel=0 cap=5017 rest=499] sg=2->2 mode=NONE win=8 obs=376 | cap=wip act=TURN request=-45deg execute=-15deg x1 a=2 | preview=view-/6 yaw=+0 render=36ms dtg=5.90 region=0_6
ep=1825 s=376 2866ms [sel=0 cap=2717 rest=149] sg=2->2 mode=NONE win=8 obs=377 | cap=wip act=TURN request=-45deg execute=-15deg x1 a=2 dtg=5.90 region=0_6
ep=1825 s=377 3609ms [sel=0 cap=3468 rest=141] sg=2->2 mode=NONE win=8 obs=378 | cap=wip act=TURN request=-45deg execute=-15deg x1 a=2 dtg=5.90 region=0_6
ep=1825 s=378 10368ms [sel=1035 cap=8823 rest=474] sg=2->2 mode=NONE win=8 obs=379 | cap=wip act=(322,471) d=0.99 a=1 | preview=view-/6 yaw=+0 render=37ms | sp=straight_ahead:reached d=0.5 age=0 som=B/4 dtg=5.69 region=0_6
ep=1825 s=379 5252ms [sel=902 cap=4219 rest=130] sg=2->2 mode=NONE win=8 obs=380 | cap=wip act=TURN request=-45deg execute=-15deg x1 a=2 | sp=straight_ahead:reached d=0.5 age=1 som=B/4 dtg=5.69 region=0_6
ep=1825 s=380 4997ms [sel=0 cap=4866 rest=131] sg=2->2 mode=NONE win=8 obs=381 | cap=wip act=TURN request=-45deg execute=-15deg x1 a=2 dtg=5.69 region=0_6
ep=1825 s=381 3465ms [sel=0 cap=3334 rest=131] sg=2->2 mode=NONE win=8 obs=382 | cap=wip act=TURN request=-45deg execute=-15deg x1 a=2 dtg=5.69 region=0_6
ep=1825 s=382 3441ms [sel=0 cap=3308 rest=133] sg=2->2 mode=NONE win=8 obs=383 | cap=wip act=TURN request=-45deg execute=-15deg x1 a=2 dtg=5.69 region=0_6
ep=1825 s=383 6307ms [sel=0 cap=5829 rest=441] sg=2->2 mode=NONE win=8 obs=384 | cap=wip act=TURN request=-45deg execute=-15deg x1 a=2 | preview=view-/6 yaw=+0 render=37ms dtg=5.69 region=0_6
ep=1825 s=384 3260ms [sel=0 cap=3128 rest=131] sg=2->2 mode=NONE win=8 obs=385 | cap=wip act=TURN request=-45deg execute=-15deg x1 a=2 dtg=5.69 region=0_6
ep=1825 s=385 3517ms [sel=0 cap=3387 rest=130] sg=2->2 mode=NONE win=8 obs=386 | cap=wip act=TURN request=-45deg execute=-15deg x1 a=2 dtg=5.69 region=0_6
ep=1825 s=386 2975ms [sel=0 cap=2760 rest=215] sg=2->2 mode=NONE win=8 obs=387 | cap=wip act=TURN request=-45deg execute=-15deg x1 a=2 dtg=5.69 region=0_6
ep=1825 s=387 6971ms [sel=0 cap=6461 rest=470] sg=2->2 mode=NONE win=8 obs=388 | cap=wip act=TURN request=-45deg execute=-15deg x1 a=2 | preview=view-/6 yaw=+0 render=40ms dtg=5.69 region=0_6
ep=1825 s=388 3862ms [sel=0 cap=3738 rest=124] sg=2->2 mode=NONE win=8 obs=389 | cap=wip act=TURN request=-45deg execute=-15deg x1 a=2 dtg=5.69 region=0_6
ep=1825 s=389 3878ms [sel=0 cap=3749 rest=129] sg=2->2 mode=NONE win=8 obs=390 | cap=wip act=TURN request=-45deg execute=-15deg x1 a=2 dtg=5.69 region=0_6
ep=1825 s=390 4249ms [sel=0 cap=3744 rest=468] sg=2->2 mode=NONE win=8 obs=391 | cap=wip act=TURN request=-45deg execute=-15deg x1 a=2 | preview=view-/6 yaw=+0 render=37ms dtg=5.69 region=0_6
ep=1825 s=391 6681ms [sel=771 cap=5774 rest=135] sg=2->2 mode=NONE win=8 obs=392 | cap=wip act=(320,359) d=2.45 a=1 som=3/6 dtg=5.90 region=0_6
ep=1825 s=392 4634ms [sel=1442 cap=3059 rest=133] sg=2->2 mode=NONE win=8 obs=393 | cap=wip act=TURN request=-45deg execute=-15deg x1 a=2 som=3/6 dtg=5.90 region=0_6
ep=1825 s=393 4504ms [sel=0 cap=3968 rest=498] sg=2->2 mode=NONE win=8 obs=394 | cap=wip act=TURN request=-45deg execute=-15deg x1 a=2 | preview=view-/6 yaw=+0 render=38ms dtg=5.90 region=0_6
ep=1825 s=394 2347ms [sel=0 cap=2221 rest=126] sg=2->2 mode=NONE win=8 obs=395 | cap=wip act=TURN request=-45deg execute=-15deg x1 a=2 dtg=5.90 region=0_6
ep=1825 s=395 2225ms [sel=0 cap=2102 rest=124] sg=2->2 mode=NONE win=8 obs=396 | cap=wip act=TURN request=-45deg execute=-15deg x1 a=2 dtg=5.90 region=0_6
ep=1825 s=396 1943ms [sel=0 cap=1813 rest=130] sg=2->2 mode=NONE win=8 obs=397 | cap=wip act=TURN request=-45deg execute=-15deg x1 a=2 dtg=5.90 region=0_6
ep=1825 s=397 1951ms [sel=0 cap=1818 rest=133] sg=2->2 mode=NONE win=8 obs=398 | cap=wip act=TURN request=-45deg execute=-15deg x1 a=2 dtg=5.90 region=0_6
ep=1825 s=398 2465ms [sel=0 cap=2331 rest=134] sg=2->2 mode=NONE win=8 obs=399 | cap=wip act=TURN request=-45deg execute=-15deg x1 a=2 dtg=5.90 region=0_6
ep=1825 s=399 6010ms [sel=0 cap=5869 rest=141] sg=2->2 mode=NONE win=8 obs=400 | cap=wip act=TURN request=-45deg execute=-15deg x1 a=2 dtg=5.90 region=0_6
ep=1825 s=400 3234ms [sel=0 cap=2711 rest=486] sg=2->2 mode=NONE win=8 obs=401 | cap=wip act=TURN request=-45deg execute=-15deg x1 a=2 | preview=view-/6 yaw=+0 render=36ms dtg=5.90 region=0_6
ep=1825 s=401 2468ms [sel=0 cap=2332 rest=136] sg=2->2 mode=NONE win=8 obs=402 | cap=wip act=TURN request=-45deg execute=-15deg x1 a=2 dtg=5.90 region=0_6
ep=1825 s=402 2412ms [sel=0 cap=2266 rest=146] sg=2->2 mode=NONE win=8 obs=403 | cap=wip act=TURN request=-45deg execute=-15deg x1 a=2 dtg=5.90 region=0_6
ep=1825 s=403 8045ms [sel=0 cap=7543 rest=465] sg=2->2 mode=NONE win=8 obs=404 | cap=wip act=TURN request=-45deg execute=-15deg x1 a=2 | preview=view-/6 yaw=+0 render=36ms dtg=5.90 region=0_6
ep=1825 s=404 4537ms [sel=738 cap=3661 rest=139] sg=2->2 mode=NONE win=8 obs=405 | cap=wip act=(322,471) d=0.99 a=1 | sp=straight_ahead:reached d=0.5 age=0 som=B/4 dtg=5.69 region=0_6
ep=1825 s=405 5254ms [sel=698 cap=4427 rest=129] sg=2->2 mode=NONE win=8 obs=406 | cap=wip act=TURN request=-45deg execute=-15deg x1 a=2 | sp=straight_ahead:reached d=0.5 age=1 som=B/4 dtg=5.69 region=0_6
ep=1825 s=406 5151ms [sel=0 cap=5020 rest=130] sg=2->2 mode=NONE win=8 obs=407 | cap=wip act=TURN request=-45deg execute=-15deg x1 a=2 dtg=5.69 region=0_6
ep=1825 s=407 4305ms [sel=0 cap=4177 rest=128] sg=2->2 mode=NONE win=8 obs=408 | cap=wip act=TURN request=-45deg execute=-15deg x1 a=2 dtg=5.69 region=0_6
ep=1825 s=408 1717ms [sel=0 cap=1583 rest=134] sg=2->2 mode=NONE win=8 obs=409 | cap=wip act=TURN request=-45deg execute=-15deg x1 a=2 dtg=5.69 region=0_6
ep=1825 s=409 9123ms [sel=0 cap=8653 rest=433] sg=2->2 mode=NONE win=8 obs=410 | cap=wip act=TURN request=-45deg execute=-15deg x1 a=2 | preview=view-/6 yaw=+0 render=37ms dtg=5.69 region=0_6
ep=1825 s=410 4362ms [sel=0 cap=4232 rest=130] sg=2->2 mode=NONE win=8 obs=411 | cap=wip act=TURN request=-45deg execute=-15deg x1 a=2 dtg=5.69 region=0_6
ep=1825 s=411 4319ms [sel=0 cap=4190 rest=129] sg=2->2 mode=NONE win=8 obs=412 | cap=wip act=TURN request=-45deg execute=-15deg x1 a=2 dtg=5.69 region=0_6
ep=1825 s=412 3542ms [sel=0 cap=3408 rest=133] sg=2->2 mode=NONE win=8 obs=413 | cap=wip act=TURN request=-45deg execute=-15deg x1 a=2 dtg=5.69 region=0_6
ep=1825 s=413 10062ms [sel=0 cap=9564 rest=461] sg=2->2 mode=NONE win=8 obs=414 | cap=wip act=TURN request=-45deg execute=-15deg x1 a=2 | preview=view-/6 yaw=+0 render=36ms dtg=5.69 region=0_6
ep=1825 s=414 5099ms [sel=0 cap=4973 rest=126] sg=2->2 mode=NONE win=8 obs=415 | cap=wip act=TURN request=-45deg execute=-15deg x1 a=2 dtg=5.69 region=0_6
ep=1825 s=415 7596ms [sel=0 cap=7467 rest=129] sg=2->2 mode=NONE win=8 obs=416 | cap=wip act=TURN request=-45deg execute=-15deg x1 a=2 dtg=5.69 region=0_6
ep=1825 s=416 7470ms [sel=0 cap=6969 rest=464] sg=2->2 mode=NONE win=8 obs=417 | cap=wip act=TURN request=-45deg execute=-15deg x1 a=2 | preview=view-/6 yaw=+0 render=37ms dtg=5.69 region=0_6
ep=1825 s=417 4195ms [sel=717 cap=3347 rest=131] sg=2->2 mode=NONE win=8 obs=418 | cap=wip act=(320,359) d=2.45 a=1 som=3/6 dtg=5.90 region=0_6
ep=1825 s=418 5209ms [sel=699 cap=4382 rest=128] sg=2->2 mode=NONE win=8 obs=419 | cap=wip act=TURN request=-45deg execute=-15deg x1 a=2 som=3/6 dtg=5.90 region=0_6
ep=1825 s=419 4474ms [sel=0 cap=4354 rest=121] sg=2->2 mode=NONE win=8 obs=420 | cap=wip act=TURN request=-45deg execute=-15deg x1 a=2 dtg=5.90 region=0_6
ep=1825 s=420 2752ms [sel=0 cap=2631 rest=121] sg=2->2 mode=NONE win=8 obs=421 | cap=wip act=TURN request=-45deg execute=-15deg x1 a=2 dtg=5.90 region=0_6
ep=1825 s=421 10843ms [sel=0 cap=10317 rest=490] sg=2->2 mode=NONE win=8 obs=422 | cap=wip act=TURN request=-45deg execute=-15deg x1 a=2 | preview=view-/6 yaw=+0 render=36ms dtg=5.90 region=0_6
ep=1825 s=422 6399ms [sel=0 cap=6267 rest=131] sg=2->2 mode=NONE win=8 obs=423 | cap=wip act=TURN request=-45deg execute=-15deg x1 a=2 dtg=5.90 region=0_6
ep=1825 s=423 3540ms [sel=0 cap=3407 rest=133] sg=2->2 mode=NONE win=8 obs=424 | cap=wip act=TURN request=-45deg execute=-15deg x1 a=2 dtg=5.90 region=0_6
ep=1825 s=424 2142ms [sel=0 cap=2007 rest=134] sg=2->2 mode=NONE win=8 obs=425 | cap=wip act=TURN request=-45deg execute=-15deg x1 a=2 dtg=5.90 region=0_6
ep=1825 s=425 7696ms [sel=0 cap=7180 rest=478] sg=2->2 mode=NONE win=8 obs=426 | cap=wip act=TURN request=-45deg execute=-15deg x1 a=2 | preview=view-/6 yaw=+0 render=37ms dtg=5.90 region=0_6
ep=1825 s=426 2375ms [sel=0 cap=2227 rest=148] sg=2->2 mode=NONE win=8 obs=427 | cap=wip act=TURN request=-45deg execute=-15deg x1 a=2 dtg=5.90 region=0_6
ep=1825 s=427 3939ms [sel=0 cap=3800 rest=139] sg=2->2 mode=NONE win=8 obs=428 | cap=wip act=TURN request=-45deg execute=-15deg x1 a=2 dtg=5.90 region=0_6
ep=1825 s=428 8222ms [sel=0 cap=7699 rest=485] sg=2->2 mode=NONE win=8 obs=429 | cap=wip act=TURN request=-45deg execute=-15deg x1 a=2 | preview=view-/6 yaw=+0 render=37ms dtg=5.90 region=0_6
ep=1825 s=429 3853ms [sel=0 cap=3712 rest=141] sg=2->2 mode=NONE win=8 obs=430 | cap=wip act=TURN request=-45deg execute=-15deg x1 a=2 dtg=5.90 region=0_6
ep=1825 s=430 5017ms [sel=734 cap=4143 rest=140] sg=2->2 mode=NONE win=8 obs=431 | cap=wip act=(322,471) d=0.99 a=1 | sp=straight_ahead:reached d=0.5 age=0 som=B/4 dtg=5.69 region=0_6
ep=1825 s=431 5773ms [sel=682 cap=4611 rest=442] sg=2->2 mode=NONE win=8 obs=432 | cap=wip act=TURN request=-45deg execute=-15deg x1 a=2 | preview=view-/6 yaw=+0 render=37ms | sp=straight_ahead:reached d=0.5 age=1 som=B/4 dtg=5.69 region=0_6
ep=1825 s=432 2220ms [sel=0 cap=2088 rest=133] sg=2->2 mode=NONE win=8 obs=433 | cap=wip act=TURN request=-45deg execute=-15deg x1 a=2 dtg=5.69 region=0_6
ep=1825 s=433 1588ms [sel=0 cap=1456 rest=132] sg=2->2 mode=NONE win=8 obs=434 | cap=wip act=TURN request=-45deg execute=-15deg x1 a=2 dtg=5.69 region=0_6
ep=1825 s=434 1630ms [sel=0 cap=1492 rest=139] sg=2->2 mode=NONE win=8 obs=435 | cap=wip act=TURN request=-45deg execute=-15deg x1 a=2 dtg=5.69 region=0_6
ep=1825 s=435 7168ms [sel=0 cap=6688 rest=443] sg=2->2 mode=NONE win=8 obs=436 | cap=wip act=TURN request=-45deg execute=-15deg x1 a=2 | preview=view-/6 yaw=+0 render=36ms dtg=5.69 region=0_6
ep=1825 s=436 2764ms [sel=0 cap=2631 rest=133] sg=2->2 mode=NONE win=8 obs=437 | cap=wip act=TURN request=-45deg execute=-15deg x1 a=2 dtg=5.69 region=0_6
ep=1825 s=437 3047ms [sel=0 cap=2916 rest=130] sg=2->2 mode=NONE win=8 obs=438 | cap=wip act=TURN request=-45deg execute=-15deg x1 a=2 dtg=5.69 region=0_6
ep=1825 s=438 7279ms [sel=0 cap=6779 rest=463] sg=2->2 mode=NONE win=8 obs=439 | cap=wip act=TURN request=-45deg execute=-15deg x1 a=2 | preview=view-/6 yaw=+0 render=37ms dtg=5.69 region=0_6
ep=1825 s=439 7610ms [sel=0 cap=7480 rest=130] sg=2->2 mode=NONE win=8 obs=440 | cap=wip act=TURN request=-45deg execute=-15deg x1 a=2 dtg=5.69 region=0_6
ep=1825 s=440 3531ms [sel=0 cap=3398 rest=133] sg=2->2 mode=NONE win=8 obs=441 | cap=wip act=TURN request=-45deg execute=-15deg x1 a=2 dtg=5.69 region=0_6
ep=1825 s=441 2289ms [sel=0 cap=2157 rest=132] sg=2->2 mode=NONE win=8 obs=442 | cap=wip act=TURN request=-45deg execute=-15deg x1 a=2 dtg=5.69 region=0_6
ep=1825 s=442 8898ms [sel=0 cap=8390 rest=471] sg=2->2 mode=NONE win=8 obs=443 | cap=wip act=TURN request=-45deg execute=-15deg x1 a=2 | preview=view-/6 yaw=+0 render=37ms dtg=5.69 region=0_6
ep=1825 s=443 3826ms [sel=723 cap=2966 rest=137] sg=2->2 mode=NONE win=8 obs=444 | cap=wip act=(320,359) d=2.45 a=1 som=3/6 dtg=5.90 region=0_6
ep=1825 s=444 4375ms [sel=699 cap=3547 rest=129] sg=2->2 mode=NONE win=8 obs=445 | cap=wip act=TURN request=-45deg execute=-15deg x1 a=2 som=3/6 dtg=5.90 region=0_6
ep=1825 s=445 3953ms [sel=0 cap=3822 rest=131] sg=2->2 mode=NONE win=8 obs=446 | cap=wip act=TURN request=-45deg execute=-15deg x1 a=2 dtg=5.90 region=0_6
ep=1825 s=446 3600ms [sel=0 cap=3465 rest=134] sg=2->2 mode=NONE win=8 obs=447 | cap=wip act=TURN request=-45deg execute=-15deg x1 a=2 dtg=5.90 region=0_6
ep=1825 s=447 3777ms [sel=0 cap=3649 rest=128] sg=2->2 mode=NONE win=8 obs=448 | cap=wip act=TURN request=-45deg execute=-15deg x1 a=2 dtg=5.90 region=0_6
ep=1825 s=448 2890ms [sel=0 cap=2374 rest=477] sg=2->2 mode=NONE win=8 obs=449 | cap=wip act=TURN request=-45deg execute=-15deg x1 a=2 | preview=view-/6 yaw=+0 render=39ms dtg=5.90 region=0_6
ep=1825 s=449 2004ms [sel=0 cap=1871 rest=133] sg=2->2 mode=NONE win=8 obs=450 | cap=wip act=TURN request=-45deg execute=-15deg x1 a=2 dtg=5.90 region=0_6
ep=1825 s=450 1813ms [sel=0 cap=1679 rest=134] sg=2->2 mode=NONE win=8 obs=451 | cap=wip act=TURN request=-45deg execute=-15deg x1 a=2 dtg=5.90 region=0_6
ep=1825 s=451 1744ms [sel=0 cap=1602 rest=142] sg=2->2 mode=NONE win=8 obs=452 | cap=wip act=TURN request=-45deg execute=-15deg x1 a=2 dtg=5.90 region=0_6
ep=1825 s=452 2040ms [sel=0 cap=1892 rest=148] sg=2->2 mode=NONE win=8 obs=453 | cap=wip act=TURN request=-45deg execute=-15deg x1 a=2 dtg=5.90 region=0_6
ep=1825 s=453 2186ms [sel=0 cap=2044 rest=142] sg=2->2 mode=NONE win=8 obs=454 | cap=wip act=TURN request=-45deg execute=-15deg x1 a=2 dtg=5.90 region=0_6
ep=1825 s=454 2256ms [sel=0 cap=2105 rest=151] sg=2->2 mode=NONE win=8 obs=455 | cap=wip act=TURN request=-45deg execute=-15deg x1 a=2 dtg=5.90 region=0_6
ep=1825 s=455 4563ms [sel=0 cap=4038 rest=487] sg=2->2 mode=NONE win=8 obs=456 | cap=wip act=TURN request=-45deg execute=-15deg x1 a=2 | preview=view-/6 yaw=+0 render=37ms dtg=5.90 region=0_6
ep=1825 s=456 2864ms [sel=705 cap=2016 rest=143] sg=2->2 mode=NONE win=8 obs=457 | cap=wip act=(322,471) d=0.99 a=1 | sp=straight_ahead:reached d=0.5 age=0 som=B/4 dtg=5.69 region=0_6
ep=1825 s=457 3386ms [sel=701 cap=2555 rest=130] sg=2->2 mode=NONE win=8 obs=458 | cap=wip act=TURN request=-45deg execute=-15deg x1 a=2 | sp=straight_ahead:reached d=0.5 age=1 som=B/4 dtg=5.69 region=0_6
ep=1825 s=458 8076ms [sel=0 cap=7593 rest=445] sg=2->2 mode=NONE win=8 obs=459 | cap=wip act=TURN request=-45deg execute=-15deg x1 a=2 | preview=view-/6 yaw=+0 render=38ms dtg=5.69 region=0_6
ep=1825 s=459 3182ms [sel=0 cap=3044 rest=138] sg=2->2 mode=NONE win=8 obs=460 | cap=wip act=TURN request=-45deg execute=-15deg x1 a=2 dtg=5.69 region=0_6
ep=1825 s=460 3288ms [sel=0 cap=3152 rest=136] sg=2->2 mode=NONE win=8 obs=461 | cap=wip act=TURN request=-45deg execute=-15deg x1 a=2 dtg=5.69 region=0_6
ep=1825 s=461 8623ms [sel=0 cap=8145 rest=439] sg=2->2 mode=NONE win=8 obs=462 | cap=wip act=TURN request=-45deg execute=-15deg x1 a=2 | preview=view-/6 yaw=+0 render=39ms dtg=5.69 region=0_6
ep=1825 s=462 4175ms [sel=0 cap=4041 rest=134] sg=2->2 mode=NONE win=8 obs=463 | cap=wip act=TURN request=-45deg execute=-15deg x1 a=2 dtg=5.69 region=0_6
ep=1825 s=463 3727ms [sel=0 cap=3595 rest=132] sg=2->2 mode=NONE win=8 obs=464 | cap=wip act=TURN request=-45deg execute=-15deg x1 a=2 dtg=5.69 region=0_6
ep=1825 s=464 7180ms [sel=0 cap=6681 rest=461] sg=2->2 mode=NONE win=8 obs=465 | cap=wip act=TURN request=-45deg execute=-15deg x1 a=2 | preview=view-/6 yaw=+0 render=38ms dtg=5.69 region=0_6
ep=1825 s=465 3332ms [sel=0 cap=3202 rest=130] sg=2->2 mode=NONE win=8 obs=466 | cap=wip act=TURN request=-45deg execute=-15deg x1 a=2 dtg=5.69 region=0_6
ep=1825 s=466 2628ms [sel=0 cap=2490 rest=138] sg=2->2 mode=NONE win=8 obs=467 | cap=wip act=TURN request=-45deg execute=-15deg x1 a=2 dtg=5.69 region=0_6
ep=1825 s=467 7530ms [sel=0 cap=7011 rest=481] sg=2->2 mode=NONE win=8 obs=468 | cap=wip act=TURN request=-45deg execute=-15deg x1 a=2 | preview=view-/6 yaw=+0 render=38ms dtg=5.69 region=0_6
ep=1825 s=468 3988ms [sel=0 cap=3849 rest=139] sg=2->2 mode=NONE win=8 obs=469 | cap=wip act=TURN request=-45deg execute=-15deg x1 a=2 dtg=5.69 region=0_6
ep=1825 s=469 5498ms [sel=732 cap=4626 rest=139] sg=2->2 mode=NONE win=8 obs=470 | cap=wip act=(320,359) d=2.45 a=1 som=3/6 dtg=5.90 region=0_6
ep=1825 s=470 5514ms [sel=707 cap=4676 rest=131] sg=2->2 mode=NONE win=8 obs=471 | cap=wip act=TURN request=-45deg execute=-15deg x1 a=2 som=3/6 dtg=5.90 region=0_6
ep=1825 s=471 3575ms [sel=0 cap=3445 rest=130] sg=2->2 mode=NONE win=8 obs=472 | cap=wip act=TURN request=-45deg execute=-15deg x1 a=2 dtg=5.90 region=0_6
ep=1825 s=472 8364ms [sel=0 cap=7841 rest=486] sg=2->2 mode=NONE win=8 obs=473 | cap=wip act=TURN request=-45deg execute=-15deg x1 a=2 | preview=view-/6 yaw=+0 render=36ms dtg=5.90 region=0_6
ep=1825 s=473 2649ms [sel=0 cap=2519 rest=130] sg=2->2 mode=NONE win=8 obs=474 | cap=wip act=TURN request=-45deg execute=-15deg x1 a=2 dtg=5.90 region=0_6
ep=1825 s=474 4531ms [sel=0 cap=4398 rest=132] sg=2->2 mode=NONE win=8 obs=475 | cap=wip act=TURN request=-45deg execute=-15deg x1 a=2 dtg=5.90 region=0_6
ep=1825 s=475 4531ms [sel=0 cap=4396 rest=135] sg=2->2 mode=NONE win=8 obs=476 | cap=wip act=TURN request=-45deg execute=-15deg x1 a=2 dtg=5.90 region=0_6
ep=1825 s=476 3403ms [sel=0 cap=3266 rest=137] sg=2->2 mode=NONE win=8 obs=477 | cap=wip act=TURN request=-45deg execute=-15deg x1 a=2 dtg=5.90 region=0_6
ep=1825 s=477 8885ms [sel=0 cap=8358 rest=489] sg=2->2 mode=NONE win=8 obs=478 | cap=wip act=TURN request=-45deg execute=-15deg x1 a=2 | preview=view-/6 yaw=+0 render=38ms dtg=5.90 region=0_6
ep=1825 s=478 3862ms [sel=0 cap=3713 rest=149] sg=2->2 mode=NONE win=8 obs=479 | cap=wip act=TURN request=-45deg execute=-15deg x1 a=2 dtg=5.90 region=0_6
ep=1825 s=479 6487ms [sel=0 cap=6345 rest=142] sg=2->2 mode=NONE win=8 obs=480 | cap=wip act=TURN request=-45deg execute=-15deg x1 a=2 dtg=5.90 region=0_6
ep=1825 s=480 6819ms [sel=0 cap=6284 rest=497] sg=2->2 mode=NONE win=8 obs=481 | cap=wip act=TURN request=-45deg execute=-15deg x1 a=2 | preview=view-/6 yaw=+0 render=37ms dtg=5.90 region=0_6
ep=1825 s=481 2610ms [sel=0 cap=2467 rest=143] sg=2->2 mode=NONE win=8 obs=482 | cap=wip act=TURN request=-45deg execute=-15deg x1 a=2 dtg=5.90 region=0_6
ep=1825 s=482 3310ms [sel=703 cap=2463 rest=144] sg=2->2 mode=NONE win=8 obs=483 | cap=wip act=(322,471) d=0.99 a=1 | sp=straight_ahead:reached d=0.5 age=0 som=B/4 dtg=5.69 region=0_6
ep=1825 s=483 3196ms [sel=704 cap=2358 rest=134] sg=2->2 mode=NONE win=8 obs=484 | cap=wip act=TURN request=-45deg execute=-15deg x1 a=2 | sp=straight_ahead:reached d=0.5 age=1 som=B/4 dtg=5.69 region=0_6
ep=1825 s=484 4181ms [sel=0 cap=4049 rest=133] sg=2->2 mode=NONE win=8 obs=485 | cap=wip act=TURN request=-45deg execute=-15deg x1 a=2 dtg=5.69 region=0_6
ep=1825 s=485 3553ms [sel=0 cap=3420 rest=133] sg=2->2 mode=NONE win=8 obs=486 | cap=wip act=TURN request=-45deg execute=-15deg x1 a=2 dtg=5.69 region=0_6
ep=1825 s=486 8042ms [sel=0 cap=7549 rest=456] sg=2->2 mode=NONE win=8 obs=487 | cap=wip act=TURN request=-45deg execute=-15deg x1 a=2 | preview=view-/6 yaw=+0 render=37ms dtg=5.69 region=0_6
ep=1825 s=487 5864ms [sel=0 cap=5724 rest=139] sg=2->2 mode=NONE win=8 obs=488 | cap=wip act=TURN request=-45deg execute=-15deg x1 a=2 dtg=5.69 region=0_6
ep=1825 s=488 3663ms [sel=0 cap=3517 rest=146] sg=2->2 mode=NONE win=8 obs=489 | cap=wip act=TURN request=-45deg execute=-15deg x1 a=2 dtg=5.69 region=0_6
ep=1825 s=489 3794ms [sel=0 cap=3660 rest=134] sg=2->2 mode=NONE win=8 obs=490 | cap=wip act=TURN request=-45deg execute=-15deg x1 a=2 dtg=5.69 region=0_6
ep=1825 s=490 3634ms [sel=0 cap=3498 rest=136] sg=2->2 mode=NONE win=8 obs=491 | cap=wip act=TURN request=-45deg execute=-15deg x1 a=2 dtg=5.69 region=0_6
ep=1825 s=491 11604ms [sel=0 cap=11086 rest=481] sg=2->2 mode=NONE win=8 obs=492 | cap=wip act=TURN request=-45deg execute=-15deg x1 a=2 | preview=view-/6 yaw=+0 render=37ms dtg=5.69 region=0_6
ep=1825 s=492 3662ms [sel=0 cap=3526 rest=136] sg=2->2 mode=NONE win=8 obs=493 | cap=wip act=TURN request=-45deg execute=-15deg x1 a=2 dtg=5.69 region=0_6
ep=1825 s=493 4304ms [sel=0 cap=4171 rest=133] sg=2->2 mode=NONE win=8 obs=494 | cap=wip act=TURN request=-45deg execute=-15deg x1 a=2 dtg=5.69 region=0_6
ep=1825 s=494 7304ms [sel=0 cap=6793 rest=474] sg=2->2 mode=NONE win=8 obs=495 | cap=wip act=TURN request=-45deg execute=-15deg x1 a=2 | preview=view-/6 yaw=+0 render=37ms dtg=5.69 region=0_6
ep=1825 s=495 7348ms [sel=726 cap=6483 rest=139] sg=2->2 mode=NONE win=8 obs=496 | cap=wip act=(320,359) d=2.45 a=1 som=3/6 dtg=5.90 region=0_6
ep=1825 s=496 5247ms [sel=708 cap=4407 rest=133] sg=2->2 mode=NONE win=8 obs=497 | cap=wip act=TURN request=-45deg execute=-15deg x1 a=2 som=3/6 dtg=5.90 region=0_6
ep=1825 s=497 7733ms [sel=0 cap=7205 rest=490] sg=2->2 mode=NONE win=8 obs=498 | cap=wip act=TURN request=-45deg execute=-15deg x1 a=2 | preview=view-/6 yaw=+0 render=37ms dtg=5.90 region=0_6
ep=1825 s=498 5063ms [sel=0 cap=4930 rest=132] sg=2->2 mode=NONE win=8 obs=499 | cap=wip act=TURN request=-45deg execute=-15deg x1 a=2 dtg=5.90 region=0_6
ep=1825 s=499 8790ms [sel=0 cap=8659 rest=131] sg=2->2 mode=NONE win=8 obs=500 | cap=wip act=TURN request=-45deg execute=-15deg x1 a=2 dtg=5.90 region=0_6
rank=1 [13/13] id=1825 steps=500 success=0.000 spl=0.000 dtg=5.90 osr=0 path_length=12.18 ndtw=0.557 sdtw=0.000
rank_summary={"count": 13, "rank": 1, "totals": {"distance_to_goal": 110.25426721572876, "ndtw": 4.7636705648315365, "oracle_success": 3.0, "path_length": 277.5463953288473, "sdtw": 1.602619760658517, "spl": 1.5694832857691803, "steps": 2201.0, "success": 2.0}}
