rank=3 physical_gpu=7 config=/data/pengyh/workspace/FreeAskAgent_R2R/outputs/para50_20260925/freeask_config.yaml
Gym has been unmaintained since 2022 and does not support NumPy 2.0 amongst other critical functionality.
Please upgrade to Gymnasium, the maintained drop-in replacement of Gym, or contact the authors of your software and request that they upgrade.
See the migration guide at https://gymnasium.farama.org/introduction/migration_guide/ for additional information.
PluginManager::Manager: duplicate static plugin StbImageImporter, ignoring
PluginManager::Manager: duplicate static plugin GltfImporter, ignoring
PluginManager::Manager: duplicate static plugin BasisImporter, ignoring
PluginManager::Manager: duplicate static plugin AssimpImporter, ignoring
PluginManager::Manager: duplicate static plugin AnySceneImporter, ignoring
PluginManager::Manager: duplicate static plugin AnyImageImporter, ignoring
config: /data/pengyh/workspace/FreeAskAgent_R2R/outputs/para50_20260925/freeask_config.yaml (defaults: actor, base_url, camera_height_m, camera_pitch_deg, depth_hfov, depth_max_m, depth_min_m, depth_normalize, forward_step_m, image_height, image_width, max_steps, model_path, preview_scale, preview_yaws, record_video, turn_angle_deg, waypoint_radius; env: CAPTIONER_COMPLETION_SCREEN, CAPTIONER_DECISION_BASE_URL, CAPTIONER_DECISION_MODEL, CAPTIONER_INFERENCE_ONLY_COMPLETION, CAPTIONER_OPENING_LOOK_AROUND, CAPTIONER_PREVIEW_BACKOFF_MAX_STEPS, CAPTIONER_PREVIEW_CANDIDATES, CAPTIONER_PREVIEW_GATE_BACKOFF_MAX_M, CAPTIONER_PREVIEW_GATE_BACKOFF_START_M, CAPTIONER_PREVIEW_GATE_FREE_RINGS, CAPTIONER_PREVIEW_GATE_MAX_SKIPS, CAPTIONER_PREVIEW_GATE_MIN_MOVE_M, CAPTIONER_PREVIEW_IDLE_LIMIT, CAPTIONER_PREVIEW_IDLE_RESET_M, CAPTIONER_PREVIEW_MIN_MOVE_M, CAPTIONER_PREVIEW_MIN_TURN_DEG, CAPTIONER_PREVIEW_MOVE_BACKOFF_MAX_M, CAPTIONER_STEP_DEADLINE_S, JOYAI_API_BASE, JOYAI_MODEL_NAME, VLLM_BASE_URL, VLN_ABLATE_SPATIAL, VLN_ABLATE_TEMPORAL, VLN_COMPACT_SUBGOALS, VLN_IMAGE_MAX_PIXELS, VLN_NAV_PARAMS, VLN_ROBOT_PARAMS, VLN_SOM, VLN_SPATIAL_MEMORY_PARAMS, VLN_STRUCTURED_VLM_MAX_TOKENS)
camera: 640x480 hfov=90 K=from-hfov distortion=none mount xyz=(0.0, 1.25, 0.0) rpy_deg=(0.0, -15.0, 0.0)
2026-09-25 23:32:05,890 Initializing dataset R2RVLN-v1
2026-09-25 23:32:05,897 initializing sim Sim-v0
PluginManager::Manager: duplicate static plugin StbImageImporter, ignoring
PluginManager::Manager: duplicate static plugin GltfImporter, ignoring
PluginManager::Manager: duplicate static plugin BasisImporter, ignoring
PluginManager::Manager: duplicate static plugin AssimpImporter, ignoring
PluginManager::Manager: duplicate static plugin AnySceneImporter, ignoring
PluginManager::Manager: duplicate static plugin AnyImageImporter, ignoring
2026-09-25 23:32:21,420 Initializing task VLN-v0
nDTW/SDTW on: 50 reference paths, fastdtw
PluginManager::Manager: duplicate static plugin StbImageImporter, ignoring
PluginManager::Manager: duplicate static plugin GltfImporter, ignoring
PluginManager::Manager: duplicate static plugin BasisImporter, ignoring
PluginManager::Manager: duplicate static plugin AssimpImporter, ignoring
PluginManager::Manager: duplicate static plugin AnySceneImporter, ignoring
PluginManager::Manager: duplicate static plugin AnyImageImporter, ignoring
episode=115 instruction='About-face. Out of the closet. Into the bedroom via the door on the right. Left, into the bathroom.' start_position=[29.01490020751953, 0.12711000442504883, -2.6037700176239014] goal_position=[28.729299545288086, 0.12711000442504883, 0.9177060127258301] reference_geodesic=5.625521659851074
episode=115 prepared_subgoals=5
  [1] About-face
      proof: The camera is now facing the opposite direction from which it came, with the closet behind and the hallway ahead.
  [2] Exit the closet
      proof: The camera has passed the closet door and the hallway is now central in the view.
  [3] Turn right at the closet exit
      proof: After turning right, the bedroom door is centered in the view.
  [4] Enter the bedroom
      proof: The camera has crossed the bedroom threshold and the bedroom interior is central in the view.
  [5] Turn left in the bedroom, then enter the bathroom
      proof: The camera has crossed the bathroom threshold and the bathroom interior is central in the view
ep=115 s=0 5779ms [sel=0 cap=5251 rest=485] sg=1->1 mode=NONE win=1 obs=1 | cap=wip act=TURN request=-45deg execute=-15deg x1 a=2 | preview=view-/6 yaw=+0 render=42ms dtg=5.63 region=0_15
ep=115 s=1 7051ms [sel=0 cap=6941 rest=110] sg=1->1 mode=NONE win=2 obs=2 | cap=wip act=TURN request=-45deg execute=-15deg x1 a=2 dtg=5.63 region=0_15
ep=115 s=2 6319ms [sel=1575 cap=4641 rest=103] sg=1->2 mode=NONE win=3 obs=3 | cap=DONE act=(320,360) d=1.71 a=2 | sp=frontier:active d=1.7 age=0 som=1/2 dtg=5.63 region=0_15
ep=115 s=3 6000ms [sel=6 cap=5890 rest=104] sg=2->2 mode=GET_NOWHERE win=4 obs=4 | cap=wip/GET_NOWHERE act=(320,360) d=1.71 a=2 | sp=frontier:active d=1.7 age=1 dtg=5.63 region=0_15
ep=115 s=4 4125ms [sel=7 cap=4008 rest=110] sg=2->2 mode=NONE win=5 obs=5 | cap=wip act=(320,360) d=1.71 a=2 | sp=frontier:active d=1.7 age=2 dtg=5.63 region=0_15
ep=115 s=5 2716ms [sel=6 cap=2604 rest=106] sg=2->2 mode=NONE win=6 obs=6 | cap=wip act=(320,360) d=1.71 a=2 | sp=frontier:active d=1.7 age=3 dtg=5.63 region=0_15
ep=115 s=6 4084ms [sel=0 cap=3973 rest=111] sg=2->3 mode=NONE win=7 obs=7 | cap=DONE act=TURN request=+45deg execute=+15deg x1 a=3 | sp=frontier:active d=1.7 age=4 dtg=5.63 region=0_15
ep=115 s=7 10787ms [sel=2042 cap=8640 rest=105] sg=3->4 mode=NONE win=8 obs=8 | cap=DONE act=(320,360) d=1.71 a=2 | sp=frontier:active d=1.7 age=0 som=4/5 dtg=5.63 region=0_15
ep=115 s=8 4685ms [sel=4 cap=4566 rest=114] sg=4->4 mode=NONE win=8 obs=9 | cap=wip act=(320,360) d=1.71 a=2 | sp=frontier:active d=1.7 age=1 dtg=5.63 region=0_15
ep=115 s=9 3553ms [sel=4 cap=3417 rest=133] sg=4->4 mode=NONE win=8 obs=10 | cap=wip act=(320,360) d=1.71 a=2 | sp=frontier:active d=1.7 age=2 dtg=5.63 region=0_15
ep=115 s=10 3930ms [sel=3 cap=3811 rest=116] sg=4->4 mode=NONE win=8 obs=11 | cap=wip act=(320,360) d=1.71 a=1 | sp=frontier:active d=1.7 age=3 dtg=5.40 region=0_15
ep=115 s=11 5507ms [sel=5 cap=5383 rest=119] sg=4->4 mode=NONE win=8 obs=12 | cap=wip act=(320,360) d=1.52 a=1 | sp=frontier:active d=1.5 age=4 dtg=5.20 region=0_15
ep=115 s=12 5627ms [sel=6 cap=5500 rest=121] sg=4->4 mode=NONE win=8 obs=13 | cap=wip act=(320,360) d=1.35 a=1 | sp=frontier:active d=1.4 age=5 dtg=5.04 region=0_15
ep=115 s=13 6168ms [sel=8 cap=6038 rest=123] sg=4->4 mode=NONE win=8 obs=14 | cap=wip act=(320,360) d=1.21 a=3 | sp=frontier:active d=1.2 age=6 dtg=5.04 region=0_15
ep=115 s=14 4119ms [sel=4 cap=3992 rest=122] sg=4->4 mode=NONE win=8 obs=15 | cap=wip act=(320,360) d=1.21 a=3 | sp=frontier:active d=1.2 age=7 dtg=5.04 region=0_15
ep=115 s=15 6716ms [sel=0 cap=6590 rest=126] sg=4->5 mode=NONE win=8 obs=16 | cap=DONE act=TURN request=-45deg execute=-15deg x1 a=2 | sp=frontier:active d=1.2 age=8 dtg=5.04 region=0_15
ep=115 s=16 3443ms [sel=0 cap=3316 rest=127] sg=5->5 mode=NONE win=8 obs=17 | cap=wip act=TURN request=-45deg execute=-15deg x1 a=2 dtg=5.04 region=0_15
ep=115 s=17 3655ms [sel=0 cap=3532 rest=123] sg=5->5 mode=NONE win=8 obs=18 | cap=wip act=TURN request=-45deg execute=-15deg x1 a=2 dtg=5.04 region=0_15
ep=115 s=18 4157ms [sel=0 cap=4006 rest=151] sg=5->5 mode=NONE win=8 obs=19 | cap=wip act=TURN request=-45deg execute=-15deg x1 a=2 dtg=5.04 region=0_15
ep=115 s=19 3231ms [sel=0 cap=3084 rest=148] sg=5->5 mode=NONE win=8 obs=20 | cap=wip act=TURN request=-45deg execute=-15deg x1 a=2 dtg=5.04 region=0_15
ep=115 s=20 7190ms [sel=2964 cap=4108 rest=118] sg=5->5 mode=NONE win=8 obs=21 | cap=wip act=(320,360) d=0.78 a=3 | sp=som:active d=0.8 age=0 som=1/3 dtg=5.04 region=0_15
ep=115 s=21 4837ms [sel=3 cap=4722 rest=112] sg=5->5 mode=NONE win=8 obs=22 | cap=wip act=(320,360) d=0.78 a=1 | sp=som:active d=0.8 age=1 dtg=5.02 region=0_15
ep=115 s=22 2903ms [sel=5 cap=2783 rest=115] sg=5->5 mode=NONE win=8 obs=23 | cap=wip act=(320,360) d=0.53 a=1 | sp=som:active d=0.5 age=2 dtg=5.04 region=0_15
ep=115 s=23 7282ms [sel=1013 cap=6132 rest=137] sg=5->5 mode=NONE win=8 obs=24 | cap=wip act=(320,360) d=2.88 a=3 | sp=frontier:active d=2.9 age=0 som=1/3 dtg=5.04 region=0_15
ep=115 s=24 4511ms [sel=37 cap=4308 rest=166] sg=5->5 mode=NONE win=8 obs=25 | cap=wip act=(320,360) d=2.88 a=3 | sp=frontier:active d=2.9 age=1 dtg=5.04 region=0_15
ep=115 s=25 4436ms [sel=36 cap=4261 rest=139] sg=5->5 mode=NONE win=8 obs=26 | cap=wip act=(320,360) d=2.88 a=3 | sp=frontier:active d=2.9 age=2 dtg=5.04 region=0_15
ep=115 s=26 4530ms [sel=37 cap=3973 rest=482] sg=5->5 mode=NONE win=8 obs=27 | cap=wip act=(320,360) d=2.88 a=3 | preview=view-/6 yaw=+0 render=37ms | sp=frontier:active d=2.9 age=3 dtg=5.04 region=0_15
ep=115 s=27 6368ms [sel=24 cap=6209 rest=135] sg=5->5 mode=NONE win=8 obs=28 | cap=wip act=(320,360) d=2.88 a=3 | sp=frontier:active d=2.9 age=4 dtg=5.04 region=0_15
ep=115 s=28 7536ms [sel=16 cap=7358 rest=162] sg=5->5 mode=NONE win=8 obs=29 | cap=wip act=(320,360) d=2.88 a=1 | sp=frontier:active d=2.9 age=5 dtg=4.81 region=0_15
ep=115 s=29 5513ms [sel=18 cap=5348 rest=146] sg=5->5 mode=NONE win=8 obs=30 | cap=wip act=(320,360) d=2.81 a=3 | sp=frontier:active d=2.8 age=6 dtg=4.81 region=0_15
ep=115 s=30 4823ms [sel=17 cap=4675 rest=131] sg=5->5 mode=NONE win=8 obs=31 | cap=wip act=(320,360) d=2.81 a=3 | sp=frontier:active d=2.8 age=7 dtg=4.81 region=0_15
ep=115 s=31 5068ms [sel=19 cap=4919 rest=130] sg=5->5 mode=NONE win=8 obs=32 | cap=wip act=(320,360) d=2.81 a=1 | sp=frontier:active d=2.8 age=8 dtg=4.56 region=0_15
ep=115 s=32 6176ms [sel=25 cap=5624 rest=489] sg=5->5 mode=NONE win=8 obs=33 | cap=wip act=(160,180) d=3.39 a=1 | preview=view3/6 yaw=+0 render=38ms | sp=preview:active d=3.4 age=0 dtg=4.31 region=0_15
ep=115 s=33 6374ms [sel=9 cap=6225 rest=140] sg=5->5 mode=NONE win=8 obs=34 | cap=wip act=(320,360) d=3.14 a=1 | sp=preview:active d=3.1 age=1 dtg=4.07 region=0_15
ep=115 s=34 6793ms [sel=8 cap=6653 rest=132] sg=5->5 mode=NONE win=8 obs=35 | cap=wip act=(320,360) d=2.90 a=3 | sp=preview:active d=2.9 age=2 dtg=4.07 region=0_15
ep=115 s=35 11907ms [sel=8 cap=11401 rest=463] sg=5->5 mode=NONE win=8 obs=36 | cap=wip act=(320,360) d=2.90 a=1 | preview=view-/6 yaw=+0 render=35ms | sp=preview:active d=2.9 age=3 dtg=3.84 region=0_15
ep=115 s=36 10184ms [sel=8 cap=10056 rest=120] sg=5->5 mode=NONE win=8 obs=37 | cap=wip act=(320,360) d=2.65 a=1 | sp=preview:active d=2.7 age=4 dtg=3.64 region=0_13
ep=115 s=37 13644ms [sel=6 cap=13506 rest=132] sg=5->5 mode=NONE win=8 obs=38 | cap=wip act=(320,360) d=2.40 a=1 | sp=preview:active d=2.4 age=5 dtg=3.46 region=0_13
ep=115 s=38 14070ms [sel=4 cap=13565 rest=463] sg=5->5 mode=NONE win=8 obs=39 | cap=wip act=(320,360) d=2.15 a=1 | preview=view-/6 yaw=+0 render=37ms | sp=preview:active d=2.2 age=6 dtg=3.33 region=0_13
ep=115 s=39 24702ms [sel=4 cap=24568 rest=130] sg=5->5 mode=NONE win=8 obs=40 | cap=wip act=(320,360) d=1.90 a=1 | sp=preview:active d=1.9 age=7 dtg=3.26 region=0_13
ep=115 s=40 30166ms [sel=3 cap=0 rest=30163] sg=None->5 mode=NONE win=8 obs=41 | cap=- act=(320,360) d=1.65 a=1 | sp=preview:active d=1.7 age=8 ANALYSIS_ERROR_STAGE=decision ANALYSIS_ERROR='CaptionerInferenceError: Captioner model inference failed' dtg=3.26 region=0_13
ep=115 s=41 24426ms [sel=3 cap=24291 rest=132] sg=5->5 mode=NONE win=8 obs=42 | cap=wip act=(320,360) d=1.40 a=1 | sp=preview:active d=1.4 age=9 dtg=3.31 region=0_13
ep=115 s=42 29057ms [sel=3 cap=28555 rest=462] sg=5->5 mode=NONE win=8 obs=43 | cap=wip act=(320,360) d=1.15 a=1 | preview=view-/6 yaw=+0 render=37ms | sp=preview:active d=1.2 age=10 dtg=3.40 region=0_13
ep=115 s=43 30170ms [sel=3 cap=0 rest=30167] sg=None->5 mode=NONE win=8 obs=44 | cap=- act=(320,360) d=0.90 a=1 | sp=preview:active d=0.9 age=11 ANALYSIS_ERROR_STAGE=decision ANALYSIS_ERROR='CaptionerInferenceError: Captioner model inference failed' dtg=3.51 region=0_13
ep=115 s=44 24803ms [sel=30 cap=24637 rest=136] sg=5->5 mode=NONE win=8 obs=45 | cap=wip act=(320,360) d=2.85 a=1 | sp=frontier:active d=2.9 age=0 dtg=3.66 region=0_13
ep=115 s=45 25774ms [sel=3 cap=25635 rest=136] sg=5->5 mode=NONE win=8 obs=46 | cap=wip act=(320,360) d=2.60 a=1 | sp=frontier:active d=2.6 age=1 dtg=3.83 region=0_13
ep=115 s=46 11645ms [sel=3 cap=11507 rest=135] sg=5->5 mode=NONE win=8 obs=47 | cap=wip act=(320,360) d=2.35 a=2 | sp=frontier:active d=2.4 age=2 dtg=3.83 region=0_13
ep=115 s=47 6326ms [sel=4 cap=5822 rest=463] sg=5->5 mode=NONE win=8 obs=48 | cap=wip act=(320,360) d=2.35 a=1 | preview=view-/6 yaw=+0 render=37ms | sp=frontier:active d=2.4 age=3 dtg=3.96 region=0_13
ep=115 s=48 7898ms [sel=3 cap=7763 rest=132] sg=5->5 mode=NONE win=8 obs=49 | cap=wip act=(320,360) d=2.11 a=1 | sp=frontier:active d=2.1 age=4 dtg=4.12 region=0_13
ep=115 s=49 8827ms [sel=4 cap=8700 rest=123] sg=5->5 mode=NONE win=8 obs=50 | cap=wip act=(320,360) d=1.87 a=1 | sp=frontier:active d=1.9 age=5 dtg=4.29 region=0_13
ep=115 s=50 10836ms [sel=28 cap=10290 rest=480] sg=5->5 mode=NONE win=8 obs=51 | cap=wip act=(160,180) d=3.64 a=1 | preview=view3/6 yaw=+0 render=38ms | sp=preview:active d=3.6 age=0 dtg=4.47 region=0_13
ep=115 s=51 5457ms [sel=10 cap=5324 rest=123] sg=5->5 mode=NONE win=8 obs=52 | cap=wip act=(320,360) d=3.40 a=1 | sp=preview:active d=3.4 age=1 dtg=4.66 region=0_13
ep=115 s=52 8471ms [sel=10 cap=8339 rest=123] sg=5->5 mode=NONE win=8 obs=53 | cap=wip act=(320,360) d=3.17 a=3 | sp=preview:active d=3.2 age=2 dtg=4.66 region=0_13
ep=115 s=53 10127ms [sel=10 cap=9597 rest=483] sg=5->5 mode=NONE win=8 obs=54 | cap=wip act=(320,360) d=3.17 a=1 | preview=view-/6 yaw=+0 render=37ms | sp=preview:active d=3.2 age=3 dtg=4.89 region=0_13
ep=115 s=54 7743ms [sel=9 cap=7616 rest=118] sg=5->5 mode=NONE win=8 obs=55 | cap=wip act=(320,360) d=2.92 a=1 | sp=preview:active d=2.9 age=4 dtg=5.12 region=0_13
ep=115 s=55 10705ms [sel=10 cap=10565 rest=130] sg=5->5 mode=NONE win=8 obs=56 | cap=wip act=(320,360) d=2.68 a=1 | sp=preview:active d=2.7 age=5 dtg=5.36 region=0_13
ep=115 s=56 8100ms [sel=27 cap=7556 rest=480] sg=5->5 mode=NONE win=8 obs=57 | cap=wip act=(160,180) d=3.40 a=3 | preview=view3/6 yaw=+0 render=37ms | sp=preview:active d=3.4 age=0 dtg=5.36 region=0_13
ep=115 s=57 5644ms [sel=10 cap=5507 rest=128] sg=5->5 mode=NONE win=8 obs=58 | cap=wip act=(320,360) d=3.40 a=1 | sp=preview:active d=3.4 age=1 dtg=5.61 region=0_13
ep=115 s=58 5845ms [sel=7 cap=5716 rest=122] sg=5->5 mode=NONE win=8 obs=59 | cap=wip act=(320,360) d=3.15 a=1 | sp=preview:active d=3.2 age=2 dtg=5.86 region=0_13
ep=115 s=59 21201ms [sel=7 cap=20692 rest=465] sg=5->5 mode=NONE win=8 obs=60 | cap=wip act=(320,360) d=2.91 a=1 | preview=view-/6 yaw=+0 render=37ms | sp=preview:active d=2.9 age=3 dtg=6.11 region=0_16
ep=115 s=60 6867ms [sel=3 cap=6744 rest=119] sg=5->5 mode=NONE win=8 obs=61 | cap=wip act=(320,360) d=2.67 a=1 | sp=preview:active d=2.7 age=4 dtg=6.36 region=0_28
ep=115 s=61 7171ms [sel=3 cap=7055 rest=113] sg=5->5 mode=NONE win=8 obs=62 | cap=wip act=(320,360) d=2.43 a=2 | sp=preview:active d=2.4 age=5 dtg=6.36 region=0_28
ep=115 s=62 8772ms [sel=21 cap=8271 rest=445] sg=5->5 mode=NONE win=8 obs=63 | cap=wip act=(160,180) d=3.83 a=1 | preview=view2/6 yaw=-30 render=35ms | sp=preview:active d=3.8 age=0 dtg=6.61 region=0_28
ep=115 s=63 12260ms [sel=3 cap=12143 rest=113] sg=5->5 mode=NONE win=8 obs=64 | cap=wip act=(320,360) d=3.58 a=1 | sp=preview:active d=3.6 age=1 dtg=6.85 region=0_28
ep=115 s=64 7532ms [sel=4 cap=7413 rest=115] sg=5->5 mode=NONE win=8 obs=65 | cap=wip act=(320,360) d=3.33 a=1 | sp=preview:active d=3.3 age=2 dtg=7.10 region=0_28
ep=115 s=65 19497ms [sel=4 cap=18977 rest=476] sg=5->5 mode=NONE win=8 obs=66 | cap=wip act=(320,360) d=3.08 a=1 | preview=view-/6 yaw=+0 render=39ms | sp=preview:active d=3.1 age=3 dtg=7.34 region=0_28
ep=115 s=66 5511ms [sel=3 cap=5401 rest=107] sg=5->5 mode=NONE win=8 obs=67 | cap=wip act=(320,360) d=2.83 a=1 | sp=preview:active d=2.8 age=4 dtg=7.59 region=0_28
ep=115 s=67 5652ms [sel=3 cap=5545 rest=104] sg=5->5 mode=NONE win=8 obs=68 | cap=wip act=(320,360) d=2.58 a=1 | sp=preview:active d=2.6 age=5 dtg=7.84 region=0_28
ep=115 s=68 8008ms [sel=4 cap=7905 rest=98] sg=5->5 mode=NONE win=8 obs=69 | cap=wip act=(320,360) d=2.33 a=1 | sp=preview:active d=2.3 age=6 dtg=8.09 region=0_28
ep=115 s=69 9873ms [sel=4 cap=9769 rest=101] sg=5->5 mode=NONE win=8 obs=70 | cap=wip act=(320,360) d=2.08 a=1 | sp=preview:active d=2.1 age=7 dtg=8.34 region=0_28
ep=115 s=70 17436ms [sel=6 cap=16922 rest=471] sg=5->None mode=NONE win=8 obs=71 | cap=DONE act=(320,360) d=1.00 a=1 | preview=view-/6 yaw=+0 render=37ms | sp=preview:active d=1.8 age=8 door_evts=2 dtg=8.58 region=0_28
ep=115 s=71 105ms [sel=4 cap=0 rest=101] sg=None->None mode=NONE win=8 obs=72 | cap=- act=(320,360) d=1.00 a=1 | sp=preview:active d=1.6 age=9 door_evts=2 dtg=8.83 region=0_28
ep=115 s=72 103ms [sel=4 cap=0 rest=99] sg=None->None mode=NONE win=8 obs=73 | cap=- act=(320,360) d=1.00 a=1 | sp=preview:active d=1.3 age=10 door_evts=2 dtg=9.08 region=0_28
ep=115 s=73 103ms [sel=0 cap=0 rest=103] sg=None->None mode=NONE win=8 obs=74 | cap=- act=STOP | sp=preview:active d=1.1 age=11 door_evts=2 dtg=9.08 region=0_28
rank=3 [1/12] id=115 steps=74 success=0.000 spl=0.000 dtg=9.08 osr=0 path_length=10.75 ndtw=0.240 sdtw=0.000
PluginManager::Manager: duplicate static plugin StbImageImporter, ignoring
PluginManager::Manager: duplicate static plugin GltfImporter, ignoring
PluginManager::Manager: duplicate static plugin BasisImporter, ignoring
PluginManager::Manager: duplicate static plugin AssimpImporter, ignoring
PluginManager::Manager: duplicate static plugin AnySceneImporter, ignoring
PluginManager::Manager: duplicate static plugin AnyImageImporter, ignoring
episode=196 instruction='Down the stairs. Into the room on the right. Wait in the bathroom doorway.' start_position=[0.12950299680233002, -0.6060321927070618, 9.819129943847656] goal_position=[1.2472000122070312, -2.381938934326172, 4.632919788360596] reference_geodesic=8.350931167602539
episode=196 prepared_subgoals=3
  [1] Go down the stairs
      proof: The stairs are behind the camera and the lower floor hallway fills the view.
  [2] Walk into the room on the right
      proof: The room’s interior is central in the view and the doorway is behind the camera.
  [3] Stop beside the bathroom doorway
      proof: The bathroom doorway is directly ahead and within a step, with no further movement
ep=196 s=0 19978ms [sel=7 cap=19509 rest=417] sg=1->1 mode=NONE win=1 obs=1 | cap=wip act=PREVIEW a=2 | preview=view1/6 yaw=-45 render=47ms dtg=8.35 region=0_14
ep=196 s=1 12695ms [sel=3138 cap=9414 rest=143] sg=1->1 mode=NONE win=2 obs=2 | cap=wip act=(320,360) d=2.25 a=3 | sp=frontier:active d=2.3 age=0 som=1/3 dtg=8.35 region=0_14
ep=196 s=2 6324ms [sel=6 cap=6183 rest=136] sg=1->1 mode=NONE win=3 obs=3 | cap=wip act=TURN request=+45deg execute=+15deg x1 a=3 | sp=frontier:active d=2.3 age=1 dtg=8.35 region=0_14
ep=196 s=3 7751ms [sel=5 cap=7616 rest=129] sg=1->1 mode=GET_NOWHERE win=4 obs=4 | cap=wip/GET_NOWHERE act=TURN request=+45deg execute=+15deg x1 a=3 | sp=frontier:active d=2.3 age=2 dtg=8.35 region=0_14
ep=196 s=4 5648ms [sel=5 cap=5514 rest=128] sg=1->1 mode=NONE win=5 obs=5 | cap=wip act=TURN request=+45deg execute=+15deg x1 a=3 | sp=frontier:active d=2.3 age=3 dtg=8.35 region=0_14
ep=196 s=5 8245ms [sel=5 cap=8114 rest=126] sg=1->1 mode=NONE win=6 obs=6 | cap=wip act=TURN request=+45deg execute=+15deg x1 a=3 | sp=frontier:active d=2.3 age=4 dtg=8.35 region=0_14
ep=196 s=6 4883ms [sel=5 cap=4758 rest=119] sg=1->1 mode=NONE win=7 obs=7 | cap=wip act=TURN request=+45deg execute=+15deg x1 a=3 | sp=frontier:active d=2.3 age=5 dtg=8.35 region=0_14
ep=196 s=7 8024ms [sel=5 cap=7894 rest=125] sg=1->1 mode=NONE win=8 obs=8 | cap=wip act=TURN request=+45deg execute=+15deg x1 a=3 | sp=frontier:active d=2.3 age=6 dtg=8.35 region=0_14
ep=196 s=8 5719ms [sel=5 cap=5581 rest=133] sg=1->1 mode=NONE win=8 obs=9 | cap=wip act=TURN request=+45deg execute=+15deg x1 a=3 | sp=frontier:active d=2.3 age=7 dtg=8.35 region=0_14
ep=196 s=9 3252ms [sel=4 cap=3125 rest=123] sg=1->1 mode=NONE win=8 obs=10 | cap=wip act=(320,360) d=2.25 a=3 | sp=frontier:active d=2.3 age=8 dtg=8.35 region=0_14
ep=196 s=10 8816ms [sel=3 cap=8690 rest=123] sg=1->1 mode=NONE win=8 obs=11 | cap=wip act=(320,360) d=2.25 a=3 | sp=frontier:active d=2.3 age=9 dtg=8.35 region=0_14
ep=196 s=11 7750ms [sel=3 cap=7627 rest=120] sg=1->1 mode=NONE win=8 obs=12 | cap=wip act=(320,360) d=2.25 a=1 | sp=frontier:active d=2.3 age=10 dtg=8.07 region=0_14
ep=196 s=12 7269ms [sel=3 cap=7144 rest=122] sg=1->1 mode=NONE win=8 obs=13 | cap=wip act=(320,360) d=2.01 a=3 | sp=frontier:active d=2.0 age=11 dtg=8.07 region=0_14
ep=196 s=13 7077ms [sel=3 cap=6953 rest=121] sg=1->1 mode=NONE win=8 obs=14 | cap=wip act=(320,360) d=2.01 a=1 | sp=frontier:active d=2.0 age=12 dtg=7.78 region=0_14
ep=196 s=14 8003ms [sel=3 cap=7878 rest=122] sg=1->1 mode=NONE win=8 obs=15 | cap=wip act=(320,360) d=1.76 a=1 | sp=frontier:active d=1.8 age=13 dtg=7.49 region=0_14
ep=196 s=15 14406ms [sel=24 cap=14262 rest=120] sg=1->2 mode=NONE win=8 obs=16 | cap=DONE act=(320,360) d=2.21 a=1 | sp=frontier:active d=2.2 age=0 dtg=7.26 region=0_14
ep=196 s=16 4999ms [sel=4 cap=4876 rest=119] sg=2->2 mode=NONE win=8 obs=17 | cap=wip act=(320,360) d=2.05 a=1 | sp=frontier:active d=2.0 age=1 dtg=7.01 region=0_14
ep=196 s=17 4529ms [sel=4 cap=4404 rest=120] sg=2->2 mode=NONE win=8 obs=18 | cap=wip act=(320,360) d=1.90 a=1 | sp=frontier:active d=1.9 age=2 dtg=6.74 region=0_14
ep=196 s=18 6355ms [sel=4 cap=6226 rest=125] sg=2->2 mode=NONE win=8 obs=19 | cap=wip act=(320,360) d=1.78 a=3 | sp=frontier:active d=1.8 age=3 dtg=6.74 region=0_14
ep=196 s=19 10173ms [sel=5109 cap=4943 rest=120] sg=2->3 mode=NONE win=8 obs=20 | cap=DONE act=(320,360) d=1.78 a=3 | sp=frontier:active d=1.8 age=0 som=2/6 dtg=6.74 region=0_14
ep=196 s=20 11077ms [sel=3 cap=10948 rest=126] sg=3->3 mode=NONE win=8 obs=21 | cap=wip act=(320,360) d=1.78 a=1 | sp=frontier:active d=1.8 age=1 dtg=6.50 region=0_14
ep=196 s=21 5355ms [sel=3 cap=5221 rest=131] sg=3->3 mode=NONE win=8 obs=22 | cap=wip act=(320,360) d=1.59 a=3 | sp=frontier:active d=1.6 age=2 dtg=6.50 region=0_14
ep=196 s=22 3474ms [sel=7 cap=3342 rest=125] sg=3->3 mode=NONE win=8 obs=23 | cap=wip act=(320,360) d=1.59 a=1 | sp=frontier:active d=1.6 age=3 dtg=6.27 region=0_14
ep=196 s=23 14048ms [sel=18 cap=13561 rest=430] sg=3->3 mode=NONE win=8 obs=24 | cap=wip act=(160,180) d=1.36 a=3 | preview=view4/6 yaw=+45 render=38ms | sp=preview:active d=1.4 age=0 dtg=6.27 region=0_14
ep=196 s=24 7421ms [sel=3 cap=7289 rest=129] sg=3->3 mode=NONE win=8 obs=25 | cap=wip act=(320,360) d=1.36 a=1 | sp=preview:active d=1.4 age=1 dtg=6.09 region=0_14
ep=196 s=25 8761ms [sel=3 cap=8631 rest=127] sg=3->3 mode=NONE win=8 obs=26 | cap=wip act=(320,360) d=1.12 a=1 | sp=preview:active d=1.1 age=2 dtg=5.91 region=0_14
ep=196 s=26 20994ms [sel=6 cap=20466 rest=483] sg=3->None mode=NONE win=8 obs=27 | cap=DONE act=(320,360) d=1.00 a=1 | preview=view-/6 yaw=+0 render=38ms | sp=preview:active d=0.9 age=3 dtg=5.70 region=0_14
ep=196 s=27 138ms [sel=4 cap=0 rest=134] sg=None->None mode=NONE win=8 obs=28 | cap=- act=(320,360) d=1.00 a=1 | sp=preview:active d=0.7 age=4 dtg=5.52 region=0_14
ep=196 s=28 136ms [sel=4 cap=0 rest=132] sg=None->None mode=NONE win=8 obs=29 | cap=- act=STOP | sp=preview:reached d=0.5 age=5 dtg=5.52 region=0_14
rank=3 [2/12] id=196 steps=29 success=0.000 spl=0.000 dtg=5.52 osr=0 path_length=3.35 ndtw=0.560 sdtw=0.000
PluginManager::Manager: duplicate static plugin StbImageImporter, ignoring
PluginManager::Manager: duplicate static plugin GltfImporter, ignoring
PluginManager::Manager: duplicate static plugin BasisImporter, ignoring
PluginManager::Manager: duplicate static plugin AssimpImporter, ignoring
PluginManager::Manager: duplicate static plugin AnySceneImporter, ignoring
PluginManager::Manager: duplicate static plugin AnyImageImporter, ignoring
episode=356 instruction='Upstairs, right, into the bedroom, toward the night stand on the left side of the bed, left, toward the white rug, facing the closet turn right into the second door, halt in front of the toilet.' start_position=[0.9583550095558167, 3.11130428314209, -4.9011101722717285] goal_position=[6.905529975891113, 3.6244001388549805, -5.539549827575684] reference_geodesic=8.459192276000977
episode=356 prepared_subgoals=6
  [1] Go upstairs
      proof: The upstairs is beside or directly ahead of the camera, within a step; the camera has not yet turned right.
  [2] Turn right at the top of the stairs, then enter the bedroom
      proof: The bedroom interior is central in the view.
  [3] Walk toward the night stand on the left side of the bed
      proof: The night stand on the left side of the bed is beside or directly ahead of the camera, within a step; the camera has not yet turned left.
  [4] Turn left until the white rug is centered ahead, then walk toward the white rug
      proof: The white rug is beside or directly ahead of the camera, within a step; the camera has not yet turned right.
  [5] Turn right into the second door, then enter the second door
      proof: The bathroom interior is central in the view.
  [6] Halt in front of the toilet
      proof: The toilet is directly ahead of the camera, within a step
ep=356 s=0 8735ms [sel=6 cap=8212 rest=478] sg=1->1 mode=NONE win=1 obs=1 | cap=wip act=PREVIEW a=2 | preview=view2/6 yaw=+0 render=39ms dtg=8.46 region=1_26
ep=356 s=1 9454ms [sel=3671 cap=5673 rest=110] sg=1->1 mode=NONE win=2 obs=2 | cap=wip act=TURN request=+45deg execute=+15deg x1 a=3 som=1/5 dtg=8.46 region=1_26
ep=356 s=2 7750ms [sel=0 cap=7643 rest=108] sg=1->1 mode=NONE win=3 obs=3 | cap=wip act=TURN request=+45deg execute=+15deg x1 a=3 dtg=8.46 region=1_26
ep=356 s=3 6756ms [sel=0 cap=6656 rest=99] sg=1->1 mode=NONE win=4 obs=4 | cap=wip act=TURN request=+45deg execute=+15deg x1 a=3 dtg=8.46 region=1_26
ep=356 s=4 6614ms [sel=0 cap=6521 rest=93] sg=1->1 mode=NONE win=5 obs=5 | cap=wip act=TURN request=+45deg execute=+15deg x1 a=3 dtg=8.46 region=1_26
ep=356 s=5 5922ms [sel=0 cap=5824 rest=98] sg=1->1 mode=NONE win=6 obs=6 | cap=wip act=TURN request=+45deg execute=+15deg x1 a=3 dtg=8.46 region=1_26
ep=356 s=6 10425ms [sel=4454 cap=5866 rest=105] sg=1->1 mode=NONE win=7 obs=7 | cap=wip act=(320,360) d=2.35 a=3 | sp=som:active d=2.4 age=0 som=3/6 dtg=8.46 region=1_26
ep=356 s=7 7342ms [sel=3 cap=6856 rest=448] sg=1->1 mode=NONE win=8 obs=8 | cap=wip act=(320,360) d=2.35 a=1 | preview=view-/6 yaw=+0 render=36ms | sp=som:active d=2.4 age=1 dtg=8.76 region=1_26
ep=356 s=8 6751ms [sel=3 cap=6655 rest=93] sg=1->1 mode=NONE win=8 obs=9 | cap=wip act=(320,360) d=2.12 a=3 | sp=som:active d=2.1 age=2 dtg=8.76 region=1_26
ep=356 s=9 5391ms [sel=4 cap=5304 rest=83] sg=1->1 mode=NONE win=8 obs=10 | cap=wip act=(320,360) d=2.12 a=1 | sp=som:active d=2.1 age=3 dtg=9.08 region=1_26
ep=356 s=10 4852ms [sel=4 cap=4760 rest=88] sg=1->1 mode=NONE win=8 obs=11 | cap=wip act=(320,360) d=1.94 a=2 | sp=som:active d=1.9 age=4 dtg=9.08 region=1_26
ep=356 s=11 5131ms [sel=3 cap=5036 rest=93] sg=1->1 mode=NONE win=8 obs=12 | cap=wip act=(320,360) d=1.94 a=1 | sp=som:active d=1.9 age=5 dtg=9.38 region=1_26
ep=356 s=12 7350ms [sel=3 cap=7258 rest=89] sg=1->1 mode=NONE win=8 obs=13 | cap=wip act=(320,360) d=1.73 a=2 | sp=som:active d=1.7 age=6 dtg=9.38 region=1_26
ep=356 s=13 4954ms [sel=3 cap=4861 rest=90] sg=1->1 mode=NONE win=8 obs=14 | cap=wip act=(320,360) d=1.73 a=2 | sp=som:active d=1.7 age=7 dtg=9.38 region=1_26
ep=356 s=14 7928ms [sel=6 cap=7826 rest=95] sg=1->1 mode=NONE win=8 obs=15 | cap=wip act=(320,360) d=1.73 a=1 | sp=som:active d=1.7 age=8 dtg=9.53 region=1_26
ep=356 s=15 9851ms [sel=3 cap=9754 rest=94] sg=1->1 mode=NONE win=8 obs=16 | cap=wip act=(320,360) d=1.48 a=1 | sp=som:active d=1.5 age=9 dtg=9.85 region=1_26
ep=356 s=16 12193ms [sel=6 cap=12100 rest=87] sg=1->1 mode=NONE win=8 obs=17 | cap=wip act=(320,360) d=1.23 a=1 | sp=som:active d=1.2 age=10 dtg=10.12 region=1_26
ep=356 s=17 7752ms [sel=5 cap=7660 rest=87] sg=1->1 mode=NONE win=8 obs=18 | cap=wip act=(320,360) d=0.98 a=1 | sp=som:active d=1.0 age=11 dtg=10.41 region=1_26
ep=356 s=18 9028ms [sel=4 cap=8938 rest=86] sg=1->1 mode=NONE win=8 obs=19 | cap=wip act=(320,360) d=0.74 a=2 | sp=som:active d=0.7 age=12 dtg=10.41 region=1_26
ep=356 s=19 7576ms [sel=4 cap=7484 rest=88] sg=1->1 mode=NONE win=8 obs=20 | cap=wip act=(320,360) d=0.74 a=1 | sp=som:active d=0.7 age=13 dtg=10.66 region=1_26
ep=356 s=20 10183ms [sel=31 cap=10063 rest=90] sg=1->1 mode=NONE win=8 obs=21 | cap=wip act=(320,360) d=1.16 a=2 | sp=frontier:active d=1.2 age=0 dtg=10.66 region=1_26
ep=356 s=21 10164ms [sel=0 cap=10070 rest=94] sg=1->2 mode=NONE win=8 obs=22 | cap=DONE act=TURN request=+45deg execute=+15deg x1 a=3 | sp=frontier:active d=1.2 age=1 dtg=10.66 region=1_26
ep=356 s=22 9104ms [sel=0 cap=9009 rest=95] sg=2->2 mode=NONE win=8 obs=23 | cap=wip act=TURN request=+45deg execute=+15deg x1 a=3 dtg=10.66 region=1_26
ep=356 s=23 12265ms [sel=0 cap=12179 rest=86] sg=2->2 mode=NONE win=8 obs=24 | cap=wip act=TURN request=+45deg execute=+15deg x1 a=3 dtg=10.66 region=1_26
ep=356 s=24 10150ms [sel=0 cap=10068 rest=82] sg=2->2 mode=NONE win=8 obs=25 | cap=wip act=TURN request=+45deg execute=+15deg x1 a=3 dtg=10.66 region=1_26
ep=356 s=25 9997ms [sel=0 cap=9920 rest=76] sg=2->2 mode=NONE win=8 obs=26 | cap=wip act=TURN request=+45deg execute=+15deg x1 a=3 dtg=10.66 region=1_26
ep=356 s=26 13791ms [sel=3921 cap=9805 rest=65] sg=2->2 mode=NONE win=8 obs=27 | cap=wip act=(320,465) d=1.01 a=1 | sp=straight_ahead:reached d=0.3 age=0 som=2/5 dtg=10.89 region=1_26
ep=356 s=27 14347ms [sel=4428 cap=9856 rest=63] sg=2->2 mode=NONE win=8 obs=28 | cap=wip act=TURN request=+45deg execute=+15deg x1 a=3 | sp=straight_ahead:reached d=0.3 age=1 som=1/4 dtg=10.89 region=1_26
ep=356 s=28 10051ms [sel=0 cap=9983 rest=68] sg=2->2 mode=NONE win=8 obs=29 | cap=wip act=TURN request=+45deg execute=+15deg x1 a=3 dtg=10.89 region=1_26
ep=356 s=29 10265ms [sel=0 cap=10200 rest=65] sg=2->2 mode=NONE win=8 obs=30 | cap=wip act=TURN request=+45deg execute=+15deg x1 a=3 dtg=10.89 region=1_26
ep=356 s=30 6274ms [sel=0 cap=6208 rest=67] sg=2->2 mode=NONE win=8 obs=31 | cap=wip act=TURN request=+45deg execute=+15deg x1 a=3 dtg=10.89 region=1_26
ep=356 s=31 11071ms [sel=0 cap=10998 rest=73] sg=2->2 mode=WALL_STUCK win=8 obs=32 | cap=wip/WALL_STUCK act=TURN request=+45deg execute=+15deg x1 a=3 dtg=10.89 region=1_26
ep=356 s=32 13324ms [sel=0 cap=13247 rest=77] sg=2->2 mode=NONE win=8 obs=33 | cap=wip act=TURN request=+45deg execute=+15deg x1 a=3 dtg=10.89 region=1_26
ep=356 s=33 6093ms [sel=0 cap=6013 rest=80] sg=2->2 mode=NONE win=8 obs=34 | cap=wip act=TURN request=+45deg execute=+15deg x1 a=3 dtg=10.89 region=1_26
ep=356 s=34 9574ms [sel=0 cap=9194 rest=341] sg=2->2 mode=NONE win=8 obs=35 | cap=wip act=TURN request=+45deg execute=+15deg x1 a=3 | preview=view-/6 yaw=+0 render=39ms dtg=10.89 region=1_26
ep=356 s=35 9968ms [sel=0 cap=9877 rest=91] sg=2->2 mode=NONE win=8 obs=36 | cap=wip act=TURN request=+45deg execute=+15deg x1 a=3 dtg=10.89 region=1_26
ep=356 s=36 9351ms [sel=0 cap=9253 rest=98] sg=2->2 mode=NONE win=8 obs=37 | cap=wip act=TURN request=+45deg execute=+15deg x1 a=3 dtg=10.89 region=1_26
ep=356 s=37 13412ms [sel=24 cap=12972 rest=374] sg=2->2 mode=NONE win=8 obs=38 | cap=wip act=(160,180) d=4.10 a=3 | preview=view5/6 yaw=+135 render=42ms | sp=preview:active d=4.1 age=0 dtg=10.89 region=1_26
ep=356 s=38 9038ms [sel=6 cap=8922 rest=110] sg=2->2 mode=NONE win=8 obs=39 | cap=wip act=(320,360) d=4.10 a=3 | sp=preview:active d=4.1 age=1 dtg=10.89 region=1_26
ep=356 s=39 9885ms [sel=6 cap=9773 rest=106] sg=2->2 mode=NONE win=8 obs=40 | cap=wip act=(320,360) d=4.10 a=3 | sp=preview:active d=4.1 age=2 dtg=10.89 region=1_26
ep=356 s=40 8428ms [sel=6 cap=8316 rest=107] sg=2->2 mode=NONE win=8 obs=41 | cap=wip act=(320,360) d=4.10 a=3 | sp=preview:active d=4.1 age=3 dtg=10.89 region=1_26
ep=356 s=41 11025ms [sel=20 cap=10561 rest=408] sg=2->2 mode=NONE win=8 obs=42 | cap=wip act=(160,180) d=4.10 a=3 | preview=view4/6 yaw=+75 render=37ms | sp=preview:active d=4.1 age=0 dtg=10.89 region=1_26
ep=356 s=42 10783ms [sel=6 cap=10672 rest=105] sg=2->2 mode=NONE win=8 obs=43 | cap=wip act=(320,360) d=4.10 a=3 | sp=preview:active d=4.1 age=1 dtg=10.89 region=1_26
ep=356 s=43 9450ms [sel=4 cap=9344 rest=102] sg=2->2 mode=NONE win=8 obs=44 | cap=wip act=(320,360) d=4.10 a=3 | sp=preview:active d=4.1 age=2 dtg=10.89 region=1_26
ep=356 s=44 15316ms [sel=3 cap=14869 rest=407] sg=2->2 mode=NONE win=8 obs=45 | cap=wip act=(320,360) d=4.10 a=3 | preview=view-/6 yaw=+0 render=37ms | sp=preview:active d=4.1 age=3 dtg=10.89 region=1_26
ep=356 s=45 7302ms [sel=3 cap=7200 rest=98] sg=2->2 mode=NONE win=8 obs=46 | cap=wip act=(320,360) d=4.10 a=1 | sp=preview:active d=4.1 age=4 dtg=11.09 region=1_26
ep=356 s=46 8985ms [sel=3 cap=8858 rest=124] sg=2->2 mode=NONE win=8 obs=47 | cap=wip act=(320,360) d=3.85 a=1 | sp=preview:active d=3.8 age=5 dtg=11.31 region=1_26
ep=356 s=47 6980ms [sel=3 cap=6875 rest=102] sg=2->2 mode=NONE win=8 obs=48 | cap=wip act=(320,360) d=3.60 a=1 | sp=preview:active d=3.6 age=6 dtg=11.56 region=1_26
ep=356 s=48 11916ms [sel=3 cap=11810 rest=103] sg=2->2 mode=NONE win=8 obs=49 | cap=wip act=(320,360) d=3.35 a=1 | sp=preview:active d=3.3 age=7 dtg=11.82 region=1_26
ep=356 s=49 8517ms [sel=3 cap=8408 rest=106] sg=2->2 mode=NONE win=8 obs=50 | cap=wip act=(320,360) d=3.10 a=1 | sp=preview:active d=3.1 age=8 dtg=12.12 region=1_26
ep=356 s=50 10679ms [sel=3 cap=10572 rest=104] sg=2->2 mode=NONE win=8 obs=51 | cap=wip act=(320,360) d=2.85 a=1 | sp=preview:active d=2.9 age=9 dtg=12.43 region=1_26
ep=356 s=51 8967ms [sel=3 cap=8858 rest=106] sg=2->2 mode=NONE win=8 obs=52 | cap=wip act=(320,360) d=2.60 a=1 | sp=preview:active d=2.6 age=10 dtg=12.74 region=1_26
ep=356 s=52 10210ms [sel=3 cap=9692 rest=478] sg=2->2 mode=NONE win=8 obs=53 | cap=wip act=(320,360) d=2.35 a=1 | preview=view-/6 yaw=+0 render=37ms | sp=preview:active d=2.4 age=11 dtg=13.06 region=1_26
ep=356 s=53 12697ms [sel=3 cap=12581 rest=113] sg=2->2 mode=NONE win=8 obs=54 | cap=wip act=(320,360) d=2.10 a=1 | sp=preview:active d=2.1 age=12 dtg=13.38 region=1_9
ep=356 s=54 6925ms [sel=4 cap=6812 rest=108] sg=2->2 mode=NONE win=8 obs=55 | cap=wip act=(320,360) d=1.85 a=1 | sp=preview:active d=1.9 age=13 dtg=13.57 region=1_9
ep=356 s=55 11696ms [sel=32 cap=11556 rest=108] sg=2->2 mode=NONE win=8 obs=56 | cap=wip act=(320,360) d=0.96 a=1 | sp=frontier:active d=1.0 age=0 dtg=13.78 region=1_9
ep=356 s=56 8577ms [sel=6 cap=8461 rest=109] sg=2->2 mode=NONE win=8 obs=57 | cap=wip act=(320,360) d=0.80 a=2 | sp=frontier:active d=0.8 age=1 dtg=13.78 region=1_9
ep=356 s=57 11223ms [sel=3 cap=11114 rest=105] sg=2->2 mode=NONE win=8 obs=58 | cap=wip act=(320,360) d=0.80 a=1 | sp=frontier:active d=0.8 age=2 dtg=13.97 region=1_9
ep=356 s=58 7095ms [sel=6 cap=6986 rest=104] sg=2->2 mode=NONE win=8 obs=59 | cap=wip act=(320,360) d=0.63 a=2 | sp=frontier:active d=0.6 age=3 dtg=13.97 region=1_9
ep=356 s=59 5707ms [sel=4 cap=5600 rest=103] sg=2->2 mode=NONE win=8 obs=60 | cap=wip act=(320,360) d=0.63 a=2 | sp=frontier:active d=0.6 age=4 dtg=13.97 region=1_9
ep=356 s=60 10039ms [sel=4 cap=9921 rest=114] sg=2->2 mode=NONE win=8 obs=61 | cap=wip act=(320,360) d=0.63 a=1 | sp=frontier:active d=0.6 age=5 dtg=14.11 region=1_9
ep=356 s=61 9602ms [sel=2328 cap=7165 rest=108] sg=2->2 mode=NONE win=8 obs=62 | cap=wip act=(320,360) d=1.34 a=1 | sp=som:active d=1.3 age=0 som=4/8 dtg=14.38 region=1_9
ep=356 s=62 12525ms [sel=3 cap=12412 rest=110] sg=2->2 mode=NONE win=8 obs=63 | cap=wip act=(320,360) d=1.10 a=1 | sp=som:active d=1.1 age=1 dtg=14.56 region=1_9
ep=356 s=63 7275ms [sel=4 cap=7165 rest=106] sg=2->2 mode=NONE win=8 obs=64 | cap=wip act=(320,360) d=0.86 a=1 | sp=som:active d=0.9 age=2 dtg=14.76 region=1_9
ep=356 s=64 14253ms [sel=4 cap=14140 rest=109] sg=2->2 mode=NONE win=8 obs=65 | cap=wip act=(320,360) d=0.63 a=2 | sp=som:active d=0.6 age=3 dtg=14.76 region=1_9
ep=356 s=65 18296ms [sel=4 cap=18182 rest=110] sg=2->2 mode=NONE win=8 obs=66 | cap=wip act=(320,360) d=0.63 a=2 | sp=som:active d=0.6 age=4 dtg=14.76 region=1_9
ep=356 s=66 13767ms [sel=3 cap=13657 rest=107] sg=2->2 mode=NONE win=8 obs=67 | cap=wip act=(320,360) d=0.63 a=1 | sp=som:active d=0.6 age=5 dtg=14.88 region=1_9
ep=356 s=67 14471ms [sel=4457 cap=9907 rest=106] sg=2->2 mode=NONE win=8 obs=68 | cap=wip act=(320,365) d=1.49 a=1 | sp=straight_ahead:reached d=0.4 age=0 som=4/6 dtg=15.02 region=1_9
ep=356 s=68 11619ms [sel=71 cap=11442 rest=106] sg=2->2 mode=NONE win=8 obs=69 | cap=wip act=(329,404) d=1.26 a=1 | sp=straight_ahead:reached d=0.4 age=0 dtg=15.27 region=1_9
ep=356 s=69 10241ms [sel=80 cap=10056 rest=105] sg=2->2 mode=NONE win=8 obs=70 | cap=wip act=(346,460) d=1.03 a=1 | sp=straight_ahead:reached d=0.4 age=0 dtg=15.46 region=1_9
ep=356 s=70 12226ms [sel=199 cap=11930 rest=97] sg=2->2 mode=NONE win=8 obs=71 | cap=wip act=TURN request=-45deg execute=-15deg x1 a=2 | sp=straight_ahead:reached d=0.4 age=1 dtg=15.46 region=1_9
ep=356 s=71 9092ms [sel=0 cap=8985 rest=107] sg=2->2 mode=NONE win=8 obs=72 | cap=wip act=TURN request=-45deg execute=-15deg x1 a=2 dtg=15.46 region=1_9
ep=356 s=72 9849ms [sel=0 cap=9734 rest=114] sg=2->2 mode=NONE win=8 obs=73 | cap=wip act=TURN request=-45deg execute=-15deg x1 a=2 dtg=15.46 region=1_9
ep=356 s=73 9805ms [sel=0 cap=9686 rest=119] sg=2->2 mode=NONE win=8 obs=74 | cap=wip act=TURN request=-45deg execute=-15deg x1 a=2 dtg=15.46 region=1_9
ep=356 s=74 12765ms [sel=0 cap=12304 rest=426] sg=2->2 mode=NONE win=8 obs=75 | cap=wip act=TURN request=-45deg execute=-15deg x1 a=2 | preview=view-/6 yaw=+0 render=35ms dtg=15.46 region=1_9
ep=356 s=75 10661ms [sel=0 cap=10525 rest=135] sg=2->2 mode=NONE win=8 obs=76 | cap=wip act=TURN request=-45deg execute=-15deg x1 a=2 dtg=15.46 region=1_9
ep=356 s=76 7563ms [sel=0 cap=7424 rest=139] sg=2->2 mode=NONE win=8 obs=77 | cap=wip act=TURN request=-45deg execute=-15deg x1 a=2 dtg=15.46 region=1_9
ep=356 s=77 12422ms [sel=0 cap=12293 rest=129] sg=2->2 mode=NONE win=8 obs=78 | cap=wip act=TURN request=-45deg execute=-15deg x1 a=2 dtg=15.46 region=1_9
ep=356 s=78 11202ms [sel=0 cap=11077 rest=125] sg=2->2 mode=NONE win=8 obs=79 | cap=wip act=TURN request=-45deg execute=-15deg x1 a=2 dtg=15.46 region=1_9
ep=356 s=79 11781ms [sel=0 cap=11659 rest=122] sg=2->2 mode=NONE win=8 obs=80 | cap=wip act=TURN request=-45deg execute=-15deg x1 a=2 dtg=15.46 region=1_9
ep=356 s=80 14519ms [sel=33 cap=14363 rest=124] sg=2->2 mode=NONE win=8 obs=81 | cap=wip act=(320,360) d=2.78 a=1 | sp=frontier:active d=2.8 age=0 dtg=15.20 region=1_9
ep=356 s=81 8007ms [sel=3 cap=7493 rest=476] sg=2->2 mode=NONE win=8 obs=82 | cap=wip act=(320,360) d=2.53 a=1 | preview=view-/6 yaw=+0 render=35ms | sp=frontier:active d=2.5 age=1 dtg=14.96 region=1_9
ep=356 s=82 5306ms [sel=3 cap=5181 rest=122] sg=2->2 mode=NONE win=8 obs=83 | cap=wip act=(320,360) d=2.28 a=1 | sp=frontier:active d=2.3 age=2 dtg=14.72 region=1_9
ep=356 s=83 10467ms [sel=5 cap=10342 rest=120] sg=2->2 mode=NONE win=8 obs=84 | cap=wip act=(320,360) d=2.04 a=1 | sp=frontier:active d=2.0 age=3 dtg=14.42 region=1_9
ep=356 s=84 12501ms [sel=7 cap=12372 rest=122] sg=2->2 mode=NONE win=8 obs=85 | cap=wip act=(320,360) d=1.79 a=1 | sp=frontier:active d=1.8 age=4 dtg=14.19 region=1_9
ep=356 s=85 10090ms [sel=6 cap=9957 rest=127] sg=2->2 mode=NONE win=8 obs=86 | cap=wip act=(320,360) d=1.54 a=1 | sp=frontier:active d=1.5 age=5 dtg=13.97 region=1_9
ep=356 s=86 12472ms [sel=3 cap=12317 rest=152] sg=2->2 mode=NONE win=8 obs=87 | cap=wip act=(320,360) d=1.29 a=1 | sp=frontier:active d=1.3 age=6 dtg=13.77 region=1_9
ep=356 s=87 7119ms [sel=3 cap=6999 rest=116] sg=2->2 mode=NONE win=8 obs=88 | cap=wip act=(320,360) d=1.04 a=1 | sp=frontier:active d=1.0 age=7 dtg=13.58 region=1_9
ep=356 s=88 12196ms [sel=3 cap=12078 rest=115] sg=2->2 mode=NONE win=8 obs=89 | cap=wip act=(320,360) d=0.79 a=1 | sp=frontier:active d=0.8 age=8 dtg=13.45 region=1_9
ep=356 s=89 11050ms [sel=4 cap=10926 rest=121] sg=2->2 mode=NONE win=8 obs=90 | cap=wip act=(320,360) d=0.55 a=1 | sp=frontier:active d=0.5 age=9 dtg=13.34 region=1_9
ep=356 s=90 8429ms [sel=16 cap=7883 rest=493] sg=2->2 mode=NONE win=8 obs=91 | cap=wip act=PREVIEW a=2 | preview=view3/6 yaw=+0 render=37ms dtg=13.34 region=1_9
ep=356 s=91 14059ms [sel=4795 cap=9146 rest=118] sg=2->2 mode=NONE win=8 obs=92 | cap=wip act=TURN request=-45deg execute=-15deg x1 a=2 som=2/8 dtg=13.34 region=1_9
ep=356 s=92 8009ms [sel=0 cap=7886 rest=123] sg=2->2 mode=NONE win=8 obs=93 | cap=wip act=TURN request=-45deg execute=-15deg x1 a=2 dtg=13.34 region=1_9
ep=356 s=93 10228ms [sel=0 cap=9698 rest=493] sg=2->2 mode=NONE win=8 obs=94 | cap=wip act=TURN request=-45deg execute=-15deg x1 a=2 | preview=view-/6 yaw=+0 render=37ms dtg=13.34 region=1_9
ep=356 s=94 6670ms [sel=0 cap=6550 rest=120] sg=2->2 mode=NONE win=8 obs=95 | cap=wip act=TURN request=-45deg execute=-15deg x1 a=2 dtg=13.34 region=1_9
ep=356 s=95 11295ms [sel=0 cap=11163 rest=132] sg=2->2 mode=NONE win=8 obs=96 | cap=wip act=TURN request=-45deg execute=-15deg x1 a=2 dtg=13.34 region=1_9
ep=356 s=96 11204ms [sel=0 cap=10667 rest=500] sg=2->2 mode=NONE win=8 obs=97 | cap=wip act=TURN request=-45deg execute=-15deg x1 a=2 | preview=view-/6 yaw=+0 render=37ms dtg=13.34 region=1_9
ep=356 s=97 5308ms [sel=0 cap=5192 rest=116] sg=2->2 mode=NONE win=8 obs=98 | cap=wip act=TURN request=-45deg execute=-15deg x1 a=2 dtg=13.34 region=1_9
ep=356 s=98 7916ms [sel=0 cap=7800 rest=116] sg=2->2 mode=NONE win=8 obs=99 | cap=wip act=TURN request=-45deg execute=-15deg x1 a=2 dtg=13.34 region=1_9
ep=356 s=99 4486ms [sel=0 cap=4353 rest=132] sg=2->2 mode=NONE win=8 obs=100 | cap=wip act=TURN request=-45deg execute=-15deg x1 a=2 dtg=13.34 region=1_9
ep=356 s=100 13668ms [sel=0 cap=13063 rest=536] sg=2->2 mode=NONE win=8 obs=101 | cap=wip act=TURN request=-45deg execute=-15deg x1 a=2 | preview=view-/6 yaw=+0 render=69ms dtg=13.34 region=1_9
ep=356 s=101 6041ms [sel=0 cap=5931 rest=110] sg=2->2 mode=NONE win=8 obs=102 | cap=wip act=TURN request=-45deg execute=-15deg x1 a=2 dtg=13.34 region=1_9
ep=356 s=102 11735ms [sel=5385 cap=6232 rest=118] sg=2->2 mode=NONE win=8 obs=103 | cap=wip act=(320,360) d=1.78 a=1 | sp=som:active d=1.8 age=0 som=3/8 dtg=13.45 region=1_9
ep=356 s=103 5127ms [sel=4 cap=5008 rest=115] sg=2->2 mode=NONE win=8 obs=104 | cap=wip act=(320,360) d=1.53 a=1 | sp=som:active d=1.5 age=1 dtg=13.58 region=1_9
ep=356 s=104 5413ms [sel=3 cap=5294 rest=116] sg=2->2 mode=NONE win=8 obs=105 | cap=wip act=(320,360) d=1.29 a=1 | sp=som:active d=1.3 age=2 dtg=13.77 region=1_9
ep=356 s=105 8621ms [sel=3 cap=8498 rest=119] sg=2->2 mode=NONE win=8 obs=106 | cap=wip act=(320,360) d=1.04 a=1 | sp=som:active d=1.0 age=3 dtg=13.97 region=1_9
ep=356 s=106 9238ms [sel=4 cap=9118 rest=116] sg=2->2 mode=NONE win=8 obs=107 | cap=wip act=(320,360) d=0.80 a=1 | sp=som:active d=0.8 age=4 dtg=14.19 region=1_9
ep=356 s=107 6194ms [sel=3 cap=6073 rest=118] sg=2->2 mode=NONE win=8 obs=108 | cap=wip act=(320,360) d=0.56 a=2 | sp=som:active d=0.6 age=5 dtg=14.19 region=1_9
ep=356 s=108 5845ms [sel=4 cap=5721 rest=120] sg=2->2 mode=NONE win=8 obs=109 | cap=wip act=(320,360) d=0.56 a=1 | sp=som:active d=0.6 age=6 dtg=14.45 region=1_9
ep=356 s=109 8697ms [sel=3010 cap=5573 rest=114] sg=2->2 mode=NONE win=8 obs=110 | cap=wip act=(320,360) d=0.89 a=3 | sp=som:active d=0.9 age=0 som=5/7 dtg=14.45 region=1_9
ep=356 s=110 7306ms [sel=3 cap=7187 rest=116] sg=2->2 mode=NONE win=8 obs=111 | cap=wip act=(320,360) d=0.89 a=1 | sp=som:active d=0.9 age=1 dtg=14.69 region=1_9
ep=356 s=111 9751ms [sel=3 cap=9638 rest=110] sg=2->2 mode=NONE win=8 obs=112 | cap=wip act=(320,360) d=0.66 a=3 | sp=som:active d=0.7 age=2 dtg=14.69 region=1_9
ep=356 s=112 11331ms [sel=3 cap=11220 rest=108] sg=2->2 mode=NONE win=8 obs=113 | cap=wip act=(320,360) d=0.66 a=3 | sp=som:active d=0.7 age=3 dtg=14.69 region=1_9
ep=356 s=113 5848ms [sel=3 cap=5746 rest=99] sg=2->2 mode=NONE win=8 obs=114 | cap=wip act=(320,360) d=0.66 a=1 | sp=som:active d=0.7 age=4 dtg=14.93 region=1_9
ep=356 s=114 7106ms [sel=1551 cap=5452 rest=103] sg=2->2 mode=NONE win=8 obs=115 | cap=wip act=(311,408) d=1.24 a=1 | sp=straight_ahead:reached d=0.4 age=0 som=2/6 dtg=15.18 region=1_9
ep=356 s=115 11923ms [sel=3157 cap=8657 rest=109] sg=2->2 mode=NONE win=8 obs=116 | cap=wip act=(304,468) d=1.00 a=1 | sp=straight_ahead:reached d=0.2 age=0 som=1/4 dtg=15.35 region=1_9
ep=356 s=116 6656ms [sel=236 cap=6297 rest=123] sg=2->2 mode=NONE win=8 obs=117 | cap=wip act=TURN request=-45deg execute=-15deg x1 a=2 | sp=straight_ahead:reached d=0.2 age=1 ovr=1 dtg=15.35 region=1_9
ep=356 s=117 7042ms [sel=0 cap=6933 rest=109] sg=2->2 mode=NONE win=8 obs=118 | cap=wip act=TURN request=-45deg execute=-15deg x1 a=2 | sp=- ovr=1 dtg=15.35 region=1_9
ep=356 s=118 6292ms [sel=0 cap=6188 rest=104] sg=2->2 mode=NONE win=8 obs=119 | cap=wip act=TURN request=-45deg execute=-15deg x1 a=2 | sp=- ovr=1 dtg=15.35 region=1_9
ep=356 s=119 10043ms [sel=0 cap=9940 rest=102] sg=2->2 mode=NONE win=8 obs=120 | cap=wip act=TURN request=-45deg execute=-15deg x1 a=2 | sp=- ovr=1 dtg=15.35 region=1_9
ep=356 s=120 10478ms [sel=0 cap=10379 rest=99] sg=2->2 mode=NONE win=8 obs=121 | cap=wip act=TURN request=-45deg execute=-15deg x1 a=2 | sp=- ovr=1 dtg=15.35 region=1_9
ep=356 s=121 12670ms [sel=0 cap=12570 rest=101] sg=2->2 mode=NONE win=8 obs=122 | cap=wip act=TURN request=-45deg execute=-15deg x1 a=2 | sp=- ovr=1 dtg=15.35 region=1_9
ep=356 s=122 10281ms [sel=0 cap=10172 rest=109] sg=2->2 mode=NONE win=8 obs=123 | cap=wip act=TURN request=-45deg execute=-15deg x1 a=2 | sp=- ovr=1 dtg=15.35 region=1_9
ep=356 s=123 7464ms [sel=0 cap=6990 rest=437] sg=2->2 mode=NONE win=8 obs=124 | cap=wip act=TURN request=-45deg execute=-15deg x1 a=2 | preview=view-/6 yaw=+0 render=36ms | sp=- ovr=1 dtg=15.35 region=1_9
ep=356 s=124 8759ms [sel=0 cap=8639 rest=120] sg=2->2 mode=NONE win=8 obs=125 | cap=wip act=TURN request=-45deg execute=-15deg x1 a=2 | sp=- ovr=1 dtg=15.35 region=1_9
ep=356 s=125 12524ms [sel=0 cap=12396 rest=128] sg=2->2 mode=NONE win=8 obs=126 | cap=wip act=TURN request=-45deg execute=-15deg x1 a=2 | sp=- ovr=1 dtg=15.35 region=1_9
ep=356 s=126 10944ms [sel=0 cap=10815 rest=128] sg=2->2 mode=NONE win=8 obs=127 | cap=wip act=TURN request=-45deg execute=-15deg x1 a=2 | sp=- ovr=1 dtg=15.35 region=1_9
ep=356 s=127 7744ms [sel=2272 cap=5348 rest=124] sg=2->2 mode=NONE win=8 obs=128 | cap=wip act=(320,360) d=2.13 a=1 | sp=frontier:active d=2.1 age=0 som=R/7 dtg=15.20 region=1_9
ep=356 s=128 3069ms [sel=4 cap=2941 rest=123] sg=2->2 mode=NONE win=8 obs=129 | cap=wip act=(320,360) d=1.88 a=1 | sp=frontier:active d=1.9 age=1 dtg=14.99 region=1_9
ep=356 s=129 6299ms [sel=4 cap=6180 rest=115] sg=2->2 mode=NONE win=8 obs=130 | cap=wip act=(320,360) d=1.64 a=1 | sp=frontier:active d=1.6 age=2 dtg=14.78 region=1_9
ep=356 s=130 4228ms [sel=4 cap=4110 rest=115] sg=2->2 mode=NONE win=8 obs=131 | cap=wip act=(320,360) d=1.39 a=1 | sp=frontier:active d=1.4 age=3 dtg=14.60 region=1_9
ep=356 s=131 9430ms [sel=3 cap=9285 rest=142] sg=2->2 mode=NONE win=8 obs=132 | cap=wip act=(320,360) d=1.15 a=1 | sp=frontier:active d=1.1 age=4 dtg=14.44 region=1_9
ep=356 s=132 8411ms [sel=5 cap=8289 rest=117] sg=2->2 mode=NONE win=8 obs=133 | cap=wip act=(320,360) d=0.91 a=3 | sp=frontier:active d=0.9 age=5 dtg=14.44 region=1_9
ep=356 s=133 9000ms [sel=4 cap=8887 rest=110] sg=2->2 mode=NONE win=8 obs=134 | cap=wip act=(320,360) d=0.91 a=1 | sp=frontier:active d=0.9 age=6 dtg=14.38 region=1_9
ep=356 s=134 8820ms [sel=3 cap=8710 rest=108] sg=2->2 mode=NONE win=8 obs=135 | cap=wip act=(320,360) d=0.66 a=1 | sp=frontier:active d=0.7 age=7 dtg=14.37 region=1_9
ep=356 s=135 10071ms [sel=3523 cap=6438 rest=110] sg=2->2 mode=NONE win=8 obs=136 | cap=wip act=(320,359) d=2.06 a=1 | sp=straight_ahead:active d=1.4 age=0 som=3/7 dtg=14.43 region=1_9
ep=356 s=136 7380ms [sel=3 cap=7266 rest=111] sg=2->2 mode=NONE win=8 obs=137 | cap=wip act=(320,360) d=1.14 a=1 | sp=straight_ahead:active d=1.1 age=1 dtg=14.55 region=1_26
ep=356 s=137 9244ms [sel=3 cap=9131 rest=110] sg=2->2 mode=NONE win=8 obs=138 | cap=wip act=(320,360) d=0.89 a=2 | sp=straight_ahead:active d=0.9 age=2 dtg=14.55 region=1_26
ep=356 s=138 9846ms [sel=3 cap=9733 rest=110] sg=2->2 mode=NONE win=8 obs=139 | cap=wip act=(320,360) d=0.89 a=1 | sp=straight_ahead:active d=0.9 age=3 dtg=14.65 region=1_26
ep=356 s=139 12560ms [sel=3 cap=12442 rest=115] sg=2->2 mode=NONE win=8 obs=140 | cap=wip act=(320,360) d=0.64 a=1 | sp=straight_ahead:active d=0.6 age=4 dtg=14.80 region=1_26
ep=356 s=140 12740ms [sel=73 cap=12555 rest=113] sg=2->2 mode=NONE win=8 obs=141 | cap=wip act=(339,359) d=1.69 a=1 dtg=14.97 region=1_26
ep=356 s=141 11688ms [sel=77 cap=11496 rest=115] sg=2->2 mode=NONE win=8 obs=142 | cap=wip act=(344,376) d=1.42 a=1 dtg=15.17 region=1_26
ep=356 s=142 13688ms [sel=5767 cap=7811 rest=109] sg=2->2 mode=NONE win=8 obs=143 | cap=wip act=(350,423) d=1.17 a=1 som=3/8 dtg=15.38 region=1_26
ep=356 s=143 17563ms [sel=9356 cap=8101 rest=106] sg=2->2 mode=NONE win=8 obs=144 | cap=wip act=TURN request=-45deg execute=-15deg x1 a=2 | sp=- ovr=1 som=3/8 dtg=15.38 region=1_26
ep=356 s=144 7058ms [sel=0 cap=6955 rest=104] sg=2->2 mode=NONE win=8 obs=145 | cap=wip act=TURN request=-45deg execute=-15deg x1 a=2 | sp=- ovr=1 dtg=15.38 region=1_26
ep=356 s=145 9494ms [sel=0 cap=9383 rest=111] sg=2->2 mode=NONE win=8 obs=146 | cap=wip act=TURN request=-45deg execute=-15deg x1 a=2 | sp=- ovr=1 dtg=15.38 region=1_26
ep=356 s=146 9445ms [sel=0 cap=9330 rest=114] sg=2->2 mode=NONE win=8 obs=147 | cap=wip act=TURN request=-45deg execute=-15deg x1 a=2 | sp=- ovr=1 dtg=15.38 region=1_26
ep=356 s=147 7316ms [sel=0 cap=7185 rest=131] sg=2->2 mode=NONE win=8 obs=148 | cap=wip act=TURN request=-45deg execute=-15deg x1 a=2 | sp=- ovr=1 dtg=15.38 region=1_26
ep=356 s=148 13671ms [sel=0 cap=13546 rest=125] sg=2->2 mode=NONE win=8 obs=149 | cap=wip act=TURN request=-45deg execute=-15deg x1 a=2 | sp=- ovr=1 dtg=15.38 region=1_26
ep=356 s=149 13504ms [sel=0 cap=13366 rest=139] sg=2->2 mode=NONE win=8 obs=150 | cap=wip act=TURN request=-45deg execute=-15deg x1 a=2 | sp=- ovr=1 dtg=15.38 region=1_26
ep=356 s=150 12877ms [sel=0 cap=12273 rest=534] sg=2->2 mode=NONE win=8 obs=151 | cap=wip act=TURN request=-45deg execute=-15deg x1 a=2 | preview=view-/6 yaw=+0 render=70ms | sp=- ovr=1 dtg=15.38 region=1_26
ep=356 s=151 9390ms [sel=0 cap=9268 rest=122] sg=2->2 mode=NONE win=8 obs=152 | cap=wip act=TURN request=-45deg execute=-15deg x1 a=2 | sp=- ovr=1 dtg=15.38 region=1_26
ep=356 s=152 7997ms [sel=0 cap=7870 rest=127] sg=2->2 mode=NONE win=8 obs=153 | cap=wip act=TURN request=-45deg execute=-15deg x1 a=2 | sp=- ovr=1 dtg=15.38 region=1_26
ep=356 s=153 11759ms [sel=52 cap=11580 rest=126] sg=2->2 mode=NONE win=8 obs=154 | cap=wip act=(320,360) d=3.37 a=2 | sp=frontier:active d=3.4 age=0 dtg=15.38 region=1_26
ep=356 s=154 9451ms [sel=7 cap=9322 rest=123] sg=2->2 mode=NONE win=8 obs=155 | cap=wip act=(320,360) d=3.37 a=1 | sp=frontier:active d=3.4 age=1 dtg=15.14 region=1_26
ep=356 s=155 9220ms [sel=4 cap=9093 rest=123] sg=2->2 mode=NONE win=8 obs=156 | cap=wip act=(320,360) d=3.12 a=1 | sp=frontier:active d=3.1 age=2 dtg=14.90 region=1_26
ep=356 s=156 9684ms [sel=4 cap=9556 rest=124] sg=2->2 mode=NONE win=8 obs=157 | cap=wip act=(320,360) d=2.88 a=1 | sp=frontier:active d=2.9 age=3 dtg=14.68 region=1_26
ep=356 s=157 14745ms [sel=3 cap=14618 rest=123] sg=2->2 mode=NONE win=8 obs=158 | cap=wip act=(320,360) d=2.64 a=1 | sp=frontier:active d=2.6 age=4 dtg=14.46 region=1_26
ep=356 s=158 13577ms [sel=3 cap=13451 rest=123] sg=2->2 mode=NONE win=8 obs=159 | cap=wip act=(320,360) d=2.40 a=2 | sp=frontier:active d=2.4 age=5 dtg=14.46 region=1_26
ep=356 s=159 8673ms [sel=3 cap=8552 rest=118] sg=2->2 mode=NONE win=8 obs=160 | cap=wip act=(320,360) d=2.40 a=1 | sp=frontier:active d=2.4 age=6 dtg=14.32 region=1_26
ep=356 s=160 11000ms [sel=3 cap=10874 rest=123] sg=2->2 mode=NONE win=8 obs=161 | cap=wip act=(320,360) d=2.15 a=1 | sp=frontier:active d=2.2 age=7 dtg=14.24 region=1_9
ep=356 s=161 7855ms [sel=4 cap=7733 rest=118] sg=2->2 mode=NONE win=8 obs=162 | cap=wip act=(320,360) d=1.90 a=1 | sp=frontier:active d=1.9 age=8 dtg=14.24 region=1_9
ep=356 s=162 6428ms [sel=3 cap=6311 rest=114] sg=2->2 mode=NONE win=8 obs=163 | cap=wip act=(320,360) d=1.65 a=1 | sp=frontier:active d=1.7 age=9 dtg=14.31 region=1_9
ep=356 s=163 10244ms [sel=3 cap=10130 rest=111] sg=2->2 mode=NONE win=8 obs=164 | cap=wip act=(320,360) d=1.40 a=1 | sp=frontier:active d=1.4 age=10 dtg=14.44 region=1_9
ep=356 s=164 9547ms [sel=3 cap=9432 rest=112] sg=2->2 mode=NONE win=8 obs=165 | cap=wip act=(320,360) d=1.15 a=1 | sp=frontier:active d=1.2 age=11 dtg=14.60 region=1_9
ep=356 s=165 14262ms [sel=88 cap=14044 rest=131] sg=2->2 mode=NONE win=8 obs=166 | cap=wip act=(320,359) d=1.72 a=1 | sp=straight_ahead:active d=0.9 age=0 dtg=14.78 region=1_9
ep=356 s=166 9449ms [sel=3 cap=9345 rest=100] sg=2->2 mode=NONE win=8 obs=167 | cap=wip act=(320,360) d=0.65 a=1 | sp=straight_ahead:active d=0.6 age=1 dtg=14.99 region=1_9
ep=356 s=167 14846ms [sel=89 cap=14657 rest=101] sg=2->2 mode=NONE win=8 obs=168 | cap=wip act=(320,413) d=1.22 a=1 | sp=straight_ahead:reached d=0.4 age=0 dtg=15.20 region=1_9
ep=356 s=168 10944ms [sel=285 cap=10547 rest=112] sg=2->2 mode=NONE win=8 obs=169 | cap=wip act=TURN request=-45deg execute=-15deg x1 a=2 | sp=straight_ahead:reached d=0.4 age=1 ovr=1 dtg=15.20 region=1_9
ep=356 s=169 18734ms [sel=0 cap=18610 rest=124] sg=2->2 mode=NONE win=8 obs=170 | cap=wip act=TURN request=-45deg execute=-15deg x1 a=2 | sp=- ovr=1 dtg=15.20 region=1_9
ep=356 s=170 9591ms [sel=0 cap=9488 rest=103] sg=2->2 mode=NONE win=8 obs=171 | cap=wip act=TURN request=-45deg execute=-15deg x1 a=2 | sp=- ovr=1 dtg=15.20 region=1_9
ep=356 s=171 5243ms [sel=0 cap=5140 rest=102] sg=2->2 mode=NONE win=8 obs=172 | cap=wip act=TURN request=-45deg execute=-15deg x1 a=2 | sp=- ovr=1 dtg=15.20 region=1_9
ep=356 s=172 8534ms [sel=0 cap=8424 rest=110] sg=2->2 mode=NONE win=8 obs=173 | cap=wip act=TURN request=-45deg execute=-15deg x1 a=2 | sp=- ovr=1 dtg=15.20 region=1_9
ep=356 s=173 8219ms [sel=0 cap=8111 rest=108] sg=2->2 mode=NONE win=8 obs=174 | cap=wip act=TURN request=-45deg execute=-15deg x1 a=2 | sp=- ovr=1 dtg=15.20 region=1_9
ep=356 s=174 7258ms [sel=0 cap=7148 rest=110] sg=2->2 mode=NONE win=8 obs=175 | cap=wip act=TURN request=-45deg execute=-15deg x1 a=2 | sp=- ovr=1 dtg=15.20 region=1_9
ep=356 s=175 6661ms [sel=0 cap=6542 rest=119] sg=2->2 mode=NONE win=8 obs=176 | cap=wip act=TURN request=-45deg execute=-15deg x1 a=2 | sp=- ovr=1 dtg=15.20 region=1_9
ep=356 s=176 6674ms [sel=0 cap=6557 rest=118] sg=2->2 mode=NONE win=8 obs=177 | cap=wip act=TURN request=-45deg execute=-15deg x1 a=2 | sp=- ovr=1 dtg=15.20 region=1_9
ep=356 s=177 12060ms [sel=0 cap=11556 rest=466] sg=2->2 mode=NONE win=8 obs=178 | cap=wip act=TURN request=-45deg execute=-15deg x1 a=2 | preview=view-/6 yaw=+0 render=38ms | sp=- ovr=1 dtg=15.20 region=1_9
ep=356 s=178 13827ms [sel=0 cap=13694 rest=133] sg=2->2 mode=NONE win=8 obs=179 | cap=wip act=TURN request=-45deg execute=-15deg x1 a=2 | sp=- ovr=1 dtg=15.20 region=1_9
ep=356 s=179 8981ms [sel=0 cap=8854 rest=127] sg=2->2 mode=NONE win=8 obs=180 | cap=wip act=TURN request=-45deg execute=-15deg x1 a=2 | sp=- ovr=1 dtg=15.20 region=1_9
ep=356 s=180 14153ms [sel=4836 cap=9197 rest=119] sg=2->2 mode=NONE win=8 obs=181 | cap=wip act=(320,360) d=2.08 a=1 | sp=frontier:active d=2.1 age=0 som=R/7 dtg=14.99 region=1_9
ep=356 s=181 6365ms [sel=4 cap=6245 rest=115] sg=2->2 mode=NONE win=8 obs=182 | cap=wip act=(320,360) d=1.83 a=1 | sp=frontier:active d=1.8 age=1 dtg=14.78 region=1_9
ep=356 s=182 8166ms [sel=4 cap=8054 rest=108] sg=2->2 mode=NONE win=8 obs=183 | cap=wip act=(320,360) d=1.59 a=1 | sp=frontier:active d=1.6 age=2 dtg=14.60 region=1_9
ep=356 s=183 5442ms [sel=3 cap=5327 rest=112] sg=2->2 mode=NONE win=8 obs=184 | cap=wip act=(320,360) d=1.34 a=1 | sp=frontier:active d=1.3 age=3 dtg=14.44 region=1_9
ep=356 s=184 4766ms [sel=4 cap=4652 rest=110] sg=2->2 mode=NONE win=8 obs=185 | cap=wip act=(320,360) d=1.10 a=1 | sp=frontier:active d=1.1 age=4 dtg=14.31 region=1_9
ep=356 s=185 6480ms [sel=3 cap=6362 rest=114] sg=2->2 mode=NONE win=8 obs=186 | cap=wip act=(320,360) d=0.87 a=3 | sp=frontier:active d=0.9 age=5 dtg=14.31 region=1_9
ep=356 s=186 5312ms [sel=3 cap=5194 rest=114] sg=2->2 mode=NONE win=8 obs=187 | cap=wip act=(320,360) d=0.87 a=1 | sp=frontier:active d=0.9 age=6 dtg=14.31 region=1_9
ep=356 s=187 6109ms [sel=3 cap=5998 rest=108] sg=2->2 mode=NONE win=8 obs=188 | cap=wip act=(320,360) d=0.62 a=1 | sp=frontier:active d=0.6 age=7 dtg=14.37 region=1_9
ep=356 s=188 13166ms [sel=6792 cap=6259 rest=116] sg=2->2 mode=NONE win=8 obs=189 | cap=wip act=(320,359) d=2.06 a=1 | sp=straight_ahead:active d=1.1 age=0 som=3/7 dtg=14.49 region=1_26
ep=356 s=189 8796ms [sel=4 cap=8677 rest=114] sg=2->2 mode=NONE win=8 obs=190 | cap=wip act=(320,360) d=0.89 a=1 | sp=straight_ahead:active d=0.9 age=1 dtg=14.65 region=1_26
ep=356 s=190 7061ms [sel=5 cap=6902 rest=154] sg=2->2 mode=NONE win=8 obs=191 | cap=wip act=(320,360) d=0.64 a=2 | sp=straight_ahead:active d=0.6 age=2 dtg=14.65 region=1_26
ep=356 s=191 13590ms [sel=3 cap=13473 rest=114] sg=2->2 mode=NONE win=8 obs=192 | cap=wip act=(320,360) d=0.64 a=1 | sp=straight_ahead:active d=0.6 age=3 dtg=14.80 region=1_26
ep=356 s=192 11760ms [sel=3172 cap=8479 rest=109] sg=2->2 mode=NONE win=8 obs=193 | cap=wip act=(339,359) d=1.69 a=1 som=4/8 dtg=14.97 region=1_26
ep=356 s=193 10641ms [sel=4868 cap=5663 rest=110] sg=2->2 mode=NONE win=8 obs=194 | cap=wip act=(344,376) d=1.42 a=1 som=5/8 dtg=15.17 region=1_26
ep=356 s=194 12085ms [sel=3611 cap=8361 rest=112] sg=2->2 mode=NONE win=8 obs=195 | cap=wip act=(350,423) d=1.17 a=1 som=3/8 dtg=15.38 region=1_26
ep=356 s=195 11154ms [sel=2627 cap=8420 rest=107] sg=2->2 mode=NONE win=8 obs=196 | cap=wip act=TURN request=-45deg execute=-15deg x1 a=2 | sp=- ovr=2 som=3/8 dtg=15.38 region=1_26
ep=356 s=196 8059ms [sel=0 cap=7952 rest=107] sg=2->2 mode=NONE win=8 obs=197 | cap=wip act=TURN request=-45deg execute=-15deg x1 a=2 | sp=- ovr=2 dtg=15.38 region=1_26
ep=356 s=197 4630ms [sel=0 cap=4517 rest=113] sg=2->2 mode=NONE win=8 obs=198 | cap=wip act=TURN request=-45deg execute=-15deg x1 a=2 | sp=- ovr=2 dtg=15.38 region=1_26
ep=356 s=198 11783ms [sel=0 cap=11663 rest=120] sg=2->2 mode=GET_NOWHERE win=8 obs=199 | cap=wip/GET_NOWHERE act=TURN request=-45deg execute=-15deg x1 a=2 | sp=- ovr=2 dtg=15.38 region=1_26
ep=356 s=199 10839ms [sel=0 cap=10716 rest=123] sg=2->2 mode=NONE win=8 obs=200 | cap=wip act=TURN request=-45deg execute=-15deg x1 a=2 | sp=- ovr=2 dtg=15.38 region=1_26
ep=356 s=200 13296ms [sel=0 cap=13174 rest=121] sg=2->2 mode=NONE win=8 obs=201 | cap=wip act=TURN request=-45deg execute=-15deg x1 a=2 | sp=- ovr=2 dtg=15.38 region=1_26
ep=356 s=201 8728ms [sel=0 cap=8202 rest=489] sg=2->2 mode=NONE win=8 obs=202 | cap=wip act=TURN request=-45deg execute=-15deg x1 a=2 | preview=view-/6 yaw=+0 render=36ms | sp=- ovr=2 dtg=15.38 region=1_26
ep=356 s=202 13817ms [sel=0 cap=13693 rest=123] sg=2->2 mode=NONE win=8 obs=203 | cap=wip act=TURN request=-45deg execute=-15deg x1 a=2 | sp=- ovr=2 dtg=15.38 region=1_26
ep=356 s=203 8449ms [sel=0 cap=8322 rest=127] sg=2->2 mode=NONE win=8 obs=204 | cap=wip act=TURN request=-45deg execute=-15deg x1 a=2 | sp=- ovr=2 dtg=15.38 region=1_26
ep=356 s=204 6874ms [sel=0 cap=6743 rest=130] sg=2->2 mode=NONE win=8 obs=205 | cap=wip act=TURN request=-45deg execute=-15deg x1 a=2 | sp=- ovr=2 dtg=15.38 region=1_26
ep=356 s=205 9508ms [sel=2387 cap=6958 rest=163] sg=2->2 mode=NONE win=8 obs=206 | cap=wip act=(320,360) d=2.99 a=1 | sp=som:active d=3.0 age=0 som=2/8 dtg=15.13 region=1_26
ep=356 s=206 7235ms [sel=3 cap=7075 rest=157] sg=2->2 mode=NONE win=8 obs=207 | cap=wip act=(320,360) d=2.74 a=1 | sp=som:active d=2.7 age=1 dtg=14.88 region=1_26
ep=356 s=207 11767ms [sel=5 cap=11637 rest=125] sg=2->2 mode=NONE win=8 obs=208 | cap=wip act=(320,360) d=2.49 a=1 | sp=som:active d=2.5 age=2 dtg=14.63 region=1_26
ep=356 s=208 6480ms [sel=3 cap=6342 rest=136] sg=2->2 mode=NONE win=8 obs=209 | cap=wip act=(320,360) d=2.24 a=1 | sp=som:active d=2.2 age=3 dtg=14.38 region=1_26
ep=356 s=209 7167ms [sel=3 cap=7036 rest=128] sg=2->2 mode=NONE win=8 obs=210 | cap=wip act=(320,360) d=1.99 a=1 | sp=som:active d=2.0 age=4 dtg=14.13 region=1_26
ep=356 s=210 8025ms [sel=5 cap=7884 rest=136] sg=2->2 mode=NONE win=8 obs=211 | cap=wip act=(320,360) d=1.74 a=2 | sp=som:active d=1.7 age=5 dtg=14.13 region=1_26
ep=356 s=211 5340ms [sel=4 cap=5203 rest=133] sg=2->2 mode=NONE win=8 obs=212 | cap=wip act=(320,360) d=1.74 a=1 | sp=som:active d=1.7 age=6 dtg=13.90 region=1_26
ep=356 s=212 8836ms [sel=4 cap=8717 rest=115] sg=2->2 mode=NONE win=8 obs=213 | cap=wip act=(320,360) d=1.50 a=1 | sp=som:active d=1.5 age=7 dtg=13.74 region=1_9
ep=356 s=213 8168ms [sel=3 cap=8047 rest=118] sg=2->2 mode=NONE win=8 obs=214 | cap=wip act=(320,360) d=1.27 a=1 | sp=som:active d=1.3 age=8 dtg=13.74 region=1_9
ep=356 s=214 11668ms [sel=3 cap=11554 rest=111] sg=2->2 mode=NONE win=8 obs=215 | cap=wip act=(320,360) d=1.04 a=3 | sp=som:active d=1.0 age=9 dtg=13.74 region=1_9
ep=356 s=215 10941ms [sel=4 cap=10813 rest=124] sg=2->2 mode=NONE win=8 obs=216 | cap=wip act=(320,360) d=1.04 a=1 | sp=som:active d=1.0 age=10 dtg=13.78 region=1_9
ep=356 s=216 12995ms [sel=3 cap=12873 rest=119] sg=2->2 mode=NONE win=8 obs=217 | cap=wip act=(320,360) d=0.80 a=3 | sp=som:active d=0.8 age=11 dtg=13.78 region=1_9
ep=356 s=217 10508ms [sel=4 cap=10382 rest=122] sg=2->2 mode=NONE win=8 obs=218 | cap=wip act=(320,360) d=0.80 a=1 | sp=som:active d=0.8 age=12 dtg=13.89 region=1_9
ep=356 s=218 14722ms [sel=4 cap=14598 rest=119] sg=2->2 mode=NONE win=8 obs=219 | cap=wip act=(320,360) d=0.55 a=1 | sp=som:active d=0.6 age=13 dtg=13.96 region=1_9
ep=356 s=219 14015ms [sel=82 cap=13798 rest=135] sg=2->2 mode=NONE win=8 obs=220 | cap=wip act=(320,359) d=2.02 a=1 | sp=straight_ahead:active d=1.1 age=0 dtg=14.13 region=1_9
ep=356 s=220 9555ms [sel=6 cap=9429 rest=119] sg=2->2 mode=NONE win=8 obs=221 | cap=wip act=(320,360) d=0.85 a=2 | sp=straight_ahead:active d=0.9 age=1 dtg=14.13 region=1_9
ep=356 s=221 13787ms [sel=4 cap=13669 rest=114] sg=2->2 mode=NONE win=8 obs=222 | cap=wip act=(320,360) d=0.85 a=1 | sp=straight_ahead:active d=0.9 age=2 dtg=14.32 region=1_9
ep=356 s=222 9687ms [sel=4 cap=9570 rest=113] sg=2->2 mode=NONE win=8 obs=223 | cap=wip act=(320,360) d=0.61 a=1 | sp=straight_ahead:active d=0.6 age=3 dtg=14.53 region=1_9
ep=356 s=223 14505ms [sel=72 cap=14319 rest=114] sg=2->2 mode=NONE win=8 obs=224 | cap=wip act=(326,388) d=1.34 a=1 | sp=straight_ahead:reached d=0.4 age=0 dtg=14.74 region=1_9
ep=356 s=224 10769ms [sel=4714 cap=5546 rest=473] sg=2->2 mode=NONE win=8 obs=225 | cap=wip act=(359,389) d=1.34 a=1 | preview=view-/6 yaw=+0 render=36ms | sp=straight_ahead:reached d=0.2 age=0 som=1/5 dtg=14.95 region=1_9
ep=356 s=225 12158ms [sel=2538 cap=9507 rest=112] sg=2->2 mode=NONE win=8 obs=226 | cap=wip act=TURN request=-45deg execute=-15deg x1 a=2 | sp=straight_ahead:reached d=0.2 age=1 ovr=2 som=1/4 dtg=14.95 region=1_9
ep=356 s=226 12362ms [sel=0 cap=12256 rest=106] sg=2->2 mode=NONE win=8 obs=227 | cap=wip act=TURN request=-45deg execute=-15deg x1 a=2 | sp=- ovr=2 dtg=14.95 region=1_9
ep=356 s=227 10977ms [sel=0 cap=10873 rest=104] sg=2->2 mode=NONE win=8 obs=228 | cap=wip act=TURN request=-45deg execute=-15deg x1 a=2 | sp=- ovr=2 dtg=14.95 region=1_9
ep=356 s=228 12462ms [sel=0 cap=12365 rest=98] sg=2->2 mode=NONE win=8 obs=229 | cap=wip act=TURN request=-45deg execute=-15deg x1 a=2 | sp=- ovr=2 dtg=14.95 region=1_9
ep=356 s=229 9239ms [sel=0 cap=9135 rest=104] sg=2->2 mode=NONE win=8 obs=230 | cap=wip act=TURN request=-45deg execute=-15deg x1 a=2 | sp=- ovr=2 dtg=14.95 region=1_9
ep=356 s=230 14552ms [sel=0 cap=14446 rest=106] sg=2->2 mode=NONE win=8 obs=231 | cap=wip act=TURN request=-45deg execute=-15deg x1 a=2 | sp=- ovr=2 dtg=14.95 region=1_9
ep=356 s=231 10238ms [sel=0 cap=10111 rest=127] sg=2->2 mode=NONE win=8 obs=232 | cap=wip act=TURN request=-45deg execute=-15deg x1 a=2 | sp=- ovr=2 dtg=14.95 region=1_9
ep=356 s=232 8086ms [sel=0 cap=7963 rest=123] sg=2->2 mode=NONE win=8 obs=233 | cap=wip act=TURN request=-45deg execute=-15deg x1 a=2 | sp=- ovr=2 dtg=14.95 region=1_9
ep=356 s=233 8536ms [sel=0 cap=8419 rest=117] sg=2->2 mode=NONE win=8 obs=234 | cap=wip act=TURN request=-45deg execute=-15deg x1 a=2 | sp=- ovr=2 dtg=14.95 region=1_9
ep=356 s=234 9550ms [sel=0 cap=9431 rest=119] sg=2->2 mode=NONE win=8 obs=235 | cap=wip act=TURN request=-45deg execute=-15deg x1 a=2 | sp=- ovr=2 dtg=14.95 region=1_9
ep=356 s=235 8961ms [sel=0 cap=8843 rest=118] sg=2->2 mode=NONE win=8 obs=236 | cap=wip act=TURN request=-45deg execute=-15deg x1 a=2 | sp=- ovr=2 dtg=14.95 region=1_9
ep=356 s=236 13693ms [sel=4563 cap=9002 rest=128] sg=2->2 mode=NONE win=8 obs=237 | cap=wip act=(320,360) d=1.84 a=3 | sp=frontier:active d=1.8 age=0 som=R/7 dtg=14.95 region=1_9
ep=356 s=237 10774ms [sel=5 cap=10651 rest=118] sg=2->2 mode=NONE win=8 obs=238 | cap=wip act=(320,360) d=1.84 a=3 | sp=frontier:active d=1.8 age=1 dtg=14.95 region=1_9
ep=356 s=238 13943ms [sel=4 cap=13820 rest=120] sg=2->2 mode=WALL_STUCK win=8 obs=239 | cap=wip/WALL_STUCK act=(320,360) d=1.84 a=3 | sp=frontier:active d=1.8 age=2 dtg=14.95 region=1_9
ep=356 s=239 20044ms [sel=4 cap=19924 rest=116] sg=2->2 mode=NONE win=8 obs=240 | cap=wip act=(320,360) d=1.84 a=1 | sp=frontier:active d=1.8 age=3 dtg=14.90 region=1_9
ep=356 s=240 13519ms [sel=3 cap=13398 rest=118] sg=2->2 mode=GET_NOWHERE win=8 obs=241 | cap=wip/GET_NOWHERE act=(320,360) d=1.59 a=1 | sp=frontier:active d=1.6 age=4 dtg=14.86 region=1_9
ep=356 s=241 6864ms [sel=3 cap=6750 rest=111] sg=2->2 mode=NONE win=8 obs=242 | cap=wip act=(320,360) d=1.34 a=1 | sp=frontier:active d=1.3 age=5 dtg=15.07 region=1_9
ep=356 s=242 11262ms [sel=4 cap=11141 rest=117] sg=2->2 mode=NONE win=8 obs=243 | cap=wip act=(320,360) d=1.09 a=1 | sp=frontier:active d=1.1 age=6 dtg=15.09 region=1_9
ep=356 s=243 11826ms [sel=3 cap=11715 rest=109] sg=2->2 mode=GET_NOWHERE win=8 obs=244 | cap=wip/GET_NOWHERE act=(320,360) d=0.84 a=1 | sp=frontier:active d=0.8 age=7 dtg=15.14 region=1_9
ep=356 s=244 12192ms [sel=4 cap=12081 rest=106] sg=2->2 mode=NONE win=8 obs=245 | cap=wip act=(320,360) d=0.59 a=1 | sp=frontier:active d=0.6 age=8 dtg=15.22 region=1_9
ep=356 s=245 15333ms [sel=82 cap=15152 rest=99] sg=2->2 mode=NONE win=8 obs=246 | cap=wip act=(320,408) d=1.24 a=1 | sp=straight_ahead:reached d=0.4 age=0 dtg=15.41 region=1_9
ep=356 s=246 13908ms [sel=4904 cap=8896 rest=108] sg=2->2 mode=NONE win=8 obs=247 | cap=wip act=(320,469) d=1.00 a=1 | sp=straight_ahead:reached d=0.4 age=0 som=5/7 dtg=15.53 region=1_9
ep=356 s=247 15883ms [sel=223 cap=15560 rest=100] sg=2->2 mode=NONE win=8 obs=248 | cap=wip act=TURN request=-45deg execute=-15deg x1 a=2 | sp=straight_ahead:reached d=0.4 age=1 ovr=2 dtg=15.53 region=1_9
ep=356 s=248 12175ms [sel=0 cap=12066 rest=109] sg=2->2 mode=NONE win=8 obs=249 | cap=wip act=TURN request=-45deg execute=-15deg x1 a=2 | sp=- ovr=2 dtg=15.53 region=1_9
ep=356 s=249 15123ms [sel=0 cap=15002 rest=121] sg=2->2 mode=NONE win=8 obs=250 | cap=wip act=TURN request=-45deg execute=-15deg x1 a=2 | sp=- ovr=2 dtg=15.53 region=1_9
ep=356 s=250 12575ms [sel=0 cap=12449 rest=126] sg=2->2 mode=NONE win=8 obs=251 | cap=wip act=TURN request=-45deg execute=-15deg x1 a=2 | sp=- ovr=2 dtg=15.53 region=1_9
ep=356 s=251 19434ms [sel=0 cap=19301 rest=133] sg=2->2 mode=NONE win=8 obs=252 | cap=wip act=TURN request=-45deg execute=-15deg x1 a=2 | sp=- ovr=2 dtg=15.53 region=1_9
ep=356 s=252 14759ms [sel=0 cap=14624 rest=135] sg=2->2 mode=NONE win=8 obs=253 | cap=wip act=TURN request=-45deg execute=-15deg x1 a=2 | sp=- ovr=2 dtg=15.53 region=1_9
ep=356 s=253 9752ms [sel=0 cap=9618 rest=134] sg=2->2 mode=NONE win=8 obs=254 | cap=wip act=TURN request=-45deg execute=-15deg x1 a=2 | sp=- ovr=2 dtg=15.53 region=1_9
ep=356 s=254 14417ms [sel=49 cap=14242 rest=126] sg=2->2 mode=NONE win=8 obs=255 | cap=wip act=(320,360) d=2.26 a=2 | sp=frontier:active d=2.3 age=0 dtg=15.53 region=1_9
ep=356 s=255 8672ms [sel=7 cap=8535 rest=130] sg=2->2 mode=NONE win=8 obs=256 | cap=wip act=(320,360) d=2.26 a=2 | sp=frontier:active d=2.3 age=1 dtg=15.53 region=1_9
ep=356 s=256 11010ms [sel=9 cap=10874 rest=127] sg=2->2 mode=NONE win=8 obs=257 | cap=wip act=(320,360) d=2.26 a=1 | sp=frontier:active d=2.3 age=2 dtg=15.28 region=1_9
ep=356 s=257 9671ms [sel=12 cap=9532 rest=128] sg=2->2 mode=NONE win=8 obs=258 | cap=wip act=(320,360) d=2.09 a=3 | sp=frontier:active d=2.1 age=3 dtg=15.28 region=1_9
ep=356 s=258 11917ms [sel=3 cap=11789 rest=124] sg=2->2 mode=NONE win=8 obs=259 | cap=wip act=(320,360) d=2.09 a=1 | sp=frontier:active d=2.1 age=4 dtg=15.03 region=1_9
ep=356 s=259 7659ms [sel=5 cap=7532 rest=122] sg=2->2 mode=NONE win=8 obs=260 | cap=wip act=(320,360) d=1.89 a=3 | sp=frontier:active d=1.9 age=5 dtg=15.03 region=1_9
ep=356 s=260 4811ms [sel=3 cap=4682 rest=126] sg=2->2 mode=NONE win=8 obs=261 | cap=wip act=(320,360) d=1.89 a=1 | sp=frontier:active d=1.9 age=6 dtg=14.79 region=1_9
ep=356 s=261 9558ms [sel=3 cap=9436 rest=118] sg=2->2 mode=NONE win=8 obs=262 | cap=wip act=(320,360) d=1.67 a=3 | sp=frontier:active d=1.7 age=7 dtg=14.79 region=1_9
ep=356 s=262 8159ms [sel=3 cap=8045 rest=111] sg=2->2 mode=NONE win=8 obs=263 | cap=wip act=(320,360) d=1.67 a=1 | sp=frontier:active d=1.7 age=8 dtg=14.59 region=1_9
ep=356 s=263 20348ms [sel=3 cap=19820 rest=487] sg=2->2 mode=NONE win=8 obs=264 | cap=wip act=(320,360) d=1.43 a=1 | preview=view-/6 yaw=+0 render=37ms | sp=frontier:active d=1.4 age=9 dtg=14.41 region=1_9
ep=356 s=264 4375ms [sel=3 cap=4263 rest=109] sg=2->2 mode=NONE win=8 obs=265 | cap=wip act=(320,360) d=1.19 a=1 | sp=frontier:active d=1.2 age=10 dtg=14.27 region=1_9
ep=356 s=265 7219ms [sel=3 cap=7098 rest=117] sg=2->2 mode=NONE win=8 obs=266 | cap=wip act=(320,360) d=0.96 a=3 | sp=frontier:active d=1.0 age=11 dtg=14.27 region=1_9
ep=356 s=266 6775ms [sel=3 cap=6657 rest=115] sg=2->2 mode=NONE win=8 obs=267 | cap=wip act=(320,360) d=0.96 a=1 | sp=frontier:active d=1.0 age=12 dtg=14.24 region=1_9
ep=356 s=267 11490ms [sel=3 cap=11375 rest=112] sg=2->2 mode=NONE win=8 obs=268 | cap=wip act=(320,360) d=0.72 a=1 | sp=frontier:active d=0.7 age=13 dtg=14.28 region=1_9
ep=356 s=268 11575ms [sel=4207 cap=7252 rest=116] sg=2->2 mode=NONE win=8 obs=269 | cap=wip act=(320,360) d=1.54 a=1 | sp=som:active d=1.5 age=0 som=3/7 dtg=14.39 region=1_26
ep=356 s=269 7173ms [sel=3 cap=7053 rest=116] sg=2->2 mode=NONE win=8 obs=270 | cap=wip act=(320,360) d=1.29 a=1 | sp=som:active d=1.3 age=1 dtg=14.55 region=1_26
ep=356 s=270 11391ms [sel=3 cap=10886 rest=466] sg=2->2 mode=NONE win=8 obs=271 | cap=wip act=(320,360) d=1.04 a=1 | preview=view-/6 yaw=+0 render=36ms | sp=som:active d=1.0 age=2 dtg=14.73 region=1_26
ep=356 s=271 9440ms [sel=4 cap=9315 rest=121] sg=2->2 mode=NONE win=8 obs=272 | cap=wip act=(320,360) d=0.79 a=1 | sp=som:active d=0.8 age=3 dtg=14.94 region=1_26
ep=356 s=272 12527ms [sel=4 cap=12409 rest=115] sg=2->2 mode=NONE win=8 obs=273 | cap=wip act=(320,360) d=0.54 a=1 | sp=som:active d=0.5 age=4 dtg=15.16 region=1_26
ep=356 s=273 14034ms [sel=83 cap=13843 rest=108] sg=2->2 mode=NONE win=8 obs=274 | cap=wip act=(320,359) d=1.70 a=1 | sp=straight_ahead:reached d=0.4 age=0 dtg=15.39 region=1_26
ep=356 s=274 15836ms [sel=7163 cap=8568 rest=104] sg=2->2 mode=NONE win=8 obs=275 | cap=wip act=(320,373) d=1.44 a=1 | sp=straight_ahead:reached d=0.4 age=0 som=2/8 dtg=15.63 region=1_26
ep=356 s=275 12642ms [sel=3702 cap=8840 rest=100] sg=2->2 mode=NONE win=8 obs=276 | cap=wip act=TURN request=-45deg execute=-15deg x1 a=2 | sp=straight_ahead:reached d=0.4 age=1 ovr=2 som=2/8 dtg=15.63 region=1_26
ep=356 s=276 10217ms [sel=0 cap=10113 rest=104] sg=2->2 mode=NONE win=8 obs=277 | cap=wip act=TURN request=-45deg execute=-15deg x1 a=2 | sp=- ovr=3 dtg=15.63 region=1_26
ep=356 s=277 10616ms [sel=0 cap=10517 rest=99] sg=2->2 mode=NONE win=8 obs=278 | cap=wip act=TURN request=-45deg execute=-15deg x1 a=2 | sp=- ovr=3 dtg=15.63 region=1_26
ep=356 s=278 8159ms [sel=0 cap=8057 rest=101] sg=2->2 mode=WALL_STUCK win=8 obs=279 | cap=wip/WALL_STUCK act=TURN request=-45deg execute=-15deg x1 a=2 | sp=- ovr=3 dtg=15.63 region=1_26
ep=356 s=279 12807ms [sel=0 cap=12695 rest=112] sg=2->2 mode=NONE win=8 obs=280 | cap=wip act=TURN request=-45deg execute=-15deg x1 a=2 | sp=- ovr=3 dtg=15.63 region=1_26
ep=356 s=280 11898ms [sel=0 cap=11781 rest=117] sg=2->2 mode=NONE win=8 obs=281 | cap=wip act=TURN request=-45deg execute=-15deg x1 a=2 | sp=- ovr=3 dtg=15.63 region=1_26
ep=356 s=281 16281ms [sel=0 cap=16151 rest=130] sg=2->2 mode=NONE win=8 obs=282 | cap=wip act=TURN request=-45deg execute=-15deg x1 a=2 | sp=- ovr=3 dtg=15.63 region=1_26
ep=356 s=282 20129ms [sel=0 cap=20005 rest=124] sg=2->2 mode=NONE win=8 obs=283 | cap=wip act=TURN request=-45deg execute=-15deg x1 a=2 | sp=- ovr=3 dtg=15.63 region=1_26
ep=356 s=283 19111ms [sel=0 cap=18594 rest=481] sg=2->2 mode=NONE win=8 obs=284 | cap=wip act=TURN request=-45deg execute=-15deg x1 a=2 | preview=view-/6 yaw=+0 render=37ms | sp=- ovr=3 dtg=15.63 region=1_26
ep=356 s=284 10617ms [sel=0 cap=10492 rest=124] sg=2->2 mode=NONE win=8 obs=285 | cap=wip act=TURN request=-45deg execute=-15deg x1 a=2 | sp=- ovr=3 dtg=15.63 region=1_26
ep=356 s=285 15742ms [sel=0 cap=15616 rest=126] sg=2->2 mode=NONE win=8 obs=286 | cap=wip act=TURN request=-45deg execute=-15deg x1 a=2 | sp=- ovr=3 dtg=15.63 region=1_26
ep=356 s=286 10447ms [sel=2365 cap=7955 rest=127] sg=2->2 mode=NONE win=8 obs=287 | cap=wip act=(320,360) d=3.04 a=1 | sp=som:active d=3.0 age=0 som=3/8 dtg=15.38 region=1_26
ep=356 s=287 14173ms [sel=15 cap=13613 rest=508] sg=2->2 mode=NONE win=8 obs=288 | cap=wip act=(160,180) d=2.58 a=1 | preview=view4/6 yaw=+45 render=37ms | sp=preview:active d=2.6 age=0 dtg=15.13 region=1_26
ep=356 s=288 10739ms [sel=3 cap=10609 rest=127] sg=2->2 mode=TURN_OSCILLATION win=8 obs=289 | cap=wip/TURN_OSCILLATION act=(320,360) d=2.34 a=1 | sp=preview:active d=2.3 age=1 dtg=14.88 region=1_26
ep=356 s=289 6147ms [sel=3 cap=6001 rest=142] sg=2->2 mode=TURN_OSCILLATION win=8 obs=290 | cap=wip/TURN_OSCILLATION act=(320,360) d=2.11 a=1 | sp=preview:active d=2.1 age=2 dtg=14.63 region=1_26
ep=356 s=290 17250ms [sel=3 cap=17118 rest=129] sg=2->2 mode=NONE win=8 obs=291 | cap=wip act=(320,360) d=1.89 a=1 | sp=preview:active d=1.9 age=3 dtg=14.39 region=1_26
ep=356 s=291 16550ms [sel=16 cap=15965 rest=531] sg=2->2 mode=NONE win=8 obs=292 | cap=wip act=(160,180) d=2.03 a=1 | preview=view4/6 yaw=+45 render=38ms | sp=preview:active d=2.0 age=0 dtg=14.14 region=1_26
ep=356 s=292 6579ms [sel=3 cap=6451 rest=125] sg=2->2 mode=NONE win=8 obs=293 | cap=wip act=(320,360) d=1.79 a=1 | sp=preview:active d=1.8 age=1 dtg=13.91 region=1_26
ep=356 s=293 11122ms [sel=3 cap=10993 rest=126] sg=2->2 mode=NONE win=8 obs=294 | cap=wip act=(320,360) d=1.55 a=1 | sp=preview:active d=1.6 age=2 dtg=13.73 region=1_9
ep=356 s=294 10451ms [sel=4 cap=10319 rest=128] sg=2->2 mode=NONE win=8 obs=295 | cap=wip act=(320,360) d=1.32 a=1 | sp=preview:active d=1.3 age=3 dtg=13.69 region=1_9
ep=356 s=295 12840ms [sel=3 cap=12716 rest=121] sg=2->2 mode=NONE win=8 obs=296 | cap=wip act=(320,360) d=1.10 a=3 | sp=preview:active d=1.1 age=4 dtg=13.69 region=1_9
ep=356 s=296 13913ms [sel=3 cap=13368 rest=505] sg=2->2 mode=NONE win=8 obs=297 | cap=wip act=(320,360) d=1.10 a=1 | preview=view-/6 yaw=+0 render=36ms | sp=preview:active d=1.1 age=5 dtg=13.70 region=1_9
ep=356 s=297 13318ms [sel=3 cap=13192 rest=123] sg=2->2 mode=NONE win=8 obs=298 | cap=wip act=(320,360) d=0.86 a=1 | sp=preview:active d=0.9 age=6 dtg=13.84 region=1_9
ep=356 s=298 14353ms [sel=4 cap=14231 rest=118] sg=2->2 mode=NONE win=8 obs=299 | cap=wip act=(320,360) d=0.63 a=3 | sp=preview:active d=0.6 age=7 dtg=13.84 region=1_9
ep=356 s=299 10772ms [sel=3 cap=10647 rest=122] sg=2->2 mode=NONE win=8 obs=300 | cap=wip act=(320,360) d=0.63 a=3 | sp=preview:active d=0.6 age=8 dtg=13.84 region=1_9
ep=356 s=300 14781ms [sel=3 cap=14649 rest=129] sg=2->2 mode=NONE win=8 obs=301 | cap=wip act=(320,360) d=0.63 a=1 | sp=preview:active d=0.6 age=9 dtg=13.85 region=1_9
ep=356 s=301 16202ms [sel=81 cap=15996 rest=124] sg=2->2 mode=NONE win=8 obs=302 | cap=wip act=(320,359) d=2.04 a=1 | sp=straight_ahead:active d=0.6 age=0 dtg=13.93 region=1_9
ep=356 s=302 18693ms [sel=290 cap=18279 rest=124] sg=2->2 mode=NONE win=8 obs=303 | cap=wip act=TURN request=+45deg execute=+15deg x1 a=3 | sp=straight_ahead:reached d=0.4 age=1 ovr=3 dtg=13.93 region=1_9
ep=356 s=303 16658ms [sel=0 cap=16536 rest=122] sg=2->2 mode=NONE win=8 obs=304 | cap=wip act=TURN request=+45deg execute=+15deg x1 a=3 | sp=- ovr=3 dtg=13.93 region=1_9
ep=356 s=304 18395ms [sel=0 cap=17822 rest=536] sg=2->2 mode=NONE win=8 obs=305 | cap=wip act=TURN request=+45deg execute=+15deg x1 a=3 | preview=view-/6 yaw=+0 render=36ms | sp=- ovr=3 dtg=13.93 region=1_9
ep=356 s=305 11106ms [sel=0 cap=10968 rest=138] sg=2->2 mode=NONE win=8 obs=306 | cap=wip act=TURN request=+45deg execute=+15deg x1 a=3 | sp=- ovr=3 dtg=13.93 region=1_9
ep=356 s=306 7453ms [sel=0 cap=7325 rest=129] sg=2->2 mode=NONE win=8 obs=307 | cap=wip act=TURN request=+45deg execute=+15deg x1 a=3 | sp=- ovr=3 dtg=13.93 region=1_9
ep=356 s=307 11214ms [sel=0 cap=11087 rest=128] sg=2->2 mode=NONE win=8 obs=308 | cap=wip act=TURN request=+45deg execute=+15deg x1 a=3 | sp=- ovr=3 dtg=13.93 region=1_9
ep=356 s=308 21276ms [sel=0 cap=21142 rest=134] sg=2->2 mode=NONE win=8 obs=309 | cap=wip act=TURN request=+45deg execute=+15deg x1 a=3 | sp=- ovr=3 dtg=13.93 region=1_9
ep=356 s=309 12209ms [sel=0 cap=12084 rest=125] sg=2->2 mode=NONE win=8 obs=310 | cap=wip act=TURN request=+45deg execute=+15deg x1 a=3 | sp=- ovr=3 dtg=13.93 region=1_9
ep=356 s=310 18451ms [sel=0 cap=18324 rest=127] sg=2->2 mode=NONE win=8 obs=311 | cap=wip act=TURN request=+45deg execute=+15deg x1 a=3 | sp=- ovr=3 dtg=13.93 region=1_9
ep=356 s=311 16656ms [sel=0 cap=16538 rest=118] sg=2->2 mode=NONE win=8 obs=312 | cap=wip act=TURN request=+45deg execute=+15deg x1 a=3 | sp=- ovr=3 dtg=13.93 region=1_9
ep=356 s=312 13175ms [sel=50 cap=13001 rest=124] sg=2->2 mode=NONE win=8 obs=313 | cap=wip act=(320,360) d=2.02 a=3 | sp=frontier:active d=2.0 age=0 dtg=13.93 region=1_9
ep=356 s=313 10977ms [sel=3 cap=10831 rest=143] sg=2->2 mode=NONE win=8 obs=314 | cap=wip act=(320,360) d=2.02 a=1 | sp=frontier:active d=2.0 age=1 dtg=13.80 region=1_9
ep=356 s=314 12300ms [sel=16 cap=11689 rest=560] sg=2->2 mode=NONE win=8 obs=315 | cap=wip act=(160,180) d=2.69 a=1 | preview=view3/6 yaw=+0 render=35ms | sp=preview:active d=2.7 age=0 dtg=13.68 region=1_9
ep=356 s=315 11065ms [sel=3 cap=10943 rest=119] sg=2->2 mode=NONE win=8 obs=316 | cap=wip act=(320,360) d=2.46 a=1 | sp=preview:active d=2.5 age=1 dtg=13.64 region=1_9
ep=356 s=316 10297ms [sel=3 cap=10179 rest=115] sg=2->2 mode=NONE win=8 obs=317 | cap=wip act=(320,360) d=2.23 a=1 | sp=preview:active d=2.2 age=2 dtg=13.71 region=1_9
ep=356 s=317 13137ms [sel=3 cap=12590 rest=507] sg=2->2 mode=NONE win=8 obs=318 | cap=wip act=(320,360) d=2.01 a=1 | preview=view-/6 yaw=+0 render=37ms | sp=preview:active d=2.0 age=3 dtg=13.86 region=1_9
ep=356 s=318 10054ms [sel=3 cap=9946 rest=104] sg=2->2 mode=NONE win=8 obs=319 | cap=wip act=(320,360) d=1.79 a=2 | sp=preview:active d=1.8 age=4 dtg=13.86 region=1_9
ep=356 s=319 12495ms [sel=3 cap=12383 rest=108] sg=2->2 mode=NONE win=8 obs=320 | cap=wip act=(320,360) d=1.79 a=1 | sp=preview:active d=1.8 age=5 dtg=14.04 region=1_9
ep=356 s=320 9888ms [sel=3 cap=9779 rest=106] sg=2->2 mode=NONE win=8 obs=321 | cap=wip act=(320,360) d=1.56 a=2 | sp=preview:active d=1.6 age=6 dtg=14.04 region=1_9
ep=356 s=321 15711ms [sel=3 cap=15587 rest=121] sg=2->2 mode=NONE win=8 obs=322 | cap=wip act=(320,360) d=1.56 a=1 | sp=preview:active d=1.6 age=7 dtg=14.22 region=1_26
ep=356 s=322 12346ms [sel=4 cap=12228 rest=113] sg=2->2 mode=NONE win=8 obs=323 | cap=wip act=(320,360) d=1.31 a=1 | sp=preview:active d=1.3 age=8 dtg=14.44 region=1_26
ep=356 s=323 12402ms [sel=3 cap=12277 rest=122] sg=2->2 mode=NONE win=8 obs=324 | cap=wip act=(320,360) d=1.06 a=1 | sp=preview:active d=1.1 age=9 dtg=14.67 region=1_26
ep=356 s=324 9830ms [sel=4 cap=9706 rest=120] sg=2->2 mode=NONE win=8 obs=325 | cap=wip act=(320,360) d=0.82 a=1 | sp=preview:active d=0.8 age=10 dtg=14.91 region=1_26
ep=356 s=325 12597ms [sel=4 cap=12474 rest=119] sg=2->2 mode=NONE win=8 obs=326 | cap=wip act=(320,360) d=0.58 a=1 | sp=preview:active d=0.6 age=11 dtg=15.15 region=1_26
ep=356 s=326 13360ms [sel=5257 cap=7993 rest=111] sg=2->2 mode=NONE win=8 obs=327 | cap=wip act=(320,359) d=2.08 a=1 | sp=straight_ahead:reached d=0.5 age=0 som=3/8 dtg=15.39 region=1_26
ep=356 s=327 17482ms [sel=207 cap=17163 rest=112] sg=2->2 mode=NONE win=8 obs=328 | cap=wip act=TURN request=+45deg execute=+15deg x1 a=3 | sp=straight_ahead:reached d=0.5 age=1 ovr=3 dtg=15.39 region=1_26
ep=356 s=328 9769ms [sel=0 cap=9626 rest=143] sg=2->2 mode=NONE win=8 obs=329 | cap=wip act=TURN request=+45deg execute=+15deg x1 a=3 | sp=- ovr=3 dtg=15.39 region=1_26
ep=356 s=329 12396ms [sel=0 cap=12280 rest=116] sg=2->2 mode=NONE win=8 obs=330 | cap=wip act=TURN request=+45deg execute=+15deg x1 a=3 | sp=- ovr=3 dtg=15.39 region=1_26
ep=356 s=330 8627ms [sel=0 cap=8505 rest=122] sg=2->2 mode=NONE win=8 obs=331 | cap=wip act=TURN request=+45deg execute=+15deg x1 a=3 | sp=- ovr=3 dtg=15.39 region=1_26
ep=356 s=331 8357ms [sel=0 cap=8236 rest=121] sg=2->2 mode=NONE win=8 obs=332 | cap=wip act=TURN request=+45deg execute=+15deg x1 a=3 | sp=- ovr=3 dtg=15.39 region=1_26
ep=356 s=332 6996ms [sel=0 cap=6874 rest=122] sg=2->2 mode=NONE win=8 obs=333 | cap=wip act=TURN request=+45deg execute=+15deg x1 a=3 | sp=- ovr=3 dtg=15.39 region=1_26
ep=356 s=333 12315ms [sel=0 cap=12196 rest=119] sg=2->2 mode=NONE win=8 obs=334 | cap=wip act=TURN request=+45deg execute=+15deg x1 a=3 | sp=- ovr=3 dtg=15.39 region=1_26
ep=356 s=334 7178ms [sel=0 cap=7057 rest=121] sg=2->2 mode=NONE win=8 obs=335 | cap=wip act=TURN request=+45deg execute=+15deg x1 a=3 | sp=- ovr=3 dtg=15.39 region=1_26
ep=356 s=335 15105ms [sel=0 cap=14983 rest=123] sg=2->2 mode=NONE win=8 obs=336 | cap=wip act=TURN request=+45deg execute=+15deg x1 a=3 | sp=- ovr=3 dtg=15.39 region=1_26
ep=356 s=336 9467ms [sel=0 cap=9349 rest=117] sg=2->2 mode=NONE win=8 obs=337 | cap=wip act=TURN request=+45deg execute=+15deg x1 a=3 | sp=- ovr=3 dtg=15.39 region=1_26
ep=356 s=337 10682ms [sel=0 cap=10558 rest=124] sg=2->2 mode=NONE win=8 obs=338 | cap=wip act=TURN request=+45deg execute=+15deg x1 a=3 | sp=- ovr=3 dtg=15.39 region=1_26
ep=356 s=338 13579ms [sel=45 cap=13412 rest=123] sg=2->2 mode=NONE win=8 obs=339 | cap=wip act=(320,360) d=3.20 a=1 | sp=frontier:active d=3.2 age=0 dtg=15.18 region=1_26
ep=356 s=339 11372ms [sel=3 cap=11239 rest=129] sg=2->2 mode=NONE win=8 obs=340 | cap=wip act=(320,360) d=2.95 a=3 | sp=frontier:active d=3.0 age=1 dtg=15.18 region=1_26
ep=356 s=340 12455ms [sel=3 cap=12321 rest=131] sg=2->2 mode=NONE win=8 obs=341 | cap=wip act=(320,360) d=2.95 a=1 | sp=frontier:active d=3.0 age=2 dtg=14.94 region=1_26
ep=356 s=341 9884ms [sel=4 cap=9747 rest=133] sg=2->2 mode=NONE win=8 obs=342 | cap=wip act=(320,360) d=2.72 a=2 | sp=frontier:active d=2.7 age=3 dtg=14.94 region=1_26
ep=356 s=342 8021ms [sel=3 cap=7898 rest=120] sg=2->2 mode=NONE win=8 obs=343 | cap=wip act=(320,360) d=2.72 a=1 | sp=frontier:active d=2.7 age=4 dtg=14.74 region=1_26
ep=356 s=343 11860ms [sel=3 cap=11726 rest=130] sg=2->2 mode=NONE win=8 obs=344 | cap=wip act=(320,360) d=2.48 a=1 | sp=frontier:active d=2.5 age=5 dtg=14.56 region=1_26
ep=356 s=344 7196ms [sel=6 cap=7058 rest=132] sg=2->2 mode=NONE win=8 obs=345 | cap=wip act=(320,360) d=2.23 a=1 | sp=frontier:active d=2.2 age=6 dtg=14.42 region=1_26
ep=356 s=345 10087ms [sel=4 cap=9936 rest=147] sg=2->2 mode=NONE win=8 obs=346 | cap=wip act=(320,360) d=1.99 a=1 | sp=frontier:active d=2.0 age=7 dtg=14.33 region=1_9
ep=356 s=346 20186ms [sel=3 cap=20057 rest=126] sg=2->2 mode=NONE win=8 obs=347 | cap=wip act=(320,360) d=1.75 a=1 | sp=frontier:active d=1.7 age=8 dtg=14.31 region=1_9
ep=356 s=347 16418ms [sel=4 cap=16292 rest=122] sg=2->2 mode=NONE win=8 obs=348 | cap=wip act=(320,360) d=1.51 a=1 | sp=frontier:active d=1.5 age=9 dtg=14.35 region=1_9
ep=356 s=348 13019ms [sel=3 cap=12903 rest=112] sg=2->2 mode=NONE win=8 obs=349 | cap=wip act=(320,360) d=1.27 a=1 | sp=frontier:active d=1.3 age=10 dtg=14.44 region=1_9
ep=356 s=349 15086ms [sel=3 cap=14973 rest=111] sg=2->2 mode=NONE win=8 obs=350 | cap=wip act=(320,360) d=1.05 a=2 | sp=frontier:active d=1.0 age=11 dtg=14.44 region=1_9
ep=356 s=350 11433ms [sel=3 cap=11326 rest=105] sg=2->2 mode=NONE win=8 obs=351 | cap=wip act=(320,360) d=1.05 a=1 | sp=frontier:active d=1.0 age=12 dtg=14.63 region=1_9
ep=356 s=351 13116ms [sel=78 cap=12935 rest=103] sg=2->2 mode=NONE win=8 obs=352 | cap=wip act=(320,359) d=1.57 a=1 | sp=straight_ahead:active d=0.8 age=0 dtg=14.83 region=1_9
ep=356 s=352 10996ms [sel=84 cap=10810 rest=102] sg=2->3 mode=NONE win=8 obs=353 | cap=DONE act=(318,391) d=1.33 a=1 | sp=straight_ahead:active d=0.5 age=0 dtg=15.04 region=1_9
ep=356 s=353 12999ms [sel=4940 cap=7947 rest=112] sg=3->3 mode=NONE win=8 obs=354 | cap=wip act=(309,443) d=1.09 a=1 | sp=straight_ahead:reached d=0.3 age=0 som=1/5 dtg=15.19 region=1_9
ep=356 s=354 14716ms [sel=276 cap=14315 rest=125] sg=3->3 mode=NONE win=8 obs=355 | cap=wip act=TURN request=-45deg execute=-15deg x1 a=2 | sp=straight_ahead:reached d=0.3 age=1 ovr=3 dtg=15.19 region=1_9
ep=356 s=355 13448ms [sel=0 cap=13322 rest=126] sg=3->3 mode=NONE win=8 obs=356 | cap=wip act=TURN request=-45deg execute=-15deg x1 a=2 | sp=- ovr=3 dtg=15.19 region=1_9
ep=356 s=356 11481ms [sel=0 cap=11358 rest=122] sg=3->3 mode=NONE win=8 obs=357 | cap=wip act=TURN request=-45deg execute=-15deg x1 a=2 | sp=- ovr=3 dtg=15.19 region=1_9
ep=356 s=357 11956ms [sel=0 cap=11844 rest=112] sg=3->3 mode=NONE win=8 obs=358 | cap=wip act=TURN request=-45deg execute=-15deg x1 a=2 | sp=- ovr=3 dtg=15.19 region=1_9
ep=356 s=358 9757ms [sel=0 cap=9652 rest=104] sg=3->3 mode=NONE win=8 obs=359 | cap=wip act=TURN request=-45deg execute=-15deg x1 a=2 | sp=- ovr=3 dtg=15.19 region=1_9
ep=356 s=359 18625ms [sel=0 cap=18520 rest=105] sg=3->3 mode=NONE win=8 obs=360 | cap=wip act=TURN request=-45deg execute=-15deg x1 a=2 | sp=- ovr=3 dtg=15.19 region=1_9
ep=356 s=360 15344ms [sel=0 cap=15239 rest=105] sg=3->3 mode=NONE win=8 obs=361 | cap=wip act=TURN request=-45deg execute=-15deg x1 a=2 | sp=- ovr=3 dtg=15.19 region=1_9
ep=356 s=361 20224ms [sel=0 cap=19743 rest=442] sg=3->3 mode=NONE win=8 obs=362 | cap=wip act=TURN request=-45deg execute=-15deg x1 a=2 | preview=view-/6 yaw=+0 render=39ms | sp=- ovr=3 dtg=15.19 region=1_9
ep=356 s=362 11255ms [sel=0 cap=11137 rest=118] sg=3->3 mode=NONE win=8 obs=363 | cap=wip act=TURN request=-45deg execute=-15deg x1 a=2 | sp=- ovr=3 dtg=15.19 region=1_9
ep=356 s=363 11799ms [sel=0 cap=11670 rest=128] sg=3->3 mode=NONE win=8 obs=364 | cap=wip act=TURN request=-45deg execute=-15deg x1 a=2 | sp=- ovr=3 dtg=15.19 region=1_9
ep=356 s=364 10417ms [sel=0 cap=10278 rest=139] sg=3->3 mode=NONE win=8 obs=365 | cap=wip act=TURN request=-45deg execute=-15deg x1 a=2 | sp=- ovr=3 dtg=15.19 region=1_9
ep=356 s=365 17019ms [sel=47 cap=16842 rest=131] sg=3->3 mode=NONE win=8 obs=366 | cap=wip act=(320,360) d=1.85 a=1 | sp=frontier:active d=1.9 age=0 dtg=15.08 region=1_9
ep=356 s=366 17186ms [sel=29 cap=16608 rest=512] sg=3->3 mode=NONE win=8 obs=367 | cap=wip act=(160,180) d=3.18 a=2 | preview=view4/6 yaw=+45 render=38ms | sp=preview:active d=3.2 age=0 dtg=15.08 region=1_9
ep=356 s=367 13204ms [sel=17 cap=13022 rest=166] sg=3->3 mode=NONE win=8 obs=368 | cap=wip act=(320,360) d=3.18 a=1 | sp=preview:active d=3.2 age=1 dtg=14.87 region=1_9
ep=356 s=368 10968ms [sel=15 cap=10823 rest=130] sg=3->3 mode=NONE win=8 obs=369 | cap=wip act=(320,360) d=2.94 a=1 | sp=preview:active d=2.9 age=2 dtg=14.67 region=1_9
ep=356 s=369 9525ms [sel=5 cap=9384 rest=136] sg=3->3 mode=NONE win=8 obs=370 | cap=wip act=(320,360) d=2.69 a=3 | sp=preview:active d=2.7 age=3 dtg=14.67 region=1_9
ep=356 s=370 8829ms [sel=3 cap=8696 rest=131] sg=3->3 mode=NONE win=8 obs=371 | cap=wip act=(320,360) d=2.69 a=1 | sp=preview:active d=2.7 age=4 dtg=14.55 region=1_9
ep=356 s=371 19145ms [sel=6 cap=19024 rest=115] sg=3->3 mode=NONE win=8 obs=372 | cap=wip act=(320,360) d=2.44 a=1 | sp=preview:active d=2.4 age=5 dtg=14.47 region=1_9
ep=356 s=372 11649ms [sel=3 cap=11529 rest=117] sg=3->3 mode=NONE win=8 obs=373 | cap=wip act=(320,360) d=2.19 a=1 | sp=preview:active d=2.2 age=6 dtg=14.44 region=1_9
ep=356 s=373 12051ms [sel=3 cap=11938 rest=110] sg=3->3 mode=NONE win=8 obs=374 | cap=wip act=(320,360) d=1.95 a=2 | sp=preview:active d=1.9 age=7 dtg=14.44 region=1_9
ep=356 s=374 14082ms [sel=4 cap=13966 rest=112] sg=3->3 mode=NONE win=8 obs=375 | cap=wip act=(320,360) d=1.95 a=1 | sp=preview:active d=1.9 age=8 dtg=14.40 region=1_9
ep=356 s=375 8655ms [sel=4 cap=8530 rest=121] sg=3->3 mode=NONE win=8 obs=376 | cap=wip act=(320,360) d=1.70 a=1 | sp=preview:active d=1.7 age=9 dtg=14.42 region=1_26
ep=356 s=376 9927ms [sel=4 cap=9803 rest=121] sg=3->3 mode=NONE win=8 obs=377 | cap=wip act=(320,360) d=1.46 a=1 | sp=preview:active d=1.5 age=10 dtg=14.51 region=1_26
ep=356 s=377 8776ms [sel=4 cap=8651 rest=120] sg=3->3 mode=NONE win=8 obs=378 | cap=wip act=(320,360) d=1.22 a=1 | sp=preview:active d=1.2 age=11 dtg=14.64 region=1_26
ep=356 s=378 11008ms [sel=42 cap=10850 rest=116] sg=3->3 mode=NONE win=8 obs=379 | cap=wip act=(320,360) d=0.98 a=3 | sp=frontier:active d=1.0 age=0 dtg=14.64 region=1_26
ep=356 s=379 10632ms [sel=3 cap=10512 rest=117] sg=3->3 mode=NONE win=8 obs=380 | cap=wip act=(320,360) d=0.98 a=1 | sp=frontier:active d=1.0 age=1 dtg=14.85 region=1_26
ep=356 s=380 15553ms [sel=4 cap=15428 rest=121] sg=3->3 mode=NONE win=8 obs=381 | cap=wip act=(320,360) d=0.73 a=1 | sp=frontier:active d=0.7 age=2 dtg=15.08 region=1_26
ep=356 s=381 20644ms [sel=73 cap=20458 rest=112] sg=3->3 mode=NONE win=8 obs=382 | cap=wip act=(329,359) d=1.77 a=1 | sp=straight_ahead:reached d=0.5 age=0 dtg=15.31 region=1_26
ep=356 s=382 17722ms [sel=71 cap=17544 rest=106] sg=3->3 mode=NONE win=8 obs=383 | cap=wip act=(320,360) d=3.16 a=3 | sp=frontier:active d=3.2 age=0 dtg=15.31 region=1_26
ep=356 s=383 13330ms [sel=32 cap=13188 rest=110] sg=3->3 mode=NONE win=8 obs=384 | cap=wip act=(320,360) d=3.16 a=3 | sp=frontier:active d=3.2 age=1 dtg=15.31 region=1_26
ep=356 s=384 12741ms [sel=14 cap=12613 rest=114] sg=3->3 mode=NONE win=8 obs=385 | cap=wip act=(320,360) d=3.16 a=3 | sp=frontier:active d=3.2 age=2 dtg=15.31 region=1_26
ep=356 s=385 15784ms [sel=11 cap=15661 rest=112] sg=3->3 mode=NONE win=8 obs=386 | cap=wip act=(320,360) d=3.16 a=3 | sp=frontier:active d=3.2 age=3 dtg=15.31 region=1_26
ep=356 s=386 15980ms [sel=16 cap=15841 rest=122] sg=3->3 mode=NONE win=8 obs=387 | cap=wip act=(320,360) d=3.16 a=3 | sp=frontier:active d=3.2 age=4 dtg=15.31 region=1_26
ep=356 s=387 15966ms [sel=11 cap=15818 rest=138] sg=3->3 mode=NONE win=8 obs=388 | cap=wip act=(320,360) d=3.16 a=1 | sp=frontier:active d=3.2 age=5 dtg=15.47 region=1_26
ep=356 s=388 16631ms [sel=7 cap=16491 rest=133] sg=3->3 mode=NONE win=8 obs=389 | cap=wip act=(320,360) d=2.92 a=1 | sp=frontier:active d=2.9 age=6 dtg=15.64 region=1_26
ep=356 s=389 11659ms [sel=3 cap=11540 rest=116] sg=3->3 mode=NONE win=8 obs=390 | cap=wip act=(320,360) d=2.68 a=2 | sp=frontier:active d=2.7 age=7 dtg=15.64 region=1_26
ep=356 s=390 19040ms [sel=4 cap=18920 rest=116] sg=3->3 mode=NONE win=8 obs=391 | cap=wip act=(320,360) d=2.68 a=1 | sp=frontier:active d=2.7 age=8 dtg=15.87 region=1_15
ep=356 s=391 15394ms [sel=3 cap=15279 rest=112] sg=3->3 mode=NONE win=8 obs=392 | cap=wip act=(320,360) d=2.43 a=1 | sp=frontier:active d=2.4 age=9 dtg=16.10 region=1_15
ep=356 s=392 10832ms [sel=5 cap=10716 rest=111] sg=3->3 mode=NONE win=8 obs=393 | cap=wip act=(320,360) d=2.18 a=1 | sp=frontier:active d=2.2 age=10 dtg=16.33 region=1_15
ep=356 s=393 14406ms [sel=4 cap=14299 rest=104] sg=3->3 mode=NONE win=8 obs=394 | cap=wip act=(320,360) d=1.93 a=1 | sp=frontier:active d=1.9 age=11 dtg=16.57 region=1_15
ep=356 s=394 14658ms [sel=4 cap=14550 rest=105] sg=3->3 mode=NONE win=8 obs=395 | cap=wip act=(320,360) d=1.68 a=1 | sp=frontier:active d=1.7 age=12 dtg=16.80 region=1_15
ep=356 s=395 13847ms [sel=3 cap=13737 rest=107] sg=3->3 mode=NONE win=8 obs=396 | cap=wip act=(320,360) d=1.44 a=1 | sp=frontier:active d=1.4 age=13 dtg=17.04 region=1_15
ep=356 s=396 19625ms [sel=79 cap=19424 rest=123] sg=3->3 mode=NONE win=8 obs=397 | cap=wip act=(320,359) d=2.05 a=1 | sp=straight_ahead:active d=1.8 age=0 dtg=17.29 region=1_15
ep=356 s=397 16005ms [sel=4 cap=15890 rest=111] sg=3->3 mode=NONE win=8 obs=398 | cap=wip act=(320,360) d=1.51 a=1 | sp=straight_ahead:active d=1.5 age=1 dtg=17.53 region=1_15
ep=356 s=398 13163ms [sel=3 cap=13054 rest=106] sg=3->3 mode=NONE win=8 obs=399 | cap=wip act=(320,360) d=1.26 a=1 | sp=straight_ahead:active d=1.3 age=2 dtg=17.77 region=1_15
ep=356 s=399 17843ms [sel=4 cap=17727 rest=112] sg=3->3 mode=NONE win=8 obs=400 | cap=wip act=(320,360) d=1.01 a=1 | sp=straight_ahead:active d=1.0 age=3 dtg=18.02 region=1_15
ep=356 s=400 16383ms [sel=3 cap=16272 rest=108] sg=3->3 mode=NONE win=8 obs=401 | cap=wip act=(320,360) d=0.76 a=1 | sp=straight_ahead:active d=0.8 age=4 dtg=18.27 region=1_15
ep=356 s=401 17928ms [sel=4 cap=17818 rest=106] sg=3->3 mode=NONE win=8 obs=402 | cap=wip act=(320,360) d=0.51 a=1 | sp=straight_ahead:active d=0.5 age=5 dtg=18.51 region=1_15
ep=356 s=402 20321ms [sel=50 cap=20166 rest=105] sg=3->3 mode=NONE win=8 obs=403 | cap=wip act=(320,360) d=2.88 a=1 | sp=frontier:active d=2.9 age=0 dtg=18.76 region=1_15
ep=356 s=403 17009ms [sel=3 cap=16901 rest=105] sg=3->3 mode=NONE win=8 obs=404 | cap=wip act=(320,360) d=2.64 a=3 | sp=frontier:active d=2.6 age=1 dtg=18.76 region=1_15
ep=356 s=404 16345ms [sel=3 cap=16233 rest=109] sg=3->3 mode=NONE win=8 obs=405 | cap=wip act=(320,360) d=2.64 a=3 | sp=frontier:active d=2.6 age=2 dtg=18.76 region=1_15
ep=356 s=405 15657ms [sel=3 cap=15539 rest=114] sg=3->3 mode=NONE win=8 obs=406 | cap=wip act=(320,360) d=2.64 a=1 | sp=frontier:active d=2.6 age=3 dtg=18.96 region=1_15
ep=356 s=406 14997ms [sel=3 cap=14886 rest=108] sg=3->3 mode=NONE win=8 obs=407 | cap=wip act=(320,360) d=2.40 a=1 | sp=frontier:active d=2.4 age=4 dtg=19.17 region=1_15
ep=356 s=407 13219ms [sel=3 cap=13106 rest=110] sg=3->3 mode=NONE win=8 obs=408 | cap=wip act=(320,360) d=2.18 a=1 | sp=frontier:active d=2.2 age=5 dtg=19.39 region=1_15
ep=356 s=408 9460ms [sel=3 cap=9341 rest=116] sg=3->3 mode=NONE win=8 obs=409 | cap=wip act=(320,360) d=1.95 a=2 | sp=frontier:active d=2.0 age=6 dtg=19.39 region=1_15
ep=356 s=409 17871ms [sel=4 cap=17752 rest=115] sg=3->3 mode=NONE win=8 obs=410 | cap=wip act=(320,360) d=1.95 a=1 | sp=frontier:active d=2.0 age=7 dtg=19.64 region=1_15
ep=356 s=410 15707ms [sel=3 cap=15588 rest=115] sg=3->3 mode=NONE win=8 obs=411 | cap=wip act=(320,360) d=1.71 a=1 | sp=frontier:active d=1.7 age=8 dtg=19.88 region=1_15
ep=356 s=411 12760ms [sel=3 cap=12648 rest=108] sg=3->3 mode=NONE win=8 obs=412 | cap=wip act=(320,360) d=1.47 a=1 | sp=frontier:active d=1.5 age=9 dtg=20.13 region=1_15
ep=356 s=412 7804ms [sel=3 cap=7695 rest=107] sg=3->3 mode=NONE win=8 obs=413 | cap=wip act=(320,360) d=1.23 a=2 | sp=frontier:active d=1.2 age=10 dtg=20.13 region=1_15
ep=356 s=413 14873ms [sel=3 cap=14752 rest=118] sg=3->3 mode=NONE win=8 obs=414 | cap=wip act=(320,360) d=1.23 a=1 | sp=frontier:active d=1.2 age=11 dtg=20.38 region=1_15
ep=356 s=414 12278ms [sel=8 cap=12159 rest=112] sg=3->3 mode=NONE win=8 obs=415 | cap=wip act=(320,360) d=0.98 a=1 | sp=frontier:active d=1.0 age=12 dtg=20.63 region=1_15
ep=356 s=415 12853ms [sel=61 cap=12688 rest=104] sg=3->3 mode=NONE win=8 obs=416 | cap=wip act=(320,360) d=2.57 a=1 | sp=frontier:active d=2.6 age=0 dtg=20.87 region=1_15
ep=356 s=416 20959ms [sel=9 cap=20848 rest=101] sg=3->3 mode=NONE win=8 obs=417 | cap=wip act=(320,360) d=2.39 a=1 | sp=frontier:active d=2.4 age=1 dtg=21.12 region=1_15
ep=356 s=417 17723ms [sel=11 cap=17617 rest=94] sg=3->3 mode=NONE win=8 obs=418 | cap=wip act=(320,360) d=2.21 a=2 | sp=frontier:active d=2.2 age=2 dtg=21.12 region=1_15
ep=356 s=418 15341ms [sel=14 cap=15214 rest=112] sg=3->3 mode=NONE win=8 obs=419 | cap=wip act=(320,360) d=2.21 a=1 | sp=frontier:active d=2.2 age=3 dtg=21.36 region=1_15
ep=356 s=419 21002ms [sel=73 cap=20825 rest=104] sg=3->3 mode=NONE win=8 obs=420 | cap=wip act=(320,360) d=2.73 a=2 | sp=frontier:active d=2.7 age=0 dtg=21.36 region=1_15
ep=356 s=420 14120ms [sel=3 cap=14015 rest=102] sg=3->3 mode=NONE win=8 obs=421 | cap=wip act=(320,360) d=2.73 a=2 | sp=frontier:active d=2.7 age=1 dtg=21.36 region=1_15
ep=356 s=421 16305ms [sel=4 cap=16193 rest=108] sg=3->3 mode=NONE win=8 obs=422 | cap=wip act=(320,360) d=2.73 a=1 | sp=frontier:active d=2.7 age=2 dtg=21.54 region=1_15
ep=356 s=422 12430ms [sel=4 cap=12323 rest=104] sg=3->3 mode=NONE win=8 obs=423 | cap=wip act=(320,360) d=2.48 a=2 | sp=frontier:active d=2.5 age=3 dtg=21.54 region=1_15
ep=356 s=423 20283ms [sel=3 cap=20178 rest=102] sg=3->3 mode=NONE win=8 obs=424 | cap=wip act=(320,360) d=2.48 a=1 | sp=frontier:active d=2.5 age=4 dtg=21.72 region=1_14
ep=356 s=424 14032ms [sel=3 cap=13932 rest=97] sg=3->3 mode=NONE win=8 obs=425 | cap=wip act=(320,360) d=2.24 a=2 | sp=frontier:active d=2.2 age=5 dtg=21.72 region=1_14
ep=356 s=425 15551ms [sel=3 cap=15443 rest=105] sg=3->3 mode=NONE win=8 obs=426 | cap=wip act=(320,360) d=2.24 a=1 | sp=frontier:active d=2.2 age=6 dtg=21.90 region=1_14
ep=356 s=426 21984ms [sel=3 cap=21875 rest=106] sg=3->3 mode=NONE win=8 obs=427 | cap=wip act=(320,360) d=2.03 a=1 | sp=frontier:active d=2.0 age=7 dtg=22.11 region=1_14
ep=356 s=427 24505ms [sel=5 cap=24393 rest=107] sg=3->3 mode=NONE win=8 obs=428 | cap=wip act=(320,360) d=1.83 a=1 | sp=frontier:active d=1.8 age=8 dtg=22.33 region=1_14
ep=356 s=428 12546ms [sel=6 cap=12429 rest=112] sg=3->3 mode=NONE win=8 obs=429 | cap=wip act=(320,360) d=1.65 a=1 | sp=frontier:active d=1.6 age=9 dtg=22.57 region=1_14
ep=356 s=429 17585ms [sel=7 cap=17437 rest=142] sg=3->3 mode=NONE win=8 obs=430 | cap=wip act=(320,360) d=1.48 a=3 | sp=frontier:active d=1.5 age=10 dtg=22.57 region=1_14
ep=356 s=430 15166ms [sel=3 cap=15045 rest=118] sg=3->3 mode=NONE win=8 obs=431 | cap=wip act=(320,360) d=1.48 a=1 | sp=frontier:active d=1.5 age=11 dtg=22.82 region=1_14
ep=356 s=431 22642ms [sel=5 cap=22518 rest=119] sg=3->3 mode=NONE win=8 obs=432 | cap=wip act=(320,360) d=1.29 a=3 | sp=frontier:active d=1.3 age=12 dtg=22.82 region=1_14
ep=356 s=432 27013ms [sel=3 cap=26890 rest=120] sg=3->3 mode=NONE win=8 obs=433 | cap=wip act=(320,360) d=1.29 a=3 | sp=frontier:active d=1.3 age=13 dtg=22.82 region=1_14
ep=356 s=433 12515ms [sel=4 cap=12395 rest=116] sg=3->3 mode=NONE win=8 obs=434 | cap=wip act=(320,360) d=1.29 a=1 | sp=frontier:active d=1.3 age=14 dtg=23.04 region=1_14
ep=356 s=434 30202ms [sel=72 cap=0 rest=30130] sg=None->3 mode=NONE win=8 obs=435 | cap=- act=(320,360) d=2.90 a=3 | sp=frontier:active d=2.9 age=0 ANALYSIS_ERROR_STAGE=completion_confirmation ANALYSIS_ERROR='CaptionerOutputError: decision violates the navigation reply contract: Request timed out.' dtg=23.04 region=1_14
ep=356 s=435 20743ms [sel=16 cap=20611 rest=116] sg=3->3 mode=NONE win=8 obs=436 | cap=wip act=(320,360) d=2.90 a=3 | sp=frontier:active d=2.9 age=1 dtg=23.04 region=1_14
ep=356 s=436 16141ms [sel=47 cap=15981 rest=113] sg=3->3 mode=NONE win=8 obs=437 | cap=wip act=(320,360) d=2.90 a=3 | sp=frontier:active d=2.9 age=2 dtg=23.04 region=1_14
ep=356 s=437 12803ms [sel=46 cap=12298 rest=424] sg=3->3 mode=NONE win=8 obs=438 | cap=wip act=(320,360) d=2.90 a=3 | preview=view-/6 yaw=+0 render=36ms | sp=frontier:active d=2.9 age=3 dtg=23.04 region=1_14
ep=356 s=438 18978ms [sel=45 cap=18833 rest=99] sg=3->3 mode=NONE win=8 obs=439 | cap=wip act=(320,360) d=2.90 a=3 | sp=frontier:active d=2.9 age=4 dtg=23.04 region=1_14
ep=356 s=439 19029ms [sel=43 cap=18892 rest=94] sg=3->3 mode=NONE win=8 obs=440 | cap=wip act=(320,360) d=2.90 a=3 | sp=frontier:active d=2.9 age=5 dtg=23.04 region=1_14
ep=356 s=440 12449ms [sel=41 cap=12312 rest=96] sg=3->3 mode=NONE win=8 obs=441 | cap=wip act=(320,360) d=2.90 a=3 | sp=frontier:active d=2.9 age=6 dtg=23.04 region=1_14
ep=356 s=441 11043ms [sel=29 cap=10911 rest=103] sg=3->3 mode=NONE win=8 obs=442 | cap=wip act=(320,360) d=2.90 a=3 | sp=frontier:active d=2.9 age=7 dtg=23.04 region=1_14
ep=356 s=442 16399ms [sel=21 cap=16279 rest=99] sg=3->3 mode=NONE win=8 obs=443 | cap=wip act=(320,360) d=2.90 a=3 | sp=frontier:active d=2.9 age=8 dtg=23.04 region=1_14
ep=356 s=443 14202ms [sel=20 cap=14084 rest=98] sg=3->3 mode=NONE win=8 obs=444 | cap=wip act=(320,360) d=2.90 a=3 | sp=frontier:active d=2.9 age=9 dtg=23.04 region=1_14
ep=356 s=444 12864ms [sel=20 cap=12740 rest=104] sg=3->3 mode=NONE win=8 obs=445 | cap=wip act=(320,360) d=2.90 a=1 | sp=frontier:active d=2.9 age=10 dtg=22.80 region=1_14
ep=356 s=445 14758ms [sel=21 cap=14640 rest=98] sg=3->3 mode=NONE win=8 obs=446 | cap=wip act=(320,360) d=3.15 a=1 | sp=frontier:active d=3.1 age=11 dtg=22.55 region=1_14
ep=356 s=446 13477ms [sel=38 cap=13325 rest=114] sg=3->3 mode=NONE win=8 obs=447 | cap=wip act=(320,360) d=3.40 a=1 | sp=frontier:active d=3.4 age=12 dtg=22.30 region=1_14
ep=356 s=447 11545ms [sel=24 cap=11393 rest=128] sg=3->3 mode=NONE win=8 obs=448 | cap=wip act=(320,360) d=3.64 a=2 | sp=frontier:active d=3.6 age=13 dtg=22.30 region=1_14
ep=356 s=448 16535ms [sel=22 cap=16406 rest=108] sg=3->3 mode=NONE win=8 obs=449 | cap=wip act=(320,360) d=3.64 a=1 | sp=frontier:active d=3.6 age=14 dtg=22.08 region=1_14
ep=356 s=449 15069ms [sel=22 cap=14932 rest=116] sg=3->3 mode=NONE win=8 obs=450 | cap=wip act=(320,360) d=3.89 a=1 | sp=frontier:active d=3.9 age=15 dtg=21.89 region=1_14
ep=356 s=450 12699ms [sel=23 cap=12565 rest=110] sg=3->3 mode=NONE win=8 obs=451 | cap=wip act=(320,360) d=4.14 a=1 | sp=frontier:active d=4.1 age=16 dtg=21.72 region=1_14
ep=356 s=451 15705ms [sel=23 cap=15575 rest=107] sg=3->3 mode=NONE win=8 obs=452 | cap=wip act=(320,360) d=4.39 a=1 | sp=frontier:active d=4.4 age=17 dtg=21.62 region=1_15
ep=356 s=452 30157ms [sel=18 cap=0 rest=30139] sg=None->3 mode=NONE win=8 obs=453 | cap=- act=(320,360) d=4.64 a=3 | sp=frontier:active d=4.6 age=18 ANALYSIS_ERROR_STAGE=decision ANALYSIS_ERROR='CaptionerInferenceError: Captioner model inference failed' dtg=21.62 region=1_15
ep=356 s=453 18313ms [sel=19 cap=18189 rest=104] sg=3->3 mode=NONE win=8 obs=454 | cap=wip act=(320,360) d=4.64 a=1 | sp=frontier:active d=4.6 age=19 dtg=21.51 region=1_15
ep=356 s=454 14719ms [sel=59 cap=14553 rest=108] sg=3->3 mode=NONE win=8 obs=455 | cap=wip act=(320,360) d=4.21 a=1 | sp=frontier:active d=4.2 age=0 dtg=21.41 region=1_15
ep=356 s=455 24960ms [sel=3 cap=24853 rest=104] sg=3->3 mode=NONE win=8 obs=456 | cap=wip act=(320,360) d=3.96 a=3 | sp=frontier:active d=4.0 age=1 dtg=21.41 region=1_15
ep=356 s=456 14824ms [sel=3 cap=14718 rest=102] sg=3->3 mode=NONE win=8 obs=457 | cap=wip act=(320,360) d=3.96 a=1 | sp=frontier:active d=4.0 age=2 dtg=21.27 region=1_15
ep=356 s=457 30114ms [sel=3 cap=0 rest=30111] sg=None->3 mode=NONE win=8 obs=458 | cap=- act=(320,360) d=3.73 a=1 | sp=frontier:active d=3.7 age=3 ANALYSIS_ERROR_STAGE=completion_confirmation ANALYSIS_ERROR='CaptionerOutputError: decision violates the navigation reply contract: Request timed out.' dtg=21.14 region=1_15
ep=356 s=458 22394ms [sel=4 cap=22272 rest=118] sg=3->3 mode=NONE win=8 obs=459 | cap=wip act=(320,360) d=3.50 a=1 | sp=frontier:active d=3.5 age=4 dtg=21.03 region=1_15
ep=356 s=459 16580ms [sel=3 cap=16455 rest=121] sg=3->3 mode=NONE win=8 obs=460 | cap=wip act=(320,360) d=3.27 a=1 | sp=frontier:active d=3.3 age=5 dtg=20.97 region=1_15
ep=356 s=460 12296ms [sel=3 cap=12174 rest=119] sg=3->3 mode=NONE win=8 obs=461 | cap=wip act=(320,360) d=3.05 a=2 | sp=frontier:active d=3.0 age=6 dtg=20.97 region=1_15
ep=356 s=461 9114ms [sel=3 cap=8983 rest=128] sg=3->3 mode=NONE win=8 obs=462 | cap=wip act=(320,360) d=3.05 a=1 | sp=frontier:active d=3.0 age=7 dtg=21.02 region=1_15
ep=356 s=462 11221ms [sel=3 cap=11102 rest=116] sg=3->3 mode=NONE win=8 obs=463 | cap=wip act=(320,360) d=2.81 a=1 | sp=frontier:active d=2.8 age=8 dtg=21.11 region=1_12
ep=356 s=463 20526ms [sel=4 cap=20406 rest=116] sg=3->3 mode=NONE win=8 obs=464 | cap=wip act=(320,360) d=2.56 a=1 | sp=frontier:active d=2.6 age=9 dtg=21.24 region=1_12
ep=356 s=464 24288ms [sel=4 cap=24171 rest=114] sg=3->3 mode=NONE win=8 obs=465 | cap=wip act=(320,360) d=2.32 a=2 | sp=frontier:active d=2.3 age=10 dtg=21.24 region=1_12
ep=356 s=465 17528ms [sel=3 cap=17409 rest=117] sg=3->3 mode=NONE win=8 obs=466 | cap=wip act=(320,360) d=2.32 a=1 | sp=frontier:active d=2.3 age=11 dtg=21.44 region=1_12
ep=356 s=466 20084ms [sel=3 cap=19966 rest=115] sg=3->3 mode=NONE win=8 obs=467 | cap=wip act=(320,360) d=2.07 a=1 | sp=frontier:active d=2.1 age=12 dtg=21.65 region=1_12
ep=356 s=467 14990ms [sel=76 cap=14799 rest=116] sg=3->3 mode=NONE win=8 obs=468 | cap=wip act=(320,360) d=3.38 a=2 | sp=frontier:active d=3.4 age=0 dtg=21.65 region=1_12
ep=356 s=468 20465ms [sel=4 cap=20341 rest=120] sg=3->3 mode=NONE win=8 obs=469 | cap=wip act=(320,360) d=3.38 a=2 | sp=frontier:active d=3.4 age=1 dtg=21.65 region=1_12
ep=356 s=469 19095ms [sel=4 cap=18963 rest=128] sg=3->3 mode=NONE win=8 obs=470 | cap=wip act=(320,360) d=3.38 a=1 | sp=frontier:active d=3.4 age=2 dtg=21.90 region=1_12
ep=356 s=470 15079ms [sel=3 cap=14947 rest=129] sg=3->3 mode=NONE win=8 obs=471 | cap=wip act=(320,360) d=3.13 a=2 | sp=frontier:active d=3.1 age=3 dtg=21.90 region=1_12
ep=356 s=471 19202ms [sel=3 cap=19080 rest=119] sg=3->3 mode=NONE win=8 obs=472 | cap=wip act=(320,360) d=3.13 a=1 | sp=frontier:active d=3.1 age=4 dtg=22.14 region=1_12
ep=356 s=472 10584ms [sel=3 cap=10461 rest=120] sg=3->3 mode=NONE win=8 obs=473 | cap=wip act=(320,360) d=2.88 a=1 | sp=frontier:active d=2.9 age=5 dtg=22.39 region=1_12
ep=356 s=473 11174ms [sel=3 cap=11051 rest=119] sg=3->3 mode=NONE win=8 obs=474 | cap=wip act=(320,360) d=2.64 a=1 | sp=frontier:active d=2.6 age=6 dtg=22.63 region=1_12
ep=356 s=474 12860ms [sel=3 cap=12740 rest=117] sg=3->3 mode=NONE win=8 obs=475 | cap=wip act=(320,360) d=2.40 a=1 | sp=frontier:active d=2.4 age=7 dtg=22.88 region=1_12
ep=356 s=475 15638ms [sel=3 cap=15518 rest=117] sg=3->3 mode=NONE win=8 obs=476 | cap=wip act=(320,360) d=2.16 a=1 | sp=frontier:active d=2.2 age=8 dtg=23.12 region=1_12
ep=356 s=476 19046ms [sel=3 cap=18926 rest=117] sg=3->3 mode=NONE win=8 obs=477 | cap=wip act=(320,360) d=1.92 a=2 | sp=frontier:active d=1.9 age=9 dtg=23.12 region=1_12
ep=356 s=477 10363ms [sel=3 cap=10243 rest=117] sg=3->3 mode=NONE win=8 obs=478 | cap=wip act=(320,360) d=1.92 a=1 | sp=frontier:active d=1.9 age=10 dtg=23.35 region=1_12
ep=356 s=478 12673ms [sel=3 cap=12558 rest=112] sg=3->3 mode=NONE win=8 obs=479 | cap=wip act=(320,360) d=1.72 a=1 | sp=frontier:active d=1.7 age=11 dtg=23.58 region=1_12
ep=356 s=479 22383ms [sel=5 cap=22271 rest=108] sg=3->3 mode=NONE win=8 obs=480 | cap=wip act=(320,360) d=1.53 a=3 | sp=frontier:active d=1.5 age=12 dtg=23.58 region=1_12
ep=356 s=480 20958ms [sel=0 cap=20841 rest=117] sg=3->4 mode=NONE win=8 obs=481 | cap=DONE act=TURN request=-45deg execute=-15deg x1 a=2 | sp=frontier:active d=1.5 age=13 ovr=4 door_evts=4 dtg=23.58 region=1_12
ep=356 s=481 11226ms [sel=0 cap=11114 rest=112] sg=4->4 mode=NONE win=8 obs=482 | cap=wip act=TURN request=-45deg execute=-15deg x1 a=2 | sp=- ovr=4 door_evts=4 dtg=23.58 region=1_12
ep=356 s=482 15561ms [sel=0 cap=15455 rest=106] sg=4->4 mode=NONE win=8 obs=483 | cap=wip act=TURN request=-45deg execute=-15deg x1 a=2 | sp=- ovr=4 door_evts=4 dtg=23.58 region=1_12
ep=356 s=483 13073ms [sel=0 cap=12963 rest=110] sg=4->4 mode=NONE win=8 obs=484 | cap=wip act=TURN request=-45deg execute=-15deg x1 a=2 | sp=- ovr=4 door_evts=4 dtg=23.58 region=1_12
ep=356 s=484 19017ms [sel=88 cap=18815 rest=114] sg=4->4 mode=NONE win=8 obs=485 | cap=wip act=(320,360) d=2.76 a=2 | sp=frontier:active d=2.8 age=0 dtg=23.58 region=1_12
ep=356 s=485 14491ms [sel=29 cap=14345 rest=117] sg=4->4 mode=GET_NOWHERE win=8 obs=486 | cap=wip/GET_NOWHERE act=(320,360) d=2.76 a=2 | sp=frontier:active d=2.8 age=1 dtg=23.58 region=1_12
ep=356 s=486 17771ms [sel=29 cap=17597 rest=145] sg=4->4 mode=NONE win=8 obs=487 | cap=wip act=(320,360) d=2.76 a=2 | sp=frontier:active d=2.8 age=2 dtg=23.58 region=1_12
ep=356 s=487 16025ms [sel=30 cap=15878 rest=116] sg=4->4 mode=NONE win=8 obs=488 | cap=wip act=(320,360) d=2.76 a=2 | sp=frontier:active d=2.8 age=3 dtg=23.58 region=1_12
ep=356 s=488 14838ms [sel=22 cap=14701 rest=114] sg=4->4 mode=NONE win=8 obs=489 | cap=wip act=(320,360) d=2.76 a=2 | sp=frontier:active d=2.8 age=4 dtg=23.58 region=1_12
ep=356 s=489 21465ms [sel=12 cap=21340 rest=113] sg=4->4 mode=NONE win=8 obs=490 | cap=wip act=(320,360) d=2.76 a=2 | sp=frontier:active d=2.8 age=5 dtg=23.58 region=1_12
ep=356 s=490 10795ms [sel=4 cap=10676 rest=114] sg=4->4 mode=NONE win=8 obs=491 | cap=wip act=(320,360) d=2.76 a=2 | sp=frontier:active d=2.8 age=6 dtg=23.58 region=1_12
ep=356 s=491 11648ms [sel=3 cap=11528 rest=116] sg=4->4 mode=NONE win=8 obs=492 | cap=wip act=(320,360) d=2.76 a=1 | sp=frontier:active d=2.8 age=7 dtg=23.34 region=1_12
ep=356 s=492 19960ms [sel=3 cap=19842 rest=116] sg=4->4 mode=NONE win=8 obs=493 | cap=wip act=(320,360) d=2.53 a=2 | sp=frontier:active d=2.5 age=8 dtg=23.34 region=1_12
ep=356 s=493 16328ms [sel=4 cap=16204 rest=121] sg=4->4 mode=NONE win=8 obs=494 | cap=wip act=(320,360) d=2.53 a=1 | sp=frontier:active d=2.5 age=9 dtg=23.09 region=1_12
ep=356 s=494 19742ms [sel=6 cap=19611 rest=125] sg=4->4 mode=NONE win=8 obs=495 | cap=wip act=(320,360) d=2.34 a=1 | sp=frontier:active d=2.3 age=10 dtg=22.84 region=1_12
ep=356 s=495 20199ms [sel=5 cap=20072 rest=122] sg=4->4 mode=NONE win=8 obs=496 | cap=wip act=(320,360) d=2.16 a=1 | sp=frontier:active d=2.2 age=11 dtg=22.59 region=1_12
ep=356 s=496 19887ms [sel=7 cap=19763 rest=118] sg=4->4 mode=NONE win=8 obs=497 | cap=wip act=(320,360) d=2.00 a=1 | sp=frontier:active d=2.0 age=12 dtg=22.34 region=1_12
ep=356 s=497 23941ms [sel=8 cap=23794 rest=138] sg=4->4 mode=NONE win=8 obs=498 | cap=wip act=(320,360) d=1.86 a=1 | sp=frontier:active d=1.9 age=13 dtg=22.10 region=1_12
ep=356 s=498 14445ms [sel=11 cap=14325 rest=110] sg=4->4 mode=NONE win=8 obs=499 | cap=wip act=(320,360) d=1.74 a=1 | sp=frontier:active d=1.7 age=14 dtg=21.85 region=1_12
ep=356 s=499 14283ms [sel=11 cap=14164 rest=108] sg=4->4 mode=NONE win=8 obs=500 | cap=wip act=(320,360) d=1.66 a=3 | sp=frontier:active d=1.7 age=15 dtg=21.85 region=1_12
rank=3 [3/12] id=356 steps=500 success=0.000 spl=0.000 dtg=21.85 osr=0 path_length=62.92 ndtw=0.000 sdtw=0.000
PluginManager::Manager: duplicate static plugin StbImageImporter, ignoring
PluginManager::Manager: duplicate static plugin GltfImporter, ignoring
PluginManager::Manager: duplicate static plugin BasisImporter, ignoring
PluginManager::Manager: duplicate static plugin AssimpImporter, ignoring
PluginManager::Manager: duplicate static plugin AnySceneImporter, ignoring
PluginManager::Manager: duplicate static plugin AnyImageImporter, ignoring
episode=501 instruction="Left. Straight on. Wait at the hallway's end." start_position=[-4.353710174560547, 0.15480518341064453, -11.63290023803711] goal_position=[4.944920063018799, 0.15480518341064453, -12.134599685668945] reference_geodesic=9.363972663879395
episode=501 prepared_subgoals=2
  [1] Turn left until the Stop at the hallway's end is centered ahead, then walk straight ahead toward the Stop at the hallway's end until the next instructed route stage begins
      proof: The Stop at the hallway's end is visible nearby and the camera is positioned to begin the next instructed route stage.
  [2] Stop at the hallway's end
      proof: The end of the hallway is directly ahead, within a step, and the camera is stationary
ep=501 s=0 17135ms [sel=0 cap=16580 rest=518] sg=1->1 mode=NONE win=1 obs=1 | cap=wip act=TURN request=-45deg execute=-15deg x1 a=2 | preview=view-/6 yaw=+0 render=37ms dtg=9.36 region=1_23
ep=501 s=1 13354ms [sel=0 cap=13242 rest=112] sg=1->1 mode=NONE win=2 obs=2 | cap=wip act=TURN request=-45deg execute=-15deg x1 a=2 dtg=9.36 region=1_23
ep=501 s=2 23952ms [sel=0 cap=23809 rest=143] sg=1->1 mode=NONE win=3 obs=3 | cap=wip act=TURN request=-45deg execute=-15deg x1 a=2 dtg=9.36 region=1_23
ep=501 s=3 21230ms [sel=0 cap=21118 rest=112] sg=1->1 mode=NONE win=4 obs=4 | cap=wip act=TURN request=-45deg execute=-15deg x1 a=2 dtg=9.36 region=1_23
ep=501 s=4 10154ms [sel=0 cap=10033 rest=120] sg=1->1 mode=NONE win=5 obs=5 | cap=wip act=TURN request=-45deg execute=-15deg x1 a=2 dtg=9.36 region=1_23
ep=501 s=5 12263ms [sel=50 cap=12103 rest=110] sg=1->1 mode=NONE win=6 obs=6 | cap=wip act=(320,360) d=2.29 a=1 | sp=frontier:active d=2.3 age=0 dtg=9.13 region=1_23
ep=501 s=6 16387ms [sel=5 cap=16273 rest=109] sg=1->1 mode=NONE win=7 obs=7 | cap=wip act=(320,360) d=2.10 a=2 | sp=frontier:active d=2.1 age=1 dtg=9.13 region=1_23
ep=501 s=7 14567ms [sel=4 cap=14446 rest=117] sg=1->1 mode=NONE win=8 obs=8 | cap=wip act=(320,360) d=2.10 a=1 | sp=frontier:active d=2.1 age=2 dtg=8.89 region=1_23
ep=501 s=8 13818ms [sel=4 cap=13703 rest=111] sg=1->1 mode=NONE win=8 obs=9 | cap=wip act=(320,360) d=1.98 a=1 | sp=frontier:active d=2.0 age=3 dtg=8.64 region=1_23
ep=501 s=9 17136ms [sel=4 cap=17027 rest=105] sg=1->1 mode=NONE win=8 obs=10 | cap=wip act=(320,360) d=1.89 a=1 | sp=frontier:active d=1.9 age=4 dtg=8.39 region=1_23
ep=501 s=10 12319ms [sel=4 cap=12207 rest=108] sg=1->1 mode=NONE win=8 obs=11 | cap=wip act=(320,360) d=1.82 a=1 | sp=frontier:active d=1.8 age=5 dtg=8.15 region=1_23
ep=501 s=11 20705ms [sel=47 cap=20547 rest=111] sg=1->2 mode=NONE win=8 obs=12 | cap=DONE act=(320,360) d=3.26 a=1 | sp=frontier:active d=3.3 age=0 dtg=7.90 region=1_23
ep=501 s=12 14507ms [sel=3 cap=14395 rest=108] sg=2->2 mode=NONE win=8 obs=13 | cap=wip act=(320,360) d=3.02 a=1 | sp=frontier:active d=3.0 age=1 dtg=7.66 region=1_23
ep=501 s=13 22562ms [sel=3 cap=22000 rest=522] sg=2->2 mode=NONE win=8 obs=14 | cap=wip act=(320,360) d=2.79 a=1 | preview=view-/6 yaw=+0 render=37ms | sp=frontier:active d=2.8 age=2 dtg=7.41 region=1_23
ep=501 s=14 15651ms [sel=3 cap=15538 rest=110] sg=2->2 mode=NONE win=8 obs=15 | cap=wip act=(320,360) d=2.56 a=1 | sp=frontier:active d=2.6 age=3 dtg=7.17 region=1_23
ep=501 s=15 19178ms [sel=3 cap=19063 rest=112] sg=2->2 mode=NONE win=8 obs=16 | cap=wip act=(320,360) d=2.33 a=1 | sp=frontier:active d=2.3 age=4 dtg=6.92 region=1_23
ep=501 s=16 30578ms [sel=4 cap=0 rest=30538] sg=None->2 mode=NONE win=8 obs=17 | cap=- act=(320,360) d=2.10 a=1 | preview=view-/6 yaw=+0 render=35ms | sp=frontier:active d=2.1 age=5 ANALYSIS_ERROR_STAGE=completion_confirmation ANALYSIS_ERROR='CaptionerOutputError: decision violates the navigation reply contract: Request timed out.' dtg=6.68 region=1_23
ep=501 s=17 19168ms [sel=3 cap=19050 rest=115] sg=2->2 mode=NONE win=8 obs=18 | cap=wip act=(320,360) d=1.89 a=3 | sp=frontier:active d=1.9 age=6 dtg=6.68 region=1_23
ep=501 s=18 16626ms [sel=3 cap=16506 rest=117] sg=2->2 mode=NONE win=8 obs=19 | cap=wip act=(320,360) d=1.89 a=1 | sp=frontier:active d=1.9 age=7 dtg=6.47 region=1_23
ep=501 s=19 27117ms [sel=4 cap=26524 rest=553] sg=2->2 mode=NONE win=8 obs=20 | cap=wip act=(320,360) d=1.65 a=3 | preview=view-/6 yaw=+0 render=36ms | sp=frontier:active d=1.6 age=8 dtg=6.47 region=1_23
ep=501 s=20 11278ms [sel=3 cap=11132 rest=143] sg=2->2 mode=NONE win=8 obs=21 | cap=wip act=(320,360) d=1.65 a=1 | sp=frontier:active d=1.6 age=9 dtg=6.30 region=1_23
ep=501 s=21 16668ms [sel=3 cap=16548 rest=117] sg=2->2 mode=NONE win=8 obs=22 | cap=wip act=(320,360) d=1.40 a=3 | sp=frontier:active d=1.4 age=10 dtg=6.30 region=1_23
ep=501 s=22 30643ms [sel=3 cap=0 rest=30573] sg=None->2 mode=NONE win=8 obs=23 | cap=- act=(320,360) d=1.40 a=1 | preview=view-/6 yaw=+0 render=67ms | sp=frontier:active d=1.4 age=11 ANALYSIS_ERROR_STAGE=completion_confirmation ANALYSIS_ERROR='CaptionerOutputError: decision violates the navigation reply contract: Request timed out.' dtg=6.21 region=1_23
ep=501 s=23 14591ms [sel=54 cap=14419 rest=118] sg=2->2 mode=NONE win=8 obs=24 | cap=wip act=(320,360) d=2.68 a=2 | sp=frontier:active d=2.7 age=0 dtg=6.21 region=1_23
ep=501 s=24 11494ms [sel=15 cap=11369 rest=110] sg=2->2 mode=NONE win=8 obs=25 | cap=wip act=(320,360) d=2.68 a=2 | sp=frontier:active d=2.7 age=1 dtg=6.21 region=1_23
ep=501 s=25 25551ms [sel=6 cap=24950 rest=561] sg=2->None mode=NONE win=8 obs=26 | cap=DONE act=(320,360) d=1.00 a=1 | preview=view-/6 yaw=+0 render=34ms | sp=frontier:active d=2.7 age=2 dtg=6.02 region=0_31
ep=501 s=26 121ms [sel=5 cap=0 rest=115] sg=None->None mode=NONE win=8 obs=27 | cap=- act=(320,360) d=1.00 a=1 | sp=frontier:active d=2.4 age=3 dtg=5.85 region=0_31
ep=501 s=27 119ms [sel=5 cap=0 rest=115] sg=None->None mode=NONE win=8 obs=28 | cap=- act=(320,360) d=1.00 a=1 | sp=frontier:active d=2.2 age=4 dtg=5.69 region=0_31
ep=501 s=28 111ms [sel=0 cap=0 rest=111] sg=None->None mode=NONE win=8 obs=29 | cap=- act=STOP | sp=frontier:active d=1.9 age=5 dtg=5.69 region=0_31
rank=3 [4/12] id=501 steps=29 success=0.000 spl=0.000 dtg=5.69 osr=0 path_length=4.25 ndtw=0.565 sdtw=0.000
PluginManager::Manager: duplicate static plugin StbImageImporter, ignoring
PluginManager::Manager: duplicate static plugin GltfImporter, ignoring
PluginManager::Manager: duplicate static plugin BasisImporter, ignoring
PluginManager::Manager: duplicate static plugin AssimpImporter, ignoring
PluginManager::Manager: duplicate static plugin AnySceneImporter, ignoring
PluginManager::Manager: duplicate static plugin AnyImageImporter, ignoring
episode=619 instruction='Past the stairs, down the walkway. Halt in the second bedroom, by the bathroom door.' start_position=[1.7788499593734741, 3.6180613040924072, 8.126489639282227] goal_position=[0.299686998128891, 3.6484322547912598, 2.7190299034118652] reference_geodesic=5.838303565979004
episode=619 prepared_subgoals=3
  [1] Go down the walkway
      proof: The camera has passed the walkway: it is behind or below the camera and the space beyond it fills the view; the camera has not yet turned right.
  [2] Turn right into the second bedroom, then walk to the bathroom door
      proof: The bathroom door is directly beside or ahead of the camera, within a step.
  [3] Halt by the bathroom door
      proof: The camera is stationary beside the bathroom door, with the door central in the view
ep=619 s=0 22320ms [sel=71 cap=21711 rest=498] sg=1->1 mode=NONE win=1 obs=1 | cap=wip act=(320,360) d=4.60 a=3 | preview=view-/6 yaw=+0 render=40ms | sp=frontier:active d=4.6 age=0 dtg=5.84 region=1_10
ep=619 s=1 12172ms [sel=23 cap=12023 rest=126] sg=1->1 mode=NONE win=2 obs=2 | cap=wip act=(320,360) d=4.60 a=3 | sp=frontier:active d=4.6 age=1 dtg=5.84 region=1_10
ep=619 s=2 16147ms [sel=22 cap=15989 rest=136] sg=1->1 mode=NONE win=3 obs=3 | cap=wip act=(320,360) d=4.60 a=3 | sp=frontier:active d=4.6 age=2 dtg=5.84 region=1_10
ep=619 s=3 15312ms [sel=35 cap=15157 rest=121] sg=1->1 mode=NONE win=4 obs=4 | cap=wip act=(320,360) d=4.60 a=3 | sp=frontier:active d=4.6 age=3 dtg=5.84 region=1_10
ep=619 s=4 12527ms [sel=28 cap=12376 rest=122] sg=1->1 mode=NONE win=5 obs=5 | cap=wip act=(320,360) d=4.60 a=3 | sp=frontier:active d=4.6 age=4 dtg=5.84 region=1_10
ep=619 s=5 13622ms [sel=21 cap=13477 rest=123] sg=1->1 mode=NONE win=6 obs=6 | cap=wip act=(320,360) d=4.60 a=1 | sp=frontier:active d=4.6 age=5 dtg=5.69 region=1_10
ep=619 s=6 13222ms [sel=22 cap=13081 rest=119] sg=1->1 mode=NONE win=7 obs=7 | cap=wip act=(320,360) d=4.38 a=3 | sp=frontier:active d=4.4 age=6 dtg=5.69 region=1_10
ep=619 s=7 13188ms [sel=38 cap=12620 rest=495] sg=1->1 mode=NONE win=8 obs=8 | cap=wip act=(160,180) d=3.27 a=1 | preview=view4/6 yaw=+75 render=36ms | sp=preview:active d=3.3 age=0 dtg=5.57 region=1_10
ep=619 s=8 16358ms [sel=21 cap=16213 rest=124] sg=1->1 mode=NONE win=8 obs=9 | cap=wip act=(320,360) d=3.21 a=1 | sp=preview:active d=3.2 age=1 dtg=5.52 region=2_1
ep=619 s=9 8839ms [sel=0 cap=8718 rest=121] sg=1->2 mode=NONE win=8 obs=10 | cap=DONE act=TURN request=+45deg execute=+15deg x1 a=3 | sp=preview:active d=3.2 age=2 dtg=5.52 region=2_1
ep=619 s=10 7860ms [sel=0 cap=7739 rest=120] sg=2->2 mode=NONE win=8 obs=11 | cap=wip act=TURN request=+45deg execute=+15deg x1 a=3 dtg=5.52 region=2_1
ep=619 s=11 15330ms [sel=0 cap=15210 rest=120] sg=2->2 mode=NONE win=8 obs=12 | cap=wip act=TURN request=+45deg execute=+15deg x1 a=3 dtg=5.52 region=2_1
ep=619 s=12 10722ms [sel=0 cap=10154 rest=528] sg=2->2 mode=NONE win=8 obs=13 | cap=wip act=TURN request=+45deg execute=+15deg x1 a=3 | preview=view-/6 yaw=+0 render=40ms dtg=5.52 region=2_1
ep=619 s=13 7721ms [sel=0 cap=7590 rest=131] sg=2->2 mode=NONE win=8 obs=14 | cap=wip act=TURN request=+45deg execute=+15deg x1 a=3 dtg=5.52 region=2_1
ep=619 s=14 72572ms [sel=65437 cap=7006 rest=129] sg=2->2 mode=NONE win=8 obs=15 | cap=wip act=(320,360) d=3.02 a=2 | sp=som:active d=3.0 age=0 som=3/7 dtg=5.52 region=2_1
ep=619 s=15 7704ms [sel=3 cap=7571 rest=129] sg=2->2 mode=NONE win=8 obs=16 | cap=wip act=(320,360) d=3.02 a=1 | sp=som:active d=3.0 age=1 dtg=5.29 region=2_1
ep=619 s=16 11273ms [sel=3 cap=11145 rest=126] sg=2->2 mode=NONE win=8 obs=17 | cap=wip act=(320,360) d=2.80 a=1 | sp=som:active d=2.8 age=2 dtg=5.06 region=2_1
ep=619 s=17 8936ms [sel=3 cap=8808 rest=125] sg=2->2 mode=NONE win=8 obs=18 | cap=wip act=(320,360) d=2.58 a=3 | sp=som:active d=2.6 age=3 dtg=5.06 region=2_1
ep=619 s=18 8646ms [sel=3 cap=8516 rest=127] sg=2->2 mode=NONE win=8 obs=19 | cap=wip act=(320,360) d=2.58 a=1 | sp=som:active d=2.6 age=4 dtg=4.82 region=2_1
ep=619 s=19 8133ms [sel=3 cap=7997 rest=132] sg=2->2 mode=NONE win=8 obs=20 | cap=wip act=(320,360) d=2.34 a=3 | sp=som:active d=2.3 age=5 dtg=4.82 region=2_1
ep=619 s=20 5859ms [sel=3 cap=5725 rest=130] sg=2->2 mode=NONE win=8 obs=21 | cap=wip act=(320,360) d=2.34 a=1 | sp=som:active d=2.3 age=6 dtg=4.57 region=2_1
ep=619 s=21 6445ms [sel=3 cap=6311 rest=131] sg=2->2 mode=NONE win=8 obs=22 | cap=wip act=(320,360) d=2.09 a=1 | sp=som:active d=2.1 age=7 dtg=4.32 region=2_1
ep=619 s=22 9429ms [sel=3 cap=9297 rest=129] sg=2->2 mode=NONE win=8 obs=23 | cap=wip act=(320,360) d=1.84 a=1 | sp=som:active d=1.8 age=8 dtg=4.07 region=2_1
ep=619 s=23 7956ms [sel=3 cap=7824 rest=129] sg=2->2 mode=NONE win=8 obs=24 | cap=wip act=(320,360) d=1.59 a=1 | sp=som:active d=1.6 age=9 dtg=3.82 region=1_5
ep=619 s=24 7174ms [sel=3 cap=7041 rest=130] sg=2->2 mode=NONE win=8 obs=25 | cap=wip act=(320,360) d=1.34 a=1 | sp=som:active d=1.3 age=10 dtg=3.57 region=2_2
ep=619 s=25 4645ms [sel=3 cap=4511 rest=131] sg=2->2 mode=NONE win=8 obs=26 | cap=wip act=(320,360) d=1.10 a=1 | sp=som:active d=1.1 age=11 dtg=3.32 region=2_2
ep=619 s=26 7265ms [sel=3 cap=7134 rest=128] sg=2->2 mode=NONE win=8 obs=27 | cap=wip act=(320,360) d=0.85 a=1 | sp=som:active d=0.8 age=12 dtg=3.08 region=2_2
ep=619 s=27 6887ms [sel=3 cap=6758 rest=127] sg=2->2 mode=NONE win=8 obs=28 | cap=wip act=(320,360) d=0.60 a=1 | sp=som:active d=0.6 age=13 dtg=2.83 region=2_2
ep=619 s=28 12674ms [sel=6202 cap=6344 rest=129] sg=2->2 mode=NONE win=8 obs=29 | cap=wip act=(320,360) d=2.97 a=1 | sp=som:active d=3.0 age=0 som=3/8 dtg=2.58 region=2_2
ep=619 s=29 7776ms [sel=3 cap=7643 rest=130] sg=2->2 mode=NONE win=8 obs=30 | cap=wip act=(320,360) d=2.72 a=1 | sp=som:active d=2.7 age=1 dtg=2.34 region=2_2
ep=619 s=30 10276ms [sel=3 cap=9754 rest=479] sg=2->2 mode=NONE win=8 obs=31 | cap=wip act=(320,360) d=2.47 a=2 | preview=view-/6 yaw=+0 render=40ms | sp=som:active d=2.5 age=2 dtg=2.34 region=2_2
ep=619 s=31 8538ms [sel=3 cap=8400 rest=135] sg=2->2 mode=NONE win=8 obs=32 | cap=wip act=(320,360) d=2.47 a=1 | sp=som:active d=2.5 age=3 dtg=2.09 region=2_2
ep=619 s=32 6200ms [sel=3 cap=6057 rest=140] sg=2->2 mode=NONE win=8 obs=33 | cap=wip act=(320,360) d=2.22 a=1 | sp=som:active d=2.2 age=4 dtg=1.84 region=2_2
ep=619 s=33 5636ms [sel=3 cap=5500 rest=133] sg=2->2 mode=NONE win=8 obs=34 | cap=wip act=(320,360) d=1.98 a=1 | sp=som:active d=2.0 age=5 dtg=1.59 region=2_2
ep=619 s=34 8711ms [sel=3 cap=8576 rest=132] sg=2->2 mode=NONE win=8 obs=35 | cap=wip act=(320,360) d=1.73 a=1 | sp=som:active d=1.7 age=6 dtg=1.34 region=2_2
ep=619 s=35 5050ms [sel=5 cap=4911 rest=134] sg=2->2 mode=NONE win=8 obs=36 | cap=wip act=(320,360) d=1.48 a=1 | sp=som:active d=1.5 age=7 dtg=1.10 region=1_5
ep=619 s=36 5111ms [sel=3 cap=4973 rest=135] sg=2->2 mode=NONE win=8 obs=37 | cap=wip act=(320,360) d=1.23 a=3 | sp=som:active d=1.2 age=8 dtg=1.10 region=1_5
ep=619 s=37 6775ms [sel=3 cap=6640 rest=132] sg=2->2 mode=NONE win=8 obs=38 | cap=wip act=(320,360) d=1.23 a=1 | sp=som:active d=1.2 age=9 dtg=0.85 region=2_3
ep=619 s=38 9299ms [sel=3 cap=9163 rest=133] sg=2->2 mode=NONE win=8 obs=39 | cap=wip act=(320,360) d=0.99 a=1 | sp=som:active d=1.0 age=10 dtg=0.60 region=2_3
ep=619 s=39 12226ms [sel=3 cap=12092 rest=131] sg=2->2 mode=NONE win=8 obs=40 | cap=wip act=(320,360) d=0.74 a=1 | sp=som:active d=0.7 age=11 dtg=0.36 region=2_3
ep=619 s=40 71426ms [sel=62644 cap=8652 rest=130] sg=2->2 mode=NONE win=8 obs=41 | cap=wip act=(320,360) d=2.54 a=1 | sp=som:active d=2.5 age=0 som=3/8 dtg=0.13 region=2_3
ep=619 s=41 10672ms [sel=3 cap=10541 rest=129] sg=2->2 mode=NONE win=8 obs=42 | cap=wip act=(320,360) d=2.29 a=1 | sp=som:active d=2.3 age=1 dtg=0.19 region=2_3
ep=619 s=42 6470ms [sel=3 cap=6340 rest=127] sg=2->2 mode=NONE win=8 obs=43 | cap=wip act=(320,360) d=2.05 a=1 | sp=som:active d=2.1 age=2 dtg=0.42 region=2_3
ep=619 s=43 6393ms [sel=4 cap=6260 rest=129] sg=2->2 mode=NONE win=8 obs=44 | cap=wip act=(320,360) d=1.81 a=1 | sp=som:active d=1.8 age=3 dtg=0.67 region=2_3
ep=619 s=44 12250ms [sel=3 cap=12118 rest=129] sg=2->2 mode=NONE win=8 obs=45 | cap=wip act=(320,360) d=1.57 a=1 | sp=som:active d=1.6 age=4 dtg=0.92 region=2_3
ep=619 s=45 10449ms [sel=3 cap=10318 rest=128] sg=2->2 mode=NONE win=8 obs=46 | cap=wip act=(320,360) d=1.34 a=3 | sp=som:active d=1.3 age=5 dtg=0.92 region=2_3
ep=619 s=46 11193ms [sel=3 cap=11061 rest=129] sg=2->2 mode=NONE win=8 obs=47 | cap=wip act=(320,360) d=1.34 a=1 | sp=som:active d=1.3 age=6 dtg=1.17 region=2_3
ep=619 s=47 12746ms [sel=3 cap=12618 rest=125] sg=2->2 mode=NONE win=8 obs=48 | cap=wip act=(320,360) d=1.09 a=1 | sp=som:active d=1.1 age=7 dtg=1.42 region=2_3
ep=619 s=48 6463ms [sel=4 cap=6333 rest=126] sg=2->2 mode=NONE win=8 obs=49 | cap=wip act=(320,360) d=0.85 a=1 | sp=som:active d=0.9 age=8 dtg=1.67 region=2_3
ep=619 s=49 8423ms [sel=4 cap=8291 rest=128] sg=2->2 mode=NONE win=8 obs=50 | cap=wip act=(320,360) d=0.61 a=1 | sp=som:active d=0.6 age=9 dtg=1.92 region=2_3
ep=619 s=50 430357ms [sel=420897 cap=9335 rest=125] sg=2->2 mode=NONE win=8 obs=51 | cap=wip act=(320,360) d=1.47 a=2 | sp=frontier:active d=1.5 age=0 som=2/6 dtg=1.92 region=2_3
ep=619 s=51 8362ms [sel=13 cap=8216 rest=133] sg=2->2 mode=NONE win=8 obs=52 | cap=wip act=(320,360) d=1.47 a=2 | sp=frontier:active d=1.5 age=1 dtg=1.92 region=2_3
ep=619 s=52 14331ms [sel=13 cap=14190 rest=129] sg=2->2 mode=NONE win=8 obs=53 | cap=wip act=(320,360) d=1.47 a=2 | sp=frontier:active d=1.5 age=2 dtg=1.92 region=2_3
ep=619 s=53 9237ms [sel=13 cap=9095 rest=129] sg=2->2 mode=NONE win=8 obs=54 | cap=wip act=(320,360) d=1.47 a=2 | sp=frontier:active d=1.5 age=3 dtg=1.92 region=2_3
ep=619 s=54 11170ms [sel=13 cap=11029 rest=128] sg=2->2 mode=NONE win=8 obs=55 | cap=wip act=(320,360) d=1.47 a=2 | sp=frontier:active d=1.5 age=4 dtg=1.92 region=2_3
ep=619 s=55 9134ms [sel=18 cap=8983 rest=133] sg=2->2 mode=NONE win=8 obs=56 | cap=wip act=(320,360) d=1.47 a=2 | sp=frontier:active d=1.5 age=5 dtg=1.92 region=2_3
ep=619 s=56 5916ms [sel=8 cap=5778 rest=130] sg=2->2 mode=NONE win=8 obs=57 | cap=wip act=(320,360) d=1.47 a=2 | sp=frontier:active d=1.5 age=6 dtg=1.92 region=2_3
ep=619 s=57 15839ms [sel=4 cap=15705 rest=130] sg=2->2 mode=NONE win=8 obs=58 | cap=wip act=(320,360) d=1.47 a=2 | sp=frontier:active d=1.5 age=7 dtg=1.92 region=2_3
ep=619 s=58 18170ms [sel=75 cap=17961 rest=134] sg=2->3 mode=NONE win=8 obs=59 | cap=DONE act=(320,359) d=2.35 a=1 | sp=straight_ahead:active d=1.5 age=0 dtg=1.82 region=2_3
ep=619 s=59 11790ms [sel=3 cap=11651 rest=136] sg=3->3 mode=NONE win=8 obs=60 | cap=wip act=(320,360) d=1.23 a=1 | sp=straight_ahead:active d=1.2 age=1 dtg=1.76 region=2_3
ep=619 s=60 19133ms [sel=3 cap=18586 rest=506] sg=3->3 mode=NONE win=8 obs=61 | cap=wip act=(320,360) d=0.98 a=2 | preview=view-/6 yaw=+0 render=39ms | sp=straight_ahead:active d=1.0 age=2 dtg=1.76 region=2_3
ep=619 s=61 9314ms [sel=3 cap=9181 rest=130] sg=3->3 mode=NONE win=8 obs=62 | cap=wip act=(320,360) d=0.98 a=1 | sp=straight_ahead:active d=1.0 age=3 dtg=1.67 region=2_3
ep=619 s=62 9627ms [sel=3 cap=9465 rest=159] sg=3->3 mode=NONE win=8 obs=63 | cap=wip act=(320,360) d=0.73 a=1 | sp=straight_ahead:active d=0.7 age=4 dtg=1.61 region=2_3
ep=619 s=63 17626ms [sel=68 cap=16981 rest=505] sg=3->3 mode=NONE win=8 obs=64 | cap=wip act=(320,360) d=4.30 a=2 | preview=view-/6 yaw=+0 render=72ms | sp=frontier:active d=4.3 age=0 dtg=1.61 region=2_3
ep=619 s=64 15212ms [sel=12 cap=15075 rest=126] sg=3->3 mode=NONE win=8 obs=65 | cap=wip act=(320,360) d=4.30 a=2 | sp=frontier:active d=4.3 age=1 dtg=1.61 region=2_3
ep=619 s=65 14238ms [sel=12 cap=14097 rest=129] sg=3->3 mode=NONE win=8 obs=66 | cap=wip act=(320,360) d=4.30 a=1 | sp=frontier:active d=4.3 age=2 dtg=1.46 region=2_3
ep=619 s=66 22784ms [sel=12 cap=22232 rest=497] sg=3->3 mode=NONE win=8 obs=67 | cap=wip act=(320,360) d=4.05 a=2 | preview=view-/6 yaw=+0 render=43ms | sp=frontier:active d=4.1 age=3 dtg=1.46 region=2_3
ep=619 s=67 14729ms [sel=12 cap=14585 rest=132] sg=3->3 mode=NONE win=8 obs=68 | cap=wip act=(320,360) d=4.05 a=1 | sp=frontier:active d=4.1 age=4 dtg=1.29 region=2_3
ep=619 s=68 30186ms [sel=12 cap=0 rest=30175] sg=None->3 mode=NONE win=8 obs=69 | cap=- act=(320,360) d=3.81 a=1 | sp=frontier:active d=3.8 age=5 ANALYSIS_ERROR_STAGE=decision ANALYSIS_ERROR='CaptionerInferenceError: Captioner model inference failed' dtg=1.15 region=2_3
ep=619 s=69 18354ms [sel=6 cap=17814 rest=497] sg=3->None mode=NONE win=8 obs=70 | cap=DONE act=(320,360) d=1.00 a=1 | preview=view-/6 yaw=+0 render=37ms | sp=frontier:active d=3.6 age=6 door_evts=1 dtg=1.04 region=2_3
ep=619 s=70 132ms [sel=5 cap=0 rest=127] sg=None->None mode=NONE win=8 obs=71 | cap=- act=STOP | sp=frontier:active d=3.3 age=7 door_evts=1 dtg=1.04 region=2_3
rank=3 [5/12] id=619 steps=71 success=1.000 spl=0.568 dtg=1.04 osr=1 path_length=10.28 ndtw=0.672 sdtw=0.672
PluginManager::Manager: duplicate static plugin StbImageImporter, ignoring
PluginManager::Manager: duplicate static plugin GltfImporter, ignoring
PluginManager::Manager: duplicate static plugin BasisImporter, ignoring
PluginManager::Manager: duplicate static plugin AssimpImporter, ignoring
PluginManager::Manager: duplicate static plugin AnySceneImporter, ignoring
PluginManager::Manager: duplicate static plugin AnyImageImporter, ignoring
episode=736 instruction='Up the stairs to the second landing. At the top, right. Into the room. Onto the rug with the doorway on the left. Halt.' start_position=[-1.5232399702072144, 1.1905267238616943, -0.21347199380397797] goal_position=[0.04037719964981079, 3.009996175765991, 4.95382022857666] reference_geodesic=11.59113597869873
episode=736 prepared_subgoals=4
  [1] Go up the stairs
      proof: The camera has passed the stairs: it is behind or below the camera and the space beyond it fills the view; the camera has not yet turned right.
  [2] Turn right at the top of the stairs, then enter the room
      proof: The camera has crossed the room threshold and the room interior is central in the view.
  [3] Walk onto the rug with the doorway on the left
      proof: The rug is directly underfoot and the doorway is visible on the left side of the view.
  [4] Halt beside the rug
      proof: The camera is stationary beside the rug and the doorway remains visible on the left
ep=736 s=0 18892ms [sel=6 cap=18387 rest=461] sg=1->1 mode=NONE win=1 obs=1 | cap=wip act=PREVIEW a=2 | preview=view5/6 yaw=+180 render=37ms dtg=11.59 region=0_6
ep=736 s=1 62278ms [sel=53556 cap=8603 rest=120] sg=1->1 mode=NONE win=2 obs=2 | cap=wip act=(324,352) d=2.58 a=1 | sp=straight_ahead:reached d=0.4 age=0 som=2/6 dtg=11.91 region=0_6
ep=736 s=2 61612ms [sel=53284 cap=8213 rest=115] sg=1->1 mode=NONE win=3 obs=3 | cap=wip act=TURN request=-45deg execute=-15deg x1 a=2 | sp=straight_ahead:reached d=0.4 age=1 som=2/7 dtg=11.91 region=0_6
ep=736 s=3 15357ms [sel=0 cap=15237 rest=119] sg=1->1 mode=NONE win=4 obs=4 | cap=wip act=TURN request=-45deg execute=-15deg x1 a=2 dtg=11.91 region=0_6
ep=736 s=4 11895ms [sel=0 cap=11780 rest=115] sg=1->1 mode=NONE win=5 obs=5 | cap=wip act=TURN request=-45deg execute=-15deg x1 a=2 dtg=11.91 region=0_6
ep=736 s=5 9339ms [sel=0 cap=9218 rest=121] sg=1->1 mode=NONE win=6 obs=6 | cap=wip act=TURN request=-45deg execute=-15deg x1 a=2 dtg=11.91 region=0_6
ep=736 s=6 11610ms [sel=0 cap=11486 rest=124] sg=1->1 mode=NONE win=7 obs=7 | cap=wip act=TURN request=-45deg execute=-15deg x1 a=2 dtg=11.91 region=0_6
ep=736 s=7 11280ms [sel=0 cap=11158 rest=122] sg=1->1 mode=NONE win=8 obs=8 | cap=wip act=TURN request=-45deg execute=-15deg x1 a=2 dtg=11.91 region=0_6
ep=736 s=8 9428ms [sel=0 cap=9293 rest=136] sg=1->1 mode=NONE win=8 obs=9 | cap=wip act=TURN request=-45deg execute=-15deg x1 a=2 dtg=11.91 region=0_6
ep=736 s=9 10048ms [sel=0 cap=9917 rest=130] sg=1->1 mode=NONE win=8 obs=10 | cap=wip act=TURN request=-45deg execute=-15deg x1 a=2 dtg=11.91 region=0_6
ep=736 s=10 9974ms [sel=0 cap=9840 rest=134] sg=1->1 mode=NONE win=8 obs=11 | cap=wip act=TURN request=-45deg execute=-15deg x1 a=2 dtg=11.91 region=0_6
ep=736 s=11 9213ms [sel=0 cap=9082 rest=131] sg=1->1 mode=NONE win=8 obs=12 | cap=wip act=TURN request=-45deg execute=-15deg x1 a=2 dtg=11.91 region=0_6
ep=736 s=12 21362ms [sel=0 cap=21237 rest=125] sg=1->1 mode=NONE win=8 obs=13 | cap=wip act=TURN request=-45deg execute=-15deg x1 a=2 dtg=11.91 region=0_6
ep=736 s=13 15707ms [sel=0 cap=15588 rest=119] sg=1->1 mode=NONE win=8 obs=14 | cap=wip act=TURN request=-45deg execute=-15deg x1 a=2 dtg=11.91 region=0_6
ep=736 s=14 142861ms [sel=135216 cap=7523 rest=122] sg=1->1 mode=NONE win=8 obs=15 | cap=wip act=(242,333) d=2.85 a=2 som=2/4 dtg=11.91 region=0_6
ep=736 s=15 12609ms [sel=51 cap=12427 rest=131] sg=1->1 mode=NONE win=8 obs=16 | cap=wip act=(317,329) d=2.93 a=1 dtg=11.63 region=0_6
ep=736 s=16 82412ms [sel=72863 cap=9422 rest=126] sg=1->1 mode=NONE win=8 obs=17 | cap=wip act=TURN request=+45deg execute=+15deg x1 a=3 som=2/5 dtg=11.63 region=0_6
ep=736 s=17 4996ms [sel=0 cap=4870 rest=126] sg=1->1 mode=NONE win=8 obs=18 | cap=wip act=TURN request=+45deg execute=+15deg x1 a=3 dtg=11.63 region=0_6
ep=736 s=18 11151ms [sel=0 cap=11028 rest=124] sg=1->1 mode=GET_NOWHERE win=8 obs=19 | cap=wip/GET_NOWHERE act=TURN request=+45deg execute=+15deg x1 a=3 dtg=11.63 region=0_6
ep=736 s=19 11976ms [sel=0 cap=11851 rest=125] sg=1->1 mode=NONE win=8 obs=20 | cap=wip act=TURN request=+45deg execute=+15deg x1 a=3 dtg=11.63 region=0_6
ep=736 s=20 12831ms [sel=0 cap=12704 rest=127] sg=1->1 mode=GET_NOWHERE win=8 obs=21 | cap=wip/GET_NOWHERE act=TURN request=+45deg execute=+15deg x1 a=3 dtg=11.63 region=0_6
ep=736 s=21 7327ms [sel=0 cap=7196 rest=131] sg=1->1 mode=NONE win=8 obs=22 | cap=wip act=TURN request=+45deg execute=+15deg x1 a=3 dtg=11.63 region=0_6
ep=736 s=22 8220ms [sel=0 cap=8089 rest=130] sg=1->1 mode=NONE win=8 obs=23 | cap=wip act=TURN request=+45deg execute=+15deg x1 a=3 dtg=11.63 region=0_6
ep=736 s=23 13451ms [sel=0 cap=13312 rest=139] sg=1->1 mode=NONE win=8 obs=24 | cap=wip act=TURN request=+45deg execute=+15deg x1 a=3 dtg=11.63 region=0_6
ep=736 s=24 9704ms [sel=0 cap=9194 rest=472] sg=1->1 mode=NONE win=8 obs=25 | cap=wip act=TURN request=+45deg execute=+15deg x1 a=3 | preview=view-/6 yaw=+0 render=38ms dtg=11.63 region=0_6
ep=736 s=25 10153ms [sel=0 cap=10020 rest=134] sg=1->1 mode=NONE win=8 obs=26 | cap=wip act=TURN request=+45deg execute=+15deg x1 a=3 dtg=11.63 region=0_6
ep=736 s=26 10436ms [sel=0 cap=10300 rest=136] sg=1->1 mode=NONE win=8 obs=27 | cap=wip act=TURN request=+45deg execute=+15deg x1 a=3 dtg=11.63 region=0_6
ep=736 s=27 90999ms [sel=81757 cap=8742 rest=463] sg=1->1 mode=NONE win=8 obs=28 | cap=wip act=(376,417) d=1.20 a=1 | preview=view-/6 yaw=+0 render=37ms | sp=straight_ahead:reached d=0.4 age=0 som=1/5 dtg=11.87 region=0_6
ep=736 s=28 11729ms [sel=115 cap=11499 rest=115] sg=1->1 mode=NONE win=8 obs=29 | cap=wip act=TURN request=-45deg execute=-15deg x1 a=2 | sp=straight_ahead:reached d=0.4 age=1 dtg=11.87 region=0_6
ep=736 s=29 11799ms [sel=0 cap=11679 rest=120] sg=1->1 mode=NONE win=8 obs=30 | cap=wip act=TURN request=-45deg execute=-15deg x1 a=2 dtg=11.87 region=0_6
ep=736 s=30 9822ms [sel=0 cap=9699 rest=123] sg=1->2 mode=NONE win=8 obs=31 | cap=DONE act=TURN request=-45deg execute=-15deg x1 a=2 dtg=11.87 region=0_6
ep=736 s=31 13260ms [sel=0 cap=13133 rest=127] sg=2->2 mode=WALL_STUCK win=8 obs=32 | cap=wip/WALL_STUCK act=TURN request=-45deg execute=-15deg x1 a=2 dtg=11.87 region=0_6
ep=736 s=32 7797ms [sel=0 cap=7660 rest=138] sg=2->2 mode=NONE win=8 obs=33 | cap=wip act=TURN request=-45deg execute=-15deg x1 a=2 dtg=11.87 region=0_6
ep=736 s=33 7855ms [sel=0 cap=7726 rest=129] sg=2->2 mode=NONE win=8 obs=34 | cap=wip act=TURN request=-45deg execute=-15deg x1 a=2 dtg=11.87 region=0_6
ep=736 s=34 9848ms [sel=0 cap=9723 rest=125] sg=2->2 mode=NONE win=8 obs=35 | cap=wip act=TURN request=-45deg execute=-15deg x1 a=2 dtg=11.87 region=0_6
ep=736 s=35 8575ms [sel=0 cap=8445 rest=130] sg=2->2 mode=WALL_STUCK win=8 obs=36 | cap=wip/WALL_STUCK act=TURN request=-45deg execute=-15deg x1 a=2 dtg=11.87 region=0_6
ep=736 s=36 5578ms [sel=0 cap=5454 rest=124] sg=2->2 mode=NONE win=8 obs=37 | cap=wip act=TURN request=-45deg execute=-15deg x1 a=2 dtg=11.87 region=0_6
ep=736 s=37 10539ms [sel=0 cap=10416 rest=124] sg=2->2 mode=NONE win=8 obs=38 | cap=wip act=TURN request=-45deg execute=-15deg x1 a=2 dtg=11.87 region=0_6
ep=736 s=38 8413ms [sel=0 cap=8289 rest=123] sg=2->2 mode=NONE win=8 obs=39 | cap=wip act=TURN request=+45deg execute=+15deg x1 a=3 dtg=11.87 region=0_6
ep=736 s=39 14823ms [sel=0 cap=14705 rest=119] sg=2->2 mode=NONE win=8 obs=40 | cap=wip act=TURN request=+45deg execute=+15deg x1 a=3 dtg=11.87 region=0_6
ep=736 s=40 16076ms [sel=0 cap=15597 rest=445] sg=2->2 mode=NONE win=8 obs=41 | cap=wip act=TURN request=+45deg execute=+15deg x1 a=3 | preview=view-/6 yaw=+0 render=35ms dtg=11.87 region=0_6
ep=736 s=41 5693ms [sel=0 cap=5564 rest=129] sg=2->2 mode=NONE win=8 obs=42 | cap=wip act=TURN request=+45deg execute=+15deg x1 a=3 dtg=11.87 region=0_6
ep=736 s=42 8024ms [sel=109 cap=7792 rest=124] sg=2->2 mode=NONE win=8 obs=43 | cap=wip act=TURN request=-45deg execute=-15deg x1 a=2 dtg=11.87 region=0_6
ep=736 s=43 9055ms [sel=0 cap=8927 rest=127] sg=2->2 mode=NONE win=8 obs=44 | cap=wip act=TURN request=-45deg execute=-15deg x1 a=2 dtg=11.87 region=0_6
ep=736 s=44 10785ms [sel=0 cap=10660 rest=125] sg=2->2 mode=NONE win=8 obs=45 | cap=wip act=TURN request=-45deg execute=-15deg x1 a=2 dtg=11.87 region=0_6
ep=736 s=45 13248ms [sel=0 cap=12763 rest=441] sg=2->2 mode=NONE win=8 obs=46 | cap=wip act=TURN request=-45deg execute=-15deg x1 a=2 | preview=view-/6 yaw=+0 render=44ms dtg=11.87 region=0_6
ep=736 s=46 24832ms [sel=15852 cap=8857 rest=122] sg=2->2 mode=NONE win=8 obs=47 | cap=wip act=(226,335) d=2.83 a=2 som=2/4 dtg=11.87 region=0_6
ep=736 s=47 30712ms [sel=23213 cap=7370 rest=129] sg=2->2 mode=NONE win=8 obs=48 | cap=wip act=(303,327) d=2.95 a=1 som=3/5 dtg=11.57 region=0_6
ep=736 s=48 72711ms [sel=63071 cap=9514 rest=126] sg=2->2 mode=NONE win=8 obs=49 | cap=wip act=TURN request=-45deg execute=-15deg x1 a=2 som=3/5 dtg=11.57 region=0_6
ep=736 s=49 7362ms [sel=0 cap=7224 rest=138] sg=2->2 mode=NONE win=8 obs=50 | cap=wip act=TURN request=-45deg execute=-15deg x1 a=2 dtg=11.57 region=0_6
ep=736 s=50 6859ms [sel=0 cap=6734 rest=126] sg=2->2 mode=NONE win=8 obs=51 | cap=wip act=TURN request=-45deg execute=-15deg x1 a=2 dtg=11.57 region=0_6
ep=736 s=51 11979ms [sel=0 cap=11858 rest=122] sg=2->2 mode=NONE win=8 obs=52 | cap=wip act=TURN request=-45deg execute=-15deg x1 a=2 dtg=11.57 region=0_6
ep=736 s=52 6695ms [sel=0 cap=6576 rest=119] sg=2->2 mode=NONE win=8 obs=53 | cap=wip act=TURN request=-45deg execute=-15deg x1 a=2 dtg=11.57 region=0_6
ep=736 s=53 8175ms [sel=0 cap=8053 rest=123] sg=2->2 mode=NONE win=8 obs=54 | cap=wip act=TURN request=-45deg execute=-15deg x1 a=2 dtg=11.57 region=0_6
ep=736 s=54 10225ms [sel=0 cap=10097 rest=127] sg=2->2 mode=NONE win=8 obs=55 | cap=wip act=TURN request=-45deg execute=-15deg x1 a=2 dtg=11.57 region=0_6
ep=736 s=55 13192ms [sel=0 cap=12670 rest=481] sg=2->2 mode=NONE win=8 obs=56 | cap=wip act=TURN request=-45deg execute=-15deg x1 a=2 | preview=view-/6 yaw=+0 render=41ms dtg=11.57 region=0_6
ep=736 s=56 9630ms [sel=0 cap=9515 rest=116] sg=2->2 mode=NONE win=8 obs=57 | cap=wip act=TURN request=-45deg execute=-15deg x1 a=2 dtg=11.57 region=0_6
ep=736 s=57 22609ms [sel=13797 cap=8703 rest=109] sg=2->2 mode=NONE win=8 obs=58 | cap=wip act=(263,347) d=2.65 a=1 som=4/6 dtg=11.88 region=0_6
ep=736 s=58 251353ms [sel=245090 cap=6148 rest=115] sg=2->2 mode=NONE win=8 obs=59 | cap=wip act=TURN request=+45deg execute=+15deg x1 a=3 som=4/6 dtg=11.88 region=0_6
ep=736 s=59 9524ms [sel=0 cap=9410 rest=114] sg=2->2 mode=NONE win=8 obs=60 | cap=wip act=TURN request=+45deg execute=+15deg x1 a=3 dtg=11.88 region=0_6
ep=736 s=60 8083ms [sel=0 cap=7967 rest=116] sg=2->2 mode=NONE win=8 obs=61 | cap=wip act=TURN request=+45deg execute=+15deg x1 a=3 dtg=11.88 region=0_6
ep=736 s=61 13147ms [sel=0 cap=13030 rest=117] sg=2->2 mode=NONE win=8 obs=62 | cap=wip act=TURN request=+45deg execute=+15deg x1 a=3 dtg=11.88 region=0_6
ep=736 s=62 9666ms [sel=0 cap=9547 rest=119] sg=2->2 mode=NONE win=8 obs=63 | cap=wip act=TURN request=+45deg execute=+15deg x1 a=3 dtg=11.88 region=0_6
ep=736 s=63 9535ms [sel=0 cap=9410 rest=125] sg=2->2 mode=NONE win=8 obs=64 | cap=wip act=TURN request=+45deg execute=+15deg x1 a=3 dtg=11.88 region=0_6
ep=736 s=64 5044ms [sel=0 cap=4918 rest=126] sg=2->2 mode=NONE win=8 obs=65 | cap=wip act=TURN request=+45deg execute=+15deg x1 a=3 dtg=11.88 region=0_6
ep=736 s=65 14477ms [sel=0 cap=14345 rest=132] sg=2->2 mode=NONE win=8 obs=66 | cap=wip act=TURN request=+45deg execute=+15deg x1 a=3 dtg=11.88 region=0_6
ep=736 s=66 16147ms [sel=0 cap=16001 rest=146] sg=2->2 mode=NONE win=8 obs=67 | cap=wip act=TURN request=+45deg execute=+15deg x1 a=3 dtg=11.88 region=0_6
ep=736 s=67 9747ms [sel=0 cap=9614 rest=133] sg=2->2 mode=NONE win=8 obs=68 | cap=wip act=TURN request=+45deg execute=+15deg x1 a=3 dtg=11.88 region=0_6
ep=736 s=68 11184ms [sel=0 cap=11056 rest=128] sg=2->2 mode=NONE win=8 obs=69 | cap=wip act=TURN request=+45deg execute=+15deg x1 a=3 dtg=11.88 region=0_6
ep=736 s=69 129499ms [sel=120620 cap=8755 rest=124] sg=2->2 mode=NONE win=8 obs=70 | cap=wip act=(177,349) d=2.62 a=2 som=2/4 dtg=11.88 region=0_6
ep=736 s=70 12908ms [sel=45 cap=12733 rest=129] sg=2->2 mode=NONE win=8 obs=71 | cap=wip act=(259,334) d=2.83 a=1 dtg=11.59 region=0_6
ep=736 s=71 10424ms [sel=100 cap=10197 rest=128] sg=2->2 mode=NONE win=8 obs=72 | cap=wip act=TURN request=+45deg execute=+15deg x1 a=3 dtg=11.59 region=0_6
ep=736 s=72 9510ms [sel=0 cap=9368 rest=142] sg=2->2 mode=NONE win=8 obs=73 | cap=wip act=TURN request=+45deg execute=+15deg x1 a=3 dtg=11.59 region=0_6
ep=736 s=73 10171ms [sel=0 cap=10041 rest=130] sg=2->2 mode=NONE win=8 obs=74 | cap=wip act=TURN request=+45deg execute=+15deg x1 a=3 dtg=11.59 region=0_6
ep=736 s=74 15803ms [sel=0 cap=15675 rest=128] sg=2->2 mode=NONE win=8 obs=75 | cap=wip act=TURN request=+45deg execute=+15deg x1 a=3 dtg=11.59 region=0_6
ep=736 s=75 14875ms [sel=0 cap=14745 rest=130] sg=2->2 mode=NONE win=8 obs=76 | cap=wip act=TURN request=+45deg execute=+15deg x1 a=3 dtg=11.59 region=0_6
ep=736 s=76 13470ms [sel=0 cap=13337 rest=133] sg=2->2 mode=NONE win=8 obs=77 | cap=wip act=TURN request=+45deg execute=+15deg x1 a=3 dtg=11.59 region=0_6
ep=736 s=77 14076ms [sel=0 cap=13940 rest=137] sg=2->2 mode=NONE win=8 obs=78 | cap=wip act=TURN request=+45deg execute=+15deg x1 a=3 dtg=11.59 region=0_6
ep=736 s=78 14711ms [sel=0 cap=14579 rest=132] sg=2->2 mode=NONE win=8 obs=79 | cap=wip act=TURN request=+45deg execute=+15deg x1 a=3 dtg=11.59 region=0_6
ep=736 s=79 15804ms [sel=0 cap=15663 rest=141] sg=2->2 mode=NONE win=8 obs=80 | cap=wip act=TURN request=+45deg execute=+15deg x1 a=3 dtg=11.59 region=0_6
ep=736 s=80 10400ms [sel=0 cap=10268 rest=132] sg=2->2 mode=NONE win=8 obs=81 | cap=wip act=TURN request=+45deg execute=+15deg x1 a=3 dtg=11.59 region=0_6
ep=736 s=81 12184ms [sel=49 cap=11605 rest=492] sg=2->2 mode=NONE win=8 obs=82 | cap=wip act=(359,406) d=1.25 a=1 | preview=view-/6 yaw=+0 render=37ms | sp=straight_ahead:reached d=0.4 age=0 dtg=11.80 region=0_6
ep=736 s=82 55397ms [sel=46711 cap=8556 rest=130] sg=2->2 mode=NONE win=8 obs=83 | cap=wip act=TURN request=-45deg execute=-15deg x1 a=2 | sp=straight_ahead:reached d=0.4 age=1 som=1/5 dtg=11.80 region=0_6
ep=736 s=83 10436ms [sel=0 cap=10308 rest=128] sg=2->2 mode=NONE win=8 obs=84 | cap=wip act=TURN request=-45deg execute=-15deg x1 a=2 dtg=11.80 region=0_6
ep=736 s=84 12121ms [sel=0 cap=11593 rest=492] sg=2->2 mode=NONE win=8 obs=85 | cap=wip act=TURN request=-45deg execute=-15deg x1 a=2 | preview=view-/6 yaw=+0 render=36ms dtg=11.80 region=0_6
ep=736 s=85 13413ms [sel=0 cap=13282 rest=131] sg=2->2 mode=NONE win=8 obs=86 | cap=wip act=TURN request=-45deg execute=-15deg x1 a=2 dtg=11.80 region=0_6
ep=736 s=86 14727ms [sel=0 cap=14588 rest=139] sg=2->2 mode=NONE win=8 obs=87 | cap=wip act=TURN request=-45deg execute=-15deg x1 a=2 dtg=11.80 region=0_6
ep=736 s=87 20390ms [sel=0 cap=20259 rest=131] sg=2->2 mode=NONE win=8 obs=88 | cap=wip act=TURN request=-45deg execute=-15deg x1 a=2 dtg=11.80 region=0_6
ep=736 s=88 9707ms [sel=0 cap=9577 rest=130] sg=2->2 mode=NONE win=8 obs=89 | cap=wip act=TURN request=-45deg execute=-15deg x1 a=2 dtg=11.80 region=0_6
ep=736 s=89 10053ms [sel=0 cap=9922 rest=131] sg=2->2 mode=NONE win=8 obs=90 | cap=wip act=TURN request=-45deg execute=-15deg x1 a=2 dtg=11.80 region=0_6
ep=736 s=90 8958ms [sel=0 cap=8834 rest=124] sg=2->2 mode=NONE win=8 obs=91 | cap=wip act=TURN request=-45deg execute=-15deg x1 a=2 dtg=11.80 region=0_6
ep=736 s=91 6044ms [sel=0 cap=5921 rest=123] sg=2->2 mode=NONE win=8 obs=92 | cap=wip act=TURN request=-45deg execute=-15deg x1 a=2 dtg=11.80 region=0_6
ep=736 s=92 10842ms [sel=0 cap=10716 rest=125] sg=2->2 mode=NONE win=8 obs=93 | cap=wip act=TURN request=-45deg execute=-15deg x1 a=2 dtg=11.80 region=0_6
ep=736 s=93 58255ms [sel=51203 cap=6922 rest=130] sg=2->2 mode=NONE win=8 obs=94 | cap=wip act=(305,333) d=2.86 a=1 som=2/5 dtg=11.53 region=0_6
ep=736 s=94 36159ms [sel=28591 cap=7445 rest=123] sg=2->2 mode=NONE win=8 obs=95 | cap=wip act=TURN request=-45deg execute=-15deg x1 a=2 som=3/5 dtg=11.53 region=0_6
ep=736 s=95 8331ms [sel=0 cap=8204 rest=127] sg=2->2 mode=NONE win=8 obs=96 | cap=wip act=TURN request=-45deg execute=-15deg x1 a=2 dtg=11.53 region=0_6
ep=736 s=96 13314ms [sel=0 cap=12826 rest=451] sg=2->2 mode=NONE win=8 obs=97 | cap=wip act=TURN request=-45deg execute=-15deg x1 a=2 | preview=view-/6 yaw=+0 render=36ms dtg=11.53 region=0_6
ep=736 s=97 7883ms [sel=0 cap=7759 rest=124] sg=2->2 mode=NONE win=8 obs=98 | cap=wip act=TURN request=-45deg execute=-15deg x1 a=2 dtg=11.53 region=0_6
ep=736 s=98 7464ms [sel=0 cap=7341 rest=123] sg=2->2 mode=NONE win=8 obs=99 | cap=wip act=TURN request=-45deg execute=-15deg x1 a=2 dtg=11.53 region=0_6
ep=736 s=99 5957ms [sel=0 cap=5835 rest=122] sg=2->2 mode=NONE win=8 obs=100 | cap=wip act=TURN request=-45deg execute=-15deg x1 a=2 dtg=11.53 region=0_6
ep=736 s=100 8072ms [sel=0 cap=7943 rest=129] sg=2->2 mode=NONE win=8 obs=101 | cap=wip act=TURN request=-45deg execute=-15deg x1 a=2 dtg=11.53 region=0_6
ep=736 s=101 7446ms [sel=0 cap=7299 rest=147] sg=2->2 mode=NONE win=8 obs=102 | cap=wip act=TURN request=-45deg execute=-15deg x1 a=2 dtg=11.53 region=0_6
ep=736 s=102 10578ms [sel=0 cap=10456 rest=122] sg=2->2 mode=NONE win=8 obs=103 | cap=wip act=TURN request=-45deg execute=-15deg x1 a=2 dtg=11.53 region=0_6
ep=736 s=103 9859ms [sel=0 cap=9746 rest=113] sg=2->2 mode=NONE win=8 obs=104 | cap=wip act=TURN request=-45deg execute=-15deg x1 a=2 dtg=11.53 region=0_6
ep=736 s=104 12425ms [sel=50 cap=12260 rest=115] sg=2->2 mode=NONE win=8 obs=105 | cap=wip act=(325,346) d=2.67 a=1 dtg=11.84 region=0_6
ep=736 s=105 10835ms [sel=105 cap=10612 rest=118] sg=2->2 mode=NONE win=8 obs=106 | cap=wip act=TURN request=-45deg execute=-15deg x1 a=2 dtg=11.84 region=0_6
ep=736 s=106 10395ms [sel=0 cap=10271 rest=123] sg=2->2 mode=NONE win=8 obs=107 | cap=wip act=TURN request=-45deg execute=-15deg x1 a=2 dtg=11.84 region=0_6
ep=736 s=107 14173ms [sel=0 cap=14048 rest=125] sg=2->2 mode=NONE win=8 obs=108 | cap=wip act=TURN request=-45deg execute=-15deg x1 a=2 dtg=11.84 region=0_6
ep=736 s=108 12550ms [sel=0 cap=12423 rest=127] sg=2->3 mode=NONE win=8 obs=109 | cap=DONE act=TURN request=-45deg execute=-15deg x1 a=2 dtg=11.84 region=0_6
ep=736 s=109 9264ms [sel=0 cap=9133 rest=131] sg=3->3 mode=NONE win=8 obs=110 | cap=wip act=TURN request=-45deg execute=-15deg x1 a=2 dtg=11.84 region=0_6
ep=736 s=110 10694ms [sel=0 cap=10558 rest=137] sg=3->3 mode=NONE win=8 obs=111 | cap=wip act=TURN request=-45deg execute=-15deg x1 a=2 dtg=11.84 region=0_6
ep=736 s=111 13302ms [sel=0 cap=13175 rest=128] sg=3->3 mode=NONE win=8 obs=112 | cap=wip act=TURN request=-45deg execute=-15deg x1 a=2 dtg=11.84 region=0_6
ep=736 s=112 9274ms [sel=0 cap=9128 rest=146] sg=3->3 mode=NONE win=8 obs=113 | cap=wip act=TURN request=-45deg execute=-15deg x1 a=2 dtg=11.84 region=0_6
ep=736 s=113 8530ms [sel=0 cap=8394 rest=135] sg=3->3 mode=NONE win=8 obs=114 | cap=wip act=TURN request=-45deg execute=-15deg x1 a=2 dtg=11.84 region=0_6
ep=736 s=114 9656ms [sel=0 cap=9525 rest=131] sg=3->3 mode=NONE win=8 obs=115 | cap=wip act=TURN request=-45deg execute=-15deg x1 a=2 dtg=11.84 region=0_6
ep=736 s=115 12401ms [sel=44 cap=12230 rest=127] sg=3->3 mode=NONE win=8 obs=116 | cap=wip act=(363,443) d=1.09 a=1 | sp=straight_ahead:reached d=0.5 age=0 dtg=11.57 region=0_6
ep=736 s=116 14214ms [sel=114 cap=13977 rest=123] sg=3->3 mode=NONE win=8 obs=117 | cap=wip act=TURN request=+45deg execute=+15deg x1 a=3 | sp=straight_ahead:reached d=0.5 age=1 dtg=11.57 region=0_6
ep=736 s=117 11139ms [sel=0 cap=11010 rest=128] sg=3->3 mode=NONE win=8 obs=118 | cap=wip act=TURN request=+45deg execute=+15deg x1 a=3 dtg=11.57 region=0_6
ep=736 s=118 12026ms [sel=0 cap=11896 rest=130] sg=3->3 mode=NONE win=8 obs=119 | cap=wip act=TURN request=+45deg execute=+15deg x1 a=3 dtg=11.57 region=0_6
ep=736 s=119 15619ms [sel=0 cap=15481 rest=137] sg=3->3 mode=NONE win=8 obs=120 | cap=wip act=TURN request=+45deg execute=+15deg x1 a=3 dtg=11.57 region=0_6
ep=736 s=120 13109ms [sel=0 cap=12981 rest=127] sg=3->3 mode=NONE win=8 obs=121 | cap=wip act=TURN request=+45deg execute=+15deg x1 a=3 dtg=11.57 region=0_6
ep=736 s=121 12815ms [sel=0 cap=12662 rest=153] sg=3->3 mode=NONE win=8 obs=122 | cap=wip act=TURN request=+45deg execute=+15deg x1 a=3 dtg=11.57 region=0_6
ep=736 s=122 17189ms [sel=0 cap=17054 rest=135] sg=3->3 mode=NONE win=8 obs=123 | cap=wip act=TURN request=+45deg execute=+15deg x1 a=3 dtg=11.57 region=0_6
ep=736 s=123 9565ms [sel=0 cap=9431 rest=134] sg=3->3 mode=NONE win=8 obs=124 | cap=wip act=TURN request=+45deg execute=+15deg x1 a=3 dtg=11.57 region=0_6
ep=736 s=124 12504ms [sel=0 cap=12376 rest=128] sg=3->3 mode=NONE win=8 obs=125 | cap=wip act=TURN request=+45deg execute=+15deg x1 a=3 dtg=11.57 region=0_6
ep=736 s=125 11000ms [sel=54 cap=10819 rest=127] sg=3->3 mode=NONE win=8 obs=126 | cap=wip act=(327,350) d=2.61 a=1 | sp=straight_ahead:reached d=0.4 age=0 dtg=11.89 region=0_6
ep=736 s=126 27267ms [sel=17687 cap=9462 rest=118] sg=3->3 mode=NONE win=8 obs=127 | cap=wip act=TURN request=+45deg execute=+15deg x1 a=3 | sp=straight_ahead:reached d=0.4 age=1 som=1/6 dtg=11.89 region=0_6
ep=736 s=127 12744ms [sel=0 cap=12627 rest=117] sg=3->3 mode=NONE win=8 obs=128 | cap=wip act=TURN request=+45deg execute=+15deg x1 a=3 dtg=11.89 region=0_6
ep=736 s=128 10764ms [sel=0 cap=10647 rest=117] sg=3->3 mode=NONE win=8 obs=129 | cap=wip act=TURN request=+45deg execute=+15deg x1 a=3 dtg=11.89 region=0_6
ep=736 s=129 10298ms [sel=0 cap=10183 rest=115] sg=3->3 mode=NONE win=8 obs=130 | cap=wip act=TURN request=+45deg execute=+15deg x1 a=3 dtg=11.89 region=0_6
ep=736 s=130 12429ms [sel=0 cap=12311 rest=117] sg=3->3 mode=NONE win=8 obs=131 | cap=wip act=TURN request=+45deg execute=+15deg x1 a=3 dtg=11.89 region=0_6
ep=736 s=131 5745ms [sel=0 cap=5624 rest=121] sg=3->3 mode=NONE win=8 obs=132 | cap=wip act=TURN request=+45deg execute=+15deg x1 a=3 dtg=11.89 region=0_6
ep=736 s=132 13200ms [sel=0 cap=13077 rest=124] sg=3->3 mode=NONE win=8 obs=133 | cap=wip act=TURN request=+45deg execute=+15deg x1 a=3 dtg=11.89 region=0_6
ep=736 s=133 15487ms [sel=0 cap=15365 rest=122] sg=3->3 mode=NONE win=8 obs=134 | cap=wip act=TURN request=+45deg execute=+15deg x1 a=3 dtg=11.89 region=0_6
ep=736 s=134 6485ms [sel=0 cap=6360 rest=125] sg=3->3 mode=NONE win=8 obs=135 | cap=wip act=TURN request=+45deg execute=+15deg x1 a=3 dtg=11.89 region=0_6
ep=736 s=135 18822ms [sel=0 cap=18695 rest=128] sg=3->3 mode=NONE win=8 obs=136 | cap=wip act=TURN request=+45deg execute=+15deg x1 a=3 dtg=11.89 region=0_6
ep=736 s=136 10479ms [sel=0 cap=10344 rest=134] sg=3->3 mode=NONE win=8 obs=137 | cap=wip act=TURN request=+45deg execute=+15deg x1 a=3 dtg=11.89 region=0_6
ep=736 s=137 36256ms [sel=26387 cap=9738 rest=132] sg=3->3 mode=NONE win=8 obs=138 | cap=wip act=(307,327) d=2.96 a=1 som=4/6 dtg=11.60 region=0_6
ep=736 s=138 15676ms [sel=103 cap=15444 rest=129] sg=3->3 mode=NONE win=8 obs=139 | cap=wip act=TURN request=-45deg execute=-15deg x1 a=2 dtg=11.60 region=0_6
ep=736 s=139 10705ms [sel=0 cap=10575 rest=130] sg=3->3 mode=NONE win=8 obs=140 | cap=wip act=TURN request=-45deg execute=-15deg x1 a=2 dtg=11.60 region=0_6
ep=736 s=140 23890ms [sel=0 cap=23761 rest=129] sg=3->3 mode=NONE win=8 obs=141 | cap=wip act=TURN request=-45deg execute=-15deg x1 a=2 dtg=11.60 region=0_6
ep=736 s=141 15236ms [sel=0 cap=15111 rest=125] sg=3->3 mode=NONE win=8 obs=142 | cap=wip act=TURN request=-45deg execute=-15deg x1 a=2 dtg=11.60 region=0_6
ep=736 s=142 12431ms [sel=0 cap=12310 rest=121] sg=3->3 mode=NONE win=8 obs=143 | cap=wip act=TURN request=-45deg execute=-15deg x1 a=2 dtg=11.60 region=0_6
ep=736 s=143 19135ms [sel=0 cap=19009 rest=126] sg=3->3 mode=NONE win=8 obs=144 | cap=wip act=TURN request=-45deg execute=-15deg x1 a=2 dtg=11.60 region=0_6
ep=736 s=144 12127ms [sel=0 cap=12000 rest=126] sg=3->4 mode=NONE win=8 obs=145 | cap=DONE act=TURN request=-45deg execute=-15deg x1 a=2 dtg=11.60 region=0_6
ep=736 s=145 17626ms [sel=0 cap=17503 rest=123] sg=4->4 mode=NONE win=8 obs=146 | cap=wip act=TURN request=-45deg execute=-15deg x1 a=2 dtg=11.60 region=0_6
ep=736 s=146 26094ms [sel=5 cap=25572 rest=481] sg=4->None mode=NONE win=8 obs=147 | cap=DONE act=STOP | preview=view-/6 yaw=+0 render=37ms dtg=11.60 region=0_6
rank=3 [6/12] id=736 steps=147 success=0.000 spl=0.000 dtg=11.60 osr=0 path_length=3.62 ndtw=0.323 sdtw=0.000
PluginManager::Manager: duplicate static plugin StbImageImporter, ignoring
PluginManager::Manager: duplicate static plugin GltfImporter, ignoring
PluginManager::Manager: duplicate static plugin BasisImporter, ignoring
PluginManager::Manager: duplicate static plugin AssimpImporter, ignoring
PluginManager::Manager: duplicate static plugin AnySceneImporter, ignoring
PluginManager::Manager: duplicate static plugin AnyImageImporter, ignoring
episode=936 instruction='Toward the mirror. Right. Straight through the open door ahead. Hard left, then another. Wait by the long table.' start_position=[18.76930046081543, 0.17162801325321198, -7.202770233154297] goal_position=[14.051600456237793, 0.17162801325321198, -1.9895999431610107] reference_geodesic=9.752046585083008
episode=936 prepared_subgoals=3
  [1] Go toward the mirror
      proof: The mirror is beside or directly ahead of the camera, within a step; the camera has not yet turned right.
  [2] Turn right until the open door ahead is centered ahead, then walk straight through the open door ahead
      proof: The camera has passed through the door and the room beyond is central in the view.
  [3] Turn hard left, then turn another hard left, then wait by the long table
      proof: The long table is directly beside or ahead of the camera, within a step
ep=936 s=0 18335ms [sel=5 cap=17834 rest=458] sg=1->1 mode=NONE win=1 obs=1 | cap=wip act=PREVIEW a=2 | preview=view1/6 yaw=-45 render=37ms dtg=9.75 region=0_8
ep=936 s=1 10418ms [sel=30 cap=10278 rest=110] sg=1->1 mode=NONE win=2 obs=2 | cap=wip act=TURN request=-45deg execute=-15deg x1 a=2 | sp=frontier:active d=2.7 age=0 dtg=9.75 region=0_8
ep=936 s=2 7676ms [sel=4 cap=7542 rest=130] sg=1->1 mode=NONE win=3 obs=3 | cap=wip act=(320,360) d=2.65 a=2 | sp=frontier:active d=2.7 age=1 dtg=9.75 region=0_8
ep=936 s=3 9356ms [sel=4 cap=9211 rest=141] sg=1->1 mode=NONE win=4 obs=4 | cap=wip act=(320,360) d=2.65 a=2 | sp=frontier:active d=2.7 age=2 dtg=9.75 region=0_8
ep=936 s=4 15098ms [sel=3 cap=14993 rest=102] sg=1->1 mode=NONE win=5 obs=5 | cap=wip act=(320,360) d=2.65 a=1 | sp=frontier:active d=2.7 age=3 dtg=9.52 region=0_8
ep=936 s=5 12672ms [sel=3 cap=12565 rest=103] sg=1->1 mode=NONE win=6 obs=6 | cap=wip act=(320,360) d=2.40 a=2 | sp=frontier:active d=2.4 age=4 dtg=9.52 region=0_8
ep=936 s=6 12044ms [sel=3 cap=11932 rest=109] sg=1->1 mode=NONE win=7 obs=7 | cap=wip act=(320,360) d=2.40 a=1 | sp=frontier:active d=2.4 age=5 dtg=9.27 region=0_8
ep=936 s=7 18840ms [sel=3 cap=18728 rest=109] sg=1->1 mode=NONE win=8 obs=8 | cap=wip act=(320,360) d=2.17 a=2 | sp=frontier:active d=2.2 age=6 dtg=9.27 region=0_8
ep=936 s=8 13583ms [sel=3 cap=13057 rest=483] sg=1->1 mode=NONE win=8 obs=9 | cap=wip act=(320,360) d=2.17 a=1 | preview=view-/6 yaw=+0 render=40ms | sp=frontier:active d=2.2 age=7 dtg=9.02 region=0_8
ep=936 s=9 13858ms [sel=0 cap=13740 rest=117] sg=1->2 mode=NONE win=8 obs=10 | cap=DONE act=TURN request=+45deg execute=+15deg x1 a=3 | sp=frontier:active d=2.0 age=8 dtg=9.02 region=0_8
ep=936 s=10 16829ms [sel=0 cap=16719 rest=111] sg=2->2 mode=NONE win=8 obs=11 | cap=wip act=TURN request=+45deg execute=+15deg x1 a=3 dtg=9.02 region=0_8
ep=936 s=11 10608ms [sel=0 cap=10503 rest=104] sg=2->2 mode=NONE win=8 obs=12 | cap=wip act=TURN request=+45deg execute=+15deg x1 a=3 dtg=9.02 region=0_8
ep=936 s=12 9672ms [sel=0 cap=9568 rest=103] sg=2->2 mode=NONE win=8 obs=13 | cap=wip act=TURN request=+45deg execute=+15deg x1 a=3 dtg=9.02 region=0_8
ep=936 s=13 9148ms [sel=0 cap=9038 rest=110] sg=2->2 mode=NONE win=8 obs=14 | cap=wip act=TURN request=+45deg execute=+15deg x1 a=3 dtg=9.02 region=0_8
ep=936 s=14 12213ms [sel=41 cap=12065 rest=107] sg=2->2 mode=NONE win=8 obs=15 | cap=wip act=(320,360) d=2.77 a=2 | sp=frontier:active d=2.8 age=0 dtg=9.02 region=0_8
ep=936 s=15 16472ms [sel=12 cap=16350 rest=111] sg=2->2 mode=NONE win=8 obs=16 | cap=wip act=(320,360) d=2.77 a=2 | sp=frontier:active d=2.8 age=1 dtg=9.02 region=0_8
ep=936 s=16 13205ms [sel=9 cap=13062 rest=134] sg=2->2 mode=NONE win=8 obs=17 | cap=wip act=(320,360) d=2.77 a=2 | sp=frontier:active d=2.8 age=2 dtg=9.02 region=0_8
ep=936 s=17 9528ms [sel=4 cap=9410 rest=114] sg=2->2 mode=NONE win=8 obs=18 | cap=wip act=(320,360) d=2.77 a=2 | sp=frontier:active d=2.8 age=3 dtg=9.02 region=0_8
ep=936 s=18 9270ms [sel=10 cap=9153 rest=107] sg=2->2 mode=NONE win=8 obs=19 | cap=wip act=(320,360) d=2.77 a=2 | sp=frontier:active d=2.8 age=4 dtg=9.02 region=0_8
ep=936 s=19 9895ms [sel=15 cap=9765 rest=115] sg=2->2 mode=NONE win=8 obs=20 | cap=wip act=(320,360) d=2.77 a=1 | sp=frontier:active d=2.8 age=5 dtg=8.78 region=0_8
ep=936 s=20 7411ms [sel=16 cap=7284 rest=111] sg=2->2 mode=NONE win=8 obs=21 | cap=wip act=(320,360) d=2.81 a=1 | sp=frontier:active d=2.8 age=6 dtg=8.54 region=0_8
ep=936 s=21 9687ms [sel=17 cap=9557 rest=112] sg=2->2 mode=NONE win=8 obs=22 | cap=wip act=(320,360) d=2.86 a=3 | sp=frontier:active d=2.9 age=7 dtg=8.54 region=0_8
ep=936 s=22 4768ms [sel=15 cap=4639 rest=113] sg=2->2 mode=NONE win=8 obs=23 | cap=wip act=(320,360) d=2.86 a=1 | sp=frontier:active d=2.9 age=8 dtg=8.30 region=0_8
ep=936 s=23 8484ms [sel=16 cap=8359 rest=109] sg=2->2 mode=NONE win=8 obs=24 | cap=wip act=(320,360) d=2.87 a=3 | sp=frontier:active d=2.9 age=9 dtg=8.30 region=0_8
ep=936 s=24 8317ms [sel=13 cap=8198 rest=105] sg=2->2 mode=NONE win=8 obs=25 | cap=wip act=(320,360) d=2.87 a=1 | sp=frontier:active d=2.9 age=10 dtg=8.10 region=0_8
ep=936 s=25 8312ms [sel=15 cap=8186 rest=111] sg=2->2 mode=NONE win=8 obs=26 | cap=wip act=(320,360) d=2.84 a=3 | sp=frontier:active d=2.8 age=11 dtg=8.10 region=0_8
ep=936 s=26 14258ms [sel=11 cap=14144 rest=103] sg=2->2 mode=NONE win=8 obs=27 | cap=wip act=(320,360) d=2.84 a=3 | sp=frontier:active d=2.8 age=12 dtg=8.10 region=0_8
ep=936 s=27 6752ms [sel=4 cap=6644 rest=104] sg=2->2 mode=NONE win=8 obs=28 | cap=wip act=(320,360) d=2.84 a=1 | sp=frontier:active d=2.8 age=13 dtg=7.85 region=0_8
ep=936 s=28 8043ms [sel=4 cap=7933 rest=105] sg=2->2 mode=NONE win=8 obs=29 | cap=wip act=(320,360) d=2.71 a=3 | sp=frontier:active d=2.7 age=14 dtg=7.85 region=0_8
ep=936 s=29 8397ms [sel=4 cap=8287 rest=106] sg=2->2 mode=NONE win=8 obs=30 | cap=wip act=(320,360) d=2.71 a=1 | sp=frontier:active d=2.7 age=15 dtg=7.60 region=0_8
ep=936 s=30 6139ms [sel=4 cap=6030 rest=105] sg=2->2 mode=NONE win=8 obs=31 | cap=wip act=(320,360) d=2.54 a=3 | sp=frontier:active d=2.5 age=16 dtg=7.60 region=0_8
ep=936 s=31 20404ms [sel=3 cap=20300 rest=101] sg=2->2 mode=NONE win=8 obs=32 | cap=wip act=(320,360) d=2.54 a=1 | sp=frontier:active d=2.5 age=17 dtg=7.37 region=0_8
ep=936 s=32 7267ms [sel=3 cap=7163 rest=101] sg=2->2 mode=NONE win=8 obs=33 | cap=wip act=(320,360) d=2.33 a=1 | sp=frontier:active d=2.3 age=18 dtg=7.14 region=0_8
ep=936 s=33 10216ms [sel=7 cap=10107 rest=102] sg=2->2 mode=NONE win=8 obs=34 | cap=wip act=(320,360) d=2.14 a=1 | sp=frontier:active d=2.1 age=19 dtg=6.91 region=0_8
ep=936 s=34 5615ms [sel=8 cap=5509 rest=97] sg=2->2 mode=NONE win=8 obs=35 | cap=wip act=(320,360) d=1.96 a=1 | sp=frontier:active d=2.0 age=20 dtg=6.70 region=0_8
ep=936 s=35 7400ms [sel=9 cap=7299 rest=91] sg=2->2 mode=NONE win=8 obs=36 | cap=wip act=(320,360) d=1.79 a=1 | sp=frontier:active d=1.8 age=21 dtg=6.50 region=0_8
ep=936 s=36 6370ms [sel=11 cap=6272 rest=87] sg=2->2 mode=NONE win=8 obs=37 | cap=wip act=(320,360) d=1.65 a=1 | sp=frontier:active d=1.6 age=22 dtg=6.33 region=0_8
ep=936 s=37 11091ms [sel=11 cap=10988 rest=92] sg=2->2 mode=NONE win=8 obs=38 | cap=wip act=(320,360) d=1.53 a=3 | sp=frontier:active d=1.5 age=23 dtg=6.33 region=0_8
ep=936 s=38 10670ms [sel=55 cap=10517 rest=97] sg=2->3 mode=NONE win=8 obs=39 | cap=DONE act=(320,360) d=2.74 a=2 | sp=frontier:active d=2.7 age=0 dtg=6.33 region=0_8
ep=936 s=39 12508ms [sel=15 cap=12402 rest=91] sg=3->3 mode=NONE win=8 obs=40 | cap=wip act=(320,360) d=2.74 a=2 | sp=frontier:active d=2.7 age=1 dtg=6.33 region=0_8
ep=936 s=40 17321ms [sel=9 cap=16799 rest=473] sg=3->3 mode=NONE win=8 obs=41 | cap=wip act=(320,360) d=2.74 a=2 | preview=view-/6 yaw=+0 render=40ms | sp=frontier:active d=2.7 age=2 dtg=6.33 region=0_8
ep=936 s=41 17859ms [sel=3 cap=17740 rest=116] sg=3->3 mode=NONE win=8 obs=42 | cap=wip act=(320,360) d=2.74 a=2 | sp=frontier:active d=2.7 age=3 dtg=6.33 region=0_8
ep=936 s=42 15232ms [sel=3 cap=15118 rest=111] sg=3->3 mode=NONE win=8 obs=43 | cap=wip act=(320,360) d=2.74 a=1 | sp=frontier:active d=2.7 age=4 dtg=6.08 region=0_8
ep=936 s=43 26722ms [sel=3 cap=26233 rest=448] sg=3->3 mode=NONE win=8 obs=44 | cap=wip act=(320,360) d=2.51 a=2 | preview=view-/6 yaw=+0 render=38ms | sp=frontier:active d=2.5 age=5 dtg=6.08 region=0_8
ep=936 s=44 18120ms [sel=3 cap=18014 rest=103] sg=3->3 mode=NONE win=8 obs=45 | cap=wip act=(320,360) d=2.51 a=2 | sp=frontier:active d=2.5 age=6 dtg=6.08 region=0_8
ep=936 s=45 16284ms [sel=11 cap=16165 rest=108] sg=3->3 mode=NONE win=8 obs=46 | cap=wip act=(320,360) d=2.51 a=1 | sp=frontier:active d=2.5 age=7 dtg=5.86 region=0_8
ep=936 s=46 20735ms [sel=13 cap=20604 rest=118] sg=3->3 mode=NONE win=8 obs=47 | cap=wip act=(320,360) d=2.37 a=1 | sp=frontier:active d=2.4 age=8 dtg=5.68 region=0_8
ep=936 s=47 26234ms [sel=17 cap=25689 rest=491] sg=3->3 mode=NONE win=8 obs=48 | cap=wip act=(320,360) d=2.25 a=3 | preview=view-/6 yaw=+0 render=37ms | sp=frontier:active d=2.2 age=9 dtg=5.68 region=0_8
ep=936 s=48 11563ms [sel=12 cap=11433 rest=119] sg=3->3 mode=NONE win=8 obs=49 | cap=wip act=(320,360) d=2.25 a=1 | sp=frontier:active d=2.2 age=10 dtg=5.51 region=0_8
ep=936 s=49 9245ms [sel=13 cap=9107 rest=125] sg=3->3 mode=NONE win=8 obs=50 | cap=wip act=(320,360) d=2.09 a=3 | sp=frontier:active d=2.1 age=11 dtg=5.51 region=0_8
ep=936 s=50 17777ms [sel=3 cap=17227 rest=510] sg=3->3 mode=NONE win=8 obs=51 | cap=wip act=(320,360) d=2.09 a=3 | preview=view-/6 yaw=+0 render=37ms | sp=frontier:active d=2.1 age=12 dtg=5.51 region=0_8
ep=936 s=51 12225ms [sel=3 cap=12105 rest=117] sg=3->3 mode=NONE win=8 obs=52 | cap=wip act=(320,360) d=2.09 a=1 | sp=frontier:active d=2.1 age=13 dtg=5.28 region=0_8
ep=936 s=52 11377ms [sel=3 cap=11267 rest=107] sg=3->3 mode=NONE win=8 obs=53 | cap=wip act=(320,360) d=1.87 a=3 | sp=frontier:active d=1.9 age=14 dtg=5.28 region=0_8
ep=936 s=53 14616ms [sel=3 cap=14110 rest=468] sg=3->3 mode=NONE win=8 obs=54 | cap=wip act=(320,360) d=1.87 a=1 | preview=view-/6 yaw=+0 render=34ms | sp=frontier:active d=1.9 age=15 dtg=5.03 region=0_8
ep=936 s=54 8506ms [sel=6 cap=8392 rest=109] sg=3->3 mode=NONE win=8 obs=55 | cap=wip act=(320,360) d=1.62 a=1 | sp=frontier:active d=1.6 age=16 dtg=4.78 region=0_8
ep=936 s=55 10329ms [sel=3 cap=10189 rest=137] sg=3->3 mode=NONE win=8 obs=56 | cap=wip act=(320,360) d=1.38 a=3 | sp=frontier:active d=1.4 age=17 dtg=4.78 region=0_8
ep=936 s=56 19964ms [sel=6 cap=19444 rest=478] sg=3->3 mode=NONE win=8 obs=57 | cap=wip act=(320,360) d=1.38 a=1 | preview=view-/6 yaw=+0 render=36ms | sp=frontier:active d=1.4 age=18 dtg=4.53 region=0_8
ep=936 s=57 40586ms [sel=33477 cap=7009 rest=99] sg=3->3 mode=NONE win=8 obs=58 | cap=wip act=(320,360) d=1.73 a=1 | sp=som:active d=1.7 age=0 som=3/7 dtg=4.29 region=0_8
ep=936 s=58 11755ms [sel=3 cap=11653 rest=99] sg=3->3 mode=NONE win=8 obs=59 | cap=wip act=(320,360) d=1.48 a=1 | sp=som:active d=1.5 age=1 dtg=4.04 region=0_8
ep=936 s=59 11211ms [sel=4 cap=11097 rest=111] sg=3->3 mode=NONE win=8 obs=60 | cap=wip act=(320,360) d=1.23 a=1 | sp=som:active d=1.2 age=2 dtg=3.80 region=0_8
ep=936 s=60 12332ms [sel=3 cap=12206 rest=123] sg=3->3 mode=NONE win=8 obs=61 | cap=wip act=(320,360) d=0.98 a=1 | sp=som:active d=1.0 age=3 dtg=3.55 region=0_8
ep=936 s=61 18060ms [sel=3 cap=17622 rest=401] sg=3->3 mode=NONE win=8 obs=62 | cap=wip act=(320,360) d=0.73 a=1 | preview=view-/6 yaw=+0 render=34ms | sp=som:active d=0.7 age=4 dtg=3.32 region=0_8
ep=936 s=62 11084ms [sel=42 cap=10941 rest=101] sg=3->3 mode=NONE win=8 obs=63 | cap=wip act=(320,360) d=2.52 a=1 | sp=frontier:active d=2.5 age=0 dtg=3.09 region=0_8
ep=936 s=63 11903ms [sel=6 cap=11803 rest=93] sg=3->3 mode=NONE win=8 obs=64 | cap=wip act=(320,360) d=2.27 a=1 | sp=frontier:active d=2.3 age=1 dtg=2.88 region=0_8
ep=936 s=64 8899ms [sel=6 cap=8438 rest=419] sg=3->3 mode=NONE win=8 obs=65 | cap=wip act=(320,360) d=2.03 a=1 | preview=view-/6 yaw=+0 render=37ms | sp=frontier:active d=2.0 age=2 dtg=2.75 region=0_19
ep=936 s=65 11765ms [sel=3 cap=11683 rest=79] sg=3->3 mode=NONE win=8 obs=66 | cap=wip act=(320,360) d=1.79 a=3 | sp=frontier:active d=1.8 age=3 dtg=2.75 region=0_19
ep=936 s=66 9993ms [sel=3 cap=9897 rest=93] sg=3->3 mode=NONE win=8 obs=67 | cap=wip act=(320,360) d=1.79 a=1 | sp=frontier:active d=1.8 age=4 dtg=2.81 region=0_19
ep=936 s=67 15835ms [sel=5 cap=15367 rest=427] sg=3->None mode=NONE win=8 obs=68 | cap=DONE act=(320,360) d=1.00 a=1 | preview=view-/6 yaw=+0 render=36ms | sp=frontier:active d=1.5 age=5 door_evts=2 EVT=door@(13.3,-4.2)w0.80m@s64 dtg=2.92 region=0_19
ep=936 s=68 100ms [sel=5 cap=0 rest=95] sg=None->None mode=NONE win=8 obs=69 | cap=- act=(320,360) d=1.00 a=1 | sp=frontier:active d=1.3 age=6 door_evts=2 dtg=3.07 region=0_19
ep=936 s=69 93ms [sel=4 cap=0 rest=89] sg=None->None mode=NONE win=8 obs=70 | cap=- act=(320,360) d=1.00 a=1 | sp=frontier:active d=1.0 age=7 door_evts=2 dtg=3.23 region=0_19
ep=936 s=70 94ms [sel=0 cap=0 rest=94] sg=None->None mode=NONE win=8 obs=71 | cap=- act=STOP | sp=frontier:active d=0.8 age=8 door_evts=2 dtg=3.23 region=0_19
rank=3 [7/12] id=936 steps=71 success=0.000 spl=0.000 dtg=3.23 osr=1 path_length=8.75 ndtw=0.820 sdtw=0.000
PluginManager::Manager: duplicate static plugin StbImageImporter, ignoring
PluginManager::Manager: duplicate static plugin GltfImporter, ignoring
PluginManager::Manager: duplicate static plugin BasisImporter, ignoring
PluginManager::Manager: duplicate static plugin AssimpImporter, ignoring
PluginManager::Manager: duplicate static plugin AnySceneImporter, ignoring
PluginManager::Manager: duplicate static plugin AnyImageImporter, ignoring
episode=1187 instruction='Straight past the. Tv, past the fridge, up 5 stairs. Halt at the top.' start_position=[-3.031630039215088, -0.535740852355957, 15.473799705505371] goal_position=[-2.248199939727783, 0.5473843812942505, 6.074480056762695] reference_geodesic=9.49389934539795
episode=1187 prepared_subgoals=4
  [1] Walk straight past the TV
      proof: The TV is directly behind the camera and the camera has passed it.
  [2] Walk straight past the fridge
      proof: The fridge is directly behind the camera and the camera has passed it.
  [3] Go up the stairs
      proof: The camera has passed the stairs: they are below and behind it and the upper landing fills the view.
  [4] Halt at the top of the stairs
      proof: The camera is stationary at the top of the stairs, with the upper space visible ahead
ep=1187 s=0 12636ms [sel=6 cap=12049 rest=543] sg=1->1 mode=NONE win=1 obs=1 | cap=wip act=PREVIEW a=2 | preview=view2/6 yaw=+0 render=38ms dtg=9.49 region=0_16
ep=1187 s=1 133977ms [sel=127287 cap=6586 rest=104] sg=1->1 mode=NONE win=2 obs=2 | cap=wip act=(320,360) d=2.83 a=3 | sp=som:active d=2.8 age=0 som=3/8 dtg=9.49 region=0_16
ep=1187 s=2 10809ms [sel=3 cap=10706 rest=100] sg=1->1 mode=NONE win=3 obs=3 | cap=wip act=(320,360) d=2.83 a=1 | sp=som:active d=2.8 age=1 dtg=9.25 region=0_16
ep=1187 s=3 9163ms [sel=3 cap=9059 rest=101] sg=1->1 mode=GET_NOWHERE win=4 obs=4 | cap=wip/GET_NOWHERE act=(320,360) d=2.58 a=1 | sp=som:active d=2.6 age=2 dtg=9.00 region=0_16
ep=1187 s=4 9080ms [sel=3 cap=8976 rest=102] sg=1->1 mode=NONE win=5 obs=5 | cap=wip act=(320,360) d=2.34 a=2 | sp=som:active d=2.3 age=3 dtg=9.00 region=0_16
ep=1187 s=5 7199ms [sel=3 cap=7093 rest=103] sg=1->1 mode=NONE win=6 obs=6 | cap=wip act=(320,360) d=2.34 a=1 | sp=som:active d=2.3 age=4 dtg=8.77 region=0_16
ep=1187 s=6 10327ms [sel=3 cap=10222 rest=102] sg=1->1 mode=NONE win=7 obs=7 | cap=wip act=(320,360) d=2.09 a=1 | sp=som:active d=2.1 age=5 dtg=8.58 region=0_16
ep=1187 s=7 7320ms [sel=4 cap=7214 rest=102] sg=1->1 mode=NONE win=8 obs=8 | cap=wip act=(320,360) d=1.84 a=1 | sp=som:active d=1.8 age=6 dtg=8.35 region=0_16
ep=1187 s=8 7993ms [sel=3 cap=7887 rest=103] sg=1->1 mode=NONE win=8 obs=9 | cap=wip act=(320,360) d=1.59 a=1 | sp=som:active d=1.6 age=7 dtg=8.12 region=0_16
ep=1187 s=9 7520ms [sel=3 cap=7414 rest=103] sg=1->1 mode=NONE win=8 obs=10 | cap=wip act=(320,360) d=1.34 a=3 | sp=som:active d=1.3 age=8 dtg=8.12 region=0_16
ep=1187 s=10 11325ms [sel=3 cap=11228 rest=95] sg=1->1 mode=NONE win=8 obs=11 | cap=wip act=(320,360) d=1.34 a=1 | sp=som:active d=1.3 age=9 dtg=7.87 region=0_16
ep=1187 s=11 8377ms [sel=3 cap=8281 rest=93] sg=1->1 mode=NONE win=8 obs=12 | cap=wip act=(320,360) d=1.11 a=2 | sp=som:active d=1.1 age=10 dtg=7.87 region=0_16
ep=1187 s=12 6279ms [sel=3 cap=6179 rest=97] sg=1->1 mode=NONE win=8 obs=13 | cap=wip act=(320,360) d=1.11 a=1 | sp=som:active d=1.1 age=11 dtg=7.65 region=0_16
ep=1187 s=13 11480ms [sel=4 cap=11382 rest=94] sg=1->1 mode=NONE win=8 obs=14 | cap=wip act=(320,360) d=0.86 a=1 | sp=som:active d=0.9 age=12 dtg=7.44 region=0_16
ep=1187 s=14 13874ms [sel=3 cap=13778 rest=94] sg=1->1 mode=NONE win=8 obs=15 | cap=wip act=(320,360) d=0.61 a=1 | sp=som:active d=0.6 age=13 dtg=7.24 region=0_16
ep=1187 s=15 18327ms [sel=66 cap=18169 rest=91] sg=1->1 mode=NONE win=8 obs=16 | cap=wip act=(320,360) d=3.99 a=3 | sp=frontier:active d=4.0 age=0 dtg=7.24 region=0_16
ep=1187 s=16 11664ms [sel=3 cap=11572 rest=89] sg=1->1 mode=NONE win=8 obs=17 | cap=wip act=(320,360) d=3.99 a=3 | sp=frontier:active d=4.0 age=1 dtg=7.24 region=0_16
ep=1187 s=17 7062ms [sel=3 cap=6964 rest=95] sg=1->1 mode=NONE win=8 obs=18 | cap=wip act=(320,360) d=3.99 a=3 | sp=frontier:active d=4.0 age=2 dtg=7.24 region=0_16
ep=1187 s=18 10426ms [sel=4 cap=10314 rest=107] sg=1->1 mode=NONE win=8 obs=19 | cap=wip act=(320,360) d=3.99 a=1 | sp=frontier:active d=4.0 age=3 dtg=6.99 region=0_16
ep=1187 s=19 10182ms [sel=3 cap=10047 rest=132] sg=1->1 mode=NONE win=8 obs=20 | cap=wip act=(320,360) d=3.75 a=1 | sp=frontier:active d=3.8 age=4 dtg=6.74 region=0_16
ep=1187 s=20 10356ms [sel=3 cap=10225 rest=128] sg=1->1 mode=NONE win=8 obs=21 | cap=wip act=(320,360) d=3.52 a=1 | sp=frontier:active d=3.5 age=5 dtg=6.50 region=0_16
ep=1187 s=21 5581ms [sel=3 cap=5478 rest=100] sg=1->1 mode=NONE win=8 obs=22 | cap=wip act=(320,360) d=3.29 a=1 | sp=frontier:active d=3.3 age=6 dtg=6.25 region=0_16
ep=1187 s=22 10214ms [sel=3 cap=10110 rest=101] sg=1->1 mode=NONE win=8 obs=23 | cap=wip act=(320,360) d=3.06 a=1 | sp=frontier:active d=3.1 age=7 dtg=6.02 region=0_16
ep=1187 s=23 11250ms [sel=6 cap=11142 rest=102] sg=1->1 mode=NONE win=8 obs=24 | cap=wip act=(320,360) d=2.83 a=1 | sp=frontier:active d=2.8 age=8 dtg=5.78 region=0_16
ep=1187 s=24 10938ms [sel=3 cap=10834 rest=101] sg=1->1 mode=NONE win=8 obs=25 | cap=wip act=(320,360) d=2.61 a=1 | sp=frontier:active d=2.6 age=9 dtg=5.56 region=0_16
ep=1187 s=25 11087ms [sel=3 cap=10986 rest=99] sg=1->1 mode=NONE win=8 obs=26 | cap=wip act=(320,360) d=2.40 a=2 | sp=frontier:active d=2.4 age=10 dtg=5.56 region=0_16
ep=1187 s=26 12161ms [sel=4 cap=12065 rest=92] sg=1->1 mode=NONE win=8 obs=27 | cap=wip act=(320,360) d=2.40 a=1 | sp=frontier:active d=2.4 age=11 dtg=5.32 region=0_22
ep=1187 s=27 66431ms [sel=57794 cap=8545 rest=92] sg=1->1 mode=NONE win=8 obs=28 | cap=wip act=(320,360) d=2.97 a=1 | sp=som:active d=3.0 age=0 som=1/6 dtg=5.08 region=0_22
ep=1187 s=28 6555ms [sel=4 cap=6457 rest=94] sg=1->1 mode=NONE win=8 obs=29 | cap=wip act=(320,360) d=2.73 a=1 | sp=som:active d=2.7 age=1 dtg=4.84 region=0_22
ep=1187 s=29 11119ms [sel=4 cap=11019 rest=96] sg=1->1 mode=NONE win=8 obs=30 | cap=wip act=(320,360) d=2.48 a=1 | sp=som:active d=2.5 age=2 dtg=4.60 region=0_22
ep=1187 s=30 8617ms [sel=3 cap=8512 rest=101] sg=1->1 mode=NONE win=8 obs=31 | cap=wip act=(320,360) d=2.23 a=2 | sp=som:active d=2.2 age=3 dtg=4.60 region=0_22
ep=1187 s=31 11731ms [sel=3 cap=11612 rest=116] sg=1->1 mode=NONE win=8 obs=32 | cap=wip act=(320,360) d=2.23 a=1 | sp=som:active d=2.2 age=4 dtg=4.35 region=0_22
ep=1187 s=32 7436ms [sel=3 cap=7319 rest=114] sg=1->1 mode=NONE win=8 obs=33 | cap=wip act=(320,360) d=1.99 a=1 | sp=som:active d=2.0 age=5 dtg=4.10 region=0_22
ep=1187 s=33 9387ms [sel=3 cap=9269 rest=114] sg=1->1 mode=NONE win=8 obs=34 | cap=wip act=(320,360) d=1.74 a=1 | sp=som:active d=1.7 age=6 dtg=3.86 region=0_22
ep=1187 s=34 10326ms [sel=3 cap=10214 rest=109] sg=1->1 mode=NONE win=8 obs=35 | cap=wip act=(320,360) d=1.49 a=1 | sp=som:active d=1.5 age=7 dtg=3.61 region=0_22
ep=1187 s=35 9776ms [sel=60 cap=9262 rest=407] sg=1->1 mode=NONE win=8 obs=36 | cap=wip act=(160,180) d=5.05 a=2 | preview=view0/6 yaw=-180 render=47ms | sp=preview:active d=5.1 age=0 dtg=3.61 region=0_22
ep=1187 s=36 37955ms [sel=29760 cap=8110 rest=85] sg=1->2 mode=NONE win=8 obs=37 | cap=DONE act=(320,360) d=1.43 a=1 | sp=som:active d=1.4 age=0 som=2/6 dtg=3.38 region=0_22
ep=1187 s=37 6811ms [sel=3 cap=6719 rest=89] sg=2->2 mode=NONE win=8 obs=38 | cap=wip act=(320,360) d=1.19 a=3 | sp=som:active d=1.2 age=1 dtg=3.38 region=0_22
ep=1187 s=38 8697ms [sel=3 cap=8610 rest=84] sg=2->2 mode=NONE win=8 obs=39 | cap=wip act=(320,360) d=1.19 a=1 | sp=som:active d=1.2 age=2 dtg=3.13 region=0_22
ep=1187 s=39 9425ms [sel=4 cap=9338 rest=83] sg=2->2 mode=NONE win=8 obs=40 | cap=wip act=(320,360) d=0.94 a=1 | sp=som:active d=0.9 age=3 dtg=2.89 region=0_22
ep=1187 s=40 8737ms [sel=4 cap=8648 rest=85] sg=2->2 mode=NONE win=8 obs=41 | cap=wip act=(320,360) d=0.69 a=1 | sp=som:active d=0.7 age=4 dtg=2.66 region=0_22
ep=1187 s=41 55306ms [sel=47305 cap=7913 rest=88] sg=2->2 mode=NONE win=8 obs=42 | cap=wip act=(320,360) d=0.59 a=3 | sp=som:active d=0.6 age=0 som=1/3 dtg=2.66 region=0_22
ep=1187 s=42 9906ms [sel=3 cap=9811 rest=92] sg=2->2 mode=NONE win=8 obs=43 | cap=wip act=(320,360) d=0.59 a=1 | sp=som:active d=0.6 age=1 dtg=2.45 region=0_22
ep=1187 s=43 14923ms [sel=87 cap=14743 rest=94] sg=2->2 mode=NONE win=8 obs=44 | cap=wip act=(320,360) d=4.40 a=3 | sp=frontier:active d=4.4 age=0 dtg=2.45 region=0_22
ep=1187 s=44 10393ms [sel=35 cap=10261 rest=97] sg=2->2 mode=NONE win=8 obs=45 | cap=wip act=(320,360) d=4.40 a=3 | sp=frontier:active d=4.4 age=1 dtg=2.45 region=0_22
ep=1187 s=45 12090ms [sel=36 cap=11953 rest=102] sg=2->2 mode=NONE win=8 obs=46 | cap=wip act=(320,360) d=4.40 a=3 | sp=frontier:active d=4.4 age=2 dtg=2.45 region=0_22
ep=1187 s=46 8031ms [sel=35 cap=7908 rest=88] sg=2->2 mode=NONE win=8 obs=47 | cap=wip act=(320,360) d=4.40 a=3 | sp=frontier:active d=4.4 age=3 dtg=2.45 region=0_22
ep=1187 s=47 7964ms [sel=24 cap=7862 rest=77] sg=2->2 mode=NONE win=8 obs=48 | cap=wip act=(320,360) d=4.40 a=3 | sp=frontier:active d=4.4 age=4 dtg=2.45 region=0_22
ep=1187 s=48 16798ms [sel=15 cap=16706 rest=77] sg=2->2 mode=NONE win=8 obs=49 | cap=wip act=(320,360) d=4.40 a=3 | sp=frontier:active d=4.4 age=5 dtg=2.45 region=0_22
ep=1187 s=49 13133ms [sel=59 cap=12678 rest=360] sg=2->2 mode=NONE win=8 obs=50 | cap=wip act=(160,180) d=6.05 a=3 | preview=view3/6 yaw=+30 render=35ms | sp=preview:active d=6.0 age=0 dtg=2.45 region=0_22
ep=1187 s=50 7902ms [sel=55 cap=7753 rest=94] sg=2->2 mode=NONE win=8 obs=51 | cap=wip act=(320,360) d=6.05 a=3 | sp=preview:active d=6.0 age=1 dtg=2.45 region=0_22
ep=1187 s=51 5644ms [sel=19 cap=5525 rest=100] sg=2->2 mode=NONE win=8 obs=52 | cap=wip act=(320,360) d=6.05 a=3 | sp=preview:active d=6.0 age=2 dtg=2.45 region=0_22
ep=1187 s=52 5194ms [sel=15 cap=5079 rest=100] sg=2->2 mode=NONE win=8 obs=53 | cap=wip act=(320,360) d=6.05 a=3 | sp=preview:active d=6.0 age=3 dtg=2.45 region=0_22
ep=1187 s=53 6897ms [sel=14 cap=6787 rest=96] sg=2->2 mode=NONE win=8 obs=54 | cap=wip act=(320,360) d=6.05 a=3 | sp=preview:active d=6.0 age=4 dtg=2.45 region=0_22
ep=1187 s=54 6838ms [sel=14 cap=6731 rest=93] sg=2->2 mode=NONE win=8 obs=55 | cap=wip act=(320,360) d=6.05 a=1 | sp=preview:active d=6.0 age=5 dtg=2.67 region=0_22
ep=1187 s=55 6668ms [sel=12 cap=6565 rest=91] sg=2->2 mode=NONE win=8 obs=56 | cap=wip act=(320,360) d=5.82 a=1 | sp=preview:active d=5.8 age=6 dtg=2.90 region=0_22
ep=1187 s=56 9651ms [sel=10 cap=9212 rest=395] sg=2->2 mode=NONE win=8 obs=57 | cap=wip act=(320,360) d=5.59 a=2 | preview=view-/6 yaw=+0 render=35ms | sp=preview:active d=5.6 age=7 dtg=2.90 region=0_22
ep=1187 s=57 9051ms [sel=11 cap=8941 rest=99] sg=2->2 mode=NONE win=8 obs=58 | cap=wip act=(320,360) d=5.59 a=1 | sp=preview:active d=5.6 age=8 dtg=3.13 region=0_22
ep=1187 s=58 7275ms [sel=9 cap=7168 rest=99] sg=2->2 mode=NONE win=8 obs=59 | cap=wip act=(320,360) d=5.34 a=1 | sp=preview:active d=5.3 age=9 dtg=3.37 region=0_22
ep=1187 s=59 7576ms [sel=6 cap=7469 rest=101] sg=2->2 mode=NONE win=8 obs=60 | cap=wip act=(320,360) d=5.09 a=1 | sp=preview:active d=5.1 age=10 dtg=3.60 region=0_22
ep=1187 s=60 8008ms [sel=10 cap=7498 rest=465] sg=2->2 mode=NONE win=8 obs=61 | cap=wip act=(320,360) d=4.85 a=1 | preview=view-/6 yaw=+0 render=35ms | sp=preview:active d=4.8 age=11 dtg=3.84 region=0_22
ep=1187 s=61 9408ms [sel=3 cap=9299 rest=107] sg=2->2 mode=NONE win=8 obs=62 | cap=wip act=(320,360) d=4.60 a=1 | sp=preview:active d=4.6 age=12 dtg=4.08 region=0_22
ep=1187 s=62 10056ms [sel=3 cap=9946 rest=106] sg=2->2 mode=NONE win=8 obs=63 | cap=wip act=(320,360) d=4.36 a=1 | sp=preview:active d=4.4 age=13 dtg=4.32 region=0_22
ep=1187 s=63 15134ms [sel=43 cap=14529 rest=515] sg=2->2 mode=NONE win=8 obs=64 | cap=wip act=(160,180) d=5.02 a=2 | preview=view2/6 yaw=-45 render=47ms | sp=preview:active d=5.0 age=0 dtg=4.32 region=0_22
ep=1187 s=64 9133ms [sel=4 cap=9022 rest=107] sg=2->2 mode=NONE win=8 obs=65 | cap=wip act=(320,360) d=5.02 a=2 | sp=preview:active d=5.0 age=1 dtg=4.32 region=0_22
ep=1187 s=65 10189ms [sel=4 cap=10079 rest=106] sg=2->2 mode=NONE win=8 obs=66 | cap=wip act=(320,360) d=5.02 a=1 | sp=preview:active d=5.0 age=2 dtg=4.51 region=0_22
ep=1187 s=66 7132ms [sel=3 cap=7025 rest=104] sg=2->2 mode=NONE win=8 obs=67 | cap=wip act=(320,360) d=4.78 a=1 | sp=preview:active d=4.8 age=3 dtg=4.71 region=0_22
ep=1187 s=67 7196ms [sel=3 cap=7089 rest=104] sg=2->2 mode=NONE win=8 obs=68 | cap=wip act=(320,360) d=4.54 a=1 | sp=preview:active d=4.5 age=4 dtg=4.91 region=0_22
ep=1187 s=68 7501ms [sel=3 cap=7391 rest=106] sg=2->2 mode=NONE win=8 obs=69 | cap=wip act=(320,360) d=4.31 a=1 | sp=preview:active d=4.3 age=5 dtg=5.24 region=0_17
ep=1187 s=69 5393ms [sel=3 cap=5279 rest=111] sg=2->2 mode=NONE win=8 obs=70 | cap=wip act=(320,360) d=4.08 a=1 | sp=preview:active d=4.1 age=6 dtg=5.45 region=0_17
ep=1187 s=70 6801ms [sel=6 cap=6677 rest=118] sg=2->2 mode=NONE win=8 obs=71 | cap=wip act=(320,360) d=3.85 a=3 | sp=preview:active d=3.8 age=7 dtg=5.45 region=0_17
ep=1187 s=71 7180ms [sel=21 cap=7042 rest=117] sg=2->2 mode=NONE win=8 obs=72 | cap=wip act=(320,360) d=3.85 a=1 | sp=preview:active d=3.8 age=8 dtg=5.69 region=0_17
ep=1187 s=72 10037ms [sel=23 cap=9903 rest=111] sg=2->2 mode=NONE win=8 obs=73 | cap=wip act=(320,360) d=3.66 a=2 | sp=preview:active d=3.7 age=9 dtg=5.69 region=0_17
ep=1187 s=73 5451ms [sel=5 cap=5327 rest=119] sg=2->2 mode=NONE win=8 obs=74 | cap=wip act=(320,360) d=3.66 a=1 | sp=preview:active d=3.7 age=10 dtg=5.92 region=0_17
ep=1187 s=74 9739ms [sel=12 cap=9608 rest=119] sg=2->2 mode=GET_NOWHERE win=8 obs=75 | cap=wip/GET_NOWHERE act=(320,360) d=3.44 a=2 | sp=preview:active d=3.4 age=11 dtg=5.92 region=0_17
ep=1187 s=75 11020ms [sel=7 cap=10901 rest=112] sg=2->2 mode=NONE win=8 obs=76 | cap=wip act=(320,360) d=3.44 a=2 | sp=preview:active d=3.4 age=12 dtg=5.92 region=0_17
ep=1187 s=76 8788ms [sel=7 cap=8674 rest=108] sg=2->2 mode=NONE win=8 obs=77 | cap=wip act=(320,360) d=3.44 a=1 | sp=preview:active d=3.4 age=13 dtg=6.10 region=0_17
ep=1187 s=77 7492ms [sel=4 cap=7384 rest=105] sg=2->2 mode=NONE win=8 obs=78 | cap=wip act=(320,360) d=3.19 a=1 | sp=preview:active d=3.2 age=14 dtg=6.34 region=0_17
ep=1187 s=78 22242ms [sel=16375 cap=5757 rest=110] sg=2->2 mode=NONE win=8 obs=79 | cap=wip act=(320,360) d=2.97 a=1 | sp=som:active d=3.0 age=0 som=2/8 dtg=6.58 region=0_15
ep=1187 s=79 16583ms [sel=18 cap=16021 rest=508] sg=2->2 mode=NONE win=8 obs=80 | cap=wip act=(160,180) d=2.66 a=1 | preview=view3/6 yaw=+0 render=36ms | sp=preview:active d=2.7 age=0 dtg=6.83 region=0_15
ep=1187 s=80 11566ms [sel=52 cap=11408 rest=106] sg=2->3 mode=NONE win=8 obs=81 | cap=DONE act=(320,360) d=3.04 a=1 | sp=frontier:active d=3.0 age=0 dtg=7.08 region=0_15
ep=1187 s=81 9218ms [sel=3 cap=9108 rest=106] sg=3->3 mode=GET_NOWHERE win=8 obs=82 | cap=wip/GET_NOWHERE act=(320,360) d=2.79 a=1 | sp=frontier:active d=2.8 age=1 dtg=7.33 region=0_15
ep=1187 s=82 11574ms [sel=3 cap=11467 rest=104] sg=3->3 mode=NONE win=8 obs=83 | cap=wip act=(320,360) d=2.55 a=1 | sp=frontier:active d=2.5 age=2 dtg=7.57 region=0_15
ep=1187 s=83 9908ms [sel=3 cap=9800 rest=105] sg=3->3 mode=NONE win=8 obs=84 | cap=wip act=(320,360) d=2.30 a=1 | sp=frontier:active d=2.3 age=3 dtg=7.82 region=0_15
ep=1187 s=84 6595ms [sel=4 cap=6487 rest=104] sg=3->3 mode=NONE win=8 obs=85 | cap=wip act=(320,360) d=2.05 a=2 | sp=frontier:active d=2.1 age=4 dtg=7.82 region=0_15
ep=1187 s=85 12299ms [sel=48 cap=12147 rest=104] sg=3->4 mode=NONE win=8 obs=86 | cap=DONE act=(320,360) d=2.05 a=1 | sp=frontier:active d=2.1 age=0 dtg=8.06 region=0_15
ep=1187 s=86 9231ms [sel=3 cap=9125 rest=103] sg=4->4 mode=NONE win=8 obs=87 | cap=wip act=(320,360) d=1.83 a=1 | sp=frontier:active d=1.8 age=1 dtg=8.30 region=0_15
ep=1187 s=87 10499ms [sel=5 cap=9939 rest=516] sg=4->None mode=NONE win=8 obs=88 | cap=DONE act=(320,360) d=1.00 a=1 | preview=view-/6 yaw=+0 render=39ms | sp=frontier:active d=1.6 age=2 dtg=8.54 region=0_15
ep=1187 s=88 94ms [sel=4 cap=0 rest=90] sg=None->None mode=NONE win=8 obs=89 | cap=- act=(320,360) d=1.00 a=1 | sp=frontier:active d=1.4 age=3 dtg=8.79 region=0_15
ep=1187 s=89 108ms [sel=5 cap=0 rest=104] sg=None->None mode=NONE win=8 obs=90 | cap=- act=(320,360) d=1.00 a=1 | sp=frontier:active d=1.2 age=4 dtg=9.08 region=0_15
ep=1187 s=90 92ms [sel=0 cap=0 rest=92] sg=None->None mode=NONE win=8 obs=91 | cap=- act=STOP | sp=frontier:active d=1.1 age=5 dtg=9.08 region=0_15
rank=3 [8/12] id=1187 steps=91 success=0.000 spl=0.000 dtg=9.08 osr=1 path_length=14.52 ndtw=0.433 sdtw=0.000
episode=1223 instruction='Straight to a porch. Up the porch steps, into the house through the glass double doors. Wait near the tv.' start_position=[4.621359825134277, -1.309366226196289, 25.505300521850586] goal_position=[-3.031630039215088, -0.535740852355957, 15.473799705505371] reference_geodesic=13.924222946166992
episode=1223 prepared_subgoals=4
  [1] Walk straight to the porch
      proof: The porch is directly ahead of the camera, within a step.
  [2] Go up the porch steps
      proof: The steps are behind the camera and the porch landing or house entrance fills the view.
  [3] Enter through the glass double doors
      proof: The camera has crossed the threshold and the interior of the house is central in the view.
  [4] Wait near the tv
      proof: The tv is directly beside or ahead of the camera, within a step
ep=1223 s=0 19011ms [sel=26 cap=18503 rest=445] sg=1->1 mode=NONE win=1 obs=1 | cap=wip act=(160,180) d=3.69 a=3 | preview=view4/6 yaw=+90 render=36ms | sp=preview:active d=3.7 age=0 dtg=13.92 region=0_11
ep=1223 s=1 16488ms [sel=22 cap=16371 rest=95] sg=1->1 mode=NONE win=2 obs=2 | cap=wip act=(320,360) d=3.69 a=3 | sp=preview:active d=3.7 age=1 dtg=13.92 region=0_11
ep=1223 s=2 16713ms [sel=4 cap=16612 rest=97] sg=1->1 mode=NONE win=3 obs=3 | cap=wip act=(320,360) d=3.69 a=3 | sp=preview:active d=3.7 age=2 dtg=13.92 region=0_11
ep=1223 s=3 13213ms [sel=3 cap=13110 rest=100] sg=1->1 mode=NONE win=4 obs=4 | cap=wip act=(320,360) d=3.69 a=1 | sp=preview:active d=3.7 age=3 dtg=13.75 region=0_11
ep=1223 s=4 14243ms [sel=3 cap=14139 rest=101] sg=1->1 mode=NONE win=5 obs=5 | cap=wip act=(320,360) d=3.46 a=3 | sp=preview:active d=3.5 age=4 dtg=13.75 region=0_11
ep=1223 s=5 7933ms [sel=3 cap=7827 rest=103] sg=1->1 mode=NONE win=6 obs=6 | cap=wip act=(320,360) d=3.46 a=1 | sp=preview:active d=3.5 age=5 dtg=13.54 region=0_11
ep=1223 s=6 11034ms [sel=3 cap=10926 rest=105] sg=1->1 mode=NONE win=7 obs=7 | cap=wip act=(320,360) d=3.22 a=1 | sp=preview:active d=3.2 age=6 dtg=13.33 region=0_11
ep=1223 s=7 15575ms [sel=43 cap=15430 rest=103] sg=1->2 mode=NONE win=8 obs=8 | cap=DONE act=(320,360) d=4.91 a=1 | sp=frontier:active d=4.9 age=0 dtg=13.13 region=0_11
ep=1223 s=8 12073ms [sel=3 cap=11967 rest=103] sg=2->2 mode=NONE win=8 obs=9 | cap=wip act=(320,360) d=4.66 a=1 | sp=frontier:active d=4.7 age=1 dtg=12.93 region=0_11
ep=1223 s=9 10038ms [sel=3 cap=9927 rest=108] sg=2->2 mode=NONE win=8 obs=10 | cap=wip act=(320,360) d=4.41 a=1 | sp=frontier:active d=4.4 age=2 dtg=12.73 region=0_11
ep=1223 s=10 15716ms [sel=3 cap=15606 rest=106] sg=2->2 mode=NONE win=8 obs=11 | cap=wip act=(320,360) d=4.16 a=1 | sp=frontier:active d=4.2 age=3 dtg=12.54 region=0_11
ep=1223 s=11 15763ms [sel=3 cap=15655 rest=105] sg=2->2 mode=NONE win=8 obs=12 | cap=wip act=(320,360) d=3.91 a=1 | sp=frontier:active d=3.9 age=4 dtg=12.36 region=0_11
ep=1223 s=12 14679ms [sel=3 cap=14572 rest=103] sg=2->2 mode=NONE win=8 obs=13 | cap=wip act=(320,360) d=3.66 a=1 | sp=frontier:active d=3.7 age=5 dtg=12.11 region=0_11
ep=1223 s=13 10628ms [sel=3 cap=10521 rest=104] sg=2->2 mode=NONE win=8 obs=14 | cap=wip act=(320,360) d=3.41 a=1 | sp=frontier:active d=3.4 age=6 dtg=11.94 region=0_11
ep=1223 s=14 8078ms [sel=3 cap=7971 rest=104] sg=2->2 mode=NONE win=8 obs=15 | cap=wip act=(320,360) d=3.16 a=1 | sp=frontier:active d=3.2 age=7 dtg=11.78 region=0_11
ep=1223 s=15 13767ms [sel=3 cap=13655 rest=108] sg=2->2 mode=NONE win=8 obs=16 | cap=wip act=(320,360) d=2.91 a=1 | sp=frontier:active d=2.9 age=8 dtg=11.62 region=0_11
ep=1223 s=16 14195ms [sel=26 cap=13668 rest=466] sg=2->2 mode=NONE win=8 obs=17 | cap=wip act=(160,180) d=3.50 a=1 | preview=view3/6 yaw=+0 render=34ms | sp=preview:active d=3.5 age=0 dtg=11.48 region=0_11
ep=1223 s=17 14278ms [sel=3 cap=14176 rest=99] sg=2->2 mode=NONE win=8 obs=18 | cap=wip act=(320,360) d=3.26 a=2 | sp=preview:active d=3.3 age=1 dtg=11.48 region=0_11
ep=1223 s=18 10317ms [sel=3 cap=10207 rest=107] sg=2->2 mode=GET_NOWHERE win=8 obs=19 | cap=wip/GET_NOWHERE act=(320,360) d=3.26 a=1 | sp=preview:active d=3.3 age=2 dtg=11.41 region=0_11
ep=1223 s=19 8726ms [sel=4 cap=8621 rest=100] sg=2->2 mode=GET_NOWHERE win=8 obs=20 | cap=wip/GET_NOWHERE act=(320,360) d=3.01 a=1 | sp=preview:active d=3.0 age=3 dtg=11.35 region=0_11
ep=1223 s=20 8258ms [sel=26 cap=7726 rest=470] sg=2->2 mode=GET_NOWHERE win=8 obs=21 | cap=wip/GET_NOWHERE act=(160,180) d=3.30 a=1 | preview=view3/6 yaw=+0 render=35ms | sp=preview:active d=3.3 age=0 dtg=11.31 region=0_11
ep=1223 s=21 11762ms [sel=4 cap=11658 rest=99] sg=2->2 mode=GET_NOWHERE win=8 obs=22 | cap=wip/GET_NOWHERE act=(320,360) d=3.05 a=1 | sp=preview:active d=3.0 age=1 dtg=11.29 region=0_11
ep=1223 s=22 15174ms [sel=3 cap=15072 rest=99] sg=2->2 mode=NONE win=8 obs=23 | cap=wip act=(320,360) d=2.80 a=1 | sp=preview:active d=2.8 age=2 dtg=11.28 region=0_11
ep=1223 s=23 17048ms [sel=3 cap=16946 rest=99] sg=2->2 mode=NONE win=8 obs=24 | cap=wip act=(320,360) d=2.55 a=1 | sp=preview:active d=2.6 age=3 dtg=11.29 region=0_11
ep=1223 s=24 5238ms [sel=3 cap=5137 rest=98] sg=2->2 mode=NONE win=8 obs=25 | cap=wip act=(320,360) d=2.30 a=1 | sp=preview:active d=2.3 age=4 dtg=11.31 region=0_11
ep=1223 s=25 11841ms [sel=3 cap=11737 rest=100] sg=2->2 mode=NONE win=8 obs=26 | cap=wip act=(320,360) d=2.05 a=1 | sp=preview:active d=2.1 age=5 dtg=11.36 region=0_11
ep=1223 s=26 10044ms [sel=3 cap=9941 rest=100] sg=2->2 mode=NONE win=8 obs=27 | cap=wip act=(320,360) d=1.80 a=1 | sp=preview:active d=1.8 age=6 dtg=11.19 region=0_11
ep=1223 s=27 23235ms [sel=3 cap=23135 rest=97] sg=2->2 mode=NONE win=8 obs=28 | cap=wip act=(320,360) d=1.56 a=1 | sp=preview:active d=1.6 age=7 dtg=11.19 region=0_11
ep=1223 s=28 11788ms [sel=3 cap=11687 rest=98] sg=2->2 mode=NONE win=8 obs=29 | cap=wip act=(320,360) d=1.31 a=1 | sp=preview:active d=1.3 age=8 dtg=11.20 region=0_11
ep=1223 s=29 13529ms [sel=3 cap=13428 rest=98] sg=2->2 mode=NONE win=8 obs=30 | cap=wip act=(320,360) d=1.06 a=2 | sp=preview:active d=1.1 age=9 dtg=11.20 region=0_11
ep=1223 s=30 14677ms [sel=3 cap=14577 rest=98] sg=2->2 mode=NONE win=8 obs=31 | cap=wip act=(320,360) d=1.06 a=1 | sp=preview:active d=1.1 age=10 dtg=11.29 region=0_11
ep=1223 s=31 8228ms [sel=3 cap=8129 rest=96] sg=2->2 mode=NONE win=8 obs=32 | cap=wip act=(320,360) d=0.81 a=1 | sp=preview:active d=0.8 age=11 dtg=11.39 region=0_11
ep=1223 s=32 16849ms [sel=46 cap=16309 rest=454] sg=2->2 mode=NONE win=8 obs=33 | cap=wip act=(160,180) d=3.28 a=2 | preview=view0/6 yaw=-180 render=40ms | sp=preview:active d=3.3 age=0 dtg=11.39 region=0_11
ep=1223 s=33 11607ms [sel=24 cap=11488 rest=95] sg=2->2 mode=NONE win=8 obs=34 | cap=wip act=(320,360) d=3.28 a=2 | sp=preview:active d=3.3 age=1 dtg=11.39 region=0_11
ep=1223 s=34 10953ms [sel=24 cap=10831 rest=98] sg=2->2 mode=GET_NOWHERE win=8 obs=35 | cap=wip/GET_NOWHERE act=(320,360) d=3.28 a=2 | sp=preview:active d=3.3 age=2 dtg=11.39 region=0_11
ep=1223 s=35 9980ms [sel=24 cap=9862 rest=93] sg=2->2 mode=NONE win=8 obs=36 | cap=wip act=(320,360) d=3.28 a=2 | sp=preview:active d=3.3 age=3 dtg=11.39 region=0_11
ep=1223 s=36 11781ms [sel=25 cap=11661 rest=95] sg=2->2 mode=NONE win=8 obs=37 | cap=wip act=(320,360) d=3.28 a=2 | sp=preview:active d=3.3 age=4 dtg=11.39 region=0_11
ep=1223 s=37 9723ms [sel=24 cap=9580 rest=118] sg=2->2 mode=NONE win=8 obs=38 | cap=wip act=(320,360) d=3.28 a=2 | sp=preview:active d=3.3 age=5 dtg=11.39 region=0_11
ep=1223 s=38 17022ms [sel=49 cap=16478 rest=461] sg=2->2 mode=NONE win=8 obs=39 | cap=wip act=(160,180) d=3.24 a=2 | preview=view1/6 yaw=-75 render=35ms | sp=preview:active d=3.2 age=0 dtg=11.39 region=0_11
ep=1223 s=39 17714ms [sel=22 cap=17590 rest=102] sg=2->2 mode=NONE win=8 obs=40 | cap=wip act=(320,360) d=3.24 a=2 | sp=preview:active d=3.2 age=1 dtg=11.39 region=0_11
ep=1223 s=40 13079ms [sel=22 cap=12956 rest=101] sg=2->2 mode=NONE win=8 obs=41 | cap=wip act=(320,360) d=3.24 a=2 | sp=preview:active d=3.2 age=2 dtg=11.39 region=0_11
ep=1223 s=41 18643ms [sel=3 cap=18533 rest=106] sg=2->2 mode=NONE win=8 obs=42 | cap=wip act=(320,360) d=3.24 a=2 | sp=preview:active d=3.2 age=3 dtg=11.39 region=0_11
ep=1223 s=42 17624ms [sel=3 cap=17516 rest=105] sg=2->2 mode=NONE win=8 obs=43 | cap=wip act=(320,360) d=3.24 a=2 | sp=preview:active d=3.2 age=4 dtg=11.39 region=0_11
ep=1223 s=43 14966ms [sel=3 cap=14847 rest=116] sg=2->2 mode=NONE win=8 obs=44 | cap=wip act=(320,360) d=3.24 a=1 | sp=preview:active d=3.2 age=5 dtg=11.35 region=0_11
ep=1223 s=44 13021ms [sel=37 cap=12489 rest=457] sg=2->2 mode=NONE win=8 obs=45 | cap=wip act=(160,180) d=3.98 a=2 | preview=view2/6 yaw=-45 render=38ms | sp=preview:active d=4.0 age=0 dtg=11.35 region=0_11
ep=1223 s=45 11070ms [sel=3 cap=10946 rest=121] sg=2->2 mode=NONE win=8 obs=46 | cap=wip act=(320,360) d=3.98 a=1 | sp=preview:active d=4.0 age=1 dtg=11.26 region=0_11
ep=1223 s=46 8294ms [sel=3 cap=8176 rest=115] sg=2->2 mode=NONE win=8 obs=47 | cap=wip act=(320,360) d=3.73 a=1 | sp=preview:active d=3.7 age=2 dtg=11.19 region=0_11
ep=1223 s=47 9724ms [sel=4 cap=9605 rest=115] sg=2->2 mode=NONE win=8 obs=48 | cap=wip act=(320,360) d=3.48 a=1 | sp=preview:active d=3.5 age=3 dtg=11.13 region=0_11
ep=1223 s=48 12069ms [sel=5 cap=11949 rest=115] sg=2->2 mode=NONE win=8 obs=49 | cap=wip act=(320,360) d=3.23 a=1 | sp=preview:active d=3.2 age=4 dtg=11.24 region=0_11
ep=1223 s=49 15415ms [sel=52 cap=14851 rest=476] sg=2->2 mode=NONE win=8 obs=50 | cap=wip act=(160,180) d=5.09 a=2 | preview=view1/6 yaw=-90 render=36ms | sp=preview:active d=5.1 age=0 dtg=11.24 region=0_11
ep=1223 s=50 7089ms [sel=32 cap=6941 rest=116] sg=2->2 mode=NONE win=8 obs=51 | cap=wip act=(320,360) d=5.09 a=2 | sp=preview:active d=5.1 age=1 dtg=11.24 region=0_11
ep=1223 s=51 9092ms [sel=43 cap=8933 rest=117] sg=2->2 mode=NONE win=8 obs=52 | cap=wip act=(320,360) d=5.09 a=2 | sp=preview:active d=5.1 age=2 dtg=11.24 region=0_11
ep=1223 s=52 14952ms [sel=49 cap=14789 rest=115] sg=2->3 mode=NONE win=8 obs=53 | cap=DONE act=(320,360) d=5.65 a=3 | sp=frontier:active d=5.6 age=0 dtg=11.24 region=0_11
ep=1223 s=53 10865ms [sel=8 cap=10740 rest=117] sg=3->3 mode=NONE win=8 obs=54 | cap=wip act=(320,360) d=5.65 a=1 | sp=frontier:active d=5.6 age=1 dtg=11.03 region=0_11
ep=1223 s=54 9842ms [sel=6 cap=9718 rest=118] sg=3->3 mode=NONE win=8 obs=55 | cap=wip act=(320,360) d=5.41 a=3 | sp=frontier:active d=5.4 age=2 dtg=11.03 region=0_11
ep=1223 s=55 11278ms [sel=6 cap=11155 rest=117] sg=3->3 mode=NONE win=8 obs=56 | cap=wip act=(320,360) d=5.41 a=1 | sp=frontier:active d=5.4 age=3 dtg=10.87 region=0_11
ep=1223 s=56 18161ms [sel=5 cap=18040 rest=117] sg=3->3 mode=GET_NOWHERE win=8 obs=57 | cap=wip/GET_NOWHERE act=(320,360) d=5.16 a=1 | sp=frontier:active d=5.2 age=4 dtg=10.73 region=0_11
ep=1223 s=57 14424ms [sel=3 cap=14304 rest=117] sg=3->3 mode=NONE win=8 obs=58 | cap=wip act=(320,360) d=4.91 a=1 | sp=frontier:active d=4.9 age=5 dtg=10.60 region=0_11
ep=1223 s=58 9824ms [sel=3 cap=9703 rest=118] sg=3->3 mode=NONE win=8 obs=59 | cap=wip act=(320,360) d=4.66 a=1 | sp=frontier:active d=4.7 age=6 dtg=10.49 region=0_11
ep=1223 s=59 14725ms [sel=3 cap=14604 rest=119] sg=3->3 mode=NONE win=8 obs=60 | cap=wip act=(320,360) d=4.41 a=1 | sp=frontier:active d=4.4 age=7 dtg=10.39 region=0_11
ep=1223 s=60 14651ms [sel=3 cap=14532 rest=116] sg=3->3 mode=NONE win=8 obs=61 | cap=wip act=(320,360) d=4.16 a=1 | sp=frontier:active d=4.2 age=8 dtg=10.32 region=0_11
ep=1223 s=61 13575ms [sel=29 cap=13039 rest=472] sg=3->3 mode=NONE win=8 obs=62 | cap=wip act=(160,180) d=5.15 a=1 | preview=view3/6 yaw=+0 render=36ms | sp=preview:active d=5.2 age=0 dtg=10.26 region=0_11
ep=1223 s=62 7260ms [sel=4 cap=7130 rest=126] sg=3->3 mode=NONE win=8 obs=63 | cap=wip act=(320,360) d=4.90 a=1 | sp=preview:active d=4.9 age=1 dtg=10.23 region=0_11
ep=1223 s=63 15094ms [sel=3 cap=14963 rest=127] sg=3->3 mode=NONE win=8 obs=64 | cap=wip act=(320,360) d=4.66 a=1 | sp=preview:active d=4.7 age=2 dtg=10.29 region=0_11
ep=1223 s=64 9236ms [sel=3 cap=8721 rest=475] sg=3->3 mode=NONE win=8 obs=65 | cap=wip act=(320,360) d=4.41 a=1 | preview=view-/6 yaw=+0 render=36ms | sp=preview:active d=4.4 age=3 dtg=10.30 region=0_11
ep=1223 s=65 10381ms [sel=3 cap=10264 rest=115] sg=3->3 mode=NONE win=8 obs=66 | cap=wip act=(320,360) d=4.16 a=1 | sp=preview:active d=4.2 age=4 dtg=10.35 region=0_11
ep=1223 s=66 10102ms [sel=3 cap=9982 rest=116] sg=3->3 mode=NONE win=8 obs=67 | cap=wip act=(320,360) d=3.92 a=1 | sp=preview:active d=3.9 age=5 dtg=10.41 region=0_11
ep=1223 s=67 15641ms [sel=3 cap=15114 rest=488] sg=3->3 mode=NONE win=8 obs=68 | cap=wip act=(320,360) d=3.67 a=1 | preview=view-/6 yaw=+0 render=37ms | sp=preview:active d=3.7 age=6 dtg=10.50 region=0_11
ep=1223 s=68 21129ms [sel=3 cap=21008 rest=118] sg=3->3 mode=NONE win=8 obs=69 | cap=wip act=(320,360) d=3.42 a=1 | sp=preview:active d=3.4 age=7 dtg=10.61 region=0_11
ep=1223 s=69 13485ms [sel=3 cap=13364 rest=118] sg=3->3 mode=NONE win=8 obs=70 | cap=wip act=(320,360) d=3.18 a=1 | sp=preview:active d=3.2 age=8 dtg=10.74 region=0_11
ep=1223 s=70 11283ms [sel=47 cap=10718 rest=482] sg=3->3 mode=NONE win=8 obs=71 | cap=wip act=(160,180) d=3.36 a=2 | preview=view0/6 yaw=-180 render=36ms | sp=preview:active d=3.4 age=0 dtg=10.74 region=0_11
ep=1223 s=71 13716ms [sel=25 cap=13573 rest=118] sg=3->3 mode=NONE win=8 obs=72 | cap=wip act=(320,360) d=3.36 a=2 | sp=preview:active d=3.4 age=1 dtg=10.74 region=0_11
ep=1223 s=72 14031ms [sel=50 cap=13866 rest=115] sg=3->4 mode=NONE win=8 obs=73 | cap=DONE act=(320,360) d=3.78 a=3 | sp=frontier:active d=3.8 age=0 dtg=10.74 region=0_11
ep=1223 s=73 13629ms [sel=3 cap=13509 rest=117] sg=4->4 mode=NONE win=8 obs=74 | cap=wip act=(320,360) d=3.78 a=3 | sp=frontier:active d=3.8 age=1 dtg=10.74 region=0_11
ep=1223 s=74 21856ms [sel=6 cap=21329 rest=480] sg=4->None mode=NONE win=8 obs=75 | cap=DONE act=(320,360) d=1.00 a=1 | preview=view-/6 yaw=+0 render=42ms | sp=frontier:active d=3.8 age=2 dtg=10.88 region=0_11
ep=1223 s=75 137ms [sel=7 cap=0 rest=130] sg=None->None mode=NONE win=8 obs=76 | cap=- act=(320,360) d=1.00 a=1 | sp=frontier:active d=3.5 age=3 dtg=11.04 region=0_11
ep=1223 s=76 147ms [sel=6 cap=0 rest=142] sg=None->None mode=NONE win=8 obs=77 | cap=- act=STOP | sp=frontier:active d=3.3 age=4 dtg=11.04 region=0_11
rank=3 [9/12] id=1223 steps=77 success=0.000 spl=0.000 dtg=11.04 osr=0 path_length=12.30 ndtw=0.267 sdtw=0.000
PluginManager::Manager: duplicate static plugin StbImageImporter, ignoring
PluginManager::Manager: duplicate static plugin GltfImporter, ignoring
PluginManager::Manager: duplicate static plugin BasisImporter, ignoring
PluginManager::Manager: duplicate static plugin AssimpImporter, ignoring
PluginManager::Manager: duplicate static plugin AnySceneImporter, ignoring
PluginManager::Manager: duplicate static plugin AnyImageImporter, ignoring
episode=1404 instruction='Out of the kitchen. Left. Wait at the bottom of the stairs.' start_position=[4.735290050506592, -2.1900038719177246, 2.9291999340057373] goal_position=[0.001144950045272708, -2.1900038719177246, -7.394699787255377e-05] reference_geodesic=5.89813232421875
episode=1404 prepared_subgoals=3
  [1] Exit the kitchen
      proof: The camera has crossed the kitchen threshold and the kitchen interior is no longer central in the view.
  [2] Turn left until the stairs is centered ahead, then walk down the stairs
      proof: The stairs are behind the camera and the landing at the bottom fills the view.
  [3] Wait at the bottom of the stairs
      proof: The camera is stationary beside the stairs, with the landing clearly visible and unobstructed
ep=1404 s=0 15829ms [sel=6 cap=15355 rest=432] sg=1->1 mode=NONE win=1 obs=1 | cap=wip act=PREVIEW a=2 | preview=view4/6 yaw=+90 render=37ms dtg=5.90 region=0_0
ep=1404 s=1 16914ms [sel=7927 cap=8868 rest=119] sg=1->1 mode=NONE win=2 obs=2 | cap=wip act=TURN request=-45deg execute=-15deg x1 a=2 | sp=frontier:active d=1.2 age=0 som=L/7 dtg=5.90 region=0_0
ep=1404 s=2 9890ms [sel=4 cap=9766 rest=121] sg=1->1 mode=NONE win=3 obs=3 | cap=wip act=(320,360) d=1.18 a=2 | sp=frontier:active d=1.2 age=1 dtg=5.90 region=0_0
ep=1404 s=3 5387ms [sel=3 cap=5257 rest=128] sg=1->1 mode=GET_NOWHERE win=4 obs=4 | cap=wip/GET_NOWHERE act=(320,360) d=1.18 a=2 | sp=frontier:active d=1.2 age=2 dtg=5.90 region=0_0
ep=1404 s=4 6704ms [sel=3 cap=6580 rest=121] sg=1->1 mode=NONE win=5 obs=5 | cap=wip act=(320,360) d=1.18 a=1 | sp=frontier:active d=1.2 age=3 dtg=5.83 region=0_0
ep=1404 s=5 10843ms [sel=0 cap=10716 rest=127] sg=1->2 mode=NONE win=6 obs=6 | cap=DONE act=TURN request=-45deg execute=-15deg x1 a=2 | sp=frontier:active d=0.9 age=4 dtg=5.83 region=0_0
ep=1404 s=6 9021ms [sel=0 cap=8891 rest=129] sg=2->2 mode=NONE win=7 obs=7 | cap=wip act=TURN request=-45deg execute=-15deg x1 a=2 dtg=5.83 region=0_0
ep=1404 s=7 11136ms [sel=0 cap=11011 rest=125] sg=2->2 mode=GET_NOWHERE win=8 obs=8 | cap=wip/GET_NOWHERE act=TURN request=-45deg execute=-15deg x1 a=2 dtg=5.83 region=0_0
ep=1404 s=8 7949ms [sel=0 cap=7818 rest=132] sg=2->2 mode=NONE win=8 obs=9 | cap=wip act=TURN request=-45deg execute=-15deg x1 a=2 dtg=5.83 region=0_0
ep=1404 s=9 11710ms [sel=0 cap=11585 rest=125] sg=2->2 mode=NONE win=8 obs=10 | cap=wip act=TURN request=-45deg execute=-15deg x1 a=2 dtg=5.83 region=0_0
ep=1404 s=10 12057ms [sel=47 cap=11539 rest=435] sg=2->2 mode=NONE win=8 obs=11 | cap=wip act=(320,360) d=1.74 a=3 | preview=view-/6 yaw=+0 render=36ms | sp=frontier:active d=1.7 age=0 dtg=5.83 region=0_0
ep=1404 s=11 7583ms [sel=8 cap=7449 rest=126] sg=2->2 mode=NONE win=8 obs=12 | cap=wip act=(320,360) d=1.74 a=3 | sp=frontier:active d=1.7 age=1 dtg=5.83 region=0_0
ep=1404 s=12 7419ms [sel=5 cap=7291 rest=124] sg=2->2 mode=NONE win=8 obs=13 | cap=wip act=(320,360) d=1.74 a=3 | sp=frontier:active d=1.7 age=2 dtg=5.83 region=0_0
ep=1404 s=13 8160ms [sel=3 cap=8034 rest=123] sg=2->2 mode=GET_NOWHERE win=8 obs=14 | cap=wip/GET_NOWHERE act=(320,360) d=1.74 a=1 | sp=frontier:active d=1.7 age=3 dtg=5.91 region=0_0
ep=1404 s=14 7414ms [sel=3 cap=7290 rest=121] sg=2->2 mode=NONE win=8 obs=15 | cap=wip act=(320,360) d=1.53 a=1 | sp=frontier:active d=1.5 age=4 dtg=6.03 region=0_0
ep=1404 s=15 6895ms [sel=3 cap=6768 rest=124] sg=2->2 mode=NONE win=8 obs=16 | cap=wip act=(320,360) d=1.32 a=3 | sp=frontier:active d=1.3 age=5 dtg=6.03 region=0_0
ep=1404 s=16 9975ms [sel=3 cap=9845 rest=126] sg=2->2 mode=NONE win=8 obs=17 | cap=wip act=(320,360) d=1.32 a=1 | sp=frontier:active d=1.3 age=6 dtg=6.16 region=0_0
ep=1404 s=17 11770ms [sel=3 cap=11302 rest=429] sg=2->2 mode=NONE win=8 obs=18 | cap=wip act=(320,360) d=1.10 a=3 | preview=view-/6 yaw=+0 render=36ms | sp=frontier:active d=1.1 age=7 dtg=6.16 region=0_0
ep=1404 s=18 5878ms [sel=3 cap=5748 rest=127] sg=2->2 mode=NONE win=8 obs=19 | cap=wip act=(320,360) d=1.10 a=1 | sp=frontier:active d=1.1 age=8 dtg=6.31 region=0_0
ep=1404 s=19 9017ms [sel=3 cap=8884 rest=130] sg=2->2 mode=NONE win=8 obs=20 | cap=wip act=(320,360) d=0.86 a=1 | sp=frontier:active d=0.9 age=9 dtg=6.50 region=0_0
ep=1404 s=20 11418ms [sel=46 cap=10884 rest=448] sg=2->2 mode=NONE win=8 obs=21 | cap=wip act=(160,180) d=3.31 a=3 | preview=view3/6 yaw=+30 render=40ms | sp=preview:active d=3.3 age=0 dtg=6.50 region=0_0
ep=1404 s=21 14788ms [sel=31 cap=14627 rest=129] sg=2->2 mode=NONE win=8 obs=22 | cap=wip act=(320,360) d=3.31 a=3 | sp=preview:active d=3.3 age=1 dtg=6.50 region=0_0
ep=1404 s=22 7279ms [sel=33 cap=7116 rest=129] sg=2->2 mode=NONE win=8 obs=23 | cap=wip act=(320,360) d=3.31 a=3 | sp=preview:active d=3.3 age=2 dtg=6.50 region=0_0
ep=1404 s=23 9662ms [sel=29 cap=9509 rest=124] sg=2->2 mode=NONE win=8 obs=24 | cap=wip act=(320,360) d=3.31 a=3 | sp=preview:active d=3.3 age=3 dtg=6.50 region=0_0
ep=1404 s=24 8636ms [sel=26 cap=8488 rest=122] sg=2->2 mode=NONE win=8 obs=25 | cap=wip act=(320,360) d=3.31 a=3 | sp=preview:active d=3.3 age=4 dtg=6.50 region=0_0
ep=1404 s=25 14928ms [sel=21 cap=14788 rest=119] sg=2->2 mode=NONE win=8 obs=26 | cap=wip act=(320,360) d=3.31 a=3 | sp=preview:active d=3.3 age=5 dtg=6.50 region=0_0
ep=1404 s=26 10681ms [sel=17 cap=10543 rest=122] sg=2->2 mode=NONE win=8 obs=27 | cap=wip act=(320,360) d=3.31 a=3 | sp=preview:active d=3.3 age=6 dtg=6.50 region=0_0
ep=1404 s=27 13308ms [sel=18 cap=13166 rest=124] sg=2->2 mode=NONE win=8 obs=28 | cap=wip act=(320,360) d=3.31 a=3 | sp=preview:active d=3.3 age=7 dtg=6.50 region=0_0
ep=1404 s=28 9385ms [sel=10 cap=9250 rest=125] sg=2->2 mode=NONE win=8 obs=29 | cap=wip act=(320,360) d=3.31 a=3 | sp=preview:active d=3.3 age=8 dtg=6.50 region=0_0
ep=1404 s=29 6545ms [sel=10 cap=6414 rest=121] sg=2->2 mode=NONE win=8 obs=30 | cap=wip act=(320,360) d=3.31 a=3 | sp=preview:active d=3.3 age=9 dtg=6.50 region=0_0
ep=1404 s=30 8852ms [sel=15 cap=8720 rest=118] sg=2->2 mode=NONE win=8 obs=31 | cap=wip act=(320,360) d=3.31 a=3 | sp=preview:active d=3.3 age=10 dtg=6.50 region=0_0
ep=1404 s=31 12282ms [sel=18 cap=12140 rest=124] sg=2->2 mode=NONE win=8 obs=32 | cap=wip act=(320,360) d=3.31 a=1 | sp=preview:active d=3.3 age=11 dtg=6.27 region=0_0
ep=1404 s=32 7034ms [sel=19 cap=6861 rest=154] sg=2->2 mode=NONE win=8 obs=33 | cap=wip act=(320,360) d=3.40 a=1 | sp=preview:active d=3.4 age=12 dtg=6.06 region=0_0
ep=1404 s=33 10323ms [sel=20 cap=10148 rest=155] sg=2->2 mode=NONE win=8 obs=34 | cap=wip act=(320,360) d=3.50 a=1 | sp=preview:active d=3.5 age=13 dtg=5.91 region=0_0
ep=1404 s=34 11396ms [sel=21 cap=11253 rest=122] sg=2->2 mode=NONE win=8 obs=35 | cap=wip act=(320,360) d=3.61 a=2 | sp=preview:active d=3.6 age=14 dtg=5.91 region=0_0
ep=1404 s=35 8952ms [sel=20 cap=8459 rest=437] sg=2->2 mode=NONE win=8 obs=36 | cap=wip act=(320,360) d=3.61 a=1 | preview=view-/6 yaw=+0 render=37ms | sp=preview:active d=3.6 age=15 dtg=5.78 region=0_0
ep=1404 s=36 8760ms [sel=21 cap=8620 rest=119] sg=2->2 mode=NONE win=8 obs=37 | cap=wip act=(320,360) d=3.68 a=2 | sp=preview:active d=3.7 age=16 dtg=5.78 region=0_0
ep=1404 s=37 10095ms [sel=18 cap=9945 rest=132] sg=2->2 mode=NONE win=8 obs=38 | cap=wip act=(320,360) d=3.68 a=2 | sp=preview:active d=3.7 age=17 dtg=5.78 region=0_0
ep=1404 s=38 8809ms [sel=14 cap=8673 rest=123] sg=2->2 mode=NONE win=8 obs=39 | cap=wip act=(320,360) d=3.68 a=1 | sp=preview:active d=3.7 age=18 dtg=5.59 region=0_0
ep=1404 s=39 9743ms [sel=17 cap=9605 rest=121] sg=2->2 mode=NONE win=8 obs=40 | cap=wip act=(320,360) d=3.64 a=2 | sp=preview:active d=3.6 age=19 dtg=5.59 region=0_0
ep=1404 s=40 22916ms [sel=14120 cap=8658 rest=138] sg=2->2 mode=NONE win=8 obs=41 | cap=wip act=(320,360) d=3.37 a=1 | sp=som:active d=3.4 age=0 som=3/6 dtg=5.37 region=0_0
ep=1404 s=41 9063ms [sel=3 cap=8537 rest=488] sg=2->2 mode=NONE win=8 obs=42 | cap=wip act=(320,360) d=3.13 a=1 | preview=view-/6 yaw=+0 render=36ms | sp=som:active d=3.1 age=1 dtg=5.16 region=0_0
ep=1404 s=42 11081ms [sel=10 cap=10912 rest=159] sg=2->2 mode=NONE win=8 obs=43 | cap=wip act=(320,360) d=2.89 a=2 | sp=som:active d=2.9 age=2 dtg=5.16 region=0_0
ep=1404 s=43 6205ms [sel=3 cap=6076 rest=125] sg=2->2 mode=NONE win=8 obs=44 | cap=wip act=(320,360) d=2.89 a=2 | sp=som:active d=2.9 age=3 dtg=5.16 region=0_0
ep=1404 s=44 7741ms [sel=3 cap=7246 rest=456] sg=2->2 mode=NONE win=8 obs=45 | cap=wip act=(320,360) d=2.89 a=1 | preview=view-/6 yaw=+0 render=35ms | sp=som:active d=2.9 age=4 dtg=4.91 region=0_0
ep=1404 s=45 8325ms [sel=3 cap=8199 rest=122] sg=2->2 mode=GET_NOWHERE win=8 obs=46 | cap=wip/GET_NOWHERE act=(320,360) d=2.64 a=1 | sp=som:active d=2.6 age=5 dtg=4.66 region=0_0
ep=1404 s=46 5562ms [sel=3 cap=5440 rest=118] sg=2->2 mode=WALL_STUCK win=8 obs=47 | cap=wip/WALL_STUCK act=(320,360) d=2.40 a=2 | sp=som:active d=2.4 age=6 dtg=4.66 region=0_0
ep=1404 s=47 7416ms [sel=3 cap=7299 rest=113] sg=2->2 mode=NONE win=8 obs=48 | cap=wip act=(320,360) d=2.40 a=1 | sp=som:active d=2.4 age=7 dtg=4.41 region=0_0
ep=1404 s=48 10613ms [sel=3 cap=10493 rest=117] sg=2->2 mode=NONE win=8 obs=49 | cap=wip act=(320,360) d=2.20 a=1 | sp=som:active d=2.2 age=8 dtg=4.17 region=0_0
ep=1404 s=49 11320ms [sel=3 cap=11198 rest=118] sg=2->2 mode=NONE win=8 obs=50 | cap=wip act=(320,360) d=2.00 a=1 | sp=som:active d=2.0 age=9 dtg=3.93 region=0_0
ep=1404 s=50 12836ms [sel=6 cap=12705 rest=125] sg=2->2 mode=NONE win=8 obs=51 | cap=wip act=(320,360) d=1.81 a=1 | sp=som:active d=1.8 age=10 dtg=3.71 region=0_0
ep=1404 s=51 10324ms [sel=7 cap=10192 rest=124] sg=2->2 mode=NONE win=8 obs=52 | cap=wip act=(320,360) d=1.64 a=1 | sp=som:active d=1.6 age=11 dtg=3.51 region=0_0
ep=1404 s=52 7306ms [sel=9 cap=7174 rest=123] sg=2->2 mode=NONE win=8 obs=53 | cap=wip act=(320,360) d=1.49 a=3 | sp=som:active d=1.5 age=12 dtg=3.51 region=0_0
ep=1404 s=53 10285ms [sel=6 cap=10157 rest=122] sg=2->2 mode=NONE win=8 obs=54 | cap=wip act=(320,360) d=1.49 a=1 | sp=som:active d=1.5 age=13 dtg=3.33 region=0_0
ep=1404 s=54 4917ms [sel=8 cap=4783 rest=127] sg=2->2 mode=NONE win=8 obs=55 | cap=wip act=(320,360) d=1.32 a=3 | sp=som:active d=1.3 age=14 dtg=3.33 region=0_0
ep=1404 s=55 7431ms [sel=3 cap=7301 rest=126] sg=2->2 mode=NONE win=8 obs=56 | cap=wip act=(320,360) d=1.32 a=3 | sp=som:active d=1.3 age=15 dtg=3.33 region=0_0
ep=1404 s=56 9160ms [sel=3 cap=9035 rest=121] sg=2->2 mode=NONE win=8 obs=57 | cap=wip act=(320,360) d=1.32 a=1 | sp=som:active d=1.3 age=16 dtg=3.09 region=0_0
ep=1404 s=57 7573ms [sel=12 cap=7440 rest=121] sg=2->2 mode=NONE win=8 obs=58 | cap=wip act=(320,360) d=1.09 a=3 | sp=som:active d=1.1 age=17 dtg=3.09 region=0_0
ep=1404 s=58 9839ms [sel=10 cap=9701 rest=128] sg=2->2 mode=NONE win=8 obs=59 | cap=wip act=(320,360) d=1.09 a=1 | sp=som:active d=1.1 age=18 dtg=2.84 region=0_0
ep=1404 s=59 6967ms [sel=10 cap=6442 rest=480] sg=2->2 mode=NONE win=8 obs=60 | cap=wip act=(320,360) d=0.85 a=1 | preview=view-/6 yaw=+0 render=35ms | sp=som:active d=0.8 age=19 dtg=2.59 region=0_0
ep=1404 s=60 7701ms [sel=10 cap=7567 rest=125] sg=2->2 mode=NONE win=8 obs=61 | cap=wip act=(320,360) d=0.61 a=3 | sp=som:active d=0.6 age=20 dtg=2.59 region=0_0
ep=1404 s=61 6893ms [sel=10 cap=6764 rest=119] sg=2->2 mode=NONE win=8 obs=62 | cap=wip act=(320,360) d=0.61 a=1 | sp=som:active d=0.6 age=21 dtg=2.34 region=0_0
ep=1404 s=62 20620ms [sel=13822 cap=6664 rest=134] sg=2->2 mode=NONE win=8 obs=63 | cap=wip act=(320,360) d=2.72 a=2 | sp=som:active d=2.7 age=0 som=3/7 dtg=2.34 region=0_0
ep=1404 s=63 8581ms [sel=32 cap=8422 rest=127] sg=2->2 mode=NONE win=8 obs=64 | cap=wip act=(320,360) d=2.72 a=1 | sp=som:active d=2.7 age=1 dtg=2.09 region=None
ep=1404 s=64 11123ms [sel=15 cap=10975 rest=133] sg=2->2 mode=NONE win=8 obs=65 | cap=wip act=(320,360) d=2.47 a=3 | sp=som:active d=2.5 age=2 dtg=2.09 region=None
ep=1404 s=65 20089ms [sel=12667 cap=7280 rest=143] sg=2->2 mode=NONE win=8 obs=66 | cap=wip act=(320,360) d=3.38 a=2 | sp=som:active d=3.4 age=0 som=3/7 dtg=2.09 region=None
ep=1404 s=66 7006ms [sel=30 cap=6846 rest=130] sg=2->2 mode=NONE win=8 obs=67 | cap=wip act=(320,360) d=3.38 a=1 | sp=som:active d=3.4 age=1 dtg=1.84 region=0_5
ep=1404 s=67 8019ms [sel=29 cap=7860 rest=131] sg=2->2 mode=NONE win=8 obs=68 | cap=wip act=(320,360) d=3.13 a=1 | sp=som:active d=3.1 age=2 dtg=1.60 region=0_5
ep=1404 s=68 8210ms [sel=31 cap=8053 rest=126] sg=2->2 mode=NONE win=8 obs=69 | cap=wip act=(320,360) d=2.88 a=1 | sp=som:active d=2.9 age=3 dtg=1.36 region=0_5
ep=1404 s=69 11274ms [sel=45 cap=11105 rest=124] sg=2->3 mode=NONE win=8 obs=70 | cap=DONE act=(320,360) d=3.07 a=1 | sp=frontier:active d=3.1 age=0 dtg=1.12 region=0_5
ep=1404 s=70 5095ms [sel=14 cap=4961 rest=119] sg=3->3 mode=NONE win=8 obs=71 | cap=wip act=(320,360) d=2.82 a=2 | sp=frontier:active d=2.8 age=1 dtg=1.12 region=0_5
ep=1404 s=71 12440ms [sel=5 cap=11873 rest=501] sg=3->None mode=NONE win=8 obs=72 | cap=DONE act=(320,360) d=1.00 a=1 | preview=view-/6 yaw=+0 render=61ms | sp=frontier:active d=2.8 age=2 door_evts=1 dtg=0.88 region=0_5
ep=1404 s=72 141ms [sel=6 cap=0 rest=136] sg=None->None mode=NONE win=8 obs=73 | cap=- act=(320,360) d=1.00 a=1 | sp=frontier:active d=2.6 age=3 door_evts=1 dtg=0.64 region=0_5
ep=1404 s=73 138ms [sel=5 cap=0 rest=133] sg=None->None mode=NONE win=8 obs=74 | cap=- act=(320,360) d=1.00 a=1 | sp=frontier:active d=2.3 age=4 door_evts=1 dtg=0.41 region=0_5
ep=1404 s=74 131ms [sel=0 cap=0 rest=131] sg=None->None mode=NONE win=8 obs=75 | cap=- act=STOP | sp=frontier:active d=2.1 age=5 door_evts=1 dtg=0.41 region=0_5
rank=3 [10/12] id=1404 steps=75 success=1.000 spl=0.715 dtg=0.41 osr=1 path_length=8.25 ndtw=0.851 sdtw=0.851
PluginManager::Manager: duplicate static plugin StbImageImporter, ignoring
PluginManager::Manager: duplicate static plugin GltfImporter, ignoring
PluginManager::Manager: duplicate static plugin BasisImporter, ignoring
PluginManager::Manager: duplicate static plugin AssimpImporter, ignoring
PluginManager::Manager: duplicate static plugin AnySceneImporter, ignoring
PluginManager::Manager: duplicate static plugin AnyImageImporter, ignoring
episode=1494 instruction='Bed behind you. Straight along the red carpet. Into the room with the tile floor. Halt a few steps in, nearer the middle.' start_position=[1.9752399921417236, 0.27396267652511597, -11.19379997253418] goal_position=[1.9395999908447266, 0.00952601432800293, -3.063570022583008] reference_geodesic=8.134607315063477
episode=1494 prepared_subgoals=3
  [1] Walk straight along the red carpet
      proof: The red carpet ends and the doorway to the next room is directly ahead, within a step.
  [2] Enter the room with the tile floor
      proof: The camera has crossed the threshold and the tile floor fills the central view.
  [3] Halt a few steps in, nearer the middle
      proof: The camera is stopped beside the tile floor, centered in the room, with no further movement
ep=1494 s=0 12378ms [sel=28 cap=11796 rest=516] sg=1->1 mode=NONE win=1 obs=1 | cap=wip act=(160,180) d=4.34 a=3 | preview=view3/6 yaw=+45 render=39ms | sp=preview:active d=4.3 age=0 dtg=8.13 region=0_0
ep=1494 s=1 5968ms [sel=4 cap=5846 rest=118] sg=1->1 mode=NONE win=2 obs=2 | cap=wip act=(320,360) d=4.34 a=3 | sp=preview:active d=4.3 age=1 dtg=8.13 region=0_0
ep=1494 s=2 4781ms [sel=3 cap=4657 rest=120] sg=1->1 mode=NONE win=3 obs=3 | cap=wip act=(320,360) d=4.34 a=1 | sp=preview:active d=4.3 age=2 dtg=8.35 region=0_0
ep=1494 s=3 7604ms [sel=3 cap=7479 rest=122] sg=1->1 mode=NONE win=4 obs=4 | cap=wip act=(320,360) d=4.09 a=3 | sp=preview:active d=4.1 age=3 dtg=8.35 region=0_0
ep=1494 s=4 7262ms [sel=3 cap=7138 rest=121] sg=1->1 mode=NONE win=5 obs=5 | cap=wip act=(320,360) d=4.09 a=1 | sp=preview:active d=4.1 age=4 dtg=8.54 region=0_0
ep=1494 s=5 8847ms [sel=3 cap=8722 rest=122] sg=1->1 mode=NONE win=6 obs=6 | cap=wip act=(320,360) d=3.86 a=1 | sp=preview:active d=3.9 age=5 dtg=8.72 region=0_0
ep=1494 s=6 7777ms [sel=3 cap=7654 rest=119] sg=1->1 mode=NONE win=7 obs=7 | cap=wip act=(320,360) d=3.64 a=1 | sp=preview:active d=3.6 age=6 dtg=8.92 region=0_0
ep=1494 s=7 34171ms [sel=25602 cap=8448 rest=121] sg=1->2 mode=NONE win=8 obs=8 | cap=DONE act=(320,360) d=3.00 a=3 | sp=som:active d=3.0 age=0 som=5/8 dtg=8.92 region=0_0
ep=1494 s=8 7665ms [sel=3 cap=7539 rest=122] sg=2->2 mode=NONE win=8 obs=9 | cap=wip act=(320,360) d=3.00 a=1 | sp=som:active d=3.0 age=1 dtg=9.10 region=0_0
ep=1494 s=9 6575ms [sel=4 cap=6449 rest=122] sg=2->2 mode=NONE win=8 obs=10 | cap=wip act=(320,360) d=2.76 a=1 | sp=som:active d=2.8 age=2 dtg=9.29 region=0_0
ep=1494 s=10 7127ms [sel=3 cap=7002 rest=122] sg=2->2 mode=NONE win=8 obs=11 | cap=wip act=(320,360) d=2.51 a=3 | sp=som:active d=2.5 age=3 dtg=9.29 region=0_0
ep=1494 s=11 6014ms [sel=3 cap=5888 rest=123] sg=2->2 mode=NONE win=8 obs=12 | cap=wip act=(320,360) d=2.51 a=1 | sp=som:active d=2.5 age=4 dtg=9.46 region=0_0
ep=1494 s=12 25529ms [sel=18882 cap=6523 rest=125] sg=2->3 mode=NONE win=8 obs=13 | cap=DONE act=(320,360) d=1.41 a=3 | sp=som:active d=1.4 age=0 som=5/8 dtg=9.46 region=0_0
ep=1494 s=13 8024ms [sel=15 cap=7882 rest=127] sg=3->3 mode=NONE win=8 obs=14 | cap=wip act=(320,360) d=1.41 a=3 | sp=som:active d=1.4 age=1 dtg=9.46 region=0_0
ep=1494 s=14 23484ms [sel=5 cap=22924 rest=517] sg=3->None mode=NONE win=8 obs=15 | cap=DONE act=(320,360) d=1.00 a=1 | preview=view-/6 yaw=+0 render=38ms | sp=som:active d=1.4 age=2 dtg=9.55 region=0_0
ep=1494 s=15 128ms [sel=5 cap=0 rest=124] sg=None->None mode=NONE win=8 obs=16 | cap=- act=STOP | sp=som:active d=1.2 age=3 dtg=9.55 region=0_0
rank=3 [11/12] id=1494 steps=16 success=0.000 spl=0.000 dtg=9.55 osr=0 path_length=2.12 ndtw=0.257 sdtw=0.000
PluginManager::Manager: duplicate static plugin StbImageImporter, ignoring
PluginManager::Manager: duplicate static plugin GltfImporter, ignoring
PluginManager::Manager: duplicate static plugin BasisImporter, ignoring
PluginManager::Manager: duplicate static plugin AssimpImporter, ignoring
PluginManager::Manager: duplicate static plugin AnySceneImporter, ignoring
PluginManager::Manager: duplicate static plugin AnyImageImporter, ignoring
episode=1584 instruction='Left around the wooden barrier. Halt at the wooden barrier on the opposite corner.' start_position=[5.600629806518555, 0.07521799951791763, -2.1788699626922607] goal_position=[3.6215600967407227, 0.07521799951791763, 2.1024200916290283] reference_geodesic=7.765632152557373
episode=1584 prepared_subgoals=2
  [1] Walk left around the wooden barrier
      proof: The wooden barrier is directly behind the camera and the opposite corner is ahead.
  [2] Halt at the wooden barrier on the opposite corner
      proof: The camera is stopped beside the wooden barrier on the opposite corner, centered in view
ep=1584 s=0 15025ms [sel=30 cap=14470 rest=488] sg=1->1 mode=NONE win=1 obs=1 | cap=wip act=(160,180) d=4.24 a=3 | preview=view0/6 yaw=-90 render=36ms | sp=preview:active d=4.2 age=0 dtg=7.77 region=0_1
ep=1584 s=1 4239ms [sel=7 cap=4094 rest=138] sg=1->1 mode=NONE win=2 obs=2 | cap=wip act=(320,360) d=4.24 a=3 | sp=preview:active d=4.2 age=1 dtg=7.77 region=0_1
ep=1584 s=2 8346ms [sel=6 cap=8199 rest=140] sg=1->1 mode=NONE win=3 obs=3 | cap=wip act=(320,360) d=4.24 a=3 | sp=preview:active d=4.2 age=2 dtg=7.77 region=0_1
ep=1584 s=3 6343ms [sel=6 cap=6200 rest=137] sg=1->1 mode=NONE win=4 obs=4 | cap=wip act=(320,360) d=4.24 a=3 | sp=preview:active d=4.2 age=3 dtg=7.77 region=0_1
ep=1584 s=4 7003ms [sel=12 cap=6856 rest=135] sg=1->1 mode=NONE win=5 obs=5 | cap=wip act=(320,360) d=4.24 a=2 | sp=preview:active d=4.2 age=4 dtg=7.77 region=0_1
ep=1584 s=5 3692ms [sel=13 cap=3541 rest=137] sg=1->1 mode=NONE win=6 obs=6 | cap=wip act=(320,360) d=4.24 a=2 | sp=preview:active d=4.2 age=5 dtg=7.77 region=0_1
ep=1584 s=6 10793ms [sel=13 cap=10639 rest=140] sg=1->1 mode=NONE win=7 obs=7 | cap=wip act=(320,360) d=4.24 a=2 | sp=preview:active d=4.2 age=6 dtg=7.77 region=0_1
ep=1584 s=7 8873ms [sel=13 cap=8721 rest=139] sg=1->1 mode=NONE win=8 obs=8 | cap=wip act=(320,360) d=4.24 a=2 | sp=preview:active d=4.2 age=7 dtg=7.77 region=0_1
ep=1584 s=8 5900ms [sel=13 cap=5745 rest=142] sg=1->1 mode=GET_NOWHERE win=8 obs=9 | cap=wip/GET_NOWHERE act=(320,360) d=4.24 a=2 | sp=preview:active d=4.2 age=8 dtg=7.77 region=0_1
ep=1584 s=9 6816ms [sel=12 cap=6668 rest=136] sg=1->1 mode=NONE win=8 obs=10 | cap=wip act=(320,360) d=4.24 a=2 | sp=preview:active d=4.2 age=9 dtg=7.77 region=0_1
ep=1584 s=10 6942ms [sel=13 cap=6793 rest=136] sg=1->1 mode=NONE win=8 obs=11 | cap=wip act=(320,360) d=4.24 a=2 | sp=preview:active d=4.2 age=10 dtg=7.77 region=0_1
ep=1584 s=11 9796ms [sel=12 cap=9649 rest=135] sg=1->1 mode=NONE win=8 obs=12 | cap=wip act=(320,360) d=4.24 a=2 | sp=preview:active d=4.2 age=11 dtg=7.77 region=0_1
ep=1584 s=12 9239ms [sel=38 cap=8675 rest=491] sg=1->1 mode=NONE win=8 obs=13 | cap=wip act=(160,180) d=4.24 a=3 | preview=view2/6 yaw=-30 render=34ms | sp=preview:active d=4.2 age=0 dtg=7.77 region=0_1
ep=1584 s=13 9695ms [sel=18 cap=9541 rest=136] sg=1->1 mode=NONE win=8 obs=14 | cap=wip act=(320,360) d=4.24 a=3 | sp=preview:active d=4.2 age=1 dtg=7.77 region=0_1
ep=1584 s=14 6604ms [sel=16 cap=6451 rest=136] sg=1->1 mode=NONE win=8 obs=15 | cap=wip act=(320,360) d=4.24 a=3 | sp=preview:active d=4.2 age=2 dtg=7.77 region=0_1
ep=1584 s=15 10467ms [sel=16 cap=10309 rest=141] sg=1->1 mode=NONE win=8 obs=16 | cap=wip act=(320,360) d=4.24 a=3 | sp=preview:active d=4.2 age=3 dtg=7.77 region=0_1
ep=1584 s=16 4937ms [sel=16 cap=4785 rest=136] sg=1->1 mode=NONE win=8 obs=17 | cap=wip act=(320,360) d=4.24 a=3 | sp=preview:active d=4.2 age=4 dtg=7.77 region=0_1
ep=1584 s=17 6383ms [sel=16 cap=6229 rest=139] sg=1->1 mode=NONE win=8 obs=18 | cap=wip act=(320,360) d=4.24 a=3 | sp=preview:active d=4.2 age=5 dtg=7.77 region=0_1
ep=1584 s=18 7508ms [sel=17 cap=7354 rest=138] sg=1->1 mode=NONE win=8 obs=19 | cap=wip act=(320,360) d=4.24 a=3 | sp=preview:active d=4.2 age=6 dtg=7.77 region=0_1
ep=1584 s=19 5921ms [sel=16 cap=5766 rest=139] sg=1->1 mode=NONE win=8 obs=20 | cap=wip act=(320,360) d=4.24 a=3 | sp=preview:active d=4.2 age=7 dtg=7.77 region=0_1
ep=1584 s=20 6643ms [sel=17 cap=6491 rest=135] sg=1->1 mode=NONE win=8 obs=21 | cap=wip act=(320,360) d=4.24 a=3 | sp=preview:active d=4.2 age=8 dtg=7.77 region=0_1
ep=1584 s=21 5668ms [sel=14 cap=5523 rest=132] sg=1->1 mode=NONE win=8 obs=22 | cap=wip act=(320,360) d=4.24 a=3 | sp=preview:active d=4.2 age=9 dtg=7.77 region=0_1
ep=1584 s=22 7280ms [sel=14 cap=7137 rest=129] sg=1->1 mode=NONE win=8 obs=23 | cap=wip act=(320,360) d=4.24 a=1 | sp=preview:active d=4.2 age=10 dtg=7.60 region=0_1
ep=1584 s=23 8272ms [sel=14 cap=8126 rest=132] sg=1->1 mode=NONE win=8 obs=24 | cap=wip act=(320,360) d=4.45 a=1 | sp=preview:active d=4.5 age=11 dtg=7.36 region=0_1
ep=1584 s=24 9794ms [sel=15 cap=9647 rest=133] sg=1->1 mode=NONE win=8 obs=25 | cap=wip act=(320,360) d=4.67 a=1 | sp=preview:active d=4.7 age=12 dtg=7.13 region=0_1
ep=1584 s=25 9445ms [sel=14 cap=9299 rest=132] sg=1->1 mode=NONE win=8 obs=26 | cap=wip act=(320,360) d=4.90 a=1 | sp=preview:active d=4.9 age=13 dtg=6.93 region=0_1
ep=1584 s=26 9122ms [sel=16 cap=8973 rest=133] sg=1->1 mode=NONE win=8 obs=27 | cap=wip act=(320,360) d=5.12 a=3 | sp=preview:active d=5.1 age=14 dtg=6.93 region=0_1
ep=1584 s=27 7451ms [sel=14 cap=7307 rest=130] sg=1->1 mode=NONE win=8 obs=28 | cap=wip act=(320,360) d=5.12 a=3 | sp=preview:active d=5.1 age=15 dtg=6.93 region=0_1
ep=1584 s=28 8068ms [sel=42 cap=7897 rest=129] sg=1->1 mode=NONE win=8 obs=29 | cap=wip act=(320,360) d=5.12 a=1 | sp=preview:active d=5.1 age=16 dtg=6.69 region=0_1
ep=1584 s=29 7552ms [sel=45 cap=7373 rest=133] sg=1->1 mode=NONE win=8 obs=30 | cap=wip act=(320,360) d=5.27 a=3 | sp=preview:active d=5.3 age=17 dtg=6.69 region=0_1
ep=1584 s=30 6797ms [sel=38 cap=6626 rest=134] sg=1->1 mode=NONE win=8 obs=31 | cap=wip act=(320,360) d=5.27 a=1 | sp=preview:active d=5.3 age=18 dtg=6.48 region=0_1
ep=1584 s=31 6538ms [sel=40 cap=6364 rest=134] sg=1->1 mode=NONE win=8 obs=32 | cap=wip act=(320,360) d=5.37 a=3 | sp=preview:active d=5.4 age=19 dtg=6.48 region=0_1
ep=1584 s=32 19543ms [sel=12228 cap=7186 rest=130] sg=1->1 mode=NONE win=8 obs=33 | cap=wip act=(320,359) d=2.29 a=1 | sp=straight_ahead:reached d=0.4 age=0 som=1/6 dtg=6.29 region=0_1
ep=1584 s=33 12417ms [sel=34 cap=12251 rest=132] sg=1->1 mode=NONE win=8 obs=34 | cap=wip act=(320,360) d=1.60 a=3 | sp=frontier:active d=1.6 age=0 dtg=6.29 region=0_1
ep=1584 s=34 7952ms [sel=6 cap=7818 rest=129] sg=1->1 mode=NONE win=8 obs=35 | cap=wip act=(320,360) d=1.60 a=1 | sp=frontier:active d=1.6 age=1 dtg=6.07 region=0_1
ep=1584 s=35 10550ms [sel=3 cap=10419 rest=129] sg=1->1 mode=NONE win=8 obs=36 | cap=wip act=(320,360) d=1.39 a=1 | sp=frontier:active d=1.4 age=2 dtg=5.86 region=0_1
ep=1584 s=36 7628ms [sel=5 cap=7493 rest=130] sg=1->1 mode=NONE win=8 obs=37 | cap=wip act=(320,360) d=1.19 a=1 | sp=frontier:active d=1.2 age=3 dtg=5.65 region=0_1
ep=1584 s=37 13726ms [sel=37 cap=13561 rest=128] sg=1->2 mode=NONE win=8 obs=38 | cap=DONE act=(320,360) d=3.22 a=1 | sp=frontier:active d=3.2 age=0 dtg=5.44 region=0_1
ep=1584 s=38 7531ms [sel=3 cap=7400 rest=128] sg=2->2 mode=NONE win=8 obs=39 | cap=wip act=(320,360) d=2.98 a=3 | sp=frontier:active d=3.0 age=1 dtg=5.44 region=0_1
ep=1584 s=39 11560ms [sel=3 cap=10998 rest=525] sg=2->2 mode=NONE win=8 obs=40 | cap=wip act=(320,360) d=2.98 a=3 | preview=view-/6 yaw=+0 render=34ms | sp=frontier:active d=3.0 age=2 dtg=5.44 region=0_1
ep=1584 s=40 5012ms [sel=3 cap=4880 rest=129] sg=2->2 mode=NONE win=8 obs=41 | cap=wip act=(320,360) d=2.98 a=1 | sp=frontier:active d=3.0 age=3 dtg=5.19 region=0_1
ep=1584 s=41 5084ms [sel=3 cap=4950 rest=130] sg=2->2 mode=NONE win=8 obs=42 | cap=wip act=(320,360) d=2.74 a=1 | sp=frontier:active d=2.7 age=4 dtg=4.95 region=0_1
ep=1584 s=42 16351ms [sel=3 cap=15767 rest=547] sg=2->2 mode=NONE win=8 obs=43 | cap=wip act=(320,360) d=2.49 a=1 | preview=view-/6 yaw=+0 render=34ms | sp=frontier:active d=2.5 age=5 dtg=4.70 region=0_1
ep=1584 s=43 10305ms [sel=3 cap=10171 rest=131] sg=2->2 mode=NONE win=8 obs=44 | cap=wip act=(320,360) d=2.25 a=1 | sp=frontier:active d=2.2 age=6 dtg=4.46 region=0_1
ep=1584 s=44 8824ms [sel=3 cap=8692 rest=129] sg=2->2 mode=NONE win=8 obs=45 | cap=wip act=(320,360) d=2.00 a=1 | sp=frontier:active d=2.0 age=7 dtg=4.21 region=0_1
ep=1584 s=45 12920ms [sel=4 cap=12375 rest=507] sg=2->2 mode=NONE win=8 obs=46 | cap=wip act=(320,360) d=1.76 a=1 | preview=view-/6 yaw=+0 render=35ms | sp=frontier:active d=1.8 age=8 dtg=3.97 region=0_1
ep=1584 s=46 12166ms [sel=3 cap=12033 rest=130] sg=2->2 mode=NONE win=8 obs=47 | cap=wip act=(320,360) d=1.52 a=2 | sp=frontier:active d=1.5 age=9 dtg=3.97 region=0_1
ep=1584 s=47 10079ms [sel=3 cap=9950 rest=126] sg=2->2 mode=NONE win=8 obs=48 | cap=wip act=(320,360) d=1.52 a=1 | sp=frontier:active d=1.5 age=10 dtg=3.77 region=0_1
ep=1584 s=48 16123ms [sel=5 cap=15602 rest=481] sg=2->None mode=NONE win=8 obs=49 | cap=DONE act=(320,360) d=1.00 a=1 | preview=view-/6 yaw=+0 render=35ms | sp=frontier:active d=1.3 age=11 dtg=3.59 region=0_1
ep=1584 s=49 135ms [sel=4 cap=0 rest=131] sg=None->None mode=NONE win=8 obs=50 | cap=- act=(320,360) d=1.00 a=1 | sp=frontier:stale d=1.0 age=12 dtg=3.46 region=0_1
ep=1584 s=50 135ms [sel=4 cap=0 rest=131] sg=None->None mode=NONE win=8 obs=51 | cap=- act=(320,360) d=1.00 a=1 | sp=frontier:stale d=1.0 age=13 dtg=3.39 region=0_1
ep=1584 s=51 125ms [sel=0 cap=0 rest=125] sg=None->None mode=NONE win=8 obs=52 | cap=- act=STOP | sp=frontier:stale d=1.0 age=14 dtg=3.39 region=0_1
rank=3 [12/12] id=1584 steps=52 success=0.000 spl=0.000 dtg=3.39 osr=0 path_length=5.28 ndtw=0.329 sdtw=0.000
rank_summary={"count": 12, "rank": 3, "totals": {"distance_to_goal": 91.47312453389168, "ndtw": 5.3166346877729085, "oracle_success": 4.0, "path_length": 146.39620021149688, "sdtw": 1.5225315954967922, "spl": 1.2830263307102356, "steps": 1232.0, "success": 2.0}}
